method,reference_scene_id,master_sequence_id,order_id,horizon,deployment_id_switches,identity_transition_opportunities,normalized_id_switch_rate,fragmentation_count,fragmentation_opportunities,fragmentation_rate,merge_count,merge_opportunities,merge_rate,gap_opportunities,recovery_attempts,correct_recoveries,gap_recovery_accuracy,gap_recovery_recall,association_event_count,new_birth_count,false_birth_count,birth_rejected_count,tracker_input,identity_matching,cache_digest
B2,10b17940-3938-2467-8a7a-958300ba83d3,scene0069_00-scene0069_02-scene0069_04-scene0069_03-scene0069_01,canonical,2,0,4,0.0,0,4,0.0,0,4,0.0,0,0,0,,,25,11,1,0,frozen_query_observation_no_gt,post_prediction_hungarian_iou_0.5,741def744dbed7e1a6250e68b04bc0adc6208d17e03b2a778e25a32fb136005f
B3,10b17940-3938-2467-8a7a-958300ba83d3,scene0069_00-scene0069_02-scene0069_04-scene0069_03-scene0069_01,canonical,2,0,4,0.0,0,4,0.0,0,4,0.0,0,0,0,,,25,11,1,0,frozen_query_observation_no_gt,post_prediction_hungarian_iou_0.5,741def744dbed7e1a6250e68b04bc0adc6208d17e03b2a778e25a32fb136005f
B4,10b17940-3938-2467-8a7a-958300ba83d3,scene0069_00-scene0069_02-scene0069_04-scene0069_03-scene0069_01,canonical,2,0,4,0.0,0,4,0.0,0,4,0.0,0,0,0,,,25,12,1,0,frozen_query_observation_no_gt,post_prediction_hungarian_iou_0.5,741def744dbed7e1a6250e68b04bc0adc6208d17e03b2a778e25a32fb136005f
B2,10b17940-3938-2467-8a7a-958300ba83d3,scene0069_00-scene0069_02-scene0069_04-scene0069_03-scene0069_01,canonical,3,0,9,0.0,1,11,0.09090909090909091,0,10,0.0,2,2,1,0.5,0.5,36,12,2,0,frozen_query_observation_no_gt,post_prediction_hungarian_iou_0.5,741def744dbed7e1a6250e68b04bc0adc6208d17e03b2a778e25a32fb136005f
B3,10b17940-3938-2467-8a7a-958300ba83d3,scene0069_00-scene0069_02-scene0069_04-scene0069_03-scene0069_01,canonical,3,0,9,0.0,1,11,0.09090909090909091,0,10,0.0,2,2,1,0.5,0.5,36,12,2,0,frozen_query_observation_no_gt,post_prediction_hungarian_iou_0.5,741def744dbed7e1a6250e68b04bc0adc6208d17e03b2a778e25a32fb136005f
B4,10b17940-3938-2467-8a7a-958300ba83d3,scene0069_00-scene0069_02-scene0069_04-scene0069_03-scene0069_01,canonical,3,0,9,0.0,0,11,0.0,0,11,0.0,2,2,2,1.0,1.0,36,12,1,0,frozen_query_observation_no_gt,post_prediction_hungarian_iou_0.5,741def744dbed7e1a6250e68b04bc0adc6208d17e03b2a778e25a32fb136005f
B2,10b17940-3938-2467-8a7a-958300ba83d3,scene0069_00-scene0069_02-scene0069_04-scene0069_03-scene0069_01,canonical,4,0,12,0.0,1,14,0.07142857142857142,0,13,0.0,2,2,1,0.5,0.5,44,13,2,0,frozen_query_observation_no_gt,post_prediction_hungarian_iou_0.5,741def744dbed7e1a6250e68b04bc0adc6208d17e03b2a778e25a32fb136005f
B3,10b17940-3938-2467-8a7a-958300ba83d3,scene0069_00-scene0069_02-scene0069_04-scene0069_03-scene0069_01,canonical,4,0,12,0.0,1,14,0.07142857142857142,0,13,0.0,2,2,1,0.5,0.5,44,13,2,0,frozen_query_observation_no_gt,post_prediction_hungarian_iou_0.5,741def744dbed7e1a6250e68b04bc0adc6208d17e03b2a778e25a32fb136005f
B4,10b17940-3938-2467-8a7a-958300ba83d3,scene0069_00-scene0069_02-scene0069_04-scene0069_03-scene0069_01,canonical,4,0,12,0.0,0,14,0.0,0,14,0.0,2,2,2,1.0,1.0,44,12,1,0,frozen_query_observation_no_gt,post_prediction_hungarian_iou_0.5,741def744dbed7e1a6250e68b04bc0adc6208d17e03b2a778e25a32fb136005f
B2,10b17940-3938-2467-8a7a-958300ba83d3,scene0069_00-scene0069_02-scene0069_04-scene0069_03-scene0069_01,canonical,5,0,15,0.0,5,21,0.23809523809523808,0,16,0.0,6,5,1,0.2,0.16666666666666666,56,19,8,0,frozen_query_observation_no_gt,post_prediction_hungarian_iou_0.5,741def744dbed7e1a6250e68b04bc0adc6208d17e03b2a778e25a32fb136005f
B3,10b17940-3938-2467-8a7a-958300ba83d3,scene0069_00-scene0069_02-scene0069_04-scene0069_03-scene0069_01,canonical,5,0,15,0.0,5,21,0.23809523809523808,0,16,0.0,6,5,1,0.2,0.16666666666666666,56,19,8,0,frozen_query_observation_no_gt,post_prediction_hungarian_iou_0.5,741def744dbed7e1a6250e68b04bc0adc6208d17e03b2a778e25a32fb136005f
B4,10b17940-3938-2467-8a7a-958300ba83d3,scene0069_00-scene0069_02-scene0069_04-scene0069_03-scene0069_01,canonical,5,0,15,0.0,0,21,0.0,0,21,0.0,6,5,5,1.0,0.8333333333333334,56,14,3,0,frozen_query_observation_no_gt,post_prediction_hungarian_iou_0.5,741def744dbed7e1a6250e68b04bc0adc6208d17e03b2a778e25a32fb136005f
B2,10b17940-3938-2467-8a7a-958300ba83d3,scene0069_00-scene0069_02-scene0069_04-scene0069_03-scene0069_01,reverse,2,0,2,0.0,0,2,0.0,1,3,0.3333333333333333,0,0,0,,,21,11,3,0,frozen_query_observation_no_gt,post_prediction_hungarian_iou_0.5,ce6852330395c3c0e4caaa666d8b9c0d87ceecb73ed838c1619f61200e16d24b
B3,10b17940-3938-2467-8a7a-958300ba83d3,scene0069_00-scene0069_02-scene0069_04-scene0069_03-scene0069_01,reverse,2,0,2,0.0,0,2,0.0,1,3,0.3333333333333333,0,0,0,,,21,11,3,0,frozen_query_observation_no_gt,post_prediction_hungarian_iou_0.5,ce6852330395c3c0e4caaa666d8b9c0d87ceecb73ed838c1619f61200e16d24b
B4,10b17940-3938-2467-8a7a-958300ba83d3,scene0069_00-scene0069_02-scene0069_04-scene0069_03-scene0069_01,reverse,2,0,2,0.0,0,2,0.0,1,3,0.3333333333333333,0,0,0,,,21,11,3,0,frozen_query_observation_no_gt,post_prediction_hungarian_iou_0.5,ce6852330395c3c0e4caaa666d8b9c0d87ceecb73ed838c1619f61200e16d24b
B2,10b17940-3938-2467-8a7a-958300ba83d3,scene0069_00-scene0069_02-scene0069_04-scene0069_03-scene0069_01,reverse,3,0,5,0.0,1,7,0.14285714285714285,1,7,0.14285714285714285,3,2,1,0.5,0.3333333333333333,34,15,4,0,frozen_query_observation_no_gt,post_prediction_hungarian_iou_0.5,ce6852330395c3c0e4caaa666d8b9c0d87ceecb73ed838c1619f61200e16d24b
B3,10b17940-3938-2467-8a7a-958300ba83d3,scene0069_00-scene0069_02-scene0069_04-scene0069_03-scene0069_01,reverse,3,0,5,0.0,2,7,0.2857142857142857,1,6,0.16666666666666666,3,2,0,0.0,0.0,34,14,4,0,frozen_query_observation_no_gt,post_prediction_hungarian_iou_0.5,ce6852330395c3c0e4caaa666d8b9c0d87ceecb73ed838c1619f61200e16d24b
B4,10b17940-3938-2467-8a7a-958300ba83d3,scene0069_00-scene0069_02-scene0069_04-scene0069_03-scene0069_01,reverse,3,0,5,0.0,0,7,0.0,1,8,0.125,3,2,2,1.0,0.6666666666666666,34,13,3,0,frozen_query_observation_no_gt,post_prediction_hungarian_iou_0.5,ce6852330395c3c0e4caaa666d8b9c0d87ceecb73ed838c1619f61200e16d24b
B2,10b17940-3938-2467-8a7a-958300ba83d3,scene0069_00-scene0069_02-scene0069_04-scene0069_03-scene0069_01,reverse,4,0,10,0.0,1,13,0.07692307692307693,1,13,0.07692307692307693,4,3,2,0.6666666666666666,0.5,44,15,4,0,frozen_query_observation_no_gt,post_prediction_hungarian_iou_0.5,ce6852330395c3c0e4caaa666d8b9c0d87ceecb73ed838c1619f61200e16d24b
B3,10b17940-3938-2467-8a7a-958300ba83d3,scene0069_00-scene0069_02-scene0069_04-scene0069_03-scene0069_01,reverse,4,1,10,0.1,2,13,0.15384615384615385,1,12,0.08333333333333333,4,3,1,0.3333333333333333,0.25,44,14,4,0,frozen_query_observation_no_gt,post_prediction_hungarian_iou_0.5,ce6852330395c3c0e4caaa666d8b9c0d87ceecb73ed838c1619f61200e16d24b
B4,10b17940-3938-2467-8a7a-958300ba83d3,scene0069_00-scene0069_02-scene0069_04-scene0069_03-scene0069_01,reverse,4,0,10,0.0,0,13,0.0,1,14,0.07142857142857142,4,3,3,1.0,0.75,44,13,3,0,frozen_query_observation_no_gt,post_prediction_hungarian_iou_0.5,ce6852330395c3c0e4caaa666d8b9c0d87ceecb73ed838c1619f61200e16d24b
B2,10b17940-3938-2467-8a7a-958300ba83d3,scene0069_00-scene0069_02-scene0069_04-scene0069_03-scene0069_01,reverse,5,0,15,0.0,4,21,0.19047619047619047,1,18,0.05555555555555555,6,5,2,0.4,0.3333333333333333,57,18,7,0,frozen_query_observation_no_gt,post_prediction_hungarian_iou_0.5,ce6852330395c3c0e4caaa666d8b9c0d87ceecb73ed838c1619f61200e16d24b
B3,10b17940-3938-2467-8a7a-958300ba83d3,scene0069_00-scene0069_02-scene0069_04-scene0069_03-scene0069_01,reverse,5,2,15,0.13333333333333333,6,21,0.2857142857142857,2,17,0.11764705882352941,6,5,1,0.2,0.16666666666666666,57,17,7,0,frozen_query_observation_no_gt,post_prediction_hungarian_iou_0.5,ce6852330395c3c0e4caaa666d8b9c0d87ceecb73ed838c1619f61200e16d24b
B4,10b17940-3938-2467-8a7a-958300ba83d3,scene0069_00-scene0069_02-scene0069_04-scene0069_03-scene0069_01,reverse,5,0,15,0.0,0,21,0.0,1,22,0.045454545454545456,6,5,5,1.0,0.8333333333333334,57,13,3,0,frozen_query_observation_no_gt,post_prediction_hungarian_iou_0.5,ce6852330395c3c0e4caaa666d8b9c0d87ceecb73ed838c1619f61200e16d24b
B2,10b17940-3938-2467-8a7a-958300ba83d3,scene0069_00-scene0069_02-scene0069_04-scene0069_03-scene0069_01,sha256_seed45,2,0,5,0.0,0,5,0.0,0,5,0.0,0,0,0,,,23,12,3,0,frozen_query_observation_no_gt,post_prediction_hungarian_iou_0.5,c91ff7909b071242da05a73c93196f8bb6773833f1f64c0156b1e8e85bbfc336
B3,10b17940-3938-2467-8a7a-958300ba83d3,scene0069_00-scene0069_02-scene0069_04-scene0069_03-scene0069_01,sha256_seed45,2,0,5,0.0,0,5,0.0,0,5,0.0,0,0,0,,,23,12,3,0,frozen_query_observation_no_gt,post_prediction_hungarian_iou_0.5,c91ff7909b071242da05a73c93196f8bb6773833f1f64c0156b1e8e85bbfc336
B4,10b17940-3938-2467-8a7a-958300ba83d3,scene0069_00-scene0069_02-scene0069_04-scene0069_03-scene0069_01,sha256_seed45,2,0,5,0.0,0,5,0.0,0,5,0.0,0,0,0,,,23,13,3,0,frozen_query_observation_no_gt,post_prediction_hungarian_iou_0.5,c91ff7909b071242da05a73c93196f8bb6773833f1f64c0156b1e8e85bbfc336
B2,10b17940-3938-2467-8a7a-958300ba83d3,scene0069_00-scene0069_02-scene0069_04-scene0069_03-scene0069_01,sha256_seed45,3,0,8,0.0,0,8,0.0,0,8,0.0,0,0,0,,,31,13,3,0,frozen_query_observation_no_gt,post_prediction_hungarian_iou_0.5,c91ff7909b071242da05a73c93196f8bb6773833f1f64c0156b1e8e85bbfc336
B3,10b17940-3938-2467-8a7a-958300ba83d3,scene0069_00-scene0069_02-scene0069_04-scene0069_03-scene0069_01,sha256_seed45,3,0,8,0.0,0,8,0.0,0,8,0.0,0,0,0,,,31,13,3,0,frozen_query_observation_no_gt,post_prediction_hungarian_iou_0.5,c91ff7909b071242da05a73c93196f8bb6773833f1f64c0156b1e8e85bbfc336
B4,10b17940-3938-2467-8a7a-958300ba83d3,scene0069_00-scene0069_02-scene0069_04-scene0069_03-scene0069_01,sha256_seed45,3,0,8,0.0,0,8,0.0,1,9,0.1111111111111111,0,0,0,,,31,13,3,0,frozen_query_observation_no_gt,post_prediction_hungarian_iou_0.5,c91ff7909b071242da05a73c93196f8bb6773833f1f64c0156b1e8e85bbfc336
B2,10b17940-3938-2467-8a7a-958300ba83d3,scene0069_00-scene0069_02-scene0069_04-scene0069_03-scene0069_01,sha256_seed45,4,0,11,0.0,5,16,0.3125,0,11,0.0,5,5,0,0.0,0.0,45,18,8,0,frozen_query_observation_no_gt,post_prediction_hungarian_iou_0.5,c91ff7909b071242da05a73c93196f8bb6773833f1f64c0156b1e8e85bbfc336
B3,10b17940-3938-2467-8a7a-958300ba83d3,scene0069_00-scene0069_02-scene0069_04-scene0069_03-scene0069_01,sha256_seed45,4,0,11,0.0,4,16,0.25,0,12,0.0,5,5,1,0.2,0.2,45,18,7,0,frozen_query_observation_no_gt,post_prediction_hungarian_iou_0.5,c91ff7909b071242da05a73c93196f8bb6773833f1f64c0156b1e8e85bbfc336
B4,10b17940-3938-2467-8a7a-958300ba83d3,scene0069_00-scene0069_02-scene0069_04-scene0069_03-scene0069_01,sha256_seed45,4,0,11,0.0,1,16,0.0625,1,16,0.0625,5,5,4,0.8,0.8,45,14,4,0,frozen_query_observation_no_gt,post_prediction_hungarian_iou_0.5,c91ff7909b071242da05a73c93196f8bb6773833f1f64c0156b1e8e85bbfc336
B2,10b17940-3938-2467-8a7a-958300ba83d3,scene0069_00-scene0069_02-scene0069_04-scene0069_03-scene0069_01,sha256_seed45,5,0,16,0.0,6,22,0.2727272727272727,1,17,0.058823529411764705,6,5,0,0.0,0.0,57,18,8,0,frozen_query_observation_no_gt,post_prediction_hungarian_iou_0.5,c91ff7909b071242da05a73c93196f8bb6773833f1f64c0156b1e8e85bbfc336
B3,10b17940-3938-2467-8a7a-958300ba83d3,scene0069_00-scene0069_02-scene0069_04-scene0069_03-scene0069_01,sha256_seed45,5,0,16,0.0,5,22,0.22727272727272727,0,17,0.0,6,5,1,0.2,0.16666666666666666,57,18,7,0,frozen_query_observation_no_gt,post_prediction_hungarian_iou_0.5,c91ff7909b071242da05a73c93196f8bb6773833f1f64c0156b1e8e85bbfc336
B4,10b17940-3938-2467-8a7a-958300ba83d3,scene0069_00-scene0069_02-scene0069_04-scene0069_03-scene0069_01,sha256_seed45,5,0,16,0.0,2,22,0.09090909090909091,1,21,0.047619047619047616,6,5,4,0.8,0.6666666666666666,57,14,4,0,frozen_query_observation_no_gt,post_prediction_hungarian_iou_0.5,c91ff7909b071242da05a73c93196f8bb6773833f1f64c0156b1e8e85bbfc336
B2,10b17940-3938-2467-8a7a-958300ba83d3,scene0069_01-scene0069_06-scene0069_09-scene0069_05-scene0069_08,canonical,2,0,4,0.0,0,4,0.0,0,4,0.0,0,0,0,,,20,11,3,0,frozen_query_observation_no_gt,post_prediction_hungarian_iou_0.5,b11724e056d8bcf7ea4bb184e5c62fd53b010181dc83e2d9d52783aee0522358
B3,10b17940-3938-2467-8a7a-958300ba83d3,scene0069_01-scene0069_06-scene0069_09-scene0069_05-scene0069_08,canonical,2,0,4,0.0,0,4,0.0,0,4,0.0,0,0,0,,,20,11,3,0,frozen_query_observation_no_gt,post_prediction_hungarian_iou_0.5,b11724e056d8bcf7ea4bb184e5c62fd53b010181dc83e2d9d52783aee0522358
B4,10b17940-3938-2467-8a7a-958300ba83d3,scene0069_01-scene0069_06-scene0069_09-scene0069_05-scene0069_08,canonical,2,0,4,0.0,0,4,0.0,0,4,0.0,0,0,0,,,20,11,3,0,frozen_query_observation_no_gt,post_prediction_hungarian_iou_0.5,b11724e056d8bcf7ea4bb184e5c62fd53b010181dc83e2d9d52783aee0522358
B2,10b17940-3938-2467-8a7a-958300ba83d3,scene0069_01-scene0069_06-scene0069_09-scene0069_05-scene0069_08,canonical,3,0,8,0.0,0,8,0.0,0,8,0.0,1,0,0,,0.0,29,11,3,0,frozen_query_observation_no_gt,post_prediction_hungarian_iou_0.5,b11724e056d8bcf7ea4bb184e5c62fd53b010181dc83e2d9d52783aee0522358
B3,10b17940-3938-2467-8a7a-958300ba83d3,scene0069_01-scene0069_06-scene0069_09-scene0069_05-scene0069_08,canonical,3,0,8,0.0,0,8,0.0,0,8,0.0,1,0,0,,0.0,29,11,3,0,frozen_query_observation_no_gt,post_prediction_hungarian_iou_0.5,b11724e056d8bcf7ea4bb184e5c62fd53b010181dc83e2d9d52783aee0522358
B4,10b17940-3938-2467-8a7a-958300ba83d3,scene0069_01-scene0069_06-scene0069_09-scene0069_05-scene0069_08,canonical,3,0,8,0.0,0,8,0.0,0,8,0.0,1,0,0,,0.0,29,11,3,0,frozen_query_observation_no_gt,post_prediction_hungarian_iou_0.5,b11724e056d8bcf7ea4bb184e5c62fd53b010181dc83e2d9d52783aee0522358
B2,10b17940-3938-2467-8a7a-958300ba83d3,scene0069_01-scene0069_06-scene0069_09-scene0069_05-scene0069_08,canonical,4,0,11,0.0,0,11,0.0,0,11,0.0,3,0,0,,0.0,39,13,3,0,frozen_query_observation_no_gt,post_prediction_hungarian_iou_0.5,b11724e056d8bcf7ea4bb184e5c62fd53b010181dc83e2d9d52783aee0522358
B3,10b17940-3938-2467-8a7a-958300ba83d3,scene0069_01-scene0069_06-scene0069_09-scene0069_05-scene0069_08,canonical,4,0,11,0.0,0,11,0.0,0,11,0.0,3,0,0,,0.0,39,12,3,0,frozen_query_observation_no_gt,post_prediction_hungarian_iou_0.5,b11724e056d8bcf7ea4bb184e5c62fd53b010181dc83e2d9d52783aee0522358
B4,10b17940-3938-2467-8a7a-958300ba83d3,scene0069_01-scene0069_06-scene0069_09-scene0069_05-scene0069_08,canonical,4,0,11,0.0,0,11,0.0,0,11,0.0,3,0,0,,0.0,39,12,3,0,frozen_query_observation_no_gt,post_prediction_hungarian_iou_0.5,b11724e056d8bcf7ea4bb184e5c62fd53b010181dc83e2d9d52783aee0522358
B2,10b17940-3938-2467-8a7a-958300ba83d3,scene0069_01-scene0069_06-scene0069_09-scene0069_05-scene0069_08,canonical,5,1,14,0.07142857142857142,1,14,0.07142857142857142,0,13,0.0,5,0,0,,0.0,51,17,6,0,frozen_query_observation_no_gt,post_prediction_hungarian_iou_0.5,b11724e056d8bcf7ea4bb184e5c62fd53b010181dc83e2d9d52783aee0522358
B3,10b17940-3938-2467-8a7a-958300ba83d3,scene0069_01-scene0069_06-scene0069_09-scene0069_05-scene0069_08,canonical,5,1,14,0.07142857142857142,1,14,0.07142857142857142,0,13,0.0,5,0,0,,0.0,51,16,6,0,frozen_query_observation_no_gt,post_prediction_hungarian_iou_0.5,b11724e056d8bcf7ea4bb184e5c62fd53b010181dc83e2d9d52783aee0522358
B4,10b17940-3938-2467-8a7a-958300ba83d3,scene0069_01-scene0069_06-scene0069_09-scene0069_05-scene0069_08,canonical,5,1,14,0.07142857142857142,1,14,0.07142857142857142,0,13,0.0,5,0,0,,0.0,51,13,4,0,frozen_query_observation_no_gt,post_prediction_hungarian_iou_0.5,b11724e056d8bcf7ea4bb184e5c62fd53b010181dc83e2d9d52783aee0522358
B2,10b17940-3938-2467-8a7a-958300ba83d3,scene0069_01-scene0069_06-scene0069_09-scene0069_05-scene0069_08,reverse,2,0,3,0.0,0,3,0.0,0,3,0.0,0,0,0,,,20,9,3,0,frozen_query_observation_no_gt,post_prediction_hungarian_iou_0.5,471cc97e93867391e61a84f3f3ea4d30cd2b28cfde27cc3af84d155f711716dd
B3,10b17940-3938-2467-8a7a-958300ba83d3,scene0069_01-scene0069_06-scene0069_09-scene0069_05-scene0069_08,reverse,2,0,3,0.0,0,3,0.0,0,3,0.0,0,0,0,,,20,9,3,0,frozen_query_observation_no_gt,post_prediction_hungarian_iou_0.5,471cc97e93867391e61a84f3f3ea4d30cd2b28cfde27cc3af84d155f711716dd
B4,10b17940-3938-2467-8a7a-958300ba83d3,scene0069_01-scene0069_06-scene0069_09-scene0069_05-scene0069_08,reverse,2,0,3,0.0,0,3,0.0,0,3,0.0,0,0,0,,,20,9,3,0,frozen_query_observation_no_gt,post_prediction_hungarian_iou_0.5,471cc97e93867391e61a84f3f3ea4d30cd2b28cfde27cc3af84d155f711716dd
B2,10b17940-3938-2467-8a7a-958300ba83d3,scene0069_01-scene0069_06-scene0069_09-scene0069_05-scene0069_08,reverse,3,0,5,0.0,1,6,0.16666666666666666,0,5,0.0,1,0,0,,0.0,29,10,3,0,frozen_query_observation_no_gt,post_prediction_hungarian_iou_0.5,471cc97e93867391e61a84f3f3ea4d30cd2b28cfde27cc3af84d155f711716dd
B3,10b17940-3938-2467-8a7a-958300ba83d3,scene0069_01-scene0069_06-scene0069_09-scene0069_05-scene0069_08,reverse,3,0,5,0.0,1,6,0.16666666666666666,0,5,0.0,1,0,0,,0.0,29,10,3,0,frozen_query_observation_no_gt,post_prediction_hungarian_iou_0.5,471cc97e93867391e61a84f3f3ea4d30cd2b28cfde27cc3af84d155f711716dd
B4,10b17940-3938-2467-8a7a-958300ba83d3,scene0069_01-scene0069_06-scene0069_09-scene0069_05-scene0069_08,reverse,3,0,5,0.0,0,6,0.0,0,6,0.0,1,0,0,,0.0,29,9,3,0,frozen_query_observation_no_gt,post_prediction_hungarian_iou_0.5,471cc97e93867391e61a84f3f3ea4d30cd2b28cfde27cc3af84d155f711716dd
B2,10b17940-3938-2467-8a7a-958300ba83d3,scene0069_01-scene0069_06-scene0069_09-scene0069_05-scene0069_08,reverse,4,1,8,0.125,2,10,0.2,0,8,0.0,3,0,0,,0.0,38,11,4,0,frozen_query_observation_no_gt,post_prediction_hungarian_iou_0.5,471cc97e93867391e61a84f3f3ea4d30cd2b28cfde27cc3af84d155f711716dd
B3,10b17940-3938-2467-8a7a-958300ba83d3,scene0069_01-scene0069_06-scene0069_09-scene0069_05-scene0069_08,reverse,4,1,8,0.125,2,10,0.2,0,8,0.0,3,0,0,,0.0,38,11,4,0,frozen_query_observation_no_gt,post_prediction_hungarian_iou_0.5,471cc97e93867391e61a84f3f3ea4d30cd2b28cfde27cc3af84d155f711716dd
B4,10b17940-3938-2467-8a7a-958300ba83d3,scene0069_01-scene0069_06-scene0069_09-scene0069_05-scene0069_08,reverse,4,0,8,0.0,0,10,0.0,0,10,0.0,3,0,0,,0.0,38,10,4,0,frozen_query_observation_no_gt,post_prediction_hungarian_iou_0.5,471cc97e93867391e61a84f3f3ea4d30cd2b28cfde27cc3af84d155f711716dd
B2,10b17940-3938-2467-8a7a-958300ba83d3,scene0069_01-scene0069_06-scene0069_09-scene0069_05-scene0069_08,reverse,5,1,11,0.09090909090909091,3,14,0.21428571428571427,0,11,0.0,5,1,0,0.0,0.0,49,16,7,0,frozen_query_observation_no_gt,post_prediction_hungarian_iou_0.5,471cc97e93867391e61a84f3f3ea4d30cd2b28cfde27cc3af84d155f711716dd
B3,10b17940-3938-2467-8a7a-958300ba83d3,scene0069_01-scene0069_06-scene0069_09-scene0069_05-scene0069_08,reverse,5,1,11,0.09090909090909091,3,14,0.21428571428571427,0,11,0.0,5,1,0,0.0,0.0,49,16,7,0,frozen_query_observation_no_gt,post_prediction_hungarian_iou_0.5,471cc97e93867391e61a84f3f3ea4d30cd2b28cfde27cc3af84d155f711716dd
B4,10b17940-3938-2467-8a7a-958300ba83d3,scene0069_01-scene0069_06-scene0069_09-scene0069_05-scene0069_08,reverse,5,0,11,0.0,0,14,0.0,0,14,0.0,5,1,1,1.0,0.2,49,12,6,0,frozen_query_observation_no_gt,post_prediction_hungarian_iou_0.5,471cc97e93867391e61a84f3f3ea4d30cd2b28cfde27cc3af84d155f711716dd
B2,10b17940-3938-2467-8a7a-958300ba83d3,scene0069_01-scene0069_06-scene0069_09-scene0069_05-scene0069_08,sha256_seed45,2,0,3,0.0,0,3,0.0,0,3,0.0,0,0,0,,,22,11,3,0,frozen_query_observation_no_gt,post_prediction_hungarian_iou_0.5,b3da19bc7ac9aa8451c40e0030221dcc287194a46fca1bb7fe4ccf1d1849c3a3
B3,10b17940-3938-2467-8a7a-958300ba83d3,scene0069_01-scene0069_06-scene0069_09-scene0069_05-scene0069_08,sha256_seed45,2,0,3,0.0,0,3,0.0,0,3,0.0,0,0,0,,,22,11,3,0,frozen_query_observation_no_gt,post_prediction_hungarian_iou_0.5,b3da19bc7ac9aa8451c40e0030221dcc287194a46fca1bb7fe4ccf1d1849c3a3
B4,10b17940-3938-2467-8a7a-958300ba83d3,scene0069_01-scene0069_06-scene0069_09-scene0069_05-scene0069_08,sha256_seed45,2,0,3,0.0,0,3,0.0,0,3,0.0,0,0,0,,,22,11,3,0,frozen_query_observation_no_gt,post_prediction_hungarian_iou_0.5,b3da19bc7ac9aa8451c40e0030221dcc287194a46fca1bb7fe4ccf1d1849c3a3
B2,10b17940-3938-2467-8a7a-958300ba83d3,scene0069_01-scene0069_06-scene0069_09-scene0069_05-scene0069_08,sha256_seed45,3,2,6,0.3333333333333333,2,7,0.2857142857142857,0,5,0.0,0,0,0,,,35,14,5,0,frozen_query_observation_no_gt,post_prediction_hungarian_iou_0.5,b3da19bc7ac9aa8451c40e0030221dcc287194a46fca1bb7fe4ccf1d1849c3a3
B3,10b17940-3938-2467-8a7a-958300ba83d3,scene0069_01-scene0069_06-scene0069_09-scene0069_05-scene0069_08,sha256_seed45,3,2,6,0.3333333333333333,2,7,0.2857142857142857,0,5,0.0,0,0,0,,,35,14,5,0,frozen_query_observation_no_gt,post_prediction_hungarian_iou_0.5,b3da19bc7ac9aa8451c40e0030221dcc287194a46fca1bb7fe4ccf1d1849c3a3
B4,10b17940-3938-2467-8a7a-958300ba83d3,scene0069_01-scene0069_06-scene0069_09-scene0069_05-scene0069_08,sha256_seed45,3,1,6,0.16666666666666666,1,7,0.14285714285714285,0,6,0.0,0,0,0,,,35,13,3,0,frozen_query_observation_no_gt,post_prediction_hungarian_iou_0.5,b3da19bc7ac9aa8451c40e0030221dcc287194a46fca1bb7fe4ccf1d1849c3a3
B2,10b17940-3938-2467-8a7a-958300ba83d3,scene0069_01-scene0069_06-scene0069_09-scene0069_05-scene0069_08,sha256_seed45,4,3,8,0.375,2,10,0.2,0,8,0.0,2,0,0,,0.0,45,16,5,0,frozen_query_observation_no_gt,post_prediction_hungarian_iou_0.5,b3da19bc7ac9aa8451c40e0030221dcc287194a46fca1bb7fe4ccf1d1849c3a3
B3,10b17940-3938-2467-8a7a-958300ba83d3,scene0069_01-scene0069_06-scene0069_09-scene0069_05-scene0069_08,sha256_seed45,4,3,8,0.375,2,10,0.2,0,8,0.0,2,0,0,,0.0,45,16,5,0,frozen_query_observation_no_gt,post_prediction_hungarian_iou_0.5,b3da19bc7ac9aa8451c40e0030221dcc287194a46fca1bb7fe4ccf1d1849c3a3
B4,10b17940-3938-2467-8a7a-958300ba83d3,scene0069_01-scene0069_06-scene0069_09-scene0069_05-scene0069_08,sha256_seed45,4,2,8,0.25,1,10,0.1,0,9,0.0,2,0,0,,0.0,45,14,3,0,frozen_query_observation_no_gt,post_prediction_hungarian_iou_0.5,b3da19bc7ac9aa8451c40e0030221dcc287194a46fca1bb7fe4ccf1d1849c3a3
B2,10b17940-3938-2467-8a7a-958300ba83d3,scene0069_01-scene0069_06-scene0069_09-scene0069_05-scene0069_08,sha256_seed45,5,3,11,0.2727272727272727,4,15,0.26666666666666666,0,11,0.0,3,1,0,0.0,0.0,54,17,6,0,frozen_query_observation_no_gt,post_prediction_hungarian_iou_0.5,b3da19bc7ac9aa8451c40e0030221dcc287194a46fca1bb7fe4ccf1d1849c3a3
B3,10b17940-3938-2467-8a7a-958300ba83d3,scene0069_01-scene0069_06-scene0069_09-scene0069_05-scene0069_08,sha256_seed45,5,3,11,0.2727272727272727,4,15,0.26666666666666666,0,11,0.0,3,1,0,0.0,0.0,54,17,6,0,frozen_query_observation_no_gt,post_prediction_hungarian_iou_0.5,b3da19bc7ac9aa8451c40e0030221dcc287194a46fca1bb7fe4ccf1d1849c3a3
B4,10b17940-3938-2467-8a7a-958300ba83d3,scene0069_01-scene0069_06-scene0069_09-scene0069_05-scene0069_08,sha256_seed45,5,2,11,0.18181818181818182,1,15,0.06666666666666667,0,14,0.0,3,1,1,1.0,0.3333333333333333,54,14,3,0,frozen_query_observation_no_gt,post_prediction_hungarian_iou_0.5,b3da19bc7ac9aa8451c40e0030221dcc287194a46fca1bb7fe4ccf1d1849c3a3
B2,10b17940-3938-2467-8a7a-958300ba83d3,scene0069_02-scene0069_04-scene0069_03-scene0069_01-scene0069_06,canonical,2,0,4,0.0,0,4,0.0,0,4,0.0,0,0,0,,,22,9,1,0,frozen_query_observation_no_gt,post_prediction_hungarian_iou_0.5,325867949dc1ea7a94caeb4fd8fb319a1064e30cb6e2b12e7a94297653636988
B3,10b17940-3938-2467-8a7a-958300ba83d3,scene0069_02-scene0069_04-scene0069_03-scene0069_01-scene0069_06,canonical,2,0,4,0.0,0,4,0.0,0,4,0.0,0,0,0,,,22,9,1,0,frozen_query_observation_no_gt,post_prediction_hungarian_iou_0.5,325867949dc1ea7a94caeb4fd8fb319a1064e30cb6e2b12e7a94297653636988
B4,10b17940-3938-2467-8a7a-958300ba83d3,scene0069_02-scene0069_04-scene0069_03-scene0069_01-scene0069_06,canonical,2,0,4,0.0,0,4,0.0,0,4,0.0,0,0,0,,,22,9,1,0,frozen_query_observation_no_gt,post_prediction_hungarian_iou_0.5,325867949dc1ea7a94caeb4fd8fb319a1064e30cb6e2b12e7a94297653636988
B2,10b17940-3938-2467-8a7a-958300ba83d3,scene0069_02-scene0069_04-scene0069_03-scene0069_01-scene0069_06,canonical,3,0,7,0.0,0,7,0.0,0,7,0.0,0,0,0,,,30,10,1,0,frozen_query_observation_no_gt,post_prediction_hungarian_iou_0.5,325867949dc1ea7a94caeb4fd8fb319a1064e30cb6e2b12e7a94297653636988
B3,10b17940-3938-2467-8a7a-958300ba83d3,scene0069_02-scene0069_04-scene0069_03-scene0069_01-scene0069_06,canonical,3,0,7,0.0,0,7,0.0,0,7,0.0,0,0,0,,,30,10,1,0,frozen_query_observation_no_gt,post_prediction_hungarian_iou_0.5,325867949dc1ea7a94caeb4fd8fb319a1064e30cb6e2b12e7a94297653636988
B4,10b17940-3938-2467-8a7a-958300ba83d3,scene0069_02-scene0069_04-scene0069_03-scene0069_01-scene0069_06,canonical,3,0,7,0.0,0,7,0.0,1,8,0.125,0,0,0,,,30,9,1,0,frozen_query_observation_no_gt,post_prediction_hungarian_iou_0.5,325867949dc1ea7a94caeb4fd8fb319a1064e30cb6e2b12e7a94297653636988
B2,10b17940-3938-2467-8a7a-958300ba83d3,scene0069_02-scene0069_04-scene0069_03-scene0069_01-scene0069_06,canonical,4,0,10,0.0,3,13,0.23076923076923078,0,10,0.0,4,3,0,0.0,0.0,42,16,6,0,frozen_query_observation_no_gt,post_prediction_hungarian_iou_0.5,325867949dc1ea7a94caeb4fd8fb319a1064e30cb6e2b12e7a94297653636988
B3,10b17940-3938-2467-8a7a-958300ba83d3,scene0069_02-scene0069_04-scene0069_03-scene0069_01-scene0069_06,canonical,4,0,10,0.0,2,13,0.15384615384615385,0,11,0.0,4,3,1,0.3333333333333333,0.25,42,16,6,0,frozen_query_observation_no_gt,post_prediction_hungarian_iou_0.5,325867949dc1ea7a94caeb4fd8fb319a1064e30cb6e2b12e7a94297653636988
B4,10b17940-3938-2467-8a7a-958300ba83d3,scene0069_02-scene0069_04-scene0069_03-scene0069_01-scene0069_06,canonical,4,1,10,0.1,2,13,0.15384615384615385,2,13,0.15384615384615385,4,3,2,0.6666666666666666,0.5,42,13,4,0,frozen_query_observation_no_gt,post_prediction_hungarian_iou_0.5,325867949dc1ea7a94caeb4fd8fb319a1064e30cb6e2b12e7a94297653636988
B2,10b17940-3938-2467-8a7a-958300ba83d3,scene0069_02-scene0069_04-scene0069_03-scene0069_01-scene0069_06,canonical,5,0,14,0.0,4,18,0.2222222222222222,0,14,0.0,5,4,0,0.0,0.0,50,17,7,0,frozen_query_observation_no_gt,post_prediction_hungarian_iou_0.5,325867949dc1ea7a94caeb4fd8fb319a1064e30cb6e2b12e7a94297653636988
B3,10b17940-3938-2467-8a7a-958300ba83d3,scene0069_02-scene0069_04-scene0069_03-scene0069_01-scene0069_06,canonical,5,0,14,0.0,3,18,0.16666666666666666,0,15,0.0,5,4,1,0.25,0.2,50,17,7,0,frozen_query_observation_no_gt,post_prediction_hungarian_iou_0.5,325867949dc1ea7a94caeb4fd8fb319a1064e30cb6e2b12e7a94297653636988
B4,10b17940-3938-2467-8a7a-958300ba83d3,scene0069_02-scene0069_04-scene0069_03-scene0069_01-scene0069_06,canonical,5,1,14,0.07142857142857142,2,18,0.1111111111111111,2,18,0.1111111111111111,5,4,3,0.75,0.6,50,13,4,0,frozen_query_observation_no_gt,post_prediction_hungarian_iou_0.5,325867949dc1ea7a94caeb4fd8fb319a1064e30cb6e2b12e7a94297653636988
B2,10b17940-3938-2467-8a7a-958300ba83d3,scene0069_02-scene0069_04-scene0069_03-scene0069_01-scene0069_06,reverse,2,0,4,0.0,0,4,0.0,0,4,0.0,0,0,0,,,19,11,3,0,frozen_query_observation_no_gt,post_prediction_hungarian_iou_0.5,7bd29eb5a992d1fa15858714a543b9e5f1a951a29dd94292ea51860c727b333e
B3,10b17940-3938-2467-8a7a-958300ba83d3,scene0069_02-scene0069_04-scene0069_03-scene0069_01-scene0069_06,reverse,2,0,4,0.0,0,4,0.0,0,4,0.0,0,0,0,,,19,11,3,0,frozen_query_observation_no_gt,post_prediction_hungarian_iou_0.5,7bd29eb5a992d1fa15858714a543b9e5f1a951a29dd94292ea51860c727b333e
B4,10b17940-3938-2467-8a7a-958300ba83d3,scene0069_02-scene0069_04-scene0069_03-scene0069_01-scene0069_06,reverse,2,0,4,0.0,0,4,0.0,0,4,0.0,0,0,0,,,19,11,3,0,frozen_query_observation_no_gt,post_prediction_hungarian_iou_0.5,7bd29eb5a992d1fa15858714a543b9e5f1a951a29dd94292ea51860c727b333e
B2,10b17940-3938-2467-8a7a-958300ba83d3,scene0069_02-scene0069_04-scene0069_03-scene0069_01-scene0069_06,reverse,3,0,6,0.0,1,7,0.14285714285714285,1,7,0.14285714285714285,1,1,0,0.0,0.0,28,12,4,0,frozen_query_observation_no_gt,post_prediction_hungarian_iou_0.5,7bd29eb5a992d1fa15858714a543b9e5f1a951a29dd94292ea51860c727b333e
B3,10b17940-3938-2467-8a7a-958300ba83d3,scene0069_02-scene0069_04-scene0069_03-scene0069_01-scene0069_06,reverse,3,0,6,0.0,1,7,0.14285714285714285,1,7,0.14285714285714285,1,1,0,0.0,0.0,28,12,4,0,frozen_query_observation_no_gt,post_prediction_hungarian_iou_0.5,7bd29eb5a992d1fa15858714a543b9e5f1a951a29dd94292ea51860c727b333e
B4,10b17940-3938-2467-8a7a-958300ba83d3,scene0069_02-scene0069_04-scene0069_03-scene0069_01-scene0069_06,reverse,3,0,6,0.0,0,7,0.0,1,8,0.125,1,1,1,1.0,1.0,28,11,3,0,frozen_query_observation_no_gt,post_prediction_hungarian_iou_0.5,7bd29eb5a992d1fa15858714a543b9e5f1a951a29dd94292ea51860c727b333e
B2,10b17940-3938-2467-8a7a-958300ba83d3,scene0069_02-scene0069_04-scene0069_03-scene0069_01-scene0069_06,reverse,4,0,9,0.0,2,12,0.16666666666666666,1,11,0.09090909090909091,4,3,1,0.3333333333333333,0.25,41,16,5,0,frozen_query_observation_no_gt,post_prediction_hungarian_iou_0.5,7bd29eb5a992d1fa15858714a543b9e5f1a951a29dd94292ea51860c727b333e
B3,10b17940-3938-2467-8a7a-958300ba83d3,scene0069_02-scene0069_04-scene0069_03-scene0069_01-scene0069_06,reverse,4,0,9,0.0,3,12,0.25,2,11,0.18181818181818182,4,3,0,0.0,0.0,41,15,5,0,frozen_query_observation_no_gt,post_prediction_hungarian_iou_0.5,7bd29eb5a992d1fa15858714a543b9e5f1a951a29dd94292ea51860c727b333e
B4,10b17940-3938-2467-8a7a-958300ba83d3,scene0069_02-scene0069_04-scene0069_03-scene0069_01-scene0069_06,reverse,4,0,9,0.0,0,12,0.0,1,13,0.07692307692307693,4,3,3,1.0,0.75,41,13,3,0,frozen_query_observation_no_gt,post_prediction_hungarian_iou_0.5,7bd29eb5a992d1fa15858714a543b9e5f1a951a29dd94292ea51860c727b333e
B2,10b17940-3938-2467-8a7a-958300ba83d3,scene0069_02-scene0069_04-scene0069_03-scene0069_01-scene0069_06,reverse,5,0,14,0.0,2,18,0.1111111111111111,1,17,0.058823529411764705,5,4,2,0.5,0.4,51,16,5,0,frozen_query_observation_no_gt,post_prediction_hungarian_iou_0.5,7bd29eb5a992d1fa15858714a543b9e5f1a951a29dd94292ea51860c727b333e
B3,10b17940-3938-2467-8a7a-958300ba83d3,scene0069_02-scene0069_04-scene0069_03-scene0069_01-scene0069_06,reverse,5,0,14,0.0,3,18,0.16666666666666666,2,17,0.11764705882352941,5,4,1,0.25,0.2,51,15,5,0,frozen_query_observation_no_gt,post_prediction_hungarian_iou_0.5,7bd29eb5a992d1fa15858714a543b9e5f1a951a29dd94292ea51860c727b333e
B4,10b17940-3938-2467-8a7a-958300ba83d3,scene0069_02-scene0069_04-scene0069_03-scene0069_01-scene0069_06,reverse,5,0,14,0.0,0,18,0.0,1,19,0.05263157894736842,5,4,4,1.0,0.8,51,13,3,0,frozen_query_observation_no_gt,post_prediction_hungarian_iou_0.5,7bd29eb5a992d1fa15858714a543b9e5f1a951a29dd94292ea51860c727b333e
B2,10b17940-3938-2467-8a7a-958300ba83d3,scene0069_02-scene0069_04-scene0069_03-scene0069_01-scene0069_06,sha256_seed45,2,0,5,0.0,0,5,0.0,0,5,0.0,0,0,0,,,23,12,3,0,frozen_query_observation_no_gt,post_prediction_hungarian_iou_0.5,9b44e2909e2ee7a2f33b540c86051120c0e37558fcd7a5f39f0073d754a9212c
B3,10b17940-3938-2467-8a7a-958300ba83d3,scene0069_02-scene0069_04-scene0069_03-scene0069_01-scene0069_06,sha256_seed45,2,0,5,0.0,0,5,0.0,0,5,0.0,0,0,0,,,23,12,3,0,frozen_query_observation_no_gt,post_prediction_hungarian_iou_0.5,9b44e2909e2ee7a2f33b540c86051120c0e37558fcd7a5f39f0073d754a9212c
B4,10b17940-3938-2467-8a7a-958300ba83d3,scene0069_02-scene0069_04-scene0069_03-scene0069_01-scene0069_06,sha256_seed45,2,0,5,0.0,0,5,0.0,0,5,0.0,0,0,0,,,23,13,3,0,frozen_query_observation_no_gt,post_prediction_hungarian_iou_0.5,9b44e2909e2ee7a2f33b540c86051120c0e37558fcd7a5f39f0073d754a9212c
B2,10b17940-3938-2467-8a7a-958300ba83d3,scene0069_02-scene0069_04-scene0069_03-scene0069_01-scene0069_06,sha256_seed45,3,0,8,0.0,0,8,0.0,0,8,0.0,0,0,0,,,31,13,3,0,frozen_query_observation_no_gt,post_prediction_hungarian_iou_0.5,9b44e2909e2ee7a2f33b540c86051120c0e37558fcd7a5f39f0073d754a9212c
B3,10b17940-3938-2467-8a7a-958300ba83d3,scene0069_02-scene0069_04-scene0069_03-scene0069_01-scene0069_06,sha256_seed45,3,0,8,0.0,0,8,0.0,0,8,0.0,0,0,0,,,31,13,3,0,frozen_query_observation_no_gt,post_prediction_hungarian_iou_0.5,9b44e2909e2ee7a2f33b540c86051120c0e37558fcd7a5f39f0073d754a9212c
B4,10b17940-3938-2467-8a7a-958300ba83d3,scene0069_02-scene0069_04-scene0069_03-scene0069_01-scene0069_06,sha256_seed45,3,0,8,0.0,0,8,0.0,1,9,0.1111111111111111,0,0,0,,,31,13,3,0,frozen_query_observation_no_gt,post_prediction_hungarian_iou_0.5,9b44e2909e2ee7a2f33b540c86051120c0e37558fcd7a5f39f0073d754a9212c
B2,10b17940-3938-2467-8a7a-958300ba83d3,scene0069_02-scene0069_04-scene0069_03-scene0069_01-scene0069_06,sha256_seed45,4,0,11,0.0,2,13,0.15384615384615385,2,13,0.15384615384615385,3,1,0,0.0,0.0,41,13,3,0,frozen_query_observation_no_gt,post_prediction_hungarian_iou_0.5,9b44e2909e2ee7a2f33b540c86051120c0e37558fcd7a5f39f0073d754a9212c
B3,10b17940-3938-2467-8a7a-958300ba83d3,scene0069_02-scene0069_04-scene0069_03-scene0069_01-scene0069_06,sha256_seed45,4,0,11,0.0,2,13,0.15384615384615385,2,13,0.15384615384615385,3,1,0,0.0,0.0,41,13,3,0,frozen_query_observation_no_gt,post_prediction_hungarian_iou_0.5,9b44e2909e2ee7a2f33b540c86051120c0e37558fcd7a5f39f0073d754a9212c
B4,10b17940-3938-2467-8a7a-958300ba83d3,scene0069_02-scene0069_04-scene0069_03-scene0069_01-scene0069_06,sha256_seed45,4,0,11,0.0,0,13,0.0,1,14,0.07142857142857142,3,1,1,1.0,0.3333333333333333,41,13,3,0,frozen_query_observation_no_gt,post_prediction_hungarian_iou_0.5,9b44e2909e2ee7a2f33b540c86051120c0e37558fcd7a5f39f0073d754a9212c
B2,10b17940-3938-2467-8a7a-958300ba83d3,scene0069_02-scene0069_04-scene0069_03-scene0069_01-scene0069_06,sha256_seed45,5,0,14,0.0,3,18,0.16666666666666666,2,17,0.11764705882352941,4,2,0,0.0,0.0,49,14,4,0,frozen_query_observation_no_gt,post_prediction_hungarian_iou_0.5,9b44e2909e2ee7a2f33b540c86051120c0e37558fcd7a5f39f0073d754a9212c
B3,10b17940-3938-2467-8a7a-958300ba83d3,scene0069_02-scene0069_04-scene0069_03-scene0069_01-scene0069_06,sha256_seed45,5,0,14,0.0,3,18,0.16666666666666666,2,17,0.11764705882352941,4,2,0,0.0,0.0,49,14,4,0,frozen_query_observation_no_gt,post_prediction_hungarian_iou_0.5,9b44e2909e2ee7a2f33b540c86051120c0e37558fcd7a5f39f0073d754a9212c
B4,10b17940-3938-2467-8a7a-958300ba83d3,scene0069_02-scene0069_04-scene0069_03-scene0069_01-scene0069_06,sha256_seed45,5,0,14,0.0,0,18,0.0,1,19,0.05263157894736842,4,2,2,1.0,0.5,49,13,3,0,frozen_query_observation_no_gt,post_prediction_hungarian_iou_0.5,9b44e2909e2ee7a2f33b540c86051120c0e37558fcd7a5f39f0073d754a9212c
B2,10b17940-3938-2467-8a7a-958300ba83d3,scene0069_03-scene0069_01-scene0069_06-scene0069_09-scene0069_05,canonical,2,0,2,0.0,0,2,0.0,0,2,0.0,0,0,0,,,21,13,4,0,frozen_query_observation_no_gt,post_prediction_hungarian_iou_0.5,9f698f946eb36d3030eafb3a1f9a4d6d64ff6232e63db8fe4ac738c2bc03476b
B3,10b17940-3938-2467-8a7a-958300ba83d3,scene0069_03-scene0069_01-scene0069_06-scene0069_09-scene0069_05,canonical,2,0,2,0.0,0,2,0.0,0,2,0.0,0,0,0,,,21,13,4,0,frozen_query_observation_no_gt,post_prediction_hungarian_iou_0.5,9f698f946eb36d3030eafb3a1f9a4d6d64ff6232e63db8fe4ac738c2bc03476b
B4,10b17940-3938-2467-8a7a-958300ba83d3,scene0069_03-scene0069_01-scene0069_06-scene0069_09-scene0069_05,canonical,2,0,2,0.0,0,2,0.0,0,2,0.0,0,0,0,,,21,13,4,0,frozen_query_observation_no_gt,post_prediction_hungarian_iou_0.5,9f698f946eb36d3030eafb3a1f9a4d6d64ff6232e63db8fe4ac738c2bc03476b
B2,10b17940-3938-2467-8a7a-958300ba83d3,scene0069_03-scene0069_01-scene0069_06-scene0069_09-scene0069_05,canonical,3,0,6,0.0,1,7,0.14285714285714285,0,6,0.0,1,1,0,0.0,0.0,29,14,5,0,frozen_query_observation_no_gt,post_prediction_hungarian_iou_0.5,9f698f946eb36d3030eafb3a1f9a4d6d64ff6232e63db8fe4ac738c2bc03476b
B3,10b17940-3938-2467-8a7a-958300ba83d3,scene0069_03-scene0069_01-scene0069_06-scene0069_09-scene0069_05,canonical,3,0,6,0.0,1,7,0.14285714285714285,0,6,0.0,1,1,0,0.0,0.0,29,14,5,0,frozen_query_observation_no_gt,post_prediction_hungarian_iou_0.5,9f698f946eb36d3030eafb3a1f9a4d6d64ff6232e63db8fe4ac738c2bc03476b
B4,10b17940-3938-2467-8a7a-958300ba83d3,scene0069_03-scene0069_01-scene0069_06-scene0069_09-scene0069_05,canonical,3,0,6,0.0,0,7,0.0,0,7,0.0,1,1,1,1.0,1.0,29,13,4,0,frozen_query_observation_no_gt,post_prediction_hungarian_iou_0.5,9f698f946eb36d3030eafb3a1f9a4d6d64ff6232e63db8fe4ac738c2bc03476b
B2,10b17940-3938-2467-8a7a-958300ba83d3,scene0069_03-scene0069_01-scene0069_06-scene0069_09-scene0069_05,canonical,4,0,10,0.0,1,11,0.09090909090909091,0,10,0.0,3,1,0,0.0,0.0,38,14,5,0,frozen_query_observation_no_gt,post_prediction_hungarian_iou_0.5,9f698f946eb36d3030eafb3a1f9a4d6d64ff6232e63db8fe4ac738c2bc03476b
B3,10b17940-3938-2467-8a7a-958300ba83d3,scene0069_03-scene0069_01-scene0069_06-scene0069_09-scene0069_05,canonical,4,0,10,0.0,1,11,0.09090909090909091,0,10,0.0,3,1,0,0.0,0.0,38,14,5,0,frozen_query_observation_no_gt,post_prediction_hungarian_iou_0.5,9f698f946eb36d3030eafb3a1f9a4d6d64ff6232e63db8fe4ac738c2bc03476b
B4,10b17940-3938-2467-8a7a-958300ba83d3,scene0069_03-scene0069_01-scene0069_06-scene0069_09-scene0069_05,canonical,4,0,10,0.0,0,11,0.0,0,11,0.0,3,1,1,1.0,0.3333333333333333,38,13,4,0,frozen_query_observation_no_gt,post_prediction_hungarian_iou_0.5,9f698f946eb36d3030eafb3a1f9a4d6d64ff6232e63db8fe4ac738c2bc03476b
B2,10b17940-3938-2467-8a7a-958300ba83d3,scene0069_03-scene0069_01-scene0069_06-scene0069_09-scene0069_05,canonical,5,0,13,0.0,1,14,0.07142857142857142,0,13,0.0,5,1,0,0.0,0.0,48,16,5,0,frozen_query_observation_no_gt,post_prediction_hungarian_iou_0.5,9f698f946eb36d3030eafb3a1f9a4d6d64ff6232e63db8fe4ac738c2bc03476b
B3,10b17940-3938-2467-8a7a-958300ba83d3,scene0069_03-scene0069_01-scene0069_06-scene0069_09-scene0069_05,canonical,5,0,13,0.0,1,14,0.07142857142857142,0,13,0.0,5,1,0,0.0,0.0,48,15,5,0,frozen_query_observation_no_gt,post_prediction_hungarian_iou_0.5,9f698f946eb36d3030eafb3a1f9a4d6d64ff6232e63db8fe4ac738c2bc03476b
B4,10b17940-3938-2467-8a7a-958300ba83d3,scene0069_03-scene0069_01-scene0069_06-scene0069_09-scene0069_05,canonical,5,0,13,0.0,0,14,0.0,0,14,0.0,5,1,1,1.0,0.2,48,14,4,0,frozen_query_observation_no_gt,post_prediction_hungarian_iou_0.5,9f698f946eb36d3030eafb3a1f9a4d6d64ff6232e63db8fe4ac738c2bc03476b
B2,10b17940-3938-2467-8a7a-958300ba83d3,scene0069_03-scene0069_01-scene0069_06-scene0069_09-scene0069_05,reverse,2,0,2,0.0,0,2,0.0,0,2,0.0,0,0,0,,,19,8,0,0,frozen_query_observation_no_gt,post_prediction_hungarian_iou_0.5,78d1f53f2753b3729e82ff68245e9b027d4dcbbeebfcb1de21275370275e0dd8
B3,10b17940-3938-2467-8a7a-958300ba83d3,scene0069_03-scene0069_01-scene0069_06-scene0069_09-scene0069_05,reverse,2,0,2,0.0,0,2,0.0,0,2,0.0,0,0,0,,,19,8,0,0,frozen_query_observation_no_gt,post_prediction_hungarian_iou_0.5,78d1f53f2753b3729e82ff68245e9b027d4dcbbeebfcb1de21275370275e0dd8
B4,10b17940-3938-2467-8a7a-958300ba83d3,scene0069_03-scene0069_01-scene0069_06-scene0069_09-scene0069_05,reverse,2,0,2,0.0,0,2,0.0,0,2,0.0,0,0,0,,,19,8,0,0,frozen_query_observation_no_gt,post_prediction_hungarian_iou_0.5,78d1f53f2753b3729e82ff68245e9b027d4dcbbeebfcb1de21275370275e0dd8
B2,10b17940-3938-2467-8a7a-958300ba83d3,scene0069_03-scene0069_01-scene0069_06-scene0069_09-scene0069_05,reverse,3,1,5,0.2,1,6,0.16666666666666666,0,5,0.0,2,0,0,,0.0,28,9,1,0,frozen_query_observation_no_gt,post_prediction_hungarian_iou_0.5,78d1f53f2753b3729e82ff68245e9b027d4dcbbeebfcb1de21275370275e0dd8
B3,10b17940-3938-2467-8a7a-958300ba83d3,scene0069_03-scene0069_01-scene0069_06-scene0069_09-scene0069_05,reverse,3,0,5,0.0,0,6,0.0,0,6,0.0,2,0,0,,0.0,28,9,1,0,frozen_query_observation_no_gt,post_prediction_hungarian_iou_0.5,78d1f53f2753b3729e82ff68245e9b027d4dcbbeebfcb1de21275370275e0dd8
B4,10b17940-3938-2467-8a7a-958300ba83d3,scene0069_03-scene0069_01-scene0069_06-scene0069_09-scene0069_05,reverse,3,0,5,0.0,0,6,0.0,0,6,0.0,2,0,0,,0.0,28,9,1,0,frozen_query_observation_no_gt,post_prediction_hungarian_iou_0.5,78d1f53f2753b3729e82ff68245e9b027d4dcbbeebfcb1de21275370275e0dd8
B2,10b17940-3938-2467-8a7a-958300ba83d3,scene0069_03-scene0069_01-scene0069_06-scene0069_09-scene0069_05,reverse,4,1,8,0.125,2,10,0.2,0,8,0.0,3,1,0,0.0,0.0,39,14,4,0,frozen_query_observation_no_gt,post_prediction_hungarian_iou_0.5,78d1f53f2753b3729e82ff68245e9b027d4dcbbeebfcb1de21275370275e0dd8
B3,10b17940-3938-2467-8a7a-958300ba83d3,scene0069_03-scene0069_01-scene0069_06-scene0069_09-scene0069_05,reverse,4,0,8,0.0,1,10,0.1,0,9,0.0,3,1,0,0.0,0.0,39,14,4,0,frozen_query_observation_no_gt,post_prediction_hungarian_iou_0.5,78d1f53f2753b3729e82ff68245e9b027d4dcbbeebfcb1de21275370275e0dd8
B4,10b17940-3938-2467-8a7a-958300ba83d3,scene0069_03-scene0069_01-scene0069_06-scene0069_09-scene0069_05,reverse,4,0,8,0.0,0,10,0.0,0,10,0.0,3,1,1,1.0,0.3333333333333333,39,12,3,0,frozen_query_observation_no_gt,post_prediction_hungarian_iou_0.5,78d1f53f2753b3729e82ff68245e9b027d4dcbbeebfcb1de21275370275e0dd8
B2,10b17940-3938-2467-8a7a-958300ba83d3,scene0069_03-scene0069_01-scene0069_06-scene0069_09-scene0069_05,reverse,5,1,10,0.1,3,13,0.23076923076923078,1,11,0.09090909090909091,5,2,0,0.0,0.0,48,15,5,0,frozen_query_observation_no_gt,post_prediction_hungarian_iou_0.5,78d1f53f2753b3729e82ff68245e9b027d4dcbbeebfcb1de21275370275e0dd8
B3,10b17940-3938-2467-8a7a-958300ba83d3,scene0069_03-scene0069_01-scene0069_06-scene0069_09-scene0069_05,reverse,5,0,10,0.0,2,13,0.15384615384615385,1,12,0.08333333333333333,5,2,0,0.0,0.0,48,15,5,0,frozen_query_observation_no_gt,post_prediction_hungarian_iou_0.5,78d1f53f2753b3729e82ff68245e9b027d4dcbbeebfcb1de21275370275e0dd8
B4,10b17940-3938-2467-8a7a-958300ba83d3,scene0069_03-scene0069_01-scene0069_06-scene0069_09-scene0069_05,reverse,5,0,10,0.0,0,13,0.0,1,14,0.07142857142857142,5,2,2,1.0,0.4,48,12,3,0,frozen_query_observation_no_gt,post_prediction_hungarian_iou_0.5,78d1f53f2753b3729e82ff68245e9b027d4dcbbeebfcb1de21275370275e0dd8
B2,10b17940-3938-2467-8a7a-958300ba83d3,scene0069_03-scene0069_01-scene0069_06-scene0069_09-scene0069_05,sha256_seed45,2,0,2,0.0,0,2,0.0,1,3,0.3333333333333333,0,0,0,,,21,11,3,0,frozen_query_observation_no_gt,post_prediction_hungarian_iou_0.5,b368dd18c4f5ef5aa2965a72f66f726ac2cb5eaa3d857b7888d8ff3f843a2fca
B3,10b17940-3938-2467-8a7a-958300ba83d3,scene0069_03-scene0069_01-scene0069_06-scene0069_09-scene0069_05,sha256_seed45,2,0,2,0.0,0,2,0.0,1,3,0.3333333333333333,0,0,0,,,21,11,3,0,frozen_query_observation_no_gt,post_prediction_hungarian_iou_0.5,b368dd18c4f5ef5aa2965a72f66f726ac2cb5eaa3d857b7888d8ff3f843a2fca
B4,10b17940-3938-2467-8a7a-958300ba83d3,scene0069_03-scene0069_01-scene0069_06-scene0069_09-scene0069_05,sha256_seed45,2,0,2,0.0,0,2,0.0,1,3,0.3333333333333333,0,0,0,,,21,11,3,0,frozen_query_observation_no_gt,post_prediction_hungarian_iou_0.5,b368dd18c4f5ef5aa2965a72f66f726ac2cb5eaa3d857b7888d8ff3f843a2fca
B2,10b17940-3938-2467-8a7a-958300ba83d3,scene0069_03-scene0069_01-scene0069_06-scene0069_09-scene0069_05,sha256_seed45,3,0,5,0.0,1,6,0.16666666666666666,1,6,0.16666666666666666,2,1,0,0.0,0.0,31,12,4,0,frozen_query_observation_no_gt,post_prediction_hungarian_iou_0.5,b368dd18c4f5ef5aa2965a72f66f726ac2cb5eaa3d857b7888d8ff3f843a2fca
B3,10b17940-3938-2467-8a7a-958300ba83d3,scene0069_03-scene0069_01-scene0069_06-scene0069_09-scene0069_05,sha256_seed45,3,0,5,0.0,1,6,0.16666666666666666,1,6,0.16666666666666666,2,1,0,0.0,0.0,31,12,4,0,frozen_query_observation_no_gt,post_prediction_hungarian_iou_0.5,b368dd18c4f5ef5aa2965a72f66f726ac2cb5eaa3d857b7888d8ff3f843a2fca
B4,10b17940-3938-2467-8a7a-958300ba83d3,scene0069_03-scene0069_01-scene0069_06-scene0069_09-scene0069_05,sha256_seed45,3,0,5,0.0,0,6,0.0,1,7,0.14285714285714285,2,1,1,1.0,0.5,31,11,3,0,frozen_query_observation_no_gt,post_prediction_hungarian_iou_0.5,b368dd18c4f5ef5aa2965a72f66f726ac2cb5eaa3d857b7888d8ff3f843a2fca
B2,10b17940-3938-2467-8a7a-958300ba83d3,scene0069_03-scene0069_01-scene0069_06-scene0069_09-scene0069_05,sha256_seed45,4,0,8,0.0,1,9,0.1111111111111111,1,9,0.1111111111111111,4,1,0,0.0,0.0,41,13,4,0,frozen_query_observation_no_gt,post_prediction_hungarian_iou_0.5,b368dd18c4f5ef5aa2965a72f66f726ac2cb5eaa3d857b7888d8ff3f843a2fca
B3,10b17940-3938-2467-8a7a-958300ba83d3,scene0069_03-scene0069_01-scene0069_06-scene0069_09-scene0069_05,sha256_seed45,4,0,8,0.0,1,9,0.1111111111111111,1,9,0.1111111111111111,4,1,0,0.0,0.0,41,12,4,0,frozen_query_observation_no_gt,post_prediction_hungarian_iou_0.5,b368dd18c4f5ef5aa2965a72f66f726ac2cb5eaa3d857b7888d8ff3f843a2fca
B4,10b17940-3938-2467-8a7a-958300ba83d3,scene0069_03-scene0069_01-scene0069_06-scene0069_09-scene0069_05,sha256_seed45,4,0,8,0.0,0,9,0.0,1,10,0.1,4,1,1,1.0,0.25,41,11,3,0,frozen_query_observation_no_gt,post_prediction_hungarian_iou_0.5,b368dd18c4f5ef5aa2965a72f66f726ac2cb5eaa3d857b7888d8ff3f843a2fca
B2,10b17940-3938-2467-8a7a-958300ba83d3,scene0069_03-scene0069_01-scene0069_06-scene0069_09-scene0069_05,sha256_seed45,5,0,11,0.0,3,14,0.21428571428571427,1,12,0.08333333333333333,5,2,0,0.0,0.0,50,14,5,0,frozen_query_observation_no_gt,post_prediction_hungarian_iou_0.5,b368dd18c4f5ef5aa2965a72f66f726ac2cb5eaa3d857b7888d8ff3f843a2fca
B3,10b17940-3938-2467-8a7a-958300ba83d3,scene0069_03-scene0069_01-scene0069_06-scene0069_09-scene0069_05,sha256_seed45,5,0,11,0.0,3,14,0.21428571428571427,2,13,0.15384615384615385,5,2,0,0.0,0.0,50,13,5,0,frozen_query_observation_no_gt,post_prediction_hungarian_iou_0.5,b368dd18c4f5ef5aa2965a72f66f726ac2cb5eaa3d857b7888d8ff3f843a2fca
B4,10b17940-3938-2467-8a7a-958300ba83d3,scene0069_03-scene0069_01-scene0069_06-scene0069_09-scene0069_05,sha256_seed45,5,0,11,0.0,0,14,0.0,1,15,0.06666666666666667,5,2,2,1.0,0.4,50,11,3,0,frozen_query_observation_no_gt,post_prediction_hungarian_iou_0.5,b368dd18c4f5ef5aa2965a72f66f726ac2cb5eaa3d857b7888d8ff3f843a2fca
B2,10b17940-3938-2467-8a7a-958300ba83d3,scene0069_04-scene0069_03-scene0069_01-scene0069_06-scene0069_09,canonical,2,0,3,0.0,0,3,0.0,0,3,0.0,0,0,0,,,19,9,1,0,frozen_query_observation_no_gt,post_prediction_hungarian_iou_0.5,2502054cabd3f0c81909c7ab1f508a31fd098d700a4fff2cd2fd7b38d15fd9f1
B3,10b17940-3938-2467-8a7a-958300ba83d3,scene0069_04-scene0069_03-scene0069_01-scene0069_06-scene0069_09,canonical,2,0,3,0.0,0,3,0.0,0,3,0.0,0,0,0,,,19,9,1,0,frozen_query_observation_no_gt,post_prediction_hungarian_iou_0.5,2502054cabd3f0c81909c7ab1f508a31fd098d700a4fff2cd2fd7b38d15fd9f1
B4,10b17940-3938-2467-8a7a-958300ba83d3,scene0069_04-scene0069_03-scene0069_01-scene0069_06-scene0069_09,canonical,2,0,3,0.0,0,3,0.0,0,3,0.0,0,0,0,,,19,9,1,0,frozen_query_observation_no_gt,post_prediction_hungarian_iou_0.5,2502054cabd3f0c81909c7ab1f508a31fd098d700a4fff2cd2fd7b38d15fd9f1
B2,10b17940-3938-2467-8a7a-958300ba83d3,scene0069_04-scene0069_03-scene0069_01-scene0069_06-scene0069_09,canonical,3,0,6,0.0,2,8,0.25,0,6,0.0,3,2,0,0.0,0.0,31,15,5,0,frozen_query_observation_no_gt,post_prediction_hungarian_iou_0.5,2502054cabd3f0c81909c7ab1f508a31fd098d700a4fff2cd2fd7b38d15fd9f1
B3,10b17940-3938-2467-8a7a-958300ba83d3,scene0069_04-scene0069_03-scene0069_01-scene0069_06-scene0069_09,canonical,3,0,6,0.0,2,8,0.25,0,6,0.0,3,2,0,0.0,0.0,31,15,5,0,frozen_query_observation_no_gt,post_prediction_hungarian_iou_0.5,2502054cabd3f0c81909c7ab1f508a31fd098d700a4fff2cd2fd7b38d15fd9f1
B4,10b17940-3938-2467-8a7a-958300ba83d3,scene0069_04-scene0069_03-scene0069_01-scene0069_06-scene0069_09,canonical,3,1,6,0.16666666666666666,2,8,0.25,1,7,0.14285714285714285,3,2,1,0.5,0.3333333333333333,31,14,5,0,frozen_query_observation_no_gt,post_prediction_hungarian_iou_0.5,2502054cabd3f0c81909c7ab1f508a31fd098d700a4fff2cd2fd7b38d15fd9f1
B2,10b17940-3938-2467-8a7a-958300ba83d3,scene0069_04-scene0069_03-scene0069_01-scene0069_06-scene0069_09,canonical,4,0,10,0.0,3,13,0.23076923076923078,0,10,0.0,4,3,0,0.0,0.0,39,16,6,0,frozen_query_observation_no_gt,post_prediction_hungarian_iou_0.5,2502054cabd3f0c81909c7ab1f508a31fd098d700a4fff2cd2fd7b38d15fd9f1
B3,10b17940-3938-2467-8a7a-958300ba83d3,scene0069_04-scene0069_03-scene0069_01-scene0069_06-scene0069_09,canonical,4,0,10,0.0,3,13,0.23076923076923078,0,10,0.0,4,3,0,0.0,0.0,39,16,6,0,frozen_query_observation_no_gt,post_prediction_hungarian_iou_0.5,2502054cabd3f0c81909c7ab1f508a31fd098d700a4fff2cd2fd7b38d15fd9f1
B4,10b17940-3938-2467-8a7a-958300ba83d3,scene0069_04-scene0069_03-scene0069_01-scene0069_06-scene0069_09,canonical,4,1,10,0.1,2,13,0.15384615384615385,1,12,0.08333333333333333,4,3,2,0.6666666666666666,0.5,39,14,5,0,frozen_query_observation_no_gt,post_prediction_hungarian_iou_0.5,2502054cabd3f0c81909c7ab1f508a31fd098d700a4fff2cd2fd7b38d15fd9f1
B2,10b17940-3938-2467-8a7a-958300ba83d3,scene0069_04-scene0069_03-scene0069_01-scene0069_06-scene0069_09,canonical,5,0,14,0.0,3,17,0.17647058823529413,0,14,0.0,6,3,0,0.0,0.0,48,16,6,0,frozen_query_observation_no_gt,post_prediction_hungarian_iou_0.5,2502054cabd3f0c81909c7ab1f508a31fd098d700a4fff2cd2fd7b38d15fd9f1
B3,10b17940-3938-2467-8a7a-958300ba83d3,scene0069_04-scene0069_03-scene0069_01-scene0069_06-scene0069_09,canonical,5,0,14,0.0,3,17,0.17647058823529413,0,14,0.0,6,3,0,0.0,0.0,48,16,6,0,frozen_query_observation_no_gt,post_prediction_hungarian_iou_0.5,2502054cabd3f0c81909c7ab1f508a31fd098d700a4fff2cd2fd7b38d15fd9f1
B4,10b17940-3938-2467-8a7a-958300ba83d3,scene0069_04-scene0069_03-scene0069_01-scene0069_06-scene0069_09,canonical,5,1,14,0.07142857142857142,2,17,0.11764705882352941,1,16,0.0625,6,3,2,0.6666666666666666,0.3333333333333333,48,14,5,0,frozen_query_observation_no_gt,post_prediction_hungarian_iou_0.5,2502054cabd3f0c81909c7ab1f508a31fd098d700a4fff2cd2fd7b38d15fd9f1
B2,10b17940-3938-2467-8a7a-958300ba83d3,scene0069_04-scene0069_03-scene0069_01-scene0069_06-scene0069_09,reverse,2,1,3,0.3333333333333333,1,3,0.3333333333333333,0,2,0.0,0,0,0,,,19,7,1,0,frozen_query_observation_no_gt,post_prediction_hungarian_iou_0.5,c3dffd02195a510e8381a6f4da131e0301b4c373b92030745f8c6046a23b2bdc
B3,10b17940-3938-2467-8a7a-958300ba83d3,scene0069_04-scene0069_03-scene0069_01-scene0069_06-scene0069_09,reverse,2,1,3,0.3333333333333333,1,3,0.3333333333333333,0,2,0.0,0,0,0,,,19,7,1,0,frozen_query_observation_no_gt,post_prediction_hungarian_iou_0.5,c3dffd02195a510e8381a6f4da131e0301b4c373b92030745f8c6046a23b2bdc
B4,10b17940-3938-2467-8a7a-958300ba83d3,scene0069_04-scene0069_03-scene0069_01-scene0069_06-scene0069_09,reverse,2,0,3,0.0,0,3,0.0,0,3,0.0,0,0,0,,,19,7,1,0,frozen_query_observation_no_gt,post_prediction_hungarian_iou_0.5,c3dffd02195a510e8381a6f4da131e0301b4c373b92030745f8c6046a23b2bdc
B2,10b17940-3938-2467-8a7a-958300ba83d3,scene0069_04-scene0069_03-scene0069_01-scene0069_06-scene0069_09,reverse,3,1,6,0.16666666666666666,1,6,0.16666666666666666,0,5,0.0,1,0,0,,0.0,30,12,3,0,frozen_query_observation_no_gt,post_prediction_hungarian_iou_0.5,c3dffd02195a510e8381a6f4da131e0301b4c373b92030745f8c6046a23b2bdc
B3,10b17940-3938-2467-8a7a-958300ba83d3,scene0069_04-scene0069_03-scene0069_01-scene0069_06-scene0069_09,reverse,3,1,6,0.16666666666666666,1,6,0.16666666666666666,0,5,0.0,1,0,0,,0.0,30,12,3,0,frozen_query_observation_no_gt,post_prediction_hungarian_iou_0.5,c3dffd02195a510e8381a6f4da131e0301b4c373b92030745f8c6046a23b2bdc
B4,10b17940-3938-2467-8a7a-958300ba83d3,scene0069_04-scene0069_03-scene0069_01-scene0069_06-scene0069_09,reverse,3,0,6,0.0,0,6,0.0,0,6,0.0,1,0,0,,0.0,30,11,3,0,frozen_query_observation_no_gt,post_prediction_hungarian_iou_0.5,c3dffd02195a510e8381a6f4da131e0301b4c373b92030745f8c6046a23b2bdc
B2,10b17940-3938-2467-8a7a-958300ba83d3,scene0069_04-scene0069_03-scene0069_01-scene0069_06-scene0069_09,reverse,4,1,8,0.125,2,9,0.2222222222222222,1,8,0.125,3,1,0,0.0,0.0,39,13,4,0,frozen_query_observation_no_gt,post_prediction_hungarian_iou_0.5,c3dffd02195a510e8381a6f4da131e0301b4c373b92030745f8c6046a23b2bdc
B3,10b17940-3938-2467-8a7a-958300ba83d3,scene0069_04-scene0069_03-scene0069_01-scene0069_06-scene0069_09,reverse,4,1,8,0.125,2,9,0.2222222222222222,1,8,0.125,3,1,0,0.0,0.0,39,13,4,0,frozen_query_observation_no_gt,post_prediction_hungarian_iou_0.5,c3dffd02195a510e8381a6f4da131e0301b4c373b92030745f8c6046a23b2bdc
B4,10b17940-3938-2467-8a7a-958300ba83d3,scene0069_04-scene0069_03-scene0069_01-scene0069_06-scene0069_09,reverse,4,0,8,0.0,0,9,0.0,1,10,0.1,3,1,1,1.0,0.3333333333333333,39,11,3,0,frozen_query_observation_no_gt,post_prediction_hungarian_iou_0.5,c3dffd02195a510e8381a6f4da131e0301b4c373b92030745f8c6046a23b2bdc
B2,10b17940-3938-2467-8a7a-958300ba83d3,scene0069_04-scene0069_03-scene0069_01-scene0069_06-scene0069_09,reverse,5,1,11,0.09090909090909091,3,14,0.21428571428571427,1,12,0.08333333333333333,6,3,1,0.3333333333333333,0.16666666666666666,52,17,5,0,frozen_query_observation_no_gt,post_prediction_hungarian_iou_0.5,c3dffd02195a510e8381a6f4da131e0301b4c373b92030745f8c6046a23b2bdc
B3,10b17940-3938-2467-8a7a-958300ba83d3,scene0069_04-scene0069_03-scene0069_01-scene0069_06-scene0069_09,reverse,5,1,11,0.09090909090909091,4,14,0.2857142857142857,1,11,0.09090909090909091,6,3,0,0.0,0.0,52,16,5,0,frozen_query_observation_no_gt,post_prediction_hungarian_iou_0.5,c3dffd02195a510e8381a6f4da131e0301b4c373b92030745f8c6046a23b2bdc
B4,10b17940-3938-2467-8a7a-958300ba83d3,scene0069_04-scene0069_03-scene0069_01-scene0069_06-scene0069_09,reverse,5,0,11,0.0,0,14,0.0,1,15,0.06666666666666667,6,3,3,1.0,0.5,52,13,3,0,frozen_query_observation_no_gt,post_prediction_hungarian_iou_0.5,c3dffd02195a510e8381a6f4da131e0301b4c373b92030745f8c6046a23b2bdc
B2,10b17940-3938-2467-8a7a-958300ba83d3,scene0069_04-scene0069_03-scene0069_01-scene0069_06-scene0069_09,sha256_seed45,2,0,5,0.0,0,5,0.0,0,5,0.0,0,0,0,,,23,12,3,0,frozen_query_observation_no_gt,post_prediction_hungarian_iou_0.5,2794ca03e9080650a542e040b6cbb5db585045588c86f8c8a0e6fbbc6ea14d7a
B3,10b17940-3938-2467-8a7a-958300ba83d3,scene0069_04-scene0069_03-scene0069_01-scene0069_06-scene0069_09,sha256_seed45,2,0,5,0.0,0,5,0.0,0,5,0.0,0,0,0,,,23,12,3,0,frozen_query_observation_no_gt,post_prediction_hungarian_iou_0.5,2794ca03e9080650a542e040b6cbb5db585045588c86f8c8a0e6fbbc6ea14d7a
B4,10b17940-3938-2467-8a7a-958300ba83d3,scene0069_04-scene0069_03-scene0069_01-scene0069_06-scene0069_09,sha256_seed45,2,0,5,0.0,0,5,0.0,0,5,0.0,0,0,0,,,23,13,3,0,frozen_query_observation_no_gt,post_prediction_hungarian_iou_0.5,2794ca03e9080650a542e040b6cbb5db585045588c86f8c8a0e6fbbc6ea14d7a
B2,10b17940-3938-2467-8a7a-958300ba83d3,scene0069_04-scene0069_03-scene0069_01-scene0069_06-scene0069_09,sha256_seed45,3,0,8,0.0,0,8,0.0,0,8,0.0,0,0,0,,,31,13,3,0,frozen_query_observation_no_gt,post_prediction_hungarian_iou_0.5,2794ca03e9080650a542e040b6cbb5db585045588c86f8c8a0e6fbbc6ea14d7a
B3,10b17940-3938-2467-8a7a-958300ba83d3,scene0069_04-scene0069_03-scene0069_01-scene0069_06-scene0069_09,sha256_seed45,3,0,8,0.0,0,8,0.0,0,8,0.0,0,0,0,,,31,13,3,0,frozen_query_observation_no_gt,post_prediction_hungarian_iou_0.5,2794ca03e9080650a542e040b6cbb5db585045588c86f8c8a0e6fbbc6ea14d7a
B4,10b17940-3938-2467-8a7a-958300ba83d3,scene0069_04-scene0069_03-scene0069_01-scene0069_06-scene0069_09,sha256_seed45,3,0,8,0.0,0,8,0.0,1,9,0.1111111111111111,0,0,0,,,31,13,3,0,frozen_query_observation_no_gt,post_prediction_hungarian_iou_0.5,2794ca03e9080650a542e040b6cbb5db585045588c86f8c8a0e6fbbc6ea14d7a
B2,10b17940-3938-2467-8a7a-958300ba83d3,scene0069_04-scene0069_03-scene0069_01-scene0069_06-scene0069_09,sha256_seed45,4,0,11,0.0,1,12,0.08333333333333333,0,11,0.0,2,1,0,0.0,0.0,41,15,4,0,frozen_query_observation_no_gt,post_prediction_hungarian_iou_0.5,2794ca03e9080650a542e040b6cbb5db585045588c86f8c8a0e6fbbc6ea14d7a
B3,10b17940-3938-2467-8a7a-958300ba83d3,scene0069_04-scene0069_03-scene0069_01-scene0069_06-scene0069_09,sha256_seed45,4,0,11,0.0,1,12,0.08333333333333333,0,11,0.0,2,1,0,0.0,0.0,41,15,4,0,frozen_query_observation_no_gt,post_prediction_hungarian_iou_0.5,2794ca03e9080650a542e040b6cbb5db585045588c86f8c8a0e6fbbc6ea14d7a
B4,10b17940-3938-2467-8a7a-958300ba83d3,scene0069_04-scene0069_03-scene0069_01-scene0069_06-scene0069_09,sha256_seed45,4,0,11,0.0,0,12,0.0,1,13,0.07692307692307693,2,1,1,1.0,0.5,41,13,3,0,frozen_query_observation_no_gt,post_prediction_hungarian_iou_0.5,2794ca03e9080650a542e040b6cbb5db585045588c86f8c8a0e6fbbc6ea14d7a
B2,10b17940-3938-2467-8a7a-958300ba83d3,scene0069_04-scene0069_03-scene0069_01-scene0069_06-scene0069_09,sha256_seed45,5,1,15,0.06666666666666667,2,16,0.125,0,14,0.0,4,1,0,0.0,0.0,50,16,5,0,frozen_query_observation_no_gt,post_prediction_hungarian_iou_0.5,2794ca03e9080650a542e040b6cbb5db585045588c86f8c8a0e6fbbc6ea14d7a
B3,10b17940-3938-2467-8a7a-958300ba83d3,scene0069_04-scene0069_03-scene0069_01-scene0069_06-scene0069_09,sha256_seed45,5,0,15,0.0,1,16,0.0625,0,15,0.0,4,1,0,0.0,0.0,50,16,5,0,frozen_query_observation_no_gt,post_prediction_hungarian_iou_0.5,2794ca03e9080650a542e040b6cbb5db585045588c86f8c8a0e6fbbc6ea14d7a
B4,10b17940-3938-2467-8a7a-958300ba83d3,scene0069_04-scene0069_03-scene0069_01-scene0069_06-scene0069_09,sha256_seed45,5,1,15,0.06666666666666667,1,16,0.0625,1,16,0.0625,4,1,1,1.0,0.25,50,14,4,0,frozen_query_observation_no_gt,post_prediction_hungarian_iou_0.5,2794ca03e9080650a542e040b6cbb5db585045588c86f8c8a0e6fbbc6ea14d7a
B2,10b17940-3938-2467-8a7a-958300ba83d3,scene0069_05-scene0069_08-scene0069_07-scene0069_00-scene0069_02,canonical,2,1,3,0.3333333333333333,1,3,0.3333333333333333,0,2,0.0,0,0,0,,,22,10,3,0,frozen_query_observation_no_gt,post_prediction_hungarian_iou_0.5,5adf7e6e1cf98634688a4f42c9fccfedd1b4db0f623c3e4c266fd2be47140aa0
B3,10b17940-3938-2467-8a7a-958300ba83d3,scene0069_05-scene0069_08-scene0069_07-scene0069_00-scene0069_02,canonical,2,1,3,0.3333333333333333,1,3,0.3333333333333333,0,2,0.0,0,0,0,,,22,10,3,0,frozen_query_observation_no_gt,post_prediction_hungarian_iou_0.5,5adf7e6e1cf98634688a4f42c9fccfedd1b4db0f623c3e4c266fd2be47140aa0
B4,10b17940-3938-2467-8a7a-958300ba83d3,scene0069_05-scene0069_08-scene0069_07-scene0069_00-scene0069_02,canonical,2,1,3,0.3333333333333333,1,3,0.3333333333333333,0,2,0.0,0,0,0,,,22,10,3,0,frozen_query_observation_no_gt,post_prediction_hungarian_iou_0.5,5adf7e6e1cf98634688a4f42c9fccfedd1b4db0f623c3e4c266fd2be47140aa0
B2,10b17940-3938-2467-8a7a-958300ba83d3,scene0069_05-scene0069_08-scene0069_07-scene0069_00-scene0069_02,canonical,3,2,6,0.3333333333333333,1,6,0.16666666666666666,0,5,0.0,0,0,0,,,28,10,3,0,frozen_query_observation_no_gt,post_prediction_hungarian_iou_0.5,5adf7e6e1cf98634688a4f42c9fccfedd1b4db0f623c3e4c266fd2be47140aa0
B3,10b17940-3938-2467-8a7a-958300ba83d3,scene0069_05-scene0069_08-scene0069_07-scene0069_00-scene0069_02,canonical,3,2,6,0.3333333333333333,1,6,0.16666666666666666,0,5,0.0,0,0,0,,,28,10,3,0,frozen_query_observation_no_gt,post_prediction_hungarian_iou_0.5,5adf7e6e1cf98634688a4f42c9fccfedd1b4db0f623c3e4c266fd2be47140aa0
B4,10b17940-3938-2467-8a7a-958300ba83d3,scene0069_05-scene0069_08-scene0069_07-scene0069_00-scene0069_02,canonical,3,2,6,0.3333333333333333,1,6,0.16666666666666666,0,5,0.0,0,0,0,,,28,10,3,0,frozen_query_observation_no_gt,post_prediction_hungarian_iou_0.5,5adf7e6e1cf98634688a4f42c9fccfedd1b4db0f623c3e4c266fd2be47140aa0
B2,10b17940-3938-2467-8a7a-958300ba83d3,scene0069_05-scene0069_08-scene0069_07-scene0069_00-scene0069_02,canonical,4,2,9,0.2222222222222222,1,9,0.1111111111111111,0,8,0.0,4,0,0,,0.0,42,15,3,0,frozen_query_observation_no_gt,post_prediction_hungarian_iou_0.5,5adf7e6e1cf98634688a4f42c9fccfedd1b4db0f623c3e4c266fd2be47140aa0
B3,10b17940-3938-2467-8a7a-958300ba83d3,scene0069_05-scene0069_08-scene0069_07-scene0069_00-scene0069_02,canonical,4,2,9,0.2222222222222222,1,9,0.1111111111111111,0,8,0.0,4,0,0,,0.0,42,15,3,0,frozen_query_observation_no_gt,post_prediction_hungarian_iou_0.5,5adf7e6e1cf98634688a4f42c9fccfedd1b4db0f623c3e4c266fd2be47140aa0
B4,10b17940-3938-2467-8a7a-958300ba83d3,scene0069_05-scene0069_08-scene0069_07-scene0069_00-scene0069_02,canonical,4,2,9,0.2222222222222222,1,9,0.1111111111111111,1,9,0.1111111111111111,4,0,0,,0.0,42,11,3,0,frozen_query_observation_no_gt,post_prediction_hungarian_iou_0.5,5adf7e6e1cf98634688a4f42c9fccfedd1b4db0f623c3e4c266fd2be47140aa0
B2,10b17940-3938-2467-8a7a-958300ba83d3,scene0069_05-scene0069_08-scene0069_07-scene0069_00-scene0069_02,canonical,5,3,12,0.25,3,14,0.21428571428571427,2,13,0.15384615384615385,5,0,0,,0.0,54,16,4,0,frozen_query_observation_no_gt,post_prediction_hungarian_iou_0.5,5adf7e6e1cf98634688a4f42c9fccfedd1b4db0f623c3e4c266fd2be47140aa0
B3,10b17940-3938-2467-8a7a-958300ba83d3,scene0069_05-scene0069_08-scene0069_07-scene0069_00-scene0069_02,canonical,5,3,12,0.25,3,14,0.21428571428571427,2,13,0.15384615384615385,5,0,0,,0.0,54,16,4,0,frozen_query_observation_no_gt,post_prediction_hungarian_iou_0.5,5adf7e6e1cf98634688a4f42c9fccfedd1b4db0f623c3e4c266fd2be47140aa0
B4,10b17940-3938-2467-8a7a-958300ba83d3,scene0069_05-scene0069_08-scene0069_07-scene0069_00-scene0069_02,canonical,5,2,12,0.16666666666666666,2,14,0.14285714285714285,2,14,0.14285714285714285,5,0,0,,0.0,54,12,4,0,frozen_query_observation_no_gt,post_prediction_hungarian_iou_0.5,5adf7e6e1cf98634688a4f42c9fccfedd1b4db0f623c3e4c266fd2be47140aa0
B2,10b17940-3938-2467-8a7a-958300ba83d3,scene0069_05-scene0069_08-scene0069_07-scene0069_00-scene0069_02,reverse,2,0,4,0.0,0,4,0.0,0,4,0.0,0,0,0,,,24,11,1,0,frozen_query_observation_no_gt,post_prediction_hungarian_iou_0.5,7bca9bcd1c24e1de6c2a6de9d4860f07e02f4072e6580c736efe66f1ad74bca3
B3,10b17940-3938-2467-8a7a-958300ba83d3,scene0069_05-scene0069_08-scene0069_07-scene0069_00-scene0069_02,reverse,2,0,4,0.0,0,4,0.0,0,4,0.0,0,0,0,,,24,11,1,0,frozen_query_observation_no_gt,post_prediction_hungarian_iou_0.5,7bca9bcd1c24e1de6c2a6de9d4860f07e02f4072e6580c736efe66f1ad74bca3
B4,10b17940-3938-2467-8a7a-958300ba83d3,scene0069_05-scene0069_08-scene0069_07-scene0069_00-scene0069_02,reverse,2,0,4,0.0,0,4,0.0,0,4,0.0,0,0,0,,,24,11,1,0,frozen_query_observation_no_gt,post_prediction_hungarian_iou_0.5,7bca9bcd1c24e1de6c2a6de9d4860f07e02f4072e6580c736efe66f1ad74bca3
B2,10b17940-3938-2467-8a7a-958300ba83d3,scene0069_05-scene0069_08-scene0069_07-scene0069_00-scene0069_02,reverse,3,0,7,0.0,0,7,0.0,0,7,0.0,0,0,0,,,31,11,1,0,frozen_query_observation_no_gt,post_prediction_hungarian_iou_0.5,7bca9bcd1c24e1de6c2a6de9d4860f07e02f4072e6580c736efe66f1ad74bca3
B3,10b17940-3938-2467-8a7a-958300ba83d3,scene0069_05-scene0069_08-scene0069_07-scene0069_00-scene0069_02,reverse,3,0,7,0.0,0,7,0.0,0,7,0.0,0,0,0,,,31,11,1,0,frozen_query_observation_no_gt,post_prediction_hungarian_iou_0.5,7bca9bcd1c24e1de6c2a6de9d4860f07e02f4072e6580c736efe66f1ad74bca3
B4,10b17940-3938-2467-8a7a-958300ba83d3,scene0069_05-scene0069_08-scene0069_07-scene0069_00-scene0069_02,reverse,3,0,7,0.0,0,7,0.0,0,7,0.0,0,0,0,,,31,11,1,0,frozen_query_observation_no_gt,post_prediction_hungarian_iou_0.5,7bca9bcd1c24e1de6c2a6de9d4860f07e02f4072e6580c736efe66f1ad74bca3
B2,10b17940-3938-2467-8a7a-958300ba83d3,scene0069_05-scene0069_08-scene0069_07-scene0069_00-scene0069_02,reverse,4,0,10,0.0,0,11,0.0,0,11,0.0,2,0,0,,0.0,41,13,3,0,frozen_query_observation_no_gt,post_prediction_hungarian_iou_0.5,7bca9bcd1c24e1de6c2a6de9d4860f07e02f4072e6580c736efe66f1ad74bca3
B3,10b17940-3938-2467-8a7a-958300ba83d3,scene0069_05-scene0069_08-scene0069_07-scene0069_00-scene0069_02,reverse,4,0,10,0.0,0,11,0.0,0,11,0.0,2,0,0,,0.0,41,13,3,0,frozen_query_observation_no_gt,post_prediction_hungarian_iou_0.5,7bca9bcd1c24e1de6c2a6de9d4860f07e02f4072e6580c736efe66f1ad74bca3
B4,10b17940-3938-2467-8a7a-958300ba83d3,scene0069_05-scene0069_08-scene0069_07-scene0069_00-scene0069_02,reverse,4,0,10,0.0,0,11,0.0,0,11,0.0,2,0,0,,0.0,41,11,1,0,frozen_query_observation_no_gt,post_prediction_hungarian_iou_0.5,7bca9bcd1c24e1de6c2a6de9d4860f07e02f4072e6580c736efe66f1ad74bca3
B2,10b17940-3938-2467-8a7a-958300ba83d3,scene0069_05-scene0069_08-scene0069_07-scene0069_00-scene0069_02,reverse,5,0,13,0.0,1,15,0.06666666666666667,0,14,0.0,5,0,0,,0.0,51,15,4,0,frozen_query_observation_no_gt,post_prediction_hungarian_iou_0.5,7bca9bcd1c24e1de6c2a6de9d4860f07e02f4072e6580c736efe66f1ad74bca3
B3,10b17940-3938-2467-8a7a-958300ba83d3,scene0069_05-scene0069_08-scene0069_07-scene0069_00-scene0069_02,reverse,5,0,13,0.0,1,15,0.06666666666666667,0,14,0.0,5,0,0,,0.0,51,15,4,0,frozen_query_observation_no_gt,post_prediction_hungarian_iou_0.5,7bca9bcd1c24e1de6c2a6de9d4860f07e02f4072e6580c736efe66f1ad74bca3
B4,10b17940-3938-2467-8a7a-958300ba83d3,scene0069_05-scene0069_08-scene0069_07-scene0069_00-scene0069_02,reverse,5,0,13,0.0,0,15,0.0,0,15,0.0,5,0,0,,0.0,51,11,1,0,frozen_query_observation_no_gt,post_prediction_hungarian_iou_0.5,7bca9bcd1c24e1de6c2a6de9d4860f07e02f4072e6580c736efe66f1ad74bca3
B2,10b17940-3938-2467-8a7a-958300ba83d3,scene0069_05-scene0069_08-scene0069_07-scene0069_00-scene0069_02,sha256_seed45,2,0,4,0.0,0,4,0.0,0,4,0.0,0,0,0,,,24,10,4,0,frozen_query_observation_no_gt,post_prediction_hungarian_iou_0.5,365a80d2cb42a38a9456c37407d1a41a3a51ebaa023615b3fe34fe9e555541d6
B3,10b17940-3938-2467-8a7a-958300ba83d3,scene0069_05-scene0069_08-scene0069_07-scene0069_00-scene0069_02,sha256_seed45,2,0,4,0.0,0,4,0.0,0,4,0.0,0,0,0,,,24,10,4,0,frozen_query_observation_no_gt,post_prediction_hungarian_iou_0.5,365a80d2cb42a38a9456c37407d1a41a3a51ebaa023615b3fe34fe9e555541d6
B4,10b17940-3938-2467-8a7a-958300ba83d3,scene0069_05-scene0069_08-scene0069_07-scene0069_00-scene0069_02,sha256_seed45,2,0,4,0.0,0,4,0.0,0,4,0.0,0,0,0,,,24,10,4,0,frozen_query_observation_no_gt,post_prediction_hungarian_iou_0.5,365a80d2cb42a38a9456c37407d1a41a3a51ebaa023615b3fe34fe9e555541d6
B2,10b17940-3938-2467-8a7a-958300ba83d3,scene0069_05-scene0069_08-scene0069_07-scene0069_00-scene0069_02,sha256_seed45,3,0,7,0.0,0,7,0.0,0,7,0.0,0,0,0,,,31,10,4,0,frozen_query_observation_no_gt,post_prediction_hungarian_iou_0.5,365a80d2cb42a38a9456c37407d1a41a3a51ebaa023615b3fe34fe9e555541d6
B3,10b17940-3938-2467-8a7a-958300ba83d3,scene0069_05-scene0069_08-scene0069_07-scene0069_00-scene0069_02,sha256_seed45,3,0,7,0.0,0,7,0.0,0,7,0.0,0,0,0,,,31,10,4,0,frozen_query_observation_no_gt,post_prediction_hungarian_iou_0.5,365a80d2cb42a38a9456c37407d1a41a3a51ebaa023615b3fe34fe9e555541d6
B4,10b17940-3938-2467-8a7a-958300ba83d3,scene0069_05-scene0069_08-scene0069_07-scene0069_00-scene0069_02,sha256_seed45,3,0,7,0.0,0,7,0.0,0,7,0.0,0,0,0,,,31,10,4,0,frozen_query_observation_no_gt,post_prediction_hungarian_iou_0.5,365a80d2cb42a38a9456c37407d1a41a3a51ebaa023615b3fe34fe9e555541d6
B2,10b17940-3938-2467-8a7a-958300ba83d3,scene0069_05-scene0069_08-scene0069_07-scene0069_00-scene0069_02,sha256_seed45,4,0,9,0.0,1,11,0.09090909090909091,0,10,0.0,3,1,0,0.0,0.0,40,12,5,0,frozen_query_observation_no_gt,post_prediction_hungarian_iou_0.5,365a80d2cb42a38a9456c37407d1a41a3a51ebaa023615b3fe34fe9e555541d6
B3,10b17940-3938-2467-8a7a-958300ba83d3,scene0069_05-scene0069_08-scene0069_07-scene0069_00-scene0069_02,sha256_seed45,4,0,9,0.0,1,11,0.09090909090909091,0,10,0.0,3,1,0,0.0,0.0,40,12,5,0,frozen_query_observation_no_gt,post_prediction_hungarian_iou_0.5,365a80d2cb42a38a9456c37407d1a41a3a51ebaa023615b3fe34fe9e555541d6
B4,10b17940-3938-2467-8a7a-958300ba83d3,scene0069_05-scene0069_08-scene0069_07-scene0069_00-scene0069_02,sha256_seed45,4,0,9,0.0,0,11,0.0,0,11,0.0,3,1,1,1.0,0.3333333333333333,40,10,4,0,frozen_query_observation_no_gt,post_prediction_hungarian_iou_0.5,365a80d2cb42a38a9456c37407d1a41a3a51ebaa023615b3fe34fe9e555541d6
B2,10b17940-3938-2467-8a7a-958300ba83d3,scene0069_05-scene0069_08-scene0069_07-scene0069_00-scene0069_02,sha256_seed45,5,1,13,0.07692307692307693,2,15,0.13333333333333333,0,13,0.0,3,1,0,0.0,0.0,50,13,6,0,frozen_query_observation_no_gt,post_prediction_hungarian_iou_0.5,365a80d2cb42a38a9456c37407d1a41a3a51ebaa023615b3fe34fe9e555541d6
B3,10b17940-3938-2467-8a7a-958300ba83d3,scene0069_05-scene0069_08-scene0069_07-scene0069_00-scene0069_02,sha256_seed45,5,1,13,0.07692307692307693,2,15,0.13333333333333333,0,13,0.0,3,1,0,0.0,0.0,50,13,6,0,frozen_query_observation_no_gt,post_prediction_hungarian_iou_0.5,365a80d2cb42a38a9456c37407d1a41a3a51ebaa023615b3fe34fe9e555541d6
B4,10b17940-3938-2467-8a7a-958300ba83d3,scene0069_05-scene0069_08-scene0069_07-scene0069_00-scene0069_02,sha256_seed45,5,1,13,0.07692307692307693,1,15,0.06666666666666667,0,14,0.0,3,1,1,1.0,0.3333333333333333,50,11,5,0,frozen_query_observation_no_gt,post_prediction_hungarian_iou_0.5,365a80d2cb42a38a9456c37407d1a41a3a51ebaa023615b3fe34fe9e555541d6
B2,10b17940-3938-2467-8a7a-958300ba83d3,scene0069_06-scene0069_09-scene0069_05-scene0069_08-scene0069_07,canonical,2,0,4,0.0,0,4,0.0,0,4,0.0,0,0,0,,,17,7,1,0,frozen_query_observation_no_gt,post_prediction_hungarian_iou_0.5,511f5cf98de48a6fd5e12c10754955687eb4298d7e21829f662d569c85c6a0fe
B3,10b17940-3938-2467-8a7a-958300ba83d3,scene0069_06-scene0069_09-scene0069_05-scene0069_08-scene0069_07,canonical,2,0,4,0.0,0,4,0.0,0,4,0.0,0,0,0,,,17,7,1,0,frozen_query_observation_no_gt,post_prediction_hungarian_iou_0.5,511f5cf98de48a6fd5e12c10754955687eb4298d7e21829f662d569c85c6a0fe
B4,10b17940-3938-2467-8a7a-958300ba83d3,scene0069_06-scene0069_09-scene0069_05-scene0069_08-scene0069_07,canonical,2,0,4,0.0,0,4,0.0,0,4,0.0,0,0,0,,,17,7,1,0,frozen_query_observation_no_gt,post_prediction_hungarian_iou_0.5,511f5cf98de48a6fd5e12c10754955687eb4298d7e21829f662d569c85c6a0fe
B2,10b17940-3938-2467-8a7a-958300ba83d3,scene0069_06-scene0069_09-scene0069_05-scene0069_08-scene0069_07,canonical,3,0,7,0.0,0,7,0.0,0,7,0.0,2,0,0,,0.0,27,9,1,0,frozen_query_observation_no_gt,post_prediction_hungarian_iou_0.5,511f5cf98de48a6fd5e12c10754955687eb4298d7e21829f662d569c85c6a0fe
B3,10b17940-3938-2467-8a7a-958300ba83d3,scene0069_06-scene0069_09-scene0069_05-scene0069_08-scene0069_07,canonical,3,0,7,0.0,0,7,0.0,0,7,0.0,2,0,0,,0.0,27,9,1,0,frozen_query_observation_no_gt,post_prediction_hungarian_iou_0.5,511f5cf98de48a6fd5e12c10754955687eb4298d7e21829f662d569c85c6a0fe
B4,10b17940-3938-2467-8a7a-958300ba83d3,scene0069_06-scene0069_09-scene0069_05-scene0069_08-scene0069_07,canonical,3,0,7,0.0,0,7,0.0,0,7,0.0,2,0,0,,0.0,27,8,1,0,frozen_query_observation_no_gt,post_prediction_hungarian_iou_0.5,511f5cf98de48a6fd5e12c10754955687eb4298d7e21829f662d569c85c6a0fe
B2,10b17940-3938-2467-8a7a-958300ba83d3,scene0069_06-scene0069_09-scene0069_05-scene0069_08-scene0069_07,canonical,4,1,10,0.1,1,10,0.1,0,9,0.0,3,0,0,,0.0,39,13,4,0,frozen_query_observation_no_gt,post_prediction_hungarian_iou_0.5,511f5cf98de48a6fd5e12c10754955687eb4298d7e21829f662d569c85c6a0fe
B3,10b17940-3938-2467-8a7a-958300ba83d3,scene0069_06-scene0069_09-scene0069_05-scene0069_08-scene0069_07,canonical,4,1,10,0.1,1,10,0.1,0,9,0.0,3,0,0,,0.0,39,13,4,0,frozen_query_observation_no_gt,post_prediction_hungarian_iou_0.5,511f5cf98de48a6fd5e12c10754955687eb4298d7e21829f662d569c85c6a0fe
B4,10b17940-3938-2467-8a7a-958300ba83d3,scene0069_06-scene0069_09-scene0069_05-scene0069_08-scene0069_07,canonical,4,1,10,0.1,1,10,0.1,0,9,0.0,3,0,0,,0.0,39,10,3,0,frozen_query_observation_no_gt,post_prediction_hungarian_iou_0.5,511f5cf98de48a6fd5e12c10754955687eb4298d7e21829f662d569c85c6a0fe
B2,10b17940-3938-2467-8a7a-958300ba83d3,scene0069_06-scene0069_09-scene0069_05-scene0069_08-scene0069_07,canonical,5,2,13,0.15384615384615385,1,13,0.07692307692307693,0,12,0.0,3,0,0,,0.0,45,13,4,0,frozen_query_observation_no_gt,post_prediction_hungarian_iou_0.5,511f5cf98de48a6fd5e12c10754955687eb4298d7e21829f662d569c85c6a0fe
B3,10b17940-3938-2467-8a7a-958300ba83d3,scene0069_06-scene0069_09-scene0069_05-scene0069_08-scene0069_07,canonical,5,2,13,0.15384615384615385,1,13,0.07692307692307693,0,12,0.0,3,0,0,,0.0,45,13,4,0,frozen_query_observation_no_gt,post_prediction_hungarian_iou_0.5,511f5cf98de48a6fd5e12c10754955687eb4298d7e21829f662d569c85c6a0fe
B4,10b17940-3938-2467-8a7a-958300ba83d3,scene0069_06-scene0069_09-scene0069_05-scene0069_08-scene0069_07,canonical,5,2,13,0.15384615384615385,1,13,0.07692307692307693,0,12,0.0,3,0,0,,0.0,45,10,3,0,frozen_query_observation_no_gt,post_prediction_hungarian_iou_0.5,511f5cf98de48a6fd5e12c10754955687eb4298d7e21829f662d569c85c6a0fe
B2,10b17940-3938-2467-8a7a-958300ba83d3,scene0069_06-scene0069_09-scene0069_05-scene0069_08-scene0069_07,reverse,2,0,2,0.0,0,2,0.0,0,2,0.0,0,0,0,,,17,7,3,0,frozen_query_observation_no_gt,post_prediction_hungarian_iou_0.5,8bcbd43d3e2bf923046cb548eacc18d2221762fe6f7d961ff7174872c5470f07
B3,10b17940-3938-2467-8a7a-958300ba83d3,scene0069_06-scene0069_09-scene0069_05-scene0069_08-scene0069_07,reverse,2,0,2,0.0,0,2,0.0,0,2,0.0,0,0,0,,,17,7,3,0,frozen_query_observation_no_gt,post_prediction_hungarian_iou_0.5,8bcbd43d3e2bf923046cb548eacc18d2221762fe6f7d961ff7174872c5470f07
B4,10b17940-3938-2467-8a7a-958300ba83d3,scene0069_06-scene0069_09-scene0069_05-scene0069_08-scene0069_07,reverse,2,0,2,0.0,0,2,0.0,0,2,0.0,0,0,0,,,17,7,3,0,frozen_query_observation_no_gt,post_prediction_hungarian_iou_0.5,8bcbd43d3e2bf923046cb548eacc18d2221762fe6f7d961ff7174872c5470f07
B2,10b17940-3938-2467-8a7a-958300ba83d3,scene0069_06-scene0069_09-scene0069_05-scene0069_08-scene0069_07,reverse,3,0,5,0.0,0,5,0.0,0,5,0.0,0,0,0,,,27,9,3,0,frozen_query_observation_no_gt,post_prediction_hungarian_iou_0.5,8bcbd43d3e2bf923046cb548eacc18d2221762fe6f7d961ff7174872c5470f07
B3,10b17940-3938-2467-8a7a-958300ba83d3,scene0069_06-scene0069_09-scene0069_05-scene0069_08-scene0069_07,reverse,3,0,5,0.0,0,5,0.0,0,5,0.0,0,0,0,,,27,9,3,0,frozen_query_observation_no_gt,post_prediction_hungarian_iou_0.5,8bcbd43d3e2bf923046cb548eacc18d2221762fe6f7d961ff7174872c5470f07
B4,10b17940-3938-2467-8a7a-958300ba83d3,scene0069_06-scene0069_09-scene0069_05-scene0069_08-scene0069_07,reverse,3,0,5,0.0,0,5,0.0,0,5,0.0,0,0,0,,,27,9,3,0,frozen_query_observation_no_gt,post_prediction_hungarian_iou_0.5,8bcbd43d3e2bf923046cb548eacc18d2221762fe6f7d961ff7174872c5470f07
B2,10b17940-3938-2467-8a7a-958300ba83d3,scene0069_06-scene0069_09-scene0069_05-scene0069_08-scene0069_07,reverse,4,0,7,0.0,1,8,0.125,0,7,0.0,1,0,0,,0.0,36,10,3,0,frozen_query_observation_no_gt,post_prediction_hungarian_iou_0.5,8bcbd43d3e2bf923046cb548eacc18d2221762fe6f7d961ff7174872c5470f07
B3,10b17940-3938-2467-8a7a-958300ba83d3,scene0069_06-scene0069_09-scene0069_05-scene0069_08-scene0069_07,reverse,4,0,7,0.0,1,8,0.125,0,7,0.0,1,0,0,,0.0,36,10,3,0,frozen_query_observation_no_gt,post_prediction_hungarian_iou_0.5,8bcbd43d3e2bf923046cb548eacc18d2221762fe6f7d961ff7174872c5470f07
B4,10b17940-3938-2467-8a7a-958300ba83d3,scene0069_06-scene0069_09-scene0069_05-scene0069_08-scene0069_07,reverse,4,0,7,0.0,0,8,0.0,0,8,0.0,1,0,0,,0.0,36,9,3,0,frozen_query_observation_no_gt,post_prediction_hungarian_iou_0.5,8bcbd43d3e2bf923046cb548eacc18d2221762fe6f7d961ff7174872c5470f07
B2,10b17940-3938-2467-8a7a-958300ba83d3,scene0069_06-scene0069_09-scene0069_05-scene0069_08-scene0069_07,reverse,5,1,10,0.1,2,12,0.16666666666666666,0,10,0.0,3,0,0,,0.0,45,11,4,0,frozen_query_observation_no_gt,post_prediction_hungarian_iou_0.5,8bcbd43d3e2bf923046cb548eacc18d2221762fe6f7d961ff7174872c5470f07
B3,10b17940-3938-2467-8a7a-958300ba83d3,scene0069_06-scene0069_09-scene0069_05-scene0069_08-scene0069_07,reverse,5,0,10,0.0,1,12,0.08333333333333333,0,11,0.0,3,0,0,,0.0,45,11,4,0,frozen_query_observation_no_gt,post_prediction_hungarian_iou_0.5,8bcbd43d3e2bf923046cb548eacc18d2221762fe6f7d961ff7174872c5470f07
B4,10b17940-3938-2467-8a7a-958300ba83d3,scene0069_06-scene0069_09-scene0069_05-scene0069_08-scene0069_07,reverse,5,0,10,0.0,0,12,0.0,0,12,0.0,3,0,0,,0.0,45,10,4,0,frozen_query_observation_no_gt,post_prediction_hungarian_iou_0.5,8bcbd43d3e2bf923046cb548eacc18d2221762fe6f7d961ff7174872c5470f07
B2,10b17940-3938-2467-8a7a-958300ba83d3,scene0069_06-scene0069_09-scene0069_05-scene0069_08-scene0069_07,sha256_seed45,2,0,4,0.0,0,4,0.0,0,4,0.0,0,0,0,,,16,7,3,0,frozen_query_observation_no_gt,post_prediction_hungarian_iou_0.5,14fc72ca4356c99d100996c4c2802bd93c2e0b88a572f8a7fb6c9e200d922a29
B3,10b17940-3938-2467-8a7a-958300ba83d3,scene0069_06-scene0069_09-scene0069_05-scene0069_08-scene0069_07,sha256_seed45,2,0,4,0.0,0,4,0.0,0,4,0.0,0,0,0,,,16,7,3,0,frozen_query_observation_no_gt,post_prediction_hungarian_iou_0.5,14fc72ca4356c99d100996c4c2802bd93c2e0b88a572f8a7fb6c9e200d922a29
B4,10b17940-3938-2467-8a7a-958300ba83d3,scene0069_06-scene0069_09-scene0069_05-scene0069_08-scene0069_07,sha256_seed45,2,0,4,0.0,0,4,0.0,0,4,0.0,0,0,0,,,16,7,3,0,frozen_query_observation_no_gt,post_prediction_hungarian_iou_0.5,14fc72ca4356c99d100996c4c2802bd93c2e0b88a572f8a7fb6c9e200d922a29
B2,10b17940-3938-2467-8a7a-958300ba83d3,scene0069_06-scene0069_09-scene0069_05-scene0069_08-scene0069_07,sha256_seed45,3,0,7,0.0,0,7,0.0,0,7,0.0,1,0,0,,0.0,25,9,3,0,frozen_query_observation_no_gt,post_prediction_hungarian_iou_0.5,14fc72ca4356c99d100996c4c2802bd93c2e0b88a572f8a7fb6c9e200d922a29
B3,10b17940-3938-2467-8a7a-958300ba83d3,scene0069_06-scene0069_09-scene0069_05-scene0069_08-scene0069_07,sha256_seed45,3,0,7,0.0,0,7,0.0,0,7,0.0,1,0,0,,0.0,25,9,3,0,frozen_query_observation_no_gt,post_prediction_hungarian_iou_0.5,14fc72ca4356c99d100996c4c2802bd93c2e0b88a572f8a7fb6c9e200d922a29
B4,10b17940-3938-2467-8a7a-958300ba83d3,scene0069_06-scene0069_09-scene0069_05-scene0069_08-scene0069_07,sha256_seed45,3,0,7,0.0,0,7,0.0,0,7,0.0,1,0,0,,0.0,25,8,3,0,frozen_query_observation_no_gt,post_prediction_hungarian_iou_0.5,14fc72ca4356c99d100996c4c2802bd93c2e0b88a572f8a7fb6c9e200d922a29
B2,10b17940-3938-2467-8a7a-958300ba83d3,scene0069_06-scene0069_09-scene0069_05-scene0069_08-scene0069_07,sha256_seed45,4,0,10,0.0,0,10,0.0,0,10,0.0,1,0,0,,0.0,35,11,3,0,frozen_query_observation_no_gt,post_prediction_hungarian_iou_0.5,14fc72ca4356c99d100996c4c2802bd93c2e0b88a572f8a7fb6c9e200d922a29
B3,10b17940-3938-2467-8a7a-958300ba83d3,scene0069_06-scene0069_09-scene0069_05-scene0069_08-scene0069_07,sha256_seed45,4,0,10,0.0,0,10,0.0,0,10,0.0,1,0,0,,0.0,35,11,3,0,frozen_query_observation_no_gt,post_prediction_hungarian_iou_0.5,14fc72ca4356c99d100996c4c2802bd93c2e0b88a572f8a7fb6c9e200d922a29
B4,10b17940-3938-2467-8a7a-958300ba83d3,scene0069_06-scene0069_09-scene0069_05-scene0069_08-scene0069_07,sha256_seed45,4,0,10,0.0,0,10,0.0,0,10,0.0,1,0,0,,0.0,35,10,3,0,frozen_query_observation_no_gt,post_prediction_hungarian_iou_0.5,14fc72ca4356c99d100996c4c2802bd93c2e0b88a572f8a7fb6c9e200d922a29
B2,10b17940-3938-2467-8a7a-958300ba83d3,scene0069_06-scene0069_09-scene0069_05-scene0069_08-scene0069_07,sha256_seed45,5,0,13,0.0,1,14,0.07142857142857142,0,13,0.0,2,1,0,0.0,0.0,44,12,4,0,frozen_query_observation_no_gt,post_prediction_hungarian_iou_0.5,14fc72ca4356c99d100996c4c2802bd93c2e0b88a572f8a7fb6c9e200d922a29
B3,10b17940-3938-2467-8a7a-958300ba83d3,scene0069_06-scene0069_09-scene0069_05-scene0069_08-scene0069_07,sha256_seed45,5,0,13,0.0,1,14,0.07142857142857142,0,13,0.0,2,1,0,0.0,0.0,44,12,4,0,frozen_query_observation_no_gt,post_prediction_hungarian_iou_0.5,14fc72ca4356c99d100996c4c2802bd93c2e0b88a572f8a7fb6c9e200d922a29
B4,10b17940-3938-2467-8a7a-958300ba83d3,scene0069_06-scene0069_09-scene0069_05-scene0069_08-scene0069_07,sha256_seed45,5,0,13,0.0,0,14,0.0,0,14,0.0,2,1,1,1.0,0.5,44,11,4,0,frozen_query_observation_no_gt,post_prediction_hungarian_iou_0.5,14fc72ca4356c99d100996c4c2802bd93c2e0b88a572f8a7fb6c9e200d922a29
B2,10b17940-3938-2467-8a7a-958300ba83d3,scene0069_07-scene0069_00-scene0069_02-scene0069_04-scene0069_03,canonical,2,0,2,0.0,0,2,0.0,0,2,0.0,0,0,0,,,21,10,1,0,frozen_query_observation_no_gt,post_prediction_hungarian_iou_0.5,8da3ea29af03cf473c1490cbd900ecc0604f58e30c421f2f9a0e6c9e39ef6cfb
B3,10b17940-3938-2467-8a7a-958300ba83d3,scene0069_07-scene0069_00-scene0069_02-scene0069_04-scene0069_03,canonical,2,0,2,0.0,0,2,0.0,0,2,0.0,0,0,0,,,21,10,1,0,frozen_query_observation_no_gt,post_prediction_hungarian_iou_0.5,8da3ea29af03cf473c1490cbd900ecc0604f58e30c421f2f9a0e6c9e39ef6cfb
B4,10b17940-3938-2467-8a7a-958300ba83d3,scene0069_07-scene0069_00-scene0069_02-scene0069_04-scene0069_03,canonical,2,0,2,0.0,0,2,0.0,0,2,0.0,0,0,0,,,21,10,1,0,frozen_query_observation_no_gt,post_prediction_hungarian_iou_0.5,8da3ea29af03cf473c1490cbd900ecc0604f58e30c421f2f9a0e6c9e39ef6cfb
B2,10b17940-3938-2467-8a7a-958300ba83d3,scene0069_07-scene0069_00-scene0069_02-scene0069_04-scene0069_03,canonical,3,1,5,0.2,1,5,0.2,2,6,0.3333333333333333,0,0,0,,,33,11,2,0,frozen_query_observation_no_gt,post_prediction_hungarian_iou_0.5,8da3ea29af03cf473c1490cbd900ecc0604f58e30c421f2f9a0e6c9e39ef6cfb
B3,10b17940-3938-2467-8a7a-958300ba83d3,scene0069_07-scene0069_00-scene0069_02-scene0069_04-scene0069_03,canonical,3,0,5,0.0,0,5,0.0,1,6,0.16666666666666666,0,0,0,,,33,12,2,0,frozen_query_observation_no_gt,post_prediction_hungarian_iou_0.5,8da3ea29af03cf473c1490cbd900ecc0604f58e30c421f2f9a0e6c9e39ef6cfb
B4,10b17940-3938-2467-8a7a-958300ba83d3,scene0069_07-scene0069_00-scene0069_02-scene0069_04-scene0069_03,canonical,3,0,5,0.0,0,5,0.0,0,5,0.0,0,0,0,,,33,13,2,0,frozen_query_observation_no_gt,post_prediction_hungarian_iou_0.5,8da3ea29af03cf473c1490cbd900ecc0604f58e30c421f2f9a0e6c9e39ef6cfb
B2,10b17940-3938-2467-8a7a-958300ba83d3,scene0069_07-scene0069_00-scene0069_02-scene0069_04-scene0069_03,canonical,4,1,10,0.1,3,12,0.25,3,12,0.25,2,2,0,0.0,0.0,44,12,3,0,frozen_query_observation_no_gt,post_prediction_hungarian_iou_0.5,8da3ea29af03cf473c1490cbd900ecc0604f58e30c421f2f9a0e6c9e39ef6cfb
B3,10b17940-3938-2467-8a7a-958300ba83d3,scene0069_07-scene0069_00-scene0069_02-scene0069_04-scene0069_03,canonical,4,0,10,0.0,2,12,0.16666666666666666,1,11,0.09090909090909091,2,2,0,0.0,0.0,44,13,3,0,frozen_query_observation_no_gt,post_prediction_hungarian_iou_0.5,8da3ea29af03cf473c1490cbd900ecc0604f58e30c421f2f9a0e6c9e39ef6cfb
B4,10b17940-3938-2467-8a7a-958300ba83d3,scene0069_07-scene0069_00-scene0069_02-scene0069_04-scene0069_03,canonical,4,0,10,0.0,0,12,0.0,0,12,0.0,2,2,2,1.0,1.0,44,13,2,0,frozen_query_observation_no_gt,post_prediction_hungarian_iou_0.5,8da3ea29af03cf473c1490cbd900ecc0604f58e30c421f2f9a0e6c9e39ef6cfb
B2,10b17940-3938-2467-8a7a-958300ba83d3,scene0069_07-scene0069_00-scene0069_02-scene0069_04-scene0069_03,canonical,5,1,13,0.07692307692307693,3,15,0.2,3,15,0.2,2,2,0,0.0,0.0,52,13,3,0,frozen_query_observation_no_gt,post_prediction_hungarian_iou_0.5,8da3ea29af03cf473c1490cbd900ecc0604f58e30c421f2f9a0e6c9e39ef6cfb
B3,10b17940-3938-2467-8a7a-958300ba83d3,scene0069_07-scene0069_00-scene0069_02-scene0069_04-scene0069_03,canonical,5,0,13,0.0,2,15,0.13333333333333333,1,14,0.07142857142857142,2,2,0,0.0,0.0,52,14,3,0,frozen_query_observation_no_gt,post_prediction_hungarian_iou_0.5,8da3ea29af03cf473c1490cbd900ecc0604f58e30c421f2f9a0e6c9e39ef6cfb
B4,10b17940-3938-2467-8a7a-958300ba83d3,scene0069_07-scene0069_00-scene0069_02-scene0069_04-scene0069_03,canonical,5,0,13,0.0,0,15,0.0,0,15,0.0,2,2,2,1.0,1.0,52,13,2,0,frozen_query_observation_no_gt,post_prediction_hungarian_iou_0.5,8da3ea29af03cf473c1490cbd900ecc0604f58e30c421f2f9a0e6c9e39ef6cfb
B2,10b17940-3938-2467-8a7a-958300ba83d3,scene0069_07-scene0069_00-scene0069_02-scene0069_04-scene0069_03,reverse,2,0,3,0.0,0,3,0.0,0,3,0.0,0,0,0,,,22,10,3,0,frozen_query_observation_no_gt,post_prediction_hungarian_iou_0.5,455eeb81957f108a8dfafe8db95530c729afd523b7cc4b629aa6aed8e173cf72
B3,10b17940-3938-2467-8a7a-958300ba83d3,scene0069_07-scene0069_00-scene0069_02-scene0069_04-scene0069_03,reverse,2,0,3,0.0,0,3,0.0,0,3,0.0,0,0,0,,,22,10,3,0,frozen_query_observation_no_gt,post_prediction_hungarian_iou_0.5,455eeb81957f108a8dfafe8db95530c729afd523b7cc4b629aa6aed8e173cf72
B4,10b17940-3938-2467-8a7a-958300ba83d3,scene0069_07-scene0069_00-scene0069_02-scene0069_04-scene0069_03,reverse,2,0,3,0.0,0,3,0.0,0,3,0.0,0,0,0,,,22,10,3,0,frozen_query_observation_no_gt,post_prediction_hungarian_iou_0.5,455eeb81957f108a8dfafe8db95530c729afd523b7cc4b629aa6aed8e173cf72
B2,10b17940-3938-2467-8a7a-958300ba83d3,scene0069_07-scene0069_00-scene0069_02-scene0069_04-scene0069_03,reverse,3,0,8,0.0,0,8,0.0,0,8,0.0,0,0,0,,,32,10,3,0,frozen_query_observation_no_gt,post_prediction_hungarian_iou_0.5,455eeb81957f108a8dfafe8db95530c729afd523b7cc4b629aa6aed8e173cf72
B3,10b17940-3938-2467-8a7a-958300ba83d3,scene0069_07-scene0069_00-scene0069_02-scene0069_04-scene0069_03,reverse,3,0,8,0.0,0,8,0.0,0,8,0.0,0,0,0,,,32,10,3,0,frozen_query_observation_no_gt,post_prediction_hungarian_iou_0.5,455eeb81957f108a8dfafe8db95530c729afd523b7cc4b629aa6aed8e173cf72
B4,10b17940-3938-2467-8a7a-958300ba83d3,scene0069_07-scene0069_00-scene0069_02-scene0069_04-scene0069_03,reverse,3,0,8,0.0,0,8,0.0,0,8,0.0,0,0,0,,,32,10,3,0,frozen_query_observation_no_gt,post_prediction_hungarian_iou_0.5,455eeb81957f108a8dfafe8db95530c729afd523b7cc4b629aa6aed8e173cf72
B2,10b17940-3938-2467-8a7a-958300ba83d3,scene0069_07-scene0069_00-scene0069_02-scene0069_04-scene0069_03,reverse,4,0,13,0.0,2,15,0.13333333333333333,0,13,0.0,2,2,0,0.0,0.0,45,13,5,0,frozen_query_observation_no_gt,post_prediction_hungarian_iou_0.5,455eeb81957f108a8dfafe8db95530c729afd523b7cc4b629aa6aed8e173cf72
B3,10b17940-3938-2467-8a7a-958300ba83d3,scene0069_07-scene0069_00-scene0069_02-scene0069_04-scene0069_03,reverse,4,1,13,0.07692307692307693,3,15,0.2,1,13,0.07692307692307693,2,2,0,0.0,0.0,45,13,5,0,frozen_query_observation_no_gt,post_prediction_hungarian_iou_0.5,455eeb81957f108a8dfafe8db95530c729afd523b7cc4b629aa6aed8e173cf72
B4,10b17940-3938-2467-8a7a-958300ba83d3,scene0069_07-scene0069_00-scene0069_02-scene0069_04-scene0069_03,reverse,4,0,13,0.0,0,15,0.0,0,15,0.0,2,2,2,1.0,1.0,45,10,3,0,frozen_query_observation_no_gt,post_prediction_hungarian_iou_0.5,455eeb81957f108a8dfafe8db95530c729afd523b7cc4b629aa6aed8e173cf72
B2,10b17940-3938-2467-8a7a-958300ba83d3,scene0069_07-scene0069_00-scene0069_02-scene0069_04-scene0069_03,reverse,5,0,16,0.0,2,18,0.1111111111111111,0,16,0.0,2,2,0,0.0,0.0,52,13,5,0,frozen_query_observation_no_gt,post_prediction_hungarian_iou_0.5,455eeb81957f108a8dfafe8db95530c729afd523b7cc4b629aa6aed8e173cf72
B3,10b17940-3938-2467-8a7a-958300ba83d3,scene0069_07-scene0069_00-scene0069_02-scene0069_04-scene0069_03,reverse,5,1,16,0.0625,3,18,0.16666666666666666,1,16,0.0625,2,2,0,0.0,0.0,52,13,5,0,frozen_query_observation_no_gt,post_prediction_hungarian_iou_0.5,455eeb81957f108a8dfafe8db95530c729afd523b7cc4b629aa6aed8e173cf72
B4,10b17940-3938-2467-8a7a-958300ba83d3,scene0069_07-scene0069_00-scene0069_02-scene0069_04-scene0069_03,reverse,5,0,16,0.0,0,18,0.0,0,18,0.0,2,2,2,1.0,1.0,52,10,3,0,frozen_query_observation_no_gt,post_prediction_hungarian_iou_0.5,455eeb81957f108a8dfafe8db95530c729afd523b7cc4b629aa6aed8e173cf72
B2,10b17940-3938-2467-8a7a-958300ba83d3,scene0069_07-scene0069_00-scene0069_02-scene0069_04-scene0069_03,sha256_seed45,2,0,3,0.0,0,3,0.0,0,3,0.0,0,0,0,,,19,9,1,0,frozen_query_observation_no_gt,post_prediction_hungarian_iou_0.5,0ccf445ea23cb081f1ebec56a051faa7e12928ce0360aa12ba852c3132df2f2d
B3,10b17940-3938-2467-8a7a-958300ba83d3,scene0069_07-scene0069_00-scene0069_02-scene0069_04-scene0069_03,sha256_seed45,2,0,3,0.0,0,3,0.0,0,3,0.0,0,0,0,,,19,9,1,0,frozen_query_observation_no_gt,post_prediction_hungarian_iou_0.5,0ccf445ea23cb081f1ebec56a051faa7e12928ce0360aa12ba852c3132df2f2d
B4,10b17940-3938-2467-8a7a-958300ba83d3,scene0069_07-scene0069_00-scene0069_02-scene0069_04-scene0069_03,sha256_seed45,2,0,3,0.0,0,3,0.0,0,3,0.0,0,0,0,,,19,9,1,0,frozen_query_observation_no_gt,post_prediction_hungarian_iou_0.5,0ccf445ea23cb081f1ebec56a051faa7e12928ce0360aa12ba852c3132df2f2d
B2,10b17940-3938-2467-8a7a-958300ba83d3,scene0069_07-scene0069_00-scene0069_02-scene0069_04-scene0069_03,sha256_seed45,3,0,6,0.0,3,9,0.3333333333333333,0,6,0.0,4,3,0,0.0,0.0,33,14,4,0,frozen_query_observation_no_gt,post_prediction_hungarian_iou_0.5,0ccf445ea23cb081f1ebec56a051faa7e12928ce0360aa12ba852c3132df2f2d
B3,10b17940-3938-2467-8a7a-958300ba83d3,scene0069_07-scene0069_00-scene0069_02-scene0069_04-scene0069_03,sha256_seed45,3,0,6,0.0,3,9,0.3333333333333333,0,6,0.0,4,3,0,0.0,0.0,33,14,4,0,frozen_query_observation_no_gt,post_prediction_hungarian_iou_0.5,0ccf445ea23cb081f1ebec56a051faa7e12928ce0360aa12ba852c3132df2f2d
B4,10b17940-3938-2467-8a7a-958300ba83d3,scene0069_07-scene0069_00-scene0069_02-scene0069_04-scene0069_03,sha256_seed45,3,0,6,0.0,1,9,0.1111111111111111,0,8,0.0,4,3,2,0.6666666666666666,0.5,33,12,2,0,frozen_query_observation_no_gt,post_prediction_hungarian_iou_0.5,0ccf445ea23cb081f1ebec56a051faa7e12928ce0360aa12ba852c3132df2f2d
B2,10b17940-3938-2467-8a7a-958300ba83d3,scene0069_07-scene0069_00-scene0069_02-scene0069_04-scene0069_03,sha256_seed45,4,0,9,0.0,3,12,0.25,0,9,0.0,4,3,0,0.0,0.0,40,14,4,0,frozen_query_observation_no_gt,post_prediction_hungarian_iou_0.5,0ccf445ea23cb081f1ebec56a051faa7e12928ce0360aa12ba852c3132df2f2d
B3,10b17940-3938-2467-8a7a-958300ba83d3,scene0069_07-scene0069_00-scene0069_02-scene0069_04-scene0069_03,sha256_seed45,4,0,9,0.0,3,12,0.25,0,9,0.0,4,3,0,0.0,0.0,40,14,4,0,frozen_query_observation_no_gt,post_prediction_hungarian_iou_0.5,0ccf445ea23cb081f1ebec56a051faa7e12928ce0360aa12ba852c3132df2f2d
B4,10b17940-3938-2467-8a7a-958300ba83d3,scene0069_07-scene0069_00-scene0069_02-scene0069_04-scene0069_03,sha256_seed45,4,0,9,0.0,1,12,0.08333333333333333,0,11,0.0,4,3,2,0.6666666666666666,0.5,40,12,2,0,frozen_query_observation_no_gt,post_prediction_hungarian_iou_0.5,0ccf445ea23cb081f1ebec56a051faa7e12928ce0360aa12ba852c3132df2f2d
B2,10b17940-3938-2467-8a7a-958300ba83d3,scene0069_07-scene0069_00-scene0069_02-scene0069_04-scene0069_03,sha256_seed45,5,0,11,0.0,5,17,0.29411764705882354,0,12,0.0,8,4,0,0.0,0.0,49,16,6,0,frozen_query_observation_no_gt,post_prediction_hungarian_iou_0.5,0ccf445ea23cb081f1ebec56a051faa7e12928ce0360aa12ba852c3132df2f2d
B3,10b17940-3938-2467-8a7a-958300ba83d3,scene0069_07-scene0069_00-scene0069_02-scene0069_04-scene0069_03,sha256_seed45,5,0,11,0.0,5,17,0.29411764705882354,0,12,0.0,8,4,0,0.0,0.0,49,16,6,0,frozen_query_observation_no_gt,post_prediction_hungarian_iou_0.5,0ccf445ea23cb081f1ebec56a051faa7e12928ce0360aa12ba852c3132df2f2d
B4,10b17940-3938-2467-8a7a-958300ba83d3,scene0069_07-scene0069_00-scene0069_02-scene0069_04-scene0069_03,sha256_seed45,5,0,11,0.0,1,17,0.058823529411764705,0,16,0.0,8,4,3,0.75,0.375,49,12,2,0,frozen_query_observation_no_gt,post_prediction_hungarian_iou_0.5,0ccf445ea23cb081f1ebec56a051faa7e12928ce0360aa12ba852c3132df2f2d
B2,10b17940-3938-2467-8a7a-958300ba83d3,scene0069_08-scene0069_07-scene0069_00-scene0069_02-scene0069_04,canonical,2,0,4,0.0,0,4,0.0,0,4,0.0,0,0,0,,,16,7,3,0,frozen_query_observation_no_gt,post_prediction_hungarian_iou_0.5,a8bf5449d9c009b67f2f3ad91b599516c0f6fb3d4ba76ac74e1dfb4dfdbce6ca
B3,10b17940-3938-2467-8a7a-958300ba83d3,scene0069_08-scene0069_07-scene0069_00-scene0069_02-scene0069_04,canonical,2,0,4,0.0,0,4,0.0,0,4,0.0,0,0,0,,,16,7,3,0,frozen_query_observation_no_gt,post_prediction_hungarian_iou_0.5,a8bf5449d9c009b67f2f3ad91b599516c0f6fb3d4ba76ac74e1dfb4dfdbce6ca
B4,10b17940-3938-2467-8a7a-958300ba83d3,scene0069_08-scene0069_07-scene0069_00-scene0069_02-scene0069_04,canonical,2,0,4,0.0,0,4,0.0,0,4,0.0,0,0,0,,,16,7,3,0,frozen_query_observation_no_gt,post_prediction_hungarian_iou_0.5,a8bf5449d9c009b67f2f3ad91b599516c0f6fb3d4ba76ac74e1dfb4dfdbce6ca
B2,10b17940-3938-2467-8a7a-958300ba83d3,scene0069_08-scene0069_07-scene0069_00-scene0069_02-scene0069_04,canonical,3,0,7,0.0,0,7,0.0,0,7,0.0,2,0,0,,0.0,30,12,3,0,frozen_query_observation_no_gt,post_prediction_hungarian_iou_0.5,a8bf5449d9c009b67f2f3ad91b599516c0f6fb3d4ba76ac74e1dfb4dfdbce6ca
B3,10b17940-3938-2467-8a7a-958300ba83d3,scene0069_08-scene0069_07-scene0069_00-scene0069_02-scene0069_04,canonical,3,0,7,0.0,0,7,0.0,0,7,0.0,2,0,0,,0.0,30,12,3,0,frozen_query_observation_no_gt,post_prediction_hungarian_iou_0.5,a8bf5449d9c009b67f2f3ad91b599516c0f6fb3d4ba76ac74e1dfb4dfdbce6ca
B4,10b17940-3938-2467-8a7a-958300ba83d3,scene0069_08-scene0069_07-scene0069_00-scene0069_02-scene0069_04,canonical,3,0,7,0.0,0,7,0.0,0,7,0.0,2,0,0,,0.0,30,10,3,0,frozen_query_observation_no_gt,post_prediction_hungarian_iou_0.5,a8bf5449d9c009b67f2f3ad91b599516c0f6fb3d4ba76ac74e1dfb4dfdbce6ca
B2,10b17940-3938-2467-8a7a-958300ba83d3,scene0069_08-scene0069_07-scene0069_00-scene0069_02-scene0069_04,canonical,4,1,10,0.1,1,11,0.09090909090909091,2,12,0.16666666666666666,2,0,0,,0.0,42,13,4,0,frozen_query_observation_no_gt,post_prediction_hungarian_iou_0.5,a8bf5449d9c009b67f2f3ad91b599516c0f6fb3d4ba76ac74e1dfb4dfdbce6ca
B3,10b17940-3938-2467-8a7a-958300ba83d3,scene0069_08-scene0069_07-scene0069_00-scene0069_02-scene0069_04,canonical,4,1,10,0.1,1,11,0.09090909090909091,2,12,0.16666666666666666,2,0,0,,0.0,42,13,4,0,frozen_query_observation_no_gt,post_prediction_hungarian_iou_0.5,a8bf5449d9c009b67f2f3ad91b599516c0f6fb3d4ba76ac74e1dfb4dfdbce6ca
B4,10b17940-3938-2467-8a7a-958300ba83d3,scene0069_08-scene0069_07-scene0069_00-scene0069_02-scene0069_04,canonical,4,0,10,0.0,0,11,0.0,0,11,0.0,2,0,0,,0.0,42,13,5,0,frozen_query_observation_no_gt,post_prediction_hungarian_iou_0.5,a8bf5449d9c009b67f2f3ad91b599516c0f6fb3d4ba76ac74e1dfb4dfdbce6ca
B2,10b17940-3938-2467-8a7a-958300ba83d3,scene0069_08-scene0069_07-scene0069_00-scene0069_02-scene0069_04,canonical,5,1,15,0.06666666666666667,3,18,0.16666666666666666,3,18,0.16666666666666666,4,2,0,0.0,0.0,53,14,5,0,frozen_query_observation_no_gt,post_prediction_hungarian_iou_0.5,a8bf5449d9c009b67f2f3ad91b599516c0f6fb3d4ba76ac74e1dfb4dfdbce6ca
B3,10b17940-3938-2467-8a7a-958300ba83d3,scene0069_08-scene0069_07-scene0069_00-scene0069_02-scene0069_04,canonical,5,2,15,0.13333333333333333,2,18,0.1111111111111111,2,18,0.1111111111111111,4,2,1,0.5,0.25,53,14,5,0,frozen_query_observation_no_gt,post_prediction_hungarian_iou_0.5,a8bf5449d9c009b67f2f3ad91b599516c0f6fb3d4ba76ac74e1dfb4dfdbce6ca
B4,10b17940-3938-2467-8a7a-958300ba83d3,scene0069_08-scene0069_07-scene0069_00-scene0069_02-scene0069_04,canonical,5,0,15,0.0,0,18,0.0,0,18,0.0,4,2,2,1.0,0.5,53,13,5,0,frozen_query_observation_no_gt,post_prediction_hungarian_iou_0.5,a8bf5449d9c009b67f2f3ad91b599516c0f6fb3d4ba76ac74e1dfb4dfdbce6ca
B2,10b17940-3938-2467-8a7a-958300ba83d3,scene0069_08-scene0069_07-scene0069_00-scene0069_02-scene0069_04,reverse,2,0,5,0.0,0,5,0.0,0,5,0.0,0,0,0,,,21,9,1,0,frozen_query_observation_no_gt,post_prediction_hungarian_iou_0.5,62626e2bfa33edb3050c7730fd9669bc20e2e4de7546c0231a23e1c42c31e4c6
B3,10b17940-3938-2467-8a7a-958300ba83d3,scene0069_08-scene0069_07-scene0069_00-scene0069_02-scene0069_04,reverse,2,0,5,0.0,0,5,0.0,0,5,0.0,0,0,0,,,21,9,1,0,frozen_query_observation_no_gt,post_prediction_hungarian_iou_0.5,62626e2bfa33edb3050c7730fd9669bc20e2e4de7546c0231a23e1c42c31e4c6
B4,10b17940-3938-2467-8a7a-958300ba83d3,scene0069_08-scene0069_07-scene0069_00-scene0069_02-scene0069_04,reverse,2,0,5,0.0,0,5,0.0,0,5,0.0,0,0,0,,,21,9,1,0,frozen_query_observation_no_gt,post_prediction_hungarian_iou_0.5,62626e2bfa33edb3050c7730fd9669bc20e2e4de7546c0231a23e1c42c31e4c6
B2,10b17940-3938-2467-8a7a-958300ba83d3,scene0069_08-scene0069_07-scene0069_00-scene0069_02-scene0069_04,reverse,3,0,10,0.0,2,12,0.16666666666666666,0,10,0.0,2,2,0,0.0,0.0,34,12,3,0,frozen_query_observation_no_gt,post_prediction_hungarian_iou_0.5,62626e2bfa33edb3050c7730fd9669bc20e2e4de7546c0231a23e1c42c31e4c6
B3,10b17940-3938-2467-8a7a-958300ba83d3,scene0069_08-scene0069_07-scene0069_00-scene0069_02-scene0069_04,reverse,3,1,10,0.1,3,12,0.25,1,10,0.1,2,2,0,0.0,0.0,34,12,3,0,frozen_query_observation_no_gt,post_prediction_hungarian_iou_0.5,62626e2bfa33edb3050c7730fd9669bc20e2e4de7546c0231a23e1c42c31e4c6
B4,10b17940-3938-2467-8a7a-958300ba83d3,scene0069_08-scene0069_07-scene0069_00-scene0069_02-scene0069_04,reverse,3,0,10,0.0,0,12,0.0,0,12,0.0,2,2,2,1.0,1.0,34,10,1,0,frozen_query_observation_no_gt,post_prediction_hungarian_iou_0.5,62626e2bfa33edb3050c7730fd9669bc20e2e4de7546c0231a23e1c42c31e4c6
B2,10b17940-3938-2467-8a7a-958300ba83d3,scene0069_08-scene0069_07-scene0069_00-scene0069_02-scene0069_04,reverse,4,0,13,0.0,2,15,0.13333333333333333,0,13,0.0,2,2,0,0.0,0.0,41,12,3,0,frozen_query_observation_no_gt,post_prediction_hungarian_iou_0.5,62626e2bfa33edb3050c7730fd9669bc20e2e4de7546c0231a23e1c42c31e4c6
B3,10b17940-3938-2467-8a7a-958300ba83d3,scene0069_08-scene0069_07-scene0069_00-scene0069_02-scene0069_04,reverse,4,1,13,0.07692307692307693,3,15,0.2,1,13,0.07692307692307693,2,2,0,0.0,0.0,41,12,3,0,frozen_query_observation_no_gt,post_prediction_hungarian_iou_0.5,62626e2bfa33edb3050c7730fd9669bc20e2e4de7546c0231a23e1c42c31e4c6
B4,10b17940-3938-2467-8a7a-958300ba83d3,scene0069_08-scene0069_07-scene0069_00-scene0069_02-scene0069_04,reverse,4,0,13,0.0,0,15,0.0,0,15,0.0,2,2,2,1.0,1.0,41,10,1,0,frozen_query_observation_no_gt,post_prediction_hungarian_iou_0.5,62626e2bfa33edb3050c7730fd9669bc20e2e4de7546c0231a23e1c42c31e4c6
B2,10b17940-3938-2467-8a7a-958300ba83d3,scene0069_08-scene0069_07-scene0069_00-scene0069_02-scene0069_04,reverse,5,0,16,0.0,2,19,0.10526315789473684,0,17,0.0,4,2,0,0.0,0.0,51,14,5,0,frozen_query_observation_no_gt,post_prediction_hungarian_iou_0.5,62626e2bfa33edb3050c7730fd9669bc20e2e4de7546c0231a23e1c42c31e4c6
B3,10b17940-3938-2467-8a7a-958300ba83d3,scene0069_08-scene0069_07-scene0069_00-scene0069_02-scene0069_04,reverse,5,1,16,0.0625,3,19,0.15789473684210525,1,17,0.058823529411764705,4,2,0,0.0,0.0,51,14,5,0,frozen_query_observation_no_gt,post_prediction_hungarian_iou_0.5,62626e2bfa33edb3050c7730fd9669bc20e2e4de7546c0231a23e1c42c31e4c6
B4,10b17940-3938-2467-8a7a-958300ba83d3,scene0069_08-scene0069_07-scene0069_00-scene0069_02-scene0069_04,reverse,5,0,16,0.0,0,19,0.0,0,19,0.0,4,2,2,1.0,0.5,51,10,1,0,frozen_query_observation_no_gt,post_prediction_hungarian_iou_0.5,62626e2bfa33edb3050c7730fd9669bc20e2e4de7546c0231a23e1c42c31e4c6
B2,10b17940-3938-2467-8a7a-958300ba83d3,scene0069_08-scene0069_07-scene0069_00-scene0069_02-scene0069_04,sha256_seed45,2,1,3,0.3333333333333333,1,3,0.3333333333333333,1,3,0.3333333333333333,0,0,0,,,21,10,2,0,frozen_query_observation_no_gt,post_prediction_hungarian_iou_0.5,f5aee76e756af6131a38da768a715adda9f3e8c9ea38e33612968c17f2d6ecb8
B3,10b17940-3938-2467-8a7a-958300ba83d3,scene0069_08-scene0069_07-scene0069_00-scene0069_02-scene0069_04,sha256_seed45,2,1,3,0.3333333333333333,1,3,0.3333333333333333,1,3,0.3333333333333333,0,0,0,,,21,10,2,0,frozen_query_observation_no_gt,post_prediction_hungarian_iou_0.5,f5aee76e756af6131a38da768a715adda9f3e8c9ea38e33612968c17f2d6ecb8
B4,10b17940-3938-2467-8a7a-958300ba83d3,scene0069_08-scene0069_07-scene0069_00-scene0069_02-scene0069_04,sha256_seed45,2,1,3,0.3333333333333333,1,3,0.3333333333333333,1,3,0.3333333333333333,0,0,0,,,21,10,2,0,frozen_query_observation_no_gt,post_prediction_hungarian_iou_0.5,f5aee76e756af6131a38da768a715adda9f3e8c9ea38e33612968c17f2d6ecb8
B2,10b17940-3938-2467-8a7a-958300ba83d3,scene0069_08-scene0069_07-scene0069_00-scene0069_02-scene0069_04,sha256_seed45,3,2,7,0.2857142857142857,2,9,0.2222222222222222,1,8,0.125,3,1,1,1.0,0.3333333333333333,35,13,4,0,frozen_query_observation_no_gt,post_prediction_hungarian_iou_0.5,f5aee76e756af6131a38da768a715adda9f3e8c9ea38e33612968c17f2d6ecb8
B3,10b17940-3938-2467-8a7a-958300ba83d3,scene0069_08-scene0069_07-scene0069_00-scene0069_02-scene0069_04,sha256_seed45,3,2,7,0.2857142857142857,2,9,0.2222222222222222,1,8,0.125,3,1,1,1.0,0.3333333333333333,35,13,4,0,frozen_query_observation_no_gt,post_prediction_hungarian_iou_0.5,f5aee76e756af6131a38da768a715adda9f3e8c9ea38e33612968c17f2d6ecb8
B4,10b17940-3938-2467-8a7a-958300ba83d3,scene0069_08-scene0069_07-scene0069_00-scene0069_02-scene0069_04,sha256_seed45,3,2,7,0.2857142857142857,1,9,0.1111111111111111,1,9,0.1111111111111111,3,1,1,1.0,0.3333333333333333,35,11,2,0,frozen_query_observation_no_gt,post_prediction_hungarian_iou_0.5,f5aee76e756af6131a38da768a715adda9f3e8c9ea38e33612968c17f2d6ecb8
B2,10b17940-3938-2467-8a7a-958300ba83d3,scene0069_08-scene0069_07-scene0069_00-scene0069_02-scene0069_04,sha256_seed45,4,2,10,0.2,2,12,0.16666666666666666,1,11,0.09090909090909091,3,1,1,1.0,0.3333333333333333,42,13,4,0,frozen_query_observation_no_gt,post_prediction_hungarian_iou_0.5,f5aee76e756af6131a38da768a715adda9f3e8c9ea38e33612968c17f2d6ecb8
B3,10b17940-3938-2467-8a7a-958300ba83d3,scene0069_08-scene0069_07-scene0069_00-scene0069_02-scene0069_04,sha256_seed45,4,2,10,0.2,2,12,0.16666666666666666,1,11,0.09090909090909091,3,1,1,1.0,0.3333333333333333,42,13,4,0,frozen_query_observation_no_gt,post_prediction_hungarian_iou_0.5,f5aee76e756af6131a38da768a715adda9f3e8c9ea38e33612968c17f2d6ecb8
B4,10b17940-3938-2467-8a7a-958300ba83d3,scene0069_08-scene0069_07-scene0069_00-scene0069_02-scene0069_04,sha256_seed45,4,2,10,0.2,1,12,0.08333333333333333,1,12,0.08333333333333333,3,1,1,1.0,0.3333333333333333,42,11,2,0,frozen_query_observation_no_gt,post_prediction_hungarian_iou_0.5,f5aee76e756af6131a38da768a715adda9f3e8c9ea38e33612968c17f2d6ecb8
B2,10b17940-3938-2467-8a7a-958300ba83d3,scene0069_08-scene0069_07-scene0069_00-scene0069_02-scene0069_04,sha256_seed45,5,2,12,0.16666666666666666,4,17,0.23529411764705882,1,14,0.07142857142857142,7,2,1,0.5,0.14285714285714285,51,15,6,0,frozen_query_observation_no_gt,post_prediction_hungarian_iou_0.5,f5aee76e756af6131a38da768a715adda9f3e8c9ea38e33612968c17f2d6ecb8
B3,10b17940-3938-2467-8a7a-958300ba83d3,scene0069_08-scene0069_07-scene0069_00-scene0069_02-scene0069_04,sha256_seed45,5,2,12,0.16666666666666666,4,17,0.23529411764705882,1,14,0.07142857142857142,7,2,1,0.5,0.14285714285714285,51,15,6,0,frozen_query_observation_no_gt,post_prediction_hungarian_iou_0.5,f5aee76e756af6131a38da768a715adda9f3e8c9ea38e33612968c17f2d6ecb8
B4,10b17940-3938-2467-8a7a-958300ba83d3,scene0069_08-scene0069_07-scene0069_00-scene0069_02-scene0069_04,sha256_seed45,5,2,12,0.16666666666666666,1,17,0.058823529411764705,1,17,0.058823529411764705,7,2,2,1.0,0.2857142857142857,51,11,2,0,frozen_query_observation_no_gt,post_prediction_hungarian_iou_0.5,f5aee76e756af6131a38da768a715adda9f3e8c9ea38e33612968c17f2d6ecb8
B2,10b17940-3938-2467-8a7a-958300ba83d3,scene0069_09-scene0069_05-scene0069_08-scene0069_07-scene0069_00,canonical,2,0,2,0.0,0,2,0.0,0,2,0.0,0,0,0,,,20,8,0,0,frozen_query_observation_no_gt,post_prediction_hungarian_iou_0.5,91d1984ac4d73843a8c7e5a41a27946411f8f171425df69de773829d1a4e512d
B3,10b17940-3938-2467-8a7a-958300ba83d3,scene0069_09-scene0069_05-scene0069_08-scene0069_07-scene0069_00,canonical,2,0,2,0.0,0,2,0.0,0,2,0.0,0,0,0,,,20,8,0,0,frozen_query_observation_no_gt,post_prediction_hungarian_iou_0.5,91d1984ac4d73843a8c7e5a41a27946411f8f171425df69de773829d1a4e512d
B4,10b17940-3938-2467-8a7a-958300ba83d3,scene0069_09-scene0069_05-scene0069_08-scene0069_07-scene0069_00,canonical,2,0,2,0.0,0,2,0.0,0,2,0.0,0,0,0,,,20,8,0,0,frozen_query_observation_no_gt,post_prediction_hungarian_iou_0.5,91d1984ac4d73843a8c7e5a41a27946411f8f171425df69de773829d1a4e512d
B2,10b17940-3938-2467-8a7a-958300ba83d3,scene0069_09-scene0069_05-scene0069_08-scene0069_07-scene0069_00,canonical,3,1,5,0.2,1,5,0.2,0,4,0.0,1,0,0,,0.0,32,12,3,0,frozen_query_observation_no_gt,post_prediction_hungarian_iou_0.5,91d1984ac4d73843a8c7e5a41a27946411f8f171425df69de773829d1a4e512d
B3,10b17940-3938-2467-8a7a-958300ba83d3,scene0069_09-scene0069_05-scene0069_08-scene0069_07-scene0069_00,canonical,3,1,5,0.2,1,5,0.2,0,4,0.0,1,0,0,,0.0,32,12,3,0,frozen_query_observation_no_gt,post_prediction_hungarian_iou_0.5,91d1984ac4d73843a8c7e5a41a27946411f8f171425df69de773829d1a4e512d
B4,10b17940-3938-2467-8a7a-958300ba83d3,scene0069_09-scene0069_05-scene0069_08-scene0069_07-scene0069_00,canonical,3,1,5,0.2,1,5,0.2,0,4,0.0,1,0,0,,0.0,32,10,2,0,frozen_query_observation_no_gt,post_prediction_hungarian_iou_0.5,91d1984ac4d73843a8c7e5a41a27946411f8f171425df69de773829d1a4e512d
B2,10b17940-3938-2467-8a7a-958300ba83d3,scene0069_09-scene0069_05-scene0069_08-scene0069_07-scene0069_00,canonical,4,2,8,0.25,1,8,0.125,0,7,0.0,1,0,0,,0.0,38,12,3,0,frozen_query_observation_no_gt,post_prediction_hungarian_iou_0.5,91d1984ac4d73843a8c7e5a41a27946411f8f171425df69de773829d1a4e512d
B3,10b17940-3938-2467-8a7a-958300ba83d3,scene0069_09-scene0069_05-scene0069_08-scene0069_07-scene0069_00,canonical,4,2,8,0.25,1,8,0.125,0,7,0.0,1,0,0,,0.0,38,12,3,0,frozen_query_observation_no_gt,post_prediction_hungarian_iou_0.5,91d1984ac4d73843a8c7e5a41a27946411f8f171425df69de773829d1a4e512d
B4,10b17940-3938-2467-8a7a-958300ba83d3,scene0069_09-scene0069_05-scene0069_08-scene0069_07-scene0069_00,canonical,4,2,8,0.25,1,8,0.125,0,7,0.0,1,0,0,,0.0,38,10,2,0,frozen_query_observation_no_gt,post_prediction_hungarian_iou_0.5,91d1984ac4d73843a8c7e5a41a27946411f8f171425df69de773829d1a4e512d
B2,10b17940-3938-2467-8a7a-958300ba83d3,scene0069_09-scene0069_05-scene0069_08-scene0069_07-scene0069_00,canonical,5,2,11,0.18181818181818182,2,12,0.16666666666666666,0,10,0.0,5,0,0,,0.0,52,17,4,0,frozen_query_observation_no_gt,post_prediction_hungarian_iou_0.5,91d1984ac4d73843a8c7e5a41a27946411f8f171425df69de773829d1a4e512d
B3,10b17940-3938-2467-8a7a-958300ba83d3,scene0069_09-scene0069_05-scene0069_08-scene0069_07-scene0069_00,canonical,5,2,11,0.18181818181818182,2,12,0.16666666666666666,0,10,0.0,5,0,0,,0.0,52,17,4,0,frozen_query_observation_no_gt,post_prediction_hungarian_iou_0.5,91d1984ac4d73843a8c7e5a41a27946411f8f171425df69de773829d1a4e512d
B4,10b17940-3938-2467-8a7a-958300ba83d3,scene0069_09-scene0069_05-scene0069_08-scene0069_07-scene0069_00,canonical,5,2,11,0.18181818181818182,1,12,0.08333333333333333,1,12,0.08333333333333333,5,0,0,,0.0,52,11,2,0,frozen_query_observation_no_gt,post_prediction_hungarian_iou_0.5,91d1984ac4d73843a8c7e5a41a27946411f8f171425df69de773829d1a4e512d
B2,10b17940-3938-2467-8a7a-958300ba83d3,scene0069_09-scene0069_05-scene0069_08-scene0069_07-scene0069_00,reverse,2,0,3,0.0,0,3,0.0,0,3,0.0,0,0,0,,,20,10,0,0,frozen_query_observation_no_gt,post_prediction_hungarian_iou_0.5,28234d498682c42337cccfaeb997b3d9be90ec4d6c38d1c5baf77d4c0216e162
B3,10b17940-3938-2467-8a7a-958300ba83d3,scene0069_09-scene0069_05-scene0069_08-scene0069_07-scene0069_00,reverse,2,0,3,0.0,0,3,0.0,0,3,0.0,0,0,0,,,20,10,0,0,frozen_query_observation_no_gt,post_prediction_hungarian_iou_0.5,28234d498682c42337cccfaeb997b3d9be90ec4d6c38d1c5baf77d4c0216e162
B4,10b17940-3938-2467-8a7a-958300ba83d3,scene0069_09-scene0069_05-scene0069_08-scene0069_07-scene0069_00,reverse,2,0,3,0.0,0,3,0.0,0,3,0.0,0,0,0,,,20,10,0,0,frozen_query_observation_no_gt,post_prediction_hungarian_iou_0.5,28234d498682c42337cccfaeb997b3d9be90ec4d6c38d1c5baf77d4c0216e162
B2,10b17940-3938-2467-8a7a-958300ba83d3,scene0069_09-scene0069_05-scene0069_08-scene0069_07-scene0069_00,reverse,3,0,6,0.0,0,6,0.0,0,6,0.0,2,0,0,,0.0,30,12,2,0,frozen_query_observation_no_gt,post_prediction_hungarian_iou_0.5,28234d498682c42337cccfaeb997b3d9be90ec4d6c38d1c5baf77d4c0216e162
B3,10b17940-3938-2467-8a7a-958300ba83d3,scene0069_09-scene0069_05-scene0069_08-scene0069_07-scene0069_00,reverse,3,0,6,0.0,0,6,0.0,0,6,0.0,2,0,0,,0.0,30,12,2,0,frozen_query_observation_no_gt,post_prediction_hungarian_iou_0.5,28234d498682c42337cccfaeb997b3d9be90ec4d6c38d1c5baf77d4c0216e162
B4,10b17940-3938-2467-8a7a-958300ba83d3,scene0069_09-scene0069_05-scene0069_08-scene0069_07-scene0069_00,reverse,3,0,6,0.0,0,6,0.0,0,6,0.0,2,0,0,,0.0,30,10,0,0,frozen_query_observation_no_gt,post_prediction_hungarian_iou_0.5,28234d498682c42337cccfaeb997b3d9be90ec4d6c38d1c5baf77d4c0216e162
B2,10b17940-3938-2467-8a7a-958300ba83d3,scene0069_09-scene0069_05-scene0069_08-scene0069_07-scene0069_00,reverse,4,0,9,0.0,0,9,0.0,0,9,0.0,4,0,0,,0.0,40,14,2,0,frozen_query_observation_no_gt,post_prediction_hungarian_iou_0.5,28234d498682c42337cccfaeb997b3d9be90ec4d6c38d1c5baf77d4c0216e162
B3,10b17940-3938-2467-8a7a-958300ba83d3,scene0069_09-scene0069_05-scene0069_08-scene0069_07-scene0069_00,reverse,4,0,9,0.0,0,9,0.0,0,9,0.0,4,0,0,,0.0,40,14,2,0,frozen_query_observation_no_gt,post_prediction_hungarian_iou_0.5,28234d498682c42337cccfaeb997b3d9be90ec4d6c38d1c5baf77d4c0216e162
B4,10b17940-3938-2467-8a7a-958300ba83d3,scene0069_09-scene0069_05-scene0069_08-scene0069_07-scene0069_00,reverse,4,0,9,0.0,0,9,0.0,0,9,0.0,4,0,0,,0.0,40,11,0,0,frozen_query_observation_no_gt,post_prediction_hungarian_iou_0.5,28234d498682c42337cccfaeb997b3d9be90ec4d6c38d1c5baf77d4c0216e162
B2,10b17940-3938-2467-8a7a-958300ba83d3,scene0069_09-scene0069_05-scene0069_08-scene0069_07-scene0069_00,reverse,5,0,11,0.0,2,13,0.15384615384615385,0,11,0.0,5,0,0,,0.0,49,15,3,0,frozen_query_observation_no_gt,post_prediction_hungarian_iou_0.5,28234d498682c42337cccfaeb997b3d9be90ec4d6c38d1c5baf77d4c0216e162
B3,10b17940-3938-2467-8a7a-958300ba83d3,scene0069_09-scene0069_05-scene0069_08-scene0069_07-scene0069_00,reverse,5,0,11,0.0,2,13,0.15384615384615385,0,11,0.0,5,0,0,,0.0,49,15,3,0,frozen_query_observation_no_gt,post_prediction_hungarian_iou_0.5,28234d498682c42337cccfaeb997b3d9be90ec4d6c38d1c5baf77d4c0216e162
B4,10b17940-3938-2467-8a7a-958300ba83d3,scene0069_09-scene0069_05-scene0069_08-scene0069_07-scene0069_00,reverse,5,0,11,0.0,1,13,0.07692307692307693,1,13,0.07692307692307693,5,0,0,,0.0,49,11,0,0,frozen_query_observation_no_gt,post_prediction_hungarian_iou_0.5,28234d498682c42337cccfaeb997b3d9be90ec4d6c38d1c5baf77d4c0216e162
B2,10b17940-3938-2467-8a7a-958300ba83d3,scene0069_09-scene0069_05-scene0069_08-scene0069_07-scene0069_00,sha256_seed45,2,0,4,0.0,0,4,0.0,0,4,0.0,0,0,0,,,24,10,4,0,frozen_query_observation_no_gt,post_prediction_hungarian_iou_0.5,bd98b6e5b671c5fef9221c2c6456cbf6ca17bb45e92a7d2f3cc9befd9bed4309
B3,10b17940-3938-2467-8a7a-958300ba83d3,scene0069_09-scene0069_05-scene0069_08-scene0069_07-scene0069_00,sha256_seed45,2,0,4,0.0,0,4,0.0,0,4,0.0,0,0,0,,,24,10,4,0,frozen_query_observation_no_gt,post_prediction_hungarian_iou_0.5,bd98b6e5b671c5fef9221c2c6456cbf6ca17bb45e92a7d2f3cc9befd9bed4309
B4,10b17940-3938-2467-8a7a-958300ba83d3,scene0069_09-scene0069_05-scene0069_08-scene0069_07-scene0069_00,sha256_seed45,2,0,4,0.0,0,4,0.0,0,4,0.0,0,0,0,,,24,10,4,0,frozen_query_observation_no_gt,post_prediction_hungarian_iou_0.5,bd98b6e5b671c5fef9221c2c6456cbf6ca17bb45e92a7d2f3cc9befd9bed4309
B2,10b17940-3938-2467-8a7a-958300ba83d3,scene0069_09-scene0069_05-scene0069_08-scene0069_07-scene0069_00,sha256_seed45,3,0,7,0.0,0,7,0.0,0,7,0.0,0,0,0,,,31,10,4,0,frozen_query_observation_no_gt,post_prediction_hungarian_iou_0.5,bd98b6e5b671c5fef9221c2c6456cbf6ca17bb45e92a7d2f3cc9befd9bed4309
B3,10b17940-3938-2467-8a7a-958300ba83d3,scene0069_09-scene0069_05-scene0069_08-scene0069_07-scene0069_00,sha256_seed45,3,0,7,0.0,0,7,0.0,0,7,0.0,0,0,0,,,31,10,4,0,frozen_query_observation_no_gt,post_prediction_hungarian_iou_0.5,bd98b6e5b671c5fef9221c2c6456cbf6ca17bb45e92a7d2f3cc9befd9bed4309
B4,10b17940-3938-2467-8a7a-958300ba83d3,scene0069_09-scene0069_05-scene0069_08-scene0069_07-scene0069_00,sha256_seed45,3,0,7,0.0,0,7,0.0,0,7,0.0,0,0,0,,,31,10,4,0,frozen_query_observation_no_gt,post_prediction_hungarian_iou_0.5,bd98b6e5b671c5fef9221c2c6456cbf6ca17bb45e92a7d2f3cc9befd9bed4309
B2,10b17940-3938-2467-8a7a-958300ba83d3,scene0069_09-scene0069_05-scene0069_08-scene0069_07-scene0069_00,sha256_seed45,4,0,9,0.0,1,11,0.09090909090909091,0,10,0.0,2,1,0,0.0,0.0,40,12,5,0,frozen_query_observation_no_gt,post_prediction_hungarian_iou_0.5,bd98b6e5b671c5fef9221c2c6456cbf6ca17bb45e92a7d2f3cc9befd9bed4309
B3,10b17940-3938-2467-8a7a-958300ba83d3,scene0069_09-scene0069_05-scene0069_08-scene0069_07-scene0069_00,sha256_seed45,4,0,9,0.0,1,11,0.09090909090909091,0,10,0.0,2,1,0,0.0,0.0,40,12,5,0,frozen_query_observation_no_gt,post_prediction_hungarian_iou_0.5,bd98b6e5b671c5fef9221c2c6456cbf6ca17bb45e92a7d2f3cc9befd9bed4309
B4,10b17940-3938-2467-8a7a-958300ba83d3,scene0069_09-scene0069_05-scene0069_08-scene0069_07-scene0069_00,sha256_seed45,4,0,9,0.0,0,11,0.0,0,11,0.0,2,1,1,1.0,0.5,40,10,4,0,frozen_query_observation_no_gt,post_prediction_hungarian_iou_0.5,bd98b6e5b671c5fef9221c2c6456cbf6ca17bb45e92a7d2f3cc9befd9bed4309
B2,10b17940-3938-2467-8a7a-958300ba83d3,scene0069_09-scene0069_05-scene0069_08-scene0069_07-scene0069_00,sha256_seed45,5,0,12,0.0,1,14,0.07142857142857142,0,13,0.0,3,1,0,0.0,0.0,50,14,5,0,frozen_query_observation_no_gt,post_prediction_hungarian_iou_0.5,bd98b6e5b671c5fef9221c2c6456cbf6ca17bb45e92a7d2f3cc9befd9bed4309
B3,10b17940-3938-2467-8a7a-958300ba83d3,scene0069_09-scene0069_05-scene0069_08-scene0069_07-scene0069_00,sha256_seed45,5,0,12,0.0,1,14,0.07142857142857142,0,13,0.0,3,1,0,0.0,0.0,50,14,5,0,frozen_query_observation_no_gt,post_prediction_hungarian_iou_0.5,bd98b6e5b671c5fef9221c2c6456cbf6ca17bb45e92a7d2f3cc9befd9bed4309
B4,10b17940-3938-2467-8a7a-958300ba83d3,scene0069_09-scene0069_05-scene0069_08-scene0069_07-scene0069_00,sha256_seed45,5,0,12,0.0,0,14,0.0,0,14,0.0,3,1,1,1.0,0.3333333333333333,50,11,4,0,frozen_query_observation_no_gt,post_prediction_hungarian_iou_0.5,bd98b6e5b671c5fef9221c2c6456cbf6ca17bb45e92a7d2f3cc9befd9bed4309
B2,137a8158-1db5-2cc0-8003-31c12610471e,scene0079_00-scene0079_09-scene0079_05-scene0079_04-scene0079_03,canonical,2,0,5,0.0,0,5,0.0,0,5,0.0,0,0,0,,,33,15,4,0,frozen_query_observation_no_gt,post_prediction_hungarian_iou_0.5,a8d91653ffb6b508e9313cdd3d65d91372e7d4fc31ee976cc9cca84c233eb66c
B3,137a8158-1db5-2cc0-8003-31c12610471e,scene0079_00-scene0079_09-scene0079_05-scene0079_04-scene0079_03,canonical,2,0,5,0.0,0,5,0.0,0,5,0.0,0,0,0,,,33,15,4,0,frozen_query_observation_no_gt,post_prediction_hungarian_iou_0.5,a8d91653ffb6b508e9313cdd3d65d91372e7d4fc31ee976cc9cca84c233eb66c
B4,137a8158-1db5-2cc0-8003-31c12610471e,scene0079_00-scene0079_09-scene0079_05-scene0079_04-scene0079_03,canonical,2,0,5,0.0,0,5,0.0,0,5,0.0,0,0,0,,,33,15,4,0,frozen_query_observation_no_gt,post_prediction_hungarian_iou_0.5,a8d91653ffb6b508e9313cdd3d65d91372e7d4fc31ee976cc9cca84c233eb66c
B2,137a8158-1db5-2cc0-8003-31c12610471e,scene0079_00-scene0079_09-scene0079_05-scene0079_04-scene0079_03,canonical,3,1,10,0.1,4,13,0.3076923076923077,0,9,0.0,12,2,0,0.0,0.0,56,23,9,0,frozen_query_observation_no_gt,post_prediction_hungarian_iou_0.5,a8d91653ffb6b508e9313cdd3d65d91372e7d4fc31ee976cc9cca84c233eb66c
B3,137a8158-1db5-2cc0-8003-31c12610471e,scene0079_00-scene0079_09-scene0079_05-scene0079_04-scene0079_03,canonical,3,1,10,0.1,4,13,0.3076923076923077,0,9,0.0,12,2,0,0.0,0.0,56,23,9,0,frozen_query_observation_no_gt,post_prediction_hungarian_iou_0.5,a8d91653ffb6b508e9313cdd3d65d91372e7d4fc31ee976cc9cca84c233eb66c
B4,137a8158-1db5-2cc0-8003-31c12610471e,scene0079_00-scene0079_09-scene0079_05-scene0079_04-scene0079_03,canonical,3,1,10,0.1,1,13,0.07692307692307693,1,13,0.07692307692307693,12,2,2,1.0,0.16666666666666666,56,17,5,0,frozen_query_observation_no_gt,post_prediction_hungarian_iou_0.5,a8d91653ffb6b508e9313cdd3d65d91372e7d4fc31ee976cc9cca84c233eb66c
B2,137a8158-1db5-2cc0-8003-31c12610471e,scene0079_00-scene0079_09-scene0079_05-scene0079_04-scene0079_03,canonical,4,2,14,0.14285714285714285,4,17,0.23529411764705882,1,14,0.07142857142857142,12,2,0,0.0,0.0,65,23,9,0,frozen_query_observation_no_gt,post_prediction_hungarian_iou_0.5,a8d91653ffb6b508e9313cdd3d65d91372e7d4fc31ee976cc9cca84c233eb66c
B3,137a8158-1db5-2cc0-8003-31c12610471e,scene0079_00-scene0079_09-scene0079_05-scene0079_04-scene0079_03,canonical,4,2,14,0.14285714285714285,4,17,0.23529411764705882,1,14,0.07142857142857142,12,2,0,0.0,0.0,65,23,9,0,frozen_query_observation_no_gt,post_prediction_hungarian_iou_0.5,a8d91653ffb6b508e9313cdd3d65d91372e7d4fc31ee976cc9cca84c233eb66c
B4,137a8158-1db5-2cc0-8003-31c12610471e,scene0079_00-scene0079_09-scene0079_05-scene0079_04-scene0079_03,canonical,4,2,14,0.14285714285714285,1,17,0.058823529411764705,2,18,0.1111111111111111,12,2,2,1.0,0.16666666666666666,65,17,5,0,frozen_query_observation_no_gt,post_prediction_hungarian_iou_0.5,a8d91653ffb6b508e9313cdd3d65d91372e7d4fc31ee976cc9cca84c233eb66c
B2,137a8158-1db5-2cc0-8003-31c12610471e,scene0079_00-scene0079_09-scene0079_05-scene0079_04-scene0079_03,canonical,5,2,17,0.11764705882352941,5,21,0.23809523809523808,1,17,0.058823529411764705,18,3,0,0.0,0.0,82,25,11,0,frozen_query_observation_no_gt,post_prediction_hungarian_iou_0.5,a8d91653ffb6b508e9313cdd3d65d91372e7d4fc31ee976cc9cca84c233eb66c
B3,137a8158-1db5-2cc0-8003-31c12610471e,scene0079_00-scene0079_09-scene0079_05-scene0079_04-scene0079_03,canonical,5,2,17,0.11764705882352941,5,21,0.23809523809523808,1,17,0.058823529411764705,18,3,0,0.0,0.0,82,25,11,0,frozen_query_observation_no_gt,post_prediction_hungarian_iou_0.5,a8d91653ffb6b508e9313cdd3d65d91372e7d4fc31ee976cc9cca84c233eb66c
B4,137a8158-1db5-2cc0-8003-31c12610471e,scene0079_00-scene0079_09-scene0079_05-scene0079_04-scene0079_03,canonical,5,2,17,0.11764705882352941,1,21,0.047619047619047616,2,22,0.09090909090909091,18,3,3,1.0,0.16666666666666666,82,17,5,0,frozen_query_observation_no_gt,post_prediction_hungarian_iou_0.5,a8d91653ffb6b508e9313cdd3d65d91372e7d4fc31ee976cc9cca84c233eb66c
B2,137a8158-1db5-2cc0-8003-31c12610471e,scene0079_00-scene0079_09-scene0079_05-scene0079_04-scene0079_03,reverse,2,0,4,0.0,0,4,0.0,0,4,0.0,0,0,0,,,23,7,2,0,frozen_query_observation_no_gt,post_prediction_hungarian_iou_0.5,0e702e2c284474f691eed7501df0106e07ea53f51d7992651496e0e097dd3270
B3,137a8158-1db5-2cc0-8003-31c12610471e,scene0079_00-scene0079_09-scene0079_05-scene0079_04-scene0079_03,reverse,2,0,4,0.0,0,4,0.0,0,4,0.0,0,0,0,,,23,7,2,0,frozen_query_observation_no_gt,post_prediction_hungarian_iou_0.5,0e702e2c284474f691eed7501df0106e07ea53f51d7992651496e0e097dd3270
B4,137a8158-1db5-2cc0-8003-31c12610471e,scene0079_00-scene0079_09-scene0079_05-scene0079_04-scene0079_03,reverse,2,0,4,0.0,0,4,0.0,0,4,0.0,0,0,0,,,23,7,2,0,frozen_query_observation_no_gt,post_prediction_hungarian_iou_0.5,0e702e2c284474f691eed7501df0106e07ea53f51d7992651496e0e097dd3270
B2,137a8158-1db5-2cc0-8003-31c12610471e,scene0079_00-scene0079_09-scene0079_05-scene0079_04-scene0079_03,reverse,3,0,8,0.0,1,9,0.1111111111111111,0,8,0.0,6,1,0,0.0,0.0,44,12,3,0,frozen_query_observation_no_gt,post_prediction_hungarian_iou_0.5,0e702e2c284474f691eed7501df0106e07ea53f51d7992651496e0e097dd3270
B3,137a8158-1db5-2cc0-8003-31c12610471e,scene0079_00-scene0079_09-scene0079_05-scene0079_04-scene0079_03,reverse,3,0,8,0.0,1,9,0.1111111111111111,0,8,0.0,6,1,0,0.0,0.0,44,12,3,0,frozen_query_observation_no_gt,post_prediction_hungarian_iou_0.5,0e702e2c284474f691eed7501df0106e07ea53f51d7992651496e0e097dd3270
B4,137a8158-1db5-2cc0-8003-31c12610471e,scene0079_00-scene0079_09-scene0079_05-scene0079_04-scene0079_03,reverse,3,0,8,0.0,0,9,0.0,0,9,0.0,6,1,1,1.0,0.16666666666666666,44,10,2,0,frozen_query_observation_no_gt,post_prediction_hungarian_iou_0.5,0e702e2c284474f691eed7501df0106e07ea53f51d7992651496e0e097dd3270
B2,137a8158-1db5-2cc0-8003-31c12610471e,scene0079_00-scene0079_09-scene0079_05-scene0079_04-scene0079_03,reverse,4,0,13,0.0,1,14,0.07142857142857142,0,13,0.0,6,1,0,0.0,0.0,53,13,4,0,frozen_query_observation_no_gt,post_prediction_hungarian_iou_0.5,0e702e2c284474f691eed7501df0106e07ea53f51d7992651496e0e097dd3270
B3,137a8158-1db5-2cc0-8003-31c12610471e,scene0079_00-scene0079_09-scene0079_05-scene0079_04-scene0079_03,reverse,4,0,13,0.0,1,14,0.07142857142857142,0,13,0.0,6,1,0,0.0,0.0,53,13,4,0,frozen_query_observation_no_gt,post_prediction_hungarian_iou_0.5,0e702e2c284474f691eed7501df0106e07ea53f51d7992651496e0e097dd3270
B4,137a8158-1db5-2cc0-8003-31c12610471e,scene0079_00-scene0079_09-scene0079_05-scene0079_04-scene0079_03,reverse,4,0,13,0.0,0,14,0.0,0,14,0.0,6,1,1,1.0,0.16666666666666666,53,11,3,0,frozen_query_observation_no_gt,post_prediction_hungarian_iou_0.5,0e702e2c284474f691eed7501df0106e07ea53f51d7992651496e0e097dd3270
B2,137a8158-1db5-2cc0-8003-31c12610471e,scene0079_00-scene0079_09-scene0079_05-scene0079_04-scene0079_03,reverse,5,0,18,0.0,4,22,0.18181818181818182,0,18,0.0,18,3,0,0.0,0.0,78,22,11,0,frozen_query_observation_no_gt,post_prediction_hungarian_iou_0.5,0e702e2c284474f691eed7501df0106e07ea53f51d7992651496e0e097dd3270
B3,137a8158-1db5-2cc0-8003-31c12610471e,scene0079_00-scene0079_09-scene0079_05-scene0079_04-scene0079_03,reverse,5,0,18,0.0,4,22,0.18181818181818182,0,18,0.0,18,3,0,0.0,0.0,78,22,11,0,frozen_query_observation_no_gt,post_prediction_hungarian_iou_0.5,0e702e2c284474f691eed7501df0106e07ea53f51d7992651496e0e097dd3270
B4,137a8158-1db5-2cc0-8003-31c12610471e,scene0079_00-scene0079_09-scene0079_05-scene0079_04-scene0079_03,reverse,5,0,18,0.0,0,22,0.0,0,22,0.0,18,3,3,1.0,0.16666666666666666,78,15,5,0,frozen_query_observation_no_gt,post_prediction_hungarian_iou_0.5,0e702e2c284474f691eed7501df0106e07ea53f51d7992651496e0e097dd3270
B2,137a8158-1db5-2cc0-8003-31c12610471e,scene0079_00-scene0079_09-scene0079_05-scene0079_04-scene0079_03,sha256_seed45,2,0,5,0.0,0,5,0.0,0,5,0.0,0,0,0,,,36,10,2,0,frozen_query_observation_no_gt,post_prediction_hungarian_iou_0.5,b0c36e063bf522da9f7bc650e05f4106dc82a3fbd5b76046ac2f9dad07751bb1
B3,137a8158-1db5-2cc0-8003-31c12610471e,scene0079_00-scene0079_09-scene0079_05-scene0079_04-scene0079_03,sha256_seed45,2,0,5,0.0,0,5,0.0,0,5,0.0,0,0,0,,,36,10,2,0,frozen_query_observation_no_gt,post_prediction_hungarian_iou_0.5,b0c36e063bf522da9f7bc650e05f4106dc82a3fbd5b76046ac2f9dad07751bb1
B4,137a8158-1db5-2cc0-8003-31c12610471e,scene0079_00-scene0079_09-scene0079_05-scene0079_04-scene0079_03,sha256_seed45,2,0,5,0.0,0,5,0.0,0,5,0.0,0,0,0,,,36,10,2,0,frozen_query_observation_no_gt,post_prediction_hungarian_iou_0.5,b0c36e063bf522da9f7bc650e05f4106dc82a3fbd5b76046ac2f9dad07751bb1
B2,137a8158-1db5-2cc0-8003-31c12610471e,scene0079_00-scene0079_09-scene0079_05-scene0079_04-scene0079_03,sha256_seed45,3,0,9,0.0,0,9,0.0,0,9,0.0,0,0,0,,,45,10,2,0,frozen_query_observation_no_gt,post_prediction_hungarian_iou_0.5,b0c36e063bf522da9f7bc650e05f4106dc82a3fbd5b76046ac2f9dad07751bb1
B3,137a8158-1db5-2cc0-8003-31c12610471e,scene0079_00-scene0079_09-scene0079_05-scene0079_04-scene0079_03,sha256_seed45,3,0,9,0.0,0,9,0.0,0,9,0.0,0,0,0,,,45,10,2,0,frozen_query_observation_no_gt,post_prediction_hungarian_iou_0.5,b0c36e063bf522da9f7bc650e05f4106dc82a3fbd5b76046ac2f9dad07751bb1
B4,137a8158-1db5-2cc0-8003-31c12610471e,scene0079_00-scene0079_09-scene0079_05-scene0079_04-scene0079_03,sha256_seed45,3,0,9,0.0,0,9,0.0,0,9,0.0,0,0,0,,,45,10,2,0,frozen_query_observation_no_gt,post_prediction_hungarian_iou_0.5,b0c36e063bf522da9f7bc650e05f4106dc82a3fbd5b76046ac2f9dad07751bb1
B2,137a8158-1db5-2cc0-8003-31c12610471e,scene0079_00-scene0079_09-scene0079_05-scene0079_04-scene0079_03,sha256_seed45,4,0,13,0.0,3,16,0.1875,1,14,0.07142857142857142,12,2,0,0.0,0.0,69,18,7,0,frozen_query_observation_no_gt,post_prediction_hungarian_iou_0.5,b0c36e063bf522da9f7bc650e05f4106dc82a3fbd5b76046ac2f9dad07751bb1
B3,137a8158-1db5-2cc0-8003-31c12610471e,scene0079_00-scene0079_09-scene0079_05-scene0079_04-scene0079_03,sha256_seed45,4,0,13,0.0,3,16,0.1875,1,14,0.07142857142857142,12,2,0,0.0,0.0,69,18,7,0,frozen_query_observation_no_gt,post_prediction_hungarian_iou_0.5,b0c36e063bf522da9f7bc650e05f4106dc82a3fbd5b76046ac2f9dad07751bb1
B4,137a8158-1db5-2cc0-8003-31c12610471e,scene0079_00-scene0079_09-scene0079_05-scene0079_04-scene0079_03,sha256_seed45,4,0,13,0.0,0,16,0.0,1,17,0.058823529411764705,12,2,2,1.0,0.16666666666666666,69,14,3,0,frozen_query_observation_no_gt,post_prediction_hungarian_iou_0.5,b0c36e063bf522da9f7bc650e05f4106dc82a3fbd5b76046ac2f9dad07751bb1
B2,137a8158-1db5-2cc0-8003-31c12610471e,scene0079_00-scene0079_09-scene0079_05-scene0079_04-scene0079_03,sha256_seed45,5,0,18,0.0,3,21,0.14285714285714285,1,19,0.05263157894736842,12,2,0,0.0,0.0,77,18,7,0,frozen_query_observation_no_gt,post_prediction_hungarian_iou_0.5,b0c36e063bf522da9f7bc650e05f4106dc82a3fbd5b76046ac2f9dad07751bb1
B3,137a8158-1db5-2cc0-8003-31c12610471e,scene0079_00-scene0079_09-scene0079_05-scene0079_04-scene0079_03,sha256_seed45,5,0,18,0.0,3,21,0.14285714285714285,1,19,0.05263157894736842,12,2,0,0.0,0.0,77,18,7,0,frozen_query_observation_no_gt,post_prediction_hungarian_iou_0.5,b0c36e063bf522da9f7bc650e05f4106dc82a3fbd5b76046ac2f9dad07751bb1
B4,137a8158-1db5-2cc0-8003-31c12610471e,scene0079_00-scene0079_09-scene0079_05-scene0079_04-scene0079_03,sha256_seed45,5,0,18,0.0,0,21,0.0,1,22,0.045454545454545456,12,2,2,1.0,0.16666666666666666,77,14,3,0,frozen_query_observation_no_gt,post_prediction_hungarian_iou_0.5,b0c36e063bf522da9f7bc650e05f4106dc82a3fbd5b76046ac2f9dad07751bb1
B2,137a8158-1db5-2cc0-8003-31c12610471e,scene0079_01-scene0079_06-scene0079_11-scene0079_10-scene0079_02,canonical,2,0,0,,0,0,,2,2,1.0,0,0,0,,,23,9,3,0,frozen_query_observation_no_gt,post_prediction_hungarian_iou_0.5,3659e949ad503298f4d75e8a320bbb4f44f9c93afc8b0cec41c451f6568b6782
B3,137a8158-1db5-2cc0-8003-31c12610471e,scene0079_01-scene0079_06-scene0079_11-scene0079_10-scene0079_02,canonical,2,0,0,,0,0,,2,2,1.0,0,0,0,,,23,9,3,0,frozen_query_observation_no_gt,post_prediction_hungarian_iou_0.5,3659e949ad503298f4d75e8a320bbb4f44f9c93afc8b0cec41c451f6568b6782
B4,137a8158-1db5-2cc0-8003-31c12610471e,scene0079_01-scene0079_06-scene0079_11-scene0079_10-scene0079_02,canonical,2,0,0,,0,0,,2,2,1.0,0,0,0,,,23,9,3,0,frozen_query_observation_no_gt,post_prediction_hungarian_iou_0.5,3659e949ad503298f4d75e8a320bbb4f44f9c93afc8b0cec41c451f6568b6782
B2,137a8158-1db5-2cc0-8003-31c12610471e,scene0079_01-scene0079_06-scene0079_11-scene0079_10-scene0079_02,canonical,3,0,5,0.0,2,7,0.2857142857142857,2,7,0.2857142857142857,8,2,0,0.0,0.0,52,18,11,0,frozen_query_observation_no_gt,post_prediction_hungarian_iou_0.5,3659e949ad503298f4d75e8a320bbb4f44f9c93afc8b0cec41c451f6568b6782
B3,137a8158-1db5-2cc0-8003-31c12610471e,scene0079_01-scene0079_06-scene0079_11-scene0079_10-scene0079_02,canonical,3,0,5,0.0,2,7,0.2857142857142857,2,7,0.2857142857142857,8,2,0,0.0,0.0,52,18,11,0,frozen_query_observation_no_gt,post_prediction_hungarian_iou_0.5,3659e949ad503298f4d75e8a320bbb4f44f9c93afc8b0cec41c451f6568b6782
B4,137a8158-1db5-2cc0-8003-31c12610471e,scene0079_01-scene0079_06-scene0079_11-scene0079_10-scene0079_02,canonical,3,1,5,0.2,2,7,0.2857142857142857,2,7,0.2857142857142857,8,2,1,0.5,0.125,52,14,8,0,frozen_query_observation_no_gt,post_prediction_hungarian_iou_0.5,3659e949ad503298f4d75e8a320bbb4f44f9c93afc8b0cec41c451f6568b6782
B2,137a8158-1db5-2cc0-8003-31c12610471e,scene0079_01-scene0079_06-scene0079_11-scene0079_10-scene0079_02,canonical,4,1,7,0.14285714285714285,3,10,0.3,3,10,0.3,9,2,0,0.0,0.0,63,18,11,0,frozen_query_observation_no_gt,post_prediction_hungarian_iou_0.5,3659e949ad503298f4d75e8a320bbb4f44f9c93afc8b0cec41c451f6568b6782
B3,137a8158-1db5-2cc0-8003-31c12610471e,scene0079_01-scene0079_06-scene0079_11-scene0079_10-scene0079_02,canonical,4,1,7,0.14285714285714285,2,10,0.2,3,11,0.2727272727272727,9,2,0,0.0,0.0,63,18,11,0,frozen_query_observation_no_gt,post_prediction_hungarian_iou_0.5,3659e949ad503298f4d75e8a320bbb4f44f9c93afc8b0cec41c451f6568b6782
B4,137a8158-1db5-2cc0-8003-31c12610471e,scene0079_01-scene0079_06-scene0079_11-scene0079_10-scene0079_02,canonical,4,2,7,0.2857142857142857,2,10,0.2,3,11,0.2727272727272727,9,2,1,0.5,0.1111111111111111,63,14,8,0,frozen_query_observation_no_gt,post_prediction_hungarian_iou_0.5,3659e949ad503298f4d75e8a320bbb4f44f9c93afc8b0cec41c451f6568b6782
B2,137a8158-1db5-2cc0-8003-31c12610471e,scene0079_01-scene0079_06-scene0079_11-scene0079_10-scene0079_02,canonical,5,2,10,0.2,6,17,0.35294117647058826,3,14,0.21428571428571427,16,6,2,0.3333333333333333,0.125,85,23,14,0,frozen_query_observation_no_gt,post_prediction_hungarian_iou_0.5,3659e949ad503298f4d75e8a320bbb4f44f9c93afc8b0cec41c451f6568b6782
B3,137a8158-1db5-2cc0-8003-31c12610471e,scene0079_01-scene0079_06-scene0079_11-scene0079_10-scene0079_02,canonical,5,2,10,0.2,5,17,0.29411764705882354,3,15,0.2,16,6,2,0.3333333333333333,0.125,85,23,14,0,frozen_query_observation_no_gt,post_prediction_hungarian_iou_0.5,3659e949ad503298f4d75e8a320bbb4f44f9c93afc8b0cec41c451f6568b6782
B4,137a8158-1db5-2cc0-8003-31c12610471e,scene0079_01-scene0079_06-scene0079_11-scene0079_10-scene0079_02,canonical,5,3,10,0.3,4,17,0.23529411764705882,3,16,0.1875,16,6,4,0.6666666666666666,0.25,85,14,8,0,frozen_query_observation_no_gt,post_prediction_hungarian_iou_0.5,3659e949ad503298f4d75e8a320bbb4f44f9c93afc8b0cec41c451f6568b6782
B2,137a8158-1db5-2cc0-8003-31c12610471e,scene0079_01-scene0079_06-scene0079_11-scene0079_10-scene0079_02,reverse,2,1,4,0.25,1,4,0.25,2,5,0.4,0,0,0,,,33,13,4,0,frozen_query_observation_no_gt,post_prediction_hungarian_iou_0.5,5be09cb33b430501c6649fc01fdd1c97e0481d0881713d213097ee67b3b0cb18
B3,137a8158-1db5-2cc0-8003-31c12610471e,scene0079_01-scene0079_06-scene0079_11-scene0079_10-scene0079_02,reverse,2,1,4,0.25,1,4,0.25,2,5,0.4,0,0,0,,,33,13,4,0,frozen_query_observation_no_gt,post_prediction_hungarian_iou_0.5,5be09cb33b430501c6649fc01fdd1c97e0481d0881713d213097ee67b3b0cb18
B4,137a8158-1db5-2cc0-8003-31c12610471e,scene0079_01-scene0079_06-scene0079_11-scene0079_10-scene0079_02,reverse,2,1,4,0.25,1,4,0.25,2,5,0.4,0,0,0,,,33,13,4,0,frozen_query_observation_no_gt,post_prediction_hungarian_iou_0.5,5be09cb33b430501c6649fc01fdd1c97e0481d0881713d213097ee67b3b0cb18
B2,137a8158-1db5-2cc0-8003-31c12610471e,scene0079_01-scene0079_06-scene0079_11-scene0079_10-scene0079_02,reverse,3,2,6,0.3333333333333333,3,9,0.3333333333333333,2,8,0.25,7,3,1,0.3333333333333333,0.14285714285714285,61,18,7,0,frozen_query_observation_no_gt,post_prediction_hungarian_iou_0.5,5be09cb33b430501c6649fc01fdd1c97e0481d0881713d213097ee67b3b0cb18
B3,137a8158-1db5-2cc0-8003-31c12610471e,scene0079_01-scene0079_06-scene0079_11-scene0079_10-scene0079_02,reverse,3,2,6,0.3333333333333333,3,9,0.3333333333333333,2,8,0.25,7,3,1,0.3333333333333333,0.14285714285714285,61,18,7,0,frozen_query_observation_no_gt,post_prediction_hungarian_iou_0.5,5be09cb33b430501c6649fc01fdd1c97e0481d0881713d213097ee67b3b0cb18
B4,137a8158-1db5-2cc0-8003-31c12610471e,scene0079_01-scene0079_06-scene0079_11-scene0079_10-scene0079_02,reverse,3,2,6,0.3333333333333333,1,9,0.1111111111111111,2,10,0.2,7,3,3,1.0,0.42857142857142855,61,15,5,0,frozen_query_observation_no_gt,post_prediction_hungarian_iou_0.5,5be09cb33b430501c6649fc01fdd1c97e0481d0881713d213097ee67b3b0cb18
B2,137a8158-1db5-2cc0-8003-31c12610471e,scene0079_01-scene0079_06-scene0079_11-scene0079_10-scene0079_02,reverse,4,3,10,0.3,5,14,0.35714285714285715,3,12,0.25,7,3,1,0.3333333333333333,0.14285714285714285,70,18,7,0,frozen_query_observation_no_gt,post_prediction_hungarian_iou_0.5,5be09cb33b430501c6649fc01fdd1c97e0481d0881713d213097ee67b3b0cb18
B3,137a8158-1db5-2cc0-8003-31c12610471e,scene0079_01-scene0079_06-scene0079_11-scene0079_10-scene0079_02,reverse,4,3,10,0.3,5,14,0.35714285714285715,3,12,0.25,7,3,1,0.3333333333333333,0.14285714285714285,70,18,7,0,frozen_query_observation_no_gt,post_prediction_hungarian_iou_0.5,5be09cb33b430501c6649fc01fdd1c97e0481d0881713d213097ee67b3b0cb18
B4,137a8158-1db5-2cc0-8003-31c12610471e,scene0079_01-scene0079_06-scene0079_11-scene0079_10-scene0079_02,reverse,4,3,10,0.3,2,14,0.14285714285714285,3,15,0.2,7,3,3,1.0,0.42857142857142855,70,15,5,0,frozen_query_observation_no_gt,post_prediction_hungarian_iou_0.5,5be09cb33b430501c6649fc01fdd1c97e0481d0881713d213097ee67b3b0cb18
B2,137a8158-1db5-2cc0-8003-31c12610471e,scene0079_01-scene0079_06-scene0079_11-scene0079_10-scene0079_02,reverse,5,3,10,0.3,7,17,0.4117647058823529,4,14,0.2857142857142857,16,4,2,0.5,0.125,84,21,9,0,frozen_query_observation_no_gt,post_prediction_hungarian_iou_0.5,5be09cb33b430501c6649fc01fdd1c97e0481d0881713d213097ee67b3b0cb18
B3,137a8158-1db5-2cc0-8003-31c12610471e,scene0079_01-scene0079_06-scene0079_11-scene0079_10-scene0079_02,reverse,5,3,10,0.3,7,17,0.4117647058823529,4,14,0.2857142857142857,16,4,1,0.25,0.0625,84,20,8,0,frozen_query_observation_no_gt,post_prediction_hungarian_iou_0.5,5be09cb33b430501c6649fc01fdd1c97e0481d0881713d213097ee67b3b0cb18
B4,137a8158-1db5-2cc0-8003-31c12610471e,scene0079_01-scene0079_06-scene0079_11-scene0079_10-scene0079_02,reverse,5,3,10,0.3,3,17,0.17647058823529413,4,18,0.2222222222222222,16,4,4,1.0,0.25,84,15,5,0,frozen_query_observation_no_gt,post_prediction_hungarian_iou_0.5,5be09cb33b430501c6649fc01fdd1c97e0481d0881713d213097ee67b3b0cb18
B2,137a8158-1db5-2cc0-8003-31c12610471e,scene0079_01-scene0079_06-scene0079_11-scene0079_10-scene0079_02,sha256_seed45,2,1,3,0.3333333333333333,1,3,0.3333333333333333,0,2,0.0,0,0,0,,,25,8,2,0,frozen_query_observation_no_gt,post_prediction_hungarian_iou_0.5,288c001385f359c9f9b0a6eef5bf9582cf39808305f55264dfd22ccc700692d4
B3,137a8158-1db5-2cc0-8003-31c12610471e,scene0079_01-scene0079_06-scene0079_11-scene0079_10-scene0079_02,sha256_seed45,2,1,3,0.3333333333333333,1,3,0.3333333333333333,0,2,0.0,0,0,0,,,25,8,2,0,frozen_query_observation_no_gt,post_prediction_hungarian_iou_0.5,288c001385f359c9f9b0a6eef5bf9582cf39808305f55264dfd22ccc700692d4
B4,137a8158-1db5-2cc0-8003-31c12610471e,scene0079_01-scene0079_06-scene0079_11-scene0079_10-scene0079_02,sha256_seed45,2,1,3,0.3333333333333333,1,3,0.3333333333333333,0,2,0.0,0,0,0,,,25,8,2,0,frozen_query_observation_no_gt,post_prediction_hungarian_iou_0.5,288c001385f359c9f9b0a6eef5bf9582cf39808305f55264dfd22ccc700692d4
B2,137a8158-1db5-2cc0-8003-31c12610471e,scene0079_01-scene0079_06-scene0079_11-scene0079_10-scene0079_02,sha256_seed45,3,1,5,0.2,2,6,0.3333333333333333,2,6,0.3333333333333333,0,0,0,,,47,14,6,0,frozen_query_observation_no_gt,post_prediction_hungarian_iou_0.5,288c001385f359c9f9b0a6eef5bf9582cf39808305f55264dfd22ccc700692d4
B3,137a8158-1db5-2cc0-8003-31c12610471e,scene0079_01-scene0079_06-scene0079_11-scene0079_10-scene0079_02,sha256_seed45,3,1,5,0.2,2,6,0.3333333333333333,2,6,0.3333333333333333,0,0,0,,,47,14,6,0,frozen_query_observation_no_gt,post_prediction_hungarian_iou_0.5,288c001385f359c9f9b0a6eef5bf9582cf39808305f55264dfd22ccc700692d4
B4,137a8158-1db5-2cc0-8003-31c12610471e,scene0079_01-scene0079_06-scene0079_11-scene0079_10-scene0079_02,sha256_seed45,3,1,5,0.2,2,6,0.3333333333333333,2,6,0.3333333333333333,0,0,0,,,47,13,5,0,frozen_query_observation_no_gt,post_prediction_hungarian_iou_0.5,288c001385f359c9f9b0a6eef5bf9582cf39808305f55264dfd22ccc700692d4
B2,137a8158-1db5-2cc0-8003-31c12610471e,scene0079_01-scene0079_06-scene0079_11-scene0079_10-scene0079_02,sha256_seed45,4,2,8,0.25,3,9,0.3333333333333333,3,9,0.3333333333333333,2,0,0,,0.0,58,15,6,0,frozen_query_observation_no_gt,post_prediction_hungarian_iou_0.5,288c001385f359c9f9b0a6eef5bf9582cf39808305f55264dfd22ccc700692d4
B3,137a8158-1db5-2cc0-8003-31c12610471e,scene0079_01-scene0079_06-scene0079_11-scene0079_10-scene0079_02,sha256_seed45,4,2,8,0.25,3,9,0.3333333333333333,3,9,0.3333333333333333,2,0,0,,0.0,58,15,6,0,frozen_query_observation_no_gt,post_prediction_hungarian_iou_0.5,288c001385f359c9f9b0a6eef5bf9582cf39808305f55264dfd22ccc700692d4
B4,137a8158-1db5-2cc0-8003-31c12610471e,scene0079_01-scene0079_06-scene0079_11-scene0079_10-scene0079_02,sha256_seed45,4,2,8,0.25,3,9,0.3333333333333333,4,10,0.4,2,0,0,,0.0,58,14,5,0,frozen_query_observation_no_gt,post_prediction_hungarian_iou_0.5,288c001385f359c9f9b0a6eef5bf9582cf39808305f55264dfd22ccc700692d4
B2,137a8158-1db5-2cc0-8003-31c12610471e,scene0079_01-scene0079_06-scene0079_11-scene0079_10-scene0079_02,sha256_seed45,5,3,12,0.25,4,16,0.25,3,15,0.2,12,2,1,0.5,0.08333333333333333,87,23,13,0,frozen_query_observation_no_gt,post_prediction_hungarian_iou_0.5,288c001385f359c9f9b0a6eef5bf9582cf39808305f55264dfd22ccc700692d4
B3,137a8158-1db5-2cc0-8003-31c12610471e,scene0079_01-scene0079_06-scene0079_11-scene0079_10-scene0079_02,sha256_seed45,5,4,12,0.3333333333333333,5,16,0.3125,3,14,0.21428571428571427,12,2,1,0.5,0.08333333333333333,87,23,13,0,frozen_query_observation_no_gt,post_prediction_hungarian_iou_0.5,288c001385f359c9f9b0a6eef5bf9582cf39808305f55264dfd22ccc700692d4
B4,137a8158-1db5-2cc0-8003-31c12610471e,scene0079_01-scene0079_06-scene0079_11-scene0079_10-scene0079_02,sha256_seed45,5,3,12,0.25,3,16,0.1875,4,17,0.23529411764705882,12,2,2,1.0,0.16666666666666666,87,16,7,0,frozen_query_observation_no_gt,post_prediction_hungarian_iou_0.5,288c001385f359c9f9b0a6eef5bf9582cf39808305f55264dfd22ccc700692d4
B2,137a8158-1db5-2cc0-8003-31c12610471e,scene0079_02-scene0079_08-scene0079_00-scene0079_09-scene0079_05,canonical,2,1,4,0.25,1,4,0.25,1,4,0.25,0,0,0,,,34,15,5,0,frozen_query_observation_no_gt,post_prediction_hungarian_iou_0.5,8b8740da5d88098823625b66631cb723a40d41e2929eeb79ddd5bba55c538b05
B3,137a8158-1db5-2cc0-8003-31c12610471e,scene0079_02-scene0079_08-scene0079_00-scene0079_09-scene0079_05,canonical,2,1,4,0.25,1,4,0.25,1,4,0.25,0,0,0,,,34,15,5,0,frozen_query_observation_no_gt,post_prediction_hungarian_iou_0.5,8b8740da5d88098823625b66631cb723a40d41e2929eeb79ddd5bba55c538b05
B4,137a8158-1db5-2cc0-8003-31c12610471e,scene0079_02-scene0079_08-scene0079_00-scene0079_09-scene0079_05,canonical,2,1,4,0.25,1,4,0.25,1,4,0.25,0,0,0,,,34,15,5,0,frozen_query_observation_no_gt,post_prediction_hungarian_iou_0.5,8b8740da5d88098823625b66631cb723a40d41e2929eeb79ddd5bba55c538b05
B2,137a8158-1db5-2cc0-8003-31c12610471e,scene0079_02-scene0079_08-scene0079_00-scene0079_09-scene0079_05,canonical,3,2,11,0.18181818181818182,4,14,0.2857142857142857,1,11,0.09090909090909091,10,2,0,0.0,0.0,59,22,11,0,frozen_query_observation_no_gt,post_prediction_hungarian_iou_0.5,8b8740da5d88098823625b66631cb723a40d41e2929eeb79ddd5bba55c538b05
B3,137a8158-1db5-2cc0-8003-31c12610471e,scene0079_02-scene0079_08-scene0079_00-scene0079_09-scene0079_05,canonical,3,3,11,0.2727272727272727,5,14,0.35714285714285715,1,10,0.1,10,2,0,0.0,0.0,59,22,11,0,frozen_query_observation_no_gt,post_prediction_hungarian_iou_0.5,8b8740da5d88098823625b66631cb723a40d41e2929eeb79ddd5bba55c538b05
B4,137a8158-1db5-2cc0-8003-31c12610471e,scene0079_02-scene0079_08-scene0079_00-scene0079_09-scene0079_05,canonical,3,2,11,0.18181818181818182,2,14,0.14285714285714285,2,14,0.14285714285714285,10,2,2,1.0,0.2,59,16,6,0,frozen_query_observation_no_gt,post_prediction_hungarian_iou_0.5,8b8740da5d88098823625b66631cb723a40d41e2929eeb79ddd5bba55c538b05
B2,137a8158-1db5-2cc0-8003-31c12610471e,scene0079_02-scene0079_08-scene0079_00-scene0079_09-scene0079_05,canonical,4,2,16,0.125,4,19,0.21052631578947367,1,16,0.0625,10,2,0,0.0,0.0,67,22,11,0,frozen_query_observation_no_gt,post_prediction_hungarian_iou_0.5,8b8740da5d88098823625b66631cb723a40d41e2929eeb79ddd5bba55c538b05
B3,137a8158-1db5-2cc0-8003-31c12610471e,scene0079_02-scene0079_08-scene0079_00-scene0079_09-scene0079_05,canonical,4,3,16,0.1875,5,19,0.2631578947368421,1,15,0.06666666666666667,10,2,0,0.0,0.0,67,22,11,0,frozen_query_observation_no_gt,post_prediction_hungarian_iou_0.5,8b8740da5d88098823625b66631cb723a40d41e2929eeb79ddd5bba55c538b05
B4,137a8158-1db5-2cc0-8003-31c12610471e,scene0079_02-scene0079_08-scene0079_00-scene0079_09-scene0079_05,canonical,4,2,16,0.125,2,19,0.10526315789473684,2,19,0.10526315789473684,10,2,2,1.0,0.2,67,16,6,0,frozen_query_observation_no_gt,post_prediction_hungarian_iou_0.5,8b8740da5d88098823625b66631cb723a40d41e2929eeb79ddd5bba55c538b05
B2,137a8158-1db5-2cc0-8003-31c12610471e,scene0079_02-scene0079_08-scene0079_00-scene0079_09-scene0079_05,canonical,5,3,21,0.14285714285714285,8,27,0.2962962962962963,1,20,0.05,22,4,0,0.0,0.0,90,30,16,0,frozen_query_observation_no_gt,post_prediction_hungarian_iou_0.5,8b8740da5d88098823625b66631cb723a40d41e2929eeb79ddd5bba55c538b05
B3,137a8158-1db5-2cc0-8003-31c12610471e,scene0079_02-scene0079_08-scene0079_00-scene0079_09-scene0079_05,canonical,5,4,21,0.19047619047619047,9,27,0.3333333333333333,1,19,0.05263157894736842,22,4,0,0.0,0.0,90,30,16,0,frozen_query_observation_no_gt,post_prediction_hungarian_iou_0.5,8b8740da5d88098823625b66631cb723a40d41e2929eeb79ddd5bba55c538b05
B4,137a8158-1db5-2cc0-8003-31c12610471e,scene0079_02-scene0079_08-scene0079_00-scene0079_09-scene0079_05,canonical,5,3,21,0.14285714285714285,3,27,0.1111111111111111,3,27,0.1111111111111111,22,4,4,1.0,0.18181818181818182,90,18,7,0,frozen_query_observation_no_gt,post_prediction_hungarian_iou_0.5,8b8740da5d88098823625b66631cb723a40d41e2929eeb79ddd5bba55c538b05
B2,137a8158-1db5-2cc0-8003-31c12610471e,scene0079_02-scene0079_08-scene0079_00-scene0079_09-scene0079_05,reverse,2,0,5,0.0,0,5,0.0,0,5,0.0,0,0,0,,,32,13,3,0,frozen_query_observation_no_gt,post_prediction_hungarian_iou_0.5,61151ab0c02e82d6724810d56c39e810e8b0a0372e123ea4f953ccea8aab9753
B3,137a8158-1db5-2cc0-8003-31c12610471e,scene0079_02-scene0079_08-scene0079_00-scene0079_09-scene0079_05,reverse,2,0,5,0.0,0,5,0.0,0,5,0.0,0,0,0,,,32,13,3,0,frozen_query_observation_no_gt,post_prediction_hungarian_iou_0.5,61151ab0c02e82d6724810d56c39e810e8b0a0372e123ea4f953ccea8aab9753
B4,137a8158-1db5-2cc0-8003-31c12610471e,scene0079_02-scene0079_08-scene0079_00-scene0079_09-scene0079_05,reverse,2,0,5,0.0,0,5,0.0,0,5,0.0,0,0,0,,,32,13,3,0,frozen_query_observation_no_gt,post_prediction_hungarian_iou_0.5,61151ab0c02e82d6724810d56c39e810e8b0a0372e123ea4f953ccea8aab9753
B2,137a8158-1db5-2cc0-8003-31c12610471e,scene0079_02-scene0079_08-scene0079_00-scene0079_09-scene0079_05,reverse,3,0,10,0.0,3,13,0.23076923076923078,0,10,0.0,12,2,0,0.0,0.0,57,22,10,0,frozen_query_observation_no_gt,post_prediction_hungarian_iou_0.5,61151ab0c02e82d6724810d56c39e810e8b0a0372e123ea4f953ccea8aab9753
B3,137a8158-1db5-2cc0-8003-31c12610471e,scene0079_02-scene0079_08-scene0079_00-scene0079_09-scene0079_05,reverse,3,0,10,0.0,3,13,0.23076923076923078,0,10,0.0,12,2,0,0.0,0.0,57,22,10,0,frozen_query_observation_no_gt,post_prediction_hungarian_iou_0.5,61151ab0c02e82d6724810d56c39e810e8b0a0372e123ea4f953ccea8aab9753
B4,137a8158-1db5-2cc0-8003-31c12610471e,scene0079_02-scene0079_08-scene0079_00-scene0079_09-scene0079_05,reverse,3,0,10,0.0,0,13,0.0,1,14,0.07142857142857142,12,2,2,1.0,0.16666666666666666,57,16,5,0,frozen_query_observation_no_gt,post_prediction_hungarian_iou_0.5,61151ab0c02e82d6724810d56c39e810e8b0a0372e123ea4f953ccea8aab9753
B2,137a8158-1db5-2cc0-8003-31c12610471e,scene0079_02-scene0079_08-scene0079_00-scene0079_09-scene0079_05,reverse,4,0,16,0.0,3,19,0.15789473684210525,0,16,0.0,12,2,0,0.0,0.0,68,22,10,0,frozen_query_observation_no_gt,post_prediction_hungarian_iou_0.5,61151ab0c02e82d6724810d56c39e810e8b0a0372e123ea4f953ccea8aab9753
B3,137a8158-1db5-2cc0-8003-31c12610471e,scene0079_02-scene0079_08-scene0079_00-scene0079_09-scene0079_05,reverse,4,0,16,0.0,3,19,0.15789473684210525,0,16,0.0,12,2,0,0.0,0.0,68,22,10,0,frozen_query_observation_no_gt,post_prediction_hungarian_iou_0.5,61151ab0c02e82d6724810d56c39e810e8b0a0372e123ea4f953ccea8aab9753
B4,137a8158-1db5-2cc0-8003-31c12610471e,scene0079_02-scene0079_08-scene0079_00-scene0079_09-scene0079_05,reverse,4,0,16,0.0,0,19,0.0,1,20,0.05,12,2,2,1.0,0.16666666666666666,68,16,5,0,frozen_query_observation_no_gt,post_prediction_hungarian_iou_0.5,61151ab0c02e82d6724810d56c39e810e8b0a0372e123ea4f953ccea8aab9753
B2,137a8158-1db5-2cc0-8003-31c12610471e,scene0079_02-scene0079_08-scene0079_00-scene0079_09-scene0079_05,reverse,5,3,21,0.14285714285714285,9,27,0.3333333333333333,0,18,0.0,22,4,0,0.0,0.0,92,31,17,0,frozen_query_observation_no_gt,post_prediction_hungarian_iou_0.5,61151ab0c02e82d6724810d56c39e810e8b0a0372e123ea4f953ccea8aab9753
B3,137a8158-1db5-2cc0-8003-31c12610471e,scene0079_02-scene0079_08-scene0079_00-scene0079_09-scene0079_05,reverse,5,2,21,0.09523809523809523,8,27,0.2962962962962963,0,19,0.0,22,4,0,0.0,0.0,92,31,17,0,frozen_query_observation_no_gt,post_prediction_hungarian_iou_0.5,61151ab0c02e82d6724810d56c39e810e8b0a0372e123ea4f953ccea8aab9753
B4,137a8158-1db5-2cc0-8003-31c12610471e,scene0079_02-scene0079_08-scene0079_00-scene0079_09-scene0079_05,reverse,5,3,21,0.14285714285714285,4,27,0.14814814814814814,3,26,0.11538461538461539,22,4,3,0.75,0.13636363636363635,92,18,7,0,frozen_query_observation_no_gt,post_prediction_hungarian_iou_0.5,61151ab0c02e82d6724810d56c39e810e8b0a0372e123ea4f953ccea8aab9753
B2,137a8158-1db5-2cc0-8003-31c12610471e,scene0079_02-scene0079_08-scene0079_00-scene0079_09-scene0079_05,sha256_seed45,2,0,6,0.0,0,6,0.0,1,7,0.14285714285714285,0,0,0,,,45,15,4,0,frozen_query_observation_no_gt,post_prediction_hungarian_iou_0.5,20629d2e795d70861bddfcaaa1680f3c68dd0c099c1cea1fc716adeefe60ebf7
B3,137a8158-1db5-2cc0-8003-31c12610471e,scene0079_02-scene0079_08-scene0079_00-scene0079_09-scene0079_05,sha256_seed45,2,0,6,0.0,0,6,0.0,1,7,0.14285714285714285,0,0,0,,,45,15,4,0,frozen_query_observation_no_gt,post_prediction_hungarian_iou_0.5,20629d2e795d70861bddfcaaa1680f3c68dd0c099c1cea1fc716adeefe60ebf7
B4,137a8158-1db5-2cc0-8003-31c12610471e,scene0079_02-scene0079_08-scene0079_00-scene0079_09-scene0079_05,sha256_seed45,2,0,6,0.0,0,6,0.0,1,7,0.14285714285714285,0,0,0,,,45,15,4,0,frozen_query_observation_no_gt,post_prediction_hungarian_iou_0.5,20629d2e795d70861bddfcaaa1680f3c68dd0c099c1cea1fc716adeefe60ebf7
B2,137a8158-1db5-2cc0-8003-31c12610471e,scene0079_02-scene0079_08-scene0079_00-scene0079_09-scene0079_05,sha256_seed45,3,0,10,0.0,1,11,0.09090909090909091,2,12,0.16666666666666666,3,0,0,,0.0,57,16,5,0,frozen_query_observation_no_gt,post_prediction_hungarian_iou_0.5,20629d2e795d70861bddfcaaa1680f3c68dd0c099c1cea1fc716adeefe60ebf7
B3,137a8158-1db5-2cc0-8003-31c12610471e,scene0079_02-scene0079_08-scene0079_00-scene0079_09-scene0079_05,sha256_seed45,3,0,10,0.0,1,11,0.09090909090909091,2,12,0.16666666666666666,3,0,0,,0.0,57,16,5,0,frozen_query_observation_no_gt,post_prediction_hungarian_iou_0.5,20629d2e795d70861bddfcaaa1680f3c68dd0c099c1cea1fc716adeefe60ebf7
B4,137a8158-1db5-2cc0-8003-31c12610471e,scene0079_02-scene0079_08-scene0079_00-scene0079_09-scene0079_05,sha256_seed45,3,0,10,0.0,0,11,0.0,2,13,0.15384615384615385,3,0,0,,0.0,57,15,4,0,frozen_query_observation_no_gt,post_prediction_hungarian_iou_0.5,20629d2e795d70861bddfcaaa1680f3c68dd0c099c1cea1fc716adeefe60ebf7
B2,137a8158-1db5-2cc0-8003-31c12610471e,scene0079_02-scene0079_08-scene0079_00-scene0079_09-scene0079_05,sha256_seed45,4,1,17,0.058823529411764705,5,22,0.22727272727272727,2,19,0.10526315789473684,14,3,0,0.0,0.0,82,23,12,0,frozen_query_observation_no_gt,post_prediction_hungarian_iou_0.5,20629d2e795d70861bddfcaaa1680f3c68dd0c099c1cea1fc716adeefe60ebf7
B3,137a8158-1db5-2cc0-8003-31c12610471e,scene0079_02-scene0079_08-scene0079_00-scene0079_09-scene0079_05,sha256_seed45,4,2,17,0.11764705882352941,6,22,0.2727272727272727,2,18,0.1111111111111111,14,3,0,0.0,0.0,82,23,12,0,frozen_query_observation_no_gt,post_prediction_hungarian_iou_0.5,20629d2e795d70861bddfcaaa1680f3c68dd0c099c1cea1fc716adeefe60ebf7
B4,137a8158-1db5-2cc0-8003-31c12610471e,scene0079_02-scene0079_08-scene0079_00-scene0079_09-scene0079_05,sha256_seed45,4,1,17,0.058823529411764705,1,22,0.045454545454545456,2,23,0.08695652173913043,14,3,3,1.0,0.21428571428571427,82,17,6,0,frozen_query_observation_no_gt,post_prediction_hungarian_iou_0.5,20629d2e795d70861bddfcaaa1680f3c68dd0c099c1cea1fc716adeefe60ebf7
B2,137a8158-1db5-2cc0-8003-31c12610471e,scene0079_02-scene0079_08-scene0079_00-scene0079_09-scene0079_05,sha256_seed45,5,1,22,0.045454545454545456,5,27,0.18518518518518517,2,24,0.08333333333333333,14,3,0,0.0,0.0,90,23,12,0,frozen_query_observation_no_gt,post_prediction_hungarian_iou_0.5,20629d2e795d70861bddfcaaa1680f3c68dd0c099c1cea1fc716adeefe60ebf7
B3,137a8158-1db5-2cc0-8003-31c12610471e,scene0079_02-scene0079_08-scene0079_00-scene0079_09-scene0079_05,sha256_seed45,5,2,22,0.09090909090909091,6,27,0.2222222222222222,2,23,0.08695652173913043,14,3,0,0.0,0.0,90,23,12,0,frozen_query_observation_no_gt,post_prediction_hungarian_iou_0.5,20629d2e795d70861bddfcaaa1680f3c68dd0c099c1cea1fc716adeefe60ebf7
B4,137a8158-1db5-2cc0-8003-31c12610471e,scene0079_02-scene0079_08-scene0079_00-scene0079_09-scene0079_05,sha256_seed45,5,1,22,0.045454545454545456,1,27,0.037037037037037035,2,28,0.07142857142857142,14,3,3,1.0,0.21428571428571427,90,17,6,0,frozen_query_observation_no_gt,post_prediction_hungarian_iou_0.5,20629d2e795d70861bddfcaaa1680f3c68dd0c099c1cea1fc716adeefe60ebf7
B2,137a8158-1db5-2cc0-8003-31c12610471e,scene0079_03-scene0079_07-scene0079_01-scene0079_06-scene0079_11,canonical,2,1,2,0.5,1,2,0.5,1,2,0.5,0,0,0,,,23,9,2,0,frozen_query_observation_no_gt,post_prediction_hungarian_iou_0.5,2408ccb6a31ab8316b35e76cec5453fc45c26b34aa15b8c0e164fd87cac3bed0
B3,137a8158-1db5-2cc0-8003-31c12610471e,scene0079_03-scene0079_07-scene0079_01-scene0079_06-scene0079_11,canonical,2,1,2,0.5,1,2,0.5,1,2,0.5,0,0,0,,,23,9,2,0,frozen_query_observation_no_gt,post_prediction_hungarian_iou_0.5,2408ccb6a31ab8316b35e76cec5453fc45c26b34aa15b8c0e164fd87cac3bed0
B4,137a8158-1db5-2cc0-8003-31c12610471e,scene0079_03-scene0079_07-scene0079_01-scene0079_06-scene0079_11,canonical,2,1,2,0.5,1,2,0.5,1,2,0.5,0,0,0,,,23,9,2,0,frozen_query_observation_no_gt,post_prediction_hungarian_iou_0.5,2408ccb6a31ab8316b35e76cec5453fc45c26b34aa15b8c0e164fd87cac3bed0
B2,137a8158-1db5-2cc0-8003-31c12610471e,scene0079_03-scene0079_07-scene0079_01-scene0079_06-scene0079_11,canonical,3,1,2,0.5,2,4,0.5,3,5,0.6,7,2,1,0.5,0.14285714285714285,37,12,5,0,frozen_query_observation_no_gt,post_prediction_hungarian_iou_0.5,2408ccb6a31ab8316b35e76cec5453fc45c26b34aa15b8c0e164fd87cac3bed0
B3,137a8158-1db5-2cc0-8003-31c12610471e,scene0079_03-scene0079_07-scene0079_01-scene0079_06-scene0079_11,canonical,3,1,2,0.5,2,4,0.5,3,5,0.6,7,2,1,0.5,0.14285714285714285,37,12,5,0,frozen_query_observation_no_gt,post_prediction_hungarian_iou_0.5,2408ccb6a31ab8316b35e76cec5453fc45c26b34aa15b8c0e164fd87cac3bed0
B4,137a8158-1db5-2cc0-8003-31c12610471e,scene0079_03-scene0079_07-scene0079_01-scene0079_06-scene0079_11,canonical,3,1,2,0.5,1,4,0.25,3,6,0.5,7,2,2,1.0,0.2857142857142857,37,10,3,0,frozen_query_observation_no_gt,post_prediction_hungarian_iou_0.5,2408ccb6a31ab8316b35e76cec5453fc45c26b34aa15b8c0e164fd87cac3bed0
B2,137a8158-1db5-2cc0-8003-31c12610471e,scene0079_03-scene0079_07-scene0079_01-scene0079_06-scene0079_11,canonical,4,1,2,0.5,5,9,0.5555555555555556,3,7,0.42857142857142855,13,7,3,0.42857142857142855,0.23076923076923078,45,14,7,0,frozen_query_observation_no_gt,post_prediction_hungarian_iou_0.5,2408ccb6a31ab8316b35e76cec5453fc45c26b34aa15b8c0e164fd87cac3bed0
B3,137a8158-1db5-2cc0-8003-31c12610471e,scene0079_03-scene0079_07-scene0079_01-scene0079_06-scene0079_11,canonical,4,1,2,0.5,5,9,0.5555555555555556,3,7,0.42857142857142855,13,7,3,0.42857142857142855,0.23076923076923078,45,14,7,0,frozen_query_observation_no_gt,post_prediction_hungarian_iou_0.5,2408ccb6a31ab8316b35e76cec5453fc45c26b34aa15b8c0e164fd87cac3bed0
B4,137a8158-1db5-2cc0-8003-31c12610471e,scene0079_03-scene0079_07-scene0079_01-scene0079_06-scene0079_11,canonical,4,1,2,0.5,1,9,0.1111111111111111,3,11,0.2727272727272727,13,7,6,0.8571428571428571,0.46153846153846156,45,10,3,0,frozen_query_observation_no_gt,post_prediction_hungarian_iou_0.5,2408ccb6a31ab8316b35e76cec5453fc45c26b34aa15b8c0e164fd87cac3bed0
B2,137a8158-1db5-2cc0-8003-31c12610471e,scene0079_03-scene0079_07-scene0079_01-scene0079_06-scene0079_11,canonical,5,1,7,0.14285714285714285,7,16,0.4375,3,12,0.25,21,9,3,0.3333333333333333,0.14285714285714285,74,23,15,0,frozen_query_observation_no_gt,post_prediction_hungarian_iou_0.5,2408ccb6a31ab8316b35e76cec5453fc45c26b34aa15b8c0e164fd87cac3bed0
B3,137a8158-1db5-2cc0-8003-31c12610471e,scene0079_03-scene0079_07-scene0079_01-scene0079_06-scene0079_11,canonical,5,1,7,0.14285714285714285,7,16,0.4375,3,12,0.25,21,9,3,0.3333333333333333,0.14285714285714285,74,23,15,0,frozen_query_observation_no_gt,post_prediction_hungarian_iou_0.5,2408ccb6a31ab8316b35e76cec5453fc45c26b34aa15b8c0e164fd87cac3bed0
B4,137a8158-1db5-2cc0-8003-31c12610471e,scene0079_03-scene0079_07-scene0079_01-scene0079_06-scene0079_11,canonical,5,2,7,0.2857142857142857,3,16,0.1875,4,17,0.23529411764705882,21,9,7,0.7777777777777778,0.3333333333333333,74,14,7,0,frozen_query_observation_no_gt,post_prediction_hungarian_iou_0.5,2408ccb6a31ab8316b35e76cec5453fc45c26b34aa15b8c0e164fd87cac3bed0
B2,137a8158-1db5-2cc0-8003-31c12610471e,scene0079_03-scene0079_07-scene0079_01-scene0079_06-scene0079_11,reverse,2,1,5,0.2,1,5,0.2,1,5,0.2,0,0,0,,,38,16,5,0,frozen_query_observation_no_gt,post_prediction_hungarian_iou_0.5,597a07d90cb1206c8e612833c361441ea32a147056c8394a1ba3b481b588e7f3
B3,137a8158-1db5-2cc0-8003-31c12610471e,scene0079_03-scene0079_07-scene0079_01-scene0079_06-scene0079_11,reverse,2,1,5,0.2,1,5,0.2,1,5,0.2,0,0,0,,,38,16,5,0,frozen_query_observation_no_gt,post_prediction_hungarian_iou_0.5,597a07d90cb1206c8e612833c361441ea32a147056c8394a1ba3b481b588e7f3
B4,137a8158-1db5-2cc0-8003-31c12610471e,scene0079_03-scene0079_07-scene0079_01-scene0079_06-scene0079_11,reverse,2,1,5,0.2,1,5,0.2,1,5,0.2,0,0,0,,,38,16,5,0,frozen_query_observation_no_gt,post_prediction_hungarian_iou_0.5,597a07d90cb1206c8e612833c361441ea32a147056c8394a1ba3b481b588e7f3
B2,137a8158-1db5-2cc0-8003-31c12610471e,scene0079_03-scene0079_07-scene0079_01-scene0079_06-scene0079_11,reverse,3,1,5,0.2,2,7,0.2857142857142857,2,7,0.2857142857142857,8,2,1,0.5,0.125,52,19,7,0,frozen_query_observation_no_gt,post_prediction_hungarian_iou_0.5,597a07d90cb1206c8e612833c361441ea32a147056c8394a1ba3b481b588e7f3
B3,137a8158-1db5-2cc0-8003-31c12610471e,scene0079_03-scene0079_07-scene0079_01-scene0079_06-scene0079_11,reverse,3,1,5,0.2,2,7,0.2857142857142857,2,7,0.2857142857142857,8,2,1,0.5,0.125,52,19,7,0,frozen_query_observation_no_gt,post_prediction_hungarian_iou_0.5,597a07d90cb1206c8e612833c361441ea32a147056c8394a1ba3b481b588e7f3
B4,137a8158-1db5-2cc0-8003-31c12610471e,scene0079_03-scene0079_07-scene0079_01-scene0079_06-scene0079_11,reverse,3,1,5,0.2,1,7,0.14285714285714285,2,8,0.25,8,2,2,1.0,0.25,52,16,5,0,frozen_query_observation_no_gt,post_prediction_hungarian_iou_0.5,597a07d90cb1206c8e612833c361441ea32a147056c8394a1ba3b481b588e7f3
B2,137a8158-1db5-2cc0-8003-31c12610471e,scene0079_03-scene0079_07-scene0079_01-scene0079_06-scene0079_11,reverse,4,1,5,0.2,5,12,0.4166666666666667,2,9,0.2222222222222222,13,7,3,0.42857142857142855,0.23076923076923078,60,21,9,0,frozen_query_observation_no_gt,post_prediction_hungarian_iou_0.5,597a07d90cb1206c8e612833c361441ea32a147056c8394a1ba3b481b588e7f3
B3,137a8158-1db5-2cc0-8003-31c12610471e,scene0079_03-scene0079_07-scene0079_01-scene0079_06-scene0079_11,reverse,4,1,5,0.2,5,12,0.4166666666666667,2,9,0.2222222222222222,13,7,3,0.42857142857142855,0.23076923076923078,60,21,9,0,frozen_query_observation_no_gt,post_prediction_hungarian_iou_0.5,597a07d90cb1206c8e612833c361441ea32a147056c8394a1ba3b481b588e7f3
B4,137a8158-1db5-2cc0-8003-31c12610471e,scene0079_03-scene0079_07-scene0079_01-scene0079_06-scene0079_11,reverse,4,1,5,0.2,2,12,0.16666666666666666,2,12,0.16666666666666666,13,7,5,0.7142857142857143,0.38461538461538464,60,16,5,0,frozen_query_observation_no_gt,post_prediction_hungarian_iou_0.5,597a07d90cb1206c8e612833c361441ea32a147056c8394a1ba3b481b588e7f3
B2,137a8158-1db5-2cc0-8003-31c12610471e,scene0079_03-scene0079_07-scene0079_01-scene0079_06-scene0079_11,reverse,5,1,5,0.2,8,15,0.5333333333333333,3,10,0.3,21,8,3,0.375,0.14285714285714285,76,23,11,0,frozen_query_observation_no_gt,post_prediction_hungarian_iou_0.5,597a07d90cb1206c8e612833c361441ea32a147056c8394a1ba3b481b588e7f3
B3,137a8158-1db5-2cc0-8003-31c12610471e,scene0079_03-scene0079_07-scene0079_01-scene0079_06-scene0079_11,reverse,5,1,5,0.2,8,15,0.5333333333333333,3,10,0.3,21,8,3,0.375,0.14285714285714285,76,23,11,0,frozen_query_observation_no_gt,post_prediction_hungarian_iou_0.5,597a07d90cb1206c8e612833c361441ea32a147056c8394a1ba3b481b588e7f3
B4,137a8158-1db5-2cc0-8003-31c12610471e,scene0079_03-scene0079_07-scene0079_01-scene0079_06-scene0079_11,reverse,5,1,5,0.2,2,15,0.13333333333333333,2,15,0.13333333333333333,21,8,6,0.75,0.2857142857142857,76,16,5,0,frozen_query_observation_no_gt,post_prediction_hungarian_iou_0.5,597a07d90cb1206c8e612833c361441ea32a147056c8394a1ba3b481b588e7f3
B2,137a8158-1db5-2cc0-8003-31c12610471e,scene0079_03-scene0079_07-scene0079_01-scene0079_06-scene0079_11,sha256_seed45,2,1,2,0.5,1,2,0.5,1,2,0.5,0,0,0,,,23,9,2,0,frozen_query_observation_no_gt,post_prediction_hungarian_iou_0.5,2408ccb6a31ab8316b35e76cec5453fc45c26b34aa15b8c0e164fd87cac3bed0
B3,137a8158-1db5-2cc0-8003-31c12610471e,scene0079_03-scene0079_07-scene0079_01-scene0079_06-scene0079_11,sha256_seed45,2,1,2,0.5,1,2,0.5,1,2,0.5,0,0,0,,,23,9,2,0,frozen_query_observation_no_gt,post_prediction_hungarian_iou_0.5,2408ccb6a31ab8316b35e76cec5453fc45c26b34aa15b8c0e164fd87cac3bed0
B4,137a8158-1db5-2cc0-8003-31c12610471e,scene0079_03-scene0079_07-scene0079_01-scene0079_06-scene0079_11,sha256_seed45,2,1,2,0.5,1,2,0.5,1,2,0.5,0,0,0,,,23,9,2,0,frozen_query_observation_no_gt,post_prediction_hungarian_iou_0.5,2408ccb6a31ab8316b35e76cec5453fc45c26b34aa15b8c0e164fd87cac3bed0
B2,137a8158-1db5-2cc0-8003-31c12610471e,scene0079_03-scene0079_07-scene0079_01-scene0079_06-scene0079_11,sha256_seed45,3,1,2,0.5,2,4,0.5,3,5,0.6,7,2,1,0.5,0.14285714285714285,37,12,5,0,frozen_query_observation_no_gt,post_prediction_hungarian_iou_0.5,2408ccb6a31ab8316b35e76cec5453fc45c26b34aa15b8c0e164fd87cac3bed0
B3,137a8158-1db5-2cc0-8003-31c12610471e,scene0079_03-scene0079_07-scene0079_01-scene0079_06-scene0079_11,sha256_seed45,3,1,2,0.5,2,4,0.5,3,5,0.6,7,2,1,0.5,0.14285714285714285,37,12,5,0,frozen_query_observation_no_gt,post_prediction_hungarian_iou_0.5,2408ccb6a31ab8316b35e76cec5453fc45c26b34aa15b8c0e164fd87cac3bed0
B4,137a8158-1db5-2cc0-8003-31c12610471e,scene0079_03-scene0079_07-scene0079_01-scene0079_06-scene0079_11,sha256_seed45,3,1,2,0.5,1,4,0.25,3,6,0.5,7,2,2,1.0,0.2857142857142857,37,10,3,0,frozen_query_observation_no_gt,post_prediction_hungarian_iou_0.5,2408ccb6a31ab8316b35e76cec5453fc45c26b34aa15b8c0e164fd87cac3bed0
B2,137a8158-1db5-2cc0-8003-31c12610471e,scene0079_03-scene0079_07-scene0079_01-scene0079_06-scene0079_11,sha256_seed45,4,1,2,0.5,5,9,0.5555555555555556,3,7,0.42857142857142855,13,7,3,0.42857142857142855,0.23076923076923078,45,14,7,0,frozen_query_observation_no_gt,post_prediction_hungarian_iou_0.5,2408ccb6a31ab8316b35e76cec5453fc45c26b34aa15b8c0e164fd87cac3bed0
B3,137a8158-1db5-2cc0-8003-31c12610471e,scene0079_03-scene0079_07-scene0079_01-scene0079_06-scene0079_11,sha256_seed45,4,1,2,0.5,5,9,0.5555555555555556,3,7,0.42857142857142855,13,7,3,0.42857142857142855,0.23076923076923078,45,14,7,0,frozen_query_observation_no_gt,post_prediction_hungarian_iou_0.5,2408ccb6a31ab8316b35e76cec5453fc45c26b34aa15b8c0e164fd87cac3bed0
B4,137a8158-1db5-2cc0-8003-31c12610471e,scene0079_03-scene0079_07-scene0079_01-scene0079_06-scene0079_11,sha256_seed45,4,1,2,0.5,1,9,0.1111111111111111,3,11,0.2727272727272727,13,7,6,0.8571428571428571,0.46153846153846156,45,10,3,0,frozen_query_observation_no_gt,post_prediction_hungarian_iou_0.5,2408ccb6a31ab8316b35e76cec5453fc45c26b34aa15b8c0e164fd87cac3bed0
B2,137a8158-1db5-2cc0-8003-31c12610471e,scene0079_03-scene0079_07-scene0079_01-scene0079_06-scene0079_11,sha256_seed45,5,1,7,0.14285714285714285,7,16,0.4375,3,12,0.25,21,9,3,0.3333333333333333,0.14285714285714285,74,23,15,0,frozen_query_observation_no_gt,post_prediction_hungarian_iou_0.5,2408ccb6a31ab8316b35e76cec5453fc45c26b34aa15b8c0e164fd87cac3bed0
B3,137a8158-1db5-2cc0-8003-31c12610471e,scene0079_03-scene0079_07-scene0079_01-scene0079_06-scene0079_11,sha256_seed45,5,1,7,0.14285714285714285,7,16,0.4375,3,12,0.25,21,9,3,0.3333333333333333,0.14285714285714285,74,23,15,0,frozen_query_observation_no_gt,post_prediction_hungarian_iou_0.5,2408ccb6a31ab8316b35e76cec5453fc45c26b34aa15b8c0e164fd87cac3bed0
B4,137a8158-1db5-2cc0-8003-31c12610471e,scene0079_03-scene0079_07-scene0079_01-scene0079_06-scene0079_11,sha256_seed45,5,2,7,0.2857142857142857,3,16,0.1875,4,17,0.23529411764705882,21,9,7,0.7777777777777778,0.3333333333333333,74,14,7,0,frozen_query_observation_no_gt,post_prediction_hungarian_iou_0.5,2408ccb6a31ab8316b35e76cec5453fc45c26b34aa15b8c0e164fd87cac3bed0
B2,137a8158-1db5-2cc0-8003-31c12610471e,scene0079_04-scene0079_03-scene0079_07-scene0079_01-scene0079_06,canonical,2,0,3,0.0,0,3,0.0,0,3,0.0,0,0,0,,,25,8,3,0,frozen_query_observation_no_gt,post_prediction_hungarian_iou_0.5,89e635f093d0373ef2e586ce54723bb5e149ba274f26b1638d10fafd1319efa3
B3,137a8158-1db5-2cc0-8003-31c12610471e,scene0079_04-scene0079_03-scene0079_07-scene0079_01-scene0079_06,canonical,2,0,3,0.0,0,3,0.0,0,3,0.0,0,0,0,,,25,8,3,0,frozen_query_observation_no_gt,post_prediction_hungarian_iou_0.5,89e635f093d0373ef2e586ce54723bb5e149ba274f26b1638d10fafd1319efa3
B4,137a8158-1db5-2cc0-8003-31c12610471e,scene0079_04-scene0079_03-scene0079_07-scene0079_01-scene0079_06,canonical,2,0,3,0.0,0,3,0.0,0,3,0.0,0,0,0,,,25,8,3,0,frozen_query_observation_no_gt,post_prediction_hungarian_iou_0.5,89e635f093d0373ef2e586ce54723bb5e149ba274f26b1638d10fafd1319efa3
B2,137a8158-1db5-2cc0-8003-31c12610471e,scene0079_04-scene0079_03-scene0079_07-scene0079_01-scene0079_06,canonical,3,1,4,0.25,1,4,0.25,2,5,0.4,1,0,0,,0.0,33,9,3,0,frozen_query_observation_no_gt,post_prediction_hungarian_iou_0.5,89e635f093d0373ef2e586ce54723bb5e149ba274f26b1638d10fafd1319efa3
B3,137a8158-1db5-2cc0-8003-31c12610471e,scene0079_04-scene0079_03-scene0079_07-scene0079_01-scene0079_06,canonical,3,1,4,0.25,1,4,0.25,2,5,0.4,1,0,0,,0.0,33,9,3,0,frozen_query_observation_no_gt,post_prediction_hungarian_iou_0.5,89e635f093d0373ef2e586ce54723bb5e149ba274f26b1638d10fafd1319efa3
B4,137a8158-1db5-2cc0-8003-31c12610471e,scene0079_04-scene0079_03-scene0079_07-scene0079_01-scene0079_06,canonical,3,1,4,0.25,1,4,0.25,2,5,0.4,1,0,0,,0.0,33,9,3,0,frozen_query_observation_no_gt,post_prediction_hungarian_iou_0.5,89e635f093d0373ef2e586ce54723bb5e149ba274f26b1638d10fafd1319efa3
B2,137a8158-1db5-2cc0-8003-31c12610471e,scene0079_04-scene0079_03-scene0079_07-scene0079_01-scene0079_06,canonical,4,1,4,0.25,2,6,0.3333333333333333,4,8,0.5,8,2,1,0.5,0.125,47,12,6,0,frozen_query_observation_no_gt,post_prediction_hungarian_iou_0.5,89e635f093d0373ef2e586ce54723bb5e149ba274f26b1638d10fafd1319efa3
B3,137a8158-1db5-2cc0-8003-31c12610471e,scene0079_04-scene0079_03-scene0079_07-scene0079_01-scene0079_06,canonical,4,1,4,0.25,2,6,0.3333333333333333,4,8,0.5,8,2,1,0.5,0.125,47,12,6,0,frozen_query_observation_no_gt,post_prediction_hungarian_iou_0.5,89e635f093d0373ef2e586ce54723bb5e149ba274f26b1638d10fafd1319efa3
B4,137a8158-1db5-2cc0-8003-31c12610471e,scene0079_04-scene0079_03-scene0079_07-scene0079_01-scene0079_06,canonical,4,1,4,0.25,1,6,0.16666666666666666,4,9,0.4444444444444444,8,2,2,1.0,0.25,47,10,4,0,frozen_query_observation_no_gt,post_prediction_hungarian_iou_0.5,89e635f093d0373ef2e586ce54723bb5e149ba274f26b1638d10fafd1319efa3
B2,137a8158-1db5-2cc0-8003-31c12610471e,scene0079_04-scene0079_03-scene0079_07-scene0079_01-scene0079_06,canonical,5,1,4,0.25,5,11,0.45454545454545453,4,10,0.4,14,7,3,0.42857142857142855,0.21428571428571427,55,14,8,0,frozen_query_observation_no_gt,post_prediction_hungarian_iou_0.5,89e635f093d0373ef2e586ce54723bb5e149ba274f26b1638d10fafd1319efa3
B3,137a8158-1db5-2cc0-8003-31c12610471e,scene0079_04-scene0079_03-scene0079_07-scene0079_01-scene0079_06,canonical,5,1,4,0.25,5,11,0.45454545454545453,4,10,0.4,14,7,3,0.42857142857142855,0.21428571428571427,55,14,8,0,frozen_query_observation_no_gt,post_prediction_hungarian_iou_0.5,89e635f093d0373ef2e586ce54723bb5e149ba274f26b1638d10fafd1319efa3
B4,137a8158-1db5-2cc0-8003-31c12610471e,scene0079_04-scene0079_03-scene0079_07-scene0079_01-scene0079_06,canonical,5,1,4,0.25,1,11,0.09090909090909091,4,14,0.2857142857142857,14,7,6,0.8571428571428571,0.42857142857142855,55,10,4,0,frozen_query_observation_no_gt,post_prediction_hungarian_iou_0.5,89e635f093d0373ef2e586ce54723bb5e149ba274f26b1638d10fafd1319efa3
B2,137a8158-1db5-2cc0-8003-31c12610471e,scene0079_04-scene0079_03-scene0079_07-scene0079_01-scene0079_06,reverse,2,0,0,,0,0,,1,1,1.0,0,0,0,,,23,8,1,0,frozen_query_observation_no_gt,post_prediction_hungarian_iou_0.5,cb26f5015d86894d4c26eb65cd3e072ff992735cdc1eddff581aa2d2f1166362
B3,137a8158-1db5-2cc0-8003-31c12610471e,scene0079_04-scene0079_03-scene0079_07-scene0079_01-scene0079_06,reverse,2,0,0,,0,0,,1,1,1.0,0,0,0,,,23,8,1,0,frozen_query_observation_no_gt,post_prediction_hungarian_iou_0.5,cb26f5015d86894d4c26eb65cd3e072ff992735cdc1eddff581aa2d2f1166362
B4,137a8158-1db5-2cc0-8003-31c12610471e,scene0079_04-scene0079_03-scene0079_07-scene0079_01-scene0079_06,reverse,2,0,0,,0,0,,1,1,1.0,0,0,0,,,23,8,1,0,frozen_query_observation_no_gt,post_prediction_hungarian_iou_0.5,cb26f5015d86894d4c26eb65cd3e072ff992735cdc1eddff581aa2d2f1166362
B2,137a8158-1db5-2cc0-8003-31c12610471e,scene0079_04-scene0079_03-scene0079_07-scene0079_01-scene0079_06,reverse,3,0,0,,2,4,0.5,1,3,0.3333333333333333,5,4,2,0.5,0.4,31,10,3,0,frozen_query_observation_no_gt,post_prediction_hungarian_iou_0.5,cb26f5015d86894d4c26eb65cd3e072ff992735cdc1eddff581aa2d2f1166362
B3,137a8158-1db5-2cc0-8003-31c12610471e,scene0079_04-scene0079_03-scene0079_07-scene0079_01-scene0079_06,reverse,3,0,0,,2,4,0.5,1,3,0.3333333333333333,5,4,2,0.5,0.4,31,10,3,0,frozen_query_observation_no_gt,post_prediction_hungarian_iou_0.5,cb26f5015d86894d4c26eb65cd3e072ff992735cdc1eddff581aa2d2f1166362
B4,137a8158-1db5-2cc0-8003-31c12610471e,scene0079_04-scene0079_03-scene0079_07-scene0079_01-scene0079_06,reverse,3,0,0,,0,4,0.0,1,5,0.2,5,4,4,1.0,0.8,31,8,1,0,frozen_query_observation_no_gt,post_prediction_hungarian_iou_0.5,cb26f5015d86894d4c26eb65cd3e072ff992735cdc1eddff581aa2d2f1166362
B2,137a8158-1db5-2cc0-8003-31c12610471e,scene0079_04-scene0079_03-scene0079_07-scene0079_01-scene0079_06,reverse,4,0,0,,3,5,0.6,2,4,0.5,13,5,2,0.4,0.15384615384615385,47,12,4,0,frozen_query_observation_no_gt,post_prediction_hungarian_iou_0.5,cb26f5015d86894d4c26eb65cd3e072ff992735cdc1eddff581aa2d2f1166362
B3,137a8158-1db5-2cc0-8003-31c12610471e,scene0079_04-scene0079_03-scene0079_07-scene0079_01-scene0079_06,reverse,4,0,0,,3,5,0.6,2,4,0.5,13,5,2,0.4,0.15384615384615385,47,12,4,0,frozen_query_observation_no_gt,post_prediction_hungarian_iou_0.5,cb26f5015d86894d4c26eb65cd3e072ff992735cdc1eddff581aa2d2f1166362
B4,137a8158-1db5-2cc0-8003-31c12610471e,scene0079_04-scene0079_03-scene0079_07-scene0079_01-scene0079_06,reverse,4,0,0,,0,5,0.0,3,8,0.375,13,5,5,1.0,0.38461538461538464,47,8,1,0,frozen_query_observation_no_gt,post_prediction_hungarian_iou_0.5,cb26f5015d86894d4c26eb65cd3e072ff992735cdc1eddff581aa2d2f1166362
B2,137a8158-1db5-2cc0-8003-31c12610471e,scene0079_04-scene0079_03-scene0079_07-scene0079_01-scene0079_06,reverse,5,0,3,0.0,3,9,0.3333333333333333,3,9,0.3333333333333333,14,5,2,0.4,0.14285714285714285,55,12,4,0,frozen_query_observation_no_gt,post_prediction_hungarian_iou_0.5,cb26f5015d86894d4c26eb65cd3e072ff992735cdc1eddff581aa2d2f1166362
B3,137a8158-1db5-2cc0-8003-31c12610471e,scene0079_04-scene0079_03-scene0079_07-scene0079_01-scene0079_06,reverse,5,0,3,0.0,3,9,0.3333333333333333,3,9,0.3333333333333333,14,5,2,0.4,0.14285714285714285,55,12,4,0,frozen_query_observation_no_gt,post_prediction_hungarian_iou_0.5,cb26f5015d86894d4c26eb65cd3e072ff992735cdc1eddff581aa2d2f1166362
B4,137a8158-1db5-2cc0-8003-31c12610471e,scene0079_04-scene0079_03-scene0079_07-scene0079_01-scene0079_06,reverse,5,0,3,0.0,0,9,0.0,4,13,0.3076923076923077,14,5,5,1.0,0.35714285714285715,55,8,1,0,frozen_query_observation_no_gt,post_prediction_hungarian_iou_0.5,cb26f5015d86894d4c26eb65cd3e072ff992735cdc1eddff581aa2d2f1166362
B2,137a8158-1db5-2cc0-8003-31c12610471e,scene0079_04-scene0079_03-scene0079_07-scene0079_01-scene0079_06,sha256_seed45,2,1,2,0.5,1,2,0.5,1,2,0.5,0,0,0,,,23,9,2,0,frozen_query_observation_no_gt,post_prediction_hungarian_iou_0.5,ca34df3e4b87a8ef703a17faeabd90ac5084e561e77c33b3d197f661c1c572f4
B3,137a8158-1db5-2cc0-8003-31c12610471e,scene0079_04-scene0079_03-scene0079_07-scene0079_01-scene0079_06,sha256_seed45,2,1,2,0.5,1,2,0.5,1,2,0.5,0,0,0,,,23,9,2,0,frozen_query_observation_no_gt,post_prediction_hungarian_iou_0.5,ca34df3e4b87a8ef703a17faeabd90ac5084e561e77c33b3d197f661c1c572f4
B4,137a8158-1db5-2cc0-8003-31c12610471e,scene0079_04-scene0079_03-scene0079_07-scene0079_01-scene0079_06,sha256_seed45,2,1,2,0.5,1,2,0.5,1,2,0.5,0,0,0,,,23,9,2,0,frozen_query_observation_no_gt,post_prediction_hungarian_iou_0.5,ca34df3e4b87a8ef703a17faeabd90ac5084e561e77c33b3d197f661c1c572f4
B2,137a8158-1db5-2cc0-8003-31c12610471e,scene0079_04-scene0079_03-scene0079_07-scene0079_01-scene0079_06,sha256_seed45,3,1,2,0.5,2,4,0.5,3,5,0.6,7,2,1,0.5,0.14285714285714285,37,12,5,0,frozen_query_observation_no_gt,post_prediction_hungarian_iou_0.5,ca34df3e4b87a8ef703a17faeabd90ac5084e561e77c33b3d197f661c1c572f4
B3,137a8158-1db5-2cc0-8003-31c12610471e,scene0079_04-scene0079_03-scene0079_07-scene0079_01-scene0079_06,sha256_seed45,3,1,2,0.5,2,4,0.5,3,5,0.6,7,2,1,0.5,0.14285714285714285,37,12,5,0,frozen_query_observation_no_gt,post_prediction_hungarian_iou_0.5,ca34df3e4b87a8ef703a17faeabd90ac5084e561e77c33b3d197f661c1c572f4
B4,137a8158-1db5-2cc0-8003-31c12610471e,scene0079_04-scene0079_03-scene0079_07-scene0079_01-scene0079_06,sha256_seed45,3,1,2,0.5,1,4,0.25,3,6,0.5,7,2,2,1.0,0.2857142857142857,37,10,3,0,frozen_query_observation_no_gt,post_prediction_hungarian_iou_0.5,ca34df3e4b87a8ef703a17faeabd90ac5084e561e77c33b3d197f661c1c572f4
B2,137a8158-1db5-2cc0-8003-31c12610471e,scene0079_04-scene0079_03-scene0079_07-scene0079_01-scene0079_06,sha256_seed45,4,1,4,0.25,3,7,0.42857142857142855,3,7,0.42857142857142855,10,3,1,0.3333333333333333,0.1,47,13,6,0,frozen_query_observation_no_gt,post_prediction_hungarian_iou_0.5,ca34df3e4b87a8ef703a17faeabd90ac5084e561e77c33b3d197f661c1c572f4
B3,137a8158-1db5-2cc0-8003-31c12610471e,scene0079_04-scene0079_03-scene0079_07-scene0079_01-scene0079_06,sha256_seed45,4,1,4,0.25,3,7,0.42857142857142855,3,7,0.42857142857142855,10,3,1,0.3333333333333333,0.1,47,13,6,0,frozen_query_observation_no_gt,post_prediction_hungarian_iou_0.5,ca34df3e4b87a8ef703a17faeabd90ac5084e561e77c33b3d197f661c1c572f4
B4,137a8158-1db5-2cc0-8003-31c12610471e,scene0079_04-scene0079_03-scene0079_07-scene0079_01-scene0079_06,sha256_seed45,4,1,4,0.25,1,7,0.14285714285714285,3,9,0.3333333333333333,10,3,3,1.0,0.3,47,10,3,0,frozen_query_observation_no_gt,post_prediction_hungarian_iou_0.5,ca34df3e4b87a8ef703a17faeabd90ac5084e561e77c33b3d197f661c1c572f4
B2,137a8158-1db5-2cc0-8003-31c12610471e,scene0079_04-scene0079_03-scene0079_07-scene0079_01-scene0079_06,sha256_seed45,5,1,4,0.25,6,11,0.5454545454545454,4,9,0.4444444444444444,15,5,1,0.2,0.06666666666666667,56,15,8,0,frozen_query_observation_no_gt,post_prediction_hungarian_iou_0.5,ca34df3e4b87a8ef703a17faeabd90ac5084e561e77c33b3d197f661c1c572f4
B3,137a8158-1db5-2cc0-8003-31c12610471e,scene0079_04-scene0079_03-scene0079_07-scene0079_01-scene0079_06,sha256_seed45,5,1,4,0.25,6,11,0.5454545454545454,3,8,0.375,15,5,1,0.2,0.06666666666666667,56,16,9,0,frozen_query_observation_no_gt,post_prediction_hungarian_iou_0.5,ca34df3e4b87a8ef703a17faeabd90ac5084e561e77c33b3d197f661c1c572f4
B4,137a8158-1db5-2cc0-8003-31c12610471e,scene0079_04-scene0079_03-scene0079_07-scene0079_01-scene0079_06,sha256_seed45,5,1,4,0.25,1,11,0.09090909090909091,3,13,0.23076923076923078,15,5,5,1.0,0.3333333333333333,56,10,3,0,frozen_query_observation_no_gt,post_prediction_hungarian_iou_0.5,ca34df3e4b87a8ef703a17faeabd90ac5084e561e77c33b3d197f661c1c572f4
B2,137a8158-1db5-2cc0-8003-31c12610471e,scene0079_05-scene0079_04-scene0079_03-scene0079_07-scene0079_01,canonical,2,0,4,0.0,0,4,0.0,1,5,0.2,0,0,0,,,32,12,2,0,frozen_query_observation_no_gt,post_prediction_hungarian_iou_0.5,5daddcd40be1f59dd1ea6a9df4cb6e7a76e157c045d7960c51519c714d6f34ec
B3,137a8158-1db5-2cc0-8003-31c12610471e,scene0079_05-scene0079_04-scene0079_03-scene0079_07-scene0079_01,canonical,2,0,4,0.0,0,4,0.0,1,5,0.2,0,0,0,,,32,12,2,0,frozen_query_observation_no_gt,post_prediction_hungarian_iou_0.5,5daddcd40be1f59dd1ea6a9df4cb6e7a76e157c045d7960c51519c714d6f34ec
B4,137a8158-1db5-2cc0-8003-31c12610471e,scene0079_05-scene0079_04-scene0079_03-scene0079_07-scene0079_01,canonical,2,0,4,0.0,0,4,0.0,1,5,0.2,0,0,0,,,32,12,2,0,frozen_query_observation_no_gt,post_prediction_hungarian_iou_0.5,5daddcd40be1f59dd1ea6a9df4cb6e7a76e157c045d7960c51519c714d6f34ec
B2,137a8158-1db5-2cc0-8003-31c12610471e,scene0079_05-scene0079_04-scene0079_03-scene0079_07-scene0079_01,canonical,3,0,7,0.0,1,8,0.125,1,8,0.125,6,1,0,0.0,0.0,49,14,4,0,frozen_query_observation_no_gt,post_prediction_hungarian_iou_0.5,5daddcd40be1f59dd1ea6a9df4cb6e7a76e157c045d7960c51519c714d6f34ec
B3,137a8158-1db5-2cc0-8003-31c12610471e,scene0079_05-scene0079_04-scene0079_03-scene0079_07-scene0079_01,canonical,3,0,7,0.0,1,8,0.125,1,8,0.125,6,1,0,0.0,0.0,49,14,4,0,frozen_query_observation_no_gt,post_prediction_hungarian_iou_0.5,5daddcd40be1f59dd1ea6a9df4cb6e7a76e157c045d7960c51519c714d6f34ec
B4,137a8158-1db5-2cc0-8003-31c12610471e,scene0079_05-scene0079_04-scene0079_03-scene0079_07-scene0079_01,canonical,3,0,7,0.0,0,8,0.0,1,9,0.1111111111111111,6,1,1,1.0,0.16666666666666666,49,12,2,0,frozen_query_observation_no_gt,post_prediction_hungarian_iou_0.5,5daddcd40be1f59dd1ea6a9df4cb6e7a76e157c045d7960c51519c714d6f34ec
B2,137a8158-1db5-2cc0-8003-31c12610471e,scene0079_05-scene0079_04-scene0079_03-scene0079_07-scene0079_01,canonical,4,1,8,0.125,4,12,0.3333333333333333,3,11,0.2727272727272727,9,2,0,0.0,0.0,57,15,5,0,frozen_query_observation_no_gt,post_prediction_hungarian_iou_0.5,5daddcd40be1f59dd1ea6a9df4cb6e7a76e157c045d7960c51519c714d6f34ec
B3,137a8158-1db5-2cc0-8003-31c12610471e,scene0079_05-scene0079_04-scene0079_03-scene0079_07-scene0079_01,canonical,4,1,8,0.125,4,12,0.3333333333333333,3,11,0.2727272727272727,9,2,0,0.0,0.0,57,15,5,0,frozen_query_observation_no_gt,post_prediction_hungarian_iou_0.5,5daddcd40be1f59dd1ea6a9df4cb6e7a76e157c045d7960c51519c714d6f34ec
B4,137a8158-1db5-2cc0-8003-31c12610471e,scene0079_05-scene0079_04-scene0079_03-scene0079_07-scene0079_01,canonical,4,1,8,0.125,2,12,0.16666666666666666,4,14,0.2857142857142857,9,2,2,1.0,0.2222222222222222,57,12,2,0,frozen_query_observation_no_gt,post_prediction_hungarian_iou_0.5,5daddcd40be1f59dd1ea6a9df4cb6e7a76e157c045d7960c51519c714d6f34ec
B2,137a8158-1db5-2cc0-8003-31c12610471e,scene0079_05-scene0079_04-scene0079_03-scene0079_07-scene0079_01,canonical,5,1,8,0.125,5,14,0.35714285714285715,5,14,0.35714285714285715,16,4,1,0.25,0.0625,71,18,8,0,frozen_query_observation_no_gt,post_prediction_hungarian_iou_0.5,5daddcd40be1f59dd1ea6a9df4cb6e7a76e157c045d7960c51519c714d6f34ec
B3,137a8158-1db5-2cc0-8003-31c12610471e,scene0079_05-scene0079_04-scene0079_03-scene0079_07-scene0079_01,canonical,5,1,8,0.125,5,14,0.35714285714285715,4,13,0.3076923076923077,16,4,1,0.25,0.0625,71,18,7,0,frozen_query_observation_no_gt,post_prediction_hungarian_iou_0.5,5daddcd40be1f59dd1ea6a9df4cb6e7a76e157c045d7960c51519c714d6f34ec
B4,137a8158-1db5-2cc0-8003-31c12610471e,scene0079_05-scene0079_04-scene0079_03-scene0079_07-scene0079_01,canonical,5,1,8,0.125,2,14,0.14285714285714285,5,17,0.29411764705882354,16,4,4,1.0,0.25,71,12,2,0,frozen_query_observation_no_gt,post_prediction_hungarian_iou_0.5,5daddcd40be1f59dd1ea6a9df4cb6e7a76e157c045d7960c51519c714d6f34ec
B2,137a8158-1db5-2cc0-8003-31c12610471e,scene0079_05-scene0079_04-scene0079_03-scene0079_07-scene0079_01,reverse,2,0,0,,0,0,,2,2,1.0,0,0,0,,,23,9,3,0,frozen_query_observation_no_gt,post_prediction_hungarian_iou_0.5,d70ebb3d6a94490e87f7b1744983d067b4c6b4c7a1b7ae34579c79685b320a0a
B3,137a8158-1db5-2cc0-8003-31c12610471e,scene0079_05-scene0079_04-scene0079_03-scene0079_07-scene0079_01,reverse,2,0,0,,0,0,,2,2,1.0,0,0,0,,,23,9,3,0,frozen_query_observation_no_gt,post_prediction_hungarian_iou_0.5,d70ebb3d6a94490e87f7b1744983d067b4c6b4c7a1b7ae34579c79685b320a0a
B4,137a8158-1db5-2cc0-8003-31c12610471e,scene0079_05-scene0079_04-scene0079_03-scene0079_07-scene0079_01,reverse,2,0,0,,0,0,,2,2,1.0,0,0,0,,,23,9,3,0,frozen_query_observation_no_gt,post_prediction_hungarian_iou_0.5,d70ebb3d6a94490e87f7b1744983d067b4c6b4c7a1b7ae34579c79685b320a0a
B2,137a8158-1db5-2cc0-8003-31c12610471e,scene0079_05-scene0079_04-scene0079_03-scene0079_07-scene0079_01,reverse,3,0,0,,1,2,0.5,2,3,0.6666666666666666,7,2,1,0.5,0.14285714285714285,39,11,4,0,frozen_query_observation_no_gt,post_prediction_hungarian_iou_0.5,d70ebb3d6a94490e87f7b1744983d067b4c6b4c7a1b7ae34579c79685b320a0a
B3,137a8158-1db5-2cc0-8003-31c12610471e,scene0079_05-scene0079_04-scene0079_03-scene0079_07-scene0079_01,reverse,3,0,0,,1,2,0.5,2,3,0.6666666666666666,7,2,1,0.5,0.14285714285714285,39,11,4,0,frozen_query_observation_no_gt,post_prediction_hungarian_iou_0.5,d70ebb3d6a94490e87f7b1744983d067b4c6b4c7a1b7ae34579c79685b320a0a
B4,137a8158-1db5-2cc0-8003-31c12610471e,scene0079_05-scene0079_04-scene0079_03-scene0079_07-scene0079_01,reverse,3,0,0,,0,2,0.0,2,4,0.5,7,2,2,1.0,0.2857142857142857,39,10,3,0,frozen_query_observation_no_gt,post_prediction_hungarian_iou_0.5,d70ebb3d6a94490e87f7b1744983d067b4c6b4c7a1b7ae34579c79685b320a0a
B2,137a8158-1db5-2cc0-8003-31c12610471e,scene0079_05-scene0079_04-scene0079_03-scene0079_07-scene0079_01,reverse,4,0,3,0.0,1,6,0.16666666666666666,3,8,0.375,8,2,1,0.5,0.125,47,11,4,0,frozen_query_observation_no_gt,post_prediction_hungarian_iou_0.5,d70ebb3d6a94490e87f7b1744983d067b4c6b4c7a1b7ae34579c79685b320a0a
B3,137a8158-1db5-2cc0-8003-31c12610471e,scene0079_05-scene0079_04-scene0079_03-scene0079_07-scene0079_01,reverse,4,0,3,0.0,1,6,0.16666666666666666,3,8,0.375,8,2,1,0.5,0.125,47,11,4,0,frozen_query_observation_no_gt,post_prediction_hungarian_iou_0.5,d70ebb3d6a94490e87f7b1744983d067b4c6b4c7a1b7ae34579c79685b320a0a
B4,137a8158-1db5-2cc0-8003-31c12610471e,scene0079_05-scene0079_04-scene0079_03-scene0079_07-scene0079_01,reverse,4,0,3,0.0,0,6,0.0,3,9,0.3333333333333333,8,2,2,1.0,0.25,47,10,3,0,frozen_query_observation_no_gt,post_prediction_hungarian_iou_0.5,d70ebb3d6a94490e87f7b1744983d067b4c6b4c7a1b7ae34579c79685b320a0a
B2,137a8158-1db5-2cc0-8003-31c12610471e,scene0079_05-scene0079_04-scene0079_03-scene0079_07-scene0079_01,reverse,5,0,7,0.0,4,13,0.3076923076923077,3,12,0.25,16,3,1,0.3333333333333333,0.0625,68,16,7,0,frozen_query_observation_no_gt,post_prediction_hungarian_iou_0.5,d70ebb3d6a94490e87f7b1744983d067b4c6b4c7a1b7ae34579c79685b320a0a
B3,137a8158-1db5-2cc0-8003-31c12610471e,scene0079_05-scene0079_04-scene0079_03-scene0079_07-scene0079_01,reverse,5,0,7,0.0,4,13,0.3076923076923077,3,12,0.25,16,3,1,0.3333333333333333,0.0625,68,16,7,0,frozen_query_observation_no_gt,post_prediction_hungarian_iou_0.5,d70ebb3d6a94490e87f7b1744983d067b4c6b4c7a1b7ae34579c79685b320a0a
B4,137a8158-1db5-2cc0-8003-31c12610471e,scene0079_05-scene0079_04-scene0079_03-scene0079_07-scene0079_01,reverse,5,0,7,0.0,2,13,0.15384615384615385,4,15,0.26666666666666666,16,3,3,1.0,0.1875,68,11,3,0,frozen_query_observation_no_gt,post_prediction_hungarian_iou_0.5,d70ebb3d6a94490e87f7b1744983d067b4c6b4c7a1b7ae34579c79685b320a0a
B2,137a8158-1db5-2cc0-8003-31c12610471e,scene0079_05-scene0079_04-scene0079_03-scene0079_07-scene0079_01,sha256_seed45,2,1,2,0.5,1,2,0.5,1,2,0.5,0,0,0,,,23,9,2,0,frozen_query_observation_no_gt,post_prediction_hungarian_iou_0.5,3bf4b7ca3abc13f15c5b729e2ec29a4f0b0f821e859ed11e5c344f4ff029b16a
B3,137a8158-1db5-2cc0-8003-31c12610471e,scene0079_05-scene0079_04-scene0079_03-scene0079_07-scene0079_01,sha256_seed45,2,1,2,0.5,1,2,0.5,1,2,0.5,0,0,0,,,23,9,2,0,frozen_query_observation_no_gt,post_prediction_hungarian_iou_0.5,3bf4b7ca3abc13f15c5b729e2ec29a4f0b0f821e859ed11e5c344f4ff029b16a
B4,137a8158-1db5-2cc0-8003-31c12610471e,scene0079_05-scene0079_04-scene0079_03-scene0079_07-scene0079_01,sha256_seed45,2,1,2,0.5,1,2,0.5,1,2,0.5,0,0,0,,,23,9,2,0,frozen_query_observation_no_gt,post_prediction_hungarian_iou_0.5,3bf4b7ca3abc13f15c5b729e2ec29a4f0b0f821e859ed11e5c344f4ff029b16a
B2,137a8158-1db5-2cc0-8003-31c12610471e,scene0079_05-scene0079_04-scene0079_03-scene0079_07-scene0079_01,sha256_seed45,3,1,2,0.5,2,4,0.5,3,5,0.6,7,2,1,0.5,0.14285714285714285,37,12,5,0,frozen_query_observation_no_gt,post_prediction_hungarian_iou_0.5,3bf4b7ca3abc13f15c5b729e2ec29a4f0b0f821e859ed11e5c344f4ff029b16a
B3,137a8158-1db5-2cc0-8003-31c12610471e,scene0079_05-scene0079_04-scene0079_03-scene0079_07-scene0079_01,sha256_seed45,3,1,2,0.5,2,4,0.5,3,5,0.6,7,2,1,0.5,0.14285714285714285,37,12,5,0,frozen_query_observation_no_gt,post_prediction_hungarian_iou_0.5,3bf4b7ca3abc13f15c5b729e2ec29a4f0b0f821e859ed11e5c344f4ff029b16a
B4,137a8158-1db5-2cc0-8003-31c12610471e,scene0079_05-scene0079_04-scene0079_03-scene0079_07-scene0079_01,sha256_seed45,3,1,2,0.5,1,4,0.25,3,6,0.5,7,2,2,1.0,0.2857142857142857,37,10,3,0,frozen_query_observation_no_gt,post_prediction_hungarian_iou_0.5,3bf4b7ca3abc13f15c5b729e2ec29a4f0b0f821e859ed11e5c344f4ff029b16a
B2,137a8158-1db5-2cc0-8003-31c12610471e,scene0079_05-scene0079_04-scene0079_03-scene0079_07-scene0079_01,sha256_seed45,4,1,4,0.25,6,11,0.5454545454545454,3,8,0.375,13,7,2,0.2857142857142857,0.15384615384615385,60,18,9,0,frozen_query_observation_no_gt,post_prediction_hungarian_iou_0.5,3bf4b7ca3abc13f15c5b729e2ec29a4f0b0f821e859ed11e5c344f4ff029b16a
B3,137a8158-1db5-2cc0-8003-31c12610471e,scene0079_05-scene0079_04-scene0079_03-scene0079_07-scene0079_01,sha256_seed45,4,1,4,0.25,6,11,0.5454545454545454,3,8,0.375,13,7,2,0.2857142857142857,0.15384615384615385,60,18,9,0,frozen_query_observation_no_gt,post_prediction_hungarian_iou_0.5,3bf4b7ca3abc13f15c5b729e2ec29a4f0b0f821e859ed11e5c344f4ff029b16a
B4,137a8158-1db5-2cc0-8003-31c12610471e,scene0079_05-scene0079_04-scene0079_03-scene0079_07-scene0079_01,sha256_seed45,4,1,4,0.25,2,11,0.18181818181818182,4,13,0.3076923076923077,13,7,6,0.8571428571428571,0.46153846153846156,60,13,5,0,frozen_query_observation_no_gt,post_prediction_hungarian_iou_0.5,3bf4b7ca3abc13f15c5b729e2ec29a4f0b0f821e859ed11e5c344f4ff029b16a
B2,137a8158-1db5-2cc0-8003-31c12610471e,scene0079_05-scene0079_04-scene0079_03-scene0079_07-scene0079_01,sha256_seed45,5,2,8,0.25,7,15,0.4666666666666667,5,13,0.38461538461538464,13,7,2,0.2857142857142857,0.15384615384615385,69,18,9,0,frozen_query_observation_no_gt,post_prediction_hungarian_iou_0.5,3bf4b7ca3abc13f15c5b729e2ec29a4f0b0f821e859ed11e5c344f4ff029b16a
B3,137a8158-1db5-2cc0-8003-31c12610471e,scene0079_05-scene0079_04-scene0079_03-scene0079_07-scene0079_01,sha256_seed45,5,1,8,0.125,6,15,0.4,4,13,0.3076923076923077,13,7,2,0.2857142857142857,0.15384615384615385,69,18,9,0,frozen_query_observation_no_gt,post_prediction_hungarian_iou_0.5,3bf4b7ca3abc13f15c5b729e2ec29a4f0b0f821e859ed11e5c344f4ff029b16a
B4,137a8158-1db5-2cc0-8003-31c12610471e,scene0079_05-scene0079_04-scene0079_03-scene0079_07-scene0079_01,sha256_seed45,5,1,8,0.125,2,15,0.13333333333333333,4,17,0.23529411764705882,13,7,6,0.8571428571428571,0.46153846153846156,69,13,5,0,frozen_query_observation_no_gt,post_prediction_hungarian_iou_0.5,3bf4b7ca3abc13f15c5b729e2ec29a4f0b0f821e859ed11e5c344f4ff029b16a
B2,137a8158-1db5-2cc0-8003-31c12610471e,scene0079_06-scene0079_11-scene0079_10-scene0079_02-scene0079_08,canonical,2,0,4,0.0,0,4,0.0,0,4,0.0,0,0,0,,,38,14,6,0,frozen_query_observation_no_gt,post_prediction_hungarian_iou_0.5,08485699a3ce69799d1c471073798468900a8246cdda257d4ab617c33b6cdc88
B3,137a8158-1db5-2cc0-8003-31c12610471e,scene0079_06-scene0079_11-scene0079_10-scene0079_02-scene0079_08,canonical,2,0,4,0.0,0,4,0.0,0,4,0.0,0,0,0,,,38,14,6,0,frozen_query_observation_no_gt,post_prediction_hungarian_iou_0.5,08485699a3ce69799d1c471073798468900a8246cdda257d4ab617c33b6cdc88
B4,137a8158-1db5-2cc0-8003-31c12610471e,scene0079_06-scene0079_11-scene0079_10-scene0079_02-scene0079_08,canonical,2,0,4,0.0,0,4,0.0,0,4,0.0,0,0,0,,,38,14,6,0,frozen_query_observation_no_gt,post_prediction_hungarian_iou_0.5,08485699a3ce69799d1c471073798468900a8246cdda257d4ab617c33b6cdc88
B2,137a8158-1db5-2cc0-8003-31c12610471e,scene0079_06-scene0079_11-scene0079_10-scene0079_02-scene0079_08,canonical,3,1,6,0.16666666666666666,1,6,0.16666666666666666,2,7,0.2857142857142857,0,0,0,,,49,14,6,0,frozen_query_observation_no_gt,post_prediction_hungarian_iou_0.5,08485699a3ce69799d1c471073798468900a8246cdda257d4ab617c33b6cdc88
B3,137a8158-1db5-2cc0-8003-31c12610471e,scene0079_06-scene0079_11-scene0079_10-scene0079_02-scene0079_08,canonical,3,1,6,0.16666666666666666,1,6,0.16666666666666666,2,7,0.2857142857142857,0,0,0,,,49,14,6,0,frozen_query_observation_no_gt,post_prediction_hungarian_iou_0.5,08485699a3ce69799d1c471073798468900a8246cdda257d4ab617c33b6cdc88
B4,137a8158-1db5-2cc0-8003-31c12610471e,scene0079_06-scene0079_11-scene0079_10-scene0079_02-scene0079_08,canonical,3,1,6,0.16666666666666666,1,6,0.16666666666666666,2,7,0.2857142857142857,0,0,0,,,49,14,6,0,frozen_query_observation_no_gt,post_prediction_hungarian_iou_0.5,08485699a3ce69799d1c471073798468900a8246cdda257d4ab617c33b6cdc88
B2,137a8158-1db5-2cc0-8003-31c12610471e,scene0079_06-scene0079_11-scene0079_10-scene0079_02-scene0079_08,canonical,4,2,9,0.2222222222222222,4,13,0.3076923076923077,2,11,0.18181818181818182,7,4,2,0.5,0.2857142857142857,71,19,9,0,frozen_query_observation_no_gt,post_prediction_hungarian_iou_0.5,08485699a3ce69799d1c471073798468900a8246cdda257d4ab617c33b6cdc88
B3,137a8158-1db5-2cc0-8003-31c12610471e,scene0079_06-scene0079_11-scene0079_10-scene0079_02-scene0079_08,canonical,4,3,9,0.3333333333333333,5,13,0.38461538461538464,2,10,0.2,7,4,2,0.5,0.2857142857142857,71,19,10,0,frozen_query_observation_no_gt,post_prediction_hungarian_iou_0.5,08485699a3ce69799d1c471073798468900a8246cdda257d4ab617c33b6cdc88
B4,137a8158-1db5-2cc0-8003-31c12610471e,scene0079_06-scene0079_11-scene0079_10-scene0079_02-scene0079_08,canonical,4,2,9,0.2222222222222222,3,13,0.23076923076923078,2,12,0.16666666666666666,7,4,3,0.75,0.42857142857142855,71,14,6,0,frozen_query_observation_no_gt,post_prediction_hungarian_iou_0.5,08485699a3ce69799d1c471073798468900a8246cdda257d4ab617c33b6cdc88
B2,137a8158-1db5-2cc0-8003-31c12610471e,scene0079_06-scene0079_11-scene0079_10-scene0079_02-scene0079_08,canonical,5,2,13,0.15384615384615385,5,19,0.2631578947368421,3,17,0.17647058823529413,10,5,2,0.4,0.2,83,20,9,0,frozen_query_observation_no_gt,post_prediction_hungarian_iou_0.5,08485699a3ce69799d1c471073798468900a8246cdda257d4ab617c33b6cdc88
B3,137a8158-1db5-2cc0-8003-31c12610471e,scene0079_06-scene0079_11-scene0079_10-scene0079_02-scene0079_08,canonical,5,3,13,0.23076923076923078,6,19,0.3157894736842105,3,16,0.1875,10,5,2,0.4,0.2,83,20,10,0,frozen_query_observation_no_gt,post_prediction_hungarian_iou_0.5,08485699a3ce69799d1c471073798468900a8246cdda257d4ab617c33b6cdc88
B4,137a8158-1db5-2cc0-8003-31c12610471e,scene0079_06-scene0079_11-scene0079_10-scene0079_02-scene0079_08,canonical,5,3,13,0.23076923076923078,6,19,0.3157894736842105,4,17,0.23529411764705882,10,5,3,0.6,0.3,83,15,7,0,frozen_query_observation_no_gt,post_prediction_hungarian_iou_0.5,08485699a3ce69799d1c471073798468900a8246cdda257d4ab617c33b6cdc88
B2,137a8158-1db5-2cc0-8003-31c12610471e,scene0079_06-scene0079_11-scene0079_10-scene0079_02-scene0079_08,reverse,2,3,5,0.6,3,5,0.6,1,3,0.3333333333333333,0,0,0,,,34,16,5,0,frozen_query_observation_no_gt,post_prediction_hungarian_iou_0.5,01e43cda5f5e8dc7dab70c8add2117c45476ab38c28e578a7b8b829cb16bfdb1
B3,137a8158-1db5-2cc0-8003-31c12610471e,scene0079_06-scene0079_11-scene0079_10-scene0079_02-scene0079_08,reverse,2,3,5,0.6,3,5,0.6,1,3,0.3333333333333333,0,0,0,,,34,16,5,0,frozen_query_observation_no_gt,post_prediction_hungarian_iou_0.5,01e43cda5f5e8dc7dab70c8add2117c45476ab38c28e578a7b8b829cb16bfdb1
B4,137a8158-1db5-2cc0-8003-31c12610471e,scene0079_06-scene0079_11-scene0079_10-scene0079_02-scene0079_08,reverse,2,3,5,0.6,3,5,0.6,1,3,0.3333333333333333,0,0,0,,,34,16,5,0,frozen_query_observation_no_gt,post_prediction_hungarian_iou_0.5,01e43cda5f5e8dc7dab70c8add2117c45476ab38c28e578a7b8b829cb16bfdb1
B2,137a8158-1db5-2cc0-8003-31c12610471e,scene0079_06-scene0079_11-scene0079_10-scene0079_02-scene0079_08,reverse,3,4,9,0.4444444444444444,5,10,0.5,3,8,0.375,0,0,0,,,45,16,5,0,frozen_query_observation_no_gt,post_prediction_hungarian_iou_0.5,01e43cda5f5e8dc7dab70c8add2117c45476ab38c28e578a7b8b829cb16bfdb1
B3,137a8158-1db5-2cc0-8003-31c12610471e,scene0079_06-scene0079_11-scene0079_10-scene0079_02-scene0079_08,reverse,3,4,9,0.4444444444444444,5,10,0.5,3,8,0.375,0,0,0,,,45,16,5,0,frozen_query_observation_no_gt,post_prediction_hungarian_iou_0.5,01e43cda5f5e8dc7dab70c8add2117c45476ab38c28e578a7b8b829cb16bfdb1
B4,137a8158-1db5-2cc0-8003-31c12610471e,scene0079_06-scene0079_11-scene0079_10-scene0079_02-scene0079_08,reverse,3,4,9,0.4444444444444444,5,10,0.5,3,8,0.375,0,0,0,,,45,16,5,0,frozen_query_observation_no_gt,post_prediction_hungarian_iou_0.5,01e43cda5f5e8dc7dab70c8add2117c45476ab38c28e578a7b8b829cb16bfdb1
B2,137a8158-1db5-2cc0-8003-31c12610471e,scene0079_06-scene0079_11-scene0079_10-scene0079_02-scene0079_08,reverse,4,5,11,0.45454545454545453,9,17,0.5294117647058824,3,11,0.2727272727272727,10,5,1,0.2,0.1,73,21,10,0,frozen_query_observation_no_gt,post_prediction_hungarian_iou_0.5,01e43cda5f5e8dc7dab70c8add2117c45476ab38c28e578a7b8b829cb16bfdb1
B3,137a8158-1db5-2cc0-8003-31c12610471e,scene0079_06-scene0079_11-scene0079_10-scene0079_02-scene0079_08,reverse,4,5,11,0.45454545454545453,9,17,0.5294117647058824,3,11,0.2727272727272727,10,5,1,0.2,0.1,73,21,10,0,frozen_query_observation_no_gt,post_prediction_hungarian_iou_0.5,01e43cda5f5e8dc7dab70c8add2117c45476ab38c28e578a7b8b829cb16bfdb1
B4,137a8158-1db5-2cc0-8003-31c12610471e,scene0079_06-scene0079_11-scene0079_10-scene0079_02-scene0079_08,reverse,4,5,11,0.45454545454545453,6,17,0.35294117647058826,3,14,0.21428571428571427,10,5,2,0.4,0.2,73,17,6,0,frozen_query_observation_no_gt,post_prediction_hungarian_iou_0.5,01e43cda5f5e8dc7dab70c8add2117c45476ab38c28e578a7b8b829cb16bfdb1
B2,137a8158-1db5-2cc0-8003-31c12610471e,scene0079_06-scene0079_11-scene0079_10-scene0079_02-scene0079_08,reverse,5,6,15,0.4,11,22,0.5,4,15,0.26666666666666666,10,5,1,0.2,0.1,82,21,10,0,frozen_query_observation_no_gt,post_prediction_hungarian_iou_0.5,01e43cda5f5e8dc7dab70c8add2117c45476ab38c28e578a7b8b829cb16bfdb1
B3,137a8158-1db5-2cc0-8003-31c12610471e,scene0079_06-scene0079_11-scene0079_10-scene0079_02-scene0079_08,reverse,5,6,15,0.4,11,22,0.5,4,15,0.26666666666666666,10,5,1,0.2,0.1,82,21,10,0,frozen_query_observation_no_gt,post_prediction_hungarian_iou_0.5,01e43cda5f5e8dc7dab70c8add2117c45476ab38c28e578a7b8b829cb16bfdb1
B4,137a8158-1db5-2cc0-8003-31c12610471e,scene0079_06-scene0079_11-scene0079_10-scene0079_02-scene0079_08,reverse,5,6,15,0.4,6,22,0.2727272727272727,3,19,0.15789473684210525,10,5,2,0.4,0.2,82,17,6,0,frozen_query_observation_no_gt,post_prediction_hungarian_iou_0.5,01e43cda5f5e8dc7dab70c8add2117c45476ab38c28e578a7b8b829cb16bfdb1
B2,137a8158-1db5-2cc0-8003-31c12610471e,scene0079_06-scene0079_11-scene0079_10-scene0079_02-scene0079_08,sha256_seed45,2,0,3,0.0,0,3,0.0,2,5,0.4,0,0,0,,,32,12,3,0,frozen_query_observation_no_gt,post_prediction_hungarian_iou_0.5,bbf016c764084c1d759e24b294746f8d9120f31441a79950fd6d917f6a3665d9
B3,137a8158-1db5-2cc0-8003-31c12610471e,scene0079_06-scene0079_11-scene0079_10-scene0079_02-scene0079_08,sha256_seed45,2,0,3,0.0,0,3,0.0,2,5,0.4,0,0,0,,,32,12,3,0,frozen_query_observation_no_gt,post_prediction_hungarian_iou_0.5,bbf016c764084c1d759e24b294746f8d9120f31441a79950fd6d917f6a3665d9
B4,137a8158-1db5-2cc0-8003-31c12610471e,scene0079_06-scene0079_11-scene0079_10-scene0079_02-scene0079_08,sha256_seed45,2,0,3,0.0,0,3,0.0,1,4,0.25,0,0,0,,,32,12,3,0,frozen_query_observation_no_gt,post_prediction_hungarian_iou_0.5,bbf016c764084c1d759e24b294746f8d9120f31441a79950fd6d917f6a3665d9
B2,137a8158-1db5-2cc0-8003-31c12610471e,scene0079_06-scene0079_11-scene0079_10-scene0079_02-scene0079_08,sha256_seed45,3,0,7,0.0,0,8,0.0,2,10,0.2,0,0,0,,,44,13,3,0,frozen_query_observation_no_gt,post_prediction_hungarian_iou_0.5,bbf016c764084c1d759e24b294746f8d9120f31441a79950fd6d917f6a3665d9
B3,137a8158-1db5-2cc0-8003-31c12610471e,scene0079_06-scene0079_11-scene0079_10-scene0079_02-scene0079_08,sha256_seed45,3,0,7,0.0,0,8,0.0,2,10,0.2,0,0,0,,,44,13,3,0,frozen_query_observation_no_gt,post_prediction_hungarian_iou_0.5,bbf016c764084c1d759e24b294746f8d9120f31441a79950fd6d917f6a3665d9
B4,137a8158-1db5-2cc0-8003-31c12610471e,scene0079_06-scene0079_11-scene0079_10-scene0079_02-scene0079_08,sha256_seed45,3,0,7,0.0,1,8,0.125,2,9,0.2222222222222222,0,0,0,,,44,13,3,0,frozen_query_observation_no_gt,post_prediction_hungarian_iou_0.5,bbf016c764084c1d759e24b294746f8d9120f31441a79950fd6d917f6a3665d9
B2,137a8158-1db5-2cc0-8003-31c12610471e,scene0079_06-scene0079_11-scene0079_10-scene0079_02-scene0079_08,sha256_seed45,4,0,11,0.0,0,12,0.0,2,14,0.14285714285714285,0,0,0,,,54,13,3,0,frozen_query_observation_no_gt,post_prediction_hungarian_iou_0.5,bbf016c764084c1d759e24b294746f8d9120f31441a79950fd6d917f6a3665d9
B3,137a8158-1db5-2cc0-8003-31c12610471e,scene0079_06-scene0079_11-scene0079_10-scene0079_02-scene0079_08,sha256_seed45,4,0,11,0.0,0,12,0.0,2,14,0.14285714285714285,0,0,0,,,54,13,3,0,frozen_query_observation_no_gt,post_prediction_hungarian_iou_0.5,bbf016c764084c1d759e24b294746f8d9120f31441a79950fd6d917f6a3665d9
B4,137a8158-1db5-2cc0-8003-31c12610471e,scene0079_06-scene0079_11-scene0079_10-scene0079_02-scene0079_08,sha256_seed45,4,0,11,0.0,1,12,0.08333333333333333,2,13,0.15384615384615385,0,0,0,,,54,13,3,0,frozen_query_observation_no_gt,post_prediction_hungarian_iou_0.5,bbf016c764084c1d759e24b294746f8d9120f31441a79950fd6d917f6a3665d9
B2,137a8158-1db5-2cc0-8003-31c12610471e,scene0079_06-scene0079_11-scene0079_10-scene0079_02-scene0079_08,sha256_seed45,5,0,15,0.0,2,19,0.10526315789473684,2,19,0.10526315789473684,10,1,0,0.0,0.0,83,21,10,0,frozen_query_observation_no_gt,post_prediction_hungarian_iou_0.5,bbf016c764084c1d759e24b294746f8d9120f31441a79950fd6d917f6a3665d9
B3,137a8158-1db5-2cc0-8003-31c12610471e,scene0079_06-scene0079_11-scene0079_10-scene0079_02-scene0079_08,sha256_seed45,5,1,15,0.06666666666666667,3,19,0.15789473684210525,2,18,0.1111111111111111,10,1,0,0.0,0.0,83,21,10,0,frozen_query_observation_no_gt,post_prediction_hungarian_iou_0.5,bbf016c764084c1d759e24b294746f8d9120f31441a79950fd6d917f6a3665d9
B4,137a8158-1db5-2cc0-8003-31c12610471e,scene0079_06-scene0079_11-scene0079_10-scene0079_02-scene0079_08,sha256_seed45,5,0,15,0.0,3,19,0.15789473684210525,3,19,0.15789473684210525,10,1,1,1.0,0.1,83,14,4,0,frozen_query_observation_no_gt,post_prediction_hungarian_iou_0.5,bbf016c764084c1d759e24b294746f8d9120f31441a79950fd6d917f6a3665d9
B2,137a8158-1db5-2cc0-8003-31c12610471e,scene0079_07-scene0079_01-scene0079_06-scene0079_11-scene0079_10,canonical,2,0,0,,0,0,,3,3,1.0,0,0,0,,,22,9,2,0,frozen_query_observation_no_gt,post_prediction_hungarian_iou_0.5,989d1a84ca49711f7c5f7663ab2983e61064018bd0822dcddca1c215d039908f
B3,137a8158-1db5-2cc0-8003-31c12610471e,scene0079_07-scene0079_01-scene0079_06-scene0079_11-scene0079_10,canonical,2,0,0,,0,0,,3,3,1.0,0,0,0,,,22,9,2,0,frozen_query_observation_no_gt,post_prediction_hungarian_iou_0.5,989d1a84ca49711f7c5f7663ab2983e61064018bd0822dcddca1c215d039908f
B4,137a8158-1db5-2cc0-8003-31c12610471e,scene0079_07-scene0079_01-scene0079_06-scene0079_11-scene0079_10,canonical,2,0,0,,0,0,,3,3,1.0,0,0,0,,,22,9,2,0,frozen_query_observation_no_gt,post_prediction_hungarian_iou_0.5,989d1a84ca49711f7c5f7663ab2983e61064018bd0822dcddca1c215d039908f
B2,137a8158-1db5-2cc0-8003-31c12610471e,scene0079_07-scene0079_01-scene0079_06-scene0079_11-scene0079_10,canonical,3,0,0,,3,5,0.6,3,5,0.6,5,5,2,0.4,0.4,30,11,4,0,frozen_query_observation_no_gt,post_prediction_hungarian_iou_0.5,989d1a84ca49711f7c5f7663ab2983e61064018bd0822dcddca1c215d039908f
B3,137a8158-1db5-2cc0-8003-31c12610471e,scene0079_07-scene0079_01-scene0079_06-scene0079_11-scene0079_10,canonical,3,0,0,,2,5,0.4,3,6,0.5,5,5,3,0.6,0.6,30,11,4,0,frozen_query_observation_no_gt,post_prediction_hungarian_iou_0.5,989d1a84ca49711f7c5f7663ab2983e61064018bd0822dcddca1c215d039908f
B4,137a8158-1db5-2cc0-8003-31c12610471e,scene0079_07-scene0079_01-scene0079_06-scene0079_11-scene0079_10,canonical,3,0,0,,0,5,0.0,3,8,0.375,5,5,5,1.0,1.0,30,9,2,0,frozen_query_observation_no_gt,post_prediction_hungarian_iou_0.5,989d1a84ca49711f7c5f7663ab2983e61064018bd0822dcddca1c215d039908f
B2,137a8158-1db5-2cc0-8003-31c12610471e,scene0079_07-scene0079_01-scene0079_06-scene0079_11-scene0079_10,canonical,4,0,5,0.0,5,12,0.4166666666666667,3,10,0.3,13,7,2,0.2857142857142857,0.15384615384615385,59,20,12,0,frozen_query_observation_no_gt,post_prediction_hungarian_iou_0.5,989d1a84ca49711f7c5f7663ab2983e61064018bd0822dcddca1c215d039908f
B3,137a8158-1db5-2cc0-8003-31c12610471e,scene0079_07-scene0079_01-scene0079_06-scene0079_11-scene0079_10,canonical,4,0,5,0.0,4,12,0.3333333333333333,3,11,0.2727272727272727,13,7,3,0.42857142857142855,0.23076923076923078,59,20,12,0,frozen_query_observation_no_gt,post_prediction_hungarian_iou_0.5,989d1a84ca49711f7c5f7663ab2983e61064018bd0822dcddca1c215d039908f
B4,137a8158-1db5-2cc0-8003-31c12610471e,scene0079_07-scene0079_01-scene0079_06-scene0079_11-scene0079_10,canonical,4,0,5,0.0,1,12,0.08333333333333333,3,14,0.21428571428571427,13,7,6,0.8571428571428571,0.46153846153846156,59,15,7,0,frozen_query_observation_no_gt,post_prediction_hungarian_iou_0.5,989d1a84ca49711f7c5f7663ab2983e61064018bd0822dcddca1c215d039908f
B2,137a8158-1db5-2cc0-8003-31c12610471e,scene0079_07-scene0079_01-scene0079_06-scene0079_11-scene0079_10,canonical,5,1,7,0.14285714285714285,6,15,0.4,4,13,0.3076923076923077,14,7,2,0.2857142857142857,0.14285714285714285,70,20,12,0,frozen_query_observation_no_gt,post_prediction_hungarian_iou_0.5,989d1a84ca49711f7c5f7663ab2983e61064018bd0822dcddca1c215d039908f
B3,137a8158-1db5-2cc0-8003-31c12610471e,scene0079_07-scene0079_01-scene0079_06-scene0079_11-scene0079_10,canonical,5,1,7,0.14285714285714285,4,15,0.26666666666666666,4,15,0.26666666666666666,14,7,3,0.42857142857142855,0.21428571428571427,70,20,12,0,frozen_query_observation_no_gt,post_prediction_hungarian_iou_0.5,989d1a84ca49711f7c5f7663ab2983e61064018bd0822dcddca1c215d039908f
B4,137a8158-1db5-2cc0-8003-31c12610471e,scene0079_07-scene0079_01-scene0079_06-scene0079_11-scene0079_10,canonical,5,1,7,0.14285714285714285,2,15,0.13333333333333333,4,17,0.23529411764705882,14,7,6,0.8571428571428571,0.42857142857142855,70,15,7,0,frozen_query_observation_no_gt,post_prediction_hungarian_iou_0.5,989d1a84ca49711f7c5f7663ab2983e61064018bd0822dcddca1c215d039908f
B2,137a8158-1db5-2cc0-8003-31c12610471e,scene0079_07-scene0079_01-scene0079_06-scene0079_11-scene0079_10,reverse,2,1,2,0.5,1,2,0.5,1,2,0.5,0,0,0,,,38,13,4,0,frozen_query_observation_no_gt,post_prediction_hungarian_iou_0.5,34f72d8317c147b7898262f897ba1565f8d7da228cbcd7882cc1c0fa1e96091a
B3,137a8158-1db5-2cc0-8003-31c12610471e,scene0079_07-scene0079_01-scene0079_06-scene0079_11-scene0079_10,reverse,2,1,2,0.5,1,2,0.5,1,2,0.5,0,0,0,,,38,13,4,0,frozen_query_observation_no_gt,post_prediction_hungarian_iou_0.5,34f72d8317c147b7898262f897ba1565f8d7da228cbcd7882cc1c0fa1e96091a
B4,137a8158-1db5-2cc0-8003-31c12610471e,scene0079_07-scene0079_01-scene0079_06-scene0079_11-scene0079_10,reverse,2,1,2,0.5,1,2,0.5,1,2,0.5,0,0,0,,,38,13,4,0,frozen_query_observation_no_gt,post_prediction_hungarian_iou_0.5,34f72d8317c147b7898262f897ba1565f8d7da228cbcd7882cc1c0fa1e96091a
B2,137a8158-1db5-2cc0-8003-31c12610471e,scene0079_07-scene0079_01-scene0079_06-scene0079_11-scene0079_10,reverse,3,2,6,0.3333333333333333,2,6,0.3333333333333333,2,6,0.3333333333333333,0,0,0,,,47,13,4,0,frozen_query_observation_no_gt,post_prediction_hungarian_iou_0.5,34f72d8317c147b7898262f897ba1565f8d7da228cbcd7882cc1c0fa1e96091a
B3,137a8158-1db5-2cc0-8003-31c12610471e,scene0079_07-scene0079_01-scene0079_06-scene0079_11-scene0079_10,reverse,3,2,6,0.3333333333333333,2,6,0.3333333333333333,2,6,0.3333333333333333,0,0,0,,,47,13,4,0,frozen_query_observation_no_gt,post_prediction_hungarian_iou_0.5,34f72d8317c147b7898262f897ba1565f8d7da228cbcd7882cc1c0fa1e96091a
B4,137a8158-1db5-2cc0-8003-31c12610471e,scene0079_07-scene0079_01-scene0079_06-scene0079_11-scene0079_10,reverse,3,2,6,0.3333333333333333,2,6,0.3333333333333333,2,6,0.3333333333333333,0,0,0,,,47,13,4,0,frozen_query_observation_no_gt,post_prediction_hungarian_iou_0.5,34f72d8317c147b7898262f897ba1565f8d7da228cbcd7882cc1c0fa1e96091a
B2,137a8158-1db5-2cc0-8003-31c12610471e,scene0079_07-scene0079_01-scene0079_06-scene0079_11-scene0079_10,reverse,4,2,6,0.3333333333333333,4,9,0.4444444444444444,3,8,0.375,9,1,1,1.0,0.1111111111111111,61,16,6,0,frozen_query_observation_no_gt,post_prediction_hungarian_iou_0.5,34f72d8317c147b7898262f897ba1565f8d7da228cbcd7882cc1c0fa1e96091a
B3,137a8158-1db5-2cc0-8003-31c12610471e,scene0079_07-scene0079_01-scene0079_06-scene0079_11-scene0079_10,reverse,4,2,6,0.3333333333333333,4,9,0.4444444444444444,2,7,0.2857142857142857,9,1,0,0.0,0.0,61,16,6,0,frozen_query_observation_no_gt,post_prediction_hungarian_iou_0.5,34f72d8317c147b7898262f897ba1565f8d7da228cbcd7882cc1c0fa1e96091a
B4,137a8158-1db5-2cc0-8003-31c12610471e,scene0079_07-scene0079_01-scene0079_06-scene0079_11-scene0079_10,reverse,4,2,6,0.3333333333333333,2,9,0.2222222222222222,2,9,0.2222222222222222,9,1,1,1.0,0.1111111111111111,61,13,4,0,frozen_query_observation_no_gt,post_prediction_hungarian_iou_0.5,34f72d8317c147b7898262f897ba1565f8d7da228cbcd7882cc1c0fa1e96091a
B2,137a8158-1db5-2cc0-8003-31c12610471e,scene0079_07-scene0079_01-scene0079_06-scene0079_11-scene0079_10,reverse,5,2,6,0.3333333333333333,7,14,0.5,3,10,0.3,14,6,3,0.5,0.21428571428571427,69,18,8,0,frozen_query_observation_no_gt,post_prediction_hungarian_iou_0.5,34f72d8317c147b7898262f897ba1565f8d7da228cbcd7882cc1c0fa1e96091a
B3,137a8158-1db5-2cc0-8003-31c12610471e,scene0079_07-scene0079_01-scene0079_06-scene0079_11-scene0079_10,reverse,5,2,6,0.3333333333333333,6,14,0.42857142857142855,2,10,0.2,14,6,2,0.3333333333333333,0.14285714285714285,69,18,8,0,frozen_query_observation_no_gt,post_prediction_hungarian_iou_0.5,34f72d8317c147b7898262f897ba1565f8d7da228cbcd7882cc1c0fa1e96091a
B4,137a8158-1db5-2cc0-8003-31c12610471e,scene0079_07-scene0079_01-scene0079_06-scene0079_11-scene0079_10,reverse,5,2,6,0.3333333333333333,2,14,0.14285714285714285,2,14,0.14285714285714285,14,6,5,0.8333333333333334,0.35714285714285715,69,13,4,0,frozen_query_observation_no_gt,post_prediction_hungarian_iou_0.5,34f72d8317c147b7898262f897ba1565f8d7da228cbcd7882cc1c0fa1e96091a
B2,137a8158-1db5-2cc0-8003-31c12610471e,scene0079_07-scene0079_01-scene0079_06-scene0079_11-scene0079_10,sha256_seed45,2,0,0,,0,0,,3,3,1.0,0,0,0,,,18,7,0,0,frozen_query_observation_no_gt,post_prediction_hungarian_iou_0.5,c2814c46715169bd111ffbec753f84e3a3f8ac5e2bb845094d39ec80eda2b643
B3,137a8158-1db5-2cc0-8003-31c12610471e,scene0079_07-scene0079_01-scene0079_06-scene0079_11-scene0079_10,sha256_seed45,2,0,0,,0,0,,3,3,1.0,0,0,0,,,18,7,0,0,frozen_query_observation_no_gt,post_prediction_hungarian_iou_0.5,c2814c46715169bd111ffbec753f84e3a3f8ac5e2bb845094d39ec80eda2b643
B4,137a8158-1db5-2cc0-8003-31c12610471e,scene0079_07-scene0079_01-scene0079_06-scene0079_11-scene0079_10,sha256_seed45,2,0,0,,0,0,,3,3,1.0,0,0,0,,,18,7,0,0,frozen_query_observation_no_gt,post_prediction_hungarian_iou_0.5,c2814c46715169bd111ffbec753f84e3a3f8ac5e2bb845094d39ec80eda2b643
B2,137a8158-1db5-2cc0-8003-31c12610471e,scene0079_07-scene0079_01-scene0079_06-scene0079_11-scene0079_10,sha256_seed45,3,1,3,0.3333333333333333,1,3,0.3333333333333333,3,5,0.6,2,0,0,,0.0,33,9,1,0,frozen_query_observation_no_gt,post_prediction_hungarian_iou_0.5,c2814c46715169bd111ffbec753f84e3a3f8ac5e2bb845094d39ec80eda2b643
B3,137a8158-1db5-2cc0-8003-31c12610471e,scene0079_07-scene0079_01-scene0079_06-scene0079_11-scene0079_10,sha256_seed45,3,1,3,0.3333333333333333,1,3,0.3333333333333333,3,5,0.6,2,0,0,,0.0,33,9,1,0,frozen_query_observation_no_gt,post_prediction_hungarian_iou_0.5,c2814c46715169bd111ffbec753f84e3a3f8ac5e2bb845094d39ec80eda2b643
B4,137a8158-1db5-2cc0-8003-31c12610471e,scene0079_07-scene0079_01-scene0079_06-scene0079_11-scene0079_10,sha256_seed45,3,1,3,0.3333333333333333,1,3,0.3333333333333333,3,5,0.6,2,0,0,,0.0,33,9,1,0,frozen_query_observation_no_gt,post_prediction_hungarian_iou_0.5,c2814c46715169bd111ffbec753f84e3a3f8ac5e2bb845094d39ec80eda2b643
B2,137a8158-1db5-2cc0-8003-31c12610471e,scene0079_07-scene0079_01-scene0079_06-scene0079_11-scene0079_10,sha256_seed45,4,1,3,0.3333333333333333,4,8,0.5,4,8,0.5,7,5,2,0.4,0.2857142857142857,41,11,3,0,frozen_query_observation_no_gt,post_prediction_hungarian_iou_0.5,c2814c46715169bd111ffbec753f84e3a3f8ac5e2bb845094d39ec80eda2b643
B3,137a8158-1db5-2cc0-8003-31c12610471e,scene0079_07-scene0079_01-scene0079_06-scene0079_11-scene0079_10,sha256_seed45,4,1,3,0.3333333333333333,4,8,0.5,4,8,0.5,7,5,2,0.4,0.2857142857142857,41,11,3,0,frozen_query_observation_no_gt,post_prediction_hungarian_iou_0.5,c2814c46715169bd111ffbec753f84e3a3f8ac5e2bb845094d39ec80eda2b643
B4,137a8158-1db5-2cc0-8003-31c12610471e,scene0079_07-scene0079_01-scene0079_06-scene0079_11-scene0079_10,sha256_seed45,4,1,3,0.3333333333333333,2,8,0.25,4,10,0.4,7,5,4,0.8,0.5714285714285714,41,9,1,0,frozen_query_observation_no_gt,post_prediction_hungarian_iou_0.5,c2814c46715169bd111ffbec753f84e3a3f8ac5e2bb845094d39ec80eda2b643
B2,137a8158-1db5-2cc0-8003-31c12610471e,scene0079_07-scene0079_01-scene0079_06-scene0079_11-scene0079_10,sha256_seed45,5,1,8,0.125,6,15,0.4,4,13,0.3076923076923077,15,7,2,0.2857142857142857,0.13333333333333333,70,20,11,0,frozen_query_observation_no_gt,post_prediction_hungarian_iou_0.5,c2814c46715169bd111ffbec753f84e3a3f8ac5e2bb845094d39ec80eda2b643
B3,137a8158-1db5-2cc0-8003-31c12610471e,scene0079_07-scene0079_01-scene0079_06-scene0079_11-scene0079_10,sha256_seed45,5,1,8,0.125,6,15,0.4,4,13,0.3076923076923077,15,7,2,0.2857142857142857,0.13333333333333333,70,20,11,0,frozen_query_observation_no_gt,post_prediction_hungarian_iou_0.5,c2814c46715169bd111ffbec753f84e3a3f8ac5e2bb845094d39ec80eda2b643
B4,137a8158-1db5-2cc0-8003-31c12610471e,scene0079_07-scene0079_01-scene0079_06-scene0079_11-scene0079_10,sha256_seed45,5,1,8,0.125,2,15,0.13333333333333333,4,17,0.23529411764705882,15,7,6,0.8571428571428571,0.4,70,15,6,0,frozen_query_observation_no_gt,post_prediction_hungarian_iou_0.5,c2814c46715169bd111ffbec753f84e3a3f8ac5e2bb845094d39ec80eda2b643
B2,137a8158-1db5-2cc0-8003-31c12610471e,scene0079_08-scene0079_00-scene0079_09-scene0079_05-scene0079_04,canonical,2,1,7,0.14285714285714285,1,7,0.14285714285714285,1,7,0.14285714285714285,0,0,0,,,35,15,5,0,frozen_query_observation_no_gt,post_prediction_hungarian_iou_0.5,e9187487810a045ccc6e21b05821b5db989d353ec09e0cd23ece432b8441fe9d
B3,137a8158-1db5-2cc0-8003-31c12610471e,scene0079_08-scene0079_00-scene0079_09-scene0079_05-scene0079_04,canonical,2,1,7,0.14285714285714285,1,7,0.14285714285714285,1,7,0.14285714285714285,0,0,0,,,35,15,5,0,frozen_query_observation_no_gt,post_prediction_hungarian_iou_0.5,e9187487810a045ccc6e21b05821b5db989d353ec09e0cd23ece432b8441fe9d
B4,137a8158-1db5-2cc0-8003-31c12610471e,scene0079_08-scene0079_00-scene0079_09-scene0079_05-scene0079_04,canonical,2,1,7,0.14285714285714285,1,7,0.14285714285714285,1,7,0.14285714285714285,0,0,0,,,35,15,5,0,frozen_query_observation_no_gt,post_prediction_hungarian_iou_0.5,e9187487810a045ccc6e21b05821b5db989d353ec09e0cd23ece432b8441fe9d
B2,137a8158-1db5-2cc0-8003-31c12610471e,scene0079_08-scene0079_00-scene0079_09-scene0079_05-scene0079_04,canonical,3,1,12,0.08333333333333333,1,12,0.08333333333333333,1,12,0.08333333333333333,0,0,0,,,43,15,5,0,frozen_query_observation_no_gt,post_prediction_hungarian_iou_0.5,e9187487810a045ccc6e21b05821b5db989d353ec09e0cd23ece432b8441fe9d
B3,137a8158-1db5-2cc0-8003-31c12610471e,scene0079_08-scene0079_00-scene0079_09-scene0079_05-scene0079_04,canonical,3,1,12,0.08333333333333333,1,12,0.08333333333333333,1,12,0.08333333333333333,0,0,0,,,43,15,5,0,frozen_query_observation_no_gt,post_prediction_hungarian_iou_0.5,e9187487810a045ccc6e21b05821b5db989d353ec09e0cd23ece432b8441fe9d
B4,137a8158-1db5-2cc0-8003-31c12610471e,scene0079_08-scene0079_00-scene0079_09-scene0079_05-scene0079_04,canonical,3,1,12,0.08333333333333333,1,12,0.08333333333333333,1,12,0.08333333333333333,0,0,0,,,43,15,5,0,frozen_query_observation_no_gt,post_prediction_hungarian_iou_0.5,e9187487810a045ccc6e21b05821b5db989d353ec09e0cd23ece432b8441fe9d
B2,137a8158-1db5-2cc0-8003-31c12610471e,scene0079_08-scene0079_00-scene0079_09-scene0079_05-scene0079_04,canonical,4,2,17,0.11764705882352941,5,20,0.25,1,16,0.0625,12,2,0,0.0,0.0,66,23,10,0,frozen_query_observation_no_gt,post_prediction_hungarian_iou_0.5,e9187487810a045ccc6e21b05821b5db989d353ec09e0cd23ece432b8441fe9d
B3,137a8158-1db5-2cc0-8003-31c12610471e,scene0079_08-scene0079_00-scene0079_09-scene0079_05-scene0079_04,canonical,4,2,17,0.11764705882352941,5,20,0.25,1,16,0.0625,12,2,0,0.0,0.0,66,23,10,0,frozen_query_observation_no_gt,post_prediction_hungarian_iou_0.5,e9187487810a045ccc6e21b05821b5db989d353ec09e0cd23ece432b8441fe9d
B4,137a8158-1db5-2cc0-8003-31c12610471e,scene0079_08-scene0079_00-scene0079_09-scene0079_05-scene0079_04,canonical,4,2,17,0.11764705882352941,2,20,0.1,2,20,0.1,12,2,2,1.0,0.16666666666666666,66,17,6,0,frozen_query_observation_no_gt,post_prediction_hungarian_iou_0.5,e9187487810a045ccc6e21b05821b5db989d353ec09e0cd23ece432b8441fe9d
B2,137a8158-1db5-2cc0-8003-31c12610471e,scene0079_08-scene0079_00-scene0079_09-scene0079_05-scene0079_04,canonical,5,3,21,0.14285714285714285,5,24,0.20833333333333334,2,21,0.09523809523809523,12,2,0,0.0,0.0,75,23,10,0,frozen_query_observation_no_gt,post_prediction_hungarian_iou_0.5,e9187487810a045ccc6e21b05821b5db989d353ec09e0cd23ece432b8441fe9d
B3,137a8158-1db5-2cc0-8003-31c12610471e,scene0079_08-scene0079_00-scene0079_09-scene0079_05-scene0079_04,canonical,5,3,21,0.14285714285714285,5,24,0.20833333333333334,2,21,0.09523809523809523,12,2,0,0.0,0.0,75,23,10,0,frozen_query_observation_no_gt,post_prediction_hungarian_iou_0.5,e9187487810a045ccc6e21b05821b5db989d353ec09e0cd23ece432b8441fe9d
B4,137a8158-1db5-2cc0-8003-31c12610471e,scene0079_08-scene0079_00-scene0079_09-scene0079_05-scene0079_04,canonical,5,3,21,0.14285714285714285,2,24,0.08333333333333333,3,25,0.12,12,2,2,1.0,0.16666666666666666,75,17,6,0,frozen_query_observation_no_gt,post_prediction_hungarian_iou_0.5,e9187487810a045ccc6e21b05821b5db989d353ec09e0cd23ece432b8441fe9d
B2,137a8158-1db5-2cc0-8003-31c12610471e,scene0079_08-scene0079_00-scene0079_09-scene0079_05-scene0079_04,reverse,2,0,3,0.0,0,3,0.0,0,3,0.0,0,0,0,,,29,10,0,0,frozen_query_observation_no_gt,post_prediction_hungarian_iou_0.5,c31e37c344aae8940e924577e88255861a755eae5514c5760a633520a83f927e
B3,137a8158-1db5-2cc0-8003-31c12610471e,scene0079_08-scene0079_00-scene0079_09-scene0079_05-scene0079_04,reverse,2,0,3,0.0,0,3,0.0,0,3,0.0,0,0,0,,,29,10,0,0,frozen_query_observation_no_gt,post_prediction_hungarian_iou_0.5,c31e37c344aae8940e924577e88255861a755eae5514c5760a633520a83f927e
B4,137a8158-1db5-2cc0-8003-31c12610471e,scene0079_08-scene0079_00-scene0079_09-scene0079_05-scene0079_04,reverse,2,0,3,0.0,0,3,0.0,0,3,0.0,0,0,0,,,29,10,0,0,frozen_query_observation_no_gt,post_prediction_hungarian_iou_0.5,c31e37c344aae8940e924577e88255861a755eae5514c5760a633520a83f927e
B2,137a8158-1db5-2cc0-8003-31c12610471e,scene0079_08-scene0079_00-scene0079_09-scene0079_05-scene0079_04,reverse,3,0,8,0.0,0,8,0.0,0,8,0.0,0,0,0,,,38,11,1,0,frozen_query_observation_no_gt,post_prediction_hungarian_iou_0.5,c31e37c344aae8940e924577e88255861a755eae5514c5760a633520a83f927e
B3,137a8158-1db5-2cc0-8003-31c12610471e,scene0079_08-scene0079_00-scene0079_09-scene0079_05-scene0079_04,reverse,3,0,8,0.0,0,8,0.0,0,8,0.0,0,0,0,,,38,10,0,0,frozen_query_observation_no_gt,post_prediction_hungarian_iou_0.5,c31e37c344aae8940e924577e88255861a755eae5514c5760a633520a83f927e
B4,137a8158-1db5-2cc0-8003-31c12610471e,scene0079_08-scene0079_00-scene0079_09-scene0079_05-scene0079_04,reverse,3,0,8,0.0,0,8,0.0,0,8,0.0,0,0,0,,,38,11,1,0,frozen_query_observation_no_gt,post_prediction_hungarian_iou_0.5,c31e37c344aae8940e924577e88255861a755eae5514c5760a633520a83f927e
B2,137a8158-1db5-2cc0-8003-31c12610471e,scene0079_08-scene0079_00-scene0079_09-scene0079_05-scene0079_04,reverse,4,0,13,0.0,3,16,0.1875,0,13,0.0,12,2,0,0.0,0.0,63,20,8,0,frozen_query_observation_no_gt,post_prediction_hungarian_iou_0.5,c31e37c344aae8940e924577e88255861a755eae5514c5760a633520a83f927e
B3,137a8158-1db5-2cc0-8003-31c12610471e,scene0079_08-scene0079_00-scene0079_09-scene0079_05-scene0079_04,reverse,4,0,13,0.0,3,16,0.1875,0,13,0.0,12,2,0,0.0,0.0,63,19,6,0,frozen_query_observation_no_gt,post_prediction_hungarian_iou_0.5,c31e37c344aae8940e924577e88255861a755eae5514c5760a633520a83f927e
B4,137a8158-1db5-2cc0-8003-31c12610471e,scene0079_08-scene0079_00-scene0079_09-scene0079_05-scene0079_04,reverse,4,0,13,0.0,0,16,0.0,0,16,0.0,12,2,2,1.0,0.16666666666666666,63,15,3,0,frozen_query_observation_no_gt,post_prediction_hungarian_iou_0.5,c31e37c344aae8940e924577e88255861a755eae5514c5760a633520a83f927e
B2,137a8158-1db5-2cc0-8003-31c12610471e,scene0079_08-scene0079_00-scene0079_09-scene0079_05-scene0079_04,reverse,5,0,19,0.0,3,22,0.13636363636363635,0,19,0.0,12,2,0,0.0,0.0,74,20,8,0,frozen_query_observation_no_gt,post_prediction_hungarian_iou_0.5,c31e37c344aae8940e924577e88255861a755eae5514c5760a633520a83f927e
B3,137a8158-1db5-2cc0-8003-31c12610471e,scene0079_08-scene0079_00-scene0079_09-scene0079_05-scene0079_04,reverse,5,0,19,0.0,3,22,0.13636363636363635,0,19,0.0,12,2,0,0.0,0.0,74,19,6,0,frozen_query_observation_no_gt,post_prediction_hungarian_iou_0.5,c31e37c344aae8940e924577e88255861a755eae5514c5760a633520a83f927e
B4,137a8158-1db5-2cc0-8003-31c12610471e,scene0079_08-scene0079_00-scene0079_09-scene0079_05-scene0079_04,reverse,5,0,19,0.0,0,22,0.0,0,22,0.0,12,2,2,1.0,0.16666666666666666,74,15,3,0,frozen_query_observation_no_gt,post_prediction_hungarian_iou_0.5,c31e37c344aae8940e924577e88255861a755eae5514c5760a633520a83f927e
B2,137a8158-1db5-2cc0-8003-31c12610471e,scene0079_08-scene0079_00-scene0079_09-scene0079_05-scene0079_04,sha256_seed45,2,0,4,0.0,0,4,0.0,1,5,0.2,0,0,0,,,32,12,2,0,frozen_query_observation_no_gt,post_prediction_hungarian_iou_0.5,5035282c1973bd63d98a271cdc0e4a98e8c95815bf715ef933d3f2f8a62debaf
B3,137a8158-1db5-2cc0-8003-31c12610471e,scene0079_08-scene0079_00-scene0079_09-scene0079_05-scene0079_04,sha256_seed45,2,0,4,0.0,0,4,0.0,1,5,0.2,0,0,0,,,32,12,2,0,frozen_query_observation_no_gt,post_prediction_hungarian_iou_0.5,5035282c1973bd63d98a271cdc0e4a98e8c95815bf715ef933d3f2f8a62debaf
B4,137a8158-1db5-2cc0-8003-31c12610471e,scene0079_08-scene0079_00-scene0079_09-scene0079_05-scene0079_04,sha256_seed45,2,0,4,0.0,0,4,0.0,1,5,0.2,0,0,0,,,32,12,2,0,frozen_query_observation_no_gt,post_prediction_hungarian_iou_0.5,5035282c1973bd63d98a271cdc0e4a98e8c95815bf715ef933d3f2f8a62debaf
B2,137a8158-1db5-2cc0-8003-31c12610471e,scene0079_08-scene0079_00-scene0079_09-scene0079_05-scene0079_04,sha256_seed45,3,0,7,0.0,2,9,0.2222222222222222,2,9,0.2222222222222222,6,1,0,0.0,0.0,43,14,3,0,frozen_query_observation_no_gt,post_prediction_hungarian_iou_0.5,5035282c1973bd63d98a271cdc0e4a98e8c95815bf715ef933d3f2f8a62debaf
B3,137a8158-1db5-2cc0-8003-31c12610471e,scene0079_08-scene0079_00-scene0079_09-scene0079_05-scene0079_04,sha256_seed45,3,0,7,0.0,2,9,0.2222222222222222,2,9,0.2222222222222222,6,1,0,0.0,0.0,43,14,3,0,frozen_query_observation_no_gt,post_prediction_hungarian_iou_0.5,5035282c1973bd63d98a271cdc0e4a98e8c95815bf715ef933d3f2f8a62debaf
B4,137a8158-1db5-2cc0-8003-31c12610471e,scene0079_08-scene0079_00-scene0079_09-scene0079_05-scene0079_04,sha256_seed45,3,0,7,0.0,1,9,0.1111111111111111,2,10,0.2,6,1,1,1.0,0.16666666666666666,43,12,2,0,frozen_query_observation_no_gt,post_prediction_hungarian_iou_0.5,5035282c1973bd63d98a271cdc0e4a98e8c95815bf715ef933d3f2f8a62debaf
B2,137a8158-1db5-2cc0-8003-31c12610471e,scene0079_08-scene0079_00-scene0079_09-scene0079_05-scene0079_04,sha256_seed45,4,1,13,0.07692307692307693,5,18,0.2777777777777778,2,15,0.13333333333333333,16,3,1,0.3333333333333333,0.0625,68,22,9,0,frozen_query_observation_no_gt,post_prediction_hungarian_iou_0.5,5035282c1973bd63d98a271cdc0e4a98e8c95815bf715ef933d3f2f8a62debaf
B3,137a8158-1db5-2cc0-8003-31c12610471e,scene0079_08-scene0079_00-scene0079_09-scene0079_05-scene0079_04,sha256_seed45,4,1,13,0.07692307692307693,5,18,0.2777777777777778,2,15,0.13333333333333333,16,3,1,0.3333333333333333,0.0625,68,22,9,0,frozen_query_observation_no_gt,post_prediction_hungarian_iou_0.5,5035282c1973bd63d98a271cdc0e4a98e8c95815bf715ef933d3f2f8a62debaf
B4,137a8158-1db5-2cc0-8003-31c12610471e,scene0079_08-scene0079_00-scene0079_09-scene0079_05-scene0079_04,sha256_seed45,4,2,13,0.15384615384615385,2,18,0.1111111111111111,3,19,0.15789473684210525,16,3,3,1.0,0.1875,68,16,5,0,frozen_query_observation_no_gt,post_prediction_hungarian_iou_0.5,5035282c1973bd63d98a271cdc0e4a98e8c95815bf715ef933d3f2f8a62debaf
B2,137a8158-1db5-2cc0-8003-31c12610471e,scene0079_08-scene0079_00-scene0079_09-scene0079_05-scene0079_04,sha256_seed45,5,1,18,0.05555555555555555,5,23,0.21739130434782608,2,20,0.1,16,3,1,0.3333333333333333,0.0625,76,22,9,0,frozen_query_observation_no_gt,post_prediction_hungarian_iou_0.5,5035282c1973bd63d98a271cdc0e4a98e8c95815bf715ef933d3f2f8a62debaf
B3,137a8158-1db5-2cc0-8003-31c12610471e,scene0079_08-scene0079_00-scene0079_09-scene0079_05-scene0079_04,sha256_seed45,5,1,18,0.05555555555555555,5,23,0.21739130434782608,2,20,0.1,16,3,1,0.3333333333333333,0.0625,76,22,9,0,frozen_query_observation_no_gt,post_prediction_hungarian_iou_0.5,5035282c1973bd63d98a271cdc0e4a98e8c95815bf715ef933d3f2f8a62debaf
B4,137a8158-1db5-2cc0-8003-31c12610471e,scene0079_08-scene0079_00-scene0079_09-scene0079_05-scene0079_04,sha256_seed45,5,2,18,0.1111111111111111,2,23,0.08695652173913043,3,24,0.125,16,3,3,1.0,0.1875,76,16,5,0,frozen_query_observation_no_gt,post_prediction_hungarian_iou_0.5,5035282c1973bd63d98a271cdc0e4a98e8c95815bf715ef933d3f2f8a62debaf
B2,137a8158-1db5-2cc0-8003-31c12610471e,scene0079_09-scene0079_05-scene0079_04-scene0079_03-scene0079_07,canonical,2,1,5,0.2,1,5,0.2,0,4,0.0,0,0,0,,,32,14,3,0,frozen_query_observation_no_gt,post_prediction_hungarian_iou_0.5,943a95ea8511619485036e6fba39557aaef0959765d429f8bc27da7c31678656
B3,137a8158-1db5-2cc0-8003-31c12610471e,scene0079_09-scene0079_05-scene0079_04-scene0079_03-scene0079_07,canonical,2,1,5,0.2,1,5,0.2,0,4,0.0,0,0,0,,,32,14,3,0,frozen_query_observation_no_gt,post_prediction_hungarian_iou_0.5,943a95ea8511619485036e6fba39557aaef0959765d429f8bc27da7c31678656
B4,137a8158-1db5-2cc0-8003-31c12610471e,scene0079_09-scene0079_05-scene0079_04-scene0079_03-scene0079_07,canonical,2,1,5,0.2,1,5,0.2,0,4,0.0,0,0,0,,,32,14,3,0,frozen_query_observation_no_gt,post_prediction_hungarian_iou_0.5,943a95ea8511619485036e6fba39557aaef0959765d429f8bc27da7c31678656
B2,137a8158-1db5-2cc0-8003-31c12610471e,scene0079_09-scene0079_05-scene0079_04-scene0079_03-scene0079_07,canonical,3,2,9,0.2222222222222222,1,9,0.1111111111111111,1,9,0.1111111111111111,0,0,0,,,41,14,3,0,frozen_query_observation_no_gt,post_prediction_hungarian_iou_0.5,943a95ea8511619485036e6fba39557aaef0959765d429f8bc27da7c31678656
B3,137a8158-1db5-2cc0-8003-31c12610471e,scene0079_09-scene0079_05-scene0079_04-scene0079_03-scene0079_07,canonical,3,2,9,0.2222222222222222,1,9,0.1111111111111111,1,9,0.1111111111111111,0,0,0,,,41,14,3,0,frozen_query_observation_no_gt,post_prediction_hungarian_iou_0.5,943a95ea8511619485036e6fba39557aaef0959765d429f8bc27da7c31678656
B4,137a8158-1db5-2cc0-8003-31c12610471e,scene0079_09-scene0079_05-scene0079_04-scene0079_03-scene0079_07,canonical,3,2,9,0.2222222222222222,1,9,0.1111111111111111,1,9,0.1111111111111111,0,0,0,,,41,14,3,0,frozen_query_observation_no_gt,post_prediction_hungarian_iou_0.5,943a95ea8511619485036e6fba39557aaef0959765d429f8bc27da7c31678656
B2,137a8158-1db5-2cc0-8003-31c12610471e,scene0079_09-scene0079_05-scene0079_04-scene0079_03-scene0079_07,canonical,4,2,12,0.16666666666666666,2,13,0.15384615384615385,1,12,0.08333333333333333,6,1,0,0.0,0.0,58,16,5,0,frozen_query_observation_no_gt,post_prediction_hungarian_iou_0.5,943a95ea8511619485036e6fba39557aaef0959765d429f8bc27da7c31678656
B3,137a8158-1db5-2cc0-8003-31c12610471e,scene0079_09-scene0079_05-scene0079_04-scene0079_03-scene0079_07,canonical,4,2,12,0.16666666666666666,2,13,0.15384615384615385,1,12,0.08333333333333333,6,1,0,0.0,0.0,58,16,5,0,frozen_query_observation_no_gt,post_prediction_hungarian_iou_0.5,943a95ea8511619485036e6fba39557aaef0959765d429f8bc27da7c31678656
B4,137a8158-1db5-2cc0-8003-31c12610471e,scene0079_09-scene0079_05-scene0079_04-scene0079_03-scene0079_07,canonical,4,2,12,0.16666666666666666,1,13,0.07692307692307693,1,13,0.07692307692307693,6,1,1,1.0,0.16666666666666666,58,14,3,0,frozen_query_observation_no_gt,post_prediction_hungarian_iou_0.5,943a95ea8511619485036e6fba39557aaef0959765d429f8bc27da7c31678656
B2,137a8158-1db5-2cc0-8003-31c12610471e,scene0079_09-scene0079_05-scene0079_04-scene0079_03-scene0079_07,canonical,5,3,13,0.23076923076923078,5,17,0.29411764705882354,3,15,0.2,9,2,0,0.0,0.0,66,17,6,0,frozen_query_observation_no_gt,post_prediction_hungarian_iou_0.5,943a95ea8511619485036e6fba39557aaef0959765d429f8bc27da7c31678656
B3,137a8158-1db5-2cc0-8003-31c12610471e,scene0079_09-scene0079_05-scene0079_04-scene0079_03-scene0079_07,canonical,5,3,13,0.23076923076923078,5,17,0.29411764705882354,3,15,0.2,9,2,0,0.0,0.0,66,17,6,0,frozen_query_observation_no_gt,post_prediction_hungarian_iou_0.5,943a95ea8511619485036e6fba39557aaef0959765d429f8bc27da7c31678656
B4,137a8158-1db5-2cc0-8003-31c12610471e,scene0079_09-scene0079_05-scene0079_04-scene0079_03-scene0079_07,canonical,5,3,13,0.23076923076923078,3,17,0.17647058823529413,5,19,0.2631578947368421,9,2,2,1.0,0.2222222222222222,66,14,3,0,frozen_query_observation_no_gt,post_prediction_hungarian_iou_0.5,943a95ea8511619485036e6fba39557aaef0959765d429f8bc27da7c31678656
B2,137a8158-1db5-2cc0-8003-31c12610471e,scene0079_09-scene0079_05-scene0079_04-scene0079_03-scene0079_07,reverse,2,0,0,,0,0,,1,1,1.0,0,0,0,,,24,7,0,0,frozen_query_observation_no_gt,post_prediction_hungarian_iou_0.5,57b29cdab6a9370b8dee427babe518c1bff8c82871318a8294ff9f30e997a448
B3,137a8158-1db5-2cc0-8003-31c12610471e,scene0079_09-scene0079_05-scene0079_04-scene0079_03-scene0079_07,reverse,2,0,0,,0,0,,1,1,1.0,0,0,0,,,24,7,0,0,frozen_query_observation_no_gt,post_prediction_hungarian_iou_0.5,57b29cdab6a9370b8dee427babe518c1bff8c82871318a8294ff9f30e997a448
B4,137a8158-1db5-2cc0-8003-31c12610471e,scene0079_09-scene0079_05-scene0079_04-scene0079_03-scene0079_07,reverse,2,0,0,,0,0,,1,1,1.0,0,0,0,,,24,7,0,0,frozen_query_observation_no_gt,post_prediction_hungarian_iou_0.5,57b29cdab6a9370b8dee427babe518c1bff8c82871318a8294ff9f30e997a448
B2,137a8158-1db5-2cc0-8003-31c12610471e,scene0079_09-scene0079_05-scene0079_04-scene0079_03-scene0079_07,reverse,3,0,3,0.0,0,4,0.0,2,6,0.3333333333333333,1,0,0,,0.0,32,7,0,0,frozen_query_observation_no_gt,post_prediction_hungarian_iou_0.5,57b29cdab6a9370b8dee427babe518c1bff8c82871318a8294ff9f30e997a448
B3,137a8158-1db5-2cc0-8003-31c12610471e,scene0079_09-scene0079_05-scene0079_04-scene0079_03-scene0079_07,reverse,3,0,3,0.0,0,4,0.0,2,6,0.3333333333333333,1,0,0,,0.0,32,7,0,0,frozen_query_observation_no_gt,post_prediction_hungarian_iou_0.5,57b29cdab6a9370b8dee427babe518c1bff8c82871318a8294ff9f30e997a448
B4,137a8158-1db5-2cc0-8003-31c12610471e,scene0079_09-scene0079_05-scene0079_04-scene0079_03-scene0079_07,reverse,3,0,3,0.0,0,4,0.0,2,6,0.3333333333333333,1,0,0,,0.0,32,7,0,0,frozen_query_observation_no_gt,post_prediction_hungarian_iou_0.5,57b29cdab6a9370b8dee427babe518c1bff8c82871318a8294ff9f30e997a448
B2,137a8158-1db5-2cc0-8003-31c12610471e,scene0079_09-scene0079_05-scene0079_04-scene0079_03-scene0079_07,reverse,4,0,7,0.0,3,11,0.2727272727272727,2,10,0.2,9,1,0,0.0,0.0,53,12,3,0,frozen_query_observation_no_gt,post_prediction_hungarian_iou_0.5,57b29cdab6a9370b8dee427babe518c1bff8c82871318a8294ff9f30e997a448
B3,137a8158-1db5-2cc0-8003-31c12610471e,scene0079_09-scene0079_05-scene0079_04-scene0079_03-scene0079_07,reverse,4,0,7,0.0,2,11,0.18181818181818182,2,11,0.18181818181818182,9,1,0,0.0,0.0,53,12,3,0,frozen_query_observation_no_gt,post_prediction_hungarian_iou_0.5,57b29cdab6a9370b8dee427babe518c1bff8c82871318a8294ff9f30e997a448
B4,137a8158-1db5-2cc0-8003-31c12610471e,scene0079_09-scene0079_05-scene0079_04-scene0079_03-scene0079_07,reverse,4,0,7,0.0,2,11,0.18181818181818182,3,12,0.25,9,1,1,1.0,0.1111111111111111,53,10,2,0,frozen_query_observation_no_gt,post_prediction_hungarian_iou_0.5,57b29cdab6a9370b8dee427babe518c1bff8c82871318a8294ff9f30e997a448
B2,137a8158-1db5-2cc0-8003-31c12610471e,scene0079_09-scene0079_05-scene0079_04-scene0079_03-scene0079_07,reverse,5,0,12,0.0,3,16,0.1875,2,15,0.13333333333333333,9,1,0,0.0,0.0,62,13,4,0,frozen_query_observation_no_gt,post_prediction_hungarian_iou_0.5,57b29cdab6a9370b8dee427babe518c1bff8c82871318a8294ff9f30e997a448
B3,137a8158-1db5-2cc0-8003-31c12610471e,scene0079_09-scene0079_05-scene0079_04-scene0079_03-scene0079_07,reverse,5,0,12,0.0,2,16,0.125,2,16,0.125,9,1,0,0.0,0.0,62,13,4,0,frozen_query_observation_no_gt,post_prediction_hungarian_iou_0.5,57b29cdab6a9370b8dee427babe518c1bff8c82871318a8294ff9f30e997a448
B4,137a8158-1db5-2cc0-8003-31c12610471e,scene0079_09-scene0079_05-scene0079_04-scene0079_03-scene0079_07,reverse,5,0,12,0.0,2,16,0.125,3,17,0.17647058823529413,9,1,1,1.0,0.1111111111111111,62,11,3,0,frozen_query_observation_no_gt,post_prediction_hungarian_iou_0.5,57b29cdab6a9370b8dee427babe518c1bff8c82871318a8294ff9f30e997a448
B2,137a8158-1db5-2cc0-8003-31c12610471e,scene0079_09-scene0079_05-scene0079_04-scene0079_03-scene0079_07,sha256_seed45,2,1,2,0.5,1,2,0.5,1,2,0.5,0,0,0,,,23,9,2,0,frozen_query_observation_no_gt,post_prediction_hungarian_iou_0.5,722d1119442eaec656f257659b89a99809f66b7bdbc8bdfe119f84927b6ef468
B3,137a8158-1db5-2cc0-8003-31c12610471e,scene0079_09-scene0079_05-scene0079_04-scene0079_03-scene0079_07,sha256_seed45,2,1,2,0.5,1,2,0.5,1,2,0.5,0,0,0,,,23,9,2,0,frozen_query_observation_no_gt,post_prediction_hungarian_iou_0.5,722d1119442eaec656f257659b89a99809f66b7bdbc8bdfe119f84927b6ef468
B4,137a8158-1db5-2cc0-8003-31c12610471e,scene0079_09-scene0079_05-scene0079_04-scene0079_03-scene0079_07,sha256_seed45,2,1,2,0.5,1,2,0.5,1,2,0.5,0,0,0,,,23,9,2,0,frozen_query_observation_no_gt,post_prediction_hungarian_iou_0.5,722d1119442eaec656f257659b89a99809f66b7bdbc8bdfe119f84927b6ef468
B2,137a8158-1db5-2cc0-8003-31c12610471e,scene0079_09-scene0079_05-scene0079_04-scene0079_03-scene0079_07,sha256_seed45,3,2,6,0.3333333333333333,5,9,0.5555555555555556,4,8,0.5,8,3,0,0.0,0.0,45,15,6,0,frozen_query_observation_no_gt,post_prediction_hungarian_iou_0.5,722d1119442eaec656f257659b89a99809f66b7bdbc8bdfe119f84927b6ef468
B3,137a8158-1db5-2cc0-8003-31c12610471e,scene0079_09-scene0079_05-scene0079_04-scene0079_03-scene0079_07,sha256_seed45,3,3,6,0.5,5,9,0.5555555555555556,4,8,0.5,8,3,1,0.3333333333333333,0.125,45,15,6,0,frozen_query_observation_no_gt,post_prediction_hungarian_iou_0.5,722d1119442eaec656f257659b89a99809f66b7bdbc8bdfe119f84927b6ef468
B4,137a8158-1db5-2cc0-8003-31c12610471e,scene0079_09-scene0079_05-scene0079_04-scene0079_03-scene0079_07,sha256_seed45,3,2,6,0.3333333333333333,2,9,0.2222222222222222,4,11,0.36363636363636365,8,3,2,0.6666666666666666,0.25,45,12,3,0,frozen_query_observation_no_gt,post_prediction_hungarian_iou_0.5,722d1119442eaec656f257659b89a99809f66b7bdbc8bdfe119f84927b6ef468
B2,137a8158-1db5-2cc0-8003-31c12610471e,scene0079_09-scene0079_05-scene0079_04-scene0079_03-scene0079_07,sha256_seed45,4,2,10,0.2,5,13,0.38461538461538464,5,13,0.38461538461538464,8,3,0,0.0,0.0,54,15,6,0,frozen_query_observation_no_gt,post_prediction_hungarian_iou_0.5,722d1119442eaec656f257659b89a99809f66b7bdbc8bdfe119f84927b6ef468
B3,137a8158-1db5-2cc0-8003-31c12610471e,scene0079_09-scene0079_05-scene0079_04-scene0079_03-scene0079_07,sha256_seed45,4,3,10,0.3,5,13,0.38461538461538464,5,13,0.38461538461538464,8,3,1,0.3333333333333333,0.125,54,15,6,0,frozen_query_observation_no_gt,post_prediction_hungarian_iou_0.5,722d1119442eaec656f257659b89a99809f66b7bdbc8bdfe119f84927b6ef468
B4,137a8158-1db5-2cc0-8003-31c12610471e,scene0079_09-scene0079_05-scene0079_04-scene0079_03-scene0079_07,sha256_seed45,4,2,10,0.2,2,13,0.15384615384615385,5,16,0.3125,8,3,2,0.6666666666666666,0.25,54,12,3,0,frozen_query_observation_no_gt,post_prediction_hungarian_iou_0.5,722d1119442eaec656f257659b89a99809f66b7bdbc8bdfe119f84927b6ef468
B2,137a8158-1db5-2cc0-8003-31c12610471e,scene0079_09-scene0079_05-scene0079_04-scene0079_03-scene0079_07,sha256_seed45,5,2,13,0.15384615384615385,7,18,0.3888888888888889,6,17,0.35294117647058826,11,4,0,0.0,0.0,63,17,8,0,frozen_query_observation_no_gt,post_prediction_hungarian_iou_0.5,722d1119442eaec656f257659b89a99809f66b7bdbc8bdfe119f84927b6ef468
B3,137a8158-1db5-2cc0-8003-31c12610471e,scene0079_09-scene0079_05-scene0079_04-scene0079_03-scene0079_07,sha256_seed45,5,3,13,0.23076923076923078,6,18,0.3333333333333333,5,17,0.29411764705882354,11,4,1,0.25,0.09090909090909091,63,17,8,0,frozen_query_observation_no_gt,post_prediction_hungarian_iou_0.5,722d1119442eaec656f257659b89a99809f66b7bdbc8bdfe119f84927b6ef468
B4,137a8158-1db5-2cc0-8003-31c12610471e,scene0079_09-scene0079_05-scene0079_04-scene0079_03-scene0079_07,sha256_seed45,5,2,13,0.15384615384615385,3,18,0.16666666666666666,6,21,0.2857142857142857,11,4,3,0.75,0.2727272727272727,63,12,3,0,frozen_query_observation_no_gt,post_prediction_hungarian_iou_0.5,722d1119442eaec656f257659b89a99809f66b7bdbc8bdfe119f84927b6ef468
B2,137a8158-1db5-2cc0-8003-31c12610471e,scene0079_10-scene0079_02-scene0079_08-scene0079_00-scene0079_09,canonical,2,0,3,0.0,0,3,0.0,2,5,0.4,0,0,0,,,32,12,3,0,frozen_query_observation_no_gt,post_prediction_hungarian_iou_0.5,822d1e16ffdf787401717669929a92b629f5453217ed347f1308bb5d57e24d86
B3,137a8158-1db5-2cc0-8003-31c12610471e,scene0079_10-scene0079_02-scene0079_08-scene0079_00-scene0079_09,canonical,2,0,3,0.0,0,3,0.0,2,5,0.4,0,0,0,,,32,12,3,0,frozen_query_observation_no_gt,post_prediction_hungarian_iou_0.5,822d1e16ffdf787401717669929a92b629f5453217ed347f1308bb5d57e24d86
B4,137a8158-1db5-2cc0-8003-31c12610471e,scene0079_10-scene0079_02-scene0079_08-scene0079_00-scene0079_09,canonical,2,0,3,0.0,0,3,0.0,1,4,0.25,0,0,0,,,32,12,3,0,frozen_query_observation_no_gt,post_prediction_hungarian_iou_0.5,822d1e16ffdf787401717669929a92b629f5453217ed347f1308bb5d57e24d86
B2,137a8158-1db5-2cc0-8003-31c12610471e,scene0079_10-scene0079_02-scene0079_08-scene0079_00-scene0079_09,canonical,3,0,7,0.0,0,8,0.0,2,10,0.2,0,0,0,,,44,13,3,0,frozen_query_observation_no_gt,post_prediction_hungarian_iou_0.5,822d1e16ffdf787401717669929a92b629f5453217ed347f1308bb5d57e24d86
B3,137a8158-1db5-2cc0-8003-31c12610471e,scene0079_10-scene0079_02-scene0079_08-scene0079_00-scene0079_09,canonical,3,0,7,0.0,0,8,0.0,2,10,0.2,0,0,0,,,44,13,3,0,frozen_query_observation_no_gt,post_prediction_hungarian_iou_0.5,822d1e16ffdf787401717669929a92b629f5453217ed347f1308bb5d57e24d86
B4,137a8158-1db5-2cc0-8003-31c12610471e,scene0079_10-scene0079_02-scene0079_08-scene0079_00-scene0079_09,canonical,3,0,7,0.0,1,8,0.125,2,9,0.2222222222222222,0,0,0,,,44,13,3,0,frozen_query_observation_no_gt,post_prediction_hungarian_iou_0.5,822d1e16ffdf787401717669929a92b629f5453217ed347f1308bb5d57e24d86
B2,137a8158-1db5-2cc0-8003-31c12610471e,scene0079_10-scene0079_02-scene0079_08-scene0079_00-scene0079_09,canonical,4,1,14,0.07142857142857142,3,18,0.16666666666666666,2,17,0.11764705882352941,10,1,0,0.0,0.0,69,20,9,0,frozen_query_observation_no_gt,post_prediction_hungarian_iou_0.5,822d1e16ffdf787401717669929a92b629f5453217ed347f1308bb5d57e24d86
B3,137a8158-1db5-2cc0-8003-31c12610471e,scene0079_10-scene0079_02-scene0079_08-scene0079_00-scene0079_09,canonical,4,2,14,0.14285714285714285,4,18,0.2222222222222222,2,16,0.125,10,1,0,0.0,0.0,69,19,8,0,frozen_query_observation_no_gt,post_prediction_hungarian_iou_0.5,822d1e16ffdf787401717669929a92b629f5453217ed347f1308bb5d57e24d86
B4,137a8158-1db5-2cc0-8003-31c12610471e,scene0079_10-scene0079_02-scene0079_08-scene0079_00-scene0079_09,canonical,4,1,14,0.07142857142857142,2,18,0.1111111111111111,2,18,0.1111111111111111,10,1,1,1.0,0.1,69,16,5,0,frozen_query_observation_no_gt,post_prediction_hungarian_iou_0.5,822d1e16ffdf787401717669929a92b629f5453217ed347f1308bb5d57e24d86
B2,137a8158-1db5-2cc0-8003-31c12610471e,scene0079_10-scene0079_02-scene0079_08-scene0079_00-scene0079_09,canonical,5,1,19,0.05263157894736842,3,23,0.13043478260869565,2,22,0.09090909090909091,10,1,0,0.0,0.0,77,20,9,0,frozen_query_observation_no_gt,post_prediction_hungarian_iou_0.5,822d1e16ffdf787401717669929a92b629f5453217ed347f1308bb5d57e24d86
B3,137a8158-1db5-2cc0-8003-31c12610471e,scene0079_10-scene0079_02-scene0079_08-scene0079_00-scene0079_09,canonical,5,2,19,0.10526315789473684,4,23,0.17391304347826086,2,21,0.09523809523809523,10,1,0,0.0,0.0,77,19,8,0,frozen_query_observation_no_gt,post_prediction_hungarian_iou_0.5,822d1e16ffdf787401717669929a92b629f5453217ed347f1308bb5d57e24d86
B4,137a8158-1db5-2cc0-8003-31c12610471e,scene0079_10-scene0079_02-scene0079_08-scene0079_00-scene0079_09,canonical,5,1,19,0.05263157894736842,2,23,0.08695652173913043,2,23,0.08695652173913043,10,1,1,1.0,0.1,77,16,5,0,frozen_query_observation_no_gt,post_prediction_hungarian_iou_0.5,822d1e16ffdf787401717669929a92b629f5453217ed347f1308bb5d57e24d86
B2,137a8158-1db5-2cc0-8003-31c12610471e,scene0079_10-scene0079_02-scene0079_08-scene0079_00-scene0079_09,reverse,2,0,5,0.0,0,5,0.0,0,5,0.0,0,0,0,,,34,15,5,0,frozen_query_observation_no_gt,post_prediction_hungarian_iou_0.5,c36d1a83521daf3710bde6e6d7c09b5c76b151f061a47d8aaac1b95246700e8a
B3,137a8158-1db5-2cc0-8003-31c12610471e,scene0079_10-scene0079_02-scene0079_08-scene0079_00-scene0079_09,reverse,2,0,5,0.0,0,5,0.0,0,5,0.0,0,0,0,,,34,15,5,0,frozen_query_observation_no_gt,post_prediction_hungarian_iou_0.5,c36d1a83521daf3710bde6e6d7c09b5c76b151f061a47d8aaac1b95246700e8a
B4,137a8158-1db5-2cc0-8003-31c12610471e,scene0079_10-scene0079_02-scene0079_08-scene0079_00-scene0079_09,reverse,2,0,5,0.0,0,5,0.0,0,5,0.0,0,0,0,,,34,15,5,0,frozen_query_observation_no_gt,post_prediction_hungarian_iou_0.5,c36d1a83521daf3710bde6e6d7c09b5c76b151f061a47d8aaac1b95246700e8a
B2,137a8158-1db5-2cc0-8003-31c12610471e,scene0079_10-scene0079_02-scene0079_08-scene0079_00-scene0079_09,reverse,3,0,11,0.0,0,11,0.0,0,11,0.0,0,0,0,,,45,15,5,0,frozen_query_observation_no_gt,post_prediction_hungarian_iou_0.5,c36d1a83521daf3710bde6e6d7c09b5c76b151f061a47d8aaac1b95246700e8a
B3,137a8158-1db5-2cc0-8003-31c12610471e,scene0079_10-scene0079_02-scene0079_08-scene0079_00-scene0079_09,reverse,3,0,11,0.0,0,11,0.0,0,11,0.0,0,0,0,,,45,15,5,0,frozen_query_observation_no_gt,post_prediction_hungarian_iou_0.5,c36d1a83521daf3710bde6e6d7c09b5c76b151f061a47d8aaac1b95246700e8a
B4,137a8158-1db5-2cc0-8003-31c12610471e,scene0079_10-scene0079_02-scene0079_08-scene0079_00-scene0079_09,reverse,3,0,11,0.0,0,11,0.0,0,11,0.0,0,0,0,,,45,15,5,0,frozen_query_observation_no_gt,post_prediction_hungarian_iou_0.5,c36d1a83521daf3710bde6e6d7c09b5c76b151f061a47d8aaac1b95246700e8a
B2,137a8158-1db5-2cc0-8003-31c12610471e,scene0079_10-scene0079_02-scene0079_08-scene0079_00-scene0079_09,reverse,4,3,16,0.1875,6,19,0.3157894736842105,0,13,0.0,10,2,0,0.0,0.0,69,24,12,0,frozen_query_observation_no_gt,post_prediction_hungarian_iou_0.5,c36d1a83521daf3710bde6e6d7c09b5c76b151f061a47d8aaac1b95246700e8a
B3,137a8158-1db5-2cc0-8003-31c12610471e,scene0079_10-scene0079_02-scene0079_08-scene0079_00-scene0079_09,reverse,4,3,16,0.1875,6,19,0.3157894736842105,0,13,0.0,10,2,0,0.0,0.0,69,24,12,0,frozen_query_observation_no_gt,post_prediction_hungarian_iou_0.5,c36d1a83521daf3710bde6e6d7c09b5c76b151f061a47d8aaac1b95246700e8a
B4,137a8158-1db5-2cc0-8003-31c12610471e,scene0079_10-scene0079_02-scene0079_08-scene0079_00-scene0079_09,reverse,4,3,16,0.1875,3,19,0.15789473684210525,1,17,0.058823529411764705,10,2,2,1.0,0.2,69,17,7,0,frozen_query_observation_no_gt,post_prediction_hungarian_iou_0.5,c36d1a83521daf3710bde6e6d7c09b5c76b151f061a47d8aaac1b95246700e8a
B2,137a8158-1db5-2cc0-8003-31c12610471e,scene0079_10-scene0079_02-scene0079_08-scene0079_00-scene0079_09,reverse,5,4,20,0.2,8,24,0.3333333333333333,2,18,0.1111111111111111,10,2,0,0.0,0.0,80,24,12,0,frozen_query_observation_no_gt,post_prediction_hungarian_iou_0.5,c36d1a83521daf3710bde6e6d7c09b5c76b151f061a47d8aaac1b95246700e8a
B3,137a8158-1db5-2cc0-8003-31c12610471e,scene0079_10-scene0079_02-scene0079_08-scene0079_00-scene0079_09,reverse,5,4,20,0.2,8,24,0.3333333333333333,2,18,0.1111111111111111,10,2,0,0.0,0.0,80,24,12,0,frozen_query_observation_no_gt,post_prediction_hungarian_iou_0.5,c36d1a83521daf3710bde6e6d7c09b5c76b151f061a47d8aaac1b95246700e8a
B4,137a8158-1db5-2cc0-8003-31c12610471e,scene0079_10-scene0079_02-scene0079_08-scene0079_00-scene0079_09,reverse,5,4,20,0.2,4,24,0.16666666666666666,3,23,0.13043478260869565,10,2,2,1.0,0.2,80,17,7,0,frozen_query_observation_no_gt,post_prediction_hungarian_iou_0.5,c36d1a83521daf3710bde6e6d7c09b5c76b151f061a47d8aaac1b95246700e8a
B2,137a8158-1db5-2cc0-8003-31c12610471e,scene0079_10-scene0079_02-scene0079_08-scene0079_00-scene0079_09,sha256_seed45,2,0,3,0.0,0,3,0.0,2,5,0.4,0,0,0,,,32,12,3,0,frozen_query_observation_no_gt,post_prediction_hungarian_iou_0.5,822d1e16ffdf787401717669929a92b629f5453217ed347f1308bb5d57e24d86
B3,137a8158-1db5-2cc0-8003-31c12610471e,scene0079_10-scene0079_02-scene0079_08-scene0079_00-scene0079_09,sha256_seed45,2,0,3,0.0,0,3,0.0,2,5,0.4,0,0,0,,,32,12,3,0,frozen_query_observation_no_gt,post_prediction_hungarian_iou_0.5,822d1e16ffdf787401717669929a92b629f5453217ed347f1308bb5d57e24d86
B4,137a8158-1db5-2cc0-8003-31c12610471e,scene0079_10-scene0079_02-scene0079_08-scene0079_00-scene0079_09,sha256_seed45,2,0,3,0.0,0,3,0.0,1,4,0.25,0,0,0,,,32,12,3,0,frozen_query_observation_no_gt,post_prediction_hungarian_iou_0.5,822d1e16ffdf787401717669929a92b629f5453217ed347f1308bb5d57e24d86
B2,137a8158-1db5-2cc0-8003-31c12610471e,scene0079_10-scene0079_02-scene0079_08-scene0079_00-scene0079_09,sha256_seed45,3,0,7,0.0,0,8,0.0,2,10,0.2,0,0,0,,,44,13,3,0,frozen_query_observation_no_gt,post_prediction_hungarian_iou_0.5,822d1e16ffdf787401717669929a92b629f5453217ed347f1308bb5d57e24d86
B3,137a8158-1db5-2cc0-8003-31c12610471e,scene0079_10-scene0079_02-scene0079_08-scene0079_00-scene0079_09,sha256_seed45,3,0,7,0.0,0,8,0.0,2,10,0.2,0,0,0,,,44,13,3,0,frozen_query_observation_no_gt,post_prediction_hungarian_iou_0.5,822d1e16ffdf787401717669929a92b629f5453217ed347f1308bb5d57e24d86
B4,137a8158-1db5-2cc0-8003-31c12610471e,scene0079_10-scene0079_02-scene0079_08-scene0079_00-scene0079_09,sha256_seed45,3,0,7,0.0,1,8,0.125,2,9,0.2222222222222222,0,0,0,,,44,13,3,0,frozen_query_observation_no_gt,post_prediction_hungarian_iou_0.5,822d1e16ffdf787401717669929a92b629f5453217ed347f1308bb5d57e24d86
B2,137a8158-1db5-2cc0-8003-31c12610471e,scene0079_10-scene0079_02-scene0079_08-scene0079_00-scene0079_09,sha256_seed45,4,1,14,0.07142857142857142,3,18,0.16666666666666666,2,17,0.11764705882352941,10,1,0,0.0,0.0,69,20,9,0,frozen_query_observation_no_gt,post_prediction_hungarian_iou_0.5,822d1e16ffdf787401717669929a92b629f5453217ed347f1308bb5d57e24d86
B3,137a8158-1db5-2cc0-8003-31c12610471e,scene0079_10-scene0079_02-scene0079_08-scene0079_00-scene0079_09,sha256_seed45,4,2,14,0.14285714285714285,4,18,0.2222222222222222,2,16,0.125,10,1,0,0.0,0.0,69,19,8,0,frozen_query_observation_no_gt,post_prediction_hungarian_iou_0.5,822d1e16ffdf787401717669929a92b629f5453217ed347f1308bb5d57e24d86
B4,137a8158-1db5-2cc0-8003-31c12610471e,scene0079_10-scene0079_02-scene0079_08-scene0079_00-scene0079_09,sha256_seed45,4,1,14,0.07142857142857142,2,18,0.1111111111111111,2,18,0.1111111111111111,10,1,1,1.0,0.1,69,16,5,0,frozen_query_observation_no_gt,post_prediction_hungarian_iou_0.5,822d1e16ffdf787401717669929a92b629f5453217ed347f1308bb5d57e24d86
B2,137a8158-1db5-2cc0-8003-31c12610471e,scene0079_10-scene0079_02-scene0079_08-scene0079_00-scene0079_09,sha256_seed45,5,1,19,0.05263157894736842,3,23,0.13043478260869565,2,22,0.09090909090909091,10,1,0,0.0,0.0,77,20,9,0,frozen_query_observation_no_gt,post_prediction_hungarian_iou_0.5,822d1e16ffdf787401717669929a92b629f5453217ed347f1308bb5d57e24d86
B3,137a8158-1db5-2cc0-8003-31c12610471e,scene0079_10-scene0079_02-scene0079_08-scene0079_00-scene0079_09,sha256_seed45,5,2,19,0.10526315789473684,4,23,0.17391304347826086,2,21,0.09523809523809523,10,1,0,0.0,0.0,77,19,8,0,frozen_query_observation_no_gt,post_prediction_hungarian_iou_0.5,822d1e16ffdf787401717669929a92b629f5453217ed347f1308bb5d57e24d86
B4,137a8158-1db5-2cc0-8003-31c12610471e,scene0079_10-scene0079_02-scene0079_08-scene0079_00-scene0079_09,sha256_seed45,5,1,19,0.05263157894736842,2,23,0.08695652173913043,2,23,0.08695652173913043,10,1,1,1.0,0.1,77,16,5,0,frozen_query_observation_no_gt,post_prediction_hungarian_iou_0.5,822d1e16ffdf787401717669929a92b629f5453217ed347f1308bb5d57e24d86
B2,137a8158-1db5-2cc0-8003-31c12610471e,scene0079_11-scene0079_10-scene0079_02-scene0079_08-scene0079_00,canonical,2,1,3,0.3333333333333333,1,3,0.3333333333333333,2,4,0.5,0,0,0,,,40,16,5,0,frozen_query_observation_no_gt,post_prediction_hungarian_iou_0.5,a35b462bd0c26db71accd6447f11f67e684140a6151594f6805c6258fcf75a98
B3,137a8158-1db5-2cc0-8003-31c12610471e,scene0079_11-scene0079_10-scene0079_02-scene0079_08-scene0079_00,canonical,2,1,3,0.3333333333333333,1,3,0.3333333333333333,2,4,0.5,0,0,0,,,40,16,5,0,frozen_query_observation_no_gt,post_prediction_hungarian_iou_0.5,a35b462bd0c26db71accd6447f11f67e684140a6151594f6805c6258fcf75a98
B4,137a8158-1db5-2cc0-8003-31c12610471e,scene0079_11-scene0079_10-scene0079_02-scene0079_08-scene0079_00,canonical,2,1,3,0.3333333333333333,1,3,0.3333333333333333,2,4,0.5,0,0,0,,,40,16,5,0,frozen_query_observation_no_gt,post_prediction_hungarian_iou_0.5,a35b462bd0c26db71accd6447f11f67e684140a6151594f6805c6258fcf75a98
B2,137a8158-1db5-2cc0-8003-31c12610471e,scene0079_11-scene0079_10-scene0079_02-scene0079_08-scene0079_00,canonical,3,2,6,0.3333333333333333,4,10,0.4,2,8,0.25,7,4,2,0.5,0.2857142857142857,62,21,8,0,frozen_query_observation_no_gt,post_prediction_hungarian_iou_0.5,a35b462bd0c26db71accd6447f11f67e684140a6151594f6805c6258fcf75a98
B3,137a8158-1db5-2cc0-8003-31c12610471e,scene0079_11-scene0079_10-scene0079_02-scene0079_08-scene0079_00,canonical,3,2,6,0.3333333333333333,4,10,0.4,2,8,0.25,7,4,2,0.5,0.2857142857142857,62,21,8,0,frozen_query_observation_no_gt,post_prediction_hungarian_iou_0.5,a35b462bd0c26db71accd6447f11f67e684140a6151594f6805c6258fcf75a98
B4,137a8158-1db5-2cc0-8003-31c12610471e,scene0079_11-scene0079_10-scene0079_02-scene0079_08-scene0079_00,canonical,3,2,6,0.3333333333333333,2,10,0.2,2,10,0.2,7,4,4,1.0,0.5714285714285714,62,16,5,0,frozen_query_observation_no_gt,post_prediction_hungarian_iou_0.5,a35b462bd0c26db71accd6447f11f67e684140a6151594f6805c6258fcf75a98
B2,137a8158-1db5-2cc0-8003-31c12610471e,scene0079_11-scene0079_10-scene0079_02-scene0079_08-scene0079_00,canonical,4,2,10,0.2,6,17,0.35294117647058826,3,14,0.21428571428571427,10,5,2,0.4,0.2,74,22,9,0,frozen_query_observation_no_gt,post_prediction_hungarian_iou_0.5,a35b462bd0c26db71accd6447f11f67e684140a6151594f6805c6258fcf75a98
B3,137a8158-1db5-2cc0-8003-31c12610471e,scene0079_11-scene0079_10-scene0079_02-scene0079_08-scene0079_00,canonical,4,2,10,0.2,6,17,0.35294117647058826,3,14,0.21428571428571427,10,5,2,0.4,0.2,74,22,9,0,frozen_query_observation_no_gt,post_prediction_hungarian_iou_0.5,a35b462bd0c26db71accd6447f11f67e684140a6151594f6805c6258fcf75a98
B4,137a8158-1db5-2cc0-8003-31c12610471e,scene0079_11-scene0079_10-scene0079_02-scene0079_08-scene0079_00,canonical,4,3,10,0.3,4,17,0.23529411764705882,3,16,0.1875,10,5,4,0.8,0.4,74,17,6,0,frozen_query_observation_no_gt,post_prediction_hungarian_iou_0.5,a35b462bd0c26db71accd6447f11f67e684140a6151594f6805c6258fcf75a98
B2,137a8158-1db5-2cc0-8003-31c12610471e,scene0079_11-scene0079_10-scene0079_02-scene0079_08-scene0079_00,canonical,5,3,17,0.17647058823529413,9,27,0.3333333333333333,3,21,0.14285714285714285,21,6,2,0.3333333333333333,0.09523809523809523,99,29,15,0,frozen_query_observation_no_gt,post_prediction_hungarian_iou_0.5,a35b462bd0c26db71accd6447f11f67e684140a6151594f6805c6258fcf75a98
B3,137a8158-1db5-2cc0-8003-31c12610471e,scene0079_11-scene0079_10-scene0079_02-scene0079_08-scene0079_00,canonical,5,4,17,0.23529411764705882,10,27,0.37037037037037035,3,20,0.15,21,6,2,0.3333333333333333,0.09523809523809523,99,28,14,0,frozen_query_observation_no_gt,post_prediction_hungarian_iou_0.5,a35b462bd0c26db71accd6447f11f67e684140a6151594f6805c6258fcf75a98
B4,137a8158-1db5-2cc0-8003-31c12610471e,scene0079_11-scene0079_10-scene0079_02-scene0079_08-scene0079_00,canonical,5,4,17,0.23529411764705882,5,27,0.18518518518518517,4,26,0.15384615384615385,21,6,5,0.8333333333333334,0.23809523809523808,99,18,7,0,frozen_query_observation_no_gt,post_prediction_hungarian_iou_0.5,a35b462bd0c26db71accd6447f11f67e684140a6151594f6805c6258fcf75a98
B2,137a8158-1db5-2cc0-8003-31c12610471e,scene0079_11-scene0079_10-scene0079_02-scene0079_08-scene0079_00,reverse,2,0,6,0.0,0,6,0.0,0,6,0.0,0,0,0,,,36,15,4,0,frozen_query_observation_no_gt,post_prediction_hungarian_iou_0.5,0d20f64ec1db639fb1a881216646d0ddf8d2598e601bf61ea8db19a3224bb66e
B3,137a8158-1db5-2cc0-8003-31c12610471e,scene0079_11-scene0079_10-scene0079_02-scene0079_08-scene0079_00,reverse,2,0,6,0.0,0,6,0.0,0,6,0.0,0,0,0,,,36,15,4,0,frozen_query_observation_no_gt,post_prediction_hungarian_iou_0.5,0d20f64ec1db639fb1a881216646d0ddf8d2598e601bf61ea8db19a3224bb66e
B4,137a8158-1db5-2cc0-8003-31c12610471e,scene0079_11-scene0079_10-scene0079_02-scene0079_08-scene0079_00,reverse,2,0,6,0.0,0,6,0.0,0,6,0.0,0,0,0,,,36,15,4,0,frozen_query_observation_no_gt,post_prediction_hungarian_iou_0.5,0d20f64ec1db639fb1a881216646d0ddf8d2598e601bf61ea8db19a3224bb66e
B2,137a8158-1db5-2cc0-8003-31c12610471e,scene0079_11-scene0079_10-scene0079_02-scene0079_08-scene0079_00,reverse,3,3,11,0.2727272727272727,6,14,0.42857142857142855,0,8,0.0,10,2,0,0.0,0.0,60,24,11,0,frozen_query_observation_no_gt,post_prediction_hungarian_iou_0.5,0d20f64ec1db639fb1a881216646d0ddf8d2598e601bf61ea8db19a3224bb66e
B3,137a8158-1db5-2cc0-8003-31c12610471e,scene0079_11-scene0079_10-scene0079_02-scene0079_08-scene0079_00,reverse,3,2,11,0.18181818181818182,5,14,0.35714285714285715,0,9,0.0,10,2,0,0.0,0.0,60,24,11,0,frozen_query_observation_no_gt,post_prediction_hungarian_iou_0.5,0d20f64ec1db639fb1a881216646d0ddf8d2598e601bf61ea8db19a3224bb66e
B4,137a8158-1db5-2cc0-8003-31c12610471e,scene0079_11-scene0079_10-scene0079_02-scene0079_08-scene0079_00,reverse,3,3,11,0.2727272727272727,3,14,0.21428571428571427,1,12,0.08333333333333333,10,2,2,1.0,0.2,60,17,6,0,frozen_query_observation_no_gt,post_prediction_hungarian_iou_0.5,0d20f64ec1db639fb1a881216646d0ddf8d2598e601bf61ea8db19a3224bb66e
B2,137a8158-1db5-2cc0-8003-31c12610471e,scene0079_11-scene0079_10-scene0079_02-scene0079_08-scene0079_00,reverse,4,4,15,0.26666666666666666,8,19,0.42105263157894735,2,13,0.15384615384615385,10,2,0,0.0,0.0,71,24,11,0,frozen_query_observation_no_gt,post_prediction_hungarian_iou_0.5,0d20f64ec1db639fb1a881216646d0ddf8d2598e601bf61ea8db19a3224bb66e
B3,137a8158-1db5-2cc0-8003-31c12610471e,scene0079_11-scene0079_10-scene0079_02-scene0079_08-scene0079_00,reverse,4,3,15,0.2,7,19,0.3684210526315789,2,14,0.14285714285714285,10,2,0,0.0,0.0,71,24,11,0,frozen_query_observation_no_gt,post_prediction_hungarian_iou_0.5,0d20f64ec1db639fb1a881216646d0ddf8d2598e601bf61ea8db19a3224bb66e
B4,137a8158-1db5-2cc0-8003-31c12610471e,scene0079_11-scene0079_10-scene0079_02-scene0079_08-scene0079_00,reverse,4,4,15,0.26666666666666666,4,19,0.21052631578947367,3,18,0.16666666666666666,10,2,2,1.0,0.2,71,17,6,0,frozen_query_observation_no_gt,post_prediction_hungarian_iou_0.5,0d20f64ec1db639fb1a881216646d0ddf8d2598e601bf61ea8db19a3224bb66e
B2,137a8158-1db5-2cc0-8003-31c12610471e,scene0079_11-scene0079_10-scene0079_02-scene0079_08-scene0079_00,reverse,5,5,17,0.29411764705882354,12,26,0.46153846153846156,2,16,0.125,21,7,1,0.14285714285714285,0.047619047619047616,99,29,16,0,frozen_query_observation_no_gt,post_prediction_hungarian_iou_0.5,0d20f64ec1db639fb1a881216646d0ddf8d2598e601bf61ea8db19a3224bb66e
B3,137a8158-1db5-2cc0-8003-31c12610471e,scene0079_11-scene0079_10-scene0079_02-scene0079_08-scene0079_00,reverse,5,4,17,0.23529411764705882,11,26,0.4230769230769231,2,17,0.11764705882352941,21,7,1,0.14285714285714285,0.047619047619047616,99,29,16,0,frozen_query_observation_no_gt,post_prediction_hungarian_iou_0.5,0d20f64ec1db639fb1a881216646d0ddf8d2598e601bf61ea8db19a3224bb66e
B4,137a8158-1db5-2cc0-8003-31c12610471e,scene0079_11-scene0079_10-scene0079_02-scene0079_08-scene0079_00,reverse,5,5,17,0.29411764705882354,4,26,0.15384615384615385,3,25,0.12,21,7,5,0.7142857142857143,0.23809523809523808,99,18,7,0,frozen_query_observation_no_gt,post_prediction_hungarian_iou_0.5,0d20f64ec1db639fb1a881216646d0ddf8d2598e601bf61ea8db19a3224bb66e
B2,137a8158-1db5-2cc0-8003-31c12610471e,scene0079_11-scene0079_10-scene0079_02-scene0079_08-scene0079_00,sha256_seed45,2,0,3,0.0,0,3,0.0,2,5,0.4,0,0,0,,,32,12,3,0,frozen_query_observation_no_gt,post_prediction_hungarian_iou_0.5,b02967be44cb21aa7d7cf82e5d7d603ebe75889fc21eddedc241ef82fff1faf2
B3,137a8158-1db5-2cc0-8003-31c12610471e,scene0079_11-scene0079_10-scene0079_02-scene0079_08-scene0079_00,sha256_seed45,2,0,3,0.0,0,3,0.0,2,5,0.4,0,0,0,,,32,12,3,0,frozen_query_observation_no_gt,post_prediction_hungarian_iou_0.5,b02967be44cb21aa7d7cf82e5d7d603ebe75889fc21eddedc241ef82fff1faf2
B4,137a8158-1db5-2cc0-8003-31c12610471e,scene0079_11-scene0079_10-scene0079_02-scene0079_08-scene0079_00,sha256_seed45,2,0,3,0.0,0,3,0.0,1,4,0.25,0,0,0,,,32,12,3,0,frozen_query_observation_no_gt,post_prediction_hungarian_iou_0.5,b02967be44cb21aa7d7cf82e5d7d603ebe75889fc21eddedc241ef82fff1faf2
B2,137a8158-1db5-2cc0-8003-31c12610471e,scene0079_11-scene0079_10-scene0079_02-scene0079_08-scene0079_00,sha256_seed45,3,0,7,0.0,0,8,0.0,2,10,0.2,0,0,0,,,44,13,3,0,frozen_query_observation_no_gt,post_prediction_hungarian_iou_0.5,b02967be44cb21aa7d7cf82e5d7d603ebe75889fc21eddedc241ef82fff1faf2
B3,137a8158-1db5-2cc0-8003-31c12610471e,scene0079_11-scene0079_10-scene0079_02-scene0079_08-scene0079_00,sha256_seed45,3,0,7,0.0,0,8,0.0,2,10,0.2,0,0,0,,,44,13,3,0,frozen_query_observation_no_gt,post_prediction_hungarian_iou_0.5,b02967be44cb21aa7d7cf82e5d7d603ebe75889fc21eddedc241ef82fff1faf2
B4,137a8158-1db5-2cc0-8003-31c12610471e,scene0079_11-scene0079_10-scene0079_02-scene0079_08-scene0079_00,sha256_seed45,3,0,7,0.0,1,8,0.125,2,9,0.2222222222222222,0,0,0,,,44,13,3,0,frozen_query_observation_no_gt,post_prediction_hungarian_iou_0.5,b02967be44cb21aa7d7cf82e5d7d603ebe75889fc21eddedc241ef82fff1faf2
B2,137a8158-1db5-2cc0-8003-31c12610471e,scene0079_11-scene0079_10-scene0079_02-scene0079_08-scene0079_00,sha256_seed45,4,1,14,0.07142857142857142,3,18,0.16666666666666666,2,17,0.11764705882352941,10,1,0,0.0,0.0,69,20,9,0,frozen_query_observation_no_gt,post_prediction_hungarian_iou_0.5,b02967be44cb21aa7d7cf82e5d7d603ebe75889fc21eddedc241ef82fff1faf2
B3,137a8158-1db5-2cc0-8003-31c12610471e,scene0079_11-scene0079_10-scene0079_02-scene0079_08-scene0079_00,sha256_seed45,4,2,14,0.14285714285714285,4,18,0.2222222222222222,2,16,0.125,10,1,0,0.0,0.0,69,19,8,0,frozen_query_observation_no_gt,post_prediction_hungarian_iou_0.5,b02967be44cb21aa7d7cf82e5d7d603ebe75889fc21eddedc241ef82fff1faf2
B4,137a8158-1db5-2cc0-8003-31c12610471e,scene0079_11-scene0079_10-scene0079_02-scene0079_08-scene0079_00,sha256_seed45,4,1,14,0.07142857142857142,2,18,0.1111111111111111,2,18,0.1111111111111111,10,1,1,1.0,0.1,69,16,5,0,frozen_query_observation_no_gt,post_prediction_hungarian_iou_0.5,b02967be44cb21aa7d7cf82e5d7d603ebe75889fc21eddedc241ef82fff1faf2
B2,137a8158-1db5-2cc0-8003-31c12610471e,scene0079_11-scene0079_10-scene0079_02-scene0079_08-scene0079_00,sha256_seed45,5,1,22,0.045454545454545456,3,26,0.11538461538461539,2,25,0.08,10,1,0,0.0,0.0,97,22,10,0,frozen_query_observation_no_gt,post_prediction_hungarian_iou_0.5,b02967be44cb21aa7d7cf82e5d7d603ebe75889fc21eddedc241ef82fff1faf2
B3,137a8158-1db5-2cc0-8003-31c12610471e,scene0079_11-scene0079_10-scene0079_02-scene0079_08-scene0079_00,sha256_seed45,5,2,22,0.09090909090909091,4,26,0.15384615384615385,2,24,0.08333333333333333,10,1,0,0.0,0.0,97,21,9,0,frozen_query_observation_no_gt,post_prediction_hungarian_iou_0.5,b02967be44cb21aa7d7cf82e5d7d603ebe75889fc21eddedc241ef82fff1faf2
B4,137a8158-1db5-2cc0-8003-31c12610471e,scene0079_11-scene0079_10-scene0079_02-scene0079_08-scene0079_00,sha256_seed45,5,1,22,0.045454545454545456,2,26,0.07692307692307693,2,26,0.07692307692307693,10,1,1,1.0,0.1,97,18,6,0,frozen_query_observation_no_gt,post_prediction_hungarian_iou_0.5,b02967be44cb21aa7d7cf82e5d7d603ebe75889fc21eddedc241ef82fff1faf2
B2,280d8ebb-6cc6-2788-9153-98959a2da801,scene0119_00-scene0119_02-scene0119_03-scene0119_01-scene0119_04,canonical,2,1,5,0.2,1,5,0.2,0,4,0.0,0,0,0,,,46,24,13,0,frozen_query_observation_no_gt,post_prediction_hungarian_iou_0.5,b6e19a9c53f8671ad3f4e5794d649a1d4de37727c232a1cd0674470b80e59e34
B3,280d8ebb-6cc6-2788-9153-98959a2da801,scene0119_00-scene0119_02-scene0119_03-scene0119_01-scene0119_04,canonical,2,1,5,0.2,1,5,0.2,0,4,0.0,0,0,0,,,46,24,13,0,frozen_query_observation_no_gt,post_prediction_hungarian_iou_0.5,b6e19a9c53f8671ad3f4e5794d649a1d4de37727c232a1cd0674470b80e59e34
B4,280d8ebb-6cc6-2788-9153-98959a2da801,scene0119_00-scene0119_02-scene0119_03-scene0119_01-scene0119_04,canonical,2,1,5,0.2,1,5,0.2,0,4,0.0,0,0,0,,,46,24,13,0,frozen_query_observation_no_gt,post_prediction_hungarian_iou_0.5,b6e19a9c53f8671ad3f4e5794d649a1d4de37727c232a1cd0674470b80e59e34
B2,280d8ebb-6cc6-2788-9153-98959a2da801,scene0119_00-scene0119_02-scene0119_03-scene0119_01-scene0119_04,canonical,3,2,13,0.15384615384615385,1,13,0.07692307692307693,1,13,0.07692307692307693,2,0,0,,0.0,64,26,15,0,frozen_query_observation_no_gt,post_prediction_hungarian_iou_0.5,b6e19a9c53f8671ad3f4e5794d649a1d4de37727c232a1cd0674470b80e59e34
B3,280d8ebb-6cc6-2788-9153-98959a2da801,scene0119_00-scene0119_02-scene0119_03-scene0119_01-scene0119_04,canonical,3,2,13,0.15384615384615385,1,13,0.07692307692307693,1,13,0.07692307692307693,2,0,0,,0.0,64,26,15,0,frozen_query_observation_no_gt,post_prediction_hungarian_iou_0.5,b6e19a9c53f8671ad3f4e5794d649a1d4de37727c232a1cd0674470b80e59e34
B4,280d8ebb-6cc6-2788-9153-98959a2da801,scene0119_00-scene0119_02-scene0119_03-scene0119_01-scene0119_04,canonical,3,2,13,0.15384615384615385,2,13,0.15384615384615385,1,12,0.08333333333333333,2,0,0,,0.0,64,24,13,0,frozen_query_observation_no_gt,post_prediction_hungarian_iou_0.5,b6e19a9c53f8671ad3f4e5794d649a1d4de37727c232a1cd0674470b80e59e34
B2,280d8ebb-6cc6-2788-9153-98959a2da801,scene0119_00-scene0119_02-scene0119_03-scene0119_01-scene0119_04,canonical,4,2,18,0.1111111111111111,2,19,0.10526315789473684,2,19,0.10526315789473684,2,0,0,,0.0,76,26,15,0,frozen_query_observation_no_gt,post_prediction_hungarian_iou_0.5,b6e19a9c53f8671ad3f4e5794d649a1d4de37727c232a1cd0674470b80e59e34
B3,280d8ebb-6cc6-2788-9153-98959a2da801,scene0119_00-scene0119_02-scene0119_03-scene0119_01-scene0119_04,canonical,4,3,18,0.16666666666666666,1,19,0.05263157894736842,1,19,0.05263157894736842,2,0,0,,0.0,76,26,15,0,frozen_query_observation_no_gt,post_prediction_hungarian_iou_0.5,b6e19a9c53f8671ad3f4e5794d649a1d4de37727c232a1cd0674470b80e59e34
B4,280d8ebb-6cc6-2788-9153-98959a2da801,scene0119_00-scene0119_02-scene0119_03-scene0119_01-scene0119_04,canonical,4,2,18,0.1111111111111111,2,19,0.10526315789473684,2,19,0.10526315789473684,2,0,0,,0.0,76,24,13,0,frozen_query_observation_no_gt,post_prediction_hungarian_iou_0.5,b6e19a9c53f8671ad3f4e5794d649a1d4de37727c232a1cd0674470b80e59e34
B2,280d8ebb-6cc6-2788-9153-98959a2da801,scene0119_00-scene0119_02-scene0119_03-scene0119_01-scene0119_04,canonical,5,2,23,0.08695652173913043,5,30,0.16666666666666666,2,27,0.07407407407407407,12,5,2,0.4,0.16666666666666666,109,42,30,0,frozen_query_observation_no_gt,post_prediction_hungarian_iou_0.5,b6e19a9c53f8671ad3f4e5794d649a1d4de37727c232a1cd0674470b80e59e34
B3,280d8ebb-6cc6-2788-9153-98959a2da801,scene0119_00-scene0119_02-scene0119_03-scene0119_01-scene0119_04,canonical,5,3,23,0.13043478260869565,5,30,0.16666666666666666,2,27,0.07407407407407407,12,5,1,0.2,0.08333333333333333,109,42,30,0,frozen_query_observation_no_gt,post_prediction_hungarian_iou_0.5,b6e19a9c53f8671ad3f4e5794d649a1d4de37727c232a1cd0674470b80e59e34
B4,280d8ebb-6cc6-2788-9153-98959a2da801,scene0119_00-scene0119_02-scene0119_03-scene0119_01-scene0119_04,canonical,5,2,23,0.08695652173913043,2,30,0.06666666666666667,2,30,0.06666666666666667,12,5,5,1.0,0.4166666666666667,109,26,14,0,frozen_query_observation_no_gt,post_prediction_hungarian_iou_0.5,b6e19a9c53f8671ad3f4e5794d649a1d4de37727c232a1cd0674470b80e59e34
B2,280d8ebb-6cc6-2788-9153-98959a2da801,scene0119_00-scene0119_02-scene0119_03-scene0119_01-scene0119_04,reverse,2,1,4,0.25,1,4,0.25,1,4,0.25,0,0,0,,,42,23,11,0,frozen_query_observation_no_gt,post_prediction_hungarian_iou_0.5,aacf87e9118e86b222452d35e33180bc83593819f03dffabec29b58703293253
B3,280d8ebb-6cc6-2788-9153-98959a2da801,scene0119_00-scene0119_02-scene0119_03-scene0119_01-scene0119_04,reverse,2,1,4,0.25,1,4,0.25,1,4,0.25,0,0,0,,,42,23,11,0,frozen_query_observation_no_gt,post_prediction_hungarian_iou_0.5,aacf87e9118e86b222452d35e33180bc83593819f03dffabec29b58703293253
B4,280d8ebb-6cc6-2788-9153-98959a2da801,scene0119_00-scene0119_02-scene0119_03-scene0119_01-scene0119_04,reverse,2,1,4,0.25,1,4,0.25,1,4,0.25,0,0,0,,,42,23,11,0,frozen_query_observation_no_gt,post_prediction_hungarian_iou_0.5,aacf87e9118e86b222452d35e33180bc83593819f03dffabec29b58703293253
B2,280d8ebb-6cc6-2788-9153-98959a2da801,scene0119_00-scene0119_02-scene0119_03-scene0119_01-scene0119_04,reverse,3,2,10,0.2,1,12,0.08333333333333333,3,14,0.21428571428571427,3,1,1,1.0,0.3333333333333333,56,25,13,0,frozen_query_observation_no_gt,post_prediction_hungarian_iou_0.5,aacf87e9118e86b222452d35e33180bc83593819f03dffabec29b58703293253
B3,280d8ebb-6cc6-2788-9153-98959a2da801,scene0119_00-scene0119_02-scene0119_03-scene0119_01-scene0119_04,reverse,3,2,10,0.2,1,12,0.08333333333333333,3,14,0.21428571428571427,3,1,1,1.0,0.3333333333333333,56,25,13,0,frozen_query_observation_no_gt,post_prediction_hungarian_iou_0.5,aacf87e9118e86b222452d35e33180bc83593819f03dffabec29b58703293253
B4,280d8ebb-6cc6-2788-9153-98959a2da801,scene0119_00-scene0119_02-scene0119_03-scene0119_01-scene0119_04,reverse,3,2,10,0.2,1,12,0.08333333333333333,3,14,0.21428571428571427,3,1,1,1.0,0.3333333333333333,56,23,11,0,frozen_query_observation_no_gt,post_prediction_hungarian_iou_0.5,aacf87e9118e86b222452d35e33180bc83593819f03dffabec29b58703293253
B2,280d8ebb-6cc6-2788-9153-98959a2da801,scene0119_00-scene0119_02-scene0119_03-scene0119_01-scene0119_04,reverse,4,2,18,0.1111111111111111,1,20,0.05,3,22,0.13636363636363635,3,1,1,1.0,0.3333333333333333,70,26,14,0,frozen_query_observation_no_gt,post_prediction_hungarian_iou_0.5,aacf87e9118e86b222452d35e33180bc83593819f03dffabec29b58703293253
B3,280d8ebb-6cc6-2788-9153-98959a2da801,scene0119_00-scene0119_02-scene0119_03-scene0119_01-scene0119_04,reverse,4,2,18,0.1111111111111111,1,20,0.05,3,22,0.13636363636363635,3,1,1,1.0,0.3333333333333333,70,26,14,0,frozen_query_observation_no_gt,post_prediction_hungarian_iou_0.5,aacf87e9118e86b222452d35e33180bc83593819f03dffabec29b58703293253
B4,280d8ebb-6cc6-2788-9153-98959a2da801,scene0119_00-scene0119_02-scene0119_03-scene0119_01-scene0119_04,reverse,4,2,18,0.1111111111111111,1,20,0.05,3,22,0.13636363636363635,3,1,1,1.0,0.3333333333333333,70,23,11,0,frozen_query_observation_no_gt,post_prediction_hungarian_iou_0.5,aacf87e9118e86b222452d35e33180bc83593819f03dffabec29b58703293253
B2,280d8ebb-6cc6-2788-9153-98959a2da801,scene0119_00-scene0119_02-scene0119_03-scene0119_01-scene0119_04,reverse,5,2,22,0.09090909090909091,5,29,0.1724137931034483,3,27,0.1111111111111111,12,6,2,0.3333333333333333,0.16666666666666666,105,40,27,0,frozen_query_observation_no_gt,post_prediction_hungarian_iou_0.5,aacf87e9118e86b222452d35e33180bc83593819f03dffabec29b58703293253
B3,280d8ebb-6cc6-2788-9153-98959a2da801,scene0119_00-scene0119_02-scene0119_03-scene0119_01-scene0119_04,reverse,5,2,22,0.09090909090909091,5,29,0.1724137931034483,3,27,0.1111111111111111,12,6,2,0.3333333333333333,0.16666666666666666,105,40,27,0,frozen_query_observation_no_gt,post_prediction_hungarian_iou_0.5,aacf87e9118e86b222452d35e33180bc83593819f03dffabec29b58703293253
B4,280d8ebb-6cc6-2788-9153-98959a2da801,scene0119_00-scene0119_02-scene0119_03-scene0119_01-scene0119_04,reverse,5,3,22,0.13636363636363635,2,29,0.06896551724137931,3,30,0.1,12,6,6,1.0,0.5,105,27,14,0,frozen_query_observation_no_gt,post_prediction_hungarian_iou_0.5,aacf87e9118e86b222452d35e33180bc83593819f03dffabec29b58703293253
B2,280d8ebb-6cc6-2788-9153-98959a2da801,scene0119_00-scene0119_02-scene0119_03-scene0119_01-scene0119_04,sha256_seed45,2,1,5,0.2,1,5,0.2,1,5,0.2,0,0,0,,,49,24,13,0,frozen_query_observation_no_gt,post_prediction_hungarian_iou_0.5,9ff21ef0920b5c2bf93b2eb2a232005e5c397da5772c64d4c5c26e1390558218
B3,280d8ebb-6cc6-2788-9153-98959a2da801,scene0119_00-scene0119_02-scene0119_03-scene0119_01-scene0119_04,sha256_seed45,2,1,5,0.2,1,5,0.2,1,5,0.2,0,0,0,,,49,24,13,0,frozen_query_observation_no_gt,post_prediction_hungarian_iou_0.5,9ff21ef0920b5c2bf93b2eb2a232005e5c397da5772c64d4c5c26e1390558218
B4,280d8ebb-6cc6-2788-9153-98959a2da801,scene0119_00-scene0119_02-scene0119_03-scene0119_01-scene0119_04,sha256_seed45,2,1,5,0.2,1,5,0.2,1,5,0.2,0,0,0,,,49,24,13,0,frozen_query_observation_no_gt,post_prediction_hungarian_iou_0.5,9ff21ef0920b5c2bf93b2eb2a232005e5c397da5772c64d4c5c26e1390558218
B2,280d8ebb-6cc6-2788-9153-98959a2da801,scene0119_00-scene0119_02-scene0119_03-scene0119_01-scene0119_04,sha256_seed45,3,1,13,0.07692307692307693,1,13,0.07692307692307693,1,13,0.07692307692307693,0,0,0,,,63,25,14,0,frozen_query_observation_no_gt,post_prediction_hungarian_iou_0.5,9ff21ef0920b5c2bf93b2eb2a232005e5c397da5772c64d4c5c26e1390558218
B3,280d8ebb-6cc6-2788-9153-98959a2da801,scene0119_00-scene0119_02-scene0119_03-scene0119_01-scene0119_04,sha256_seed45,3,2,13,0.15384615384615385,1,13,0.07692307692307693,1,13,0.07692307692307693,0,0,0,,,63,24,13,0,frozen_query_observation_no_gt,post_prediction_hungarian_iou_0.5,9ff21ef0920b5c2bf93b2eb2a232005e5c397da5772c64d4c5c26e1390558218
B4,280d8ebb-6cc6-2788-9153-98959a2da801,scene0119_00-scene0119_02-scene0119_03-scene0119_01-scene0119_04,sha256_seed45,3,1,13,0.07692307692307693,1,13,0.07692307692307693,1,13,0.07692307692307693,0,0,0,,,63,24,13,0,frozen_query_observation_no_gt,post_prediction_hungarian_iou_0.5,9ff21ef0920b5c2bf93b2eb2a232005e5c397da5772c64d4c5c26e1390558218
B2,280d8ebb-6cc6-2788-9153-98959a2da801,scene0119_00-scene0119_02-scene0119_03-scene0119_01-scene0119_04,sha256_seed45,4,2,20,0.1,4,23,0.17391304347826086,2,21,0.09523809523809523,9,3,1,0.3333333333333333,0.1111111111111111,94,36,25,0,frozen_query_observation_no_gt,post_prediction_hungarian_iou_0.5,9ff21ef0920b5c2bf93b2eb2a232005e5c397da5772c64d4c5c26e1390558218
B3,280d8ebb-6cc6-2788-9153-98959a2da801,scene0119_00-scene0119_02-scene0119_03-scene0119_01-scene0119_04,sha256_seed45,4,3,20,0.15,4,23,0.17391304347826086,2,21,0.09523809523809523,9,3,1,0.3333333333333333,0.1111111111111111,94,35,24,0,frozen_query_observation_no_gt,post_prediction_hungarian_iou_0.5,9ff21ef0920b5c2bf93b2eb2a232005e5c397da5772c64d4c5c26e1390558218
B4,280d8ebb-6cc6-2788-9153-98959a2da801,scene0119_00-scene0119_02-scene0119_03-scene0119_01-scene0119_04,sha256_seed45,4,2,20,0.1,2,23,0.08695652173913043,3,24,0.125,9,3,2,0.6666666666666666,0.2222222222222222,94,25,14,0,frozen_query_observation_no_gt,post_prediction_hungarian_iou_0.5,9ff21ef0920b5c2bf93b2eb2a232005e5c397da5772c64d4c5c26e1390558218
B2,280d8ebb-6cc6-2788-9153-98959a2da801,scene0119_00-scene0119_02-scene0119_03-scene0119_01-scene0119_04,sha256_seed45,5,3,25,0.12,4,29,0.13793103448275862,2,27,0.07407407407407407,9,3,1,0.3333333333333333,0.1111111111111111,107,36,25,0,frozen_query_observation_no_gt,post_prediction_hungarian_iou_0.5,9ff21ef0920b5c2bf93b2eb2a232005e5c397da5772c64d4c5c26e1390558218
B3,280d8ebb-6cc6-2788-9153-98959a2da801,scene0119_00-scene0119_02-scene0119_03-scene0119_01-scene0119_04,sha256_seed45,5,4,25,0.16,5,29,0.1724137931034483,2,26,0.07692307692307693,9,3,1,0.3333333333333333,0.1111111111111111,107,35,24,0,frozen_query_observation_no_gt,post_prediction_hungarian_iou_0.5,9ff21ef0920b5c2bf93b2eb2a232005e5c397da5772c64d4c5c26e1390558218
B4,280d8ebb-6cc6-2788-9153-98959a2da801,scene0119_00-scene0119_02-scene0119_03-scene0119_01-scene0119_04,sha256_seed45,5,3,25,0.12,2,29,0.06896551724137931,4,31,0.12903225806451613,9,3,2,0.6666666666666666,0.2222222222222222,107,25,14,0,frozen_query_observation_no_gt,post_prediction_hungarian_iou_0.5,9ff21ef0920b5c2bf93b2eb2a232005e5c397da5772c64d4c5c26e1390558218
B2,280d8ebb-6cc6-2788-9153-98959a2da801,scene0119_01-scene0119_04-scene0119_00-scene0119_02-scene0119_03,canonical,2,0,4,0.0,0,4,0.0,1,5,0.2,0,0,0,,,46,25,13,0,frozen_query_observation_no_gt,post_prediction_hungarian_iou_0.5,dc86c139d1009c477edfb4776a22334a9dc2a45bb4e95df1bfc6d4282c06810d
B3,280d8ebb-6cc6-2788-9153-98959a2da801,scene0119_01-scene0119_04-scene0119_00-scene0119_02-scene0119_03,canonical,2,0,4,0.0,0,4,0.0,1,5,0.2,0,0,0,,,46,25,13,0,frozen_query_observation_no_gt,post_prediction_hungarian_iou_0.5,dc86c139d1009c477edfb4776a22334a9dc2a45bb4e95df1bfc6d4282c06810d
B4,280d8ebb-6cc6-2788-9153-98959a2da801,scene0119_01-scene0119_04-scene0119_00-scene0119_02-scene0119_03,canonical,2,0,4,0.0,0,4,0.0,1,5,0.2,0,0,0,,,46,25,13,0,frozen_query_observation_no_gt,post_prediction_hungarian_iou_0.5,dc86c139d1009c477edfb4776a22334a9dc2a45bb4e95df1bfc6d4282c06810d
B2,280d8ebb-6cc6-2788-9153-98959a2da801,scene0119_01-scene0119_04-scene0119_00-scene0119_02-scene0119_03,canonical,3,1,13,0.07692307692307693,2,15,0.13333333333333333,2,15,0.13333333333333333,0,0,0,,,75,25,13,0,frozen_query_observation_no_gt,post_prediction_hungarian_iou_0.5,dc86c139d1009c477edfb4776a22334a9dc2a45bb4e95df1bfc6d4282c06810d
B3,280d8ebb-6cc6-2788-9153-98959a2da801,scene0119_01-scene0119_04-scene0119_00-scene0119_02-scene0119_03,canonical,3,2,13,0.15384615384615385,2,15,0.13333333333333333,2,15,0.13333333333333333,0,0,0,,,75,25,13,0,frozen_query_observation_no_gt,post_prediction_hungarian_iou_0.5,dc86c139d1009c477edfb4776a22334a9dc2a45bb4e95df1bfc6d4282c06810d
B4,280d8ebb-6cc6-2788-9153-98959a2da801,scene0119_01-scene0119_04-scene0119_00-scene0119_02-scene0119_03,canonical,3,0,13,0.0,1,15,0.06666666666666667,1,15,0.06666666666666667,0,0,0,,,75,26,14,0,frozen_query_observation_no_gt,post_prediction_hungarian_iou_0.5,dc86c139d1009c477edfb4776a22334a9dc2a45bb4e95df1bfc6d4282c06810d
B2,280d8ebb-6cc6-2788-9153-98959a2da801,scene0119_01-scene0119_04-scene0119_00-scene0119_02-scene0119_03,canonical,4,2,20,0.1,4,23,0.17391304347826086,3,22,0.13636363636363635,0,0,0,,,89,25,13,0,frozen_query_observation_no_gt,post_prediction_hungarian_iou_0.5,dc86c139d1009c477edfb4776a22334a9dc2a45bb4e95df1bfc6d4282c06810d
B3,280d8ebb-6cc6-2788-9153-98959a2da801,scene0119_01-scene0119_04-scene0119_00-scene0119_02-scene0119_03,canonical,4,3,20,0.15,3,23,0.13043478260869565,3,23,0.13043478260869565,0,0,0,,,89,25,13,0,frozen_query_observation_no_gt,post_prediction_hungarian_iou_0.5,dc86c139d1009c477edfb4776a22334a9dc2a45bb4e95df1bfc6d4282c06810d
B4,280d8ebb-6cc6-2788-9153-98959a2da801,scene0119_01-scene0119_04-scene0119_00-scene0119_02-scene0119_03,canonical,4,1,20,0.05,2,23,0.08695652173913043,2,23,0.08695652173913043,0,0,0,,,89,26,14,0,frozen_query_observation_no_gt,post_prediction_hungarian_iou_0.5,dc86c139d1009c477edfb4776a22334a9dc2a45bb4e95df1bfc6d4282c06810d
B2,280d8ebb-6cc6-2788-9153-98959a2da801,scene0119_01-scene0119_04-scene0119_00-scene0119_02-scene0119_03,canonical,5,3,28,0.10714285714285714,5,31,0.16129032258064516,5,31,0.16129032258064516,2,0,0,,0.0,107,27,15,0,frozen_query_observation_no_gt,post_prediction_hungarian_iou_0.5,dc86c139d1009c477edfb4776a22334a9dc2a45bb4e95df1bfc6d4282c06810d
B3,280d8ebb-6cc6-2788-9153-98959a2da801,scene0119_01-scene0119_04-scene0119_00-scene0119_02-scene0119_03,canonical,5,4,28,0.14285714285714285,4,31,0.12903225806451613,5,32,0.15625,2,0,0,,0.0,107,27,15,0,frozen_query_observation_no_gt,post_prediction_hungarian_iou_0.5,dc86c139d1009c477edfb4776a22334a9dc2a45bb4e95df1bfc6d4282c06810d
B4,280d8ebb-6cc6-2788-9153-98959a2da801,scene0119_01-scene0119_04-scene0119_00-scene0119_02-scene0119_03,canonical,5,2,28,0.07142857142857142,2,31,0.06451612903225806,3,32,0.09375,2,0,0,,0.0,107,26,14,0,frozen_query_observation_no_gt,post_prediction_hungarian_iou_0.5,dc86c139d1009c477edfb4776a22334a9dc2a45bb4e95df1bfc6d4282c06810d
B2,280d8ebb-6cc6-2788-9153-98959a2da801,scene0119_01-scene0119_04-scene0119_00-scene0119_02-scene0119_03,reverse,2,0,8,0.0,0,8,0.0,0,8,0.0,0,0,0,,,30,15,5,0,frozen_query_observation_no_gt,post_prediction_hungarian_iou_0.5,cbeda5c32dcd761c52d1de4a298e05b58edf54d3ddc6c2d65cecdc8ed88619cd
B3,280d8ebb-6cc6-2788-9153-98959a2da801,scene0119_01-scene0119_04-scene0119_00-scene0119_02-scene0119_03,reverse,2,0,8,0.0,0,8,0.0,0,8,0.0,0,0,0,,,30,15,5,0,frozen_query_observation_no_gt,post_prediction_hungarian_iou_0.5,cbeda5c32dcd761c52d1de4a298e05b58edf54d3ddc6c2d65cecdc8ed88619cd
B4,280d8ebb-6cc6-2788-9153-98959a2da801,scene0119_01-scene0119_04-scene0119_00-scene0119_02-scene0119_03,reverse,2,0,8,0.0,0,8,0.0,0,8,0.0,0,0,0,,,30,15,5,0,frozen_query_observation_no_gt,post_prediction_hungarian_iou_0.5,cbeda5c32dcd761c52d1de4a298e05b58edf54d3ddc6c2d65cecdc8ed88619cd
B2,280d8ebb-6cc6-2788-9153-98959a2da801,scene0119_01-scene0119_04-scene0119_00-scene0119_02-scene0119_03,reverse,3,0,12,0.0,0,12,0.0,1,13,0.07692307692307693,2,0,0,,0.0,65,29,14,0,frozen_query_observation_no_gt,post_prediction_hungarian_iou_0.5,cbeda5c32dcd761c52d1de4a298e05b58edf54d3ddc6c2d65cecdc8ed88619cd
B3,280d8ebb-6cc6-2788-9153-98959a2da801,scene0119_01-scene0119_04-scene0119_00-scene0119_02-scene0119_03,reverse,3,1,12,0.08333333333333333,1,12,0.08333333333333333,1,12,0.08333333333333333,2,0,0,,0.0,65,29,14,0,frozen_query_observation_no_gt,post_prediction_hungarian_iou_0.5,cbeda5c32dcd761c52d1de4a298e05b58edf54d3ddc6c2d65cecdc8ed88619cd
B4,280d8ebb-6cc6-2788-9153-98959a2da801,scene0119_01-scene0119_04-scene0119_00-scene0119_02-scene0119_03,reverse,3,1,12,0.08333333333333333,1,12,0.08333333333333333,1,12,0.08333333333333333,2,0,0,,0.0,65,26,12,0,frozen_query_observation_no_gt,post_prediction_hungarian_iou_0.5,cbeda5c32dcd761c52d1de4a298e05b58edf54d3ddc6c2d65cecdc8ed88619cd
B2,280d8ebb-6cc6-2788-9153-98959a2da801,scene0119_01-scene0119_04-scene0119_00-scene0119_02-scene0119_03,reverse,4,0,21,0.0,1,24,0.041666666666666664,1,24,0.041666666666666664,2,0,0,,0.0,97,31,16,0,frozen_query_observation_no_gt,post_prediction_hungarian_iou_0.5,cbeda5c32dcd761c52d1de4a298e05b58edf54d3ddc6c2d65cecdc8ed88619cd
B3,280d8ebb-6cc6-2788-9153-98959a2da801,scene0119_01-scene0119_04-scene0119_00-scene0119_02-scene0119_03,reverse,4,1,21,0.047619047619047616,1,24,0.041666666666666664,1,24,0.041666666666666664,2,0,0,,0.0,97,31,16,0,frozen_query_observation_no_gt,post_prediction_hungarian_iou_0.5,cbeda5c32dcd761c52d1de4a298e05b58edf54d3ddc6c2d65cecdc8ed88619cd
B4,280d8ebb-6cc6-2788-9153-98959a2da801,scene0119_01-scene0119_04-scene0119_00-scene0119_02-scene0119_03,reverse,4,2,21,0.09523809523809523,3,24,0.125,1,22,0.045454545454545456,2,0,0,,0.0,97,30,15,0,frozen_query_observation_no_gt,post_prediction_hungarian_iou_0.5,cbeda5c32dcd761c52d1de4a298e05b58edf54d3ddc6c2d65cecdc8ed88619cd
B2,280d8ebb-6cc6-2788-9153-98959a2da801,scene0119_01-scene0119_04-scene0119_00-scene0119_02-scene0119_03,reverse,5,1,26,0.038461538461538464,2,30,0.06666666666666667,1,29,0.034482758620689655,2,0,0,,0.0,110,31,16,0,frozen_query_observation_no_gt,post_prediction_hungarian_iou_0.5,cbeda5c32dcd761c52d1de4a298e05b58edf54d3ddc6c2d65cecdc8ed88619cd
B3,280d8ebb-6cc6-2788-9153-98959a2da801,scene0119_01-scene0119_04-scene0119_00-scene0119_02-scene0119_03,reverse,5,2,26,0.07692307692307693,1,30,0.03333333333333333,1,30,0.03333333333333333,2,0,0,,0.0,110,31,16,0,frozen_query_observation_no_gt,post_prediction_hungarian_iou_0.5,cbeda5c32dcd761c52d1de4a298e05b58edf54d3ddc6c2d65cecdc8ed88619cd
B4,280d8ebb-6cc6-2788-9153-98959a2da801,scene0119_01-scene0119_04-scene0119_00-scene0119_02-scene0119_03,reverse,5,3,26,0.11538461538461539,3,30,0.1,2,29,0.06896551724137931,2,0,0,,0.0,110,30,15,0,frozen_query_observation_no_gt,post_prediction_hungarian_iou_0.5,cbeda5c32dcd761c52d1de4a298e05b58edf54d3ddc6c2d65cecdc8ed88619cd
B2,280d8ebb-6cc6-2788-9153-98959a2da801,scene0119_01-scene0119_04-scene0119_00-scene0119_02-scene0119_03,sha256_seed45,2,1,5,0.2,1,5,0.2,1,5,0.2,0,0,0,,,49,24,13,0,frozen_query_observation_no_gt,post_prediction_hungarian_iou_0.5,9ff21ef0920b5c2bf93b2eb2a232005e5c397da5772c64d4c5c26e1390558218
B3,280d8ebb-6cc6-2788-9153-98959a2da801,scene0119_01-scene0119_04-scene0119_00-scene0119_02-scene0119_03,sha256_seed45,2,1,5,0.2,1,5,0.2,1,5,0.2,0,0,0,,,49,24,13,0,frozen_query_observation_no_gt,post_prediction_hungarian_iou_0.5,9ff21ef0920b5c2bf93b2eb2a232005e5c397da5772c64d4c5c26e1390558218
B4,280d8ebb-6cc6-2788-9153-98959a2da801,scene0119_01-scene0119_04-scene0119_00-scene0119_02-scene0119_03,sha256_seed45,2,1,5,0.2,1,5,0.2,1,5,0.2,0,0,0,,,49,24,13,0,frozen_query_observation_no_gt,post_prediction_hungarian_iou_0.5,9ff21ef0920b5c2bf93b2eb2a232005e5c397da5772c64d4c5c26e1390558218
B2,280d8ebb-6cc6-2788-9153-98959a2da801,scene0119_01-scene0119_04-scene0119_00-scene0119_02-scene0119_03,sha256_seed45,3,1,13,0.07692307692307693,1,13,0.07692307692307693,1,13,0.07692307692307693,0,0,0,,,63,25,14,0,frozen_query_observation_no_gt,post_prediction_hungarian_iou_0.5,9ff21ef0920b5c2bf93b2eb2a232005e5c397da5772c64d4c5c26e1390558218
B3,280d8ebb-6cc6-2788-9153-98959a2da801,scene0119_01-scene0119_04-scene0119_00-scene0119_02-scene0119_03,sha256_seed45,3,2,13,0.15384615384615385,1,13,0.07692307692307693,1,13,0.07692307692307693,0,0,0,,,63,24,13,0,frozen_query_observation_no_gt,post_prediction_hungarian_iou_0.5,9ff21ef0920b5c2bf93b2eb2a232005e5c397da5772c64d4c5c26e1390558218
B4,280d8ebb-6cc6-2788-9153-98959a2da801,scene0119_01-scene0119_04-scene0119_00-scene0119_02-scene0119_03,sha256_seed45,3,1,13,0.07692307692307693,1,13,0.07692307692307693,1,13,0.07692307692307693,0,0,0,,,63,24,13,0,frozen_query_observation_no_gt,post_prediction_hungarian_iou_0.5,9ff21ef0920b5c2bf93b2eb2a232005e5c397da5772c64d4c5c26e1390558218
B2,280d8ebb-6cc6-2788-9153-98959a2da801,scene0119_01-scene0119_04-scene0119_00-scene0119_02-scene0119_03,sha256_seed45,4,2,20,0.1,4,23,0.17391304347826086,2,21,0.09523809523809523,9,3,1,0.3333333333333333,0.1111111111111111,94,36,25,0,frozen_query_observation_no_gt,post_prediction_hungarian_iou_0.5,9ff21ef0920b5c2bf93b2eb2a232005e5c397da5772c64d4c5c26e1390558218
B3,280d8ebb-6cc6-2788-9153-98959a2da801,scene0119_01-scene0119_04-scene0119_00-scene0119_02-scene0119_03,sha256_seed45,4,3,20,0.15,4,23,0.17391304347826086,2,21,0.09523809523809523,9,3,1,0.3333333333333333,0.1111111111111111,94,35,24,0,frozen_query_observation_no_gt,post_prediction_hungarian_iou_0.5,9ff21ef0920b5c2bf93b2eb2a232005e5c397da5772c64d4c5c26e1390558218
B4,280d8ebb-6cc6-2788-9153-98959a2da801,scene0119_01-scene0119_04-scene0119_00-scene0119_02-scene0119_03,sha256_seed45,4,2,20,0.1,2,23,0.08695652173913043,3,24,0.125,9,3,2,0.6666666666666666,0.2222222222222222,94,25,14,0,frozen_query_observation_no_gt,post_prediction_hungarian_iou_0.5,9ff21ef0920b5c2bf93b2eb2a232005e5c397da5772c64d4c5c26e1390558218
B2,280d8ebb-6cc6-2788-9153-98959a2da801,scene0119_01-scene0119_04-scene0119_00-scene0119_02-scene0119_03,sha256_seed45,5,3,25,0.12,4,29,0.13793103448275862,2,27,0.07407407407407407,9,3,1,0.3333333333333333,0.1111111111111111,107,36,25,0,frozen_query_observation_no_gt,post_prediction_hungarian_iou_0.5,9ff21ef0920b5c2bf93b2eb2a232005e5c397da5772c64d4c5c26e1390558218
B3,280d8ebb-6cc6-2788-9153-98959a2da801,scene0119_01-scene0119_04-scene0119_00-scene0119_02-scene0119_03,sha256_seed45,5,4,25,0.16,5,29,0.1724137931034483,2,26,0.07692307692307693,9,3,1,0.3333333333333333,0.1111111111111111,107,35,24,0,frozen_query_observation_no_gt,post_prediction_hungarian_iou_0.5,9ff21ef0920b5c2bf93b2eb2a232005e5c397da5772c64d4c5c26e1390558218
B4,280d8ebb-6cc6-2788-9153-98959a2da801,scene0119_01-scene0119_04-scene0119_00-scene0119_02-scene0119_03,sha256_seed45,5,3,25,0.12,2,29,0.06896551724137931,4,31,0.12903225806451613,9,3,2,0.6666666666666666,0.2222222222222222,107,25,14,0,frozen_query_observation_no_gt,post_prediction_hungarian_iou_0.5,9ff21ef0920b5c2bf93b2eb2a232005e5c397da5772c64d4c5c26e1390558218
B2,280d8ebb-6cc6-2788-9153-98959a2da801,scene0119_02-scene0119_03-scene0119_01-scene0119_04-scene0119_00,canonical,2,0,7,0.0,0,7,0.0,0,7,0.0,0,0,0,,,33,16,7,0,frozen_query_observation_no_gt,post_prediction_hungarian_iou_0.5,9fd5a51c687a20866587d7a15e8cd93dbca875b8aa6f4006ef88252ba032e67e
B3,280d8ebb-6cc6-2788-9153-98959a2da801,scene0119_02-scene0119_03-scene0119_01-scene0119_04-scene0119_00,canonical,2,0,7,0.0,0,7,0.0,0,7,0.0,0,0,0,,,33,16,7,0,frozen_query_observation_no_gt,post_prediction_hungarian_iou_0.5,9fd5a51c687a20866587d7a15e8cd93dbca875b8aa6f4006ef88252ba032e67e
B4,280d8ebb-6cc6-2788-9153-98959a2da801,scene0119_02-scene0119_03-scene0119_01-scene0119_04-scene0119_00,canonical,2,0,7,0.0,0,7,0.0,0,7,0.0,0,0,0,,,33,16,7,0,frozen_query_observation_no_gt,post_prediction_hungarian_iou_0.5,9fd5a51c687a20866587d7a15e8cd93dbca875b8aa6f4006ef88252ba032e67e
B2,280d8ebb-6cc6-2788-9153-98959a2da801,scene0119_02-scene0119_03-scene0119_01-scene0119_04-scene0119_00,canonical,3,0,12,0.0,0,12,0.0,0,12,0.0,0,0,0,,,45,16,7,0,frozen_query_observation_no_gt,post_prediction_hungarian_iou_0.5,9fd5a51c687a20866587d7a15e8cd93dbca875b8aa6f4006ef88252ba032e67e
B3,280d8ebb-6cc6-2788-9153-98959a2da801,scene0119_02-scene0119_03-scene0119_01-scene0119_04-scene0119_00,canonical,3,0,12,0.0,0,12,0.0,0,12,0.0,0,0,0,,,45,16,7,0,frozen_query_observation_no_gt,post_prediction_hungarian_iou_0.5,9fd5a51c687a20866587d7a15e8cd93dbca875b8aa6f4006ef88252ba032e67e
B4,280d8ebb-6cc6-2788-9153-98959a2da801,scene0119_02-scene0119_03-scene0119_01-scene0119_04-scene0119_00,canonical,3,0,12,0.0,0,12,0.0,0,12,0.0,0,0,0,,,45,16,7,0,frozen_query_observation_no_gt,post_prediction_hungarian_iou_0.5,9fd5a51c687a20866587d7a15e8cd93dbca875b8aa6f4006ef88252ba032e67e
B2,280d8ebb-6cc6-2788-9153-98959a2da801,scene0119_02-scene0119_03-scene0119_01-scene0119_04-scene0119_00,canonical,4,0,17,0.0,0,19,0.0,1,20,0.05,3,1,1,1.0,0.3333333333333333,78,32,19,0,frozen_query_observation_no_gt,post_prediction_hungarian_iou_0.5,9fd5a51c687a20866587d7a15e8cd93dbca875b8aa6f4006ef88252ba032e67e
B3,280d8ebb-6cc6-2788-9153-98959a2da801,scene0119_02-scene0119_03-scene0119_01-scene0119_04-scene0119_00,canonical,4,0,17,0.0,0,19,0.0,1,20,0.05,3,1,1,1.0,0.3333333333333333,78,32,19,0,frozen_query_observation_no_gt,post_prediction_hungarian_iou_0.5,9fd5a51c687a20866587d7a15e8cd93dbca875b8aa6f4006ef88252ba032e67e
B4,280d8ebb-6cc6-2788-9153-98959a2da801,scene0119_02-scene0119_03-scene0119_01-scene0119_04-scene0119_00,canonical,4,0,17,0.0,0,19,0.0,0,19,0.0,3,1,1,1.0,0.3333333333333333,78,26,13,0,frozen_query_observation_no_gt,post_prediction_hungarian_iou_0.5,9fd5a51c687a20866587d7a15e8cd93dbca875b8aa6f4006ef88252ba032e67e
B2,280d8ebb-6cc6-2788-9153-98959a2da801,scene0119_02-scene0119_03-scene0119_01-scene0119_04-scene0119_00,canonical,5,1,26,0.038461538461538464,2,30,0.06666666666666667,2,30,0.06666666666666667,3,1,1,1.0,0.3333333333333333,107,32,19,0,frozen_query_observation_no_gt,post_prediction_hungarian_iou_0.5,9fd5a51c687a20866587d7a15e8cd93dbca875b8aa6f4006ef88252ba032e67e
B3,280d8ebb-6cc6-2788-9153-98959a2da801,scene0119_02-scene0119_03-scene0119_01-scene0119_04-scene0119_00,canonical,5,2,26,0.07692307692307693,3,30,0.1,2,29,0.06896551724137931,3,1,1,1.0,0.3333333333333333,107,32,19,0,frozen_query_observation_no_gt,post_prediction_hungarian_iou_0.5,9fd5a51c687a20866587d7a15e8cd93dbca875b8aa6f4006ef88252ba032e67e
B4,280d8ebb-6cc6-2788-9153-98959a2da801,scene0119_02-scene0119_03-scene0119_01-scene0119_04-scene0119_00,canonical,5,0,26,0.0,0,30,0.0,0,30,0.0,3,1,1,1.0,0.3333333333333333,107,26,13,0,frozen_query_observation_no_gt,post_prediction_hungarian_iou_0.5,9fd5a51c687a20866587d7a15e8cd93dbca875b8aa6f4006ef88252ba032e67e
B2,280d8ebb-6cc6-2788-9153-98959a2da801,scene0119_02-scene0119_03-scene0119_01-scene0119_04-scene0119_00,reverse,2,1,10,0.1,1,10,0.1,1,10,0.1,0,0,0,,,64,26,14,0,frozen_query_observation_no_gt,post_prediction_hungarian_iou_0.5,055fd12d2c05d450f64bc2b35539514b097ae606145549a6bc91dd300380b4e0
B3,280d8ebb-6cc6-2788-9153-98959a2da801,scene0119_02-scene0119_03-scene0119_01-scene0119_04-scene0119_00,reverse,2,1,10,0.1,1,10,0.1,1,10,0.1,0,0,0,,,64,26,14,0,frozen_query_observation_no_gt,post_prediction_hungarian_iou_0.5,055fd12d2c05d450f64bc2b35539514b097ae606145549a6bc91dd300380b4e0
B4,280d8ebb-6cc6-2788-9153-98959a2da801,scene0119_02-scene0119_03-scene0119_01-scene0119_04-scene0119_00,reverse,2,0,10,0.0,0,10,0.0,0,10,0.0,0,0,0,,,64,28,16,0,frozen_query_observation_no_gt,post_prediction_hungarian_iou_0.5,055fd12d2c05d450f64bc2b35539514b097ae606145549a6bc91dd300380b4e0
B2,280d8ebb-6cc6-2788-9153-98959a2da801,scene0119_02-scene0119_03-scene0119_01-scene0119_04-scene0119_00,reverse,3,2,15,0.13333333333333333,2,15,0.13333333333333333,2,15,0.13333333333333333,0,0,0,,,77,26,14,0,frozen_query_observation_no_gt,post_prediction_hungarian_iou_0.5,055fd12d2c05d450f64bc2b35539514b097ae606145549a6bc91dd300380b4e0
B3,280d8ebb-6cc6-2788-9153-98959a2da801,scene0119_02-scene0119_03-scene0119_01-scene0119_04-scene0119_00,reverse,3,3,15,0.2,2,15,0.13333333333333333,2,15,0.13333333333333333,0,0,0,,,77,26,14,0,frozen_query_observation_no_gt,post_prediction_hungarian_iou_0.5,055fd12d2c05d450f64bc2b35539514b097ae606145549a6bc91dd300380b4e0
B4,280d8ebb-6cc6-2788-9153-98959a2da801,scene0119_02-scene0119_03-scene0119_01-scene0119_04-scene0119_00,reverse,3,1,15,0.06666666666666667,1,15,0.06666666666666667,1,15,0.06666666666666667,0,0,0,,,77,28,16,0,frozen_query_observation_no_gt,post_prediction_hungarian_iou_0.5,055fd12d2c05d450f64bc2b35539514b097ae606145549a6bc91dd300380b4e0
B2,280d8ebb-6cc6-2788-9153-98959a2da801,scene0119_02-scene0119_03-scene0119_01-scene0119_04-scene0119_00,reverse,4,3,21,0.14285714285714285,2,23,0.08695652173913043,4,25,0.16,3,1,1,1.0,0.3333333333333333,91,28,16,0,frozen_query_observation_no_gt,post_prediction_hungarian_iou_0.5,055fd12d2c05d450f64bc2b35539514b097ae606145549a6bc91dd300380b4e0
B3,280d8ebb-6cc6-2788-9153-98959a2da801,scene0119_02-scene0119_03-scene0119_01-scene0119_04-scene0119_00,reverse,4,5,21,0.23809523809523808,4,23,0.17391304347826086,4,23,0.17391304347826086,3,1,0,0.0,0.0,91,28,16,0,frozen_query_observation_no_gt,post_prediction_hungarian_iou_0.5,055fd12d2c05d450f64bc2b35539514b097ae606145549a6bc91dd300380b4e0
B4,280d8ebb-6cc6-2788-9153-98959a2da801,scene0119_02-scene0119_03-scene0119_01-scene0119_04-scene0119_00,reverse,4,2,21,0.09523809523809523,1,23,0.043478260869565216,2,24,0.08333333333333333,3,1,1,1.0,0.3333333333333333,91,28,16,0,frozen_query_observation_no_gt,post_prediction_hungarian_iou_0.5,055fd12d2c05d450f64bc2b35539514b097ae606145549a6bc91dd300380b4e0
B2,280d8ebb-6cc6-2788-9153-98959a2da801,scene0119_02-scene0119_03-scene0119_01-scene0119_04-scene0119_00,reverse,5,3,29,0.10344827586206896,2,31,0.06451612903225806,4,33,0.12121212121212122,3,1,1,1.0,0.3333333333333333,105,29,17,0,frozen_query_observation_no_gt,post_prediction_hungarian_iou_0.5,055fd12d2c05d450f64bc2b35539514b097ae606145549a6bc91dd300380b4e0
B3,280d8ebb-6cc6-2788-9153-98959a2da801,scene0119_02-scene0119_03-scene0119_01-scene0119_04-scene0119_00,reverse,5,5,29,0.1724137931034483,4,31,0.12903225806451613,4,31,0.12903225806451613,3,1,0,0.0,0.0,105,29,17,0,frozen_query_observation_no_gt,post_prediction_hungarian_iou_0.5,055fd12d2c05d450f64bc2b35539514b097ae606145549a6bc91dd300380b4e0
B4,280d8ebb-6cc6-2788-9153-98959a2da801,scene0119_02-scene0119_03-scene0119_01-scene0119_04-scene0119_00,reverse,5,2,29,0.06896551724137931,1,31,0.03225806451612903,2,32,0.0625,3,1,1,1.0,0.3333333333333333,105,28,16,0,frozen_query_observation_no_gt,post_prediction_hungarian_iou_0.5,055fd12d2c05d450f64bc2b35539514b097ae606145549a6bc91dd300380b4e0
B2,280d8ebb-6cc6-2788-9153-98959a2da801,scene0119_02-scene0119_03-scene0119_01-scene0119_04-scene0119_00,sha256_seed45,2,1,5,0.2,1,5,0.2,1,5,0.2,0,0,0,,,49,24,13,0,frozen_query_observation_no_gt,post_prediction_hungarian_iou_0.5,9ff21ef0920b5c2bf93b2eb2a232005e5c397da5772c64d4c5c26e1390558218
B3,280d8ebb-6cc6-2788-9153-98959a2da801,scene0119_02-scene0119_03-scene0119_01-scene0119_04-scene0119_00,sha256_seed45,2,1,5,0.2,1,5,0.2,1,5,0.2,0,0,0,,,49,24,13,0,frozen_query_observation_no_gt,post_prediction_hungarian_iou_0.5,9ff21ef0920b5c2bf93b2eb2a232005e5c397da5772c64d4c5c26e1390558218
B4,280d8ebb-6cc6-2788-9153-98959a2da801,scene0119_02-scene0119_03-scene0119_01-scene0119_04-scene0119_00,sha256_seed45,2,1,5,0.2,1,5,0.2,1,5,0.2,0,0,0,,,49,24,13,0,frozen_query_observation_no_gt,post_prediction_hungarian_iou_0.5,9ff21ef0920b5c2bf93b2eb2a232005e5c397da5772c64d4c5c26e1390558218
B2,280d8ebb-6cc6-2788-9153-98959a2da801,scene0119_02-scene0119_03-scene0119_01-scene0119_04-scene0119_00,sha256_seed45,3,1,13,0.07692307692307693,1,13,0.07692307692307693,1,13,0.07692307692307693,0,0,0,,,63,25,14,0,frozen_query_observation_no_gt,post_prediction_hungarian_iou_0.5,9ff21ef0920b5c2bf93b2eb2a232005e5c397da5772c64d4c5c26e1390558218
B3,280d8ebb-6cc6-2788-9153-98959a2da801,scene0119_02-scene0119_03-scene0119_01-scene0119_04-scene0119_00,sha256_seed45,3,2,13,0.15384615384615385,1,13,0.07692307692307693,1,13,0.07692307692307693,0,0,0,,,63,24,13,0,frozen_query_observation_no_gt,post_prediction_hungarian_iou_0.5,9ff21ef0920b5c2bf93b2eb2a232005e5c397da5772c64d4c5c26e1390558218
B4,280d8ebb-6cc6-2788-9153-98959a2da801,scene0119_02-scene0119_03-scene0119_01-scene0119_04-scene0119_00,sha256_seed45,3,1,13,0.07692307692307693,1,13,0.07692307692307693,1,13,0.07692307692307693,0,0,0,,,63,24,13,0,frozen_query_observation_no_gt,post_prediction_hungarian_iou_0.5,9ff21ef0920b5c2bf93b2eb2a232005e5c397da5772c64d4c5c26e1390558218
B2,280d8ebb-6cc6-2788-9153-98959a2da801,scene0119_02-scene0119_03-scene0119_01-scene0119_04-scene0119_00,sha256_seed45,4,2,20,0.1,4,23,0.17391304347826086,2,21,0.09523809523809523,9,3,1,0.3333333333333333,0.1111111111111111,94,36,25,0,frozen_query_observation_no_gt,post_prediction_hungarian_iou_0.5,9ff21ef0920b5c2bf93b2eb2a232005e5c397da5772c64d4c5c26e1390558218
B3,280d8ebb-6cc6-2788-9153-98959a2da801,scene0119_02-scene0119_03-scene0119_01-scene0119_04-scene0119_00,sha256_seed45,4,3,20,0.15,4,23,0.17391304347826086,2,21,0.09523809523809523,9,3,1,0.3333333333333333,0.1111111111111111,94,35,24,0,frozen_query_observation_no_gt,post_prediction_hungarian_iou_0.5,9ff21ef0920b5c2bf93b2eb2a232005e5c397da5772c64d4c5c26e1390558218
B4,280d8ebb-6cc6-2788-9153-98959a2da801,scene0119_02-scene0119_03-scene0119_01-scene0119_04-scene0119_00,sha256_seed45,4,2,20,0.1,2,23,0.08695652173913043,3,24,0.125,9,3,2,0.6666666666666666,0.2222222222222222,94,25,14,0,frozen_query_observation_no_gt,post_prediction_hungarian_iou_0.5,9ff21ef0920b5c2bf93b2eb2a232005e5c397da5772c64d4c5c26e1390558218
B2,280d8ebb-6cc6-2788-9153-98959a2da801,scene0119_02-scene0119_03-scene0119_01-scene0119_04-scene0119_00,sha256_seed45,5,3,25,0.12,4,29,0.13793103448275862,2,27,0.07407407407407407,9,3,1,0.3333333333333333,0.1111111111111111,107,36,25,0,frozen_query_observation_no_gt,post_prediction_hungarian_iou_0.5,9ff21ef0920b5c2bf93b2eb2a232005e5c397da5772c64d4c5c26e1390558218
B3,280d8ebb-6cc6-2788-9153-98959a2da801,scene0119_02-scene0119_03-scene0119_01-scene0119_04-scene0119_00,sha256_seed45,5,4,25,0.16,5,29,0.1724137931034483,2,26,0.07692307692307693,9,3,1,0.3333333333333333,0.1111111111111111,107,35,24,0,frozen_query_observation_no_gt,post_prediction_hungarian_iou_0.5,9ff21ef0920b5c2bf93b2eb2a232005e5c397da5772c64d4c5c26e1390558218
B4,280d8ebb-6cc6-2788-9153-98959a2da801,scene0119_02-scene0119_03-scene0119_01-scene0119_04-scene0119_00,sha256_seed45,5,3,25,0.12,2,29,0.06896551724137931,4,31,0.12903225806451613,9,3,2,0.6666666666666666,0.2222222222222222,107,25,14,0,frozen_query_observation_no_gt,post_prediction_hungarian_iou_0.5,9ff21ef0920b5c2bf93b2eb2a232005e5c397da5772c64d4c5c26e1390558218
B2,280d8ebb-6cc6-2788-9153-98959a2da801,scene0119_03-scene0119_01-scene0119_04-scene0119_00-scene0119_02,canonical,2,0,6,0.0,0,6,0.0,0,6,0.0,0,0,0,,,28,14,4,0,frozen_query_observation_no_gt,post_prediction_hungarian_iou_0.5,65be7671422e08f29fb3d9c78abef119173f8f178a39dc0ec30a020218373c3e
B3,280d8ebb-6cc6-2788-9153-98959a2da801,scene0119_03-scene0119_01-scene0119_04-scene0119_00-scene0119_02,canonical,2,0,6,0.0,0,6,0.0,0,6,0.0,0,0,0,,,28,14,4,0,frozen_query_observation_no_gt,post_prediction_hungarian_iou_0.5,65be7671422e08f29fb3d9c78abef119173f8f178a39dc0ec30a020218373c3e
B4,280d8ebb-6cc6-2788-9153-98959a2da801,scene0119_03-scene0119_01-scene0119_04-scene0119_00-scene0119_02,canonical,2,0,6,0.0,0,6,0.0,0,6,0.0,0,0,0,,,28,14,4,0,frozen_query_observation_no_gt,post_prediction_hungarian_iou_0.5,65be7671422e08f29fb3d9c78abef119173f8f178a39dc0ec30a020218373c3e
B2,280d8ebb-6cc6-2788-9153-98959a2da801,scene0119_03-scene0119_01-scene0119_04-scene0119_00-scene0119_02,canonical,3,0,11,0.0,0,13,0.0,1,14,0.07142857142857142,3,1,1,1.0,0.3333333333333333,61,30,16,0,frozen_query_observation_no_gt,post_prediction_hungarian_iou_0.5,65be7671422e08f29fb3d9c78abef119173f8f178a39dc0ec30a020218373c3e
B3,280d8ebb-6cc6-2788-9153-98959a2da801,scene0119_03-scene0119_01-scene0119_04-scene0119_00-scene0119_02,canonical,3,0,11,0.0,0,13,0.0,1,14,0.07142857142857142,3,1,1,1.0,0.3333333333333333,61,30,16,0,frozen_query_observation_no_gt,post_prediction_hungarian_iou_0.5,65be7671422e08f29fb3d9c78abef119173f8f178a39dc0ec30a020218373c3e
B4,280d8ebb-6cc6-2788-9153-98959a2da801,scene0119_03-scene0119_01-scene0119_04-scene0119_00-scene0119_02,canonical,3,0,11,0.0,0,13,0.0,0,13,0.0,3,1,1,1.0,0.3333333333333333,61,26,12,0,frozen_query_observation_no_gt,post_prediction_hungarian_iou_0.5,65be7671422e08f29fb3d9c78abef119173f8f178a39dc0ec30a020218373c3e
B2,280d8ebb-6cc6-2788-9153-98959a2da801,scene0119_03-scene0119_01-scene0119_04-scene0119_00-scene0119_02,canonical,4,1,20,0.05,2,24,0.08333333333333333,2,24,0.08333333333333333,3,1,1,1.0,0.3333333333333333,90,30,16,0,frozen_query_observation_no_gt,post_prediction_hungarian_iou_0.5,65be7671422e08f29fb3d9c78abef119173f8f178a39dc0ec30a020218373c3e
B3,280d8ebb-6cc6-2788-9153-98959a2da801,scene0119_03-scene0119_01-scene0119_04-scene0119_00-scene0119_02,canonical,4,2,20,0.1,2,24,0.08333333333333333,2,24,0.08333333333333333,3,1,1,1.0,0.3333333333333333,90,30,16,0,frozen_query_observation_no_gt,post_prediction_hungarian_iou_0.5,65be7671422e08f29fb3d9c78abef119173f8f178a39dc0ec30a020218373c3e
B4,280d8ebb-6cc6-2788-9153-98959a2da801,scene0119_03-scene0119_01-scene0119_04-scene0119_00-scene0119_02,canonical,4,0,20,0.0,0,24,0.0,0,24,0.0,3,1,1,1.0,0.3333333333333333,90,26,12,0,frozen_query_observation_no_gt,post_prediction_hungarian_iou_0.5,65be7671422e08f29fb3d9c78abef119173f8f178a39dc0ec30a020218373c3e
B2,280d8ebb-6cc6-2788-9153-98959a2da801,scene0119_03-scene0119_01-scene0119_04-scene0119_00-scene0119_02,canonical,5,2,27,0.07407407407407407,5,33,0.15151515151515152,2,30,0.06666666666666667,3,1,1,1.0,0.3333333333333333,104,30,16,0,frozen_query_observation_no_gt,post_prediction_hungarian_iou_0.5,65be7671422e08f29fb3d9c78abef119173f8f178a39dc0ec30a020218373c3e
B3,280d8ebb-6cc6-2788-9153-98959a2da801,scene0119_03-scene0119_01-scene0119_04-scene0119_00-scene0119_02,canonical,5,3,27,0.1111111111111111,4,33,0.12121212121212122,2,31,0.06451612903225806,3,1,1,1.0,0.3333333333333333,104,30,16,0,frozen_query_observation_no_gt,post_prediction_hungarian_iou_0.5,65be7671422e08f29fb3d9c78abef119173f8f178a39dc0ec30a020218373c3e
B4,280d8ebb-6cc6-2788-9153-98959a2da801,scene0119_03-scene0119_01-scene0119_04-scene0119_00-scene0119_02,canonical,5,1,27,0.037037037037037035,2,33,0.06060606060606061,2,33,0.06060606060606061,3,1,1,1.0,0.3333333333333333,104,26,12,0,frozen_query_observation_no_gt,post_prediction_hungarian_iou_0.5,65be7671422e08f29fb3d9c78abef119173f8f178a39dc0ec30a020218373c3e
B2,280d8ebb-6cc6-2788-9153-98959a2da801,scene0119_03-scene0119_01-scene0119_04-scene0119_00-scene0119_02,reverse,2,0,3,0.0,0,3,0.0,0,3,0.0,0,0,0,,,50,26,12,0,frozen_query_observation_no_gt,post_prediction_hungarian_iou_0.5,dc5744e852f05b2f13ff95ae44f9465feeb8beca696088769aa8f212f30e8468
B3,280d8ebb-6cc6-2788-9153-98959a2da801,scene0119_03-scene0119_01-scene0119_04-scene0119_00-scene0119_02,reverse,2,0,3,0.0,0,3,0.0,0,3,0.0,0,0,0,,,50,26,12,0,frozen_query_observation_no_gt,post_prediction_hungarian_iou_0.5,dc5744e852f05b2f13ff95ae44f9465feeb8beca696088769aa8f212f30e8468
B4,280d8ebb-6cc6-2788-9153-98959a2da801,scene0119_03-scene0119_01-scene0119_04-scene0119_00-scene0119_02,reverse,2,0,3,0.0,0,3,0.0,0,3,0.0,0,0,0,,,50,26,12,0,frozen_query_observation_no_gt,post_prediction_hungarian_iou_0.5,dc5744e852f05b2f13ff95ae44f9465feeb8beca696088769aa8f212f30e8468
B2,280d8ebb-6cc6-2788-9153-98959a2da801,scene0119_03-scene0119_01-scene0119_04-scene0119_00-scene0119_02,reverse,3,0,12,0.0,1,15,0.06666666666666667,0,14,0.0,0,0,0,,,82,28,14,0,frozen_query_observation_no_gt,post_prediction_hungarian_iou_0.5,dc5744e852f05b2f13ff95ae44f9465feeb8beca696088769aa8f212f30e8468
B3,280d8ebb-6cc6-2788-9153-98959a2da801,scene0119_03-scene0119_01-scene0119_04-scene0119_00-scene0119_02,reverse,3,1,12,0.08333333333333333,2,15,0.13333333333333333,1,14,0.07142857142857142,0,0,0,,,82,28,14,0,frozen_query_observation_no_gt,post_prediction_hungarian_iou_0.5,dc5744e852f05b2f13ff95ae44f9465feeb8beca696088769aa8f212f30e8468
B4,280d8ebb-6cc6-2788-9153-98959a2da801,scene0119_03-scene0119_01-scene0119_04-scene0119_00-scene0119_02,reverse,3,1,12,0.08333333333333333,2,15,0.13333333333333333,0,13,0.0,0,0,0,,,82,30,15,0,frozen_query_observation_no_gt,post_prediction_hungarian_iou_0.5,dc5744e852f05b2f13ff95ae44f9465feeb8beca696088769aa8f212f30e8468
B2,280d8ebb-6cc6-2788-9153-98959a2da801,scene0119_03-scene0119_01-scene0119_04-scene0119_00-scene0119_02,reverse,4,1,17,0.058823529411764705,2,20,0.1,2,20,0.1,0,0,0,,,95,28,14,0,frozen_query_observation_no_gt,post_prediction_hungarian_iou_0.5,dc5744e852f05b2f13ff95ae44f9465feeb8beca696088769aa8f212f30e8468
B3,280d8ebb-6cc6-2788-9153-98959a2da801,scene0119_03-scene0119_01-scene0119_04-scene0119_00-scene0119_02,reverse,4,3,17,0.17647058823529413,3,20,0.15,3,20,0.15,0,0,0,,,95,28,14,0,frozen_query_observation_no_gt,post_prediction_hungarian_iou_0.5,dc5744e852f05b2f13ff95ae44f9465feeb8beca696088769aa8f212f30e8468
B4,280d8ebb-6cc6-2788-9153-98959a2da801,scene0119_03-scene0119_01-scene0119_04-scene0119_00-scene0119_02,reverse,4,2,17,0.11764705882352941,3,20,0.15,2,19,0.10526315789473684,0,0,0,,,95,30,15,0,frozen_query_observation_no_gt,post_prediction_hungarian_iou_0.5,dc5744e852f05b2f13ff95ae44f9465feeb8beca696088769aa8f212f30e8468
B2,280d8ebb-6cc6-2788-9153-98959a2da801,scene0119_03-scene0119_01-scene0119_04-scene0119_00-scene0119_02,reverse,5,2,23,0.08695652173913043,2,29,0.06896551724137931,3,30,0.1,3,1,1,1.0,0.3333333333333333,109,30,16,0,frozen_query_observation_no_gt,post_prediction_hungarian_iou_0.5,dc5744e852f05b2f13ff95ae44f9465feeb8beca696088769aa8f212f30e8468
B3,280d8ebb-6cc6-2788-9153-98959a2da801,scene0119_03-scene0119_01-scene0119_04-scene0119_00-scene0119_02,reverse,5,4,23,0.17391304347826086,3,29,0.10344827586206896,4,30,0.13333333333333333,3,1,0,0.0,0.0,109,30,16,0,frozen_query_observation_no_gt,post_prediction_hungarian_iou_0.5,dc5744e852f05b2f13ff95ae44f9465feeb8beca696088769aa8f212f30e8468
B4,280d8ebb-6cc6-2788-9153-98959a2da801,scene0119_03-scene0119_01-scene0119_04-scene0119_00-scene0119_02,reverse,5,3,23,0.13043478260869565,4,29,0.13793103448275862,3,28,0.10714285714285714,3,1,1,1.0,0.3333333333333333,109,30,15,0,frozen_query_observation_no_gt,post_prediction_hungarian_iou_0.5,dc5744e852f05b2f13ff95ae44f9465feeb8beca696088769aa8f212f30e8468
B2,280d8ebb-6cc6-2788-9153-98959a2da801,scene0119_03-scene0119_01-scene0119_04-scene0119_00-scene0119_02,sha256_seed45,2,1,5,0.2,1,5,0.2,1,5,0.2,0,0,0,,,49,24,13,0,frozen_query_observation_no_gt,post_prediction_hungarian_iou_0.5,9ff21ef0920b5c2bf93b2eb2a232005e5c397da5772c64d4c5c26e1390558218
B3,280d8ebb-6cc6-2788-9153-98959a2da801,scene0119_03-scene0119_01-scene0119_04-scene0119_00-scene0119_02,sha256_seed45,2,1,5,0.2,1,5,0.2,1,5,0.2,0,0,0,,,49,24,13,0,frozen_query_observation_no_gt,post_prediction_hungarian_iou_0.5,9ff21ef0920b5c2bf93b2eb2a232005e5c397da5772c64d4c5c26e1390558218
B4,280d8ebb-6cc6-2788-9153-98959a2da801,scene0119_03-scene0119_01-scene0119_04-scene0119_00-scene0119_02,sha256_seed45,2,1,5,0.2,1,5,0.2,1,5,0.2,0,0,0,,,49,24,13,0,frozen_query_observation_no_gt,post_prediction_hungarian_iou_0.5,9ff21ef0920b5c2bf93b2eb2a232005e5c397da5772c64d4c5c26e1390558218
B2,280d8ebb-6cc6-2788-9153-98959a2da801,scene0119_03-scene0119_01-scene0119_04-scene0119_00-scene0119_02,sha256_seed45,3,1,13,0.07692307692307693,1,13,0.07692307692307693,1,13,0.07692307692307693,0,0,0,,,63,25,14,0,frozen_query_observation_no_gt,post_prediction_hungarian_iou_0.5,9ff21ef0920b5c2bf93b2eb2a232005e5c397da5772c64d4c5c26e1390558218
B3,280d8ebb-6cc6-2788-9153-98959a2da801,scene0119_03-scene0119_01-scene0119_04-scene0119_00-scene0119_02,sha256_seed45,3,2,13,0.15384615384615385,1,13,0.07692307692307693,1,13,0.07692307692307693,0,0,0,,,63,24,13,0,frozen_query_observation_no_gt,post_prediction_hungarian_iou_0.5,9ff21ef0920b5c2bf93b2eb2a232005e5c397da5772c64d4c5c26e1390558218
B4,280d8ebb-6cc6-2788-9153-98959a2da801,scene0119_03-scene0119_01-scene0119_04-scene0119_00-scene0119_02,sha256_seed45,3,1,13,0.07692307692307693,1,13,0.07692307692307693,1,13,0.07692307692307693,0,0,0,,,63,24,13,0,frozen_query_observation_no_gt,post_prediction_hungarian_iou_0.5,9ff21ef0920b5c2bf93b2eb2a232005e5c397da5772c64d4c5c26e1390558218
B2,280d8ebb-6cc6-2788-9153-98959a2da801,scene0119_03-scene0119_01-scene0119_04-scene0119_00-scene0119_02,sha256_seed45,4,2,20,0.1,4,23,0.17391304347826086,2,21,0.09523809523809523,9,3,1,0.3333333333333333,0.1111111111111111,94,36,25,0,frozen_query_observation_no_gt,post_prediction_hungarian_iou_0.5,9ff21ef0920b5c2bf93b2eb2a232005e5c397da5772c64d4c5c26e1390558218
B3,280d8ebb-6cc6-2788-9153-98959a2da801,scene0119_03-scene0119_01-scene0119_04-scene0119_00-scene0119_02,sha256_seed45,4,3,20,0.15,4,23,0.17391304347826086,2,21,0.09523809523809523,9,3,1,0.3333333333333333,0.1111111111111111,94,35,24,0,frozen_query_observation_no_gt,post_prediction_hungarian_iou_0.5,9ff21ef0920b5c2bf93b2eb2a232005e5c397da5772c64d4c5c26e1390558218
B4,280d8ebb-6cc6-2788-9153-98959a2da801,scene0119_03-scene0119_01-scene0119_04-scene0119_00-scene0119_02,sha256_seed45,4,2,20,0.1,2,23,0.08695652173913043,3,24,0.125,9,3,2,0.6666666666666666,0.2222222222222222,94,25,14,0,frozen_query_observation_no_gt,post_prediction_hungarian_iou_0.5,9ff21ef0920b5c2bf93b2eb2a232005e5c397da5772c64d4c5c26e1390558218
B2,280d8ebb-6cc6-2788-9153-98959a2da801,scene0119_03-scene0119_01-scene0119_04-scene0119_00-scene0119_02,sha256_seed45,5,3,25,0.12,4,29,0.13793103448275862,2,27,0.07407407407407407,9,3,1,0.3333333333333333,0.1111111111111111,107,36,25,0,frozen_query_observation_no_gt,post_prediction_hungarian_iou_0.5,9ff21ef0920b5c2bf93b2eb2a232005e5c397da5772c64d4c5c26e1390558218
B3,280d8ebb-6cc6-2788-9153-98959a2da801,scene0119_03-scene0119_01-scene0119_04-scene0119_00-scene0119_02,sha256_seed45,5,4,25,0.16,5,29,0.1724137931034483,2,26,0.07692307692307693,9,3,1,0.3333333333333333,0.1111111111111111,107,35,24,0,frozen_query_observation_no_gt,post_prediction_hungarian_iou_0.5,9ff21ef0920b5c2bf93b2eb2a232005e5c397da5772c64d4c5c26e1390558218
B4,280d8ebb-6cc6-2788-9153-98959a2da801,scene0119_03-scene0119_01-scene0119_04-scene0119_00-scene0119_02,sha256_seed45,5,3,25,0.12,2,29,0.06896551724137931,4,31,0.12903225806451613,9,3,2,0.6666666666666666,0.2222222222222222,107,25,14,0,frozen_query_observation_no_gt,post_prediction_hungarian_iou_0.5,9ff21ef0920b5c2bf93b2eb2a232005e5c397da5772c64d4c5c26e1390558218
B2,280d8ebb-6cc6-2788-9153-98959a2da801,scene0119_04-scene0119_00-scene0119_02-scene0119_03-scene0119_01,canonical,2,1,8,0.125,1,8,0.125,2,9,0.2222222222222222,0,0,0,,,58,23,11,0,frozen_query_observation_no_gt,post_prediction_hungarian_iou_0.5,846901286e50886e69adcdc559887f716bbe4b12487034e3ac78a7f807fdc1e5
B3,280d8ebb-6cc6-2788-9153-98959a2da801,scene0119_04-scene0119_00-scene0119_02-scene0119_03-scene0119_01,canonical,2,1,8,0.125,1,8,0.125,2,9,0.2222222222222222,0,0,0,,,58,23,11,0,frozen_query_observation_no_gt,post_prediction_hungarian_iou_0.5,846901286e50886e69adcdc559887f716bbe4b12487034e3ac78a7f807fdc1e5
B4,280d8ebb-6cc6-2788-9153-98959a2da801,scene0119_04-scene0119_00-scene0119_02-scene0119_03-scene0119_01,canonical,2,1,8,0.125,1,8,0.125,2,9,0.2222222222222222,0,0,0,,,58,23,11,0,frozen_query_observation_no_gt,post_prediction_hungarian_iou_0.5,846901286e50886e69adcdc559887f716bbe4b12487034e3ac78a7f807fdc1e5
B2,280d8ebb-6cc6-2788-9153-98959a2da801,scene0119_04-scene0119_00-scene0119_02-scene0119_03-scene0119_01,canonical,3,2,15,0.13333333333333333,2,16,0.125,2,16,0.125,0,0,0,,,72,23,11,0,frozen_query_observation_no_gt,post_prediction_hungarian_iou_0.5,846901286e50886e69adcdc559887f716bbe4b12487034e3ac78a7f807fdc1e5
B3,280d8ebb-6cc6-2788-9153-98959a2da801,scene0119_04-scene0119_00-scene0119_02-scene0119_03-scene0119_01,canonical,3,3,15,0.2,2,16,0.125,2,16,0.125,0,0,0,,,72,23,11,0,frozen_query_observation_no_gt,post_prediction_hungarian_iou_0.5,846901286e50886e69adcdc559887f716bbe4b12487034e3ac78a7f807fdc1e5
B4,280d8ebb-6cc6-2788-9153-98959a2da801,scene0119_04-scene0119_00-scene0119_02-scene0119_03-scene0119_01,canonical,3,2,15,0.13333333333333333,2,16,0.125,2,16,0.125,0,0,0,,,72,23,11,0,frozen_query_observation_no_gt,post_prediction_hungarian_iou_0.5,846901286e50886e69adcdc559887f716bbe4b12487034e3ac78a7f807fdc1e5
B2,280d8ebb-6cc6-2788-9153-98959a2da801,scene0119_04-scene0119_00-scene0119_02-scene0119_03-scene0119_01,canonical,4,3,23,0.13043478260869565,3,24,0.125,4,25,0.16,2,0,0,,0.0,90,25,13,0,frozen_query_observation_no_gt,post_prediction_hungarian_iou_0.5,846901286e50886e69adcdc559887f716bbe4b12487034e3ac78a7f807fdc1e5
B3,280d8ebb-6cc6-2788-9153-98959a2da801,scene0119_04-scene0119_00-scene0119_02-scene0119_03-scene0119_01,canonical,4,5,23,0.21739130434782608,4,24,0.16666666666666666,5,25,0.2,2,0,0,,0.0,90,26,14,0,frozen_query_observation_no_gt,post_prediction_hungarian_iou_0.5,846901286e50886e69adcdc559887f716bbe4b12487034e3ac78a7f807fdc1e5
B4,280d8ebb-6cc6-2788-9153-98959a2da801,scene0119_04-scene0119_00-scene0119_02-scene0119_03-scene0119_01,canonical,4,3,23,0.13043478260869565,3,24,0.125,4,25,0.16,2,0,0,,0.0,90,23,11,0,frozen_query_observation_no_gt,post_prediction_hungarian_iou_0.5,846901286e50886e69adcdc559887f716bbe4b12487034e3ac78a7f807fdc1e5
B2,280d8ebb-6cc6-2788-9153-98959a2da801,scene0119_04-scene0119_00-scene0119_02-scene0119_03-scene0119_01,canonical,5,3,28,0.10714285714285714,4,31,0.12903225806451613,4,31,0.12903225806451613,2,0,0,,0.0,102,25,13,0,frozen_query_observation_no_gt,post_prediction_hungarian_iou_0.5,846901286e50886e69adcdc559887f716bbe4b12487034e3ac78a7f807fdc1e5
B3,280d8ebb-6cc6-2788-9153-98959a2da801,scene0119_04-scene0119_00-scene0119_02-scene0119_03-scene0119_01,canonical,5,5,28,0.17857142857142858,5,31,0.16129032258064516,5,31,0.16129032258064516,2,0,0,,0.0,102,26,14,0,frozen_query_observation_no_gt,post_prediction_hungarian_iou_0.5,846901286e50886e69adcdc559887f716bbe4b12487034e3ac78a7f807fdc1e5
B4,280d8ebb-6cc6-2788-9153-98959a2da801,scene0119_04-scene0119_00-scene0119_02-scene0119_03-scene0119_01,canonical,5,4,28,0.14285714285714285,3,31,0.0967741935483871,4,32,0.125,2,0,0,,0.0,102,23,11,0,frozen_query_observation_no_gt,post_prediction_hungarian_iou_0.5,846901286e50886e69adcdc559887f716bbe4b12487034e3ac78a7f807fdc1e5
B2,280d8ebb-6cc6-2788-9153-98959a2da801,scene0119_04-scene0119_00-scene0119_02-scene0119_03-scene0119_01,reverse,2,0,6,0.0,0,6,0.0,1,7,0.14285714285714285,0,0,0,,,27,13,4,0,frozen_query_observation_no_gt,post_prediction_hungarian_iou_0.5,fbaf62d9e9c84d7b19811c73112a46dc36b5c0b5acd6597b2658fc7da0e3610e
B3,280d8ebb-6cc6-2788-9153-98959a2da801,scene0119_04-scene0119_00-scene0119_02-scene0119_03-scene0119_01,reverse,2,0,6,0.0,0,6,0.0,1,7,0.14285714285714285,0,0,0,,,27,13,4,0,frozen_query_observation_no_gt,post_prediction_hungarian_iou_0.5,fbaf62d9e9c84d7b19811c73112a46dc36b5c0b5acd6597b2658fc7da0e3610e
B4,280d8ebb-6cc6-2788-9153-98959a2da801,scene0119_04-scene0119_00-scene0119_02-scene0119_03-scene0119_01,reverse,2,0,6,0.0,0,6,0.0,1,7,0.14285714285714285,0,0,0,,,27,13,4,0,frozen_query_observation_no_gt,post_prediction_hungarian_iou_0.5,fbaf62d9e9c84d7b19811c73112a46dc36b5c0b5acd6597b2658fc7da0e3610e
B2,280d8ebb-6cc6-2788-9153-98959a2da801,scene0119_04-scene0119_00-scene0119_02-scene0119_03-scene0119_01,reverse,3,0,14,0.0,0,14,0.0,1,15,0.06666666666666667,0,0,0,,,41,14,5,0,frozen_query_observation_no_gt,post_prediction_hungarian_iou_0.5,fbaf62d9e9c84d7b19811c73112a46dc36b5c0b5acd6597b2658fc7da0e3610e
B3,280d8ebb-6cc6-2788-9153-98959a2da801,scene0119_04-scene0119_00-scene0119_02-scene0119_03-scene0119_01,reverse,3,0,14,0.0,0,14,0.0,1,15,0.06666666666666667,0,0,0,,,41,14,5,0,frozen_query_observation_no_gt,post_prediction_hungarian_iou_0.5,fbaf62d9e9c84d7b19811c73112a46dc36b5c0b5acd6597b2658fc7da0e3610e
B4,280d8ebb-6cc6-2788-9153-98959a2da801,scene0119_04-scene0119_00-scene0119_02-scene0119_03-scene0119_01,reverse,3,0,14,0.0,0,14,0.0,1,15,0.06666666666666667,0,0,0,,,41,14,5,0,frozen_query_observation_no_gt,post_prediction_hungarian_iou_0.5,fbaf62d9e9c84d7b19811c73112a46dc36b5c0b5acd6597b2658fc7da0e3610e
B2,280d8ebb-6cc6-2788-9153-98959a2da801,scene0119_04-scene0119_00-scene0119_02-scene0119_03-scene0119_01,reverse,4,0,18,0.0,0,18,0.0,2,20,0.1,2,0,0,,0.0,76,28,14,0,frozen_query_observation_no_gt,post_prediction_hungarian_iou_0.5,fbaf62d9e9c84d7b19811c73112a46dc36b5c0b5acd6597b2658fc7da0e3610e
B3,280d8ebb-6cc6-2788-9153-98959a2da801,scene0119_04-scene0119_00-scene0119_02-scene0119_03-scene0119_01,reverse,4,1,18,0.05555555555555555,1,18,0.05555555555555555,2,19,0.10526315789473684,2,0,0,,0.0,76,28,15,0,frozen_query_observation_no_gt,post_prediction_hungarian_iou_0.5,fbaf62d9e9c84d7b19811c73112a46dc36b5c0b5acd6597b2658fc7da0e3610e
B4,280d8ebb-6cc6-2788-9153-98959a2da801,scene0119_04-scene0119_00-scene0119_02-scene0119_03-scene0119_01,reverse,4,1,18,0.05555555555555555,1,18,0.05555555555555555,2,19,0.10526315789473684,2,0,0,,0.0,76,26,13,0,frozen_query_observation_no_gt,post_prediction_hungarian_iou_0.5,fbaf62d9e9c84d7b19811c73112a46dc36b5c0b5acd6597b2658fc7da0e3610e
B2,280d8ebb-6cc6-2788-9153-98959a2da801,scene0119_04-scene0119_00-scene0119_02-scene0119_03-scene0119_01,reverse,5,0,27,0.0,1,30,0.03333333333333333,2,31,0.06451612903225806,2,0,0,,0.0,108,30,16,0,frozen_query_observation_no_gt,post_prediction_hungarian_iou_0.5,fbaf62d9e9c84d7b19811c73112a46dc36b5c0b5acd6597b2658fc7da0e3610e
B3,280d8ebb-6cc6-2788-9153-98959a2da801,scene0119_04-scene0119_00-scene0119_02-scene0119_03-scene0119_01,reverse,5,2,27,0.07407407407407407,2,30,0.06666666666666667,4,32,0.125,2,0,0,,0.0,108,30,17,0,frozen_query_observation_no_gt,post_prediction_hungarian_iou_0.5,fbaf62d9e9c84d7b19811c73112a46dc36b5c0b5acd6597b2658fc7da0e3610e
B4,280d8ebb-6cc6-2788-9153-98959a2da801,scene0119_04-scene0119_00-scene0119_02-scene0119_03-scene0119_01,reverse,5,2,27,0.07407407407407407,3,30,0.1,2,29,0.06896551724137931,2,0,0,,0.0,108,30,16,0,frozen_query_observation_no_gt,post_prediction_hungarian_iou_0.5,fbaf62d9e9c84d7b19811c73112a46dc36b5c0b5acd6597b2658fc7da0e3610e
B2,280d8ebb-6cc6-2788-9153-98959a2da801,scene0119_04-scene0119_00-scene0119_02-scene0119_03-scene0119_01,sha256_seed45,2,1,5,0.2,1,5,0.2,1,5,0.2,0,0,0,,,49,24,13,0,frozen_query_observation_no_gt,post_prediction_hungarian_iou_0.5,9ff21ef0920b5c2bf93b2eb2a232005e5c397da5772c64d4c5c26e1390558218
B3,280d8ebb-6cc6-2788-9153-98959a2da801,scene0119_04-scene0119_00-scene0119_02-scene0119_03-scene0119_01,sha256_seed45,2,1,5,0.2,1,5,0.2,1,5,0.2,0,0,0,,,49,24,13,0,frozen_query_observation_no_gt,post_prediction_hungarian_iou_0.5,9ff21ef0920b5c2bf93b2eb2a232005e5c397da5772c64d4c5c26e1390558218
B4,280d8ebb-6cc6-2788-9153-98959a2da801,scene0119_04-scene0119_00-scene0119_02-scene0119_03-scene0119_01,sha256_seed45,2,1,5,0.2,1,5,0.2,1,5,0.2,0,0,0,,,49,24,13,0,frozen_query_observation_no_gt,post_prediction_hungarian_iou_0.5,9ff21ef0920b5c2bf93b2eb2a232005e5c397da5772c64d4c5c26e1390558218
B2,280d8ebb-6cc6-2788-9153-98959a2da801,scene0119_04-scene0119_00-scene0119_02-scene0119_03-scene0119_01,sha256_seed45,3,1,13,0.07692307692307693,1,13,0.07692307692307693,1,13,0.07692307692307693,0,0,0,,,63,25,14,0,frozen_query_observation_no_gt,post_prediction_hungarian_iou_0.5,9ff21ef0920b5c2bf93b2eb2a232005e5c397da5772c64d4c5c26e1390558218
B3,280d8ebb-6cc6-2788-9153-98959a2da801,scene0119_04-scene0119_00-scene0119_02-scene0119_03-scene0119_01,sha256_seed45,3,2,13,0.15384615384615385,1,13,0.07692307692307693,1,13,0.07692307692307693,0,0,0,,,63,24,13,0,frozen_query_observation_no_gt,post_prediction_hungarian_iou_0.5,9ff21ef0920b5c2bf93b2eb2a232005e5c397da5772c64d4c5c26e1390558218
B4,280d8ebb-6cc6-2788-9153-98959a2da801,scene0119_04-scene0119_00-scene0119_02-scene0119_03-scene0119_01,sha256_seed45,3,1,13,0.07692307692307693,1,13,0.07692307692307693,1,13,0.07692307692307693,0,0,0,,,63,24,13,0,frozen_query_observation_no_gt,post_prediction_hungarian_iou_0.5,9ff21ef0920b5c2bf93b2eb2a232005e5c397da5772c64d4c5c26e1390558218
B2,280d8ebb-6cc6-2788-9153-98959a2da801,scene0119_04-scene0119_00-scene0119_02-scene0119_03-scene0119_01,sha256_seed45,4,2,20,0.1,4,23,0.17391304347826086,2,21,0.09523809523809523,9,3,1,0.3333333333333333,0.1111111111111111,94,36,25,0,frozen_query_observation_no_gt,post_prediction_hungarian_iou_0.5,9ff21ef0920b5c2bf93b2eb2a232005e5c397da5772c64d4c5c26e1390558218
B3,280d8ebb-6cc6-2788-9153-98959a2da801,scene0119_04-scene0119_00-scene0119_02-scene0119_03-scene0119_01,sha256_seed45,4,3,20,0.15,4,23,0.17391304347826086,2,21,0.09523809523809523,9,3,1,0.3333333333333333,0.1111111111111111,94,35,24,0,frozen_query_observation_no_gt,post_prediction_hungarian_iou_0.5,9ff21ef0920b5c2bf93b2eb2a232005e5c397da5772c64d4c5c26e1390558218
B4,280d8ebb-6cc6-2788-9153-98959a2da801,scene0119_04-scene0119_00-scene0119_02-scene0119_03-scene0119_01,sha256_seed45,4,2,20,0.1,2,23,0.08695652173913043,3,24,0.125,9,3,2,0.6666666666666666,0.2222222222222222,94,25,14,0,frozen_query_observation_no_gt,post_prediction_hungarian_iou_0.5,9ff21ef0920b5c2bf93b2eb2a232005e5c397da5772c64d4c5c26e1390558218
B2,280d8ebb-6cc6-2788-9153-98959a2da801,scene0119_04-scene0119_00-scene0119_02-scene0119_03-scene0119_01,sha256_seed45,5,3,25,0.12,4,29,0.13793103448275862,2,27,0.07407407407407407,9,3,1,0.3333333333333333,0.1111111111111111,107,36,25,0,frozen_query_observation_no_gt,post_prediction_hungarian_iou_0.5,9ff21ef0920b5c2bf93b2eb2a232005e5c397da5772c64d4c5c26e1390558218
B3,280d8ebb-6cc6-2788-9153-98959a2da801,scene0119_04-scene0119_00-scene0119_02-scene0119_03-scene0119_01,sha256_seed45,5,4,25,0.16,5,29,0.1724137931034483,2,26,0.07692307692307693,9,3,1,0.3333333333333333,0.1111111111111111,107,35,24,0,frozen_query_observation_no_gt,post_prediction_hungarian_iou_0.5,9ff21ef0920b5c2bf93b2eb2a232005e5c397da5772c64d4c5c26e1390558218
B4,280d8ebb-6cc6-2788-9153-98959a2da801,scene0119_04-scene0119_00-scene0119_02-scene0119_03-scene0119_01,sha256_seed45,5,3,25,0.12,2,29,0.06896551724137931,4,31,0.12903225806451613,9,3,2,0.6666666666666666,0.2222222222222222,107,25,14,0,frozen_query_observation_no_gt,post_prediction_hungarian_iou_0.5,9ff21ef0920b5c2bf93b2eb2a232005e5c397da5772c64d4c5c26e1390558218
B2,5630cfcf-12bf-2860-8784-83d28a611a83,scene0219_00-scene0219_03-scene0219_02-scene0219_01-scene0219_04,canonical,2,0,6,0.0,0,6,0.0,0,6,0.0,0,0,0,,,31,13,4,0,frozen_query_observation_no_gt,post_prediction_hungarian_iou_0.5,29ffeaf4111b3c5a4b250b7cf0cb941b62a2eba44b7e378e33861ddb32f27ec9
B3,5630cfcf-12bf-2860-8784-83d28a611a83,scene0219_00-scene0219_03-scene0219_02-scene0219_01-scene0219_04,canonical,2,0,6,0.0,0,6,0.0,0,6,0.0,0,0,0,,,31,13,4,0,frozen_query_observation_no_gt,post_prediction_hungarian_iou_0.5,29ffeaf4111b3c5a4b250b7cf0cb941b62a2eba44b7e378e33861ddb32f27ec9
B4,5630cfcf-12bf-2860-8784-83d28a611a83,scene0219_00-scene0219_03-scene0219_02-scene0219_01-scene0219_04,canonical,2,1,6,0.16666666666666666,1,6,0.16666666666666666,0,5,0.0,0,0,0,,,31,13,4,0,frozen_query_observation_no_gt,post_prediction_hungarian_iou_0.5,29ffeaf4111b3c5a4b250b7cf0cb941b62a2eba44b7e378e33861ddb32f27ec9
B2,5630cfcf-12bf-2860-8784-83d28a611a83,scene0219_00-scene0219_03-scene0219_02-scene0219_01-scene0219_04,canonical,3,0,10,0.0,0,11,0.0,0,11,0.0,0,0,0,,,46,14,5,0,frozen_query_observation_no_gt,post_prediction_hungarian_iou_0.5,29ffeaf4111b3c5a4b250b7cf0cb941b62a2eba44b7e378e33861ddb32f27ec9
B3,5630cfcf-12bf-2860-8784-83d28a611a83,scene0219_00-scene0219_03-scene0219_02-scene0219_01-scene0219_04,canonical,3,0,10,0.0,0,11,0.0,0,11,0.0,0,0,0,,,46,14,5,0,frozen_query_observation_no_gt,post_prediction_hungarian_iou_0.5,29ffeaf4111b3c5a4b250b7cf0cb941b62a2eba44b7e378e33861ddb32f27ec9
B4,5630cfcf-12bf-2860-8784-83d28a611a83,scene0219_00-scene0219_03-scene0219_02-scene0219_01-scene0219_04,canonical,3,1,10,0.1,1,11,0.09090909090909091,0,10,0.0,0,0,0,,,46,14,5,0,frozen_query_observation_no_gt,post_prediction_hungarian_iou_0.5,29ffeaf4111b3c5a4b250b7cf0cb941b62a2eba44b7e378e33861ddb32f27ec9
B2,5630cfcf-12bf-2860-8784-83d28a611a83,scene0219_00-scene0219_03-scene0219_02-scene0219_01-scene0219_04,canonical,4,1,14,0.07142857142857142,1,15,0.06666666666666667,0,14,0.0,0,0,0,,,61,16,6,0,frozen_query_observation_no_gt,post_prediction_hungarian_iou_0.5,29ffeaf4111b3c5a4b250b7cf0cb941b62a2eba44b7e378e33861ddb32f27ec9
B3,5630cfcf-12bf-2860-8784-83d28a611a83,scene0219_00-scene0219_03-scene0219_02-scene0219_01-scene0219_04,canonical,4,1,14,0.07142857142857142,1,15,0.06666666666666667,0,14,0.0,0,0,0,,,61,16,6,0,frozen_query_observation_no_gt,post_prediction_hungarian_iou_0.5,29ffeaf4111b3c5a4b250b7cf0cb941b62a2eba44b7e378e33861ddb32f27ec9
B4,5630cfcf-12bf-2860-8784-83d28a611a83,scene0219_00-scene0219_03-scene0219_02-scene0219_01-scene0219_04,canonical,4,2,14,0.14285714285714285,2,15,0.13333333333333333,0,13,0.0,0,0,0,,,61,16,6,0,frozen_query_observation_no_gt,post_prediction_hungarian_iou_0.5,29ffeaf4111b3c5a4b250b7cf0cb941b62a2eba44b7e378e33861ddb32f27ec9
B2,5630cfcf-12bf-2860-8784-83d28a611a83,scene0219_00-scene0219_03-scene0219_02-scene0219_01-scene0219_04,canonical,5,2,17,0.11764705882352941,3,20,0.15,0,17,0.0,1,1,0,0.0,0.0,78,19,9,0,frozen_query_observation_no_gt,post_prediction_hungarian_iou_0.5,29ffeaf4111b3c5a4b250b7cf0cb941b62a2eba44b7e378e33861ddb32f27ec9
B3,5630cfcf-12bf-2860-8784-83d28a611a83,scene0219_00-scene0219_03-scene0219_02-scene0219_01-scene0219_04,canonical,5,2,17,0.11764705882352941,3,20,0.15,0,17,0.0,1,1,0,0.0,0.0,78,19,9,0,frozen_query_observation_no_gt,post_prediction_hungarian_iou_0.5,29ffeaf4111b3c5a4b250b7cf0cb941b62a2eba44b7e378e33861ddb32f27ec9
B4,5630cfcf-12bf-2860-8784-83d28a611a83,scene0219_00-scene0219_03-scene0219_02-scene0219_01-scene0219_04,canonical,5,3,17,0.17647058823529413,2,20,0.1,0,18,0.0,1,1,1,1.0,1.0,78,16,6,0,frozen_query_observation_no_gt,post_prediction_hungarian_iou_0.5,29ffeaf4111b3c5a4b250b7cf0cb941b62a2eba44b7e378e33861ddb32f27ec9
B2,5630cfcf-12bf-2860-8784-83d28a611a83,scene0219_00-scene0219_03-scene0219_02-scene0219_01-scene0219_04,reverse,2,0,2,0.0,0,2,0.0,0,2,0.0,0,0,0,,,30,14,7,0,frozen_query_observation_no_gt,post_prediction_hungarian_iou_0.5,b9004641495c6a7d4833453d41f6a564f6454453411e87752af89b6f4cc64107
B3,5630cfcf-12bf-2860-8784-83d28a611a83,scene0219_00-scene0219_03-scene0219_02-scene0219_01-scene0219_04,reverse,2,0,2,0.0,0,2,0.0,0,2,0.0,0,0,0,,,30,14,7,0,frozen_query_observation_no_gt,post_prediction_hungarian_iou_0.5,b9004641495c6a7d4833453d41f6a564f6454453411e87752af89b6f4cc64107
B4,5630cfcf-12bf-2860-8784-83d28a611a83,scene0219_00-scene0219_03-scene0219_02-scene0219_01-scene0219_04,reverse,2,0,2,0.0,0,2,0.0,0,2,0.0,0,0,0,,,30,14,7,0,frozen_query_observation_no_gt,post_prediction_hungarian_iou_0.5,b9004641495c6a7d4833453d41f6a564f6454453411e87752af89b6f4cc64107
B2,5630cfcf-12bf-2860-8784-83d28a611a83,scene0219_00-scene0219_03-scene0219_02-scene0219_01-scene0219_04,reverse,3,0,4,0.0,1,5,0.2,0,4,0.0,0,0,0,,,45,17,9,0,frozen_query_observation_no_gt,post_prediction_hungarian_iou_0.5,b9004641495c6a7d4833453d41f6a564f6454453411e87752af89b6f4cc64107
B3,5630cfcf-12bf-2860-8784-83d28a611a83,scene0219_00-scene0219_03-scene0219_02-scene0219_01-scene0219_04,reverse,3,0,4,0.0,1,5,0.2,0,4,0.0,0,0,0,,,45,17,9,0,frozen_query_observation_no_gt,post_prediction_hungarian_iou_0.5,b9004641495c6a7d4833453d41f6a564f6454453411e87752af89b6f4cc64107
B4,5630cfcf-12bf-2860-8784-83d28a611a83,scene0219_00-scene0219_03-scene0219_02-scene0219_01-scene0219_04,reverse,3,0,4,0.0,0,5,0.0,0,5,0.0,0,0,0,,,45,14,7,0,frozen_query_observation_no_gt,post_prediction_hungarian_iou_0.5,b9004641495c6a7d4833453d41f6a564f6454453411e87752af89b6f4cc64107
B2,5630cfcf-12bf-2860-8784-83d28a611a83,scene0219_00-scene0219_03-scene0219_02-scene0219_01-scene0219_04,reverse,4,0,8,0.0,3,12,0.25,0,9,0.0,1,1,0,0.0,0.0,59,18,10,0,frozen_query_observation_no_gt,post_prediction_hungarian_iou_0.5,b9004641495c6a7d4833453d41f6a564f6454453411e87752af89b6f4cc64107
B3,5630cfcf-12bf-2860-8784-83d28a611a83,scene0219_00-scene0219_03-scene0219_02-scene0219_01-scene0219_04,reverse,4,0,8,0.0,3,12,0.25,0,9,0.0,1,1,0,0.0,0.0,59,18,10,0,frozen_query_observation_no_gt,post_prediction_hungarian_iou_0.5,b9004641495c6a7d4833453d41f6a564f6454453411e87752af89b6f4cc64107
B4,5630cfcf-12bf-2860-8784-83d28a611a83,scene0219_00-scene0219_03-scene0219_02-scene0219_01-scene0219_04,reverse,4,0,8,0.0,0,12,0.0,0,12,0.0,1,1,1,1.0,1.0,59,14,7,0,frozen_query_observation_no_gt,post_prediction_hungarian_iou_0.5,b9004641495c6a7d4833453d41f6a564f6454453411e87752af89b6f4cc64107
B2,5630cfcf-12bf-2860-8784-83d28a611a83,scene0219_00-scene0219_03-scene0219_02-scene0219_01-scene0219_04,reverse,5,0,14,0.0,3,18,0.16666666666666666,0,15,0.0,1,1,0,0.0,0.0,74,19,11,0,frozen_query_observation_no_gt,post_prediction_hungarian_iou_0.5,b9004641495c6a7d4833453d41f6a564f6454453411e87752af89b6f4cc64107
B3,5630cfcf-12bf-2860-8784-83d28a611a83,scene0219_00-scene0219_03-scene0219_02-scene0219_01-scene0219_04,reverse,5,0,14,0.0,3,18,0.16666666666666666,0,15,0.0,1,1,0,0.0,0.0,74,19,11,0,frozen_query_observation_no_gt,post_prediction_hungarian_iou_0.5,b9004641495c6a7d4833453d41f6a564f6454453411e87752af89b6f4cc64107
B4,5630cfcf-12bf-2860-8784-83d28a611a83,scene0219_00-scene0219_03-scene0219_02-scene0219_01-scene0219_04,reverse,5,0,14,0.0,0,18,0.0,0,18,0.0,1,1,1,1.0,1.0,74,15,8,0,frozen_query_observation_no_gt,post_prediction_hungarian_iou_0.5,b9004641495c6a7d4833453d41f6a564f6454453411e87752af89b6f4cc64107
B2,5630cfcf-12bf-2860-8784-83d28a611a83,scene0219_00-scene0219_03-scene0219_02-scene0219_01-scene0219_04,sha256_seed45,2,0,5,0.0,0,5,0.0,0,5,0.0,0,0,0,,,30,12,6,0,frozen_query_observation_no_gt,post_prediction_hungarian_iou_0.5,b317a033326f4c996335e3c7765140065e54444e9855ded51f6a055644c668a2
B3,5630cfcf-12bf-2860-8784-83d28a611a83,scene0219_00-scene0219_03-scene0219_02-scene0219_01-scene0219_04,sha256_seed45,2,0,5,0.0,0,5,0.0,0,5,0.0,0,0,0,,,30,12,6,0,frozen_query_observation_no_gt,post_prediction_hungarian_iou_0.5,b317a033326f4c996335e3c7765140065e54444e9855ded51f6a055644c668a2
B4,5630cfcf-12bf-2860-8784-83d28a611a83,scene0219_00-scene0219_03-scene0219_02-scene0219_01-scene0219_04,sha256_seed45,2,0,5,0.0,0,5,0.0,0,5,0.0,0,0,0,,,30,12,6,0,frozen_query_observation_no_gt,post_prediction_hungarian_iou_0.5,b317a033326f4c996335e3c7765140065e54444e9855ded51f6a055644c668a2
B2,5630cfcf-12bf-2860-8784-83d28a611a83,scene0219_00-scene0219_03-scene0219_02-scene0219_01-scene0219_04,sha256_seed45,3,1,10,0.1,1,10,0.1,0,9,0.0,0,0,0,,,46,13,7,0,frozen_query_observation_no_gt,post_prediction_hungarian_iou_0.5,b317a033326f4c996335e3c7765140065e54444e9855ded51f6a055644c668a2
B3,5630cfcf-12bf-2860-8784-83d28a611a83,scene0219_00-scene0219_03-scene0219_02-scene0219_01-scene0219_04,sha256_seed45,3,0,10,0.0,0,10,0.0,0,10,0.0,0,0,0,,,46,13,7,0,frozen_query_observation_no_gt,post_prediction_hungarian_iou_0.5,b317a033326f4c996335e3c7765140065e54444e9855ded51f6a055644c668a2
B4,5630cfcf-12bf-2860-8784-83d28a611a83,scene0219_00-scene0219_03-scene0219_02-scene0219_01-scene0219_04,sha256_seed45,3,0,10,0.0,0,10,0.0,0,10,0.0,0,0,0,,,46,13,7,0,frozen_query_observation_no_gt,post_prediction_hungarian_iou_0.5,b317a033326f4c996335e3c7765140065e54444e9855ded51f6a055644c668a2
B2,5630cfcf-12bf-2860-8784-83d28a611a83,scene0219_00-scene0219_03-scene0219_02-scene0219_01-scene0219_04,sha256_seed45,4,3,13,0.23076923076923078,2,13,0.15384615384615385,0,11,0.0,0,0,0,,,61,15,8,0,frozen_query_observation_no_gt,post_prediction_hungarian_iou_0.5,b317a033326f4c996335e3c7765140065e54444e9855ded51f6a055644c668a2
B3,5630cfcf-12bf-2860-8784-83d28a611a83,scene0219_00-scene0219_03-scene0219_02-scene0219_01-scene0219_04,sha256_seed45,4,2,13,0.15384615384615385,2,13,0.15384615384615385,0,11,0.0,0,0,0,,,61,15,8,0,frozen_query_observation_no_gt,post_prediction_hungarian_iou_0.5,b317a033326f4c996335e3c7765140065e54444e9855ded51f6a055644c668a2
B4,5630cfcf-12bf-2860-8784-83d28a611a83,scene0219_00-scene0219_03-scene0219_02-scene0219_01-scene0219_04,sha256_seed45,4,1,13,0.07692307692307693,1,13,0.07692307692307693,0,12,0.0,0,0,0,,,61,15,8,0,frozen_query_observation_no_gt,post_prediction_hungarian_iou_0.5,b317a033326f4c996335e3c7765140065e54444e9855ded51f6a055644c668a2
B2,5630cfcf-12bf-2860-8784-83d28a611a83,scene0219_00-scene0219_03-scene0219_02-scene0219_01-scene0219_04,sha256_seed45,5,4,16,0.25,4,19,0.21052631578947367,0,15,0.0,1,1,0,0.0,0.0,78,18,11,0,frozen_query_observation_no_gt,post_prediction_hungarian_iou_0.5,b317a033326f4c996335e3c7765140065e54444e9855ded51f6a055644c668a2
B3,5630cfcf-12bf-2860-8784-83d28a611a83,scene0219_00-scene0219_03-scene0219_02-scene0219_01-scene0219_04,sha256_seed45,5,3,16,0.1875,4,19,0.21052631578947367,0,15,0.0,1,1,0,0.0,0.0,78,18,11,0,frozen_query_observation_no_gt,post_prediction_hungarian_iou_0.5,b317a033326f4c996335e3c7765140065e54444e9855ded51f6a055644c668a2
B4,5630cfcf-12bf-2860-8784-83d28a611a83,scene0219_00-scene0219_03-scene0219_02-scene0219_01-scene0219_04,sha256_seed45,5,2,16,0.125,1,19,0.05263157894736842,0,18,0.0,1,1,1,1.0,1.0,78,15,8,0,frozen_query_observation_no_gt,post_prediction_hungarian_iou_0.5,b317a033326f4c996335e3c7765140065e54444e9855ded51f6a055644c668a2
B2,5630cfcf-12bf-2860-8784-83d28a611a83,scene0219_01-scene0219_04-scene0219_00-scene0219_03-scene0219_02,canonical,2,0,1,0.0,0,1,0.0,0,1,0.0,0,0,0,,,32,12,4,0,frozen_query_observation_no_gt,post_prediction_hungarian_iou_0.5,bb11639b529f85d724905dc1b22a9c33efd359a13d1394ee363e1692c52a8fcc
B3,5630cfcf-12bf-2860-8784-83d28a611a83,scene0219_01-scene0219_04-scene0219_00-scene0219_03-scene0219_02,canonical,2,0,1,0.0,0,1,0.0,0,1,0.0,0,0,0,,,32,12,4,0,frozen_query_observation_no_gt,post_prediction_hungarian_iou_0.5,bb11639b529f85d724905dc1b22a9c33efd359a13d1394ee363e1692c52a8fcc
B4,5630cfcf-12bf-2860-8784-83d28a611a83,scene0219_01-scene0219_04-scene0219_00-scene0219_03-scene0219_02,canonical,2,0,1,0.0,0,1,0.0,0,1,0.0,0,0,0,,,32,12,4,0,frozen_query_observation_no_gt,post_prediction_hungarian_iou_0.5,bb11639b529f85d724905dc1b22a9c33efd359a13d1394ee363e1692c52a8fcc
B2,5630cfcf-12bf-2860-8784-83d28a611a83,scene0219_01-scene0219_04-scene0219_00-scene0219_03-scene0219_02,canonical,3,0,6,0.0,0,6,0.0,0,6,0.0,0,0,0,,,47,13,5,0,frozen_query_observation_no_gt,post_prediction_hungarian_iou_0.5,bb11639b529f85d724905dc1b22a9c33efd359a13d1394ee363e1692c52a8fcc
B3,5630cfcf-12bf-2860-8784-83d28a611a83,scene0219_01-scene0219_04-scene0219_00-scene0219_03-scene0219_02,canonical,3,0,6,0.0,0,6,0.0,0,6,0.0,0,0,0,,,47,13,5,0,frozen_query_observation_no_gt,post_prediction_hungarian_iou_0.5,bb11639b529f85d724905dc1b22a9c33efd359a13d1394ee363e1692c52a8fcc
B4,5630cfcf-12bf-2860-8784-83d28a611a83,scene0219_01-scene0219_04-scene0219_00-scene0219_03-scene0219_02,canonical,3,0,6,0.0,0,6,0.0,0,6,0.0,0,0,0,,,47,13,5,0,frozen_query_observation_no_gt,post_prediction_hungarian_iou_0.5,bb11639b529f85d724905dc1b22a9c33efd359a13d1394ee363e1692c52a8fcc
B2,5630cfcf-12bf-2860-8784-83d28a611a83,scene0219_01-scene0219_04-scene0219_00-scene0219_03-scene0219_02,canonical,4,0,12,0.0,0,12,0.0,0,12,0.0,0,0,0,,,63,14,5,0,frozen_query_observation_no_gt,post_prediction_hungarian_iou_0.5,bb11639b529f85d724905dc1b22a9c33efd359a13d1394ee363e1692c52a8fcc
B3,5630cfcf-12bf-2860-8784-83d28a611a83,scene0219_01-scene0219_04-scene0219_00-scene0219_03-scene0219_02,canonical,4,0,12,0.0,0,12,0.0,0,12,0.0,0,0,0,,,63,14,5,0,frozen_query_observation_no_gt,post_prediction_hungarian_iou_0.5,bb11639b529f85d724905dc1b22a9c33efd359a13d1394ee363e1692c52a8fcc
B4,5630cfcf-12bf-2860-8784-83d28a611a83,scene0219_01-scene0219_04-scene0219_00-scene0219_03-scene0219_02,canonical,4,0,12,0.0,0,12,0.0,0,12,0.0,0,0,0,,,63,14,5,0,frozen_query_observation_no_gt,post_prediction_hungarian_iou_0.5,bb11639b529f85d724905dc1b22a9c33efd359a13d1394ee363e1692c52a8fcc
B2,5630cfcf-12bf-2860-8784-83d28a611a83,scene0219_01-scene0219_04-scene0219_00-scene0219_03-scene0219_02,canonical,5,0,16,0.0,0,18,0.0,0,18,0.0,0,0,0,,,78,15,6,0,frozen_query_observation_no_gt,post_prediction_hungarian_iou_0.5,bb11639b529f85d724905dc1b22a9c33efd359a13d1394ee363e1692c52a8fcc
B3,5630cfcf-12bf-2860-8784-83d28a611a83,scene0219_01-scene0219_04-scene0219_00-scene0219_03-scene0219_02,canonical,5,0,16,0.0,0,18,0.0,0,18,0.0,0,0,0,,,78,15,6,0,frozen_query_observation_no_gt,post_prediction_hungarian_iou_0.5,bb11639b529f85d724905dc1b22a9c33efd359a13d1394ee363e1692c52a8fcc
B4,5630cfcf-12bf-2860-8784-83d28a611a83,scene0219_01-scene0219_04-scene0219_00-scene0219_03-scene0219_02,canonical,5,0,16,0.0,0,18,0.0,0,18,0.0,0,0,0,,,78,15,6,0,frozen_query_observation_no_gt,post_prediction_hungarian_iou_0.5,bb11639b529f85d724905dc1b22a9c33efd359a13d1394ee363e1692c52a8fcc
B2,5630cfcf-12bf-2860-8784-83d28a611a83,scene0219_01-scene0219_04-scene0219_00-scene0219_03-scene0219_02,reverse,2,0,4,0.0,0,4,0.0,0,4,0.0,0,0,0,,,29,11,5,0,frozen_query_observation_no_gt,post_prediction_hungarian_iou_0.5,493bd1d09b3c512ba09c23e00381ea52c98a7630d6f32d51efbdd126332b8076
B3,5630cfcf-12bf-2860-8784-83d28a611a83,scene0219_01-scene0219_04-scene0219_00-scene0219_03-scene0219_02,reverse,2,0,4,0.0,0,4,0.0,0,4,0.0,0,0,0,,,29,11,5,0,frozen_query_observation_no_gt,post_prediction_hungarian_iou_0.5,493bd1d09b3c512ba09c23e00381ea52c98a7630d6f32d51efbdd126332b8076
B4,5630cfcf-12bf-2860-8784-83d28a611a83,scene0219_01-scene0219_04-scene0219_00-scene0219_03-scene0219_02,reverse,2,0,4,0.0,0,4,0.0,0,4,0.0,0,0,0,,,29,11,5,0,frozen_query_observation_no_gt,post_prediction_hungarian_iou_0.5,493bd1d09b3c512ba09c23e00381ea52c98a7630d6f32d51efbdd126332b8076
B2,5630cfcf-12bf-2860-8784-83d28a611a83,scene0219_01-scene0219_04-scene0219_00-scene0219_03-scene0219_02,reverse,3,0,10,0.0,0,10,0.0,0,10,0.0,0,0,0,,,44,12,6,0,frozen_query_observation_no_gt,post_prediction_hungarian_iou_0.5,493bd1d09b3c512ba09c23e00381ea52c98a7630d6f32d51efbdd126332b8076
B3,5630cfcf-12bf-2860-8784-83d28a611a83,scene0219_01-scene0219_04-scene0219_00-scene0219_03-scene0219_02,reverse,3,0,10,0.0,0,10,0.0,0,10,0.0,0,0,0,,,44,12,6,0,frozen_query_observation_no_gt,post_prediction_hungarian_iou_0.5,493bd1d09b3c512ba09c23e00381ea52c98a7630d6f32d51efbdd126332b8076
B4,5630cfcf-12bf-2860-8784-83d28a611a83,scene0219_01-scene0219_04-scene0219_00-scene0219_03-scene0219_02,reverse,3,0,10,0.0,0,10,0.0,0,10,0.0,0,0,0,,,44,12,6,0,frozen_query_observation_no_gt,post_prediction_hungarian_iou_0.5,493bd1d09b3c512ba09c23e00381ea52c98a7630d6f32d51efbdd126332b8076
B2,5630cfcf-12bf-2860-8784-83d28a611a83,scene0219_01-scene0219_04-scene0219_00-scene0219_03-scene0219_02,reverse,4,0,14,0.0,0,14,0.0,0,14,0.0,0,0,0,,,63,14,7,0,frozen_query_observation_no_gt,post_prediction_hungarian_iou_0.5,493bd1d09b3c512ba09c23e00381ea52c98a7630d6f32d51efbdd126332b8076
B3,5630cfcf-12bf-2860-8784-83d28a611a83,scene0219_01-scene0219_04-scene0219_00-scene0219_03-scene0219_02,reverse,4,0,14,0.0,0,14,0.0,0,14,0.0,0,0,0,,,63,14,7,0,frozen_query_observation_no_gt,post_prediction_hungarian_iou_0.5,493bd1d09b3c512ba09c23e00381ea52c98a7630d6f32d51efbdd126332b8076
B4,5630cfcf-12bf-2860-8784-83d28a611a83,scene0219_01-scene0219_04-scene0219_00-scene0219_03-scene0219_02,reverse,4,0,14,0.0,0,14,0.0,0,14,0.0,0,0,0,,,63,13,7,0,frozen_query_observation_no_gt,post_prediction_hungarian_iou_0.5,493bd1d09b3c512ba09c23e00381ea52c98a7630d6f32d51efbdd126332b8076
B2,5630cfcf-12bf-2860-8784-83d28a611a83,scene0219_01-scene0219_04-scene0219_00-scene0219_03-scene0219_02,reverse,5,0,16,0.0,0,17,0.0,0,17,0.0,0,0,0,,,78,15,8,0,frozen_query_observation_no_gt,post_prediction_hungarian_iou_0.5,493bd1d09b3c512ba09c23e00381ea52c98a7630d6f32d51efbdd126332b8076
B3,5630cfcf-12bf-2860-8784-83d28a611a83,scene0219_01-scene0219_04-scene0219_00-scene0219_03-scene0219_02,reverse,5,0,16,0.0,0,17,0.0,0,17,0.0,0,0,0,,,78,15,8,0,frozen_query_observation_no_gt,post_prediction_hungarian_iou_0.5,493bd1d09b3c512ba09c23e00381ea52c98a7630d6f32d51efbdd126332b8076
B4,5630cfcf-12bf-2860-8784-83d28a611a83,scene0219_01-scene0219_04-scene0219_00-scene0219_03-scene0219_02,reverse,5,0,16,0.0,0,17,0.0,0,17,0.0,0,0,0,,,78,15,8,0,frozen_query_observation_no_gt,post_prediction_hungarian_iou_0.5,493bd1d09b3c512ba09c23e00381ea52c98a7630d6f32d51efbdd126332b8076
B2,5630cfcf-12bf-2860-8784-83d28a611a83,scene0219_01-scene0219_04-scene0219_00-scene0219_03-scene0219_02,sha256_seed45,2,0,5,0.0,0,5,0.0,0,5,0.0,0,0,0,,,30,12,6,0,frozen_query_observation_no_gt,post_prediction_hungarian_iou_0.5,b317a033326f4c996335e3c7765140065e54444e9855ded51f6a055644c668a2
B3,5630cfcf-12bf-2860-8784-83d28a611a83,scene0219_01-scene0219_04-scene0219_00-scene0219_03-scene0219_02,sha256_seed45,2,0,5,0.0,0,5,0.0,0,5,0.0,0,0,0,,,30,12,6,0,frozen_query_observation_no_gt,post_prediction_hungarian_iou_0.5,b317a033326f4c996335e3c7765140065e54444e9855ded51f6a055644c668a2
B4,5630cfcf-12bf-2860-8784-83d28a611a83,scene0219_01-scene0219_04-scene0219_00-scene0219_03-scene0219_02,sha256_seed45,2,0,5,0.0,0,5,0.0,0,5,0.0,0,0,0,,,30,12,6,0,frozen_query_observation_no_gt,post_prediction_hungarian_iou_0.5,b317a033326f4c996335e3c7765140065e54444e9855ded51f6a055644c668a2
B2,5630cfcf-12bf-2860-8784-83d28a611a83,scene0219_01-scene0219_04-scene0219_00-scene0219_03-scene0219_02,sha256_seed45,3,1,10,0.1,1,10,0.1,0,9,0.0,0,0,0,,,46,13,7,0,frozen_query_observation_no_gt,post_prediction_hungarian_iou_0.5,b317a033326f4c996335e3c7765140065e54444e9855ded51f6a055644c668a2
B3,5630cfcf-12bf-2860-8784-83d28a611a83,scene0219_01-scene0219_04-scene0219_00-scene0219_03-scene0219_02,sha256_seed45,3,0,10,0.0,0,10,0.0,0,10,0.0,0,0,0,,,46,13,7,0,frozen_query_observation_no_gt,post_prediction_hungarian_iou_0.5,b317a033326f4c996335e3c7765140065e54444e9855ded51f6a055644c668a2
B4,5630cfcf-12bf-2860-8784-83d28a611a83,scene0219_01-scene0219_04-scene0219_00-scene0219_03-scene0219_02,sha256_seed45,3,0,10,0.0,0,10,0.0,0,10,0.0,0,0,0,,,46,13,7,0,frozen_query_observation_no_gt,post_prediction_hungarian_iou_0.5,b317a033326f4c996335e3c7765140065e54444e9855ded51f6a055644c668a2
B2,5630cfcf-12bf-2860-8784-83d28a611a83,scene0219_01-scene0219_04-scene0219_00-scene0219_03-scene0219_02,sha256_seed45,4,3,13,0.23076923076923078,2,13,0.15384615384615385,0,11,0.0,0,0,0,,,61,15,8,0,frozen_query_observation_no_gt,post_prediction_hungarian_iou_0.5,b317a033326f4c996335e3c7765140065e54444e9855ded51f6a055644c668a2
B3,5630cfcf-12bf-2860-8784-83d28a611a83,scene0219_01-scene0219_04-scene0219_00-scene0219_03-scene0219_02,sha256_seed45,4,2,13,0.15384615384615385,2,13,0.15384615384615385,0,11,0.0,0,0,0,,,61,15,8,0,frozen_query_observation_no_gt,post_prediction_hungarian_iou_0.5,b317a033326f4c996335e3c7765140065e54444e9855ded51f6a055644c668a2
B4,5630cfcf-12bf-2860-8784-83d28a611a83,scene0219_01-scene0219_04-scene0219_00-scene0219_03-scene0219_02,sha256_seed45,4,1,13,0.07692307692307693,1,13,0.07692307692307693,0,12,0.0,0,0,0,,,61,15,8,0,frozen_query_observation_no_gt,post_prediction_hungarian_iou_0.5,b317a033326f4c996335e3c7765140065e54444e9855ded51f6a055644c668a2
B2,5630cfcf-12bf-2860-8784-83d28a611a83,scene0219_01-scene0219_04-scene0219_00-scene0219_03-scene0219_02,sha256_seed45,5,4,16,0.25,4,19,0.21052631578947367,0,15,0.0,1,1,0,0.0,0.0,78,18,11,0,frozen_query_observation_no_gt,post_prediction_hungarian_iou_0.5,b317a033326f4c996335e3c7765140065e54444e9855ded51f6a055644c668a2
B3,5630cfcf-12bf-2860-8784-83d28a611a83,scene0219_01-scene0219_04-scene0219_00-scene0219_03-scene0219_02,sha256_seed45,5,3,16,0.1875,4,19,0.21052631578947367,0,15,0.0,1,1,0,0.0,0.0,78,18,11,0,frozen_query_observation_no_gt,post_prediction_hungarian_iou_0.5,b317a033326f4c996335e3c7765140065e54444e9855ded51f6a055644c668a2
B4,5630cfcf-12bf-2860-8784-83d28a611a83,scene0219_01-scene0219_04-scene0219_00-scene0219_03-scene0219_02,sha256_seed45,5,2,16,0.125,1,19,0.05263157894736842,0,18,0.0,1,1,1,1.0,1.0,78,15,8,0,frozen_query_observation_no_gt,post_prediction_hungarian_iou_0.5,b317a033326f4c996335e3c7765140065e54444e9855ded51f6a055644c668a2
B2,5630cfcf-12bf-2860-8784-83d28a611a83,scene0219_02-scene0219_01-scene0219_04-scene0219_00-scene0219_03,canonical,2,0,2,0.0,0,2,0.0,0,2,0.0,0,0,0,,,30,12,5,0,frozen_query_observation_no_gt,post_prediction_hungarian_iou_0.5,b15282917f2a2cfc342baf3cac0731b4daff0e5d91bc57de8872662b4379c8dc
B3,5630cfcf-12bf-2860-8784-83d28a611a83,scene0219_02-scene0219_01-scene0219_04-scene0219_00-scene0219_03,canonical,2,0,2,0.0,0,2,0.0,0,2,0.0,0,0,0,,,30,12,5,0,frozen_query_observation_no_gt,post_prediction_hungarian_iou_0.5,b15282917f2a2cfc342baf3cac0731b4daff0e5d91bc57de8872662b4379c8dc
B4,5630cfcf-12bf-2860-8784-83d28a611a83,scene0219_02-scene0219_01-scene0219_04-scene0219_00-scene0219_03,canonical,2,0,2,0.0,0,2,0.0,0,2,0.0,0,0,0,,,30,12,5,0,frozen_query_observation_no_gt,post_prediction_hungarian_iou_0.5,b15282917f2a2cfc342baf3cac0731b4daff0e5d91bc57de8872662b4379c8dc
B2,5630cfcf-12bf-2860-8784-83d28a611a83,scene0219_02-scene0219_01-scene0219_04-scene0219_00-scene0219_03,canonical,3,1,5,0.2,2,6,0.3333333333333333,0,4,0.0,0,0,0,,,47,15,7,0,frozen_query_observation_no_gt,post_prediction_hungarian_iou_0.5,b15282917f2a2cfc342baf3cac0731b4daff0e5d91bc57de8872662b4379c8dc
B3,5630cfcf-12bf-2860-8784-83d28a611a83,scene0219_02-scene0219_01-scene0219_04-scene0219_00-scene0219_03,canonical,3,1,5,0.2,2,6,0.3333333333333333,0,4,0.0,0,0,0,,,47,15,7,0,frozen_query_observation_no_gt,post_prediction_hungarian_iou_0.5,b15282917f2a2cfc342baf3cac0731b4daff0e5d91bc57de8872662b4379c8dc
B4,5630cfcf-12bf-2860-8784-83d28a611a83,scene0219_02-scene0219_01-scene0219_04-scene0219_00-scene0219_03,canonical,3,1,5,0.2,1,6,0.16666666666666666,0,5,0.0,0,0,0,,,47,13,5,0,frozen_query_observation_no_gt,post_prediction_hungarian_iou_0.5,b15282917f2a2cfc342baf3cac0731b4daff0e5d91bc57de8872662b4379c8dc
B2,5630cfcf-12bf-2860-8784-83d28a611a83,scene0219_02-scene0219_01-scene0219_04-scene0219_00-scene0219_03,canonical,4,1,10,0.1,2,12,0.16666666666666666,0,10,0.0,0,0,0,,,62,16,8,0,frozen_query_observation_no_gt,post_prediction_hungarian_iou_0.5,b15282917f2a2cfc342baf3cac0731b4daff0e5d91bc57de8872662b4379c8dc
B3,5630cfcf-12bf-2860-8784-83d28a611a83,scene0219_02-scene0219_01-scene0219_04-scene0219_00-scene0219_03,canonical,4,1,10,0.1,2,12,0.16666666666666666,0,10,0.0,0,0,0,,,62,16,8,0,frozen_query_observation_no_gt,post_prediction_hungarian_iou_0.5,b15282917f2a2cfc342baf3cac0731b4daff0e5d91bc57de8872662b4379c8dc
B4,5630cfcf-12bf-2860-8784-83d28a611a83,scene0219_02-scene0219_01-scene0219_04-scene0219_00-scene0219_03,canonical,4,1,10,0.1,1,12,0.08333333333333333,0,11,0.0,0,0,0,,,62,14,6,0,frozen_query_observation_no_gt,post_prediction_hungarian_iou_0.5,b15282917f2a2cfc342baf3cac0731b4daff0e5d91bc57de8872662b4379c8dc
B2,5630cfcf-12bf-2860-8784-83d28a611a83,scene0219_02-scene0219_01-scene0219_04-scene0219_00-scene0219_03,canonical,5,1,16,0.0625,2,18,0.1111111111111111,0,16,0.0,0,0,0,,,78,17,8,0,frozen_query_observation_no_gt,post_prediction_hungarian_iou_0.5,b15282917f2a2cfc342baf3cac0731b4daff0e5d91bc57de8872662b4379c8dc
B3,5630cfcf-12bf-2860-8784-83d28a611a83,scene0219_02-scene0219_01-scene0219_04-scene0219_00-scene0219_03,canonical,5,1,16,0.0625,2,18,0.1111111111111111,0,16,0.0,0,0,0,,,78,17,8,0,frozen_query_observation_no_gt,post_prediction_hungarian_iou_0.5,b15282917f2a2cfc342baf3cac0731b4daff0e5d91bc57de8872662b4379c8dc
B4,5630cfcf-12bf-2860-8784-83d28a611a83,scene0219_02-scene0219_01-scene0219_04-scene0219_00-scene0219_03,canonical,5,1,16,0.0625,1,18,0.05555555555555555,0,17,0.0,0,0,0,,,78,15,6,0,frozen_query_observation_no_gt,post_prediction_hungarian_iou_0.5,b15282917f2a2cfc342baf3cac0731b4daff0e5d91bc57de8872662b4379c8dc
B2,5630cfcf-12bf-2860-8784-83d28a611a83,scene0219_02-scene0219_01-scene0219_04-scene0219_00-scene0219_03,reverse,2,0,6,0.0,0,6,0.0,0,6,0.0,0,0,0,,,30,12,4,0,frozen_query_observation_no_gt,post_prediction_hungarian_iou_0.5,e6b3136bcc3cf605076ab9fae357496affe102a4581f4942e3b1346b0a925294
B3,5630cfcf-12bf-2860-8784-83d28a611a83,scene0219_02-scene0219_01-scene0219_04-scene0219_00-scene0219_03,reverse,2,0,6,0.0,0,6,0.0,0,6,0.0,0,0,0,,,30,12,4,0,frozen_query_observation_no_gt,post_prediction_hungarian_iou_0.5,e6b3136bcc3cf605076ab9fae357496affe102a4581f4942e3b1346b0a925294
B4,5630cfcf-12bf-2860-8784-83d28a611a83,scene0219_02-scene0219_01-scene0219_04-scene0219_00-scene0219_03,reverse,2,0,6,0.0,0,6,0.0,0,6,0.0,0,0,0,,,30,12,4,0,frozen_query_observation_no_gt,post_prediction_hungarian_iou_0.5,e6b3136bcc3cf605076ab9fae357496affe102a4581f4942e3b1346b0a925294
B2,5630cfcf-12bf-2860-8784-83d28a611a83,scene0219_02-scene0219_01-scene0219_04-scene0219_00-scene0219_03,reverse,3,0,10,0.0,0,10,0.0,0,10,0.0,0,0,0,,,49,14,5,0,frozen_query_observation_no_gt,post_prediction_hungarian_iou_0.5,e6b3136bcc3cf605076ab9fae357496affe102a4581f4942e3b1346b0a925294
B3,5630cfcf-12bf-2860-8784-83d28a611a83,scene0219_02-scene0219_01-scene0219_04-scene0219_00-scene0219_03,reverse,3,0,10,0.0,0,10,0.0,0,10,0.0,0,0,0,,,49,14,5,0,frozen_query_observation_no_gt,post_prediction_hungarian_iou_0.5,e6b3136bcc3cf605076ab9fae357496affe102a4581f4942e3b1346b0a925294
B4,5630cfcf-12bf-2860-8784-83d28a611a83,scene0219_02-scene0219_01-scene0219_04-scene0219_00-scene0219_03,reverse,3,0,10,0.0,0,10,0.0,0,10,0.0,0,0,0,,,49,13,5,0,frozen_query_observation_no_gt,post_prediction_hungarian_iou_0.5,e6b3136bcc3cf605076ab9fae357496affe102a4581f4942e3b1346b0a925294
B2,5630cfcf-12bf-2860-8784-83d28a611a83,scene0219_02-scene0219_01-scene0219_04-scene0219_00-scene0219_03,reverse,4,0,12,0.0,0,13,0.0,0,13,0.0,0,0,0,,,64,15,6,0,frozen_query_observation_no_gt,post_prediction_hungarian_iou_0.5,e6b3136bcc3cf605076ab9fae357496affe102a4581f4942e3b1346b0a925294
B3,5630cfcf-12bf-2860-8784-83d28a611a83,scene0219_02-scene0219_01-scene0219_04-scene0219_00-scene0219_03,reverse,4,0,12,0.0,0,13,0.0,0,13,0.0,0,0,0,,,64,14,5,0,frozen_query_observation_no_gt,post_prediction_hungarian_iou_0.5,e6b3136bcc3cf605076ab9fae357496affe102a4581f4942e3b1346b0a925294
B4,5630cfcf-12bf-2860-8784-83d28a611a83,scene0219_02-scene0219_01-scene0219_04-scene0219_00-scene0219_03,reverse,4,0,12,0.0,0,13,0.0,0,13,0.0,0,0,0,,,64,15,6,0,frozen_query_observation_no_gt,post_prediction_hungarian_iou_0.5,e6b3136bcc3cf605076ab9fae357496affe102a4581f4942e3b1346b0a925294
B2,5630cfcf-12bf-2860-8784-83d28a611a83,scene0219_02-scene0219_01-scene0219_04-scene0219_00-scene0219_03,reverse,5,0,14,0.0,1,17,0.058823529411764705,0,16,0.0,0,0,0,,,79,18,8,0,frozen_query_observation_no_gt,post_prediction_hungarian_iou_0.5,e6b3136bcc3cf605076ab9fae357496affe102a4581f4942e3b1346b0a925294
B3,5630cfcf-12bf-2860-8784-83d28a611a83,scene0219_02-scene0219_01-scene0219_04-scene0219_00-scene0219_03,reverse,5,0,14,0.0,1,17,0.058823529411764705,0,16,0.0,0,0,0,,,79,15,6,0,frozen_query_observation_no_gt,post_prediction_hungarian_iou_0.5,e6b3136bcc3cf605076ab9fae357496affe102a4581f4942e3b1346b0a925294
B4,5630cfcf-12bf-2860-8784-83d28a611a83,scene0219_02-scene0219_01-scene0219_04-scene0219_00-scene0219_03,reverse,5,0,14,0.0,0,17,0.0,0,17,0.0,0,0,0,,,79,15,6,0,frozen_query_observation_no_gt,post_prediction_hungarian_iou_0.5,e6b3136bcc3cf605076ab9fae357496affe102a4581f4942e3b1346b0a925294
B2,5630cfcf-12bf-2860-8784-83d28a611a83,scene0219_02-scene0219_01-scene0219_04-scene0219_00-scene0219_03,sha256_seed45,2,0,5,0.0,0,5,0.0,0,5,0.0,0,0,0,,,30,12,6,0,frozen_query_observation_no_gt,post_prediction_hungarian_iou_0.5,b317a033326f4c996335e3c7765140065e54444e9855ded51f6a055644c668a2
B3,5630cfcf-12bf-2860-8784-83d28a611a83,scene0219_02-scene0219_01-scene0219_04-scene0219_00-scene0219_03,sha256_seed45,2,0,5,0.0,0,5,0.0,0,5,0.0,0,0,0,,,30,12,6,0,frozen_query_observation_no_gt,post_prediction_hungarian_iou_0.5,b317a033326f4c996335e3c7765140065e54444e9855ded51f6a055644c668a2
B4,5630cfcf-12bf-2860-8784-83d28a611a83,scene0219_02-scene0219_01-scene0219_04-scene0219_00-scene0219_03,sha256_seed45,2,0,5,0.0,0,5,0.0,0,5,0.0,0,0,0,,,30,12,6,0,frozen_query_observation_no_gt,post_prediction_hungarian_iou_0.5,b317a033326f4c996335e3c7765140065e54444e9855ded51f6a055644c668a2
B2,5630cfcf-12bf-2860-8784-83d28a611a83,scene0219_02-scene0219_01-scene0219_04-scene0219_00-scene0219_03,sha256_seed45,3,1,10,0.1,1,10,0.1,0,9,0.0,0,0,0,,,46,13,7,0,frozen_query_observation_no_gt,post_prediction_hungarian_iou_0.5,b317a033326f4c996335e3c7765140065e54444e9855ded51f6a055644c668a2
B3,5630cfcf-12bf-2860-8784-83d28a611a83,scene0219_02-scene0219_01-scene0219_04-scene0219_00-scene0219_03,sha256_seed45,3,0,10,0.0,0,10,0.0,0,10,0.0,0,0,0,,,46,13,7,0,frozen_query_observation_no_gt,post_prediction_hungarian_iou_0.5,b317a033326f4c996335e3c7765140065e54444e9855ded51f6a055644c668a2
B4,5630cfcf-12bf-2860-8784-83d28a611a83,scene0219_02-scene0219_01-scene0219_04-scene0219_00-scene0219_03,sha256_seed45,3,0,10,0.0,0,10,0.0,0,10,0.0,0,0,0,,,46,13,7,0,frozen_query_observation_no_gt,post_prediction_hungarian_iou_0.5,b317a033326f4c996335e3c7765140065e54444e9855ded51f6a055644c668a2
B2,5630cfcf-12bf-2860-8784-83d28a611a83,scene0219_02-scene0219_01-scene0219_04-scene0219_00-scene0219_03,sha256_seed45,4,3,13,0.23076923076923078,2,13,0.15384615384615385,0,11,0.0,0,0,0,,,61,15,8,0,frozen_query_observation_no_gt,post_prediction_hungarian_iou_0.5,b317a033326f4c996335e3c7765140065e54444e9855ded51f6a055644c668a2
B3,5630cfcf-12bf-2860-8784-83d28a611a83,scene0219_02-scene0219_01-scene0219_04-scene0219_00-scene0219_03,sha256_seed45,4,2,13,0.15384615384615385,2,13,0.15384615384615385,0,11,0.0,0,0,0,,,61,15,8,0,frozen_query_observation_no_gt,post_prediction_hungarian_iou_0.5,b317a033326f4c996335e3c7765140065e54444e9855ded51f6a055644c668a2
B4,5630cfcf-12bf-2860-8784-83d28a611a83,scene0219_02-scene0219_01-scene0219_04-scene0219_00-scene0219_03,sha256_seed45,4,1,13,0.07692307692307693,1,13,0.07692307692307693,0,12,0.0,0,0,0,,,61,15,8,0,frozen_query_observation_no_gt,post_prediction_hungarian_iou_0.5,b317a033326f4c996335e3c7765140065e54444e9855ded51f6a055644c668a2
B2,5630cfcf-12bf-2860-8784-83d28a611a83,scene0219_02-scene0219_01-scene0219_04-scene0219_00-scene0219_03,sha256_seed45,5,4,16,0.25,4,19,0.21052631578947367,0,15,0.0,1,1,0,0.0,0.0,78,18,11,0,frozen_query_observation_no_gt,post_prediction_hungarian_iou_0.5,b317a033326f4c996335e3c7765140065e54444e9855ded51f6a055644c668a2
B3,5630cfcf-12bf-2860-8784-83d28a611a83,scene0219_02-scene0219_01-scene0219_04-scene0219_00-scene0219_03,sha256_seed45,5,3,16,0.1875,4,19,0.21052631578947367,0,15,0.0,1,1,0,0.0,0.0,78,18,11,0,frozen_query_observation_no_gt,post_prediction_hungarian_iou_0.5,b317a033326f4c996335e3c7765140065e54444e9855ded51f6a055644c668a2
B4,5630cfcf-12bf-2860-8784-83d28a611a83,scene0219_02-scene0219_01-scene0219_04-scene0219_00-scene0219_03,sha256_seed45,5,2,16,0.125,1,19,0.05263157894736842,0,18,0.0,1,1,1,1.0,1.0,78,15,8,0,frozen_query_observation_no_gt,post_prediction_hungarian_iou_0.5,b317a033326f4c996335e3c7765140065e54444e9855ded51f6a055644c668a2
B2,5630cfcf-12bf-2860-8784-83d28a611a83,scene0219_03-scene0219_02-scene0219_01-scene0219_04-scene0219_00,canonical,2,1,5,0.2,1,5,0.2,0,4,0.0,0,0,0,,,30,13,5,0,frozen_query_observation_no_gt,post_prediction_hungarian_iou_0.5,bb4c4e3c2a6b2ca0d2318232afbd33c152f275bf8394898bcbf8f153bc359e5a
B3,5630cfcf-12bf-2860-8784-83d28a611a83,scene0219_03-scene0219_02-scene0219_01-scene0219_04-scene0219_00,canonical,2,1,5,0.2,1,5,0.2,0,4,0.0,0,0,0,,,30,13,5,0,frozen_query_observation_no_gt,post_prediction_hungarian_iou_0.5,bb4c4e3c2a6b2ca0d2318232afbd33c152f275bf8394898bcbf8f153bc359e5a
B4,5630cfcf-12bf-2860-8784-83d28a611a83,scene0219_03-scene0219_02-scene0219_01-scene0219_04-scene0219_00,canonical,2,0,5,0.0,0,5,0.0,0,5,0.0,0,0,0,,,30,14,6,0,frozen_query_observation_no_gt,post_prediction_hungarian_iou_0.5,bb4c4e3c2a6b2ca0d2318232afbd33c152f275bf8394898bcbf8f153bc359e5a
B2,5630cfcf-12bf-2860-8784-83d28a611a83,scene0219_03-scene0219_02-scene0219_01-scene0219_04-scene0219_00,canonical,3,2,9,0.2222222222222222,2,9,0.2222222222222222,0,7,0.0,0,0,0,,,45,15,6,0,frozen_query_observation_no_gt,post_prediction_hungarian_iou_0.5,bb4c4e3c2a6b2ca0d2318232afbd33c152f275bf8394898bcbf8f153bc359e5a
B3,5630cfcf-12bf-2860-8784-83d28a611a83,scene0219_03-scene0219_02-scene0219_01-scene0219_04-scene0219_00,canonical,3,3,9,0.3333333333333333,2,9,0.2222222222222222,1,8,0.125,0,0,0,,,45,14,5,0,frozen_query_observation_no_gt,post_prediction_hungarian_iou_0.5,bb4c4e3c2a6b2ca0d2318232afbd33c152f275bf8394898bcbf8f153bc359e5a
B4,5630cfcf-12bf-2860-8784-83d28a611a83,scene0219_03-scene0219_02-scene0219_01-scene0219_04-scene0219_00,canonical,3,1,9,0.1111111111111111,1,9,0.1111111111111111,0,8,0.0,0,0,0,,,45,15,6,0,frozen_query_observation_no_gt,post_prediction_hungarian_iou_0.5,bb4c4e3c2a6b2ca0d2318232afbd33c152f275bf8394898bcbf8f153bc359e5a
B2,5630cfcf-12bf-2860-8784-83d28a611a83,scene0219_03-scene0219_02-scene0219_01-scene0219_04-scene0219_00,canonical,4,3,12,0.25,4,14,0.2857142857142857,0,10,0.0,1,1,0,0.0,0.0,62,18,9,0,frozen_query_observation_no_gt,post_prediction_hungarian_iou_0.5,bb4c4e3c2a6b2ca0d2318232afbd33c152f275bf8394898bcbf8f153bc359e5a
B3,5630cfcf-12bf-2860-8784-83d28a611a83,scene0219_03-scene0219_02-scene0219_01-scene0219_04-scene0219_00,canonical,4,4,12,0.3333333333333333,4,14,0.2857142857142857,1,11,0.09090909090909091,1,1,0,0.0,0.0,62,17,8,0,frozen_query_observation_no_gt,post_prediction_hungarian_iou_0.5,bb4c4e3c2a6b2ca0d2318232afbd33c152f275bf8394898bcbf8f153bc359e5a
B4,5630cfcf-12bf-2860-8784-83d28a611a83,scene0219_03-scene0219_02-scene0219_01-scene0219_04-scene0219_00,canonical,4,2,12,0.16666666666666666,1,14,0.07142857142857142,0,13,0.0,1,1,1,1.0,1.0,62,15,6,0,frozen_query_observation_no_gt,post_prediction_hungarian_iou_0.5,bb4c4e3c2a6b2ca0d2318232afbd33c152f275bf8394898bcbf8f153bc359e5a
B2,5630cfcf-12bf-2860-8784-83d28a611a83,scene0219_03-scene0219_02-scene0219_01-scene0219_04-scene0219_00,canonical,5,3,17,0.17647058823529413,4,21,0.19047619047619047,0,17,0.0,1,1,0,0.0,0.0,77,19,10,0,frozen_query_observation_no_gt,post_prediction_hungarian_iou_0.5,bb4c4e3c2a6b2ca0d2318232afbd33c152f275bf8394898bcbf8f153bc359e5a
B3,5630cfcf-12bf-2860-8784-83d28a611a83,scene0219_03-scene0219_02-scene0219_01-scene0219_04-scene0219_00,canonical,5,4,17,0.23529411764705882,4,21,0.19047619047619047,1,18,0.05555555555555555,1,1,0,0.0,0.0,77,18,9,0,frozen_query_observation_no_gt,post_prediction_hungarian_iou_0.5,bb4c4e3c2a6b2ca0d2318232afbd33c152f275bf8394898bcbf8f153bc359e5a
B4,5630cfcf-12bf-2860-8784-83d28a611a83,scene0219_03-scene0219_02-scene0219_01-scene0219_04-scene0219_00,canonical,5,2,17,0.11764705882352941,1,21,0.047619047619047616,0,20,0.0,1,1,1,1.0,1.0,77,15,6,0,frozen_query_observation_no_gt,post_prediction_hungarian_iou_0.5,bb4c4e3c2a6b2ca0d2318232afbd33c152f275bf8394898bcbf8f153bc359e5a
B2,5630cfcf-12bf-2860-8784-83d28a611a83,scene0219_03-scene0219_02-scene0219_01-scene0219_04-scene0219_00,reverse,2,0,4,0.0,0,4,0.0,0,4,0.0,0,0,0,,,34,13,5,0,frozen_query_observation_no_gt,post_prediction_hungarian_iou_0.5,27daae56edcd9f1e822ab3c0b92fe3083a5c4c67ec6726f2c786f195e319ae5f
B3,5630cfcf-12bf-2860-8784-83d28a611a83,scene0219_03-scene0219_02-scene0219_01-scene0219_04-scene0219_00,reverse,2,0,4,0.0,0,4,0.0,0,4,0.0,0,0,0,,,34,13,5,0,frozen_query_observation_no_gt,post_prediction_hungarian_iou_0.5,27daae56edcd9f1e822ab3c0b92fe3083a5c4c67ec6726f2c786f195e319ae5f
B4,5630cfcf-12bf-2860-8784-83d28a611a83,scene0219_03-scene0219_02-scene0219_01-scene0219_04-scene0219_00,reverse,2,0,4,0.0,0,4,0.0,0,4,0.0,0,0,0,,,34,13,5,0,frozen_query_observation_no_gt,post_prediction_hungarian_iou_0.5,27daae56edcd9f1e822ab3c0b92fe3083a5c4c67ec6726f2c786f195e319ae5f
B2,5630cfcf-12bf-2860-8784-83d28a611a83,scene0219_03-scene0219_02-scene0219_01-scene0219_04-scene0219_00,reverse,3,0,6,0.0,0,7,0.0,0,7,0.0,0,0,0,,,49,14,6,0,frozen_query_observation_no_gt,post_prediction_hungarian_iou_0.5,27daae56edcd9f1e822ab3c0b92fe3083a5c4c67ec6726f2c786f195e319ae5f
B3,5630cfcf-12bf-2860-8784-83d28a611a83,scene0219_03-scene0219_02-scene0219_01-scene0219_04-scene0219_00,reverse,3,1,6,0.16666666666666666,1,7,0.14285714285714285,1,7,0.14285714285714285,0,0,0,,,49,14,6,0,frozen_query_observation_no_gt,post_prediction_hungarian_iou_0.5,27daae56edcd9f1e822ab3c0b92fe3083a5c4c67ec6726f2c786f195e319ae5f
B4,5630cfcf-12bf-2860-8784-83d28a611a83,scene0219_03-scene0219_02-scene0219_01-scene0219_04-scene0219_00,reverse,3,0,6,0.0,0,7,0.0,0,7,0.0,0,0,0,,,49,15,6,0,frozen_query_observation_no_gt,post_prediction_hungarian_iou_0.5,27daae56edcd9f1e822ab3c0b92fe3083a5c4c67ec6726f2c786f195e319ae5f
B2,5630cfcf-12bf-2860-8784-83d28a611a83,scene0219_03-scene0219_02-scene0219_01-scene0219_04-scene0219_00,reverse,4,0,8,0.0,1,11,0.09090909090909091,0,10,0.0,0,0,0,,,64,17,8,0,frozen_query_observation_no_gt,post_prediction_hungarian_iou_0.5,27daae56edcd9f1e822ab3c0b92fe3083a5c4c67ec6726f2c786f195e319ae5f
B3,5630cfcf-12bf-2860-8784-83d28a611a83,scene0219_03-scene0219_02-scene0219_01-scene0219_04-scene0219_00,reverse,4,2,8,0.25,2,11,0.18181818181818182,1,10,0.1,0,0,0,,,64,16,8,0,frozen_query_observation_no_gt,post_prediction_hungarian_iou_0.5,27daae56edcd9f1e822ab3c0b92fe3083a5c4c67ec6726f2c786f195e319ae5f
B4,5630cfcf-12bf-2860-8784-83d28a611a83,scene0219_03-scene0219_02-scene0219_01-scene0219_04-scene0219_00,reverse,4,0,8,0.0,0,11,0.0,0,11,0.0,0,0,0,,,64,15,6,0,frozen_query_observation_no_gt,post_prediction_hungarian_iou_0.5,27daae56edcd9f1e822ab3c0b92fe3083a5c4c67ec6726f2c786f195e319ae5f
B2,5630cfcf-12bf-2860-8784-83d28a611a83,scene0219_03-scene0219_02-scene0219_01-scene0219_04-scene0219_00,reverse,5,0,12,0.0,3,18,0.16666666666666666,0,15,0.0,1,1,0,0.0,0.0,78,18,9,0,frozen_query_observation_no_gt,post_prediction_hungarian_iou_0.5,27daae56edcd9f1e822ab3c0b92fe3083a5c4c67ec6726f2c786f195e319ae5f
B3,5630cfcf-12bf-2860-8784-83d28a611a83,scene0219_03-scene0219_02-scene0219_01-scene0219_04-scene0219_00,reverse,5,2,12,0.16666666666666666,3,18,0.16666666666666666,1,16,0.0625,1,1,0,0.0,0.0,78,17,9,0,frozen_query_observation_no_gt,post_prediction_hungarian_iou_0.5,27daae56edcd9f1e822ab3c0b92fe3083a5c4c67ec6726f2c786f195e319ae5f
B4,5630cfcf-12bf-2860-8784-83d28a611a83,scene0219_03-scene0219_02-scene0219_01-scene0219_04-scene0219_00,reverse,5,0,12,0.0,0,18,0.0,0,18,0.0,1,1,1,1.0,1.0,78,15,6,0,frozen_query_observation_no_gt,post_prediction_hungarian_iou_0.5,27daae56edcd9f1e822ab3c0b92fe3083a5c4c67ec6726f2c786f195e319ae5f
B2,5630cfcf-12bf-2860-8784-83d28a611a83,scene0219_03-scene0219_02-scene0219_01-scene0219_04-scene0219_00,sha256_seed45,2,0,5,0.0,0,5,0.0,0,5,0.0,0,0,0,,,30,12,6,0,frozen_query_observation_no_gt,post_prediction_hungarian_iou_0.5,b317a033326f4c996335e3c7765140065e54444e9855ded51f6a055644c668a2
B3,5630cfcf-12bf-2860-8784-83d28a611a83,scene0219_03-scene0219_02-scene0219_01-scene0219_04-scene0219_00,sha256_seed45,2,0,5,0.0,0,5,0.0,0,5,0.0,0,0,0,,,30,12,6,0,frozen_query_observation_no_gt,post_prediction_hungarian_iou_0.5,b317a033326f4c996335e3c7765140065e54444e9855ded51f6a055644c668a2
B4,5630cfcf-12bf-2860-8784-83d28a611a83,scene0219_03-scene0219_02-scene0219_01-scene0219_04-scene0219_00,sha256_seed45,2,0,5,0.0,0,5,0.0,0,5,0.0,0,0,0,,,30,12,6,0,frozen_query_observation_no_gt,post_prediction_hungarian_iou_0.5,b317a033326f4c996335e3c7765140065e54444e9855ded51f6a055644c668a2
B2,5630cfcf-12bf-2860-8784-83d28a611a83,scene0219_03-scene0219_02-scene0219_01-scene0219_04-scene0219_00,sha256_seed45,3,1,10,0.1,1,10,0.1,0,9,0.0,0,0,0,,,46,13,7,0,frozen_query_observation_no_gt,post_prediction_hungarian_iou_0.5,b317a033326f4c996335e3c7765140065e54444e9855ded51f6a055644c668a2
B3,5630cfcf-12bf-2860-8784-83d28a611a83,scene0219_03-scene0219_02-scene0219_01-scene0219_04-scene0219_00,sha256_seed45,3,0,10,0.0,0,10,0.0,0,10,0.0,0,0,0,,,46,13,7,0,frozen_query_observation_no_gt,post_prediction_hungarian_iou_0.5,b317a033326f4c996335e3c7765140065e54444e9855ded51f6a055644c668a2
B4,5630cfcf-12bf-2860-8784-83d28a611a83,scene0219_03-scene0219_02-scene0219_01-scene0219_04-scene0219_00,sha256_seed45,3,0,10,0.0,0,10,0.0,0,10,0.0,0,0,0,,,46,13,7,0,frozen_query_observation_no_gt,post_prediction_hungarian_iou_0.5,b317a033326f4c996335e3c7765140065e54444e9855ded51f6a055644c668a2
B2,5630cfcf-12bf-2860-8784-83d28a611a83,scene0219_03-scene0219_02-scene0219_01-scene0219_04-scene0219_00,sha256_seed45,4,3,13,0.23076923076923078,2,13,0.15384615384615385,0,11,0.0,0,0,0,,,61,15,8,0,frozen_query_observation_no_gt,post_prediction_hungarian_iou_0.5,b317a033326f4c996335e3c7765140065e54444e9855ded51f6a055644c668a2
B3,5630cfcf-12bf-2860-8784-83d28a611a83,scene0219_03-scene0219_02-scene0219_01-scene0219_04-scene0219_00,sha256_seed45,4,2,13,0.15384615384615385,2,13,0.15384615384615385,0,11,0.0,0,0,0,,,61,15,8,0,frozen_query_observation_no_gt,post_prediction_hungarian_iou_0.5,b317a033326f4c996335e3c7765140065e54444e9855ded51f6a055644c668a2
B4,5630cfcf-12bf-2860-8784-83d28a611a83,scene0219_03-scene0219_02-scene0219_01-scene0219_04-scene0219_00,sha256_seed45,4,1,13,0.07692307692307693,1,13,0.07692307692307693,0,12,0.0,0,0,0,,,61,15,8,0,frozen_query_observation_no_gt,post_prediction_hungarian_iou_0.5,b317a033326f4c996335e3c7765140065e54444e9855ded51f6a055644c668a2
B2,5630cfcf-12bf-2860-8784-83d28a611a83,scene0219_03-scene0219_02-scene0219_01-scene0219_04-scene0219_00,sha256_seed45,5,4,16,0.25,4,19,0.21052631578947367,0,15,0.0,1,1,0,0.0,0.0,78,18,11,0,frozen_query_observation_no_gt,post_prediction_hungarian_iou_0.5,b317a033326f4c996335e3c7765140065e54444e9855ded51f6a055644c668a2
B3,5630cfcf-12bf-2860-8784-83d28a611a83,scene0219_03-scene0219_02-scene0219_01-scene0219_04-scene0219_00,sha256_seed45,5,3,16,0.1875,4,19,0.21052631578947367,0,15,0.0,1,1,0,0.0,0.0,78,18,11,0,frozen_query_observation_no_gt,post_prediction_hungarian_iou_0.5,b317a033326f4c996335e3c7765140065e54444e9855ded51f6a055644c668a2
B4,5630cfcf-12bf-2860-8784-83d28a611a83,scene0219_03-scene0219_02-scene0219_01-scene0219_04-scene0219_00,sha256_seed45,5,2,16,0.125,1,19,0.05263157894736842,0,18,0.0,1,1,1,1.0,1.0,78,15,8,0,frozen_query_observation_no_gt,post_prediction_hungarian_iou_0.5,b317a033326f4c996335e3c7765140065e54444e9855ded51f6a055644c668a2
B2,5630cfcf-12bf-2860-8784-83d28a611a83,scene0219_04-scene0219_00-scene0219_03-scene0219_02-scene0219_01,canonical,2,0,5,0.0,0,5,0.0,0,5,0.0,0,0,0,,,30,12,6,0,frozen_query_observation_no_gt,post_prediction_hungarian_iou_0.5,e3dd4b15aef3848b4312474123ccabe87dd36fa5611d0d111631e770bcd81e4c
B3,5630cfcf-12bf-2860-8784-83d28a611a83,scene0219_04-scene0219_00-scene0219_03-scene0219_02-scene0219_01,canonical,2,0,5,0.0,0,5,0.0,0,5,0.0,0,0,0,,,30,12,6,0,frozen_query_observation_no_gt,post_prediction_hungarian_iou_0.5,e3dd4b15aef3848b4312474123ccabe87dd36fa5611d0d111631e770bcd81e4c
B4,5630cfcf-12bf-2860-8784-83d28a611a83,scene0219_04-scene0219_00-scene0219_03-scene0219_02-scene0219_01,canonical,2,0,5,0.0,0,5,0.0,0,5,0.0,0,0,0,,,30,12,6,0,frozen_query_observation_no_gt,post_prediction_hungarian_iou_0.5,e3dd4b15aef3848b4312474123ccabe87dd36fa5611d0d111631e770bcd81e4c
B2,5630cfcf-12bf-2860-8784-83d28a611a83,scene0219_04-scene0219_00-scene0219_03-scene0219_02-scene0219_01,canonical,3,0,11,0.0,0,11,0.0,0,11,0.0,0,0,0,,,46,13,6,0,frozen_query_observation_no_gt,post_prediction_hungarian_iou_0.5,e3dd4b15aef3848b4312474123ccabe87dd36fa5611d0d111631e770bcd81e4c
B3,5630cfcf-12bf-2860-8784-83d28a611a83,scene0219_04-scene0219_00-scene0219_03-scene0219_02-scene0219_01,canonical,3,0,11,0.0,0,11,0.0,0,11,0.0,0,0,0,,,46,13,6,0,frozen_query_observation_no_gt,post_prediction_hungarian_iou_0.5,e3dd4b15aef3848b4312474123ccabe87dd36fa5611d0d111631e770bcd81e4c
B4,5630cfcf-12bf-2860-8784-83d28a611a83,scene0219_04-scene0219_00-scene0219_03-scene0219_02-scene0219_01,canonical,3,1,11,0.09090909090909091,1,11,0.09090909090909091,0,10,0.0,0,0,0,,,46,13,6,0,frozen_query_observation_no_gt,post_prediction_hungarian_iou_0.5,e3dd4b15aef3848b4312474123ccabe87dd36fa5611d0d111631e770bcd81e4c
B2,5630cfcf-12bf-2860-8784-83d28a611a83,scene0219_04-scene0219_00-scene0219_03-scene0219_02-scene0219_01,canonical,4,0,15,0.0,0,16,0.0,0,16,0.0,0,0,0,,,61,14,7,0,frozen_query_observation_no_gt,post_prediction_hungarian_iou_0.5,e3dd4b15aef3848b4312474123ccabe87dd36fa5611d0d111631e770bcd81e4c
B3,5630cfcf-12bf-2860-8784-83d28a611a83,scene0219_04-scene0219_00-scene0219_03-scene0219_02-scene0219_01,canonical,4,0,15,0.0,0,16,0.0,0,16,0.0,0,0,0,,,61,14,7,0,frozen_query_observation_no_gt,post_prediction_hungarian_iou_0.5,e3dd4b15aef3848b4312474123ccabe87dd36fa5611d0d111631e770bcd81e4c
B4,5630cfcf-12bf-2860-8784-83d28a611a83,scene0219_04-scene0219_00-scene0219_03-scene0219_02-scene0219_01,canonical,4,2,15,0.13333333333333333,1,16,0.0625,0,15,0.0,0,0,0,,,61,14,7,0,frozen_query_observation_no_gt,post_prediction_hungarian_iou_0.5,e3dd4b15aef3848b4312474123ccabe87dd36fa5611d0d111631e770bcd81e4c
B2,5630cfcf-12bf-2860-8784-83d28a611a83,scene0219_04-scene0219_00-scene0219_03-scene0219_02-scene0219_01,canonical,5,1,19,0.05263157894736842,1,20,0.05,0,19,0.0,0,0,0,,,76,16,8,0,frozen_query_observation_no_gt,post_prediction_hungarian_iou_0.5,e3dd4b15aef3848b4312474123ccabe87dd36fa5611d0d111631e770bcd81e4c
B3,5630cfcf-12bf-2860-8784-83d28a611a83,scene0219_04-scene0219_00-scene0219_03-scene0219_02-scene0219_01,canonical,5,1,19,0.05263157894736842,1,20,0.05,0,19,0.0,0,0,0,,,76,16,8,0,frozen_query_observation_no_gt,post_prediction_hungarian_iou_0.5,e3dd4b15aef3848b4312474123ccabe87dd36fa5611d0d111631e770bcd81e4c
B4,5630cfcf-12bf-2860-8784-83d28a611a83,scene0219_04-scene0219_00-scene0219_03-scene0219_02-scene0219_01,canonical,5,3,19,0.15789473684210525,2,20,0.1,0,18,0.0,0,0,0,,,76,16,8,0,frozen_query_observation_no_gt,post_prediction_hungarian_iou_0.5,e3dd4b15aef3848b4312474123ccabe87dd36fa5611d0d111631e770bcd81e4c
B2,5630cfcf-12bf-2860-8784-83d28a611a83,scene0219_04-scene0219_00-scene0219_03-scene0219_02-scene0219_01,reverse,2,0,1,0.0,0,1,0.0,0,1,0.0,0,0,0,,,30,11,4,0,frozen_query_observation_no_gt,post_prediction_hungarian_iou_0.5,b75e217c75901efcc283446bba3438e14164aadc92de780e6cf6f7b5c98d74e1
B3,5630cfcf-12bf-2860-8784-83d28a611a83,scene0219_04-scene0219_00-scene0219_03-scene0219_02-scene0219_01,reverse,2,0,1,0.0,0,1,0.0,0,1,0.0,0,0,0,,,30,11,4,0,frozen_query_observation_no_gt,post_prediction_hungarian_iou_0.5,b75e217c75901efcc283446bba3438e14164aadc92de780e6cf6f7b5c98d74e1
B4,5630cfcf-12bf-2860-8784-83d28a611a83,scene0219_04-scene0219_00-scene0219_03-scene0219_02-scene0219_01,reverse,2,0,1,0.0,0,1,0.0,0,1,0.0,0,0,0,,,30,11,4,0,frozen_query_observation_no_gt,post_prediction_hungarian_iou_0.5,b75e217c75901efcc283446bba3438e14164aadc92de780e6cf6f7b5c98d74e1
B2,5630cfcf-12bf-2860-8784-83d28a611a83,scene0219_04-scene0219_00-scene0219_03-scene0219_02-scene0219_01,reverse,3,0,5,0.0,0,5,0.0,0,5,0.0,0,0,0,,,44,12,4,0,frozen_query_observation_no_gt,post_prediction_hungarian_iou_0.5,b75e217c75901efcc283446bba3438e14164aadc92de780e6cf6f7b5c98d74e1
B3,5630cfcf-12bf-2860-8784-83d28a611a83,scene0219_04-scene0219_00-scene0219_03-scene0219_02-scene0219_01,reverse,3,0,5,0.0,0,5,0.0,0,5,0.0,0,0,0,,,44,12,4,0,frozen_query_observation_no_gt,post_prediction_hungarian_iou_0.5,b75e217c75901efcc283446bba3438e14164aadc92de780e6cf6f7b5c98d74e1
B4,5630cfcf-12bf-2860-8784-83d28a611a83,scene0219_04-scene0219_00-scene0219_03-scene0219_02-scene0219_01,reverse,3,0,5,0.0,0,5,0.0,0,5,0.0,0,0,0,,,44,12,4,0,frozen_query_observation_no_gt,post_prediction_hungarian_iou_0.5,b75e217c75901efcc283446bba3438e14164aadc92de780e6cf6f7b5c98d74e1
B2,5630cfcf-12bf-2860-8784-83d28a611a83,scene0219_04-scene0219_00-scene0219_03-scene0219_02-scene0219_01,reverse,4,0,11,0.0,0,11,0.0,0,11,0.0,0,0,0,,,59,13,5,0,frozen_query_observation_no_gt,post_prediction_hungarian_iou_0.5,b75e217c75901efcc283446bba3438e14164aadc92de780e6cf6f7b5c98d74e1
B3,5630cfcf-12bf-2860-8784-83d28a611a83,scene0219_04-scene0219_00-scene0219_03-scene0219_02-scene0219_01,reverse,4,0,11,0.0,0,11,0.0,0,11,0.0,0,0,0,,,59,13,5,0,frozen_query_observation_no_gt,post_prediction_hungarian_iou_0.5,b75e217c75901efcc283446bba3438e14164aadc92de780e6cf6f7b5c98d74e1
B4,5630cfcf-12bf-2860-8784-83d28a611a83,scene0219_04-scene0219_00-scene0219_03-scene0219_02-scene0219_01,reverse,4,0,11,0.0,0,11,0.0,0,11,0.0,0,0,0,,,59,13,5,0,frozen_query_observation_no_gt,post_prediction_hungarian_iou_0.5,b75e217c75901efcc283446bba3438e14164aadc92de780e6cf6f7b5c98d74e1
B2,5630cfcf-12bf-2860-8784-83d28a611a83,scene0219_04-scene0219_00-scene0219_03-scene0219_02-scene0219_01,reverse,5,0,15,0.0,0,15,0.0,0,15,0.0,0,0,0,,,78,15,6,0,frozen_query_observation_no_gt,post_prediction_hungarian_iou_0.5,b75e217c75901efcc283446bba3438e14164aadc92de780e6cf6f7b5c98d74e1
B3,5630cfcf-12bf-2860-8784-83d28a611a83,scene0219_04-scene0219_00-scene0219_03-scene0219_02-scene0219_01,reverse,5,0,15,0.0,0,15,0.0,0,15,0.0,0,0,0,,,78,15,6,0,frozen_query_observation_no_gt,post_prediction_hungarian_iou_0.5,b75e217c75901efcc283446bba3438e14164aadc92de780e6cf6f7b5c98d74e1
B4,5630cfcf-12bf-2860-8784-83d28a611a83,scene0219_04-scene0219_00-scene0219_03-scene0219_02-scene0219_01,reverse,5,0,15,0.0,0,15,0.0,0,15,0.0,0,0,0,,,78,14,6,0,frozen_query_observation_no_gt,post_prediction_hungarian_iou_0.5,b75e217c75901efcc283446bba3438e14164aadc92de780e6cf6f7b5c98d74e1
B2,5630cfcf-12bf-2860-8784-83d28a611a83,scene0219_04-scene0219_00-scene0219_03-scene0219_02-scene0219_01,sha256_seed45,2,0,5,0.0,0,5,0.0,0,5,0.0,0,0,0,,,30,12,6,0,frozen_query_observation_no_gt,post_prediction_hungarian_iou_0.5,b317a033326f4c996335e3c7765140065e54444e9855ded51f6a055644c668a2
B3,5630cfcf-12bf-2860-8784-83d28a611a83,scene0219_04-scene0219_00-scene0219_03-scene0219_02-scene0219_01,sha256_seed45,2,0,5,0.0,0,5,0.0,0,5,0.0,0,0,0,,,30,12,6,0,frozen_query_observation_no_gt,post_prediction_hungarian_iou_0.5,b317a033326f4c996335e3c7765140065e54444e9855ded51f6a055644c668a2
B4,5630cfcf-12bf-2860-8784-83d28a611a83,scene0219_04-scene0219_00-scene0219_03-scene0219_02-scene0219_01,sha256_seed45,2,0,5,0.0,0,5,0.0,0,5,0.0,0,0,0,,,30,12,6,0,frozen_query_observation_no_gt,post_prediction_hungarian_iou_0.5,b317a033326f4c996335e3c7765140065e54444e9855ded51f6a055644c668a2
B2,5630cfcf-12bf-2860-8784-83d28a611a83,scene0219_04-scene0219_00-scene0219_03-scene0219_02-scene0219_01,sha256_seed45,3,1,10,0.1,1,10,0.1,0,9,0.0,0,0,0,,,46,13,7,0,frozen_query_observation_no_gt,post_prediction_hungarian_iou_0.5,b317a033326f4c996335e3c7765140065e54444e9855ded51f6a055644c668a2
B3,5630cfcf-12bf-2860-8784-83d28a611a83,scene0219_04-scene0219_00-scene0219_03-scene0219_02-scene0219_01,sha256_seed45,3,0,10,0.0,0,10,0.0,0,10,0.0,0,0,0,,,46,13,7,0,frozen_query_observation_no_gt,post_prediction_hungarian_iou_0.5,b317a033326f4c996335e3c7765140065e54444e9855ded51f6a055644c668a2
B4,5630cfcf-12bf-2860-8784-83d28a611a83,scene0219_04-scene0219_00-scene0219_03-scene0219_02-scene0219_01,sha256_seed45,3,0,10,0.0,0,10,0.0,0,10,0.0,0,0,0,,,46,13,7,0,frozen_query_observation_no_gt,post_prediction_hungarian_iou_0.5,b317a033326f4c996335e3c7765140065e54444e9855ded51f6a055644c668a2
B2,5630cfcf-12bf-2860-8784-83d28a611a83,scene0219_04-scene0219_00-scene0219_03-scene0219_02-scene0219_01,sha256_seed45,4,3,13,0.23076923076923078,2,13,0.15384615384615385,0,11,0.0,0,0,0,,,61,15,8,0,frozen_query_observation_no_gt,post_prediction_hungarian_iou_0.5,b317a033326f4c996335e3c7765140065e54444e9855ded51f6a055644c668a2
B3,5630cfcf-12bf-2860-8784-83d28a611a83,scene0219_04-scene0219_00-scene0219_03-scene0219_02-scene0219_01,sha256_seed45,4,2,13,0.15384615384615385,2,13,0.15384615384615385,0,11,0.0,0,0,0,,,61,15,8,0,frozen_query_observation_no_gt,post_prediction_hungarian_iou_0.5,b317a033326f4c996335e3c7765140065e54444e9855ded51f6a055644c668a2
B4,5630cfcf-12bf-2860-8784-83d28a611a83,scene0219_04-scene0219_00-scene0219_03-scene0219_02-scene0219_01,sha256_seed45,4,1,13,0.07692307692307693,1,13,0.07692307692307693,0,12,0.0,0,0,0,,,61,15,8,0,frozen_query_observation_no_gt,post_prediction_hungarian_iou_0.5,b317a033326f4c996335e3c7765140065e54444e9855ded51f6a055644c668a2
B2,5630cfcf-12bf-2860-8784-83d28a611a83,scene0219_04-scene0219_00-scene0219_03-scene0219_02-scene0219_01,sha256_seed45,5,4,16,0.25,4,19,0.21052631578947367,0,15,0.0,1,1,0,0.0,0.0,78,18,11,0,frozen_query_observation_no_gt,post_prediction_hungarian_iou_0.5,b317a033326f4c996335e3c7765140065e54444e9855ded51f6a055644c668a2
B3,5630cfcf-12bf-2860-8784-83d28a611a83,scene0219_04-scene0219_00-scene0219_03-scene0219_02-scene0219_01,sha256_seed45,5,3,16,0.1875,4,19,0.21052631578947367,0,15,0.0,1,1,0,0.0,0.0,78,18,11,0,frozen_query_observation_no_gt,post_prediction_hungarian_iou_0.5,b317a033326f4c996335e3c7765140065e54444e9855ded51f6a055644c668a2
B4,5630cfcf-12bf-2860-8784-83d28a611a83,scene0219_04-scene0219_00-scene0219_03-scene0219_02-scene0219_01,sha256_seed45,5,2,16,0.125,1,19,0.05263157894736842,0,18,0.0,1,1,1,1.0,1.0,78,15,8,0,frozen_query_observation_no_gt,post_prediction_hungarian_iou_0.5,b317a033326f4c996335e3c7765140065e54444e9855ded51f6a055644c668a2
B2,8eabc45f-5af7-2f32-8528-640861d2a135,scene0309_00-scene0309_02-scene0309_01-scene0309_04-scene0309_03,canonical,2,0,3,0.0,0,3,0.0,4,7,0.5714285714285714,0,0,0,,,43,16,5,0,frozen_query_observation_no_gt,post_prediction_hungarian_iou_0.5,d8d6cecbe2c8f071dd79c1ae3c38d64375c675dc34d63d3aafc3b575328521cd
B3,8eabc45f-5af7-2f32-8528-640861d2a135,scene0309_00-scene0309_02-scene0309_01-scene0309_04-scene0309_03,canonical,2,0,3,0.0,0,3,0.0,4,7,0.5714285714285714,0,0,0,,,43,16,5,0,frozen_query_observation_no_gt,post_prediction_hungarian_iou_0.5,d8d6cecbe2c8f071dd79c1ae3c38d64375c675dc34d63d3aafc3b575328521cd
B4,8eabc45f-5af7-2f32-8528-640861d2a135,scene0309_00-scene0309_02-scene0309_01-scene0309_04-scene0309_03,canonical,2,0,3,0.0,0,3,0.0,5,8,0.625,0,0,0,,,43,17,6,0,frozen_query_observation_no_gt,post_prediction_hungarian_iou_0.5,d8d6cecbe2c8f071dd79c1ae3c38d64375c675dc34d63d3aafc3b575328521cd
B2,8eabc45f-5af7-2f32-8528-640861d2a135,scene0309_00-scene0309_02-scene0309_01-scene0309_04-scene0309_03,canonical,3,0,3,0.0,0,5,0.0,4,9,0.4444444444444444,2,1,1,1.0,0.5,54,16,5,0,frozen_query_observation_no_gt,post_prediction_hungarian_iou_0.5,d8d6cecbe2c8f071dd79c1ae3c38d64375c675dc34d63d3aafc3b575328521cd
B3,8eabc45f-5af7-2f32-8528-640861d2a135,scene0309_00-scene0309_02-scene0309_01-scene0309_04-scene0309_03,canonical,3,0,3,0.0,0,5,0.0,4,9,0.4444444444444444,2,1,1,1.0,0.5,54,16,5,0,frozen_query_observation_no_gt,post_prediction_hungarian_iou_0.5,d8d6cecbe2c8f071dd79c1ae3c38d64375c675dc34d63d3aafc3b575328521cd
B4,8eabc45f-5af7-2f32-8528-640861d2a135,scene0309_00-scene0309_02-scene0309_01-scene0309_04-scene0309_03,canonical,3,0,3,0.0,0,5,0.0,5,10,0.5,2,1,1,1.0,0.5,54,17,6,0,frozen_query_observation_no_gt,post_prediction_hungarian_iou_0.5,d8d6cecbe2c8f071dd79c1ae3c38d64375c675dc34d63d3aafc3b575328521cd
B2,8eabc45f-5af7-2f32-8528-640861d2a135,scene0309_00-scene0309_02-scene0309_01-scene0309_04-scene0309_03,canonical,4,0,3,0.0,5,13,0.38461538461538464,4,12,0.3333333333333333,12,7,3,0.42857142857142855,0.25,70,23,11,0,frozen_query_observation_no_gt,post_prediction_hungarian_iou_0.5,d8d6cecbe2c8f071dd79c1ae3c38d64375c675dc34d63d3aafc3b575328521cd
B3,8eabc45f-5af7-2f32-8528-640861d2a135,scene0309_00-scene0309_02-scene0309_01-scene0309_04-scene0309_03,canonical,4,0,3,0.0,5,13,0.38461538461538464,4,12,0.3333333333333333,12,7,3,0.42857142857142855,0.25,70,23,11,0,frozen_query_observation_no_gt,post_prediction_hungarian_iou_0.5,d8d6cecbe2c8f071dd79c1ae3c38d64375c675dc34d63d3aafc3b575328521cd
B4,8eabc45f-5af7-2f32-8528-640861d2a135,scene0309_00-scene0309_02-scene0309_01-scene0309_04-scene0309_03,canonical,4,0,3,0.0,0,13,0.0,5,18,0.2777777777777778,12,7,7,1.0,0.5833333333333334,70,17,6,0,frozen_query_observation_no_gt,post_prediction_hungarian_iou_0.5,d8d6cecbe2c8f071dd79c1ae3c38d64375c675dc34d63d3aafc3b575328521cd
B2,8eabc45f-5af7-2f32-8528-640861d2a135,scene0309_00-scene0309_02-scene0309_01-scene0309_04-scene0309_03,canonical,5,1,4,0.25,8,16,0.5,5,13,0.38461538461538464,15,8,3,0.375,0.2,83,28,16,0,frozen_query_observation_no_gt,post_prediction_hungarian_iou_0.5,d8d6cecbe2c8f071dd79c1ae3c38d64375c675dc34d63d3aafc3b575328521cd
B3,8eabc45f-5af7-2f32-8528-640861d2a135,scene0309_00-scene0309_02-scene0309_01-scene0309_04-scene0309_03,canonical,5,1,4,0.25,8,16,0.5,5,13,0.38461538461538464,15,8,3,0.375,0.2,83,28,16,0,frozen_query_observation_no_gt,post_prediction_hungarian_iou_0.5,d8d6cecbe2c8f071dd79c1ae3c38d64375c675dc34d63d3aafc3b575328521cd
B4,8eabc45f-5af7-2f32-8528-640861d2a135,scene0309_00-scene0309_02-scene0309_01-scene0309_04-scene0309_03,canonical,5,1,4,0.25,1,16,0.0625,6,21,0.2857142857142857,15,8,8,1.0,0.5333333333333333,83,19,8,0,frozen_query_observation_no_gt,post_prediction_hungarian_iou_0.5,d8d6cecbe2c8f071dd79c1ae3c38d64375c675dc34d63d3aafc3b575328521cd
B2,8eabc45f-5af7-2f32-8528-640861d2a135,scene0309_00-scene0309_02-scene0309_01-scene0309_04-scene0309_03,reverse,2,1,2,0.5,1,2,0.5,1,2,0.5,0,0,0,,,29,16,5,0,frozen_query_observation_no_gt,post_prediction_hungarian_iou_0.5,bce0d897f3894d3d5965f8038887e5617b4c3598bf0983e8dedc1ba18271ca7b
B3,8eabc45f-5af7-2f32-8528-640861d2a135,scene0309_00-scene0309_02-scene0309_01-scene0309_04-scene0309_03,reverse,2,1,2,0.5,1,2,0.5,1,2,0.5,0,0,0,,,29,16,5,0,frozen_query_observation_no_gt,post_prediction_hungarian_iou_0.5,bce0d897f3894d3d5965f8038887e5617b4c3598bf0983e8dedc1ba18271ca7b
B4,8eabc45f-5af7-2f32-8528-640861d2a135,scene0309_00-scene0309_02-scene0309_01-scene0309_04-scene0309_03,reverse,2,2,2,1.0,2,2,1.0,2,2,1.0,0,0,0,,,29,16,5,0,frozen_query_observation_no_gt,post_prediction_hungarian_iou_0.5,bce0d897f3894d3d5965f8038887e5617b4c3598bf0983e8dedc1ba18271ca7b
B2,8eabc45f-5af7-2f32-8528-640861d2a135,scene0309_00-scene0309_02-scene0309_01-scene0309_04-scene0309_03,reverse,3,1,2,0.5,3,4,0.75,3,4,0.75,2,1,0,0.0,0.0,36,18,7,0,frozen_query_observation_no_gt,post_prediction_hungarian_iou_0.5,bce0d897f3894d3d5965f8038887e5617b4c3598bf0983e8dedc1ba18271ca7b
B3,8eabc45f-5af7-2f32-8528-640861d2a135,scene0309_00-scene0309_02-scene0309_01-scene0309_04-scene0309_03,reverse,3,1,2,0.5,3,4,0.75,4,5,0.8,2,1,0,0.0,0.0,36,17,6,0,frozen_query_observation_no_gt,post_prediction_hungarian_iou_0.5,bce0d897f3894d3d5965f8038887e5617b4c3598bf0983e8dedc1ba18271ca7b
B4,8eabc45f-5af7-2f32-8528-640861d2a135,scene0309_00-scene0309_02-scene0309_01-scene0309_04-scene0309_03,reverse,3,2,2,1.0,2,4,0.5,4,6,0.6666666666666666,2,1,1,1.0,0.5,36,16,5,0,frozen_query_observation_no_gt,post_prediction_hungarian_iou_0.5,bce0d897f3894d3d5965f8038887e5617b4c3598bf0983e8dedc1ba18271ca7b
B2,8eabc45f-5af7-2f32-8528-640861d2a135,scene0309_00-scene0309_02-scene0309_01-scene0309_04-scene0309_03,reverse,4,1,2,0.5,5,8,0.625,4,7,0.5714285714285714,6,4,2,0.5,0.3333333333333333,55,30,15,0,frozen_query_observation_no_gt,post_prediction_hungarian_iou_0.5,bce0d897f3894d3d5965f8038887e5617b4c3598bf0983e8dedc1ba18271ca7b
B3,8eabc45f-5af7-2f32-8528-640861d2a135,scene0309_00-scene0309_02-scene0309_01-scene0309_04-scene0309_03,reverse,4,1,2,0.5,4,8,0.5,5,9,0.5555555555555556,6,4,2,0.5,0.3333333333333333,55,28,13,0,frozen_query_observation_no_gt,post_prediction_hungarian_iou_0.5,bce0d897f3894d3d5965f8038887e5617b4c3598bf0983e8dedc1ba18271ca7b
B4,8eabc45f-5af7-2f32-8528-640861d2a135,scene0309_00-scene0309_02-scene0309_01-scene0309_04-scene0309_03,reverse,4,2,2,1.0,3,8,0.375,9,14,0.6428571428571429,6,4,3,0.75,0.5,55,18,6,0,frozen_query_observation_no_gt,post_prediction_hungarian_iou_0.5,bce0d897f3894d3d5965f8038887e5617b4c3598bf0983e8dedc1ba18271ca7b
B2,8eabc45f-5af7-2f32-8528-640861d2a135,scene0309_00-scene0309_02-scene0309_01-scene0309_04-scene0309_03,reverse,5,4,6,0.6666666666666666,14,19,0.7368421052631579,9,14,0.6428571428571429,15,10,3,0.3,0.2,77,32,17,0,frozen_query_observation_no_gt,post_prediction_hungarian_iou_0.5,bce0d897f3894d3d5965f8038887e5617b4c3598bf0983e8dedc1ba18271ca7b
B3,8eabc45f-5af7-2f32-8528-640861d2a135,scene0309_00-scene0309_02-scene0309_01-scene0309_04-scene0309_03,reverse,5,3,6,0.5,11,19,0.5789473684210527,9,17,0.5294117647058824,15,10,4,0.4,0.26666666666666666,77,30,15,0,frozen_query_observation_no_gt,post_prediction_hungarian_iou_0.5,bce0d897f3894d3d5965f8038887e5617b4c3598bf0983e8dedc1ba18271ca7b
B4,8eabc45f-5af7-2f32-8528-640861d2a135,scene0309_00-scene0309_02-scene0309_01-scene0309_04-scene0309_03,reverse,5,3,6,0.5,4,19,0.21052631578947367,11,26,0.4230769230769231,15,10,8,0.8,0.5333333333333333,77,19,7,0,frozen_query_observation_no_gt,post_prediction_hungarian_iou_0.5,bce0d897f3894d3d5965f8038887e5617b4c3598bf0983e8dedc1ba18271ca7b
B2,8eabc45f-5af7-2f32-8528-640861d2a135,scene0309_00-scene0309_02-scene0309_01-scene0309_04-scene0309_03,sha256_seed45,2,1,1,1.0,1,1,1.0,1,1,1.0,0,0,0,,,31,17,6,0,frozen_query_observation_no_gt,post_prediction_hungarian_iou_0.5,6d408758a6ec53e2c0f0c531de8f40b4326b7cbfe85da81157c86952bf9fa70c
B3,8eabc45f-5af7-2f32-8528-640861d2a135,scene0309_00-scene0309_02-scene0309_01-scene0309_04-scene0309_03,sha256_seed45,2,1,1,1.0,1,1,1.0,1,1,1.0,0,0,0,,,31,17,6,0,frozen_query_observation_no_gt,post_prediction_hungarian_iou_0.5,6d408758a6ec53e2c0f0c531de8f40b4326b7cbfe85da81157c86952bf9fa70c
B4,8eabc45f-5af7-2f32-8528-640861d2a135,scene0309_00-scene0309_02-scene0309_01-scene0309_04-scene0309_03,sha256_seed45,2,1,1,1.0,1,1,1.0,1,1,1.0,0,0,0,,,31,17,6,0,frozen_query_observation_no_gt,post_prediction_hungarian_iou_0.5,6d408758a6ec53e2c0f0c531de8f40b4326b7cbfe85da81157c86952bf9fa70c
B2,8eabc45f-5af7-2f32-8528-640861d2a135,scene0309_00-scene0309_02-scene0309_01-scene0309_04-scene0309_03,sha256_seed45,3,1,3,0.3333333333333333,1,3,0.3333333333333333,1,3,0.3333333333333333,0,0,0,,,42,17,6,0,frozen_query_observation_no_gt,post_prediction_hungarian_iou_0.5,6d408758a6ec53e2c0f0c531de8f40b4326b7cbfe85da81157c86952bf9fa70c
B3,8eabc45f-5af7-2f32-8528-640861d2a135,scene0309_00-scene0309_02-scene0309_01-scene0309_04-scene0309_03,sha256_seed45,3,1,3,0.3333333333333333,1,3,0.3333333333333333,1,3,0.3333333333333333,0,0,0,,,42,17,6,0,frozen_query_observation_no_gt,post_prediction_hungarian_iou_0.5,6d408758a6ec53e2c0f0c531de8f40b4326b7cbfe85da81157c86952bf9fa70c
B4,8eabc45f-5af7-2f32-8528-640861d2a135,scene0309_00-scene0309_02-scene0309_01-scene0309_04-scene0309_03,sha256_seed45,3,1,3,0.3333333333333333,1,3,0.3333333333333333,1,3,0.3333333333333333,0,0,0,,,42,17,6,0,frozen_query_observation_no_gt,post_prediction_hungarian_iou_0.5,6d408758a6ec53e2c0f0c531de8f40b4326b7cbfe85da81157c86952bf9fa70c
B2,8eabc45f-5af7-2f32-8528-640861d2a135,scene0309_00-scene0309_02-scene0309_01-scene0309_04-scene0309_03,sha256_seed45,4,1,3,0.3333333333333333,4,7,0.5714285714285714,2,5,0.4,4,3,1,0.3333333333333333,0.25,61,27,12,0,frozen_query_observation_no_gt,post_prediction_hungarian_iou_0.5,6d408758a6ec53e2c0f0c531de8f40b4326b7cbfe85da81157c86952bf9fa70c
B3,8eabc45f-5af7-2f32-8528-640861d2a135,scene0309_00-scene0309_02-scene0309_01-scene0309_04-scene0309_03,sha256_seed45,4,1,3,0.3333333333333333,3,7,0.42857142857142855,2,6,0.3333333333333333,4,3,2,0.6666666666666666,0.5,61,27,12,0,frozen_query_observation_no_gt,post_prediction_hungarian_iou_0.5,6d408758a6ec53e2c0f0c531de8f40b4326b7cbfe85da81157c86952bf9fa70c
B4,8eabc45f-5af7-2f32-8528-640861d2a135,scene0309_00-scene0309_02-scene0309_01-scene0309_04-scene0309_03,sha256_seed45,4,1,3,0.3333333333333333,2,7,0.2857142857142857,5,10,0.5,4,3,2,0.6666666666666666,0.5,61,19,8,0,frozen_query_observation_no_gt,post_prediction_hungarian_iou_0.5,6d408758a6ec53e2c0f0c531de8f40b4326b7cbfe85da81157c86952bf9fa70c
B2,8eabc45f-5af7-2f32-8528-640861d2a135,scene0309_00-scene0309_02-scene0309_01-scene0309_04-scene0309_03,sha256_seed45,5,4,7,0.5714285714285714,12,17,0.7058823529411765,8,13,0.6153846153846154,13,7,1,0.14285714285714285,0.07692307692307693,83,29,14,0,frozen_query_observation_no_gt,post_prediction_hungarian_iou_0.5,6d408758a6ec53e2c0f0c531de8f40b4326b7cbfe85da81157c86952bf9fa70c
B3,8eabc45f-5af7-2f32-8528-640861d2a135,scene0309_00-scene0309_02-scene0309_01-scene0309_04-scene0309_03,sha256_seed45,5,4,7,0.5714285714285714,11,17,0.6470588235294118,8,14,0.5714285714285714,13,7,2,0.2857142857142857,0.15384615384615385,83,29,14,0,frozen_query_observation_no_gt,post_prediction_hungarian_iou_0.5,6d408758a6ec53e2c0f0c531de8f40b4326b7cbfe85da81157c86952bf9fa70c
B4,8eabc45f-5af7-2f32-8528-640861d2a135,scene0309_00-scene0309_02-scene0309_01-scene0309_04-scene0309_03,sha256_seed45,5,3,7,0.42857142857142855,4,17,0.23529411764705882,7,20,0.35,13,7,6,0.8571428571428571,0.46153846153846156,83,20,9,0,frozen_query_observation_no_gt,post_prediction_hungarian_iou_0.5,6d408758a6ec53e2c0f0c531de8f40b4326b7cbfe85da81157c86952bf9fa70c
B2,8eabc45f-5af7-2f32-8528-640861d2a135,scene0309_01-scene0309_04-scene0309_03-scene0309_00-scene0309_02,canonical,2,0,0,,0,0,,2,2,1.0,0,0,0,,,23,12,4,0,frozen_query_observation_no_gt,post_prediction_hungarian_iou_0.5,aa045e7d996427ecc5d4bad400698ceea79dcc5460acdb6b4eecfadcfca29163
B3,8eabc45f-5af7-2f32-8528-640861d2a135,scene0309_01-scene0309_04-scene0309_03-scene0309_00-scene0309_02,canonical,2,0,0,,0,0,,2,2,1.0,0,0,0,,,23,12,4,0,frozen_query_observation_no_gt,post_prediction_hungarian_iou_0.5,aa045e7d996427ecc5d4bad400698ceea79dcc5460acdb6b4eecfadcfca29163
B4,8eabc45f-5af7-2f32-8528-640861d2a135,scene0309_01-scene0309_04-scene0309_03-scene0309_00-scene0309_02,canonical,2,0,0,,0,0,,2,2,1.0,0,0,0,,,23,12,4,0,frozen_query_observation_no_gt,post_prediction_hungarian_iou_0.5,aa045e7d996427ecc5d4bad400698ceea79dcc5460acdb6b4eecfadcfca29163
B2,8eabc45f-5af7-2f32-8528-640861d2a135,scene0309_01-scene0309_04-scene0309_03-scene0309_00-scene0309_02,canonical,3,1,1,1.0,3,3,1.0,3,3,1.0,2,1,0,0.0,0.0,36,17,9,0,frozen_query_observation_no_gt,post_prediction_hungarian_iou_0.5,aa045e7d996427ecc5d4bad400698ceea79dcc5460acdb6b4eecfadcfca29163
B3,8eabc45f-5af7-2f32-8528-640861d2a135,scene0309_01-scene0309_04-scene0309_03-scene0309_00-scene0309_02,canonical,3,1,1,1.0,3,3,1.0,3,3,1.0,2,1,0,0.0,0.0,36,17,9,0,frozen_query_observation_no_gt,post_prediction_hungarian_iou_0.5,aa045e7d996427ecc5d4bad400698ceea79dcc5460acdb6b4eecfadcfca29163
B4,8eabc45f-5af7-2f32-8528-640861d2a135,scene0309_01-scene0309_04-scene0309_03-scene0309_00-scene0309_02,canonical,3,1,1,1.0,2,3,0.6666666666666666,3,4,0.75,2,1,0,0.0,0.0,36,16,8,0,frozen_query_observation_no_gt,post_prediction_hungarian_iou_0.5,aa045e7d996427ecc5d4bad400698ceea79dcc5460acdb6b4eecfadcfca29163
B2,8eabc45f-5af7-2f32-8528-640861d2a135,scene0309_01-scene0309_04-scene0309_03-scene0309_00-scene0309_02,canonical,4,2,4,0.5,9,14,0.6428571428571429,4,9,0.4444444444444444,11,8,1,0.125,0.09090909090909091,55,23,14,0,frozen_query_observation_no_gt,post_prediction_hungarian_iou_0.5,aa045e7d996427ecc5d4bad400698ceea79dcc5460acdb6b4eecfadcfca29163
B3,8eabc45f-5af7-2f32-8528-640861d2a135,scene0309_01-scene0309_04-scene0309_03-scene0309_00-scene0309_02,canonical,4,2,4,0.5,9,14,0.6428571428571429,4,9,0.4444444444444444,11,8,1,0.125,0.09090909090909091,55,23,14,0,frozen_query_observation_no_gt,post_prediction_hungarian_iou_0.5,aa045e7d996427ecc5d4bad400698ceea79dcc5460acdb6b4eecfadcfca29163
B4,8eabc45f-5af7-2f32-8528-640861d2a135,scene0309_01-scene0309_04-scene0309_03-scene0309_00-scene0309_02,canonical,4,2,4,0.5,3,14,0.21428571428571427,4,15,0.26666666666666666,11,8,6,0.75,0.5454545454545454,55,17,8,0,frozen_query_observation_no_gt,post_prediction_hungarian_iou_0.5,aa045e7d996427ecc5d4bad400698ceea79dcc5460acdb6b4eecfadcfca29163
B2,8eabc45f-5af7-2f32-8528-640861d2a135,scene0309_01-scene0309_04-scene0309_03-scene0309_00-scene0309_02,canonical,5,2,7,0.2857142857142857,9,17,0.5294117647058824,9,17,0.5294117647058824,11,8,1,0.125,0.09090909090909091,76,25,16,0,frozen_query_observation_no_gt,post_prediction_hungarian_iou_0.5,aa045e7d996427ecc5d4bad400698ceea79dcc5460acdb6b4eecfadcfca29163
B3,8eabc45f-5af7-2f32-8528-640861d2a135,scene0309_01-scene0309_04-scene0309_03-scene0309_00-scene0309_02,canonical,5,2,7,0.2857142857142857,9,17,0.5294117647058824,9,17,0.5294117647058824,11,8,1,0.125,0.09090909090909091,76,26,17,0,frozen_query_observation_no_gt,post_prediction_hungarian_iou_0.5,aa045e7d996427ecc5d4bad400698ceea79dcc5460acdb6b4eecfadcfca29163
B4,8eabc45f-5af7-2f32-8528-640861d2a135,scene0309_01-scene0309_04-scene0309_03-scene0309_00-scene0309_02,canonical,5,2,7,0.2857142857142857,3,17,0.17647058823529413,9,23,0.391304347826087,11,8,6,0.75,0.5454545454545454,76,18,9,0,frozen_query_observation_no_gt,post_prediction_hungarian_iou_0.5,aa045e7d996427ecc5d4bad400698ceea79dcc5460acdb6b4eecfadcfca29163
B2,8eabc45f-5af7-2f32-8528-640861d2a135,scene0309_01-scene0309_04-scene0309_03-scene0309_00-scene0309_02,reverse,2,1,5,0.2,1,5,0.2,6,10,0.6,0,0,0,,,42,17,5,0,frozen_query_observation_no_gt,post_prediction_hungarian_iou_0.5,c5d237452c8dfd4db8dbcbf714cda71dc3e6b9868415e8b543e5e71ffaa0739d
B3,8eabc45f-5af7-2f32-8528-640861d2a135,scene0309_01-scene0309_04-scene0309_03-scene0309_00-scene0309_02,reverse,2,1,5,0.2,1,5,0.2,6,10,0.6,0,0,0,,,42,17,5,0,frozen_query_observation_no_gt,post_prediction_hungarian_iou_0.5,c5d237452c8dfd4db8dbcbf714cda71dc3e6b9868415e8b543e5e71ffaa0739d
B4,8eabc45f-5af7-2f32-8528-640861d2a135,scene0309_01-scene0309_04-scene0309_03-scene0309_00-scene0309_02,reverse,2,0,5,0.0,0,5,0.0,5,10,0.5,0,0,0,,,42,18,5,0,frozen_query_observation_no_gt,post_prediction_hungarian_iou_0.5,c5d237452c8dfd4db8dbcbf714cda71dc3e6b9868415e8b543e5e71ffaa0739d
B2,8eabc45f-5af7-2f32-8528-640861d2a135,scene0309_01-scene0309_04-scene0309_03-scene0309_00-scene0309_02,reverse,3,1,9,0.1111111111111111,1,9,0.1111111111111111,6,14,0.42857142857142855,0,0,0,,,52,17,5,0,frozen_query_observation_no_gt,post_prediction_hungarian_iou_0.5,c5d237452c8dfd4db8dbcbf714cda71dc3e6b9868415e8b543e5e71ffaa0739d
B3,8eabc45f-5af7-2f32-8528-640861d2a135,scene0309_01-scene0309_04-scene0309_03-scene0309_00-scene0309_02,reverse,3,1,9,0.1111111111111111,1,9,0.1111111111111111,6,14,0.42857142857142855,0,0,0,,,52,17,5,0,frozen_query_observation_no_gt,post_prediction_hungarian_iou_0.5,c5d237452c8dfd4db8dbcbf714cda71dc3e6b9868415e8b543e5e71ffaa0739d
B4,8eabc45f-5af7-2f32-8528-640861d2a135,scene0309_01-scene0309_04-scene0309_03-scene0309_00-scene0309_02,reverse,3,0,9,0.0,0,9,0.0,5,14,0.35714285714285715,0,0,0,,,52,18,5,0,frozen_query_observation_no_gt,post_prediction_hungarian_iou_0.5,c5d237452c8dfd4db8dbcbf714cda71dc3e6b9868415e8b543e5e71ffaa0739d
B2,8eabc45f-5af7-2f32-8528-640861d2a135,scene0309_01-scene0309_04-scene0309_03-scene0309_00-scene0309_02,reverse,4,1,11,0.09090909090909091,6,18,0.3333333333333333,6,18,0.3333333333333333,9,7,2,0.2857142857142857,0.2222222222222222,70,25,12,0,frozen_query_observation_no_gt,post_prediction_hungarian_iou_0.5,c5d237452c8dfd4db8dbcbf714cda71dc3e6b9868415e8b543e5e71ffaa0739d
B3,8eabc45f-5af7-2f32-8528-640861d2a135,scene0309_01-scene0309_04-scene0309_03-scene0309_00-scene0309_02,reverse,4,2,11,0.18181818181818182,6,18,0.3333333333333333,7,19,0.3684210526315789,9,7,2,0.2857142857142857,0.2222222222222222,70,24,12,0,frozen_query_observation_no_gt,post_prediction_hungarian_iou_0.5,c5d237452c8dfd4db8dbcbf714cda71dc3e6b9868415e8b543e5e71ffaa0739d
B4,8eabc45f-5af7-2f32-8528-640861d2a135,scene0309_01-scene0309_04-scene0309_03-scene0309_00-scene0309_02,reverse,4,0,11,0.0,1,18,0.05555555555555555,7,24,0.2916666666666667,9,7,6,0.8571428571428571,0.6666666666666666,70,19,6,0,frozen_query_observation_no_gt,post_prediction_hungarian_iou_0.5,c5d237452c8dfd4db8dbcbf714cda71dc3e6b9868415e8b543e5e71ffaa0739d
B2,8eabc45f-5af7-2f32-8528-640861d2a135,scene0309_01-scene0309_04-scene0309_03-scene0309_00-scene0309_02,reverse,5,1,11,0.09090909090909091,8,20,0.4,8,20,0.4,11,8,2,0.25,0.18181818181818182,77,27,14,0,frozen_query_observation_no_gt,post_prediction_hungarian_iou_0.5,c5d237452c8dfd4db8dbcbf714cda71dc3e6b9868415e8b543e5e71ffaa0739d
B3,8eabc45f-5af7-2f32-8528-640861d2a135,scene0309_01-scene0309_04-scene0309_03-scene0309_00-scene0309_02,reverse,5,2,11,0.18181818181818182,7,20,0.35,9,22,0.4090909090909091,11,8,3,0.375,0.2727272727272727,77,25,13,0,frozen_query_observation_no_gt,post_prediction_hungarian_iou_0.5,c5d237452c8dfd4db8dbcbf714cda71dc3e6b9868415e8b543e5e71ffaa0739d
B4,8eabc45f-5af7-2f32-8528-640861d2a135,scene0309_01-scene0309_04-scene0309_03-scene0309_00-scene0309_02,reverse,5,0,11,0.0,1,20,0.05,9,28,0.32142857142857145,11,8,7,0.875,0.6363636363636364,77,19,6,0,frozen_query_observation_no_gt,post_prediction_hungarian_iou_0.5,c5d237452c8dfd4db8dbcbf714cda71dc3e6b9868415e8b543e5e71ffaa0739d
B2,8eabc45f-5af7-2f32-8528-640861d2a135,scene0309_01-scene0309_04-scene0309_03-scene0309_00-scene0309_02,sha256_seed45,2,1,1,1.0,1,1,1.0,1,1,1.0,0,0,0,,,31,17,6,0,frozen_query_observation_no_gt,post_prediction_hungarian_iou_0.5,6d408758a6ec53e2c0f0c531de8f40b4326b7cbfe85da81157c86952bf9fa70c
B3,8eabc45f-5af7-2f32-8528-640861d2a135,scene0309_01-scene0309_04-scene0309_03-scene0309_00-scene0309_02,sha256_seed45,2,1,1,1.0,1,1,1.0,1,1,1.0,0,0,0,,,31,17,6,0,frozen_query_observation_no_gt,post_prediction_hungarian_iou_0.5,6d408758a6ec53e2c0f0c531de8f40b4326b7cbfe85da81157c86952bf9fa70c
B4,8eabc45f-5af7-2f32-8528-640861d2a135,scene0309_01-scene0309_04-scene0309_03-scene0309_00-scene0309_02,sha256_seed45,2,1,1,1.0,1,1,1.0,1,1,1.0,0,0,0,,,31,17,6,0,frozen_query_observation_no_gt,post_prediction_hungarian_iou_0.5,6d408758a6ec53e2c0f0c531de8f40b4326b7cbfe85da81157c86952bf9fa70c
B2,8eabc45f-5af7-2f32-8528-640861d2a135,scene0309_01-scene0309_04-scene0309_03-scene0309_00-scene0309_02,sha256_seed45,3,1,3,0.3333333333333333,1,3,0.3333333333333333,1,3,0.3333333333333333,0,0,0,,,42,17,6,0,frozen_query_observation_no_gt,post_prediction_hungarian_iou_0.5,6d408758a6ec53e2c0f0c531de8f40b4326b7cbfe85da81157c86952bf9fa70c
B3,8eabc45f-5af7-2f32-8528-640861d2a135,scene0309_01-scene0309_04-scene0309_03-scene0309_00-scene0309_02,sha256_seed45,3,1,3,0.3333333333333333,1,3,0.3333333333333333,1,3,0.3333333333333333,0,0,0,,,42,17,6,0,frozen_query_observation_no_gt,post_prediction_hungarian_iou_0.5,6d408758a6ec53e2c0f0c531de8f40b4326b7cbfe85da81157c86952bf9fa70c
B4,8eabc45f-5af7-2f32-8528-640861d2a135,scene0309_01-scene0309_04-scene0309_03-scene0309_00-scene0309_02,sha256_seed45,3,1,3,0.3333333333333333,1,3,0.3333333333333333,1,3,0.3333333333333333,0,0,0,,,42,17,6,0,frozen_query_observation_no_gt,post_prediction_hungarian_iou_0.5,6d408758a6ec53e2c0f0c531de8f40b4326b7cbfe85da81157c86952bf9fa70c
B2,8eabc45f-5af7-2f32-8528-640861d2a135,scene0309_01-scene0309_04-scene0309_03-scene0309_00-scene0309_02,sha256_seed45,4,1,3,0.3333333333333333,4,7,0.5714285714285714,2,5,0.4,4,3,1,0.3333333333333333,0.25,61,27,12,0,frozen_query_observation_no_gt,post_prediction_hungarian_iou_0.5,6d408758a6ec53e2c0f0c531de8f40b4326b7cbfe85da81157c86952bf9fa70c
B3,8eabc45f-5af7-2f32-8528-640861d2a135,scene0309_01-scene0309_04-scene0309_03-scene0309_00-scene0309_02,sha256_seed45,4,1,3,0.3333333333333333,3,7,0.42857142857142855,2,6,0.3333333333333333,4,3,2,0.6666666666666666,0.5,61,27,12,0,frozen_query_observation_no_gt,post_prediction_hungarian_iou_0.5,6d408758a6ec53e2c0f0c531de8f40b4326b7cbfe85da81157c86952bf9fa70c
B4,8eabc45f-5af7-2f32-8528-640861d2a135,scene0309_01-scene0309_04-scene0309_03-scene0309_00-scene0309_02,sha256_seed45,4,1,3,0.3333333333333333,2,7,0.2857142857142857,5,10,0.5,4,3,2,0.6666666666666666,0.5,61,19,8,0,frozen_query_observation_no_gt,post_prediction_hungarian_iou_0.5,6d408758a6ec53e2c0f0c531de8f40b4326b7cbfe85da81157c86952bf9fa70c
B2,8eabc45f-5af7-2f32-8528-640861d2a135,scene0309_01-scene0309_04-scene0309_03-scene0309_00-scene0309_02,sha256_seed45,5,4,7,0.5714285714285714,12,17,0.7058823529411765,8,13,0.6153846153846154,13,7,1,0.14285714285714285,0.07692307692307693,83,29,14,0,frozen_query_observation_no_gt,post_prediction_hungarian_iou_0.5,6d408758a6ec53e2c0f0c531de8f40b4326b7cbfe85da81157c86952bf9fa70c
B3,8eabc45f-5af7-2f32-8528-640861d2a135,scene0309_01-scene0309_04-scene0309_03-scene0309_00-scene0309_02,sha256_seed45,5,4,7,0.5714285714285714,11,17,0.6470588235294118,8,14,0.5714285714285714,13,7,2,0.2857142857142857,0.15384615384615385,83,29,14,0,frozen_query_observation_no_gt,post_prediction_hungarian_iou_0.5,6d408758a6ec53e2c0f0c531de8f40b4326b7cbfe85da81157c86952bf9fa70c
B4,8eabc45f-5af7-2f32-8528-640861d2a135,scene0309_01-scene0309_04-scene0309_03-scene0309_00-scene0309_02,sha256_seed45,5,3,7,0.42857142857142855,4,17,0.23529411764705882,7,20,0.35,13,7,6,0.8571428571428571,0.46153846153846156,83,20,9,0,frozen_query_observation_no_gt,post_prediction_hungarian_iou_0.5,6d408758a6ec53e2c0f0c531de8f40b4326b7cbfe85da81157c86952bf9fa70c
B2,8eabc45f-5af7-2f32-8528-640861d2a135,scene0309_02-scene0309_01-scene0309_04-scene0309_03-scene0309_00,canonical,2,0,1,0.0,0,1,0.0,1,2,0.5,0,0,0,,,31,16,5,0,frozen_query_observation_no_gt,post_prediction_hungarian_iou_0.5,62ae344e93ad0616036aff6a307d74e8eae6c1610c2ec0f83ff6f1719e41ebd6
B3,8eabc45f-5af7-2f32-8528-640861d2a135,scene0309_02-scene0309_01-scene0309_04-scene0309_03-scene0309_00,canonical,2,0,1,0.0,0,1,0.0,1,2,0.5,0,0,0,,,31,16,5,0,frozen_query_observation_no_gt,post_prediction_hungarian_iou_0.5,62ae344e93ad0616036aff6a307d74e8eae6c1610c2ec0f83ff6f1719e41ebd6
B4,8eabc45f-5af7-2f32-8528-640861d2a135,scene0309_02-scene0309_01-scene0309_04-scene0309_03-scene0309_00,canonical,2,0,1,0.0,0,1,0.0,1,2,0.5,0,0,0,,,31,16,5,0,frozen_query_observation_no_gt,post_prediction_hungarian_iou_0.5,62ae344e93ad0616036aff6a307d74e8eae6c1610c2ec0f83ff6f1719e41ebd6
B2,8eabc45f-5af7-2f32-8528-640861d2a135,scene0309_02-scene0309_01-scene0309_04-scene0309_03-scene0309_00,canonical,3,0,1,0.0,2,5,0.4,2,5,0.4,4,3,2,0.6666666666666666,0.5,47,23,8,0,frozen_query_observation_no_gt,post_prediction_hungarian_iou_0.5,62ae344e93ad0616036aff6a307d74e8eae6c1610c2ec0f83ff6f1719e41ebd6
B3,8eabc45f-5af7-2f32-8528-640861d2a135,scene0309_02-scene0309_01-scene0309_04-scene0309_03-scene0309_00,canonical,3,0,1,0.0,1,5,0.2,2,6,0.3333333333333333,4,3,2,0.6666666666666666,0.5,47,22,7,0,frozen_query_observation_no_gt,post_prediction_hungarian_iou_0.5,62ae344e93ad0616036aff6a307d74e8eae6c1610c2ec0f83ff6f1719e41ebd6
B4,8eabc45f-5af7-2f32-8528-640861d2a135,scene0309_02-scene0309_01-scene0309_04-scene0309_03-scene0309_00,canonical,3,0,1,0.0,0,5,0.0,6,11,0.5454545454545454,4,3,3,1.0,0.75,47,16,5,0,frozen_query_observation_no_gt,post_prediction_hungarian_iou_0.5,62ae344e93ad0616036aff6a307d74e8eae6c1610c2ec0f83ff6f1719e41ebd6
B2,8eabc45f-5af7-2f32-8528-640861d2a135,scene0309_02-scene0309_01-scene0309_04-scene0309_03-scene0309_00,canonical,4,1,2,0.5,5,8,0.625,3,6,0.5,7,4,2,0.5,0.2857142857142857,60,28,13,0,frozen_query_observation_no_gt,post_prediction_hungarian_iou_0.5,62ae344e93ad0616036aff6a307d74e8eae6c1610c2ec0f83ff6f1719e41ebd6
B3,8eabc45f-5af7-2f32-8528-640861d2a135,scene0309_02-scene0309_01-scene0309_04-scene0309_03-scene0309_00,canonical,4,1,2,0.5,4,8,0.5,3,7,0.42857142857142855,7,4,2,0.5,0.2857142857142857,60,27,12,0,frozen_query_observation_no_gt,post_prediction_hungarian_iou_0.5,62ae344e93ad0616036aff6a307d74e8eae6c1610c2ec0f83ff6f1719e41ebd6
B4,8eabc45f-5af7-2f32-8528-640861d2a135,scene0309_02-scene0309_01-scene0309_04-scene0309_03-scene0309_00,canonical,4,1,2,0.5,2,8,0.25,7,13,0.5384615384615384,7,4,3,0.75,0.42857142857142855,60,19,8,0,frozen_query_observation_no_gt,post_prediction_hungarian_iou_0.5,62ae344e93ad0616036aff6a307d74e8eae6c1610c2ec0f83ff6f1719e41ebd6
B2,8eabc45f-5af7-2f32-8528-640861d2a135,scene0309_02-scene0309_01-scene0309_04-scene0309_03-scene0309_00,canonical,5,2,5,0.4,11,19,0.5789473684210527,4,12,0.3333333333333333,16,11,3,0.2727272727272727,0.1875,79,34,18,0,frozen_query_observation_no_gt,post_prediction_hungarian_iou_0.5,62ae344e93ad0616036aff6a307d74e8eae6c1610c2ec0f83ff6f1719e41ebd6
B3,8eabc45f-5af7-2f32-8528-640861d2a135,scene0309_02-scene0309_01-scene0309_04-scene0309_03-scene0309_00,canonical,5,2,5,0.4,10,19,0.5263157894736842,4,13,0.3076923076923077,16,11,3,0.2727272727272727,0.1875,79,33,17,0,frozen_query_observation_no_gt,post_prediction_hungarian_iou_0.5,62ae344e93ad0616036aff6a307d74e8eae6c1610c2ec0f83ff6f1719e41ebd6
B4,8eabc45f-5af7-2f32-8528-640861d2a135,scene0309_02-scene0309_01-scene0309_04-scene0309_03-scene0309_00,canonical,5,2,5,0.4,3,19,0.15789473684210525,8,24,0.3333333333333333,16,11,9,0.8181818181818182,0.5625,79,20,8,0,frozen_query_observation_no_gt,post_prediction_hungarian_iou_0.5,62ae344e93ad0616036aff6a307d74e8eae6c1610c2ec0f83ff6f1719e41ebd6
B2,8eabc45f-5af7-2f32-8528-640861d2a135,scene0309_02-scene0309_01-scene0309_04-scene0309_03-scene0309_00,reverse,2,0,4,0.0,0,4,0.0,0,4,0.0,0,0,0,,,32,16,5,0,frozen_query_observation_no_gt,post_prediction_hungarian_iou_0.5,c9b0a423e5e0411adf733cc94f8637d3d854d0e084d82a0ddd097855aa208eaa
B3,8eabc45f-5af7-2f32-8528-640861d2a135,scene0309_02-scene0309_01-scene0309_04-scene0309_03-scene0309_00,reverse,2,0,4,0.0,0,4,0.0,0,4,0.0,0,0,0,,,32,16,5,0,frozen_query_observation_no_gt,post_prediction_hungarian_iou_0.5,c9b0a423e5e0411adf733cc94f8637d3d854d0e084d82a0ddd097855aa208eaa
B4,8eabc45f-5af7-2f32-8528-640861d2a135,scene0309_02-scene0309_01-scene0309_04-scene0309_03-scene0309_00,reverse,2,0,4,0.0,0,4,0.0,0,4,0.0,0,0,0,,,32,16,5,0,frozen_query_observation_no_gt,post_prediction_hungarian_iou_0.5,c9b0a423e5e0411adf733cc94f8637d3d854d0e084d82a0ddd097855aa208eaa
B2,8eabc45f-5af7-2f32-8528-640861d2a135,scene0309_02-scene0309_01-scene0309_04-scene0309_03-scene0309_00,reverse,3,0,6,0.0,4,12,0.3333333333333333,0,8,0.0,9,6,2,0.3333333333333333,0.2222222222222222,50,24,11,0,frozen_query_observation_no_gt,post_prediction_hungarian_iou_0.5,c9b0a423e5e0411adf733cc94f8637d3d854d0e084d82a0ddd097855aa208eaa
B3,8eabc45f-5af7-2f32-8528-640861d2a135,scene0309_02-scene0309_01-scene0309_04-scene0309_03-scene0309_00,reverse,3,0,6,0.0,4,12,0.3333333333333333,0,8,0.0,9,6,2,0.3333333333333333,0.2222222222222222,50,24,11,0,frozen_query_observation_no_gt,post_prediction_hungarian_iou_0.5,c9b0a423e5e0411adf733cc94f8637d3d854d0e084d82a0ddd097855aa208eaa
B4,8eabc45f-5af7-2f32-8528-640861d2a135,scene0309_02-scene0309_01-scene0309_04-scene0309_03-scene0309_00,reverse,3,0,6,0.0,0,12,0.0,0,12,0.0,9,6,6,1.0,0.6666666666666666,50,19,7,0,frozen_query_observation_no_gt,post_prediction_hungarian_iou_0.5,c9b0a423e5e0411adf733cc94f8637d3d854d0e084d82a0ddd097855aa208eaa
B2,8eabc45f-5af7-2f32-8528-640861d2a135,scene0309_02-scene0309_01-scene0309_04-scene0309_03-scene0309_00,reverse,4,0,6,0.0,6,14,0.42857142857142855,2,10,0.2,11,7,2,0.2857142857142857,0.18181818181818182,57,26,13,0,frozen_query_observation_no_gt,post_prediction_hungarian_iou_0.5,c9b0a423e5e0411adf733cc94f8637d3d854d0e084d82a0ddd097855aa208eaa
B3,8eabc45f-5af7-2f32-8528-640861d2a135,scene0309_02-scene0309_01-scene0309_04-scene0309_03-scene0309_00,reverse,4,0,6,0.0,6,14,0.42857142857142855,2,10,0.2,11,7,2,0.2857142857142857,0.18181818181818182,57,26,13,0,frozen_query_observation_no_gt,post_prediction_hungarian_iou_0.5,c9b0a423e5e0411adf733cc94f8637d3d854d0e084d82a0ddd097855aa208eaa
B4,8eabc45f-5af7-2f32-8528-640861d2a135,scene0309_02-scene0309_01-scene0309_04-scene0309_03-scene0309_00,reverse,4,0,6,0.0,0,14,0.0,2,16,0.125,11,7,7,1.0,0.6363636363636364,57,19,7,0,frozen_query_observation_no_gt,post_prediction_hungarian_iou_0.5,c9b0a423e5e0411adf733cc94f8637d3d854d0e084d82a0ddd097855aa208eaa
B2,8eabc45f-5af7-2f32-8528-640861d2a135,scene0309_02-scene0309_01-scene0309_04-scene0309_03-scene0309_00,reverse,5,0,6,0.0,8,18,0.4444444444444444,3,13,0.23076923076923078,15,10,4,0.4,0.26666666666666666,76,38,21,0,frozen_query_observation_no_gt,post_prediction_hungarian_iou_0.5,c9b0a423e5e0411adf733cc94f8637d3d854d0e084d82a0ddd097855aa208eaa
B3,8eabc45f-5af7-2f32-8528-640861d2a135,scene0309_02-scene0309_01-scene0309_04-scene0309_03-scene0309_00,reverse,5,0,6,0.0,8,18,0.4444444444444444,3,13,0.23076923076923078,15,10,4,0.4,0.26666666666666666,76,38,21,0,frozen_query_observation_no_gt,post_prediction_hungarian_iou_0.5,c9b0a423e5e0411adf733cc94f8637d3d854d0e084d82a0ddd097855aa208eaa
B4,8eabc45f-5af7-2f32-8528-640861d2a135,scene0309_02-scene0309_01-scene0309_04-scene0309_03-scene0309_00,reverse,5,0,6,0.0,2,18,0.1111111111111111,9,25,0.36,15,10,8,0.8,0.5333333333333333,76,19,7,0,frozen_query_observation_no_gt,post_prediction_hungarian_iou_0.5,c9b0a423e5e0411adf733cc94f8637d3d854d0e084d82a0ddd097855aa208eaa
B2,8eabc45f-5af7-2f32-8528-640861d2a135,scene0309_02-scene0309_01-scene0309_04-scene0309_03-scene0309_00,sha256_seed45,2,1,1,1.0,1,1,1.0,1,1,1.0,0,0,0,,,31,17,6,0,frozen_query_observation_no_gt,post_prediction_hungarian_iou_0.5,6d408758a6ec53e2c0f0c531de8f40b4326b7cbfe85da81157c86952bf9fa70c
B3,8eabc45f-5af7-2f32-8528-640861d2a135,scene0309_02-scene0309_01-scene0309_04-scene0309_03-scene0309_00,sha256_seed45,2,1,1,1.0,1,1,1.0,1,1,1.0,0,0,0,,,31,17,6,0,frozen_query_observation_no_gt,post_prediction_hungarian_iou_0.5,6d408758a6ec53e2c0f0c531de8f40b4326b7cbfe85da81157c86952bf9fa70c
B4,8eabc45f-5af7-2f32-8528-640861d2a135,scene0309_02-scene0309_01-scene0309_04-scene0309_03-scene0309_00,sha256_seed45,2,1,1,1.0,1,1,1.0,1,1,1.0,0,0,0,,,31,17,6,0,frozen_query_observation_no_gt,post_prediction_hungarian_iou_0.5,6d408758a6ec53e2c0f0c531de8f40b4326b7cbfe85da81157c86952bf9fa70c
B2,8eabc45f-5af7-2f32-8528-640861d2a135,scene0309_02-scene0309_01-scene0309_04-scene0309_03-scene0309_00,sha256_seed45,3,1,3,0.3333333333333333,1,3,0.3333333333333333,1,3,0.3333333333333333,0,0,0,,,42,17,6,0,frozen_query_observation_no_gt,post_prediction_hungarian_iou_0.5,6d408758a6ec53e2c0f0c531de8f40b4326b7cbfe85da81157c86952bf9fa70c
B3,8eabc45f-5af7-2f32-8528-640861d2a135,scene0309_02-scene0309_01-scene0309_04-scene0309_03-scene0309_00,sha256_seed45,3,1,3,0.3333333333333333,1,3,0.3333333333333333,1,3,0.3333333333333333,0,0,0,,,42,17,6,0,frozen_query_observation_no_gt,post_prediction_hungarian_iou_0.5,6d408758a6ec53e2c0f0c531de8f40b4326b7cbfe85da81157c86952bf9fa70c
B4,8eabc45f-5af7-2f32-8528-640861d2a135,scene0309_02-scene0309_01-scene0309_04-scene0309_03-scene0309_00,sha256_seed45,3,1,3,0.3333333333333333,1,3,0.3333333333333333,1,3,0.3333333333333333,0,0,0,,,42,17,6,0,frozen_query_observation_no_gt,post_prediction_hungarian_iou_0.5,6d408758a6ec53e2c0f0c531de8f40b4326b7cbfe85da81157c86952bf9fa70c
B2,8eabc45f-5af7-2f32-8528-640861d2a135,scene0309_02-scene0309_01-scene0309_04-scene0309_03-scene0309_00,sha256_seed45,4,1,3,0.3333333333333333,4,7,0.5714285714285714,2,5,0.4,4,3,1,0.3333333333333333,0.25,61,27,12,0,frozen_query_observation_no_gt,post_prediction_hungarian_iou_0.5,6d408758a6ec53e2c0f0c531de8f40b4326b7cbfe85da81157c86952bf9fa70c
B3,8eabc45f-5af7-2f32-8528-640861d2a135,scene0309_02-scene0309_01-scene0309_04-scene0309_03-scene0309_00,sha256_seed45,4,1,3,0.3333333333333333,3,7,0.42857142857142855,2,6,0.3333333333333333,4,3,2,0.6666666666666666,0.5,61,27,12,0,frozen_query_observation_no_gt,post_prediction_hungarian_iou_0.5,6d408758a6ec53e2c0f0c531de8f40b4326b7cbfe85da81157c86952bf9fa70c
B4,8eabc45f-5af7-2f32-8528-640861d2a135,scene0309_02-scene0309_01-scene0309_04-scene0309_03-scene0309_00,sha256_seed45,4,1,3,0.3333333333333333,2,7,0.2857142857142857,5,10,0.5,4,3,2,0.6666666666666666,0.5,61,19,8,0,frozen_query_observation_no_gt,post_prediction_hungarian_iou_0.5,6d408758a6ec53e2c0f0c531de8f40b4326b7cbfe85da81157c86952bf9fa70c
B2,8eabc45f-5af7-2f32-8528-640861d2a135,scene0309_02-scene0309_01-scene0309_04-scene0309_03-scene0309_00,sha256_seed45,5,4,7,0.5714285714285714,12,17,0.7058823529411765,8,13,0.6153846153846154,13,7,1,0.14285714285714285,0.07692307692307693,83,29,14,0,frozen_query_observation_no_gt,post_prediction_hungarian_iou_0.5,6d408758a6ec53e2c0f0c531de8f40b4326b7cbfe85da81157c86952bf9fa70c
B3,8eabc45f-5af7-2f32-8528-640861d2a135,scene0309_02-scene0309_01-scene0309_04-scene0309_03-scene0309_00,sha256_seed45,5,4,7,0.5714285714285714,11,17,0.6470588235294118,8,14,0.5714285714285714,13,7,2,0.2857142857142857,0.15384615384615385,83,29,14,0,frozen_query_observation_no_gt,post_prediction_hungarian_iou_0.5,6d408758a6ec53e2c0f0c531de8f40b4326b7cbfe85da81157c86952bf9fa70c
B4,8eabc45f-5af7-2f32-8528-640861d2a135,scene0309_02-scene0309_01-scene0309_04-scene0309_03-scene0309_00,sha256_seed45,5,3,7,0.42857142857142855,4,17,0.23529411764705882,7,20,0.35,13,7,6,0.8571428571428571,0.46153846153846156,83,20,9,0,frozen_query_observation_no_gt,post_prediction_hungarian_iou_0.5,6d408758a6ec53e2c0f0c531de8f40b4326b7cbfe85da81157c86952bf9fa70c
B2,8eabc45f-5af7-2f32-8528-640861d2a135,scene0309_03-scene0309_00-scene0309_02-scene0309_01-scene0309_04,canonical,2,1,4,0.25,1,4,0.25,1,4,0.25,0,0,0,,,30,15,4,0,frozen_query_observation_no_gt,post_prediction_hungarian_iou_0.5,2a73a637587c0f8020a22ba065b8a1985493123cc979c4010b977b07411bcec1
B3,8eabc45f-5af7-2f32-8528-640861d2a135,scene0309_03-scene0309_00-scene0309_02-scene0309_01-scene0309_04,canonical,2,1,4,0.25,1,4,0.25,1,4,0.25,0,0,0,,,30,15,4,0,frozen_query_observation_no_gt,post_prediction_hungarian_iou_0.5,2a73a637587c0f8020a22ba065b8a1985493123cc979c4010b977b07411bcec1
B4,8eabc45f-5af7-2f32-8528-640861d2a135,scene0309_03-scene0309_00-scene0309_02-scene0309_01-scene0309_04,canonical,2,1,4,0.25,1,4,0.25,1,4,0.25,0,0,0,,,30,16,4,0,frozen_query_observation_no_gt,post_prediction_hungarian_iou_0.5,2a73a637587c0f8020a22ba065b8a1985493123cc979c4010b977b07411bcec1
B2,8eabc45f-5af7-2f32-8528-640861d2a135,scene0309_03-scene0309_00-scene0309_02-scene0309_01-scene0309_04,canonical,3,1,7,0.14285714285714285,1,7,0.14285714285714285,6,12,0.5,0,0,0,,,51,17,6,0,frozen_query_observation_no_gt,post_prediction_hungarian_iou_0.5,2a73a637587c0f8020a22ba065b8a1985493123cc979c4010b977b07411bcec1
B3,8eabc45f-5af7-2f32-8528-640861d2a135,scene0309_03-scene0309_00-scene0309_02-scene0309_01-scene0309_04,canonical,3,1,7,0.14285714285714285,1,7,0.14285714285714285,6,12,0.5,0,0,0,,,51,17,6,0,frozen_query_observation_no_gt,post_prediction_hungarian_iou_0.5,2a73a637587c0f8020a22ba065b8a1985493123cc979c4010b977b07411bcec1
B4,8eabc45f-5af7-2f32-8528-640861d2a135,scene0309_03-scene0309_00-scene0309_02-scene0309_01-scene0309_04,canonical,3,1,7,0.14285714285714285,1,7,0.14285714285714285,6,12,0.5,0,0,0,,,51,18,6,0,frozen_query_observation_no_gt,post_prediction_hungarian_iou_0.5,2a73a637587c0f8020a22ba065b8a1985493123cc979c4010b977b07411bcec1
B2,8eabc45f-5af7-2f32-8528-640861d2a135,scene0309_03-scene0309_00-scene0309_02-scene0309_01-scene0309_04,canonical,4,1,7,0.14285714285714285,2,9,0.2222222222222222,7,14,0.5,2,1,0,0.0,0.0,62,17,6,0,frozen_query_observation_no_gt,post_prediction_hungarian_iou_0.5,2a73a637587c0f8020a22ba065b8a1985493123cc979c4010b977b07411bcec1
B3,8eabc45f-5af7-2f32-8528-640861d2a135,scene0309_03-scene0309_00-scene0309_02-scene0309_01-scene0309_04,canonical,4,1,7,0.14285714285714285,2,9,0.2222222222222222,7,14,0.5,2,1,0,0.0,0.0,62,17,6,0,frozen_query_observation_no_gt,post_prediction_hungarian_iou_0.5,2a73a637587c0f8020a22ba065b8a1985493123cc979c4010b977b07411bcec1
B4,8eabc45f-5af7-2f32-8528-640861d2a135,scene0309_03-scene0309_00-scene0309_02-scene0309_01-scene0309_04,canonical,4,1,7,0.14285714285714285,1,9,0.1111111111111111,6,14,0.42857142857142855,2,1,1,1.0,0.5,62,18,6,0,frozen_query_observation_no_gt,post_prediction_hungarian_iou_0.5,2a73a637587c0f8020a22ba065b8a1985493123cc979c4010b977b07411bcec1
B2,8eabc45f-5af7-2f32-8528-640861d2a135,scene0309_03-scene0309_00-scene0309_02-scene0309_01-scene0309_04,canonical,5,1,7,0.14285714285714285,8,18,0.4444444444444444,7,17,0.4117647058823529,12,8,2,0.25,0.16666666666666666,78,24,13,0,frozen_query_observation_no_gt,post_prediction_hungarian_iou_0.5,2a73a637587c0f8020a22ba065b8a1985493123cc979c4010b977b07411bcec1
B3,8eabc45f-5af7-2f32-8528-640861d2a135,scene0309_03-scene0309_00-scene0309_02-scene0309_01-scene0309_04,canonical,5,1,7,0.14285714285714285,10,18,0.5555555555555556,9,17,0.5294117647058824,12,8,1,0.125,0.08333333333333333,78,23,12,0,frozen_query_observation_no_gt,post_prediction_hungarian_iou_0.5,2a73a637587c0f8020a22ba065b8a1985493123cc979c4010b977b07411bcec1
B4,8eabc45f-5af7-2f32-8528-640861d2a135,scene0309_03-scene0309_00-scene0309_02-scene0309_01-scene0309_04,canonical,5,1,7,0.14285714285714285,1,18,0.05555555555555555,6,23,0.2608695652173913,12,8,8,1.0,0.6666666666666666,78,18,6,0,frozen_query_observation_no_gt,post_prediction_hungarian_iou_0.5,2a73a637587c0f8020a22ba065b8a1985493123cc979c4010b977b07411bcec1
B2,8eabc45f-5af7-2f32-8528-640861d2a135,scene0309_03-scene0309_00-scene0309_02-scene0309_01-scene0309_04,reverse,2,0,0,,0,0,,3,3,1.0,0,0,0,,,25,13,3,0,frozen_query_observation_no_gt,post_prediction_hungarian_iou_0.5,ee5dfe110e474f8fc6827efcd6fca1786f51dfd148df603252f7e7c14c6fc230
B3,8eabc45f-5af7-2f32-8528-640861d2a135,scene0309_03-scene0309_00-scene0309_02-scene0309_01-scene0309_04,reverse,2,0,0,,0,0,,3,3,1.0,0,0,0,,,25,13,3,0,frozen_query_observation_no_gt,post_prediction_hungarian_iou_0.5,ee5dfe110e474f8fc6827efcd6fca1786f51dfd148df603252f7e7c14c6fc230
B4,8eabc45f-5af7-2f32-8528-640861d2a135,scene0309_03-scene0309_00-scene0309_02-scene0309_01-scene0309_04,reverse,2,0,0,,0,0,,3,3,1.0,0,0,0,,,25,13,3,0,frozen_query_observation_no_gt,post_prediction_hungarian_iou_0.5,ee5dfe110e474f8fc6827efcd6fca1786f51dfd148df603252f7e7c14c6fc230
B2,8eabc45f-5af7-2f32-8528-640861d2a135,scene0309_03-scene0309_00-scene0309_02-scene0309_01-scene0309_04,reverse,3,0,0,,2,4,0.5,4,6,0.6666666666666666,4,3,2,0.6666666666666666,0.5,44,25,11,0,frozen_query_observation_no_gt,post_prediction_hungarian_iou_0.5,ee5dfe110e474f8fc6827efcd6fca1786f51dfd148df603252f7e7c14c6fc230
B3,8eabc45f-5af7-2f32-8528-640861d2a135,scene0309_03-scene0309_00-scene0309_02-scene0309_01-scene0309_04,reverse,3,0,0,,1,4,0.25,4,7,0.5714285714285714,4,3,2,0.6666666666666666,0.5,44,24,10,0,frozen_query_observation_no_gt,post_prediction_hungarian_iou_0.5,ee5dfe110e474f8fc6827efcd6fca1786f51dfd148df603252f7e7c14c6fc230
B4,8eabc45f-5af7-2f32-8528-640861d2a135,scene0309_03-scene0309_00-scene0309_02-scene0309_01-scene0309_04,reverse,3,0,0,,0,4,0.0,7,11,0.6363636363636364,4,3,3,1.0,0.75,44,16,6,0,frozen_query_observation_no_gt,post_prediction_hungarian_iou_0.5,ee5dfe110e474f8fc6827efcd6fca1786f51dfd148df603252f7e7c14c6fc230
B2,8eabc45f-5af7-2f32-8528-640861d2a135,scene0309_03-scene0309_00-scene0309_02-scene0309_01-scene0309_04,reverse,4,3,4,0.75,10,14,0.7142857142857143,9,13,0.6923076923076923,13,8,3,0.375,0.23076923076923078,66,27,13,0,frozen_query_observation_no_gt,post_prediction_hungarian_iou_0.5,ee5dfe110e474f8fc6827efcd6fca1786f51dfd148df603252f7e7c14c6fc230
B3,8eabc45f-5af7-2f32-8528-640861d2a135,scene0309_03-scene0309_00-scene0309_02-scene0309_01-scene0309_04,reverse,4,2,4,0.5,7,14,0.5,8,15,0.5333333333333333,13,8,4,0.5,0.3076923076923077,66,26,12,0,frozen_query_observation_no_gt,post_prediction_hungarian_iou_0.5,ee5dfe110e474f8fc6827efcd6fca1786f51dfd148df603252f7e7c14c6fc230
B4,8eabc45f-5af7-2f32-8528-640861d2a135,scene0309_03-scene0309_00-scene0309_02-scene0309_01-scene0309_04,reverse,4,1,4,0.25,2,14,0.14285714285714285,8,20,0.4,13,8,7,0.875,0.5384615384615384,66,18,8,0,frozen_query_observation_no_gt,post_prediction_hungarian_iou_0.5,ee5dfe110e474f8fc6827efcd6fca1786f51dfd148df603252f7e7c14c6fc230
B2,8eabc45f-5af7-2f32-8528-640861d2a135,scene0309_03-scene0309_00-scene0309_02-scene0309_01-scene0309_04,reverse,5,3,8,0.375,10,18,0.5555555555555556,10,18,0.5555555555555556,13,8,3,0.375,0.23076923076923078,76,27,13,0,frozen_query_observation_no_gt,post_prediction_hungarian_iou_0.5,ee5dfe110e474f8fc6827efcd6fca1786f51dfd148df603252f7e7c14c6fc230
B3,8eabc45f-5af7-2f32-8528-640861d2a135,scene0309_03-scene0309_00-scene0309_02-scene0309_01-scene0309_04,reverse,5,2,8,0.25,7,18,0.3888888888888889,8,19,0.42105263157894735,13,8,4,0.5,0.3076923076923077,76,26,12,0,frozen_query_observation_no_gt,post_prediction_hungarian_iou_0.5,ee5dfe110e474f8fc6827efcd6fca1786f51dfd148df603252f7e7c14c6fc230
B4,8eabc45f-5af7-2f32-8528-640861d2a135,scene0309_03-scene0309_00-scene0309_02-scene0309_01-scene0309_04,reverse,5,1,8,0.125,2,18,0.1111111111111111,9,25,0.36,13,8,7,0.875,0.5384615384615384,76,18,8,0,frozen_query_observation_no_gt,post_prediction_hungarian_iou_0.5,ee5dfe110e474f8fc6827efcd6fca1786f51dfd148df603252f7e7c14c6fc230
B2,8eabc45f-5af7-2f32-8528-640861d2a135,scene0309_03-scene0309_00-scene0309_02-scene0309_01-scene0309_04,sha256_seed45,2,1,1,1.0,1,1,1.0,1,1,1.0,0,0,0,,,31,17,6,0,frozen_query_observation_no_gt,post_prediction_hungarian_iou_0.5,6d408758a6ec53e2c0f0c531de8f40b4326b7cbfe85da81157c86952bf9fa70c
B3,8eabc45f-5af7-2f32-8528-640861d2a135,scene0309_03-scene0309_00-scene0309_02-scene0309_01-scene0309_04,sha256_seed45,2,1,1,1.0,1,1,1.0,1,1,1.0,0,0,0,,,31,17,6,0,frozen_query_observation_no_gt,post_prediction_hungarian_iou_0.5,6d408758a6ec53e2c0f0c531de8f40b4326b7cbfe85da81157c86952bf9fa70c
B4,8eabc45f-5af7-2f32-8528-640861d2a135,scene0309_03-scene0309_00-scene0309_02-scene0309_01-scene0309_04,sha256_seed45,2,1,1,1.0,1,1,1.0,1,1,1.0,0,0,0,,,31,17,6,0,frozen_query_observation_no_gt,post_prediction_hungarian_iou_0.5,6d408758a6ec53e2c0f0c531de8f40b4326b7cbfe85da81157c86952bf9fa70c
B2,8eabc45f-5af7-2f32-8528-640861d2a135,scene0309_03-scene0309_00-scene0309_02-scene0309_01-scene0309_04,sha256_seed45,3,1,3,0.3333333333333333,1,3,0.3333333333333333,1,3,0.3333333333333333,0,0,0,,,42,17,6,0,frozen_query_observation_no_gt,post_prediction_hungarian_iou_0.5,6d408758a6ec53e2c0f0c531de8f40b4326b7cbfe85da81157c86952bf9fa70c
B3,8eabc45f-5af7-2f32-8528-640861d2a135,scene0309_03-scene0309_00-scene0309_02-scene0309_01-scene0309_04,sha256_seed45,3,1,3,0.3333333333333333,1,3,0.3333333333333333,1,3,0.3333333333333333,0,0,0,,,42,17,6,0,frozen_query_observation_no_gt,post_prediction_hungarian_iou_0.5,6d408758a6ec53e2c0f0c531de8f40b4326b7cbfe85da81157c86952bf9fa70c
B4,8eabc45f-5af7-2f32-8528-640861d2a135,scene0309_03-scene0309_00-scene0309_02-scene0309_01-scene0309_04,sha256_seed45,3,1,3,0.3333333333333333,1,3,0.3333333333333333,1,3,0.3333333333333333,0,0,0,,,42,17,6,0,frozen_query_observation_no_gt,post_prediction_hungarian_iou_0.5,6d408758a6ec53e2c0f0c531de8f40b4326b7cbfe85da81157c86952bf9fa70c
B2,8eabc45f-5af7-2f32-8528-640861d2a135,scene0309_03-scene0309_00-scene0309_02-scene0309_01-scene0309_04,sha256_seed45,4,1,3,0.3333333333333333,4,7,0.5714285714285714,2,5,0.4,4,3,1,0.3333333333333333,0.25,61,27,12,0,frozen_query_observation_no_gt,post_prediction_hungarian_iou_0.5,6d408758a6ec53e2c0f0c531de8f40b4326b7cbfe85da81157c86952bf9fa70c
B3,8eabc45f-5af7-2f32-8528-640861d2a135,scene0309_03-scene0309_00-scene0309_02-scene0309_01-scene0309_04,sha256_seed45,4,1,3,0.3333333333333333,3,7,0.42857142857142855,2,6,0.3333333333333333,4,3,2,0.6666666666666666,0.5,61,27,12,0,frozen_query_observation_no_gt,post_prediction_hungarian_iou_0.5,6d408758a6ec53e2c0f0c531de8f40b4326b7cbfe85da81157c86952bf9fa70c
B4,8eabc45f-5af7-2f32-8528-640861d2a135,scene0309_03-scene0309_00-scene0309_02-scene0309_01-scene0309_04,sha256_seed45,4,1,3,0.3333333333333333,2,7,0.2857142857142857,5,10,0.5,4,3,2,0.6666666666666666,0.5,61,19,8,0,frozen_query_observation_no_gt,post_prediction_hungarian_iou_0.5,6d408758a6ec53e2c0f0c531de8f40b4326b7cbfe85da81157c86952bf9fa70c
B2,8eabc45f-5af7-2f32-8528-640861d2a135,scene0309_03-scene0309_00-scene0309_02-scene0309_01-scene0309_04,sha256_seed45,5,4,7,0.5714285714285714,12,17,0.7058823529411765,8,13,0.6153846153846154,13,7,1,0.14285714285714285,0.07692307692307693,83,29,14,0,frozen_query_observation_no_gt,post_prediction_hungarian_iou_0.5,6d408758a6ec53e2c0f0c531de8f40b4326b7cbfe85da81157c86952bf9fa70c
B3,8eabc45f-5af7-2f32-8528-640861d2a135,scene0309_03-scene0309_00-scene0309_02-scene0309_01-scene0309_04,sha256_seed45,5,4,7,0.5714285714285714,11,17,0.6470588235294118,8,14,0.5714285714285714,13,7,2,0.2857142857142857,0.15384615384615385,83,29,14,0,frozen_query_observation_no_gt,post_prediction_hungarian_iou_0.5,6d408758a6ec53e2c0f0c531de8f40b4326b7cbfe85da81157c86952bf9fa70c
B4,8eabc45f-5af7-2f32-8528-640861d2a135,scene0309_03-scene0309_00-scene0309_02-scene0309_01-scene0309_04,sha256_seed45,5,3,7,0.42857142857142855,4,17,0.23529411764705882,7,20,0.35,13,7,6,0.8571428571428571,0.46153846153846156,83,20,9,0,frozen_query_observation_no_gt,post_prediction_hungarian_iou_0.5,6d408758a6ec53e2c0f0c531de8f40b4326b7cbfe85da81157c86952bf9fa70c
B2,8eabc45f-5af7-2f32-8528-640861d2a135,scene0309_04-scene0309_03-scene0309_00-scene0309_02-scene0309_01,canonical,2,1,1,1.0,1,1,1.0,1,1,1.0,0,0,0,,,31,17,6,0,frozen_query_observation_no_gt,post_prediction_hungarian_iou_0.5,473db1ebe5aca4c1a8c62122556096daed7f1774430ad709af1d8eead2b08775
B3,8eabc45f-5af7-2f32-8528-640861d2a135,scene0309_04-scene0309_03-scene0309_00-scene0309_02-scene0309_01,canonical,2,1,1,1.0,1,1,1.0,1,1,1.0,0,0,0,,,31,17,6,0,frozen_query_observation_no_gt,post_prediction_hungarian_iou_0.5,473db1ebe5aca4c1a8c62122556096daed7f1774430ad709af1d8eead2b08775
B4,8eabc45f-5af7-2f32-8528-640861d2a135,scene0309_04-scene0309_03-scene0309_00-scene0309_02-scene0309_01,canonical,2,1,1,1.0,1,1,1.0,1,1,1.0,0,0,0,,,31,17,6,0,frozen_query_observation_no_gt,post_prediction_hungarian_iou_0.5,473db1ebe5aca4c1a8c62122556096daed7f1774430ad709af1d8eead2b08775
B2,8eabc45f-5af7-2f32-8528-640861d2a135,scene0309_04-scene0309_03-scene0309_00-scene0309_02-scene0309_01,canonical,3,2,4,0.5,6,11,0.5454545454545454,3,8,0.375,9,6,1,0.16666666666666666,0.1111111111111111,50,23,10,0,frozen_query_observation_no_gt,post_prediction_hungarian_iou_0.5,473db1ebe5aca4c1a8c62122556096daed7f1774430ad709af1d8eead2b08775
B3,8eabc45f-5af7-2f32-8528-640861d2a135,scene0309_04-scene0309_03-scene0309_00-scene0309_02-scene0309_01,canonical,3,2,4,0.5,6,11,0.5454545454545454,3,8,0.375,9,6,1,0.16666666666666666,0.1111111111111111,50,23,10,0,frozen_query_observation_no_gt,post_prediction_hungarian_iou_0.5,473db1ebe5aca4c1a8c62122556096daed7f1774430ad709af1d8eead2b08775
B4,8eabc45f-5af7-2f32-8528-640861d2a135,scene0309_04-scene0309_03-scene0309_00-scene0309_02-scene0309_01,canonical,3,2,4,0.5,2,11,0.18181818181818182,3,12,0.25,9,6,5,0.8333333333333334,0.5555555555555556,50,17,6,0,frozen_query_observation_no_gt,post_prediction_hungarian_iou_0.5,473db1ebe5aca4c1a8c62122556096daed7f1774430ad709af1d8eead2b08775
B2,8eabc45f-5af7-2f32-8528-640861d2a135,scene0309_04-scene0309_03-scene0309_00-scene0309_02-scene0309_01,canonical,4,2,7,0.2857142857142857,6,14,0.42857142857142855,8,16,0.5,9,6,1,0.16666666666666666,0.1111111111111111,71,25,12,0,frozen_query_observation_no_gt,post_prediction_hungarian_iou_0.5,473db1ebe5aca4c1a8c62122556096daed7f1774430ad709af1d8eead2b08775
B3,8eabc45f-5af7-2f32-8528-640861d2a135,scene0309_04-scene0309_03-scene0309_00-scene0309_02-scene0309_01,canonical,4,2,7,0.2857142857142857,6,14,0.42857142857142855,8,16,0.5,9,6,1,0.16666666666666666,0.1111111111111111,71,26,13,0,frozen_query_observation_no_gt,post_prediction_hungarian_iou_0.5,473db1ebe5aca4c1a8c62122556096daed7f1774430ad709af1d8eead2b08775
B4,8eabc45f-5af7-2f32-8528-640861d2a135,scene0309_04-scene0309_03-scene0309_00-scene0309_02-scene0309_01,canonical,4,2,7,0.2857142857142857,2,14,0.14285714285714285,8,20,0.4,9,6,5,0.8333333333333334,0.5555555555555556,71,18,7,0,frozen_query_observation_no_gt,post_prediction_hungarian_iou_0.5,473db1ebe5aca4c1a8c62122556096daed7f1774430ad709af1d8eead2b08775
B2,8eabc45f-5af7-2f32-8528-640861d2a135,scene0309_04-scene0309_03-scene0309_00-scene0309_02-scene0309_01,canonical,5,2,7,0.2857142857142857,7,16,0.4375,9,18,0.5,11,7,1,0.14285714285714285,0.09090909090909091,82,25,12,0,frozen_query_observation_no_gt,post_prediction_hungarian_iou_0.5,473db1ebe5aca4c1a8c62122556096daed7f1774430ad709af1d8eead2b08775
B3,8eabc45f-5af7-2f32-8528-640861d2a135,scene0309_04-scene0309_03-scene0309_00-scene0309_02-scene0309_01,canonical,5,2,7,0.2857142857142857,7,16,0.4375,8,17,0.47058823529411764,11,7,1,0.14285714285714285,0.09090909090909091,82,26,13,0,frozen_query_observation_no_gt,post_prediction_hungarian_iou_0.5,473db1ebe5aca4c1a8c62122556096daed7f1774430ad709af1d8eead2b08775
B4,8eabc45f-5af7-2f32-8528-640861d2a135,scene0309_04-scene0309_03-scene0309_00-scene0309_02-scene0309_01,canonical,5,2,7,0.2857142857142857,2,16,0.125,8,22,0.36363636363636365,11,7,6,0.8571428571428571,0.5454545454545454,82,18,7,0,frozen_query_observation_no_gt,post_prediction_hungarian_iou_0.5,473db1ebe5aca4c1a8c62122556096daed7f1774430ad709af1d8eead2b08775
B2,8eabc45f-5af7-2f32-8528-640861d2a135,scene0309_04-scene0309_03-scene0309_00-scene0309_02-scene0309_01,reverse,2,0,0,,0,0,,1,1,1.0,0,0,0,,,26,17,8,0,frozen_query_observation_no_gt,post_prediction_hungarian_iou_0.5,709fe3016e2f02deed6d959a612402e987a0887c52e7d5cd4268dcb53311851c
B3,8eabc45f-5af7-2f32-8528-640861d2a135,scene0309_04-scene0309_03-scene0309_00-scene0309_02-scene0309_01,reverse,2,0,0,,0,0,,1,1,1.0,0,0,0,,,26,17,8,0,frozen_query_observation_no_gt,post_prediction_hungarian_iou_0.5,709fe3016e2f02deed6d959a612402e987a0887c52e7d5cd4268dcb53311851c
B4,8eabc45f-5af7-2f32-8528-640861d2a135,scene0309_04-scene0309_03-scene0309_00-scene0309_02-scene0309_01,reverse,2,0,0,,0,0,,1,1,1.0,0,0,0,,,26,17,8,0,frozen_query_observation_no_gt,post_prediction_hungarian_iou_0.5,709fe3016e2f02deed6d959a612402e987a0887c52e7d5cd4268dcb53311851c
B2,8eabc45f-5af7-2f32-8528-640861d2a135,scene0309_04-scene0309_03-scene0309_00-scene0309_02-scene0309_01,reverse,3,3,4,0.75,5,6,0.8333333333333334,7,8,0.875,2,1,0,0.0,0.0,48,19,10,0,frozen_query_observation_no_gt,post_prediction_hungarian_iou_0.5,709fe3016e2f02deed6d959a612402e987a0887c52e7d5cd4268dcb53311851c
B3,8eabc45f-5af7-2f32-8528-640861d2a135,scene0309_04-scene0309_03-scene0309_00-scene0309_02-scene0309_01,reverse,3,3,4,0.75,5,6,0.8333333333333334,7,8,0.875,2,1,0,0.0,0.0,48,19,10,0,frozen_query_observation_no_gt,post_prediction_hungarian_iou_0.5,709fe3016e2f02deed6d959a612402e987a0887c52e7d5cd4268dcb53311851c
B4,8eabc45f-5af7-2f32-8528-640861d2a135,scene0309_04-scene0309_03-scene0309_00-scene0309_02-scene0309_01,reverse,3,1,4,0.25,1,6,0.16666666666666666,6,11,0.5454545454545454,2,1,1,1.0,0.5,48,18,9,0,frozen_query_observation_no_gt,post_prediction_hungarian_iou_0.5,709fe3016e2f02deed6d959a612402e987a0887c52e7d5cd4268dcb53311851c
B2,8eabc45f-5af7-2f32-8528-640861d2a135,scene0309_04-scene0309_03-scene0309_00-scene0309_02-scene0309_01,reverse,4,3,8,0.375,5,10,0.5,8,13,0.6153846153846154,2,1,0,0.0,0.0,58,19,10,0,frozen_query_observation_no_gt,post_prediction_hungarian_iou_0.5,709fe3016e2f02deed6d959a612402e987a0887c52e7d5cd4268dcb53311851c
B3,8eabc45f-5af7-2f32-8528-640861d2a135,scene0309_04-scene0309_03-scene0309_00-scene0309_02-scene0309_01,reverse,4,3,8,0.375,5,10,0.5,8,13,0.6153846153846154,2,1,0,0.0,0.0,58,19,10,0,frozen_query_observation_no_gt,post_prediction_hungarian_iou_0.5,709fe3016e2f02deed6d959a612402e987a0887c52e7d5cd4268dcb53311851c
B4,8eabc45f-5af7-2f32-8528-640861d2a135,scene0309_04-scene0309_03-scene0309_00-scene0309_02-scene0309_01,reverse,4,1,8,0.125,1,10,0.1,7,16,0.4375,2,1,1,1.0,0.5,58,18,9,0,frozen_query_observation_no_gt,post_prediction_hungarian_iou_0.5,709fe3016e2f02deed6d959a612402e987a0887c52e7d5cd4268dcb53311851c
B2,8eabc45f-5af7-2f32-8528-640861d2a135,scene0309_04-scene0309_03-scene0309_00-scene0309_02-scene0309_01,reverse,5,3,10,0.3,10,19,0.5263157894736842,8,17,0.47058823529411764,11,8,2,0.25,0.18181818181818182,76,27,17,0,frozen_query_observation_no_gt,post_prediction_hungarian_iou_0.5,709fe3016e2f02deed6d959a612402e987a0887c52e7d5cd4268dcb53311851c
B3,8eabc45f-5af7-2f32-8528-640861d2a135,scene0309_04-scene0309_03-scene0309_00-scene0309_02-scene0309_01,reverse,5,3,10,0.3,11,19,0.5789473684210527,10,18,0.5555555555555556,11,8,0,0.0,0.0,76,27,17,0,frozen_query_observation_no_gt,post_prediction_hungarian_iou_0.5,709fe3016e2f02deed6d959a612402e987a0887c52e7d5cd4268dcb53311851c
B4,8eabc45f-5af7-2f32-8528-640861d2a135,scene0309_04-scene0309_03-scene0309_00-scene0309_02-scene0309_01,reverse,5,1,10,0.1,1,19,0.05263157894736842,7,25,0.28,11,8,8,1.0,0.7272727272727273,76,20,10,0,frozen_query_observation_no_gt,post_prediction_hungarian_iou_0.5,709fe3016e2f02deed6d959a612402e987a0887c52e7d5cd4268dcb53311851c
B2,8eabc45f-5af7-2f32-8528-640861d2a135,scene0309_04-scene0309_03-scene0309_00-scene0309_02-scene0309_01,sha256_seed45,2,1,1,1.0,1,1,1.0,1,1,1.0,0,0,0,,,31,17,6,0,frozen_query_observation_no_gt,post_prediction_hungarian_iou_0.5,6d408758a6ec53e2c0f0c531de8f40b4326b7cbfe85da81157c86952bf9fa70c
B3,8eabc45f-5af7-2f32-8528-640861d2a135,scene0309_04-scene0309_03-scene0309_00-scene0309_02-scene0309_01,sha256_seed45,2,1,1,1.0,1,1,1.0,1,1,1.0,0,0,0,,,31,17,6,0,frozen_query_observation_no_gt,post_prediction_hungarian_iou_0.5,6d408758a6ec53e2c0f0c531de8f40b4326b7cbfe85da81157c86952bf9fa70c
B4,8eabc45f-5af7-2f32-8528-640861d2a135,scene0309_04-scene0309_03-scene0309_00-scene0309_02-scene0309_01,sha256_seed45,2,1,1,1.0,1,1,1.0,1,1,1.0,0,0,0,,,31,17,6,0,frozen_query_observation_no_gt,post_prediction_hungarian_iou_0.5,6d408758a6ec53e2c0f0c531de8f40b4326b7cbfe85da81157c86952bf9fa70c
B2,8eabc45f-5af7-2f32-8528-640861d2a135,scene0309_04-scene0309_03-scene0309_00-scene0309_02-scene0309_01,sha256_seed45,3,1,3,0.3333333333333333,1,3,0.3333333333333333,1,3,0.3333333333333333,0,0,0,,,42,17,6,0,frozen_query_observation_no_gt,post_prediction_hungarian_iou_0.5,6d408758a6ec53e2c0f0c531de8f40b4326b7cbfe85da81157c86952bf9fa70c
B3,8eabc45f-5af7-2f32-8528-640861d2a135,scene0309_04-scene0309_03-scene0309_00-scene0309_02-scene0309_01,sha256_seed45,3,1,3,0.3333333333333333,1,3,0.3333333333333333,1,3,0.3333333333333333,0,0,0,,,42,17,6,0,frozen_query_observation_no_gt,post_prediction_hungarian_iou_0.5,6d408758a6ec53e2c0f0c531de8f40b4326b7cbfe85da81157c86952bf9fa70c
B4,8eabc45f-5af7-2f32-8528-640861d2a135,scene0309_04-scene0309_03-scene0309_00-scene0309_02-scene0309_01,sha256_seed45,3,1,3,0.3333333333333333,1,3,0.3333333333333333,1,3,0.3333333333333333,0,0,0,,,42,17,6,0,frozen_query_observation_no_gt,post_prediction_hungarian_iou_0.5,6d408758a6ec53e2c0f0c531de8f40b4326b7cbfe85da81157c86952bf9fa70c
B2,8eabc45f-5af7-2f32-8528-640861d2a135,scene0309_04-scene0309_03-scene0309_00-scene0309_02-scene0309_01,sha256_seed45,4,1,3,0.3333333333333333,4,7,0.5714285714285714,2,5,0.4,4,3,1,0.3333333333333333,0.25,61,27,12,0,frozen_query_observation_no_gt,post_prediction_hungarian_iou_0.5,6d408758a6ec53e2c0f0c531de8f40b4326b7cbfe85da81157c86952bf9fa70c
B3,8eabc45f-5af7-2f32-8528-640861d2a135,scene0309_04-scene0309_03-scene0309_00-scene0309_02-scene0309_01,sha256_seed45,4,1,3,0.3333333333333333,3,7,0.42857142857142855,2,6,0.3333333333333333,4,3,2,0.6666666666666666,0.5,61,27,12,0,frozen_query_observation_no_gt,post_prediction_hungarian_iou_0.5,6d408758a6ec53e2c0f0c531de8f40b4326b7cbfe85da81157c86952bf9fa70c
B4,8eabc45f-5af7-2f32-8528-640861d2a135,scene0309_04-scene0309_03-scene0309_00-scene0309_02-scene0309_01,sha256_seed45,4,1,3,0.3333333333333333,2,7,0.2857142857142857,5,10,0.5,4,3,2,0.6666666666666666,0.5,61,19,8,0,frozen_query_observation_no_gt,post_prediction_hungarian_iou_0.5,6d408758a6ec53e2c0f0c531de8f40b4326b7cbfe85da81157c86952bf9fa70c
B2,8eabc45f-5af7-2f32-8528-640861d2a135,scene0309_04-scene0309_03-scene0309_00-scene0309_02-scene0309_01,sha256_seed45,5,4,7,0.5714285714285714,12,17,0.7058823529411765,8,13,0.6153846153846154,13,7,1,0.14285714285714285,0.07692307692307693,83,29,14,0,frozen_query_observation_no_gt,post_prediction_hungarian_iou_0.5,6d408758a6ec53e2c0f0c531de8f40b4326b7cbfe85da81157c86952bf9fa70c
B3,8eabc45f-5af7-2f32-8528-640861d2a135,scene0309_04-scene0309_03-scene0309_00-scene0309_02-scene0309_01,sha256_seed45,5,4,7,0.5714285714285714,11,17,0.6470588235294118,8,14,0.5714285714285714,13,7,2,0.2857142857142857,0.15384615384615385,83,29,14,0,frozen_query_observation_no_gt,post_prediction_hungarian_iou_0.5,6d408758a6ec53e2c0f0c531de8f40b4326b7cbfe85da81157c86952bf9fa70c
B4,8eabc45f-5af7-2f32-8528-640861d2a135,scene0309_04-scene0309_03-scene0309_00-scene0309_02-scene0309_01,sha256_seed45,5,3,7,0.42857142857142855,4,17,0.23529411764705882,7,20,0.35,13,7,6,0.8571428571428571,0.46153846153846156,83,20,9,0,frozen_query_observation_no_gt,post_prediction_hungarian_iou_0.5,6d408758a6ec53e2c0f0c531de8f40b4326b7cbfe85da81157c86952bf9fa70c
B2,ddc73797-765b-241a-9e2c-097c5989baf6,scene0449_00-scene0449_04-scene0449_05-scene0449_03-scene0449_01,canonical,2,0,12,0.0,0,12,0.0,0,12,0.0,0,0,0,,,56,23,6,0,frozen_query_observation_no_gt,post_prediction_hungarian_iou_0.5,e2cc155819264b00aaf0afacdc7c152fb9fc5d9bcfd7c2d9313204f5cc5e1ce0
B3,ddc73797-765b-241a-9e2c-097c5989baf6,scene0449_00-scene0449_04-scene0449_05-scene0449_03-scene0449_01,canonical,2,0,12,0.0,0,12,0.0,0,12,0.0,0,0,0,,,56,23,6,0,frozen_query_observation_no_gt,post_prediction_hungarian_iou_0.5,e2cc155819264b00aaf0afacdc7c152fb9fc5d9bcfd7c2d9313204f5cc5e1ce0
B4,ddc73797-765b-241a-9e2c-097c5989baf6,scene0449_00-scene0449_04-scene0449_05-scene0449_03-scene0449_01,canonical,2,0,12,0.0,0,12,0.0,0,12,0.0,0,0,0,,,56,23,6,0,frozen_query_observation_no_gt,post_prediction_hungarian_iou_0.5,e2cc155819264b00aaf0afacdc7c152fb9fc5d9bcfd7c2d9313204f5cc5e1ce0
B2,ddc73797-765b-241a-9e2c-097c5989baf6,scene0449_00-scene0449_04-scene0449_05-scene0449_03-scene0449_01,canonical,3,2,22,0.09090909090909091,2,22,0.09090909090909091,1,21,0.047619047619047616,0,0,0,,,78,23,6,0,frozen_query_observation_no_gt,post_prediction_hungarian_iou_0.5,e2cc155819264b00aaf0afacdc7c152fb9fc5d9bcfd7c2d9313204f5cc5e1ce0
B3,ddc73797-765b-241a-9e2c-097c5989baf6,scene0449_00-scene0449_04-scene0449_05-scene0449_03-scene0449_01,canonical,3,2,22,0.09090909090909091,2,22,0.09090909090909091,1,21,0.047619047619047616,0,0,0,,,78,23,6,0,frozen_query_observation_no_gt,post_prediction_hungarian_iou_0.5,e2cc155819264b00aaf0afacdc7c152fb9fc5d9bcfd7c2d9313204f5cc5e1ce0
B4,ddc73797-765b-241a-9e2c-097c5989baf6,scene0449_00-scene0449_04-scene0449_05-scene0449_03-scene0449_01,canonical,3,0,22,0.0,0,22,0.0,0,22,0.0,0,0,0,,,78,24,7,0,frozen_query_observation_no_gt,post_prediction_hungarian_iou_0.5,e2cc155819264b00aaf0afacdc7c152fb9fc5d9bcfd7c2d9313204f5cc5e1ce0
B2,ddc73797-765b-241a-9e2c-097c5989baf6,scene0449_00-scene0449_04-scene0449_05-scene0449_03-scene0449_01,canonical,4,2,26,0.07692307692307693,2,27,0.07407407407407407,1,26,0.038461538461538464,1,0,0,,0.0,90,24,7,0,frozen_query_observation_no_gt,post_prediction_hungarian_iou_0.5,e2cc155819264b00aaf0afacdc7c152fb9fc5d9bcfd7c2d9313204f5cc5e1ce0
B3,ddc73797-765b-241a-9e2c-097c5989baf6,scene0449_00-scene0449_04-scene0449_05-scene0449_03-scene0449_01,canonical,4,3,26,0.11538461538461539,4,27,0.14814814814814814,3,26,0.11538461538461539,1,0,0,,0.0,90,23,6,0,frozen_query_observation_no_gt,post_prediction_hungarian_iou_0.5,e2cc155819264b00aaf0afacdc7c152fb9fc5d9bcfd7c2d9313204f5cc5e1ce0
B4,ddc73797-765b-241a-9e2c-097c5989baf6,scene0449_00-scene0449_04-scene0449_05-scene0449_03-scene0449_01,canonical,4,0,26,0.0,0,27,0.0,0,27,0.0,1,0,0,,0.0,90,24,7,0,frozen_query_observation_no_gt,post_prediction_hungarian_iou_0.5,e2cc155819264b00aaf0afacdc7c152fb9fc5d9bcfd7c2d9313204f5cc5e1ce0
B2,ddc73797-765b-241a-9e2c-097c5989baf6,scene0449_00-scene0449_04-scene0449_05-scene0449_03-scene0449_01,canonical,5,3,27,0.1111111111111111,3,28,0.10714285714285714,2,27,0.07407407407407407,8,0,0,,0.0,111,30,13,0,frozen_query_observation_no_gt,post_prediction_hungarian_iou_0.5,e2cc155819264b00aaf0afacdc7c152fb9fc5d9bcfd7c2d9313204f5cc5e1ce0
B3,ddc73797-765b-241a-9e2c-097c5989baf6,scene0449_00-scene0449_04-scene0449_05-scene0449_03-scene0449_01,canonical,5,4,27,0.14814814814814814,5,28,0.17857142857142858,4,27,0.14814814814814814,8,0,0,,0.0,111,29,12,0,frozen_query_observation_no_gt,post_prediction_hungarian_iou_0.5,e2cc155819264b00aaf0afacdc7c152fb9fc5d9bcfd7c2d9313204f5cc5e1ce0
B4,ddc73797-765b-241a-9e2c-097c5989baf6,scene0449_00-scene0449_04-scene0449_05-scene0449_03-scene0449_01,canonical,5,1,27,0.037037037037037035,1,28,0.03571428571428571,1,28,0.03571428571428571,8,0,0,,0.0,111,24,7,0,frozen_query_observation_no_gt,post_prediction_hungarian_iou_0.5,e2cc155819264b00aaf0afacdc7c152fb9fc5d9bcfd7c2d9313204f5cc5e1ce0
B2,ddc73797-765b-241a-9e2c-097c5989baf6,scene0449_00-scene0449_04-scene0449_05-scene0449_03-scene0449_01,reverse,2,0,0,,0,0,,0,0,,0,0,0,,,30,9,7,0,frozen_query_observation_no_gt,post_prediction_hungarian_iou_0.5,11faf6d0bb7284058456595aebf715373d8e3b01c0e278050198ca187aa4232a
B3,ddc73797-765b-241a-9e2c-097c5989baf6,scene0449_00-scene0449_04-scene0449_05-scene0449_03-scene0449_01,reverse,2,0,0,,0,0,,0,0,,0,0,0,,,30,9,7,0,frozen_query_observation_no_gt,post_prediction_hungarian_iou_0.5,11faf6d0bb7284058456595aebf715373d8e3b01c0e278050198ca187aa4232a
B4,ddc73797-765b-241a-9e2c-097c5989baf6,scene0449_00-scene0449_04-scene0449_05-scene0449_03-scene0449_01,reverse,2,0,0,,0,0,,0,0,,0,0,0,,,30,9,7,0,frozen_query_observation_no_gt,post_prediction_hungarian_iou_0.5,11faf6d0bb7284058456595aebf715373d8e3b01c0e278050198ca187aa4232a
B2,ddc73797-765b-241a-9e2c-097c5989baf6,scene0449_00-scene0449_04-scene0449_05-scene0449_03-scene0449_01,reverse,3,1,5,0.2,1,5,0.2,0,4,0.0,5,0,0,,0.0,53,17,8,0,frozen_query_observation_no_gt,post_prediction_hungarian_iou_0.5,11faf6d0bb7284058456595aebf715373d8e3b01c0e278050198ca187aa4232a
B3,ddc73797-765b-241a-9e2c-097c5989baf6,scene0449_00-scene0449_04-scene0449_05-scene0449_03-scene0449_01,reverse,3,2,5,0.4,2,5,0.4,1,4,0.25,5,0,0,,0.0,53,17,9,0,frozen_query_observation_no_gt,post_prediction_hungarian_iou_0.5,11faf6d0bb7284058456595aebf715373d8e3b01c0e278050198ca187aa4232a
B4,ddc73797-765b-241a-9e2c-097c5989baf6,scene0449_00-scene0449_04-scene0449_05-scene0449_03-scene0449_01,reverse,3,2,5,0.4,2,5,0.4,1,4,0.25,5,0,0,,0.0,53,15,8,0,frozen_query_observation_no_gt,post_prediction_hungarian_iou_0.5,11faf6d0bb7284058456595aebf715373d8e3b01c0e278050198ca187aa4232a
B2,ddc73797-765b-241a-9e2c-097c5989baf6,scene0449_00-scene0449_04-scene0449_05-scene0449_03-scene0449_01,reverse,4,4,15,0.26666666666666666,4,15,0.26666666666666666,3,14,0.21428571428571427,7,0,0,,0.0,84,25,15,0,frozen_query_observation_no_gt,post_prediction_hungarian_iou_0.5,11faf6d0bb7284058456595aebf715373d8e3b01c0e278050198ca187aa4232a
B3,ddc73797-765b-241a-9e2c-097c5989baf6,scene0449_00-scene0449_04-scene0449_05-scene0449_03-scene0449_01,reverse,4,4,15,0.26666666666666666,4,15,0.26666666666666666,2,13,0.15384615384615385,7,0,0,,0.0,84,25,15,0,frozen_query_observation_no_gt,post_prediction_hungarian_iou_0.5,11faf6d0bb7284058456595aebf715373d8e3b01c0e278050198ca187aa4232a
B4,ddc73797-765b-241a-9e2c-097c5989baf6,scene0449_00-scene0449_04-scene0449_05-scene0449_03-scene0449_01,reverse,4,3,15,0.2,3,15,0.2,1,13,0.07692307692307693,7,0,0,,0.0,84,23,14,0,frozen_query_observation_no_gt,post_prediction_hungarian_iou_0.5,11faf6d0bb7284058456595aebf715373d8e3b01c0e278050198ca187aa4232a
B2,ddc73797-765b-241a-9e2c-097c5989baf6,scene0449_00-scene0449_04-scene0449_05-scene0449_03-scene0449_01,reverse,5,8,26,0.3076923076923077,7,27,0.25925925925925924,3,23,0.13043478260869565,7,0,0,,0.0,109,26,16,0,frozen_query_observation_no_gt,post_prediction_hungarian_iou_0.5,11faf6d0bb7284058456595aebf715373d8e3b01c0e278050198ca187aa4232a
B3,ddc73797-765b-241a-9e2c-097c5989baf6,scene0449_00-scene0449_04-scene0449_05-scene0449_03-scene0449_01,reverse,5,8,26,0.3076923076923077,8,27,0.2962962962962963,4,23,0.17391304347826086,7,0,0,,0.0,109,25,15,0,frozen_query_observation_no_gt,post_prediction_hungarian_iou_0.5,11faf6d0bb7284058456595aebf715373d8e3b01c0e278050198ca187aa4232a
B4,ddc73797-765b-241a-9e2c-097c5989baf6,scene0449_00-scene0449_04-scene0449_05-scene0449_03-scene0449_01,reverse,5,7,26,0.2692307692307692,5,27,0.18518518518518517,1,23,0.043478260869565216,7,0,0,,0.0,109,24,15,0,frozen_query_observation_no_gt,post_prediction_hungarian_iou_0.5,11faf6d0bb7284058456595aebf715373d8e3b01c0e278050198ca187aa4232a
B2,ddc73797-765b-241a-9e2c-097c5989baf6,scene0449_00-scene0449_04-scene0449_05-scene0449_03-scene0449_01,sha256_seed45,2,1,1,1.0,1,1,1.0,1,1,1.0,0,0,0,,,32,11,5,0,frozen_query_observation_no_gt,post_prediction_hungarian_iou_0.5,010c260bc092fb1596c9e6aacf77d8dbf331349d270163d24a9a1a0abca5195c
B3,ddc73797-765b-241a-9e2c-097c5989baf6,scene0449_00-scene0449_04-scene0449_05-scene0449_03-scene0449_01,sha256_seed45,2,1,1,1.0,1,1,1.0,1,1,1.0,0,0,0,,,32,11,5,0,frozen_query_observation_no_gt,post_prediction_hungarian_iou_0.5,010c260bc092fb1596c9e6aacf77d8dbf331349d270163d24a9a1a0abca5195c
B4,ddc73797-765b-241a-9e2c-097c5989baf6,scene0449_00-scene0449_04-scene0449_05-scene0449_03-scene0449_01,sha256_seed45,2,1,1,1.0,1,1,1.0,1,1,1.0,0,0,0,,,32,12,6,0,frozen_query_observation_no_gt,post_prediction_hungarian_iou_0.5,010c260bc092fb1596c9e6aacf77d8dbf331349d270163d24a9a1a0abca5195c
B2,ddc73797-765b-241a-9e2c-097c5989baf6,scene0449_00-scene0449_04-scene0449_05-scene0449_03-scene0449_01,sha256_seed45,3,2,2,1.0,2,5,0.4,2,5,0.4,4,1,1,1.0,0.25,58,19,8,0,frozen_query_observation_no_gt,post_prediction_hungarian_iou_0.5,010c260bc092fb1596c9e6aacf77d8dbf331349d270163d24a9a1a0abca5195c
B3,ddc73797-765b-241a-9e2c-097c5989baf6,scene0449_00-scene0449_04-scene0449_05-scene0449_03-scene0449_01,sha256_seed45,3,2,2,1.0,1,5,0.2,2,6,0.3333333333333333,4,1,1,1.0,0.25,58,18,8,0,frozen_query_observation_no_gt,post_prediction_hungarian_iou_0.5,010c260bc092fb1596c9e6aacf77d8dbf331349d270163d24a9a1a0abca5195c
B4,ddc73797-765b-241a-9e2c-097c5989baf6,scene0449_00-scene0449_04-scene0449_05-scene0449_03-scene0449_01,sha256_seed45,3,2,2,1.0,2,5,0.4,3,6,0.5,4,1,0,0.0,0.0,58,18,10,0,frozen_query_observation_no_gt,post_prediction_hungarian_iou_0.5,010c260bc092fb1596c9e6aacf77d8dbf331349d270163d24a9a1a0abca5195c
B2,ddc73797-765b-241a-9e2c-097c5989baf6,scene0449_00-scene0449_04-scene0449_05-scene0449_03-scene0449_01,sha256_seed45,4,2,14,0.14285714285714285,3,18,0.16666666666666666,2,17,0.11764705882352941,4,1,1,1.0,0.25,87,25,13,0,frozen_query_observation_no_gt,post_prediction_hungarian_iou_0.5,010c260bc092fb1596c9e6aacf77d8dbf331349d270163d24a9a1a0abca5195c
B3,ddc73797-765b-241a-9e2c-097c5989baf6,scene0449_00-scene0449_04-scene0449_05-scene0449_03-scene0449_01,sha256_seed45,4,3,14,0.21428571428571427,2,18,0.1111111111111111,2,18,0.1111111111111111,4,1,1,1.0,0.25,87,24,13,0,frozen_query_observation_no_gt,post_prediction_hungarian_iou_0.5,010c260bc092fb1596c9e6aacf77d8dbf331349d270163d24a9a1a0abca5195c
B4,ddc73797-765b-241a-9e2c-097c5989baf6,scene0449_00-scene0449_04-scene0449_05-scene0449_03-scene0449_01,sha256_seed45,4,2,14,0.14285714285714285,3,18,0.16666666666666666,3,18,0.16666666666666666,4,1,0,0.0,0.0,87,24,15,0,frozen_query_observation_no_gt,post_prediction_hungarian_iou_0.5,010c260bc092fb1596c9e6aacf77d8dbf331349d270163d24a9a1a0abca5195c
B2,ddc73797-765b-241a-9e2c-097c5989baf6,scene0449_00-scene0449_04-scene0449_05-scene0449_03-scene0449_01,sha256_seed45,5,4,24,0.16666666666666666,5,28,0.17857142857142858,3,26,0.11538461538461539,4,1,1,1.0,0.25,109,25,13,0,frozen_query_observation_no_gt,post_prediction_hungarian_iou_0.5,010c260bc092fb1596c9e6aacf77d8dbf331349d270163d24a9a1a0abca5195c
B3,ddc73797-765b-241a-9e2c-097c5989baf6,scene0449_00-scene0449_04-scene0449_05-scene0449_03-scene0449_01,sha256_seed45,5,4,24,0.16666666666666666,3,28,0.10714285714285714,2,27,0.07407407407407407,4,1,1,1.0,0.25,109,25,14,0,frozen_query_observation_no_gt,post_prediction_hungarian_iou_0.5,010c260bc092fb1596c9e6aacf77d8dbf331349d270163d24a9a1a0abca5195c
B4,ddc73797-765b-241a-9e2c-097c5989baf6,scene0449_00-scene0449_04-scene0449_05-scene0449_03-scene0449_01,sha256_seed45,5,2,24,0.08333333333333333,3,28,0.10714285714285714,3,28,0.10714285714285714,4,1,0,0.0,0.0,109,24,15,0,frozen_query_observation_no_gt,post_prediction_hungarian_iou_0.5,010c260bc092fb1596c9e6aacf77d8dbf331349d270163d24a9a1a0abca5195c
B2,ddc73797-765b-241a-9e2c-097c5989baf6,scene0449_01-scene0449_02-scene0449_00-scene0449_04-scene0449_05,canonical,2,0,0,,0,0,,0,0,,0,0,0,,,39,14,7,0,frozen_query_observation_no_gt,post_prediction_hungarian_iou_0.5,b1a02bcc35d7c02babbbbbb60c0258bc49e609c131f302c83bf3de587a23617a
B3,ddc73797-765b-241a-9e2c-097c5989baf6,scene0449_01-scene0449_02-scene0449_00-scene0449_04-scene0449_05,canonical,2,0,0,,0,0,,0,0,,0,0,0,,,39,14,7,0,frozen_query_observation_no_gt,post_prediction_hungarian_iou_0.5,b1a02bcc35d7c02babbbbbb60c0258bc49e609c131f302c83bf3de587a23617a
B4,ddc73797-765b-241a-9e2c-097c5989baf6,scene0449_01-scene0449_02-scene0449_00-scene0449_04-scene0449_05,canonical,2,0,0,,0,0,,0,0,,0,0,0,,,39,14,7,0,frozen_query_observation_no_gt,post_prediction_hungarian_iou_0.5,b1a02bcc35d7c02babbbbbb60c0258bc49e609c131f302c83bf3de587a23617a
B2,ddc73797-765b-241a-9e2c-097c5989baf6,scene0449_01-scene0449_02-scene0449_00-scene0449_04-scene0449_05,canonical,3,0,8,0.0,0,8,0.0,0,8,0.0,4,0,0,,0.0,68,20,11,0,frozen_query_observation_no_gt,post_prediction_hungarian_iou_0.5,b1a02bcc35d7c02babbbbbb60c0258bc49e609c131f302c83bf3de587a23617a
B3,ddc73797-765b-241a-9e2c-097c5989baf6,scene0449_01-scene0449_02-scene0449_00-scene0449_04-scene0449_05,canonical,3,0,8,0.0,0,8,0.0,0,8,0.0,4,0,0,,0.0,68,20,12,0,frozen_query_observation_no_gt,post_prediction_hungarian_iou_0.5,b1a02bcc35d7c02babbbbbb60c0258bc49e609c131f302c83bf3de587a23617a
B4,ddc73797-765b-241a-9e2c-097c5989baf6,scene0449_01-scene0449_02-scene0449_00-scene0449_04-scene0449_05,canonical,3,0,8,0.0,0,8,0.0,0,8,0.0,4,0,0,,0.0,68,20,12,0,frozen_query_observation_no_gt,post_prediction_hungarian_iou_0.5,b1a02bcc35d7c02babbbbbb60c0258bc49e609c131f302c83bf3de587a23617a
B2,ddc73797-765b-241a-9e2c-097c5989baf6,scene0449_01-scene0449_02-scene0449_00-scene0449_04-scene0449_05,canonical,4,0,20,0.0,0,21,0.0,0,21,0.0,4,0,0,,0.0,97,23,13,0,frozen_query_observation_no_gt,post_prediction_hungarian_iou_0.5,b1a02bcc35d7c02babbbbbb60c0258bc49e609c131f302c83bf3de587a23617a
B3,ddc73797-765b-241a-9e2c-097c5989baf6,scene0449_01-scene0449_02-scene0449_00-scene0449_04-scene0449_05,canonical,4,0,20,0.0,0,21,0.0,0,21,0.0,4,0,0,,0.0,97,23,14,0,frozen_query_observation_no_gt,post_prediction_hungarian_iou_0.5,b1a02bcc35d7c02babbbbbb60c0258bc49e609c131f302c83bf3de587a23617a
B4,ddc73797-765b-241a-9e2c-097c5989baf6,scene0449_01-scene0449_02-scene0449_00-scene0449_04-scene0449_05,canonical,4,0,20,0.0,0,21,0.0,0,21,0.0,4,0,0,,0.0,97,23,14,0,frozen_query_observation_no_gt,post_prediction_hungarian_iou_0.5,b1a02bcc35d7c02babbbbbb60c0258bc49e609c131f302c83bf3de587a23617a
B2,ddc73797-765b-241a-9e2c-097c5989baf6,scene0449_01-scene0449_02-scene0449_00-scene0449_04-scene0449_05,canonical,5,2,30,0.06666666666666667,2,31,0.06451612903225806,1,30,0.03333333333333333,4,0,0,,0.0,119,23,13,0,frozen_query_observation_no_gt,post_prediction_hungarian_iou_0.5,b1a02bcc35d7c02babbbbbb60c0258bc49e609c131f302c83bf3de587a23617a
B3,ddc73797-765b-241a-9e2c-097c5989baf6,scene0449_01-scene0449_02-scene0449_00-scene0449_04-scene0449_05,canonical,5,0,30,0.0,0,31,0.0,0,31,0.0,4,0,0,,0.0,119,23,14,0,frozen_query_observation_no_gt,post_prediction_hungarian_iou_0.5,b1a02bcc35d7c02babbbbbb60c0258bc49e609c131f302c83bf3de587a23617a
B4,ddc73797-765b-241a-9e2c-097c5989baf6,scene0449_01-scene0449_02-scene0449_00-scene0449_04-scene0449_05,canonical,5,0,30,0.0,0,31,0.0,0,31,0.0,4,0,0,,0.0,119,23,14,0,frozen_query_observation_no_gt,post_prediction_hungarian_iou_0.5,b1a02bcc35d7c02babbbbbb60c0258bc49e609c131f302c83bf3de587a23617a
B2,ddc73797-765b-241a-9e2c-097c5989baf6,scene0449_01-scene0449_02-scene0449_00-scene0449_04-scene0449_05,reverse,2,2,10,0.2,2,10,0.2,1,9,0.1111111111111111,0,0,0,,,54,23,7,0,frozen_query_observation_no_gt,post_prediction_hungarian_iou_0.5,5c7e6e9a9a2d0d01d4d250f4c9127cf1be24e3ddc30822eab7f3ed6a63e61241
B3,ddc73797-765b-241a-9e2c-097c5989baf6,scene0449_01-scene0449_02-scene0449_00-scene0449_04-scene0449_05,reverse,2,2,10,0.2,2,10,0.2,1,9,0.1111111111111111,0,0,0,,,54,23,7,0,frozen_query_observation_no_gt,post_prediction_hungarian_iou_0.5,5c7e6e9a9a2d0d01d4d250f4c9127cf1be24e3ddc30822eab7f3ed6a63e61241
B4,ddc73797-765b-241a-9e2c-097c5989baf6,scene0449_01-scene0449_02-scene0449_00-scene0449_04-scene0449_05,reverse,2,1,10,0.1,1,10,0.1,0,9,0.0,0,0,0,,,54,23,7,0,frozen_query_observation_no_gt,post_prediction_hungarian_iou_0.5,5c7e6e9a9a2d0d01d4d250f4c9127cf1be24e3ddc30822eab7f3ed6a63e61241
B2,ddc73797-765b-241a-9e2c-097c5989baf6,scene0449_01-scene0449_02-scene0449_00-scene0449_04-scene0449_05,reverse,3,6,21,0.2857142857142857,5,22,0.22727272727272727,2,19,0.10526315789473684,0,0,0,,,79,24,8,0,frozen_query_observation_no_gt,post_prediction_hungarian_iou_0.5,5c7e6e9a9a2d0d01d4d250f4c9127cf1be24e3ddc30822eab7f3ed6a63e61241
B3,ddc73797-765b-241a-9e2c-097c5989baf6,scene0449_01-scene0449_02-scene0449_00-scene0449_04-scene0449_05,reverse,3,6,21,0.2857142857142857,5,22,0.22727272727272727,2,19,0.10526315789473684,0,0,0,,,79,24,8,0,frozen_query_observation_no_gt,post_prediction_hungarian_iou_0.5,5c7e6e9a9a2d0d01d4d250f4c9127cf1be24e3ddc30822eab7f3ed6a63e61241
B4,ddc73797-765b-241a-9e2c-097c5989baf6,scene0449_01-scene0449_02-scene0449_00-scene0449_04-scene0449_05,reverse,3,5,21,0.23809523809523808,4,22,0.18181818181818182,1,19,0.05263157894736842,0,0,0,,,79,24,8,0,frozen_query_observation_no_gt,post_prediction_hungarian_iou_0.5,5c7e6e9a9a2d0d01d4d250f4c9127cf1be24e3ddc30822eab7f3ed6a63e61241
B2,ddc73797-765b-241a-9e2c-097c5989baf6,scene0449_01-scene0449_02-scene0449_00-scene0449_04-scene0449_05,reverse,4,7,31,0.22580645161290322,5,33,0.15151515151515152,2,30,0.06666666666666667,1,1,0,0.0,0.0,99,24,8,0,frozen_query_observation_no_gt,post_prediction_hungarian_iou_0.5,5c7e6e9a9a2d0d01d4d250f4c9127cf1be24e3ddc30822eab7f3ed6a63e61241
B3,ddc73797-765b-241a-9e2c-097c5989baf6,scene0449_01-scene0449_02-scene0449_00-scene0449_04-scene0449_05,reverse,4,7,31,0.22580645161290322,5,33,0.15151515151515152,2,30,0.06666666666666667,1,1,0,0.0,0.0,99,24,8,0,frozen_query_observation_no_gt,post_prediction_hungarian_iou_0.5,5c7e6e9a9a2d0d01d4d250f4c9127cf1be24e3ddc30822eab7f3ed6a63e61241
B4,ddc73797-765b-241a-9e2c-097c5989baf6,scene0449_01-scene0449_02-scene0449_00-scene0449_04-scene0449_05,reverse,4,6,31,0.1935483870967742,4,33,0.12121212121212122,1,30,0.03333333333333333,1,1,1,1.0,1.0,99,24,8,0,frozen_query_observation_no_gt,post_prediction_hungarian_iou_0.5,5c7e6e9a9a2d0d01d4d250f4c9127cf1be24e3ddc30822eab7f3ed6a63e61241
B2,ddc73797-765b-241a-9e2c-097c5989baf6,scene0449_01-scene0449_02-scene0449_00-scene0449_04-scene0449_05,reverse,5,8,32,0.25,6,34,0.17647058823529413,3,31,0.0967741935483871,5,1,0,0.0,0.0,121,25,9,0,frozen_query_observation_no_gt,post_prediction_hungarian_iou_0.5,5c7e6e9a9a2d0d01d4d250f4c9127cf1be24e3ddc30822eab7f3ed6a63e61241
B3,ddc73797-765b-241a-9e2c-097c5989baf6,scene0449_01-scene0449_02-scene0449_00-scene0449_04-scene0449_05,reverse,5,8,32,0.25,6,34,0.17647058823529413,3,31,0.0967741935483871,5,1,0,0.0,0.0,121,25,9,0,frozen_query_observation_no_gt,post_prediction_hungarian_iou_0.5,5c7e6e9a9a2d0d01d4d250f4c9127cf1be24e3ddc30822eab7f3ed6a63e61241
B4,ddc73797-765b-241a-9e2c-097c5989baf6,scene0449_01-scene0449_02-scene0449_00-scene0449_04-scene0449_05,reverse,5,7,32,0.21875,5,34,0.14705882352941177,2,31,0.06451612903225806,5,1,1,1.0,0.2,121,24,8,0,frozen_query_observation_no_gt,post_prediction_hungarian_iou_0.5,5c7e6e9a9a2d0d01d4d250f4c9127cf1be24e3ddc30822eab7f3ed6a63e61241
B2,ddc73797-765b-241a-9e2c-097c5989baf6,scene0449_01-scene0449_02-scene0449_00-scene0449_04-scene0449_05,sha256_seed45,2,0,0,,0,0,,0,0,,0,0,0,,,45,17,8,0,frozen_query_observation_no_gt,post_prediction_hungarian_iou_0.5,bbc1490a815e5cd9ec7603c364b6a7209937c22bc813529bf15909293cb89a81
B3,ddc73797-765b-241a-9e2c-097c5989baf6,scene0449_01-scene0449_02-scene0449_00-scene0449_04-scene0449_05,sha256_seed45,2,0,0,,0,0,,0,0,,0,0,0,,,45,17,8,0,frozen_query_observation_no_gt,post_prediction_hungarian_iou_0.5,bbc1490a815e5cd9ec7603c364b6a7209937c22bc813529bf15909293cb89a81
B4,ddc73797-765b-241a-9e2c-097c5989baf6,scene0449_01-scene0449_02-scene0449_00-scene0449_04-scene0449_05,sha256_seed45,2,0,0,,0,0,,0,0,,0,0,0,,,45,17,8,0,frozen_query_observation_no_gt,post_prediction_hungarian_iou_0.5,bbc1490a815e5cd9ec7603c364b6a7209937c22bc813529bf15909293cb89a81
B2,ddc73797-765b-241a-9e2c-097c5989baf6,scene0449_01-scene0449_02-scene0449_00-scene0449_04-scene0449_05,sha256_seed45,3,0,10,0.0,0,10,0.0,1,11,0.09090909090909091,0,0,0,,,65,18,9,0,frozen_query_observation_no_gt,post_prediction_hungarian_iou_0.5,bbc1490a815e5cd9ec7603c364b6a7209937c22bc813529bf15909293cb89a81
B3,ddc73797-765b-241a-9e2c-097c5989baf6,scene0449_01-scene0449_02-scene0449_00-scene0449_04-scene0449_05,sha256_seed45,3,0,10,0.0,0,10,0.0,1,11,0.09090909090909091,0,0,0,,,65,18,9,0,frozen_query_observation_no_gt,post_prediction_hungarian_iou_0.5,bbc1490a815e5cd9ec7603c364b6a7209937c22bc813529bf15909293cb89a81
B4,ddc73797-765b-241a-9e2c-097c5989baf6,scene0449_01-scene0449_02-scene0449_00-scene0449_04-scene0449_05,sha256_seed45,3,0,10,0.0,0,10,0.0,1,11,0.09090909090909091,0,0,0,,,65,18,9,0,frozen_query_observation_no_gt,post_prediction_hungarian_iou_0.5,bbc1490a815e5cd9ec7603c364b6a7209937c22bc813529bf15909293cb89a81
B2,ddc73797-765b-241a-9e2c-097c5989baf6,scene0449_01-scene0449_02-scene0449_00-scene0449_04-scene0449_05,sha256_seed45,4,2,21,0.09523809523809523,3,22,0.13636363636363635,2,21,0.09523809523809523,5,1,0,0.0,0.0,94,24,15,0,frozen_query_observation_no_gt,post_prediction_hungarian_iou_0.5,bbc1490a815e5cd9ec7603c364b6a7209937c22bc813529bf15909293cb89a81
B3,ddc73797-765b-241a-9e2c-097c5989baf6,scene0449_01-scene0449_02-scene0449_00-scene0449_04-scene0449_05,sha256_seed45,4,2,21,0.09523809523809523,3,22,0.13636363636363635,2,21,0.09523809523809523,5,1,0,0.0,0.0,94,24,15,0,frozen_query_observation_no_gt,post_prediction_hungarian_iou_0.5,bbc1490a815e5cd9ec7603c364b6a7209937c22bc813529bf15909293cb89a81
B4,ddc73797-765b-241a-9e2c-097c5989baf6,scene0449_01-scene0449_02-scene0449_00-scene0449_04-scene0449_05,sha256_seed45,4,1,21,0.047619047619047616,1,22,0.045454545454545456,1,22,0.045454545454545456,5,1,1,1.0,0.2,94,23,13,0,frozen_query_observation_no_gt,post_prediction_hungarian_iou_0.5,bbc1490a815e5cd9ec7603c364b6a7209937c22bc813529bf15909293cb89a81
B2,ddc73797-765b-241a-9e2c-097c5989baf6,scene0449_01-scene0449_02-scene0449_00-scene0449_04-scene0449_05,sha256_seed45,5,4,30,0.13333333333333333,5,32,0.15625,4,31,0.12903225806451613,5,1,0,0.0,0.0,116,24,15,0,frozen_query_observation_no_gt,post_prediction_hungarian_iou_0.5,bbc1490a815e5cd9ec7603c364b6a7209937c22bc813529bf15909293cb89a81
B3,ddc73797-765b-241a-9e2c-097c5989baf6,scene0449_01-scene0449_02-scene0449_00-scene0449_04-scene0449_05,sha256_seed45,5,4,30,0.13333333333333333,4,32,0.125,3,31,0.0967741935483871,5,1,0,0.0,0.0,116,24,15,0,frozen_query_observation_no_gt,post_prediction_hungarian_iou_0.5,bbc1490a815e5cd9ec7603c364b6a7209937c22bc813529bf15909293cb89a81
B4,ddc73797-765b-241a-9e2c-097c5989baf6,scene0449_01-scene0449_02-scene0449_00-scene0449_04-scene0449_05,sha256_seed45,5,3,30,0.1,2,32,0.0625,2,32,0.0625,5,1,1,1.0,0.2,116,23,13,0,frozen_query_observation_no_gt,post_prediction_hungarian_iou_0.5,bbc1490a815e5cd9ec7603c364b6a7209937c22bc813529bf15909293cb89a81
B2,ddc73797-765b-241a-9e2c-097c5989baf6,scene0449_02-scene0449_00-scene0449_04-scene0449_05-scene0449_03,canonical,2,0,5,0.0,0,5,0.0,0,5,0.0,0,0,0,,,50,20,7,0,frozen_query_observation_no_gt,post_prediction_hungarian_iou_0.5,04b5a05db98a60d7e097859af30e0cb6ca7460f5a5ff53bdc9059ca847847398
B3,ddc73797-765b-241a-9e2c-097c5989baf6,scene0449_02-scene0449_00-scene0449_04-scene0449_05-scene0449_03,canonical,2,0,5,0.0,0,5,0.0,0,5,0.0,0,0,0,,,50,20,7,0,frozen_query_observation_no_gt,post_prediction_hungarian_iou_0.5,04b5a05db98a60d7e097859af30e0cb6ca7460f5a5ff53bdc9059ca847847398
B4,ddc73797-765b-241a-9e2c-097c5989baf6,scene0449_02-scene0449_00-scene0449_04-scene0449_05-scene0449_03,canonical,2,0,5,0.0,0,5,0.0,0,5,0.0,0,0,0,,,50,20,7,0,frozen_query_observation_no_gt,post_prediction_hungarian_iou_0.5,04b5a05db98a60d7e097859af30e0cb6ca7460f5a5ff53bdc9059ca847847398
B2,ddc73797-765b-241a-9e2c-097c5989baf6,scene0449_02-scene0449_00-scene0449_04-scene0449_05-scene0449_03,canonical,3,0,17,0.0,0,18,0.0,0,18,0.0,0,0,0,,,79,23,9,0,frozen_query_observation_no_gt,post_prediction_hungarian_iou_0.5,04b5a05db98a60d7e097859af30e0cb6ca7460f5a5ff53bdc9059ca847847398
B3,ddc73797-765b-241a-9e2c-097c5989baf6,scene0449_02-scene0449_00-scene0449_04-scene0449_05-scene0449_03,canonical,3,0,17,0.0,0,18,0.0,0,18,0.0,0,0,0,,,79,23,9,0,frozen_query_observation_no_gt,post_prediction_hungarian_iou_0.5,04b5a05db98a60d7e097859af30e0cb6ca7460f5a5ff53bdc9059ca847847398
B4,ddc73797-765b-241a-9e2c-097c5989baf6,scene0449_02-scene0449_00-scene0449_04-scene0449_05-scene0449_03,canonical,3,0,17,0.0,0,18,0.0,0,18,0.0,0,0,0,,,79,23,9,0,frozen_query_observation_no_gt,post_prediction_hungarian_iou_0.5,04b5a05db98a60d7e097859af30e0cb6ca7460f5a5ff53bdc9059ca847847398
B2,ddc73797-765b-241a-9e2c-097c5989baf6,scene0449_02-scene0449_00-scene0449_04-scene0449_05-scene0449_03,canonical,4,2,27,0.07407407407407407,2,28,0.07142857142857142,1,27,0.037037037037037035,0,0,0,,,101,23,9,0,frozen_query_observation_no_gt,post_prediction_hungarian_iou_0.5,04b5a05db98a60d7e097859af30e0cb6ca7460f5a5ff53bdc9059ca847847398
B3,ddc73797-765b-241a-9e2c-097c5989baf6,scene0449_02-scene0449_00-scene0449_04-scene0449_05-scene0449_03,canonical,4,0,27,0.0,0,28,0.0,0,28,0.0,0,0,0,,,101,23,9,0,frozen_query_observation_no_gt,post_prediction_hungarian_iou_0.5,04b5a05db98a60d7e097859af30e0cb6ca7460f5a5ff53bdc9059ca847847398
B4,ddc73797-765b-241a-9e2c-097c5989baf6,scene0449_02-scene0449_00-scene0449_04-scene0449_05-scene0449_03,canonical,4,0,27,0.0,0,28,0.0,0,28,0.0,0,0,0,,,101,23,9,0,frozen_query_observation_no_gt,post_prediction_hungarian_iou_0.5,04b5a05db98a60d7e097859af30e0cb6ca7460f5a5ff53bdc9059ca847847398
B2,ddc73797-765b-241a-9e2c-097c5989baf6,scene0449_02-scene0449_00-scene0449_04-scene0449_05-scene0449_03,canonical,5,2,31,0.06451612903225806,2,33,0.06060606060606061,1,32,0.03125,1,0,0,,0.0,113,24,10,0,frozen_query_observation_no_gt,post_prediction_hungarian_iou_0.5,04b5a05db98a60d7e097859af30e0cb6ca7460f5a5ff53bdc9059ca847847398
B3,ddc73797-765b-241a-9e2c-097c5989baf6,scene0449_02-scene0449_00-scene0449_04-scene0449_05-scene0449_03,canonical,5,0,31,0.0,0,33,0.0,0,33,0.0,1,0,0,,0.0,113,24,10,0,frozen_query_observation_no_gt,post_prediction_hungarian_iou_0.5,04b5a05db98a60d7e097859af30e0cb6ca7460f5a5ff53bdc9059ca847847398
B4,ddc73797-765b-241a-9e2c-097c5989baf6,scene0449_02-scene0449_00-scene0449_04-scene0449_05-scene0449_03,canonical,5,0,31,0.0,0,33,0.0,0,33,0.0,1,0,0,,0.0,113,23,9,0,frozen_query_observation_no_gt,post_prediction_hungarian_iou_0.5,04b5a05db98a60d7e097859af30e0cb6ca7460f5a5ff53bdc9059ca847847398
B2,ddc73797-765b-241a-9e2c-097c5989baf6,scene0449_02-scene0449_00-scene0449_04-scene0449_05-scene0449_03,reverse,2,1,5,0.2,1,5,0.2,0,4,0.0,0,0,0,,,34,15,2,0,frozen_query_observation_no_gt,post_prediction_hungarian_iou_0.5,895490740fd149b85574f10a2b7575fbf183885f63c5adf32b4252356832f6b7
B3,ddc73797-765b-241a-9e2c-097c5989baf6,scene0449_02-scene0449_00-scene0449_04-scene0449_05-scene0449_03,reverse,2,1,5,0.2,1,5,0.2,0,4,0.0,0,0,0,,,34,15,2,0,frozen_query_observation_no_gt,post_prediction_hungarian_iou_0.5,895490740fd149b85574f10a2b7575fbf183885f63c5adf32b4252356832f6b7
B4,ddc73797-765b-241a-9e2c-097c5989baf6,scene0449_02-scene0449_00-scene0449_04-scene0449_05-scene0449_03,reverse,2,1,5,0.2,1,5,0.2,0,4,0.0,0,0,0,,,34,15,2,0,frozen_query_observation_no_gt,post_prediction_hungarian_iou_0.5,895490740fd149b85574f10a2b7575fbf183885f63c5adf32b4252356832f6b7
B2,ddc73797-765b-241a-9e2c-097c5989baf6,scene0449_02-scene0449_00-scene0449_04-scene0449_05-scene0449_03,reverse,3,4,15,0.26666666666666666,4,15,0.26666666666666666,3,14,0.21428571428571427,0,0,0,,,65,23,9,0,frozen_query_observation_no_gt,post_prediction_hungarian_iou_0.5,895490740fd149b85574f10a2b7575fbf183885f63c5adf32b4252356832f6b7
B3,ddc73797-765b-241a-9e2c-097c5989baf6,scene0449_02-scene0449_00-scene0449_04-scene0449_05-scene0449_03,reverse,3,4,15,0.26666666666666666,3,15,0.2,1,13,0.07692307692307693,0,0,0,,,65,23,8,0,frozen_query_observation_no_gt,post_prediction_hungarian_iou_0.5,895490740fd149b85574f10a2b7575fbf183885f63c5adf32b4252356832f6b7
B4,ddc73797-765b-241a-9e2c-097c5989baf6,scene0449_02-scene0449_00-scene0449_04-scene0449_05-scene0449_03,reverse,3,3,15,0.2,2,15,0.13333333333333333,0,13,0.0,0,0,0,,,65,24,9,0,frozen_query_observation_no_gt,post_prediction_hungarian_iou_0.5,895490740fd149b85574f10a2b7575fbf183885f63c5adf32b4252356832f6b7
B2,ddc73797-765b-241a-9e2c-097c5989baf6,scene0449_02-scene0449_00-scene0449_04-scene0449_05-scene0449_03,reverse,4,8,26,0.3076923076923077,7,27,0.25925925925925924,3,23,0.13043478260869565,0,0,0,,,90,24,10,0,frozen_query_observation_no_gt,post_prediction_hungarian_iou_0.5,895490740fd149b85574f10a2b7575fbf183885f63c5adf32b4252356832f6b7
B3,ddc73797-765b-241a-9e2c-097c5989baf6,scene0449_02-scene0449_00-scene0449_04-scene0449_05-scene0449_03,reverse,4,8,26,0.3076923076923077,5,27,0.18518518518518517,1,23,0.043478260869565216,0,0,0,,,90,24,9,0,frozen_query_observation_no_gt,post_prediction_hungarian_iou_0.5,895490740fd149b85574f10a2b7575fbf183885f63c5adf32b4252356832f6b7
B4,ddc73797-765b-241a-9e2c-097c5989baf6,scene0449_02-scene0449_00-scene0449_04-scene0449_05-scene0449_03,reverse,4,7,26,0.2692307692307692,4,27,0.14814814814814814,0,23,0.0,0,0,0,,,90,25,10,0,frozen_query_observation_no_gt,post_prediction_hungarian_iou_0.5,895490740fd149b85574f10a2b7575fbf183885f63c5adf32b4252356832f6b7
B2,ddc73797-765b-241a-9e2c-097c5989baf6,scene0449_02-scene0449_00-scene0449_04-scene0449_05-scene0449_03,reverse,5,9,36,0.25,7,38,0.18421052631578946,3,34,0.08823529411764706,1,1,0,0.0,0.0,110,24,10,0,frozen_query_observation_no_gt,post_prediction_hungarian_iou_0.5,895490740fd149b85574f10a2b7575fbf183885f63c5adf32b4252356832f6b7
B3,ddc73797-765b-241a-9e2c-097c5989baf6,scene0449_02-scene0449_00-scene0449_04-scene0449_05-scene0449_03,reverse,5,9,36,0.25,5,38,0.13157894736842105,1,34,0.029411764705882353,1,1,1,1.0,1.0,110,24,9,0,frozen_query_observation_no_gt,post_prediction_hungarian_iou_0.5,895490740fd149b85574f10a2b7575fbf183885f63c5adf32b4252356832f6b7
B4,ddc73797-765b-241a-9e2c-097c5989baf6,scene0449_02-scene0449_00-scene0449_04-scene0449_05-scene0449_03,reverse,5,8,36,0.2222222222222222,4,38,0.10526315789473684,0,34,0.0,1,1,1,1.0,1.0,110,25,10,0,frozen_query_observation_no_gt,post_prediction_hungarian_iou_0.5,895490740fd149b85574f10a2b7575fbf183885f63c5adf32b4252356832f6b7
B2,ddc73797-765b-241a-9e2c-097c5989baf6,scene0449_02-scene0449_00-scene0449_04-scene0449_05-scene0449_03,sha256_seed45,2,2,4,0.5,2,4,0.5,0,2,0.0,0,0,0,,,42,22,7,0,frozen_query_observation_no_gt,post_prediction_hungarian_iou_0.5,45b3466b36e584863ceeebd7d1b8b659fa09f7d10cfb0b2610ce50cbc6c43ea4
B3,ddc73797-765b-241a-9e2c-097c5989baf6,scene0449_02-scene0449_00-scene0449_04-scene0449_05-scene0449_03,sha256_seed45,2,2,4,0.5,2,4,0.5,0,2,0.0,0,0,0,,,42,22,7,0,frozen_query_observation_no_gt,post_prediction_hungarian_iou_0.5,45b3466b36e584863ceeebd7d1b8b659fa09f7d10cfb0b2610ce50cbc6c43ea4
B4,ddc73797-765b-241a-9e2c-097c5989baf6,scene0449_02-scene0449_00-scene0449_04-scene0449_05-scene0449_03,sha256_seed45,2,2,4,0.5,2,4,0.5,0,2,0.0,0,0,0,,,42,22,7,0,frozen_query_observation_no_gt,post_prediction_hungarian_iou_0.5,45b3466b36e584863ceeebd7d1b8b659fa09f7d10cfb0b2610ce50cbc6c43ea4
B2,ddc73797-765b-241a-9e2c-097c5989baf6,scene0449_02-scene0449_00-scene0449_04-scene0449_05-scene0449_03,sha256_seed45,3,4,14,0.2857142857142857,2,15,0.13333333333333333,0,13,0.0,0,0,0,,,62,22,7,0,frozen_query_observation_no_gt,post_prediction_hungarian_iou_0.5,45b3466b36e584863ceeebd7d1b8b659fa09f7d10cfb0b2610ce50cbc6c43ea4
B3,ddc73797-765b-241a-9e2c-097c5989baf6,scene0449_02-scene0449_00-scene0449_04-scene0449_05-scene0449_03,sha256_seed45,3,5,14,0.35714285714285715,3,15,0.2,0,12,0.0,0,0,0,,,62,22,7,0,frozen_query_observation_no_gt,post_prediction_hungarian_iou_0.5,45b3466b36e584863ceeebd7d1b8b659fa09f7d10cfb0b2610ce50cbc6c43ea4
B4,ddc73797-765b-241a-9e2c-097c5989baf6,scene0449_02-scene0449_00-scene0449_04-scene0449_05-scene0449_03,sha256_seed45,3,4,14,0.2857142857142857,2,15,0.13333333333333333,0,13,0.0,0,0,0,,,62,22,7,0,frozen_query_observation_no_gt,post_prediction_hungarian_iou_0.5,45b3466b36e584863ceeebd7d1b8b659fa09f7d10cfb0b2610ce50cbc6c43ea4
B2,ddc73797-765b-241a-9e2c-097c5989baf6,scene0449_02-scene0449_00-scene0449_04-scene0449_05-scene0449_03,sha256_seed45,4,6,25,0.24,5,27,0.18518518518518517,1,23,0.043478260869565216,5,1,0,0.0,0.0,91,28,13,0,frozen_query_observation_no_gt,post_prediction_hungarian_iou_0.5,45b3466b36e584863ceeebd7d1b8b659fa09f7d10cfb0b2610ce50cbc6c43ea4
B3,ddc73797-765b-241a-9e2c-097c5989baf6,scene0449_02-scene0449_00-scene0449_04-scene0449_05-scene0449_03,sha256_seed45,4,6,25,0.24,5,27,0.18518518518518517,0,22,0.0,5,1,0,0.0,0.0,91,28,13,0,frozen_query_observation_no_gt,post_prediction_hungarian_iou_0.5,45b3466b36e584863ceeebd7d1b8b659fa09f7d10cfb0b2610ce50cbc6c43ea4
B4,ddc73797-765b-241a-9e2c-097c5989baf6,scene0449_02-scene0449_00-scene0449_04-scene0449_05-scene0449_03,sha256_seed45,4,5,25,0.2,2,27,0.07407407407407407,0,25,0.0,5,1,1,1.0,0.2,91,23,8,0,frozen_query_observation_no_gt,post_prediction_hungarian_iou_0.5,45b3466b36e584863ceeebd7d1b8b659fa09f7d10cfb0b2610ce50cbc6c43ea4
B2,ddc73797-765b-241a-9e2c-097c5989baf6,scene0449_02-scene0449_00-scene0449_04-scene0449_05-scene0449_03,sha256_seed45,5,8,34,0.23529411764705882,7,37,0.1891891891891892,3,33,0.09090909090909091,5,1,0,0.0,0.0,113,28,13,0,frozen_query_observation_no_gt,post_prediction_hungarian_iou_0.5,45b3466b36e584863ceeebd7d1b8b659fa09f7d10cfb0b2610ce50cbc6c43ea4
B3,ddc73797-765b-241a-9e2c-097c5989baf6,scene0449_02-scene0449_00-scene0449_04-scene0449_05-scene0449_03,sha256_seed45,5,7,34,0.20588235294117646,6,37,0.16216216216216217,1,32,0.03125,5,1,0,0.0,0.0,113,28,13,0,frozen_query_observation_no_gt,post_prediction_hungarian_iou_0.5,45b3466b36e584863ceeebd7d1b8b659fa09f7d10cfb0b2610ce50cbc6c43ea4
B4,ddc73797-765b-241a-9e2c-097c5989baf6,scene0449_02-scene0449_00-scene0449_04-scene0449_05-scene0449_03,sha256_seed45,5,7,34,0.20588235294117646,3,37,0.08108108108108109,1,35,0.02857142857142857,5,1,1,1.0,0.2,113,23,8,0,frozen_query_observation_no_gt,post_prediction_hungarian_iou_0.5,45b3466b36e584863ceeebd7d1b8b659fa09f7d10cfb0b2610ce50cbc6c43ea4
B2,ddc73797-765b-241a-9e2c-097c5989baf6,scene0449_03-scene0449_01-scene0449_02-scene0449_00-scene0449_04,canonical,2,1,1,1.0,1,1,1.0,1,1,1.0,0,0,0,,,32,11,5,0,frozen_query_observation_no_gt,post_prediction_hungarian_iou_0.5,a9104d3742f6407b354d52a29b6ae6a3674c750993eeb6ff4ac9a8d74d764fa0
B3,ddc73797-765b-241a-9e2c-097c5989baf6,scene0449_03-scene0449_01-scene0449_02-scene0449_00-scene0449_04,canonical,2,1,1,1.0,1,1,1.0,1,1,1.0,0,0,0,,,32,11,5,0,frozen_query_observation_no_gt,post_prediction_hungarian_iou_0.5,a9104d3742f6407b354d52a29b6ae6a3674c750993eeb6ff4ac9a8d74d764fa0
B4,ddc73797-765b-241a-9e2c-097c5989baf6,scene0449_03-scene0449_01-scene0449_02-scene0449_00-scene0449_04,canonical,2,1,1,1.0,1,1,1.0,1,1,1.0,0,0,0,,,32,12,6,0,frozen_query_observation_no_gt,post_prediction_hungarian_iou_0.5,a9104d3742f6407b354d52a29b6ae6a3674c750993eeb6ff4ac9a8d74d764fa0
B2,ddc73797-765b-241a-9e2c-097c5989baf6,scene0449_03-scene0449_01-scene0449_02-scene0449_00-scene0449_04,canonical,3,1,1,1.0,4,5,0.8,3,4,0.75,4,1,0,0.0,0.0,52,15,6,0,frozen_query_observation_no_gt,post_prediction_hungarian_iou_0.5,a9104d3742f6407b354d52a29b6ae6a3674c750993eeb6ff4ac9a8d74d764fa0
B3,ddc73797-765b-241a-9e2c-097c5989baf6,scene0449_03-scene0449_01-scene0449_02-scene0449_00-scene0449_04,canonical,3,1,1,1.0,1,5,0.2,1,5,0.2,4,1,1,1.0,0.25,52,15,6,0,frozen_query_observation_no_gt,post_prediction_hungarian_iou_0.5,a9104d3742f6407b354d52a29b6ae6a3674c750993eeb6ff4ac9a8d74d764fa0
B4,ddc73797-765b-241a-9e2c-097c5989baf6,scene0449_03-scene0449_01-scene0449_02-scene0449_00-scene0449_04,canonical,3,1,1,1.0,1,5,0.2,1,5,0.2,4,1,1,1.0,0.25,52,14,6,0,frozen_query_observation_no_gt,post_prediction_hungarian_iou_0.5,a9104d3742f6407b354d52a29b6ae6a3674c750993eeb6ff4ac9a8d74d764fa0
B2,ddc73797-765b-241a-9e2c-097c5989baf6,scene0449_03-scene0449_01-scene0449_02-scene0449_00-scene0449_04,canonical,4,1,9,0.1111111111111111,5,14,0.35714285714285715,4,13,0.3076923076923077,8,1,0,0.0,0.0,81,21,10,0,frozen_query_observation_no_gt,post_prediction_hungarian_iou_0.5,a9104d3742f6407b354d52a29b6ae6a3674c750993eeb6ff4ac9a8d74d764fa0
B3,ddc73797-765b-241a-9e2c-097c5989baf6,scene0449_03-scene0449_01-scene0449_02-scene0449_00-scene0449_04,canonical,4,1,9,0.1111111111111111,1,14,0.07142857142857142,1,14,0.07142857142857142,8,1,1,1.0,0.125,81,21,10,0,frozen_query_observation_no_gt,post_prediction_hungarian_iou_0.5,a9104d3742f6407b354d52a29b6ae6a3674c750993eeb6ff4ac9a8d74d764fa0
B4,ddc73797-765b-241a-9e2c-097c5989baf6,scene0449_03-scene0449_01-scene0449_02-scene0449_00-scene0449_04,canonical,4,1,9,0.1111111111111111,1,14,0.07142857142857142,1,14,0.07142857142857142,8,1,1,1.0,0.125,81,20,10,0,frozen_query_observation_no_gt,post_prediction_hungarian_iou_0.5,a9104d3742f6407b354d52a29b6ae6a3674c750993eeb6ff4ac9a8d74d764fa0
B2,ddc73797-765b-241a-9e2c-097c5989baf6,scene0449_03-scene0449_01-scene0449_02-scene0449_00-scene0449_04,canonical,5,1,21,0.047619047619047616,5,27,0.18518518518518517,5,27,0.18518518518518517,8,1,0,0.0,0.0,110,24,12,0,frozen_query_observation_no_gt,post_prediction_hungarian_iou_0.5,a9104d3742f6407b354d52a29b6ae6a3674c750993eeb6ff4ac9a8d74d764fa0
B3,ddc73797-765b-241a-9e2c-097c5989baf6,scene0449_03-scene0449_01-scene0449_02-scene0449_00-scene0449_04,canonical,5,1,21,0.047619047619047616,1,27,0.037037037037037035,1,27,0.037037037037037035,8,1,1,1.0,0.125,110,24,12,0,frozen_query_observation_no_gt,post_prediction_hungarian_iou_0.5,a9104d3742f6407b354d52a29b6ae6a3674c750993eeb6ff4ac9a8d74d764fa0
B4,ddc73797-765b-241a-9e2c-097c5989baf6,scene0449_03-scene0449_01-scene0449_02-scene0449_00-scene0449_04,canonical,5,1,21,0.047619047619047616,1,27,0.037037037037037035,1,27,0.037037037037037035,8,1,1,1.0,0.125,110,23,12,0,frozen_query_observation_no_gt,post_prediction_hungarian_iou_0.5,a9104d3742f6407b354d52a29b6ae6a3674c750993eeb6ff4ac9a8d74d764fa0
B2,ddc73797-765b-241a-9e2c-097c5989baf6,scene0449_03-scene0449_01-scene0449_02-scene0449_00-scene0449_04,reverse,2,1,11,0.09090909090909091,1,11,0.09090909090909091,0,10,0.0,0,0,0,,,49,22,8,0,frozen_query_observation_no_gt,post_prediction_hungarian_iou_0.5,79b1ccbd21b750b13bc661b74f8fb1df0072c61a9c546fc2f53b48edc97baf46
B3,ddc73797-765b-241a-9e2c-097c5989baf6,scene0449_03-scene0449_01-scene0449_02-scene0449_00-scene0449_04,reverse,2,1,11,0.09090909090909091,1,11,0.09090909090909091,0,10,0.0,0,0,0,,,49,22,8,0,frozen_query_observation_no_gt,post_prediction_hungarian_iou_0.5,79b1ccbd21b750b13bc661b74f8fb1df0072c61a9c546fc2f53b48edc97baf46
B4,ddc73797-765b-241a-9e2c-097c5989baf6,scene0449_03-scene0449_01-scene0449_02-scene0449_00-scene0449_04,reverse,2,1,11,0.09090909090909091,1,11,0.09090909090909091,0,10,0.0,0,0,0,,,49,22,8,0,frozen_query_observation_no_gt,post_prediction_hungarian_iou_0.5,79b1ccbd21b750b13bc661b74f8fb1df0072c61a9c546fc2f53b48edc97baf46
B2,ddc73797-765b-241a-9e2c-097c5989baf6,scene0449_03-scene0449_01-scene0449_02-scene0449_00-scene0449_04,reverse,3,2,21,0.09523809523809523,1,21,0.047619047619047616,0,20,0.0,0,0,0,,,69,22,8,0,frozen_query_observation_no_gt,post_prediction_hungarian_iou_0.5,79b1ccbd21b750b13bc661b74f8fb1df0072c61a9c546fc2f53b48edc97baf46
B3,ddc73797-765b-241a-9e2c-097c5989baf6,scene0449_03-scene0449_01-scene0449_02-scene0449_00-scene0449_04,reverse,3,2,21,0.09523809523809523,1,21,0.047619047619047616,0,20,0.0,0,0,0,,,69,22,8,0,frozen_query_observation_no_gt,post_prediction_hungarian_iou_0.5,79b1ccbd21b750b13bc661b74f8fb1df0072c61a9c546fc2f53b48edc97baf46
B4,ddc73797-765b-241a-9e2c-097c5989baf6,scene0449_03-scene0449_01-scene0449_02-scene0449_00-scene0449_04,reverse,3,2,21,0.09523809523809523,1,21,0.047619047619047616,0,20,0.0,0,0,0,,,69,22,8,0,frozen_query_observation_no_gt,post_prediction_hungarian_iou_0.5,79b1ccbd21b750b13bc661b74f8fb1df0072c61a9c546fc2f53b48edc97baf46
B2,ddc73797-765b-241a-9e2c-097c5989baf6,scene0449_03-scene0449_01-scene0449_02-scene0449_00-scene0449_04,reverse,4,3,22,0.13636363636363635,2,22,0.09090909090909091,1,21,0.047619047619047616,3,0,0,,0.0,91,23,9,0,frozen_query_observation_no_gt,post_prediction_hungarian_iou_0.5,79b1ccbd21b750b13bc661b74f8fb1df0072c61a9c546fc2f53b48edc97baf46
B3,ddc73797-765b-241a-9e2c-097c5989baf6,scene0449_03-scene0449_01-scene0449_02-scene0449_00-scene0449_04,reverse,4,3,22,0.13636363636363635,2,22,0.09090909090909091,1,21,0.047619047619047616,3,0,0,,0.0,91,23,9,0,frozen_query_observation_no_gt,post_prediction_hungarian_iou_0.5,79b1ccbd21b750b13bc661b74f8fb1df0072c61a9c546fc2f53b48edc97baf46
B4,ddc73797-765b-241a-9e2c-097c5989baf6,scene0449_03-scene0449_01-scene0449_02-scene0449_00-scene0449_04,reverse,4,3,22,0.13636363636363635,2,22,0.09090909090909091,1,21,0.047619047619047616,3,0,0,,0.0,91,22,8,0,frozen_query_observation_no_gt,post_prediction_hungarian_iou_0.5,79b1ccbd21b750b13bc661b74f8fb1df0072c61a9c546fc2f53b48edc97baf46
B2,ddc73797-765b-241a-9e2c-097c5989baf6,scene0449_03-scene0449_01-scene0449_02-scene0449_00-scene0449_04,reverse,5,4,23,0.17391304347826086,5,27,0.18518518518518517,3,25,0.12,7,1,0,0.0,0.0,102,24,10,0,frozen_query_observation_no_gt,post_prediction_hungarian_iou_0.5,79b1ccbd21b750b13bc661b74f8fb1df0072c61a9c546fc2f53b48edc97baf46
B3,ddc73797-765b-241a-9e2c-097c5989baf6,scene0449_03-scene0449_01-scene0449_02-scene0449_00-scene0449_04,reverse,5,4,23,0.17391304347826086,4,27,0.14814814814814814,2,25,0.08,7,1,1,1.0,0.14285714285714285,102,24,10,0,frozen_query_observation_no_gt,post_prediction_hungarian_iou_0.5,79b1ccbd21b750b13bc661b74f8fb1df0072c61a9c546fc2f53b48edc97baf46
B4,ddc73797-765b-241a-9e2c-097c5989baf6,scene0449_03-scene0449_01-scene0449_02-scene0449_00-scene0449_04,reverse,5,4,23,0.17391304347826086,2,27,0.07407407407407407,1,26,0.038461538461538464,7,1,1,1.0,0.14285714285714285,102,22,8,0,frozen_query_observation_no_gt,post_prediction_hungarian_iou_0.5,79b1ccbd21b750b13bc661b74f8fb1df0072c61a9c546fc2f53b48edc97baf46
B2,ddc73797-765b-241a-9e2c-097c5989baf6,scene0449_03-scene0449_01-scene0449_02-scene0449_00-scene0449_04,sha256_seed45,2,1,1,1.0,1,1,1.0,1,1,1.0,0,0,0,,,32,11,5,0,frozen_query_observation_no_gt,post_prediction_hungarian_iou_0.5,cd002370d1197133b2f3aeaafbae844cb316576488a68adc11d5e971a1961438
B3,ddc73797-765b-241a-9e2c-097c5989baf6,scene0449_03-scene0449_01-scene0449_02-scene0449_00-scene0449_04,sha256_seed45,2,1,1,1.0,1,1,1.0,1,1,1.0,0,0,0,,,32,11,5,0,frozen_query_observation_no_gt,post_prediction_hungarian_iou_0.5,cd002370d1197133b2f3aeaafbae844cb316576488a68adc11d5e971a1961438
B4,ddc73797-765b-241a-9e2c-097c5989baf6,scene0449_03-scene0449_01-scene0449_02-scene0449_00-scene0449_04,sha256_seed45,2,1,1,1.0,1,1,1.0,1,1,1.0,0,0,0,,,32,12,6,0,frozen_query_observation_no_gt,post_prediction_hungarian_iou_0.5,cd002370d1197133b2f3aeaafbae844cb316576488a68adc11d5e971a1961438
B2,ddc73797-765b-241a-9e2c-097c5989baf6,scene0449_03-scene0449_01-scene0449_02-scene0449_00-scene0449_04,sha256_seed45,3,2,2,1.0,2,5,0.4,2,5,0.4,4,1,1,1.0,0.25,58,19,8,0,frozen_query_observation_no_gt,post_prediction_hungarian_iou_0.5,cd002370d1197133b2f3aeaafbae844cb316576488a68adc11d5e971a1961438
B3,ddc73797-765b-241a-9e2c-097c5989baf6,scene0449_03-scene0449_01-scene0449_02-scene0449_00-scene0449_04,sha256_seed45,3,2,2,1.0,1,5,0.2,2,6,0.3333333333333333,4,1,1,1.0,0.25,58,18,8,0,frozen_query_observation_no_gt,post_prediction_hungarian_iou_0.5,cd002370d1197133b2f3aeaafbae844cb316576488a68adc11d5e971a1961438
B4,ddc73797-765b-241a-9e2c-097c5989baf6,scene0449_03-scene0449_01-scene0449_02-scene0449_00-scene0449_04,sha256_seed45,3,2,2,1.0,2,5,0.4,3,6,0.5,4,1,0,0.0,0.0,58,18,10,0,frozen_query_observation_no_gt,post_prediction_hungarian_iou_0.5,cd002370d1197133b2f3aeaafbae844cb316576488a68adc11d5e971a1961438
B2,ddc73797-765b-241a-9e2c-097c5989baf6,scene0449_03-scene0449_01-scene0449_02-scene0449_00-scene0449_04,sha256_seed45,4,2,12,0.16666666666666666,3,16,0.1875,3,16,0.1875,4,1,1,1.0,0.25,78,20,9,0,frozen_query_observation_no_gt,post_prediction_hungarian_iou_0.5,cd002370d1197133b2f3aeaafbae844cb316576488a68adc11d5e971a1961438
B3,ddc73797-765b-241a-9e2c-097c5989baf6,scene0449_03-scene0449_01-scene0449_02-scene0449_00-scene0449_04,sha256_seed45,4,2,12,0.16666666666666666,2,16,0.125,3,17,0.17647058823529413,4,1,1,1.0,0.25,78,18,8,0,frozen_query_observation_no_gt,post_prediction_hungarian_iou_0.5,cd002370d1197133b2f3aeaafbae844cb316576488a68adc11d5e971a1961438
B4,ddc73797-765b-241a-9e2c-097c5989baf6,scene0449_03-scene0449_01-scene0449_02-scene0449_00-scene0449_04,sha256_seed45,4,2,12,0.16666666666666666,2,16,0.125,3,17,0.17647058823529413,4,1,0,0.0,0.0,78,19,11,0,frozen_query_observation_no_gt,post_prediction_hungarian_iou_0.5,cd002370d1197133b2f3aeaafbae844cb316576488a68adc11d5e971a1961438
B2,ddc73797-765b-241a-9e2c-097c5989baf6,scene0449_03-scene0449_01-scene0449_02-scene0449_00-scene0449_04,sha256_seed45,5,4,23,0.17391304347826086,6,28,0.21428571428571427,4,26,0.15384615384615385,9,2,1,0.5,0.1111111111111111,107,26,15,0,frozen_query_observation_no_gt,post_prediction_hungarian_iou_0.5,cd002370d1197133b2f3aeaafbae844cb316576488a68adc11d5e971a1961438
B3,ddc73797-765b-241a-9e2c-097c5989baf6,scene0449_03-scene0449_01-scene0449_02-scene0449_00-scene0449_04,sha256_seed45,5,4,23,0.17391304347826086,4,28,0.14285714285714285,4,28,0.14285714285714285,9,2,1,0.5,0.1111111111111111,107,24,14,0,frozen_query_observation_no_gt,post_prediction_hungarian_iou_0.5,cd002370d1197133b2f3aeaafbae844cb316576488a68adc11d5e971a1961438
B4,ddc73797-765b-241a-9e2c-097c5989baf6,scene0449_03-scene0449_01-scene0449_02-scene0449_00-scene0449_04,sha256_seed45,5,3,23,0.13043478260869565,3,28,0.10714285714285714,3,28,0.10714285714285714,9,2,1,0.5,0.1111111111111111,107,23,14,0,frozen_query_observation_no_gt,post_prediction_hungarian_iou_0.5,cd002370d1197133b2f3aeaafbae844cb316576488a68adc11d5e971a1961438
B2,ddc73797-765b-241a-9e2c-097c5989baf6,scene0449_04-scene0449_05-scene0449_03-scene0449_01-scene0449_02,canonical,2,0,10,0.0,0,10,0.0,0,10,0.0,0,0,0,,,46,19,5,0,frozen_query_observation_no_gt,post_prediction_hungarian_iou_0.5,9d1d15eb6505c983ee445e2297d2a378cd6650aef35678976bd574fcd75cbd5a
B3,ddc73797-765b-241a-9e2c-097c5989baf6,scene0449_04-scene0449_05-scene0449_03-scene0449_01-scene0449_02,canonical,2,0,10,0.0,0,10,0.0,0,10,0.0,0,0,0,,,46,19,5,0,frozen_query_observation_no_gt,post_prediction_hungarian_iou_0.5,9d1d15eb6505c983ee445e2297d2a378cd6650aef35678976bd574fcd75cbd5a
B4,ddc73797-765b-241a-9e2c-097c5989baf6,scene0449_04-scene0449_05-scene0449_03-scene0449_01-scene0449_02,canonical,2,0,10,0.0,0,10,0.0,0,10,0.0,0,0,0,,,46,19,5,0,frozen_query_observation_no_gt,post_prediction_hungarian_iou_0.5,9d1d15eb6505c983ee445e2297d2a378cd6650aef35678976bd574fcd75cbd5a
B2,ddc73797-765b-241a-9e2c-097c5989baf6,scene0449_04-scene0449_05-scene0449_03-scene0449_01-scene0449_02,canonical,3,0,14,0.0,0,15,0.0,0,15,0.0,0,0,0,,,58,20,6,0,frozen_query_observation_no_gt,post_prediction_hungarian_iou_0.5,9d1d15eb6505c983ee445e2297d2a378cd6650aef35678976bd574fcd75cbd5a
B3,ddc73797-765b-241a-9e2c-097c5989baf6,scene0449_04-scene0449_05-scene0449_03-scene0449_01-scene0449_02,canonical,3,0,14,0.0,0,15,0.0,0,15,0.0,0,0,0,,,58,20,6,0,frozen_query_observation_no_gt,post_prediction_hungarian_iou_0.5,9d1d15eb6505c983ee445e2297d2a378cd6650aef35678976bd574fcd75cbd5a
B4,ddc73797-765b-241a-9e2c-097c5989baf6,scene0449_04-scene0449_05-scene0449_03-scene0449_01-scene0449_02,canonical,3,0,14,0.0,0,15,0.0,0,15,0.0,0,0,0,,,58,19,5,0,frozen_query_observation_no_gt,post_prediction_hungarian_iou_0.5,9d1d15eb6505c983ee445e2297d2a378cd6650aef35678976bd574fcd75cbd5a
B2,ddc73797-765b-241a-9e2c-097c5989baf6,scene0449_04-scene0449_05-scene0449_03-scene0449_01-scene0449_02,canonical,4,1,15,0.06666666666666667,1,16,0.0625,1,16,0.0625,6,0,0,,0.0,79,26,12,0,frozen_query_observation_no_gt,post_prediction_hungarian_iou_0.5,9d1d15eb6505c983ee445e2297d2a378cd6650aef35678976bd574fcd75cbd5a
B3,ddc73797-765b-241a-9e2c-097c5989baf6,scene0449_04-scene0449_05-scene0449_03-scene0449_01-scene0449_02,canonical,4,1,15,0.06666666666666667,1,16,0.0625,1,16,0.0625,6,0,0,,0.0,79,26,12,0,frozen_query_observation_no_gt,post_prediction_hungarian_iou_0.5,9d1d15eb6505c983ee445e2297d2a378cd6650aef35678976bd574fcd75cbd5a
B4,ddc73797-765b-241a-9e2c-097c5989baf6,scene0449_04-scene0449_05-scene0449_03-scene0449_01-scene0449_02,canonical,4,1,15,0.06666666666666667,1,16,0.0625,1,16,0.0625,6,0,0,,0.0,79,19,5,0,frozen_query_observation_no_gt,post_prediction_hungarian_iou_0.5,9d1d15eb6505c983ee445e2297d2a378cd6650aef35678976bd574fcd75cbd5a
B2,ddc73797-765b-241a-9e2c-097c5989baf6,scene0449_04-scene0449_05-scene0449_03-scene0449_01-scene0449_02,canonical,5,1,15,0.06666666666666667,6,24,0.25,1,19,0.05263157894736842,12,4,1,0.25,0.08333333333333333,99,30,14,0,frozen_query_observation_no_gt,post_prediction_hungarian_iou_0.5,9d1d15eb6505c983ee445e2297d2a378cd6650aef35678976bd574fcd75cbd5a
B3,ddc73797-765b-241a-9e2c-097c5989baf6,scene0449_04-scene0449_05-scene0449_03-scene0449_01-scene0449_02,canonical,5,1,15,0.06666666666666667,6,24,0.25,1,19,0.05263157894736842,12,4,1,0.25,0.08333333333333333,99,31,15,0,frozen_query_observation_no_gt,post_prediction_hungarian_iou_0.5,9d1d15eb6505c983ee445e2297d2a378cd6650aef35678976bd574fcd75cbd5a
B4,ddc73797-765b-241a-9e2c-097c5989baf6,scene0449_04-scene0449_05-scene0449_03-scene0449_01-scene0449_02,canonical,5,1,15,0.06666666666666667,1,24,0.041666666666666664,1,24,0.041666666666666664,12,4,4,1.0,0.3333333333333333,99,19,5,0,frozen_query_observation_no_gt,post_prediction_hungarian_iou_0.5,9d1d15eb6505c983ee445e2297d2a378cd6650aef35678976bd574fcd75cbd5a
B2,ddc73797-765b-241a-9e2c-097c5989baf6,scene0449_04-scene0449_05-scene0449_03-scene0449_01-scene0449_02,reverse,2,0,0,,0,0,,1,1,1.0,0,0,0,,,43,15,6,0,frozen_query_observation_no_gt,post_prediction_hungarian_iou_0.5,391631c66271d714c6a9fcad9d540f74d6e807db3517eef8fc05d622f72c235c
B3,ddc73797-765b-241a-9e2c-097c5989baf6,scene0449_04-scene0449_05-scene0449_03-scene0449_01-scene0449_02,reverse,2,0,0,,0,0,,1,1,1.0,0,0,0,,,43,15,6,0,frozen_query_observation_no_gt,post_prediction_hungarian_iou_0.5,391631c66271d714c6a9fcad9d540f74d6e807db3517eef8fc05d622f72c235c
B4,ddc73797-765b-241a-9e2c-097c5989baf6,scene0449_04-scene0449_05-scene0449_03-scene0449_01-scene0449_02,reverse,2,0,0,,0,0,,1,1,1.0,0,0,0,,,43,17,7,0,frozen_query_observation_no_gt,post_prediction_hungarian_iou_0.5,391631c66271d714c6a9fcad9d540f74d6e807db3517eef8fc05d622f72c235c
B2,ddc73797-765b-241a-9e2c-097c5989baf6,scene0449_04-scene0449_05-scene0449_03-scene0449_01-scene0449_02,reverse,3,1,1,1.0,2,4,0.5,1,3,0.3333333333333333,4,1,1,1.0,0.25,54,16,7,0,frozen_query_observation_no_gt,post_prediction_hungarian_iou_0.5,391631c66271d714c6a9fcad9d540f74d6e807db3517eef8fc05d622f72c235c
B3,ddc73797-765b-241a-9e2c-097c5989baf6,scene0449_04-scene0449_05-scene0449_03-scene0449_01-scene0449_02,reverse,3,1,1,1.0,2,4,0.5,1,3,0.3333333333333333,4,1,1,1.0,0.25,54,16,7,0,frozen_query_observation_no_gt,post_prediction_hungarian_iou_0.5,391631c66271d714c6a9fcad9d540f74d6e807db3517eef8fc05d622f72c235c
B4,ddc73797-765b-241a-9e2c-097c5989baf6,scene0449_04-scene0449_05-scene0449_03-scene0449_01-scene0449_02,reverse,3,1,1,1.0,1,4,0.25,1,4,0.25,4,1,1,1.0,0.25,54,17,7,0,frozen_query_observation_no_gt,post_prediction_hungarian_iou_0.5,391631c66271d714c6a9fcad9d540f74d6e807db3517eef8fc05d622f72c235c
B2,ddc73797-765b-241a-9e2c-097c5989baf6,scene0449_04-scene0449_05-scene0449_03-scene0449_01-scene0449_02,reverse,4,2,6,0.3333333333333333,4,10,0.4,1,7,0.14285714285714285,11,2,1,0.5,0.09090909090909091,77,24,9,0,frozen_query_observation_no_gt,post_prediction_hungarian_iou_0.5,391631c66271d714c6a9fcad9d540f74d6e807db3517eef8fc05d622f72c235c
B3,ddc73797-765b-241a-9e2c-097c5989baf6,scene0449_04-scene0449_05-scene0449_03-scene0449_01-scene0449_02,reverse,4,2,6,0.3333333333333333,3,10,0.3,1,8,0.125,11,2,2,1.0,0.18181818181818182,77,24,9,0,frozen_query_observation_no_gt,post_prediction_hungarian_iou_0.5,391631c66271d714c6a9fcad9d540f74d6e807db3517eef8fc05d622f72c235c
B4,ddc73797-765b-241a-9e2c-097c5989baf6,scene0449_04-scene0449_05-scene0449_03-scene0449_01-scene0449_02,reverse,4,2,6,0.3333333333333333,2,10,0.2,1,9,0.1111111111111111,11,2,2,1.0,0.18181818181818182,77,18,8,0,frozen_query_observation_no_gt,post_prediction_hungarian_iou_0.5,391631c66271d714c6a9fcad9d540f74d6e807db3517eef8fc05d622f72c235c
B2,ddc73797-765b-241a-9e2c-097c5989baf6,scene0449_04-scene0449_05-scene0449_03-scene0449_01-scene0449_02,reverse,5,5,16,0.3125,9,22,0.4090909090909091,4,17,0.23529411764705882,13,2,1,0.5,0.07692307692307693,108,32,17,0,frozen_query_observation_no_gt,post_prediction_hungarian_iou_0.5,391631c66271d714c6a9fcad9d540f74d6e807db3517eef8fc05d622f72c235c
B3,ddc73797-765b-241a-9e2c-097c5989baf6,scene0449_04-scene0449_05-scene0449_03-scene0449_01-scene0449_02,reverse,5,5,16,0.3125,8,22,0.36363636363636365,2,16,0.125,13,2,2,1.0,0.15384615384615385,108,32,17,0,frozen_query_observation_no_gt,post_prediction_hungarian_iou_0.5,391631c66271d714c6a9fcad9d540f74d6e807db3517eef8fc05d622f72c235c
B4,ddc73797-765b-241a-9e2c-097c5989baf6,scene0449_04-scene0449_05-scene0449_03-scene0449_01-scene0449_02,reverse,5,4,16,0.25,6,22,0.2727272727272727,1,17,0.058823529411764705,13,2,2,1.0,0.15384615384615385,108,25,15,0,frozen_query_observation_no_gt,post_prediction_hungarian_iou_0.5,391631c66271d714c6a9fcad9d540f74d6e807db3517eef8fc05d622f72c235c
B2,ddc73797-765b-241a-9e2c-097c5989baf6,scene0449_04-scene0449_05-scene0449_03-scene0449_01-scene0449_02,sha256_seed45,2,1,1,1.0,1,1,1.0,1,1,1.0,0,0,0,,,32,11,5,0,frozen_query_observation_no_gt,post_prediction_hungarian_iou_0.5,51d4aa18670941f78464a339ce5fcee859345139f579b4ae7ca89b95a03bc14a
B3,ddc73797-765b-241a-9e2c-097c5989baf6,scene0449_04-scene0449_05-scene0449_03-scene0449_01-scene0449_02,sha256_seed45,2,1,1,1.0,1,1,1.0,1,1,1.0,0,0,0,,,32,11,5,0,frozen_query_observation_no_gt,post_prediction_hungarian_iou_0.5,51d4aa18670941f78464a339ce5fcee859345139f579b4ae7ca89b95a03bc14a
B4,ddc73797-765b-241a-9e2c-097c5989baf6,scene0449_04-scene0449_05-scene0449_03-scene0449_01-scene0449_02,sha256_seed45,2,1,1,1.0,1,1,1.0,1,1,1.0,0,0,0,,,32,12,6,0,frozen_query_observation_no_gt,post_prediction_hungarian_iou_0.5,51d4aa18670941f78464a339ce5fcee859345139f579b4ae7ca89b95a03bc14a
B2,ddc73797-765b-241a-9e2c-097c5989baf6,scene0449_04-scene0449_05-scene0449_03-scene0449_01-scene0449_02,sha256_seed45,3,1,1,1.0,4,5,0.8,3,4,0.75,4,1,0,0.0,0.0,52,15,6,0,frozen_query_observation_no_gt,post_prediction_hungarian_iou_0.5,51d4aa18670941f78464a339ce5fcee859345139f579b4ae7ca89b95a03bc14a
B3,ddc73797-765b-241a-9e2c-097c5989baf6,scene0449_04-scene0449_05-scene0449_03-scene0449_01-scene0449_02,sha256_seed45,3,1,1,1.0,1,5,0.2,1,5,0.2,4,1,1,1.0,0.25,52,15,6,0,frozen_query_observation_no_gt,post_prediction_hungarian_iou_0.5,51d4aa18670941f78464a339ce5fcee859345139f579b4ae7ca89b95a03bc14a
B4,ddc73797-765b-241a-9e2c-097c5989baf6,scene0449_04-scene0449_05-scene0449_03-scene0449_01-scene0449_02,sha256_seed45,3,1,1,1.0,1,5,0.2,1,5,0.2,4,1,1,1.0,0.25,52,14,6,0,frozen_query_observation_no_gt,post_prediction_hungarian_iou_0.5,51d4aa18670941f78464a339ce5fcee859345139f579b4ae7ca89b95a03bc14a
B2,ddc73797-765b-241a-9e2c-097c5989baf6,scene0449_04-scene0449_05-scene0449_03-scene0449_01-scene0449_02,sha256_seed45,4,2,10,0.2,6,15,0.4,4,13,0.3076923076923077,7,1,0,0.0,0.0,81,23,12,0,frozen_query_observation_no_gt,post_prediction_hungarian_iou_0.5,51d4aa18670941f78464a339ce5fcee859345139f579b4ae7ca89b95a03bc14a
B3,ddc73797-765b-241a-9e2c-097c5989baf6,scene0449_04-scene0449_05-scene0449_03-scene0449_01-scene0449_02,sha256_seed45,4,2,10,0.2,2,15,0.13333333333333333,1,14,0.07142857142857142,7,1,1,1.0,0.14285714285714285,81,23,12,0,frozen_query_observation_no_gt,post_prediction_hungarian_iou_0.5,51d4aa18670941f78464a339ce5fcee859345139f579b4ae7ca89b95a03bc14a
B4,ddc73797-765b-241a-9e2c-097c5989baf6,scene0449_04-scene0449_05-scene0449_03-scene0449_01-scene0449_02,sha256_seed45,4,2,10,0.2,2,15,0.13333333333333333,1,14,0.07142857142857142,7,1,1,1.0,0.14285714285714285,81,22,12,0,frozen_query_observation_no_gt,post_prediction_hungarian_iou_0.5,51d4aa18670941f78464a339ce5fcee859345139f579b4ae7ca89b95a03bc14a
B2,ddc73797-765b-241a-9e2c-097c5989baf6,scene0449_04-scene0449_05-scene0449_03-scene0449_01-scene0449_02,sha256_seed45,5,4,19,0.21052631578947367,7,24,0.2916666666666667,6,23,0.2608695652173913,7,1,0,0.0,0.0,103,23,12,0,frozen_query_observation_no_gt,post_prediction_hungarian_iou_0.5,51d4aa18670941f78464a339ce5fcee859345139f579b4ae7ca89b95a03bc14a
B3,ddc73797-765b-241a-9e2c-097c5989baf6,scene0449_04-scene0449_05-scene0449_03-scene0449_01-scene0449_02,sha256_seed45,5,4,19,0.21052631578947367,3,24,0.125,2,23,0.08695652173913043,7,1,1,1.0,0.14285714285714285,103,23,12,0,frozen_query_observation_no_gt,post_prediction_hungarian_iou_0.5,51d4aa18670941f78464a339ce5fcee859345139f579b4ae7ca89b95a03bc14a
B4,ddc73797-765b-241a-9e2c-097c5989baf6,scene0449_04-scene0449_05-scene0449_03-scene0449_01-scene0449_02,sha256_seed45,5,4,19,0.21052631578947367,3,24,0.125,3,24,0.125,7,1,1,1.0,0.14285714285714285,103,22,12,0,frozen_query_observation_no_gt,post_prediction_hungarian_iou_0.5,51d4aa18670941f78464a339ce5fcee859345139f579b4ae7ca89b95a03bc14a
B2,ddc73797-765b-241a-9e2c-097c5989baf6,scene0449_05-scene0449_03-scene0449_01-scene0449_02-scene0449_00,canonical,2,0,4,0.0,0,4,0.0,0,4,0.0,0,0,0,,,35,17,3,0,frozen_query_observation_no_gt,post_prediction_hungarian_iou_0.5,322c629b5e2cecb140b1c166a887dc626dac08a13c204c08356b8704408412d0
B3,ddc73797-765b-241a-9e2c-097c5989baf6,scene0449_05-scene0449_03-scene0449_01-scene0449_02-scene0449_00,canonical,2,0,4,0.0,0,4,0.0,0,4,0.0,0,0,0,,,35,17,3,0,frozen_query_observation_no_gt,post_prediction_hungarian_iou_0.5,322c629b5e2cecb140b1c166a887dc626dac08a13c204c08356b8704408412d0
B4,ddc73797-765b-241a-9e2c-097c5989baf6,scene0449_05-scene0449_03-scene0449_01-scene0449_02-scene0449_00,canonical,2,1,4,0.25,1,4,0.25,1,4,0.25,0,0,0,,,35,17,3,0,frozen_query_observation_no_gt,post_prediction_hungarian_iou_0.5,322c629b5e2cecb140b1c166a887dc626dac08a13c204c08356b8704408412d0
B2,ddc73797-765b-241a-9e2c-097c5989baf6,scene0449_05-scene0449_03-scene0449_01-scene0449_02-scene0449_00,canonical,3,1,5,0.2,1,5,0.2,1,5,0.2,5,0,0,,0.0,56,23,9,0,frozen_query_observation_no_gt,post_prediction_hungarian_iou_0.5,322c629b5e2cecb140b1c166a887dc626dac08a13c204c08356b8704408412d0
B3,ddc73797-765b-241a-9e2c-097c5989baf6,scene0449_05-scene0449_03-scene0449_01-scene0449_02-scene0449_00,canonical,3,1,5,0.2,1,5,0.2,1,5,0.2,5,0,0,,0.0,56,23,9,0,frozen_query_observation_no_gt,post_prediction_hungarian_iou_0.5,322c629b5e2cecb140b1c166a887dc626dac08a13c204c08356b8704408412d0
B4,ddc73797-765b-241a-9e2c-097c5989baf6,scene0449_05-scene0449_03-scene0449_01-scene0449_02-scene0449_00,canonical,3,2,5,0.4,2,5,0.4,2,5,0.4,5,0,0,,0.0,56,17,3,0,frozen_query_observation_no_gt,post_prediction_hungarian_iou_0.5,322c629b5e2cecb140b1c166a887dc626dac08a13c204c08356b8704408412d0
B2,ddc73797-765b-241a-9e2c-097c5989baf6,scene0449_05-scene0449_03-scene0449_01-scene0449_02-scene0449_00,canonical,4,1,5,0.2,6,13,0.46153846153846156,1,8,0.125,11,4,1,0.25,0.09090909090909091,76,27,11,0,frozen_query_observation_no_gt,post_prediction_hungarian_iou_0.5,322c629b5e2cecb140b1c166a887dc626dac08a13c204c08356b8704408412d0
B3,ddc73797-765b-241a-9e2c-097c5989baf6,scene0449_05-scene0449_03-scene0449_01-scene0449_02-scene0449_00,canonical,4,1,5,0.2,6,13,0.46153846153846156,1,8,0.125,11,4,1,0.25,0.09090909090909091,76,28,12,0,frozen_query_observation_no_gt,post_prediction_hungarian_iou_0.5,322c629b5e2cecb140b1c166a887dc626dac08a13c204c08356b8704408412d0
B4,ddc73797-765b-241a-9e2c-097c5989baf6,scene0449_05-scene0449_03-scene0449_01-scene0449_02-scene0449_00,canonical,4,2,5,0.4,3,13,0.23076923076923078,3,13,0.23076923076923078,11,4,3,0.75,0.2727272727272727,76,17,3,0,frozen_query_observation_no_gt,post_prediction_hungarian_iou_0.5,322c629b5e2cecb140b1c166a887dc626dac08a13c204c08356b8704408412d0
B2,ddc73797-765b-241a-9e2c-097c5989baf6,scene0449_05-scene0449_03-scene0449_01-scene0449_02-scene0449_00,canonical,5,1,13,0.07692307692307693,9,25,0.36,1,17,0.058823529411764705,17,5,1,0.2,0.058823529411764705,105,33,17,0,frozen_query_observation_no_gt,post_prediction_hungarian_iou_0.5,322c629b5e2cecb140b1c166a887dc626dac08a13c204c08356b8704408412d0
B3,ddc73797-765b-241a-9e2c-097c5989baf6,scene0449_05-scene0449_03-scene0449_01-scene0449_02-scene0449_00,canonical,5,1,13,0.07692307692307693,9,25,0.36,1,17,0.058823529411764705,17,5,1,0.2,0.058823529411764705,105,34,18,0,frozen_query_observation_no_gt,post_prediction_hungarian_iou_0.5,322c629b5e2cecb140b1c166a887dc626dac08a13c204c08356b8704408412d0
B4,ddc73797-765b-241a-9e2c-097c5989baf6,scene0449_05-scene0449_03-scene0449_01-scene0449_02-scene0449_00,canonical,5,3,13,0.23076923076923078,3,25,0.12,3,25,0.12,17,5,4,0.8,0.23529411764705882,105,20,6,0,frozen_query_observation_no_gt,post_prediction_hungarian_iou_0.5,322c629b5e2cecb140b1c166a887dc626dac08a13c204c08356b8704408412d0
B2,ddc73797-765b-241a-9e2c-097c5989baf6,scene0449_05-scene0449_03-scene0449_01-scene0449_02-scene0449_00,reverse,2,1,10,0.1,1,10,0.1,1,10,0.1,0,0,0,,,47,19,3,0,frozen_query_observation_no_gt,post_prediction_hungarian_iou_0.5,e1b12447f1dbc798fbac9c88fcdcb16842aa6e9af59fc791aca901f318d57484
B3,ddc73797-765b-241a-9e2c-097c5989baf6,scene0449_05-scene0449_03-scene0449_01-scene0449_02-scene0449_00,reverse,2,1,10,0.1,1,10,0.1,1,10,0.1,0,0,0,,,47,19,3,0,frozen_query_observation_no_gt,post_prediction_hungarian_iou_0.5,e1b12447f1dbc798fbac9c88fcdcb16842aa6e9af59fc791aca901f318d57484
B4,ddc73797-765b-241a-9e2c-097c5989baf6,scene0449_05-scene0449_03-scene0449_01-scene0449_02-scene0449_00,reverse,2,0,10,0.0,0,10,0.0,1,11,0.09090909090909091,0,0,0,,,47,20,4,0,frozen_query_observation_no_gt,post_prediction_hungarian_iou_0.5,e1b12447f1dbc798fbac9c88fcdcb16842aa6e9af59fc791aca901f318d57484
B2,ddc73797-765b-241a-9e2c-097c5989baf6,scene0449_05-scene0449_03-scene0449_01-scene0449_02-scene0449_00,reverse,3,2,11,0.18181818181818182,2,11,0.18181818181818182,2,11,0.18181818181818182,4,0,0,,0.0,69,20,4,0,frozen_query_observation_no_gt,post_prediction_hungarian_iou_0.5,e1b12447f1dbc798fbac9c88fcdcb16842aa6e9af59fc791aca901f318d57484
B3,ddc73797-765b-241a-9e2c-097c5989baf6,scene0449_05-scene0449_03-scene0449_01-scene0449_02-scene0449_00,reverse,3,2,11,0.18181818181818182,2,11,0.18181818181818182,2,11,0.18181818181818182,4,0,0,,0.0,69,19,3,0,frozen_query_observation_no_gt,post_prediction_hungarian_iou_0.5,e1b12447f1dbc798fbac9c88fcdcb16842aa6e9af59fc791aca901f318d57484
B4,ddc73797-765b-241a-9e2c-097c5989baf6,scene0449_05-scene0449_03-scene0449_01-scene0449_02-scene0449_00,reverse,3,1,11,0.09090909090909091,1,11,0.09090909090909091,2,12,0.16666666666666666,4,0,0,,0.0,69,20,4,0,frozen_query_observation_no_gt,post_prediction_hungarian_iou_0.5,e1b12447f1dbc798fbac9c88fcdcb16842aa6e9af59fc791aca901f318d57484
B2,ddc73797-765b-241a-9e2c-097c5989baf6,scene0449_05-scene0449_03-scene0449_01-scene0449_02-scene0449_00,reverse,4,3,12,0.25,5,16,0.3125,4,15,0.26666666666666666,8,1,0,0.0,0.0,80,21,5,0,frozen_query_observation_no_gt,post_prediction_hungarian_iou_0.5,e1b12447f1dbc798fbac9c88fcdcb16842aa6e9af59fc791aca901f318d57484
B3,ddc73797-765b-241a-9e2c-097c5989baf6,scene0449_05-scene0449_03-scene0449_01-scene0449_02-scene0449_00,reverse,4,3,12,0.25,3,16,0.1875,3,16,0.1875,8,1,1,1.0,0.125,80,20,4,0,frozen_query_observation_no_gt,post_prediction_hungarian_iou_0.5,e1b12447f1dbc798fbac9c88fcdcb16842aa6e9af59fc791aca901f318d57484
B4,ddc73797-765b-241a-9e2c-097c5989baf6,scene0449_05-scene0449_03-scene0449_01-scene0449_02-scene0449_00,reverse,4,2,12,0.16666666666666666,1,16,0.0625,2,17,0.11764705882352941,8,1,1,1.0,0.125,80,20,4,0,frozen_query_observation_no_gt,post_prediction_hungarian_iou_0.5,e1b12447f1dbc798fbac9c88fcdcb16842aa6e9af59fc791aca901f318d57484
B2,ddc73797-765b-241a-9e2c-097c5989baf6,scene0449_05-scene0449_03-scene0449_01-scene0449_02-scene0449_00,reverse,5,4,17,0.23529411764705882,12,27,0.4444444444444444,4,19,0.21052631578947367,17,4,0,0.0,0.0,103,29,12,0,frozen_query_observation_no_gt,post_prediction_hungarian_iou_0.5,e1b12447f1dbc798fbac9c88fcdcb16842aa6e9af59fc791aca901f318d57484
B3,ddc73797-765b-241a-9e2c-097c5989baf6,scene0449_05-scene0449_03-scene0449_01-scene0449_02-scene0449_00,reverse,5,4,17,0.23529411764705882,8,27,0.2962962962962963,3,22,0.13636363636363635,17,4,3,0.75,0.17647058823529413,103,28,10,0,frozen_query_observation_no_gt,post_prediction_hungarian_iou_0.5,e1b12447f1dbc798fbac9c88fcdcb16842aa6e9af59fc791aca901f318d57484
B4,ddc73797-765b-241a-9e2c-097c5989baf6,scene0449_05-scene0449_03-scene0449_01-scene0449_02-scene0449_00,reverse,5,3,17,0.17647058823529413,3,27,0.1111111111111111,3,27,0.1111111111111111,17,4,3,0.75,0.17647058823529413,103,20,4,0,frozen_query_observation_no_gt,post_prediction_hungarian_iou_0.5,e1b12447f1dbc798fbac9c88fcdcb16842aa6e9af59fc791aca901f318d57484
B2,ddc73797-765b-241a-9e2c-097c5989baf6,scene0449_05-scene0449_03-scene0449_01-scene0449_02-scene0449_00,sha256_seed45,2,1,1,1.0,1,1,1.0,1,1,1.0,0,0,0,,,32,11,5,0,frozen_query_observation_no_gt,post_prediction_hungarian_iou_0.5,a9011f3445845d2cf6786deb1f41052cda45b5b57f4222838c0ad10aa03532f6
B3,ddc73797-765b-241a-9e2c-097c5989baf6,scene0449_05-scene0449_03-scene0449_01-scene0449_02-scene0449_00,sha256_seed45,2,1,1,1.0,1,1,1.0,1,1,1.0,0,0,0,,,32,11,5,0,frozen_query_observation_no_gt,post_prediction_hungarian_iou_0.5,a9011f3445845d2cf6786deb1f41052cda45b5b57f4222838c0ad10aa03532f6
B4,ddc73797-765b-241a-9e2c-097c5989baf6,scene0449_05-scene0449_03-scene0449_01-scene0449_02-scene0449_00,sha256_seed45,2,1,1,1.0,1,1,1.0,1,1,1.0,0,0,0,,,32,12,6,0,frozen_query_observation_no_gt,post_prediction_hungarian_iou_0.5,a9011f3445845d2cf6786deb1f41052cda45b5b57f4222838c0ad10aa03532f6
B2,ddc73797-765b-241a-9e2c-097c5989baf6,scene0449_05-scene0449_03-scene0449_01-scene0449_02-scene0449_00,sha256_seed45,3,2,2,1.0,2,5,0.4,2,5,0.4,4,1,1,1.0,0.25,58,19,8,0,frozen_query_observation_no_gt,post_prediction_hungarian_iou_0.5,a9011f3445845d2cf6786deb1f41052cda45b5b57f4222838c0ad10aa03532f6
B3,ddc73797-765b-241a-9e2c-097c5989baf6,scene0449_05-scene0449_03-scene0449_01-scene0449_02-scene0449_00,sha256_seed45,3,2,2,1.0,1,5,0.2,2,6,0.3333333333333333,4,1,1,1.0,0.25,58,18,8,0,frozen_query_observation_no_gt,post_prediction_hungarian_iou_0.5,a9011f3445845d2cf6786deb1f41052cda45b5b57f4222838c0ad10aa03532f6
B4,ddc73797-765b-241a-9e2c-097c5989baf6,scene0449_05-scene0449_03-scene0449_01-scene0449_02-scene0449_00,sha256_seed45,3,2,2,1.0,2,5,0.4,3,6,0.5,4,1,0,0.0,0.0,58,18,10,0,frozen_query_observation_no_gt,post_prediction_hungarian_iou_0.5,a9011f3445845d2cf6786deb1f41052cda45b5b57f4222838c0ad10aa03532f6
B2,ddc73797-765b-241a-9e2c-097c5989baf6,scene0449_05-scene0449_03-scene0449_01-scene0449_02-scene0449_00,sha256_seed45,4,2,12,0.16666666666666666,3,16,0.1875,3,16,0.1875,4,1,1,1.0,0.25,78,20,9,0,frozen_query_observation_no_gt,post_prediction_hungarian_iou_0.5,a9011f3445845d2cf6786deb1f41052cda45b5b57f4222838c0ad10aa03532f6
B3,ddc73797-765b-241a-9e2c-097c5989baf6,scene0449_05-scene0449_03-scene0449_01-scene0449_02-scene0449_00,sha256_seed45,4,2,12,0.16666666666666666,2,16,0.125,3,17,0.17647058823529413,4,1,1,1.0,0.25,78,18,8,0,frozen_query_observation_no_gt,post_prediction_hungarian_iou_0.5,a9011f3445845d2cf6786deb1f41052cda45b5b57f4222838c0ad10aa03532f6
B4,ddc73797-765b-241a-9e2c-097c5989baf6,scene0449_05-scene0449_03-scene0449_01-scene0449_02-scene0449_00,sha256_seed45,4,2,12,0.16666666666666666,2,16,0.125,3,17,0.17647058823529413,4,1,0,0.0,0.0,78,19,11,0,frozen_query_observation_no_gt,post_prediction_hungarian_iou_0.5,a9011f3445845d2cf6786deb1f41052cda45b5b57f4222838c0ad10aa03532f6
B2,ddc73797-765b-241a-9e2c-097c5989baf6,scene0449_05-scene0449_03-scene0449_01-scene0449_02-scene0449_00,sha256_seed45,5,3,21,0.14285714285714285,6,27,0.2222222222222222,3,24,0.125,8,3,1,0.3333333333333333,0.125,106,26,15,0,frozen_query_observation_no_gt,post_prediction_hungarian_iou_0.5,a9011f3445845d2cf6786deb1f41052cda45b5b57f4222838c0ad10aa03532f6
B3,ddc73797-765b-241a-9e2c-097c5989baf6,scene0449_05-scene0449_03-scene0449_01-scene0449_02-scene0449_00,sha256_seed45,5,5,21,0.23809523809523808,7,27,0.25925925925925924,5,25,0.2,8,3,1,0.3333333333333333,0.125,106,24,13,0,frozen_query_observation_no_gt,post_prediction_hungarian_iou_0.5,a9011f3445845d2cf6786deb1f41052cda45b5b57f4222838c0ad10aa03532f6
B4,ddc73797-765b-241a-9e2c-097c5989baf6,scene0449_05-scene0449_03-scene0449_01-scene0449_02-scene0449_00,sha256_seed45,5,3,21,0.14285714285714285,4,27,0.14814814814814814,3,26,0.11538461538461539,8,3,1,0.3333333333333333,0.125,106,23,15,0,frozen_query_observation_no_gt,post_prediction_hungarian_iou_0.5,a9011f3445845d2cf6786deb1f41052cda45b5b57f4222838c0ad10aa03532f6
