reference_id,sequence_id,prefix_T,file_name,decoder_prediction_layer,query_id,gt_instance_id,match_iou,gt_point_count,allowed_gt_fraction,masked_gt_fraction,post_sample_all_masked_reset_count,post_sample_query_count,post_sample_reset_fraction
09582244-e2c2-2de1-956c-357092d949d1,scene0007_04-scene0007_00-scene0007_01-scene0007_03-scene0007_02,1,09582244-e2c2-2de1-956c-357092d949d1/scene0007_04-scene0007_00-scene0007_01-scene0007_03-scene0007_02/T1,0,0,5,0.3180515766143799,2898,0.42132505175983437,0.5786749482401656,0,100,0.0
09582244-e2c2-2de1-956c-357092d949d1,scene0007_04-scene0007_00-scene0007_01-scene0007_03-scene0007_02,1,09582244-e2c2-2de1-956c-357092d949d1/scene0007_04-scene0007_00-scene0007_01-scene0007_03-scene0007_02/T1,0,1,8,0.07855822890996933,172,0.9883720930232558,0.011627906976744207,0,100,0.0
09582244-e2c2-2de1-956c-357092d949d1,scene0007_04-scene0007_00-scene0007_01-scene0007_03-scene0007_02,1,09582244-e2c2-2de1-956c-357092d949d1/scene0007_04-scene0007_00-scene0007_01-scene0007_03-scene0007_02/T1,0,2,9,0.239130437374115,517,1.0,0.0,0,100,0.0
09582244-e2c2-2de1-956c-357092d949d1,scene0007_04-scene0007_00-scene0007_01-scene0007_03-scene0007_02,1,09582244-e2c2-2de1-956c-357092d949d1/scene0007_04-scene0007_00-scene0007_01-scene0007_03-scene0007_02/T1,0,3,13,0.10920034348964691,418,0.6076555023923444,0.39234449760765555,0,100,0.0
09582244-e2c2-2de1-956c-357092d949d1,scene0007_04-scene0007_00-scene0007_01-scene0007_03-scene0007_02,1,09582244-e2c2-2de1-956c-357092d949d1/scene0007_04-scene0007_00-scene0007_01-scene0007_03-scene0007_02/T1,1,10,8,1.0,172,1.0,0.0,54,100,0.54
09582244-e2c2-2de1-956c-357092d949d1,scene0007_04-scene0007_00-scene0007_01-scene0007_03-scene0007_02,1,09582244-e2c2-2de1-956c-357092d949d1/scene0007_04-scene0007_00-scene0007_01-scene0007_03-scene0007_02/T1,1,28,13,0.8565400838851929,418,0.9712918660287081,0.028708133971291905,54,100,0.54
09582244-e2c2-2de1-956c-357092d949d1,scene0007_04-scene0007_00-scene0007_01-scene0007_03-scene0007_02,1,09582244-e2c2-2de1-956c-357092d949d1/scene0007_04-scene0007_00-scene0007_01-scene0007_03-scene0007_02/T1,1,67,9,1.0,517,1.0,0.0,54,100,0.54
09582244-e2c2-2de1-956c-357092d949d1,scene0007_04-scene0007_00-scene0007_01-scene0007_03-scene0007_02,1,09582244-e2c2-2de1-956c-357092d949d1/scene0007_04-scene0007_00-scene0007_01-scene0007_03-scene0007_02/T1,1,86,5,0.9421034455299377,2898,0.9489302967563837,0.05106970324361626,54,100,0.54
09582244-e2c2-2de1-956c-357092d949d1,scene0007_04-scene0007_00-scene0007_01-scene0007_03-scene0007_02,1,09582244-e2c2-2de1-956c-357092d949d1/scene0007_04-scene0007_00-scene0007_01-scene0007_03-scene0007_02/T1,2,10,8,1.0,172,1.0,0.0,38,100,0.38
09582244-e2c2-2de1-956c-357092d949d1,scene0007_04-scene0007_00-scene0007_01-scene0007_03-scene0007_02,1,09582244-e2c2-2de1-956c-357092d949d1/scene0007_04-scene0007_00-scene0007_01-scene0007_03-scene0007_02/T1,2,12,9,0.9248658418655396,517,1.0,0.0,38,100,0.38
09582244-e2c2-2de1-956c-357092d949d1,scene0007_04-scene0007_00-scene0007_01-scene0007_03-scene0007_02,1,09582244-e2c2-2de1-956c-357092d949d1/scene0007_04-scene0007_00-scene0007_01-scene0007_03-scene0007_02/T1,2,15,13,0.8601694703102112,418,0.9712918660287081,0.028708133971291905,38,100,0.38
09582244-e2c2-2de1-956c-357092d949d1,scene0007_04-scene0007_00-scene0007_01-scene0007_03-scene0007_02,1,09582244-e2c2-2de1-956c-357092d949d1/scene0007_04-scene0007_00-scene0007_01-scene0007_03-scene0007_02/T1,2,29,5,0.95652174949646,2898,0.9641131815044859,0.03588681849551412,38,100,0.38
09582244-e2c2-2de1-956c-357092d949d1,scene0007_04-scene0007_00-scene0007_01-scene0007_03-scene0007_02,1,09582244-e2c2-2de1-956c-357092d949d1/scene0007_04-scene0007_00-scene0007_01-scene0007_03-scene0007_02/T1,3,10,8,1.0,172,1.0,0.0,24,100,0.24
09582244-e2c2-2de1-956c-357092d949d1,scene0007_04-scene0007_00-scene0007_01-scene0007_03-scene0007_02,1,09582244-e2c2-2de1-956c-357092d949d1/scene0007_04-scene0007_00-scene0007_01-scene0007_03-scene0007_02/T1,3,12,9,0.9248658418655396,517,1.0,0.0,24,100,0.24
09582244-e2c2-2de1-956c-357092d949d1,scene0007_04-scene0007_00-scene0007_01-scene0007_03-scene0007_02,1,09582244-e2c2-2de1-956c-357092d949d1/scene0007_04-scene0007_00-scene0007_01-scene0007_03-scene0007_02/T1,3,46,5,0.9421034455299377,2898,0.9489302967563837,0.05106970324361626,24,100,0.24
09582244-e2c2-2de1-956c-357092d949d1,scene0007_04-scene0007_00-scene0007_01-scene0007_03-scene0007_02,1,09582244-e2c2-2de1-956c-357092d949d1/scene0007_04-scene0007_00-scene0007_01-scene0007_03-scene0007_02/T1,3,64,13,0.875,418,0.9880382775119617,0.011961722488038284,24,100,0.24
09582244-e2c2-2de1-956c-357092d949d1,scene0007_04-scene0007_00-scene0007_01-scene0007_03-scene0007_02,1,09582244-e2c2-2de1-956c-357092d949d1/scene0007_04-scene0007_00-scene0007_01-scene0007_03-scene0007_02/T1,4,64,13,0.9354838728904724,418,0.9712918660287081,0.028708133971291905,46,100,0.46
09582244-e2c2-2de1-956c-357092d949d1,scene0007_04-scene0007_00-scene0007_01-scene0007_03-scene0007_02,1,09582244-e2c2-2de1-956c-357092d949d1/scene0007_04-scene0007_00-scene0007_01-scene0007_03-scene0007_02/T1,4,66,5,0.942426323890686,2898,0.9489302967563837,0.05106970324361626,46,100,0.46
09582244-e2c2-2de1-956c-357092d949d1,scene0007_04-scene0007_00-scene0007_01-scene0007_03-scene0007_02,1,09582244-e2c2-2de1-956c-357092d949d1/scene0007_04-scene0007_00-scene0007_01-scene0007_03-scene0007_02/T1,4,67,9,0.9248658418655396,517,1.0,0.0,46,100,0.46
09582244-e2c2-2de1-956c-357092d949d1,scene0007_04-scene0007_00-scene0007_01-scene0007_03-scene0007_02,1,09582244-e2c2-2de1-956c-357092d949d1/scene0007_04-scene0007_00-scene0007_01-scene0007_03-scene0007_02/T1,4,81,8,0.9942196607589722,172,1.0,0.0,46,100,0.46
09582244-e2c2-2de1-956c-357092d949d1,scene0007_04-scene0007_00-scene0007_01-scene0007_03-scene0007_02,1,09582244-e2c2-2de1-956c-357092d949d1/scene0007_04-scene0007_00-scene0007_01-scene0007_03-scene0007_02/T1,5,62,13,0.9354838728904724,418,0.9712918660287081,0.028708133971291905,32,100,0.32
09582244-e2c2-2de1-956c-357092d949d1,scene0007_04-scene0007_00-scene0007_01-scene0007_03-scene0007_02,1,09582244-e2c2-2de1-956c-357092d949d1/scene0007_04-scene0007_00-scene0007_01-scene0007_03-scene0007_02/T1,5,67,9,0.8674496412277222,517,1.0,0.0,32,100,0.32
09582244-e2c2-2de1-956c-357092d949d1,scene0007_04-scene0007_00-scene0007_01-scene0007_03-scene0007_02,1,09582244-e2c2-2de1-956c-357092d949d1/scene0007_04-scene0007_00-scene0007_01-scene0007_03-scene0007_02/T1,5,78,5,0.9414584040641785,2898,0.9489302967563837,0.05106970324361626,32,100,0.32
09582244-e2c2-2de1-956c-357092d949d1,scene0007_04-scene0007_00-scene0007_01-scene0007_03-scene0007_02,1,09582244-e2c2-2de1-956c-357092d949d1/scene0007_04-scene0007_00-scene0007_01-scene0007_03-scene0007_02/T1,5,87,8,0.9942196607589722,172,1.0,0.0,32,100,0.32
09582244-e2c2-2de1-956c-357092d949d1,scene0007_04-scene0007_00-scene0007_01-scene0007_03-scene0007_02,1,09582244-e2c2-2de1-956c-357092d949d1/scene0007_04-scene0007_00-scene0007_01-scene0007_03-scene0007_02/T1,6,18,13,0.892307698726654,418,0.9712918660287081,0.028708133971291905,18,100,0.18
09582244-e2c2-2de1-956c-357092d949d1,scene0007_04-scene0007_00-scene0007_01-scene0007_03-scene0007_02,1,09582244-e2c2-2de1-956c-357092d949d1/scene0007_04-scene0007_00-scene0007_01-scene0007_03-scene0007_02/T1,6,67,9,0.8674496412277222,517,1.0,0.0,18,100,0.18
09582244-e2c2-2de1-956c-357092d949d1,scene0007_04-scene0007_00-scene0007_01-scene0007_03-scene0007_02,1,09582244-e2c2-2de1-956c-357092d949d1/scene0007_04-scene0007_00-scene0007_01-scene0007_03-scene0007_02/T1,6,78,5,0.9507018327713013,2898,0.9582470669427191,0.041752933057280894,18,100,0.18
09582244-e2c2-2de1-956c-357092d949d1,scene0007_04-scene0007_00-scene0007_01-scene0007_03-scene0007_02,1,09582244-e2c2-2de1-956c-357092d949d1/scene0007_04-scene0007_00-scene0007_01-scene0007_03-scene0007_02/T1,6,81,8,1.0,172,1.0,0.0,18,100,0.18
09582244-e2c2-2de1-956c-357092d949d1,scene0007_04-scene0007_00-scene0007_01-scene0007_03-scene0007_02,1,09582244-e2c2-2de1-956c-357092d949d1/scene0007_04-scene0007_00-scene0007_01-scene0007_03-scene0007_02/T1,7,50,8,1.0,172,1.0,0.0,31,100,0.31
09582244-e2c2-2de1-956c-357092d949d1,scene0007_04-scene0007_00-scene0007_01-scene0007_03-scene0007_02,1,09582244-e2c2-2de1-956c-357092d949d1/scene0007_04-scene0007_00-scene0007_01-scene0007_03-scene0007_02/T1,7,55,9,0.9941973090171814,517,0.9941972920696325,0.005802707930367523,31,100,0.31
09582244-e2c2-2de1-956c-357092d949d1,scene0007_04-scene0007_00-scene0007_01-scene0007_03-scene0007_02,1,09582244-e2c2-2de1-956c-357092d949d1/scene0007_04-scene0007_00-scene0007_01-scene0007_03-scene0007_02/T1,7,61,13,0.9407745003700256,418,0.9880382775119617,0.011961722488038284,31,100,0.31
09582244-e2c2-2de1-956c-357092d949d1,scene0007_04-scene0007_00-scene0007_01-scene0007_03-scene0007_02,1,09582244-e2c2-2de1-956c-357092d949d1/scene0007_04-scene0007_00-scene0007_01-scene0007_03-scene0007_02/T1,7,78,5,0.9479629993438721,2898,0.9554865424430642,0.04451345755693581,31,100,0.31
09582244-e2c2-2de1-956c-357092d949d1,scene0007_04-scene0007_00-scene0007_01-scene0007_03-scene0007_02,1,09582244-e2c2-2de1-956c-357092d949d1/scene0007_04-scene0007_00-scene0007_01-scene0007_03-scene0007_02/T1,8,20,8,0.9883720874786377,172,0.9883720930232558,0.011627906976744207,24,100,0.24
09582244-e2c2-2de1-956c-357092d949d1,scene0007_04-scene0007_00-scene0007_01-scene0007_03-scene0007_02,1,09582244-e2c2-2de1-956c-357092d949d1/scene0007_04-scene0007_00-scene0007_01-scene0007_03-scene0007_02/T1,8,36,13,0.9856459498405457,418,0.9856459330143541,0.014354066985645897,24,100,0.24
09582244-e2c2-2de1-956c-357092d949d1,scene0007_04-scene0007_00-scene0007_01-scene0007_03-scene0007_02,1,09582244-e2c2-2de1-956c-357092d949d1/scene0007_04-scene0007_00-scene0007_01-scene0007_03-scene0007_02/T1,8,55,9,1.0,517,1.0,0.0,24,100,0.24
09582244-e2c2-2de1-956c-357092d949d1,scene0007_04-scene0007_00-scene0007_01-scene0007_03-scene0007_02,1,09582244-e2c2-2de1-956c-357092d949d1/scene0007_04-scene0007_00-scene0007_01-scene0007_03-scene0007_02/T1,8,78,5,0.9479629993438721,2898,0.9554865424430642,0.04451345755693581,24,100,0.24
09582244-e2c2-2de1-956c-357092d949d1,scene0007_04-scene0007_00-scene0007_01-scene0007_03-scene0007_02,1,09582244-e2c2-2de1-956c-357092d949d1/scene0007_04-scene0007_00-scene0007_01-scene0007_03-scene0007_02/T1,9,25,8,1.0,172,1.0,0.0,17,100,0.17
09582244-e2c2-2de1-956c-357092d949d1,scene0007_04-scene0007_00-scene0007_01-scene0007_03-scene0007_02,1,09582244-e2c2-2de1-956c-357092d949d1/scene0007_04-scene0007_00-scene0007_01-scene0007_03-scene0007_02/T1,9,39,13,0.890350878238678,418,0.9712918660287081,0.028708133971291905,17,100,0.17
09582244-e2c2-2de1-956c-357092d949d1,scene0007_04-scene0007_00-scene0007_01-scene0007_03-scene0007_02,1,09582244-e2c2-2de1-956c-357092d949d1/scene0007_04-scene0007_00-scene0007_01-scene0007_03-scene0007_02/T1,9,67,9,0.9248658418655396,517,1.0,0.0,17,100,0.17
09582244-e2c2-2de1-956c-357092d949d1,scene0007_04-scene0007_00-scene0007_01-scene0007_03-scene0007_02,1,09582244-e2c2-2de1-956c-357092d949d1/scene0007_04-scene0007_00-scene0007_01-scene0007_03-scene0007_02/T1,9,78,5,0.9414584040641785,2898,0.9489302967563837,0.05106970324361626,17,100,0.17
09582244-e2c2-2de1-956c-357092d949d1,scene0007_04-scene0007_00-scene0007_01-scene0007_03-scene0007_02,1,09582244-e2c2-2de1-956c-357092d949d1/scene0007_04-scene0007_00-scene0007_01-scene0007_03-scene0007_02/T1,10,19,8,1.0,172,1.0,0.0,9,100,0.09
09582244-e2c2-2de1-956c-357092d949d1,scene0007_04-scene0007_00-scene0007_01-scene0007_03-scene0007_02,1,09582244-e2c2-2de1-956c-357092d949d1/scene0007_04-scene0007_00-scene0007_01-scene0007_03-scene0007_02/T1,10,22,13,0.890350878238678,418,0.9712918660287081,0.028708133971291905,9,100,0.09
09582244-e2c2-2de1-956c-357092d949d1,scene0007_04-scene0007_00-scene0007_01-scene0007_03-scene0007_02,1,09582244-e2c2-2de1-956c-357092d949d1/scene0007_04-scene0007_00-scene0007_01-scene0007_03-scene0007_02/T1,10,56,5,0.94617760181427,2898,0.9523809523809523,0.04761904761904767,9,100,0.09
09582244-e2c2-2de1-956c-357092d949d1,scene0007_04-scene0007_00-scene0007_01-scene0007_03-scene0007_02,1,09582244-e2c2-2de1-956c-357092d949d1/scene0007_04-scene0007_00-scene0007_01-scene0007_03-scene0007_02/T1,10,67,9,0.8285256624221802,517,1.0,0.0,9,100,0.09
09582244-e2c2-2de1-956c-357092d949d1,scene0007_04-scene0007_00-scene0007_01-scene0007_03-scene0007_02,1,09582244-e2c2-2de1-956c-357092d949d1/scene0007_04-scene0007_00-scene0007_01-scene0007_03-scene0007_02/T1,11,36,13,0.8732057213783264,418,0.8732057416267942,0.1267942583732058,19,100,0.19
09582244-e2c2-2de1-956c-357092d949d1,scene0007_04-scene0007_00-scene0007_01-scene0007_03-scene0007_02,1,09582244-e2c2-2de1-956c-357092d949d1/scene0007_04-scene0007_00-scene0007_01-scene0007_03-scene0007_02/T1,11,41,8,1.0,172,1.0,0.0,19,100,0.19
09582244-e2c2-2de1-956c-357092d949d1,scene0007_04-scene0007_00-scene0007_01-scene0007_03-scene0007_02,1,09582244-e2c2-2de1-956c-357092d949d1/scene0007_04-scene0007_00-scene0007_01-scene0007_03-scene0007_02/T1,11,67,9,0.9248658418655396,517,1.0,0.0,19,100,0.19
09582244-e2c2-2de1-956c-357092d949d1,scene0007_04-scene0007_00-scene0007_01-scene0007_03-scene0007_02,1,09582244-e2c2-2de1-956c-357092d949d1/scene0007_04-scene0007_00-scene0007_01-scene0007_03-scene0007_02/T1,11,78,5,0.9507018327713013,2898,0.9582470669427191,0.041752933057280894,19,100,0.19
09582244-e2c2-2de1-956c-357092d949d1,scene0007_04-scene0007_00-scene0007_01-scene0007_03-scene0007_02,2,09582244-e2c2-2de1-956c-357092d949d1/scene0007_04-scene0007_00-scene0007_01-scene0007_03-scene0007_02/T2,0,0,5,0.14604070782661438,4651,0.21135239733390668,0.7886476026660934,0,100,0.0
09582244-e2c2-2de1-956c-357092d949d1,scene0007_04-scene0007_00-scene0007_01-scene0007_03-scene0007_02,2,09582244-e2c2-2de1-956c-357092d949d1/scene0007_04-scene0007_00-scene0007_01-scene0007_03-scene0007_02/T2,0,1,7,0.0720893144607544,298,0.7583892617449665,0.24161073825503354,0,100,0.0
09582244-e2c2-2de1-956c-357092d949d1,scene0007_04-scene0007_00-scene0007_01-scene0007_03-scene0007_02,2,09582244-e2c2-2de1-956c-357092d949d1/scene0007_04-scene0007_00-scene0007_01-scene0007_03-scene0007_02/T2,0,2,8,0.05511811003088951,421,0.4323040380047506,0.5676959619952494,0,100,0.0
09582244-e2c2-2de1-956c-357092d949d1,scene0007_04-scene0007_00-scene0007_01-scene0007_03-scene0007_02,2,09582244-e2c2-2de1-956c-357092d949d1/scene0007_04-scene0007_00-scene0007_01-scene0007_03-scene0007_02/T2,0,3,9,0.4281056523323059,1317,0.996962794229309,0.0030372057706909983,0,100,0.0
09582244-e2c2-2de1-956c-357092d949d1,scene0007_04-scene0007_00-scene0007_01-scene0007_03-scene0007_02,2,09582244-e2c2-2de1-956c-357092d949d1/scene0007_04-scene0007_00-scene0007_01-scene0007_03-scene0007_02/T2,0,4,13,0.10310166329145432,778,0.461439588688946,0.538560411311054,0,100,0.0
09582244-e2c2-2de1-956c-357092d949d1,scene0007_04-scene0007_00-scene0007_01-scene0007_03-scene0007_02,2,09582244-e2c2-2de1-956c-357092d949d1/scene0007_04-scene0007_00-scene0007_01-scene0007_03-scene0007_02/T2,1,13,8,0.893842875957489,421,1.0,0.0,66,100,0.66
09582244-e2c2-2de1-956c-357092d949d1,scene0007_04-scene0007_00-scene0007_01-scene0007_03-scene0007_02,2,09582244-e2c2-2de1-956c-357092d949d1/scene0007_04-scene0007_00-scene0007_01-scene0007_03-scene0007_02/T2,1,23,7,0.9832214713096619,298,0.9832214765100671,0.016778523489932917,66,100,0.66
09582244-e2c2-2de1-956c-357092d949d1,scene0007_04-scene0007_00-scene0007_01-scene0007_03-scene0007_02,2,09582244-e2c2-2de1-956c-357092d949d1/scene0007_04-scene0007_00-scene0007_01-scene0007_03-scene0007_02/T2,1,58,9,0.7998783588409424,1317,0.9984813971146546,0.0015186028853454436,66,100,0.66
09582244-e2c2-2de1-956c-357092d949d1,scene0007_04-scene0007_00-scene0007_01-scene0007_03-scene0007_02,2,09582244-e2c2-2de1-956c-357092d949d1/scene0007_04-scene0007_00-scene0007_01-scene0007_03-scene0007_02/T2,1,64,5,0.8763644099235535,4651,0.8976564179746291,0.10234358202537086,66,100,0.66
09582244-e2c2-2de1-956c-357092d949d1,scene0007_04-scene0007_00-scene0007_01-scene0007_03-scene0007_02,2,09582244-e2c2-2de1-956c-357092d949d1/scene0007_04-scene0007_00-scene0007_01-scene0007_03-scene0007_02/T2,1,86,13,0.7383367419242859,778,0.9357326478149101,0.06426735218508994,66,100,0.66
09582244-e2c2-2de1-956c-357092d949d1,scene0007_04-scene0007_00-scene0007_01-scene0007_03-scene0007_02,2,09582244-e2c2-2de1-956c-357092d949d1/scene0007_04-scene0007_00-scene0007_01-scene0007_03-scene0007_02/T2,2,13,8,0.9049676060676575,421,0.995249406175772,0.004750593824228044,23,100,0.23
09582244-e2c2-2de1-956c-357092d949d1,scene0007_04-scene0007_00-scene0007_01-scene0007_03-scene0007_02,2,09582244-e2c2-2de1-956c-357092d949d1/scene0007_04-scene0007_00-scene0007_01-scene0007_03-scene0007_02/T2,2,23,7,1.0,298,1.0,0.0,23,100,0.23
09582244-e2c2-2de1-956c-357092d949d1,scene0007_04-scene0007_00-scene0007_01-scene0007_03-scene0007_02,2,09582244-e2c2-2de1-956c-357092d949d1/scene0007_04-scene0007_00-scene0007_01-scene0007_03-scene0007_02/T2,2,44,5,0.8759477734565735,4651,0.894216297570415,0.10578370242958501,23,100,0.23
09582244-e2c2-2de1-956c-357092d949d1,scene0007_04-scene0007_00-scene0007_01-scene0007_03-scene0007_02,2,09582244-e2c2-2de1-956c-357092d949d1/scene0007_04-scene0007_00-scene0007_01-scene0007_03-scene0007_02/T2,2,49,13,0.8998764157295227,778,0.9357326478149101,0.06426735218508994,23,100,0.23
09582244-e2c2-2de1-956c-357092d949d1,scene0007_04-scene0007_00-scene0007_01-scene0007_03-scene0007_02,2,09582244-e2c2-2de1-956c-357092d949d1/scene0007_04-scene0007_00-scene0007_01-scene0007_03-scene0007_02/T2,2,58,9,0.9740740656852722,1317,0.9984813971146546,0.0015186028853454436,23,100,0.23
09582244-e2c2-2de1-956c-357092d949d1,scene0007_04-scene0007_00-scene0007_01-scene0007_03-scene0007_02,2,09582244-e2c2-2de1-956c-357092d949d1/scene0007_04-scene0007_00-scene0007_01-scene0007_03-scene0007_02/T2,3,8,9,0.9740740656852722,1317,0.9984813971146546,0.0015186028853454436,24,100,0.24
09582244-e2c2-2de1-956c-357092d949d1,scene0007_04-scene0007_00-scene0007_01-scene0007_03-scene0007_02,2,09582244-e2c2-2de1-956c-357092d949d1/scene0007_04-scene0007_00-scene0007_01-scene0007_03-scene0007_02/T2,3,20,8,0.9108695387840271,421,0.995249406175772,0.004750593824228044,24,100,0.24
09582244-e2c2-2de1-956c-357092d949d1,scene0007_04-scene0007_00-scene0007_01-scene0007_03-scene0007_02,2,09582244-e2c2-2de1-956c-357092d949d1/scene0007_04-scene0007_00-scene0007_01-scene0007_03-scene0007_02/T2,3,23,7,1.0,298,1.0,0.0,24,100,0.24
09582244-e2c2-2de1-956c-357092d949d1,scene0007_04-scene0007_00-scene0007_01-scene0007_03-scene0007_02,2,09582244-e2c2-2de1-956c-357092d949d1/scene0007_04-scene0007_00-scene0007_01-scene0007_03-scene0007_02/T2,3,49,13,0.8998764157295227,778,0.9357326478149101,0.06426735218508994,24,100,0.24
09582244-e2c2-2de1-956c-357092d949d1,scene0007_04-scene0007_00-scene0007_01-scene0007_03-scene0007_02,2,09582244-e2c2-2de1-956c-357092d949d1/scene0007_04-scene0007_00-scene0007_01-scene0007_03-scene0007_02/T2,3,50,5,0.8586387634277344,4651,0.8815308535798753,0.11846914642012474,24,100,0.24
09582244-e2c2-2de1-956c-357092d949d1,scene0007_04-scene0007_00-scene0007_01-scene0007_03-scene0007_02,2,09582244-e2c2-2de1-956c-357092d949d1/scene0007_04-scene0007_00-scene0007_01-scene0007_03-scene0007_02/T2,4,23,7,1.0,298,1.0,0.0,16,100,0.16
09582244-e2c2-2de1-956c-357092d949d1,scene0007_04-scene0007_00-scene0007_01-scene0007_03-scene0007_02,2,09582244-e2c2-2de1-956c-357092d949d1/scene0007_04-scene0007_00-scene0007_01-scene0007_03-scene0007_02/T2,4,35,8,0.9311110973358154,421,0.995249406175772,0.004750593824228044,16,100,0.16
09582244-e2c2-2de1-956c-357092d949d1,scene0007_04-scene0007_00-scene0007_01-scene0007_03-scene0007_02,2,09582244-e2c2-2de1-956c-357092d949d1/scene0007_04-scene0007_00-scene0007_01-scene0007_03-scene0007_02/T2,4,50,5,0.8696836233139038,4651,0.8924962373683079,0.10750376263169215,16,100,0.16
09582244-e2c2-2de1-956c-357092d949d1,scene0007_04-scene0007_00-scene0007_01-scene0007_03-scene0007_02,2,09582244-e2c2-2de1-956c-357092d949d1/scene0007_04-scene0007_00-scene0007_01-scene0007_03-scene0007_02/T2,4,58,9,0.9740740656852722,1317,0.9984813971146546,0.0015186028853454436,16,100,0.16
09582244-e2c2-2de1-956c-357092d949d1,scene0007_04-scene0007_00-scene0007_01-scene0007_03-scene0007_02,2,09582244-e2c2-2de1-956c-357092d949d1/scene0007_04-scene0007_00-scene0007_01-scene0007_03-scene0007_02/T2,4,86,13,0.9009901285171509,778,0.9357326478149101,0.06426735218508994,16,100,0.16
09582244-e2c2-2de1-956c-357092d949d1,scene0007_04-scene0007_00-scene0007_01-scene0007_03-scene0007_02,2,09582244-e2c2-2de1-956c-357092d949d1/scene0007_04-scene0007_00-scene0007_01-scene0007_03-scene0007_02/T2,5,23,7,1.0,298,1.0,0.0,18,100,0.18
09582244-e2c2-2de1-956c-357092d949d1,scene0007_04-scene0007_00-scene0007_01-scene0007_03-scene0007_02,2,09582244-e2c2-2de1-956c-357092d949d1/scene0007_04-scene0007_00-scene0007_01-scene0007_03-scene0007_02/T2,5,50,5,0.8613215684890747,4651,0.8800258009030316,0.11997419909696838,18,100,0.18
09582244-e2c2-2de1-956c-357092d949d1,scene0007_04-scene0007_00-scene0007_01-scene0007_03-scene0007_02,2,09582244-e2c2-2de1-956c-357092d949d1/scene0007_04-scene0007_00-scene0007_01-scene0007_03-scene0007_02/T2,5,58,9,0.9740740656852722,1317,0.9984813971146546,0.0015186028853454436,18,100,0.18
09582244-e2c2-2de1-956c-357092d949d1,scene0007_04-scene0007_00-scene0007_01-scene0007_03-scene0007_02,2,09582244-e2c2-2de1-956c-357092d949d1/scene0007_04-scene0007_00-scene0007_01-scene0007_03-scene0007_02/T2,5,86,13,0.8998764157295227,778,0.9357326478149101,0.06426735218508994,18,100,0.18
09582244-e2c2-2de1-956c-357092d949d1,scene0007_04-scene0007_00-scene0007_01-scene0007_03-scene0007_02,2,09582244-e2c2-2de1-956c-357092d949d1/scene0007_04-scene0007_00-scene0007_01-scene0007_03-scene0007_02/T2,5,99,8,0.9311110973358154,421,0.995249406175772,0.004750593824228044,18,100,0.18
09582244-e2c2-2de1-956c-357092d949d1,scene0007_04-scene0007_00-scene0007_01-scene0007_03-scene0007_02,2,09582244-e2c2-2de1-956c-357092d949d1/scene0007_04-scene0007_00-scene0007_01-scene0007_03-scene0007_02/T2,6,8,9,0.9740740656852722,1317,0.9984813971146546,0.0015186028853454436,13,100,0.13
09582244-e2c2-2de1-956c-357092d949d1,scene0007_04-scene0007_00-scene0007_01-scene0007_03-scene0007_02,2,09582244-e2c2-2de1-956c-357092d949d1/scene0007_04-scene0007_00-scene0007_01-scene0007_03-scene0007_02/T2,6,13,8,0.8900634050369263,421,1.0,0.0,13,100,0.13
09582244-e2c2-2de1-956c-357092d949d1,scene0007_04-scene0007_00-scene0007_01-scene0007_03-scene0007_02,2,09582244-e2c2-2de1-956c-357092d949d1/scene0007_04-scene0007_00-scene0007_01-scene0007_03-scene0007_02/T2,6,23,7,0.9966555237770081,298,1.0,0.0,13,100,0.13
09582244-e2c2-2de1-956c-357092d949d1,scene0007_04-scene0007_00-scene0007_01-scene0007_03-scene0007_02,2,09582244-e2c2-2de1-956c-357092d949d1/scene0007_04-scene0007_00-scene0007_01-scene0007_03-scene0007_02/T2,6,50,5,0.8682283759117126,4651,0.8924962373683079,0.10750376263169215,13,100,0.13
09582244-e2c2-2de1-956c-357092d949d1,scene0007_04-scene0007_00-scene0007_01-scene0007_03-scene0007_02,2,09582244-e2c2-2de1-956c-357092d949d1/scene0007_04-scene0007_00-scene0007_01-scene0007_03-scene0007_02/T2,6,66,13,0.9180327653884888,778,0.9357326478149101,0.06426735218508994,13,100,0.13
09582244-e2c2-2de1-956c-357092d949d1,scene0007_04-scene0007_00-scene0007_01-scene0007_03-scene0007_02,2,09582244-e2c2-2de1-956c-357092d949d1/scene0007_04-scene0007_00-scene0007_01-scene0007_03-scene0007_02/T2,7,23,7,1.0,298,1.0,0.0,14,100,0.14
09582244-e2c2-2de1-956c-357092d949d1,scene0007_04-scene0007_00-scene0007_01-scene0007_03-scene0007_02,2,09582244-e2c2-2de1-956c-357092d949d1/scene0007_04-scene0007_00-scene0007_01-scene0007_03-scene0007_02/T2,7,28,9,0.9740740656852722,1317,0.9984813971146546,0.0015186028853454436,14,100,0.14
09582244-e2c2-2de1-956c-357092d949d1,scene0007_04-scene0007_00-scene0007_01-scene0007_03-scene0007_02,2,09582244-e2c2-2de1-956c-357092d949d1/scene0007_04-scene0007_00-scene0007_01-scene0007_03-scene0007_02/T2,7,31,8,0.9311110973358154,421,0.995249406175772,0.004750593824228044,14,100,0.14
09582244-e2c2-2de1-956c-357092d949d1,scene0007_04-scene0007_00-scene0007_01-scene0007_03-scene0007_02,2,09582244-e2c2-2de1-956c-357092d949d1/scene0007_04-scene0007_00-scene0007_01-scene0007_03-scene0007_02/T2,7,38,13,0.9141414165496826,778,0.9305912596401028,0.06940874035989719,14,100,0.14
09582244-e2c2-2de1-956c-357092d949d1,scene0007_04-scene0007_00-scene0007_01-scene0007_03-scene0007_02,2,09582244-e2c2-2de1-956c-357092d949d1/scene0007_04-scene0007_00-scene0007_01-scene0007_03-scene0007_02/T2,7,50,5,0.8692660331726074,4651,0.8963663728230488,0.10363362717695124,14,100,0.14
09582244-e2c2-2de1-956c-357092d949d1,scene0007_04-scene0007_00-scene0007_01-scene0007_03-scene0007_02,2,09582244-e2c2-2de1-956c-357092d949d1/scene0007_04-scene0007_00-scene0007_01-scene0007_03-scene0007_02/T2,8,6,8,0.9108695387840271,421,0.995249406175772,0.004750593824228044,16,100,0.16
09582244-e2c2-2de1-956c-357092d949d1,scene0007_04-scene0007_00-scene0007_01-scene0007_03-scene0007_02,2,09582244-e2c2-2de1-956c-357092d949d1/scene0007_04-scene0007_00-scene0007_01-scene0007_03-scene0007_02/T2,8,22,13,0.9009901285171509,778,0.9357326478149101,0.06426735218508994,16,100,0.16
09582244-e2c2-2de1-956c-357092d949d1,scene0007_04-scene0007_00-scene0007_01-scene0007_03-scene0007_02,2,09582244-e2c2-2de1-956c-357092d949d1/scene0007_04-scene0007_00-scene0007_01-scene0007_03-scene0007_02/T2,8,23,7,1.0,298,1.0,0.0,16,100,0.16
09582244-e2c2-2de1-956c-357092d949d1,scene0007_04-scene0007_00-scene0007_01-scene0007_03-scene0007_02,2,09582244-e2c2-2de1-956c-357092d949d1/scene0007_04-scene0007_00-scene0007_01-scene0007_03-scene0007_02/T2,8,50,5,0.8639102578163147,4651,0.8940012900451516,0.10599870995484839,16,100,0.16
09582244-e2c2-2de1-956c-357092d949d1,scene0007_04-scene0007_00-scene0007_01-scene0007_03-scene0007_02,2,09582244-e2c2-2de1-956c-357092d949d1/scene0007_04-scene0007_00-scene0007_01-scene0007_03-scene0007_02/T2,8,58,9,0.9740740656852722,1317,0.9984813971146546,0.0015186028853454436,16,100,0.16
09582244-e2c2-2de1-956c-357092d949d1,scene0007_04-scene0007_00-scene0007_01-scene0007_03-scene0007_02,2,09582244-e2c2-2de1-956c-357092d949d1/scene0007_04-scene0007_00-scene0007_01-scene0007_03-scene0007_02/T2,9,1,13,0.9009901285171509,778,0.9357326478149101,0.06426735218508994,16,100,0.16
09582244-e2c2-2de1-956c-357092d949d1,scene0007_04-scene0007_00-scene0007_01-scene0007_03-scene0007_02,2,09582244-e2c2-2de1-956c-357092d949d1/scene0007_04-scene0007_00-scene0007_01-scene0007_03-scene0007_02/T2,9,23,7,1.0,298,1.0,0.0,16,100,0.16
09582244-e2c2-2de1-956c-357092d949d1,scene0007_04-scene0007_00-scene0007_01-scene0007_03-scene0007_02,2,09582244-e2c2-2de1-956c-357092d949d1/scene0007_04-scene0007_00-scene0007_01-scene0007_03-scene0007_02/T2,9,28,9,0.9740740656852722,1317,0.9984813971146546,0.0015186028853454436,16,100,0.16
09582244-e2c2-2de1-956c-357092d949d1,scene0007_04-scene0007_00-scene0007_01-scene0007_03-scene0007_02,2,09582244-e2c2-2de1-956c-357092d949d1/scene0007_04-scene0007_00-scene0007_01-scene0007_03-scene0007_02/T2,9,50,5,0.8683989644050598,4651,0.8909911846914642,0.10900881530853579,16,100,0.16
09582244-e2c2-2de1-956c-357092d949d1,scene0007_04-scene0007_00-scene0007_01-scene0007_03-scene0007_02,2,09582244-e2c2-2de1-956c-357092d949d1/scene0007_04-scene0007_00-scene0007_01-scene0007_03-scene0007_02/T2,9,60,8,0.9311110973358154,421,0.995249406175772,0.004750593824228044,16,100,0.16
09582244-e2c2-2de1-956c-357092d949d1,scene0007_04-scene0007_00-scene0007_01-scene0007_03-scene0007_02,2,09582244-e2c2-2de1-956c-357092d949d1/scene0007_04-scene0007_00-scene0007_01-scene0007_03-scene0007_02/T2,10,13,8,0.9049676060676575,421,0.995249406175772,0.004750593824228044,13,100,0.13
09582244-e2c2-2de1-956c-357092d949d1,scene0007_04-scene0007_00-scene0007_01-scene0007_03-scene0007_02,2,09582244-e2c2-2de1-956c-357092d949d1/scene0007_04-scene0007_00-scene0007_01-scene0007_03-scene0007_02/T2,10,23,7,1.0,298,1.0,0.0,13,100,0.13
09582244-e2c2-2de1-956c-357092d949d1,scene0007_04-scene0007_00-scene0007_01-scene0007_03-scene0007_02,2,09582244-e2c2-2de1-956c-357092d949d1/scene0007_04-scene0007_00-scene0007_01-scene0007_03-scene0007_02/T2,10,41,5,0.8742833733558655,4651,0.9180821328746506,0.08191786712534943,13,100,0.13
09582244-e2c2-2de1-956c-357092d949d1,scene0007_04-scene0007_00-scene0007_01-scene0007_03-scene0007_02,2,09582244-e2c2-2de1-956c-357092d949d1/scene0007_04-scene0007_00-scene0007_01-scene0007_03-scene0007_02/T2,10,58,9,0.9740740656852722,1317,0.9984813971146546,0.0015186028853454436,13,100,0.13
09582244-e2c2-2de1-956c-357092d949d1,scene0007_04-scene0007_00-scene0007_01-scene0007_03-scene0007_02,2,09582244-e2c2-2de1-956c-357092d949d1/scene0007_04-scene0007_00-scene0007_01-scene0007_03-scene0007_02/T2,10,86,13,0.8998764157295227,778,0.9357326478149101,0.06426735218508994,13,100,0.13
09582244-e2c2-2de1-956c-357092d949d1,scene0007_04-scene0007_00-scene0007_01-scene0007_03-scene0007_02,2,09582244-e2c2-2de1-956c-357092d949d1/scene0007_04-scene0007_00-scene0007_01-scene0007_03-scene0007_02/T2,11,11,8,0.893842875957489,421,1.0,0.0,11,100,0.11
09582244-e2c2-2de1-956c-357092d949d1,scene0007_04-scene0007_00-scene0007_01-scene0007_03-scene0007_02,2,09582244-e2c2-2de1-956c-357092d949d1/scene0007_04-scene0007_00-scene0007_01-scene0007_03-scene0007_02/T2,11,23,7,1.0,298,1.0,0.0,11,100,0.11
09582244-e2c2-2de1-956c-357092d949d1,scene0007_04-scene0007_00-scene0007_01-scene0007_03-scene0007_02,2,09582244-e2c2-2de1-956c-357092d949d1/scene0007_04-scene0007_00-scene0007_01-scene0007_03-scene0007_02/T2,11,50,5,0.8690848350524902,4651,0.8963663728230488,0.10363362717695124,11,100,0.11
09582244-e2c2-2de1-956c-357092d949d1,scene0007_04-scene0007_00-scene0007_01-scene0007_03-scene0007_02,2,09582244-e2c2-2de1-956c-357092d949d1/scene0007_04-scene0007_00-scene0007_01-scene0007_03-scene0007_02/T2,11,58,9,0.9740740656852722,1317,0.9984813971146546,0.0015186028853454436,11,100,0.11
09582244-e2c2-2de1-956c-357092d949d1,scene0007_04-scene0007_00-scene0007_01-scene0007_03-scene0007_02,2,09582244-e2c2-2de1-956c-357092d949d1/scene0007_04-scene0007_00-scene0007_01-scene0007_03-scene0007_02/T2,11,86,13,0.8998764157295227,778,0.9357326478149101,0.06426735218508994,11,100,0.11
09582244-e2c2-2de1-956c-357092d949d1,scene0007_04-scene0007_00-scene0007_01-scene0007_03-scene0007_02,3,09582244-e2c2-2de1-956c-357092d949d1/scene0007_04-scene0007_00-scene0007_01-scene0007_03-scene0007_02/T3,0,0,5,0.07000495493412018,6670,0.10584707646176912,0.8941529235382308,0,100,0.0
09582244-e2c2-2de1-956c-357092d949d1,scene0007_04-scene0007_00-scene0007_01-scene0007_03-scene0007_02,3,09582244-e2c2-2de1-956c-357092d949d1/scene0007_04-scene0007_00-scene0007_01-scene0007_03-scene0007_02/T3,0,1,7,0.03699340298771858,280,0.5607142857142857,0.4392857142857143,0,100,0.0
09582244-e2c2-2de1-956c-357092d949d1,scene0007_04-scene0007_00-scene0007_01-scene0007_03-scene0007_02,3,09582244-e2c2-2de1-956c-357092d949d1/scene0007_04-scene0007_00-scene0007_01-scene0007_03-scene0007_02/T3,0,2,8,0.09468010067939758,550,0.7345454545454545,0.2654545454545455,0,100,0.0
09582244-e2c2-2de1-956c-357092d949d1,scene0007_04-scene0007_00-scene0007_01-scene0007_03-scene0007_02,3,09582244-e2c2-2de1-956c-357092d949d1/scene0007_04-scene0007_00-scene0007_01-scene0007_03-scene0007_02/T3,0,3,9,0.48985016345977783,2044,0.9916829745596869,0.008317025440313097,0,100,0.0
09582244-e2c2-2de1-956c-357092d949d1,scene0007_04-scene0007_00-scene0007_01-scene0007_03-scene0007_02,3,09582244-e2c2-2de1-956c-357092d949d1/scene0007_04-scene0007_00-scene0007_01-scene0007_03-scene0007_02/T3,0,4,13,0.1373499035835266,1278,0.5101721439749609,0.4898278560250391,0,100,0.0
09582244-e2c2-2de1-956c-357092d949d1,scene0007_04-scene0007_00-scene0007_01-scene0007_03-scene0007_02,3,09582244-e2c2-2de1-956c-357092d949d1/scene0007_04-scene0007_00-scene0007_01-scene0007_03-scene0007_02/T3,1,11,9,0.9822030067443848,2044,0.9990215264187867,0.0009784735812132794,39,100,0.39
09582244-e2c2-2de1-956c-357092d949d1,scene0007_04-scene0007_00-scene0007_01-scene0007_03-scene0007_02,3,09582244-e2c2-2de1-956c-357092d949d1/scene0007_04-scene0007_00-scene0007_01-scene0007_03-scene0007_02/T3,1,18,7,0.9642857313156128,280,0.9642857142857143,0.0357142857142857,39,100,0.39
09582244-e2c2-2de1-956c-357092d949d1,scene0007_04-scene0007_00-scene0007_01-scene0007_03-scene0007_02,3,09582244-e2c2-2de1-956c-357092d949d1/scene0007_04-scene0007_00-scene0007_01-scene0007_03-scene0007_02/T3,1,46,8,0.5573997497558594,550,0.7327272727272728,0.2672727272727272,39,100,0.39
09582244-e2c2-2de1-956c-357092d949d1,scene0007_04-scene0007_00-scene0007_01-scene0007_03-scene0007_02,3,09582244-e2c2-2de1-956c-357092d949d1/scene0007_04-scene0007_00-scene0007_01-scene0007_03-scene0007_02/T3,1,77,13,0.9064801335334778,1278,0.9632237871674492,0.036776212832550836,39,100,0.39
09582244-e2c2-2de1-956c-357092d949d1,scene0007_04-scene0007_00-scene0007_01-scene0007_03-scene0007_02,3,09582244-e2c2-2de1-956c-357092d949d1/scene0007_04-scene0007_00-scene0007_01-scene0007_03-scene0007_02/T3,1,87,5,0.8526608943939209,6670,0.8719640179910045,0.12803598200899546,39,100,0.39
09582244-e2c2-2de1-956c-357092d949d1,scene0007_04-scene0007_00-scene0007_01-scene0007_03-scene0007_02,3,09582244-e2c2-2de1-956c-357092d949d1/scene0007_04-scene0007_00-scene0007_01-scene0007_03-scene0007_02/T3,2,2,9,0.9822030067443848,2044,0.9990215264187867,0.0009784735812132794,12,100,0.12
09582244-e2c2-2de1-956c-357092d949d1,scene0007_04-scene0007_00-scene0007_01-scene0007_03-scene0007_02,3,09582244-e2c2-2de1-956c-357092d949d1/scene0007_04-scene0007_00-scene0007_01-scene0007_03-scene0007_02/T3,2,18,7,0.9061488509178162,280,1.0,0.0,12,100,0.12
09582244-e2c2-2de1-956c-357092d949d1,scene0007_04-scene0007_00-scene0007_01-scene0007_03-scene0007_02,3,09582244-e2c2-2de1-956c-357092d949d1/scene0007_04-scene0007_00-scene0007_01-scene0007_03-scene0007_02/T3,2,46,8,0.7434118986129761,550,0.9745454545454545,0.025454545454545507,12,100,0.12
09582244-e2c2-2de1-956c-357092d949d1,scene0007_04-scene0007_00-scene0007_01-scene0007_03-scene0007_02,3,09582244-e2c2-2de1-956c-357092d949d1/scene0007_04-scene0007_00-scene0007_01-scene0007_03-scene0007_02/T3,2,77,13,0.9375476241111755,1278,0.9632237871674492,0.036776212832550836,12,100,0.12
09582244-e2c2-2de1-956c-357092d949d1,scene0007_04-scene0007_00-scene0007_01-scene0007_03-scene0007_02,3,09582244-e2c2-2de1-956c-357092d949d1/scene0007_04-scene0007_00-scene0007_01-scene0007_03-scene0007_02/T3,2,95,5,0.8783408999443054,6670,0.9016491754122938,0.09835082458770616,12,100,0.12
09582244-e2c2-2de1-956c-357092d949d1,scene0007_04-scene0007_00-scene0007_01-scene0007_03-scene0007_02,3,09582244-e2c2-2de1-956c-357092d949d1/scene0007_04-scene0007_00-scene0007_01-scene0007_03-scene0007_02/T3,3,11,9,0.9822030067443848,2044,0.9990215264187867,0.0009784735812132794,10,100,0.1
09582244-e2c2-2de1-956c-357092d949d1,scene0007_04-scene0007_00-scene0007_01-scene0007_03-scene0007_02,3,09582244-e2c2-2de1-956c-357092d949d1/scene0007_04-scene0007_00-scene0007_01-scene0007_03-scene0007_02/T3,3,29,7,0.9090909361839294,280,1.0,0.0,10,100,0.1
09582244-e2c2-2de1-956c-357092d949d1,scene0007_04-scene0007_00-scene0007_01-scene0007_03-scene0007_02,3,09582244-e2c2-2de1-956c-357092d949d1/scene0007_04-scene0007_00-scene0007_01-scene0007_03-scene0007_02/T3,3,34,13,0.90848708152771,1278,0.9632237871674492,0.036776212832550836,10,100,0.1
09582244-e2c2-2de1-956c-357092d949d1,scene0007_04-scene0007_00-scene0007_01-scene0007_03-scene0007_02,3,09582244-e2c2-2de1-956c-357092d949d1/scene0007_04-scene0007_00-scene0007_01-scene0007_03-scene0007_02/T3,3,39,8,0.7083333134651184,550,0.7418181818181818,0.2581818181818182,10,100,0.1
09582244-e2c2-2de1-956c-357092d949d1,scene0007_04-scene0007_00-scene0007_01-scene0007_03-scene0007_02,3,09582244-e2c2-2de1-956c-357092d949d1/scene0007_04-scene0007_00-scene0007_01-scene0007_03-scene0007_02/T3,3,87,5,0.8878692388534546,6670,0.928335832083958,0.07166416791604202,10,100,0.1
09582244-e2c2-2de1-956c-357092d949d1,scene0007_04-scene0007_00-scene0007_01-scene0007_03-scene0007_02,3,09582244-e2c2-2de1-956c-357092d949d1/scene0007_04-scene0007_00-scene0007_01-scene0007_03-scene0007_02/T3,4,11,9,0.9784379601478577,2044,0.9990215264187867,0.0009784735812132794,13,100,0.13
09582244-e2c2-2de1-956c-357092d949d1,scene0007_04-scene0007_00-scene0007_01-scene0007_03-scene0007_02,3,09582244-e2c2-2de1-956c-357092d949d1/scene0007_04-scene0007_00-scene0007_01-scene0007_03-scene0007_02/T3,4,30,7,0.9571428298950195,280,0.9571428571428572,0.042857142857142816,13,100,0.13
09582244-e2c2-2de1-956c-357092d949d1,scene0007_04-scene0007_00-scene0007_01-scene0007_03-scene0007_02,3,09582244-e2c2-2de1-956c-357092d949d1/scene0007_04-scene0007_00-scene0007_01-scene0007_03-scene0007_02/T3,4,39,8,0.7034482955932617,550,0.7418181818181818,0.2581818181818182,13,100,0.13
09582244-e2c2-2de1-956c-357092d949d1,scene0007_04-scene0007_00-scene0007_01-scene0007_03-scene0007_02,3,09582244-e2c2-2de1-956c-357092d949d1/scene0007_04-scene0007_00-scene0007_01-scene0007_03-scene0007_02/T3,4,54,13,0.9375476241111755,1278,0.9632237871674492,0.036776212832550836,13,100,0.13
09582244-e2c2-2de1-956c-357092d949d1,scene0007_04-scene0007_00-scene0007_01-scene0007_03-scene0007_02,3,09582244-e2c2-2de1-956c-357092d949d1/scene0007_04-scene0007_00-scene0007_01-scene0007_03-scene0007_02/T3,4,87,5,0.894752025604248,6670,0.9304347826086956,0.06956521739130439,13,100,0.13
09582244-e2c2-2de1-956c-357092d949d1,scene0007_04-scene0007_00-scene0007_01-scene0007_03-scene0007_02,3,09582244-e2c2-2de1-956c-357092d949d1/scene0007_04-scene0007_00-scene0007_01-scene0007_03-scene0007_02/T3,5,9,8,0.7078260779380798,550,0.74,0.26,12,100,0.12
09582244-e2c2-2de1-956c-357092d949d1,scene0007_04-scene0007_00-scene0007_01-scene0007_03-scene0007_02,3,09582244-e2c2-2de1-956c-357092d949d1/scene0007_04-scene0007_00-scene0007_01-scene0007_03-scene0007_02/T3,5,11,9,0.9784379601478577,2044,0.9990215264187867,0.0009784735812132794,12,100,0.12
09582244-e2c2-2de1-956c-357092d949d1,scene0007_04-scene0007_00-scene0007_01-scene0007_03-scene0007_02,3,09582244-e2c2-2de1-956c-357092d949d1/scene0007_04-scene0007_00-scene0007_01-scene0007_03-scene0007_02/T3,5,54,13,0.8758673667907715,1278,0.8888888888888888,0.11111111111111116,12,100,0.12
09582244-e2c2-2de1-956c-357092d949d1,scene0007_04-scene0007_00-scene0007_01-scene0007_03-scene0007_02,3,09582244-e2c2-2de1-956c-357092d949d1/scene0007_04-scene0007_00-scene0007_01-scene0007_03-scene0007_02/T3,5,65,7,0.9061488509178162,280,1.0,0.0,12,100,0.12
09582244-e2c2-2de1-956c-357092d949d1,scene0007_04-scene0007_00-scene0007_01-scene0007_03-scene0007_02,3,09582244-e2c2-2de1-956c-357092d949d1/scene0007_04-scene0007_00-scene0007_01-scene0007_03-scene0007_02/T3,5,95,5,0.8608314990997314,6670,0.8847076461769116,0.11529235382308844,12,100,0.12
09582244-e2c2-2de1-956c-357092d949d1,scene0007_04-scene0007_00-scene0007_01-scene0007_03-scene0007_02,3,09582244-e2c2-2de1-956c-357092d949d1/scene0007_04-scene0007_00-scene0007_01-scene0007_03-scene0007_02/T3,6,9,8,0.6811352372169495,550,0.7418181818181818,0.2581818181818182,6,100,0.06
09582244-e2c2-2de1-956c-357092d949d1,scene0007_04-scene0007_00-scene0007_01-scene0007_03-scene0007_02,3,09582244-e2c2-2de1-956c-357092d949d1/scene0007_04-scene0007_00-scene0007_01-scene0007_03-scene0007_02/T3,6,11,9,0.9784379601478577,2044,0.9990215264187867,0.0009784735812132794,6,100,0.06
09582244-e2c2-2de1-956c-357092d949d1,scene0007_04-scene0007_00-scene0007_01-scene0007_03-scene0007_02,3,09582244-e2c2-2de1-956c-357092d949d1/scene0007_04-scene0007_00-scene0007_01-scene0007_03-scene0007_02/T3,6,18,7,0.9061488509178162,280,1.0,0.0,6,100,0.06
09582244-e2c2-2de1-956c-357092d949d1,scene0007_04-scene0007_00-scene0007_01-scene0007_03-scene0007_02,3,09582244-e2c2-2de1-956c-357092d949d1/scene0007_04-scene0007_00-scene0007_01-scene0007_03-scene0007_02/T3,6,34,13,0.8602375984191895,1278,0.9632237871674492,0.036776212832550836,6,100,0.06
09582244-e2c2-2de1-956c-357092d949d1,scene0007_04-scene0007_00-scene0007_01-scene0007_03-scene0007_02,3,09582244-e2c2-2de1-956c-357092d949d1/scene0007_04-scene0007_00-scene0007_01-scene0007_03-scene0007_02/T3,6,87,5,0.8942279815673828,6670,0.9290854572713643,0.07091454272863573,6,100,0.06
09582244-e2c2-2de1-956c-357092d949d1,scene0007_04-scene0007_00-scene0007_01-scene0007_03-scene0007_02,3,09582244-e2c2-2de1-956c-357092d949d1/scene0007_04-scene0007_00-scene0007_01-scene0007_03-scene0007_02/T3,7,7,13,0.9375476241111755,1278,0.9632237871674492,0.036776212832550836,13,100,0.13
09582244-e2c2-2de1-956c-357092d949d1,scene0007_04-scene0007_00-scene0007_01-scene0007_03-scene0007_02,3,09582244-e2c2-2de1-956c-357092d949d1/scene0007_04-scene0007_00-scene0007_01-scene0007_03-scene0007_02/T3,7,11,9,0.9822030067443848,2044,0.9990215264187867,0.0009784735812132794,13,100,0.13
09582244-e2c2-2de1-956c-357092d949d1,scene0007_04-scene0007_00-scene0007_01-scene0007_03-scene0007_02,3,09582244-e2c2-2de1-956c-357092d949d1/scene0007_04-scene0007_00-scene0007_01-scene0007_03-scene0007_02/T3,7,18,7,0.9061488509178162,280,1.0,0.0,13,100,0.13
09582244-e2c2-2de1-956c-357092d949d1,scene0007_04-scene0007_00-scene0007_01-scene0007_03-scene0007_02,3,09582244-e2c2-2de1-956c-357092d949d1/scene0007_04-scene0007_00-scene0007_01-scene0007_03-scene0007_02/T3,7,51,8,0.7010309100151062,550,0.7418181818181818,0.2581818181818182,13,100,0.13
09582244-e2c2-2de1-956c-357092d949d1,scene0007_04-scene0007_00-scene0007_01-scene0007_03-scene0007_02,3,09582244-e2c2-2de1-956c-357092d949d1/scene0007_04-scene0007_00-scene0007_01-scene0007_03-scene0007_02/T3,7,87,5,0.8952203392982483,6670,0.9350824587706147,0.06491754122938531,13,100,0.13
09582244-e2c2-2de1-956c-357092d949d1,scene0007_04-scene0007_00-scene0007_01-scene0007_03-scene0007_02,3,09582244-e2c2-2de1-956c-357092d949d1/scene0007_04-scene0007_00-scene0007_01-scene0007_03-scene0007_02/T3,8,0,13,0.8758673667907715,1278,0.8888888888888888,0.11111111111111116,14,100,0.14
09582244-e2c2-2de1-956c-357092d949d1,scene0007_04-scene0007_00-scene0007_01-scene0007_03-scene0007_02,3,09582244-e2c2-2de1-956c-357092d949d1/scene0007_04-scene0007_00-scene0007_01-scene0007_03-scene0007_02/T3,8,11,9,0.9784379601478577,2044,0.9990215264187867,0.0009784735812132794,14,100,0.14
09582244-e2c2-2de1-956c-357092d949d1,scene0007_04-scene0007_00-scene0007_01-scene0007_03-scene0007_02,3,09582244-e2c2-2de1-956c-357092d949d1/scene0007_04-scene0007_00-scene0007_01-scene0007_03-scene0007_02/T3,8,18,7,0.9061488509178162,280,1.0,0.0,14,100,0.14
09582244-e2c2-2de1-956c-357092d949d1,scene0007_04-scene0007_00-scene0007_01-scene0007_03-scene0007_02,3,09582244-e2c2-2de1-956c-357092d949d1/scene0007_04-scene0007_00-scene0007_01-scene0007_03-scene0007_02/T3,8,87,5,0.8989622592926025,6670,0.9350824587706147,0.06491754122938531,14,100,0.14
09582244-e2c2-2de1-956c-357092d949d1,scene0007_04-scene0007_00-scene0007_01-scene0007_03-scene0007_02,3,09582244-e2c2-2de1-956c-357092d949d1/scene0007_04-scene0007_00-scene0007_01-scene0007_03-scene0007_02/T3,8,99,8,0.6974359154701233,550,0.7418181818181818,0.2581818181818182,14,100,0.14
09582244-e2c2-2de1-956c-357092d949d1,scene0007_04-scene0007_00-scene0007_01-scene0007_03-scene0007_02,3,09582244-e2c2-2de1-956c-357092d949d1/scene0007_04-scene0007_00-scene0007_01-scene0007_03-scene0007_02/T3,9,0,13,0.8758673667907715,1278,0.8888888888888888,0.11111111111111116,12,100,0.12
09582244-e2c2-2de1-956c-357092d949d1,scene0007_04-scene0007_00-scene0007_01-scene0007_03-scene0007_02,3,09582244-e2c2-2de1-956c-357092d949d1/scene0007_04-scene0007_00-scene0007_01-scene0007_03-scene0007_02/T3,9,9,8,0.7034482955932617,550,0.7418181818181818,0.2581818181818182,12,100,0.12
09582244-e2c2-2de1-956c-357092d949d1,scene0007_04-scene0007_00-scene0007_01-scene0007_03-scene0007_02,3,09582244-e2c2-2de1-956c-357092d949d1/scene0007_04-scene0007_00-scene0007_01-scene0007_03-scene0007_02/T3,9,11,9,0.9822030067443848,2044,0.9990215264187867,0.0009784735812132794,12,100,0.12
09582244-e2c2-2de1-956c-357092d949d1,scene0007_04-scene0007_00-scene0007_01-scene0007_03-scene0007_02,3,09582244-e2c2-2de1-956c-357092d949d1/scene0007_04-scene0007_00-scene0007_01-scene0007_03-scene0007_02/T3,9,65,7,0.9061488509178162,280,1.0,0.0,12,100,0.12
09582244-e2c2-2de1-956c-357092d949d1,scene0007_04-scene0007_00-scene0007_01-scene0007_03-scene0007_02,3,09582244-e2c2-2de1-956c-357092d949d1/scene0007_04-scene0007_00-scene0007_01-scene0007_03-scene0007_02/T3,9,87,5,0.87742680311203,6670,0.9079460269865067,0.09205397301349327,12,100,0.12
09582244-e2c2-2de1-956c-357092d949d1,scene0007_04-scene0007_00-scene0007_01-scene0007_03-scene0007_02,3,09582244-e2c2-2de1-956c-357092d949d1/scene0007_04-scene0007_00-scene0007_01-scene0007_03-scene0007_02/T3,10,11,9,0.9784379601478577,2044,0.9990215264187867,0.0009784735812132794,6,100,0.06
09582244-e2c2-2de1-956c-357092d949d1,scene0007_04-scene0007_00-scene0007_01-scene0007_03-scene0007_02,3,09582244-e2c2-2de1-956c-357092d949d1/scene0007_04-scene0007_00-scene0007_01-scene0007_03-scene0007_02/T3,10,59,7,0.9061488509178162,280,1.0,0.0,6,100,0.06
09582244-e2c2-2de1-956c-357092d949d1,scene0007_04-scene0007_00-scene0007_01-scene0007_03-scene0007_02,3,09582244-e2c2-2de1-956c-357092d949d1/scene0007_04-scene0007_00-scene0007_01-scene0007_03-scene0007_02/T3,10,87,5,0.9036876559257507,6670,0.9368815592203898,0.06311844077961015,6,100,0.06
09582244-e2c2-2de1-956c-357092d949d1,scene0007_04-scene0007_00-scene0007_01-scene0007_03-scene0007_02,3,09582244-e2c2-2de1-956c-357092d949d1/scene0007_04-scene0007_00-scene0007_01-scene0007_03-scene0007_02/T3,10,89,13,0.8651942014694214,1278,0.8888888888888888,0.11111111111111116,6,100,0.06
09582244-e2c2-2de1-956c-357092d949d1,scene0007_04-scene0007_00-scene0007_01-scene0007_03-scene0007_02,3,09582244-e2c2-2de1-956c-357092d949d1/scene0007_04-scene0007_00-scene0007_01-scene0007_03-scene0007_02/T3,10,99,8,0.6974359154701233,550,0.7418181818181818,0.2581818181818182,6,100,0.06
09582244-e2c2-2de1-956c-357092d949d1,scene0007_04-scene0007_00-scene0007_01-scene0007_03-scene0007_02,3,09582244-e2c2-2de1-956c-357092d949d1/scene0007_04-scene0007_00-scene0007_01-scene0007_03-scene0007_02/T3,11,11,9,0.9822030067443848,2044,0.9990215264187867,0.0009784735812132794,8,100,0.08
09582244-e2c2-2de1-956c-357092d949d1,scene0007_04-scene0007_00-scene0007_01-scene0007_03-scene0007_02,3,09582244-e2c2-2de1-956c-357092d949d1/scene0007_04-scene0007_00-scene0007_01-scene0007_03-scene0007_02/T3,11,18,7,0.9061488509178162,280,1.0,0.0,8,100,0.08
09582244-e2c2-2de1-956c-357092d949d1,scene0007_04-scene0007_00-scene0007_01-scene0007_03-scene0007_02,3,09582244-e2c2-2de1-956c-357092d949d1/scene0007_04-scene0007_00-scene0007_01-scene0007_03-scene0007_02/T3,11,34,13,0.90848708152771,1278,0.9632237871674492,0.036776212832550836,8,100,0.08
09582244-e2c2-2de1-956c-357092d949d1,scene0007_04-scene0007_00-scene0007_01-scene0007_03-scene0007_02,3,09582244-e2c2-2de1-956c-357092d949d1/scene0007_04-scene0007_00-scene0007_01-scene0007_03-scene0007_02/T3,11,87,5,0.8912824988365173,6670,0.9304347826086956,0.06956521739130439,8,100,0.08
09582244-e2c2-2de1-956c-357092d949d1,scene0007_04-scene0007_00-scene0007_01-scene0007_03-scene0007_02,3,09582244-e2c2-2de1-956c-357092d949d1/scene0007_04-scene0007_00-scene0007_01-scene0007_03-scene0007_02/T3,11,99,8,0.6974359154701233,550,0.7418181818181818,0.2581818181818182,8,100,0.08
09582244-e2c2-2de1-956c-357092d949d1,scene0007_04-scene0007_00-scene0007_01-scene0007_03-scene0007_02,4,09582244-e2c2-2de1-956c-357092d949d1/scene0007_04-scene0007_00-scene0007_01-scene0007_03-scene0007_02/T4,0,0,5,0.11304770410060883,9222,0.1765343743222728,0.8234656256777272,0,100,0.0
09582244-e2c2-2de1-956c-357092d949d1,scene0007_04-scene0007_00-scene0007_01-scene0007_03-scene0007_02,4,09582244-e2c2-2de1-956c-357092d949d1/scene0007_04-scene0007_00-scene0007_01-scene0007_03-scene0007_02/T4,0,1,7,0.034834571182727814,293,0.8156996587030717,0.1843003412969283,0,100,0.0
09582244-e2c2-2de1-956c-357092d949d1,scene0007_04-scene0007_00-scene0007_01-scene0007_03-scene0007_02,4,09582244-e2c2-2de1-956c-357092d949d1/scene0007_04-scene0007_00-scene0007_01-scene0007_03-scene0007_02/T4,0,2,8,0.08206771314144135,959,0.6141814389989573,0.3858185610010427,0,100,0.0
09582244-e2c2-2de1-956c-357092d949d1,scene0007_04-scene0007_00-scene0007_01-scene0007_03-scene0007_02,4,09582244-e2c2-2de1-956c-357092d949d1/scene0007_04-scene0007_00-scene0007_01-scene0007_03-scene0007_02/T4,0,3,9,0.4260997176170349,2919,0.9955464200068517,0.004453579993148327,0,100,0.0
09582244-e2c2-2de1-956c-357092d949d1,scene0007_04-scene0007_00-scene0007_01-scene0007_03-scene0007_02,4,09582244-e2c2-2de1-956c-357092d949d1/scene0007_04-scene0007_00-scene0007_01-scene0007_03-scene0007_02/T4,0,4,13,0.1636774241924286,1952,0.6311475409836066,0.3688524590163934,0,100,0.0
09582244-e2c2-2de1-956c-357092d949d1,scene0007_04-scene0007_00-scene0007_01-scene0007_03-scene0007_02,4,09582244-e2c2-2de1-956c-357092d949d1/scene0007_04-scene0007_00-scene0007_01-scene0007_03-scene0007_02/T4,1,12,9,0.9275500774383545,2919,1.0,0.0,49,100,0.49
09582244-e2c2-2de1-956c-357092d949d1,scene0007_04-scene0007_00-scene0007_01-scene0007_03-scene0007_02,4,09582244-e2c2-2de1-956c-357092d949d1/scene0007_04-scene0007_00-scene0007_01-scene0007_03-scene0007_02/T4,1,14,8,0.5602493286132812,959,0.8435870698644421,0.1564129301355579,49,100,0.49
09582244-e2c2-2de1-956c-357092d949d1,scene0007_04-scene0007_00-scene0007_01-scene0007_03-scene0007_02,4,09582244-e2c2-2de1-956c-357092d949d1/scene0007_04-scene0007_00-scene0007_01-scene0007_03-scene0007_02/T4,1,60,13,0.9738693237304688,1952,0.992827868852459,0.0071721311475410054,49,100,0.49
09582244-e2c2-2de1-956c-357092d949d1,scene0007_04-scene0007_00-scene0007_01-scene0007_03-scene0007_02,4,09582244-e2c2-2de1-956c-357092d949d1/scene0007_04-scene0007_00-scene0007_01-scene0007_03-scene0007_02/T4,1,84,5,0.8851011395454407,9222,0.9347213185859901,0.06527868141400994,49,100,0.49
09582244-e2c2-2de1-956c-357092d949d1,scene0007_04-scene0007_00-scene0007_01-scene0007_03-scene0007_02,4,09582244-e2c2-2de1-956c-357092d949d1/scene0007_04-scene0007_00-scene0007_01-scene0007_03-scene0007_02/T4,1,89,7,0.6194503307342529,293,1.0,0.0,49,100,0.49
09582244-e2c2-2de1-956c-357092d949d1,scene0007_04-scene0007_00-scene0007_01-scene0007_03-scene0007_02,4,09582244-e2c2-2de1-956c-357092d949d1/scene0007_04-scene0007_00-scene0007_01-scene0007_03-scene0007_02/T4,2,14,8,0.8238482475280762,959,0.9509906152241918,0.049009384775808185,36,100,0.36
09582244-e2c2-2de1-956c-357092d949d1,scene0007_04-scene0007_00-scene0007_01-scene0007_03-scene0007_02,4,09582244-e2c2-2de1-956c-357092d949d1/scene0007_04-scene0007_00-scene0007_01-scene0007_03-scene0007_02/T4,2,45,9,0.9445884823799133,2919,0.9986296676944159,0.0013703323055841432,36,100,0.36
09582244-e2c2-2de1-956c-357092d949d1,scene0007_04-scene0007_00-scene0007_01-scene0007_03-scene0007_02,4,09582244-e2c2-2de1-956c-357092d949d1/scene0007_04-scene0007_00-scene0007_01-scene0007_03-scene0007_02/T4,2,84,5,0.888808012008667,9222,0.9265885924962047,0.07341140750379527,36,100,0.36
09582244-e2c2-2de1-956c-357092d949d1,scene0007_04-scene0007_00-scene0007_01-scene0007_03-scene0007_02,4,09582244-e2c2-2de1-956c-357092d949d1/scene0007_04-scene0007_00-scene0007_01-scene0007_03-scene0007_02/T4,2,89,7,0.9965986609458923,293,1.0,0.0,36,100,0.36
09582244-e2c2-2de1-956c-357092d949d1,scene0007_04-scene0007_00-scene0007_01-scene0007_03-scene0007_02,4,09582244-e2c2-2de1-956c-357092d949d1/scene0007_04-scene0007_00-scene0007_01-scene0007_03-scene0007_02/T4,2,91,13,0.9768145084381104,1952,0.992827868852459,0.0071721311475410054,36,100,0.36
09582244-e2c2-2de1-956c-357092d949d1,scene0007_04-scene0007_00-scene0007_01-scene0007_03-scene0007_02,4,09582244-e2c2-2de1-956c-357092d949d1/scene0007_04-scene0007_00-scene0007_01-scene0007_03-scene0007_02/T4,3,12,9,0.9539215564727783,2919,1.0,0.0,7,100,0.07
09582244-e2c2-2de1-956c-357092d949d1,scene0007_04-scene0007_00-scene0007_01-scene0007_03-scene0007_02,4,09582244-e2c2-2de1-956c-357092d949d1/scene0007_04-scene0007_00-scene0007_01-scene0007_03-scene0007_02/T4,3,30,5,0.8679734468460083,9222,0.9075037952721753,0.09249620472782472,7,100,0.07
09582244-e2c2-2de1-956c-357092d949d1,scene0007_04-scene0007_00-scene0007_01-scene0007_03-scene0007_02,4,09582244-e2c2-2de1-956c-357092d949d1/scene0007_04-scene0007_00-scene0007_01-scene0007_03-scene0007_02/T4,3,34,13,0.9371373057365417,1952,0.992827868852459,0.0071721311475410054,7,100,0.07
09582244-e2c2-2de1-956c-357092d949d1,scene0007_04-scene0007_00-scene0007_01-scene0007_03-scene0007_02,4,09582244-e2c2-2de1-956c-357092d949d1/scene0007_04-scene0007_00-scene0007_01-scene0007_03-scene0007_02/T4,3,63,8,0.557530403137207,959,0.62148070907195,0.37851929092805003,7,100,0.07
09582244-e2c2-2de1-956c-357092d949d1,scene0007_04-scene0007_00-scene0007_01-scene0007_03-scene0007_02,4,09582244-e2c2-2de1-956c-357092d949d1/scene0007_04-scene0007_00-scene0007_01-scene0007_03-scene0007_02/T4,3,64,7,0.763076901435852,293,0.8464163822525598,0.15358361774744023,7,100,0.07
09582244-e2c2-2de1-956c-357092d949d1,scene0007_04-scene0007_00-scene0007_01-scene0007_03-scene0007_02,4,09582244-e2c2-2de1-956c-357092d949d1/scene0007_04-scene0007_00-scene0007_01-scene0007_03-scene0007_02/T4,4,0,13,0.977800190448761,1952,0.992827868852459,0.0071721311475410054,28,100,0.28
09582244-e2c2-2de1-956c-357092d949d1,scene0007_04-scene0007_00-scene0007_01-scene0007_03-scene0007_02,4,09582244-e2c2-2de1-956c-357092d949d1/scene0007_04-scene0007_00-scene0007_01-scene0007_03-scene0007_02/T4,4,3,7,0.9965986609458923,293,1.0,0.0,28,100,0.28
09582244-e2c2-2de1-956c-357092d949d1,scene0007_04-scene0007_00-scene0007_01-scene0007_03-scene0007_02,4,09582244-e2c2-2de1-956c-357092d949d1/scene0007_04-scene0007_00-scene0007_01-scene0007_03-scene0007_02/T4,4,39,9,0.9391891956329346,2919,1.0,0.0,28,100,0.28
09582244-e2c2-2de1-956c-357092d949d1,scene0007_04-scene0007_00-scene0007_01-scene0007_03-scene0007_02,4,09582244-e2c2-2de1-956c-357092d949d1/scene0007_04-scene0007_00-scene0007_01-scene0007_03-scene0007_02/T4,4,46,8,0.5705069303512573,959,0.6454640250260688,0.3545359749739312,28,100,0.28
09582244-e2c2-2de1-956c-357092d949d1,scene0007_04-scene0007_00-scene0007_01-scene0007_03-scene0007_02,4,09582244-e2c2-2de1-956c-357092d949d1/scene0007_04-scene0007_00-scene0007_01-scene0007_03-scene0007_02/T4,4,55,5,0.8754575252532959,9222,0.9337453914552157,0.06625460854478427,28,100,0.28
09582244-e2c2-2de1-956c-357092d949d1,scene0007_04-scene0007_00-scene0007_01-scene0007_03-scene0007_02,4,09582244-e2c2-2de1-956c-357092d949d1/scene0007_04-scene0007_00-scene0007_01-scene0007_03-scene0007_02/T4,5,2,13,0.9560927748680115,1952,0.992827868852459,0.0071721311475410054,18,100,0.18
09582244-e2c2-2de1-956c-357092d949d1,scene0007_04-scene0007_00-scene0007_01-scene0007_03-scene0007_02,4,09582244-e2c2-2de1-956c-357092d949d1/scene0007_04-scene0007_00-scene0007_01-scene0007_03-scene0007_02/T4,5,20,9,0.9082140922546387,2919,1.0,0.0,18,100,0.18
09582244-e2c2-2de1-956c-357092d949d1,scene0007_04-scene0007_00-scene0007_01-scene0007_03-scene0007_02,4,09582244-e2c2-2de1-956c-357092d949d1/scene0007_04-scene0007_00-scene0007_01-scene0007_03-scene0007_02/T4,5,55,5,0.8665425181388855,9222,0.9082628497072218,0.09173715029277818,18,100,0.18
09582244-e2c2-2de1-956c-357092d949d1,scene0007_04-scene0007_00-scene0007_01-scene0007_03-scene0007_02,4,09582244-e2c2-2de1-956c-357092d949d1/scene0007_04-scene0007_00-scene0007_01-scene0007_03-scene0007_02/T4,5,59,7,0.9965986609458923,293,1.0,0.0,18,100,0.18
09582244-e2c2-2de1-956c-357092d949d1,scene0007_04-scene0007_00-scene0007_01-scene0007_03-scene0007_02,4,09582244-e2c2-2de1-956c-357092d949d1/scene0007_04-scene0007_00-scene0007_01-scene0007_03-scene0007_02/T4,5,67,8,0.7826871275901794,959,0.9051094890510949,0.0948905109489051,18,100,0.18
09582244-e2c2-2de1-956c-357092d949d1,scene0007_04-scene0007_00-scene0007_01-scene0007_03-scene0007_02,4,09582244-e2c2-2de1-956c-357092d949d1/scene0007_04-scene0007_00-scene0007_01-scene0007_03-scene0007_02/T4,6,3,7,0.9965986609458923,293,1.0,0.0,9,100,0.09
09582244-e2c2-2de1-956c-357092d949d1,scene0007_04-scene0007_00-scene0007_01-scene0007_03-scene0007_02,4,09582244-e2c2-2de1-956c-357092d949d1/scene0007_04-scene0007_00-scene0007_01-scene0007_03-scene0007_02/T4,6,13,13,0.967548668384552,1952,0.992827868852459,0.0071721311475410054,9,100,0.09
09582244-e2c2-2de1-956c-357092d949d1,scene0007_04-scene0007_00-scene0007_01-scene0007_03-scene0007_02,4,09582244-e2c2-2de1-956c-357092d949d1/scene0007_04-scene0007_00-scene0007_01-scene0007_03-scene0007_02/T4,6,20,9,0.9087795615196228,2919,1.0,0.0,9,100,0.09
09582244-e2c2-2de1-956c-357092d949d1,scene0007_04-scene0007_00-scene0007_01-scene0007_03-scene0007_02,4,09582244-e2c2-2de1-956c-357092d949d1/scene0007_04-scene0007_00-scene0007_01-scene0007_03-scene0007_02/T4,6,55,5,0.8849872946739197,9222,0.9428540446757753,0.05714595532422473,9,100,0.09
09582244-e2c2-2de1-956c-357092d949d1,scene0007_04-scene0007_00-scene0007_01-scene0007_03-scene0007_02,4,09582244-e2c2-2de1-956c-357092d949d1/scene0007_04-scene0007_00-scene0007_01-scene0007_03-scene0007_02/T4,6,67,8,0.7097415328025818,959,0.7445255474452555,0.25547445255474455,9,100,0.09
09582244-e2c2-2de1-956c-357092d949d1,scene0007_04-scene0007_00-scene0007_01-scene0007_03-scene0007_02,4,09582244-e2c2-2de1-956c-357092d949d1/scene0007_04-scene0007_00-scene0007_01-scene0007_03-scene0007_02/T4,7,3,7,0.9965986609458923,293,1.0,0.0,11,100,0.11
09582244-e2c2-2de1-956c-357092d949d1,scene0007_04-scene0007_00-scene0007_01-scene0007_03-scene0007_02,4,09582244-e2c2-2de1-956c-357092d949d1/scene0007_04-scene0007_00-scene0007_01-scene0007_03-scene0007_02/T4,7,10,13,0.977800190448761,1952,0.992827868852459,0.0071721311475410054,11,100,0.11
09582244-e2c2-2de1-956c-357092d949d1,scene0007_04-scene0007_00-scene0007_01-scene0007_03-scene0007_02,4,09582244-e2c2-2de1-956c-357092d949d1/scene0007_04-scene0007_00-scene0007_01-scene0007_03-scene0007_02/T4,7,20,9,0.9281399250030518,2919,1.0,0.0,11,100,0.11
09582244-e2c2-2de1-956c-357092d949d1,scene0007_04-scene0007_00-scene0007_01-scene0007_03-scene0007_02,4,09582244-e2c2-2de1-956c-357092d949d1/scene0007_04-scene0007_00-scene0007_01-scene0007_03-scene0007_02/T4,7,55,5,0.873508095741272,9222,0.9285404467577532,0.07145955324224684,11,100,0.11
09582244-e2c2-2de1-956c-357092d949d1,scene0007_04-scene0007_00-scene0007_01-scene0007_03-scene0007_02,4,09582244-e2c2-2de1-956c-357092d949d1/scene0007_04-scene0007_00-scene0007_01-scene0007_03-scene0007_02/T4,7,67,8,0.5204081535339355,959,0.5849843587069864,0.4150156412930136,11,100,0.11
09582244-e2c2-2de1-956c-357092d949d1,scene0007_04-scene0007_00-scene0007_01-scene0007_03-scene0007_02,4,09582244-e2c2-2de1-956c-357092d949d1/scene0007_04-scene0007_00-scene0007_01-scene0007_03-scene0007_02/T4,8,3,7,0.9897959232330322,293,0.9931740614334471,0.0068259385665528916,19,100,0.19
09582244-e2c2-2de1-956c-357092d949d1,scene0007_04-scene0007_00-scene0007_01-scene0007_03-scene0007_02,4,09582244-e2c2-2de1-956c-357092d949d1/scene0007_04-scene0007_00-scene0007_01-scene0007_03-scene0007_02/T4,8,20,9,0.9082140922546387,2919,1.0,0.0,19,100,0.19
09582244-e2c2-2de1-956c-357092d949d1,scene0007_04-scene0007_00-scene0007_01-scene0007_03-scene0007_02,4,09582244-e2c2-2de1-956c-357092d949d1/scene0007_04-scene0007_00-scene0007_01-scene0007_03-scene0007_02/T4,8,25,8,0.8010899424552917,959,0.9197080291970803,0.08029197080291972,19,100,0.19
09582244-e2c2-2de1-956c-357092d949d1,scene0007_04-scene0007_00-scene0007_01-scene0007_03-scene0007_02,4,09582244-e2c2-2de1-956c-357092d949d1/scene0007_04-scene0007_00-scene0007_01-scene0007_03-scene0007_02/T4,8,55,5,0.8770784735679626,9222,0.9323357189329864,0.06766428106701361,19,100,0.19
09582244-e2c2-2de1-956c-357092d949d1,scene0007_04-scene0007_00-scene0007_01-scene0007_03-scene0007_02,4,09582244-e2c2-2de1-956c-357092d949d1/scene0007_04-scene0007_00-scene0007_01-scene0007_03-scene0007_02/T4,8,70,13,0.977800190448761,1952,0.992827868852459,0.0071721311475410054,19,100,0.19
09582244-e2c2-2de1-956c-357092d949d1,scene0007_04-scene0007_00-scene0007_01-scene0007_03-scene0007_02,4,09582244-e2c2-2de1-956c-357092d949d1/scene0007_04-scene0007_00-scene0007_01-scene0007_03-scene0007_02/T4,9,16,8,0.47348836064338684,959,0.5307612095933264,0.4692387904066736,17,100,0.17
09582244-e2c2-2de1-956c-357092d949d1,scene0007_04-scene0007_00-scene0007_01-scene0007_03-scene0007_02,4,09582244-e2c2-2de1-956c-357092d949d1/scene0007_04-scene0007_00-scene0007_01-scene0007_03-scene0007_02/T4,9,20,9,0.9281399250030518,2919,1.0,0.0,17,100,0.17
09582244-e2c2-2de1-956c-357092d949d1,scene0007_04-scene0007_00-scene0007_01-scene0007_03-scene0007_02,4,09582244-e2c2-2de1-956c-357092d949d1/scene0007_04-scene0007_00-scene0007_01-scene0007_03-scene0007_02/T4,9,55,5,0.8634492754936218,9222,0.909889394925179,0.09011060507482105,17,100,0.17
09582244-e2c2-2de1-956c-357092d949d1,scene0007_04-scene0007_00-scene0007_01-scene0007_03-scene0007_02,4,09582244-e2c2-2de1-956c-357092d949d1/scene0007_04-scene0007_00-scene0007_01-scene0007_03-scene0007_02/T4,9,59,7,0.9965986609458923,293,1.0,0.0,17,100,0.17
09582244-e2c2-2de1-956c-357092d949d1,scene0007_04-scene0007_00-scene0007_01-scene0007_03-scene0007_02,4,09582244-e2c2-2de1-956c-357092d949d1/scene0007_04-scene0007_00-scene0007_01-scene0007_03-scene0007_02/T4,9,70,13,0.977800190448761,1952,0.992827868852459,0.0071721311475410054,17,100,0.17
09582244-e2c2-2de1-956c-357092d949d1,scene0007_04-scene0007_00-scene0007_01-scene0007_03-scene0007_02,4,09582244-e2c2-2de1-956c-357092d949d1/scene0007_04-scene0007_00-scene0007_01-scene0007_03-scene0007_02/T4,10,10,13,0.9797775745391846,1952,0.992827868852459,0.0071721311475410054,10,100,0.1
09582244-e2c2-2de1-956c-357092d949d1,scene0007_04-scene0007_00-scene0007_01-scene0007_03-scene0007_02,4,09582244-e2c2-2de1-956c-357092d949d1/scene0007_04-scene0007_00-scene0007_01-scene0007_03-scene0007_02/T4,10,16,8,0.4631873369216919,959,0.5182481751824818,0.4817518248175182,10,100,0.1
09582244-e2c2-2de1-956c-357092d949d1,scene0007_04-scene0007_00-scene0007_01-scene0007_03-scene0007_02,4,09582244-e2c2-2de1-956c-357092d949d1/scene0007_04-scene0007_00-scene0007_01-scene0007_03-scene0007_02/T4,10,20,9,0.9281399250030518,2919,1.0,0.0,10,100,0.1
09582244-e2c2-2de1-956c-357092d949d1,scene0007_04-scene0007_00-scene0007_01-scene0007_03-scene0007_02,4,09582244-e2c2-2de1-956c-357092d949d1/scene0007_04-scene0007_00-scene0007_01-scene0007_03-scene0007_02/T4,10,55,5,0.8854379057884216,9222,0.9428540446757753,0.05714595532422473,10,100,0.1
09582244-e2c2-2de1-956c-357092d949d1,scene0007_04-scene0007_00-scene0007_01-scene0007_03-scene0007_02,4,09582244-e2c2-2de1-956c-357092d949d1/scene0007_04-scene0007_00-scene0007_01-scene0007_03-scene0007_02/T4,10,59,7,0.9965986609458923,293,1.0,0.0,10,100,0.1
09582244-e2c2-2de1-956c-357092d949d1,scene0007_04-scene0007_00-scene0007_01-scene0007_03-scene0007_02,4,09582244-e2c2-2de1-956c-357092d949d1/scene0007_04-scene0007_00-scene0007_01-scene0007_03-scene0007_02/T4,11,11,13,0.9768145084381104,1952,0.992827868852459,0.0071721311475410054,7,100,0.07
09582244-e2c2-2de1-956c-357092d949d1,scene0007_04-scene0007_00-scene0007_01-scene0007_03-scene0007_02,4,09582244-e2c2-2de1-956c-357092d949d1/scene0007_04-scene0007_00-scene0007_01-scene0007_03-scene0007_02/T4,11,20,9,0.9281399250030518,2919,1.0,0.0,7,100,0.07
09582244-e2c2-2de1-956c-357092d949d1,scene0007_04-scene0007_00-scene0007_01-scene0007_03-scene0007_02,4,09582244-e2c2-2de1-956c-357092d949d1/scene0007_04-scene0007_00-scene0007_01-scene0007_03-scene0007_02/T4,11,55,5,0.8685096502304077,9222,0.9232270657124269,0.07677293428757315,7,100,0.07
09582244-e2c2-2de1-956c-357092d949d1,scene0007_04-scene0007_00-scene0007_01-scene0007_03-scene0007_02,4,09582244-e2c2-2de1-956c-357092d949d1/scene0007_04-scene0007_00-scene0007_01-scene0007_03-scene0007_02/T4,11,59,7,0.9965986609458923,293,1.0,0.0,7,100,0.07
09582244-e2c2-2de1-956c-357092d949d1,scene0007_04-scene0007_00-scene0007_01-scene0007_03-scene0007_02,4,09582244-e2c2-2de1-956c-357092d949d1/scene0007_04-scene0007_00-scene0007_01-scene0007_03-scene0007_02/T4,11,67,8,0.5554519891738892,959,0.62148070907195,0.37851929092805003,7,100,0.07
09582244-e2c2-2de1-956c-357092d949d1,scene0007_04-scene0007_00-scene0007_01-scene0007_03-scene0007_02,5,09582244-e2c2-2de1-956c-357092d949d1/scene0007_04-scene0007_00-scene0007_01-scene0007_03-scene0007_02/T5,0,0,5,0.07544741779565811,11709,0.11017166282346913,0.8898283371765309,0,100,0.0
09582244-e2c2-2de1-956c-357092d949d1,scene0007_04-scene0007_00-scene0007_01-scene0007_03-scene0007_02,5,09582244-e2c2-2de1-956c-357092d949d1/scene0007_04-scene0007_00-scene0007_01-scene0007_03-scene0007_02/T5,0,1,7,0.03900550678372383,300,0.8733333333333333,0.1266666666666667,0,100,0.0
09582244-e2c2-2de1-956c-357092d949d1,scene0007_04-scene0007_00-scene0007_01-scene0007_03-scene0007_02,5,09582244-e2c2-2de1-956c-357092d949d1/scene0007_04-scene0007_00-scene0007_01-scene0007_03-scene0007_02/T5,0,2,8,0.09755395352840424,949,0.7144362486828241,0.28556375131717593,0,100,0.0
09582244-e2c2-2de1-956c-357092d949d1,scene0007_04-scene0007_00-scene0007_01-scene0007_03-scene0007_02,5,09582244-e2c2-2de1-956c-357092d949d1/scene0007_04-scene0007_00-scene0007_01-scene0007_03-scene0007_02/T5,0,3,9,0.40272942185401917,3394,0.8520919269298762,0.14790807307012377,0,100,0.0
09582244-e2c2-2de1-956c-357092d949d1,scene0007_04-scene0007_00-scene0007_01-scene0007_03-scene0007_02,5,09582244-e2c2-2de1-956c-357092d949d1/scene0007_04-scene0007_00-scene0007_01-scene0007_03-scene0007_02/T5,0,4,13,0.20344874262809753,2324,0.6549053356282272,0.34509466437177283,0,100,0.0
09582244-e2c2-2de1-956c-357092d949d1,scene0007_04-scene0007_00-scene0007_01-scene0007_03-scene0007_02,5,09582244-e2c2-2de1-956c-357092d949d1/scene0007_04-scene0007_00-scene0007_01-scene0007_03-scene0007_02/T5,1,14,7,0.8948948979377747,300,0.9933333333333333,0.00666666666666671,42,100,0.42
09582244-e2c2-2de1-956c-357092d949d1,scene0007_04-scene0007_00-scene0007_01-scene0007_03-scene0007_02,5,09582244-e2c2-2de1-956c-357092d949d1/scene0007_04-scene0007_00-scene0007_01-scene0007_03-scene0007_02/T5,1,25,5,0.8834455609321594,11709,0.9302246135451362,0.06977538645486381,42,100,0.42
09582244-e2c2-2de1-956c-357092d949d1,scene0007_04-scene0007_00-scene0007_01-scene0007_03-scene0007_02,5,09582244-e2c2-2de1-956c-357092d949d1/scene0007_04-scene0007_00-scene0007_01-scene0007_03-scene0007_02/T5,1,46,9,0.7790940999984741,3394,0.9882144961697112,0.011785503830288757,42,100,0.42
09582244-e2c2-2de1-956c-357092d949d1,scene0007_04-scene0007_00-scene0007_01-scene0007_03-scene0007_02,5,09582244-e2c2-2de1-956c-357092d949d1/scene0007_04-scene0007_00-scene0007_01-scene0007_03-scene0007_02/T5,1,59,13,0.9346296787261963,2324,0.9720309810671256,0.0279690189328744,42,100,0.42
09582244-e2c2-2de1-956c-357092d949d1,scene0007_04-scene0007_00-scene0007_01-scene0007_03-scene0007_02,5,09582244-e2c2-2de1-956c-357092d949d1/scene0007_04-scene0007_00-scene0007_01-scene0007_03-scene0007_02/T5,1,70,8,0.777685284614563,949,0.9841938883034773,0.015806111696522684,42,100,0.42
09582244-e2c2-2de1-956c-357092d949d1,scene0007_04-scene0007_00-scene0007_01-scene0007_03-scene0007_02,5,09582244-e2c2-2de1-956c-357092d949d1/scene0007_04-scene0007_00-scene0007_01-scene0007_03-scene0007_02/T5,2,7,5,0.882655143737793,11709,0.924417115039713,0.07558288496028698,22,100,0.22
09582244-e2c2-2de1-956c-357092d949d1,scene0007_04-scene0007_00-scene0007_01-scene0007_03-scene0007_02,5,09582244-e2c2-2de1-956c-357092d949d1/scene0007_04-scene0007_00-scene0007_01-scene0007_03-scene0007_02/T5,2,29,13,0.935457170009613,2324,0.9728915662650602,0.027108433734939763,22,100,0.22
09582244-e2c2-2de1-956c-357092d949d1,scene0007_04-scene0007_00-scene0007_01-scene0007_03-scene0007_02,5,09582244-e2c2-2de1-956c-357092d949d1/scene0007_04-scene0007_00-scene0007_01-scene0007_03-scene0007_02/T5,2,46,9,0.8987951874732971,3394,0.9890984089569829,0.010901591043017134,22,100,0.22
09582244-e2c2-2de1-956c-357092d949d1,scene0007_04-scene0007_00-scene0007_01-scene0007_03-scene0007_02,5,09582244-e2c2-2de1-956c-357092d949d1/scene0007_04-scene0007_00-scene0007_01-scene0007_03-scene0007_02/T5,2,55,7,0.9933333396911621,300,0.9933333333333333,0.00666666666666671,22,100,0.22
09582244-e2c2-2de1-956c-357092d949d1,scene0007_04-scene0007_00-scene0007_01-scene0007_03-scene0007_02,5,09582244-e2c2-2de1-956c-357092d949d1/scene0007_04-scene0007_00-scene0007_01-scene0007_03-scene0007_02/T5,2,70,8,0.7915254235267639,949,0.9841938883034773,0.015806111696522684,22,100,0.22
09582244-e2c2-2de1-956c-357092d949d1,scene0007_04-scene0007_00-scene0007_01-scene0007_03-scene0007_02,5,09582244-e2c2-2de1-956c-357092d949d1/scene0007_04-scene0007_00-scene0007_01-scene0007_03-scene0007_02/T5,3,10,13,0.9346296787261963,2324,0.9720309810671256,0.0279690189328744,2,100,0.02
09582244-e2c2-2de1-956c-357092d949d1,scene0007_04-scene0007_00-scene0007_01-scene0007_03-scene0007_02,5,09582244-e2c2-2de1-956c-357092d949d1/scene0007_04-scene0007_00-scene0007_01-scene0007_03-scene0007_02/T5,3,14,7,0.7602040767669678,300,0.9933333333333333,0.00666666666666671,2,100,0.02
09582244-e2c2-2de1-956c-357092d949d1,scene0007_04-scene0007_00-scene0007_01-scene0007_03-scene0007_02,5,09582244-e2c2-2de1-956c-357092d949d1/scene0007_04-scene0007_00-scene0007_01-scene0007_03-scene0007_02/T5,3,45,9,0.9163934588432312,3394,0.9882144961697112,0.011785503830288757,2,100,0.02
09582244-e2c2-2de1-956c-357092d949d1,scene0007_04-scene0007_00-scene0007_01-scene0007_03-scene0007_02,5,09582244-e2c2-2de1-956c-357092d949d1/scene0007_04-scene0007_00-scene0007_01-scene0007_03-scene0007_02/T5,3,52,5,0.8847033977508545,11709,0.92467332820907,0.07532667179093,2,100,0.02
09582244-e2c2-2de1-956c-357092d949d1,scene0007_04-scene0007_00-scene0007_01-scene0007_03-scene0007_02,5,09582244-e2c2-2de1-956c-357092d949d1/scene0007_04-scene0007_00-scene0007_01-scene0007_03-scene0007_02/T5,3,70,8,0.7593495845794678,949,0.9841938883034773,0.015806111696522684,2,100,0.02
09582244-e2c2-2de1-956c-357092d949d1,scene0007_04-scene0007_00-scene0007_01-scene0007_03-scene0007_02,5,09582244-e2c2-2de1-956c-357092d949d1/scene0007_04-scene0007_00-scene0007_01-scene0007_03-scene0007_02/T5,4,5,8,0.8529680371284485,949,0.9841938883034773,0.015806111696522684,1,100,0.01
09582244-e2c2-2de1-956c-357092d949d1,scene0007_04-scene0007_00-scene0007_01-scene0007_03-scene0007_02,5,09582244-e2c2-2de1-956c-357092d949d1/scene0007_04-scene0007_00-scene0007_01-scene0007_03-scene0007_02/T5,4,14,7,0.8033333420753479,300,0.8033333333333333,0.19666666666666666,1,100,0.01
09582244-e2c2-2de1-956c-357092d949d1,scene0007_04-scene0007_00-scene0007_01-scene0007_03-scene0007_02,5,09582244-e2c2-2de1-956c-357092d949d1/scene0007_04-scene0007_00-scene0007_01-scene0007_03-scene0007_02/T5,4,17,13,0.935457170009613,2324,0.9728915662650602,0.027108433734939763,1,100,0.01
09582244-e2c2-2de1-956c-357092d949d1,scene0007_04-scene0007_00-scene0007_01-scene0007_03-scene0007_02,5,09582244-e2c2-2de1-956c-357092d949d1/scene0007_04-scene0007_00-scene0007_01-scene0007_03-scene0007_02/T5,4,45,9,0.9009395837783813,3394,0.9888037713612257,0.011196228638774341,1,100,0.01
09582244-e2c2-2de1-956c-357092d949d1,scene0007_04-scene0007_00-scene0007_01-scene0007_03-scene0007_02,5,09582244-e2c2-2de1-956c-357092d949d1/scene0007_04-scene0007_00-scene0007_01-scene0007_03-scene0007_02/T5,4,48,5,0.8673843741416931,11709,0.9082756853702281,0.09172431462977193,1,100,0.01
09582244-e2c2-2de1-956c-357092d949d1,scene0007_04-scene0007_00-scene0007_01-scene0007_03-scene0007_02,5,09582244-e2c2-2de1-956c-357092d949d1/scene0007_04-scene0007_00-scene0007_01-scene0007_03-scene0007_02/T5,5,5,8,0.8339285850524902,949,0.9841938883034773,0.015806111696522684,3,100,0.03
09582244-e2c2-2de1-956c-357092d949d1,scene0007_04-scene0007_00-scene0007_01-scene0007_03-scene0007_02,5,09582244-e2c2-2de1-956c-357092d949d1/scene0007_04-scene0007_00-scene0007_01-scene0007_03-scene0007_02/T5,5,10,13,0.9339116215705872,2324,0.9728915662650602,0.027108433734939763,3,100,0.03
09582244-e2c2-2de1-956c-357092d949d1,scene0007_04-scene0007_00-scene0007_01-scene0007_03-scene0007_02,5,09582244-e2c2-2de1-956c-357092d949d1/scene0007_04-scene0007_00-scene0007_01-scene0007_03-scene0007_02/T5,5,45,9,0.9038926362991333,3394,0.9920447849145551,0.007955215085444944,3,100,0.03
09582244-e2c2-2de1-956c-357092d949d1,scene0007_04-scene0007_00-scene0007_01-scene0007_03-scene0007_02,5,09582244-e2c2-2de1-956c-357092d949d1/scene0007_04-scene0007_00-scene0007_01-scene0007_03-scene0007_02/T5,5,48,5,0.8677049279212952,11709,0.9040908702707319,0.09590912972926813,3,100,0.03
09582244-e2c2-2de1-956c-357092d949d1,scene0007_04-scene0007_00-scene0007_01-scene0007_03-scene0007_02,5,09582244-e2c2-2de1-956c-357092d949d1/scene0007_04-scene0007_00-scene0007_01-scene0007_03-scene0007_02/T5,5,55,7,0.8033333420753479,300,0.8033333333333333,0.19666666666666666,3,100,0.03
09582244-e2c2-2de1-956c-357092d949d1,scene0007_04-scene0007_00-scene0007_01-scene0007_03-scene0007_02,5,09582244-e2c2-2de1-956c-357092d949d1/scene0007_04-scene0007_00-scene0007_01-scene0007_03-scene0007_02/T5,6,10,13,0.9346296787261963,2324,0.9720309810671256,0.0279690189328744,9,100,0.09
09582244-e2c2-2de1-956c-357092d949d1,scene0007_04-scene0007_00-scene0007_01-scene0007_03-scene0007_02,5,09582244-e2c2-2de1-956c-357092d949d1/scene0007_04-scene0007_00-scene0007_01-scene0007_03-scene0007_02/T5,6,45,9,0.8969648480415344,3394,0.9926340601060696,0.007365939893930418,9,100,0.09
09582244-e2c2-2de1-956c-357092d949d1,scene0007_04-scene0007_00-scene0007_01-scene0007_03-scene0007_02,5,09582244-e2c2-2de1-956c-357092d949d1/scene0007_04-scene0007_00-scene0007_01-scene0007_03-scene0007_02/T5,6,48,5,0.877669095993042,11709,0.9197198736015031,0.08028012639849691,9,100,0.09
09582244-e2c2-2de1-956c-357092d949d1,scene0007_04-scene0007_00-scene0007_01-scene0007_03-scene0007_02,5,09582244-e2c2-2de1-956c-357092d949d1/scene0007_04-scene0007_00-scene0007_01-scene0007_03-scene0007_02/T5,6,55,7,0.7237237095832825,300,0.8033333333333333,0.19666666666666666,9,100,0.09
09582244-e2c2-2de1-956c-357092d949d1,scene0007_04-scene0007_00-scene0007_01-scene0007_03-scene0007_02,5,09582244-e2c2-2de1-956c-357092d949d1/scene0007_04-scene0007_00-scene0007_01-scene0007_03-scene0007_02/T5,6,60,8,0.8354203701019287,949,0.9841938883034773,0.015806111696522684,9,100,0.09
09582244-e2c2-2de1-956c-357092d949d1,scene0007_04-scene0007_00-scene0007_01-scene0007_03-scene0007_02,5,09582244-e2c2-2de1-956c-357092d949d1/scene0007_04-scene0007_00-scene0007_01-scene0007_03-scene0007_02/T5,7,0,8,0.8529680371284485,949,0.9841938883034773,0.015806111696522684,2,100,0.02
09582244-e2c2-2de1-956c-357092d949d1,scene0007_04-scene0007_00-scene0007_01-scene0007_03-scene0007_02,5,09582244-e2c2-2de1-956c-357092d949d1/scene0007_04-scene0007_00-scene0007_01-scene0007_03-scene0007_02/T5,7,10,13,0.935457170009613,2324,0.9728915662650602,0.027108433734939763,2,100,0.02
09582244-e2c2-2de1-956c-357092d949d1,scene0007_04-scene0007_00-scene0007_01-scene0007_03-scene0007_02,5,09582244-e2c2-2de1-956c-357092d949d1/scene0007_04-scene0007_00-scene0007_01-scene0007_03-scene0007_02/T5,7,31,7,0.6365688443183899,300,0.94,0.06000000000000005,2,100,0.02
09582244-e2c2-2de1-956c-357092d949d1,scene0007_04-scene0007_00-scene0007_01-scene0007_03-scene0007_02,5,09582244-e2c2-2de1-956c-357092d949d1/scene0007_04-scene0007_00-scene0007_01-scene0007_03-scene0007_02/T5,7,45,9,0.9038926362991333,3394,0.9920447849145551,0.007955215085444944,2,100,0.02
09582244-e2c2-2de1-956c-357092d949d1,scene0007_04-scene0007_00-scene0007_01-scene0007_03-scene0007_02,5,09582244-e2c2-2de1-956c-357092d949d1/scene0007_04-scene0007_00-scene0007_01-scene0007_03-scene0007_02/T5,7,48,5,0.8813531398773193,11709,0.921171748227859,0.07882825177214103,2,100,0.02
09582244-e2c2-2de1-956c-357092d949d1,scene0007_04-scene0007_00-scene0007_01-scene0007_03-scene0007_02,5,09582244-e2c2-2de1-956c-357092d949d1/scene0007_04-scene0007_00-scene0007_01-scene0007_03-scene0007_02/T5,8,5,8,0.8529680371284485,949,0.9841938883034773,0.015806111696522684,2,100,0.02
09582244-e2c2-2de1-956c-357092d949d1,scene0007_04-scene0007_00-scene0007_01-scene0007_03-scene0007_02,5,09582244-e2c2-2de1-956c-357092d949d1/scene0007_04-scene0007_00-scene0007_01-scene0007_03-scene0007_02/T5,8,10,13,0.9346296787261963,2324,0.9720309810671256,0.0279690189328744,2,100,0.02
09582244-e2c2-2de1-956c-357092d949d1,scene0007_04-scene0007_00-scene0007_01-scene0007_03-scene0007_02,5,09582244-e2c2-2de1-956c-357092d949d1/scene0007_04-scene0007_00-scene0007_01-scene0007_03-scene0007_02/T5,8,14,7,0.8662790656089783,300,0.9933333333333333,0.00666666666666671,2,100,0.02
09582244-e2c2-2de1-956c-357092d949d1,scene0007_04-scene0007_00-scene0007_01-scene0007_03-scene0007_02,5,09582244-e2c2-2de1-956c-357092d949d1/scene0007_04-scene0007_00-scene0007_01-scene0007_03-scene0007_02/T5,8,45,9,0.9009395837783813,3394,0.9888037713612257,0.011196228638774341,2,100,0.02
09582244-e2c2-2de1-956c-357092d949d1,scene0007_04-scene0007_00-scene0007_01-scene0007_03-scene0007_02,5,09582244-e2c2-2de1-956c-357092d949d1/scene0007_04-scene0007_00-scene0007_01-scene0007_03-scene0007_02/T5,8,48,5,0.8782317638397217,11709,0.9196344692117174,0.08036553078828257,2,100,0.02
09582244-e2c2-2de1-956c-357092d949d1,scene0007_04-scene0007_00-scene0007_01-scene0007_03-scene0007_02,5,09582244-e2c2-2de1-956c-357092d949d1/scene0007_04-scene0007_00-scene0007_01-scene0007_03-scene0007_02/T5,9,10,13,0.935457170009613,2324,0.9728915662650602,0.027108433734939763,2,100,0.02
09582244-e2c2-2de1-956c-357092d949d1,scene0007_04-scene0007_00-scene0007_01-scene0007_03-scene0007_02,5,09582244-e2c2-2de1-956c-357092d949d1/scene0007_04-scene0007_00-scene0007_01-scene0007_03-scene0007_02/T5,9,14,7,0.7237237095832825,300,0.8033333333333333,0.19666666666666666,2,100,0.02
09582244-e2c2-2de1-956c-357092d949d1,scene0007_04-scene0007_00-scene0007_01-scene0007_03-scene0007_02,5,09582244-e2c2-2de1-956c-357092d949d1/scene0007_04-scene0007_00-scene0007_01-scene0007_03-scene0007_02/T5,9,23,9,0.9106706380844116,3394,0.9882144961697112,0.011785503830288757,2,100,0.02
09582244-e2c2-2de1-956c-357092d949d1,scene0007_04-scene0007_00-scene0007_01-scene0007_03-scene0007_02,5,09582244-e2c2-2de1-956c-357092d949d1/scene0007_04-scene0007_00-scene0007_01-scene0007_03-scene0007_02/T5,9,48,5,0.8639711737632751,11709,0.9015287385771629,0.09847126142283713,2,100,0.02
09582244-e2c2-2de1-956c-357092d949d1,scene0007_04-scene0007_00-scene0007_01-scene0007_03-scene0007_02,5,09582244-e2c2-2de1-956c-357092d949d1/scene0007_04-scene0007_00-scene0007_01-scene0007_03-scene0007_02/T5,9,72,8,0.8361682891845703,949,0.9841938883034773,0.015806111696522684,2,100,0.02
09582244-e2c2-2de1-956c-357092d949d1,scene0007_04-scene0007_00-scene0007_01-scene0007_03-scene0007_02,5,09582244-e2c2-2de1-956c-357092d949d1/scene0007_04-scene0007_00-scene0007_01-scene0007_03-scene0007_02/T5,10,5,8,0.8529680371284485,949,0.9841938883034773,0.015806111696522684,6,100,0.06
09582244-e2c2-2de1-956c-357092d949d1,scene0007_04-scene0007_00-scene0007_01-scene0007_03-scene0007_02,5,09582244-e2c2-2de1-956c-357092d949d1/scene0007_04-scene0007_00-scene0007_01-scene0007_03-scene0007_02/T5,10,10,13,0.9346296787261963,2324,0.9720309810671256,0.0279690189328744,6,100,0.06
09582244-e2c2-2de1-956c-357092d949d1,scene0007_04-scene0007_00-scene0007_01-scene0007_03-scene0007_02,5,09582244-e2c2-2de1-956c-357092d949d1/scene0007_04-scene0007_00-scene0007_01-scene0007_03-scene0007_02/T5,10,19,5,0.8749797344207764,11709,0.9210863438380733,0.07891365616192669,6,100,0.06
09582244-e2c2-2de1-956c-357092d949d1,scene0007_04-scene0007_00-scene0007_01-scene0007_03-scene0007_02,5,09582244-e2c2-2de1-956c-357092d949d1/scene0007_04-scene0007_00-scene0007_01-scene0007_03-scene0007_02/T5,10,45,9,0.8969648480415344,3394,0.9926340601060696,0.007365939893930418,6,100,0.06
09582244-e2c2-2de1-956c-357092d949d1,scene0007_04-scene0007_00-scene0007_01-scene0007_03-scene0007_02,5,09582244-e2c2-2de1-956c-357092d949d1/scene0007_04-scene0007_00-scene0007_01-scene0007_03-scene0007_02/T5,10,55,7,0.7237237095832825,300,0.8033333333333333,0.19666666666666666,6,100,0.06
09582244-e2c2-2de1-956c-357092d949d1,scene0007_04-scene0007_00-scene0007_01-scene0007_03-scene0007_02,5,09582244-e2c2-2de1-956c-357092d949d1/scene0007_04-scene0007_00-scene0007_01-scene0007_03-scene0007_02/T5,11,10,13,0.9346296787261963,2324,0.9720309810671256,0.0279690189328744,0,100,0.0
09582244-e2c2-2de1-956c-357092d949d1,scene0007_04-scene0007_00-scene0007_01-scene0007_03-scene0007_02,5,09582244-e2c2-2de1-956c-357092d949d1/scene0007_04-scene0007_00-scene0007_01-scene0007_03-scene0007_02/T5,11,18,8,0.8205128312110901,949,0.9441517386722866,0.05584826132771337,0,100,0.0
09582244-e2c2-2de1-956c-357092d949d1,scene0007_04-scene0007_00-scene0007_01-scene0007_03-scene0007_02,5,09582244-e2c2-2de1-956c-357092d949d1/scene0007_04-scene0007_00-scene0007_01-scene0007_03-scene0007_02/T5,11,31,7,0.8563218116760254,300,0.9933333333333333,0.00666666666666671,0,100,0.0
09582244-e2c2-2de1-956c-357092d949d1,scene0007_04-scene0007_00-scene0007_01-scene0007_03-scene0007_02,5,09582244-e2c2-2de1-956c-357092d949d1/scene0007_04-scene0007_00-scene0007_01-scene0007_03-scene0007_02/T5,11,45,9,0.9038926362991333,3394,0.9920447849145551,0.007955215085444944,0,100,0.0
09582244-e2c2-2de1-956c-357092d949d1,scene0007_04-scene0007_00-scene0007_01-scene0007_03-scene0007_02,5,09582244-e2c2-2de1-956c-357092d949d1/scene0007_04-scene0007_00-scene0007_01-scene0007_03-scene0007_02/T5,11,48,5,0.8824154138565063,11709,0.9222820052950722,0.0777179947049278,0,100,0.0
0f2f2711-b736-2f71-8c6a-245a9d820a8c,scene0066_04-scene0066_01-scene0066_00-scene0066_02-scene0066_03,1,0f2f2711-b736-2f71-8c6a-245a9d820a8c/scene0066_04-scene0066_01-scene0066_00-scene0066_02-scene0066_03/T1,0,0,12,0.0,609,0.0,1.0,100,100,1.0
0f2f2711-b736-2f71-8c6a-245a9d820a8c,scene0066_04-scene0066_01-scene0066_00-scene0066_02-scene0066_03,1,0f2f2711-b736-2f71-8c6a-245a9d820a8c/scene0066_04-scene0066_01-scene0066_00-scene0066_02-scene0066_03/T1,0,1,13,0.0,404,0.0,1.0,100,100,1.0
0f2f2711-b736-2f71-8c6a-245a9d820a8c,scene0066_04-scene0066_01-scene0066_00-scene0066_02-scene0066_03,1,0f2f2711-b736-2f71-8c6a-245a9d820a8c/scene0066_04-scene0066_01-scene0066_00-scene0066_02-scene0066_03/T1,0,2,15,0.0,7018,0.0,1.0,100,100,1.0
0f2f2711-b736-2f71-8c6a-245a9d820a8c,scene0066_04-scene0066_01-scene0066_00-scene0066_02-scene0066_03,1,0f2f2711-b736-2f71-8c6a-245a9d820a8c/scene0066_04-scene0066_01-scene0066_00-scene0066_02-scene0066_03/T1,0,3,16,0.0,58,0.0,1.0,100,100,1.0
0f2f2711-b736-2f71-8c6a-245a9d820a8c,scene0066_04-scene0066_01-scene0066_00-scene0066_02-scene0066_03,1,0f2f2711-b736-2f71-8c6a-245a9d820a8c/scene0066_04-scene0066_01-scene0066_00-scene0066_02-scene0066_03/T1,0,4,17,0.0,759,0.0,1.0,100,100,1.0
0f2f2711-b736-2f71-8c6a-245a9d820a8c,scene0066_04-scene0066_01-scene0066_00-scene0066_02-scene0066_03,1,0f2f2711-b736-2f71-8c6a-245a9d820a8c/scene0066_04-scene0066_01-scene0066_00-scene0066_02-scene0066_03/T1,0,5,18,0.0,806,0.0,1.0,100,100,1.0
0f2f2711-b736-2f71-8c6a-245a9d820a8c,scene0066_04-scene0066_01-scene0066_00-scene0066_02-scene0066_03,1,0f2f2711-b736-2f71-8c6a-245a9d820a8c/scene0066_04-scene0066_01-scene0066_00-scene0066_02-scene0066_03/T1,0,6,20,0.0,601,0.0,1.0,100,100,1.0
0f2f2711-b736-2f71-8c6a-245a9d820a8c,scene0066_04-scene0066_01-scene0066_00-scene0066_02-scene0066_03,1,0f2f2711-b736-2f71-8c6a-245a9d820a8c/scene0066_04-scene0066_01-scene0066_00-scene0066_02-scene0066_03/T1,0,7,21,0.0,546,0.0,1.0,100,100,1.0
0f2f2711-b736-2f71-8c6a-245a9d820a8c,scene0066_04-scene0066_01-scene0066_00-scene0066_02-scene0066_03,1,0f2f2711-b736-2f71-8c6a-245a9d820a8c/scene0066_04-scene0066_01-scene0066_00-scene0066_02-scene0066_03/T1,0,8,22,0.22564102709293365,390,0.22564102564102564,0.7743589743589744,100,100,1.0
0f2f2711-b736-2f71-8c6a-245a9d820a8c,scene0066_04-scene0066_01-scene0066_00-scene0066_02-scene0066_03,1,0f2f2711-b736-2f71-8c6a-245a9d820a8c/scene0066_04-scene0066_01-scene0066_00-scene0066_02-scene0066_03/T1,0,9,23,0.0,980,0.0,1.0,100,100,1.0
0f2f2711-b736-2f71-8c6a-245a9d820a8c,scene0066_04-scene0066_01-scene0066_00-scene0066_02-scene0066_03,1,0f2f2711-b736-2f71-8c6a-245a9d820a8c/scene0066_04-scene0066_01-scene0066_00-scene0066_02-scene0066_03/T1,0,10,28,0.0,531,0.0,1.0,100,100,1.0
0f2f2711-b736-2f71-8c6a-245a9d820a8c,scene0066_04-scene0066_01-scene0066_00-scene0066_02-scene0066_03,1,0f2f2711-b736-2f71-8c6a-245a9d820a8c/scene0066_04-scene0066_01-scene0066_00-scene0066_02-scene0066_03/T1,0,11,31,0.0,674,0.0,1.0,100,100,1.0
0f2f2711-b736-2f71-8c6a-245a9d820a8c,scene0066_04-scene0066_01-scene0066_00-scene0066_02-scene0066_03,1,0f2f2711-b736-2f71-8c6a-245a9d820a8c/scene0066_04-scene0066_01-scene0066_00-scene0066_02-scene0066_03/T1,0,12,49,0.0,149,0.0,1.0,100,100,1.0
0f2f2711-b736-2f71-8c6a-245a9d820a8c,scene0066_04-scene0066_01-scene0066_00-scene0066_02-scene0066_03,1,0f2f2711-b736-2f71-8c6a-245a9d820a8c/scene0066_04-scene0066_01-scene0066_00-scene0066_02-scene0066_03/T1,0,13,54,0.0,2,0.0,1.0,100,100,1.0
0f2f2711-b736-2f71-8c6a-245a9d820a8c,scene0066_04-scene0066_01-scene0066_00-scene0066_02-scene0066_03,1,0f2f2711-b736-2f71-8c6a-245a9d820a8c/scene0066_04-scene0066_01-scene0066_00-scene0066_02-scene0066_03/T1,1,0,49,0.0,149,0.0,1.0,23,100,0.23
0f2f2711-b736-2f71-8c6a-245a9d820a8c,scene0066_04-scene0066_01-scene0066_00-scene0066_02-scene0066_03,1,0f2f2711-b736-2f71-8c6a-245a9d820a8c/scene0066_04-scene0066_01-scene0066_00-scene0066_02-scene0066_03/T1,1,12,28,0.6126760840415955,531,0.8192090395480226,0.1807909604519774,23,100,0.23
0f2f2711-b736-2f71-8c6a-245a9d820a8c,scene0066_04-scene0066_01-scene0066_00-scene0066_02-scene0066_03,1,0f2f2711-b736-2f71-8c6a-245a9d820a8c/scene0066_04-scene0066_01-scene0066_00-scene0066_02-scene0066_03/T1,1,15,20,0.4480922818183899,601,0.8402662229617305,0.15973377703826952,23,100,0.23
0f2f2711-b736-2f71-8c6a-245a9d820a8c,scene0066_04-scene0066_01-scene0066_00-scene0066_02-scene0066_03,1,0f2f2711-b736-2f71-8c6a-245a9d820a8c/scene0066_04-scene0066_01-scene0066_00-scene0066_02-scene0066_03/T1,1,17,13,0.7599009871482849,404,0.7599009900990099,0.2400990099009901,23,100,0.23
0f2f2711-b736-2f71-8c6a-245a9d820a8c,scene0066_04-scene0066_01-scene0066_00-scene0066_02-scene0066_03,1,0f2f2711-b736-2f71-8c6a-245a9d820a8c/scene0066_04-scene0066_01-scene0066_00-scene0066_02-scene0066_03/T1,1,21,17,0.34992608428001404,759,0.9354413702239789,0.06455862977602111,23,100,0.23
0f2f2711-b736-2f71-8c6a-245a9d820a8c,scene0066_04-scene0066_01-scene0066_00-scene0066_02-scene0066_03,1,0f2f2711-b736-2f71-8c6a-245a9d820a8c/scene0066_04-scene0066_01-scene0066_00-scene0066_02-scene0066_03/T1,1,45,54,0.03448275849223137,2,1.0,0.0,23,100,0.23
0f2f2711-b736-2f71-8c6a-245a9d820a8c,scene0066_04-scene0066_01-scene0066_00-scene0066_02-scene0066_03,1,0f2f2711-b736-2f71-8c6a-245a9d820a8c/scene0066_04-scene0066_01-scene0066_00-scene0066_02-scene0066_03/T1,1,46,23,0.9625884890556335,980,0.9714285714285714,0.02857142857142858,23,100,0.23
0f2f2711-b736-2f71-8c6a-245a9d820a8c,scene0066_04-scene0066_01-scene0066_00-scene0066_02-scene0066_03,1,0f2f2711-b736-2f71-8c6a-245a9d820a8c/scene0066_04-scene0066_01-scene0066_00-scene0066_02-scene0066_03/T1,1,52,22,1.0,390,1.0,0.0,23,100,0.23
0f2f2711-b736-2f71-8c6a-245a9d820a8c,scene0066_04-scene0066_01-scene0066_00-scene0066_02-scene0066_03,1,0f2f2711-b736-2f71-8c6a-245a9d820a8c/scene0066_04-scene0066_01-scene0066_00-scene0066_02-scene0066_03/T1,1,64,18,0.3536931872367859,806,0.9267990074441688,0.07320099255583123,23,100,0.23
0f2f2711-b736-2f71-8c6a-245a9d820a8c,scene0066_04-scene0066_01-scene0066_00-scene0066_02-scene0066_03,1,0f2f2711-b736-2f71-8c6a-245a9d820a8c/scene0066_04-scene0066_01-scene0066_00-scene0066_02-scene0066_03/T1,1,69,16,0.03877221420407295,58,0.8275862068965517,0.1724137931034483,23,100,0.23
0f2f2711-b736-2f71-8c6a-245a9d820a8c,scene0066_04-scene0066_01-scene0066_00-scene0066_02-scene0066_03,1,0f2f2711-b736-2f71-8c6a-245a9d820a8c/scene0066_04-scene0066_01-scene0066_00-scene0066_02-scene0066_03/T1,1,76,31,0.8854024410247803,674,0.9629080118694362,0.0370919881305638,23,100,0.23
0f2f2711-b736-2f71-8c6a-245a9d820a8c,scene0066_04-scene0066_01-scene0066_00-scene0066_02-scene0066_03,1,0f2f2711-b736-2f71-8c6a-245a9d820a8c/scene0066_04-scene0066_01-scene0066_00-scene0066_02-scene0066_03/T1,1,77,21,0.9254237413406372,546,1.0,0.0,23,100,0.23
0f2f2711-b736-2f71-8c6a-245a9d820a8c,scene0066_04-scene0066_01-scene0066_00-scene0066_02-scene0066_03,1,0f2f2711-b736-2f71-8c6a-245a9d820a8c/scene0066_04-scene0066_01-scene0066_00-scene0066_02-scene0066_03/T1,1,87,12,0.4663212299346924,609,0.7389162561576355,0.26108374384236455,23,100,0.23
0f2f2711-b736-2f71-8c6a-245a9d820a8c,scene0066_04-scene0066_01-scene0066_00-scene0066_02-scene0066_03,1,0f2f2711-b736-2f71-8c6a-245a9d820a8c/scene0066_04-scene0066_01-scene0066_00-scene0066_02-scene0066_03/T1,1,98,15,0.7025387287139893,7018,0.8911370760900541,0.1088629239099459,23,100,0.23
0f2f2711-b736-2f71-8c6a-245a9d820a8c,scene0066_04-scene0066_01-scene0066_00-scene0066_02-scene0066_03,1,0f2f2711-b736-2f71-8c6a-245a9d820a8c/scene0066_04-scene0066_01-scene0066_00-scene0066_02-scene0066_03/T1,2,0,49,0.0,149,0.0,1.0,13,100,0.13
0f2f2711-b736-2f71-8c6a-245a9d820a8c,scene0066_04-scene0066_01-scene0066_00-scene0066_02-scene0066_03,1,0f2f2711-b736-2f71-8c6a-245a9d820a8c/scene0066_04-scene0066_01-scene0066_00-scene0066_02-scene0066_03/T1,2,12,28,0.5220512747764587,531,0.9585687382297552,0.04143126177024481,13,100,0.13
0f2f2711-b736-2f71-8c6a-245a9d820a8c,scene0066_04-scene0066_01-scene0066_00-scene0066_02-scene0066_03,1,0f2f2711-b736-2f71-8c6a-245a9d820a8c/scene0066_04-scene0066_01-scene0066_00-scene0066_02-scene0066_03/T1,2,15,21,1.0,546,1.0,0.0,13,100,0.13
0f2f2711-b736-2f71-8c6a-245a9d820a8c,scene0066_04-scene0066_01-scene0066_00-scene0066_02-scene0066_03,1,0f2f2711-b736-2f71-8c6a-245a9d820a8c/scene0066_04-scene0066_01-scene0066_00-scene0066_02-scene0066_03/T1,2,24,23,0.982758641242981,980,0.9887755102040816,0.011224489795918391,13,100,0.13
0f2f2711-b736-2f71-8c6a-245a9d820a8c,scene0066_04-scene0066_01-scene0066_00-scene0066_02-scene0066_03,1,0f2f2711-b736-2f71-8c6a-245a9d820a8c/scene0066_04-scene0066_01-scene0066_00-scene0066_02-scene0066_03/T1,2,26,20,0.44593387842178345,601,0.8302828618968386,0.16971713810316136,13,100,0.13
0f2f2711-b736-2f71-8c6a-245a9d820a8c,scene0066_04-scene0066_01-scene0066_00-scene0066_02-scene0066_03,1,0f2f2711-b736-2f71-8c6a-245a9d820a8c/scene0066_04-scene0066_01-scene0066_00-scene0066_02-scene0066_03/T1,2,32,54,0.03448275849223137,2,1.0,0.0,13,100,0.13
0f2f2711-b736-2f71-8c6a-245a9d820a8c,scene0066_04-scene0066_01-scene0066_00-scene0066_02-scene0066_03,1,0f2f2711-b736-2f71-8c6a-245a9d820a8c/scene0066_04-scene0066_01-scene0066_00-scene0066_02-scene0066_03/T1,2,40,18,0.3667532503604889,806,0.8759305210918115,0.12406947890818854,13,100,0.13
0f2f2711-b736-2f71-8c6a-245a9d820a8c,scene0066_04-scene0066_01-scene0066_00-scene0066_02-scene0066_03,1,0f2f2711-b736-2f71-8c6a-245a9d820a8c/scene0066_04-scene0066_01-scene0066_00-scene0066_02-scene0066_03/T1,2,42,12,0.7914285659790039,609,0.909688013136289,0.090311986863711,13,100,0.13
0f2f2711-b736-2f71-8c6a-245a9d820a8c,scene0066_04-scene0066_01-scene0066_00-scene0066_02-scene0066_03,1,0f2f2711-b736-2f71-8c6a-245a9d820a8c/scene0066_04-scene0066_01-scene0066_00-scene0066_02-scene0066_03/T1,2,48,13,0.7256637215614319,404,0.8118811881188119,0.18811881188118806,13,100,0.13
0f2f2711-b736-2f71-8c6a-245a9d820a8c,scene0066_04-scene0066_01-scene0066_00-scene0066_02-scene0066_03,1,0f2f2711-b736-2f71-8c6a-245a9d820a8c/scene0066_04-scene0066_01-scene0066_00-scene0066_02-scene0066_03/T1,2,50,17,0.4216795563697815,759,0.932806324110672,0.06719367588932801,13,100,0.13
0f2f2711-b736-2f71-8c6a-245a9d820a8c,scene0066_04-scene0066_01-scene0066_00-scene0066_02-scene0066_03,1,0f2f2711-b736-2f71-8c6a-245a9d820a8c/scene0066_04-scene0066_01-scene0066_00-scene0066_02-scene0066_03/T1,2,52,22,1.0,390,1.0,0.0,13,100,0.13
0f2f2711-b736-2f71-8c6a-245a9d820a8c,scene0066_04-scene0066_01-scene0066_00-scene0066_02-scene0066_03,1,0f2f2711-b736-2f71-8c6a-245a9d820a8c/scene0066_04-scene0066_01-scene0066_00-scene0066_02-scene0066_03/T1,2,56,16,0.03140227496623993,58,1.0,0.0,13,100,0.13
0f2f2711-b736-2f71-8c6a-245a9d820a8c,scene0066_04-scene0066_01-scene0066_00-scene0066_02-scene0066_03,1,0f2f2711-b736-2f71-8c6a-245a9d820a8c/scene0066_04-scene0066_01-scene0066_00-scene0066_02-scene0066_03/T1,2,95,31,0.890260636806488,674,0.9629080118694362,0.0370919881305638,13,100,0.13
0f2f2711-b736-2f71-8c6a-245a9d820a8c,scene0066_04-scene0066_01-scene0066_00-scene0066_02-scene0066_03,1,0f2f2711-b736-2f71-8c6a-245a9d820a8c/scene0066_04-scene0066_01-scene0066_00-scene0066_02-scene0066_03/T1,2,98,15,0.7586286067962646,7018,0.9427187232829866,0.05728127671701344,13,100,0.13
0f2f2711-b736-2f71-8c6a-245a9d820a8c,scene0066_04-scene0066_01-scene0066_00-scene0066_02-scene0066_03,1,0f2f2711-b736-2f71-8c6a-245a9d820a8c/scene0066_04-scene0066_01-scene0066_00-scene0066_02-scene0066_03/T1,3,0,49,0.0,149,0.0,1.0,10,100,0.1
0f2f2711-b736-2f71-8c6a-245a9d820a8c,scene0066_04-scene0066_01-scene0066_00-scene0066_02-scene0066_03,1,0f2f2711-b736-2f71-8c6a-245a9d820a8c/scene0066_04-scene0066_01-scene0066_00-scene0066_02-scene0066_03/T1,3,12,28,0.8391866683959961,531,0.8549905838041432,0.14500941619585683,10,100,0.1
0f2f2711-b736-2f71-8c6a-245a9d820a8c,scene0066_04-scene0066_01-scene0066_00-scene0066_02-scene0066_03,1,0f2f2711-b736-2f71-8c6a-245a9d820a8c/scene0066_04-scene0066_01-scene0066_00-scene0066_02-scene0066_03/T1,3,15,21,0.9254237413406372,546,1.0,0.0,10,100,0.1
0f2f2711-b736-2f71-8c6a-245a9d820a8c,scene0066_04-scene0066_01-scene0066_00-scene0066_02-scene0066_03,1,0f2f2711-b736-2f71-8c6a-245a9d820a8c/scene0066_04-scene0066_01-scene0066_00-scene0066_02-scene0066_03/T1,3,25,22,1.0,390,1.0,0.0,10,100,0.1
0f2f2711-b736-2f71-8c6a-245a9d820a8c,scene0066_04-scene0066_01-scene0066_00-scene0066_02-scene0066_03,1,0f2f2711-b736-2f71-8c6a-245a9d820a8c/scene0066_04-scene0066_01-scene0066_00-scene0066_02-scene0066_03/T1,3,26,20,0.7284482717514038,601,0.8435940099833611,0.1564059900166389,10,100,0.1
0f2f2711-b736-2f71-8c6a-245a9d820a8c,scene0066_04-scene0066_01-scene0066_00-scene0066_02-scene0066_03,1,0f2f2711-b736-2f71-8c6a-245a9d820a8c/scene0066_04-scene0066_01-scene0066_00-scene0066_02-scene0066_03/T1,3,30,17,0.3139418363571167,759,0.8247694334650857,0.1752305665349143,10,100,0.1
0f2f2711-b736-2f71-8c6a-245a9d820a8c,scene0066_04-scene0066_01-scene0066_00-scene0066_02-scene0066_03,1,0f2f2711-b736-2f71-8c6a-245a9d820a8c/scene0066_04-scene0066_01-scene0066_00-scene0066_02-scene0066_03/T1,3,32,54,0.02857142873108387,2,1.0,0.0,10,100,0.1
0f2f2711-b736-2f71-8c6a-245a9d820a8c,scene0066_04-scene0066_01-scene0066_00-scene0066_02-scene0066_03,1,0f2f2711-b736-2f71-8c6a-245a9d820a8c/scene0066_04-scene0066_01-scene0066_00-scene0066_02-scene0066_03/T1,3,35,31,0.8514724969863892,674,0.9866468842729971,0.013353115727002929,10,100,0.1
0f2f2711-b736-2f71-8c6a-245a9d820a8c,scene0066_04-scene0066_01-scene0066_00-scene0066_02-scene0066_03,1,0f2f2711-b736-2f71-8c6a-245a9d820a8c/scene0066_04-scene0066_01-scene0066_00-scene0066_02-scene0066_03/T1,3,40,18,0.4768211841583252,806,0.8039702233250621,0.19602977667493793,10,100,0.1
0f2f2711-b736-2f71-8c6a-245a9d820a8c,scene0066_04-scene0066_01-scene0066_00-scene0066_02-scene0066_03,1,0f2f2711-b736-2f71-8c6a-245a9d820a8c/scene0066_04-scene0066_01-scene0066_00-scene0066_02-scene0066_03/T1,3,46,23,0.9625884890556335,980,0.9714285714285714,0.02857142857142858,10,100,0.1
0f2f2711-b736-2f71-8c6a-245a9d820a8c,scene0066_04-scene0066_01-scene0066_00-scene0066_02-scene0066_03,1,0f2f2711-b736-2f71-8c6a-245a9d820a8c/scene0066_04-scene0066_01-scene0066_00-scene0066_02-scene0066_03/T1,3,74,16,0.028487229719758034,58,1.0,0.0,10,100,0.1
0f2f2711-b736-2f71-8c6a-245a9d820a8c,scene0066_04-scene0066_01-scene0066_00-scene0066_02-scene0066_03,1,0f2f2711-b736-2f71-8c6a-245a9d820a8c/scene0066_04-scene0066_01-scene0066_00-scene0066_02-scene0066_03/T1,3,85,13,0.732300877571106,404,0.8193069306930693,0.18069306930693074,10,100,0.1
0f2f2711-b736-2f71-8c6a-245a9d820a8c,scene0066_04-scene0066_01-scene0066_00-scene0066_02-scene0066_03,1,0f2f2711-b736-2f71-8c6a-245a9d820a8c/scene0066_04-scene0066_01-scene0066_00-scene0066_02-scene0066_03/T1,3,88,12,0.8676236271858215,609,0.8932676518883416,0.10673234811165844,10,100,0.1
0f2f2711-b736-2f71-8c6a-245a9d820a8c,scene0066_04-scene0066_01-scene0066_00-scene0066_02-scene0066_03,1,0f2f2711-b736-2f71-8c6a-245a9d820a8c/scene0066_04-scene0066_01-scene0066_00-scene0066_02-scene0066_03/T1,3,99,15,0.7308090925216675,7018,0.9048161869478484,0.09518381305215162,10,100,0.1
0f2f2711-b736-2f71-8c6a-245a9d820a8c,scene0066_04-scene0066_01-scene0066_00-scene0066_02-scene0066_03,1,0f2f2711-b736-2f71-8c6a-245a9d820a8c/scene0066_04-scene0066_01-scene0066_00-scene0066_02-scene0066_03/T1,4,0,49,0.0,149,0.0,1.0,13,100,0.13
0f2f2711-b736-2f71-8c6a-245a9d820a8c,scene0066_04-scene0066_01-scene0066_00-scene0066_02-scene0066_03,1,0f2f2711-b736-2f71-8c6a-245a9d820a8c/scene0066_04-scene0066_01-scene0066_00-scene0066_02-scene0066_03/T1,4,6,31,0.883751630783081,674,0.9925816023738873,0.007418397626112738,13,100,0.13
0f2f2711-b736-2f71-8c6a-245a9d820a8c,scene0066_04-scene0066_01-scene0066_00-scene0066_02-scene0066_03,1,0f2f2711-b736-2f71-8c6a-245a9d820a8c/scene0066_04-scene0066_01-scene0066_00-scene0066_02-scene0066_03/T1,4,7,20,0.7300150990486145,601,0.8053244592346089,0.19467554076539106,13,100,0.13
0f2f2711-b736-2f71-8c6a-245a9d820a8c,scene0066_04-scene0066_01-scene0066_00-scene0066_02-scene0066_03,1,0f2f2711-b736-2f71-8c6a-245a9d820a8c/scene0066_04-scene0066_01-scene0066_00-scene0066_02-scene0066_03/T1,4,12,28,0.6571428775787354,531,0.8229755178907722,0.17702448210922783,13,100,0.13
0f2f2711-b736-2f71-8c6a-245a9d820a8c,scene0066_04-scene0066_01-scene0066_00-scene0066_02-scene0066_03,1,0f2f2711-b736-2f71-8c6a-245a9d820a8c/scene0066_04-scene0066_01-scene0066_00-scene0066_02-scene0066_03/T1,4,13,13,0.7256637215614319,404,0.8118811881188119,0.18811881188118806,13,100,0.13
0f2f2711-b736-2f71-8c6a-245a9d820a8c,scene0066_04-scene0066_01-scene0066_00-scene0066_02-scene0066_03,1,0f2f2711-b736-2f71-8c6a-245a9d820a8c/scene0066_04-scene0066_01-scene0066_00-scene0066_02-scene0066_03/T1,4,22,21,0.9254237413406372,546,1.0,0.0,13,100,0.13
0f2f2711-b736-2f71-8c6a-245a9d820a8c,scene0066_04-scene0066_01-scene0066_00-scene0066_02-scene0066_03,1,0f2f2711-b736-2f71-8c6a-245a9d820a8c/scene0066_04-scene0066_01-scene0066_00-scene0066_02-scene0066_03/T1,4,25,22,1.0,390,1.0,0.0,13,100,0.13
0f2f2711-b736-2f71-8c6a-245a9d820a8c,scene0066_04-scene0066_01-scene0066_00-scene0066_02-scene0066_03,1,0f2f2711-b736-2f71-8c6a-245a9d820a8c/scene0066_04-scene0066_01-scene0066_00-scene0066_02-scene0066_03/T1,4,32,54,0.02857142873108387,2,1.0,0.0,13,100,0.13
0f2f2711-b736-2f71-8c6a-245a9d820a8c,scene0066_04-scene0066_01-scene0066_00-scene0066_02-scene0066_03,1,0f2f2711-b736-2f71-8c6a-245a9d820a8c/scene0066_04-scene0066_01-scene0066_00-scene0066_02-scene0066_03/T1,4,43,17,0.4568854570388794,759,0.9354413702239789,0.06455862977602111,13,100,0.13
0f2f2711-b736-2f71-8c6a-245a9d820a8c,scene0066_04-scene0066_01-scene0066_00-scene0066_02-scene0066_03,1,0f2f2711-b736-2f71-8c6a-245a9d820a8c/scene0066_04-scene0066_01-scene0066_00-scene0066_02-scene0066_03/T1,4,46,23,0.9636363387107849,980,0.9734693877551021,0.026530612244897944,13,100,0.13
0f2f2711-b736-2f71-8c6a-245a9d820a8c,scene0066_04-scene0066_01-scene0066_00-scene0066_02-scene0066_03,1,0f2f2711-b736-2f71-8c6a-245a9d820a8c/scene0066_04-scene0066_01-scene0066_00-scene0066_02-scene0066_03/T1,4,64,18,0.4253438115119934,806,0.5372208436724566,0.4627791563275434,13,100,0.13
0f2f2711-b736-2f71-8c6a-245a9d820a8c,scene0066_04-scene0066_01-scene0066_00-scene0066_02-scene0066_03,1,0f2f2711-b736-2f71-8c6a-245a9d820a8c/scene0066_04-scene0066_01-scene0066_00-scene0066_02-scene0066_03/T1,4,79,12,0.7065390944480896,609,0.7274220032840722,0.27257799671592775,13,100,0.13
0f2f2711-b736-2f71-8c6a-245a9d820a8c,scene0066_04-scene0066_01-scene0066_00-scene0066_02-scene0066_03,1,0f2f2711-b736-2f71-8c6a-245a9d820a8c/scene0066_04-scene0066_01-scene0066_00-scene0066_02-scene0066_03/T1,4,97,16,0.03822153061628342,58,0.8448275862068966,0.15517241379310343,13,100,0.13
0f2f2711-b736-2f71-8c6a-245a9d820a8c,scene0066_04-scene0066_01-scene0066_00-scene0066_02-scene0066_03,1,0f2f2711-b736-2f71-8c6a-245a9d820a8c/scene0066_04-scene0066_01-scene0066_00-scene0066_02-scene0066_03/T1,4,98,15,0.7122293710708618,7018,0.8389854659447136,0.16101453405528643,13,100,0.13
0f2f2711-b736-2f71-8c6a-245a9d820a8c,scene0066_04-scene0066_01-scene0066_00-scene0066_02-scene0066_03,1,0f2f2711-b736-2f71-8c6a-245a9d820a8c/scene0066_04-scene0066_01-scene0066_00-scene0066_02-scene0066_03/T1,5,0,49,0.0,149,0.0,1.0,8,100,0.08
0f2f2711-b736-2f71-8c6a-245a9d820a8c,scene0066_04-scene0066_01-scene0066_00-scene0066_02-scene0066_03,1,0f2f2711-b736-2f71-8c6a-245a9d820a8c/scene0066_04-scene0066_01-scene0066_00-scene0066_02-scene0066_03/T1,5,2,28,0.8414179086685181,531,0.8493408662900188,0.15065913370998119,8,100,0.08
0f2f2711-b736-2f71-8c6a-245a9d820a8c,scene0066_04-scene0066_01-scene0066_00-scene0066_02-scene0066_03,1,0f2f2711-b736-2f71-8c6a-245a9d820a8c/scene0066_04-scene0066_01-scene0066_00-scene0066_02-scene0066_03/T1,5,17,54,0.02857142873108387,2,1.0,0.0,8,100,0.08
0f2f2711-b736-2f71-8c6a-245a9d820a8c,scene0066_04-scene0066_01-scene0066_00-scene0066_02-scene0066_03,1,0f2f2711-b736-2f71-8c6a-245a9d820a8c/scene0066_04-scene0066_01-scene0066_00-scene0066_02-scene0066_03/T1,5,25,22,1.0,390,1.0,0.0,8,100,0.08
0f2f2711-b736-2f71-8c6a-245a9d820a8c,scene0066_04-scene0066_01-scene0066_00-scene0066_02-scene0066_03,1,0f2f2711-b736-2f71-8c6a-245a9d820a8c/scene0066_04-scene0066_01-scene0066_00-scene0066_02-scene0066_03/T1,5,26,20,0.7284482717514038,601,0.8435940099833611,0.1564059900166389,8,100,0.08
0f2f2711-b736-2f71-8c6a-245a9d820a8c,scene0066_04-scene0066_01-scene0066_00-scene0066_02-scene0066_03,1,0f2f2711-b736-2f71-8c6a-245a9d820a8c/scene0066_04-scene0066_01-scene0066_00-scene0066_02-scene0066_03/T1,5,41,21,0.9115191698074341,546,1.0,0.0,8,100,0.08
0f2f2711-b736-2f71-8c6a-245a9d820a8c,scene0066_04-scene0066_01-scene0066_00-scene0066_02-scene0066_03,1,0f2f2711-b736-2f71-8c6a-245a9d820a8c/scene0066_04-scene0066_01-scene0066_00-scene0066_02-scene0066_03/T1,5,42,12,0.8676236271858215,609,0.8932676518883416,0.10673234811165844,8,100,0.08
0f2f2711-b736-2f71-8c6a-245a9d820a8c,scene0066_04-scene0066_01-scene0066_00-scene0066_02-scene0066_03,1,0f2f2711-b736-2f71-8c6a-245a9d820a8c/scene0066_04-scene0066_01-scene0066_00-scene0066_02-scene0066_03/T1,5,43,17,0.44794952869415283,759,0.9354413702239789,0.06455862977602111,8,100,0.08
0f2f2711-b736-2f71-8c6a-245a9d820a8c,scene0066_04-scene0066_01-scene0066_00-scene0066_02-scene0066_03,1,0f2f2711-b736-2f71-8c6a-245a9d820a8c/scene0066_04-scene0066_01-scene0066_00-scene0066_02-scene0066_03/T1,5,46,23,0.978787899017334,980,0.9887755102040816,0.011224489795918391,8,100,0.08
0f2f2711-b736-2f71-8c6a-245a9d820a8c,scene0066_04-scene0066_01-scene0066_00-scene0066_02-scene0066_03,1,0f2f2711-b736-2f71-8c6a-245a9d820a8c/scene0066_04-scene0066_01-scene0066_00-scene0066_02-scene0066_03/T1,5,64,18,0.43832823634147644,806,0.533498759305211,0.46650124069478904,8,100,0.08
0f2f2711-b736-2f71-8c6a-245a9d820a8c,scene0066_04-scene0066_01-scene0066_00-scene0066_02-scene0066_03,1,0f2f2711-b736-2f71-8c6a-245a9d820a8c/scene0066_04-scene0066_01-scene0066_00-scene0066_02-scene0066_03/T1,5,66,13,0.6627218723297119,404,0.8316831683168316,0.16831683168316836,8,100,0.08
0f2f2711-b736-2f71-8c6a-245a9d820a8c,scene0066_04-scene0066_01-scene0066_00-scene0066_02-scene0066_03,1,0f2f2711-b736-2f71-8c6a-245a9d820a8c/scene0066_04-scene0066_01-scene0066_00-scene0066_02-scene0066_03/T1,5,69,15,0.7271884083747864,7018,0.8937019093758906,0.10629809062410944,8,100,0.08
0f2f2711-b736-2f71-8c6a-245a9d820a8c,scene0066_04-scene0066_01-scene0066_00-scene0066_02-scene0066_03,1,0f2f2711-b736-2f71-8c6a-245a9d820a8c/scene0066_04-scene0066_01-scene0066_00-scene0066_02-scene0066_03/T1,5,76,31,0.8291770815849304,674,0.9866468842729971,0.013353115727002929,8,100,0.08
0f2f2711-b736-2f71-8c6a-245a9d820a8c,scene0066_04-scene0066_01-scene0066_00-scene0066_02-scene0066_03,1,0f2f2711-b736-2f71-8c6a-245a9d820a8c/scene0066_04-scene0066_01-scene0066_00-scene0066_02-scene0066_03/T1,5,98,16,0.03935347869992256,58,0.9655172413793104,0.03448275862068961,8,100,0.08
0f2f2711-b736-2f71-8c6a-245a9d820a8c,scene0066_04-scene0066_01-scene0066_00-scene0066_02-scene0066_03,1,0f2f2711-b736-2f71-8c6a-245a9d820a8c/scene0066_04-scene0066_01-scene0066_00-scene0066_02-scene0066_03/T1,6,0,49,0.0,149,0.0,1.0,4,100,0.04
0f2f2711-b736-2f71-8c6a-245a9d820a8c,scene0066_04-scene0066_01-scene0066_00-scene0066_02-scene0066_03,1,0f2f2711-b736-2f71-8c6a-245a9d820a8c/scene0066_04-scene0066_01-scene0066_00-scene0066_02-scene0066_03/T1,6,5,21,0.9254237413406372,546,1.0,0.0,4,100,0.04
0f2f2711-b736-2f71-8c6a-245a9d820a8c,scene0066_04-scene0066_01-scene0066_00-scene0066_02-scene0066_03,1,0f2f2711-b736-2f71-8c6a-245a9d820a8c/scene0066_04-scene0066_01-scene0066_00-scene0066_02-scene0066_03/T1,6,11,31,0.8580645322799683,674,0.9866468842729971,0.013353115727002929,4,100,0.04
0f2f2711-b736-2f71-8c6a-245a9d820a8c,scene0066_04-scene0066_01-scene0066_00-scene0066_02-scene0066_03,1,0f2f2711-b736-2f71-8c6a-245a9d820a8c/scene0066_04-scene0066_01-scene0066_00-scene0066_02-scene0066_03/T1,6,13,13,0.6858407258987427,404,0.7673267326732673,0.23267326732673266,4,100,0.04
0f2f2711-b736-2f71-8c6a-245a9d820a8c,scene0066_04-scene0066_01-scene0066_00-scene0066_02-scene0066_03,1,0f2f2711-b736-2f71-8c6a-245a9d820a8c/scene0066_04-scene0066_01-scene0066_00-scene0066_02-scene0066_03/T1,6,23,15,0.7466619610786438,7018,0.908378455400399,0.09162154459960103,4,100,0.04
0f2f2711-b736-2f71-8c6a-245a9d820a8c,scene0066_04-scene0066_01-scene0066_00-scene0066_02-scene0066_03,1,0f2f2711-b736-2f71-8c6a-245a9d820a8c/scene0066_04-scene0066_01-scene0066_00-scene0066_02-scene0066_03/T1,6,24,28,0.7104851603507996,531,0.8549905838041432,0.14500941619585683,4,100,0.04
0f2f2711-b736-2f71-8c6a-245a9d820a8c,scene0066_04-scene0066_01-scene0066_00-scene0066_02-scene0066_03,1,0f2f2711-b736-2f71-8c6a-245a9d820a8c/scene0066_04-scene0066_01-scene0066_00-scene0066_02-scene0066_03/T1,6,25,22,1.0,390,1.0,0.0,4,100,0.04
0f2f2711-b736-2f71-8c6a-245a9d820a8c,scene0066_04-scene0066_01-scene0066_00-scene0066_02-scene0066_03,1,0f2f2711-b736-2f71-8c6a-245a9d820a8c/scene0066_04-scene0066_01-scene0066_00-scene0066_02-scene0066_03/T1,6,29,20,0.763239860534668,601,0.8153078202995009,0.18469217970049912,4,100,0.04
0f2f2711-b736-2f71-8c6a-245a9d820a8c,scene0066_04-scene0066_01-scene0066_00-scene0066_02-scene0066_03,1,0f2f2711-b736-2f71-8c6a-245a9d820a8c/scene0066_04-scene0066_01-scene0066_00-scene0066_02-scene0066_03/T1,6,36,54,0.03333333507180214,2,1.0,0.0,4,100,0.04
0f2f2711-b736-2f71-8c6a-245a9d820a8c,scene0066_04-scene0066_01-scene0066_00-scene0066_02-scene0066_03,1,0f2f2711-b736-2f71-8c6a-245a9d820a8c/scene0066_04-scene0066_01-scene0066_00-scene0066_02-scene0066_03/T1,6,40,18,0.4174022674560547,806,0.8213399503722084,0.17866004962779158,4,100,0.04
0f2f2711-b736-2f71-8c6a-245a9d820a8c,scene0066_04-scene0066_01-scene0066_00-scene0066_02-scene0066_03,1,0f2f2711-b736-2f71-8c6a-245a9d820a8c/scene0066_04-scene0066_01-scene0066_00-scene0066_02-scene0066_03/T1,6,42,12,0.9505581855773926,609,0.9786535303776683,0.021346469622331665,4,100,0.04
0f2f2711-b736-2f71-8c6a-245a9d820a8c,scene0066_04-scene0066_01-scene0066_00-scene0066_02-scene0066_03,1,0f2f2711-b736-2f71-8c6a-245a9d820a8c/scene0066_04-scene0066_01-scene0066_00-scene0066_02-scene0066_03/T1,6,43,17,0.3764581084251404,759,0.9354413702239789,0.06455862977602111,4,100,0.04
0f2f2711-b736-2f71-8c6a-245a9d820a8c,scene0066_04-scene0066_01-scene0066_00-scene0066_02-scene0066_03,1,0f2f2711-b736-2f71-8c6a-245a9d820a8c/scene0066_04-scene0066_01-scene0066_00-scene0066_02-scene0066_03/T1,6,46,23,0.9636363387107849,980,0.9734693877551021,0.026530612244897944,4,100,0.04
0f2f2711-b736-2f71-8c6a-245a9d820a8c,scene0066_04-scene0066_01-scene0066_00-scene0066_02-scene0066_03,1,0f2f2711-b736-2f71-8c6a-245a9d820a8c/scene0066_04-scene0066_01-scene0066_00-scene0066_02-scene0066_03/T1,6,98,16,0.03244495764374733,58,0.9655172413793104,0.03448275862068961,4,100,0.04
0f2f2711-b736-2f71-8c6a-245a9d820a8c,scene0066_04-scene0066_01-scene0066_00-scene0066_02-scene0066_03,1,0f2f2711-b736-2f71-8c6a-245a9d820a8c/scene0066_04-scene0066_01-scene0066_00-scene0066_02-scene0066_03/T1,7,0,49,0.0,149,0.0,1.0,2,100,0.02
0f2f2711-b736-2f71-8c6a-245a9d820a8c,scene0066_04-scene0066_01-scene0066_00-scene0066_02-scene0066_03,1,0f2f2711-b736-2f71-8c6a-245a9d820a8c/scene0066_04-scene0066_01-scene0066_00-scene0066_02-scene0066_03/T1,7,2,28,0.8414179086685181,531,0.8493408662900188,0.15065913370998119,2,100,0.02
0f2f2711-b736-2f71-8c6a-245a9d820a8c,scene0066_04-scene0066_01-scene0066_00-scene0066_02-scene0066_03,1,0f2f2711-b736-2f71-8c6a-245a9d820a8c/scene0066_04-scene0066_01-scene0066_00-scene0066_02-scene0066_03/T1,7,5,21,0.9254237413406372,546,1.0,0.0,2,100,0.02
0f2f2711-b736-2f71-8c6a-245a9d820a8c,scene0066_04-scene0066_01-scene0066_00-scene0066_02-scene0066_03,1,0f2f2711-b736-2f71-8c6a-245a9d820a8c/scene0066_04-scene0066_01-scene0066_00-scene0066_02-scene0066_03/T1,7,25,22,1.0,390,1.0,0.0,2,100,0.02
0f2f2711-b736-2f71-8c6a-245a9d820a8c,scene0066_04-scene0066_01-scene0066_00-scene0066_02-scene0066_03,1,0f2f2711-b736-2f71-8c6a-245a9d820a8c/scene0066_04-scene0066_01-scene0066_00-scene0066_02-scene0066_03/T1,7,30,18,0.38808372616767883,806,0.8970223325062034,0.10297766749379655,2,100,0.02
0f2f2711-b736-2f71-8c6a-245a9d820a8c,scene0066_04-scene0066_01-scene0066_00-scene0066_02-scene0066_03,1,0f2f2711-b736-2f71-8c6a-245a9d820a8c/scene0066_04-scene0066_01-scene0066_00-scene0066_02-scene0066_03/T1,7,31,16,0.025777777656912804,58,1.0,0.0,2,100,0.02
0f2f2711-b736-2f71-8c6a-245a9d820a8c,scene0066_04-scene0066_01-scene0066_00-scene0066_02-scene0066_03,1,0f2f2711-b736-2f71-8c6a-245a9d820a8c/scene0066_04-scene0066_01-scene0066_00-scene0066_02-scene0066_03/T1,7,35,31,0.8632258176803589,674,0.9925816023738873,0.007418397626112738,2,100,0.02
0f2f2711-b736-2f71-8c6a-245a9d820a8c,scene0066_04-scene0066_01-scene0066_00-scene0066_02-scene0066_03,1,0f2f2711-b736-2f71-8c6a-245a9d820a8c/scene0066_04-scene0066_01-scene0066_00-scene0066_02-scene0066_03/T1,7,36,54,0.03448275849223137,2,1.0,0.0,2,100,0.02
0f2f2711-b736-2f71-8c6a-245a9d820a8c,scene0066_04-scene0066_01-scene0066_00-scene0066_02-scene0066_03,1,0f2f2711-b736-2f71-8c6a-245a9d820a8c/scene0066_04-scene0066_01-scene0066_00-scene0066_02-scene0066_03/T1,7,38,13,0.6858407258987427,404,0.7673267326732673,0.23267326732673266,2,100,0.02
0f2f2711-b736-2f71-8c6a-245a9d820a8c,scene0066_04-scene0066_01-scene0066_00-scene0066_02-scene0066_03,1,0f2f2711-b736-2f71-8c6a-245a9d820a8c/scene0066_04-scene0066_01-scene0066_00-scene0066_02-scene0066_03/T1,7,46,23,0.9636363387107849,980,0.9734693877551021,0.026530612244897944,2,100,0.02
0f2f2711-b736-2f71-8c6a-245a9d820a8c,scene0066_04-scene0066_01-scene0066_00-scene0066_02-scene0066_03,1,0f2f2711-b736-2f71-8c6a-245a9d820a8c/scene0066_04-scene0066_01-scene0066_00-scene0066_02-scene0066_03/T1,7,56,15,0.7118973135948181,7018,0.9404388714733543,0.059561128526645746,2,100,0.02
0f2f2711-b736-2f71-8c6a-245a9d820a8c,scene0066_04-scene0066_01-scene0066_00-scene0066_02-scene0066_03,1,0f2f2711-b736-2f71-8c6a-245a9d820a8c/scene0066_04-scene0066_01-scene0066_00-scene0066_02-scene0066_03/T1,7,68,17,0.7071078419685364,759,0.7602108036890646,0.23978919631093543,2,100,0.02
0f2f2711-b736-2f71-8c6a-245a9d820a8c,scene0066_04-scene0066_01-scene0066_00-scene0066_02-scene0066_03,1,0f2f2711-b736-2f71-8c6a-245a9d820a8c/scene0066_04-scene0066_01-scene0066_00-scene0066_02-scene0066_03/T1,7,79,12,0.7099359035491943,609,0.7274220032840722,0.27257799671592775,2,100,0.02
0f2f2711-b736-2f71-8c6a-245a9d820a8c,scene0066_04-scene0066_01-scene0066_00-scene0066_02-scene0066_03,1,0f2f2711-b736-2f71-8c6a-245a9d820a8c/scene0066_04-scene0066_01-scene0066_00-scene0066_02-scene0066_03/T1,7,80,20,0.7897196412086487,601,0.8435940099833611,0.1564059900166389,2,100,0.02
0f2f2711-b736-2f71-8c6a-245a9d820a8c,scene0066_04-scene0066_01-scene0066_00-scene0066_02-scene0066_03,1,0f2f2711-b736-2f71-8c6a-245a9d820a8c/scene0066_04-scene0066_01-scene0066_00-scene0066_02-scene0066_03/T1,8,2,28,0.8414179086685181,531,0.8493408662900188,0.15065913370998119,5,100,0.05
0f2f2711-b736-2f71-8c6a-245a9d820a8c,scene0066_04-scene0066_01-scene0066_00-scene0066_02-scene0066_03,1,0f2f2711-b736-2f71-8c6a-245a9d820a8c/scene0066_04-scene0066_01-scene0066_00-scene0066_02-scene0066_03/T1,8,11,31,0.8580645322799683,674,0.9866468842729971,0.013353115727002929,5,100,0.05
0f2f2711-b736-2f71-8c6a-245a9d820a8c,scene0066_04-scene0066_01-scene0066_00-scene0066_02-scene0066_03,1,0f2f2711-b736-2f71-8c6a-245a9d820a8c/scene0066_04-scene0066_01-scene0066_00-scene0066_02-scene0066_03/T1,8,22,21,0.9254237413406372,546,1.0,0.0,5,100,0.05
0f2f2711-b736-2f71-8c6a-245a9d820a8c,scene0066_04-scene0066_01-scene0066_00-scene0066_02-scene0066_03,1,0f2f2711-b736-2f71-8c6a-245a9d820a8c/scene0066_04-scene0066_01-scene0066_00-scene0066_02-scene0066_03/T1,8,25,22,1.0,390,1.0,0.0,5,100,0.05
0f2f2711-b736-2f71-8c6a-245a9d820a8c,scene0066_04-scene0066_01-scene0066_00-scene0066_02-scene0066_03,1,0f2f2711-b736-2f71-8c6a-245a9d820a8c/scene0066_04-scene0066_01-scene0066_00-scene0066_02-scene0066_03/T1,8,36,54,0.03448275849223137,2,1.0,0.0,5,100,0.05
0f2f2711-b736-2f71-8c6a-245a9d820a8c,scene0066_04-scene0066_01-scene0066_00-scene0066_02-scene0066_03,1,0f2f2711-b736-2f71-8c6a-245a9d820a8c/scene0066_04-scene0066_01-scene0066_00-scene0066_02-scene0066_03/T1,8,43,17,0.683932363986969,759,0.852437417654809,0.14756258234519104,5,100,0.05
0f2f2711-b736-2f71-8c6a-245a9d820a8c,scene0066_04-scene0066_01-scene0066_00-scene0066_02-scene0066_03,1,0f2f2711-b736-2f71-8c6a-245a9d820a8c/scene0066_04-scene0066_01-scene0066_00-scene0066_02-scene0066_03/T1,8,46,23,0.9636363387107849,980,0.9734693877551021,0.026530612244897944,5,100,0.05
0f2f2711-b736-2f71-8c6a-245a9d820a8c,scene0066_04-scene0066_01-scene0066_00-scene0066_02-scene0066_03,1,0f2f2711-b736-2f71-8c6a-245a9d820a8c/scene0066_04-scene0066_01-scene0066_00-scene0066_02-scene0066_03/T1,8,61,49,0.013765182346105576,149,0.11409395973154363,0.8859060402684564,5,100,0.05
0f2f2711-b736-2f71-8c6a-245a9d820a8c,scene0066_04-scene0066_01-scene0066_00-scene0066_02-scene0066_03,1,0f2f2711-b736-2f71-8c6a-245a9d820a8c/scene0066_04-scene0066_01-scene0066_00-scene0066_02-scene0066_03/T1,8,64,18,0.39962825179100037,806,0.533498759305211,0.46650124069478904,5,100,0.05
0f2f2711-b736-2f71-8c6a-245a9d820a8c,scene0066_04-scene0066_01-scene0066_00-scene0066_02-scene0066_03,1,0f2f2711-b736-2f71-8c6a-245a9d820a8c/scene0066_04-scene0066_01-scene0066_00-scene0066_02-scene0066_03/T1,8,65,16,0.035650622099637985,58,0.6896551724137931,0.31034482758620685,5,100,0.05
0f2f2711-b736-2f71-8c6a-245a9d820a8c,scene0066_04-scene0066_01-scene0066_00-scene0066_02-scene0066_03,1,0f2f2711-b736-2f71-8c6a-245a9d820a8c/scene0066_04-scene0066_01-scene0066_00-scene0066_02-scene0066_03/T1,8,66,13,0.6924778819084167,404,0.7747524752475248,0.22524752475247523,5,100,0.05
0f2f2711-b736-2f71-8c6a-245a9d820a8c,scene0066_04-scene0066_01-scene0066_00-scene0066_02-scene0066_03,1,0f2f2711-b736-2f71-8c6a-245a9d820a8c/scene0066_04-scene0066_01-scene0066_00-scene0066_02-scene0066_03/T1,8,67,20,0.763239860534668,601,0.8153078202995009,0.18469217970049912,5,100,0.05
0f2f2711-b736-2f71-8c6a-245a9d820a8c,scene0066_04-scene0066_01-scene0066_00-scene0066_02-scene0066_03,1,0f2f2711-b736-2f71-8c6a-245a9d820a8c/scene0066_04-scene0066_01-scene0066_00-scene0066_02-scene0066_03/T1,8,79,12,0.7065390944480896,609,0.7274220032840722,0.27257799671592775,5,100,0.05
0f2f2711-b736-2f71-8c6a-245a9d820a8c,scene0066_04-scene0066_01-scene0066_00-scene0066_02-scene0066_03,1,0f2f2711-b736-2f71-8c6a-245a9d820a8c/scene0066_04-scene0066_01-scene0066_00-scene0066_02-scene0066_03/T1,8,92,15,0.6082650423049927,7018,0.7613280136791108,0.23867198632088915,5,100,0.05
0f2f2711-b736-2f71-8c6a-245a9d820a8c,scene0066_04-scene0066_01-scene0066_00-scene0066_02-scene0066_03,1,0f2f2711-b736-2f71-8c6a-245a9d820a8c/scene0066_04-scene0066_01-scene0066_00-scene0066_02-scene0066_03/T1,9,0,20,0.7647975087165833,601,0.8169717138103162,0.1830282861896838,6,100,0.06
0f2f2711-b736-2f71-8c6a-245a9d820a8c,scene0066_04-scene0066_01-scene0066_00-scene0066_02-scene0066_03,1,0f2f2711-b736-2f71-8c6a-245a9d820a8c/scene0066_04-scene0066_01-scene0066_00-scene0066_02-scene0066_03/T1,9,1,49,0.0,149,0.0,1.0,6,100,0.06
0f2f2711-b736-2f71-8c6a-245a9d820a8c,scene0066_04-scene0066_01-scene0066_00-scene0066_02-scene0066_03,1,0f2f2711-b736-2f71-8c6a-245a9d820a8c/scene0066_04-scene0066_01-scene0066_00-scene0066_02-scene0066_03/T1,9,6,31,0.8316708207130432,674,0.9896142433234422,0.010385756676557834,6,100,0.06
0f2f2711-b736-2f71-8c6a-245a9d820a8c,scene0066_04-scene0066_01-scene0066_00-scene0066_02-scene0066_03,1,0f2f2711-b736-2f71-8c6a-245a9d820a8c/scene0066_04-scene0066_01-scene0066_00-scene0066_02-scene0066_03/T1,9,13,13,0.732300877571106,404,0.8193069306930693,0.18069306930693074,6,100,0.06
0f2f2711-b736-2f71-8c6a-245a9d820a8c,scene0066_04-scene0066_01-scene0066_00-scene0066_02-scene0066_03,1,0f2f2711-b736-2f71-8c6a-245a9d820a8c/scene0066_04-scene0066_01-scene0066_00-scene0066_02-scene0066_03/T1,9,16,28,0.8470149040222168,531,0.8549905838041432,0.14500941619585683,6,100,0.06
0f2f2711-b736-2f71-8c6a-245a9d820a8c,scene0066_04-scene0066_01-scene0066_00-scene0066_02-scene0066_03,1,0f2f2711-b736-2f71-8c6a-245a9d820a8c/scene0066_04-scene0066_01-scene0066_00-scene0066_02-scene0066_03/T1,9,17,54,0.02857142873108387,2,1.0,0.0,6,100,0.06
0f2f2711-b736-2f71-8c6a-245a9d820a8c,scene0066_04-scene0066_01-scene0066_00-scene0066_02-scene0066_03,1,0f2f2711-b736-2f71-8c6a-245a9d820a8c/scene0066_04-scene0066_01-scene0066_00-scene0066_02-scene0066_03/T1,9,25,22,1.0,390,1.0,0.0,6,100,0.06
0f2f2711-b736-2f71-8c6a-245a9d820a8c,scene0066_04-scene0066_01-scene0066_00-scene0066_02-scene0066_03,1,0f2f2711-b736-2f71-8c6a-245a9d820a8c/scene0066_04-scene0066_01-scene0066_00-scene0066_02-scene0066_03/T1,9,41,21,0.9254237413406372,546,1.0,0.0,6,100,0.06
0f2f2711-b736-2f71-8c6a-245a9d820a8c,scene0066_04-scene0066_01-scene0066_00-scene0066_02-scene0066_03,1,0f2f2711-b736-2f71-8c6a-245a9d820a8c/scene0066_04-scene0066_01-scene0066_00-scene0066_02-scene0066_03/T1,9,43,17,0.6995412707328796,759,0.8036890645586298,0.19631093544137024,6,100,0.06
0f2f2711-b736-2f71-8c6a-245a9d820a8c,scene0066_04-scene0066_01-scene0066_00-scene0066_02-scene0066_03,1,0f2f2711-b736-2f71-8c6a-245a9d820a8c/scene0066_04-scene0066_01-scene0066_00-scene0066_02-scene0066_03/T1,9,46,23,0.9636363387107849,980,0.9734693877551021,0.026530612244897944,6,100,0.06
0f2f2711-b736-2f71-8c6a-245a9d820a8c,scene0066_04-scene0066_01-scene0066_00-scene0066_02-scene0066_03,1,0f2f2711-b736-2f71-8c6a-245a9d820a8c/scene0066_04-scene0066_01-scene0066_00-scene0066_02-scene0066_03/T1,9,56,16,0.029501525685191154,58,1.0,0.0,6,100,0.06
0f2f2711-b736-2f71-8c6a-245a9d820a8c,scene0066_04-scene0066_01-scene0066_00-scene0066_02-scene0066_03,1,0f2f2711-b736-2f71-8c6a-245a9d820a8c/scene0066_04-scene0066_01-scene0066_00-scene0066_02-scene0066_03/T1,9,64,18,0.3988868296146393,806,0.533498759305211,0.46650124069478904,6,100,0.06
0f2f2711-b736-2f71-8c6a-245a9d820a8c,scene0066_04-scene0066_01-scene0066_00-scene0066_02-scene0066_03,1,0f2f2711-b736-2f71-8c6a-245a9d820a8c/scene0066_04-scene0066_01-scene0066_00-scene0066_02-scene0066_03/T1,9,75,12,0.89838707447052,609,0.9146141215106732,0.08538587848932677,6,100,0.06
0f2f2711-b736-2f71-8c6a-245a9d820a8c,scene0066_04-scene0066_01-scene0066_00-scene0066_02-scene0066_03,1,0f2f2711-b736-2f71-8c6a-245a9d820a8c/scene0066_04-scene0066_01-scene0066_00-scene0066_02-scene0066_03/T1,9,92,15,0.6012521386146545,7018,0.7526360786548875,0.24736392134511254,6,100,0.06
0f2f2711-b736-2f71-8c6a-245a9d820a8c,scene0066_04-scene0066_01-scene0066_00-scene0066_02-scene0066_03,1,0f2f2711-b736-2f71-8c6a-245a9d820a8c/scene0066_04-scene0066_01-scene0066_00-scene0066_02-scene0066_03/T1,10,0,49,0.0,149,0.0,1.0,5,100,0.05
0f2f2711-b736-2f71-8c6a-245a9d820a8c,scene0066_04-scene0066_01-scene0066_00-scene0066_02-scene0066_03,1,0f2f2711-b736-2f71-8c6a-245a9d820a8c/scene0066_04-scene0066_01-scene0066_00-scene0066_02-scene0066_03/T1,10,11,31,0.8536585569381714,674,0.9866468842729971,0.013353115727002929,5,100,0.05
0f2f2711-b736-2f71-8c6a-245a9d820a8c,scene0066_04-scene0066_01-scene0066_00-scene0066_02-scene0066_03,1,0f2f2711-b736-2f71-8c6a-245a9d820a8c/scene0066_04-scene0066_01-scene0066_00-scene0066_02-scene0066_03/T1,10,12,28,0.8470149040222168,531,0.8549905838041432,0.14500941619585683,5,100,0.05
0f2f2711-b736-2f71-8c6a-245a9d820a8c,scene0066_04-scene0066_01-scene0066_00-scene0066_02-scene0066_03,1,0f2f2711-b736-2f71-8c6a-245a9d820a8c/scene0066_04-scene0066_01-scene0066_00-scene0066_02-scene0066_03/T1,10,25,22,1.0,390,1.0,0.0,5,100,0.05
0f2f2711-b736-2f71-8c6a-245a9d820a8c,scene0066_04-scene0066_01-scene0066_00-scene0066_02-scene0066_03,1,0f2f2711-b736-2f71-8c6a-245a9d820a8c/scene0066_04-scene0066_01-scene0066_00-scene0066_02-scene0066_03/T1,10,36,54,0.02857142873108387,2,1.0,0.0,5,100,0.05
0f2f2711-b736-2f71-8c6a-245a9d820a8c,scene0066_04-scene0066_01-scene0066_00-scene0066_02-scene0066_03,1,0f2f2711-b736-2f71-8c6a-245a9d820a8c/scene0066_04-scene0066_01-scene0066_00-scene0066_02-scene0066_03/T1,10,40,18,0.3659340739250183,806,0.413151364764268,0.586848635235732,5,100,0.05
0f2f2711-b736-2f71-8c6a-245a9d820a8c,scene0066_04-scene0066_01-scene0066_00-scene0066_02-scene0066_03,1,0f2f2711-b736-2f71-8c6a-245a9d820a8c/scene0066_04-scene0066_01-scene0066_00-scene0066_02-scene0066_03/T1,10,41,21,0.9222972989082336,546,1.0,0.0,5,100,0.05
0f2f2711-b736-2f71-8c6a-245a9d820a8c,scene0066_04-scene0066_01-scene0066_00-scene0066_02-scene0066_03,1,0f2f2711-b736-2f71-8c6a-245a9d820a8c/scene0066_04-scene0066_01-scene0066_00-scene0066_02-scene0066_03/T1,10,43,17,0.720588207244873,759,0.839262187088274,0.16073781291172595,5,100,0.05
0f2f2711-b736-2f71-8c6a-245a9d820a8c,scene0066_04-scene0066_01-scene0066_00-scene0066_02-scene0066_03,1,0f2f2711-b736-2f71-8c6a-245a9d820a8c/scene0066_04-scene0066_01-scene0066_00-scene0066_02-scene0066_03/T1,10,46,23,0.9636363387107849,980,0.9734693877551021,0.026530612244897944,5,100,0.05
0f2f2711-b736-2f71-8c6a-245a9d820a8c,scene0066_04-scene0066_01-scene0066_00-scene0066_02-scene0066_03,1,0f2f2711-b736-2f71-8c6a-245a9d820a8c/scene0066_04-scene0066_01-scene0066_00-scene0066_02-scene0066_03/T1,10,49,15,0.7283825278282166,7018,0.9182103163294386,0.08178968367056139,5,100,0.05
0f2f2711-b736-2f71-8c6a-245a9d820a8c,scene0066_04-scene0066_01-scene0066_00-scene0066_02-scene0066_03,1,0f2f2711-b736-2f71-8c6a-245a9d820a8c/scene0066_04-scene0066_01-scene0066_00-scene0066_02-scene0066_03/T1,10,74,16,0.03003625012934208,58,1.0,0.0,5,100,0.05
0f2f2711-b736-2f71-8c6a-245a9d820a8c,scene0066_04-scene0066_01-scene0066_00-scene0066_02-scene0066_03,1,0f2f2711-b736-2f71-8c6a-245a9d820a8c/scene0066_04-scene0066_01-scene0066_00-scene0066_02-scene0066_03/T1,10,75,12,0.9042207598686218,609,0.9146141215106732,0.08538587848932677,5,100,0.05
0f2f2711-b736-2f71-8c6a-245a9d820a8c,scene0066_04-scene0066_01-scene0066_00-scene0066_02-scene0066_03,1,0f2f2711-b736-2f71-8c6a-245a9d820a8c/scene0066_04-scene0066_01-scene0066_00-scene0066_02-scene0066_03/T1,10,80,20,0.7636080980300903,601,0.8169717138103162,0.1830282861896838,5,100,0.05
0f2f2711-b736-2f71-8c6a-245a9d820a8c,scene0066_04-scene0066_01-scene0066_00-scene0066_02-scene0066_03,1,0f2f2711-b736-2f71-8c6a-245a9d820a8c/scene0066_04-scene0066_01-scene0066_00-scene0066_02-scene0066_03/T1,10,85,13,0.7256637215614319,404,0.8118811881188119,0.18811881188118806,5,100,0.05
0f2f2711-b736-2f71-8c6a-245a9d820a8c,scene0066_04-scene0066_01-scene0066_00-scene0066_02-scene0066_03,1,0f2f2711-b736-2f71-8c6a-245a9d820a8c/scene0066_04-scene0066_01-scene0066_00-scene0066_02-scene0066_03/T1,11,0,20,0.7647975087165833,601,0.8169717138103162,0.1830282861896838,9,100,0.09
0f2f2711-b736-2f71-8c6a-245a9d820a8c,scene0066_04-scene0066_01-scene0066_00-scene0066_02-scene0066_03,1,0f2f2711-b736-2f71-8c6a-245a9d820a8c/scene0066_04-scene0066_01-scene0066_00-scene0066_02-scene0066_03/T1,11,1,49,0.0,149,0.0,1.0,9,100,0.09
0f2f2711-b736-2f71-8c6a-245a9d820a8c,scene0066_04-scene0066_01-scene0066_00-scene0066_02-scene0066_03,1,0f2f2711-b736-2f71-8c6a-245a9d820a8c/scene0066_04-scene0066_01-scene0066_00-scene0066_02-scene0066_03/T1,11,6,31,0.8580645322799683,674,0.9866468842729971,0.013353115727002929,9,100,0.09
0f2f2711-b736-2f71-8c6a-245a9d820a8c,scene0066_04-scene0066_01-scene0066_00-scene0066_02-scene0066_03,1,0f2f2711-b736-2f71-8c6a-245a9d820a8c/scene0066_04-scene0066_01-scene0066_00-scene0066_02-scene0066_03/T1,11,22,21,0.9254237413406372,546,1.0,0.0,9,100,0.09
0f2f2711-b736-2f71-8c6a-245a9d820a8c,scene0066_04-scene0066_01-scene0066_00-scene0066_02-scene0066_03,1,0f2f2711-b736-2f71-8c6a-245a9d820a8c/scene0066_04-scene0066_01-scene0066_00-scene0066_02-scene0066_03/T1,11,24,28,0.8414179086685181,531,0.8493408662900188,0.15065913370998119,9,100,0.09
0f2f2711-b736-2f71-8c6a-245a9d820a8c,scene0066_04-scene0066_01-scene0066_00-scene0066_02-scene0066_03,1,0f2f2711-b736-2f71-8c6a-245a9d820a8c/scene0066_04-scene0066_01-scene0066_00-scene0066_02-scene0066_03/T1,11,25,22,1.0,390,1.0,0.0,9,100,0.09
0f2f2711-b736-2f71-8c6a-245a9d820a8c,scene0066_04-scene0066_01-scene0066_00-scene0066_02-scene0066_03,1,0f2f2711-b736-2f71-8c6a-245a9d820a8c/scene0066_04-scene0066_01-scene0066_00-scene0066_02-scene0066_03/T1,11,36,54,0.02857142873108387,2,1.0,0.0,9,100,0.09
0f2f2711-b736-2f71-8c6a-245a9d820a8c,scene0066_04-scene0066_01-scene0066_00-scene0066_02-scene0066_03,1,0f2f2711-b736-2f71-8c6a-245a9d820a8c/scene0066_04-scene0066_01-scene0066_00-scene0066_02-scene0066_03/T1,11,40,18,0.5186125040054321,806,0.760545905707196,0.23945409429280395,9,100,0.09
0f2f2711-b736-2f71-8c6a-245a9d820a8c,scene0066_04-scene0066_01-scene0066_00-scene0066_02-scene0066_03,1,0f2f2711-b736-2f71-8c6a-245a9d820a8c/scene0066_04-scene0066_01-scene0066_00-scene0066_02-scene0066_03/T1,11,43,17,0.6719409227371216,759,0.839262187088274,0.16073781291172595,9,100,0.09
0f2f2711-b736-2f71-8c6a-245a9d820a8c,scene0066_04-scene0066_01-scene0066_00-scene0066_02-scene0066_03,1,0f2f2711-b736-2f71-8c6a-245a9d820a8c/scene0066_04-scene0066_01-scene0066_00-scene0066_02-scene0066_03/T1,11,46,23,0.9636363387107849,980,0.9734693877551021,0.026530612244897944,9,100,0.09
0f2f2711-b736-2f71-8c6a-245a9d820a8c,scene0066_04-scene0066_01-scene0066_00-scene0066_02-scene0066_03,1,0f2f2711-b736-2f71-8c6a-245a9d820a8c/scene0066_04-scene0066_01-scene0066_00-scene0066_02-scene0066_03/T1,11,56,15,0.7168701887130737,7018,0.9033912795668282,0.09660872043317181,9,100,0.09
0f2f2711-b736-2f71-8c6a-245a9d820a8c,scene0066_04-scene0066_01-scene0066_00-scene0066_02-scene0066_03,1,0f2f2711-b736-2f71-8c6a-245a9d820a8c/scene0066_04-scene0066_01-scene0066_00-scene0066_02-scene0066_03/T1,11,75,12,0.779411792755127,609,0.7832512315270936,0.21674876847290636,9,100,0.09
0f2f2711-b736-2f71-8c6a-245a9d820a8c,scene0066_04-scene0066_01-scene0066_00-scene0066_02-scene0066_03,1,0f2f2711-b736-2f71-8c6a-245a9d820a8c/scene0066_04-scene0066_01-scene0066_00-scene0066_02-scene0066_03/T1,11,85,13,0.7256637215614319,404,0.8118811881188119,0.18811881188118806,9,100,0.09
0f2f2711-b736-2f71-8c6a-245a9d820a8c,scene0066_04-scene0066_01-scene0066_00-scene0066_02-scene0066_03,1,0f2f2711-b736-2f71-8c6a-245a9d820a8c/scene0066_04-scene0066_01-scene0066_00-scene0066_02-scene0066_03/T1,11,88,16,0.027449123561382294,58,1.0,0.0,9,100,0.09
0f2f2711-b736-2f71-8c6a-245a9d820a8c,scene0066_04-scene0066_01-scene0066_00-scene0066_02-scene0066_03,2,0f2f2711-b736-2f71-8c6a-245a9d820a8c/scene0066_04-scene0066_01-scene0066_00-scene0066_02-scene0066_03/T2,0,0,6,0.0,1316,0.0,1.0,100,100,1.0
0f2f2711-b736-2f71-8c6a-245a9d820a8c,scene0066_04-scene0066_01-scene0066_00-scene0066_02-scene0066_03,2,0f2f2711-b736-2f71-8c6a-245a9d820a8c/scene0066_04-scene0066_01-scene0066_00-scene0066_02-scene0066_03/T2,0,1,12,0.0,1209,0.0,1.0,100,100,1.0
0f2f2711-b736-2f71-8c6a-245a9d820a8c,scene0066_04-scene0066_01-scene0066_00-scene0066_02-scene0066_03,2,0f2f2711-b736-2f71-8c6a-245a9d820a8c/scene0066_04-scene0066_01-scene0066_00-scene0066_02-scene0066_03/T2,0,2,13,0.0,1319,0.0,1.0,100,100,1.0
0f2f2711-b736-2f71-8c6a-245a9d820a8c,scene0066_04-scene0066_01-scene0066_00-scene0066_02-scene0066_03,2,0f2f2711-b736-2f71-8c6a-245a9d820a8c/scene0066_04-scene0066_01-scene0066_00-scene0066_02-scene0066_03/T2,0,3,15,0.0,14480,0.0,1.0,100,100,1.0
0f2f2711-b736-2f71-8c6a-245a9d820a8c,scene0066_04-scene0066_01-scene0066_00-scene0066_02-scene0066_03,2,0f2f2711-b736-2f71-8c6a-245a9d820a8c/scene0066_04-scene0066_01-scene0066_00-scene0066_02-scene0066_03/T2,0,4,16,0.0,462,0.0,1.0,100,100,1.0
0f2f2711-b736-2f71-8c6a-245a9d820a8c,scene0066_04-scene0066_01-scene0066_00-scene0066_02-scene0066_03,2,0f2f2711-b736-2f71-8c6a-245a9d820a8c/scene0066_04-scene0066_01-scene0066_00-scene0066_02-scene0066_03/T2,0,5,17,0.0,1845,0.0,1.0,100,100,1.0
0f2f2711-b736-2f71-8c6a-245a9d820a8c,scene0066_04-scene0066_01-scene0066_00-scene0066_02-scene0066_03,2,0f2f2711-b736-2f71-8c6a-245a9d820a8c/scene0066_04-scene0066_01-scene0066_00-scene0066_02-scene0066_03/T2,0,6,18,0.0,1654,0.0,1.0,100,100,1.0
0f2f2711-b736-2f71-8c6a-245a9d820a8c,scene0066_04-scene0066_01-scene0066_00-scene0066_02-scene0066_03,2,0f2f2711-b736-2f71-8c6a-245a9d820a8c/scene0066_04-scene0066_01-scene0066_00-scene0066_02-scene0066_03/T2,0,7,20,0.0,1049,0.0,1.0,100,100,1.0
0f2f2711-b736-2f71-8c6a-245a9d820a8c,scene0066_04-scene0066_01-scene0066_00-scene0066_02-scene0066_03,2,0f2f2711-b736-2f71-8c6a-245a9d820a8c/scene0066_04-scene0066_01-scene0066_00-scene0066_02-scene0066_03/T2,0,8,21,0.0,2607,0.0,1.0,100,100,1.0
0f2f2711-b736-2f71-8c6a-245a9d820a8c,scene0066_04-scene0066_01-scene0066_00-scene0066_02-scene0066_03,2,0f2f2711-b736-2f71-8c6a-245a9d820a8c/scene0066_04-scene0066_01-scene0066_00-scene0066_02-scene0066_03/T2,0,9,22,0.0,954,0.0,1.0,100,100,1.0
0f2f2711-b736-2f71-8c6a-245a9d820a8c,scene0066_04-scene0066_01-scene0066_00-scene0066_02-scene0066_03,2,0f2f2711-b736-2f71-8c6a-245a9d820a8c/scene0066_04-scene0066_01-scene0066_00-scene0066_02-scene0066_03/T2,0,10,23,0.0,1556,0.0,1.0,100,100,1.0
0f2f2711-b736-2f71-8c6a-245a9d820a8c,scene0066_04-scene0066_01-scene0066_00-scene0066_02-scene0066_03,2,0f2f2711-b736-2f71-8c6a-245a9d820a8c/scene0066_04-scene0066_01-scene0066_00-scene0066_02-scene0066_03/T2,0,11,24,0.0,1237,0.0,1.0,100,100,1.0
0f2f2711-b736-2f71-8c6a-245a9d820a8c,scene0066_04-scene0066_01-scene0066_00-scene0066_02-scene0066_03,2,0f2f2711-b736-2f71-8c6a-245a9d820a8c/scene0066_04-scene0066_01-scene0066_00-scene0066_02-scene0066_03/T2,0,12,25,0.0,1169,0.0,1.0,100,100,1.0
0f2f2711-b736-2f71-8c6a-245a9d820a8c,scene0066_04-scene0066_01-scene0066_00-scene0066_02-scene0066_03,2,0f2f2711-b736-2f71-8c6a-245a9d820a8c/scene0066_04-scene0066_01-scene0066_00-scene0066_02-scene0066_03/T2,0,13,28,0.0,972,0.0,1.0,100,100,1.0
0f2f2711-b736-2f71-8c6a-245a9d820a8c,scene0066_04-scene0066_01-scene0066_00-scene0066_02-scene0066_03,2,0f2f2711-b736-2f71-8c6a-245a9d820a8c/scene0066_04-scene0066_01-scene0066_00-scene0066_02-scene0066_03/T2,0,14,31,0.0,1486,0.0,1.0,100,100,1.0
0f2f2711-b736-2f71-8c6a-245a9d820a8c,scene0066_04-scene0066_01-scene0066_00-scene0066_02-scene0066_03,2,0f2f2711-b736-2f71-8c6a-245a9d820a8c/scene0066_04-scene0066_01-scene0066_00-scene0066_02-scene0066_03/T2,0,15,49,0.0,256,0.0,1.0,100,100,1.0
0f2f2711-b736-2f71-8c6a-245a9d820a8c,scene0066_04-scene0066_01-scene0066_00-scene0066_02-scene0066_03,2,0f2f2711-b736-2f71-8c6a-245a9d820a8c/scene0066_04-scene0066_01-scene0066_00-scene0066_02-scene0066_03/T2,0,16,54,0.0,514,0.0,1.0,100,100,1.0
0f2f2711-b736-2f71-8c6a-245a9d820a8c,scene0066_04-scene0066_01-scene0066_00-scene0066_02-scene0066_03,2,0f2f2711-b736-2f71-8c6a-245a9d820a8c/scene0066_04-scene0066_01-scene0066_00-scene0066_02-scene0066_03/T2,1,4,28,0.1279306858778,972,0.5164609053497943,0.4835390946502057,25,100,0.25
0f2f2711-b736-2f71-8c6a-245a9d820a8c,scene0066_04-scene0066_01-scene0066_00-scene0066_02-scene0066_03,2,0f2f2711-b736-2f71-8c6a-245a9d820a8c/scene0066_04-scene0066_01-scene0066_00-scene0066_02-scene0066_03/T2,1,8,24,0.4835216701030731,1237,0.8302344381568311,0.16976556184316893,25,100,0.25
0f2f2711-b736-2f71-8c6a-245a9d820a8c,scene0066_04-scene0066_01-scene0066_00-scene0066_02-scene0066_03,2,0f2f2711-b736-2f71-8c6a-245a9d820a8c/scene0066_04-scene0066_01-scene0066_00-scene0066_02-scene0066_03/T2,1,9,22,0.9654450416564941,954,0.9664570230607966,0.033542976939203384,25,100,0.25
0f2f2711-b736-2f71-8c6a-245a9d820a8c,scene0066_04-scene0066_01-scene0066_00-scene0066_02-scene0066_03,2,0f2f2711-b736-2f71-8c6a-245a9d820a8c/scene0066_04-scene0066_01-scene0066_00-scene0066_02-scene0066_03/T2,1,11,49,0.3758389353752136,256,0.4375,0.5625,25,100,0.25
0f2f2711-b736-2f71-8c6a-245a9d820a8c,scene0066_04-scene0066_01-scene0066_00-scene0066_02-scene0066_03,2,0f2f2711-b736-2f71-8c6a-245a9d820a8c/scene0066_04-scene0066_01-scene0066_00-scene0066_02-scene0066_03/T2,1,15,13,0.7348742485046387,1319,0.819560272934041,0.180439727065959,25,100,0.25
0f2f2711-b736-2f71-8c6a-245a9d820a8c,scene0066_04-scene0066_01-scene0066_00-scene0066_02-scene0066_03,2,0f2f2711-b736-2f71-8c6a-245a9d820a8c/scene0066_04-scene0066_01-scene0066_00-scene0066_02-scene0066_03/T2,1,19,31,0.8236607313156128,1486,0.9932705248990579,0.006729475100942128,25,100,0.25
0f2f2711-b736-2f71-8c6a-245a9d820a8c,scene0066_04-scene0066_01-scene0066_00-scene0066_02-scene0066_03,2,0f2f2711-b736-2f71-8c6a-245a9d820a8c/scene0066_04-scene0066_01-scene0066_00-scene0066_02-scene0066_03/T2,1,28,16,0.1336492896080017,462,0.9155844155844156,0.08441558441558439,25,100,0.25
0f2f2711-b736-2f71-8c6a-245a9d820a8c,scene0066_04-scene0066_01-scene0066_00-scene0066_02-scene0066_03,2,0f2f2711-b736-2f71-8c6a-245a9d820a8c/scene0066_04-scene0066_01-scene0066_00-scene0066_02-scene0066_03/T2,1,32,21,0.8524938225746155,2607,0.9244342155734561,0.07556578442654394,25,100,0.25
0f2f2711-b736-2f71-8c6a-245a9d820a8c,scene0066_04-scene0066_01-scene0066_00-scene0066_02-scene0066_03,2,0f2f2711-b736-2f71-8c6a-245a9d820a8c/scene0066_04-scene0066_01-scene0066_00-scene0066_02-scene0066_03/T2,1,39,54,0.2050587236881256,514,0.44163424124513617,0.5583657587548638,25,100,0.25
0f2f2711-b736-2f71-8c6a-245a9d820a8c,scene0066_04-scene0066_01-scene0066_00-scene0066_02-scene0066_03,2,0f2f2711-b736-2f71-8c6a-245a9d820a8c/scene0066_04-scene0066_01-scene0066_00-scene0066_02-scene0066_03/T2,1,48,17,0.37320074439048767,1845,0.77289972899729,0.22710027100271002,25,100,0.25
0f2f2711-b736-2f71-8c6a-245a9d820a8c,scene0066_04-scene0066_01-scene0066_00-scene0066_02-scene0066_03,2,0f2f2711-b736-2f71-8c6a-245a9d820a8c/scene0066_04-scene0066_01-scene0066_00-scene0066_02-scene0066_03/T2,1,56,12,0.3747926950454712,1209,0.9346567411083541,0.06534325889164594,25,100,0.25
0f2f2711-b736-2f71-8c6a-245a9d820a8c,scene0066_04-scene0066_01-scene0066_00-scene0066_02-scene0066_03,2,0f2f2711-b736-2f71-8c6a-245a9d820a8c/scene0066_04-scene0066_01-scene0066_00-scene0066_02-scene0066_03/T2,1,57,15,0.6206715703010559,14480,0.7365331491712708,0.2634668508287292,25,100,0.25
0f2f2711-b736-2f71-8c6a-245a9d820a8c,scene0066_04-scene0066_01-scene0066_00-scene0066_02-scene0066_03,2,0f2f2711-b736-2f71-8c6a-245a9d820a8c/scene0066_04-scene0066_01-scene0066_00-scene0066_02-scene0066_03/T2,1,61,23,0.8917396664619446,1556,0.9158097686375322,0.08419023136246784,25,100,0.25
0f2f2711-b736-2f71-8c6a-245a9d820a8c,scene0066_04-scene0066_01-scene0066_00-scene0066_02-scene0066_03,2,0f2f2711-b736-2f71-8c6a-245a9d820a8c/scene0066_04-scene0066_01-scene0066_00-scene0066_02-scene0066_03/T2,1,66,20,0.13027618825435638,1049,0.7149666348903718,0.2850333651096282,25,100,0.25
0f2f2711-b736-2f71-8c6a-245a9d820a8c,scene0066_04-scene0066_01-scene0066_00-scene0066_02-scene0066_03,2,0f2f2711-b736-2f71-8c6a-245a9d820a8c/scene0066_04-scene0066_01-scene0066_00-scene0066_02-scene0066_03/T2,1,84,18,0.4306160509586334,1654,0.8367593712212817,0.16324062877871826,25,100,0.25
0f2f2711-b736-2f71-8c6a-245a9d820a8c,scene0066_04-scene0066_01-scene0066_00-scene0066_02-scene0066_03,2,0f2f2711-b736-2f71-8c6a-245a9d820a8c/scene0066_04-scene0066_01-scene0066_00-scene0066_02-scene0066_03/T2,1,89,6,0.8665758967399597,1316,0.9673252279635258,0.032674772036474176,25,100,0.25
0f2f2711-b736-2f71-8c6a-245a9d820a8c,scene0066_04-scene0066_01-scene0066_00-scene0066_02-scene0066_03,2,0f2f2711-b736-2f71-8c6a-245a9d820a8c/scene0066_04-scene0066_01-scene0066_00-scene0066_02-scene0066_03/T2,1,98,25,0.8752108216285706,1169,0.8879384088964928,0.11206159110350722,25,100,0.25
0f2f2711-b736-2f71-8c6a-245a9d820a8c,scene0066_04-scene0066_01-scene0066_00-scene0066_02-scene0066_03,2,0f2f2711-b736-2f71-8c6a-245a9d820a8c/scene0066_04-scene0066_01-scene0066_00-scene0066_02-scene0066_03/T2,2,3,22,0.9654450416564941,954,0.9664570230607966,0.033542976939203384,15,100,0.15
0f2f2711-b736-2f71-8c6a-245a9d820a8c,scene0066_04-scene0066_01-scene0066_00-scene0066_02-scene0066_03,2,0f2f2711-b736-2f71-8c6a-245a9d820a8c/scene0066_04-scene0066_01-scene0066_00-scene0066_02-scene0066_03/T2,2,8,24,0.6000000238418579,1237,0.9409862570735651,0.05901374292643491,15,100,0.15
0f2f2711-b736-2f71-8c6a-245a9d820a8c,scene0066_04-scene0066_01-scene0066_00-scene0066_02-scene0066_03,2,0f2f2711-b736-2f71-8c6a-245a9d820a8c/scene0066_04-scene0066_01-scene0066_00-scene0066_02-scene0066_03/T2,2,12,17,0.2913959324359894,1845,0.8021680216802168,0.19783197831978316,15,100,0.15
0f2f2711-b736-2f71-8c6a-245a9d820a8c,scene0066_04-scene0066_01-scene0066_00-scene0066_02-scene0066_03,2,0f2f2711-b736-2f71-8c6a-245a9d820a8c/scene0066_04-scene0066_01-scene0066_00-scene0066_02-scene0066_03/T2,2,19,31,0.5885167717933655,1486,0.9932705248990579,0.006729475100942128,15,100,0.15
0f2f2711-b736-2f71-8c6a-245a9d820a8c,scene0066_04-scene0066_01-scene0066_00-scene0066_02-scene0066_03,2,0f2f2711-b736-2f71-8c6a-245a9d820a8c/scene0066_04-scene0066_01-scene0066_00-scene0066_02-scene0066_03/T2,2,26,21,0.8732950687408447,2607,0.9332566168009206,0.06674338319907935,15,100,0.15
0f2f2711-b736-2f71-8c6a-245a9d820a8c,scene0066_04-scene0066_01-scene0066_00-scene0066_02-scene0066_03,2,0f2f2711-b736-2f71-8c6a-245a9d820a8c/scene0066_04-scene0066_01-scene0066_00-scene0066_02-scene0066_03/T2,2,29,6,0.8767869472503662,1316,0.9787234042553191,0.021276595744680882,15,100,0.15
0f2f2711-b736-2f71-8c6a-245a9d820a8c,scene0066_04-scene0066_01-scene0066_00-scene0066_02-scene0066_03,2,0f2f2711-b736-2f71-8c6a-245a9d820a8c/scene0066_04-scene0066_01-scene0066_00-scene0066_02-scene0066_03/T2,2,30,23,0.9100000262260437,1556,0.9357326478149101,0.06426735218508994,15,100,0.15
0f2f2711-b736-2f71-8c6a-245a9d820a8c,scene0066_04-scene0066_01-scene0066_00-scene0066_02-scene0066_03,2,0f2f2711-b736-2f71-8c6a-245a9d820a8c/scene0066_04-scene0066_01-scene0066_00-scene0066_02-scene0066_03/T2,2,34,16,0.1294642835855484,462,0.9415584415584416,0.058441558441558406,15,100,0.15
0f2f2711-b736-2f71-8c6a-245a9d820a8c,scene0066_04-scene0066_01-scene0066_00-scene0066_02-scene0066_03,2,0f2f2711-b736-2f71-8c6a-245a9d820a8c/scene0066_04-scene0066_01-scene0066_00-scene0066_02-scene0066_03/T2,2,37,13,0.7402088642120361,1319,0.8597422289613343,0.14025777103866566,15,100,0.15
0f2f2711-b736-2f71-8c6a-245a9d820a8c,scene0066_04-scene0066_01-scene0066_00-scene0066_02-scene0066_03,2,0f2f2711-b736-2f71-8c6a-245a9d820a8c/scene0066_04-scene0066_01-scene0066_00-scene0066_02-scene0066_03/T2,2,43,15,0.6330137848854065,14480,0.7296270718232044,0.2703729281767956,15,100,0.15
0f2f2711-b736-2f71-8c6a-245a9d820a8c,scene0066_04-scene0066_01-scene0066_00-scene0066_02-scene0066_03,2,0f2f2711-b736-2f71-8c6a-245a9d820a8c/scene0066_04-scene0066_01-scene0066_00-scene0066_02-scene0066_03/T2,2,47,20,0.19262944161891937,1049,0.8122020972354623,0.18779790276453767,15,100,0.15
0f2f2711-b736-2f71-8c6a-245a9d820a8c,scene0066_04-scene0066_01-scene0066_00-scene0066_02-scene0066_03,2,0f2f2711-b736-2f71-8c6a-245a9d820a8c/scene0066_04-scene0066_01-scene0066_00-scene0066_02-scene0066_03/T2,2,54,49,0.234375,256,0.234375,0.765625,15,100,0.15
0f2f2711-b736-2f71-8c6a-245a9d820a8c,scene0066_04-scene0066_01-scene0066_00-scene0066_02-scene0066_03,2,0f2f2711-b736-2f71-8c6a-245a9d820a8c/scene0066_04-scene0066_01-scene0066_00-scene0066_02-scene0066_03/T2,2,62,18,0.4773089289665222,1654,0.7249093107617895,0.27509068923821045,15,100,0.15
0f2f2711-b736-2f71-8c6a-245a9d820a8c,scene0066_04-scene0066_01-scene0066_00-scene0066_02-scene0066_03,2,0f2f2711-b736-2f71-8c6a-245a9d820a8c/scene0066_04-scene0066_01-scene0066_00-scene0066_02-scene0066_03/T2,2,66,54,0.47846153378486633,514,0.6050583657587548,0.3949416342412452,15,100,0.15
0f2f2711-b736-2f71-8c6a-245a9d820a8c,scene0066_04-scene0066_01-scene0066_00-scene0066_02-scene0066_03,2,0f2f2711-b736-2f71-8c6a-245a9d820a8c/scene0066_04-scene0066_01-scene0066_00-scene0066_02-scene0066_03/T2,2,77,12,0.5658419728279114,1209,0.586435070306038,0.41356492969396197,15,100,0.15
0f2f2711-b736-2f71-8c6a-245a9d820a8c,scene0066_04-scene0066_01-scene0066_00-scene0066_02-scene0066_03,2,0f2f2711-b736-2f71-8c6a-245a9d820a8c/scene0066_04-scene0066_01-scene0066_00-scene0066_02-scene0066_03/T2,2,96,28,0.3287671208381653,972,0.345679012345679,0.654320987654321,15,100,0.15
0f2f2711-b736-2f71-8c6a-245a9d820a8c,scene0066_04-scene0066_01-scene0066_00-scene0066_02-scene0066_03,2,0f2f2711-b736-2f71-8c6a-245a9d820a8c/scene0066_04-scene0066_01-scene0066_00-scene0066_02-scene0066_03/T2,2,98,25,0.9005059003829956,1169,0.913601368691189,0.08639863130881098,15,100,0.15
0f2f2711-b736-2f71-8c6a-245a9d820a8c,scene0066_04-scene0066_01-scene0066_00-scene0066_02-scene0066_03,2,0f2f2711-b736-2f71-8c6a-245a9d820a8c/scene0066_04-scene0066_01-scene0066_00-scene0066_02-scene0066_03/T2,3,3,22,0.9654450416564941,954,0.9664570230607966,0.033542976939203384,9,100,0.09
0f2f2711-b736-2f71-8c6a-245a9d820a8c,scene0066_04-scene0066_01-scene0066_00-scene0066_02-scene0066_03,2,0f2f2711-b736-2f71-8c6a-245a9d820a8c/scene0066_04-scene0066_01-scene0066_00-scene0066_02-scene0066_03/T2,3,11,54,0.4440000057220459,514,0.6478599221789884,0.35214007782101164,9,100,0.09
0f2f2711-b736-2f71-8c6a-245a9d820a8c,scene0066_04-scene0066_01-scene0066_00-scene0066_02-scene0066_03,2,0f2f2711-b736-2f71-8c6a-245a9d820a8c/scene0066_04-scene0066_01-scene0066_00-scene0066_02-scene0066_03/T2,3,19,31,0.7743966579437256,1486,0.9932705248990579,0.006729475100942128,9,100,0.09
0f2f2711-b736-2f71-8c6a-245a9d820a8c,scene0066_04-scene0066_01-scene0066_00-scene0066_02-scene0066_03,2,0f2f2711-b736-2f71-8c6a-245a9d820a8c/scene0066_04-scene0066_01-scene0066_00-scene0066_02-scene0066_03/T2,3,22,12,0.6839309334754944,1209,0.8519437551695617,0.14805624483043833,9,100,0.09
0f2f2711-b736-2f71-8c6a-245a9d820a8c,scene0066_04-scene0066_01-scene0066_00-scene0066_02-scene0066_03,2,0f2f2711-b736-2f71-8c6a-245a9d820a8c/scene0066_04-scene0066_01-scene0066_00-scene0066_02-scene0066_03/T2,3,23,13,0.7593833804130554,1319,0.8589840788476119,0.14101592115238815,9,100,0.09
0f2f2711-b736-2f71-8c6a-245a9d820a8c,scene0066_04-scene0066_01-scene0066_00-scene0066_02-scene0066_03,2,0f2f2711-b736-2f71-8c6a-245a9d820a8c/scene0066_04-scene0066_01-scene0066_00-scene0066_02-scene0066_03/T2,3,30,23,0.9100000262260437,1556,0.9357326478149101,0.06426735218508994,9,100,0.09
0f2f2711-b736-2f71-8c6a-245a9d820a8c,scene0066_04-scene0066_01-scene0066_00-scene0066_02-scene0066_03,2,0f2f2711-b736-2f71-8c6a-245a9d820a8c/scene0066_04-scene0066_01-scene0066_00-scene0066_02-scene0066_03/T2,3,36,18,0.48385727405548096,1654,0.68863361547763,0.31136638452237,9,100,0.09
0f2f2711-b736-2f71-8c6a-245a9d820a8c,scene0066_04-scene0066_01-scene0066_00-scene0066_02-scene0066_03,2,0f2f2711-b736-2f71-8c6a-245a9d820a8c/scene0066_04-scene0066_01-scene0066_00-scene0066_02-scene0066_03/T2,3,38,49,0.4375,256,0.4375,0.5625,9,100,0.09
0f2f2711-b736-2f71-8c6a-245a9d820a8c,scene0066_04-scene0066_01-scene0066_00-scene0066_02-scene0066_03,2,0f2f2711-b736-2f71-8c6a-245a9d820a8c/scene0066_04-scene0066_01-scene0066_00-scene0066_02-scene0066_03/T2,3,47,20,0.5605775117874146,1049,0.8512869399428027,0.1487130600571973,9,100,0.09
0f2f2711-b736-2f71-8c6a-245a9d820a8c,scene0066_04-scene0066_01-scene0066_00-scene0066_02-scene0066_03,2,0f2f2711-b736-2f71-8c6a-245a9d820a8c/scene0066_04-scene0066_01-scene0066_00-scene0066_02-scene0066_03/T2,3,48,17,0.4638077914714813,1845,0.8265582655826558,0.17344173441734423,9,100,0.09
0f2f2711-b736-2f71-8c6a-245a9d820a8c,scene0066_04-scene0066_01-scene0066_00-scene0066_02-scene0066_03,2,0f2f2711-b736-2f71-8c6a-245a9d820a8c/scene0066_04-scene0066_01-scene0066_00-scene0066_02-scene0066_03/T2,3,64,16,0.12453584372997284,462,0.9437229437229437,0.05627705627705626,9,100,0.09
0f2f2711-b736-2f71-8c6a-245a9d820a8c,scene0066_04-scene0066_01-scene0066_00-scene0066_02-scene0066_03,2,0f2f2711-b736-2f71-8c6a-245a9d820a8c/scene0066_04-scene0066_01-scene0066_00-scene0066_02-scene0066_03/T2,3,67,21,0.8755005598068237,2607,0.9225163022631377,0.07748369773686226,9,100,0.09
0f2f2711-b736-2f71-8c6a-245a9d820a8c,scene0066_04-scene0066_01-scene0066_00-scene0066_02-scene0066_03,2,0f2f2711-b736-2f71-8c6a-245a9d820a8c/scene0066_04-scene0066_01-scene0066_00-scene0066_02-scene0066_03/T2,3,78,15,0.6666666865348816,14480,0.9625690607734807,0.0374309392265193,9,100,0.09
0f2f2711-b736-2f71-8c6a-245a9d820a8c,scene0066_04-scene0066_01-scene0066_00-scene0066_02-scene0066_03,2,0f2f2711-b736-2f71-8c6a-245a9d820a8c/scene0066_04-scene0066_01-scene0066_00-scene0066_02-scene0066_03/T2,3,89,6,0.8203174471855164,1316,0.9817629179331308,0.018237082066869248,9,100,0.09
0f2f2711-b736-2f71-8c6a-245a9d820a8c,scene0066_04-scene0066_01-scene0066_00-scene0066_02-scene0066_03,2,0f2f2711-b736-2f71-8c6a-245a9d820a8c/scene0066_04-scene0066_01-scene0066_00-scene0066_02-scene0066_03/T2,3,96,28,0.6506351828575134,972,0.7376543209876543,0.26234567901234573,9,100,0.09
0f2f2711-b736-2f71-8c6a-245a9d820a8c,scene0066_04-scene0066_01-scene0066_00-scene0066_02-scene0066_03,2,0f2f2711-b736-2f71-8c6a-245a9d820a8c/scene0066_04-scene0066_01-scene0066_00-scene0066_02-scene0066_03/T2,3,97,24,0.7332848906517029,1237,0.8156831042845594,0.18431689571544063,9,100,0.09
0f2f2711-b736-2f71-8c6a-245a9d820a8c,scene0066_04-scene0066_01-scene0066_00-scene0066_02-scene0066_03,2,0f2f2711-b736-2f71-8c6a-245a9d820a8c/scene0066_04-scene0066_01-scene0066_00-scene0066_02-scene0066_03/T2,3,98,25,0.8752108216285706,1169,0.8879384088964928,0.11206159110350722,9,100,0.09
0f2f2711-b736-2f71-8c6a-245a9d820a8c,scene0066_04-scene0066_01-scene0066_00-scene0066_02-scene0066_03,2,0f2f2711-b736-2f71-8c6a-245a9d820a8c/scene0066_04-scene0066_01-scene0066_00-scene0066_02-scene0066_03/T2,4,0,12,0.6806282997131348,1209,0.7526881720430108,0.24731182795698925,17,100,0.17
0f2f2711-b736-2f71-8c6a-245a9d820a8c,scene0066_04-scene0066_01-scene0066_00-scene0066_02-scene0066_03,2,0f2f2711-b736-2f71-8c6a-245a9d820a8c/scene0066_04-scene0066_01-scene0066_00-scene0066_02-scene0066_03/T2,4,3,22,0.9654450416564941,954,0.9664570230607966,0.033542976939203384,17,100,0.17
0f2f2711-b736-2f71-8c6a-245a9d820a8c,scene0066_04-scene0066_01-scene0066_00-scene0066_02-scene0066_03,2,0f2f2711-b736-2f71-8c6a-245a9d820a8c/scene0066_04-scene0066_01-scene0066_00-scene0066_02-scene0066_03/T2,4,8,24,0.625134289264679,1237,0.9409862570735651,0.05901374292643491,17,100,0.17
0f2f2711-b736-2f71-8c6a-245a9d820a8c,scene0066_04-scene0066_01-scene0066_00-scene0066_02-scene0066_03,2,0f2f2711-b736-2f71-8c6a-245a9d820a8c/scene0066_04-scene0066_01-scene0066_00-scene0066_02-scene0066_03/T2,4,10,21,0.8846710324287415,2607,0.9386267740698121,0.0613732259301879,17,100,0.17
0f2f2711-b736-2f71-8c6a-245a9d820a8c,scene0066_04-scene0066_01-scene0066_00-scene0066_02-scene0066_03,2,0f2f2711-b736-2f71-8c6a-245a9d820a8c/scene0066_04-scene0066_01-scene0066_00-scene0066_02-scene0066_03/T2,4,11,54,0.44170984625816345,514,0.6634241245136187,0.33657587548638135,17,100,0.17
0f2f2711-b736-2f71-8c6a-245a9d820a8c,scene0066_04-scene0066_01-scene0066_00-scene0066_02-scene0066_03,2,0f2f2711-b736-2f71-8c6a-245a9d820a8c/scene0066_04-scene0066_01-scene0066_00-scene0066_02-scene0066_03/T2,4,15,13,0.7818437814712524,1319,0.8423047763457164,0.15769522365428357,17,100,0.17
0f2f2711-b736-2f71-8c6a-245a9d820a8c,scene0066_04-scene0066_01-scene0066_00-scene0066_02-scene0066_03,2,0f2f2711-b736-2f71-8c6a-245a9d820a8c/scene0066_04-scene0066_01-scene0066_00-scene0066_02-scene0066_03/T2,4,18,31,0.8435493111610413,1486,0.9724091520861373,0.02759084791386268,17,100,0.17
0f2f2711-b736-2f71-8c6a-245a9d820a8c,scene0066_04-scene0066_01-scene0066_00-scene0066_02-scene0066_03,2,0f2f2711-b736-2f71-8c6a-245a9d820a8c/scene0066_04-scene0066_01-scene0066_00-scene0066_02-scene0066_03/T2,4,30,23,0.9100000262260437,1556,0.9357326478149101,0.06426735218508994,17,100,0.17
0f2f2711-b736-2f71-8c6a-245a9d820a8c,scene0066_04-scene0066_01-scene0066_00-scene0066_02-scene0066_03,2,0f2f2711-b736-2f71-8c6a-245a9d820a8c/scene0066_04-scene0066_01-scene0066_00-scene0066_02-scene0066_03/T2,4,36,18,0.4557640850543976,1654,0.8222490931076178,0.17775090689238215,17,100,0.17
0f2f2711-b736-2f71-8c6a-245a9d820a8c,scene0066_04-scene0066_01-scene0066_00-scene0066_02-scene0066_03,2,0f2f2711-b736-2f71-8c6a-245a9d820a8c/scene0066_04-scene0066_01-scene0066_00-scene0066_02-scene0066_03/T2,4,38,49,0.4375,256,0.4375,0.5625,17,100,0.17
0f2f2711-b736-2f71-8c6a-245a9d820a8c,scene0066_04-scene0066_01-scene0066_00-scene0066_02-scene0066_03,2,0f2f2711-b736-2f71-8c6a-245a9d820a8c/scene0066_04-scene0066_01-scene0066_00-scene0066_02-scene0066_03/T2,4,41,16,0.12453263998031616,462,0.9372294372294372,0.06277056277056281,17,100,0.17
0f2f2711-b736-2f71-8c6a-245a9d820a8c,scene0066_04-scene0066_01-scene0066_00-scene0066_02-scene0066_03,2,0f2f2711-b736-2f71-8c6a-245a9d820a8c/scene0066_04-scene0066_01-scene0066_00-scene0066_02-scene0066_03/T2,4,47,20,0.5620052814483643,1049,0.8122020972354623,0.18779790276453767,17,100,0.17
0f2f2711-b736-2f71-8c6a-245a9d820a8c,scene0066_04-scene0066_01-scene0066_00-scene0066_02-scene0066_03,2,0f2f2711-b736-2f71-8c6a-245a9d820a8c/scene0066_04-scene0066_01-scene0066_00-scene0066_02-scene0066_03/T2,4,72,25,0.8952221274375916,1169,0.913601368691189,0.08639863130881098,17,100,0.17
0f2f2711-b736-2f71-8c6a-245a9d820a8c,scene0066_04-scene0066_01-scene0066_00-scene0066_02-scene0066_03,2,0f2f2711-b736-2f71-8c6a-245a9d820a8c/scene0066_04-scene0066_01-scene0066_00-scene0066_02-scene0066_03/T2,4,78,15,0.6770665049552917,14480,0.8977209944751381,0.10227900552486191,17,100,0.17
0f2f2711-b736-2f71-8c6a-245a9d820a8c,scene0066_04-scene0066_01-scene0066_00-scene0066_02-scene0066_03,2,0f2f2711-b736-2f71-8c6a-245a9d820a8c/scene0066_04-scene0066_01-scene0066_00-scene0066_02-scene0066_03/T2,4,88,17,0.5552204847335815,1845,0.7983739837398374,0.20162601626016263,17,100,0.17
0f2f2711-b736-2f71-8c6a-245a9d820a8c,scene0066_04-scene0066_01-scene0066_00-scene0066_02-scene0066_03,2,0f2f2711-b736-2f71-8c6a-245a9d820a8c/scene0066_04-scene0066_01-scene0066_00-scene0066_02-scene0066_03/T2,4,92,6,0.8213604688644409,1316,0.9817629179331308,0.018237082066869248,17,100,0.17
0f2f2711-b736-2f71-8c6a-245a9d820a8c,scene0066_04-scene0066_01-scene0066_00-scene0066_02-scene0066_03,2,0f2f2711-b736-2f71-8c6a-245a9d820a8c/scene0066_04-scene0066_01-scene0066_00-scene0066_02-scene0066_03/T2,4,96,28,0.6485480070114136,972,0.8960905349794238,0.10390946502057619,17,100,0.17
0f2f2711-b736-2f71-8c6a-245a9d820a8c,scene0066_04-scene0066_01-scene0066_00-scene0066_02-scene0066_03,2,0f2f2711-b736-2f71-8c6a-245a9d820a8c/scene0066_04-scene0066_01-scene0066_00-scene0066_02-scene0066_03/T2,5,3,22,0.9654450416564941,954,0.9664570230607966,0.033542976939203384,9,100,0.09
0f2f2711-b736-2f71-8c6a-245a9d820a8c,scene0066_04-scene0066_01-scene0066_00-scene0066_02-scene0066_03,2,0f2f2711-b736-2f71-8c6a-245a9d820a8c/scene0066_04-scene0066_01-scene0066_00-scene0066_02-scene0066_03/T2,5,10,21,0.8855267763137817,2607,0.931722286152666,0.06827771384733405,9,100,0.09
0f2f2711-b736-2f71-8c6a-245a9d820a8c,scene0066_04-scene0066_01-scene0066_00-scene0066_02-scene0066_03,2,0f2f2711-b736-2f71-8c6a-245a9d820a8c/scene0066_04-scene0066_01-scene0066_00-scene0066_02-scene0066_03/T2,5,11,54,0.48471614718437195,514,0.6478599221789884,0.35214007782101164,9,100,0.09
0f2f2711-b736-2f71-8c6a-245a9d820a8c,scene0066_04-scene0066_01-scene0066_00-scene0066_02-scene0066_03,2,0f2f2711-b736-2f71-8c6a-245a9d820a8c/scene0066_04-scene0066_01-scene0066_00-scene0066_02-scene0066_03/T2,5,12,20,0.75,1049,0.7521448999046711,0.24785510009532885,9,100,0.09
0f2f2711-b736-2f71-8c6a-245a9d820a8c,scene0066_04-scene0066_01-scene0066_00-scene0066_02-scene0066_03,2,0f2f2711-b736-2f71-8c6a-245a9d820a8c/scene0066_04-scene0066_01-scene0066_00-scene0066_02-scene0066_03/T2,5,15,13,0.7567024230957031,1319,0.8559514783927218,0.1440485216072782,9,100,0.09
0f2f2711-b736-2f71-8c6a-245a9d820a8c,scene0066_04-scene0066_01-scene0066_00-scene0066_02-scene0066_03,2,0f2f2711-b736-2f71-8c6a-245a9d820a8c/scene0066_04-scene0066_01-scene0066_00-scene0066_02-scene0066_03/T2,5,18,31,0.8292135000228882,1486,0.9932705248990579,0.006729475100942128,9,100,0.09
0f2f2711-b736-2f71-8c6a-245a9d820a8c,scene0066_04-scene0066_01-scene0066_00-scene0066_02-scene0066_03,2,0f2f2711-b736-2f71-8c6a-245a9d820a8c/scene0066_04-scene0066_01-scene0066_00-scene0066_02-scene0066_03/T2,5,25,6,0.8187578916549683,1316,0.9817629179331308,0.018237082066869248,9,100,0.09
0f2f2711-b736-2f71-8c6a-245a9d820a8c,scene0066_04-scene0066_01-scene0066_00-scene0066_02-scene0066_03,2,0f2f2711-b736-2f71-8c6a-245a9d820a8c/scene0066_04-scene0066_01-scene0066_00-scene0066_02-scene0066_03/T2,5,30,23,0.890625,1556,0.9158097686375322,0.08419023136246784,9,100,0.09
0f2f2711-b736-2f71-8c6a-245a9d820a8c,scene0066_04-scene0066_01-scene0066_00-scene0066_02-scene0066_03,2,0f2f2711-b736-2f71-8c6a-245a9d820a8c/scene0066_04-scene0066_01-scene0066_00-scene0066_02-scene0066_03/T2,5,36,18,0.4589018225669861,1654,0.8337363966142685,0.16626360338573154,9,100,0.09
0f2f2711-b736-2f71-8c6a-245a9d820a8c,scene0066_04-scene0066_01-scene0066_00-scene0066_02-scene0066_03,2,0f2f2711-b736-2f71-8c6a-245a9d820a8c/scene0066_04-scene0066_01-scene0066_00-scene0066_02-scene0066_03/T2,5,38,49,0.4375,256,0.4375,0.5625,9,100,0.09
0f2f2711-b736-2f71-8c6a-245a9d820a8c,scene0066_04-scene0066_01-scene0066_00-scene0066_02-scene0066_03,2,0f2f2711-b736-2f71-8c6a-245a9d820a8c/scene0066_04-scene0066_01-scene0066_00-scene0066_02-scene0066_03/T2,5,41,16,0.12417927384376526,462,0.9415584415584416,0.058441558441558406,9,100,0.09
0f2f2711-b736-2f71-8c6a-245a9d820a8c,scene0066_04-scene0066_01-scene0066_00-scene0066_02-scene0066_03,2,0f2f2711-b736-2f71-8c6a-245a9d820a8c/scene0066_04-scene0066_01-scene0066_00-scene0066_02-scene0066_03/T2,5,58,12,0.6686930060386658,1209,0.727874276261373,0.272125723738627,9,100,0.09
0f2f2711-b736-2f71-8c6a-245a9d820a8c,scene0066_04-scene0066_01-scene0066_00-scene0066_02-scene0066_03,2,0f2f2711-b736-2f71-8c6a-245a9d820a8c/scene0066_04-scene0066_01-scene0066_00-scene0066_02-scene0066_03/T2,5,78,15,0.6967292428016663,14480,0.8973756906077348,0.10262430939226519,9,100,0.09
0f2f2711-b736-2f71-8c6a-245a9d820a8c,scene0066_04-scene0066_01-scene0066_00-scene0066_02-scene0066_03,2,0f2f2711-b736-2f71-8c6a-245a9d820a8c/scene0066_04-scene0066_01-scene0066_00-scene0066_02-scene0066_03/T2,5,79,24,0.6969491243362427,1237,0.8310428455941795,0.1689571544058205,9,100,0.09
0f2f2711-b736-2f71-8c6a-245a9d820a8c,scene0066_04-scene0066_01-scene0066_00-scene0066_02-scene0066_03,2,0f2f2711-b736-2f71-8c6a-245a9d820a8c/scene0066_04-scene0066_01-scene0066_00-scene0066_02-scene0066_03/T2,5,88,17,0.4790697693824768,1845,0.8373983739837398,0.16260162601626016,9,100,0.09
0f2f2711-b736-2f71-8c6a-245a9d820a8c,scene0066_04-scene0066_01-scene0066_00-scene0066_02-scene0066_03,2,0f2f2711-b736-2f71-8c6a-245a9d820a8c/scene0066_04-scene0066_01-scene0066_00-scene0066_02-scene0066_03/T2,5,96,28,0.6576125621795654,972,0.9465020576131687,0.053497942386831254,9,100,0.09
0f2f2711-b736-2f71-8c6a-245a9d820a8c,scene0066_04-scene0066_01-scene0066_00-scene0066_02-scene0066_03,2,0f2f2711-b736-2f71-8c6a-245a9d820a8c/scene0066_04-scene0066_01-scene0066_00-scene0066_02-scene0066_03/T2,5,98,25,0.8752108216285706,1169,0.8879384088964928,0.11206159110350722,9,100,0.09
0f2f2711-b736-2f71-8c6a-245a9d820a8c,scene0066_04-scene0066_01-scene0066_00-scene0066_02-scene0066_03,2,0f2f2711-b736-2f71-8c6a-245a9d820a8c/scene0066_04-scene0066_01-scene0066_00-scene0066_02-scene0066_03/T2,6,11,54,0.4457516372203827,514,0.6634241245136187,0.33657587548638135,9,100,0.09
0f2f2711-b736-2f71-8c6a-245a9d820a8c,scene0066_04-scene0066_01-scene0066_00-scene0066_02-scene0066_03,2,0f2f2711-b736-2f71-8c6a-245a9d820a8c/scene0066_04-scene0066_01-scene0066_00-scene0066_02-scene0066_03/T2,6,12,20,0.7654321193695068,1049,0.8274547187797903,0.17254528122020973,9,100,0.09
0f2f2711-b736-2f71-8c6a-245a9d820a8c,scene0066_04-scene0066_01-scene0066_00-scene0066_02-scene0066_03,2,0f2f2711-b736-2f71-8c6a-245a9d820a8c/scene0066_04-scene0066_01-scene0066_00-scene0066_02-scene0066_03/T2,6,18,31,0.7914209365844727,1486,0.9932705248990579,0.006729475100942128,9,100,0.09
0f2f2711-b736-2f71-8c6a-245a9d820a8c,scene0066_04-scene0066_01-scene0066_00-scene0066_02-scene0066_03,2,0f2f2711-b736-2f71-8c6a-245a9d820a8c/scene0066_04-scene0066_01-scene0066_00-scene0066_02-scene0066_03/T2,6,24,6,0.851119875907898,1316,0.9817629179331308,0.018237082066869248,9,100,0.09
0f2f2711-b736-2f71-8c6a-245a9d820a8c,scene0066_04-scene0066_01-scene0066_00-scene0066_02-scene0066_03,2,0f2f2711-b736-2f71-8c6a-245a9d820a8c/scene0066_04-scene0066_01-scene0066_00-scene0066_02-scene0066_03/T2,6,30,23,0.890625,1556,0.9158097686375322,0.08419023136246784,9,100,0.09
0f2f2711-b736-2f71-8c6a-245a9d820a8c,scene0066_04-scene0066_01-scene0066_00-scene0066_02-scene0066_03,2,0f2f2711-b736-2f71-8c6a-245a9d820a8c/scene0066_04-scene0066_01-scene0066_00-scene0066_02-scene0066_03/T2,6,36,18,0.42688173055648804,1654,0.7200725513905684,0.27992744860943164,9,100,0.09
0f2f2711-b736-2f71-8c6a-245a9d820a8c,scene0066_04-scene0066_01-scene0066_00-scene0066_02-scene0066_03,2,0f2f2711-b736-2f71-8c6a-245a9d820a8c/scene0066_04-scene0066_01-scene0066_00-scene0066_02-scene0066_03/T2,6,38,49,0.4375,256,0.4375,0.5625,9,100,0.09
0f2f2711-b736-2f71-8c6a-245a9d820a8c,scene0066_04-scene0066_01-scene0066_00-scene0066_02-scene0066_03,2,0f2f2711-b736-2f71-8c6a-245a9d820a8c/scene0066_04-scene0066_01-scene0066_00-scene0066_02-scene0066_03/T2,6,41,16,0.13022556900978088,462,0.9372294372294372,0.06277056277056281,9,100,0.09
0f2f2711-b736-2f71-8c6a-245a9d820a8c,scene0066_04-scene0066_01-scene0066_00-scene0066_02-scene0066_03,2,0f2f2711-b736-2f71-8c6a-245a9d820a8c/scene0066_04-scene0066_01-scene0066_00-scene0066_02-scene0066_03/T2,6,42,13,0.7755821943283081,1319,0.8332069749810462,0.16679302501895377,9,100,0.09
0f2f2711-b736-2f71-8c6a-245a9d820a8c,scene0066_04-scene0066_01-scene0066_00-scene0066_02-scene0066_03,2,0f2f2711-b736-2f71-8c6a-245a9d820a8c/scene0066_04-scene0066_01-scene0066_00-scene0066_02-scene0066_03/T2,6,48,17,0.6003401279449463,1845,0.7653116531165312,0.23468834688346885,9,100,0.09
0f2f2711-b736-2f71-8c6a-245a9d820a8c,scene0066_04-scene0066_01-scene0066_00-scene0066_02-scene0066_03,2,0f2f2711-b736-2f71-8c6a-245a9d820a8c/scene0066_04-scene0066_01-scene0066_00-scene0066_02-scene0066_03/T2,6,58,12,0.6921985745429993,1209,0.8072787427626137,0.1927212572373863,9,100,0.09
0f2f2711-b736-2f71-8c6a-245a9d820a8c,scene0066_04-scene0066_01-scene0066_00-scene0066_02-scene0066_03,2,0f2f2711-b736-2f71-8c6a-245a9d820a8c/scene0066_04-scene0066_01-scene0066_00-scene0066_02-scene0066_03/T2,6,67,21,0.8716733455657959,2607,0.9171461449942463,0.08285385500575371,9,100,0.09
0f2f2711-b736-2f71-8c6a-245a9d820a8c,scene0066_04-scene0066_01-scene0066_00-scene0066_02-scene0066_03,2,0f2f2711-b736-2f71-8c6a-245a9d820a8c/scene0066_04-scene0066_01-scene0066_00-scene0066_02-scene0066_03/T2,6,74,22,0.9654450416564941,954,0.9664570230607966,0.033542976939203384,9,100,0.09
0f2f2711-b736-2f71-8c6a-245a9d820a8c,scene0066_04-scene0066_01-scene0066_00-scene0066_02-scene0066_03,2,0f2f2711-b736-2f71-8c6a-245a9d820a8c/scene0066_04-scene0066_01-scene0066_00-scene0066_02-scene0066_03/T2,6,78,15,0.6662446856498718,14480,0.799585635359116,0.20041436464088402,9,100,0.09
0f2f2711-b736-2f71-8c6a-245a9d820a8c,scene0066_04-scene0066_01-scene0066_00-scene0066_02-scene0066_03,2,0f2f2711-b736-2f71-8c6a-245a9d820a8c/scene0066_04-scene0066_01-scene0066_00-scene0066_02-scene0066_03/T2,6,79,24,0.7116336822509766,1237,0.9296685529506872,0.07033144704931282,9,100,0.09
0f2f2711-b736-2f71-8c6a-245a9d820a8c,scene0066_04-scene0066_01-scene0066_00-scene0066_02-scene0066_03,2,0f2f2711-b736-2f71-8c6a-245a9d820a8c/scene0066_04-scene0066_01-scene0066_00-scene0066_02-scene0066_03/T2,6,80,28,0.6424778699874878,972,0.7469135802469136,0.25308641975308643,9,100,0.09
0f2f2711-b736-2f71-8c6a-245a9d820a8c,scene0066_04-scene0066_01-scene0066_00-scene0066_02-scene0066_03,2,0f2f2711-b736-2f71-8c6a-245a9d820a8c/scene0066_04-scene0066_01-scene0066_00-scene0066_02-scene0066_03/T2,6,98,25,0.8752108216285706,1169,0.8879384088964928,0.11206159110350722,9,100,0.09
0f2f2711-b736-2f71-8c6a-245a9d820a8c,scene0066_04-scene0066_01-scene0066_00-scene0066_02-scene0066_03,2,0f2f2711-b736-2f71-8c6a-245a9d820a8c/scene0066_04-scene0066_01-scene0066_00-scene0066_02-scene0066_03/T2,7,5,49,0.4375,256,0.4375,0.5625,5,100,0.05
0f2f2711-b736-2f71-8c6a-245a9d820a8c,scene0066_04-scene0066_01-scene0066_00-scene0066_02-scene0066_03,2,0f2f2711-b736-2f71-8c6a-245a9d820a8c/scene0066_04-scene0066_01-scene0066_00-scene0066_02-scene0066_03/T2,7,11,54,0.39820021390914917,514,0.688715953307393,0.311284046692607,5,100,0.05
0f2f2711-b736-2f71-8c6a-245a9d820a8c,scene0066_04-scene0066_01-scene0066_00-scene0066_02-scene0066_03,2,0f2f2711-b736-2f71-8c6a-245a9d820a8c/scene0066_04-scene0066_01-scene0066_00-scene0066_02-scene0066_03/T2,7,12,20,0.6674041152000427,1049,0.8627264061010487,0.13727359389895133,5,100,0.05
0f2f2711-b736-2f71-8c6a-245a9d820a8c,scene0066_04-scene0066_01-scene0066_00-scene0066_02-scene0066_03,2,0f2f2711-b736-2f71-8c6a-245a9d820a8c/scene0066_04-scene0066_01-scene0066_00-scene0066_02-scene0066_03/T2,7,19,31,0.7743966579437256,1486,0.9932705248990579,0.006729475100942128,5,100,0.05
0f2f2711-b736-2f71-8c6a-245a9d820a8c,scene0066_04-scene0066_01-scene0066_00-scene0066_02-scene0066_03,2,0f2f2711-b736-2f71-8c6a-245a9d820a8c/scene0066_04-scene0066_01-scene0066_00-scene0066_02-scene0066_03/T2,7,27,6,0.8548990488052368,1316,0.8685410334346505,0.1314589665653495,5,100,0.05
0f2f2711-b736-2f71-8c6a-245a9d820a8c,scene0066_04-scene0066_01-scene0066_00-scene0066_02-scene0066_03,2,0f2f2711-b736-2f71-8c6a-245a9d820a8c/scene0066_04-scene0066_01-scene0066_00-scene0066_02-scene0066_03/T2,7,30,23,0.9100000262260437,1556,0.9357326478149101,0.06426735218508994,5,100,0.05
0f2f2711-b736-2f71-8c6a-245a9d820a8c,scene0066_04-scene0066_01-scene0066_00-scene0066_02-scene0066_03,2,0f2f2711-b736-2f71-8c6a-245a9d820a8c/scene0066_04-scene0066_01-scene0066_00-scene0066_02-scene0066_03/T2,7,34,15,0.6681344509124756,14480,0.9116712707182321,0.08832872928176794,5,100,0.05
0f2f2711-b736-2f71-8c6a-245a9d820a8c,scene0066_04-scene0066_01-scene0066_00-scene0066_02-scene0066_03,2,0f2f2711-b736-2f71-8c6a-245a9d820a8c/scene0066_04-scene0066_01-scene0066_00-scene0066_02-scene0066_03/T2,7,36,18,0.44640180468559265,1654,0.7200725513905684,0.27992744860943164,5,100,0.05
0f2f2711-b736-2f71-8c6a-245a9d820a8c,scene0066_04-scene0066_01-scene0066_00-scene0066_02-scene0066_03,2,0f2f2711-b736-2f71-8c6a-245a9d820a8c/scene0066_04-scene0066_01-scene0066_00-scene0066_02-scene0066_03/T2,7,41,16,0.12043795734643936,462,1.0,0.0,5,100,0.05
0f2f2711-b736-2f71-8c6a-245a9d820a8c,scene0066_04-scene0066_01-scene0066_00-scene0066_02-scene0066_03,2,0f2f2711-b736-2f71-8c6a-245a9d820a8c/scene0066_04-scene0066_01-scene0066_00-scene0066_02-scene0066_03/T2,7,44,28,0.4322527050971985,972,0.5349794238683128,0.46502057613168724,5,100,0.05
0f2f2711-b736-2f71-8c6a-245a9d820a8c,scene0066_04-scene0066_01-scene0066_00-scene0066_02-scene0066_03,2,0f2f2711-b736-2f71-8c6a-245a9d820a8c/scene0066_04-scene0066_01-scene0066_00-scene0066_02-scene0066_03/T2,7,46,21,0.8889697790145874,2607,0.9367088607594937,0.06329113924050633,5,100,0.05
0f2f2711-b736-2f71-8c6a-245a9d820a8c,scene0066_04-scene0066_01-scene0066_00-scene0066_02-scene0066_03,2,0f2f2711-b736-2f71-8c6a-245a9d820a8c/scene0066_04-scene0066_01-scene0066_00-scene0066_02-scene0066_03/T2,7,48,17,0.6608818173408508,1845,0.7636856368563686,0.2363143631436314,5,100,0.05
0f2f2711-b736-2f71-8c6a-245a9d820a8c,scene0066_04-scene0066_01-scene0066_00-scene0066_02-scene0066_03,2,0f2f2711-b736-2f71-8c6a-245a9d820a8c/scene0066_04-scene0066_01-scene0066_00-scene0066_02-scene0066_03/T2,7,49,22,0.9654450416564941,954,0.9664570230607966,0.033542976939203384,5,100,0.05
0f2f2711-b736-2f71-8c6a-245a9d820a8c,scene0066_04-scene0066_01-scene0066_00-scene0066_02-scene0066_03,2,0f2f2711-b736-2f71-8c6a-245a9d820a8c/scene0066_04-scene0066_01-scene0066_00-scene0066_02-scene0066_03/T2,7,58,12,0.6924715638160706,1209,0.8064516129032258,0.19354838709677424,5,100,0.05
0f2f2711-b736-2f71-8c6a-245a9d820a8c,scene0066_04-scene0066_01-scene0066_00-scene0066_02-scene0066_03,2,0f2f2711-b736-2f71-8c6a-245a9d820a8c/scene0066_04-scene0066_01-scene0066_00-scene0066_02-scene0066_03/T2,7,72,25,0.9215851426124573,1169,0.9349871685201027,0.06501283147989734,5,100,0.05
0f2f2711-b736-2f71-8c6a-245a9d820a8c,scene0066_04-scene0066_01-scene0066_00-scene0066_02-scene0066_03,2,0f2f2711-b736-2f71-8c6a-245a9d820a8c/scene0066_04-scene0066_01-scene0066_00-scene0066_02-scene0066_03/T2,7,81,13,0.7512027621269226,1319,0.8286580742987112,0.1713419257012888,5,100,0.05
0f2f2711-b736-2f71-8c6a-245a9d820a8c,scene0066_04-scene0066_01-scene0066_00-scene0066_02-scene0066_03,2,0f2f2711-b736-2f71-8c6a-245a9d820a8c/scene0066_04-scene0066_01-scene0066_00-scene0066_02-scene0066_03/T2,7,97,24,0.6995912790298462,1237,0.8302344381568311,0.16976556184316893,5,100,0.05
0f2f2711-b736-2f71-8c6a-245a9d820a8c,scene0066_04-scene0066_01-scene0066_00-scene0066_02-scene0066_03,2,0f2f2711-b736-2f71-8c6a-245a9d820a8c/scene0066_04-scene0066_01-scene0066_00-scene0066_02-scene0066_03/T2,8,8,24,0.6264801025390625,1237,0.9409862570735651,0.05901374292643491,10,100,0.1
0f2f2711-b736-2f71-8c6a-245a9d820a8c,scene0066_04-scene0066_01-scene0066_00-scene0066_02-scene0066_03,2,0f2f2711-b736-2f71-8c6a-245a9d820a8c/scene0066_04-scene0066_01-scene0066_00-scene0066_02-scene0066_03/T2,8,11,54,0.40023472905158997,514,0.6634241245136187,0.33657587548638135,10,100,0.1
0f2f2711-b736-2f71-8c6a-245a9d820a8c,scene0066_04-scene0066_01-scene0066_00-scene0066_02-scene0066_03,2,0f2f2711-b736-2f71-8c6a-245a9d820a8c/scene0066_04-scene0066_01-scene0066_00-scene0066_02-scene0066_03/T2,8,12,20,0.7313304543495178,1049,0.8122020972354623,0.18779790276453767,10,100,0.1
0f2f2711-b736-2f71-8c6a-245a9d820a8c,scene0066_04-scene0066_01-scene0066_00-scene0066_02-scene0066_03,2,0f2f2711-b736-2f71-8c6a-245a9d820a8c/scene0066_04-scene0066_01-scene0066_00-scene0066_02-scene0066_03/T2,8,13,49,0.4375,256,0.4375,0.5625,10,100,0.1
0f2f2711-b736-2f71-8c6a-245a9d820a8c,scene0066_04-scene0066_01-scene0066_00-scene0066_02-scene0066_03,2,0f2f2711-b736-2f71-8c6a-245a9d820a8c/scene0066_04-scene0066_01-scene0066_00-scene0066_02-scene0066_03/T2,8,16,28,0.6056466102600098,972,0.684156378600823,0.315843621399177,10,100,0.1
0f2f2711-b736-2f71-8c6a-245a9d820a8c,scene0066_04-scene0066_01-scene0066_00-scene0066_02-scene0066_03,2,0f2f2711-b736-2f71-8c6a-245a9d820a8c/scene0066_04-scene0066_01-scene0066_00-scene0066_02-scene0066_03/T2,8,19,31,0.7703549265861511,1486,0.9932705248990579,0.006729475100942128,10,100,0.1
0f2f2711-b736-2f71-8c6a-245a9d820a8c,scene0066_04-scene0066_01-scene0066_00-scene0066_02-scene0066_03,2,0f2f2711-b736-2f71-8c6a-245a9d820a8c/scene0066_04-scene0066_01-scene0066_00-scene0066_02-scene0066_03/T2,8,23,13,0.7560811042785645,1319,0.8483699772554966,0.15163002274450343,10,100,0.1
0f2f2711-b736-2f71-8c6a-245a9d820a8c,scene0066_04-scene0066_01-scene0066_00-scene0066_02-scene0066_03,2,0f2f2711-b736-2f71-8c6a-245a9d820a8c/scene0066_04-scene0066_01-scene0066_00-scene0066_02-scene0066_03/T2,8,35,25,0.8800321817398071,1169,0.9349871685201027,0.06501283147989734,10,100,0.1
0f2f2711-b736-2f71-8c6a-245a9d820a8c,scene0066_04-scene0066_01-scene0066_00-scene0066_02-scene0066_03,2,0f2f2711-b736-2f71-8c6a-245a9d820a8c/scene0066_04-scene0066_01-scene0066_00-scene0066_02-scene0066_03/T2,8,36,18,0.46132972836494446,1654,0.8222490931076178,0.17775090689238215,10,100,0.1
0f2f2711-b736-2f71-8c6a-245a9d820a8c,scene0066_04-scene0066_01-scene0066_00-scene0066_02-scene0066_03,2,0f2f2711-b736-2f71-8c6a-245a9d820a8c/scene0066_04-scene0066_01-scene0066_00-scene0066_02-scene0066_03/T2,8,41,16,0.13030394911766052,462,0.9372294372294372,0.06277056277056281,10,100,0.1
0f2f2711-b736-2f71-8c6a-245a9d820a8c,scene0066_04-scene0066_01-scene0066_00-scene0066_02-scene0066_03,2,0f2f2711-b736-2f71-8c6a-245a9d820a8c/scene0066_04-scene0066_01-scene0066_00-scene0066_02-scene0066_03/T2,8,46,21,0.8842373490333557,2607,0.931722286152666,0.06827771384733405,10,100,0.1
0f2f2711-b736-2f71-8c6a-245a9d820a8c,scene0066_04-scene0066_01-scene0066_00-scene0066_02-scene0066_03,2,0f2f2711-b736-2f71-8c6a-245a9d820a8c/scene0066_04-scene0066_01-scene0066_00-scene0066_02-scene0066_03/T2,8,48,17,0.6236650943756104,1845,0.7913279132791328,0.20867208672086723,10,100,0.1
0f2f2711-b736-2f71-8c6a-245a9d820a8c,scene0066_04-scene0066_01-scene0066_00-scene0066_02-scene0066_03,2,0f2f2711-b736-2f71-8c6a-245a9d820a8c/scene0066_04-scene0066_01-scene0066_00-scene0066_02-scene0066_03/T2,8,58,12,0.6945636868476868,1209,0.8031430934656741,0.19685690653432586,10,100,0.1
0f2f2711-b736-2f71-8c6a-245a9d820a8c,scene0066_04-scene0066_01-scene0066_00-scene0066_02-scene0066_03,2,0f2f2711-b736-2f71-8c6a-245a9d820a8c/scene0066_04-scene0066_01-scene0066_00-scene0066_02-scene0066_03/T2,8,63,23,0.8954659700393677,1556,0.9138817480719794,0.08611825192802058,10,100,0.1
0f2f2711-b736-2f71-8c6a-245a9d820a8c,scene0066_04-scene0066_01-scene0066_00-scene0066_02-scene0066_03,2,0f2f2711-b736-2f71-8c6a-245a9d820a8c/scene0066_04-scene0066_01-scene0066_00-scene0066_02-scene0066_03/T2,8,74,22,0.9654450416564941,954,0.9664570230607966,0.033542976939203384,10,100,0.1
0f2f2711-b736-2f71-8c6a-245a9d820a8c,scene0066_04-scene0066_01-scene0066_00-scene0066_02-scene0066_03,2,0f2f2711-b736-2f71-8c6a-245a9d820a8c/scene0066_04-scene0066_01-scene0066_00-scene0066_02-scene0066_03/T2,8,78,15,0.6880943775177002,14480,0.894475138121547,0.105524861878453,10,100,0.1
0f2f2711-b736-2f71-8c6a-245a9d820a8c,scene0066_04-scene0066_01-scene0066_00-scene0066_02-scene0066_03,2,0f2f2711-b736-2f71-8c6a-245a9d820a8c/scene0066_04-scene0066_01-scene0066_00-scene0066_02-scene0066_03/T2,8,89,6,0.8187578916549683,1316,0.9817629179331308,0.018237082066869248,10,100,0.1
0f2f2711-b736-2f71-8c6a-245a9d820a8c,scene0066_04-scene0066_01-scene0066_00-scene0066_02-scene0066_03,2,0f2f2711-b736-2f71-8c6a-245a9d820a8c/scene0066_04-scene0066_01-scene0066_00-scene0066_02-scene0066_03/T2,9,4,13,0.7676056623458862,1319,0.8263836239575436,0.1736163760424564,6,100,0.06
0f2f2711-b736-2f71-8c6a-245a9d820a8c,scene0066_04-scene0066_01-scene0066_00-scene0066_02-scene0066_03,2,0f2f2711-b736-2f71-8c6a-245a9d820a8c/scene0066_04-scene0066_01-scene0066_00-scene0066_02-scene0066_03/T2,9,5,49,0.4375,256,0.4375,0.5625,6,100,0.06
0f2f2711-b736-2f71-8c6a-245a9d820a8c,scene0066_04-scene0066_01-scene0066_00-scene0066_02-scene0066_03,2,0f2f2711-b736-2f71-8c6a-245a9d820a8c/scene0066_04-scene0066_01-scene0066_00-scene0066_02-scene0066_03/T2,9,8,24,0.625806450843811,1237,0.9409862570735651,0.05901374292643491,6,100,0.06
0f2f2711-b736-2f71-8c6a-245a9d820a8c,scene0066_04-scene0066_01-scene0066_00-scene0066_02-scene0066_03,2,0f2f2711-b736-2f71-8c6a-245a9d820a8c/scene0066_04-scene0066_01-scene0066_00-scene0066_02-scene0066_03/T2,9,11,54,0.4440000057220459,514,0.6478599221789884,0.35214007782101164,6,100,0.06
0f2f2711-b736-2f71-8c6a-245a9d820a8c,scene0066_04-scene0066_01-scene0066_00-scene0066_02-scene0066_03,2,0f2f2711-b736-2f71-8c6a-245a9d820a8c/scene0066_04-scene0066_01-scene0066_00-scene0066_02-scene0066_03/T2,9,16,28,0.6515747904777527,972,0.6810699588477366,0.3189300411522634,6,100,0.06
0f2f2711-b736-2f71-8c6a-245a9d820a8c,scene0066_04-scene0066_01-scene0066_00-scene0066_02-scene0066_03,2,0f2f2711-b736-2f71-8c6a-245a9d820a8c/scene0066_04-scene0066_01-scene0066_00-scene0066_02-scene0066_03/T2,9,19,31,0.7565351128578186,1486,0.9932705248990579,0.006729475100942128,6,100,0.06
0f2f2711-b736-2f71-8c6a-245a9d820a8c,scene0066_04-scene0066_01-scene0066_00-scene0066_02-scene0066_03,2,0f2f2711-b736-2f71-8c6a-245a9d820a8c/scene0066_04-scene0066_01-scene0066_00-scene0066_02-scene0066_03/T2,9,41,16,0.1335638016462326,462,0.9199134199134199,0.0800865800865801,6,100,0.06
0f2f2711-b736-2f71-8c6a-245a9d820a8c,scene0066_04-scene0066_01-scene0066_00-scene0066_02-scene0066_03,2,0f2f2711-b736-2f71-8c6a-245a9d820a8c/scene0066_04-scene0066_01-scene0066_00-scene0066_02-scene0066_03/T2,9,48,17,0.5610687136650085,1845,0.7967479674796748,0.2032520325203252,6,100,0.06
0f2f2711-b736-2f71-8c6a-245a9d820a8c,scene0066_04-scene0066_01-scene0066_00-scene0066_02-scene0066_03,2,0f2f2711-b736-2f71-8c6a-245a9d820a8c/scene0066_04-scene0066_01-scene0066_00-scene0066_02-scene0066_03/T2,9,49,22,0.9654450416564941,954,0.9664570230607966,0.033542976939203384,6,100,0.06
0f2f2711-b736-2f71-8c6a-245a9d820a8c,scene0066_04-scene0066_01-scene0066_00-scene0066_02-scene0066_03,2,0f2f2711-b736-2f71-8c6a-245a9d820a8c/scene0066_04-scene0066_01-scene0066_00-scene0066_02-scene0066_03/T2,9,58,12,0.6945636868476868,1209,0.8031430934656741,0.19685690653432586,6,100,0.06
0f2f2711-b736-2f71-8c6a-245a9d820a8c,scene0066_04-scene0066_01-scene0066_00-scene0066_02-scene0066_03,2,0f2f2711-b736-2f71-8c6a-245a9d820a8c/scene0066_04-scene0066_01-scene0066_00-scene0066_02-scene0066_03/T2,9,63,23,0.9026265144348145,1556,0.9055269922879178,0.09447300771208222,6,100,0.06
0f2f2711-b736-2f71-8c6a-245a9d820a8c,scene0066_04-scene0066_01-scene0066_00-scene0066_02-scene0066_03,2,0f2f2711-b736-2f71-8c6a-245a9d820a8c/scene0066_04-scene0066_01-scene0066_00-scene0066_02-scene0066_03/T2,9,67,21,0.8767772316932678,2607,0.9225163022631377,0.07748369773686226,6,100,0.06
0f2f2711-b736-2f71-8c6a-245a9d820a8c,scene0066_04-scene0066_01-scene0066_00-scene0066_02-scene0066_03,2,0f2f2711-b736-2f71-8c6a-245a9d820a8c/scene0066_04-scene0066_01-scene0066_00-scene0066_02-scene0066_03/T2,9,75,20,0.7629151344299316,1049,0.7883698760724499,0.2116301239275501,6,100,0.06
0f2f2711-b736-2f71-8c6a-245a9d820a8c,scene0066_04-scene0066_01-scene0066_00-scene0066_02-scene0066_03,2,0f2f2711-b736-2f71-8c6a-245a9d820a8c/scene0066_04-scene0066_01-scene0066_00-scene0066_02-scene0066_03/T2,9,76,18,0.4825746715068817,1654,0.8204353083434099,0.17956469165659006,6,100,0.06
0f2f2711-b736-2f71-8c6a-245a9d820a8c,scene0066_04-scene0066_01-scene0066_00-scene0066_02-scene0066_03,2,0f2f2711-b736-2f71-8c6a-245a9d820a8c/scene0066_04-scene0066_01-scene0066_00-scene0066_02-scene0066_03/T2,9,78,15,0.6981856226921082,14480,0.9168508287292818,0.08314917127071819,6,100,0.06
0f2f2711-b736-2f71-8c6a-245a9d820a8c,scene0066_04-scene0066_01-scene0066_00-scene0066_02-scene0066_03,2,0f2f2711-b736-2f71-8c6a-245a9d820a8c/scene0066_04-scene0066_01-scene0066_00-scene0066_02-scene0066_03/T2,9,92,6,0.8213604688644409,1316,0.9817629179331308,0.018237082066869248,6,100,0.06
0f2f2711-b736-2f71-8c6a-245a9d820a8c,scene0066_04-scene0066_01-scene0066_00-scene0066_02-scene0066_03,2,0f2f2711-b736-2f71-8c6a-245a9d820a8c/scene0066_04-scene0066_01-scene0066_00-scene0066_02-scene0066_03/T2,9,98,25,0.8752108216285706,1169,0.8879384088964928,0.11206159110350722,6,100,0.06
0f2f2711-b736-2f71-8c6a-245a9d820a8c,scene0066_04-scene0066_01-scene0066_00-scene0066_02-scene0066_03,2,0f2f2711-b736-2f71-8c6a-245a9d820a8c/scene0066_04-scene0066_01-scene0066_00-scene0066_02-scene0066_03/T2,10,11,54,0.40164899826049805,514,0.6634241245136187,0.33657587548638135,8,100,0.08
0f2f2711-b736-2f71-8c6a-245a9d820a8c,scene0066_04-scene0066_01-scene0066_00-scene0066_02-scene0066_03,2,0f2f2711-b736-2f71-8c6a-245a9d820a8c/scene0066_04-scene0066_01-scene0066_00-scene0066_02-scene0066_03/T2,10,15,13,0.7826694846153259,1319,0.849128127369219,0.15087187263078095,8,100,0.08
0f2f2711-b736-2f71-8c6a-245a9d820a8c,scene0066_04-scene0066_01-scene0066_00-scene0066_02-scene0066_03,2,0f2f2711-b736-2f71-8c6a-245a9d820a8c/scene0066_04-scene0066_01-scene0066_00-scene0066_02-scene0066_03/T2,10,16,28,0.5551020503044128,972,0.6995884773662552,0.3004115226337448,8,100,0.08
0f2f2711-b736-2f71-8c6a-245a9d820a8c,scene0066_04-scene0066_01-scene0066_00-scene0066_02-scene0066_03,2,0f2f2711-b736-2f71-8c6a-245a9d820a8c/scene0066_04-scene0066_01-scene0066_00-scene0066_02-scene0066_03/T2,10,19,31,0.7565351128578186,1486,0.9932705248990579,0.006729475100942128,8,100,0.08
0f2f2711-b736-2f71-8c6a-245a9d820a8c,scene0066_04-scene0066_01-scene0066_00-scene0066_02-scene0066_03,2,0f2f2711-b736-2f71-8c6a-245a9d820a8c/scene0066_04-scene0066_01-scene0066_00-scene0066_02-scene0066_03/T2,10,20,24,0.7090532183647156,1237,0.8294260307194826,0.17057396928051738,8,100,0.08
0f2f2711-b736-2f71-8c6a-245a9d820a8c,scene0066_04-scene0066_01-scene0066_00-scene0066_02-scene0066_03,2,0f2f2711-b736-2f71-8c6a-245a9d820a8c/scene0066_04-scene0066_01-scene0066_00-scene0066_02-scene0066_03/T2,10,38,49,0.4375,256,0.4375,0.5625,8,100,0.08
0f2f2711-b736-2f71-8c6a-245a9d820a8c,scene0066_04-scene0066_01-scene0066_00-scene0066_02-scene0066_03,2,0f2f2711-b736-2f71-8c6a-245a9d820a8c/scene0066_04-scene0066_01-scene0066_00-scene0066_02-scene0066_03/T2,10,41,16,0.13299717009067535,462,0.9134199134199135,0.08658008658008653,8,100,0.08
0f2f2711-b736-2f71-8c6a-245a9d820a8c,scene0066_04-scene0066_01-scene0066_00-scene0066_02-scene0066_03,2,0f2f2711-b736-2f71-8c6a-245a9d820a8c/scene0066_04-scene0066_01-scene0066_00-scene0066_02-scene0066_03/T2,10,48,17,0.610755443572998,1845,0.775609756097561,0.224390243902439,8,100,0.08
0f2f2711-b736-2f71-8c6a-245a9d820a8c,scene0066_04-scene0066_01-scene0066_00-scene0066_02-scene0066_03,2,0f2f2711-b736-2f71-8c6a-245a9d820a8c/scene0066_04-scene0066_01-scene0066_00-scene0066_02-scene0066_03/T2,10,49,22,0.9654450416564941,954,0.9664570230607966,0.033542976939203384,8,100,0.08
0f2f2711-b736-2f71-8c6a-245a9d820a8c,scene0066_04-scene0066_01-scene0066_00-scene0066_02-scene0066_03,2,0f2f2711-b736-2f71-8c6a-245a9d820a8c/scene0066_04-scene0066_01-scene0066_00-scene0066_02-scene0066_03/T2,10,58,12,0.6921985745429993,1209,0.8072787427626137,0.1927212572373863,8,100,0.08
0f2f2711-b736-2f71-8c6a-245a9d820a8c,scene0066_04-scene0066_01-scene0066_00-scene0066_02-scene0066_03,2,0f2f2711-b736-2f71-8c6a-245a9d820a8c/scene0066_04-scene0066_01-scene0066_00-scene0066_02-scene0066_03/T2,10,67,21,0.8716733455657959,2607,0.9171461449942463,0.08285385500575371,8,100,0.08
0f2f2711-b736-2f71-8c6a-245a9d820a8c,scene0066_04-scene0066_01-scene0066_00-scene0066_02-scene0066_03,2,0f2f2711-b736-2f71-8c6a-245a9d820a8c/scene0066_04-scene0066_01-scene0066_00-scene0066_02-scene0066_03/T2,10,71,6,0.8529611825942993,1316,0.9521276595744681,0.0478723404255319,8,100,0.08
0f2f2711-b736-2f71-8c6a-245a9d820a8c,scene0066_04-scene0066_01-scene0066_00-scene0066_02-scene0066_03,2,0f2f2711-b736-2f71-8c6a-245a9d820a8c/scene0066_04-scene0066_01-scene0066_00-scene0066_02-scene0066_03/T2,10,72,25,0.902192234992981,1169,0.9153122326775022,0.08468776732249783,8,100,0.08
0f2f2711-b736-2f71-8c6a-245a9d820a8c,scene0066_04-scene0066_01-scene0066_00-scene0066_02-scene0066_03,2,0f2f2711-b736-2f71-8c6a-245a9d820a8c/scene0066_04-scene0066_01-scene0066_00-scene0066_02-scene0066_03/T2,10,75,20,0.763619601726532,1049,0.7883698760724499,0.2116301239275501,8,100,0.08
0f2f2711-b736-2f71-8c6a-245a9d820a8c,scene0066_04-scene0066_01-scene0066_00-scene0066_02-scene0066_03,2,0f2f2711-b736-2f71-8c6a-245a9d820a8c/scene0066_04-scene0066_01-scene0066_00-scene0066_02-scene0066_03/T2,10,76,18,0.5170350074768066,1654,0.6789600967351874,0.3210399032648126,8,100,0.08
0f2f2711-b736-2f71-8c6a-245a9d820a8c,scene0066_04-scene0066_01-scene0066_00-scene0066_02-scene0066_03,2,0f2f2711-b736-2f71-8c6a-245a9d820a8c/scene0066_04-scene0066_01-scene0066_00-scene0066_02-scene0066_03/T2,10,86,15,0.6577675938606262,14480,0.8933011049723757,0.10669889502762431,8,100,0.08
0f2f2711-b736-2f71-8c6a-245a9d820a8c,scene0066_04-scene0066_01-scene0066_00-scene0066_02-scene0066_03,2,0f2f2711-b736-2f71-8c6a-245a9d820a8c/scene0066_04-scene0066_01-scene0066_00-scene0066_02-scene0066_03/T2,10,99,23,0.9100000262260437,1556,0.9357326478149101,0.06426735218508994,8,100,0.08
0f2f2711-b736-2f71-8c6a-245a9d820a8c,scene0066_04-scene0066_01-scene0066_00-scene0066_02-scene0066_03,2,0f2f2711-b736-2f71-8c6a-245a9d820a8c/scene0066_04-scene0066_01-scene0066_00-scene0066_02-scene0066_03/T2,11,1,28,0.5941794514656067,972,0.7561728395061729,0.24382716049382713,6,100,0.06
0f2f2711-b736-2f71-8c6a-245a9d820a8c,scene0066_04-scene0066_01-scene0066_00-scene0066_02-scene0066_03,2,0f2f2711-b736-2f71-8c6a-245a9d820a8c/scene0066_04-scene0066_01-scene0066_00-scene0066_02-scene0066_03/T2,11,2,54,0.38525962829589844,514,0.4474708171206226,0.5525291828793775,6,100,0.06
0f2f2711-b736-2f71-8c6a-245a9d820a8c,scene0066_04-scene0066_01-scene0066_00-scene0066_02-scene0066_03,2,0f2f2711-b736-2f71-8c6a-245a9d820a8c/scene0066_04-scene0066_01-scene0066_00-scene0066_02-scene0066_03/T2,11,19,31,0.7743966579437256,1486,0.9932705248990579,0.006729475100942128,6,100,0.06
0f2f2711-b736-2f71-8c6a-245a9d820a8c,scene0066_04-scene0066_01-scene0066_00-scene0066_02-scene0066_03,2,0f2f2711-b736-2f71-8c6a-245a9d820a8c/scene0066_04-scene0066_01-scene0066_00-scene0066_02-scene0066_03/T2,11,21,12,0.7335878014564514,1209,0.7948717948717948,0.20512820512820518,6,100,0.06
0f2f2711-b736-2f71-8c6a-245a9d820a8c,scene0066_04-scene0066_01-scene0066_00-scene0066_02-scene0066_03,2,0f2f2711-b736-2f71-8c6a-245a9d820a8c/scene0066_04-scene0066_01-scene0066_00-scene0066_02-scene0066_03/T2,11,22,15,0.6882995367050171,14480,0.8657458563535911,0.13425414364640886,6,100,0.06
0f2f2711-b736-2f71-8c6a-245a9d820a8c,scene0066_04-scene0066_01-scene0066_00-scene0066_02-scene0066_03,2,0f2f2711-b736-2f71-8c6a-245a9d820a8c/scene0066_04-scene0066_01-scene0066_00-scene0066_02-scene0066_03/T2,11,23,13,0.7431192398071289,1319,0.7983320697498104,0.2016679302501896,6,100,0.06
0f2f2711-b736-2f71-8c6a-245a9d820a8c,scene0066_04-scene0066_01-scene0066_00-scene0066_02-scene0066_03,2,0f2f2711-b736-2f71-8c6a-245a9d820a8c/scene0066_04-scene0066_01-scene0066_00-scene0066_02-scene0066_03/T2,11,30,23,0.890625,1556,0.9158097686375322,0.08419023136246784,6,100,0.06
0f2f2711-b736-2f71-8c6a-245a9d820a8c,scene0066_04-scene0066_01-scene0066_00-scene0066_02-scene0066_03,2,0f2f2711-b736-2f71-8c6a-245a9d820a8c/scene0066_04-scene0066_01-scene0066_00-scene0066_02-scene0066_03/T2,11,38,49,0.4375,256,0.4375,0.5625,6,100,0.06
0f2f2711-b736-2f71-8c6a-245a9d820a8c,scene0066_04-scene0066_01-scene0066_00-scene0066_02-scene0066_03,2,0f2f2711-b736-2f71-8c6a-245a9d820a8c/scene0066_04-scene0066_01-scene0066_00-scene0066_02-scene0066_03/T2,11,41,16,0.12382739037275314,462,1.0,0.0,6,100,0.06
0f2f2711-b736-2f71-8c6a-245a9d820a8c,scene0066_04-scene0066_01-scene0066_00-scene0066_02-scene0066_03,2,0f2f2711-b736-2f71-8c6a-245a9d820a8c/scene0066_04-scene0066_01-scene0066_00-scene0066_02-scene0066_03/T2,11,48,17,0.5970790386199951,1845,0.7533875338753387,0.24661246612466126,6,100,0.06
0f2f2711-b736-2f71-8c6a-245a9d820a8c,scene0066_04-scene0066_01-scene0066_00-scene0066_02-scene0066_03,2,0f2f2711-b736-2f71-8c6a-245a9d820a8c/scene0066_04-scene0066_01-scene0066_00-scene0066_02-scene0066_03/T2,11,62,18,0.5078125,1654,0.8252720677146312,0.17472793228536876,6,100,0.06
0f2f2711-b736-2f71-8c6a-245a9d820a8c,scene0066_04-scene0066_01-scene0066_00-scene0066_02-scene0066_03,2,0f2f2711-b736-2f71-8c6a-245a9d820a8c/scene0066_04-scene0066_01-scene0066_00-scene0066_02-scene0066_03/T2,11,68,21,0.8868200182914734,2607,0.931722286152666,0.06827771384733405,6,100,0.06
0f2f2711-b736-2f71-8c6a-245a9d820a8c,scene0066_04-scene0066_01-scene0066_00-scene0066_02-scene0066_03,2,0f2f2711-b736-2f71-8c6a-245a9d820a8c/scene0066_04-scene0066_01-scene0066_00-scene0066_02-scene0066_03/T2,11,72,25,0.9215851426124573,1169,0.9349871685201027,0.06501283147989734,6,100,0.06
0f2f2711-b736-2f71-8c6a-245a9d820a8c,scene0066_04-scene0066_01-scene0066_00-scene0066_02-scene0066_03,2,0f2f2711-b736-2f71-8c6a-245a9d820a8c/scene0066_04-scene0066_01-scene0066_00-scene0066_02-scene0066_03/T2,11,74,22,0.9654450416564941,954,0.9664570230607966,0.033542976939203384,6,100,0.06
0f2f2711-b736-2f71-8c6a-245a9d820a8c,scene0066_04-scene0066_01-scene0066_00-scene0066_02-scene0066_03,2,0f2f2711-b736-2f71-8c6a-245a9d820a8c/scene0066_04-scene0066_01-scene0066_00-scene0066_02-scene0066_03/T2,11,75,20,0.6246223449707031,1049,0.7883698760724499,0.2116301239275501,6,100,0.06
0f2f2711-b736-2f71-8c6a-245a9d820a8c,scene0066_04-scene0066_01-scene0066_00-scene0066_02-scene0066_03,2,0f2f2711-b736-2f71-8c6a-245a9d820a8c/scene0066_04-scene0066_01-scene0066_00-scene0066_02-scene0066_03/T2,11,89,6,0.8187578916549683,1316,0.9817629179331308,0.018237082066869248,6,100,0.06
0f2f2711-b736-2f71-8c6a-245a9d820a8c,scene0066_04-scene0066_01-scene0066_00-scene0066_02-scene0066_03,2,0f2f2711-b736-2f71-8c6a-245a9d820a8c/scene0066_04-scene0066_01-scene0066_00-scene0066_02-scene0066_03/T2,11,97,24,0.6957994699478149,1237,0.8302344381568311,0.16976556184316893,6,100,0.06
0f2f2711-b736-2f71-8c6a-245a9d820a8c,scene0066_04-scene0066_01-scene0066_00-scene0066_02-scene0066_03,3,0f2f2711-b736-2f71-8c6a-245a9d820a8c/scene0066_04-scene0066_01-scene0066_00-scene0066_02-scene0066_03/T3,0,0,6,0.0,3095,0.0,1.0,100,100,1.0
0f2f2711-b736-2f71-8c6a-245a9d820a8c,scene0066_04-scene0066_01-scene0066_00-scene0066_02-scene0066_03,3,0f2f2711-b736-2f71-8c6a-245a9d820a8c/scene0066_04-scene0066_01-scene0066_00-scene0066_02-scene0066_03/T3,0,1,12,0.0,1706,0.0,1.0,100,100,1.0
0f2f2711-b736-2f71-8c6a-245a9d820a8c,scene0066_04-scene0066_01-scene0066_00-scene0066_02-scene0066_03,3,0f2f2711-b736-2f71-8c6a-245a9d820a8c/scene0066_04-scene0066_01-scene0066_00-scene0066_02-scene0066_03/T3,0,2,13,0.0,1945,0.0,1.0,100,100,1.0
0f2f2711-b736-2f71-8c6a-245a9d820a8c,scene0066_04-scene0066_01-scene0066_00-scene0066_02-scene0066_03,3,0f2f2711-b736-2f71-8c6a-245a9d820a8c/scene0066_04-scene0066_01-scene0066_00-scene0066_02-scene0066_03/T3,0,3,15,0.0,27021,0.0,1.0,100,100,1.0
0f2f2711-b736-2f71-8c6a-245a9d820a8c,scene0066_04-scene0066_01-scene0066_00-scene0066_02-scene0066_03,3,0f2f2711-b736-2f71-8c6a-245a9d820a8c/scene0066_04-scene0066_01-scene0066_00-scene0066_02-scene0066_03/T3,0,4,16,0.0,930,0.0,1.0,100,100,1.0
0f2f2711-b736-2f71-8c6a-245a9d820a8c,scene0066_04-scene0066_01-scene0066_00-scene0066_02-scene0066_03,3,0f2f2711-b736-2f71-8c6a-245a9d820a8c/scene0066_04-scene0066_01-scene0066_00-scene0066_02-scene0066_03/T3,0,5,17,0.0,3282,0.0,1.0,100,100,1.0
0f2f2711-b736-2f71-8c6a-245a9d820a8c,scene0066_04-scene0066_01-scene0066_00-scene0066_02-scene0066_03,3,0f2f2711-b736-2f71-8c6a-245a9d820a8c/scene0066_04-scene0066_01-scene0066_00-scene0066_02-scene0066_03/T3,0,6,18,0.0,2842,0.0,1.0,100,100,1.0
0f2f2711-b736-2f71-8c6a-245a9d820a8c,scene0066_04-scene0066_01-scene0066_00-scene0066_02-scene0066_03,3,0f2f2711-b736-2f71-8c6a-245a9d820a8c/scene0066_04-scene0066_01-scene0066_00-scene0066_02-scene0066_03/T3,0,7,20,0.0,1476,0.0,1.0,100,100,1.0
0f2f2711-b736-2f71-8c6a-245a9d820a8c,scene0066_04-scene0066_01-scene0066_00-scene0066_02-scene0066_03,3,0f2f2711-b736-2f71-8c6a-245a9d820a8c/scene0066_04-scene0066_01-scene0066_00-scene0066_02-scene0066_03/T3,0,8,21,0.0,4570,0.0,1.0,100,100,1.0
0f2f2711-b736-2f71-8c6a-245a9d820a8c,scene0066_04-scene0066_01-scene0066_00-scene0066_02-scene0066_03,3,0f2f2711-b736-2f71-8c6a-245a9d820a8c/scene0066_04-scene0066_01-scene0066_00-scene0066_02-scene0066_03/T3,0,9,22,0.0,2068,0.0,1.0,100,100,1.0
0f2f2711-b736-2f71-8c6a-245a9d820a8c,scene0066_04-scene0066_01-scene0066_00-scene0066_02-scene0066_03,3,0f2f2711-b736-2f71-8c6a-245a9d820a8c/scene0066_04-scene0066_01-scene0066_00-scene0066_02-scene0066_03/T3,0,10,23,0.0,2471,0.0,1.0,100,100,1.0
0f2f2711-b736-2f71-8c6a-245a9d820a8c,scene0066_04-scene0066_01-scene0066_00-scene0066_02-scene0066_03,3,0f2f2711-b736-2f71-8c6a-245a9d820a8c/scene0066_04-scene0066_01-scene0066_00-scene0066_02-scene0066_03/T3,0,11,24,0.0,2646,0.0,1.0,100,100,1.0
0f2f2711-b736-2f71-8c6a-245a9d820a8c,scene0066_04-scene0066_01-scene0066_00-scene0066_02-scene0066_03,3,0f2f2711-b736-2f71-8c6a-245a9d820a8c/scene0066_04-scene0066_01-scene0066_00-scene0066_02-scene0066_03/T3,0,12,25,0.0,2097,0.0,1.0,100,100,1.0
0f2f2711-b736-2f71-8c6a-245a9d820a8c,scene0066_04-scene0066_01-scene0066_00-scene0066_02-scene0066_03,3,0f2f2711-b736-2f71-8c6a-245a9d820a8c/scene0066_04-scene0066_01-scene0066_00-scene0066_02-scene0066_03/T3,0,13,28,0.0,1699,0.0,1.0,100,100,1.0
0f2f2711-b736-2f71-8c6a-245a9d820a8c,scene0066_04-scene0066_01-scene0066_00-scene0066_02-scene0066_03,3,0f2f2711-b736-2f71-8c6a-245a9d820a8c/scene0066_04-scene0066_01-scene0066_00-scene0066_02-scene0066_03/T3,0,14,31,0.0,2516,0.0,1.0,100,100,1.0
0f2f2711-b736-2f71-8c6a-245a9d820a8c,scene0066_04-scene0066_01-scene0066_00-scene0066_02-scene0066_03,3,0f2f2711-b736-2f71-8c6a-245a9d820a8c/scene0066_04-scene0066_01-scene0066_00-scene0066_02-scene0066_03/T3,0,15,49,0.0,392,0.0,1.0,100,100,1.0
0f2f2711-b736-2f71-8c6a-245a9d820a8c,scene0066_04-scene0066_01-scene0066_00-scene0066_02-scene0066_03,3,0f2f2711-b736-2f71-8c6a-245a9d820a8c/scene0066_04-scene0066_01-scene0066_00-scene0066_02-scene0066_03/T3,0,16,54,0.0,1290,0.0,1.0,100,100,1.0
0f2f2711-b736-2f71-8c6a-245a9d820a8c,scene0066_04-scene0066_01-scene0066_00-scene0066_02-scene0066_03,3,0f2f2711-b736-2f71-8c6a-245a9d820a8c/scene0066_04-scene0066_01-scene0066_00-scene0066_02-scene0066_03/T3,1,3,25,0.8998621702194214,2097,0.9341917024320457,0.06580829756795425,17,100,0.17
0f2f2711-b736-2f71-8c6a-245a9d820a8c,scene0066_04-scene0066_01-scene0066_00-scene0066_02-scene0066_03,3,0f2f2711-b736-2f71-8c6a-245a9d820a8c/scene0066_04-scene0066_01-scene0066_00-scene0066_02-scene0066_03/T3,1,7,49,0.16826266050338745,392,0.6275510204081632,0.37244897959183676,17,100,0.17
0f2f2711-b736-2f71-8c6a-245a9d820a8c,scene0066_04-scene0066_01-scene0066_00-scene0066_02-scene0066_03,3,0f2f2711-b736-2f71-8c6a-245a9d820a8c/scene0066_04-scene0066_01-scene0066_00-scene0066_02-scene0066_03/T3,1,14,17,0.34584614634513855,3282,0.8561852528945765,0.14381474710542352,17,100,0.17
0f2f2711-b736-2f71-8c6a-245a9d820a8c,scene0066_04-scene0066_01-scene0066_00-scene0066_02-scene0066_03,3,0f2f2711-b736-2f71-8c6a-245a9d820a8c/scene0066_04-scene0066_01-scene0066_00-scene0066_02-scene0066_03/T3,1,15,54,0.751857340335846,1290,0.7844961240310078,0.21550387596899223,17,100,0.17
0f2f2711-b736-2f71-8c6a-245a9d820a8c,scene0066_04-scene0066_01-scene0066_00-scene0066_02-scene0066_03,3,0f2f2711-b736-2f71-8c6a-245a9d820a8c/scene0066_04-scene0066_01-scene0066_00-scene0066_02-scene0066_03/T3,1,17,13,0.6997190117835999,1945,0.8961439588688946,0.10385604113110536,17,100,0.17
0f2f2711-b736-2f71-8c6a-245a9d820a8c,scene0066_04-scene0066_01-scene0066_00-scene0066_02-scene0066_03,3,0f2f2711-b736-2f71-8c6a-245a9d820a8c/scene0066_04-scene0066_01-scene0066_00-scene0066_02-scene0066_03/T3,1,28,21,0.5701577067375183,4570,0.925601750547046,0.07439824945295404,17,100,0.17
0f2f2711-b736-2f71-8c6a-245a9d820a8c,scene0066_04-scene0066_01-scene0066_00-scene0066_02-scene0066_03,3,0f2f2711-b736-2f71-8c6a-245a9d820a8c/scene0066_04-scene0066_01-scene0066_00-scene0066_02-scene0066_03/T3,1,38,16,0.14777760207653046,930,0.9688172043010753,0.03118279569892468,17,100,0.17
0f2f2711-b736-2f71-8c6a-245a9d820a8c,scene0066_04-scene0066_01-scene0066_00-scene0066_02-scene0066_03,3,0f2f2711-b736-2f71-8c6a-245a9d820a8c/scene0066_04-scene0066_01-scene0066_00-scene0066_02-scene0066_03/T3,1,39,6,0.9303452372550964,3095,0.9925686591276252,0.0074313408723748475,17,100,0.17
0f2f2711-b736-2f71-8c6a-245a9d820a8c,scene0066_04-scene0066_01-scene0066_00-scene0066_02-scene0066_03,3,0f2f2711-b736-2f71-8c6a-245a9d820a8c/scene0066_04-scene0066_01-scene0066_00-scene0066_02-scene0066_03/T3,1,42,24,0.5811125636100769,2646,0.8488284202569917,0.15117157974300832,17,100,0.17
0f2f2711-b736-2f71-8c6a-245a9d820a8c,scene0066_04-scene0066_01-scene0066_00-scene0066_02-scene0066_03,3,0f2f2711-b736-2f71-8c6a-245a9d820a8c/scene0066_04-scene0066_01-scene0066_00-scene0066_02-scene0066_03/T3,1,48,28,0.3109094798564911,1699,0.8269570335491465,0.17304296645085349,17,100,0.17
0f2f2711-b736-2f71-8c6a-245a9d820a8c,scene0066_04-scene0066_01-scene0066_00-scene0066_02-scene0066_03,3,0f2f2711-b736-2f71-8c6a-245a9d820a8c/scene0066_04-scene0066_01-scene0066_00-scene0066_02-scene0066_03/T3,1,50,12,0.6873576045036316,1706,0.7075029308323564,0.2924970691676436,17,100,0.17
0f2f2711-b736-2f71-8c6a-245a9d820a8c,scene0066_04-scene0066_01-scene0066_00-scene0066_02-scene0066_03,3,0f2f2711-b736-2f71-8c6a-245a9d820a8c/scene0066_04-scene0066_01-scene0066_00-scene0066_02-scene0066_03/T3,1,63,15,0.7436972260475159,27021,0.8799082195329558,0.12009178046704416,17,100,0.17
0f2f2711-b736-2f71-8c6a-245a9d820a8c,scene0066_04-scene0066_01-scene0066_00-scene0066_02-scene0066_03,3,0f2f2711-b736-2f71-8c6a-245a9d820a8c/scene0066_04-scene0066_01-scene0066_00-scene0066_02-scene0066_03/T3,1,67,31,0.729668915271759,2516,0.9022257551669316,0.0977742448330684,17,100,0.17
0f2f2711-b736-2f71-8c6a-245a9d820a8c,scene0066_04-scene0066_01-scene0066_00-scene0066_02-scene0066_03,3,0f2f2711-b736-2f71-8c6a-245a9d820a8c/scene0066_04-scene0066_01-scene0066_00-scene0066_02-scene0066_03/T3,1,88,22,0.9394084215164185,2068,0.9521276595744681,0.0478723404255319,17,100,0.17
0f2f2711-b736-2f71-8c6a-245a9d820a8c,scene0066_04-scene0066_01-scene0066_00-scene0066_02-scene0066_03,3,0f2f2711-b736-2f71-8c6a-245a9d820a8c/scene0066_04-scene0066_01-scene0066_00-scene0066_02-scene0066_03/T3,1,89,18,0.24366222321987152,2842,0.47009148486981,0.52990851513019,17,100,0.17
0f2f2711-b736-2f71-8c6a-245a9d820a8c,scene0066_04-scene0066_01-scene0066_00-scene0066_02-scene0066_03,3,0f2f2711-b736-2f71-8c6a-245a9d820a8c/scene0066_04-scene0066_01-scene0066_00-scene0066_02-scene0066_03/T3,1,95,23,0.8940597772598267,2471,0.9562929987859167,0.04370700121408333,17,100,0.17
0f2f2711-b736-2f71-8c6a-245a9d820a8c,scene0066_04-scene0066_01-scene0066_00-scene0066_02-scene0066_03,3,0f2f2711-b736-2f71-8c6a-245a9d820a8c/scene0066_04-scene0066_01-scene0066_00-scene0066_02-scene0066_03/T3,1,96,20,0.39394885301589966,1476,0.8556910569105691,0.14430894308943087,17,100,0.17
0f2f2711-b736-2f71-8c6a-245a9d820a8c,scene0066_04-scene0066_01-scene0066_00-scene0066_02-scene0066_03,3,0f2f2711-b736-2f71-8c6a-245a9d820a8c/scene0066_04-scene0066_01-scene0066_00-scene0066_02-scene0066_03/T3,2,7,49,0.2933333218097687,392,0.336734693877551,0.6632653061224489,9,100,0.09
0f2f2711-b736-2f71-8c6a-245a9d820a8c,scene0066_04-scene0066_01-scene0066_00-scene0066_02-scene0066_03,3,0f2f2711-b736-2f71-8c6a-245a9d820a8c/scene0066_04-scene0066_01-scene0066_00-scene0066_02-scene0066_03/T3,2,14,17,0.36734694242477417,3282,0.8884826325411335,0.11151736745886653,9,100,0.09
0f2f2711-b736-2f71-8c6a-245a9d820a8c,scene0066_04-scene0066_01-scene0066_00-scene0066_02-scene0066_03,3,0f2f2711-b736-2f71-8c6a-245a9d820a8c/scene0066_04-scene0066_01-scene0066_00-scene0066_02-scene0066_03/T3,2,15,54,0.6952264308929443,1290,0.8806201550387597,0.11937984496124032,9,100,0.09
0f2f2711-b736-2f71-8c6a-245a9d820a8c,scene0066_04-scene0066_01-scene0066_00-scene0066_02-scene0066_03,3,0f2f2711-b736-2f71-8c6a-245a9d820a8c/scene0066_04-scene0066_01-scene0066_00-scene0066_02-scene0066_03/T3,2,17,13,0.7267189025878906,1945,0.8586118251928021,0.1413881748071979,9,100,0.09
0f2f2711-b736-2f71-8c6a-245a9d820a8c,scene0066_04-scene0066_01-scene0066_00-scene0066_02-scene0066_03,3,0f2f2711-b736-2f71-8c6a-245a9d820a8c/scene0066_04-scene0066_01-scene0066_00-scene0066_02-scene0066_03/T3,2,18,6,0.9469790458679199,3095,0.9925686591276252,0.0074313408723748475,9,100,0.09
0f2f2711-b736-2f71-8c6a-245a9d820a8c,scene0066_04-scene0066_01-scene0066_00-scene0066_02-scene0066_03,3,0f2f2711-b736-2f71-8c6a-245a9d820a8c/scene0066_04-scene0066_01-scene0066_00-scene0066_02-scene0066_03/T3,2,27,25,0.8981567025184631,2097,0.9294229852169766,0.07057701478302336,9,100,0.09
0f2f2711-b736-2f71-8c6a-245a9d820a8c,scene0066_04-scene0066_01-scene0066_00-scene0066_02-scene0066_03,3,0f2f2711-b736-2f71-8c6a-245a9d820a8c/scene0066_04-scene0066_01-scene0066_00-scene0066_02-scene0066_03/T3,2,34,22,0.9305292963981628,2068,0.9521276595744681,0.0478723404255319,9,100,0.09
0f2f2711-b736-2f71-8c6a-245a9d820a8c,scene0066_04-scene0066_01-scene0066_00-scene0066_02-scene0066_03,3,0f2f2711-b736-2f71-8c6a-245a9d820a8c/scene0066_04-scene0066_01-scene0066_00-scene0066_02-scene0066_03/T3,2,38,16,0.17514613270759583,930,0.8698924731182796,0.13010752688172045,9,100,0.09
0f2f2711-b736-2f71-8c6a-245a9d820a8c,scene0066_04-scene0066_01-scene0066_00-scene0066_02-scene0066_03,3,0f2f2711-b736-2f71-8c6a-245a9d820a8c/scene0066_04-scene0066_01-scene0066_00-scene0066_02-scene0066_03/T3,2,42,24,0.7519999742507935,2646,0.8170823885109599,0.18291761148904007,9,100,0.09
0f2f2711-b736-2f71-8c6a-245a9d820a8c,scene0066_04-scene0066_01-scene0066_00-scene0066_02-scene0066_03,3,0f2f2711-b736-2f71-8c6a-245a9d820a8c/scene0066_04-scene0066_01-scene0066_00-scene0066_02-scene0066_03/T3,2,49,21,0.638565719127655,4570,0.8768052516411379,0.12319474835886213,9,100,0.09
0f2f2711-b736-2f71-8c6a-245a9d820a8c,scene0066_04-scene0066_01-scene0066_00-scene0066_02-scene0066_03,3,0f2f2711-b736-2f71-8c6a-245a9d820a8c/scene0066_04-scene0066_01-scene0066_00-scene0066_02-scene0066_03/T3,2,50,12,0.6913516521453857,1706,0.7825322391559203,0.2174677608440797,9,100,0.09
0f2f2711-b736-2f71-8c6a-245a9d820a8c,scene0066_04-scene0066_01-scene0066_00-scene0066_02-scene0066_03,3,0f2f2711-b736-2f71-8c6a-245a9d820a8c/scene0066_04-scene0066_01-scene0066_00-scene0066_02-scene0066_03/T3,2,57,20,0.48043131828308105,1476,0.8150406504065041,0.18495934959349591,9,100,0.09
0f2f2711-b736-2f71-8c6a-245a9d820a8c,scene0066_04-scene0066_01-scene0066_00-scene0066_02-scene0066_03,3,0f2f2711-b736-2f71-8c6a-245a9d820a8c/scene0066_04-scene0066_01-scene0066_00-scene0066_02-scene0066_03/T3,2,69,15,0.7891555428504944,27021,0.95174123829614,0.04825876170386001,9,100,0.09
0f2f2711-b736-2f71-8c6a-245a9d820a8c,scene0066_04-scene0066_01-scene0066_00-scene0066_02-scene0066_03,3,0f2f2711-b736-2f71-8c6a-245a9d820a8c/scene0066_04-scene0066_01-scene0066_00-scene0066_02-scene0066_03/T3,2,75,31,0.7891701459884644,2516,0.9789348171701113,0.021065182829888673,9,100,0.09
0f2f2711-b736-2f71-8c6a-245a9d820a8c,scene0066_04-scene0066_01-scene0066_00-scene0066_02-scene0066_03,3,0f2f2711-b736-2f71-8c6a-245a9d820a8c/scene0066_04-scene0066_01-scene0066_00-scene0066_02-scene0066_03/T3,2,77,28,0.3681176006793976,1699,0.7516185991759858,0.24838140082401416,9,100,0.09
0f2f2711-b736-2f71-8c6a-245a9d820a8c,scene0066_04-scene0066_01-scene0066_00-scene0066_02-scene0066_03,3,0f2f2711-b736-2f71-8c6a-245a9d820a8c/scene0066_04-scene0066_01-scene0066_00-scene0066_02-scene0066_03/T3,2,89,18,0.4768092632293701,2842,0.8391977480647431,0.16080225193525688,9,100,0.09
0f2f2711-b736-2f71-8c6a-245a9d820a8c,scene0066_04-scene0066_01-scene0066_00-scene0066_02-scene0066_03,3,0f2f2711-b736-2f71-8c6a-245a9d820a8c/scene0066_04-scene0066_01-scene0066_00-scene0066_02-scene0066_03/T3,2,95,23,0.86317378282547,2471,0.9267503035208418,0.07324969647915824,9,100,0.09
0f2f2711-b736-2f71-8c6a-245a9d820a8c,scene0066_04-scene0066_01-scene0066_00-scene0066_02-scene0066_03,3,0f2f2711-b736-2f71-8c6a-245a9d820a8c/scene0066_04-scene0066_01-scene0066_00-scene0066_02-scene0066_03/T3,3,1,21,0.6875779032707214,4570,0.7242888402625821,0.2757111597374179,7,100,0.07
0f2f2711-b736-2f71-8c6a-245a9d820a8c,scene0066_04-scene0066_01-scene0066_00-scene0066_02-scene0066_03,3,0f2f2711-b736-2f71-8c6a-245a9d820a8c/scene0066_04-scene0066_01-scene0066_00-scene0066_02-scene0066_03/T3,3,18,6,0.9469790458679199,3095,0.9925686591276252,0.0074313408723748475,7,100,0.07
0f2f2711-b736-2f71-8c6a-245a9d820a8c,scene0066_04-scene0066_01-scene0066_00-scene0066_02-scene0066_03,3,0f2f2711-b736-2f71-8c6a-245a9d820a8c/scene0066_04-scene0066_01-scene0066_00-scene0066_02-scene0066_03/T3,3,22,23,0.8726648688316345,2471,0.9263456090651558,0.07365439093484416,7,100,0.07
0f2f2711-b736-2f71-8c6a-245a9d820a8c,scene0066_04-scene0066_01-scene0066_00-scene0066_02-scene0066_03,3,0f2f2711-b736-2f71-8c6a-245a9d820a8c/scene0066_04-scene0066_01-scene0066_00-scene0066_02-scene0066_03/T3,3,38,16,0.17866776883602142,930,0.9258064516129032,0.0741935483870968,7,100,0.07
0f2f2711-b736-2f71-8c6a-245a9d820a8c,scene0066_04-scene0066_01-scene0066_00-scene0066_02-scene0066_03,3,0f2f2711-b736-2f71-8c6a-245a9d820a8c/scene0066_04-scene0066_01-scene0066_00-scene0066_02-scene0066_03/T3,3,42,24,0.7787306904792786,2646,0.8578987150415722,0.14210128495842778,7,100,0.07
0f2f2711-b736-2f71-8c6a-245a9d820a8c,scene0066_04-scene0066_01-scene0066_00-scene0066_02-scene0066_03,3,0f2f2711-b736-2f71-8c6a-245a9d820a8c/scene0066_04-scene0066_01-scene0066_00-scene0066_02-scene0066_03/T3,3,48,28,0.5704377889633179,1699,0.7745732783990583,0.22542672160094168,7,100,0.07
0f2f2711-b736-2f71-8c6a-245a9d820a8c,scene0066_04-scene0066_01-scene0066_00-scene0066_02-scene0066_03,3,0f2f2711-b736-2f71-8c6a-245a9d820a8c/scene0066_04-scene0066_01-scene0066_00-scene0066_02-scene0066_03/T3,3,50,12,0.8476712107658386,1706,0.906799531066823,0.09320046893317702,7,100,0.07
0f2f2711-b736-2f71-8c6a-245a9d820a8c,scene0066_04-scene0066_01-scene0066_00-scene0066_02-scene0066_03,3,0f2f2711-b736-2f71-8c6a-245a9d820a8c/scene0066_04-scene0066_01-scene0066_00-scene0066_02-scene0066_03/T3,3,53,54,0.7834821343421936,1290,0.8162790697674419,0.1837209302325581,7,100,0.07
0f2f2711-b736-2f71-8c6a-245a9d820a8c,scene0066_04-scene0066_01-scene0066_00-scene0066_02-scene0066_03,3,0f2f2711-b736-2f71-8c6a-245a9d820a8c/scene0066_04-scene0066_01-scene0066_00-scene0066_02-scene0066_03/T3,3,57,20,0.6760404706001282,1476,0.8143631436314364,0.18563685636856364,7,100,0.07
0f2f2711-b736-2f71-8c6a-245a9d820a8c,scene0066_04-scene0066_01-scene0066_00-scene0066_02-scene0066_03,3,0f2f2711-b736-2f71-8c6a-245a9d820a8c/scene0066_04-scene0066_01-scene0066_00-scene0066_02-scene0066_03/T3,3,63,15,0.7926022410392761,27021,0.948447503793346,0.05155249620665403,7,100,0.07
0f2f2711-b736-2f71-8c6a-245a9d820a8c,scene0066_04-scene0066_01-scene0066_00-scene0066_02-scene0066_03,3,0f2f2711-b736-2f71-8c6a-245a9d820a8c/scene0066_04-scene0066_01-scene0066_00-scene0066_02-scene0066_03/T3,3,64,17,0.5283834338188171,3282,0.8196221815965874,0.1803778184034126,7,100,0.07
0f2f2711-b736-2f71-8c6a-245a9d820a8c,scene0066_04-scene0066_01-scene0066_00-scene0066_02-scene0066_03,3,0f2f2711-b736-2f71-8c6a-245a9d820a8c/scene0066_04-scene0066_01-scene0066_00-scene0066_02-scene0066_03/T3,3,75,31,0.8167213201522827,2516,0.9900635930047694,0.009936406995230573,7,100,0.07
0f2f2711-b736-2f71-8c6a-245a9d820a8c,scene0066_04-scene0066_01-scene0066_00-scene0066_02-scene0066_03,3,0f2f2711-b736-2f71-8c6a-245a9d820a8c/scene0066_04-scene0066_01-scene0066_00-scene0066_02-scene0066_03/T3,3,84,25,0.8799814581871033,2097,0.9055793991416309,0.09442060085836912,7,100,0.07
0f2f2711-b736-2f71-8c6a-245a9d820a8c,scene0066_04-scene0066_01-scene0066_00-scene0066_02-scene0066_03,3,0f2f2711-b736-2f71-8c6a-245a9d820a8c/scene0066_04-scene0066_01-scene0066_00-scene0066_02-scene0066_03/T3,3,88,22,0.9394084215164185,2068,0.9521276595744681,0.0478723404255319,7,100,0.07
0f2f2711-b736-2f71-8c6a-245a9d820a8c,scene0066_04-scene0066_01-scene0066_00-scene0066_02-scene0066_03,3,0f2f2711-b736-2f71-8c6a-245a9d820a8c/scene0066_04-scene0066_01-scene0066_00-scene0066_02-scene0066_03/T3,3,89,18,0.41078004240989685,2842,0.4317382125263899,0.5682617874736101,7,100,0.07
0f2f2711-b736-2f71-8c6a-245a9d820a8c,scene0066_04-scene0066_01-scene0066_00-scene0066_02-scene0066_03,3,0f2f2711-b736-2f71-8c6a-245a9d820a8c/scene0066_04-scene0066_01-scene0066_00-scene0066_02-scene0066_03/T3,3,90,13,0.7510784864425659,1945,0.8951156812339331,0.10488431876606685,7,100,0.07
0f2f2711-b736-2f71-8c6a-245a9d820a8c,scene0066_04-scene0066_01-scene0066_00-scene0066_02-scene0066_03,3,0f2f2711-b736-2f71-8c6a-245a9d820a8c/scene0066_04-scene0066_01-scene0066_00-scene0066_02-scene0066_03/T3,3,96,49,0.15489129722118378,392,0.29081632653061223,0.7091836734693877,7,100,0.07
0f2f2711-b736-2f71-8c6a-245a9d820a8c,scene0066_04-scene0066_01-scene0066_00-scene0066_02-scene0066_03,3,0f2f2711-b736-2f71-8c6a-245a9d820a8c/scene0066_04-scene0066_01-scene0066_00-scene0066_02-scene0066_03/T3,4,3,25,0.9002309441566467,2097,0.9294229852169766,0.07057701478302336,12,100,0.12
0f2f2711-b736-2f71-8c6a-245a9d820a8c,scene0066_04-scene0066_01-scene0066_00-scene0066_02-scene0066_03,3,0f2f2711-b736-2f71-8c6a-245a9d820a8c/scene0066_04-scene0066_01-scene0066_00-scene0066_02-scene0066_03/T3,4,7,12,0.7303063273429871,1706,0.7825322391559203,0.2174677608440797,12,100,0.12
0f2f2711-b736-2f71-8c6a-245a9d820a8c,scene0066_04-scene0066_01-scene0066_00-scene0066_02-scene0066_03,3,0f2f2711-b736-2f71-8c6a-245a9d820a8c/scene0066_04-scene0066_01-scene0066_00-scene0066_02-scene0066_03/T3,4,9,21,0.6182846426963806,4570,0.8612691466083151,0.1387308533916849,12,100,0.12
0f2f2711-b736-2f71-8c6a-245a9d820a8c,scene0066_04-scene0066_01-scene0066_00-scene0066_02-scene0066_03,3,0f2f2711-b736-2f71-8c6a-245a9d820a8c/scene0066_04-scene0066_01-scene0066_00-scene0066_02-scene0066_03/T3,4,18,6,0.9469790458679199,3095,0.9925686591276252,0.0074313408723748475,12,100,0.12
0f2f2711-b736-2f71-8c6a-245a9d820a8c,scene0066_04-scene0066_01-scene0066_00-scene0066_02-scene0066_03,3,0f2f2711-b736-2f71-8c6a-245a9d820a8c/scene0066_04-scene0066_01-scene0066_00-scene0066_02-scene0066_03/T3,4,19,49,0.3350253701210022,392,0.336734693877551,0.6632653061224489,12,100,0.12
0f2f2711-b736-2f71-8c6a-245a9d820a8c,scene0066_04-scene0066_01-scene0066_00-scene0066_02-scene0066_03,3,0f2f2711-b736-2f71-8c6a-245a9d820a8c/scene0066_04-scene0066_01-scene0066_00-scene0066_02-scene0066_03/T3,4,22,23,0.8926810622215271,2471,0.952650748684743,0.047349251315257024,12,100,0.12
0f2f2711-b736-2f71-8c6a-245a9d820a8c,scene0066_04-scene0066_01-scene0066_00-scene0066_02-scene0066_03,3,0f2f2711-b736-2f71-8c6a-245a9d820a8c/scene0066_04-scene0066_01-scene0066_00-scene0066_02-scene0066_03/T3,4,26,24,0.7803448438644409,2646,0.8552532123960696,0.14474678760393045,12,100,0.12
0f2f2711-b736-2f71-8c6a-245a9d820a8c,scene0066_04-scene0066_01-scene0066_00-scene0066_02-scene0066_03,3,0f2f2711-b736-2f71-8c6a-245a9d820a8c/scene0066_04-scene0066_01-scene0066_00-scene0066_02-scene0066_03/T3,4,38,16,0.2391437292098999,930,0.8408602150537634,0.1591397849462366,12,100,0.12
0f2f2711-b736-2f71-8c6a-245a9d820a8c,scene0066_04-scene0066_01-scene0066_00-scene0066_02-scene0066_03,3,0f2f2711-b736-2f71-8c6a-245a9d820a8c/scene0066_04-scene0066_01-scene0066_00-scene0066_02-scene0066_03/T3,4,57,20,0.7224880456924438,1476,0.8184281842818428,0.18157181571815717,12,100,0.12
0f2f2711-b736-2f71-8c6a-245a9d820a8c,scene0066_04-scene0066_01-scene0066_00-scene0066_02-scene0066_03,3,0f2f2711-b736-2f71-8c6a-245a9d820a8c/scene0066_04-scene0066_01-scene0066_00-scene0066_02-scene0066_03/T3,4,58,22,0.9379770755767822,2068,0.9506769825918762,0.04932301740812384,12,100,0.12
0f2f2711-b736-2f71-8c6a-245a9d820a8c,scene0066_04-scene0066_01-scene0066_00-scene0066_02-scene0066_03,3,0f2f2711-b736-2f71-8c6a-245a9d820a8c/scene0066_04-scene0066_01-scene0066_00-scene0066_02-scene0066_03/T3,4,63,15,0.7658869028091431,27021,0.9148070019614374,0.08519299803856262,12,100,0.12
0f2f2711-b736-2f71-8c6a-245a9d820a8c,scene0066_04-scene0066_01-scene0066_00-scene0066_02-scene0066_03,3,0f2f2711-b736-2f71-8c6a-245a9d820a8c/scene0066_04-scene0066_01-scene0066_00-scene0066_02-scene0066_03/T3,4,64,17,0.6624265909194946,3282,0.8251066422912858,0.17489335770871417,12,100,0.12
0f2f2711-b736-2f71-8c6a-245a9d820a8c,scene0066_04-scene0066_01-scene0066_00-scene0066_02-scene0066_03,3,0f2f2711-b736-2f71-8c6a-245a9d820a8c/scene0066_04-scene0066_01-scene0066_00-scene0066_02-scene0066_03/T3,4,75,31,0.8167213201522827,2516,0.9900635930047694,0.009936406995230573,12,100,0.12
0f2f2711-b736-2f71-8c6a-245a9d820a8c,scene0066_04-scene0066_01-scene0066_00-scene0066_02-scene0066_03,3,0f2f2711-b736-2f71-8c6a-245a9d820a8c/scene0066_04-scene0066_01-scene0066_00-scene0066_02-scene0066_03/T3,4,81,28,0.4324930012226105,1699,0.4543849323131254,0.5456150676868746,12,100,0.12
0f2f2711-b736-2f71-8c6a-245a9d820a8c,scene0066_04-scene0066_01-scene0066_00-scene0066_02-scene0066_03,3,0f2f2711-b736-2f71-8c6a-245a9d820a8c/scene0066_04-scene0066_01-scene0066_00-scene0066_02-scene0066_03/T3,4,89,18,0.4675963819026947,2842,0.601688951442646,0.398311048557354,12,100,0.12
0f2f2711-b736-2f71-8c6a-245a9d820a8c,scene0066_04-scene0066_01-scene0066_00-scene0066_02-scene0066_03,3,0f2f2711-b736-2f71-8c6a-245a9d820a8c/scene0066_04-scene0066_01-scene0066_00-scene0066_02-scene0066_03/T3,4,90,13,0.7622591853141785,1945,0.8951156812339331,0.10488431876606685,12,100,0.12
0f2f2711-b736-2f71-8c6a-245a9d820a8c,scene0066_04-scene0066_01-scene0066_00-scene0066_02-scene0066_03,3,0f2f2711-b736-2f71-8c6a-245a9d820a8c/scene0066_04-scene0066_01-scene0066_00-scene0066_02-scene0066_03/T3,4,91,54,0.7797833681106567,1290,0.8372093023255814,0.16279069767441856,12,100,0.12
0f2f2711-b736-2f71-8c6a-245a9d820a8c,scene0066_04-scene0066_01-scene0066_00-scene0066_02-scene0066_03,3,0f2f2711-b736-2f71-8c6a-245a9d820a8c/scene0066_04-scene0066_01-scene0066_00-scene0066_02-scene0066_03/T3,5,0,24,0.7770154476165771,2646,0.8560090702947846,0.14399092970521543,5,100,0.05
0f2f2711-b736-2f71-8c6a-245a9d820a8c,scene0066_04-scene0066_01-scene0066_00-scene0066_02-scene0066_03,3,0f2f2711-b736-2f71-8c6a-245a9d820a8c/scene0066_04-scene0066_01-scene0066_00-scene0066_02-scene0066_03/T3,5,5,28,0.48223569989204407,1699,0.6550912301353737,0.34490876986462626,5,100,0.05
0f2f2711-b736-2f71-8c6a-245a9d820a8c,scene0066_04-scene0066_01-scene0066_00-scene0066_02-scene0066_03,3,0f2f2711-b736-2f71-8c6a-245a9d820a8c/scene0066_04-scene0066_01-scene0066_00-scene0066_02-scene0066_03/T3,5,13,12,0.7458745837211609,1706,0.794841735052755,0.20515826494724498,5,100,0.05
0f2f2711-b736-2f71-8c6a-245a9d820a8c,scene0066_04-scene0066_01-scene0066_00-scene0066_02-scene0066_03,3,0f2f2711-b736-2f71-8c6a-245a9d820a8c/scene0066_04-scene0066_01-scene0066_00-scene0066_02-scene0066_03/T3,5,18,6,0.9469790458679199,3095,0.9925686591276252,0.0074313408723748475,5,100,0.05
0f2f2711-b736-2f71-8c6a-245a9d820a8c,scene0066_04-scene0066_01-scene0066_00-scene0066_02-scene0066_03,3,0f2f2711-b736-2f71-8c6a-245a9d820a8c/scene0066_04-scene0066_01-scene0066_00-scene0066_02-scene0066_03/T3,5,19,49,0.33673468232154846,392,0.336734693877551,0.6632653061224489,5,100,0.05
0f2f2711-b736-2f71-8c6a-245a9d820a8c,scene0066_04-scene0066_01-scene0066_00-scene0066_02-scene0066_03,3,0f2f2711-b736-2f71-8c6a-245a9d820a8c/scene0066_04-scene0066_01-scene0066_00-scene0066_02-scene0066_03/T3,5,36,25,0.878003716468811,2097,0.9060562708631378,0.09394372913686222,5,100,0.05
0f2f2711-b736-2f71-8c6a-245a9d820a8c,scene0066_04-scene0066_01-scene0066_00-scene0066_02-scene0066_03,3,0f2f2711-b736-2f71-8c6a-245a9d820a8c/scene0066_04-scene0066_01-scene0066_00-scene0066_02-scene0066_03/T3,5,51,23,0.8797731399536133,2471,0.9417239983812222,0.05827600161877777,5,100,0.05
0f2f2711-b736-2f71-8c6a-245a9d820a8c,scene0066_04-scene0066_01-scene0066_00-scene0066_02-scene0066_03,3,0f2f2711-b736-2f71-8c6a-245a9d820a8c/scene0066_04-scene0066_01-scene0066_00-scene0066_02-scene0066_03/T3,5,57,20,0.7212918400764465,1476,0.8170731707317073,0.18292682926829273,5,100,0.05
0f2f2711-b736-2f71-8c6a-245a9d820a8c,scene0066_04-scene0066_01-scene0066_00-scene0066_02-scene0066_03,3,0f2f2711-b736-2f71-8c6a-245a9d820a8c/scene0066_04-scene0066_01-scene0066_00-scene0066_02-scene0066_03/T3,5,63,15,0.7913995385169983,27021,0.9548869397875727,0.045113060212427336,5,100,0.05
0f2f2711-b736-2f71-8c6a-245a9d820a8c,scene0066_04-scene0066_01-scene0066_00-scene0066_02-scene0066_03,3,0f2f2711-b736-2f71-8c6a-245a9d820a8c/scene0066_04-scene0066_01-scene0066_00-scene0066_02-scene0066_03/T3,5,64,17,0.669883668422699,3282,0.8248019500304692,0.1751980499695308,5,100,0.05
0f2f2711-b736-2f71-8c6a-245a9d820a8c,scene0066_04-scene0066_01-scene0066_00-scene0066_02-scene0066_03,3,0f2f2711-b736-2f71-8c6a-245a9d820a8c/scene0066_04-scene0066_01-scene0066_00-scene0066_02-scene0066_03/T3,5,76,16,0.1551162749528885,930,0.7172043010752688,0.2827956989247312,5,100,0.05
0f2f2711-b736-2f71-8c6a-245a9d820a8c,scene0066_04-scene0066_01-scene0066_00-scene0066_02-scene0066_03,3,0f2f2711-b736-2f71-8c6a-245a9d820a8c/scene0066_04-scene0066_01-scene0066_00-scene0066_02-scene0066_03/T3,5,80,21,0.659534752368927,4570,0.849890590809628,0.15010940919037197,5,100,0.05
0f2f2711-b736-2f71-8c6a-245a9d820a8c,scene0066_04-scene0066_01-scene0066_00-scene0066_02-scene0066_03,3,0f2f2711-b736-2f71-8c6a-245a9d820a8c/scene0066_04-scene0066_01-scene0066_00-scene0066_02-scene0066_03/T3,5,82,31,0.8459923267364502,2516,0.9606518282988871,0.03934817170111293,5,100,0.05
0f2f2711-b736-2f71-8c6a-245a9d820a8c,scene0066_04-scene0066_01-scene0066_00-scene0066_02-scene0066_03,3,0f2f2711-b736-2f71-8c6a-245a9d820a8c/scene0066_04-scene0066_01-scene0066_00-scene0066_02-scene0066_03/T3,5,88,22,0.9381294846534729,2068,0.9458413926499033,0.0541586073500967,5,100,0.05
0f2f2711-b736-2f71-8c6a-245a9d820a8c,scene0066_04-scene0066_01-scene0066_00-scene0066_02-scene0066_03,3,0f2f2711-b736-2f71-8c6a-245a9d820a8c/scene0066_04-scene0066_01-scene0066_00-scene0066_02-scene0066_03/T3,5,89,18,0.5508832931518555,2842,0.7790288529204785,0.22097114707952148,5,100,0.05
0f2f2711-b736-2f71-8c6a-245a9d820a8c,scene0066_04-scene0066_01-scene0066_00-scene0066_02-scene0066_03,3,0f2f2711-b736-2f71-8c6a-245a9d820a8c/scene0066_04-scene0066_01-scene0066_00-scene0066_02-scene0066_03/T3,5,90,13,0.7613835334777832,1945,0.8940874035989718,0.10591259640102824,5,100,0.05
0f2f2711-b736-2f71-8c6a-245a9d820a8c,scene0066_04-scene0066_01-scene0066_00-scene0066_02-scene0066_03,3,0f2f2711-b736-2f71-8c6a-245a9d820a8c/scene0066_04-scene0066_01-scene0066_00-scene0066_02-scene0066_03/T3,5,91,54,0.7797833681106567,1290,0.8372093023255814,0.16279069767441856,5,100,0.05
0f2f2711-b736-2f71-8c6a-245a9d820a8c,scene0066_04-scene0066_01-scene0066_00-scene0066_02-scene0066_03,3,0f2f2711-b736-2f71-8c6a-245a9d820a8c/scene0066_04-scene0066_01-scene0066_00-scene0066_02-scene0066_03/T3,6,1,21,0.6621236801147461,4570,0.712253829321663,0.28774617067833697,5,100,0.05
0f2f2711-b736-2f71-8c6a-245a9d820a8c,scene0066_04-scene0066_01-scene0066_00-scene0066_02-scene0066_03,3,0f2f2711-b736-2f71-8c6a-245a9d820a8c/scene0066_04-scene0066_01-scene0066_00-scene0066_02-scene0066_03/T3,6,3,25,0.890993058681488,2097,0.9198855507868383,0.08011444921316169,5,100,0.05
0f2f2711-b736-2f71-8c6a-245a9d820a8c,scene0066_04-scene0066_01-scene0066_00-scene0066_02-scene0066_03,3,0f2f2711-b736-2f71-8c6a-245a9d820a8c/scene0066_04-scene0066_01-scene0066_00-scene0066_02-scene0066_03/T3,6,7,12,0.7319079041481018,1706,0.7825322391559203,0.2174677608440797,5,100,0.05
0f2f2711-b736-2f71-8c6a-245a9d820a8c,scene0066_04-scene0066_01-scene0066_00-scene0066_02-scene0066_03,3,0f2f2711-b736-2f71-8c6a-245a9d820a8c/scene0066_04-scene0066_01-scene0066_00-scene0066_02-scene0066_03/T3,6,18,6,0.946104109287262,3095,0.9925686591276252,0.0074313408723748475,5,100,0.05
0f2f2711-b736-2f71-8c6a-245a9d820a8c,scene0066_04-scene0066_01-scene0066_00-scene0066_02-scene0066_03,3,0f2f2711-b736-2f71-8c6a-245a9d820a8c/scene0066_04-scene0066_01-scene0066_00-scene0066_02-scene0066_03/T3,6,21,49,0.33673468232154846,392,0.336734693877551,0.6632653061224489,5,100,0.05
0f2f2711-b736-2f71-8c6a-245a9d820a8c,scene0066_04-scene0066_01-scene0066_00-scene0066_02-scene0066_03,3,0f2f2711-b736-2f71-8c6a-245a9d820a8c/scene0066_04-scene0066_01-scene0066_00-scene0066_02-scene0066_03/T3,6,32,20,0.7423728704452515,1476,0.8902439024390244,0.1097560975609756,5,100,0.05
0f2f2711-b736-2f71-8c6a-245a9d820a8c,scene0066_04-scene0066_01-scene0066_00-scene0066_02-scene0066_03,3,0f2f2711-b736-2f71-8c6a-245a9d820a8c/scene0066_04-scene0066_01-scene0066_00-scene0066_02-scene0066_03/T3,6,58,22,0.9376499056816101,2068,0.945357833655706,0.054642166344293974,5,100,0.05
0f2f2711-b736-2f71-8c6a-245a9d820a8c,scene0066_04-scene0066_01-scene0066_00-scene0066_02-scene0066_03,3,0f2f2711-b736-2f71-8c6a-245a9d820a8c/scene0066_04-scene0066_01-scene0066_00-scene0066_02-scene0066_03/T3,6,63,15,0.7764723896980286,27021,0.9270197253987639,0.07298027460123613,5,100,0.05
0f2f2711-b736-2f71-8c6a-245a9d820a8c,scene0066_04-scene0066_01-scene0066_00-scene0066_02-scene0066_03,3,0f2f2711-b736-2f71-8c6a-245a9d820a8c/scene0066_04-scene0066_01-scene0066_00-scene0066_02-scene0066_03/T3,6,64,17,0.6761547923088074,3282,0.8251066422912858,0.17489335770871417,5,100,0.05
0f2f2711-b736-2f71-8c6a-245a9d820a8c,scene0066_04-scene0066_01-scene0066_00-scene0066_02-scene0066_03,3,0f2f2711-b736-2f71-8c6a-245a9d820a8c/scene0066_04-scene0066_01-scene0066_00-scene0066_02-scene0066_03/T3,6,75,31,0.8167213201522827,2516,0.9900635930047694,0.009936406995230573,5,100,0.05
0f2f2711-b736-2f71-8c6a-245a9d820a8c,scene0066_04-scene0066_01-scene0066_00-scene0066_02-scene0066_03,3,0f2f2711-b736-2f71-8c6a-245a9d820a8c/scene0066_04-scene0066_01-scene0066_00-scene0066_02-scene0066_03/T3,6,76,16,0.16824589669704437,930,0.7827956989247312,0.21720430107526878,5,100,0.05
0f2f2711-b736-2f71-8c6a-245a9d820a8c,scene0066_04-scene0066_01-scene0066_00-scene0066_02-scene0066_03,3,0f2f2711-b736-2f71-8c6a-245a9d820a8c/scene0066_04-scene0066_01-scene0066_00-scene0066_02-scene0066_03/T3,6,89,18,0.4658559262752533,2842,0.525686136523575,0.474313863476425,5,100,0.05
0f2f2711-b736-2f71-8c6a-245a9d820a8c,scene0066_04-scene0066_01-scene0066_00-scene0066_02-scene0066_03,3,0f2f2711-b736-2f71-8c6a-245a9d820a8c/scene0066_04-scene0066_01-scene0066_00-scene0066_02-scene0066_03/T3,6,90,13,0.7488172054290771,1945,0.8951156812339331,0.10488431876606685,5,100,0.05
0f2f2711-b736-2f71-8c6a-245a9d820a8c,scene0066_04-scene0066_01-scene0066_00-scene0066_02-scene0066_03,3,0f2f2711-b736-2f71-8c6a-245a9d820a8c/scene0066_04-scene0066_01-scene0066_00-scene0066_02-scene0066_03/T3,6,91,54,0.7520833611488342,1290,0.8395348837209302,0.16046511627906979,5,100,0.05
0f2f2711-b736-2f71-8c6a-245a9d820a8c,scene0066_04-scene0066_01-scene0066_00-scene0066_02-scene0066_03,3,0f2f2711-b736-2f71-8c6a-245a9d820a8c/scene0066_04-scene0066_01-scene0066_00-scene0066_02-scene0066_03/T3,6,94,24,0.7707163095474243,2646,0.8295540438397582,0.17044595616024183,5,100,0.05
0f2f2711-b736-2f71-8c6a-245a9d820a8c,scene0066_04-scene0066_01-scene0066_00-scene0066_02-scene0066_03,3,0f2f2711-b736-2f71-8c6a-245a9d820a8c/scene0066_04-scene0066_01-scene0066_00-scene0066_02-scene0066_03/T3,6,95,23,0.880135715007782,2471,0.9449615540267098,0.05503844597329022,5,100,0.05
0f2f2711-b736-2f71-8c6a-245a9d820a8c,scene0066_04-scene0066_01-scene0066_00-scene0066_02-scene0066_03,3,0f2f2711-b736-2f71-8c6a-245a9d820a8c/scene0066_04-scene0066_01-scene0066_00-scene0066_02-scene0066_03/T3,6,97,28,0.44768211245536804,1699,0.5968216597998823,0.40317834020011767,5,100,0.05
0f2f2711-b736-2f71-8c6a-245a9d820a8c,scene0066_04-scene0066_01-scene0066_00-scene0066_02-scene0066_03,3,0f2f2711-b736-2f71-8c6a-245a9d820a8c/scene0066_04-scene0066_01-scene0066_00-scene0066_02-scene0066_03/T3,7,3,25,0.8906901478767395,2097,0.9170243204577968,0.0829756795422032,6,100,0.06
0f2f2711-b736-2f71-8c6a-245a9d820a8c,scene0066_04-scene0066_01-scene0066_00-scene0066_02-scene0066_03,3,0f2f2711-b736-2f71-8c6a-245a9d820a8c/scene0066_04-scene0066_01-scene0066_00-scene0066_02-scene0066_03/T3,7,7,12,0.7254273295402527,1706,0.7960140679953107,0.20398593200468929,6,100,0.06
0f2f2711-b736-2f71-8c6a-245a9d820a8c,scene0066_04-scene0066_01-scene0066_00-scene0066_02-scene0066_03,3,0f2f2711-b736-2f71-8c6a-245a9d820a8c/scene0066_04-scene0066_01-scene0066_00-scene0066_02-scene0066_03/T3,7,18,6,0.9469790458679199,3095,0.9925686591276252,0.0074313408723748475,6,100,0.06
0f2f2711-b736-2f71-8c6a-245a9d820a8c,scene0066_04-scene0066_01-scene0066_00-scene0066_02-scene0066_03,3,0f2f2711-b736-2f71-8c6a-245a9d820a8c/scene0066_04-scene0066_01-scene0066_00-scene0066_02-scene0066_03/T3,7,19,49,0.33673468232154846,392,0.336734693877551,0.6632653061224489,6,100,0.06
0f2f2711-b736-2f71-8c6a-245a9d820a8c,scene0066_04-scene0066_01-scene0066_00-scene0066_02-scene0066_03,3,0f2f2711-b736-2f71-8c6a-245a9d820a8c/scene0066_04-scene0066_01-scene0066_00-scene0066_02-scene0066_03/T3,7,22,23,0.883790910243988,2471,0.9510319708619992,0.0489680291380008,6,100,0.06
0f2f2711-b736-2f71-8c6a-245a9d820a8c,scene0066_04-scene0066_01-scene0066_00-scene0066_02-scene0066_03,3,0f2f2711-b736-2f71-8c6a-245a9d820a8c/scene0066_04-scene0066_01-scene0066_00-scene0066_02-scene0066_03/T3,7,34,22,0.9395683407783508,2068,0.9472920696324951,0.052707930367504874,6,100,0.06
0f2f2711-b736-2f71-8c6a-245a9d820a8c,scene0066_04-scene0066_01-scene0066_00-scene0066_02-scene0066_03,3,0f2f2711-b736-2f71-8c6a-245a9d820a8c/scene0066_04-scene0066_01-scene0066_00-scene0066_02-scene0066_03/T3,7,37,20,0.7227901220321655,1476,0.8143631436314364,0.18563685636856364,6,100,0.06
0f2f2711-b736-2f71-8c6a-245a9d820a8c,scene0066_04-scene0066_01-scene0066_00-scene0066_02-scene0066_03,3,0f2f2711-b736-2f71-8c6a-245a9d820a8c/scene0066_04-scene0066_01-scene0066_00-scene0066_02-scene0066_03/T3,7,38,16,0.25194159150123596,930,0.8720430107526882,0.1279569892473118,6,100,0.06
0f2f2711-b736-2f71-8c6a-245a9d820a8c,scene0066_04-scene0066_01-scene0066_00-scene0066_02-scene0066_03,3,0f2f2711-b736-2f71-8c6a-245a9d820a8c/scene0066_04-scene0066_01-scene0066_00-scene0066_02-scene0066_03/T3,7,63,15,0.7880118489265442,27021,0.9365678546315829,0.06343214536841713,6,100,0.06
0f2f2711-b736-2f71-8c6a-245a9d820a8c,scene0066_04-scene0066_01-scene0066_00-scene0066_02-scene0066_03,3,0f2f2711-b736-2f71-8c6a-245a9d820a8c/scene0066_04-scene0066_01-scene0066_00-scene0066_02-scene0066_03/T3,7,64,17,0.5400875806808472,3282,0.8641072516758075,0.1358927483241925,6,100,0.06
0f2f2711-b736-2f71-8c6a-245a9d820a8c,scene0066_04-scene0066_01-scene0066_00-scene0066_02-scene0066_03,3,0f2f2711-b736-2f71-8c6a-245a9d820a8c/scene0066_04-scene0066_01-scene0066_00-scene0066_02-scene0066_03/T3,7,75,31,0.8167213201522827,2516,0.9900635930047694,0.009936406995230573,6,100,0.06
0f2f2711-b736-2f71-8c6a-245a9d820a8c,scene0066_04-scene0066_01-scene0066_00-scene0066_02-scene0066_03,3,0f2f2711-b736-2f71-8c6a-245a9d820a8c/scene0066_04-scene0066_01-scene0066_00-scene0066_02-scene0066_03/T3,7,80,21,0.6899309158325195,4570,0.8306345733041576,0.16936542669584242,6,100,0.06
0f2f2711-b736-2f71-8c6a-245a9d820a8c,scene0066_04-scene0066_01-scene0066_00-scene0066_02-scene0066_03,3,0f2f2711-b736-2f71-8c6a-245a9d820a8c/scene0066_04-scene0066_01-scene0066_00-scene0066_02-scene0066_03/T3,7,81,28,0.38882681727409363,1699,0.40965273690406123,0.5903472630959388,6,100,0.06
0f2f2711-b736-2f71-8c6a-245a9d820a8c,scene0066_04-scene0066_01-scene0066_00-scene0066_02-scene0066_03,3,0f2f2711-b736-2f71-8c6a-245a9d820a8c/scene0066_04-scene0066_01-scene0066_00-scene0066_02-scene0066_03/T3,7,89,18,0.47822195291519165,2842,0.5640394088669951,0.4359605911330049,6,100,0.06
0f2f2711-b736-2f71-8c6a-245a9d820a8c,scene0066_04-scene0066_01-scene0066_00-scene0066_02-scene0066_03,3,0f2f2711-b736-2f71-8c6a-245a9d820a8c/scene0066_04-scene0066_01-scene0066_00-scene0066_02-scene0066_03/T3,7,90,13,0.7517271041870117,1945,0.8951156812339331,0.10488431876606685,6,100,0.06
0f2f2711-b736-2f71-8c6a-245a9d820a8c,scene0066_04-scene0066_01-scene0066_00-scene0066_02-scene0066_03,3,0f2f2711-b736-2f71-8c6a-245a9d820a8c/scene0066_04-scene0066_01-scene0066_00-scene0066_02-scene0066_03/T3,7,91,54,0.7819494605064392,1290,0.8395348837209302,0.16046511627906979,6,100,0.06
0f2f2711-b736-2f71-8c6a-245a9d820a8c,scene0066_04-scene0066_01-scene0066_00-scene0066_02-scene0066_03,3,0f2f2711-b736-2f71-8c6a-245a9d820a8c/scene0066_04-scene0066_01-scene0066_00-scene0066_02-scene0066_03/T3,7,94,24,0.7693927884101868,2646,0.8284202569916855,0.17157974300831447,6,100,0.06
0f2f2711-b736-2f71-8c6a-245a9d820a8c,scene0066_04-scene0066_01-scene0066_00-scene0066_02-scene0066_03,3,0f2f2711-b736-2f71-8c6a-245a9d820a8c/scene0066_04-scene0066_01-scene0066_00-scene0066_02-scene0066_03/T3,8,0,24,0.7788858413696289,2646,0.8560090702947846,0.14399092970521543,9,100,0.09
0f2f2711-b736-2f71-8c6a-245a9d820a8c,scene0066_04-scene0066_01-scene0066_00-scene0066_02-scene0066_03,3,0f2f2711-b736-2f71-8c6a-245a9d820a8c/scene0066_04-scene0066_01-scene0066_00-scene0066_02-scene0066_03/T3,8,7,12,0.7416666746139526,1706,0.7825322391559203,0.2174677608440797,9,100,0.09
0f2f2711-b736-2f71-8c6a-245a9d820a8c,scene0066_04-scene0066_01-scene0066_00-scene0066_02-scene0066_03,3,0f2f2711-b736-2f71-8c6a-245a9d820a8c/scene0066_04-scene0066_01-scene0066_00-scene0066_02-scene0066_03/T3,8,18,6,0.9469790458679199,3095,0.9925686591276252,0.0074313408723748475,9,100,0.09
0f2f2711-b736-2f71-8c6a-245a9d820a8c,scene0066_04-scene0066_01-scene0066_00-scene0066_02-scene0066_03,3,0f2f2711-b736-2f71-8c6a-245a9d820a8c/scene0066_04-scene0066_01-scene0066_00-scene0066_02-scene0066_03/T3,8,19,49,0.33673468232154846,392,0.336734693877551,0.6632653061224489,9,100,0.09
0f2f2711-b736-2f71-8c6a-245a9d820a8c,scene0066_04-scene0066_01-scene0066_00-scene0066_02-scene0066_03,3,0f2f2711-b736-2f71-8c6a-245a9d820a8c/scene0066_04-scene0066_01-scene0066_00-scene0066_02-scene0066_03/T3,8,22,23,0.8918008208274841,2471,0.9639821934439499,0.036017806556050136,9,100,0.09
0f2f2711-b736-2f71-8c6a-245a9d820a8c,scene0066_04-scene0066_01-scene0066_00-scene0066_02-scene0066_03,3,0f2f2711-b736-2f71-8c6a-245a9d820a8c/scene0066_04-scene0066_01-scene0066_00-scene0066_02-scene0066_03/T3,8,37,20,0.722522497177124,1476,0.8150406504065041,0.18495934959349591,9,100,0.09
0f2f2711-b736-2f71-8c6a-245a9d820a8c,scene0066_04-scene0066_01-scene0066_00-scene0066_02-scene0066_03,3,0f2f2711-b736-2f71-8c6a-245a9d820a8c/scene0066_04-scene0066_01-scene0066_00-scene0066_02-scene0066_03/T3,8,58,22,0.9346374273300171,2068,0.9472920696324951,0.052707930367504874,9,100,0.09
0f2f2711-b736-2f71-8c6a-245a9d820a8c,scene0066_04-scene0066_01-scene0066_00-scene0066_02-scene0066_03,3,0f2f2711-b736-2f71-8c6a-245a9d820a8c/scene0066_04-scene0066_01-scene0066_00-scene0066_02-scene0066_03/T3,8,61,25,0.8966313004493713,2097,0.9265617548879351,0.07343824511206487,9,100,0.09
0f2f2711-b736-2f71-8c6a-245a9d820a8c,scene0066_04-scene0066_01-scene0066_00-scene0066_02-scene0066_03,3,0f2f2711-b736-2f71-8c6a-245a9d820a8c/scene0066_04-scene0066_01-scene0066_00-scene0066_02-scene0066_03/T3,8,63,15,0.7687149047851562,27021,0.9162503238222124,0.08374967617778761,9,100,0.09
0f2f2711-b736-2f71-8c6a-245a9d820a8c,scene0066_04-scene0066_01-scene0066_00-scene0066_02-scene0066_03,3,0f2f2711-b736-2f71-8c6a-245a9d820a8c/scene0066_04-scene0066_01-scene0066_00-scene0066_02-scene0066_03/T3,8,76,16,0.15598690509796143,930,0.7172043010752688,0.2827956989247312,9,100,0.09
0f2f2711-b736-2f71-8c6a-245a9d820a8c,scene0066_04-scene0066_01-scene0066_00-scene0066_02-scene0066_03,3,0f2f2711-b736-2f71-8c6a-245a9d820a8c/scene0066_04-scene0066_01-scene0066_00-scene0066_02-scene0066_03/T3,8,80,21,0.6601170301437378,4570,0.6910284463894967,0.3089715536105033,9,100,0.09
0f2f2711-b736-2f71-8c6a-245a9d820a8c,scene0066_04-scene0066_01-scene0066_00-scene0066_02-scene0066_03,3,0f2f2711-b736-2f71-8c6a-245a9d820a8c/scene0066_04-scene0066_01-scene0066_00-scene0066_02-scene0066_03/T3,8,82,31,0.84544837474823,2516,0.989268680445151,0.010731319554848961,9,100,0.09
0f2f2711-b736-2f71-8c6a-245a9d820a8c,scene0066_04-scene0066_01-scene0066_00-scene0066_02-scene0066_03,3,0f2f2711-b736-2f71-8c6a-245a9d820a8c/scene0066_04-scene0066_01-scene0066_00-scene0066_02-scene0066_03/T3,8,89,18,0.531062662601471,2842,0.6857846586910626,0.31421534130893736,9,100,0.09
0f2f2711-b736-2f71-8c6a-245a9d820a8c,scene0066_04-scene0066_01-scene0066_00-scene0066_02-scene0066_03,3,0f2f2711-b736-2f71-8c6a-245a9d820a8c/scene0066_04-scene0066_01-scene0066_00-scene0066_02-scene0066_03/T3,8,90,13,0.7510784864425659,1945,0.8951156812339331,0.10488431876606685,9,100,0.09
0f2f2711-b736-2f71-8c6a-245a9d820a8c,scene0066_04-scene0066_01-scene0066_00-scene0066_02-scene0066_03,3,0f2f2711-b736-2f71-8c6a-245a9d820a8c/scene0066_04-scene0066_01-scene0066_00-scene0066_02-scene0066_03/T3,8,91,54,0.7797833681106567,1290,0.8372093023255814,0.16279069767441856,9,100,0.09
0f2f2711-b736-2f71-8c6a-245a9d820a8c,scene0066_04-scene0066_01-scene0066_00-scene0066_02-scene0066_03,3,0f2f2711-b736-2f71-8c6a-245a9d820a8c/scene0066_04-scene0066_01-scene0066_00-scene0066_02-scene0066_03/T3,8,97,28,0.47771528363227844,1699,0.6497939964685109,0.3502060035314891,9,100,0.09
0f2f2711-b736-2f71-8c6a-245a9d820a8c,scene0066_04-scene0066_01-scene0066_00-scene0066_02-scene0066_03,3,0f2f2711-b736-2f71-8c6a-245a9d820a8c/scene0066_04-scene0066_01-scene0066_00-scene0066_02-scene0066_03/T3,8,99,17,0.6047108173370361,3282,0.7900670322973796,0.20993296770262038,9,100,0.09
0f2f2711-b736-2f71-8c6a-245a9d820a8c,scene0066_04-scene0066_01-scene0066_00-scene0066_02-scene0066_03,3,0f2f2711-b736-2f71-8c6a-245a9d820a8c/scene0066_04-scene0066_01-scene0066_00-scene0066_02-scene0066_03/T3,9,0,24,0.77028888463974,2646,0.8465608465608465,0.1534391534391535,6,100,0.06
0f2f2711-b736-2f71-8c6a-245a9d820a8c,scene0066_04-scene0066_01-scene0066_00-scene0066_02-scene0066_03,3,0f2f2711-b736-2f71-8c6a-245a9d820a8c/scene0066_04-scene0066_01-scene0066_00-scene0066_02-scene0066_03/T3,9,7,12,0.7281336784362793,1706,0.7661195779601406,0.23388042203985937,6,100,0.06
0f2f2711-b736-2f71-8c6a-245a9d820a8c,scene0066_04-scene0066_01-scene0066_00-scene0066_02-scene0066_03,3,0f2f2711-b736-2f71-8c6a-245a9d820a8c/scene0066_04-scene0066_01-scene0066_00-scene0066_02-scene0066_03/T3,9,18,6,0.9469790458679199,3095,0.9925686591276252,0.0074313408723748475,6,100,0.06
0f2f2711-b736-2f71-8c6a-245a9d820a8c,scene0066_04-scene0066_01-scene0066_00-scene0066_02-scene0066_03,3,0f2f2711-b736-2f71-8c6a-245a9d820a8c/scene0066_04-scene0066_01-scene0066_00-scene0066_02-scene0066_03/T3,9,19,49,0.3069767355918884,392,0.336734693877551,0.6632653061224489,6,100,0.06
0f2f2711-b736-2f71-8c6a-245a9d820a8c,scene0066_04-scene0066_01-scene0066_00-scene0066_02-scene0066_03,3,0f2f2711-b736-2f71-8c6a-245a9d820a8c/scene0066_04-scene0066_01-scene0066_00-scene0066_02-scene0066_03/T3,9,22,23,0.8795949220657349,2471,0.9490084985835694,0.05099150141643061,6,100,0.06
0f2f2711-b736-2f71-8c6a-245a9d820a8c,scene0066_04-scene0066_01-scene0066_00-scene0066_02-scene0066_03,3,0f2f2711-b736-2f71-8c6a-245a9d820a8c/scene0066_04-scene0066_01-scene0066_00-scene0066_02-scene0066_03/T3,9,37,20,0.7212918400764465,1476,0.8170731707317073,0.18292682926829273,6,100,0.06
0f2f2711-b736-2f71-8c6a-245a9d820a8c,scene0066_04-scene0066_01-scene0066_00-scene0066_02-scene0066_03,3,0f2f2711-b736-2f71-8c6a-245a9d820a8c/scene0066_04-scene0066_01-scene0066_00-scene0066_02-scene0066_03/T3,9,58,22,0.9376499056816101,2068,0.945357833655706,0.054642166344293974,6,100,0.06
0f2f2711-b736-2f71-8c6a-245a9d820a8c,scene0066_04-scene0066_01-scene0066_00-scene0066_02-scene0066_03,3,0f2f2711-b736-2f71-8c6a-245a9d820a8c/scene0066_04-scene0066_01-scene0066_00-scene0066_02-scene0066_03/T3,9,61,25,0.8816155791282654,2097,0.9055793991416309,0.09442060085836912,6,100,0.06
0f2f2711-b736-2f71-8c6a-245a9d820a8c,scene0066_04-scene0066_01-scene0066_00-scene0066_02-scene0066_03,3,0f2f2711-b736-2f71-8c6a-245a9d820a8c/scene0066_04-scene0066_01-scene0066_00-scene0066_02-scene0066_03/T3,9,63,15,0.7865036725997925,27021,0.9428962658672884,0.05710373413271164,6,100,0.06
0f2f2711-b736-2f71-8c6a-245a9d820a8c,scene0066_04-scene0066_01-scene0066_00-scene0066_02-scene0066_03,3,0f2f2711-b736-2f71-8c6a-245a9d820a8c/scene0066_04-scene0066_01-scene0066_00-scene0066_02-scene0066_03/T3,9,64,17,0.5437655448913574,3282,0.8650213284582572,0.1349786715417428,6,100,0.06
0f2f2711-b736-2f71-8c6a-245a9d820a8c,scene0066_04-scene0066_01-scene0066_00-scene0066_02-scene0066_03,3,0f2f2711-b736-2f71-8c6a-245a9d820a8c/scene0066_04-scene0066_01-scene0066_00-scene0066_02-scene0066_03/T3,9,76,16,0.16965742409229279,930,0.7827956989247312,0.21720430107526878,6,100,0.06
0f2f2711-b736-2f71-8c6a-245a9d820a8c,scene0066_04-scene0066_01-scene0066_00-scene0066_02-scene0066_03,3,0f2f2711-b736-2f71-8c6a-245a9d820a8c/scene0066_04-scene0066_01-scene0066_00-scene0066_02-scene0066_03/T3,9,80,21,0.6810912489891052,4570,0.7921225382932167,0.20787746170678334,6,100,0.06
0f2f2711-b736-2f71-8c6a-245a9d820a8c,scene0066_04-scene0066_01-scene0066_00-scene0066_02-scene0066_03,3,0f2f2711-b736-2f71-8c6a-245a9d820a8c/scene0066_04-scene0066_01-scene0066_00-scene0066_02-scene0066_03/T3,9,82,31,0.8649305701255798,2516,0.9900635930047694,0.009936406995230573,6,100,0.06
0f2f2711-b736-2f71-8c6a-245a9d820a8c,scene0066_04-scene0066_01-scene0066_00-scene0066_02-scene0066_03,3,0f2f2711-b736-2f71-8c6a-245a9d820a8c/scene0066_04-scene0066_01-scene0066_00-scene0066_02-scene0066_03/T3,9,89,18,0.5765884518623352,2842,0.7695285010555947,0.23047149894440533,6,100,0.06
0f2f2711-b736-2f71-8c6a-245a9d820a8c,scene0066_04-scene0066_01-scene0066_00-scene0066_02-scene0066_03,3,0f2f2711-b736-2f71-8c6a-245a9d820a8c/scene0066_04-scene0066_01-scene0066_00-scene0066_02-scene0066_03/T3,9,90,13,0.7605941295623779,1945,0.8951156812339331,0.10488431876606685,6,100,0.06
0f2f2711-b736-2f71-8c6a-245a9d820a8c,scene0066_04-scene0066_01-scene0066_00-scene0066_02-scene0066_03,3,0f2f2711-b736-2f71-8c6a-245a9d820a8c/scene0066_04-scene0066_01-scene0066_00-scene0066_02-scene0066_03/T3,9,91,54,0.7819494605064392,1290,0.8395348837209302,0.16046511627906979,6,100,0.06
0f2f2711-b736-2f71-8c6a-245a9d820a8c,scene0066_04-scene0066_01-scene0066_00-scene0066_02-scene0066_03,3,0f2f2711-b736-2f71-8c6a-245a9d820a8c/scene0066_04-scene0066_01-scene0066_00-scene0066_02-scene0066_03/T3,9,97,28,0.4614740312099457,1699,0.6486168334314303,0.3513831665685697,6,100,0.06
0f2f2711-b736-2f71-8c6a-245a9d820a8c,scene0066_04-scene0066_01-scene0066_00-scene0066_02-scene0066_03,3,0f2f2711-b736-2f71-8c6a-245a9d820a8c/scene0066_04-scene0066_01-scene0066_00-scene0066_02-scene0066_03/T3,10,3,25,0.8988970518112183,2097,0.932761087267525,0.06723891273247495,7,100,0.07
0f2f2711-b736-2f71-8c6a-245a9d820a8c,scene0066_04-scene0066_01-scene0066_00-scene0066_02-scene0066_03,3,0f2f2711-b736-2f71-8c6a-245a9d820a8c/scene0066_04-scene0066_01-scene0066_00-scene0066_02-scene0066_03/T3,10,10,54,0.7553191781044006,1290,0.8806201550387597,0.11937984496124032,7,100,0.07
0f2f2711-b736-2f71-8c6a-245a9d820a8c,scene0066_04-scene0066_01-scene0066_00-scene0066_02-scene0066_03,3,0f2f2711-b736-2f71-8c6a-245a9d820a8c/scene0066_04-scene0066_01-scene0066_00-scene0066_02-scene0066_03/T3,10,19,49,0.2933333218097687,392,0.336734693877551,0.6632653061224489,7,100,0.07
0f2f2711-b736-2f71-8c6a-245a9d820a8c,scene0066_04-scene0066_01-scene0066_00-scene0066_02-scene0066_03,3,0f2f2711-b736-2f71-8c6a-245a9d820a8c/scene0066_04-scene0066_01-scene0066_00-scene0066_02-scene0066_03/T3,10,22,23,0.8928168416023254,2471,0.9607446377984622,0.0392553622015378,7,100,0.07
0f2f2711-b736-2f71-8c6a-245a9d820a8c,scene0066_04-scene0066_01-scene0066_00-scene0066_02-scene0066_03,3,0f2f2711-b736-2f71-8c6a-245a9d820a8c/scene0066_04-scene0066_01-scene0066_00-scene0066_02-scene0066_03/T3,10,31,6,0.9469790458679199,3095,0.9925686591276252,0.0074313408723748475,7,100,0.07
0f2f2711-b736-2f71-8c6a-245a9d820a8c,scene0066_04-scene0066_01-scene0066_00-scene0066_02-scene0066_03,3,0f2f2711-b736-2f71-8c6a-245a9d820a8c/scene0066_04-scene0066_01-scene0066_00-scene0066_02-scene0066_03/T3,10,50,12,0.7678571343421936,1706,0.8569753810082064,0.14302461899179364,7,100,0.07
0f2f2711-b736-2f71-8c6a-245a9d820a8c,scene0066_04-scene0066_01-scene0066_00-scene0066_02-scene0066_03,3,0f2f2711-b736-2f71-8c6a-245a9d820a8c/scene0066_04-scene0066_01-scene0066_00-scene0066_02-scene0066_03/T3,10,57,20,0.7177658677101135,1476,0.8184281842818428,0.18157181571815717,7,100,0.07
0f2f2711-b736-2f71-8c6a-245a9d820a8c,scene0066_04-scene0066_01-scene0066_00-scene0066_02-scene0066_03,3,0f2f2711-b736-2f71-8c6a-245a9d820a8c/scene0066_04-scene0066_01-scene0066_00-scene0066_02-scene0066_03/T3,10,63,15,0.7820892930030823,27021,0.9279079234669331,0.07209207653306693,7,100,0.07
0f2f2711-b736-2f71-8c6a-245a9d820a8c,scene0066_04-scene0066_01-scene0066_00-scene0066_02-scene0066_03,3,0f2f2711-b736-2f71-8c6a-245a9d820a8c/scene0066_04-scene0066_01-scene0066_00-scene0066_02-scene0066_03/T3,10,64,17,0.5325520634651184,3282,0.8723339427178549,0.12766605728214508,7,100,0.07
0f2f2711-b736-2f71-8c6a-245a9d820a8c,scene0066_04-scene0066_01-scene0066_00-scene0066_02-scene0066_03,3,0f2f2711-b736-2f71-8c6a-245a9d820a8c/scene0066_04-scene0066_01-scene0066_00-scene0066_02-scene0066_03/T3,10,67,22,0.9346374273300171,2068,0.9472920696324951,0.052707930367504874,7,100,0.07
0f2f2711-b736-2f71-8c6a-245a9d820a8c,scene0066_04-scene0066_01-scene0066_00-scene0066_02-scene0066_03,3,0f2f2711-b736-2f71-8c6a-245a9d820a8c/scene0066_04-scene0066_01-scene0066_00-scene0066_02-scene0066_03/T3,10,76,16,0.17105263471603394,930,0.7827956989247312,0.21720430107526878,7,100,0.07
0f2f2711-b736-2f71-8c6a-245a9d820a8c,scene0066_04-scene0066_01-scene0066_00-scene0066_02-scene0066_03,3,0f2f2711-b736-2f71-8c6a-245a9d820a8c/scene0066_04-scene0066_01-scene0066_00-scene0066_02-scene0066_03/T3,10,80,21,0.6374289393424988,4570,0.8094091903719912,0.19059080962800878,7,100,0.07
0f2f2711-b736-2f71-8c6a-245a9d820a8c,scene0066_04-scene0066_01-scene0066_00-scene0066_02-scene0066_03,3,0f2f2711-b736-2f71-8c6a-245a9d820a8c/scene0066_04-scene0066_01-scene0066_00-scene0066_02-scene0066_03/T3,10,82,31,0.8207578063011169,2516,0.9900635930047694,0.009936406995230573,7,100,0.07
0f2f2711-b736-2f71-8c6a-245a9d820a8c,scene0066_04-scene0066_01-scene0066_00-scene0066_02-scene0066_03,3,0f2f2711-b736-2f71-8c6a-245a9d820a8c/scene0066_04-scene0066_01-scene0066_00-scene0066_02-scene0066_03/T3,10,89,18,0.5404558181762695,2842,0.6674876847290641,0.33251231527093594,7,100,0.07
0f2f2711-b736-2f71-8c6a-245a9d820a8c,scene0066_04-scene0066_01-scene0066_00-scene0066_02-scene0066_03,3,0f2f2711-b736-2f71-8c6a-245a9d820a8c/scene0066_04-scene0066_01-scene0066_00-scene0066_02-scene0066_03/T3,10,90,13,0.7488172054290771,1945,0.8951156812339331,0.10488431876606685,7,100,0.07
0f2f2711-b736-2f71-8c6a-245a9d820a8c,scene0066_04-scene0066_01-scene0066_00-scene0066_02-scene0066_03,3,0f2f2711-b736-2f71-8c6a-245a9d820a8c/scene0066_04-scene0066_01-scene0066_00-scene0066_02-scene0066_03/T3,10,94,24,0.7720897793769836,2646,0.8321995464852607,0.16780045351473927,7,100,0.07
0f2f2711-b736-2f71-8c6a-245a9d820a8c,scene0066_04-scene0066_01-scene0066_00-scene0066_02-scene0066_03,3,0f2f2711-b736-2f71-8c6a-245a9d820a8c/scene0066_04-scene0066_01-scene0066_00-scene0066_02-scene0066_03/T3,10,97,28,0.490230917930603,1699,0.6497939964685109,0.3502060035314891,7,100,0.07
0f2f2711-b736-2f71-8c6a-245a9d820a8c,scene0066_04-scene0066_01-scene0066_00-scene0066_02-scene0066_03,3,0f2f2711-b736-2f71-8c6a-245a9d820a8c/scene0066_04-scene0066_01-scene0066_00-scene0066_02-scene0066_03/T3,11,3,25,0.889556348323822,2097,0.9179780639008107,0.08202193609918929,6,100,0.06
0f2f2711-b736-2f71-8c6a-245a9d820a8c,scene0066_04-scene0066_01-scene0066_00-scene0066_02-scene0066_03,3,0f2f2711-b736-2f71-8c6a-245a9d820a8c/scene0066_04-scene0066_01-scene0066_00-scene0066_02-scene0066_03/T3,11,7,12,0.7557039260864258,1706,0.7960140679953107,0.20398593200468929,6,100,0.06
0f2f2711-b736-2f71-8c6a-245a9d820a8c,scene0066_04-scene0066_01-scene0066_00-scene0066_02-scene0066_03,3,0f2f2711-b736-2f71-8c6a-245a9d820a8c/scene0066_04-scene0066_01-scene0066_00-scene0066_02-scene0066_03/T3,11,10,54,0.7583333253860474,1290,0.8465116279069768,0.15348837209302324,6,100,0.06
0f2f2711-b736-2f71-8c6a-245a9d820a8c,scene0066_04-scene0066_01-scene0066_00-scene0066_02-scene0066_03,3,0f2f2711-b736-2f71-8c6a-245a9d820a8c/scene0066_04-scene0066_01-scene0066_00-scene0066_02-scene0066_03/T3,11,17,13,0.7594361305236816,1945,0.8586118251928021,0.1413881748071979,6,100,0.06
0f2f2711-b736-2f71-8c6a-245a9d820a8c,scene0066_04-scene0066_01-scene0066_00-scene0066_02-scene0066_03,3,0f2f2711-b736-2f71-8c6a-245a9d820a8c/scene0066_04-scene0066_01-scene0066_00-scene0066_02-scene0066_03/T3,11,18,6,0.9469790458679199,3095,0.9925686591276252,0.0074313408723748475,6,100,0.06
0f2f2711-b736-2f71-8c6a-245a9d820a8c,scene0066_04-scene0066_01-scene0066_00-scene0066_02-scene0066_03,3,0f2f2711-b736-2f71-8c6a-245a9d820a8c/scene0066_04-scene0066_01-scene0066_00-scene0066_02-scene0066_03/T3,11,19,49,0.33673468232154846,392,0.336734693877551,0.6632653061224489,6,100,0.06
0f2f2711-b736-2f71-8c6a-245a9d820a8c,scene0066_04-scene0066_01-scene0066_00-scene0066_02-scene0066_03,3,0f2f2711-b736-2f71-8c6a-245a9d820a8c/scene0066_04-scene0066_01-scene0066_00-scene0066_02-scene0066_03/T3,11,20,17,0.5188916921615601,3282,0.5648994515539305,0.4351005484460695,6,100,0.06
0f2f2711-b736-2f71-8c6a-245a9d820a8c,scene0066_04-scene0066_01-scene0066_00-scene0066_02-scene0066_03,3,0f2f2711-b736-2f71-8c6a-245a9d820a8c/scene0066_04-scene0066_01-scene0066_00-scene0066_02-scene0066_03/T3,11,26,24,0.7708838582038879,2646,0.8405139833711263,0.15948601662887374,6,100,0.06
0f2f2711-b736-2f71-8c6a-245a9d820a8c,scene0066_04-scene0066_01-scene0066_00-scene0066_02-scene0066_03,3,0f2f2711-b736-2f71-8c6a-245a9d820a8c/scene0066_04-scene0066_01-scene0066_00-scene0066_02-scene0066_03/T3,11,37,20,0.7224880456924438,1476,0.8184281842818428,0.18157181571815717,6,100,0.06
0f2f2711-b736-2f71-8c6a-245a9d820a8c,scene0066_04-scene0066_01-scene0066_00-scene0066_02-scene0066_03,3,0f2f2711-b736-2f71-8c6a-245a9d820a8c/scene0066_04-scene0066_01-scene0066_00-scene0066_02-scene0066_03/T3,11,38,16,0.3171539008617401,930,0.6182795698924731,0.3817204301075269,6,100,0.06
0f2f2711-b736-2f71-8c6a-245a9d820a8c,scene0066_04-scene0066_01-scene0066_00-scene0066_02-scene0066_03,3,0f2f2711-b736-2f71-8c6a-245a9d820a8c/scene0066_04-scene0066_01-scene0066_00-scene0066_02-scene0066_03/T3,11,58,22,0.9394084215164185,2068,0.9521276595744681,0.0478723404255319,6,100,0.06
0f2f2711-b736-2f71-8c6a-245a9d820a8c,scene0066_04-scene0066_01-scene0066_00-scene0066_02-scene0066_03,3,0f2f2711-b736-2f71-8c6a-245a9d820a8c/scene0066_04-scene0066_01-scene0066_00-scene0066_02-scene0066_03/T3,11,63,15,0.7890734672546387,27021,0.9370119536656675,0.06298804633433253,6,100,0.06
0f2f2711-b736-2f71-8c6a-245a9d820a8c,scene0066_04-scene0066_01-scene0066_00-scene0066_02-scene0066_03,3,0f2f2711-b736-2f71-8c6a-245a9d820a8c/scene0066_04-scene0066_01-scene0066_00-scene0066_02-scene0066_03/T3,11,80,21,0.6477338075637817,4570,0.7411378555798687,0.25886214442013133,6,100,0.06
0f2f2711-b736-2f71-8c6a-245a9d820a8c,scene0066_04-scene0066_01-scene0066_00-scene0066_02-scene0066_03,3,0f2f2711-b736-2f71-8c6a-245a9d820a8c/scene0066_04-scene0066_01-scene0066_00-scene0066_02-scene0066_03/T3,11,81,28,0.43128490447998047,1699,0.4543849323131254,0.5456150676868746,6,100,0.06
0f2f2711-b736-2f71-8c6a-245a9d820a8c,scene0066_04-scene0066_01-scene0066_00-scene0066_02-scene0066_03,3,0f2f2711-b736-2f71-8c6a-245a9d820a8c/scene0066_04-scene0066_01-scene0066_00-scene0066_02-scene0066_03/T3,11,82,31,0.8817165493965149,2516,0.9717806041335453,0.028219395866454722,6,100,0.06
0f2f2711-b736-2f71-8c6a-245a9d820a8c,scene0066_04-scene0066_01-scene0066_00-scene0066_02-scene0066_03,3,0f2f2711-b736-2f71-8c6a-245a9d820a8c/scene0066_04-scene0066_01-scene0066_00-scene0066_02-scene0066_03/T3,11,89,18,0.47570788860321045,2842,0.5615763546798029,0.43842364532019706,6,100,0.06
0f2f2711-b736-2f71-8c6a-245a9d820a8c,scene0066_04-scene0066_01-scene0066_00-scene0066_02-scene0066_03,3,0f2f2711-b736-2f71-8c6a-245a9d820a8c/scene0066_04-scene0066_01-scene0066_00-scene0066_02-scene0066_03/T3,11,95,23,0.8722200989723206,2471,0.9364629704573048,0.06353702954269524,6,100,0.06
0f2f2711-b736-2f71-8c6a-245a9d820a8c,scene0066_04-scene0066_01-scene0066_00-scene0066_02-scene0066_03,4,0f2f2711-b736-2f71-8c6a-245a9d820a8c/scene0066_04-scene0066_01-scene0066_00-scene0066_02-scene0066_03/T4,0,0,6,0.0,3250,0.0,1.0,100,100,1.0
0f2f2711-b736-2f71-8c6a-245a9d820a8c,scene0066_04-scene0066_01-scene0066_00-scene0066_02-scene0066_03,4,0f2f2711-b736-2f71-8c6a-245a9d820a8c/scene0066_04-scene0066_01-scene0066_00-scene0066_02-scene0066_03/T4,0,1,12,0.0,2232,0.0,1.0,100,100,1.0
0f2f2711-b736-2f71-8c6a-245a9d820a8c,scene0066_04-scene0066_01-scene0066_00-scene0066_02-scene0066_03,4,0f2f2711-b736-2f71-8c6a-245a9d820a8c/scene0066_04-scene0066_01-scene0066_00-scene0066_02-scene0066_03/T4,0,2,13,0.0,2308,0.0,1.0,100,100,1.0
0f2f2711-b736-2f71-8c6a-245a9d820a8c,scene0066_04-scene0066_01-scene0066_00-scene0066_02-scene0066_03,4,0f2f2711-b736-2f71-8c6a-245a9d820a8c/scene0066_04-scene0066_01-scene0066_00-scene0066_02-scene0066_03/T4,0,3,15,0.0,37018,0.0,1.0,100,100,1.0
0f2f2711-b736-2f71-8c6a-245a9d820a8c,scene0066_04-scene0066_01-scene0066_00-scene0066_02-scene0066_03,4,0f2f2711-b736-2f71-8c6a-245a9d820a8c/scene0066_04-scene0066_01-scene0066_00-scene0066_02-scene0066_03/T4,0,4,16,0.0,1314,0.0,1.0,100,100,1.0
0f2f2711-b736-2f71-8c6a-245a9d820a8c,scene0066_04-scene0066_01-scene0066_00-scene0066_02-scene0066_03,4,0f2f2711-b736-2f71-8c6a-245a9d820a8c/scene0066_04-scene0066_01-scene0066_00-scene0066_02-scene0066_03/T4,0,5,17,0.0,3970,0.0,1.0,100,100,1.0
0f2f2711-b736-2f71-8c6a-245a9d820a8c,scene0066_04-scene0066_01-scene0066_00-scene0066_02-scene0066_03,4,0f2f2711-b736-2f71-8c6a-245a9d820a8c/scene0066_04-scene0066_01-scene0066_00-scene0066_02-scene0066_03/T4,0,6,18,0.0,3567,0.0,1.0,100,100,1.0
0f2f2711-b736-2f71-8c6a-245a9d820a8c,scene0066_04-scene0066_01-scene0066_00-scene0066_02-scene0066_03,4,0f2f2711-b736-2f71-8c6a-245a9d820a8c/scene0066_04-scene0066_01-scene0066_00-scene0066_02-scene0066_03/T4,0,7,20,0.0,1852,0.0,1.0,100,100,1.0
0f2f2711-b736-2f71-8c6a-245a9d820a8c,scene0066_04-scene0066_01-scene0066_00-scene0066_02-scene0066_03,4,0f2f2711-b736-2f71-8c6a-245a9d820a8c/scene0066_04-scene0066_01-scene0066_00-scene0066_02-scene0066_03/T4,0,8,21,0.0,6678,0.0,1.0,100,100,1.0
0f2f2711-b736-2f71-8c6a-245a9d820a8c,scene0066_04-scene0066_01-scene0066_00-scene0066_02-scene0066_03,4,0f2f2711-b736-2f71-8c6a-245a9d820a8c/scene0066_04-scene0066_01-scene0066_00-scene0066_02-scene0066_03/T4,0,9,22,0.001949951285496354,3077,0.0019499512512187196,0.9980500487487812,100,100,1.0
0f2f2711-b736-2f71-8c6a-245a9d820a8c,scene0066_04-scene0066_01-scene0066_00-scene0066_02-scene0066_03,4,0f2f2711-b736-2f71-8c6a-245a9d820a8c/scene0066_04-scene0066_01-scene0066_00-scene0066_02-scene0066_03/T4,0,10,23,0.0,3049,0.0,1.0,100,100,1.0
0f2f2711-b736-2f71-8c6a-245a9d820a8c,scene0066_04-scene0066_01-scene0066_00-scene0066_02-scene0066_03,4,0f2f2711-b736-2f71-8c6a-245a9d820a8c/scene0066_04-scene0066_01-scene0066_00-scene0066_02-scene0066_03/T4,0,11,24,0.0,3868,0.0,1.0,100,100,1.0
0f2f2711-b736-2f71-8c6a-245a9d820a8c,scene0066_04-scene0066_01-scene0066_00-scene0066_02-scene0066_03,4,0f2f2711-b736-2f71-8c6a-245a9d820a8c/scene0066_04-scene0066_01-scene0066_00-scene0066_02-scene0066_03/T4,0,12,25,0.0,2595,0.0,1.0,100,100,1.0
0f2f2711-b736-2f71-8c6a-245a9d820a8c,scene0066_04-scene0066_01-scene0066_00-scene0066_02-scene0066_03,4,0f2f2711-b736-2f71-8c6a-245a9d820a8c/scene0066_04-scene0066_01-scene0066_00-scene0066_02-scene0066_03/T4,0,13,28,0.0,2234,0.0,1.0,100,100,1.0
0f2f2711-b736-2f71-8c6a-245a9d820a8c,scene0066_04-scene0066_01-scene0066_00-scene0066_02-scene0066_03,4,0f2f2711-b736-2f71-8c6a-245a9d820a8c/scene0066_04-scene0066_01-scene0066_00-scene0066_02-scene0066_03/T4,0,14,31,0.0,3056,0.0,1.0,100,100,1.0
0f2f2711-b736-2f71-8c6a-245a9d820a8c,scene0066_04-scene0066_01-scene0066_00-scene0066_02-scene0066_03,4,0f2f2711-b736-2f71-8c6a-245a9d820a8c/scene0066_04-scene0066_01-scene0066_00-scene0066_02-scene0066_03/T4,0,15,49,0.0,708,0.0,1.0,100,100,1.0
0f2f2711-b736-2f71-8c6a-245a9d820a8c,scene0066_04-scene0066_01-scene0066_00-scene0066_02-scene0066_03,4,0f2f2711-b736-2f71-8c6a-245a9d820a8c/scene0066_04-scene0066_01-scene0066_00-scene0066_02-scene0066_03/T4,0,16,54,0.0,1935,0.0,1.0,100,100,1.0
0f2f2711-b736-2f71-8c6a-245a9d820a8c,scene0066_04-scene0066_01-scene0066_00-scene0066_02-scene0066_03,4,0f2f2711-b736-2f71-8c6a-245a9d820a8c/scene0066_04-scene0066_01-scene0066_00-scene0066_02-scene0066_03/T4,1,4,15,0.7935236692428589,37018,0.8830839051272354,0.11691609487276455,7,100,0.07
0f2f2711-b736-2f71-8c6a-245a9d820a8c,scene0066_04-scene0066_01-scene0066_00-scene0066_02-scene0066_03,4,0f2f2711-b736-2f71-8c6a-245a9d820a8c/scene0066_04-scene0066_01-scene0066_00-scene0066_02-scene0066_03/T4,1,6,6,0.9874464273452759,3250,0.9923076923076923,0.007692307692307665,7,100,0.07
0f2f2711-b736-2f71-8c6a-245a9d820a8c,scene0066_04-scene0066_01-scene0066_00-scene0066_02-scene0066_03,4,0f2f2711-b736-2f71-8c6a-245a9d820a8c/scene0066_04-scene0066_01-scene0066_00-scene0066_02-scene0066_03/T4,1,13,18,0.2962922751903534,3567,0.7661900756938604,0.23380992430613956,7,100,0.07
0f2f2711-b736-2f71-8c6a-245a9d820a8c,scene0066_04-scene0066_01-scene0066_00-scene0066_02-scene0066_03,4,0f2f2711-b736-2f71-8c6a-245a9d820a8c/scene0066_04-scene0066_01-scene0066_00-scene0066_02-scene0066_03/T4,1,20,25,0.9001513123512268,2595,0.9171483622350675,0.08285163776493254,7,100,0.07
0f2f2711-b736-2f71-8c6a-245a9d820a8c,scene0066_04-scene0066_01-scene0066_00-scene0066_02-scene0066_03,4,0f2f2711-b736-2f71-8c6a-245a9d820a8c/scene0066_04-scene0066_01-scene0066_00-scene0066_02-scene0066_03/T4,1,24,21,0.7493323683738708,6678,0.9243785564540281,0.07562144354597189,7,100,0.07
0f2f2711-b736-2f71-8c6a-245a9d820a8c,scene0066_04-scene0066_01-scene0066_00-scene0066_02-scene0066_03,4,0f2f2711-b736-2f71-8c6a-245a9d820a8c/scene0066_04-scene0066_01-scene0066_00-scene0066_02-scene0066_03/T4,1,27,54,0.6381755471229553,1935,0.8604651162790697,0.13953488372093026,7,100,0.07
0f2f2711-b736-2f71-8c6a-245a9d820a8c,scene0066_04-scene0066_01-scene0066_00-scene0066_02-scene0066_03,4,0f2f2711-b736-2f71-8c6a-245a9d820a8c/scene0066_04-scene0066_01-scene0066_00-scene0066_02-scene0066_03/T4,1,38,31,0.7738488912582397,3056,0.9954188481675392,0.0045811518324607725,7,100,0.07
0f2f2711-b736-2f71-8c6a-245a9d820a8c,scene0066_04-scene0066_01-scene0066_00-scene0066_02-scene0066_03,4,0f2f2711-b736-2f71-8c6a-245a9d820a8c/scene0066_04-scene0066_01-scene0066_00-scene0066_02-scene0066_03/T4,1,46,12,0.4020880460739136,2232,0.6384408602150538,0.36155913978494625,7,100,0.07
0f2f2711-b736-2f71-8c6a-245a9d820a8c,scene0066_04-scene0066_01-scene0066_00-scene0066_02-scene0066_03,4,0f2f2711-b736-2f71-8c6a-245a9d820a8c/scene0066_04-scene0066_01-scene0066_00-scene0066_02-scene0066_03/T4,1,47,16,0.21919673681259155,1314,0.4901065449010654,0.5098934550989346,7,100,0.07
0f2f2711-b736-2f71-8c6a-245a9d820a8c,scene0066_04-scene0066_01-scene0066_00-scene0066_02-scene0066_03,4,0f2f2711-b736-2f71-8c6a-245a9d820a8c/scene0066_04-scene0066_01-scene0066_00-scene0066_02-scene0066_03/T4,1,56,24,0.5394191145896912,3868,0.8738366080661841,0.12616339193381587,7,100,0.07
0f2f2711-b736-2f71-8c6a-245a9d820a8c,scene0066_04-scene0066_01-scene0066_00-scene0066_02-scene0066_03,4,0f2f2711-b736-2f71-8c6a-245a9d820a8c/scene0066_04-scene0066_01-scene0066_00-scene0066_02-scene0066_03/T4,1,63,22,0.504707396030426,3077,0.8885277868053298,0.11147221319467016,7,100,0.07
0f2f2711-b736-2f71-8c6a-245a9d820a8c,scene0066_04-scene0066_01-scene0066_00-scene0066_02-scene0066_03,4,0f2f2711-b736-2f71-8c6a-245a9d820a8c/scene0066_04-scene0066_01-scene0066_00-scene0066_02-scene0066_03/T4,1,64,28,0.28474512696266174,2234,0.6951656222023277,0.3048343777976723,7,100,0.07
0f2f2711-b736-2f71-8c6a-245a9d820a8c,scene0066_04-scene0066_01-scene0066_00-scene0066_02-scene0066_03,4,0f2f2711-b736-2f71-8c6a-245a9d820a8c/scene0066_04-scene0066_01-scene0066_00-scene0066_02-scene0066_03/T4,1,74,13,0.7311475276947021,2308,0.8695840554592721,0.1304159445407279,7,100,0.07
0f2f2711-b736-2f71-8c6a-245a9d820a8c,scene0066_04-scene0066_01-scene0066_00-scene0066_02-scene0066_03,4,0f2f2711-b736-2f71-8c6a-245a9d820a8c/scene0066_04-scene0066_01-scene0066_00-scene0066_02-scene0066_03/T4,1,77,17,0.38281717896461487,3970,0.4826196473551637,0.5173803526448363,7,100,0.07
0f2f2711-b736-2f71-8c6a-245a9d820a8c,scene0066_04-scene0066_01-scene0066_00-scene0066_02-scene0066_03,4,0f2f2711-b736-2f71-8c6a-245a9d820a8c/scene0066_04-scene0066_01-scene0066_00-scene0066_02-scene0066_03/T4,1,85,20,0.2965215742588043,1852,0.8423326133909287,0.1576673866090713,7,100,0.07
0f2f2711-b736-2f71-8c6a-245a9d820a8c,scene0066_04-scene0066_01-scene0066_00-scene0066_02-scene0066_03,4,0f2f2711-b736-2f71-8c6a-245a9d820a8c/scene0066_04-scene0066_01-scene0066_00-scene0066_02-scene0066_03/T4,1,87,49,0.2890579402446747,708,0.6977401129943502,0.30225988700564976,7,100,0.07
0f2f2711-b736-2f71-8c6a-245a9d820a8c,scene0066_04-scene0066_01-scene0066_00-scene0066_02-scene0066_03,4,0f2f2711-b736-2f71-8c6a-245a9d820a8c/scene0066_04-scene0066_01-scene0066_00-scene0066_02-scene0066_03/T4,1,89,23,0.8496376872062683,3049,0.922925549360446,0.07707445063955398,7,100,0.07
0f2f2711-b736-2f71-8c6a-245a9d820a8c,scene0066_04-scene0066_01-scene0066_00-scene0066_02-scene0066_03,4,0f2f2711-b736-2f71-8c6a-245a9d820a8c/scene0066_04-scene0066_01-scene0066_00-scene0066_02-scene0066_03/T4,2,2,6,0.9859369993209839,3250,0.9923076923076923,0.007692307692307665,7,100,0.07
0f2f2711-b736-2f71-8c6a-245a9d820a8c,scene0066_04-scene0066_01-scene0066_00-scene0066_02-scene0066_03,4,0f2f2711-b736-2f71-8c6a-245a9d820a8c/scene0066_04-scene0066_01-scene0066_00-scene0066_02-scene0066_03/T4,2,4,15,0.7853196859359741,37018,0.8716840455994381,0.12831595440056187,7,100,0.07
0f2f2711-b736-2f71-8c6a-245a9d820a8c,scene0066_04-scene0066_01-scene0066_00-scene0066_02-scene0066_03,4,0f2f2711-b736-2f71-8c6a-245a9d820a8c/scene0066_04-scene0066_01-scene0066_00-scene0066_02-scene0066_03/T4,2,11,54,0.6966030597686768,1935,0.7736434108527132,0.22635658914728685,7,100,0.07
0f2f2711-b736-2f71-8c6a-245a9d820a8c,scene0066_04-scene0066_01-scene0066_00-scene0066_02-scene0066_03,4,0f2f2711-b736-2f71-8c6a-245a9d820a8c/scene0066_04-scene0066_01-scene0066_00-scene0066_02-scene0066_03/T4,2,19,16,0.17075130343437195,1314,0.3234398782343988,0.6765601217656012,7,100,0.07
0f2f2711-b736-2f71-8c6a-245a9d820a8c,scene0066_04-scene0066_01-scene0066_00-scene0066_02-scene0066_03,4,0f2f2711-b736-2f71-8c6a-245a9d820a8c/scene0066_04-scene0066_01-scene0066_00-scene0066_02-scene0066_03/T4,2,20,25,0.9036645293235779,2595,0.9217726396917149,0.07822736030828514,7,100,0.07
0f2f2711-b736-2f71-8c6a-245a9d820a8c,scene0066_04-scene0066_01-scene0066_00-scene0066_02-scene0066_03,4,0f2f2711-b736-2f71-8c6a-245a9d820a8c/scene0066_04-scene0066_01-scene0066_00-scene0066_02-scene0066_03/T4,2,35,49,0.25302955508232117,708,0.7372881355932204,0.2627118644067796,7,100,0.07
0f2f2711-b736-2f71-8c6a-245a9d820a8c,scene0066_04-scene0066_01-scene0066_00-scene0066_02-scene0066_03,4,0f2f2711-b736-2f71-8c6a-245a9d820a8c/scene0066_04-scene0066_01-scene0066_00-scene0066_02-scene0066_03/T4,2,42,12,0.581720769405365,2232,0.8754480286738351,0.12455197132616491,7,100,0.07
0f2f2711-b736-2f71-8c6a-245a9d820a8c,scene0066_04-scene0066_01-scene0066_00-scene0066_02-scene0066_03,4,0f2f2711-b736-2f71-8c6a-245a9d820a8c/scene0066_04-scene0066_01-scene0066_00-scene0066_02-scene0066_03/T4,2,48,20,0.36715948581695557,1852,0.8849892008639308,0.11501079913606915,7,100,0.07
0f2f2711-b736-2f71-8c6a-245a9d820a8c,scene0066_04-scene0066_01-scene0066_00-scene0066_02-scene0066_03,4,0f2f2711-b736-2f71-8c6a-245a9d820a8c/scene0066_04-scene0066_01-scene0066_00-scene0066_02-scene0066_03/T4,2,56,24,0.8004523515701294,3868,0.8234229576008273,0.1765770423991727,7,100,0.07
0f2f2711-b736-2f71-8c6a-245a9d820a8c,scene0066_04-scene0066_01-scene0066_00-scene0066_02-scene0066_03,4,0f2f2711-b736-2f71-8c6a-245a9d820a8c/scene0066_04-scene0066_01-scene0066_00-scene0066_02-scene0066_03/T4,2,60,13,0.7251220345497131,2308,0.8366551126516465,0.1633448873483535,7,100,0.07
0f2f2711-b736-2f71-8c6a-245a9d820a8c,scene0066_04-scene0066_01-scene0066_00-scene0066_02-scene0066_03,4,0f2f2711-b736-2f71-8c6a-245a9d820a8c/scene0066_04-scene0066_01-scene0066_00-scene0066_02-scene0066_03/T4,2,63,22,0.7223845720291138,3077,0.8033799155021124,0.1966200844978876,7,100,0.07
0f2f2711-b736-2f71-8c6a-245a9d820a8c,scene0066_04-scene0066_01-scene0066_00-scene0066_02-scene0066_03,4,0f2f2711-b736-2f71-8c6a-245a9d820a8c/scene0066_04-scene0066_01-scene0066_00-scene0066_02-scene0066_03/T4,2,64,28,0.30385568737983704,2234,0.7690241718889884,0.23097582811101158,7,100,0.07
0f2f2711-b736-2f71-8c6a-245a9d820a8c,scene0066_04-scene0066_01-scene0066_00-scene0066_02-scene0066_03,4,0f2f2711-b736-2f71-8c6a-245a9d820a8c/scene0066_04-scene0066_01-scene0066_00-scene0066_02-scene0066_03/T4,2,70,31,0.8403522968292236,3056,0.9990183246073299,0.0009816753926701338,7,100,0.07
0f2f2711-b736-2f71-8c6a-245a9d820a8c,scene0066_04-scene0066_01-scene0066_00-scene0066_02-scene0066_03,4,0f2f2711-b736-2f71-8c6a-245a9d820a8c/scene0066_04-scene0066_01-scene0066_00-scene0066_02-scene0066_03/T4,2,72,18,0.4860828220844269,3567,0.6021867115222876,0.39781328847771236,7,100,0.07
0f2f2711-b736-2f71-8c6a-245a9d820a8c,scene0066_04-scene0066_01-scene0066_00-scene0066_02-scene0066_03,4,0f2f2711-b736-2f71-8c6a-245a9d820a8c/scene0066_04-scene0066_01-scene0066_00-scene0066_02-scene0066_03/T4,2,73,17,0.22518159449100494,3970,0.25768261964735517,0.7423173803526448,7,100,0.07
0f2f2711-b736-2f71-8c6a-245a9d820a8c,scene0066_04-scene0066_01-scene0066_00-scene0066_02-scene0066_03,4,0f2f2711-b736-2f71-8c6a-245a9d820a8c/scene0066_04-scene0066_01-scene0066_00-scene0066_02-scene0066_03/T4,2,75,21,0.7556266188621521,6678,0.9200359389038635,0.07996406109613652,7,100,0.07
0f2f2711-b736-2f71-8c6a-245a9d820a8c,scene0066_04-scene0066_01-scene0066_00-scene0066_02-scene0066_03,4,0f2f2711-b736-2f71-8c6a-245a9d820a8c/scene0066_04-scene0066_01-scene0066_00-scene0066_02-scene0066_03/T4,2,89,23,0.8407975435256958,3049,0.8989832732043292,0.10101672679567075,7,100,0.07
0f2f2711-b736-2f71-8c6a-245a9d820a8c,scene0066_04-scene0066_01-scene0066_00-scene0066_02-scene0066_03,4,0f2f2711-b736-2f71-8c6a-245a9d820a8c/scene0066_04-scene0066_01-scene0066_00-scene0066_02-scene0066_03/T4,3,9,6,0.9859369993209839,3250,0.9923076923076923,0.007692307692307665,3,100,0.03
0f2f2711-b736-2f71-8c6a-245a9d820a8c,scene0066_04-scene0066_01-scene0066_00-scene0066_02-scene0066_03,4,0f2f2711-b736-2f71-8c6a-245a9d820a8c/scene0066_04-scene0066_01-scene0066_00-scene0066_02-scene0066_03/T4,3,11,54,0.7879629731178284,1935,0.8795865633074935,0.12041343669250648,3,100,0.03
0f2f2711-b736-2f71-8c6a-245a9d820a8c,scene0066_04-scene0066_01-scene0066_00-scene0066_02-scene0066_03,4,0f2f2711-b736-2f71-8c6a-245a9d820a8c/scene0066_04-scene0066_01-scene0066_00-scene0066_02-scene0066_03/T4,3,13,18,0.45378410816192627,3567,0.8202971684889263,0.1797028315110737,3,100,0.03
0f2f2711-b736-2f71-8c6a-245a9d820a8c,scene0066_04-scene0066_01-scene0066_00-scene0066_02-scene0066_03,4,0f2f2711-b736-2f71-8c6a-245a9d820a8c/scene0066_04-scene0066_01-scene0066_00-scene0066_02-scene0066_03/T4,3,20,25,0.9001513123512268,2595,0.9171483622350675,0.08285163776493254,3,100,0.03
0f2f2711-b736-2f71-8c6a-245a9d820a8c,scene0066_04-scene0066_01-scene0066_00-scene0066_02-scene0066_03,4,0f2f2711-b736-2f71-8c6a-245a9d820a8c/scene0066_04-scene0066_01-scene0066_00-scene0066_02-scene0066_03/T4,3,24,21,0.7552473545074463,6678,0.9213836477987422,0.07861635220125784,3,100,0.03
0f2f2711-b736-2f71-8c6a-245a9d820a8c,scene0066_04-scene0066_01-scene0066_00-scene0066_02-scene0066_03,4,0f2f2711-b736-2f71-8c6a-245a9d820a8c/scene0066_04-scene0066_01-scene0066_00-scene0066_02-scene0066_03/T4,3,35,49,0.6977401375770569,708,0.6977401129943502,0.30225988700564976,3,100,0.03
0f2f2711-b736-2f71-8c6a-245a9d820a8c,scene0066_04-scene0066_01-scene0066_00-scene0066_02-scene0066_03,4,0f2f2711-b736-2f71-8c6a-245a9d820a8c/scene0066_04-scene0066_01-scene0066_00-scene0066_02-scene0066_03/T4,3,39,15,0.7780207395553589,37018,0.8554487006321249,0.14455129936787514,3,100,0.03
0f2f2711-b736-2f71-8c6a-245a9d820a8c,scene0066_04-scene0066_01-scene0066_00-scene0066_02-scene0066_03,4,0f2f2711-b736-2f71-8c6a-245a9d820a8c/scene0066_04-scene0066_01-scene0066_00-scene0066_02-scene0066_03/T4,3,42,12,0.7733333110809326,2232,0.9094982078853047,0.09050179211469533,3,100,0.03
0f2f2711-b736-2f71-8c6a-245a9d820a8c,scene0066_04-scene0066_01-scene0066_00-scene0066_02-scene0066_03,4,0f2f2711-b736-2f71-8c6a-245a9d820a8c/scene0066_04-scene0066_01-scene0066_00-scene0066_02-scene0066_03/T4,3,47,16,0.21206161379814148,1314,0.4923896499238965,0.5076103500761036,3,100,0.03
0f2f2711-b736-2f71-8c6a-245a9d820a8c,scene0066_04-scene0066_01-scene0066_00-scene0066_02-scene0066_03,4,0f2f2711-b736-2f71-8c6a-245a9d820a8c/scene0066_04-scene0066_01-scene0066_00-scene0066_02-scene0066_03/T4,3,48,20,0.6644977927207947,1852,0.8822894168466523,0.1177105831533477,3,100,0.03
0f2f2711-b736-2f71-8c6a-245a9d820a8c,scene0066_04-scene0066_01-scene0066_00-scene0066_02-scene0066_03,4,0f2f2711-b736-2f71-8c6a-245a9d820a8c/scene0066_04-scene0066_01-scene0066_00-scene0066_02-scene0066_03/T4,3,51,31,0.8819605708122253,3056,0.9950916230366492,0.00490837696335078,3,100,0.03
0f2f2711-b736-2f71-8c6a-245a9d820a8c,scene0066_04-scene0066_01-scene0066_00-scene0066_02-scene0066_03,4,0f2f2711-b736-2f71-8c6a-245a9d820a8c/scene0066_04-scene0066_01-scene0066_00-scene0066_02-scene0066_03/T4,3,63,22,0.93416428565979,3077,0.9499512512187195,0.050048748781280517,3,100,0.03
0f2f2711-b736-2f71-8c6a-245a9d820a8c,scene0066_04-scene0066_01-scene0066_00-scene0066_02-scene0066_03,4,0f2f2711-b736-2f71-8c6a-245a9d820a8c/scene0066_04-scene0066_01-scene0066_00-scene0066_02-scene0066_03/T4,3,64,28,0.47523170709609985,2234,0.6656222023276633,0.33437779767233666,3,100,0.03
0f2f2711-b736-2f71-8c6a-245a9d820a8c,scene0066_04-scene0066_01-scene0066_00-scene0066_02-scene0066_03,4,0f2f2711-b736-2f71-8c6a-245a9d820a8c/scene0066_04-scene0066_01-scene0066_00-scene0066_02-scene0066_03/T4,3,77,24,0.8227181434631348,3868,0.8482419855222337,0.15175801447776627,3,100,0.03
0f2f2711-b736-2f71-8c6a-245a9d820a8c,scene0066_04-scene0066_01-scene0066_00-scene0066_02-scene0066_03,4,0f2f2711-b736-2f71-8c6a-245a9d820a8c/scene0066_04-scene0066_01-scene0066_00-scene0066_02-scene0066_03/T4,3,80,13,0.754780650138855,2308,0.8721837088388215,0.12781629116117854,3,100,0.03
0f2f2711-b736-2f71-8c6a-245a9d820a8c,scene0066_04-scene0066_01-scene0066_00-scene0066_02-scene0066_03,4,0f2f2711-b736-2f71-8c6a-245a9d820a8c/scene0066_04-scene0066_01-scene0066_00-scene0066_02-scene0066_03/T4,3,89,23,0.845940113067627,3049,0.8986552968186291,0.1013447031813709,3,100,0.03
0f2f2711-b736-2f71-8c6a-245a9d820a8c,scene0066_04-scene0066_01-scene0066_00-scene0066_02-scene0066_03,4,0f2f2711-b736-2f71-8c6a-245a9d820a8c/scene0066_04-scene0066_01-scene0066_00-scene0066_02-scene0066_03/T4,3,96,17,0.7101613879203796,3970,0.7869017632241814,0.21309823677581863,3,100,0.03
0f2f2711-b736-2f71-8c6a-245a9d820a8c,scene0066_04-scene0066_01-scene0066_00-scene0066_02-scene0066_03,4,0f2f2711-b736-2f71-8c6a-245a9d820a8c/scene0066_04-scene0066_01-scene0066_00-scene0066_02-scene0066_03/T4,4,5,23,0.8423478603363037,3049,0.8989832732043292,0.10101672679567075,11,100,0.11
0f2f2711-b736-2f71-8c6a-245a9d820a8c,scene0066_04-scene0066_01-scene0066_00-scene0066_02-scene0066_03,4,0f2f2711-b736-2f71-8c6a-245a9d820a8c/scene0066_04-scene0066_01-scene0066_00-scene0066_02-scene0066_03/T4,4,9,6,0.9859369993209839,3250,0.9923076923076923,0.007692307692307665,11,100,0.11
0f2f2711-b736-2f71-8c6a-245a9d820a8c,scene0066_04-scene0066_01-scene0066_00-scene0066_02-scene0066_03,4,0f2f2711-b736-2f71-8c6a-245a9d820a8c/scene0066_04-scene0066_01-scene0066_00-scene0066_02-scene0066_03/T4,4,10,49,0.6158192157745361,708,0.615819209039548,0.384180790960452,11,100,0.11
0f2f2711-b736-2f71-8c6a-245a9d820a8c,scene0066_04-scene0066_01-scene0066_00-scene0066_02-scene0066_03,4,0f2f2711-b736-2f71-8c6a-245a9d820a8c/scene0066_04-scene0066_01-scene0066_00-scene0066_02-scene0066_03/T4,4,13,18,0.4487486183643341,3567,0.7891785814409868,0.21082141855901315,11,100,0.11
0f2f2711-b736-2f71-8c6a-245a9d820a8c,scene0066_04-scene0066_01-scene0066_00-scene0066_02-scene0066_03,4,0f2f2711-b736-2f71-8c6a-245a9d820a8c/scene0066_04-scene0066_01-scene0066_00-scene0066_02-scene0066_03/T4,4,22,16,0.19268153607845306,1314,0.512937595129376,0.487062404870624,11,100,0.11
0f2f2711-b736-2f71-8c6a-245a9d820a8c,scene0066_04-scene0066_01-scene0066_00-scene0066_02-scene0066_03,4,0f2f2711-b736-2f71-8c6a-245a9d820a8c/scene0066_04-scene0066_01-scene0066_00-scene0066_02-scene0066_03/T4,4,24,21,0.7548490166664124,6678,0.9207846660676849,0.07921533393231506,11,100,0.11
0f2f2711-b736-2f71-8c6a-245a9d820a8c,scene0066_04-scene0066_01-scene0066_00-scene0066_02-scene0066_03,4,0f2f2711-b736-2f71-8c6a-245a9d820a8c/scene0066_04-scene0066_01-scene0066_00-scene0066_02-scene0066_03/T4,4,39,15,0.8062394857406616,37018,0.9173375114809011,0.08266248851909885,11,100,0.11
0f2f2711-b736-2f71-8c6a-245a9d820a8c,scene0066_04-scene0066_01-scene0066_00-scene0066_02-scene0066_03,4,0f2f2711-b736-2f71-8c6a-245a9d820a8c/scene0066_04-scene0066_01-scene0066_00-scene0066_02-scene0066_03/T4,4,46,12,0.7842424511909485,2232,0.8696236559139785,0.1303763440860215,11,100,0.11
0f2f2711-b736-2f71-8c6a-245a9d820a8c,scene0066_04-scene0066_01-scene0066_00-scene0066_02-scene0066_03,4,0f2f2711-b736-2f71-8c6a-245a9d820a8c/scene0066_04-scene0066_01-scene0066_00-scene0066_02-scene0066_03/T4,4,48,20,0.6873905658721924,1852,0.847732181425486,0.152267818574514,11,100,0.11
0f2f2711-b736-2f71-8c6a-245a9d820a8c,scene0066_04-scene0066_01-scene0066_00-scene0066_02-scene0066_03,4,0f2f2711-b736-2f71-8c6a-245a9d820a8c/scene0066_04-scene0066_01-scene0066_00-scene0066_02-scene0066_03/T4,4,56,24,0.8049627542495728,3868,0.8386763185108583,0.16132368148914167,11,100,0.11
0f2f2711-b736-2f71-8c6a-245a9d820a8c,scene0066_04-scene0066_01-scene0066_00-scene0066_02-scene0066_03,4,0f2f2711-b736-2f71-8c6a-245a9d820a8c/scene0066_04-scene0066_01-scene0066_00-scene0066_02-scene0066_03/T4,4,60,13,0.7585173845291138,2308,0.8778162911611785,0.12218370883882146,11,100,0.11
0f2f2711-b736-2f71-8c6a-245a9d820a8c,scene0066_04-scene0066_01-scene0066_00-scene0066_02-scene0066_03,4,0f2f2711-b736-2f71-8c6a-245a9d820a8c/scene0066_04-scene0066_01-scene0066_00-scene0066_02-scene0066_03/T4,4,63,22,0.93416428565979,3077,0.9499512512187195,0.050048748781280517,11,100,0.11
0f2f2711-b736-2f71-8c6a-245a9d820a8c,scene0066_04-scene0066_01-scene0066_00-scene0066_02-scene0066_03,4,0f2f2711-b736-2f71-8c6a-245a9d820a8c/scene0066_04-scene0066_01-scene0066_00-scene0066_02-scene0066_03/T4,4,64,28,0.4773484468460083,2234,0.6414503133393017,0.3585496866606983,11,100,0.11
0f2f2711-b736-2f71-8c6a-245a9d820a8c,scene0066_04-scene0066_01-scene0066_00-scene0066_02-scene0066_03,4,0f2f2711-b736-2f71-8c6a-245a9d820a8c/scene0066_04-scene0066_01-scene0066_00-scene0066_02-scene0066_03/T4,4,70,31,0.8957597017288208,3056,0.9954188481675392,0.0045811518324607725,11,100,0.11
0f2f2711-b736-2f71-8c6a-245a9d820a8c,scene0066_04-scene0066_01-scene0066_00-scene0066_02-scene0066_03,4,0f2f2711-b736-2f71-8c6a-245a9d820a8c/scene0066_04-scene0066_01-scene0066_00-scene0066_02-scene0066_03/T4,4,71,25,0.902908980846405,2595,0.9210019267822736,0.07899807321772645,11,100,0.11
0f2f2711-b736-2f71-8c6a-245a9d820a8c,scene0066_04-scene0066_01-scene0066_00-scene0066_02-scene0066_03,4,0f2f2711-b736-2f71-8c6a-245a9d820a8c/scene0066_04-scene0066_01-scene0066_00-scene0066_02-scene0066_03/T4,4,86,54,0.752293586730957,1935,0.889922480620155,0.110077519379845,11,100,0.11
0f2f2711-b736-2f71-8c6a-245a9d820a8c,scene0066_04-scene0066_01-scene0066_00-scene0066_02-scene0066_03,4,0f2f2711-b736-2f71-8c6a-245a9d820a8c/scene0066_04-scene0066_01-scene0066_00-scene0066_02-scene0066_03/T4,4,96,17,0.645193874835968,3970,0.8047858942065491,0.1952141057934509,11,100,0.11
0f2f2711-b736-2f71-8c6a-245a9d820a8c,scene0066_04-scene0066_01-scene0066_00-scene0066_02-scene0066_03,4,0f2f2711-b736-2f71-8c6a-245a9d820a8c/scene0066_04-scene0066_01-scene0066_00-scene0066_02-scene0066_03/T4,5,5,23,0.8423478603363037,3049,0.8989832732043292,0.10101672679567075,9,100,0.09
0f2f2711-b736-2f71-8c6a-245a9d820a8c,scene0066_04-scene0066_01-scene0066_00-scene0066_02-scene0066_03,4,0f2f2711-b736-2f71-8c6a-245a9d820a8c/scene0066_04-scene0066_01-scene0066_00-scene0066_02-scene0066_03/T4,5,9,6,0.9859369993209839,3250,0.9923076923076923,0.007692307692307665,9,100,0.09
0f2f2711-b736-2f71-8c6a-245a9d820a8c,scene0066_04-scene0066_01-scene0066_00-scene0066_02-scene0066_03,4,0f2f2711-b736-2f71-8c6a-245a9d820a8c/scene0066_04-scene0066_01-scene0066_00-scene0066_02-scene0066_03/T4,5,13,18,0.45619335770606995,3567,0.8043173535183628,0.19568264648163725,9,100,0.09
0f2f2711-b736-2f71-8c6a-245a9d820a8c,scene0066_04-scene0066_01-scene0066_00-scene0066_02-scene0066_03,4,0f2f2711-b736-2f71-8c6a-245a9d820a8c/scene0066_04-scene0066_01-scene0066_00-scene0066_02-scene0066_03/T4,5,18,49,0.5484277009963989,708,0.615819209039548,0.384180790960452,9,100,0.09
0f2f2711-b736-2f71-8c6a-245a9d820a8c,scene0066_04-scene0066_01-scene0066_00-scene0066_02-scene0066_03,4,0f2f2711-b736-2f71-8c6a-245a9d820a8c/scene0066_04-scene0066_01-scene0066_00-scene0066_02-scene0066_03/T4,5,20,25,0.9001513123512268,2595,0.9171483622350675,0.08285163776493254,9,100,0.09
0f2f2711-b736-2f71-8c6a-245a9d820a8c,scene0066_04-scene0066_01-scene0066_00-scene0066_02-scene0066_03,4,0f2f2711-b736-2f71-8c6a-245a9d820a8c/scene0066_04-scene0066_01-scene0066_00-scene0066_02-scene0066_03/T4,5,24,21,0.757489800453186,6678,0.9200359389038635,0.07996406109613652,9,100,0.09
0f2f2711-b736-2f71-8c6a-245a9d820a8c,scene0066_04-scene0066_01-scene0066_00-scene0066_02-scene0066_03,4,0f2f2711-b736-2f71-8c6a-245a9d820a8c/scene0066_04-scene0066_01-scene0066_00-scene0066_02-scene0066_03/T4,5,39,15,0.8038972020149231,37018,0.9261170241504133,0.0738829758495867,9,100,0.09
0f2f2711-b736-2f71-8c6a-245a9d820a8c,scene0066_04-scene0066_01-scene0066_00-scene0066_02-scene0066_03,4,0f2f2711-b736-2f71-8c6a-245a9d820a8c/scene0066_04-scene0066_01-scene0066_00-scene0066_02-scene0066_03/T4,5,46,12,0.7923211455345154,2232,0.8136200716845878,0.18637992831541217,9,100,0.09
0f2f2711-b736-2f71-8c6a-245a9d820a8c,scene0066_04-scene0066_01-scene0066_00-scene0066_02-scene0066_03,4,0f2f2711-b736-2f71-8c6a-245a9d820a8c/scene0066_04-scene0066_01-scene0066_00-scene0066_02-scene0066_03/T4,5,56,24,0.7767408490180969,3868,0.8391933815925543,0.1608066184074457,9,100,0.09
0f2f2711-b736-2f71-8c6a-245a9d820a8c,scene0066_04-scene0066_01-scene0066_00-scene0066_02-scene0066_03,4,0f2f2711-b736-2f71-8c6a-245a9d820a8c/scene0066_04-scene0066_01-scene0066_00-scene0066_02-scene0066_03/T4,5,57,16,0.21361425518989563,1314,0.5015220700152208,0.49847792998477924,9,100,0.09
0f2f2711-b736-2f71-8c6a-245a9d820a8c,scene0066_04-scene0066_01-scene0066_00-scene0066_02-scene0066_03,4,0f2f2711-b736-2f71-8c6a-245a9d820a8c/scene0066_04-scene0066_01-scene0066_00-scene0066_02-scene0066_03/T4,5,62,20,0.7750117182731628,1852,0.8909287257019438,0.10907127429805619,9,100,0.09
0f2f2711-b736-2f71-8c6a-245a9d820a8c,scene0066_04-scene0066_01-scene0066_00-scene0066_02-scene0066_03,4,0f2f2711-b736-2f71-8c6a-245a9d820a8c/scene0066_04-scene0066_01-scene0066_00-scene0066_02-scene0066_03/T4,5,63,22,0.9338446855545044,3077,0.9496262593435164,0.05037374065648359,9,100,0.09
0f2f2711-b736-2f71-8c6a-245a9d820a8c,scene0066_04-scene0066_01-scene0066_00-scene0066_02-scene0066_03,4,0f2f2711-b736-2f71-8c6a-245a9d820a8c/scene0066_04-scene0066_01-scene0066_00-scene0066_02-scene0066_03/T4,5,64,28,0.47671324014663696,2234,0.6414503133393017,0.3585496866606983,9,100,0.09
0f2f2711-b736-2f71-8c6a-245a9d820a8c,scene0066_04-scene0066_01-scene0066_00-scene0066_02-scene0066_03,4,0f2f2711-b736-2f71-8c6a-245a9d820a8c/scene0066_04-scene0066_01-scene0066_00-scene0066_02-scene0066_03/T4,5,70,31,0.8804475665092468,3056,0.9784031413612565,0.0215968586387435,9,100,0.09
0f2f2711-b736-2f71-8c6a-245a9d820a8c,scene0066_04-scene0066_01-scene0066_00-scene0066_02-scene0066_03,4,0f2f2711-b736-2f71-8c6a-245a9d820a8c/scene0066_04-scene0066_01-scene0066_00-scene0066_02-scene0066_03/T4,5,80,13,0.7511193752288818,2308,0.8721837088388215,0.12781629116117854,9,100,0.09
0f2f2711-b736-2f71-8c6a-245a9d820a8c,scene0066_04-scene0066_01-scene0066_00-scene0066_02-scene0066_03,4,0f2f2711-b736-2f71-8c6a-245a9d820a8c/scene0066_04-scene0066_01-scene0066_00-scene0066_02-scene0066_03/T4,5,86,54,0.752293586730957,1935,0.889922480620155,0.110077519379845,9,100,0.09
0f2f2711-b736-2f71-8c6a-245a9d820a8c,scene0066_04-scene0066_01-scene0066_00-scene0066_02-scene0066_03,4,0f2f2711-b736-2f71-8c6a-245a9d820a8c/scene0066_04-scene0066_01-scene0066_00-scene0066_02-scene0066_03/T4,5,96,17,0.6262249946594238,3970,0.8047858942065491,0.1952141057934509,9,100,0.09
0f2f2711-b736-2f71-8c6a-245a9d820a8c,scene0066_04-scene0066_01-scene0066_00-scene0066_02-scene0066_03,4,0f2f2711-b736-2f71-8c6a-245a9d820a8c/scene0066_04-scene0066_01-scene0066_00-scene0066_02-scene0066_03/T4,6,2,6,0.9859369993209839,3250,0.9923076923076923,0.007692307692307665,10,100,0.1
0f2f2711-b736-2f71-8c6a-245a9d820a8c,scene0066_04-scene0066_01-scene0066_00-scene0066_02-scene0066_03,4,0f2f2711-b736-2f71-8c6a-245a9d820a8c/scene0066_04-scene0066_01-scene0066_00-scene0066_02-scene0066_03/T4,6,5,23,0.8465101718902588,3049,0.8989832732043292,0.10101672679567075,10,100,0.1
0f2f2711-b736-2f71-8c6a-245a9d820a8c,scene0066_04-scene0066_01-scene0066_00-scene0066_02-scene0066_03,4,0f2f2711-b736-2f71-8c6a-245a9d820a8c/scene0066_04-scene0066_01-scene0066_00-scene0066_02-scene0066_03/T4,6,10,49,0.3182390034198761,708,0.3573446327683616,0.6426553672316384,10,100,0.1
0f2f2711-b736-2f71-8c6a-245a9d820a8c,scene0066_04-scene0066_01-scene0066_00-scene0066_02-scene0066_03,4,0f2f2711-b736-2f71-8c6a-245a9d820a8c/scene0066_04-scene0066_01-scene0066_00-scene0066_02-scene0066_03/T4,6,11,54,0.7858790755271912,1935,0.8801033591731267,0.11989664082687335,10,100,0.1
0f2f2711-b736-2f71-8c6a-245a9d820a8c,scene0066_04-scene0066_01-scene0066_00-scene0066_02-scene0066_03,4,0f2f2711-b736-2f71-8c6a-245a9d820a8c/scene0066_04-scene0066_01-scene0066_00-scene0066_02-scene0066_03/T4,6,13,18,0.4957297444343567,3567,0.7322680123352958,0.2677319876647042,10,100,0.1
0f2f2711-b736-2f71-8c6a-245a9d820a8c,scene0066_04-scene0066_01-scene0066_00-scene0066_02-scene0066_03,4,0f2f2711-b736-2f71-8c6a-245a9d820a8c/scene0066_04-scene0066_01-scene0066_00-scene0066_02-scene0066_03/T4,6,20,25,0.9001513123512268,2595,0.9171483622350675,0.08285163776493254,10,100,0.1
0f2f2711-b736-2f71-8c6a-245a9d820a8c,scene0066_04-scene0066_01-scene0066_00-scene0066_02-scene0066_03,4,0f2f2711-b736-2f71-8c6a-245a9d820a8c/scene0066_04-scene0066_01-scene0066_00-scene0066_02-scene0066_03/T4,6,31,31,0.8405836820602417,3056,0.9990183246073299,0.0009816753926701338,10,100,0.1
0f2f2711-b736-2f71-8c6a-245a9d820a8c,scene0066_04-scene0066_01-scene0066_00-scene0066_02-scene0066_03,4,0f2f2711-b736-2f71-8c6a-245a9d820a8c/scene0066_04-scene0066_01-scene0066_00-scene0066_02-scene0066_03/T4,6,39,15,0.805245578289032,37018,0.9239288994543196,0.07607110054568045,10,100,0.1
0f2f2711-b736-2f71-8c6a-245a9d820a8c,scene0066_04-scene0066_01-scene0066_00-scene0066_02-scene0066_03,4,0f2f2711-b736-2f71-8c6a-245a9d820a8c/scene0066_04-scene0066_01-scene0066_00-scene0066_02-scene0066_03/T4,6,46,12,0.7870855331420898,2232,0.8082437275985663,0.19175627240143367,10,100,0.1
0f2f2711-b736-2f71-8c6a-245a9d820a8c,scene0066_04-scene0066_01-scene0066_00-scene0066_02-scene0066_03,4,0f2f2711-b736-2f71-8c6a-245a9d820a8c/scene0066_04-scene0066_01-scene0066_00-scene0066_02-scene0066_03/T4,6,48,20,0.6771653294563293,1852,0.8822894168466523,0.1177105831533477,10,100,0.1
0f2f2711-b736-2f71-8c6a-245a9d820a8c,scene0066_04-scene0066_01-scene0066_00-scene0066_02-scene0066_03,4,0f2f2711-b736-2f71-8c6a-245a9d820a8c/scene0066_04-scene0066_01-scene0066_00-scene0066_02-scene0066_03/T4,6,56,24,0.8217821717262268,3868,0.8368665977249224,0.16313340227507755,10,100,0.1
0f2f2711-b736-2f71-8c6a-245a9d820a8c,scene0066_04-scene0066_01-scene0066_00-scene0066_02-scene0066_03,4,0f2f2711-b736-2f71-8c6a-245a9d820a8c/scene0066_04-scene0066_01-scene0066_00-scene0066_02-scene0066_03/T4,6,57,16,0.20301909744739532,1314,0.5015220700152208,0.49847792998477924,10,100,0.1
0f2f2711-b736-2f71-8c6a-245a9d820a8c,scene0066_04-scene0066_01-scene0066_00-scene0066_02-scene0066_03,4,0f2f2711-b736-2f71-8c6a-245a9d820a8c/scene0066_04-scene0066_01-scene0066_00-scene0066_02-scene0066_03/T4,6,63,22,0.9367779493331909,3077,0.9486512837179071,0.05134871628209292,10,100,0.1
0f2f2711-b736-2f71-8c6a-245a9d820a8c,scene0066_04-scene0066_01-scene0066_00-scene0066_02-scene0066_03,4,0f2f2711-b736-2f71-8c6a-245a9d820a8c/scene0066_04-scene0066_01-scene0066_00-scene0066_02-scene0066_03/T4,6,64,28,0.476482629776001,2234,0.6257833482542524,0.3742166517457476,10,100,0.1
0f2f2711-b736-2f71-8c6a-245a9d820a8c,scene0066_04-scene0066_01-scene0066_00-scene0066_02-scene0066_03,4,0f2f2711-b736-2f71-8c6a-245a9d820a8c/scene0066_04-scene0066_01-scene0066_00-scene0066_02-scene0066_03/T4,6,75,21,0.7553542852401733,6678,0.9242288110212639,0.07577118897873614,10,100,0.1
0f2f2711-b736-2f71-8c6a-245a9d820a8c,scene0066_04-scene0066_01-scene0066_00-scene0066_02-scene0066_03,4,0f2f2711-b736-2f71-8c6a-245a9d820a8c/scene0066_04-scene0066_01-scene0066_00-scene0066_02-scene0066_03/T4,6,80,13,0.7496257424354553,2308,0.8678509532062392,0.13214904679376083,10,100,0.1
0f2f2711-b736-2f71-8c6a-245a9d820a8c,scene0066_04-scene0066_01-scene0066_00-scene0066_02-scene0066_03,4,0f2f2711-b736-2f71-8c6a-245a9d820a8c/scene0066_04-scene0066_01-scene0066_00-scene0066_02-scene0066_03/T4,6,96,17,0.6319311857223511,3970,0.8324937027707808,0.16750629722921917,10,100,0.1
0f2f2711-b736-2f71-8c6a-245a9d820a8c,scene0066_04-scene0066_01-scene0066_00-scene0066_02-scene0066_03,4,0f2f2711-b736-2f71-8c6a-245a9d820a8c/scene0066_04-scene0066_01-scene0066_00-scene0066_02-scene0066_03/T4,7,5,23,0.8423478603363037,3049,0.8989832732043292,0.10101672679567075,8,100,0.08
0f2f2711-b736-2f71-8c6a-245a9d820a8c,scene0066_04-scene0066_01-scene0066_00-scene0066_02-scene0066_03,4,0f2f2711-b736-2f71-8c6a-245a9d820a8c/scene0066_04-scene0066_01-scene0066_00-scene0066_02-scene0066_03/T4,7,9,6,0.9859369993209839,3250,0.9923076923076923,0.007692307692307665,8,100,0.08
0f2f2711-b736-2f71-8c6a-245a9d820a8c,scene0066_04-scene0066_01-scene0066_00-scene0066_02-scene0066_03,4,0f2f2711-b736-2f71-8c6a-245a9d820a8c/scene0066_04-scene0066_01-scene0066_00-scene0066_02-scene0066_03/T4,7,11,54,0.7972846627235413,1935,0.8801033591731267,0.11989664082687335,8,100,0.08
0f2f2711-b736-2f71-8c6a-245a9d820a8c,scene0066_04-scene0066_01-scene0066_00-scene0066_02-scene0066_03,4,0f2f2711-b736-2f71-8c6a-245a9d820a8c/scene0066_04-scene0066_01-scene0066_00-scene0066_02-scene0066_03/T4,7,20,25,0.8998109698295593,2595,0.9171483622350675,0.08285163776493254,8,100,0.08
0f2f2711-b736-2f71-8c6a-245a9d820a8c,scene0066_04-scene0066_01-scene0066_00-scene0066_02-scene0066_03,4,0f2f2711-b736-2f71-8c6a-245a9d820a8c/scene0066_04-scene0066_01-scene0066_00-scene0066_02-scene0066_03/T4,7,22,16,0.1987895667552948,1314,0.649923896499239,0.350076103500761,8,100,0.08
0f2f2711-b736-2f71-8c6a-245a9d820a8c,scene0066_04-scene0066_01-scene0066_00-scene0066_02-scene0066_03,4,0f2f2711-b736-2f71-8c6a-245a9d820a8c/scene0066_04-scene0066_01-scene0066_00-scene0066_02-scene0066_03/T4,7,24,21,0.7578635811805725,6678,0.9200359389038635,0.07996406109613652,8,100,0.08
0f2f2711-b736-2f71-8c6a-245a9d820a8c,scene0066_04-scene0066_01-scene0066_00-scene0066_02-scene0066_03,4,0f2f2711-b736-2f71-8c6a-245a9d820a8c/scene0066_04-scene0066_01-scene0066_00-scene0066_02-scene0066_03/T4,7,35,49,0.653954803943634,708,0.653954802259887,0.346045197740113,8,100,0.08
0f2f2711-b736-2f71-8c6a-245a9d820a8c,scene0066_04-scene0066_01-scene0066_00-scene0066_02-scene0066_03,4,0f2f2711-b736-2f71-8c6a-245a9d820a8c/scene0066_04-scene0066_01-scene0066_00-scene0066_02-scene0066_03/T4,7,36,15,0.8055575489997864,37018,0.9217407747582257,0.07825922524177431,8,100,0.08
0f2f2711-b736-2f71-8c6a-245a9d820a8c,scene0066_04-scene0066_01-scene0066_00-scene0066_02-scene0066_03,4,0f2f2711-b736-2f71-8c6a-245a9d820a8c/scene0066_04-scene0066_01-scene0066_00-scene0066_02-scene0066_03/T4,7,43,28,0.5096577405929565,2234,0.6732318710832588,0.32676812891674123,8,100,0.08
0f2f2711-b736-2f71-8c6a-245a9d820a8c,scene0066_04-scene0066_01-scene0066_00-scene0066_02-scene0066_03,4,0f2f2711-b736-2f71-8c6a-245a9d820a8c/scene0066_04-scene0066_01-scene0066_00-scene0066_02-scene0066_03/T4,7,46,12,0.816317617893219,2232,0.8382616487455197,0.16173835125448033,8,100,0.08
0f2f2711-b736-2f71-8c6a-245a9d820a8c,scene0066_04-scene0066_01-scene0066_00-scene0066_02-scene0066_03,4,0f2f2711-b736-2f71-8c6a-245a9d820a8c/scene0066_04-scene0066_01-scene0066_00-scene0066_02-scene0066_03/T4,7,56,24,0.8257575631141663,3868,0.8453981385729059,0.1546018614270941,8,100,0.08
0f2f2711-b736-2f71-8c6a-245a9d820a8c,scene0066_04-scene0066_01-scene0066_00-scene0066_02-scene0066_03,4,0f2f2711-b736-2f71-8c6a-245a9d820a8c/scene0066_04-scene0066_01-scene0066_00-scene0066_02-scene0066_03/T4,7,62,20,0.7098960876464844,1852,0.8482721382289417,0.15172786177105835,8,100,0.08
0f2f2711-b736-2f71-8c6a-245a9d820a8c,scene0066_04-scene0066_01-scene0066_00-scene0066_02-scene0066_03,4,0f2f2711-b736-2f71-8c6a-245a9d820a8c/scene0066_04-scene0066_01-scene0066_00-scene0066_02-scene0066_03/T4,7,63,22,0.937740683555603,3077,0.9496262593435164,0.05037374065648359,8,100,0.08
0f2f2711-b736-2f71-8c6a-245a9d820a8c,scene0066_04-scene0066_01-scene0066_00-scene0066_02-scene0066_03,4,0f2f2711-b736-2f71-8c6a-245a9d820a8c/scene0066_04-scene0066_01-scene0066_00-scene0066_02-scene0066_03/T4,7,69,13,0.7639517188072205,2308,0.8778162911611785,0.12218370883882146,8,100,0.08
0f2f2711-b736-2f71-8c6a-245a9d820a8c,scene0066_04-scene0066_01-scene0066_00-scene0066_02-scene0066_03,4,0f2f2711-b736-2f71-8c6a-245a9d820a8c/scene0066_04-scene0066_01-scene0066_00-scene0066_02-scene0066_03/T4,7,70,31,0.8405836820602417,3056,0.9990183246073299,0.0009816753926701338,8,100,0.08
0f2f2711-b736-2f71-8c6a-245a9d820a8c,scene0066_04-scene0066_01-scene0066_00-scene0066_02-scene0066_03,4,0f2f2711-b736-2f71-8c6a-245a9d820a8c/scene0066_04-scene0066_01-scene0066_00-scene0066_02-scene0066_03/T4,7,72,18,0.46033787727355957,3567,0.7028315110737314,0.29716848892626857,8,100,0.08
0f2f2711-b736-2f71-8c6a-245a9d820a8c,scene0066_04-scene0066_01-scene0066_00-scene0066_02-scene0066_03,4,0f2f2711-b736-2f71-8c6a-245a9d820a8c/scene0066_04-scene0066_01-scene0066_00-scene0066_02-scene0066_03/T4,7,96,17,0.6404088735580444,3970,0.8047858942065491,0.1952141057934509,8,100,0.08
0f2f2711-b736-2f71-8c6a-245a9d820a8c,scene0066_04-scene0066_01-scene0066_00-scene0066_02-scene0066_03,4,0f2f2711-b736-2f71-8c6a-245a9d820a8c/scene0066_04-scene0066_01-scene0066_00-scene0066_02-scene0066_03/T4,8,9,6,0.9859369993209839,3250,0.9923076923076923,0.007692307692307665,13,100,0.13
0f2f2711-b736-2f71-8c6a-245a9d820a8c,scene0066_04-scene0066_01-scene0066_00-scene0066_02-scene0066_03,4,0f2f2711-b736-2f71-8c6a-245a9d820a8c/scene0066_04-scene0066_01-scene0066_00-scene0066_02-scene0066_03/T4,8,11,54,0.7888052463531494,1935,0.8666666666666667,0.1333333333333333,13,100,0.13
0f2f2711-b736-2f71-8c6a-245a9d820a8c,scene0066_04-scene0066_01-scene0066_00-scene0066_02-scene0066_03,4,0f2f2711-b736-2f71-8c6a-245a9d820a8c/scene0066_04-scene0066_01-scene0066_00-scene0066_02-scene0066_03/T4,8,13,18,0.4549166262149811,3567,0.7496495654611719,0.2503504345388281,13,100,0.13
0f2f2711-b736-2f71-8c6a-245a9d820a8c,scene0066_04-scene0066_01-scene0066_00-scene0066_02-scene0066_03,4,0f2f2711-b736-2f71-8c6a-245a9d820a8c/scene0066_04-scene0066_01-scene0066_00-scene0066_02-scene0066_03/T4,8,20,25,0.8998109698295593,2595,0.9171483622350675,0.08285163776493254,13,100,0.13
0f2f2711-b736-2f71-8c6a-245a9d820a8c,scene0066_04-scene0066_01-scene0066_00-scene0066_02-scene0066_03,4,0f2f2711-b736-2f71-8c6a-245a9d820a8c/scene0066_04-scene0066_01-scene0066_00-scene0066_02-scene0066_03/T4,8,22,16,0.1915416121482849,1314,0.5342465753424658,0.4657534246575342,13,100,0.13
0f2f2711-b736-2f71-8c6a-245a9d820a8c,scene0066_04-scene0066_01-scene0066_00-scene0066_02-scene0066_03,4,0f2f2711-b736-2f71-8c6a-245a9d820a8c/scene0066_04-scene0066_01-scene0066_00-scene0066_02-scene0066_03/T4,8,24,21,0.7576766610145569,6678,0.9200359389038635,0.07996406109613652,13,100,0.13
0f2f2711-b736-2f71-8c6a-245a9d820a8c,scene0066_04-scene0066_01-scene0066_00-scene0066_02-scene0066_03,4,0f2f2711-b736-2f71-8c6a-245a9d820a8c/scene0066_04-scene0066_01-scene0066_00-scene0066_02-scene0066_03/T4,8,35,49,0.653954803943634,708,0.653954802259887,0.346045197740113,13,100,0.13
0f2f2711-b736-2f71-8c6a-245a9d820a8c,scene0066_04-scene0066_01-scene0066_00-scene0066_02-scene0066_03,4,0f2f2711-b736-2f71-8c6a-245a9d820a8c/scene0066_04-scene0066_01-scene0066_00-scene0066_02-scene0066_03/T4,8,39,15,0.8031310439109802,37018,0.920200983305419,0.079799016694581,13,100,0.13
0f2f2711-b736-2f71-8c6a-245a9d820a8c,scene0066_04-scene0066_01-scene0066_00-scene0066_02-scene0066_03,4,0f2f2711-b736-2f71-8c6a-245a9d820a8c/scene0066_04-scene0066_01-scene0066_00-scene0066_02-scene0066_03/T4,8,46,12,0.794066309928894,2232,0.8154121863799283,0.1845878136200717,13,100,0.13
0f2f2711-b736-2f71-8c6a-245a9d820a8c,scene0066_04-scene0066_01-scene0066_00-scene0066_02-scene0066_03,4,0f2f2711-b736-2f71-8c6a-245a9d820a8c/scene0066_04-scene0066_01-scene0066_00-scene0066_02-scene0066_03/T4,8,51,31,0.8737433552742004,3056,0.9669502617801047,0.03304973821989532,13,100,0.13
0f2f2711-b736-2f71-8c6a-245a9d820a8c,scene0066_04-scene0066_01-scene0066_00-scene0066_02-scene0066_03,4,0f2f2711-b736-2f71-8c6a-245a9d820a8c/scene0066_04-scene0066_01-scene0066_00-scene0066_02-scene0066_03/T4,8,62,20,0.6816666722297668,1852,0.8833693304535637,0.1166306695464363,13,100,0.13
0f2f2711-b736-2f71-8c6a-245a9d820a8c,scene0066_04-scene0066_01-scene0066_00-scene0066_02-scene0066_03,4,0f2f2711-b736-2f71-8c6a-245a9d820a8c/scene0066_04-scene0066_01-scene0066_00-scene0066_02-scene0066_03/T4,8,63,22,0.9338446855545044,3077,0.9496262593435164,0.05037374065648359,13,100,0.13
0f2f2711-b736-2f71-8c6a-245a9d820a8c,scene0066_04-scene0066_01-scene0066_00-scene0066_02-scene0066_03,4,0f2f2711-b736-2f71-8c6a-245a9d820a8c/scene0066_04-scene0066_01-scene0066_00-scene0066_02-scene0066_03/T4,8,64,28,0.5031315088272095,2234,0.6472694717994628,0.3527305282005372,13,100,0.13
0f2f2711-b736-2f71-8c6a-245a9d820a8c,scene0066_04-scene0066_01-scene0066_00-scene0066_02-scene0066_03,4,0f2f2711-b736-2f71-8c6a-245a9d820a8c/scene0066_04-scene0066_01-scene0066_00-scene0066_02-scene0066_03/T4,8,80,13,0.7327994108200073,2308,0.8721837088388215,0.12781629116117854,13,100,0.13
0f2f2711-b736-2f71-8c6a-245a9d820a8c,scene0066_04-scene0066_01-scene0066_00-scene0066_02-scene0066_03,4,0f2f2711-b736-2f71-8c6a-245a9d820a8c/scene0066_04-scene0066_01-scene0066_00-scene0066_02-scene0066_03/T4,8,88,24,0.8195602893829346,3868,0.8384177869700103,0.16158221302998965,13,100,0.13
0f2f2711-b736-2f71-8c6a-245a9d820a8c,scene0066_04-scene0066_01-scene0066_00-scene0066_02-scene0066_03,4,0f2f2711-b736-2f71-8c6a-245a9d820a8c/scene0066_04-scene0066_01-scene0066_00-scene0066_02-scene0066_03/T4,8,89,23,0.8457496166229248,3049,0.8973433912758282,0.10265660872417182,13,100,0.13
0f2f2711-b736-2f71-8c6a-245a9d820a8c,scene0066_04-scene0066_01-scene0066_00-scene0066_02-scene0066_03,4,0f2f2711-b736-2f71-8c6a-245a9d820a8c/scene0066_04-scene0066_01-scene0066_00-scene0066_02-scene0066_03/T4,8,96,17,0.6528562307357788,3970,0.7858942065491183,0.21410579345088165,13,100,0.13
0f2f2711-b736-2f71-8c6a-245a9d820a8c,scene0066_04-scene0066_01-scene0066_00-scene0066_02-scene0066_03,4,0f2f2711-b736-2f71-8c6a-245a9d820a8c/scene0066_04-scene0066_01-scene0066_00-scene0066_02-scene0066_03/T4,9,8,21,0.7527320981025696,6678,0.9386043725666368,0.06139562743336324,10,100,0.1
0f2f2711-b736-2f71-8c6a-245a9d820a8c,scene0066_04-scene0066_01-scene0066_00-scene0066_02-scene0066_03,4,0f2f2711-b736-2f71-8c6a-245a9d820a8c/scene0066_04-scene0066_01-scene0066_00-scene0066_02-scene0066_03/T4,9,9,6,0.9859369993209839,3250,0.9923076923076923,0.007692307692307665,10,100,0.1
0f2f2711-b736-2f71-8c6a-245a9d820a8c,scene0066_04-scene0066_01-scene0066_00-scene0066_02-scene0066_03,4,0f2f2711-b736-2f71-8c6a-245a9d820a8c/scene0066_04-scene0066_01-scene0066_00-scene0066_02-scene0066_03/T4,9,11,54,0.7455875873565674,1935,0.8950904392764858,0.1049095607235142,10,100,0.1
0f2f2711-b736-2f71-8c6a-245a9d820a8c,scene0066_04-scene0066_01-scene0066_00-scene0066_02-scene0066_03,4,0f2f2711-b736-2f71-8c6a-245a9d820a8c/scene0066_04-scene0066_01-scene0066_00-scene0066_02-scene0066_03/T4,9,13,18,0.46908602118492126,3567,0.7827305859265489,0.21726941407345113,10,100,0.1
0f2f2711-b736-2f71-8c6a-245a9d820a8c,scene0066_04-scene0066_01-scene0066_00-scene0066_02-scene0066_03,4,0f2f2711-b736-2f71-8c6a-245a9d820a8c/scene0066_04-scene0066_01-scene0066_00-scene0066_02-scene0066_03/T4,9,20,25,0.8910741209983826,2595,0.9078998073217727,0.09210019267822733,10,100,0.1
0f2f2711-b736-2f71-8c6a-245a9d820a8c,scene0066_04-scene0066_01-scene0066_00-scene0066_02-scene0066_03,4,0f2f2711-b736-2f71-8c6a-245a9d820a8c/scene0066_04-scene0066_01-scene0066_00-scene0066_02-scene0066_03/T4,9,22,16,0.1974802166223526,1314,0.512937595129376,0.487062404870624,10,100,0.1
0f2f2711-b736-2f71-8c6a-245a9d820a8c,scene0066_04-scene0066_01-scene0066_00-scene0066_02-scene0066_03,4,0f2f2711-b736-2f71-8c6a-245a9d820a8c/scene0066_04-scene0066_01-scene0066_00-scene0066_02-scene0066_03/T4,9,35,49,0.43926554918289185,708,0.4392655367231638,0.5607344632768362,10,100,0.1
0f2f2711-b736-2f71-8c6a-245a9d820a8c,scene0066_04-scene0066_01-scene0066_00-scene0066_02-scene0066_03,4,0f2f2711-b736-2f71-8c6a-245a9d820a8c/scene0066_04-scene0066_01-scene0066_00-scene0066_02-scene0066_03/T4,9,36,15,0.8117117285728455,37018,0.9249013993192501,0.07509860068074992,10,100,0.1
0f2f2711-b736-2f71-8c6a-245a9d820a8c,scene0066_04-scene0066_01-scene0066_00-scene0066_02-scene0066_03,4,0f2f2711-b736-2f71-8c6a-245a9d820a8c/scene0066_04-scene0066_01-scene0066_00-scene0066_02-scene0066_03/T4,9,38,20,0.6999072432518005,1852,0.8147948164146869,0.18520518358531313,10,100,0.1
0f2f2711-b736-2f71-8c6a-245a9d820a8c,scene0066_04-scene0066_01-scene0066_00-scene0066_02-scene0066_03,4,0f2f2711-b736-2f71-8c6a-245a9d820a8c/scene0066_04-scene0066_01-scene0066_00-scene0066_02-scene0066_03/T4,9,46,12,0.7923211455345154,2232,0.8136200716845878,0.18637992831541217,10,100,0.1
0f2f2711-b736-2f71-8c6a-245a9d820a8c,scene0066_04-scene0066_01-scene0066_00-scene0066_02-scene0066_03,4,0f2f2711-b736-2f71-8c6a-245a9d820a8c/scene0066_04-scene0066_01-scene0066_00-scene0066_02-scene0066_03/T4,9,63,22,0.9367779493331909,3077,0.9486512837179071,0.05134871628209292,10,100,0.1
0f2f2711-b736-2f71-8c6a-245a9d820a8c,scene0066_04-scene0066_01-scene0066_00-scene0066_02-scene0066_03,4,0f2f2711-b736-2f71-8c6a-245a9d820a8c/scene0066_04-scene0066_01-scene0066_00-scene0066_02-scene0066_03/T4,9,64,28,0.507251501083374,2234,0.6418979409131602,0.3581020590868398,10,100,0.1
0f2f2711-b736-2f71-8c6a-245a9d820a8c,scene0066_04-scene0066_01-scene0066_00-scene0066_02-scene0066_03,4,0f2f2711-b736-2f71-8c6a-245a9d820a8c/scene0066_04-scene0066_01-scene0066_00-scene0066_02-scene0066_03/T4,9,69,13,0.7327994108200073,2308,0.8721837088388215,0.12781629116117854,10,100,0.1
0f2f2711-b736-2f71-8c6a-245a9d820a8c,scene0066_04-scene0066_01-scene0066_00-scene0066_02-scene0066_03,4,0f2f2711-b736-2f71-8c6a-245a9d820a8c/scene0066_04-scene0066_01-scene0066_00-scene0066_02-scene0066_03/T4,9,70,31,0.8903868794441223,3056,0.9941099476439791,0.005890052356020914,10,100,0.1
0f2f2711-b736-2f71-8c6a-245a9d820a8c,scene0066_04-scene0066_01-scene0066_00-scene0066_02-scene0066_03,4,0f2f2711-b736-2f71-8c6a-245a9d820a8c/scene0066_04-scene0066_01-scene0066_00-scene0066_02-scene0066_03/T4,9,73,17,0.6393877267837524,3970,0.789168765743073,0.21083123425692696,10,100,0.1
0f2f2711-b736-2f71-8c6a-245a9d820a8c,scene0066_04-scene0066_01-scene0066_00-scene0066_02-scene0066_03,4,0f2f2711-b736-2f71-8c6a-245a9d820a8c/scene0066_04-scene0066_01-scene0066_00-scene0066_02-scene0066_03/T4,9,88,24,0.8220874667167664,3868,0.8410031023784902,0.15899689762150981,10,100,0.1
0f2f2711-b736-2f71-8c6a-245a9d820a8c,scene0066_04-scene0066_01-scene0066_00-scene0066_02-scene0066_03,4,0f2f2711-b736-2f71-8c6a-245a9d820a8c/scene0066_04-scene0066_01-scene0066_00-scene0066_02-scene0066_03/T4,9,89,23,0.8511886596679688,3049,0.9042308953755329,0.09576910462446708,10,100,0.1
0f2f2711-b736-2f71-8c6a-245a9d820a8c,scene0066_04-scene0066_01-scene0066_00-scene0066_02-scene0066_03,4,0f2f2711-b736-2f71-8c6a-245a9d820a8c/scene0066_04-scene0066_01-scene0066_00-scene0066_02-scene0066_03/T4,10,4,23,0.8540458083152771,3049,0.9173499508035421,0.08265004919645791,12,100,0.12
0f2f2711-b736-2f71-8c6a-245a9d820a8c,scene0066_04-scene0066_01-scene0066_00-scene0066_02-scene0066_03,4,0f2f2711-b736-2f71-8c6a-245a9d820a8c/scene0066_04-scene0066_01-scene0066_00-scene0066_02-scene0066_03/T4,10,9,6,0.9859369993209839,3250,0.9923076923076923,0.007692307692307665,12,100,0.12
0f2f2711-b736-2f71-8c6a-245a9d820a8c,scene0066_04-scene0066_01-scene0066_00-scene0066_02-scene0066_03,4,0f2f2711-b736-2f71-8c6a-245a9d820a8c/scene0066_04-scene0066_01-scene0066_00-scene0066_02-scene0066_03/T4,10,13,18,0.5035006999969482,3567,0.7056349873843566,0.2943650126156434,12,100,0.12
0f2f2711-b736-2f71-8c6a-245a9d820a8c,scene0066_04-scene0066_01-scene0066_00-scene0066_02-scene0066_03,4,0f2f2711-b736-2f71-8c6a-245a9d820a8c/scene0066_04-scene0066_01-scene0066_00-scene0066_02-scene0066_03/T4,10,20,25,0.8993948698043823,2595,0.9163776493256262,0.08362235067437385,12,100,0.12
0f2f2711-b736-2f71-8c6a-245a9d820a8c,scene0066_04-scene0066_01-scene0066_00-scene0066_02-scene0066_03,4,0f2f2711-b736-2f71-8c6a-245a9d820a8c/scene0066_04-scene0066_01-scene0066_00-scene0066_02-scene0066_03/T4,10,31,31,0.8405836820602417,3056,0.9990183246073299,0.0009816753926701338,12,100,0.12
0f2f2711-b736-2f71-8c6a-245a9d820a8c,scene0066_04-scene0066_01-scene0066_00-scene0066_02-scene0066_03,4,0f2f2711-b736-2f71-8c6a-245a9d820a8c/scene0066_04-scene0066_01-scene0066_00-scene0066_02-scene0066_03/T4,10,35,49,0.41807910799980164,708,0.4180790960451977,0.5819209039548023,12,100,0.12
0f2f2711-b736-2f71-8c6a-245a9d820a8c,scene0066_04-scene0066_01-scene0066_00-scene0066_02-scene0066_03,4,0f2f2711-b736-2f71-8c6a-245a9d820a8c/scene0066_04-scene0066_01-scene0066_00-scene0066_02-scene0066_03/T4,10,38,20,0.6979628205299377,1852,0.8509719222462203,0.1490280777537797,12,100,0.12
0f2f2711-b736-2f71-8c6a-245a9d820a8c,scene0066_04-scene0066_01-scene0066_00-scene0066_02-scene0066_03,4,0f2f2711-b736-2f71-8c6a-245a9d820a8c/scene0066_04-scene0066_01-scene0066_00-scene0066_02-scene0066_03/T4,10,39,15,0.8069849610328674,37018,0.9269274407045222,0.07307255929547785,12,100,0.12
0f2f2711-b736-2f71-8c6a-245a9d820a8c,scene0066_04-scene0066_01-scene0066_00-scene0066_02-scene0066_03,4,0f2f2711-b736-2f71-8c6a-245a9d820a8c/scene0066_04-scene0066_01-scene0066_00-scene0066_02-scene0066_03/T4,10,46,12,0.7862129211425781,2232,0.807347670250896,0.19265232974910396,12,100,0.12
0f2f2711-b736-2f71-8c6a-245a9d820a8c,scene0066_04-scene0066_01-scene0066_00-scene0066_02-scene0066_03,4,0f2f2711-b736-2f71-8c6a-245a9d820a8c/scene0066_04-scene0066_01-scene0066_00-scene0066_02-scene0066_03/T4,10,56,24,0.8217821717262268,3868,0.8368665977249224,0.16313340227507755,12,100,0.12
0f2f2711-b736-2f71-8c6a-245a9d820a8c,scene0066_04-scene0066_01-scene0066_00-scene0066_02-scene0066_03,4,0f2f2711-b736-2f71-8c6a-245a9d820a8c/scene0066_04-scene0066_01-scene0066_00-scene0066_02-scene0066_03/T4,10,57,16,0.20495988428592682,1314,0.6415525114155252,0.35844748858447484,12,100,0.12
0f2f2711-b736-2f71-8c6a-245a9d820a8c,scene0066_04-scene0066_01-scene0066_00-scene0066_02-scene0066_03,4,0f2f2711-b736-2f71-8c6a-245a9d820a8c/scene0066_04-scene0066_01-scene0066_00-scene0066_02-scene0066_03/T4,10,63,22,0.9351732730865479,3077,0.9470263243418915,0.05297367565810851,12,100,0.12
0f2f2711-b736-2f71-8c6a-245a9d820a8c,scene0066_04-scene0066_01-scene0066_00-scene0066_02-scene0066_03,4,0f2f2711-b736-2f71-8c6a-245a9d820a8c/scene0066_04-scene0066_01-scene0066_00-scene0066_02-scene0066_03/T4,10,64,28,0.5030221343040466,2234,0.6705461056401074,0.3294538943598926,12,100,0.12
0f2f2711-b736-2f71-8c6a-245a9d820a8c,scene0066_04-scene0066_01-scene0066_00-scene0066_02-scene0066_03,4,0f2f2711-b736-2f71-8c6a-245a9d820a8c/scene0066_04-scene0066_01-scene0066_00-scene0066_02-scene0066_03/T4,10,67,21,0.7544535398483276,6678,0.9386043725666368,0.06139562743336324,12,100,0.12
0f2f2711-b736-2f71-8c6a-245a9d820a8c,scene0066_04-scene0066_01-scene0066_00-scene0066_02-scene0066_03,4,0f2f2711-b736-2f71-8c6a-245a9d820a8c/scene0066_04-scene0066_01-scene0066_00-scene0066_02-scene0066_03/T4,10,80,13,0.7327994108200073,2308,0.8721837088388215,0.12781629116117854,12,100,0.12
0f2f2711-b736-2f71-8c6a-245a9d820a8c,scene0066_04-scene0066_01-scene0066_00-scene0066_02-scene0066_03,4,0f2f2711-b736-2f71-8c6a-245a9d820a8c/scene0066_04-scene0066_01-scene0066_00-scene0066_02-scene0066_03/T4,10,86,54,0.7106892466545105,1935,0.889922480620155,0.110077519379845,12,100,0.12
0f2f2711-b736-2f71-8c6a-245a9d820a8c,scene0066_04-scene0066_01-scene0066_00-scene0066_02-scene0066_03,4,0f2f2711-b736-2f71-8c6a-245a9d820a8c/scene0066_04-scene0066_01-scene0066_00-scene0066_02-scene0066_03/T4,10,96,17,0.6323838829994202,3970,0.8332493702770781,0.16675062972292187,12,100,0.12
0f2f2711-b736-2f71-8c6a-245a9d820a8c,scene0066_04-scene0066_01-scene0066_00-scene0066_02-scene0066_03,4,0f2f2711-b736-2f71-8c6a-245a9d820a8c/scene0066_04-scene0066_01-scene0066_00-scene0066_02-scene0066_03/T4,11,5,23,0.8423478603363037,3049,0.8989832732043292,0.10101672679567075,5,100,0.05
0f2f2711-b736-2f71-8c6a-245a9d820a8c,scene0066_04-scene0066_01-scene0066_00-scene0066_02-scene0066_03,4,0f2f2711-b736-2f71-8c6a-245a9d820a8c/scene0066_04-scene0066_01-scene0066_00-scene0066_02-scene0066_03/T4,11,9,6,0.9859369993209839,3250,0.9923076923076923,0.007692307692307665,5,100,0.05
0f2f2711-b736-2f71-8c6a-245a9d820a8c,scene0066_04-scene0066_01-scene0066_00-scene0066_02-scene0066_03,4,0f2f2711-b736-2f71-8c6a-245a9d820a8c/scene0066_04-scene0066_01-scene0066_00-scene0066_02-scene0066_03/T4,11,13,18,0.46383732557296753,3567,0.7353518362769834,0.2646481637230166,5,100,0.05
0f2f2711-b736-2f71-8c6a-245a9d820a8c,scene0066_04-scene0066_01-scene0066_00-scene0066_02-scene0066_03,4,0f2f2711-b736-2f71-8c6a-245a9d820a8c/scene0066_04-scene0066_01-scene0066_00-scene0066_02-scene0066_03/T4,11,20,25,0.8998109698295593,2595,0.9171483622350675,0.08285163776493254,5,100,0.05
0f2f2711-b736-2f71-8c6a-245a9d820a8c,scene0066_04-scene0066_01-scene0066_00-scene0066_02-scene0066_03,4,0f2f2711-b736-2f71-8c6a-245a9d820a8c/scene0066_04-scene0066_01-scene0066_00-scene0066_02-scene0066_03/T4,11,22,16,0.20426245033740997,1314,0.6491628614916286,0.3508371385083714,5,100,0.05
0f2f2711-b736-2f71-8c6a-245a9d820a8c,scene0066_04-scene0066_01-scene0066_00-scene0066_02-scene0066_03,4,0f2f2711-b736-2f71-8c6a-245a9d820a8c/scene0066_04-scene0066_01-scene0066_00-scene0066_02-scene0066_03/T4,11,24,21,0.7578635811805725,6678,0.9200359389038635,0.07996406109613652,5,100,0.05
0f2f2711-b736-2f71-8c6a-245a9d820a8c,scene0066_04-scene0066_01-scene0066_00-scene0066_02-scene0066_03,4,0f2f2711-b736-2f71-8c6a-245a9d820a8c/scene0066_04-scene0066_01-scene0066_00-scene0066_02-scene0066_03/T4,11,29,31,0.8454721570014954,3056,0.9990183246073299,0.0009816753926701338,5,100,0.05
0f2f2711-b736-2f71-8c6a-245a9d820a8c,scene0066_04-scene0066_01-scene0066_00-scene0066_02-scene0066_03,4,0f2f2711-b736-2f71-8c6a-245a9d820a8c/scene0066_04-scene0066_01-scene0066_00-scene0066_02-scene0066_03/T4,11,34,13,0.7560611963272095,2308,0.8782495667244368,0.12175043327556323,5,100,0.05
0f2f2711-b736-2f71-8c6a-245a9d820a8c,scene0066_04-scene0066_01-scene0066_00-scene0066_02-scene0066_03,4,0f2f2711-b736-2f71-8c6a-245a9d820a8c/scene0066_04-scene0066_01-scene0066_00-scene0066_02-scene0066_03/T4,11,35,49,0.3474103510379791,708,0.615819209039548,0.384180790960452,5,100,0.05
0f2f2711-b736-2f71-8c6a-245a9d820a8c,scene0066_04-scene0066_01-scene0066_00-scene0066_02-scene0066_03,4,0f2f2711-b736-2f71-8c6a-245a9d820a8c/scene0066_04-scene0066_01-scene0066_00-scene0066_02-scene0066_03/T4,11,39,15,0.8015270829200745,37018,0.9102868874601545,0.08971311253984549,5,100,0.05
0f2f2711-b736-2f71-8c6a-245a9d820a8c,scene0066_04-scene0066_01-scene0066_00-scene0066_02-scene0066_03,4,0f2f2711-b736-2f71-8c6a-245a9d820a8c/scene0066_04-scene0066_01-scene0066_00-scene0066_02-scene0066_03/T4,11,42,20,0.6773546934127808,1852,0.7300215982721382,0.2699784017278618,5,100,0.05
0f2f2711-b736-2f71-8c6a-245a9d820a8c,scene0066_04-scene0066_01-scene0066_00-scene0066_02-scene0066_03,4,0f2f2711-b736-2f71-8c6a-245a9d820a8c/scene0066_04-scene0066_01-scene0066_00-scene0066_02-scene0066_03/T4,11,46,12,0.816317617893219,2232,0.8382616487455197,0.16173835125448033,5,100,0.05
0f2f2711-b736-2f71-8c6a-245a9d820a8c,scene0066_04-scene0066_01-scene0066_00-scene0066_02-scene0066_03,4,0f2f2711-b736-2f71-8c6a-245a9d820a8c/scene0066_04-scene0066_01-scene0066_00-scene0066_02-scene0066_03/T4,11,56,24,0.8308081030845642,3868,0.8505687693898656,0.1494312306101344,5,100,0.05
0f2f2711-b736-2f71-8c6a-245a9d820a8c,scene0066_04-scene0066_01-scene0066_00-scene0066_02-scene0066_03,4,0f2f2711-b736-2f71-8c6a-245a9d820a8c/scene0066_04-scene0066_01-scene0066_00-scene0066_02-scene0066_03/T4,11,63,22,0.937740683555603,3077,0.9496262593435164,0.05037374065648359,5,100,0.05
0f2f2711-b736-2f71-8c6a-245a9d820a8c,scene0066_04-scene0066_01-scene0066_00-scene0066_02-scene0066_03,4,0f2f2711-b736-2f71-8c6a-245a9d820a8c/scene0066_04-scene0066_01-scene0066_00-scene0066_02-scene0066_03/T4,11,64,28,0.501847505569458,2234,0.6687555953446732,0.3312444046553268,5,100,0.05
0f2f2711-b736-2f71-8c6a-245a9d820a8c,scene0066_04-scene0066_01-scene0066_00-scene0066_02-scene0066_03,4,0f2f2711-b736-2f71-8c6a-245a9d820a8c/scene0066_04-scene0066_01-scene0066_00-scene0066_02-scene0066_03/T4,11,86,54,0.7666963338851929,1935,0.889922480620155,0.110077519379845,5,100,0.05
0f2f2711-b736-2f71-8c6a-245a9d820a8c,scene0066_04-scene0066_01-scene0066_00-scene0066_02-scene0066_03,4,0f2f2711-b736-2f71-8c6a-245a9d820a8c/scene0066_04-scene0066_01-scene0066_00-scene0066_02-scene0066_03/T4,11,96,17,0.6401363015174866,3970,0.8042821158690177,0.19571788413098234,5,100,0.05
0f2f2711-b736-2f71-8c6a-245a9d820a8c,scene0066_04-scene0066_01-scene0066_00-scene0066_02-scene0066_03,5,0f2f2711-b736-2f71-8c6a-245a9d820a8c/scene0066_04-scene0066_01-scene0066_00-scene0066_02-scene0066_03/T5,0,0,6,0.0,3457,0.0,1.0,0,100,0.0
0f2f2711-b736-2f71-8c6a-245a9d820a8c,scene0066_04-scene0066_01-scene0066_00-scene0066_02-scene0066_03,5,0f2f2711-b736-2f71-8c6a-245a9d820a8c/scene0066_04-scene0066_01-scene0066_00-scene0066_02-scene0066_03/T5,0,1,12,0.0,2807,0.0,1.0,0,100,0.0
0f2f2711-b736-2f71-8c6a-245a9d820a8c,scene0066_04-scene0066_01-scene0066_00-scene0066_02-scene0066_03,5,0f2f2711-b736-2f71-8c6a-245a9d820a8c/scene0066_04-scene0066_01-scene0066_00-scene0066_02-scene0066_03/T5,0,2,13,0.0,2737,0.0,1.0,0,100,0.0
0f2f2711-b736-2f71-8c6a-245a9d820a8c,scene0066_04-scene0066_01-scene0066_00-scene0066_02-scene0066_03,5,0f2f2711-b736-2f71-8c6a-245a9d820a8c/scene0066_04-scene0066_01-scene0066_00-scene0066_02-scene0066_03/T5,0,3,15,0.0,50910,0.0,1.0,0,100,0.0
0f2f2711-b736-2f71-8c6a-245a9d820a8c,scene0066_04-scene0066_01-scene0066_00-scene0066_02-scene0066_03,5,0f2f2711-b736-2f71-8c6a-245a9d820a8c/scene0066_04-scene0066_01-scene0066_00-scene0066_02-scene0066_03/T5,0,4,16,0.0,1566,0.0,1.0,0,100,0.0
0f2f2711-b736-2f71-8c6a-245a9d820a8c,scene0066_04-scene0066_01-scene0066_00-scene0066_02-scene0066_03,5,0f2f2711-b736-2f71-8c6a-245a9d820a8c/scene0066_04-scene0066_01-scene0066_00-scene0066_02-scene0066_03/T5,0,5,17,0.0,4990,0.0,1.0,0,100,0.0
0f2f2711-b736-2f71-8c6a-245a9d820a8c,scene0066_04-scene0066_01-scene0066_00-scene0066_02-scene0066_03,5,0f2f2711-b736-2f71-8c6a-245a9d820a8c/scene0066_04-scene0066_01-scene0066_00-scene0066_02-scene0066_03/T5,0,6,18,0.0,4753,0.0,1.0,0,100,0.0
0f2f2711-b736-2f71-8c6a-245a9d820a8c,scene0066_04-scene0066_01-scene0066_00-scene0066_02-scene0066_03,5,0f2f2711-b736-2f71-8c6a-245a9d820a8c/scene0066_04-scene0066_01-scene0066_00-scene0066_02-scene0066_03/T5,0,7,20,0.0,2128,0.0,1.0,0,100,0.0
0f2f2711-b736-2f71-8c6a-245a9d820a8c,scene0066_04-scene0066_01-scene0066_00-scene0066_02-scene0066_03,5,0f2f2711-b736-2f71-8c6a-245a9d820a8c/scene0066_04-scene0066_01-scene0066_00-scene0066_02-scene0066_03/T5,0,8,21,0.0,6815,0.0,1.0,0,100,0.0
0f2f2711-b736-2f71-8c6a-245a9d820a8c,scene0066_04-scene0066_01-scene0066_00-scene0066_02-scene0066_03,5,0f2f2711-b736-2f71-8c6a-245a9d820a8c/scene0066_04-scene0066_01-scene0066_00-scene0066_02-scene0066_03/T5,0,9,22,0.11497248709201813,3453,0.11497248769186215,0.8850275123081378,0,100,0.0
0f2f2711-b736-2f71-8c6a-245a9d820a8c,scene0066_04-scene0066_01-scene0066_00-scene0066_02-scene0066_03,5,0f2f2711-b736-2f71-8c6a-245a9d820a8c/scene0066_04-scene0066_01-scene0066_00-scene0066_02-scene0066_03/T5,0,10,23,0.0,3702,0.0,1.0,0,100,0.0
0f2f2711-b736-2f71-8c6a-245a9d820a8c,scene0066_04-scene0066_01-scene0066_00-scene0066_02-scene0066_03,5,0f2f2711-b736-2f71-8c6a-245a9d820a8c/scene0066_04-scene0066_01-scene0066_00-scene0066_02-scene0066_03/T5,0,11,24,0.0,3916,0.0,1.0,0,100,0.0
0f2f2711-b736-2f71-8c6a-245a9d820a8c,scene0066_04-scene0066_01-scene0066_00-scene0066_02-scene0066_03,5,0f2f2711-b736-2f71-8c6a-245a9d820a8c/scene0066_04-scene0066_01-scene0066_00-scene0066_02-scene0066_03/T5,0,12,25,0.0,2765,0.0,1.0,0,100,0.0
0f2f2711-b736-2f71-8c6a-245a9d820a8c,scene0066_04-scene0066_01-scene0066_00-scene0066_02-scene0066_03,5,0f2f2711-b736-2f71-8c6a-245a9d820a8c/scene0066_04-scene0066_01-scene0066_00-scene0066_02-scene0066_03/T5,0,13,28,0.0,2603,0.0,1.0,0,100,0.0
0f2f2711-b736-2f71-8c6a-245a9d820a8c,scene0066_04-scene0066_01-scene0066_00-scene0066_02-scene0066_03,5,0f2f2711-b736-2f71-8c6a-245a9d820a8c/scene0066_04-scene0066_01-scene0066_00-scene0066_02-scene0066_03/T5,0,14,31,0.0,3867,0.0,1.0,0,100,0.0
0f2f2711-b736-2f71-8c6a-245a9d820a8c,scene0066_04-scene0066_01-scene0066_00-scene0066_02-scene0066_03,5,0f2f2711-b736-2f71-8c6a-245a9d820a8c/scene0066_04-scene0066_01-scene0066_00-scene0066_02-scene0066_03/T5,0,15,49,0.0,713,0.0,1.0,0,100,0.0
0f2f2711-b736-2f71-8c6a-245a9d820a8c,scene0066_04-scene0066_01-scene0066_00-scene0066_02-scene0066_03,5,0f2f2711-b736-2f71-8c6a-245a9d820a8c/scene0066_04-scene0066_01-scene0066_00-scene0066_02-scene0066_03/T5,0,16,54,0.0,1926,0.0,1.0,0,100,0.0
0f2f2711-b736-2f71-8c6a-245a9d820a8c,scene0066_04-scene0066_01-scene0066_00-scene0066_02-scene0066_03,5,0f2f2711-b736-2f71-8c6a-245a9d820a8c/scene0066_04-scene0066_01-scene0066_00-scene0066_02-scene0066_03/T5,1,5,25,0.8413718938827515,2765,0.8517179023508138,0.1482820976491862,10,100,0.1
0f2f2711-b736-2f71-8c6a-245a9d820a8c,scene0066_04-scene0066_01-scene0066_00-scene0066_02-scene0066_03,5,0f2f2711-b736-2f71-8c6a-245a9d820a8c/scene0066_04-scene0066_01-scene0066_00-scene0066_02-scene0066_03/T5,1,9,13,0.7214085459709167,2737,0.845816587504567,0.154183412495433,10,100,0.1
0f2f2711-b736-2f71-8c6a-245a9d820a8c,scene0066_04-scene0066_01-scene0066_00-scene0066_02-scene0066_03,5,0f2f2711-b736-2f71-8c6a-245a9d820a8c/scene0066_04-scene0066_01-scene0066_00-scene0066_02-scene0066_03/T5,1,10,54,0.3883761465549469,1926,0.8084112149532711,0.19158878504672894,10,100,0.1
0f2f2711-b736-2f71-8c6a-245a9d820a8c,scene0066_04-scene0066_01-scene0066_00-scene0066_02-scene0066_03,5,0f2f2711-b736-2f71-8c6a-245a9d820a8c/scene0066_04-scene0066_01-scene0066_00-scene0066_02-scene0066_03/T5,1,34,15,0.7915176749229431,50910,0.9608131997642899,0.039186800235710084,10,100,0.1
0f2f2711-b736-2f71-8c6a-245a9d820a8c,scene0066_04-scene0066_01-scene0066_00-scene0066_02-scene0066_03,5,0f2f2711-b736-2f71-8c6a-245a9d820a8c/scene0066_04-scene0066_01-scene0066_00-scene0066_02-scene0066_03/T5,1,35,18,0.3939845561981201,4753,0.611824111087734,0.38817588891226595,10,100,0.1
0f2f2711-b736-2f71-8c6a-245a9d820a8c,scene0066_04-scene0066_01-scene0066_00-scene0066_02-scene0066_03,5,0f2f2711-b736-2f71-8c6a-245a9d820a8c/scene0066_04-scene0066_01-scene0066_00-scene0066_02-scene0066_03/T5,1,41,20,0.5771267414093018,2128,0.7683270676691729,0.23167293233082709,10,100,0.1
0f2f2711-b736-2f71-8c6a-245a9d820a8c,scene0066_04-scene0066_01-scene0066_00-scene0066_02-scene0066_03,5,0f2f2711-b736-2f71-8c6a-245a9d820a8c/scene0066_04-scene0066_01-scene0066_00-scene0066_02-scene0066_03/T5,1,42,49,0.12056737393140793,713,0.3814866760168303,0.6185133239831697,10,100,0.1
0f2f2711-b736-2f71-8c6a-245a9d820a8c,scene0066_04-scene0066_01-scene0066_00-scene0066_02-scene0066_03,5,0f2f2711-b736-2f71-8c6a-245a9d820a8c/scene0066_04-scene0066_01-scene0066_00-scene0066_02-scene0066_03/T5,1,45,12,0.5976669788360596,2807,0.9308870680441753,0.06911293195582469,10,100,0.1
0f2f2711-b736-2f71-8c6a-245a9d820a8c,scene0066_04-scene0066_01-scene0066_00-scene0066_02-scene0066_03,5,0f2f2711-b736-2f71-8c6a-245a9d820a8c/scene0066_04-scene0066_01-scene0066_00-scene0066_02-scene0066_03/T5,1,49,21,0.7242376804351807,6815,0.9549523110785033,0.04504768892149669,10,100,0.1
0f2f2711-b736-2f71-8c6a-245a9d820a8c,scene0066_04-scene0066_01-scene0066_00-scene0066_02-scene0066_03,5,0f2f2711-b736-2f71-8c6a-245a9d820a8c/scene0066_04-scene0066_01-scene0066_00-scene0066_02-scene0066_03/T5,1,52,23,0.8813976645469666,3702,0.9675850891410048,0.03241491085899517,10,100,0.1
0f2f2711-b736-2f71-8c6a-245a9d820a8c,scene0066_04-scene0066_01-scene0066_00-scene0066_02-scene0066_03,5,0f2f2711-b736-2f71-8c6a-245a9d820a8c/scene0066_04-scene0066_01-scene0066_00-scene0066_02-scene0066_03/T5,1,56,24,0.8100926280021667,3916,0.8485699693564862,0.1514300306435138,10,100,0.1
0f2f2711-b736-2f71-8c6a-245a9d820a8c,scene0066_04-scene0066_01-scene0066_00-scene0066_02-scene0066_03,5,0f2f2711-b736-2f71-8c6a-245a9d820a8c/scene0066_04-scene0066_01-scene0066_00-scene0066_02-scene0066_03/T5,1,59,22,0.9353276491165161,3453,0.9507674485954243,0.04923255140457572,10,100,0.1
0f2f2711-b736-2f71-8c6a-245a9d820a8c,scene0066_04-scene0066_01-scene0066_00-scene0066_02-scene0066_03,5,0f2f2711-b736-2f71-8c6a-245a9d820a8c/scene0066_04-scene0066_01-scene0066_00-scene0066_02-scene0066_03/T5,1,62,31,0.5508280992507935,3867,0.9976726144297905,0.002327385570209506,10,100,0.1
0f2f2711-b736-2f71-8c6a-245a9d820a8c,scene0066_04-scene0066_01-scene0066_00-scene0066_02-scene0066_03,5,0f2f2711-b736-2f71-8c6a-245a9d820a8c/scene0066_04-scene0066_01-scene0066_00-scene0066_02-scene0066_03/T5,1,65,6,0.9252698421478271,3457,0.9670234307202777,0.032976569279722256,10,100,0.1
0f2f2711-b736-2f71-8c6a-245a9d820a8c,scene0066_04-scene0066_01-scene0066_00-scene0066_02-scene0066_03,5,0f2f2711-b736-2f71-8c6a-245a9d820a8c/scene0066_04-scene0066_01-scene0066_00-scene0066_02-scene0066_03/T5,1,73,28,0.17409729957580566,2603,0.3945447560507107,0.6054552439492893,10,100,0.1
0f2f2711-b736-2f71-8c6a-245a9d820a8c,scene0066_04-scene0066_01-scene0066_00-scene0066_02-scene0066_03,5,0f2f2711-b736-2f71-8c6a-245a9d820a8c/scene0066_04-scene0066_01-scene0066_00-scene0066_02-scene0066_03/T5,1,94,17,0.28289517760276794,4990,0.8561122244488978,0.14388777555110221,10,100,0.1
0f2f2711-b736-2f71-8c6a-245a9d820a8c,scene0066_04-scene0066_01-scene0066_00-scene0066_02-scene0066_03,5,0f2f2711-b736-2f71-8c6a-245a9d820a8c/scene0066_04-scene0066_01-scene0066_00-scene0066_02-scene0066_03/T5,1,96,16,0.20016206800937653,1566,0.946360153256705,0.05363984674329503,10,100,0.1
0f2f2711-b736-2f71-8c6a-245a9d820a8c,scene0066_04-scene0066_01-scene0066_00-scene0066_02-scene0066_03,5,0f2f2711-b736-2f71-8c6a-245a9d820a8c/scene0066_04-scene0066_01-scene0066_00-scene0066_02-scene0066_03/T5,2,0,16,0.20215347409248352,1566,0.851213282247765,0.14878671775223495,6,100,0.06
0f2f2711-b736-2f71-8c6a-245a9d820a8c,scene0066_04-scene0066_01-scene0066_00-scene0066_02-scene0066_03,5,0f2f2711-b736-2f71-8c6a-245a9d820a8c/scene0066_04-scene0066_01-scene0066_00-scene0066_02-scene0066_03/T5,2,5,25,0.8420864343643188,2765,0.8524412296564196,0.14755877034358045,6,100,0.06
0f2f2711-b736-2f71-8c6a-245a9d820a8c,scene0066_04-scene0066_01-scene0066_00-scene0066_02-scene0066_03,5,0f2f2711-b736-2f71-8c6a-245a9d820a8c/scene0066_04-scene0066_01-scene0066_00-scene0066_02-scene0066_03/T5,2,10,54,0.5513670444488525,1926,0.6910695742471443,0.3089304257528557,6,100,0.06
0f2f2711-b736-2f71-8c6a-245a9d820a8c,scene0066_04-scene0066_01-scene0066_00-scene0066_02-scene0066_03,5,0f2f2711-b736-2f71-8c6a-245a9d820a8c/scene0066_04-scene0066_01-scene0066_00-scene0066_02-scene0066_03/T5,2,24,6,0.8974078893661499,3457,0.9514029505351461,0.04859704946485388,6,100,0.06
0f2f2711-b736-2f71-8c6a-245a9d820a8c,scene0066_04-scene0066_01-scene0066_00-scene0066_02-scene0066_03,5,0f2f2711-b736-2f71-8c6a-245a9d820a8c/scene0066_04-scene0066_01-scene0066_00-scene0066_02-scene0066_03/T5,2,26,15,0.80375075340271,50910,0.9588489491259085,0.041151050874091544,6,100,0.06
0f2f2711-b736-2f71-8c6a-245a9d820a8c,scene0066_04-scene0066_01-scene0066_00-scene0066_02-scene0066_03,5,0f2f2711-b736-2f71-8c6a-245a9d820a8c/scene0066_04-scene0066_01-scene0066_00-scene0066_02-scene0066_03/T5,2,33,28,0.26824942231178284,2603,0.7552823665001921,0.2447176334998079,6,100,0.06
0f2f2711-b736-2f71-8c6a-245a9d820a8c,scene0066_04-scene0066_01-scene0066_00-scene0066_02-scene0066_03,5,0f2f2711-b736-2f71-8c6a-245a9d820a8c/scene0066_04-scene0066_01-scene0066_00-scene0066_02-scene0066_03/T5,2,41,17,0.38437026739120483,4990,0.5076152304609218,0.49238476953907817,6,100,0.06
0f2f2711-b736-2f71-8c6a-245a9d820a8c,scene0066_04-scene0066_01-scene0066_00-scene0066_02-scene0066_03,5,0f2f2711-b736-2f71-8c6a-245a9d820a8c/scene0066_04-scene0066_01-scene0066_00-scene0066_02-scene0066_03/T5,2,45,12,0.667597770690918,2807,0.9365871036693979,0.0634128963306021,6,100,0.06
0f2f2711-b736-2f71-8c6a-245a9d820a8c,scene0066_04-scene0066_01-scene0066_00-scene0066_02-scene0066_03,5,0f2f2711-b736-2f71-8c6a-245a9d820a8c/scene0066_04-scene0066_01-scene0066_00-scene0066_02-scene0066_03/T5,2,49,21,0.7377942800521851,6815,0.9335289801907557,0.0664710198092443,6,100,0.06
0f2f2711-b736-2f71-8c6a-245a9d820a8c,scene0066_04-scene0066_01-scene0066_00-scene0066_02-scene0066_03,5,0f2f2711-b736-2f71-8c6a-245a9d820a8c/scene0066_04-scene0066_01-scene0066_00-scene0066_02-scene0066_03/T5,2,52,23,0.8824397325515747,3702,0.9692058346839546,0.030794165316045397,6,100,0.06
0f2f2711-b736-2f71-8c6a-245a9d820a8c,scene0066_04-scene0066_01-scene0066_00-scene0066_02-scene0066_03,5,0f2f2711-b736-2f71-8c6a-245a9d820a8c/scene0066_04-scene0066_01-scene0066_00-scene0066_02-scene0066_03/T5,2,56,24,0.785679280757904,3916,0.8181818181818182,0.18181818181818177,6,100,0.06
0f2f2711-b736-2f71-8c6a-245a9d820a8c,scene0066_04-scene0066_01-scene0066_00-scene0066_02-scene0066_03,5,0f2f2711-b736-2f71-8c6a-245a9d820a8c/scene0066_04-scene0066_01-scene0066_00-scene0066_02-scene0066_03/T5,2,59,22,0.7837636470794678,3453,0.914277439907327,0.08572256009267298,6,100,0.06
0f2f2711-b736-2f71-8c6a-245a9d820a8c,scene0066_04-scene0066_01-scene0066_00-scene0066_02-scene0066_03,5,0f2f2711-b736-2f71-8c6a-245a9d820a8c/scene0066_04-scene0066_01-scene0066_00-scene0066_02-scene0066_03/T5,2,62,31,0.6344918608665466,3867,0.9961210240496509,0.0038789759503491394,6,100,0.06
0f2f2711-b736-2f71-8c6a-245a9d820a8c,scene0066_04-scene0066_01-scene0066_00-scene0066_02-scene0066_03,5,0f2f2711-b736-2f71-8c6a-245a9d820a8c/scene0066_04-scene0066_01-scene0066_00-scene0066_02-scene0066_03/T5,2,68,20,0.39118894934654236,2128,0.6926691729323309,0.3073308270676691,6,100,0.06
0f2f2711-b736-2f71-8c6a-245a9d820a8c,scene0066_04-scene0066_01-scene0066_00-scene0066_02-scene0066_03,5,0f2f2711-b736-2f71-8c6a-245a9d820a8c/scene0066_04-scene0066_01-scene0066_00-scene0066_02-scene0066_03/T5,2,83,49,0.4041193127632141,713,0.7980364656381487,0.20196353436185133,6,100,0.06
0f2f2711-b736-2f71-8c6a-245a9d820a8c,scene0066_04-scene0066_01-scene0066_00-scene0066_02-scene0066_03,5,0f2f2711-b736-2f71-8c6a-245a9d820a8c/scene0066_04-scene0066_01-scene0066_00-scene0066_02-scene0066_03/T5,2,93,18,0.3934727907180786,4753,0.8548285293498843,0.1451714706501157,6,100,0.06
0f2f2711-b736-2f71-8c6a-245a9d820a8c,scene0066_04-scene0066_01-scene0066_00-scene0066_02-scene0066_03,5,0f2f2711-b736-2f71-8c6a-245a9d820a8c/scene0066_04-scene0066_01-scene0066_00-scene0066_02-scene0066_03/T5,2,99,13,0.6973108053207397,2737,0.814760686883449,0.18523931311655095,6,100,0.06
0f2f2711-b736-2f71-8c6a-245a9d820a8c,scene0066_04-scene0066_01-scene0066_00-scene0066_02-scene0066_03,5,0f2f2711-b736-2f71-8c6a-245a9d820a8c/scene0066_04-scene0066_01-scene0066_00-scene0066_02-scene0066_03/T5,3,4,12,0.8045826554298401,2807,0.8756679729248308,0.12433202707516922,2,100,0.02
0f2f2711-b736-2f71-8c6a-245a9d820a8c,scene0066_04-scene0066_01-scene0066_00-scene0066_02-scene0066_03,5,0f2f2711-b736-2f71-8c6a-245a9d820a8c/scene0066_04-scene0066_01-scene0066_00-scene0066_02-scene0066_03/T5,3,5,25,0.8853161931037903,2765,0.8962025316455696,0.10379746835443038,2,100,0.02
0f2f2711-b736-2f71-8c6a-245a9d820a8c,scene0066_04-scene0066_01-scene0066_00-scene0066_02-scene0066_03,5,0f2f2711-b736-2f71-8c6a-245a9d820a8c/scene0066_04-scene0066_01-scene0066_00-scene0066_02-scene0066_03/T5,3,12,54,0.7497570514678955,1926,0.8011422637590861,0.19885773624091385,2,100,0.02
0f2f2711-b736-2f71-8c6a-245a9d820a8c,scene0066_04-scene0066_01-scene0066_00-scene0066_02-scene0066_03,5,0f2f2711-b736-2f71-8c6a-245a9d820a8c/scene0066_04-scene0066_01-scene0066_00-scene0066_02-scene0066_03/T5,3,15,13,0.7150322794914246,2737,0.8498355864084765,0.15016441359152355,2,100,0.02
0f2f2711-b736-2f71-8c6a-245a9d820a8c,scene0066_04-scene0066_01-scene0066_00-scene0066_02-scene0066_03,5,0f2f2711-b736-2f71-8c6a-245a9d820a8c/scene0066_04-scene0066_01-scene0066_00-scene0066_02-scene0066_03/T5,3,16,6,0.9308193325996399,3457,0.9924790280590107,0.007520971940989329,2,100,0.02
0f2f2711-b736-2f71-8c6a-245a9d820a8c,scene0066_04-scene0066_01-scene0066_00-scene0066_02-scene0066_03,5,0f2f2711-b736-2f71-8c6a-245a9d820a8c/scene0066_04-scene0066_01-scene0066_00-scene0066_02-scene0066_03/T5,3,31,24,0.8260552883148193,3916,0.8695097037793666,0.13049029622063335,2,100,0.02
0f2f2711-b736-2f71-8c6a-245a9d820a8c,scene0066_04-scene0066_01-scene0066_00-scene0066_02-scene0066_03,5,0f2f2711-b736-2f71-8c6a-245a9d820a8c/scene0066_04-scene0066_01-scene0066_00-scene0066_02-scene0066_03/T5,3,32,16,0.20398952066898346,1566,0.8946360153256705,0.1053639846743295,2,100,0.02
0f2f2711-b736-2f71-8c6a-245a9d820a8c,scene0066_04-scene0066_01-scene0066_00-scene0066_02-scene0066_03,5,0f2f2711-b736-2f71-8c6a-245a9d820a8c/scene0066_04-scene0066_01-scene0066_00-scene0066_02-scene0066_03/T5,3,33,18,0.4462333917617798,4753,0.6355985693246371,0.3644014306753629,2,100,0.02
0f2f2711-b736-2f71-8c6a-245a9d820a8c,scene0066_04-scene0066_01-scene0066_00-scene0066_02-scene0066_03,5,0f2f2711-b736-2f71-8c6a-245a9d820a8c/scene0066_04-scene0066_01-scene0066_00-scene0066_02-scene0066_03/T5,3,34,15,0.797158420085907,50910,0.9477902180318208,0.05220978196817916,2,100,0.02
0f2f2711-b736-2f71-8c6a-245a9d820a8c,scene0066_04-scene0066_01-scene0066_00-scene0066_02-scene0066_03,5,0f2f2711-b736-2f71-8c6a-245a9d820a8c/scene0066_04-scene0066_01-scene0066_00-scene0066_02-scene0066_03/T5,3,38,23,0.8828163743019104,3702,0.968665586169638,0.03133441383036195,2,100,0.02
0f2f2711-b736-2f71-8c6a-245a9d820a8c,scene0066_04-scene0066_01-scene0066_00-scene0066_02-scene0066_03,5,0f2f2711-b736-2f71-8c6a-245a9d820a8c/scene0066_04-scene0066_01-scene0066_00-scene0066_02-scene0066_03/T5,3,41,17,0.5176799893379211,4990,0.8156312625250501,0.18436873747494986,2,100,0.02
0f2f2711-b736-2f71-8c6a-245a9d820a8c,scene0066_04-scene0066_01-scene0066_00-scene0066_02-scene0066_03,5,0f2f2711-b736-2f71-8c6a-245a9d820a8c/scene0066_04-scene0066_01-scene0066_00-scene0066_02-scene0066_03/T5,3,42,49,0.6916780471801758,713,0.7110799438990182,0.2889200561009818,2,100,0.02
0f2f2711-b736-2f71-8c6a-245a9d820a8c,scene0066_04-scene0066_01-scene0066_00-scene0066_02-scene0066_03,5,0f2f2711-b736-2f71-8c6a-245a9d820a8c/scene0066_04-scene0066_01-scene0066_00-scene0066_02-scene0066_03/T5,3,43,28,0.5771905183792114,2603,0.7971571263926239,0.20284287360737607,2,100,0.02
0f2f2711-b736-2f71-8c6a-245a9d820a8c,scene0066_04-scene0066_01-scene0066_00-scene0066_02-scene0066_03,5,0f2f2711-b736-2f71-8c6a-245a9d820a8c/scene0066_04-scene0066_01-scene0066_00-scene0066_02-scene0066_03/T5,3,59,22,0.9345288872718811,3453,0.9507674485954243,0.04923255140457572,2,100,0.02
0f2f2711-b736-2f71-8c6a-245a9d820a8c,scene0066_04-scene0066_01-scene0066_00-scene0066_02-scene0066_03,5,0f2f2711-b736-2f71-8c6a-245a9d820a8c/scene0066_04-scene0066_01-scene0066_00-scene0066_02-scene0066_03/T5,3,68,20,0.6792051196098328,2128,0.8994360902255639,0.10056390977443608,2,100,0.02
0f2f2711-b736-2f71-8c6a-245a9d820a8c,scene0066_04-scene0066_01-scene0066_00-scene0066_02-scene0066_03,5,0f2f2711-b736-2f71-8c6a-245a9d820a8c/scene0066_04-scene0066_01-scene0066_00-scene0066_02-scene0066_03/T5,3,87,21,0.723031759262085,6815,0.9392516507703595,0.06074834922964045,2,100,0.02
0f2f2711-b736-2f71-8c6a-245a9d820a8c,scene0066_04-scene0066_01-scene0066_00-scene0066_02-scene0066_03,5,0f2f2711-b736-2f71-8c6a-245a9d820a8c/scene0066_04-scene0066_01-scene0066_00-scene0066_02-scene0066_03/T5,3,95,31,0.7575395107269287,3867,0.8184639255236618,0.18153607447633824,2,100,0.02
0f2f2711-b736-2f71-8c6a-245a9d820a8c,scene0066_04-scene0066_01-scene0066_00-scene0066_02-scene0066_03,5,0f2f2711-b736-2f71-8c6a-245a9d820a8c/scene0066_04-scene0066_01-scene0066_00-scene0066_02-scene0066_03/T5,4,4,12,0.8016741871833801,2807,0.8870680441752761,0.11293195582472393,2,100,0.02
0f2f2711-b736-2f71-8c6a-245a9d820a8c,scene0066_04-scene0066_01-scene0066_00-scene0066_02-scene0066_03,5,0f2f2711-b736-2f71-8c6a-245a9d820a8c/scene0066_04-scene0066_01-scene0066_00-scene0066_02-scene0066_03/T5,4,5,25,0.8936094045639038,2765,0.9052441229656419,0.09475587703435806,2,100,0.02
0f2f2711-b736-2f71-8c6a-245a9d820a8c,scene0066_04-scene0066_01-scene0066_00-scene0066_02-scene0066_03,5,0f2f2711-b736-2f71-8c6a-245a9d820a8c/scene0066_04-scene0066_01-scene0066_00-scene0066_02-scene0066_03/T5,4,10,49,0.6381486654281616,713,0.638148667601683,0.361851332398317,2,100,0.02
0f2f2711-b736-2f71-8c6a-245a9d820a8c,scene0066_04-scene0066_01-scene0066_00-scene0066_02-scene0066_03,5,0f2f2711-b736-2f71-8c6a-245a9d820a8c/scene0066_04-scene0066_01-scene0066_00-scene0066_02-scene0066_03/T5,4,12,54,0.7593848705291748,1926,0.8717549325025961,0.12824506749740394,2,100,0.02
0f2f2711-b736-2f71-8c6a-245a9d820a8c,scene0066_04-scene0066_01-scene0066_00-scene0066_02-scene0066_03,5,0f2f2711-b736-2f71-8c6a-245a9d820a8c/scene0066_04-scene0066_01-scene0066_00-scene0066_02-scene0066_03/T5,4,13,31,0.7446438670158386,3867,0.9976726144297905,0.002327385570209506,2,100,0.02
0f2f2711-b736-2f71-8c6a-245a9d820a8c,scene0066_04-scene0066_01-scene0066_00-scene0066_02-scene0066_03,5,0f2f2711-b736-2f71-8c6a-245a9d820a8c/scene0066_04-scene0066_01-scene0066_00-scene0066_02-scene0066_03/T5,4,14,28,0.47404202818870544,2603,0.5893200153668844,0.4106799846331156,2,100,0.02
0f2f2711-b736-2f71-8c6a-245a9d820a8c,scene0066_04-scene0066_01-scene0066_00-scene0066_02-scene0066_03,5,0f2f2711-b736-2f71-8c6a-245a9d820a8c/scene0066_04-scene0066_01-scene0066_00-scene0066_02-scene0066_03/T5,4,16,6,0.9308193325996399,3457,0.9924790280590107,0.007520971940989329,2,100,0.02
0f2f2711-b736-2f71-8c6a-245a9d820a8c,scene0066_04-scene0066_01-scene0066_00-scene0066_02-scene0066_03,5,0f2f2711-b736-2f71-8c6a-245a9d820a8c/scene0066_04-scene0066_01-scene0066_00-scene0066_02-scene0066_03/T5,4,34,15,0.7883971929550171,50910,0.8979768218424671,0.10202317815753292,2,100,0.02
0f2f2711-b736-2f71-8c6a-245a9d820a8c,scene0066_04-scene0066_01-scene0066_00-scene0066_02-scene0066_03,5,0f2f2711-b736-2f71-8c6a-245a9d820a8c/scene0066_04-scene0066_01-scene0066_00-scene0066_02-scene0066_03/T5,4,38,23,0.8815724849700928,3702,0.9692058346839546,0.030794165316045397,2,100,0.02
0f2f2711-b736-2f71-8c6a-245a9d820a8c,scene0066_04-scene0066_01-scene0066_00-scene0066_02-scene0066_03,5,0f2f2711-b736-2f71-8c6a-245a9d820a8c/scene0066_04-scene0066_01-scene0066_00-scene0066_02-scene0066_03/T5,4,41,17,0.6115432381629944,4990,0.7877755511022044,0.21222444889779557,2,100,0.02
0f2f2711-b736-2f71-8c6a-245a9d820a8c,scene0066_04-scene0066_01-scene0066_00-scene0066_02-scene0066_03,5,0f2f2711-b736-2f71-8c6a-245a9d820a8c/scene0066_04-scene0066_01-scene0066_00-scene0066_02-scene0066_03/T5,4,51,16,0.20478872954845428,1566,0.9284802043422733,0.0715197956577267,2,100,0.02
0f2f2711-b736-2f71-8c6a-245a9d820a8c,scene0066_04-scene0066_01-scene0066_00-scene0066_02-scene0066_03,5,0f2f2711-b736-2f71-8c6a-245a9d820a8c/scene0066_04-scene0066_01-scene0066_00-scene0066_02-scene0066_03/T5,4,56,24,0.8094311952590942,3916,0.8503575076608785,0.14964249233912152,2,100,0.02
0f2f2711-b736-2f71-8c6a-245a9d820a8c,scene0066_04-scene0066_01-scene0066_00-scene0066_02-scene0066_03,5,0f2f2711-b736-2f71-8c6a-245a9d820a8c/scene0066_04-scene0066_01-scene0066_00-scene0066_02-scene0066_03/T5,4,59,22,0.9353276491165161,3453,0.9507674485954243,0.04923255140457572,2,100,0.02
0f2f2711-b736-2f71-8c6a-245a9d820a8c,scene0066_04-scene0066_01-scene0066_00-scene0066_02-scene0066_03,5,0f2f2711-b736-2f71-8c6a-245a9d820a8c/scene0066_04-scene0066_01-scene0066_00-scene0066_02-scene0066_03/T5,4,66,13,0.7376084327697754,2737,0.8699305809280233,0.13006941907197667,2,100,0.02
0f2f2711-b736-2f71-8c6a-245a9d820a8c,scene0066_04-scene0066_01-scene0066_00-scene0066_02-scene0066_03,5,0f2f2711-b736-2f71-8c6a-245a9d820a8c/scene0066_04-scene0066_01-scene0066_00-scene0066_02-scene0066_03/T5,4,68,20,0.7542408108711243,2128,0.8566729323308271,0.14332706766917291,2,100,0.02
0f2f2711-b736-2f71-8c6a-245a9d820a8c,scene0066_04-scene0066_01-scene0066_00-scene0066_02-scene0066_03,5,0f2f2711-b736-2f71-8c6a-245a9d820a8c/scene0066_04-scene0066_01-scene0066_00-scene0066_02-scene0066_03/T5,4,87,21,0.7415100932121277,6815,0.9323550990462216,0.0676449009537784,2,100,0.02
0f2f2711-b736-2f71-8c6a-245a9d820a8c,scene0066_04-scene0066_01-scene0066_00-scene0066_02-scene0066_03,5,0f2f2711-b736-2f71-8c6a-245a9d820a8c/scene0066_04-scene0066_01-scene0066_00-scene0066_02-scene0066_03/T5,4,93,18,0.5122182965278625,4753,0.9084788554597096,0.09152114454029037,2,100,0.02
0f2f2711-b736-2f71-8c6a-245a9d820a8c,scene0066_04-scene0066_01-scene0066_00-scene0066_02-scene0066_03,5,0f2f2711-b736-2f71-8c6a-245a9d820a8c/scene0066_04-scene0066_01-scene0066_00-scene0066_02-scene0066_03/T5,5,4,12,0.7976859211921692,2807,0.8596366227288921,0.14036337727110793,1,100,0.01
0f2f2711-b736-2f71-8c6a-245a9d820a8c,scene0066_04-scene0066_01-scene0066_00-scene0066_02-scene0066_03,5,0f2f2711-b736-2f71-8c6a-245a9d820a8c/scene0066_04-scene0066_01-scene0066_00-scene0066_02-scene0066_03/T5,5,5,25,0.8943262696266174,2765,0.912115732368897,0.08788426763110302,1,100,0.01
0f2f2711-b736-2f71-8c6a-245a9d820a8c,scene0066_04-scene0066_01-scene0066_00-scene0066_02-scene0066_03,5,0f2f2711-b736-2f71-8c6a-245a9d820a8c/scene0066_04-scene0066_01-scene0066_00-scene0066_02-scene0066_03/T5,5,12,54,0.7593848705291748,1926,0.8717549325025961,0.12824506749740394,1,100,0.01
0f2f2711-b736-2f71-8c6a-245a9d820a8c,scene0066_04-scene0066_01-scene0066_00-scene0066_02-scene0066_03,5,0f2f2711-b736-2f71-8c6a-245a9d820a8c/scene0066_04-scene0066_01-scene0066_00-scene0066_02-scene0066_03/T5,5,14,28,0.4848293364048004,2603,0.5893200153668844,0.4106799846331156,1,100,0.01
0f2f2711-b736-2f71-8c6a-245a9d820a8c,scene0066_04-scene0066_01-scene0066_00-scene0066_02-scene0066_03,5,0f2f2711-b736-2f71-8c6a-245a9d820a8c/scene0066_04-scene0066_01-scene0066_00-scene0066_02-scene0066_03/T5,5,16,6,0.9308193325996399,3457,0.9924790280590107,0.007520971940989329,1,100,0.01
0f2f2711-b736-2f71-8c6a-245a9d820a8c,scene0066_04-scene0066_01-scene0066_00-scene0066_02-scene0066_03,5,0f2f2711-b736-2f71-8c6a-245a9d820a8c/scene0066_04-scene0066_01-scene0066_00-scene0066_02-scene0066_03/T5,5,27,49,0.635343611240387,713,0.635343618513324,0.364656381486676,1,100,0.01
0f2f2711-b736-2f71-8c6a-245a9d820a8c,scene0066_04-scene0066_01-scene0066_00-scene0066_02-scene0066_03,5,0f2f2711-b736-2f71-8c6a-245a9d820a8c/scene0066_04-scene0066_01-scene0066_00-scene0066_02-scene0066_03/T5,5,34,15,0.7830965518951416,50910,0.9636810056963269,0.036318994303673136,1,100,0.01
0f2f2711-b736-2f71-8c6a-245a9d820a8c,scene0066_04-scene0066_01-scene0066_00-scene0066_02-scene0066_03,5,0f2f2711-b736-2f71-8c6a-245a9d820a8c/scene0066_04-scene0066_01-scene0066_00-scene0066_02-scene0066_03/T5,5,38,23,0.892615795135498,3702,0.9632631010264722,0.03673689897352783,1,100,0.01
0f2f2711-b736-2f71-8c6a-245a9d820a8c,scene0066_04-scene0066_01-scene0066_00-scene0066_02-scene0066_03,5,0f2f2711-b736-2f71-8c6a-245a9d820a8c/scene0066_04-scene0066_01-scene0066_00-scene0066_02-scene0066_03/T5,5,41,17,0.5904476046562195,4990,0.8274549098196393,0.17254509018036068,1,100,0.01
0f2f2711-b736-2f71-8c6a-245a9d820a8c,scene0066_04-scene0066_01-scene0066_00-scene0066_02-scene0066_03,5,0f2f2711-b736-2f71-8c6a-245a9d820a8c/scene0066_04-scene0066_01-scene0066_00-scene0066_02-scene0066_03/T5,5,51,16,0.21529920399188995,1566,0.8914431673052363,0.10855683269476368,1,100,0.01
0f2f2711-b736-2f71-8c6a-245a9d820a8c,scene0066_04-scene0066_01-scene0066_00-scene0066_02-scene0066_03,5,0f2f2711-b736-2f71-8c6a-245a9d820a8c/scene0066_04-scene0066_01-scene0066_00-scene0066_02-scene0066_03/T5,5,56,24,0.8196402788162231,3916,0.8610827374872319,0.13891726251276815,1,100,0.01
0f2f2711-b736-2f71-8c6a-245a9d820a8c,scene0066_04-scene0066_01-scene0066_00-scene0066_02-scene0066_03,5,0f2f2711-b736-2f71-8c6a-245a9d820a8c/scene0066_04-scene0066_01-scene0066_00-scene0066_02-scene0066_03/T5,5,59,22,0.9353276491165161,3453,0.9507674485954243,0.04923255140457572,1,100,0.01
0f2f2711-b736-2f71-8c6a-245a9d820a8c,scene0066_04-scene0066_01-scene0066_00-scene0066_02-scene0066_03,5,0f2f2711-b736-2f71-8c6a-245a9d820a8c/scene0066_04-scene0066_01-scene0066_00-scene0066_02-scene0066_03/T5,5,66,13,0.740844190120697,2737,0.8721227621483376,0.12787723785166238,1,100,0.01
0f2f2711-b736-2f71-8c6a-245a9d820a8c,scene0066_04-scene0066_01-scene0066_00-scene0066_02-scene0066_03,5,0f2f2711-b736-2f71-8c6a-245a9d820a8c/scene0066_04-scene0066_01-scene0066_00-scene0066_02-scene0066_03/T5,5,68,20,0.745298445224762,2128,0.8566729323308271,0.14332706766917291,1,100,0.01
0f2f2711-b736-2f71-8c6a-245a9d820a8c,scene0066_04-scene0066_01-scene0066_00-scene0066_02-scene0066_03,5,0f2f2711-b736-2f71-8c6a-245a9d820a8c/scene0066_04-scene0066_01-scene0066_00-scene0066_02-scene0066_03/T5,5,74,21,0.7286609411239624,6815,0.9382245047688922,0.06177549523110781,1,100,0.01
0f2f2711-b736-2f71-8c6a-245a9d820a8c,scene0066_04-scene0066_01-scene0066_00-scene0066_02-scene0066_03,5,0f2f2711-b736-2f71-8c6a-245a9d820a8c/scene0066_04-scene0066_01-scene0066_00-scene0066_02-scene0066_03/T5,5,93,18,0.4907376170158386,4753,0.9196297075531243,0.08037029244687566,1,100,0.01
0f2f2711-b736-2f71-8c6a-245a9d820a8c,scene0066_04-scene0066_01-scene0066_00-scene0066_02-scene0066_03,5,0f2f2711-b736-2f71-8c6a-245a9d820a8c/scene0066_04-scene0066_01-scene0066_00-scene0066_02-scene0066_03/T5,5,95,31,0.8790157437324524,3867,0.9976726144297905,0.002327385570209506,1,100,0.01
0f2f2711-b736-2f71-8c6a-245a9d820a8c,scene0066_04-scene0066_01-scene0066_00-scene0066_02-scene0066_03,5,0f2f2711-b736-2f71-8c6a-245a9d820a8c/scene0066_04-scene0066_01-scene0066_00-scene0066_02-scene0066_03/T5,6,1,31,0.8101637959480286,3867,0.9976726144297905,0.002327385570209506,6,100,0.06
0f2f2711-b736-2f71-8c6a-245a9d820a8c,scene0066_04-scene0066_01-scene0066_00-scene0066_02-scene0066_03,5,0f2f2711-b736-2f71-8c6a-245a9d820a8c/scene0066_04-scene0066_01-scene0066_00-scene0066_02-scene0066_03/T5,6,12,54,0.7593848705291748,1926,0.8717549325025961,0.12824506749740394,6,100,0.06
0f2f2711-b736-2f71-8c6a-245a9d820a8c,scene0066_04-scene0066_01-scene0066_00-scene0066_02-scene0066_03,5,0f2f2711-b736-2f71-8c6a-245a9d820a8c/scene0066_04-scene0066_01-scene0066_00-scene0066_02-scene0066_03/T5,6,14,28,0.4709855616092682,2603,0.5893200153668844,0.4106799846331156,6,100,0.06
0f2f2711-b736-2f71-8c6a-245a9d820a8c,scene0066_04-scene0066_01-scene0066_00-scene0066_02-scene0066_03,5,0f2f2711-b736-2f71-8c6a-245a9d820a8c/scene0066_04-scene0066_01-scene0066_00-scene0066_02-scene0066_03/T5,6,16,6,0.9308193325996399,3457,0.9924790280590107,0.007520971940989329,6,100,0.06
0f2f2711-b736-2f71-8c6a-245a9d820a8c,scene0066_04-scene0066_01-scene0066_00-scene0066_02-scene0066_03,5,0f2f2711-b736-2f71-8c6a-245a9d820a8c/scene0066_04-scene0066_01-scene0066_00-scene0066_02-scene0066_03/T5,6,33,18,0.576674222946167,4753,0.7500525983589312,0.24994740164106877,6,100,0.06
0f2f2711-b736-2f71-8c6a-245a9d820a8c,scene0066_04-scene0066_01-scene0066_00-scene0066_02-scene0066_03,5,0f2f2711-b736-2f71-8c6a-245a9d820a8c/scene0066_04-scene0066_01-scene0066_00-scene0066_02-scene0066_03/T5,6,38,23,0.8935104012489319,3702,0.9632631010264722,0.03673689897352783,6,100,0.06
0f2f2711-b736-2f71-8c6a-245a9d820a8c,scene0066_04-scene0066_01-scene0066_00-scene0066_02-scene0066_03,5,0f2f2711-b736-2f71-8c6a-245a9d820a8c/scene0066_04-scene0066_01-scene0066_00-scene0066_02-scene0066_03/T5,6,40,15,0.7960683107376099,50910,0.9449616971125515,0.05503830288744849,6,100,0.06
0f2f2711-b736-2f71-8c6a-245a9d820a8c,scene0066_04-scene0066_01-scene0066_00-scene0066_02-scene0066_03,5,0f2f2711-b736-2f71-8c6a-245a9d820a8c/scene0066_04-scene0066_01-scene0066_00-scene0066_02-scene0066_03/T5,6,41,17,0.5901480317115784,4990,0.8547094188376754,0.14529058116232463,6,100,0.06
0f2f2711-b736-2f71-8c6a-245a9d820a8c,scene0066_04-scene0066_01-scene0066_00-scene0066_02-scene0066_03,5,0f2f2711-b736-2f71-8c6a-245a9d820a8c/scene0066_04-scene0066_01-scene0066_00-scene0066_02-scene0066_03/T5,6,51,16,0.21254085004329681,1566,0.8722860791826309,0.1277139208173691,6,100,0.06
0f2f2711-b736-2f71-8c6a-245a9d820a8c,scene0066_04-scene0066_01-scene0066_00-scene0066_02-scene0066_03,5,0f2f2711-b736-2f71-8c6a-245a9d820a8c/scene0066_04-scene0066_01-scene0066_00-scene0066_02-scene0066_03/T5,6,56,24,0.8006805777549744,3916,0.841164453524004,0.15883554647599596,6,100,0.06
0f2f2711-b736-2f71-8c6a-245a9d820a8c,scene0066_04-scene0066_01-scene0066_00-scene0066_02-scene0066_03,5,0f2f2711-b736-2f71-8c6a-245a9d820a8c/scene0066_04-scene0066_01-scene0066_00-scene0066_02-scene0066_03/T5,6,59,22,0.9392201900482178,3453,0.94874022589053,0.051259774109470024,6,100,0.06
0f2f2711-b736-2f71-8c6a-245a9d820a8c,scene0066_04-scene0066_01-scene0066_00-scene0066_02-scene0066_03,5,0f2f2711-b736-2f71-8c6a-245a9d820a8c/scene0066_04-scene0066_01-scene0066_00-scene0066_02-scene0066_03/T5,6,64,12,0.7802056670188904,2807,0.8649804061275383,0.13501959387246165,6,100,0.06
0f2f2711-b736-2f71-8c6a-245a9d820a8c,scene0066_04-scene0066_01-scene0066_00-scene0066_02-scene0066_03,5,0f2f2711-b736-2f71-8c6a-245a9d820a8c/scene0066_04-scene0066_01-scene0066_00-scene0066_02-scene0066_03/T5,6,68,20,0.7573866248130798,2128,0.8552631578947368,0.14473684210526316,6,100,0.06
0f2f2711-b736-2f71-8c6a-245a9d820a8c,scene0066_04-scene0066_01-scene0066_00-scene0066_02-scene0066_03,5,0f2f2711-b736-2f71-8c6a-245a9d820a8c/scene0066_04-scene0066_01-scene0066_00-scene0066_02-scene0066_03/T5,6,71,21,0.7279972434043884,6815,0.9382245047688922,0.06177549523110781,6,100,0.06
0f2f2711-b736-2f71-8c6a-245a9d820a8c,scene0066_04-scene0066_01-scene0066_00-scene0066_02-scene0066_03,5,0f2f2711-b736-2f71-8c6a-245a9d820a8c/scene0066_04-scene0066_01-scene0066_00-scene0066_02-scene0066_03/T5,6,83,49,0.695652186870575,713,0.6956521739130435,0.30434782608695654,6,100,0.06
0f2f2711-b736-2f71-8c6a-245a9d820a8c,scene0066_04-scene0066_01-scene0066_00-scene0066_02-scene0066_03,5,0f2f2711-b736-2f71-8c6a-245a9d820a8c/scene0066_04-scene0066_01-scene0066_00-scene0066_02-scene0066_03/T5,6,89,25,0.8946808576583862,2765,0.9124773960216999,0.08752260397830014,6,100,0.06
0f2f2711-b736-2f71-8c6a-245a9d820a8c,scene0066_04-scene0066_01-scene0066_00-scene0066_02-scene0066_03,5,0f2f2711-b736-2f71-8c6a-245a9d820a8c/scene0066_04-scene0066_01-scene0066_00-scene0066_02-scene0066_03/T5,6,99,13,0.7016198039054871,2737,0.9020825721592985,0.09791742784070145,6,100,0.06
0f2f2711-b736-2f71-8c6a-245a9d820a8c,scene0066_04-scene0066_01-scene0066_00-scene0066_02-scene0066_03,5,0f2f2711-b736-2f71-8c6a-245a9d820a8c/scene0066_04-scene0066_01-scene0066_00-scene0066_02-scene0066_03/T5,7,5,25,0.9010360836982727,2765,0.912115732368897,0.08788426763110302,3,100,0.03
0f2f2711-b736-2f71-8c6a-245a9d820a8c,scene0066_04-scene0066_01-scene0066_00-scene0066_02-scene0066_03,5,0f2f2711-b736-2f71-8c6a-245a9d820a8c/scene0066_04-scene0066_01-scene0066_00-scene0066_02-scene0066_03/T5,7,12,54,0.7593848705291748,1926,0.8717549325025961,0.12824506749740394,3,100,0.03
0f2f2711-b736-2f71-8c6a-245a9d820a8c,scene0066_04-scene0066_01-scene0066_00-scene0066_02-scene0066_03,5,0f2f2711-b736-2f71-8c6a-245a9d820a8c/scene0066_04-scene0066_01-scene0066_00-scene0066_02-scene0066_03/T5,7,16,6,0.9308193325996399,3457,0.9924790280590107,0.007520971940989329,3,100,0.03
0f2f2711-b736-2f71-8c6a-245a9d820a8c,scene0066_04-scene0066_01-scene0066_00-scene0066_02-scene0066_03,5,0f2f2711-b736-2f71-8c6a-245a9d820a8c/scene0066_04-scene0066_01-scene0066_00-scene0066_02-scene0066_03/T5,7,17,21,0.7614055871963501,6815,0.9379310344827586,0.06206896551724139,3,100,0.03
0f2f2711-b736-2f71-8c6a-245a9d820a8c,scene0066_04-scene0066_01-scene0066_00-scene0066_02-scene0066_03,5,0f2f2711-b736-2f71-8c6a-245a9d820a8c/scene0066_04-scene0066_01-scene0066_00-scene0066_02-scene0066_03/T5,7,33,18,0.617074728012085,4753,0.8272669892699348,0.1727330107300652,3,100,0.03
0f2f2711-b736-2f71-8c6a-245a9d820a8c,scene0066_04-scene0066_01-scene0066_00-scene0066_02-scene0066_03,5,0f2f2711-b736-2f71-8c6a-245a9d820a8c/scene0066_04-scene0066_01-scene0066_00-scene0066_02-scene0066_03/T5,7,38,23,0.892615795135498,3702,0.9632631010264722,0.03673689897352783,3,100,0.03
0f2f2711-b736-2f71-8c6a-245a9d820a8c,scene0066_04-scene0066_01-scene0066_00-scene0066_02-scene0066_03,5,0f2f2711-b736-2f71-8c6a-245a9d820a8c/scene0066_04-scene0066_01-scene0066_00-scene0066_02-scene0066_03/T5,7,40,15,0.7915934324264526,50910,0.9377528972696916,0.06224710273030842,3,100,0.03
0f2f2711-b736-2f71-8c6a-245a9d820a8c,scene0066_04-scene0066_01-scene0066_00-scene0066_02-scene0066_03,5,0f2f2711-b736-2f71-8c6a-245a9d820a8c/scene0066_04-scene0066_01-scene0066_00-scene0066_02-scene0066_03/T5,7,41,17,0.6429013013839722,4990,0.8330661322645291,0.16693386773547092,3,100,0.03
0f2f2711-b736-2f71-8c6a-245a9d820a8c,scene0066_04-scene0066_01-scene0066_00-scene0066_02-scene0066_03,5,0f2f2711-b736-2f71-8c6a-245a9d820a8c/scene0066_04-scene0066_01-scene0066_00-scene0066_02-scene0066_03/T5,7,43,28,0.4793435335159302,2603,0.650787552823665,0.34921244717633504,3,100,0.03
0f2f2711-b736-2f71-8c6a-245a9d820a8c,scene0066_04-scene0066_01-scene0066_00-scene0066_02-scene0066_03,5,0f2f2711-b736-2f71-8c6a-245a9d820a8c/scene0066_04-scene0066_01-scene0066_00-scene0066_02-scene0066_03/T5,7,46,20,0.7672634124755859,2128,0.8458646616541353,0.15413533834586468,3,100,0.03
0f2f2711-b736-2f71-8c6a-245a9d820a8c,scene0066_04-scene0066_01-scene0066_00-scene0066_02-scene0066_03,5,0f2f2711-b736-2f71-8c6a-245a9d820a8c/scene0066_04-scene0066_01-scene0066_00-scene0066_02-scene0066_03/T5,7,51,16,0.1990976631641388,1566,0.8735632183908046,0.12643678160919536,3,100,0.03
0f2f2711-b736-2f71-8c6a-245a9d820a8c,scene0066_04-scene0066_01-scene0066_00-scene0066_02-scene0066_03,5,0f2f2711-b736-2f71-8c6a-245a9d820a8c/scene0066_04-scene0066_01-scene0066_00-scene0066_02-scene0066_03/T5,7,56,24,0.7802625298500061,3916,0.8197139938712973,0.1802860061287027,3,100,0.03
0f2f2711-b736-2f71-8c6a-245a9d820a8c,scene0066_04-scene0066_01-scene0066_00-scene0066_02-scene0066_03,5,0f2f2711-b736-2f71-8c6a-245a9d820a8c/scene0066_04-scene0066_01-scene0066_00-scene0066_02-scene0066_03/T5,7,59,22,0.9353276491165161,3453,0.9507674485954243,0.04923255140457572,3,100,0.03
0f2f2711-b736-2f71-8c6a-245a9d820a8c,scene0066_04-scene0066_01-scene0066_00-scene0066_02-scene0066_03,5,0f2f2711-b736-2f71-8c6a-245a9d820a8c/scene0066_04-scene0066_01-scene0066_00-scene0066_02-scene0066_03/T5,7,64,12,0.7997444868087769,2807,0.8920555753473459,0.10794442465265408,3,100,0.03
0f2f2711-b736-2f71-8c6a-245a9d820a8c,scene0066_04-scene0066_01-scene0066_00-scene0066_02-scene0066_03,5,0f2f2711-b736-2f71-8c6a-245a9d820a8c/scene0066_04-scene0066_01-scene0066_00-scene0066_02-scene0066_03/T5,7,66,13,0.7236180901527405,2737,0.8417975886006577,0.15820241139934232,3,100,0.03
0f2f2711-b736-2f71-8c6a-245a9d820a8c,scene0066_04-scene0066_01-scene0066_00-scene0066_02-scene0066_03,5,0f2f2711-b736-2f71-8c6a-245a9d820a8c/scene0066_04-scene0066_01-scene0066_00-scene0066_02-scene0066_03/T5,7,83,49,0.6563814878463745,713,0.6563814866760168,0.3436185133239832,3,100,0.03
0f2f2711-b736-2f71-8c6a-245a9d820a8c,scene0066_04-scene0066_01-scene0066_00-scene0066_02-scene0066_03,5,0f2f2711-b736-2f71-8c6a-245a9d820a8c/scene0066_04-scene0066_01-scene0066_00-scene0066_02-scene0066_03/T5,7,95,31,0.8691847324371338,3867,0.9759503491078355,0.024049650892164487,3,100,0.03
0f2f2711-b736-2f71-8c6a-245a9d820a8c,scene0066_04-scene0066_01-scene0066_00-scene0066_02-scene0066_03,5,0f2f2711-b736-2f71-8c6a-245a9d820a8c/scene0066_04-scene0066_01-scene0066_00-scene0066_02-scene0066_03/T5,8,5,25,0.8891651630401611,2765,0.9052441229656419,0.09475587703435806,3,100,0.03
0f2f2711-b736-2f71-8c6a-245a9d820a8c,scene0066_04-scene0066_01-scene0066_00-scene0066_02-scene0066_03,5,0f2f2711-b736-2f71-8c6a-245a9d820a8c/scene0066_04-scene0066_01-scene0066_00-scene0066_02-scene0066_03/T5,8,12,54,0.7593848705291748,1926,0.8717549325025961,0.12824506749740394,3,100,0.03
0f2f2711-b736-2f71-8c6a-245a9d820a8c,scene0066_04-scene0066_01-scene0066_00-scene0066_02-scene0066_03,5,0f2f2711-b736-2f71-8c6a-245a9d820a8c/scene0066_04-scene0066_01-scene0066_00-scene0066_02-scene0066_03/T5,8,16,6,0.9308193325996399,3457,0.9924790280590107,0.007520971940989329,3,100,0.03
0f2f2711-b736-2f71-8c6a-245a9d820a8c,scene0066_04-scene0066_01-scene0066_00-scene0066_02-scene0066_03,5,0f2f2711-b736-2f71-8c6a-245a9d820a8c/scene0066_04-scene0066_01-scene0066_00-scene0066_02-scene0066_03/T5,8,33,18,0.633461058139801,4753,0.8348411529560278,0.1651588470439722,3,100,0.03
0f2f2711-b736-2f71-8c6a-245a9d820a8c,scene0066_04-scene0066_01-scene0066_00-scene0066_02-scene0066_03,5,0f2f2711-b736-2f71-8c6a-245a9d820a8c/scene0066_04-scene0066_01-scene0066_00-scene0066_02-scene0066_03/T5,8,38,23,0.8881693482398987,3702,0.9632631010264722,0.03673689897352783,3,100,0.03
0f2f2711-b736-2f71-8c6a-245a9d820a8c,scene0066_04-scene0066_01-scene0066_00-scene0066_02-scene0066_03,5,0f2f2711-b736-2f71-8c6a-245a9d820a8c/scene0066_04-scene0066_01-scene0066_00-scene0066_02-scene0066_03/T5,8,40,15,0.7884691953659058,50910,0.9332154782950305,0.06678452170496951,3,100,0.03
0f2f2711-b736-2f71-8c6a-245a9d820a8c,scene0066_04-scene0066_01-scene0066_00-scene0066_02-scene0066_03,5,0f2f2711-b736-2f71-8c6a-245a9d820a8c/scene0066_04-scene0066_01-scene0066_00-scene0066_02-scene0066_03/T5,8,41,17,0.6664427518844604,4990,0.795190380761523,0.20480961923847696,3,100,0.03
0f2f2711-b736-2f71-8c6a-245a9d820a8c,scene0066_04-scene0066_01-scene0066_00-scene0066_02-scene0066_03,5,0f2f2711-b736-2f71-8c6a-245a9d820a8c/scene0066_04-scene0066_01-scene0066_00-scene0066_02-scene0066_03/T5,8,49,21,0.7518683075904846,6815,0.9448275862068966,0.05517241379310345,3,100,0.03
0f2f2711-b736-2f71-8c6a-245a9d820a8c,scene0066_04-scene0066_01-scene0066_00-scene0066_02-scene0066_03,5,0f2f2711-b736-2f71-8c6a-245a9d820a8c/scene0066_04-scene0066_01-scene0066_00-scene0066_02-scene0066_03/T5,8,51,16,0.21169915795326233,1566,0.8735632183908046,0.12643678160919536,3,100,0.03
0f2f2711-b736-2f71-8c6a-245a9d820a8c,scene0066_04-scene0066_01-scene0066_00-scene0066_02-scene0066_03,5,0f2f2711-b736-2f71-8c6a-245a9d820a8c/scene0066_04-scene0066_01-scene0066_00-scene0066_02-scene0066_03/T5,8,56,24,0.8101603984832764,3916,0.851123595505618,0.148876404494382,3,100,0.03
0f2f2711-b736-2f71-8c6a-245a9d820a8c,scene0066_04-scene0066_01-scene0066_00-scene0066_02-scene0066_03,5,0f2f2711-b736-2f71-8c6a-245a9d820a8c/scene0066_04-scene0066_01-scene0066_00-scene0066_02-scene0066_03/T5,8,59,22,0.9353276491165161,3453,0.9507674485954243,0.04923255140457572,3,100,0.03
0f2f2711-b736-2f71-8c6a-245a9d820a8c,scene0066_04-scene0066_01-scene0066_00-scene0066_02-scene0066_03,5,0f2f2711-b736-2f71-8c6a-245a9d820a8c/scene0066_04-scene0066_01-scene0066_00-scene0066_02-scene0066_03/T5,8,64,12,0.7994891405105591,2807,0.8920555753473459,0.10794442465265408,3,100,0.03
0f2f2711-b736-2f71-8c6a-245a9d820a8c,scene0066_04-scene0066_01-scene0066_00-scene0066_02-scene0066_03,5,0f2f2711-b736-2f71-8c6a-245a9d820a8c/scene0066_04-scene0066_01-scene0066_00-scene0066_02-scene0066_03/T5,8,66,13,0.751964807510376,2737,0.8739495798319328,0.12605042016806722,3,100,0.03
0f2f2711-b736-2f71-8c6a-245a9d820a8c,scene0066_04-scene0066_01-scene0066_00-scene0066_02-scene0066_03,5,0f2f2711-b736-2f71-8c6a-245a9d820a8c/scene0066_04-scene0066_01-scene0066_00-scene0066_02-scene0066_03/T5,8,68,20,0.7513649463653564,2128,0.8406954887218046,0.15930451127819545,3,100,0.03
0f2f2711-b736-2f71-8c6a-245a9d820a8c,scene0066_04-scene0066_01-scene0066_00-scene0066_02-scene0066_03,5,0f2f2711-b736-2f71-8c6a-245a9d820a8c/scene0066_04-scene0066_01-scene0066_00-scene0066_02-scene0066_03/T5,8,79,28,0.44293224811553955,2603,0.5501344602381867,0.4498655397618133,3,100,0.03
0f2f2711-b736-2f71-8c6a-245a9d820a8c,scene0066_04-scene0066_01-scene0066_00-scene0066_02-scene0066_03,5,0f2f2711-b736-2f71-8c6a-245a9d820a8c/scene0066_04-scene0066_01-scene0066_00-scene0066_02-scene0066_03/T5,8,83,49,0.6591865420341492,713,0.6591865357643759,0.3408134642356241,3,100,0.03
0f2f2711-b736-2f71-8c6a-245a9d820a8c,scene0066_04-scene0066_01-scene0066_00-scene0066_02-scene0066_03,5,0f2f2711-b736-2f71-8c6a-245a9d820a8c/scene0066_04-scene0066_01-scene0066_00-scene0066_02-scene0066_03/T5,8,95,31,0.781486451625824,3867,0.9081975691750711,0.0918024308249289,3,100,0.03
0f2f2711-b736-2f71-8c6a-245a9d820a8c,scene0066_04-scene0066_01-scene0066_00-scene0066_02-scene0066_03,5,0f2f2711-b736-2f71-8c6a-245a9d820a8c/scene0066_04-scene0066_01-scene0066_00-scene0066_02-scene0066_03/T5,9,1,31,0.8101637959480286,3867,0.9976726144297905,0.002327385570209506,4,100,0.04
0f2f2711-b736-2f71-8c6a-245a9d820a8c,scene0066_04-scene0066_01-scene0066_00-scene0066_02-scene0066_03,5,0f2f2711-b736-2f71-8c6a-245a9d820a8c/scene0066_04-scene0066_01-scene0066_00-scene0066_02-scene0066_03/T5,9,5,25,0.8946808576583862,2765,0.9124773960216999,0.08752260397830014,4,100,0.04
0f2f2711-b736-2f71-8c6a-245a9d820a8c,scene0066_04-scene0066_01-scene0066_00-scene0066_02-scene0066_03,5,0f2f2711-b736-2f71-8c6a-245a9d820a8c/scene0066_04-scene0066_01-scene0066_00-scene0066_02-scene0066_03/T5,9,12,54,0.7571234703063965,1926,0.8691588785046729,0.13084112149532712,4,100,0.04
0f2f2711-b736-2f71-8c6a-245a9d820a8c,scene0066_04-scene0066_01-scene0066_00-scene0066_02-scene0066_03,5,0f2f2711-b736-2f71-8c6a-245a9d820a8c/scene0066_04-scene0066_01-scene0066_00-scene0066_02-scene0066_03/T5,9,16,6,0.9308193325996399,3457,0.9924790280590107,0.007520971940989329,4,100,0.04
0f2f2711-b736-2f71-8c6a-245a9d820a8c,scene0066_04-scene0066_01-scene0066_00-scene0066_02-scene0066_03,5,0f2f2711-b736-2f71-8c6a-245a9d820a8c/scene0066_04-scene0066_01-scene0066_00-scene0066_02-scene0066_03/T5,9,38,23,0.8939318060874939,3702,0.9629929767693138,0.037007023230686165,4,100,0.04
0f2f2711-b736-2f71-8c6a-245a9d820a8c,scene0066_04-scene0066_01-scene0066_00-scene0066_02-scene0066_03,5,0f2f2711-b736-2f71-8c6a-245a9d820a8c/scene0066_04-scene0066_01-scene0066_00-scene0066_02-scene0066_03/T5,9,40,15,0.785414457321167,50910,0.9225495973286192,0.07745040267138081,4,100,0.04
0f2f2711-b736-2f71-8c6a-245a9d820a8c,scene0066_04-scene0066_01-scene0066_00-scene0066_02-scene0066_03,5,0f2f2711-b736-2f71-8c6a-245a9d820a8c/scene0066_04-scene0066_01-scene0066_00-scene0066_02-scene0066_03/T5,9,41,17,0.6475968956947327,4990,0.8370741482965932,0.1629258517034068,4,100,0.04
0f2f2711-b736-2f71-8c6a-245a9d820a8c,scene0066_04-scene0066_01-scene0066_00-scene0066_02-scene0066_03,5,0f2f2711-b736-2f71-8c6a-245a9d820a8c/scene0066_04-scene0066_01-scene0066_00-scene0066_02-scene0066_03/T5,9,50,22,0.9404182434082031,3453,0.9507674485954243,0.04923255140457572,4,100,0.04
0f2f2711-b736-2f71-8c6a-245a9d820a8c,scene0066_04-scene0066_01-scene0066_00-scene0066_02-scene0066_03,5,0f2f2711-b736-2f71-8c6a-245a9d820a8c/scene0066_04-scene0066_01-scene0066_00-scene0066_02-scene0066_03/T5,9,51,16,0.2213355004787445,1566,0.867816091954023,0.13218390804597702,4,100,0.04
0f2f2711-b736-2f71-8c6a-245a9d820a8c,scene0066_04-scene0066_01-scene0066_00-scene0066_02-scene0066_03,5,0f2f2711-b736-2f71-8c6a-245a9d820a8c/scene0066_04-scene0066_01-scene0066_00-scene0066_02-scene0066_03/T5,9,56,24,0.8176527619361877,3916,0.8610827374872319,0.13891726251276815,4,100,0.04
0f2f2711-b736-2f71-8c6a-245a9d820a8c,scene0066_04-scene0066_01-scene0066_00-scene0066_02-scene0066_03,5,0f2f2711-b736-2f71-8c6a-245a9d820a8c/scene0066_04-scene0066_01-scene0066_00-scene0066_02-scene0066_03/T5,9,64,12,0.7994891405105591,2807,0.8920555753473459,0.10794442465265408,4,100,0.04
0f2f2711-b736-2f71-8c6a-245a9d820a8c,scene0066_04-scene0066_01-scene0066_00-scene0066_02-scene0066_03,5,0f2f2711-b736-2f71-8c6a-245a9d820a8c/scene0066_04-scene0066_01-scene0066_00-scene0066_02-scene0066_03/T5,9,68,20,0.7453183531761169,2128,0.8416353383458647,0.15836466165413532,4,100,0.04
0f2f2711-b736-2f71-8c6a-245a9d820a8c,scene0066_04-scene0066_01-scene0066_00-scene0066_02-scene0066_03,5,0f2f2711-b736-2f71-8c6a-245a9d820a8c/scene0066_04-scene0066_01-scene0066_00-scene0066_02-scene0066_03/T5,9,71,21,0.7237868905067444,6815,0.938958180484226,0.06104181951577403,4,100,0.04
0f2f2711-b736-2f71-8c6a-245a9d820a8c,scene0066_04-scene0066_01-scene0066_00-scene0066_02-scene0066_03,5,0f2f2711-b736-2f71-8c6a-245a9d820a8c/scene0066_04-scene0066_01-scene0066_00-scene0066_02-scene0066_03/T5,9,79,28,0.4408867061138153,2603,0.5501344602381867,0.4498655397618133,4,100,0.04
0f2f2711-b736-2f71-8c6a-245a9d820a8c,scene0066_04-scene0066_01-scene0066_00-scene0066_02-scene0066_03,5,0f2f2711-b736-2f71-8c6a-245a9d820a8c/scene0066_04-scene0066_01-scene0066_00-scene0066_02-scene0066_03/T5,9,83,49,0.635343611240387,713,0.635343618513324,0.364656381486676,4,100,0.04
0f2f2711-b736-2f71-8c6a-245a9d820a8c,scene0066_04-scene0066_01-scene0066_00-scene0066_02-scene0066_03,5,0f2f2711-b736-2f71-8c6a-245a9d820a8c/scene0066_04-scene0066_01-scene0066_00-scene0066_02-scene0066_03/T5,9,93,18,0.604938268661499,4753,0.865979381443299,0.134020618556701,4,100,0.04
0f2f2711-b736-2f71-8c6a-245a9d820a8c,scene0066_04-scene0066_01-scene0066_00-scene0066_02-scene0066_03,5,0f2f2711-b736-2f71-8c6a-245a9d820a8c/scene0066_04-scene0066_01-scene0066_00-scene0066_02-scene0066_03/T5,9,99,13,0.7049928903579712,2737,0.9028132992327366,0.09718670076726343,4,100,0.04
0f2f2711-b736-2f71-8c6a-245a9d820a8c,scene0066_04-scene0066_01-scene0066_00-scene0066_02-scene0066_03,5,0f2f2711-b736-2f71-8c6a-245a9d820a8c/scene0066_04-scene0066_01-scene0066_00-scene0066_02-scene0066_03/T5,10,1,31,0.8347035646438599,3867,0.9976726144297905,0.002327385570209506,5,100,0.05
0f2f2711-b736-2f71-8c6a-245a9d820a8c,scene0066_04-scene0066_01-scene0066_00-scene0066_02-scene0066_03,5,0f2f2711-b736-2f71-8c6a-245a9d820a8c/scene0066_04-scene0066_01-scene0066_00-scene0066_02-scene0066_03/T5,10,5,25,0.8942479491233826,2765,0.9052441229656419,0.09475587703435806,5,100,0.05
0f2f2711-b736-2f71-8c6a-245a9d820a8c,scene0066_04-scene0066_01-scene0066_00-scene0066_02-scene0066_03,5,0f2f2711-b736-2f71-8c6a-245a9d820a8c/scene0066_04-scene0066_01-scene0066_00-scene0066_02-scene0066_03/T5,10,12,54,0.7593848705291748,1926,0.8717549325025961,0.12824506749740394,5,100,0.05
0f2f2711-b736-2f71-8c6a-245a9d820a8c,scene0066_04-scene0066_01-scene0066_00-scene0066_02-scene0066_03,5,0f2f2711-b736-2f71-8c6a-245a9d820a8c/scene0066_04-scene0066_01-scene0066_00-scene0066_02-scene0066_03/T5,10,16,6,0.9308193325996399,3457,0.9924790280590107,0.007520971940989329,5,100,0.05
0f2f2711-b736-2f71-8c6a-245a9d820a8c,scene0066_04-scene0066_01-scene0066_00-scene0066_02-scene0066_03,5,0f2f2711-b736-2f71-8c6a-245a9d820a8c/scene0066_04-scene0066_01-scene0066_00-scene0066_02-scene0066_03/T5,10,38,23,0.892615795135498,3702,0.9632631010264722,0.03673689897352783,5,100,0.05
0f2f2711-b736-2f71-8c6a-245a9d820a8c,scene0066_04-scene0066_01-scene0066_00-scene0066_02-scene0066_03,5,0f2f2711-b736-2f71-8c6a-245a9d820a8c/scene0066_04-scene0066_01-scene0066_00-scene0066_02-scene0066_03/T5,10,40,15,0.7955940365791321,50910,0.9548222353172264,0.04517776468277357,5,100,0.05
0f2f2711-b736-2f71-8c6a-245a9d820a8c,scene0066_04-scene0066_01-scene0066_00-scene0066_02-scene0066_03,5,0f2f2711-b736-2f71-8c6a-245a9d820a8c/scene0066_04-scene0066_01-scene0066_00-scene0066_02-scene0066_03/T5,10,41,17,0.6745023727416992,4990,0.7877755511022044,0.21222444889779557,5,100,0.05
0f2f2711-b736-2f71-8c6a-245a9d820a8c,scene0066_04-scene0066_01-scene0066_00-scene0066_02-scene0066_03,5,0f2f2711-b736-2f71-8c6a-245a9d820a8c/scene0066_04-scene0066_01-scene0066_00-scene0066_02-scene0066_03/T5,10,51,16,0.21791379153728485,1566,0.8684546615581098,0.1315453384418902,5,100,0.05
0f2f2711-b736-2f71-8c6a-245a9d820a8c,scene0066_04-scene0066_01-scene0066_00-scene0066_02-scene0066_03,5,0f2f2711-b736-2f71-8c6a-245a9d820a8c/scene0066_04-scene0066_01-scene0066_00-scene0066_02-scene0066_03/T5,10,56,24,0.8023821115493774,3916,0.8429519918283963,0.1570480081716037,5,100,0.05
0f2f2711-b736-2f71-8c6a-245a9d820a8c,scene0066_04-scene0066_01-scene0066_00-scene0066_02-scene0066_03,5,0f2f2711-b736-2f71-8c6a-245a9d820a8c/scene0066_04-scene0066_01-scene0066_00-scene0066_02-scene0066_03/T5,10,59,22,0.9383600950241089,3453,0.947871416159861,0.052128583840138965,5,100,0.05
0f2f2711-b736-2f71-8c6a-245a9d820a8c,scene0066_04-scene0066_01-scene0066_00-scene0066_02-scene0066_03,5,0f2f2711-b736-2f71-8c6a-245a9d820a8c/scene0066_04-scene0066_01-scene0066_00-scene0066_02-scene0066_03/T5,10,64,12,0.800000011920929,2807,0.8920555753473459,0.10794442465265408,5,100,0.05
0f2f2711-b736-2f71-8c6a-245a9d820a8c,scene0066_04-scene0066_01-scene0066_00-scene0066_02-scene0066_03,5,0f2f2711-b736-2f71-8c6a-245a9d820a8c/scene0066_04-scene0066_01-scene0066_00-scene0066_02-scene0066_03/T5,10,68,20,0.7429519295692444,2128,0.8421052631578947,0.1578947368421053,5,100,0.05
0f2f2711-b736-2f71-8c6a-245a9d820a8c,scene0066_04-scene0066_01-scene0066_00-scene0066_02-scene0066_03,5,0f2f2711-b736-2f71-8c6a-245a9d820a8c/scene0066_04-scene0066_01-scene0066_00-scene0066_02-scene0066_03/T5,10,74,21,0.7365573048591614,6815,0.9386647101980924,0.06133528980190761,5,100,0.05
0f2f2711-b736-2f71-8c6a-245a9d820a8c,scene0066_04-scene0066_01-scene0066_00-scene0066_02-scene0066_03,5,0f2f2711-b736-2f71-8c6a-245a9d820a8c/scene0066_04-scene0066_01-scene0066_00-scene0066_02-scene0066_03/T5,10,79,28,0.44739195704460144,2603,0.5766423357664233,0.4233576642335767,5,100,0.05
0f2f2711-b736-2f71-8c6a-245a9d820a8c,scene0066_04-scene0066_01-scene0066_00-scene0066_02-scene0066_03,5,0f2f2711-b736-2f71-8c6a-245a9d820a8c/scene0066_04-scene0066_01-scene0066_00-scene0066_02-scene0066_03/T5,10,83,49,0.635343611240387,713,0.635343618513324,0.364656381486676,5,100,0.05
0f2f2711-b736-2f71-8c6a-245a9d820a8c,scene0066_04-scene0066_01-scene0066_00-scene0066_02-scene0066_03,5,0f2f2711-b736-2f71-8c6a-245a9d820a8c/scene0066_04-scene0066_01-scene0066_00-scene0066_02-scene0066_03/T5,10,93,18,0.6018491983413696,4753,0.8764990532295392,0.12350094677046075,5,100,0.05
0f2f2711-b736-2f71-8c6a-245a9d820a8c,scene0066_04-scene0066_01-scene0066_00-scene0066_02-scene0066_03,5,0f2f2711-b736-2f71-8c6a-245a9d820a8c/scene0066_04-scene0066_01-scene0066_00-scene0066_02-scene0066_03/T5,10,99,13,0.7015900015830994,2737,0.9028132992327366,0.09718670076726343,5,100,0.05
0f2f2711-b736-2f71-8c6a-245a9d820a8c,scene0066_04-scene0066_01-scene0066_00-scene0066_02-scene0066_03,5,0f2f2711-b736-2f71-8c6a-245a9d820a8c/scene0066_04-scene0066_01-scene0066_00-scene0066_02-scene0066_03/T5,11,5,25,0.9010360836982727,2765,0.912115732368897,0.08788426763110302,4,100,0.04
0f2f2711-b736-2f71-8c6a-245a9d820a8c,scene0066_04-scene0066_01-scene0066_00-scene0066_02-scene0066_03,5,0f2f2711-b736-2f71-8c6a-245a9d820a8c/scene0066_04-scene0066_01-scene0066_00-scene0066_02-scene0066_03/T5,11,6,24,0.7754351496696472,3916,0.807711950970378,0.19228804902962204,4,100,0.04
0f2f2711-b736-2f71-8c6a-245a9d820a8c,scene0066_04-scene0066_01-scene0066_00-scene0066_02-scene0066_03,5,0f2f2711-b736-2f71-8c6a-245a9d820a8c/scene0066_04-scene0066_01-scene0066_00-scene0066_02-scene0066_03/T5,11,12,54,0.7593848705291748,1926,0.8717549325025961,0.12824506749740394,4,100,0.04
0f2f2711-b736-2f71-8c6a-245a9d820a8c,scene0066_04-scene0066_01-scene0066_00-scene0066_02-scene0066_03,5,0f2f2711-b736-2f71-8c6a-245a9d820a8c/scene0066_04-scene0066_01-scene0066_00-scene0066_02-scene0066_03/T5,11,13,31,0.8468626737594604,3867,0.9981898112231704,0.001810188776829591,4,100,0.04
0f2f2711-b736-2f71-8c6a-245a9d820a8c,scene0066_04-scene0066_01-scene0066_00-scene0066_02-scene0066_03,5,0f2f2711-b736-2f71-8c6a-245a9d820a8c/scene0066_04-scene0066_01-scene0066_00-scene0066_02-scene0066_03/T5,11,14,28,0.47236889600753784,2603,0.5155589704187477,0.48444102958125235,4,100,0.04
0f2f2711-b736-2f71-8c6a-245a9d820a8c,scene0066_04-scene0066_01-scene0066_00-scene0066_02-scene0066_03,5,0f2f2711-b736-2f71-8c6a-245a9d820a8c/scene0066_04-scene0066_01-scene0066_00-scene0066_02-scene0066_03/T5,11,16,6,0.9308193325996399,3457,0.9924790280590107,0.007520971940989329,4,100,0.04
0f2f2711-b736-2f71-8c6a-245a9d820a8c,scene0066_04-scene0066_01-scene0066_00-scene0066_02-scene0066_03,5,0f2f2711-b736-2f71-8c6a-245a9d820a8c/scene0066_04-scene0066_01-scene0066_00-scene0066_02-scene0066_03/T5,11,17,21,0.7316158413887024,6815,0.8876008804108584,0.11239911958914162,4,100,0.04
0f2f2711-b736-2f71-8c6a-245a9d820a8c,scene0066_04-scene0066_01-scene0066_00-scene0066_02-scene0066_03,5,0f2f2711-b736-2f71-8c6a-245a9d820a8c/scene0066_04-scene0066_01-scene0066_00-scene0066_02-scene0066_03/T5,11,33,18,0.6243167519569397,4753,0.8891226593730276,0.11087734062697241,4,100,0.04
0f2f2711-b736-2f71-8c6a-245a9d820a8c,scene0066_04-scene0066_01-scene0066_00-scene0066_02-scene0066_03,5,0f2f2711-b736-2f71-8c6a-245a9d820a8c/scene0066_04-scene0066_01-scene0066_00-scene0066_02-scene0066_03/T5,11,38,23,0.892615795135498,3702,0.9632631010264722,0.03673689897352783,4,100,0.04
0f2f2711-b736-2f71-8c6a-245a9d820a8c,scene0066_04-scene0066_01-scene0066_00-scene0066_02-scene0066_03,5,0f2f2711-b736-2f71-8c6a-245a9d820a8c/scene0066_04-scene0066_01-scene0066_00-scene0066_02-scene0066_03/T5,11,40,15,0.7912629246711731,50910,0.9367707719505008,0.06322922804949915,4,100,0.04
0f2f2711-b736-2f71-8c6a-245a9d820a8c,scene0066_04-scene0066_01-scene0066_00-scene0066_02-scene0066_03,5,0f2f2711-b736-2f71-8c6a-245a9d820a8c/scene0066_04-scene0066_01-scene0066_00-scene0066_02-scene0066_03/T5,11,50,22,0.9392201900482178,3453,0.94874022589053,0.051259774109470024,4,100,0.04
0f2f2711-b736-2f71-8c6a-245a9d820a8c,scene0066_04-scene0066_01-scene0066_00-scene0066_02-scene0066_03,5,0f2f2711-b736-2f71-8c6a-245a9d820a8c/scene0066_04-scene0066_01-scene0066_00-scene0066_02-scene0066_03/T5,11,51,16,0.20429952442646027,1566,0.9042145593869731,0.09578544061302685,4,100,0.04
0f2f2711-b736-2f71-8c6a-245a9d820a8c,scene0066_04-scene0066_01-scene0066_00-scene0066_02-scene0066_03,5,0f2f2711-b736-2f71-8c6a-245a9d820a8c/scene0066_04-scene0066_01-scene0066_00-scene0066_02-scene0066_03/T5,11,61,49,0.6381486654281616,713,0.638148667601683,0.361851332398317,4,100,0.04
0f2f2711-b736-2f71-8c6a-245a9d820a8c,scene0066_04-scene0066_01-scene0066_00-scene0066_02-scene0066_03,5,0f2f2711-b736-2f71-8c6a-245a9d820a8c/scene0066_04-scene0066_01-scene0066_00-scene0066_02-scene0066_03/T5,11,64,12,0.7997444868087769,2807,0.8920555753473459,0.10794442465265408,4,100,0.04
0f2f2711-b736-2f71-8c6a-245a9d820a8c,scene0066_04-scene0066_01-scene0066_00-scene0066_02-scene0066_03,5,0f2f2711-b736-2f71-8c6a-245a9d820a8c/scene0066_04-scene0066_01-scene0066_00-scene0066_02-scene0066_03/T5,11,68,20,0.7488489151000977,2128,0.8406954887218046,0.15930451127819545,4,100,0.04
0f2f2711-b736-2f71-8c6a-245a9d820a8c,scene0066_04-scene0066_01-scene0066_00-scene0066_02-scene0066_03,5,0f2f2711-b736-2f71-8c6a-245a9d820a8c/scene0066_04-scene0066_01-scene0066_00-scene0066_02-scene0066_03/T5,11,97,17,0.7014296054840088,4990,0.7669338677354709,0.2330661322645291,4,100,0.04
0f2f2711-b736-2f71-8c6a-245a9d820a8c,scene0066_04-scene0066_01-scene0066_00-scene0066_02-scene0066_03,5,0f2f2711-b736-2f71-8c6a-245a9d820a8c/scene0066_04-scene0066_01-scene0066_00-scene0066_02-scene0066_03/T5,11,99,13,0.7049928903579712,2737,0.9028132992327366,0.09718670076726343,4,100,0.04
10b17936-3938-2467-88ba-ba5fe2debf14,scene0068_01-scene0068_00-scene0068_05-scene0068_03-scene0068_02,1,10b17936-3938-2467-88ba-ba5fe2debf14/scene0068_01-scene0068_00-scene0068_05-scene0068_03-scene0068_02/T1,0,0,5,0.0,2308,0.0,1.0,0,100,0.0
10b17936-3938-2467-88ba-ba5fe2debf14,scene0068_01-scene0068_00-scene0068_05-scene0068_03-scene0068_02,1,10b17936-3938-2467-88ba-ba5fe2debf14/scene0068_01-scene0068_00-scene0068_05-scene0068_03-scene0068_02/T1,0,1,7,0.10071210563182831,352,0.28125,0.71875,0,100,0.0
10b17936-3938-2467-88ba-ba5fe2debf14,scene0068_01-scene0068_00-scene0068_05-scene0068_03-scene0068_02,1,10b17936-3938-2467-88ba-ba5fe2debf14/scene0068_01-scene0068_00-scene0068_05-scene0068_03-scene0068_02/T1,0,2,8,0.0,2341,0.0,1.0,0,100,0.0
10b17936-3938-2467-88ba-ba5fe2debf14,scene0068_01-scene0068_00-scene0068_05-scene0068_03-scene0068_02,1,10b17936-3938-2467-88ba-ba5fe2debf14/scene0068_01-scene0068_00-scene0068_05-scene0068_03-scene0068_02/T1,0,3,9,0.0,2478,0.0,1.0,0,100,0.0
10b17936-3938-2467-88ba-ba5fe2debf14,scene0068_01-scene0068_00-scene0068_05-scene0068_03-scene0068_02,1,10b17936-3938-2467-88ba-ba5fe2debf14/scene0068_01-scene0068_00-scene0068_05-scene0068_03-scene0068_02/T1,0,4,15,0.0,2395,0.0,1.0,0,100,0.0
10b17936-3938-2467-88ba-ba5fe2debf14,scene0068_01-scene0068_00-scene0068_05-scene0068_03-scene0068_02,1,10b17936-3938-2467-88ba-ba5fe2debf14/scene0068_01-scene0068_00-scene0068_05-scene0068_03-scene0068_02/T1,0,5,16,0.0,527,0.0,1.0,0,100,0.0
10b17936-3938-2467-88ba-ba5fe2debf14,scene0068_01-scene0068_00-scene0068_05-scene0068_03-scene0068_02,1,10b17936-3938-2467-88ba-ba5fe2debf14/scene0068_01-scene0068_00-scene0068_05-scene0068_03-scene0068_02/T1,0,6,17,0.0,821,0.0,1.0,0,100,0.0
10b17936-3938-2467-88ba-ba5fe2debf14,scene0068_01-scene0068_00-scene0068_05-scene0068_03-scene0068_02,1,10b17936-3938-2467-88ba-ba5fe2debf14/scene0068_01-scene0068_00-scene0068_05-scene0068_03-scene0068_02/T1,0,7,21,0.4272173345088959,1378,0.4579100145137881,0.5420899854862119,0,100,0.0
10b17936-3938-2467-88ba-ba5fe2debf14,scene0068_01-scene0068_00-scene0068_05-scene0068_03-scene0068_02,1,10b17936-3938-2467-88ba-ba5fe2debf14/scene0068_01-scene0068_00-scene0068_05-scene0068_03-scene0068_02/T1,0,8,24,0.0,1761,0.0,1.0,0,100,0.0
10b17936-3938-2467-88ba-ba5fe2debf14,scene0068_01-scene0068_00-scene0068_05-scene0068_03-scene0068_02,1,10b17936-3938-2467-88ba-ba5fe2debf14/scene0068_01-scene0068_00-scene0068_05-scene0068_03-scene0068_02/T1,0,9,28,0.0,123,0.0,1.0,0,100,0.0
10b17936-3938-2467-88ba-ba5fe2debf14,scene0068_01-scene0068_00-scene0068_05-scene0068_03-scene0068_02,1,10b17936-3938-2467-88ba-ba5fe2debf14/scene0068_01-scene0068_00-scene0068_05-scene0068_03-scene0068_02/T1,0,10,30,0.0,4388,0.0,1.0,0,100,0.0
10b17936-3938-2467-88ba-ba5fe2debf14,scene0068_01-scene0068_00-scene0068_05-scene0068_03-scene0068_02,1,10b17936-3938-2467-88ba-ba5fe2debf14/scene0068_01-scene0068_00-scene0068_05-scene0068_03-scene0068_02/T1,0,11,42,0.0,321,0.0,1.0,0,100,0.0
10b17936-3938-2467-88ba-ba5fe2debf14,scene0068_01-scene0068_00-scene0068_05-scene0068_03-scene0068_02,1,10b17936-3938-2467-88ba-ba5fe2debf14/scene0068_01-scene0068_00-scene0068_05-scene0068_03-scene0068_02/T1,1,13,8,0.7436000108718872,2341,0.794105083297736,0.205894916702264,26,100,0.26
10b17936-3938-2467-88ba-ba5fe2debf14,scene0068_01-scene0068_00-scene0068_05-scene0068_03-scene0068_02,1,10b17936-3938-2467-88ba-ba5fe2debf14/scene0068_01-scene0068_00-scene0068_05-scene0068_03-scene0068_02/T1,1,14,28,0.869918704032898,123,0.8699186991869918,0.13008130081300817,26,100,0.26
10b17936-3938-2467-88ba-ba5fe2debf14,scene0068_01-scene0068_00-scene0068_05-scene0068_03-scene0068_02,1,10b17936-3938-2467-88ba-ba5fe2debf14/scene0068_01-scene0068_00-scene0068_05-scene0068_03-scene0068_02/T1,1,27,15,0.8135190010070801,2395,1.0,0.0,26,100,0.26
10b17936-3938-2467-88ba-ba5fe2debf14,scene0068_01-scene0068_00-scene0068_05-scene0068_03-scene0068_02,1,10b17936-3938-2467-88ba-ba5fe2debf14/scene0068_01-scene0068_00-scene0068_05-scene0068_03-scene0068_02/T1,1,28,9,0.6786885261535645,2478,0.7518159806295399,0.24818401937046008,26,100,0.26
10b17936-3938-2467-88ba-ba5fe2debf14,scene0068_01-scene0068_00-scene0068_05-scene0068_03-scene0068_02,1,10b17936-3938-2467-88ba-ba5fe2debf14/scene0068_01-scene0068_00-scene0068_05-scene0068_03-scene0068_02/T1,1,39,24,0.6343096494674683,1761,0.8608745031232254,0.13912549687677456,26,100,0.26
10b17936-3938-2467-88ba-ba5fe2debf14,scene0068_01-scene0068_00-scene0068_05-scene0068_03-scene0068_02,1,10b17936-3938-2467-88ba-ba5fe2debf14/scene0068_01-scene0068_00-scene0068_05-scene0068_03-scene0068_02/T1,1,42,42,0.11774392426013947,321,0.8909657320872274,0.1090342679127726,26,100,0.26
10b17936-3938-2467-88ba-ba5fe2debf14,scene0068_01-scene0068_00-scene0068_05-scene0068_03-scene0068_02,1,10b17936-3938-2467-88ba-ba5fe2debf14/scene0068_01-scene0068_00-scene0068_05-scene0068_03-scene0068_02/T1,1,45,5,0.9487510919570923,2308,0.9545060658578857,0.045493934142114334,26,100,0.26
10b17936-3938-2467-88ba-ba5fe2debf14,scene0068_01-scene0068_00-scene0068_05-scene0068_03-scene0068_02,1,10b17936-3938-2467-88ba-ba5fe2debf14/scene0068_01-scene0068_00-scene0068_05-scene0068_03-scene0068_02/T1,1,63,21,0.9257389903068542,1378,0.9317851959361393,0.06821480406386071,26,100,0.26
10b17936-3938-2467-88ba-ba5fe2debf14,scene0068_01-scene0068_00-scene0068_05-scene0068_03-scene0068_02,1,10b17936-3938-2467-88ba-ba5fe2debf14/scene0068_01-scene0068_00-scene0068_05-scene0068_03-scene0068_02/T1,1,78,7,0.9750692248344421,352,1.0,0.0,26,100,0.26
10b17936-3938-2467-88ba-ba5fe2debf14,scene0068_01-scene0068_00-scene0068_05-scene0068_03-scene0068_02,1,10b17936-3938-2467-88ba-ba5fe2debf14/scene0068_01-scene0068_00-scene0068_05-scene0068_03-scene0068_02/T1,1,81,30,0.5398430228233337,4388,0.8151777575205105,0.18482224247948953,26,100,0.26
10b17936-3938-2467-88ba-ba5fe2debf14,scene0068_01-scene0068_00-scene0068_05-scene0068_03-scene0068_02,1,10b17936-3938-2467-88ba-ba5fe2debf14/scene0068_01-scene0068_00-scene0068_05-scene0068_03-scene0068_02/T1,1,95,16,0.513222336769104,527,0.9943074003795066,0.005692599620493399,26,100,0.26
10b17936-3938-2467-88ba-ba5fe2debf14,scene0068_01-scene0068_00-scene0068_05-scene0068_03-scene0068_02,1,10b17936-3938-2467-88ba-ba5fe2debf14/scene0068_01-scene0068_00-scene0068_05-scene0068_03-scene0068_02/T1,1,96,17,0.5696202516555786,821,0.876979293544458,0.12302070645554197,26,100,0.26
10b17936-3938-2467-88ba-ba5fe2debf14,scene0068_01-scene0068_00-scene0068_05-scene0068_03-scene0068_02,1,10b17936-3938-2467-88ba-ba5fe2debf14/scene0068_01-scene0068_00-scene0068_05-scene0068_03-scene0068_02/T1,2,4,7,0.8781163692474365,352,0.9005681818181818,0.09943181818181823,17,100,0.17
10b17936-3938-2467-88ba-ba5fe2debf14,scene0068_01-scene0068_00-scene0068_05-scene0068_03-scene0068_02,1,10b17936-3938-2467-88ba-ba5fe2debf14/scene0068_01-scene0068_00-scene0068_05-scene0068_03-scene0068_02/T1,2,7,28,1.0,123,1.0,0.0,17,100,0.17
10b17936-3938-2467-88ba-ba5fe2debf14,scene0068_01-scene0068_00-scene0068_05-scene0068_03-scene0068_02,1,10b17936-3938-2467-88ba-ba5fe2debf14/scene0068_01-scene0068_00-scene0068_05-scene0068_03-scene0068_02/T1,2,8,5,0.961786150932312,2308,0.9705372616984402,0.029462738301559765,17,100,0.17
10b17936-3938-2467-88ba-ba5fe2debf14,scene0068_01-scene0068_00-scene0068_05-scene0068_03-scene0068_02,1,10b17936-3938-2467-88ba-ba5fe2debf14/scene0068_01-scene0068_00-scene0068_05-scene0068_03-scene0068_02/T1,2,17,42,0.11683006584644318,321,0.8909657320872274,0.1090342679127726,17,100,0.17
10b17936-3938-2467-88ba-ba5fe2debf14,scene0068_01-scene0068_00-scene0068_05-scene0068_03-scene0068_02,1,10b17936-3938-2467-88ba-ba5fe2debf14/scene0068_01-scene0068_00-scene0068_05-scene0068_03-scene0068_02/T1,2,28,9,0.7463292479515076,2478,0.9640839386602098,0.035916061339790195,17,100,0.17
10b17936-3938-2467-88ba-ba5fe2debf14,scene0068_01-scene0068_00-scene0068_05-scene0068_03-scene0068_02,1,10b17936-3938-2467-88ba-ba5fe2debf14/scene0068_01-scene0068_00-scene0068_05-scene0068_03-scene0068_02/T1,2,49,24,0.8230562806129456,1761,0.871663827370812,0.12833617262918795,17,100,0.17
10b17936-3938-2467-88ba-ba5fe2debf14,scene0068_01-scene0068_00-scene0068_05-scene0068_03-scene0068_02,1,10b17936-3938-2467-88ba-ba5fe2debf14/scene0068_01-scene0068_00-scene0068_05-scene0068_03-scene0068_02/T1,2,51,15,0.790951132774353,2395,1.0,0.0,17,100,0.17
10b17936-3938-2467-88ba-ba5fe2debf14,scene0068_01-scene0068_00-scene0068_05-scene0068_03-scene0068_02,1,10b17936-3938-2467-88ba-ba5fe2debf14/scene0068_01-scene0068_00-scene0068_05-scene0068_03-scene0068_02/T1,2,57,30,0.7610178589820862,4388,0.9405195989061076,0.05948040109389241,17,100,0.17
10b17936-3938-2467-88ba-ba5fe2debf14,scene0068_01-scene0068_00-scene0068_05-scene0068_03-scene0068_02,1,10b17936-3938-2467-88ba-ba5fe2debf14/scene0068_01-scene0068_00-scene0068_05-scene0068_03-scene0068_02/T1,2,63,21,0.9410071969032288,1378,0.9492017416545718,0.05079825834542817,17,100,0.17
10b17936-3938-2467-88ba-ba5fe2debf14,scene0068_01-scene0068_00-scene0068_05-scene0068_03-scene0068_02,1,10b17936-3938-2467-88ba-ba5fe2debf14/scene0068_01-scene0068_00-scene0068_05-scene0068_03-scene0068_02/T1,2,64,17,0.5256597995758057,821,0.8733252131546894,0.12667478684531064,17,100,0.17
10b17936-3938-2467-88ba-ba5fe2debf14,scene0068_01-scene0068_00-scene0068_05-scene0068_03-scene0068_02,1,10b17936-3938-2467-88ba-ba5fe2debf14/scene0068_01-scene0068_00-scene0068_05-scene0068_03-scene0068_02/T1,2,89,8,0.8402649760246277,2341,0.9752242631354122,0.024775736864587783,17,100,0.17
10b17936-3938-2467-88ba-ba5fe2debf14,scene0068_01-scene0068_00-scene0068_05-scene0068_03-scene0068_02,1,10b17936-3938-2467-88ba-ba5fe2debf14/scene0068_01-scene0068_00-scene0068_05-scene0068_03-scene0068_02/T1,2,93,16,0.8338607549667358,527,1.0,0.0,17,100,0.17
10b17936-3938-2467-88ba-ba5fe2debf14,scene0068_01-scene0068_00-scene0068_05-scene0068_03-scene0068_02,1,10b17936-3938-2467-88ba-ba5fe2debf14/scene0068_01-scene0068_00-scene0068_05-scene0068_03-scene0068_02/T1,3,9,21,0.9438849091529846,1378,0.9521044992743106,0.04789550072568938,18,100,0.18
10b17936-3938-2467-88ba-ba5fe2debf14,scene0068_01-scene0068_00-scene0068_05-scene0068_03-scene0068_02,1,10b17936-3938-2467-88ba-ba5fe2debf14/scene0068_01-scene0068_00-scene0068_05-scene0068_03-scene0068_02/T1,3,11,8,0.8475163578987122,2341,0.9401964972234088,0.05980350277659119,18,100,0.18
10b17936-3938-2467-88ba-ba5fe2debf14,scene0068_01-scene0068_00-scene0068_05-scene0068_03-scene0068_02,1,10b17936-3938-2467-88ba-ba5fe2debf14/scene0068_01-scene0068_00-scene0068_05-scene0068_03-scene0068_02/T1,3,17,42,0.11275026202201843,321,1.0,0.0,18,100,0.18
10b17936-3938-2467-88ba-ba5fe2debf14,scene0068_01-scene0068_00-scene0068_05-scene0068_03-scene0068_02,1,10b17936-3938-2467-88ba-ba5fe2debf14/scene0068_01-scene0068_00-scene0068_05-scene0068_03-scene0068_02/T1,3,19,24,0.8630504608154297,1761,0.912549687677456,0.08745031232254397,18,100,0.18
10b17936-3938-2467-88ba-ba5fe2debf14,scene0068_01-scene0068_00-scene0068_05-scene0068_03-scene0068_02,1,10b17936-3938-2467-88ba-ba5fe2debf14/scene0068_01-scene0068_00-scene0068_05-scene0068_03-scene0068_02/T1,3,20,17,0.5505050420761108,821,0.7965895249695494,0.20341047503045062,18,100,0.18
10b17936-3938-2467-88ba-ba5fe2debf14,scene0068_01-scene0068_00-scene0068_05-scene0068_03-scene0068_02,1,10b17936-3938-2467-88ba-ba5fe2debf14/scene0068_01-scene0068_00-scene0068_05-scene0068_03-scene0068_02/T1,3,21,28,1.0,123,1.0,0.0,18,100,0.18
10b17936-3938-2467-88ba-ba5fe2debf14,scene0068_01-scene0068_00-scene0068_05-scene0068_03-scene0068_02,1,10b17936-3938-2467-88ba-ba5fe2debf14/scene0068_01-scene0068_00-scene0068_05-scene0068_03-scene0068_02/T1,3,28,9,0.7324628233909607,2478,0.9733656174334141,0.0266343825665859,18,100,0.18
10b17936-3938-2467-88ba-ba5fe2debf14,scene0068_01-scene0068_00-scene0068_05-scene0068_03-scene0068_02,1,10b17936-3938-2467-88ba-ba5fe2debf14/scene0068_01-scene0068_00-scene0068_05-scene0068_03-scene0068_02/T1,3,58,5,0.9474364519119263,2308,0.9527729636048526,0.04722703639514736,18,100,0.18
10b17936-3938-2467-88ba-ba5fe2debf14,scene0068_01-scene0068_00-scene0068_05-scene0068_03-scene0068_02,1,10b17936-3938-2467-88ba-ba5fe2debf14/scene0068_01-scene0068_00-scene0068_05-scene0068_03-scene0068_02/T1,3,60,7,0.7591036558151245,352,0.7698863636363636,0.23011363636363635,18,100,0.18
10b17936-3938-2467-88ba-ba5fe2debf14,scene0068_01-scene0068_00-scene0068_05-scene0068_03-scene0068_02,1,10b17936-3938-2467-88ba-ba5fe2debf14/scene0068_01-scene0068_00-scene0068_05-scene0068_03-scene0068_02/T1,3,66,15,0.8495920300483704,2395,1.0,0.0,18,100,0.18
10b17936-3938-2467-88ba-ba5fe2debf14,scene0068_01-scene0068_00-scene0068_05-scene0068_03-scene0068_02,1,10b17936-3938-2467-88ba-ba5fe2debf14/scene0068_01-scene0068_00-scene0068_05-scene0068_03-scene0068_02/T1,3,81,30,0.900943398475647,4388,0.9576116681859617,0.04238833181403834,18,100,0.18
10b17936-3938-2467-88ba-ba5fe2debf14,scene0068_01-scene0068_00-scene0068_05-scene0068_03-scene0068_02,1,10b17936-3938-2467-88ba-ba5fe2debf14/scene0068_01-scene0068_00-scene0068_05-scene0068_03-scene0068_02/T1,3,93,16,0.8338607549667358,527,1.0,0.0,18,100,0.18
10b17936-3938-2467-88ba-ba5fe2debf14,scene0068_01-scene0068_00-scene0068_05-scene0068_03-scene0068_02,1,10b17936-3938-2467-88ba-ba5fe2debf14/scene0068_01-scene0068_00-scene0068_05-scene0068_03-scene0068_02/T1,4,6,30,0.9448819160461426,4388,0.9571558796718322,0.042844120328167756,14,100,0.14
10b17936-3938-2467-88ba-ba5fe2debf14,scene0068_01-scene0068_00-scene0068_05-scene0068_03-scene0068_02,1,10b17936-3938-2467-88ba-ba5fe2debf14/scene0068_01-scene0068_00-scene0068_05-scene0068_03-scene0068_02/T1,4,9,21,0.9410071969032288,1378,0.9492017416545718,0.05079825834542817,14,100,0.14
10b17936-3938-2467-88ba-ba5fe2debf14,scene0068_01-scene0068_00-scene0068_05-scene0068_03-scene0068_02,1,10b17936-3938-2467-88ba-ba5fe2debf14/scene0068_01-scene0068_00-scene0068_05-scene0068_03-scene0068_02/T1,4,28,9,0.7382776737213135,2478,0.9721549636803875,0.02784503631961255,14,100,0.14
10b17936-3938-2467-88ba-ba5fe2debf14,scene0068_01-scene0068_00-scene0068_05-scene0068_03-scene0068_02,1,10b17936-3938-2467-88ba-ba5fe2debf14/scene0068_01-scene0068_00-scene0068_05-scene0068_03-scene0068_02/T1,4,40,5,0.9781771302223206,2308,0.9904679376083189,0.00953206239168114,14,100,0.14
10b17936-3938-2467-88ba-ba5fe2debf14,scene0068_01-scene0068_00-scene0068_05-scene0068_03-scene0068_02,1,10b17936-3938-2467-88ba-ba5fe2debf14/scene0068_01-scene0068_00-scene0068_05-scene0068_03-scene0068_02/T1,4,42,15,0.8444365859031677,2395,0.9949895615866389,0.005010438413361129,14,100,0.14
10b17936-3938-2467-88ba-ba5fe2debf14,scene0068_01-scene0068_00-scene0068_05-scene0068_03-scene0068_02,1,10b17936-3938-2467-88ba-ba5fe2debf14/scene0068_01-scene0068_00-scene0068_05-scene0068_03-scene0068_02/T1,4,61,7,0.7591036558151245,352,0.7698863636363636,0.23011363636363635,14,100,0.14
10b17936-3938-2467-88ba-ba5fe2debf14,scene0068_01-scene0068_00-scene0068_05-scene0068_03-scene0068_02,1,10b17936-3938-2467-88ba-ba5fe2debf14/scene0068_01-scene0068_00-scene0068_05-scene0068_03-scene0068_02/T1,4,67,24,0.8993871212005615,1761,1.0,0.0,14,100,0.14
10b17936-3938-2467-88ba-ba5fe2debf14,scene0068_01-scene0068_00-scene0068_05-scene0068_03-scene0068_02,1,10b17936-3938-2467-88ba-ba5fe2debf14/scene0068_01-scene0068_00-scene0068_05-scene0068_03-scene0068_02/T1,4,77,42,0.151327982544899,321,0.7632398753894081,0.23676012461059193,14,100,0.14
10b17936-3938-2467-88ba-ba5fe2debf14,scene0068_01-scene0068_00-scene0068_05-scene0068_03-scene0068_02,1,10b17936-3938-2467-88ba-ba5fe2debf14/scene0068_01-scene0068_00-scene0068_05-scene0068_03-scene0068_02/T1,4,89,8,0.8797264695167542,2341,0.9342161469457497,0.06578385305425027,14,100,0.14
10b17936-3938-2467-88ba-ba5fe2debf14,scene0068_01-scene0068_00-scene0068_05-scene0068_03-scene0068_02,1,10b17936-3938-2467-88ba-ba5fe2debf14/scene0068_01-scene0068_00-scene0068_05-scene0068_03-scene0068_02/T1,4,90,28,1.0,123,1.0,0.0,14,100,0.14
10b17936-3938-2467-88ba-ba5fe2debf14,scene0068_01-scene0068_00-scene0068_05-scene0068_03-scene0068_02,1,10b17936-3938-2467-88ba-ba5fe2debf14/scene0068_01-scene0068_00-scene0068_05-scene0068_03-scene0068_02/T1,4,92,16,0.7984848618507385,527,1.0,0.0,14,100,0.14
10b17936-3938-2467-88ba-ba5fe2debf14,scene0068_01-scene0068_00-scene0068_05-scene0068_03-scene0068_02,1,10b17936-3938-2467-88ba-ba5fe2debf14/scene0068_01-scene0068_00-scene0068_05-scene0068_03-scene0068_02/T1,4,96,17,0.37600401043891907,821,0.9123020706455542,0.08769792935444576,14,100,0.14
10b17936-3938-2467-88ba-ba5fe2debf14,scene0068_01-scene0068_00-scene0068_05-scene0068_03-scene0068_02,1,10b17936-3938-2467-88ba-ba5fe2debf14/scene0068_01-scene0068_00-scene0068_05-scene0068_03-scene0068_02/T1,5,7,28,0.869918704032898,123,0.8699186991869918,0.13008130081300817,13,100,0.13
10b17936-3938-2467-88ba-ba5fe2debf14,scene0068_01-scene0068_00-scene0068_05-scene0068_03-scene0068_02,1,10b17936-3938-2467-88ba-ba5fe2debf14/scene0068_01-scene0068_00-scene0068_05-scene0068_03-scene0068_02/T1,5,8,5,0.9781771302223206,2308,0.9904679376083189,0.00953206239168114,13,100,0.13
10b17936-3938-2467-88ba-ba5fe2debf14,scene0068_01-scene0068_00-scene0068_05-scene0068_03-scene0068_02,1,10b17936-3938-2467-88ba-ba5fe2debf14/scene0068_01-scene0068_00-scene0068_05-scene0068_03-scene0068_02/T1,5,11,8,0.8792640566825867,2341,0.9799231097821444,0.020076890217855636,13,100,0.13
10b17936-3938-2467-88ba-ba5fe2debf14,scene0068_01-scene0068_00-scene0068_05-scene0068_03-scene0068_02,1,10b17936-3938-2467-88ba-ba5fe2debf14/scene0068_01-scene0068_00-scene0068_05-scene0068_03-scene0068_02/T1,5,15,16,0.8338607549667358,527,1.0,0.0,13,100,0.13
10b17936-3938-2467-88ba-ba5fe2debf14,scene0068_01-scene0068_00-scene0068_05-scene0068_03-scene0068_02,1,10b17936-3938-2467-88ba-ba5fe2debf14/scene0068_01-scene0068_00-scene0068_05-scene0068_03-scene0068_02/T1,5,28,9,0.7453473806381226,2478,0.9697336561743342,0.030266343825665842,13,100,0.13
10b17936-3938-2467-88ba-ba5fe2debf14,scene0068_01-scene0068_00-scene0068_05-scene0068_03-scene0068_02,1,10b17936-3938-2467-88ba-ba5fe2debf14/scene0068_01-scene0068_00-scene0068_05-scene0068_03-scene0068_02/T1,5,37,42,0.12016838788986206,321,0.9781931464174455,0.02180685358255452,13,100,0.13
10b17936-3938-2467-88ba-ba5fe2debf14,scene0068_01-scene0068_00-scene0068_05-scene0068_03-scene0068_02,1,10b17936-3938-2467-88ba-ba5fe2debf14/scene0068_01-scene0068_00-scene0068_05-scene0068_03-scene0068_02/T1,5,38,21,0.9244604110717773,1378,0.9325108853410741,0.06748911465892593,13,100,0.13
10b17936-3938-2467-88ba-ba5fe2debf14,scene0068_01-scene0068_00-scene0068_05-scene0068_03-scene0068_02,1,10b17936-3938-2467-88ba-ba5fe2debf14/scene0068_01-scene0068_00-scene0068_05-scene0068_03-scene0068_02/T1,5,42,15,0.8327324986457825,2395,0.964509394572025,0.035490605427975,13,100,0.13
10b17936-3938-2467-88ba-ba5fe2debf14,scene0068_01-scene0068_00-scene0068_05-scene0068_03-scene0068_02,1,10b17936-3938-2467-88ba-ba5fe2debf14/scene0068_01-scene0068_00-scene0068_05-scene0068_03-scene0068_02/T1,5,61,7,0.7591036558151245,352,0.7698863636363636,0.23011363636363635,13,100,0.13
10b17936-3938-2467-88ba-ba5fe2debf14,scene0068_01-scene0068_00-scene0068_05-scene0068_03-scene0068_02,1,10b17936-3938-2467-88ba-ba5fe2debf14/scene0068_01-scene0068_00-scene0068_05-scene0068_03-scene0068_02/T1,5,64,17,0.38351255655288696,821,0.9123020706455542,0.08769792935444576,13,100,0.13
10b17936-3938-2467-88ba-ba5fe2debf14,scene0068_01-scene0068_00-scene0068_05-scene0068_03-scene0068_02,1,10b17936-3938-2467-88ba-ba5fe2debf14/scene0068_01-scene0068_00-scene0068_05-scene0068_03-scene0068_02/T1,5,67,24,0.8880940079689026,1761,0.986939239068711,0.01306076093128905,13,100,0.13
10b17936-3938-2467-88ba-ba5fe2debf14,scene0068_01-scene0068_00-scene0068_05-scene0068_03-scene0068_02,1,10b17936-3938-2467-88ba-ba5fe2debf14/scene0068_01-scene0068_00-scene0068_05-scene0068_03-scene0068_02/T1,5,81,30,0.9363329410552979,4388,0.9484958979033729,0.05150410209662715,13,100,0.13
10b17936-3938-2467-88ba-ba5fe2debf14,scene0068_01-scene0068_00-scene0068_05-scene0068_03-scene0068_02,1,10b17936-3938-2467-88ba-ba5fe2debf14/scene0068_01-scene0068_00-scene0068_05-scene0068_03-scene0068_02/T1,6,9,21,0.9187050461769104,1378,0.9267053701015965,0.07329462989840352,22,100,0.22
10b17936-3938-2467-88ba-ba5fe2debf14,scene0068_01-scene0068_00-scene0068_05-scene0068_03-scene0068_02,1,10b17936-3938-2467-88ba-ba5fe2debf14/scene0068_01-scene0068_00-scene0068_05-scene0068_03-scene0068_02/T1,6,13,28,0.869918704032898,123,0.8699186991869918,0.13008130081300817,22,100,0.22
10b17936-3938-2467-88ba-ba5fe2debf14,scene0068_01-scene0068_00-scene0068_05-scene0068_03-scene0068_02,1,10b17936-3938-2467-88ba-ba5fe2debf14/scene0068_01-scene0068_00-scene0068_05-scene0068_03-scene0068_02/T1,6,15,16,0.8291139006614685,527,0.9943074003795066,0.005692599620493399,22,100,0.22
10b17936-3938-2467-88ba-ba5fe2debf14,scene0068_01-scene0068_00-scene0068_05-scene0068_03-scene0068_02,1,10b17936-3938-2467-88ba-ba5fe2debf14/scene0068_01-scene0068_00-scene0068_05-scene0068_03-scene0068_02/T1,6,16,7,0.761904776096344,352,0.7727272727272727,0.2272727272727273,22,100,0.22
10b17936-3938-2467-88ba-ba5fe2debf14,scene0068_01-scene0068_00-scene0068_05-scene0068_03-scene0068_02,1,10b17936-3938-2467-88ba-ba5fe2debf14/scene0068_01-scene0068_00-scene0068_05-scene0068_03-scene0068_02/T1,6,17,42,0.1437908560037613,321,0.8909657320872274,0.1090342679127726,22,100,0.22
10b17936-3938-2467-88ba-ba5fe2debf14,scene0068_01-scene0068_00-scene0068_05-scene0068_03-scene0068_02,1,10b17936-3938-2467-88ba-ba5fe2debf14/scene0068_01-scene0068_00-scene0068_05-scene0068_03-scene0068_02/T1,6,24,8,0.8524399399757385,2341,0.9401964972234088,0.05980350277659119,22,100,0.22
10b17936-3938-2467-88ba-ba5fe2debf14,scene0068_01-scene0068_00-scene0068_05-scene0068_03-scene0068_02,1,10b17936-3938-2467-88ba-ba5fe2debf14/scene0068_01-scene0068_00-scene0068_05-scene0068_03-scene0068_02/T1,6,39,24,0.823939859867096,1761,0.871663827370812,0.12833617262918795,22,100,0.22
10b17936-3938-2467-88ba-ba5fe2debf14,scene0068_01-scene0068_00-scene0068_05-scene0068_03-scene0068_02,1,10b17936-3938-2467-88ba-ba5fe2debf14/scene0068_01-scene0068_00-scene0068_05-scene0068_03-scene0068_02/T1,6,40,5,0.961786150932312,2308,0.9705372616984402,0.029462738301559765,22,100,0.22
10b17936-3938-2467-88ba-ba5fe2debf14,scene0068_01-scene0068_00-scene0068_05-scene0068_03-scene0068_02,1,10b17936-3938-2467-88ba-ba5fe2debf14/scene0068_01-scene0068_00-scene0068_05-scene0068_03-scene0068_02/T1,6,42,15,0.8557623624801636,2395,0.998329853862213,0.001670146137787043,22,100,0.22
10b17936-3938-2467-88ba-ba5fe2debf14,scene0068_01-scene0068_00-scene0068_05-scene0068_03-scene0068_02,1,10b17936-3938-2467-88ba-ba5fe2debf14/scene0068_01-scene0068_00-scene0068_05-scene0068_03-scene0068_02/T1,6,50,9,0.7500775456428528,2478,0.9761904761904762,0.023809523809523836,22,100,0.22
10b17936-3938-2467-88ba-ba5fe2debf14,scene0068_01-scene0068_00-scene0068_05-scene0068_03-scene0068_02,1,10b17936-3938-2467-88ba-ba5fe2debf14/scene0068_01-scene0068_00-scene0068_05-scene0068_03-scene0068_02/T1,6,57,30,0.9112220406532288,4388,0.9567000911577028,0.043299908842297175,22,100,0.22
10b17936-3938-2467-88ba-ba5fe2debf14,scene0068_01-scene0068_00-scene0068_05-scene0068_03-scene0068_02,1,10b17936-3938-2467-88ba-ba5fe2debf14/scene0068_01-scene0068_00-scene0068_05-scene0068_03-scene0068_02/T1,6,96,17,0.37600401043891907,821,0.9123020706455542,0.08769792935444576,22,100,0.22
10b17936-3938-2467-88ba-ba5fe2debf14,scene0068_01-scene0068_00-scene0068_05-scene0068_03-scene0068_02,1,10b17936-3938-2467-88ba-ba5fe2debf14/scene0068_01-scene0068_00-scene0068_05-scene0068_03-scene0068_02/T1,7,0,28,0.869918704032898,123,0.8699186991869918,0.13008130081300817,21,100,0.21
10b17936-3938-2467-88ba-ba5fe2debf14,scene0068_01-scene0068_00-scene0068_05-scene0068_03-scene0068_02,1,10b17936-3938-2467-88ba-ba5fe2debf14/scene0068_01-scene0068_00-scene0068_05-scene0068_03-scene0068_02/T1,7,10,30,0.9118732213973999,4388,0.957383773928897,0.04261622607110305,21,100,0.21
10b17936-3938-2467-88ba-ba5fe2debf14,scene0068_01-scene0068_00-scene0068_05-scene0068_03-scene0068_02,1,10b17936-3938-2467-88ba-ba5fe2debf14/scene0068_01-scene0068_00-scene0068_05-scene0068_03-scene0068_02/T1,7,17,42,0.14597861468791962,321,0.9781931464174455,0.02180685358255452,21,100,0.21
10b17936-3938-2467-88ba-ba5fe2debf14,scene0068_01-scene0068_00-scene0068_05-scene0068_03-scene0068_02,1,10b17936-3938-2467-88ba-ba5fe2debf14/scene0068_01-scene0068_00-scene0068_05-scene0068_03-scene0068_02/T1,7,24,8,0.6613032817840576,2341,0.702263989747971,0.297736010252029,21,100,0.21
10b17936-3938-2467-88ba-ba5fe2debf14,scene0068_01-scene0068_00-scene0068_05-scene0068_03-scene0068_02,1,10b17936-3938-2467-88ba-ba5fe2debf14/scene0068_01-scene0068_00-scene0068_05-scene0068_03-scene0068_02/T1,7,27,15,0.8571940064430237,2395,1.0,0.0,21,100,0.21
10b17936-3938-2467-88ba-ba5fe2debf14,scene0068_01-scene0068_00-scene0068_05-scene0068_03-scene0068_02,1,10b17936-3938-2467-88ba-ba5fe2debf14/scene0068_01-scene0068_00-scene0068_05-scene0068_03-scene0068_02/T1,7,28,9,0.7324628233909607,2478,0.9733656174334141,0.0266343825665859,21,100,0.21
10b17936-3938-2467-88ba-ba5fe2debf14,scene0068_01-scene0068_00-scene0068_05-scene0068_03-scene0068_02,1,10b17936-3938-2467-88ba-ba5fe2debf14/scene0068_01-scene0068_00-scene0068_05-scene0068_03-scene0068_02/T1,7,40,5,0.9838021993637085,2308,1.0,0.0,21,100,0.21
10b17936-3938-2467-88ba-ba5fe2debf14,scene0068_01-scene0068_00-scene0068_05-scene0068_03-scene0068_02,1,10b17936-3938-2467-88ba-ba5fe2debf14/scene0068_01-scene0068_00-scene0068_05-scene0068_03-scene0068_02/T1,7,44,21,0.9158273339271545,1378,0.9238026124818578,0.0761973875181422,21,100,0.21
10b17936-3938-2467-88ba-ba5fe2debf14,scene0068_01-scene0068_00-scene0068_05-scene0068_03-scene0068_02,1,10b17936-3938-2467-88ba-ba5fe2debf14/scene0068_01-scene0068_00-scene0068_05-scene0068_03-scene0068_02/T1,7,46,7,0.7534626126289368,352,0.7727272727272727,0.2272727272727273,21,100,0.21
10b17936-3938-2467-88ba-ba5fe2debf14,scene0068_01-scene0068_00-scene0068_05-scene0068_03-scene0068_02,1,10b17936-3938-2467-88ba-ba5fe2debf14/scene0068_01-scene0068_00-scene0068_05-scene0068_03-scene0068_02/T1,7,51,16,0.7984848618507385,527,1.0,0.0,21,100,0.21
10b17936-3938-2467-88ba-ba5fe2debf14,scene0068_01-scene0068_00-scene0068_05-scene0068_03-scene0068_02,1,10b17936-3938-2467-88ba-ba5fe2debf14/scene0068_01-scene0068_00-scene0068_05-scene0068_03-scene0068_02/T1,7,64,17,0.37638190388679504,821,0.9123020706455542,0.08769792935444576,21,100,0.21
10b17936-3938-2467-88ba-ba5fe2debf14,scene0068_01-scene0068_00-scene0068_05-scene0068_03-scene0068_02,1,10b17936-3938-2467-88ba-ba5fe2debf14/scene0068_01-scene0068_00-scene0068_05-scene0068_03-scene0068_02/T1,7,67,24,0.8743615746498108,1761,0.9721749006246451,0.027825099375354934,21,100,0.21
10b17936-3938-2467-88ba-ba5fe2debf14,scene0068_01-scene0068_00-scene0068_05-scene0068_03-scene0068_02,1,10b17936-3938-2467-88ba-ba5fe2debf14/scene0068_01-scene0068_00-scene0068_05-scene0068_03-scene0068_02/T1,8,10,30,0.9116562008857727,4388,0.9571558796718322,0.042844120328167756,18,100,0.18
10b17936-3938-2467-88ba-ba5fe2debf14,scene0068_01-scene0068_00-scene0068_05-scene0068_03-scene0068_02,1,10b17936-3938-2467-88ba-ba5fe2debf14/scene0068_01-scene0068_00-scene0068_05-scene0068_03-scene0068_02/T1,8,15,16,0.8338607549667358,527,1.0,0.0,18,100,0.18
10b17936-3938-2467-88ba-ba5fe2debf14,scene0068_01-scene0068_00-scene0068_05-scene0068_03-scene0068_02,1,10b17936-3938-2467-88ba-ba5fe2debf14/scene0068_01-scene0068_00-scene0068_05-scene0068_03-scene0068_02/T1,8,18,28,1.0,123,1.0,0.0,18,100,0.18
10b17936-3938-2467-88ba-ba5fe2debf14,scene0068_01-scene0068_00-scene0068_05-scene0068_03-scene0068_02,1,10b17936-3938-2467-88ba-ba5fe2debf14/scene0068_01-scene0068_00-scene0068_05-scene0068_03-scene0068_02/T1,8,24,8,0.6941272616386414,2341,0.7270397266125588,0.2729602733874412,18,100,0.18
10b17936-3938-2467-88ba-ba5fe2debf14,scene0068_01-scene0068_00-scene0068_05-scene0068_03-scene0068_02,1,10b17936-3938-2467-88ba-ba5fe2debf14/scene0068_01-scene0068_00-scene0068_05-scene0068_03-scene0068_02/T1,8,27,42,0.13756613433361053,321,0.8909657320872274,0.1090342679127726,18,100,0.18
10b17936-3938-2467-88ba-ba5fe2debf14,scene0068_01-scene0068_00-scene0068_05-scene0068_03-scene0068_02,1,10b17936-3938-2467-88ba-ba5fe2debf14/scene0068_01-scene0068_00-scene0068_05-scene0068_03-scene0068_02/T1,8,28,9,0.7324628233909607,2478,0.9733656174334141,0.0266343825665859,18,100,0.18
10b17936-3938-2467-88ba-ba5fe2debf14,scene0068_01-scene0068_00-scene0068_05-scene0068_03-scene0068_02,1,10b17936-3938-2467-88ba-ba5fe2debf14/scene0068_01-scene0068_00-scene0068_05-scene0068_03-scene0068_02/T1,8,31,21,0.9178082346916199,1378,0.9238026124818578,0.0761973875181422,18,100,0.18
10b17936-3938-2467-88ba-ba5fe2debf14,scene0068_01-scene0068_00-scene0068_05-scene0068_03-scene0068_02,1,10b17936-3938-2467-88ba-ba5fe2debf14/scene0068_01-scene0068_00-scene0068_05-scene0068_03-scene0068_02/T1,8,40,5,0.9781771302223206,2308,0.9904679376083189,0.00953206239168114,18,100,0.18
10b17936-3938-2467-88ba-ba5fe2debf14,scene0068_01-scene0068_00-scene0068_05-scene0068_03-scene0068_02,1,10b17936-3938-2467-88ba-ba5fe2debf14/scene0068_01-scene0068_00-scene0068_05-scene0068_03-scene0068_02/T1,8,42,15,0.8472714424133301,2395,0.998329853862213,0.001670146137787043,18,100,0.18
10b17936-3938-2467-88ba-ba5fe2debf14,scene0068_01-scene0068_00-scene0068_05-scene0068_03-scene0068_02,1,10b17936-3938-2467-88ba-ba5fe2debf14/scene0068_01-scene0068_00-scene0068_05-scene0068_03-scene0068_02/T1,8,49,24,0.8663967847824097,1761,0.9721749006246451,0.027825099375354934,18,100,0.18
10b17936-3938-2467-88ba-ba5fe2debf14,scene0068_01-scene0068_00-scene0068_05-scene0068_03-scene0068_02,1,10b17936-3938-2467-88ba-ba5fe2debf14/scene0068_01-scene0068_00-scene0068_05-scene0068_03-scene0068_02/T1,8,61,7,0.7591036558151245,352,0.7698863636363636,0.23011363636363635,18,100,0.18
10b17936-3938-2467-88ba-ba5fe2debf14,scene0068_01-scene0068_00-scene0068_05-scene0068_03-scene0068_02,1,10b17936-3938-2467-88ba-ba5fe2debf14/scene0068_01-scene0068_00-scene0068_05-scene0068_03-scene0068_02/T1,8,96,17,0.37600401043891907,821,0.9123020706455542,0.08769792935444576,18,100,0.18
10b17936-3938-2467-88ba-ba5fe2debf14,scene0068_01-scene0068_00-scene0068_05-scene0068_03-scene0068_02,1,10b17936-3938-2467-88ba-ba5fe2debf14/scene0068_01-scene0068_00-scene0068_05-scene0068_03-scene0068_02/T1,9,0,28,0.869918704032898,123,0.8699186991869918,0.13008130081300817,15,100,0.15
10b17936-3938-2467-88ba-ba5fe2debf14,scene0068_01-scene0068_00-scene0068_05-scene0068_03-scene0068_02,1,10b17936-3938-2467-88ba-ba5fe2debf14/scene0068_01-scene0068_00-scene0068_05-scene0068_03-scene0068_02/T1,9,10,30,0.9571558833122253,4388,0.9571558796718322,0.042844120328167756,15,100,0.15
10b17936-3938-2467-88ba-ba5fe2debf14,scene0068_01-scene0068_00-scene0068_05-scene0068_03-scene0068_02,1,10b17936-3938-2467-88ba-ba5fe2debf14/scene0068_01-scene0068_00-scene0068_05-scene0068_03-scene0068_02/T1,9,12,5,0.9630266427993774,2308,0.9705372616984402,0.029462738301559765,15,100,0.15
10b17936-3938-2467-88ba-ba5fe2debf14,scene0068_01-scene0068_00-scene0068_05-scene0068_03-scene0068_02,1,10b17936-3938-2467-88ba-ba5fe2debf14/scene0068_01-scene0068_00-scene0068_05-scene0068_03-scene0068_02/T1,9,15,16,0.8338607549667358,527,1.0,0.0,15,100,0.15
10b17936-3938-2467-88ba-ba5fe2debf14,scene0068_01-scene0068_00-scene0068_05-scene0068_03-scene0068_02,1,10b17936-3938-2467-88ba-ba5fe2debf14/scene0068_01-scene0068_00-scene0068_05-scene0068_03-scene0068_02/T1,9,24,8,0.6402936577796936,2341,0.6706535668517728,0.3293464331482272,15,100,0.15
10b17936-3938-2467-88ba-ba5fe2debf14,scene0068_01-scene0068_00-scene0068_05-scene0068_03-scene0068_02,1,10b17936-3938-2467-88ba-ba5fe2debf14/scene0068_01-scene0068_00-scene0068_05-scene0068_03-scene0068_02/T1,9,27,42,0.16598954796791077,321,0.8909657320872274,0.1090342679127726,15,100,0.15
10b17936-3938-2467-88ba-ba5fe2debf14,scene0068_01-scene0068_00-scene0068_05-scene0068_03-scene0068_02,1,10b17936-3938-2467-88ba-ba5fe2debf14/scene0068_01-scene0068_00-scene0068_05-scene0068_03-scene0068_02/T1,9,28,9,0.7324628233909607,2478,0.9733656174334141,0.0266343825665859,15,100,0.15
10b17936-3938-2467-88ba-ba5fe2debf14,scene0068_01-scene0068_00-scene0068_05-scene0068_03-scene0068_02,1,10b17936-3938-2467-88ba-ba5fe2debf14/scene0068_01-scene0068_00-scene0068_05-scene0068_03-scene0068_02/T1,9,39,24,0.8217344880104065,1761,0.871663827370812,0.12833617262918795,15,100,0.15
10b17936-3938-2467-88ba-ba5fe2debf14,scene0068_01-scene0068_00-scene0068_05-scene0068_03-scene0068_02,1,10b17936-3938-2467-88ba-ba5fe2debf14/scene0068_01-scene0068_00-scene0068_05-scene0068_03-scene0068_02/T1,9,42,15,0.8528990745544434,2395,0.9949895615866389,0.005010438413361129,15,100,0.15
10b17936-3938-2467-88ba-ba5fe2debf14,scene0068_01-scene0068_00-scene0068_05-scene0068_03-scene0068_02,1,10b17936-3938-2467-88ba-ba5fe2debf14/scene0068_01-scene0068_00-scene0068_05-scene0068_03-scene0068_02/T1,9,60,7,0.761904776096344,352,0.7727272727272727,0.2272727272727273,15,100,0.15
10b17936-3938-2467-88ba-ba5fe2debf14,scene0068_01-scene0068_00-scene0068_05-scene0068_03-scene0068_02,1,10b17936-3938-2467-88ba-ba5fe2debf14/scene0068_01-scene0068_00-scene0068_05-scene0068_03-scene0068_02/T1,9,96,17,0.3700592815876007,821,0.9123020706455542,0.08769792935444576,15,100,0.15
10b17936-3938-2467-88ba-ba5fe2debf14,scene0068_01-scene0068_00-scene0068_05-scene0068_03-scene0068_02,1,10b17936-3938-2467-88ba-ba5fe2debf14/scene0068_01-scene0068_00-scene0068_05-scene0068_03-scene0068_02/T1,9,97,21,0.9338078498840332,1378,0.9521044992743106,0.04789550072568938,15,100,0.15
10b17936-3938-2467-88ba-ba5fe2debf14,scene0068_01-scene0068_00-scene0068_05-scene0068_03-scene0068_02,1,10b17936-3938-2467-88ba-ba5fe2debf14/scene0068_01-scene0068_00-scene0068_05-scene0068_03-scene0068_02/T1,10,13,28,0.869918704032898,123,0.8699186991869918,0.13008130081300817,21,100,0.21
10b17936-3938-2467-88ba-ba5fe2debf14,scene0068_01-scene0068_00-scene0068_05-scene0068_03-scene0068_02,1,10b17936-3938-2467-88ba-ba5fe2debf14/scene0068_01-scene0068_00-scene0068_05-scene0068_03-scene0068_02/T1,10,15,16,0.8338607549667358,527,1.0,0.0,21,100,0.21
10b17936-3938-2467-88ba-ba5fe2debf14,scene0068_01-scene0068_00-scene0068_05-scene0068_03-scene0068_02,1,10b17936-3938-2467-88ba-ba5fe2debf14/scene0068_01-scene0068_00-scene0068_05-scene0068_03-scene0068_02/T1,10,24,8,0.6550324559211731,2341,0.6894489534387014,0.3105510465612986,21,100,0.21
10b17936-3938-2467-88ba-ba5fe2debf14,scene0068_01-scene0068_00-scene0068_05-scene0068_03-scene0068_02,1,10b17936-3938-2467-88ba-ba5fe2debf14/scene0068_01-scene0068_00-scene0068_05-scene0068_03-scene0068_02/T1,10,28,9,0.7324628233909607,2478,0.9733656174334141,0.0266343825665859,21,100,0.21
10b17936-3938-2467-88ba-ba5fe2debf14,scene0068_01-scene0068_00-scene0068_05-scene0068_03-scene0068_02,1,10b17936-3938-2467-88ba-ba5fe2debf14/scene0068_01-scene0068_00-scene0068_05-scene0068_03-scene0068_02/T1,10,42,15,0.8557623624801636,2395,0.998329853862213,0.001670146137787043,21,100,0.21
10b17936-3938-2467-88ba-ba5fe2debf14,scene0068_01-scene0068_00-scene0068_05-scene0068_03-scene0068_02,1,10b17936-3938-2467-88ba-ba5fe2debf14/scene0068_01-scene0068_00-scene0068_05-scene0068_03-scene0068_02/T1,10,60,7,0.761904776096344,352,0.7727272727272727,0.2272727272727273,21,100,0.21
10b17936-3938-2467-88ba-ba5fe2debf14,scene0068_01-scene0068_00-scene0068_05-scene0068_03-scene0068_02,1,10b17936-3938-2467-88ba-ba5fe2debf14/scene0068_01-scene0068_00-scene0068_05-scene0068_03-scene0068_02/T1,10,62,17,0.37445148825645447,821,0.9354445797807551,0.06455542021924487,21,100,0.21
10b17936-3938-2467-88ba-ba5fe2debf14,scene0068_01-scene0068_00-scene0068_05-scene0068_03-scene0068_02,1,10b17936-3938-2467-88ba-ba5fe2debf14/scene0068_01-scene0068_00-scene0068_05-scene0068_03-scene0068_02/T1,10,67,24,0.8614392876625061,1761,0.9108461101646792,0.0891538898353208,21,100,0.21
10b17936-3938-2467-88ba-ba5fe2debf14,scene0068_01-scene0068_00-scene0068_05-scene0068_03-scene0068_02,1,10b17936-3938-2467-88ba-ba5fe2debf14/scene0068_01-scene0068_00-scene0068_05-scene0068_03-scene0068_02/T1,10,72,42,0.15067178010940552,321,0.9781931464174455,0.02180685358255452,21,100,0.21
10b17936-3938-2467-88ba-ba5fe2debf14,scene0068_01-scene0068_00-scene0068_05-scene0068_03-scene0068_02,1,10b17936-3938-2467-88ba-ba5fe2debf14/scene0068_01-scene0068_00-scene0068_05-scene0068_03-scene0068_02/T1,10,85,30,0.9120903015136719,4388,0.9576116681859617,0.04238833181403834,21,100,0.21
10b17936-3938-2467-88ba-ba5fe2debf14,scene0068_01-scene0068_00-scene0068_05-scene0068_03-scene0068_02,1,10b17936-3938-2467-88ba-ba5fe2debf14/scene0068_01-scene0068_00-scene0068_05-scene0068_03-scene0068_02/T1,10,88,5,0.9781771302223206,2308,0.9904679376083189,0.00953206239168114,21,100,0.21
10b17936-3938-2467-88ba-ba5fe2debf14,scene0068_01-scene0068_00-scene0068_05-scene0068_03-scene0068_02,1,10b17936-3938-2467-88ba-ba5fe2debf14/scene0068_01-scene0068_00-scene0068_05-scene0068_03-scene0068_02/T1,10,97,21,0.9187050461769104,1378,0.9267053701015965,0.07329462989840352,21,100,0.21
10b17936-3938-2467-88ba-ba5fe2debf14,scene0068_01-scene0068_00-scene0068_05-scene0068_03-scene0068_02,1,10b17936-3938-2467-88ba-ba5fe2debf14/scene0068_01-scene0068_00-scene0068_05-scene0068_03-scene0068_02/T1,11,13,28,0.869918704032898,123,0.8699186991869918,0.13008130081300817,18,100,0.18
10b17936-3938-2467-88ba-ba5fe2debf14,scene0068_01-scene0068_00-scene0068_05-scene0068_03-scene0068_02,1,10b17936-3938-2467-88ba-ba5fe2debf14/scene0068_01-scene0068_00-scene0068_05-scene0068_03-scene0068_02/T1,11,15,16,0.8338607549667358,527,1.0,0.0,18,100,0.18
10b17936-3938-2467-88ba-ba5fe2debf14,scene0068_01-scene0068_00-scene0068_05-scene0068_03-scene0068_02,1,10b17936-3938-2467-88ba-ba5fe2debf14/scene0068_01-scene0068_00-scene0068_05-scene0068_03-scene0068_02/T1,11,16,7,0.7591036558151245,352,0.7698863636363636,0.23011363636363635,18,100,0.18
10b17936-3938-2467-88ba-ba5fe2debf14,scene0068_01-scene0068_00-scene0068_05-scene0068_03-scene0068_02,1,10b17936-3938-2467-88ba-ba5fe2debf14/scene0068_01-scene0068_00-scene0068_05-scene0068_03-scene0068_02/T1,11,24,8,0.6446931958198547,2341,0.664246048697138,0.335753951302862,18,100,0.18
10b17936-3938-2467-88ba-ba5fe2debf14,scene0068_01-scene0068_00-scene0068_05-scene0068_03-scene0068_02,1,10b17936-3938-2467-88ba-ba5fe2debf14/scene0068_01-scene0068_00-scene0068_05-scene0068_03-scene0068_02/T1,11,27,42,0.12630732357501984,321,0.9781931464174455,0.02180685358255452,18,100,0.18
10b17936-3938-2467-88ba-ba5fe2debf14,scene0068_01-scene0068_00-scene0068_05-scene0068_03-scene0068_02,1,10b17936-3938-2467-88ba-ba5fe2debf14/scene0068_01-scene0068_00-scene0068_05-scene0068_03-scene0068_02/T1,11,28,9,0.7324628233909607,2478,0.9733656174334141,0.0266343825665859,18,100,0.18
10b17936-3938-2467-88ba-ba5fe2debf14,scene0068_01-scene0068_00-scene0068_05-scene0068_03-scene0068_02,1,10b17936-3938-2467-88ba-ba5fe2debf14/scene0068_01-scene0068_00-scene0068_05-scene0068_03-scene0068_02/T1,11,36,24,0.8663967847824097,1761,0.9721749006246451,0.027825099375354934,18,100,0.18
10b17936-3938-2467-88ba-ba5fe2debf14,scene0068_01-scene0068_00-scene0068_05-scene0068_03-scene0068_02,1,10b17936-3938-2467-88ba-ba5fe2debf14/scene0068_01-scene0068_00-scene0068_05-scene0068_03-scene0068_02/T1,11,40,5,0.9838021993637085,2308,1.0,0.0,18,100,0.18
10b17936-3938-2467-88ba-ba5fe2debf14,scene0068_01-scene0068_00-scene0068_05-scene0068_03-scene0068_02,1,10b17936-3938-2467-88ba-ba5fe2debf14/scene0068_01-scene0068_00-scene0068_05-scene0068_03-scene0068_02/T1,11,42,15,0.8385854363441467,2395,1.0,0.0,18,100,0.18
10b17936-3938-2467-88ba-ba5fe2debf14,scene0068_01-scene0068_00-scene0068_05-scene0068_03-scene0068_02,1,10b17936-3938-2467-88ba-ba5fe2debf14/scene0068_01-scene0068_00-scene0068_05-scene0068_03-scene0068_02/T1,11,57,30,0.9110050201416016,4388,0.9564721969006381,0.043527803099361884,18,100,0.18
10b17936-3938-2467-88ba-ba5fe2debf14,scene0068_01-scene0068_00-scene0068_05-scene0068_03-scene0068_02,1,10b17936-3938-2467-88ba-ba5fe2debf14/scene0068_01-scene0068_00-scene0068_05-scene0068_03-scene0068_02/T1,11,96,17,0.37600401043891907,821,0.9123020706455542,0.08769792935444576,18,100,0.18
10b17936-3938-2467-88ba-ba5fe2debf14,scene0068_01-scene0068_00-scene0068_05-scene0068_03-scene0068_02,1,10b17936-3938-2467-88ba-ba5fe2debf14/scene0068_01-scene0068_00-scene0068_05-scene0068_03-scene0068_02/T1,11,97,21,0.9410071969032288,1378,0.9492017416545718,0.05079825834542817,18,100,0.18
10b17936-3938-2467-88ba-ba5fe2debf14,scene0068_01-scene0068_00-scene0068_05-scene0068_03-scene0068_02,2,10b17936-3938-2467-88ba-ba5fe2debf14/scene0068_01-scene0068_00-scene0068_05-scene0068_03-scene0068_02/T2,0,0,5,0.0,5313,0.0,1.0,0,100,0.0
10b17936-3938-2467-88ba-ba5fe2debf14,scene0068_01-scene0068_00-scene0068_05-scene0068_03-scene0068_02,2,10b17936-3938-2467-88ba-ba5fe2debf14/scene0068_01-scene0068_00-scene0068_05-scene0068_03-scene0068_02/T2,0,1,7,0.0,705,0.0,1.0,0,100,0.0
10b17936-3938-2467-88ba-ba5fe2debf14,scene0068_01-scene0068_00-scene0068_05-scene0068_03-scene0068_02,2,10b17936-3938-2467-88ba-ba5fe2debf14/scene0068_01-scene0068_00-scene0068_05-scene0068_03-scene0068_02/T2,0,2,8,0.0,5620,0.0,1.0,0,100,0.0
10b17936-3938-2467-88ba-ba5fe2debf14,scene0068_01-scene0068_00-scene0068_05-scene0068_03-scene0068_02,2,10b17936-3938-2467-88ba-ba5fe2debf14/scene0068_01-scene0068_00-scene0068_05-scene0068_03-scene0068_02/T2,0,3,9,0.0,3037,0.0,1.0,0,100,0.0
10b17936-3938-2467-88ba-ba5fe2debf14,scene0068_01-scene0068_00-scene0068_05-scene0068_03-scene0068_02,2,10b17936-3938-2467-88ba-ba5fe2debf14/scene0068_01-scene0068_00-scene0068_05-scene0068_03-scene0068_02/T2,0,4,15,0.0,6699,0.0,1.0,0,100,0.0
10b17936-3938-2467-88ba-ba5fe2debf14,scene0068_01-scene0068_00-scene0068_05-scene0068_03-scene0068_02,2,10b17936-3938-2467-88ba-ba5fe2debf14/scene0068_01-scene0068_00-scene0068_05-scene0068_03-scene0068_02/T2,0,5,16,0.0,512,0.0,1.0,0,100,0.0
10b17936-3938-2467-88ba-ba5fe2debf14,scene0068_01-scene0068_00-scene0068_05-scene0068_03-scene0068_02,2,10b17936-3938-2467-88ba-ba5fe2debf14/scene0068_01-scene0068_00-scene0068_05-scene0068_03-scene0068_02/T2,0,6,17,0.0,3396,0.0,1.0,0,100,0.0
10b17936-3938-2467-88ba-ba5fe2debf14,scene0068_01-scene0068_00-scene0068_05-scene0068_03-scene0068_02,2,10b17936-3938-2467-88ba-ba5fe2debf14/scene0068_01-scene0068_00-scene0068_05-scene0068_03-scene0068_02/T2,0,7,21,0.34688252210617065,2731,0.36872940314902963,0.6312705968509704,0,100,0.0
10b17936-3938-2467-88ba-ba5fe2debf14,scene0068_01-scene0068_00-scene0068_05-scene0068_03-scene0068_02,2,10b17936-3938-2467-88ba-ba5fe2debf14/scene0068_01-scene0068_00-scene0068_05-scene0068_03-scene0068_02/T2,0,8,24,0.0,4242,0.0,1.0,0,100,0.0
10b17936-3938-2467-88ba-ba5fe2debf14,scene0068_01-scene0068_00-scene0068_05-scene0068_03-scene0068_02,2,10b17936-3938-2467-88ba-ba5fe2debf14/scene0068_01-scene0068_00-scene0068_05-scene0068_03-scene0068_02/T2,0,9,28,0.10745614022016525,336,0.4375,0.5625,0,100,0.0
10b17936-3938-2467-88ba-ba5fe2debf14,scene0068_01-scene0068_00-scene0068_05-scene0068_03-scene0068_02,2,10b17936-3938-2467-88ba-ba5fe2debf14/scene0068_01-scene0068_00-scene0068_05-scene0068_03-scene0068_02/T2,0,10,30,0.0,5741,0.0,1.0,0,100,0.0
10b17936-3938-2467-88ba-ba5fe2debf14,scene0068_01-scene0068_00-scene0068_05-scene0068_03-scene0068_02,2,10b17936-3938-2467-88ba-ba5fe2debf14/scene0068_01-scene0068_00-scene0068_05-scene0068_03-scene0068_02/T2,0,11,31,0.020441537722945213,69,0.36231884057971014,0.6376811594202898,0,100,0.0
10b17936-3938-2467-88ba-ba5fe2debf14,scene0068_01-scene0068_00-scene0068_05-scene0068_03-scene0068_02,2,10b17936-3938-2467-88ba-ba5fe2debf14/scene0068_01-scene0068_00-scene0068_05-scene0068_03-scene0068_02/T2,0,12,42,0.0,3738,0.0,1.0,0,100,0.0
10b17936-3938-2467-88ba-ba5fe2debf14,scene0068_01-scene0068_00-scene0068_05-scene0068_03-scene0068_02,2,10b17936-3938-2467-88ba-ba5fe2debf14/scene0068_01-scene0068_00-scene0068_05-scene0068_03-scene0068_02/T2,1,14,31,1.0,69,1.0,0.0,21,100,0.21
10b17936-3938-2467-88ba-ba5fe2debf14,scene0068_01-scene0068_00-scene0068_05-scene0068_03-scene0068_02,2,10b17936-3938-2467-88ba-ba5fe2debf14/scene0068_01-scene0068_00-scene0068_05-scene0068_03-scene0068_02/T2,1,23,24,0.8148148059844971,4242,0.8505421970768505,0.14945780292314947,21,100,0.21
10b17936-3938-2467-88ba-ba5fe2debf14,scene0068_01-scene0068_00-scene0068_05-scene0068_03-scene0068_02,2,10b17936-3938-2467-88ba-ba5fe2debf14/scene0068_01-scene0068_00-scene0068_05-scene0068_03-scene0068_02/T2,1,31,16,0.10982411354780197,512,1.0,0.0,21,100,0.21
10b17936-3938-2467-88ba-ba5fe2debf14,scene0068_01-scene0068_00-scene0068_05-scene0068_03-scene0068_02,2,10b17936-3938-2467-88ba-ba5fe2debf14/scene0068_01-scene0068_00-scene0068_05-scene0068_03-scene0068_02/T2,1,35,28,0.8281689882278442,336,0.875,0.125,21,100,0.21
10b17936-3938-2467-88ba-ba5fe2debf14,scene0068_01-scene0068_00-scene0068_05-scene0068_03-scene0068_02,2,10b17936-3938-2467-88ba-ba5fe2debf14/scene0068_01-scene0068_00-scene0068_05-scene0068_03-scene0068_02/T2,1,38,42,0.3354228436946869,3738,0.7873194221508828,0.2126805778491172,21,100,0.21
10b17936-3938-2467-88ba-ba5fe2debf14,scene0068_01-scene0068_00-scene0068_05-scene0068_03-scene0068_02,2,10b17936-3938-2467-88ba-ba5fe2debf14/scene0068_01-scene0068_00-scene0068_05-scene0068_03-scene0068_02/T2,1,54,17,0.5365277528762817,3396,0.9363957597173145,0.06360424028268552,21,100,0.21
10b17936-3938-2467-88ba-ba5fe2debf14,scene0068_01-scene0068_00-scene0068_05-scene0068_03-scene0068_02,2,10b17936-3938-2467-88ba-ba5fe2debf14/scene0068_01-scene0068_00-scene0068_05-scene0068_03-scene0068_02/T2,1,63,7,0.6957964897155762,705,0.8921985815602836,0.10780141843971636,21,100,0.21
10b17936-3938-2467-88ba-ba5fe2debf14,scene0068_01-scene0068_00-scene0068_05-scene0068_03-scene0068_02,2,10b17936-3938-2467-88ba-ba5fe2debf14/scene0068_01-scene0068_00-scene0068_05-scene0068_03-scene0068_02/T2,1,65,8,0.39693593978881836,5620,0.40569395017793597,0.594306049822064,21,100,0.21
10b17936-3938-2467-88ba-ba5fe2debf14,scene0068_01-scene0068_00-scene0068_05-scene0068_03-scene0068_02,2,10b17936-3938-2467-88ba-ba5fe2debf14/scene0068_01-scene0068_00-scene0068_05-scene0068_03-scene0068_02/T2,1,70,15,0.5192428231239319,6699,0.8640095536647261,0.1359904463352739,21,100,0.21
10b17936-3938-2467-88ba-ba5fe2debf14,scene0068_01-scene0068_00-scene0068_05-scene0068_03-scene0068_02,2,10b17936-3938-2467-88ba-ba5fe2debf14/scene0068_01-scene0068_00-scene0068_05-scene0068_03-scene0068_02/T2,1,73,21,0.9085754752159119,2731,0.9388502380080557,0.06114976199194433,21,100,0.21
10b17936-3938-2467-88ba-ba5fe2debf14,scene0068_01-scene0068_00-scene0068_05-scene0068_03-scene0068_02,2,10b17936-3938-2467-88ba-ba5fe2debf14/scene0068_01-scene0068_00-scene0068_05-scene0068_03-scene0068_02/T2,1,79,9,0.7502768635749817,3037,0.8923279552189661,0.10767204478103387,21,100,0.21
10b17936-3938-2467-88ba-ba5fe2debf14,scene0068_01-scene0068_00-scene0068_05-scene0068_03-scene0068_02,2,10b17936-3938-2467-88ba-ba5fe2debf14/scene0068_01-scene0068_00-scene0068_05-scene0068_03-scene0068_02/T2,1,87,30,0.4748976230621338,5741,0.9292806131336004,0.07071938686639956,21,100,0.21
10b17936-3938-2467-88ba-ba5fe2debf14,scene0068_01-scene0068_00-scene0068_05-scene0068_03-scene0068_02,2,10b17936-3938-2467-88ba-ba5fe2debf14/scene0068_01-scene0068_00-scene0068_05-scene0068_03-scene0068_02/T2,1,97,5,0.9812734127044678,5313,0.9862601166948993,0.013739883305100675,21,100,0.21
10b17936-3938-2467-88ba-ba5fe2debf14,scene0068_01-scene0068_00-scene0068_05-scene0068_03-scene0068_02,2,10b17936-3938-2467-88ba-ba5fe2debf14/scene0068_01-scene0068_00-scene0068_05-scene0068_03-scene0068_02/T2,2,0,24,0.8521758913993835,4242,0.8955681282413955,0.10443187175860447,15,100,0.15
10b17936-3938-2467-88ba-ba5fe2debf14,scene0068_01-scene0068_00-scene0068_05-scene0068_03-scene0068_02,2,10b17936-3938-2467-88ba-ba5fe2debf14/scene0068_01-scene0068_00-scene0068_05-scene0068_03-scene0068_02/T2,2,1,31,1.0,69,1.0,0.0,15,100,0.15
10b17936-3938-2467-88ba-ba5fe2debf14,scene0068_01-scene0068_00-scene0068_05-scene0068_03-scene0068_02,2,10b17936-3938-2467-88ba-ba5fe2debf14/scene0068_01-scene0068_00-scene0068_05-scene0068_03-scene0068_02/T2,2,9,8,0.5075492262840271,5620,0.7476868327402135,0.2523131672597865,15,100,0.15
10b17936-3938-2467-88ba-ba5fe2debf14,scene0068_01-scene0068_00-scene0068_05-scene0068_03-scene0068_02,2,10b17936-3938-2467-88ba-ba5fe2debf14/scene0068_01-scene0068_00-scene0068_05-scene0068_03-scene0068_02/T2,2,11,9,0.7227797508239746,3037,0.9486335199209747,0.051366480079025334,15,100,0.15
10b17936-3938-2467-88ba-ba5fe2debf14,scene0068_01-scene0068_00-scene0068_05-scene0068_03-scene0068_02,2,10b17936-3938-2467-88ba-ba5fe2debf14/scene0068_01-scene0068_00-scene0068_05-scene0068_03-scene0068_02/T2,2,21,17,0.4983636438846588,3396,0.8071260306242638,0.1928739693757362,15,100,0.15
10b17936-3938-2467-88ba-ba5fe2debf14,scene0068_01-scene0068_00-scene0068_05-scene0068_03-scene0068_02,2,10b17936-3938-2467-88ba-ba5fe2debf14/scene0068_01-scene0068_00-scene0068_05-scene0068_03-scene0068_02/T2,2,31,16,0.16786885261535645,512,1.0,0.0,15,100,0.15
10b17936-3938-2467-88ba-ba5fe2debf14,scene0068_01-scene0068_00-scene0068_05-scene0068_03-scene0068_02,2,10b17936-3938-2467-88ba-ba5fe2debf14/scene0068_01-scene0068_00-scene0068_05-scene0068_03-scene0068_02/T2,2,32,15,0.6062215566635132,6699,0.9541722645170921,0.04582773548290786,15,100,0.15
10b17936-3938-2467-88ba-ba5fe2debf14,scene0068_01-scene0068_00-scene0068_05-scene0068_03-scene0068_02,2,10b17936-3938-2467-88ba-ba5fe2debf14/scene0068_01-scene0068_00-scene0068_05-scene0068_03-scene0068_02/T2,2,38,42,0.37031468749046326,3738,0.9884965222043873,0.011503477795612671,15,100,0.15
10b17936-3938-2467-88ba-ba5fe2debf14,scene0068_01-scene0068_00-scene0068_05-scene0068_03-scene0068_02,2,10b17936-3938-2467-88ba-ba5fe2debf14/scene0068_01-scene0068_00-scene0068_05-scene0068_03-scene0068_02/T2,2,39,21,0.9096728563308716,2731,0.9366532405712193,0.06334675942878065,15,100,0.15
10b17936-3938-2467-88ba-ba5fe2debf14,scene0068_01-scene0068_00-scene0068_05-scene0068_03-scene0068_02,2,10b17936-3938-2467-88ba-ba5fe2debf14/scene0068_01-scene0068_00-scene0068_05-scene0068_03-scene0068_02/T2,2,49,5,0.9823772311210632,5313,0.9862601166948993,0.013739883305100675,15,100,0.15
10b17936-3938-2467-88ba-ba5fe2debf14,scene0068_01-scene0068_00-scene0068_05-scene0068_03-scene0068_02,2,10b17936-3938-2467-88ba-ba5fe2debf14/scene0068_01-scene0068_00-scene0068_05-scene0068_03-scene0068_02/T2,2,60,28,0.8366197347640991,336,0.8839285714285714,0.1160714285714286,15,100,0.15
10b17936-3938-2467-88ba-ba5fe2debf14,scene0068_01-scene0068_00-scene0068_05-scene0068_03-scene0068_02,2,10b17936-3938-2467-88ba-ba5fe2debf14/scene0068_01-scene0068_00-scene0068_05-scene0068_03-scene0068_02/T2,2,63,7,0.7982233762741089,705,0.8921985815602836,0.10780141843971636,15,100,0.15
10b17936-3938-2467-88ba-ba5fe2debf14,scene0068_01-scene0068_00-scene0068_05-scene0068_03-scene0068_02,2,10b17936-3938-2467-88ba-ba5fe2debf14/scene0068_01-scene0068_00-scene0068_05-scene0068_03-scene0068_02/T2,2,80,30,0.2229497730731964,5741,0.8481100853509842,0.1518899146490158,15,100,0.15
10b17936-3938-2467-88ba-ba5fe2debf14,scene0068_01-scene0068_00-scene0068_05-scene0068_03-scene0068_02,2,10b17936-3938-2467-88ba-ba5fe2debf14/scene0068_01-scene0068_00-scene0068_05-scene0068_03-scene0068_02/T2,3,1,31,1.0,69,1.0,0.0,8,100,0.08
10b17936-3938-2467-88ba-ba5fe2debf14,scene0068_01-scene0068_00-scene0068_05-scene0068_03-scene0068_02,2,10b17936-3938-2467-88ba-ba5fe2debf14/scene0068_01-scene0068_00-scene0068_05-scene0068_03-scene0068_02/T2,3,4,16,0.761904776096344,512,1.0,0.0,8,100,0.08
10b17936-3938-2467-88ba-ba5fe2debf14,scene0068_01-scene0068_00-scene0068_05-scene0068_03-scene0068_02,2,10b17936-3938-2467-88ba-ba5fe2debf14/scene0068_01-scene0068_00-scene0068_05-scene0068_03-scene0068_02/T2,3,9,8,0.635784387588501,5620,0.6569395017793594,0.34306049822064055,8,100,0.08
10b17936-3938-2467-88ba-ba5fe2debf14,scene0068_01-scene0068_00-scene0068_05-scene0068_03-scene0068_02,2,10b17936-3938-2467-88ba-ba5fe2debf14/scene0068_01-scene0068_00-scene0068_05-scene0068_03-scene0068_02/T2,3,17,30,0.8493044972419739,5741,0.9571503222435116,0.0428496777564884,8,100,0.08
10b17936-3938-2467-88ba-ba5fe2debf14,scene0068_01-scene0068_00-scene0068_05-scene0068_03-scene0068_02,2,10b17936-3938-2467-88ba-ba5fe2debf14/scene0068_01-scene0068_00-scene0068_05-scene0068_03-scene0068_02/T2,3,21,17,0.554128110408783,3396,0.9525912838633687,0.047408716136631335,8,100,0.08
10b17936-3938-2467-88ba-ba5fe2debf14,scene0068_01-scene0068_00-scene0068_05-scene0068_03-scene0068_02,2,10b17936-3938-2467-88ba-ba5fe2debf14/scene0068_01-scene0068_00-scene0068_05-scene0068_03-scene0068_02/T2,3,27,21,0.9087982773780823,2731,0.9304284145001831,0.0695715854998169,8,100,0.08
10b17936-3938-2467-88ba-ba5fe2debf14,scene0068_01-scene0068_00-scene0068_05-scene0068_03-scene0068_02,2,10b17936-3938-2467-88ba-ba5fe2debf14/scene0068_01-scene0068_00-scene0068_05-scene0068_03-scene0068_02/T2,3,30,28,0.8281689882278442,336,0.875,0.125,8,100,0.08
10b17936-3938-2467-88ba-ba5fe2debf14,scene0068_01-scene0068_00-scene0068_05-scene0068_03-scene0068_02,2,10b17936-3938-2467-88ba-ba5fe2debf14/scene0068_01-scene0068_00-scene0068_05-scene0068_03-scene0068_02/T2,3,32,42,0.38823401927948,3738,0.9604066345639379,0.03959336543606207,8,100,0.08
10b17936-3938-2467-88ba-ba5fe2debf14,scene0068_01-scene0068_00-scene0068_05-scene0068_03-scene0068_02,2,10b17936-3938-2467-88ba-ba5fe2debf14/scene0068_01-scene0068_00-scene0068_05-scene0068_03-scene0068_02/T2,3,36,24,0.7816619873046875,4242,0.9224422442244224,0.07755775577557755,8,100,0.08
10b17936-3938-2467-88ba-ba5fe2debf14,scene0068_01-scene0068_00-scene0068_05-scene0068_03-scene0068_02,2,10b17936-3938-2467-88ba-ba5fe2debf14/scene0068_01-scene0068_00-scene0068_05-scene0068_03-scene0068_02/T2,3,63,7,0.709932267665863,705,0.8921985815602836,0.10780141843971636,8,100,0.08
10b17936-3938-2467-88ba-ba5fe2debf14,scene0068_01-scene0068_00-scene0068_05-scene0068_03-scene0068_02,2,10b17936-3938-2467-88ba-ba5fe2debf14/scene0068_01-scene0068_00-scene0068_05-scene0068_03-scene0068_02/T2,3,68,5,0.9823772311210632,5313,0.9862601166948993,0.013739883305100675,8,100,0.08
10b17936-3938-2467-88ba-ba5fe2debf14,scene0068_01-scene0068_00-scene0068_05-scene0068_03-scene0068_02,2,10b17936-3938-2467-88ba-ba5fe2debf14/scene0068_01-scene0068_00-scene0068_05-scene0068_03-scene0068_02/T2,3,70,15,0.5334465503692627,6699,0.9844752948201224,0.015524705179877585,8,100,0.08
10b17936-3938-2467-88ba-ba5fe2debf14,scene0068_01-scene0068_00-scene0068_05-scene0068_03-scene0068_02,2,10b17936-3938-2467-88ba-ba5fe2debf14/scene0068_01-scene0068_00-scene0068_05-scene0068_03-scene0068_02/T2,3,79,9,0.7132799029350281,3037,0.9674020414883109,0.03259795851168912,8,100,0.08
10b17936-3938-2467-88ba-ba5fe2debf14,scene0068_01-scene0068_00-scene0068_05-scene0068_03-scene0068_02,2,10b17936-3938-2467-88ba-ba5fe2debf14/scene0068_01-scene0068_00-scene0068_05-scene0068_03-scene0068_02/T2,4,1,31,1.0,69,1.0,0.0,16,100,0.16
10b17936-3938-2467-88ba-ba5fe2debf14,scene0068_01-scene0068_00-scene0068_05-scene0068_03-scene0068_02,2,10b17936-3938-2467-88ba-ba5fe2debf14/scene0068_01-scene0068_00-scene0068_05-scene0068_03-scene0068_02/T2,4,4,16,0.761904776096344,512,1.0,0.0,16,100,0.16
10b17936-3938-2467-88ba-ba5fe2debf14,scene0068_01-scene0068_00-scene0068_05-scene0068_03-scene0068_02,2,10b17936-3938-2467-88ba-ba5fe2debf14/scene0068_01-scene0068_00-scene0068_05-scene0068_03-scene0068_02/T2,4,9,8,0.7894560098648071,5620,0.8366548042704627,0.16334519572953732,16,100,0.16
10b17936-3938-2467-88ba-ba5fe2debf14,scene0068_01-scene0068_00-scene0068_05-scene0068_03-scene0068_02,2,10b17936-3938-2467-88ba-ba5fe2debf14/scene0068_01-scene0068_00-scene0068_05-scene0068_03-scene0068_02/T2,4,21,17,0.5415019989013672,3396,0.9278563015312132,0.07214369846878677,16,100,0.16
10b17936-3938-2467-88ba-ba5fe2debf14,scene0068_01-scene0068_00-scene0068_05-scene0068_03-scene0068_02,2,10b17936-3938-2467-88ba-ba5fe2debf14/scene0068_01-scene0068_00-scene0068_05-scene0068_03-scene0068_02/T2,4,22,24,0.77138352394104,4242,0.9226779820839227,0.07732201791607729,16,100,0.16
10b17936-3938-2467-88ba-ba5fe2debf14,scene0068_01-scene0068_00-scene0068_05-scene0068_03-scene0068_02,2,10b17936-3938-2467-88ba-ba5fe2debf14/scene0068_01-scene0068_00-scene0068_05-scene0068_03-scene0068_02/T2,4,30,28,0.8795518279075623,336,0.9345238095238095,0.06547619047619047,16,100,0.16
10b17936-3938-2467-88ba-ba5fe2debf14,scene0068_01-scene0068_00-scene0068_05-scene0068_03-scene0068_02,2,10b17936-3938-2467-88ba-ba5fe2debf14/scene0068_01-scene0068_00-scene0068_05-scene0068_03-scene0068_02/T2,4,32,15,0.5421083569526672,6699,0.9695476936856248,0.030452306314375233,16,100,0.16
10b17936-3938-2467-88ba-ba5fe2debf14,scene0068_01-scene0068_00-scene0068_05-scene0068_03-scene0068_02,2,10b17936-3938-2467-88ba-ba5fe2debf14/scene0068_01-scene0068_00-scene0068_05-scene0068_03-scene0068_02/T2,4,39,21,0.9078667759895325,2731,0.9381179055291102,0.06188209447088977,16,100,0.16
10b17936-3938-2467-88ba-ba5fe2debf14,scene0068_01-scene0068_00-scene0068_05-scene0068_03-scene0068_02,2,10b17936-3938-2467-88ba-ba5fe2debf14/scene0068_01-scene0068_00-scene0068_05-scene0068_03-scene0068_02/T2,4,44,30,0.9524886608123779,5741,0.9533182372408988,0.046681762759101186,16,100,0.16
10b17936-3938-2467-88ba-ba5fe2debf14,scene0068_01-scene0068_00-scene0068_05-scene0068_03-scene0068_02,2,10b17936-3938-2467-88ba-ba5fe2debf14/scene0068_01-scene0068_00-scene0068_05-scene0068_03-scene0068_02/T2,4,51,42,0.3698613941669464,3738,0.8352059925093633,0.16479400749063666,16,100,0.16
10b17936-3938-2467-88ba-ba5fe2debf14,scene0068_01-scene0068_00-scene0068_05-scene0068_03-scene0068_02,2,10b17936-3938-2467-88ba-ba5fe2debf14/scene0068_01-scene0068_00-scene0068_05-scene0068_03-scene0068_02/T2,4,52,5,0.9786236882209778,5313,0.9823075475249389,0.017692452475061127,16,100,0.16
10b17936-3938-2467-88ba-ba5fe2debf14,scene0068_01-scene0068_00-scene0068_05-scene0068_03-scene0068_02,2,10b17936-3938-2467-88ba-ba5fe2debf14/scene0068_01-scene0068_00-scene0068_05-scene0068_03-scene0068_02/T2,4,63,7,0.7972116470336914,705,0.8921985815602836,0.10780141843971636,16,100,0.16
10b17936-3938-2467-88ba-ba5fe2debf14,scene0068_01-scene0068_00-scene0068_05-scene0068_03-scene0068_02,2,10b17936-3938-2467-88ba-ba5fe2debf14/scene0068_01-scene0068_00-scene0068_05-scene0068_03-scene0068_02/T2,4,79,9,0.7326509952545166,3037,0.9664142245637142,0.033585775436285825,16,100,0.16
10b17936-3938-2467-88ba-ba5fe2debf14,scene0068_01-scene0068_00-scene0068_05-scene0068_03-scene0068_02,2,10b17936-3938-2467-88ba-ba5fe2debf14/scene0068_01-scene0068_00-scene0068_05-scene0068_03-scene0068_02/T2,5,1,31,1.0,69,1.0,0.0,9,100,0.09
10b17936-3938-2467-88ba-ba5fe2debf14,scene0068_01-scene0068_00-scene0068_05-scene0068_03-scene0068_02,2,10b17936-3938-2467-88ba-ba5fe2debf14/scene0068_01-scene0068_00-scene0068_05-scene0068_03-scene0068_02/T2,5,4,16,0.761904776096344,512,1.0,0.0,9,100,0.09
10b17936-3938-2467-88ba-ba5fe2debf14,scene0068_01-scene0068_00-scene0068_05-scene0068_03-scene0068_02,2,10b17936-3938-2467-88ba-ba5fe2debf14/scene0068_01-scene0068_00-scene0068_05-scene0068_03-scene0068_02/T2,5,8,30,0.9498535394668579,5741,0.9601114788364397,0.03988852116356034,9,100,0.09
10b17936-3938-2467-88ba-ba5fe2debf14,scene0068_01-scene0068_00-scene0068_05-scene0068_03-scene0068_02,2,10b17936-3938-2467-88ba-ba5fe2debf14/scene0068_01-scene0068_00-scene0068_05-scene0068_03-scene0068_02/T2,5,21,17,0.5584860444068909,3396,0.9602473498233216,0.039752650176678395,9,100,0.09
10b17936-3938-2467-88ba-ba5fe2debf14,scene0068_01-scene0068_00-scene0068_05-scene0068_03-scene0068_02,2,10b17936-3938-2467-88ba-ba5fe2debf14/scene0068_01-scene0068_00-scene0068_05-scene0068_03-scene0068_02/T2,5,23,24,0.7551182508468628,4242,0.8955681282413955,0.10443187175860447,9,100,0.09
10b17936-3938-2467-88ba-ba5fe2debf14,scene0068_01-scene0068_00-scene0068_05-scene0068_03-scene0068_02,2,10b17936-3938-2467-88ba-ba5fe2debf14/scene0068_01-scene0068_00-scene0068_05-scene0068_03-scene0068_02/T2,5,32,15,0.4998083710670471,6699,0.9734288699805941,0.02657113001940592,9,100,0.09
10b17936-3938-2467-88ba-ba5fe2debf14,scene0068_01-scene0068_00-scene0068_05-scene0068_03-scene0068_02,2,10b17936-3938-2467-88ba-ba5fe2debf14/scene0068_01-scene0068_00-scene0068_05-scene0068_03-scene0068_02/T2,5,34,5,0.9820089936256409,5313,0.9862601166948993,0.013739883305100675,9,100,0.09
10b17936-3938-2467-88ba-ba5fe2debf14,scene0068_01-scene0068_00-scene0068_05-scene0068_03-scene0068_02,2,10b17936-3938-2467-88ba-ba5fe2debf14/scene0068_01-scene0068_00-scene0068_05-scene0068_03-scene0068_02/T2,5,51,42,0.36453577876091003,3738,0.897003745318352,0.10299625468164797,9,100,0.09
10b17936-3938-2467-88ba-ba5fe2debf14,scene0068_01-scene0068_00-scene0068_05-scene0068_03-scene0068_02,2,10b17936-3938-2467-88ba-ba5fe2debf14/scene0068_01-scene0068_00-scene0068_05-scene0068_03-scene0068_02/T2,5,63,7,0.7972116470336914,705,0.8921985815602836,0.10780141843971636,9,100,0.09
10b17936-3938-2467-88ba-ba5fe2debf14,scene0068_01-scene0068_00-scene0068_05-scene0068_03-scene0068_02,2,10b17936-3938-2467-88ba-ba5fe2debf14/scene0068_01-scene0068_00-scene0068_05-scene0068_03-scene0068_02/T2,5,65,8,0.735531747341156,5620,0.7937722419928825,0.20622775800711746,9,100,0.09
10b17936-3938-2467-88ba-ba5fe2debf14,scene0068_01-scene0068_00-scene0068_05-scene0068_03-scene0068_02,2,10b17936-3938-2467-88ba-ba5fe2debf14/scene0068_01-scene0068_00-scene0068_05-scene0068_03-scene0068_02/T2,5,66,21,0.9085754752159119,2731,0.9388502380080557,0.06114976199194433,9,100,0.09
10b17936-3938-2467-88ba-ba5fe2debf14,scene0068_01-scene0068_00-scene0068_05-scene0068_03-scene0068_02,2,10b17936-3938-2467-88ba-ba5fe2debf14/scene0068_01-scene0068_00-scene0068_05-scene0068_03-scene0068_02/T2,5,77,28,0.8281689882278442,336,0.875,0.125,9,100,0.09
10b17936-3938-2467-88ba-ba5fe2debf14,scene0068_01-scene0068_00-scene0068_05-scene0068_03-scene0068_02,2,10b17936-3938-2467-88ba-ba5fe2debf14/scene0068_01-scene0068_00-scene0068_05-scene0068_03-scene0068_02/T2,5,83,9,0.7283093929290771,3037,0.9674020414883109,0.03259795851168912,9,100,0.09
10b17936-3938-2467-88ba-ba5fe2debf14,scene0068_01-scene0068_00-scene0068_05-scene0068_03-scene0068_02,2,10b17936-3938-2467-88ba-ba5fe2debf14/scene0068_01-scene0068_00-scene0068_05-scene0068_03-scene0068_02/T2,6,2,42,0.38963428139686584,3738,0.9633493846976993,0.03665061530230074,16,100,0.16
10b17936-3938-2467-88ba-ba5fe2debf14,scene0068_01-scene0068_00-scene0068_05-scene0068_03-scene0068_02,2,10b17936-3938-2467-88ba-ba5fe2debf14/scene0068_01-scene0068_00-scene0068_05-scene0068_03-scene0068_02/T2,6,4,16,0.761904776096344,512,1.0,0.0,16,100,0.16
10b17936-3938-2467-88ba-ba5fe2debf14,scene0068_01-scene0068_00-scene0068_05-scene0068_03-scene0068_02,2,10b17936-3938-2467-88ba-ba5fe2debf14/scene0068_01-scene0068_00-scene0068_05-scene0068_03-scene0068_02/T2,6,7,31,1.0,69,1.0,0.0,16,100,0.16
10b17936-3938-2467-88ba-ba5fe2debf14,scene0068_01-scene0068_00-scene0068_05-scene0068_03-scene0068_02,2,10b17936-3938-2467-88ba-ba5fe2debf14/scene0068_01-scene0068_00-scene0068_05-scene0068_03-scene0068_02/T2,6,9,8,0.7319411039352417,5620,0.7608540925266903,0.23914590747330966,16,100,0.16
10b17936-3938-2467-88ba-ba5fe2debf14,scene0068_01-scene0068_00-scene0068_05-scene0068_03-scene0068_02,2,10b17936-3938-2467-88ba-ba5fe2debf14/scene0068_01-scene0068_00-scene0068_05-scene0068_03-scene0068_02/T2,6,17,30,0.9365729093551636,5741,0.9568019508796377,0.04319804912036229,16,100,0.16
10b17936-3938-2467-88ba-ba5fe2debf14,scene0068_01-scene0068_00-scene0068_05-scene0068_03-scene0068_02,2,10b17936-3938-2467-88ba-ba5fe2debf14/scene0068_01-scene0068_00-scene0068_05-scene0068_03-scene0068_02/T2,6,23,24,0.7629438638687134,4242,0.9066478076379066,0.09335219236209336,16,100,0.16
10b17936-3938-2467-88ba-ba5fe2debf14,scene0068_01-scene0068_00-scene0068_05-scene0068_03-scene0068_02,2,10b17936-3938-2467-88ba-ba5fe2debf14/scene0068_01-scene0068_00-scene0068_05-scene0068_03-scene0068_02/T2,6,49,5,0.9823772311210632,5313,0.9862601166948993,0.013739883305100675,16,100,0.16
10b17936-3938-2467-88ba-ba5fe2debf14,scene0068_01-scene0068_00-scene0068_05-scene0068_03-scene0068_02,2,10b17936-3938-2467-88ba-ba5fe2debf14/scene0068_01-scene0068_00-scene0068_05-scene0068_03-scene0068_02/T2,6,51,15,0.4906661808490753,6699,0.8278847589192416,0.17211524108075837,16,100,0.16
10b17936-3938-2467-88ba-ba5fe2debf14,scene0068_01-scene0068_00-scene0068_05-scene0068_03-scene0068_02,2,10b17936-3938-2467-88ba-ba5fe2debf14/scene0068_01-scene0068_00-scene0068_05-scene0068_03-scene0068_02/T2,6,58,17,0.5337126851081848,3396,0.9113663133097762,0.08863368669022376,16,100,0.16
10b17936-3938-2467-88ba-ba5fe2debf14,scene0068_01-scene0068_00-scene0068_05-scene0068_03-scene0068_02,2,10b17936-3938-2467-88ba-ba5fe2debf14/scene0068_01-scene0068_00-scene0068_05-scene0068_03-scene0068_02/T2,6,63,7,0.7972116470336914,705,0.8921985815602836,0.10780141843971636,16,100,0.16
10b17936-3938-2467-88ba-ba5fe2debf14,scene0068_01-scene0068_00-scene0068_05-scene0068_03-scene0068_02,2,10b17936-3938-2467-88ba-ba5fe2debf14/scene0068_01-scene0068_00-scene0068_05-scene0068_03-scene0068_02/T2,6,77,28,0.8281689882278442,336,0.875,0.125,16,100,0.16
10b17936-3938-2467-88ba-ba5fe2debf14,scene0068_01-scene0068_00-scene0068_05-scene0068_03-scene0068_02,2,10b17936-3938-2467-88ba-ba5fe2debf14/scene0068_01-scene0068_00-scene0068_05-scene0068_03-scene0068_02/T2,6,83,9,0.7372004985809326,3037,0.9624629568653277,0.03753704313467232,16,100,0.16
10b17936-3938-2467-88ba-ba5fe2debf14,scene0068_01-scene0068_00-scene0068_05-scene0068_03-scene0068_02,2,10b17936-3938-2467-88ba-ba5fe2debf14/scene0068_01-scene0068_00-scene0068_05-scene0068_03-scene0068_02/T2,6,90,21,0.9099542498588562,2731,0.9472720615159282,0.05272793848407176,16,100,0.16
10b17936-3938-2467-88ba-ba5fe2debf14,scene0068_01-scene0068_00-scene0068_05-scene0068_03-scene0068_02,2,10b17936-3938-2467-88ba-ba5fe2debf14/scene0068_01-scene0068_00-scene0068_05-scene0068_03-scene0068_02/T2,7,1,31,1.0,69,1.0,0.0,9,100,0.09
10b17936-3938-2467-88ba-ba5fe2debf14,scene0068_01-scene0068_00-scene0068_05-scene0068_03-scene0068_02,2,10b17936-3938-2467-88ba-ba5fe2debf14/scene0068_01-scene0068_00-scene0068_05-scene0068_03-scene0068_02/T2,7,2,42,0.3919163942337036,3738,0.9831460674157303,0.016853932584269704,9,100,0.09
10b17936-3938-2467-88ba-ba5fe2debf14,scene0068_01-scene0068_00-scene0068_05-scene0068_03-scene0068_02,2,10b17936-3938-2467-88ba-ba5fe2debf14/scene0068_01-scene0068_00-scene0068_05-scene0068_03-scene0068_02/T2,7,9,8,0.6280935406684875,5620,0.6548042704626335,0.34519572953736655,9,100,0.09
10b17936-3938-2467-88ba-ba5fe2debf14,scene0068_01-scene0068_00-scene0068_05-scene0068_03-scene0068_02,2,10b17936-3938-2467-88ba-ba5fe2debf14/scene0068_01-scene0068_00-scene0068_05-scene0068_03-scene0068_02/T2,7,21,17,0.5345479249954224,3396,0.9157832744405182,0.08421672555948179,9,100,0.09
10b17936-3938-2467-88ba-ba5fe2debf14,scene0068_01-scene0068_00-scene0068_05-scene0068_03-scene0068_02,2,10b17936-3938-2467-88ba-ba5fe2debf14/scene0068_01-scene0068_00-scene0068_05-scene0068_03-scene0068_02/T2,7,23,24,0.780082106590271,4242,0.8955681282413955,0.10443187175860447,9,100,0.09
10b17936-3938-2467-88ba-ba5fe2debf14,scene0068_01-scene0068_00-scene0068_05-scene0068_03-scene0068_02,2,10b17936-3938-2467-88ba-ba5fe2debf14/scene0068_01-scene0068_00-scene0068_05-scene0068_03-scene0068_02/T2,7,27,21,0.928260862827301,2731,0.9381179055291102,0.06188209447088977,9,100,0.09
10b17936-3938-2467-88ba-ba5fe2debf14,scene0068_01-scene0068_00-scene0068_05-scene0068_03-scene0068_02,2,10b17936-3938-2467-88ba-ba5fe2debf14/scene0068_01-scene0068_00-scene0068_05-scene0068_03-scene0068_02/T2,7,34,5,0.9823772311210632,5313,0.9862601166948993,0.013739883305100675,9,100,0.09
10b17936-3938-2467-88ba-ba5fe2debf14,scene0068_01-scene0068_00-scene0068_05-scene0068_03-scene0068_02,2,10b17936-3938-2467-88ba-ba5fe2debf14/scene0068_01-scene0068_00-scene0068_05-scene0068_03-scene0068_02/T2,7,44,30,0.9114912152290344,5741,0.9561052081518899,0.04389479184811007,9,100,0.09
10b17936-3938-2467-88ba-ba5fe2debf14,scene0068_01-scene0068_00-scene0068_05-scene0068_03-scene0068_02,2,10b17936-3938-2467-88ba-ba5fe2debf14/scene0068_01-scene0068_00-scene0068_05-scene0068_03-scene0068_02/T2,7,51,15,0.5209845304489136,6699,0.7931034482758621,0.2068965517241379,9,100,0.09
10b17936-3938-2467-88ba-ba5fe2debf14,scene0068_01-scene0068_00-scene0068_05-scene0068_03-scene0068_02,2,10b17936-3938-2467-88ba-ba5fe2debf14/scene0068_01-scene0068_00-scene0068_05-scene0068_03-scene0068_02/T2,7,63,7,0.7972116470336914,705,0.8921985815602836,0.10780141843971636,9,100,0.09
10b17936-3938-2467-88ba-ba5fe2debf14,scene0068_01-scene0068_00-scene0068_05-scene0068_03-scene0068_02,2,10b17936-3938-2467-88ba-ba5fe2debf14/scene0068_01-scene0068_00-scene0068_05-scene0068_03-scene0068_02/T2,7,71,16,0.761904776096344,512,1.0,0.0,9,100,0.09
10b17936-3938-2467-88ba-ba5fe2debf14,scene0068_01-scene0068_00-scene0068_05-scene0068_03-scene0068_02,2,10b17936-3938-2467-88ba-ba5fe2debf14/scene0068_01-scene0068_00-scene0068_05-scene0068_03-scene0068_02/T2,7,77,28,0.8281689882278442,336,0.875,0.125,9,100,0.09
10b17936-3938-2467-88ba-ba5fe2debf14,scene0068_01-scene0068_00-scene0068_05-scene0068_03-scene0068_02,2,10b17936-3938-2467-88ba-ba5fe2debf14/scene0068_01-scene0068_00-scene0068_05-scene0068_03-scene0068_02/T2,7,79,9,0.7209696769714355,3037,0.9792558445834705,0.02074415541652952,9,100,0.09
10b17936-3938-2467-88ba-ba5fe2debf14,scene0068_01-scene0068_00-scene0068_05-scene0068_03-scene0068_02,2,10b17936-3938-2467-88ba-ba5fe2debf14/scene0068_01-scene0068_00-scene0068_05-scene0068_03-scene0068_02/T2,8,1,31,1.0,69,1.0,0.0,13,100,0.13
10b17936-3938-2467-88ba-ba5fe2debf14,scene0068_01-scene0068_00-scene0068_05-scene0068_03-scene0068_02,2,10b17936-3938-2467-88ba-ba5fe2debf14/scene0068_01-scene0068_00-scene0068_05-scene0068_03-scene0068_02/T2,8,2,42,0.37203457951545715,3738,0.9901016586409845,0.009898341359015461,13,100,0.13
10b17936-3938-2467-88ba-ba5fe2debf14,scene0068_01-scene0068_00-scene0068_05-scene0068_03-scene0068_02,2,10b17936-3938-2467-88ba-ba5fe2debf14/scene0068_01-scene0068_00-scene0068_05-scene0068_03-scene0068_02/T2,8,4,16,0.761904776096344,512,1.0,0.0,13,100,0.13
10b17936-3938-2467-88ba-ba5fe2debf14,scene0068_01-scene0068_00-scene0068_05-scene0068_03-scene0068_02,2,10b17936-3938-2467-88ba-ba5fe2debf14/scene0068_01-scene0068_00-scene0068_05-scene0068_03-scene0068_02/T2,8,9,8,0.7430500984191895,5620,0.8418149466192171,0.15818505338078293,13,100,0.13
10b17936-3938-2467-88ba-ba5fe2debf14,scene0068_01-scene0068_00-scene0068_05-scene0068_03-scene0068_02,2,10b17936-3938-2467-88ba-ba5fe2debf14/scene0068_01-scene0068_00-scene0068_05-scene0068_03-scene0068_02/T2,8,10,21,0.9082211256027222,2731,0.938484071768583,0.06151592823141705,13,100,0.13
10b17936-3938-2467-88ba-ba5fe2debf14,scene0068_01-scene0068_00-scene0068_05-scene0068_03-scene0068_02,2,10b17936-3938-2467-88ba-ba5fe2debf14/scene0068_01-scene0068_00-scene0068_05-scene0068_03-scene0068_02/T2,8,18,9,0.7187194228172302,3037,0.9683898584129075,0.03161014158709252,13,100,0.13
10b17936-3938-2467-88ba-ba5fe2debf14,scene0068_01-scene0068_00-scene0068_05-scene0068_03-scene0068_02,2,10b17936-3938-2467-88ba-ba5fe2debf14/scene0068_01-scene0068_00-scene0068_05-scene0068_03-scene0068_02/T2,8,21,17,0.5620796084403992,3396,0.9104829210836278,0.08951707891637217,13,100,0.13
10b17936-3938-2467-88ba-ba5fe2debf14,scene0068_01-scene0068_00-scene0068_05-scene0068_03-scene0068_02,2,10b17936-3938-2467-88ba-ba5fe2debf14/scene0068_01-scene0068_00-scene0068_05-scene0068_03-scene0068_02/T2,8,23,24,0.7597787380218506,4242,0.9066478076379066,0.09335219236209336,13,100,0.13
10b17936-3938-2467-88ba-ba5fe2debf14,scene0068_01-scene0068_00-scene0068_05-scene0068_03-scene0068_02,2,10b17936-3938-2467-88ba-ba5fe2debf14/scene0068_01-scene0068_00-scene0068_05-scene0068_03-scene0068_02/T2,8,35,7,0.7892095446586609,705,0.8921985815602836,0.10780141843971636,13,100,0.13
10b17936-3938-2467-88ba-ba5fe2debf14,scene0068_01-scene0068_00-scene0068_05-scene0068_03-scene0068_02,2,10b17936-3938-2467-88ba-ba5fe2debf14/scene0068_01-scene0068_00-scene0068_05-scene0068_03-scene0068_02/T2,8,44,30,0.9365295767784119,5741,0.9561052081518899,0.04389479184811007,13,100,0.13
10b17936-3938-2467-88ba-ba5fe2debf14,scene0068_01-scene0068_00-scene0068_05-scene0068_03-scene0068_02,2,10b17936-3938-2467-88ba-ba5fe2debf14/scene0068_01-scene0068_00-scene0068_05-scene0068_03-scene0068_02/T2,8,51,15,0.5519298315048218,6699,0.9392446633825944,0.06075533661740562,13,100,0.13
10b17936-3938-2467-88ba-ba5fe2debf14,scene0068_01-scene0068_00-scene0068_05-scene0068_03-scene0068_02,2,10b17936-3938-2467-88ba-ba5fe2debf14/scene0068_01-scene0068_00-scene0068_05-scene0068_03-scene0068_02/T2,8,52,5,0.9786236882209778,5313,0.9823075475249389,0.017692452475061127,13,100,0.13
10b17936-3938-2467-88ba-ba5fe2debf14,scene0068_01-scene0068_00-scene0068_05-scene0068_03-scene0068_02,2,10b17936-3938-2467-88ba-ba5fe2debf14/scene0068_01-scene0068_00-scene0068_05-scene0068_03-scene0068_02/T2,8,81,28,0.8795518279075623,336,0.9345238095238095,0.06547619047619047,13,100,0.13
10b17936-3938-2467-88ba-ba5fe2debf14,scene0068_01-scene0068_00-scene0068_05-scene0068_03-scene0068_02,2,10b17936-3938-2467-88ba-ba5fe2debf14/scene0068_01-scene0068_00-scene0068_05-scene0068_03-scene0068_02/T2,9,0,24,0.7938982844352722,4242,0.8281471004243282,0.17185289957567185,10,100,0.1
10b17936-3938-2467-88ba-ba5fe2debf14,scene0068_01-scene0068_00-scene0068_05-scene0068_03-scene0068_02,2,10b17936-3938-2467-88ba-ba5fe2debf14/scene0068_01-scene0068_00-scene0068_05-scene0068_03-scene0068_02/T2,9,1,31,1.0,69,1.0,0.0,10,100,0.1
10b17936-3938-2467-88ba-ba5fe2debf14,scene0068_01-scene0068_00-scene0068_05-scene0068_03-scene0068_02,2,10b17936-3938-2467-88ba-ba5fe2debf14/scene0068_01-scene0068_00-scene0068_05-scene0068_03-scene0068_02/T2,9,2,15,0.5800502896308899,6699,0.9296909986565159,0.07030900134348406,10,100,0.1
10b17936-3938-2467-88ba-ba5fe2debf14,scene0068_01-scene0068_00-scene0068_05-scene0068_03-scene0068_02,2,10b17936-3938-2467-88ba-ba5fe2debf14/scene0068_01-scene0068_00-scene0068_05-scene0068_03-scene0068_02/T2,9,4,16,0.761904776096344,512,1.0,0.0,10,100,0.1
10b17936-3938-2467-88ba-ba5fe2debf14,scene0068_01-scene0068_00-scene0068_05-scene0068_03-scene0068_02,2,10b17936-3938-2467-88ba-ba5fe2debf14/scene0068_01-scene0068_00-scene0068_05-scene0068_03-scene0068_02/T2,9,13,9,0.7619420289993286,3037,0.9611458676325321,0.03885413236746793,10,100,0.1
10b17936-3938-2467-88ba-ba5fe2debf14,scene0068_01-scene0068_00-scene0068_05-scene0068_03-scene0068_02,2,10b17936-3938-2467-88ba-ba5fe2debf14/scene0068_01-scene0068_00-scene0068_05-scene0068_03-scene0068_02/T2,9,35,7,0.7982233762741089,705,0.8921985815602836,0.10780141843971636,10,100,0.1
10b17936-3938-2467-88ba-ba5fe2debf14,scene0068_01-scene0068_00-scene0068_05-scene0068_03-scene0068_02,2,10b17936-3938-2467-88ba-ba5fe2debf14/scene0068_01-scene0068_00-scene0068_05-scene0068_03-scene0068_02/T2,9,39,21,0.9078667759895325,2731,0.9381179055291102,0.06188209447088977,10,100,0.1
10b17936-3938-2467-88ba-ba5fe2debf14,scene0068_01-scene0068_00-scene0068_05-scene0068_03-scene0068_02,2,10b17936-3938-2467-88ba-ba5fe2debf14/scene0068_01-scene0068_00-scene0068_05-scene0068_03-scene0068_02/T2,9,44,30,0.93431156873703,5741,0.9538407942867096,0.04615920571329035,10,100,0.1
10b17936-3938-2467-88ba-ba5fe2debf14,scene0068_01-scene0068_00-scene0068_05-scene0068_03-scene0068_02,2,10b17936-3938-2467-88ba-ba5fe2debf14/scene0068_01-scene0068_00-scene0068_05-scene0068_03-scene0068_02/T2,9,51,42,0.3171107769012451,3738,0.9901016586409845,0.009898341359015461,10,100,0.1
10b17936-3938-2467-88ba-ba5fe2debf14,scene0068_01-scene0068_00-scene0068_05-scene0068_03-scene0068_02,2,10b17936-3938-2467-88ba-ba5fe2debf14/scene0068_01-scene0068_00-scene0068_05-scene0068_03-scene0068_02/T2,9,52,5,0.9786236882209778,5313,0.9823075475249389,0.017692452475061127,10,100,0.1
10b17936-3938-2467-88ba-ba5fe2debf14,scene0068_01-scene0068_00-scene0068_05-scene0068_03-scene0068_02,2,10b17936-3938-2467-88ba-ba5fe2debf14/scene0068_01-scene0068_00-scene0068_05-scene0068_03-scene0068_02/T2,9,56,17,0.5644413828849792,3396,0.96849234393404,0.031507656065959955,10,100,0.1
10b17936-3938-2467-88ba-ba5fe2debf14,scene0068_01-scene0068_00-scene0068_05-scene0068_03-scene0068_02,2,10b17936-3938-2467-88ba-ba5fe2debf14/scene0068_01-scene0068_00-scene0068_05-scene0068_03-scene0068_02/T2,9,65,8,0.7292114496231079,5620,0.7848754448398576,0.2151245551601424,10,100,0.1
10b17936-3938-2467-88ba-ba5fe2debf14,scene0068_01-scene0068_00-scene0068_05-scene0068_03-scene0068_02,2,10b17936-3938-2467-88ba-ba5fe2debf14/scene0068_01-scene0068_00-scene0068_05-scene0068_03-scene0068_02/T2,9,77,28,0.8281689882278442,336,0.875,0.125,10,100,0.1
10b17936-3938-2467-88ba-ba5fe2debf14,scene0068_01-scene0068_00-scene0068_05-scene0068_03-scene0068_02,2,10b17936-3938-2467-88ba-ba5fe2debf14/scene0068_01-scene0068_00-scene0068_05-scene0068_03-scene0068_02/T2,10,2,42,0.36925071477890015,3738,0.9901016586409845,0.009898341359015461,13,100,0.13
10b17936-3938-2467-88ba-ba5fe2debf14,scene0068_01-scene0068_00-scene0068_05-scene0068_03-scene0068_02,2,10b17936-3938-2467-88ba-ba5fe2debf14/scene0068_01-scene0068_00-scene0068_05-scene0068_03-scene0068_02/T2,10,4,16,0.761904776096344,512,1.0,0.0,13,100,0.13
10b17936-3938-2467-88ba-ba5fe2debf14,scene0068_01-scene0068_00-scene0068_05-scene0068_03-scene0068_02,2,10b17936-3938-2467-88ba-ba5fe2debf14/scene0068_01-scene0068_00-scene0068_05-scene0068_03-scene0068_02/T2,10,9,8,0.6201404333114624,5620,0.6443060498220641,0.3556939501779359,13,100,0.13
10b17936-3938-2467-88ba-ba5fe2debf14,scene0068_01-scene0068_00-scene0068_05-scene0068_03-scene0068_02,2,10b17936-3938-2467-88ba-ba5fe2debf14/scene0068_01-scene0068_00-scene0068_05-scene0068_03-scene0068_02/T2,10,12,17,0.49242669343948364,3396,0.8998822143698468,0.10011778563015317,13,100,0.13
10b17936-3938-2467-88ba-ba5fe2debf14,scene0068_01-scene0068_00-scene0068_05-scene0068_03-scene0068_02,2,10b17936-3938-2467-88ba-ba5fe2debf14/scene0068_01-scene0068_00-scene0068_05-scene0068_03-scene0068_02/T2,10,20,5,0.9823772311210632,5313,0.9862601166948993,0.013739883305100675,13,100,0.13
10b17936-3938-2467-88ba-ba5fe2debf14,scene0068_01-scene0068_00-scene0068_05-scene0068_03-scene0068_02,2,10b17936-3938-2467-88ba-ba5fe2debf14/scene0068_01-scene0068_00-scene0068_05-scene0068_03-scene0068_02/T2,10,23,24,0.7657675743103027,4242,0.9101838755304101,0.08981612446958986,13,100,0.13
10b17936-3938-2467-88ba-ba5fe2debf14,scene0068_01-scene0068_00-scene0068_05-scene0068_03-scene0068_02,2,10b17936-3938-2467-88ba-ba5fe2debf14/scene0068_01-scene0068_00-scene0068_05-scene0068_03-scene0068_02/T2,10,33,21,0.916725754737854,2731,0.9472720615159282,0.05272793848407176,13,100,0.13
10b17936-3938-2467-88ba-ba5fe2debf14,scene0068_01-scene0068_00-scene0068_05-scene0068_03-scene0068_02,2,10b17936-3938-2467-88ba-ba5fe2debf14/scene0068_01-scene0068_00-scene0068_05-scene0068_03-scene0068_02/T2,10,44,30,0.9121554493904114,5741,0.9568019508796377,0.04319804912036229,13,100,0.13
10b17936-3938-2467-88ba-ba5fe2debf14,scene0068_01-scene0068_00-scene0068_05-scene0068_03-scene0068_02,2,10b17936-3938-2467-88ba-ba5fe2debf14/scene0068_01-scene0068_00-scene0068_05-scene0068_03-scene0068_02/T2,10,47,31,1.0,69,1.0,0.0,13,100,0.13
10b17936-3938-2467-88ba-ba5fe2debf14,scene0068_01-scene0068_00-scene0068_05-scene0068_03-scene0068_02,2,10b17936-3938-2467-88ba-ba5fe2debf14/scene0068_01-scene0068_00-scene0068_05-scene0068_03-scene0068_02/T2,10,51,15,0.5506861209869385,6699,0.9284967905657561,0.07150320943424393,13,100,0.13
10b17936-3938-2467-88ba-ba5fe2debf14,scene0068_01-scene0068_00-scene0068_05-scene0068_03-scene0068_02,2,10b17936-3938-2467-88ba-ba5fe2debf14/scene0068_01-scene0068_00-scene0068_05-scene0068_03-scene0068_02/T2,10,63,7,0.7972116470336914,705,0.8921985815602836,0.10780141843971636,13,100,0.13
10b17936-3938-2467-88ba-ba5fe2debf14,scene0068_01-scene0068_00-scene0068_05-scene0068_03-scene0068_02,2,10b17936-3938-2467-88ba-ba5fe2debf14/scene0068_01-scene0068_00-scene0068_05-scene0068_03-scene0068_02/T2,10,77,28,0.8281689882278442,336,0.875,0.125,13,100,0.13
10b17936-3938-2467-88ba-ba5fe2debf14,scene0068_01-scene0068_00-scene0068_05-scene0068_03-scene0068_02,2,10b17936-3938-2467-88ba-ba5fe2debf14/scene0068_01-scene0068_00-scene0068_05-scene0068_03-scene0068_02/T2,10,83,9,0.7372004985809326,3037,0.9624629568653277,0.03753704313467232,13,100,0.13
10b17936-3938-2467-88ba-ba5fe2debf14,scene0068_01-scene0068_00-scene0068_05-scene0068_03-scene0068_02,2,10b17936-3938-2467-88ba-ba5fe2debf14/scene0068_01-scene0068_00-scene0068_05-scene0068_03-scene0068_02/T2,11,1,31,1.0,69,1.0,0.0,10,100,0.1
10b17936-3938-2467-88ba-ba5fe2debf14,scene0068_01-scene0068_00-scene0068_05-scene0068_03-scene0068_02,2,10b17936-3938-2467-88ba-ba5fe2debf14/scene0068_01-scene0068_00-scene0068_05-scene0068_03-scene0068_02/T2,11,2,42,0.3496226668357849,3738,0.7560192616372392,0.2439807383627608,10,100,0.1
10b17936-3938-2467-88ba-ba5fe2debf14,scene0068_01-scene0068_00-scene0068_05-scene0068_03-scene0068_02,2,10b17936-3938-2467-88ba-ba5fe2debf14/scene0068_01-scene0068_00-scene0068_05-scene0068_03-scene0068_02/T2,11,4,16,0.761904776096344,512,1.0,0.0,10,100,0.1
10b17936-3938-2467-88ba-ba5fe2debf14,scene0068_01-scene0068_00-scene0068_05-scene0068_03-scene0068_02,2,10b17936-3938-2467-88ba-ba5fe2debf14/scene0068_01-scene0068_00-scene0068_05-scene0068_03-scene0068_02/T2,11,21,17,0.4929529130458832,3396,0.8445229681978799,0.15547703180212014,10,100,0.1
10b17936-3938-2467-88ba-ba5fe2debf14,scene0068_01-scene0068_00-scene0068_05-scene0068_03-scene0068_02,2,10b17936-3938-2467-88ba-ba5fe2debf14/scene0068_01-scene0068_00-scene0068_05-scene0068_03-scene0068_02/T2,11,22,24,0.8262460231781006,4242,0.851956624233852,0.148043375766148,10,100,0.1
10b17936-3938-2467-88ba-ba5fe2debf14,scene0068_01-scene0068_00-scene0068_05-scene0068_03-scene0068_02,2,10b17936-3938-2467-88ba-ba5fe2debf14/scene0068_01-scene0068_00-scene0068_05-scene0068_03-scene0068_02/T2,11,33,21,0.9219883680343628,2731,0.9304284145001831,0.0695715854998169,10,100,0.1
10b17936-3938-2467-88ba-ba5fe2debf14,scene0068_01-scene0068_00-scene0068_05-scene0068_03-scene0068_02,2,10b17936-3938-2467-88ba-ba5fe2debf14/scene0068_01-scene0068_00-scene0068_05-scene0068_03-scene0068_02/T2,11,34,5,0.9823772311210632,5313,0.9862601166948993,0.013739883305100675,10,100,0.1
10b17936-3938-2467-88ba-ba5fe2debf14,scene0068_01-scene0068_00-scene0068_05-scene0068_03-scene0068_02,2,10b17936-3938-2467-88ba-ba5fe2debf14/scene0068_01-scene0068_00-scene0068_05-scene0068_03-scene0068_02/T2,11,44,30,0.9283398985862732,5741,0.9477442954189166,0.05225570458108342,10,100,0.1
10b17936-3938-2467-88ba-ba5fe2debf14,scene0068_01-scene0068_00-scene0068_05-scene0068_03-scene0068_02,2,10b17936-3938-2467-88ba-ba5fe2debf14/scene0068_01-scene0068_00-scene0068_05-scene0068_03-scene0068_02/T2,11,51,15,0.5507413744926453,6699,0.8538587848932676,0.1461412151067324,10,100,0.1
10b17936-3938-2467-88ba-ba5fe2debf14,scene0068_01-scene0068_00-scene0068_05-scene0068_03-scene0068_02,2,10b17936-3938-2467-88ba-ba5fe2debf14/scene0068_01-scene0068_00-scene0068_05-scene0068_03-scene0068_02/T2,11,63,7,0.709932267665863,705,0.8921985815602836,0.10780141843971636,10,100,0.1
10b17936-3938-2467-88ba-ba5fe2debf14,scene0068_01-scene0068_00-scene0068_05-scene0068_03-scene0068_02,2,10b17936-3938-2467-88ba-ba5fe2debf14/scene0068_01-scene0068_00-scene0068_05-scene0068_03-scene0068_02/T2,11,65,8,0.4815005958080292,5620,0.497864768683274,0.502135231316726,10,100,0.1
10b17936-3938-2467-88ba-ba5fe2debf14,scene0068_01-scene0068_00-scene0068_05-scene0068_03-scene0068_02,2,10b17936-3938-2467-88ba-ba5fe2debf14/scene0068_01-scene0068_00-scene0068_05-scene0068_03-scene0068_02/T2,11,77,28,0.8281689882278442,336,0.875,0.125,10,100,0.1
10b17936-3938-2467-88ba-ba5fe2debf14,scene0068_01-scene0068_00-scene0068_05-scene0068_03-scene0068_02,2,10b17936-3938-2467-88ba-ba5fe2debf14/scene0068_01-scene0068_00-scene0068_05-scene0068_03-scene0068_02/T2,11,79,9,0.7226386666297913,3037,0.9522555153111624,0.04774448468883763,10,100,0.1
10b17936-3938-2467-88ba-ba5fe2debf14,scene0068_01-scene0068_00-scene0068_05-scene0068_03-scene0068_02,3,10b17936-3938-2467-88ba-ba5fe2debf14/scene0068_01-scene0068_00-scene0068_05-scene0068_03-scene0068_02/T3,0,0,5,0.0,8108,0.0,1.0,0,100,0.0
10b17936-3938-2467-88ba-ba5fe2debf14,scene0068_01-scene0068_00-scene0068_05-scene0068_03-scene0068_02,3,10b17936-3938-2467-88ba-ba5fe2debf14/scene0068_01-scene0068_00-scene0068_05-scene0068_03-scene0068_02/T3,0,1,7,0.027574563398957253,1020,0.09607843137254903,0.903921568627451,0,100,0.0
10b17936-3938-2467-88ba-ba5fe2debf14,scene0068_01-scene0068_00-scene0068_05-scene0068_03-scene0068_02,3,10b17936-3938-2467-88ba-ba5fe2debf14/scene0068_01-scene0068_00-scene0068_05-scene0068_03-scene0068_02/T3,0,2,8,0.0,8447,0.0,1.0,0,100,0.0
10b17936-3938-2467-88ba-ba5fe2debf14,scene0068_01-scene0068_00-scene0068_05-scene0068_03-scene0068_02,3,10b17936-3938-2467-88ba-ba5fe2debf14/scene0068_01-scene0068_00-scene0068_05-scene0068_03-scene0068_02/T3,0,3,9,0.0,3419,0.0,1.0,0,100,0.0
10b17936-3938-2467-88ba-ba5fe2debf14,scene0068_01-scene0068_00-scene0068_05-scene0068_03-scene0068_02,3,10b17936-3938-2467-88ba-ba5fe2debf14/scene0068_01-scene0068_00-scene0068_05-scene0068_03-scene0068_02/T3,0,4,15,0.0,14977,0.0,1.0,0,100,0.0
10b17936-3938-2467-88ba-ba5fe2debf14,scene0068_01-scene0068_00-scene0068_05-scene0068_03-scene0068_02,3,10b17936-3938-2467-88ba-ba5fe2debf14/scene0068_01-scene0068_00-scene0068_05-scene0068_03-scene0068_02/T3,0,5,16,0.0,504,0.0,1.0,0,100,0.0
10b17936-3938-2467-88ba-ba5fe2debf14,scene0068_01-scene0068_00-scene0068_05-scene0068_03-scene0068_02,3,10b17936-3938-2467-88ba-ba5fe2debf14/scene0068_01-scene0068_00-scene0068_05-scene0068_03-scene0068_02/T3,0,6,17,0.0,5460,0.0,1.0,0,100,0.0
10b17936-3938-2467-88ba-ba5fe2debf14,scene0068_01-scene0068_00-scene0068_05-scene0068_03-scene0068_02,3,10b17936-3938-2467-88ba-ba5fe2debf14/scene0068_01-scene0068_00-scene0068_05-scene0068_03-scene0068_02/T3,0,7,21,0.40534520149230957,4309,0.46460895799489443,0.5353910420051056,0,100,0.0
10b17936-3938-2467-88ba-ba5fe2debf14,scene0068_01-scene0068_00-scene0068_05-scene0068_03-scene0068_02,3,10b17936-3938-2467-88ba-ba5fe2debf14/scene0068_01-scene0068_00-scene0068_05-scene0068_03-scene0068_02/T3,0,8,24,0.0,6352,0.0,1.0,0,100,0.0
10b17936-3938-2467-88ba-ba5fe2debf14,scene0068_01-scene0068_00-scene0068_05-scene0068_03-scene0068_02,3,10b17936-3938-2467-88ba-ba5fe2debf14/scene0068_01-scene0068_00-scene0068_05-scene0068_03-scene0068_02/T3,0,9,28,0.09860627353191376,521,0.5431861804222649,0.45681381957773515,0,100,0.0
10b17936-3938-2467-88ba-ba5fe2debf14,scene0068_01-scene0068_00-scene0068_05-scene0068_03-scene0068_02,3,10b17936-3938-2467-88ba-ba5fe2debf14/scene0068_01-scene0068_00-scene0068_05-scene0068_03-scene0068_02/T3,0,10,30,0.0,6586,0.0,1.0,0,100,0.0
10b17936-3938-2467-88ba-ba5fe2debf14,scene0068_01-scene0068_00-scene0068_05-scene0068_03-scene0068_02,3,10b17936-3938-2467-88ba-ba5fe2debf14/scene0068_01-scene0068_00-scene0068_05-scene0068_03-scene0068_02/T3,0,11,31,0.09460486471652985,249,1.0,0.0,0,100,0.0
10b17936-3938-2467-88ba-ba5fe2debf14,scene0068_01-scene0068_00-scene0068_05-scene0068_03-scene0068_02,3,10b17936-3938-2467-88ba-ba5fe2debf14/scene0068_01-scene0068_00-scene0068_05-scene0068_03-scene0068_02/T3,0,12,42,0.0,3756,0.0,1.0,0,100,0.0
10b17936-3938-2467-88ba-ba5fe2debf14,scene0068_01-scene0068_00-scene0068_05-scene0068_03-scene0068_02,3,10b17936-3938-2467-88ba-ba5fe2debf14/scene0068_01-scene0068_00-scene0068_05-scene0068_03-scene0068_02/T3,1,0,16,0.4057970941066742,504,1.0,0.0,5,100,0.05
10b17936-3938-2467-88ba-ba5fe2debf14,scene0068_01-scene0068_00-scene0068_05-scene0068_03-scene0068_02,3,10b17936-3938-2467-88ba-ba5fe2debf14/scene0068_01-scene0068_00-scene0068_05-scene0068_03-scene0068_02/T3,1,4,30,0.8558031916618347,6586,0.9561190403887033,0.04388095961129668,5,100,0.05
10b17936-3938-2467-88ba-ba5fe2debf14,scene0068_01-scene0068_00-scene0068_05-scene0068_03-scene0068_02,3,10b17936-3938-2467-88ba-ba5fe2debf14/scene0068_01-scene0068_00-scene0068_05-scene0068_03-scene0068_02/T3,1,10,31,0.9054545164108276,249,1.0,0.0,5,100,0.05
10b17936-3938-2467-88ba-ba5fe2debf14,scene0068_01-scene0068_00-scene0068_05-scene0068_03-scene0068_02,3,10b17936-3938-2467-88ba-ba5fe2debf14/scene0068_01-scene0068_00-scene0068_05-scene0068_03-scene0068_02/T3,1,12,5,0.9081533551216125,8108,0.9231623088307844,0.07683769116921557,5,100,0.05
10b17936-3938-2467-88ba-ba5fe2debf14,scene0068_01-scene0068_00-scene0068_05-scene0068_03-scene0068_02,3,10b17936-3938-2467-88ba-ba5fe2debf14/scene0068_01-scene0068_00-scene0068_05-scene0068_03-scene0068_02/T3,1,17,24,0.7498325109481812,6352,0.8809823677581864,0.11901763224181361,5,100,0.05
10b17936-3938-2467-88ba-ba5fe2debf14,scene0068_01-scene0068_00-scene0068_05-scene0068_03-scene0068_02,3,10b17936-3938-2467-88ba-ba5fe2debf14/scene0068_01-scene0068_00-scene0068_05-scene0068_03-scene0068_02/T3,1,22,7,0.7353177666664124,1020,0.8960784313725491,0.10392156862745094,5,100,0.05
10b17936-3938-2467-88ba-ba5fe2debf14,scene0068_01-scene0068_00-scene0068_05-scene0068_03-scene0068_02,3,10b17936-3938-2467-88ba-ba5fe2debf14/scene0068_01-scene0068_00-scene0068_05-scene0068_03-scene0068_02/T3,1,24,15,0.7200232148170471,14977,0.9121319356346398,0.08786806436536021,5,100,0.05
10b17936-3938-2467-88ba-ba5fe2debf14,scene0068_01-scene0068_00-scene0068_05-scene0068_03-scene0068_02,3,10b17936-3938-2467-88ba-ba5fe2debf14/scene0068_01-scene0068_00-scene0068_05-scene0068_03-scene0068_02/T3,1,26,28,0.8407079577445984,521,0.9117082533589251,0.08829174664107486,5,100,0.05
10b17936-3938-2467-88ba-ba5fe2debf14,scene0068_01-scene0068_00-scene0068_05-scene0068_03-scene0068_02,3,10b17936-3938-2467-88ba-ba5fe2debf14/scene0068_01-scene0068_00-scene0068_05-scene0068_03-scene0068_02/T3,1,51,42,0.2209339290857315,3756,0.9233226837060703,0.07667731629392971,5,100,0.05
10b17936-3938-2467-88ba-ba5fe2debf14,scene0068_01-scene0068_00-scene0068_05-scene0068_03-scene0068_02,3,10b17936-3938-2467-88ba-ba5fe2debf14/scene0068_01-scene0068_00-scene0068_05-scene0068_03-scene0068_02/T3,1,52,8,0.5338232517242432,8447,0.6277968509530011,0.3722031490469989,5,100,0.05
10b17936-3938-2467-88ba-ba5fe2debf14,scene0068_01-scene0068_00-scene0068_05-scene0068_03-scene0068_02,3,10b17936-3938-2467-88ba-ba5fe2debf14/scene0068_01-scene0068_00-scene0068_05-scene0068_03-scene0068_02/T3,1,53,9,0.7036235928535461,3419,0.7610412401286926,0.23895875987130744,5,100,0.05
10b17936-3938-2467-88ba-ba5fe2debf14,scene0068_01-scene0068_00-scene0068_05-scene0068_03-scene0068_02,3,10b17936-3938-2467-88ba-ba5fe2debf14/scene0068_01-scene0068_00-scene0068_05-scene0068_03-scene0068_02/T3,1,59,17,0.43047046661376953,5460,0.7591575091575091,0.24084249084249088,5,100,0.05
10b17936-3938-2467-88ba-ba5fe2debf14,scene0068_01-scene0068_00-scene0068_05-scene0068_03-scene0068_02,3,10b17936-3938-2467-88ba-ba5fe2debf14/scene0068_01-scene0068_00-scene0068_05-scene0068_03-scene0068_02/T3,1,88,21,0.9236403703689575,4309,0.9656532838245533,0.03434671617544671,5,100,0.05
10b17936-3938-2467-88ba-ba5fe2debf14,scene0068_01-scene0068_00-scene0068_05-scene0068_03-scene0068_02,3,10b17936-3938-2467-88ba-ba5fe2debf14/scene0068_01-scene0068_00-scene0068_05-scene0068_03-scene0068_02/T3,2,0,31,0.9054545164108276,249,1.0,0.0,2,100,0.02
10b17936-3938-2467-88ba-ba5fe2debf14,scene0068_01-scene0068_00-scene0068_05-scene0068_03-scene0068_02,3,10b17936-3938-2467-88ba-ba5fe2debf14/scene0068_01-scene0068_00-scene0068_05-scene0068_03-scene0068_02/T3,2,12,5,0.9661654233932495,8108,0.9826097681302417,0.0173902318697583,2,100,0.02
10b17936-3938-2467-88ba-ba5fe2debf14,scene0068_01-scene0068_00-scene0068_05-scene0068_03-scene0068_02,3,10b17936-3938-2467-88ba-ba5fe2debf14/scene0068_01-scene0068_00-scene0068_05-scene0068_03-scene0068_02/T3,2,17,16,0.07418310642242432,504,1.0,0.0,2,100,0.02
10b17936-3938-2467-88ba-ba5fe2debf14,scene0068_01-scene0068_00-scene0068_05-scene0068_03-scene0068_02,3,10b17936-3938-2467-88ba-ba5fe2debf14/scene0068_01-scene0068_00-scene0068_05-scene0068_03-scene0068_02/T3,2,18,17,0.43167999386787415,5460,0.7412087912087912,0.25879120879120876,2,100,0.02
10b17936-3938-2467-88ba-ba5fe2debf14,scene0068_01-scene0068_00-scene0068_05-scene0068_03-scene0068_02,3,10b17936-3938-2467-88ba-ba5fe2debf14/scene0068_01-scene0068_00-scene0068_05-scene0068_03-scene0068_02/T3,2,23,30,0.9026244282722473,6586,0.9556635286972366,0.044336471302763414,2,100,0.02
10b17936-3938-2467-88ba-ba5fe2debf14,scene0068_01-scene0068_00-scene0068_05-scene0068_03-scene0068_02,3,10b17936-3938-2467-88ba-ba5fe2debf14/scene0068_01-scene0068_00-scene0068_05-scene0068_03-scene0068_02/T3,2,37,28,0.8217992782592773,521,0.9117082533589251,0.08829174664107486,2,100,0.02
10b17936-3938-2467-88ba-ba5fe2debf14,scene0068_01-scene0068_00-scene0068_05-scene0068_03-scene0068_02,3,10b17936-3938-2467-88ba-ba5fe2debf14/scene0068_01-scene0068_00-scene0068_05-scene0068_03-scene0068_02/T3,2,52,8,0.6455524563789368,8447,0.8445601988871789,0.15543980111282107,2,100,0.02
10b17936-3938-2467-88ba-ba5fe2debf14,scene0068_01-scene0068_00-scene0068_05-scene0068_03-scene0068_02,3,10b17936-3938-2467-88ba-ba5fe2debf14/scene0068_01-scene0068_00-scene0068_05-scene0068_03-scene0068_02/T3,2,53,9,0.7456836104393005,3419,0.934776250365604,0.06522374963439603,2,100,0.02
10b17936-3938-2467-88ba-ba5fe2debf14,scene0068_01-scene0068_00-scene0068_05-scene0068_03-scene0068_02,3,10b17936-3938-2467-88ba-ba5fe2debf14/scene0068_01-scene0068_00-scene0068_05-scene0068_03-scene0068_02/T3,2,65,7,0.7039711475372314,1020,0.7647058823529411,0.23529411764705888,2,100,0.02
10b17936-3938-2467-88ba-ba5fe2debf14,scene0068_01-scene0068_00-scene0068_05-scene0068_03-scene0068_02,3,10b17936-3938-2467-88ba-ba5fe2debf14/scene0068_01-scene0068_00-scene0068_05-scene0068_03-scene0068_02/T3,2,70,24,0.7574042677879333,6352,0.9058564231738035,0.09414357682619645,2,100,0.02
10b17936-3938-2467-88ba-ba5fe2debf14,scene0068_01-scene0068_00-scene0068_05-scene0068_03-scene0068_02,3,10b17936-3938-2467-88ba-ba5fe2debf14/scene0068_01-scene0068_00-scene0068_05-scene0068_03-scene0068_02/T3,2,71,42,0.25323206186294556,3756,0.7457401490947817,0.2542598509052183,2,100,0.02
10b17936-3938-2467-88ba-ba5fe2debf14,scene0068_01-scene0068_00-scene0068_05-scene0068_03-scene0068_02,3,10b17936-3938-2467-88ba-ba5fe2debf14/scene0068_01-scene0068_00-scene0068_05-scene0068_03-scene0068_02/T3,2,78,15,0.684482753276825,14977,0.8747412699472524,0.12525873005274757,2,100,0.02
10b17936-3938-2467-88ba-ba5fe2debf14,scene0068_01-scene0068_00-scene0068_05-scene0068_03-scene0068_02,3,10b17936-3938-2467-88ba-ba5fe2debf14/scene0068_01-scene0068_00-scene0068_05-scene0068_03-scene0068_02/T3,2,83,21,0.9392090439796448,4309,0.964492921791599,0.035507078208401044,2,100,0.02
10b17936-3938-2467-88ba-ba5fe2debf14,scene0068_01-scene0068_00-scene0068_05-scene0068_03-scene0068_02,3,10b17936-3938-2467-88ba-ba5fe2debf14/scene0068_01-scene0068_00-scene0068_05-scene0068_03-scene0068_02/T3,3,0,31,0.9054545164108276,249,1.0,0.0,7,100,0.07
10b17936-3938-2467-88ba-ba5fe2debf14,scene0068_01-scene0068_00-scene0068_05-scene0068_03-scene0068_02,3,10b17936-3938-2467-88ba-ba5fe2debf14/scene0068_01-scene0068_00-scene0068_05-scene0068_03-scene0068_02/T3,3,2,28,0.8377425074577332,521,0.9117082533589251,0.08829174664107486,7,100,0.07
10b17936-3938-2467-88ba-ba5fe2debf14,scene0068_01-scene0068_00-scene0068_05-scene0068_03-scene0068_02,3,10b17936-3938-2467-88ba-ba5fe2debf14/scene0068_01-scene0068_00-scene0068_05-scene0068_03-scene0068_02/T3,3,5,24,0.7975026965141296,6352,0.9250629722921915,0.07493702770780852,7,100,0.07
10b17936-3938-2467-88ba-ba5fe2debf14,scene0068_01-scene0068_00-scene0068_05-scene0068_03-scene0068_02,3,10b17936-3938-2467-88ba-ba5fe2debf14/scene0068_01-scene0068_00-scene0068_05-scene0068_03-scene0068_02/T3,3,17,16,0.6640316247940063,504,1.0,0.0,7,100,0.07
10b17936-3938-2467-88ba-ba5fe2debf14,scene0068_01-scene0068_00-scene0068_05-scene0068_03-scene0068_02,3,10b17936-3938-2467-88ba-ba5fe2debf14/scene0068_01-scene0068_00-scene0068_05-scene0068_03-scene0068_02/T3,3,18,17,0.43036386370658875,5460,0.7538461538461538,0.24615384615384617,7,100,0.07
10b17936-3938-2467-88ba-ba5fe2debf14,scene0068_01-scene0068_00-scene0068_05-scene0068_03-scene0068_02,3,10b17936-3938-2467-88ba-ba5fe2debf14/scene0068_01-scene0068_00-scene0068_05-scene0068_03-scene0068_02/T3,3,35,42,0.2632995545864105,3756,0.9896166134185304,0.010383386581469645,7,100,0.07
10b17936-3938-2467-88ba-ba5fe2debf14,scene0068_01-scene0068_00-scene0068_05-scene0068_03-scene0068_02,3,10b17936-3938-2467-88ba-ba5fe2debf14/scene0068_01-scene0068_00-scene0068_05-scene0068_03-scene0068_02/T3,3,40,5,0.9693222045898438,8108,0.9859398125308337,0.014060187469166263,7,100,0.07
10b17936-3938-2467-88ba-ba5fe2debf14,scene0068_01-scene0068_00-scene0068_05-scene0068_03-scene0068_02,3,10b17936-3938-2467-88ba-ba5fe2debf14/scene0068_01-scene0068_00-scene0068_05-scene0068_03-scene0068_02/T3,3,51,15,0.7198234796524048,14977,0.9038525739467183,0.09614742605328175,7,100,0.07
10b17936-3938-2467-88ba-ba5fe2debf14,scene0068_01-scene0068_00-scene0068_05-scene0068_03-scene0068_02,3,10b17936-3938-2467-88ba-ba5fe2debf14/scene0068_01-scene0068_00-scene0068_05-scene0068_03-scene0068_02/T3,3,80,8,0.8053157925605774,8447,0.8393512489641293,0.16064875103587073,7,100,0.07
10b17936-3938-2467-88ba-ba5fe2debf14,scene0068_01-scene0068_00-scene0068_05-scene0068_03-scene0068_02,3,10b17936-3938-2467-88ba-ba5fe2debf14/scene0068_01-scene0068_00-scene0068_05-scene0068_03-scene0068_02/T3,3,81,30,0.8923922181129456,6586,0.936835712116611,0.06316428788338901,7,100,0.07
10b17936-3938-2467-88ba-ba5fe2debf14,scene0068_01-scene0068_00-scene0068_05-scene0068_03-scene0068_02,3,10b17936-3938-2467-88ba-ba5fe2debf14/scene0068_01-scene0068_00-scene0068_05-scene0068_03-scene0068_02/T3,3,90,9,0.800477921962738,3419,0.9798186604270255,0.02018133957297452,7,100,0.07
10b17936-3938-2467-88ba-ba5fe2debf14,scene0068_01-scene0068_00-scene0068_05-scene0068_03-scene0068_02,3,10b17936-3938-2467-88ba-ba5fe2debf14/scene0068_01-scene0068_00-scene0068_05-scene0068_03-scene0068_02/T3,3,97,21,0.9397019147872925,4309,0.9656532838245533,0.03434671617544671,7,100,0.07
10b17936-3938-2467-88ba-ba5fe2debf14,scene0068_01-scene0068_00-scene0068_05-scene0068_03-scene0068_02,3,10b17936-3938-2467-88ba-ba5fe2debf14/scene0068_01-scene0068_00-scene0068_05-scene0068_03-scene0068_02/T3,3,98,7,0.8194946050643921,1020,0.8901960784313725,0.1098039215686275,7,100,0.07
10b17936-3938-2467-88ba-ba5fe2debf14,scene0068_01-scene0068_00-scene0068_05-scene0068_03-scene0068_02,3,10b17936-3938-2467-88ba-ba5fe2debf14/scene0068_01-scene0068_00-scene0068_05-scene0068_03-scene0068_02/T3,4,0,31,0.9054545164108276,249,1.0,0.0,14,100,0.14
10b17936-3938-2467-88ba-ba5fe2debf14,scene0068_01-scene0068_00-scene0068_05-scene0068_03-scene0068_02,3,10b17936-3938-2467-88ba-ba5fe2debf14/scene0068_01-scene0068_00-scene0068_05-scene0068_03-scene0068_02/T3,4,2,28,0.8377425074577332,521,0.9117082533589251,0.08829174664107486,14,100,0.14
10b17936-3938-2467-88ba-ba5fe2debf14,scene0068_01-scene0068_00-scene0068_05-scene0068_03-scene0068_02,3,10b17936-3938-2467-88ba-ba5fe2debf14/scene0068_01-scene0068_00-scene0068_05-scene0068_03-scene0068_02/T3,4,7,17,0.40494805574417114,5460,0.6924908424908425,0.3075091575091575,14,100,0.14
10b17936-3938-2467-88ba-ba5fe2debf14,scene0068_01-scene0068_00-scene0068_05-scene0068_03-scene0068_02,3,10b17936-3938-2467-88ba-ba5fe2debf14/scene0068_01-scene0068_00-scene0068_05-scene0068_03-scene0068_02/T3,4,17,16,0.6904109716415405,504,1.0,0.0,14,100,0.14
10b17936-3938-2467-88ba-ba5fe2debf14,scene0068_01-scene0068_00-scene0068_05-scene0068_03-scene0068_02,3,10b17936-3938-2467-88ba-ba5fe2debf14/scene0068_01-scene0068_00-scene0068_05-scene0068_03-scene0068_02/T3,4,51,15,0.7265209555625916,14977,0.920945449689524,0.07905455031047603,14,100,0.14
10b17936-3938-2467-88ba-ba5fe2debf14,scene0068_01-scene0068_00-scene0068_05-scene0068_03-scene0068_02,3,10b17936-3938-2467-88ba-ba5fe2debf14/scene0068_01-scene0068_00-scene0068_05-scene0068_03-scene0068_02/T3,4,53,9,0.7833333611488342,3419,0.962269669494004,0.037730330505995946,14,100,0.14
10b17936-3938-2467-88ba-ba5fe2debf14,scene0068_01-scene0068_00-scene0068_05-scene0068_03-scene0068_02,3,10b17936-3938-2467-88ba-ba5fe2debf14/scene0068_01-scene0068_00-scene0068_05-scene0068_03-scene0068_02/T3,4,59,42,0.23244620859622955,3756,0.8743343982960596,0.12566560170394037,14,100,0.14
10b17936-3938-2467-88ba-ba5fe2debf14,scene0068_01-scene0068_00-scene0068_05-scene0068_03-scene0068_02,3,10b17936-3938-2467-88ba-ba5fe2debf14/scene0068_01-scene0068_00-scene0068_05-scene0068_03-scene0068_02/T3,4,70,24,0.7798491716384888,6352,0.8627204030226701,0.13727959697732994,14,100,0.14
10b17936-3938-2467-88ba-ba5fe2debf14,scene0068_01-scene0068_00-scene0068_05-scene0068_03-scene0068_02,3,10b17936-3938-2467-88ba-ba5fe2debf14/scene0068_01-scene0068_00-scene0068_05-scene0068_03-scene0068_02/T3,4,80,8,0.8323429822921753,8447,0.9286137090091157,0.07138629099088434,14,100,0.14
10b17936-3938-2467-88ba-ba5fe2debf14,scene0068_01-scene0068_00-scene0068_05-scene0068_03-scene0068_02,3,10b17936-3938-2467-88ba-ba5fe2debf14/scene0068_01-scene0068_00-scene0068_05-scene0068_03-scene0068_02/T3,4,81,30,0.9116286039352417,6586,0.9570300637716368,0.042969936228363204,14,100,0.14
10b17936-3938-2467-88ba-ba5fe2debf14,scene0068_01-scene0068_00-scene0068_05-scene0068_03-scene0068_02,3,10b17936-3938-2467-88ba-ba5fe2debf14/scene0068_01-scene0068_00-scene0068_05-scene0068_03-scene0068_02/T3,4,88,5,0.966371476650238,8108,0.9959299457326097,0.004070054267390266,14,100,0.14
10b17936-3938-2467-88ba-ba5fe2debf14,scene0068_01-scene0068_00-scene0068_05-scene0068_03-scene0068_02,3,10b17936-3938-2467-88ba-ba5fe2debf14/scene0068_01-scene0068_00-scene0068_05-scene0068_03-scene0068_02/T3,4,94,21,0.9374011158943176,4309,0.9626363425388721,0.03736365746112791,14,100,0.14
10b17936-3938-2467-88ba-ba5fe2debf14,scene0068_01-scene0068_00-scene0068_05-scene0068_03-scene0068_02,3,10b17936-3938-2467-88ba-ba5fe2debf14/scene0068_01-scene0068_00-scene0068_05-scene0068_03-scene0068_02/T3,4,98,7,0.779891312122345,1020,0.8441176470588235,0.15588235294117647,14,100,0.14
10b17936-3938-2467-88ba-ba5fe2debf14,scene0068_01-scene0068_00-scene0068_05-scene0068_03-scene0068_02,3,10b17936-3938-2467-88ba-ba5fe2debf14/scene0068_01-scene0068_00-scene0068_05-scene0068_03-scene0068_02/T3,5,0,31,0.8145454525947571,249,0.8995983935742972,0.10040160642570284,13,100,0.13
10b17936-3938-2467-88ba-ba5fe2debf14,scene0068_01-scene0068_00-scene0068_05-scene0068_03-scene0068_02,3,10b17936-3938-2467-88ba-ba5fe2debf14/scene0068_01-scene0068_00-scene0068_05-scene0068_03-scene0068_02/T3,5,2,28,0.8407079577445984,521,0.9117082533589251,0.08829174664107486,13,100,0.13
10b17936-3938-2467-88ba-ba5fe2debf14,scene0068_01-scene0068_00-scene0068_05-scene0068_03-scene0068_02,3,10b17936-3938-2467-88ba-ba5fe2debf14/scene0068_01-scene0068_00-scene0068_05-scene0068_03-scene0068_02/T3,5,12,5,0.9716260433197021,8108,0.9882831771090281,0.011716822890971867,13,100,0.13
10b17936-3938-2467-88ba-ba5fe2debf14,scene0068_01-scene0068_00-scene0068_05-scene0068_03-scene0068_02,3,10b17936-3938-2467-88ba-ba5fe2debf14/scene0068_01-scene0068_00-scene0068_05-scene0068_03-scene0068_02/T3,5,17,16,0.7533632516860962,504,1.0,0.0,13,100,0.13
10b17936-3938-2467-88ba-ba5fe2debf14,scene0068_01-scene0068_00-scene0068_05-scene0068_03-scene0068_02,3,10b17936-3938-2467-88ba-ba5fe2debf14/scene0068_01-scene0068_00-scene0068_05-scene0068_03-scene0068_02/T3,5,21,17,0.42446044087409973,5460,0.6807692307692308,0.3192307692307692,13,100,0.13
10b17936-3938-2467-88ba-ba5fe2debf14,scene0068_01-scene0068_00-scene0068_05-scene0068_03-scene0068_02,3,10b17936-3938-2467-88ba-ba5fe2debf14/scene0068_01-scene0068_00-scene0068_05-scene0068_03-scene0068_02/T3,5,51,15,0.7217156291007996,14977,0.9459838418908993,0.054016158109100654,13,100,0.13
10b17936-3938-2467-88ba-ba5fe2debf14,scene0068_01-scene0068_00-scene0068_05-scene0068_03-scene0068_02,3,10b17936-3938-2467-88ba-ba5fe2debf14/scene0068_01-scene0068_00-scene0068_05-scene0068_03-scene0068_02/T3,5,59,42,0.2160758674144745,3756,0.7643769968051118,0.23562300319488816,13,100,0.13
10b17936-3938-2467-88ba-ba5fe2debf14,scene0068_01-scene0068_00-scene0068_05-scene0068_03-scene0068_02,3,10b17936-3938-2467-88ba-ba5fe2debf14/scene0068_01-scene0068_00-scene0068_05-scene0068_03-scene0068_02/T3,5,70,24,0.7825586199760437,6352,0.8561083123425692,0.14389168765743077,13,100,0.13
10b17936-3938-2467-88ba-ba5fe2debf14,scene0068_01-scene0068_00-scene0068_05-scene0068_03-scene0068_02,3,10b17936-3938-2467-88ba-ba5fe2debf14/scene0068_01-scene0068_00-scene0068_05-scene0068_03-scene0068_02/T3,5,80,8,0.8328567147254944,8447,0.9308630282940689,0.06913697170593114,13,100,0.13
10b17936-3938-2467-88ba-ba5fe2debf14,scene0068_01-scene0068_00-scene0068_05-scene0068_03-scene0068_02,3,10b17936-3938-2467-88ba-ba5fe2debf14/scene0068_01-scene0068_00-scene0068_05-scene0068_03-scene0068_02/T3,5,90,9,0.8136722445487976,3419,0.9643170517695232,0.035682948230476796,13,100,0.13
10b17936-3938-2467-88ba-ba5fe2debf14,scene0068_01-scene0068_00-scene0068_05-scene0068_03-scene0068_02,3,10b17936-3938-2467-88ba-ba5fe2debf14/scene0068_01-scene0068_00-scene0068_05-scene0068_03-scene0068_02/T3,5,91,30,0.9176966547966003,6586,0.9921044640145764,0.007895535985423585,13,100,0.13
10b17936-3938-2467-88ba-ba5fe2debf14,scene0068_01-scene0068_00-scene0068_05-scene0068_03-scene0068_02,3,10b17936-3938-2467-88ba-ba5fe2debf14/scene0068_01-scene0068_00-scene0068_05-scene0068_03-scene0068_02/T3,5,94,21,0.9392090439796448,4309,0.964492921791599,0.035507078208401044,13,100,0.13
10b17936-3938-2467-88ba-ba5fe2debf14,scene0068_01-scene0068_00-scene0068_05-scene0068_03-scene0068_02,3,10b17936-3938-2467-88ba-ba5fe2debf14/scene0068_01-scene0068_00-scene0068_05-scene0068_03-scene0068_02/T3,5,98,7,0.7771739363670349,1020,0.8411764705882353,0.1588235294117647,13,100,0.13
10b17936-3938-2467-88ba-ba5fe2debf14,scene0068_01-scene0068_00-scene0068_05-scene0068_03-scene0068_02,3,10b17936-3938-2467-88ba-ba5fe2debf14/scene0068_01-scene0068_00-scene0068_05-scene0068_03-scene0068_02/T3,6,0,31,0.6909090876579285,249,0.7630522088353414,0.23694779116465858,15,100,0.15
10b17936-3938-2467-88ba-ba5fe2debf14,scene0068_01-scene0068_00-scene0068_05-scene0068_03-scene0068_02,3,10b17936-3938-2467-88ba-ba5fe2debf14/scene0068_01-scene0068_00-scene0068_05-scene0068_03-scene0068_02/T3,6,2,28,0.8377425074577332,521,0.9117082533589251,0.08829174664107486,15,100,0.15
10b17936-3938-2467-88ba-ba5fe2debf14,scene0068_01-scene0068_00-scene0068_05-scene0068_03-scene0068_02,3,10b17936-3938-2467-88ba-ba5fe2debf14/scene0068_01-scene0068_00-scene0068_05-scene0068_03-scene0068_02/T3,6,17,16,0.6904109716415405,504,1.0,0.0,15,100,0.15
10b17936-3938-2467-88ba-ba5fe2debf14,scene0068_01-scene0068_00-scene0068_05-scene0068_03-scene0068_02,3,10b17936-3938-2467-88ba-ba5fe2debf14/scene0068_01-scene0068_00-scene0068_05-scene0068_03-scene0068_02/T3,6,21,17,0.4323450028896332,5460,0.7344322344322345,0.2655677655677655,15,100,0.15
10b17936-3938-2467-88ba-ba5fe2debf14,scene0068_01-scene0068_00-scene0068_05-scene0068_03-scene0068_02,3,10b17936-3938-2467-88ba-ba5fe2debf14/scene0068_01-scene0068_00-scene0068_05-scene0068_03-scene0068_02/T3,6,24,15,0.7314258813858032,14977,0.943914001468919,0.05608599853108098,15,100,0.15
10b17936-3938-2467-88ba-ba5fe2debf14,scene0068_01-scene0068_00-scene0068_05-scene0068_03-scene0068_02,3,10b17936-3938-2467-88ba-ba5fe2debf14/scene0068_01-scene0068_00-scene0068_05-scene0068_03-scene0068_02/T3,6,53,9,0.7411075830459595,3419,0.9628546358584381,0.03714536414156189,15,100,0.15
10b17936-3938-2467-88ba-ba5fe2debf14,scene0068_01-scene0068_00-scene0068_05-scene0068_03-scene0068_02,3,10b17936-3938-2467-88ba-ba5fe2debf14/scene0068_01-scene0068_00-scene0068_05-scene0068_03-scene0068_02/T3,6,59,42,0.2288365662097931,3756,0.965122470713525,0.03487752928647503,15,100,0.15
10b17936-3938-2467-88ba-ba5fe2debf14,scene0068_01-scene0068_00-scene0068_05-scene0068_03-scene0068_02,3,10b17936-3938-2467-88ba-ba5fe2debf14/scene0068_01-scene0068_00-scene0068_05-scene0068_03-scene0068_02/T3,6,62,24,0.8038020730018616,6352,0.8720088161209067,0.12799118387909325,15,100,0.15
10b17936-3938-2467-88ba-ba5fe2debf14,scene0068_01-scene0068_00-scene0068_05-scene0068_03-scene0068_02,3,10b17936-3938-2467-88ba-ba5fe2debf14/scene0068_01-scene0068_00-scene0068_05-scene0068_03-scene0068_02/T3,6,68,5,0.9693222045898438,8108,0.9859398125308337,0.014060187469166263,15,100,0.15
10b17936-3938-2467-88ba-ba5fe2debf14,scene0068_01-scene0068_00-scene0068_05-scene0068_03-scene0068_02,3,10b17936-3938-2467-88ba-ba5fe2debf14/scene0068_01-scene0068_00-scene0068_05-scene0068_03-scene0068_02/T3,6,80,8,0.8376379609107971,8447,0.9252989226944477,0.07470107730555231,15,100,0.15
10b17936-3938-2467-88ba-ba5fe2debf14,scene0068_01-scene0068_00-scene0068_05-scene0068_03-scene0068_02,3,10b17936-3938-2467-88ba-ba5fe2debf14/scene0068_01-scene0068_00-scene0068_05-scene0068_03-scene0068_02/T3,6,81,30,0.9116286039352417,6586,0.9570300637716368,0.042969936228363204,15,100,0.15
10b17936-3938-2467-88ba-ba5fe2debf14,scene0068_01-scene0068_00-scene0068_05-scene0068_03-scene0068_02,3,10b17936-3938-2467-88ba-ba5fe2debf14/scene0068_01-scene0068_00-scene0068_05-scene0068_03-scene0068_02/T3,6,94,21,0.9392090439796448,4309,0.964492921791599,0.035507078208401044,15,100,0.15
10b17936-3938-2467-88ba-ba5fe2debf14,scene0068_01-scene0068_00-scene0068_05-scene0068_03-scene0068_02,3,10b17936-3938-2467-88ba-ba5fe2debf14/scene0068_01-scene0068_00-scene0068_05-scene0068_03-scene0068_02/T3,6,98,7,0.779891312122345,1020,0.8441176470588235,0.15588235294117647,15,100,0.15
10b17936-3938-2467-88ba-ba5fe2debf14,scene0068_01-scene0068_00-scene0068_05-scene0068_03-scene0068_02,3,10b17936-3938-2467-88ba-ba5fe2debf14/scene0068_01-scene0068_00-scene0068_05-scene0068_03-scene0068_02/T3,7,0,31,0.6909090876579285,249,0.7630522088353414,0.23694779116465858,4,100,0.04
10b17936-3938-2467-88ba-ba5fe2debf14,scene0068_01-scene0068_00-scene0068_05-scene0068_03-scene0068_02,3,10b17936-3938-2467-88ba-ba5fe2debf14/scene0068_01-scene0068_00-scene0068_05-scene0068_03-scene0068_02/T3,7,2,28,0.8377425074577332,521,0.9117082533589251,0.08829174664107486,4,100,0.04
10b17936-3938-2467-88ba-ba5fe2debf14,scene0068_01-scene0068_00-scene0068_05-scene0068_03-scene0068_02,3,10b17936-3938-2467-88ba-ba5fe2debf14/scene0068_01-scene0068_00-scene0068_05-scene0068_03-scene0068_02/T3,7,17,16,0.6904109716415405,504,1.0,0.0,4,100,0.04
10b17936-3938-2467-88ba-ba5fe2debf14,scene0068_01-scene0068_00-scene0068_05-scene0068_03-scene0068_02,3,10b17936-3938-2467-88ba-ba5fe2debf14/scene0068_01-scene0068_00-scene0068_05-scene0068_03-scene0068_02/T3,7,21,17,0.44297435879707336,5460,0.791025641025641,0.208974358974359,4,100,0.04
10b17936-3938-2467-88ba-ba5fe2debf14,scene0068_01-scene0068_00-scene0068_05-scene0068_03-scene0068_02,3,10b17936-3938-2467-88ba-ba5fe2debf14/scene0068_01-scene0068_00-scene0068_05-scene0068_03-scene0068_02/T3,7,24,15,0.7106117010116577,14977,0.9648794818722041,0.03512051812779593,4,100,0.04
10b17936-3938-2467-88ba-ba5fe2debf14,scene0068_01-scene0068_00-scene0068_05-scene0068_03-scene0068_02,3,10b17936-3938-2467-88ba-ba5fe2debf14/scene0068_01-scene0068_00-scene0068_05-scene0068_03-scene0068_02/T3,7,30,21,0.9354766011238098,4309,0.9656532838245533,0.03434671617544671,4,100,0.04
10b17936-3938-2467-88ba-ba5fe2debf14,scene0068_01-scene0068_00-scene0068_05-scene0068_03-scene0068_02,3,10b17936-3938-2467-88ba-ba5fe2debf14/scene0068_01-scene0068_00-scene0068_05-scene0068_03-scene0068_02/T3,7,53,9,0.7365242838859558,3419,0.9631471190406552,0.0368528809593448,4,100,0.04
10b17936-3938-2467-88ba-ba5fe2debf14,scene0068_01-scene0068_00-scene0068_05-scene0068_03-scene0068_02,3,10b17936-3938-2467-88ba-ba5fe2debf14/scene0068_01-scene0068_00-scene0068_05-scene0068_03-scene0068_02/T3,7,59,42,0.30301445722579956,3756,0.9259850905218318,0.07401490947816824,4,100,0.04
10b17936-3938-2467-88ba-ba5fe2debf14,scene0068_01-scene0068_00-scene0068_05-scene0068_03-scene0068_02,3,10b17936-3938-2467-88ba-ba5fe2debf14/scene0068_01-scene0068_00-scene0068_05-scene0068_03-scene0068_02/T3,7,68,5,0.9719898104667664,8108,0.9886531820424272,0.011346817957572752,4,100,0.04
10b17936-3938-2467-88ba-ba5fe2debf14,scene0068_01-scene0068_00-scene0068_05-scene0068_03-scene0068_02,3,10b17936-3938-2467-88ba-ba5fe2debf14/scene0068_01-scene0068_00-scene0068_05-scene0068_03-scene0068_02/T3,7,75,24,0.8082908987998962,6352,0.9239609571788413,0.0760390428211587,4,100,0.04
10b17936-3938-2467-88ba-ba5fe2debf14,scene0068_01-scene0068_00-scene0068_05-scene0068_03-scene0068_02,3,10b17936-3938-2467-88ba-ba5fe2debf14/scene0068_01-scene0068_00-scene0068_05-scene0068_03-scene0068_02/T3,7,80,8,0.822432816028595,8447,0.93488812596188,0.06511187403812002,4,100,0.04
10b17936-3938-2467-88ba-ba5fe2debf14,scene0068_01-scene0068_00-scene0068_05-scene0068_03-scene0068_02,3,10b17936-3938-2467-88ba-ba5fe2debf14/scene0068_01-scene0068_00-scene0068_05-scene0068_03-scene0068_02/T3,7,81,30,0.9111946821212769,6586,0.9565745520801701,0.04342544791982994,4,100,0.04
10b17936-3938-2467-88ba-ba5fe2debf14,scene0068_01-scene0068_00-scene0068_05-scene0068_03-scene0068_02,3,10b17936-3938-2467-88ba-ba5fe2debf14/scene0068_01-scene0068_00-scene0068_05-scene0068_03-scene0068_02/T3,7,98,7,0.779891312122345,1020,0.8441176470588235,0.15588235294117647,4,100,0.04
10b17936-3938-2467-88ba-ba5fe2debf14,scene0068_01-scene0068_00-scene0068_05-scene0068_03-scene0068_02,3,10b17936-3938-2467-88ba-ba5fe2debf14/scene0068_01-scene0068_00-scene0068_05-scene0068_03-scene0068_02/T3,8,0,31,0.6909090876579285,249,0.7630522088353414,0.23694779116465858,11,100,0.11
10b17936-3938-2467-88ba-ba5fe2debf14,scene0068_01-scene0068_00-scene0068_05-scene0068_03-scene0068_02,3,10b17936-3938-2467-88ba-ba5fe2debf14/scene0068_01-scene0068_00-scene0068_05-scene0068_03-scene0068_02/T3,8,2,28,0.8377425074577332,521,0.9117082533589251,0.08829174664107486,11,100,0.11
10b17936-3938-2467-88ba-ba5fe2debf14,scene0068_01-scene0068_00-scene0068_05-scene0068_03-scene0068_02,3,10b17936-3938-2467-88ba-ba5fe2debf14/scene0068_01-scene0068_00-scene0068_05-scene0068_03-scene0068_02/T3,8,12,5,0.9690796732902527,8108,0.9856931425752343,0.014306857424765673,11,100,0.11
10b17936-3938-2467-88ba-ba5fe2debf14,scene0068_01-scene0068_00-scene0068_05-scene0068_03-scene0068_02,3,10b17936-3938-2467-88ba-ba5fe2debf14/scene0068_01-scene0068_00-scene0068_05-scene0068_03-scene0068_02/T3,8,17,16,0.6904109716415405,504,1.0,0.0,11,100,0.11
10b17936-3938-2467-88ba-ba5fe2debf14,scene0068_01-scene0068_00-scene0068_05-scene0068_03-scene0068_02,3,10b17936-3938-2467-88ba-ba5fe2debf14/scene0068_01-scene0068_00-scene0068_05-scene0068_03-scene0068_02/T3,8,21,17,0.43569415807724,5460,0.765018315018315,0.23498168498168504,11,100,0.11
10b17936-3938-2467-88ba-ba5fe2debf14,scene0068_01-scene0068_00-scene0068_05-scene0068_03-scene0068_02,3,10b17936-3938-2467-88ba-ba5fe2debf14/scene0068_01-scene0068_00-scene0068_05-scene0068_03-scene0068_02/T3,8,26,30,0.9132623076438904,6586,0.936835712116611,0.06316428788338901,11,100,0.11
10b17936-3938-2467-88ba-ba5fe2debf14,scene0068_01-scene0068_00-scene0068_05-scene0068_03-scene0068_02,3,10b17936-3938-2467-88ba-ba5fe2debf14/scene0068_01-scene0068_00-scene0068_05-scene0068_03-scene0068_02/T3,8,51,15,0.7313276529312134,14977,0.9316284970287775,0.06837150297122252,11,100,0.11
10b17936-3938-2467-88ba-ba5fe2debf14,scene0068_01-scene0068_00-scene0068_05-scene0068_03-scene0068_02,3,10b17936-3938-2467-88ba-ba5fe2debf14/scene0068_01-scene0068_00-scene0068_05-scene0068_03-scene0068_02/T3,8,53,9,0.7547258138656616,3419,0.9458906112898509,0.05410938871014914,11,100,0.11
10b17936-3938-2467-88ba-ba5fe2debf14,scene0068_01-scene0068_00-scene0068_05-scene0068_03-scene0068_02,3,10b17936-3938-2467-88ba-ba5fe2debf14/scene0068_01-scene0068_00-scene0068_05-scene0068_03-scene0068_02/T3,8,70,24,0.8060614466667175,6352,0.8918450881612091,0.10815491183879089,11,100,0.11
10b17936-3938-2467-88ba-ba5fe2debf14,scene0068_01-scene0068_00-scene0068_05-scene0068_03-scene0068_02,3,10b17936-3938-2467-88ba-ba5fe2debf14/scene0068_01-scene0068_00-scene0068_05-scene0068_03-scene0068_02/T3,8,74,42,0.2633349895477295,3756,0.7084664536741214,0.2915335463258786,11,100,0.11
10b17936-3938-2467-88ba-ba5fe2debf14,scene0068_01-scene0068_00-scene0068_05-scene0068_03-scene0068_02,3,10b17936-3938-2467-88ba-ba5fe2debf14/scene0068_01-scene0068_00-scene0068_05-scene0068_03-scene0068_02/T3,8,80,8,0.7765592932701111,8447,0.938913223629691,0.061086776370309015,11,100,0.11
10b17936-3938-2467-88ba-ba5fe2debf14,scene0068_01-scene0068_00-scene0068_05-scene0068_03-scene0068_02,3,10b17936-3938-2467-88ba-ba5fe2debf14/scene0068_01-scene0068_00-scene0068_05-scene0068_03-scene0068_02/T3,8,94,21,0.9374011158943176,4309,0.9626363425388721,0.03736365746112791,11,100,0.11
10b17936-3938-2467-88ba-ba5fe2debf14,scene0068_01-scene0068_00-scene0068_05-scene0068_03-scene0068_02,3,10b17936-3938-2467-88ba-ba5fe2debf14/scene0068_01-scene0068_00-scene0068_05-scene0068_03-scene0068_02/T3,8,98,7,0.779891312122345,1020,0.8441176470588235,0.15588235294117647,11,100,0.11
10b17936-3938-2467-88ba-ba5fe2debf14,scene0068_01-scene0068_00-scene0068_05-scene0068_03-scene0068_02,3,10b17936-3938-2467-88ba-ba5fe2debf14/scene0068_01-scene0068_00-scene0068_05-scene0068_03-scene0068_02/T3,9,0,31,0.6909090876579285,249,0.7630522088353414,0.23694779116465858,10,100,0.1
10b17936-3938-2467-88ba-ba5fe2debf14,scene0068_01-scene0068_00-scene0068_05-scene0068_03-scene0068_02,3,10b17936-3938-2467-88ba-ba5fe2debf14/scene0068_01-scene0068_00-scene0068_05-scene0068_03-scene0068_02/T3,9,2,28,0.8407079577445984,521,0.9117082533589251,0.08829174664107486,10,100,0.1
10b17936-3938-2467-88ba-ba5fe2debf14,scene0068_01-scene0068_00-scene0068_05-scene0068_03-scene0068_02,3,10b17936-3938-2467-88ba-ba5fe2debf14/scene0068_01-scene0068_00-scene0068_05-scene0068_03-scene0068_02/T3,9,13,9,0.7576379179954529,3419,0.9719216145071659,0.028078385492834146,10,100,0.1
10b17936-3938-2467-88ba-ba5fe2debf14,scene0068_01-scene0068_00-scene0068_05-scene0068_03-scene0068_02,3,10b17936-3938-2467-88ba-ba5fe2debf14/scene0068_01-scene0068_00-scene0068_05-scene0068_03-scene0068_02/T3,9,21,17,0.43280473351478577,5460,0.6847985347985348,0.3152014652014652,10,100,0.1
10b17936-3938-2467-88ba-ba5fe2debf14,scene0068_01-scene0068_00-scene0068_05-scene0068_03-scene0068_02,3,10b17936-3938-2467-88ba-ba5fe2debf14/scene0068_01-scene0068_00-scene0068_05-scene0068_03-scene0068_02/T3,9,23,24,0.8287661075592041,6352,0.8998740554156172,0.10012594458438284,10,100,0.1
10b17936-3938-2467-88ba-ba5fe2debf14,scene0068_01-scene0068_00-scene0068_05-scene0068_03-scene0068_02,3,10b17936-3938-2467-88ba-ba5fe2debf14/scene0068_01-scene0068_00-scene0068_05-scene0068_03-scene0068_02/T3,9,25,5,0.9556394815444946,8108,0.9990133201776024,0.0009866798223976403,10,100,0.1
10b17936-3938-2467-88ba-ba5fe2debf14,scene0068_01-scene0068_00-scene0068_05-scene0068_03-scene0068_02,3,10b17936-3938-2467-88ba-ba5fe2debf14/scene0068_01-scene0068_00-scene0068_05-scene0068_03-scene0068_02/T3,9,26,30,0.9324558973312378,6586,0.9788946249620407,0.021105375037959284,10,100,0.1
10b17936-3938-2467-88ba-ba5fe2debf14,scene0068_01-scene0068_00-scene0068_05-scene0068_03-scene0068_02,3,10b17936-3938-2467-88ba-ba5fe2debf14/scene0068_01-scene0068_00-scene0068_05-scene0068_03-scene0068_02/T3,9,51,15,0.7248133420944214,14977,0.9463176871202511,0.053682312879748895,10,100,0.1
10b17936-3938-2467-88ba-ba5fe2debf14,scene0068_01-scene0068_00-scene0068_05-scene0068_03-scene0068_02,3,10b17936-3938-2467-88ba-ba5fe2debf14/scene0068_01-scene0068_00-scene0068_05-scene0068_03-scene0068_02/T3,9,56,21,0.9367231726646423,4309,0.9619401253190996,0.03805987468090044,10,100,0.1
10b17936-3938-2467-88ba-ba5fe2debf14,scene0068_01-scene0068_00-scene0068_05-scene0068_03-scene0068_02,3,10b17936-3938-2467-88ba-ba5fe2debf14/scene0068_01-scene0068_00-scene0068_05-scene0068_03-scene0068_02/T3,9,59,42,0.24447385966777802,3756,0.983493077742279,0.01650692225772099,10,100,0.1
10b17936-3938-2467-88ba-ba5fe2debf14,scene0068_01-scene0068_00-scene0068_05-scene0068_03-scene0068_02,3,10b17936-3938-2467-88ba-ba5fe2debf14/scene0068_01-scene0068_00-scene0068_05-scene0068_03-scene0068_02/T3,9,60,16,0.6904109716415405,504,1.0,0.0,10,100,0.1
10b17936-3938-2467-88ba-ba5fe2debf14,scene0068_01-scene0068_00-scene0068_05-scene0068_03-scene0068_02,3,10b17936-3938-2467-88ba-ba5fe2debf14/scene0068_01-scene0068_00-scene0068_05-scene0068_03-scene0068_02/T3,9,80,8,0.7433711290359497,8447,0.9392683793062626,0.06073162069373739,10,100,0.1
10b17936-3938-2467-88ba-ba5fe2debf14,scene0068_01-scene0068_00-scene0068_05-scene0068_03-scene0068_02,3,10b17936-3938-2467-88ba-ba5fe2debf14/scene0068_01-scene0068_00-scene0068_05-scene0068_03-scene0068_02/T3,9,98,7,0.779891312122345,1020,0.8441176470588235,0.15588235294117647,10,100,0.1
10b17936-3938-2467-88ba-ba5fe2debf14,scene0068_01-scene0068_00-scene0068_05-scene0068_03-scene0068_02,3,10b17936-3938-2467-88ba-ba5fe2debf14/scene0068_01-scene0068_00-scene0068_05-scene0068_03-scene0068_02/T3,10,2,28,0.7957371473312378,521,0.8598848368522073,0.1401151631477927,9,100,0.09
10b17936-3938-2467-88ba-ba5fe2debf14,scene0068_01-scene0068_00-scene0068_05-scene0068_03-scene0068_02,3,10b17936-3938-2467-88ba-ba5fe2debf14/scene0068_01-scene0068_00-scene0068_05-scene0068_03-scene0068_02/T3,10,7,17,0.3844672739505768,5460,0.6582417582417582,0.34175824175824177,9,100,0.09
10b17936-3938-2467-88ba-ba5fe2debf14,scene0068_01-scene0068_00-scene0068_05-scene0068_03-scene0068_02,3,10b17936-3938-2467-88ba-ba5fe2debf14/scene0068_01-scene0068_00-scene0068_05-scene0068_03-scene0068_02/T3,10,17,16,0.7513135075569153,504,0.8511904761904762,0.14880952380952384,9,100,0.09
10b17936-3938-2467-88ba-ba5fe2debf14,scene0068_01-scene0068_00-scene0068_05-scene0068_03-scene0068_02,3,10b17936-3938-2467-88ba-ba5fe2debf14/scene0068_01-scene0068_00-scene0068_05-scene0068_03-scene0068_02/T3,10,23,24,0.8012096881866455,6352,0.9384445843828715,0.06155541561712852,9,100,0.09
10b17936-3938-2467-88ba-ba5fe2debf14,scene0068_01-scene0068_00-scene0068_05-scene0068_03-scene0068_02,3,10b17936-3938-2467-88ba-ba5fe2debf14/scene0068_01-scene0068_00-scene0068_05-scene0068_03-scene0068_02/T3,10,24,15,0.7345399856567383,14977,0.9429792348267343,0.05702076517326571,9,100,0.09
10b17936-3938-2467-88ba-ba5fe2debf14,scene0068_01-scene0068_00-scene0068_05-scene0068_03-scene0068_02,3,10b17936-3938-2467-88ba-ba5fe2debf14/scene0068_01-scene0068_00-scene0068_05-scene0068_03-scene0068_02/T3,10,25,5,0.9662907719612122,8108,0.9828564380858411,0.01714356191415889,9,100,0.09
10b17936-3938-2467-88ba-ba5fe2debf14,scene0068_01-scene0068_00-scene0068_05-scene0068_03-scene0068_02,3,10b17936-3938-2467-88ba-ba5fe2debf14/scene0068_01-scene0068_00-scene0068_05-scene0068_03-scene0068_02/T3,10,33,31,0.6909090876579285,249,0.7630522088353414,0.23694779116465858,9,100,0.09
10b17936-3938-2467-88ba-ba5fe2debf14,scene0068_01-scene0068_00-scene0068_05-scene0068_03-scene0068_02,3,10b17936-3938-2467-88ba-ba5fe2debf14/scene0068_01-scene0068_00-scene0068_05-scene0068_03-scene0068_02/T3,10,53,9,0.7423423528671265,3419,0.9640245685873062,0.03597543141269377,9,100,0.09
10b17936-3938-2467-88ba-ba5fe2debf14,scene0068_01-scene0068_00-scene0068_05-scene0068_03-scene0068_02,3,10b17936-3938-2467-88ba-ba5fe2debf14/scene0068_01-scene0068_00-scene0068_05-scene0068_03-scene0068_02/T3,10,59,42,0.23099415004253387,3756,0.9885516506922257,0.011448349307774275,9,100,0.09
10b17936-3938-2467-88ba-ba5fe2debf14,scene0068_01-scene0068_00-scene0068_05-scene0068_03-scene0068_02,3,10b17936-3938-2467-88ba-ba5fe2debf14/scene0068_01-scene0068_00-scene0068_05-scene0068_03-scene0068_02/T3,10,80,8,0.8449442982673645,8447,0.916064875103587,0.08393512489641297,9,100,0.09
10b17936-3938-2467-88ba-ba5fe2debf14,scene0068_01-scene0068_00-scene0068_05-scene0068_03-scene0068_02,3,10b17936-3938-2467-88ba-ba5fe2debf14/scene0068_01-scene0068_00-scene0068_05-scene0068_03-scene0068_02/T3,10,84,30,0.9174041152000427,6586,0.9916489523231097,0.008351047676890322,9,100,0.09
10b17936-3938-2467-88ba-ba5fe2debf14,scene0068_01-scene0068_00-scene0068_05-scene0068_03-scene0068_02,3,10b17936-3938-2467-88ba-ba5fe2debf14/scene0068_01-scene0068_00-scene0068_05-scene0068_03-scene0068_02/T3,10,97,21,0.9390243887901306,4309,0.9649570666047806,0.035042933395219356,9,100,0.09
10b17936-3938-2467-88ba-ba5fe2debf14,scene0068_01-scene0068_00-scene0068_05-scene0068_03-scene0068_02,3,10b17936-3938-2467-88ba-ba5fe2debf14/scene0068_01-scene0068_00-scene0068_05-scene0068_03-scene0068_02/T3,10,98,7,0.779891312122345,1020,0.8441176470588235,0.15588235294117647,9,100,0.09
10b17936-3938-2467-88ba-ba5fe2debf14,scene0068_01-scene0068_00-scene0068_05-scene0068_03-scene0068_02,3,10b17936-3938-2467-88ba-ba5fe2debf14/scene0068_01-scene0068_00-scene0068_05-scene0068_03-scene0068_02/T3,11,0,31,0.6545454263687134,249,0.7228915662650602,0.27710843373493976,7,100,0.07
10b17936-3938-2467-88ba-ba5fe2debf14,scene0068_01-scene0068_00-scene0068_05-scene0068_03-scene0068_02,3,10b17936-3938-2467-88ba-ba5fe2debf14/scene0068_01-scene0068_00-scene0068_05-scene0068_03-scene0068_02/T3,11,6,5,0.976547360420227,8108,0.9962999506660088,0.003700049333991151,7,100,0.07
10b17936-3938-2467-88ba-ba5fe2debf14,scene0068_01-scene0068_00-scene0068_05-scene0068_03-scene0068_02,3,10b17936-3938-2467-88ba-ba5fe2debf14/scene0068_01-scene0068_00-scene0068_05-scene0068_03-scene0068_02/T3,11,17,16,0.6904109716415405,504,1.0,0.0,7,100,0.07
10b17936-3938-2467-88ba-ba5fe2debf14,scene0068_01-scene0068_00-scene0068_05-scene0068_03-scene0068_02,3,10b17936-3938-2467-88ba-ba5fe2debf14/scene0068_01-scene0068_00-scene0068_05-scene0068_03-scene0068_02/T3,11,21,17,0.43692469596862793,5460,0.765018315018315,0.23498168498168504,7,100,0.07
10b17936-3938-2467-88ba-ba5fe2debf14,scene0068_01-scene0068_00-scene0068_05-scene0068_03-scene0068_02,3,10b17936-3938-2467-88ba-ba5fe2debf14/scene0068_01-scene0068_00-scene0068_05-scene0068_03-scene0068_02/T3,11,24,15,0.7340766191482544,14977,0.9495893703678975,0.05041062963210252,7,100,0.07
10b17936-3938-2467-88ba-ba5fe2debf14,scene0068_01-scene0068_00-scene0068_05-scene0068_03-scene0068_02,3,10b17936-3938-2467-88ba-ba5fe2debf14/scene0068_01-scene0068_00-scene0068_05-scene0068_03-scene0068_02/T3,11,30,21,0.9396610260009766,4309,0.9649570666047806,0.035042933395219356,7,100,0.07
10b17936-3938-2467-88ba-ba5fe2debf14,scene0068_01-scene0068_00-scene0068_05-scene0068_03-scene0068_02,3,10b17936-3938-2467-88ba-ba5fe2debf14/scene0068_01-scene0068_00-scene0068_05-scene0068_03-scene0068_02/T3,11,53,9,0.7373488545417786,3419,0.9631471190406552,0.0368528809593448,7,100,0.07
10b17936-3938-2467-88ba-ba5fe2debf14,scene0068_01-scene0068_00-scene0068_05-scene0068_03-scene0068_02,3,10b17936-3938-2467-88ba-ba5fe2debf14/scene0068_01-scene0068_00-scene0068_05-scene0068_03-scene0068_02/T3,11,72,42,0.2821987569332123,3756,0.7968583599574015,0.2031416400425985,7,100,0.07
10b17936-3938-2467-88ba-ba5fe2debf14,scene0068_01-scene0068_00-scene0068_05-scene0068_03-scene0068_02,3,10b17936-3938-2467-88ba-ba5fe2debf14/scene0068_01-scene0068_00-scene0068_05-scene0068_03-scene0068_02/T3,11,75,24,0.8027804493904114,6352,0.9272670025188917,0.07273299748110829,7,100,0.07
10b17936-3938-2467-88ba-ba5fe2debf14,scene0068_01-scene0068_00-scene0068_05-scene0068_03-scene0068_02,3,10b17936-3938-2467-88ba-ba5fe2debf14/scene0068_01-scene0068_00-scene0068_05-scene0068_03-scene0068_02/T3,11,80,8,0.8349257111549377,8447,0.9310997987451166,0.06890020125488339,7,100,0.07
10b17936-3938-2467-88ba-ba5fe2debf14,scene0068_01-scene0068_00-scene0068_05-scene0068_03-scene0068_02,3,10b17936-3938-2467-88ba-ba5fe2debf14/scene0068_01-scene0068_00-scene0068_05-scene0068_03-scene0068_02/T3,11,81,30,0.9111946821212769,6586,0.9565745520801701,0.04342544791982994,7,100,0.07
10b17936-3938-2467-88ba-ba5fe2debf14,scene0068_01-scene0068_00-scene0068_05-scene0068_03-scene0068_02,3,10b17936-3938-2467-88ba-ba5fe2debf14/scene0068_01-scene0068_00-scene0068_05-scene0068_03-scene0068_02/T3,11,92,28,0.8603448271751404,521,0.9577735124760077,0.04222648752399227,7,100,0.07
10b17936-3938-2467-88ba-ba5fe2debf14,scene0068_01-scene0068_00-scene0068_05-scene0068_03-scene0068_02,3,10b17936-3938-2467-88ba-ba5fe2debf14/scene0068_01-scene0068_00-scene0068_05-scene0068_03-scene0068_02/T3,11,98,7,0.779891312122345,1020,0.8441176470588235,0.15588235294117647,7,100,0.07
10b17936-3938-2467-88ba-ba5fe2debf14,scene0068_01-scene0068_00-scene0068_05-scene0068_03-scene0068_02,4,10b17936-3938-2467-88ba-ba5fe2debf14/scene0068_01-scene0068_00-scene0068_05-scene0068_03-scene0068_02/T4,0,0,5,0.0,10092,0.0,1.0,0,100,0.0
10b17936-3938-2467-88ba-ba5fe2debf14,scene0068_01-scene0068_00-scene0068_05-scene0068_03-scene0068_02,4,10b17936-3938-2467-88ba-ba5fe2debf14/scene0068_01-scene0068_00-scene0068_05-scene0068_03-scene0068_02/T4,0,1,7,0.11225012689828873,1422,0.1540084388185654,0.8459915611814346,0,100,0.0
10b17936-3938-2467-88ba-ba5fe2debf14,scene0068_01-scene0068_00-scene0068_05-scene0068_03-scene0068_02,4,10b17936-3938-2467-88ba-ba5fe2debf14/scene0068_01-scene0068_00-scene0068_05-scene0068_03-scene0068_02/T4,0,2,8,0.0,10896,0.0,1.0,0,100,0.0
10b17936-3938-2467-88ba-ba5fe2debf14,scene0068_01-scene0068_00-scene0068_05-scene0068_03-scene0068_02,4,10b17936-3938-2467-88ba-ba5fe2debf14/scene0068_01-scene0068_00-scene0068_05-scene0068_03-scene0068_02/T4,0,3,9,0.0,5395,0.0,1.0,0,100,0.0
10b17936-3938-2467-88ba-ba5fe2debf14,scene0068_01-scene0068_00-scene0068_05-scene0068_03-scene0068_02,4,10b17936-3938-2467-88ba-ba5fe2debf14/scene0068_01-scene0068_00-scene0068_05-scene0068_03-scene0068_02/T4,0,4,15,0.0,18418,0.0,1.0,0,100,0.0
10b17936-3938-2467-88ba-ba5fe2debf14,scene0068_01-scene0068_00-scene0068_05-scene0068_03-scene0068_02,4,10b17936-3938-2467-88ba-ba5fe2debf14/scene0068_01-scene0068_00-scene0068_05-scene0068_03-scene0068_02/T4,0,5,16,0.0,4013,0.0,1.0,0,100,0.0
10b17936-3938-2467-88ba-ba5fe2debf14,scene0068_01-scene0068_00-scene0068_05-scene0068_03-scene0068_02,4,10b17936-3938-2467-88ba-ba5fe2debf14/scene0068_01-scene0068_00-scene0068_05-scene0068_03-scene0068_02/T4,0,6,17,0.009531654417514801,7831,0.010343506576427021,0.989656493423573,0,100,0.0
10b17936-3938-2467-88ba-ba5fe2debf14,scene0068_01-scene0068_00-scene0068_05-scene0068_03-scene0068_02,4,10b17936-3938-2467-88ba-ba5fe2debf14/scene0068_01-scene0068_00-scene0068_05-scene0068_03-scene0068_02/T4,0,7,21,0.0,5565,0.0,1.0,0,100,0.0
10b17936-3938-2467-88ba-ba5fe2debf14,scene0068_01-scene0068_00-scene0068_05-scene0068_03-scene0068_02,4,10b17936-3938-2467-88ba-ba5fe2debf14/scene0068_01-scene0068_00-scene0068_05-scene0068_03-scene0068_02/T4,0,8,24,0.0,6987,0.0,1.0,0,100,0.0
10b17936-3938-2467-88ba-ba5fe2debf14,scene0068_01-scene0068_00-scene0068_05-scene0068_03-scene0068_02,4,10b17936-3938-2467-88ba-ba5fe2debf14/scene0068_01-scene0068_00-scene0068_05-scene0068_03-scene0068_02/T4,0,9,28,0.23594547808170319,703,0.3940256045519203,0.6059743954480796,0,100,0.0
10b17936-3938-2467-88ba-ba5fe2debf14,scene0068_01-scene0068_00-scene0068_05-scene0068_03-scene0068_02,4,10b17936-3938-2467-88ba-ba5fe2debf14/scene0068_01-scene0068_00-scene0068_05-scene0068_03-scene0068_02/T4,0,10,30,0.0,7094,0.0,1.0,0,100,0.0
10b17936-3938-2467-88ba-ba5fe2debf14,scene0068_01-scene0068_00-scene0068_05-scene0068_03-scene0068_02,4,10b17936-3938-2467-88ba-ba5fe2debf14/scene0068_01-scene0068_00-scene0068_05-scene0068_03-scene0068_02/T4,0,11,31,0.15804067254066467,505,0.33861386138613864,0.6613861386138613,0,100,0.0
10b17936-3938-2467-88ba-ba5fe2debf14,scene0068_01-scene0068_00-scene0068_05-scene0068_03-scene0068_02,4,10b17936-3938-2467-88ba-ba5fe2debf14/scene0068_01-scene0068_00-scene0068_05-scene0068_03-scene0068_02/T4,0,12,42,0.0,13530,0.0,1.0,0,100,0.0
10b17936-3938-2467-88ba-ba5fe2debf14,scene0068_01-scene0068_00-scene0068_05-scene0068_03-scene0068_02,4,10b17936-3938-2467-88ba-ba5fe2debf14/scene0068_01-scene0068_00-scene0068_05-scene0068_03-scene0068_02/T4,1,12,17,0.38345274329185486,7831,0.560464819307879,0.43953518069212105,12,100,0.12
10b17936-3938-2467-88ba-ba5fe2debf14,scene0068_01-scene0068_00-scene0068_05-scene0068_03-scene0068_02,4,10b17936-3938-2467-88ba-ba5fe2debf14/scene0068_01-scene0068_00-scene0068_05-scene0068_03-scene0068_02/T4,1,17,7,0.782608687877655,1422,0.9240506329113924,0.07594936708860756,12,100,0.12
10b17936-3938-2467-88ba-ba5fe2debf14,scene0068_01-scene0068_00-scene0068_05-scene0068_03-scene0068_02,4,10b17936-3938-2467-88ba-ba5fe2debf14/scene0068_01-scene0068_00-scene0068_05-scene0068_03-scene0068_02/T4,1,23,16,0.6478954553604126,4013,0.8400199352105656,0.15998006478943438,12,100,0.12
10b17936-3938-2467-88ba-ba5fe2debf14,scene0068_01-scene0068_00-scene0068_05-scene0068_03-scene0068_02,4,10b17936-3938-2467-88ba-ba5fe2debf14/scene0068_01-scene0068_00-scene0068_05-scene0068_03-scene0068_02/T4,1,30,31,0.4930693209171295,505,0.49306930693069306,0.5069306930693069,12,100,0.12
10b17936-3938-2467-88ba-ba5fe2debf14,scene0068_01-scene0068_00-scene0068_05-scene0068_03-scene0068_02,4,10b17936-3938-2467-88ba-ba5fe2debf14/scene0068_01-scene0068_00-scene0068_05-scene0068_03-scene0068_02/T4,1,31,30,0.8710158467292786,7094,0.9052720608965322,0.09472793910346777,12,100,0.12
10b17936-3938-2467-88ba-ba5fe2debf14,scene0068_01-scene0068_00-scene0068_05-scene0068_03-scene0068_02,4,10b17936-3938-2467-88ba-ba5fe2debf14/scene0068_01-scene0068_00-scene0068_05-scene0068_03-scene0068_02/T4,1,48,8,0.6267810463905334,10896,0.8316813509544787,0.1683186490455213,12,100,0.12
10b17936-3938-2467-88ba-ba5fe2debf14,scene0068_01-scene0068_00-scene0068_05-scene0068_03-scene0068_02,4,10b17936-3938-2467-88ba-ba5fe2debf14/scene0068_01-scene0068_00-scene0068_05-scene0068_03-scene0068_02/T4,1,58,5,0.9272558093070984,10092,0.9877130400317082,0.012286959968291766,12,100,0.12
10b17936-3938-2467-88ba-ba5fe2debf14,scene0068_01-scene0068_00-scene0068_05-scene0068_03-scene0068_02,4,10b17936-3938-2467-88ba-ba5fe2debf14/scene0068_01-scene0068_00-scene0068_05-scene0068_03-scene0068_02/T4,1,68,28,0.8452054858207703,703,0.8776671408250356,0.12233285917496439,12,100,0.12
10b17936-3938-2467-88ba-ba5fe2debf14,scene0068_01-scene0068_00-scene0068_05-scene0068_03-scene0068_02,4,10b17936-3938-2467-88ba-ba5fe2debf14/scene0068_01-scene0068_00-scene0068_05-scene0068_03-scene0068_02/T4,1,74,42,0.22115254402160645,13530,0.24109386548410938,0.7589061345158906,12,100,0.12
10b17936-3938-2467-88ba-ba5fe2debf14,scene0068_01-scene0068_00-scene0068_05-scene0068_03-scene0068_02,4,10b17936-3938-2467-88ba-ba5fe2debf14/scene0068_01-scene0068_00-scene0068_05-scene0068_03-scene0068_02/T4,1,76,24,0.6610265374183655,6987,0.8387004436811221,0.16129955631887793,12,100,0.12
10b17936-3938-2467-88ba-ba5fe2debf14,scene0068_01-scene0068_00-scene0068_05-scene0068_03-scene0068_02,4,10b17936-3938-2467-88ba-ba5fe2debf14/scene0068_01-scene0068_00-scene0068_05-scene0068_03-scene0068_02/T4,1,77,9,0.6037018895149231,5395,0.6771084337349398,0.3228915662650602,12,100,0.12
10b17936-3938-2467-88ba-ba5fe2debf14,scene0068_01-scene0068_00-scene0068_05-scene0068_03-scene0068_02,4,10b17936-3938-2467-88ba-ba5fe2debf14/scene0068_01-scene0068_00-scene0068_05-scene0068_03-scene0068_02/T4,1,81,21,0.8820053935050964,5565,0.9389038634321654,0.061096136567834636,12,100,0.12
10b17936-3938-2467-88ba-ba5fe2debf14,scene0068_01-scene0068_00-scene0068_05-scene0068_03-scene0068_02,4,10b17936-3938-2467-88ba-ba5fe2debf14/scene0068_01-scene0068_00-scene0068_05-scene0068_03-scene0068_02/T4,1,90,15,0.5412721037864685,18418,0.8968400477793463,0.10315995222065366,12,100,0.12
10b17936-3938-2467-88ba-ba5fe2debf14,scene0068_01-scene0068_00-scene0068_05-scene0068_03-scene0068_02,4,10b17936-3938-2467-88ba-ba5fe2debf14/scene0068_01-scene0068_00-scene0068_05-scene0068_03-scene0068_02/T4,2,3,31,0.4930693209171295,505,0.49306930693069306,0.5069306930693069,3,100,0.03
10b17936-3938-2467-88ba-ba5fe2debf14,scene0068_01-scene0068_00-scene0068_05-scene0068_03-scene0068_02,4,10b17936-3938-2467-88ba-ba5fe2debf14/scene0068_01-scene0068_00-scene0068_05-scene0068_03-scene0068_02/T4,2,4,17,0.38781997561454773,7831,0.6074575405439918,0.3925424594560082,3,100,0.03
10b17936-3938-2467-88ba-ba5fe2debf14,scene0068_01-scene0068_00-scene0068_05-scene0068_03-scene0068_02,4,10b17936-3938-2467-88ba-ba5fe2debf14/scene0068_01-scene0068_00-scene0068_05-scene0068_03-scene0068_02/T4,2,26,7,0.7815873026847839,1422,0.8656821378340366,0.13431786216596342,3,100,0.03
10b17936-3938-2467-88ba-ba5fe2debf14,scene0068_01-scene0068_00-scene0068_05-scene0068_03-scene0068_02,4,10b17936-3938-2467-88ba-ba5fe2debf14/scene0068_01-scene0068_00-scene0068_05-scene0068_03-scene0068_02/T4,2,29,30,0.7420119643211365,7094,0.9264166901606992,0.07358330983930084,3,100,0.03
10b17936-3938-2467-88ba-ba5fe2debf14,scene0068_01-scene0068_00-scene0068_05-scene0068_03-scene0068_02,4,10b17936-3938-2467-88ba-ba5fe2debf14/scene0068_01-scene0068_00-scene0068_05-scene0068_03-scene0068_02/T4,2,39,15,0.5814211368560791,18418,0.7690302964491259,0.2309697035508741,3,100,0.03
10b17936-3938-2467-88ba-ba5fe2debf14,scene0068_01-scene0068_00-scene0068_05-scene0068_03-scene0068_02,4,10b17936-3938-2467-88ba-ba5fe2debf14/scene0068_01-scene0068_00-scene0068_05-scene0068_03-scene0068_02/T4,2,48,8,0.6777288913726807,10896,0.862151248164464,0.13784875183553602,3,100,0.03
10b17936-3938-2467-88ba-ba5fe2debf14,scene0068_01-scene0068_00-scene0068_05-scene0068_03-scene0068_02,4,10b17936-3938-2467-88ba-ba5fe2debf14/scene0068_01-scene0068_00-scene0068_05-scene0068_03-scene0068_02/T4,2,54,9,0.769444465637207,5395,0.9755329008341056,0.0244670991658944,3,100,0.03
10b17936-3938-2467-88ba-ba5fe2debf14,scene0068_01-scene0068_00-scene0068_05-scene0068_03-scene0068_02,4,10b17936-3938-2467-88ba-ba5fe2debf14/scene0068_01-scene0068_00-scene0068_05-scene0068_03-scene0068_02/T4,2,62,5,0.9622713923454285,10092,0.9906856916369402,0.009314308363059798,3,100,0.03
10b17936-3938-2467-88ba-ba5fe2debf14,scene0068_01-scene0068_00-scene0068_05-scene0068_03-scene0068_02,4,10b17936-3938-2467-88ba-ba5fe2debf14/scene0068_01-scene0068_00-scene0068_05-scene0068_03-scene0068_02/T4,2,68,28,0.8469945192337036,703,0.8819345661450925,0.11806543385490753,3,100,0.03
10b17936-3938-2467-88ba-ba5fe2debf14,scene0068_01-scene0068_00-scene0068_05-scene0068_03-scene0068_02,4,10b17936-3938-2467-88ba-ba5fe2debf14/scene0068_01-scene0068_00-scene0068_05-scene0068_03-scene0068_02/T4,2,71,16,0.6961832046508789,4013,0.9090456017941689,0.09095439820583107,3,100,0.03
10b17936-3938-2467-88ba-ba5fe2debf14,scene0068_01-scene0068_00-scene0068_05-scene0068_03-scene0068_02,4,10b17936-3938-2467-88ba-ba5fe2debf14/scene0068_01-scene0068_00-scene0068_05-scene0068_03-scene0068_02/T4,2,74,42,0.20481839776039124,13530,0.20798226164079822,0.7920177383592018,3,100,0.03
10b17936-3938-2467-88ba-ba5fe2debf14,scene0068_01-scene0068_00-scene0068_05-scene0068_03-scene0068_02,4,10b17936-3938-2467-88ba-ba5fe2debf14/scene0068_01-scene0068_00-scene0068_05-scene0068_03-scene0068_02/T4,2,76,24,0.6868995428085327,6987,0.869758122226993,0.130241877773007,3,100,0.03
10b17936-3938-2467-88ba-ba5fe2debf14,scene0068_01-scene0068_00-scene0068_05-scene0068_03-scene0068_02,4,10b17936-3938-2467-88ba-ba5fe2debf14/scene0068_01-scene0068_00-scene0068_05-scene0068_03-scene0068_02/T4,2,81,21,0.8962153196334839,5565,0.9574123989218328,0.04258760107816717,3,100,0.03
10b17936-3938-2467-88ba-ba5fe2debf14,scene0068_01-scene0068_00-scene0068_05-scene0068_03-scene0068_02,4,10b17936-3938-2467-88ba-ba5fe2debf14/scene0068_01-scene0068_00-scene0068_05-scene0068_03-scene0068_02/T4,3,1,16,0.701535165309906,4013,0.9793172190381261,0.020682780961873926,1,100,0.01
10b17936-3938-2467-88ba-ba5fe2debf14,scene0068_01-scene0068_00-scene0068_05-scene0068_03-scene0068_02,4,10b17936-3938-2467-88ba-ba5fe2debf14/scene0068_01-scene0068_00-scene0068_05-scene0068_03-scene0068_02/T4,3,3,31,0.4930693209171295,505,0.49306930693069306,0.5069306930693069,1,100,0.01
10b17936-3938-2467-88ba-ba5fe2debf14,scene0068_01-scene0068_00-scene0068_05-scene0068_03-scene0068_02,4,10b17936-3938-2467-88ba-ba5fe2debf14/scene0068_01-scene0068_00-scene0068_05-scene0068_03-scene0068_02/T4,3,7,9,0.7691867351531982,5395,0.9957367933271548,0.004263206672845188,1,100,0.01
10b17936-3938-2467-88ba-ba5fe2debf14,scene0068_01-scene0068_00-scene0068_05-scene0068_03-scene0068_02,4,10b17936-3938-2467-88ba-ba5fe2debf14/scene0068_01-scene0068_00-scene0068_05-scene0068_03-scene0068_02/T4,3,24,5,0.950527012348175,10092,0.9918747522790329,0.008125247720967121,1,100,0.01
10b17936-3938-2467-88ba-ba5fe2debf14,scene0068_01-scene0068_00-scene0068_05-scene0068_03-scene0068_02,4,10b17936-3938-2467-88ba-ba5fe2debf14/scene0068_01-scene0068_00-scene0068_05-scene0068_03-scene0068_02/T4,3,25,17,0.4312784969806671,7831,0.6888009194228067,0.31119908057719325,1,100,0.01
10b17936-3938-2467-88ba-ba5fe2debf14,scene0068_01-scene0068_00-scene0068_05-scene0068_03-scene0068_02,4,10b17936-3938-2467-88ba-ba5fe2debf14/scene0068_01-scene0068_00-scene0068_05-scene0068_03-scene0068_02/T4,3,27,21,0.9066351652145386,5565,0.9649595687331537,0.035040431266846306,1,100,0.01
10b17936-3938-2467-88ba-ba5fe2debf14,scene0068_01-scene0068_00-scene0068_05-scene0068_03-scene0068_02,4,10b17936-3938-2467-88ba-ba5fe2debf14/scene0068_01-scene0068_00-scene0068_05-scene0068_03-scene0068_02/T4,3,39,15,0.6072860956192017,18418,0.789227929199696,0.21077207080030402,1,100,0.01
10b17936-3938-2467-88ba-ba5fe2debf14,scene0068_01-scene0068_00-scene0068_05-scene0068_03-scene0068_02,4,10b17936-3938-2467-88ba-ba5fe2debf14/scene0068_01-scene0068_00-scene0068_05-scene0068_03-scene0068_02/T4,3,48,8,0.7324725985527039,10896,0.8591226138032305,0.14087738619676948,1,100,0.01
10b17936-3938-2467-88ba-ba5fe2debf14,scene0068_01-scene0068_00-scene0068_05-scene0068_03-scene0068_02,4,10b17936-3938-2467-88ba-ba5fe2debf14/scene0068_01-scene0068_00-scene0068_05-scene0068_03-scene0068_02/T4,3,53,30,0.8758134245872498,7094,0.9106287003101212,0.08937129968987878,1,100,0.01
10b17936-3938-2467-88ba-ba5fe2debf14,scene0068_01-scene0068_00-scene0068_05-scene0068_03-scene0068_02,4,10b17936-3938-2467-88ba-ba5fe2debf14/scene0068_01-scene0068_00-scene0068_05-scene0068_03-scene0068_02/T4,3,67,42,0.19662758708000183,13530,0.2008130081300813,0.7991869918699187,1,100,0.01
10b17936-3938-2467-88ba-ba5fe2debf14,scene0068_01-scene0068_00-scene0068_05-scene0068_03-scene0068_02,4,10b17936-3938-2467-88ba-ba5fe2debf14/scene0068_01-scene0068_00-scene0068_05-scene0068_03-scene0068_02/T4,3,72,24,0.8527607321739197,6987,0.9151280950336339,0.0848719049663661,1,100,0.01
10b17936-3938-2467-88ba-ba5fe2debf14,scene0068_01-scene0068_00-scene0068_05-scene0068_03-scene0068_02,4,10b17936-3938-2467-88ba-ba5fe2debf14/scene0068_01-scene0068_00-scene0068_05-scene0068_03-scene0068_02/T4,3,85,28,0.8493150472640991,703,0.8819345661450925,0.11806543385490753,1,100,0.01
10b17936-3938-2467-88ba-ba5fe2debf14,scene0068_01-scene0068_00-scene0068_05-scene0068_03-scene0068_02,4,10b17936-3938-2467-88ba-ba5fe2debf14/scene0068_01-scene0068_00-scene0068_05-scene0068_03-scene0068_02/T4,3,93,7,0.8317567706108093,1422,0.8656821378340366,0.13431786216596342,1,100,0.01
10b17936-3938-2467-88ba-ba5fe2debf14,scene0068_01-scene0068_00-scene0068_05-scene0068_03-scene0068_02,4,10b17936-3938-2467-88ba-ba5fe2debf14/scene0068_01-scene0068_00-scene0068_05-scene0068_03-scene0068_02/T4,4,1,16,0.7529051899909973,4013,0.9202591577373536,0.07974084226264644,8,100,0.08
10b17936-3938-2467-88ba-ba5fe2debf14,scene0068_01-scene0068_00-scene0068_05-scene0068_03-scene0068_02,4,10b17936-3938-2467-88ba-ba5fe2debf14/scene0068_01-scene0068_00-scene0068_05-scene0068_03-scene0068_02/T4,4,12,17,0.38849279284477234,7831,0.5983910100881114,0.40160898991188865,8,100,0.08
10b17936-3938-2467-88ba-ba5fe2debf14,scene0068_01-scene0068_00-scene0068_05-scene0068_03-scene0068_02,4,10b17936-3938-2467-88ba-ba5fe2debf14/scene0068_01-scene0068_00-scene0068_05-scene0068_03-scene0068_02/T4,4,26,7,0.8317567706108093,1422,0.8656821378340366,0.13431786216596342,8,100,0.08
10b17936-3938-2467-88ba-ba5fe2debf14,scene0068_01-scene0068_00-scene0068_05-scene0068_03-scene0068_02,4,10b17936-3938-2467-88ba-ba5fe2debf14/scene0068_01-scene0068_00-scene0068_05-scene0068_03-scene0068_02/T4,4,30,31,0.4930693209171295,505,0.49306930693069306,0.5069306930693069,8,100,0.08
10b17936-3938-2467-88ba-ba5fe2debf14,scene0068_01-scene0068_00-scene0068_05-scene0068_03-scene0068_02,4,10b17936-3938-2467-88ba-ba5fe2debf14/scene0068_01-scene0068_00-scene0068_05-scene0068_03-scene0068_02/T4,4,33,15,0.6075118184089661,18418,0.8843522640894776,0.11564773591052235,8,100,0.08
10b17936-3938-2467-88ba-ba5fe2debf14,scene0068_01-scene0068_00-scene0068_05-scene0068_03-scene0068_02,4,10b17936-3938-2467-88ba-ba5fe2debf14/scene0068_01-scene0068_00-scene0068_05-scene0068_03-scene0068_02/T4,4,48,8,0.47430795431137085,10896,0.49219897209985314,0.5078010279001468,8,100,0.08
10b17936-3938-2467-88ba-ba5fe2debf14,scene0068_01-scene0068_00-scene0068_05-scene0068_03-scene0068_02,4,10b17936-3938-2467-88ba-ba5fe2debf14/scene0068_01-scene0068_00-scene0068_05-scene0068_03-scene0068_02/T4,4,53,30,0.8949295282363892,7094,0.9305046518184381,0.06949534818156189,8,100,0.08
10b17936-3938-2467-88ba-ba5fe2debf14,scene0068_01-scene0068_00-scene0068_05-scene0068_03-scene0068_02,4,10b17936-3938-2467-88ba-ba5fe2debf14/scene0068_01-scene0068_00-scene0068_05-scene0068_03-scene0068_02/T4,4,54,9,0.7749594449996948,5395,0.974050046339203,0.025949953660797,8,100,0.08
10b17936-3938-2467-88ba-ba5fe2debf14,scene0068_01-scene0068_00-scene0068_05-scene0068_03-scene0068_02,4,10b17936-3938-2467-88ba-ba5fe2debf14/scene0068_01-scene0068_00-scene0068_05-scene0068_03-scene0068_02/T4,4,56,28,0.8452054858207703,703,0.8776671408250356,0.12233285917496439,8,100,0.08
10b17936-3938-2467-88ba-ba5fe2debf14,scene0068_01-scene0068_00-scene0068_05-scene0068_03-scene0068_02,4,10b17936-3938-2467-88ba-ba5fe2debf14/scene0068_01-scene0068_00-scene0068_05-scene0068_03-scene0068_02/T4,4,62,5,0.9372590780258179,10092,0.9636345620293302,0.03636543797066982,8,100,0.08
10b17936-3938-2467-88ba-ba5fe2debf14,scene0068_01-scene0068_00-scene0068_05-scene0068_03-scene0068_02,4,10b17936-3938-2467-88ba-ba5fe2debf14/scene0068_01-scene0068_00-scene0068_05-scene0068_03-scene0068_02/T4,4,67,42,0.21401089429855347,13530,0.21788617886178863,0.7821138211382114,8,100,0.08
10b17936-3938-2467-88ba-ba5fe2debf14,scene0068_01-scene0068_00-scene0068_05-scene0068_03-scene0068_02,4,10b17936-3938-2467-88ba-ba5fe2debf14/scene0068_01-scene0068_00-scene0068_05-scene0068_03-scene0068_02/T4,4,72,24,0.8273631930351257,6987,0.9520538142264205,0.04794618577357945,8,100,0.08
10b17936-3938-2467-88ba-ba5fe2debf14,scene0068_01-scene0068_00-scene0068_05-scene0068_03-scene0068_02,4,10b17936-3938-2467-88ba-ba5fe2debf14/scene0068_01-scene0068_00-scene0068_05-scene0068_03-scene0068_02/T4,4,81,21,0.8871662616729736,5565,0.9254267744833783,0.07457322551662171,8,100,0.08
10b17936-3938-2467-88ba-ba5fe2debf14,scene0068_01-scene0068_00-scene0068_05-scene0068_03-scene0068_02,4,10b17936-3938-2467-88ba-ba5fe2debf14/scene0068_01-scene0068_00-scene0068_05-scene0068_03-scene0068_02/T4,5,2,42,0.2403804510831833,13530,0.2465631929046563,0.7534368070953437,6,100,0.06
10b17936-3938-2467-88ba-ba5fe2debf14,scene0068_01-scene0068_00-scene0068_05-scene0068_03-scene0068_02,4,10b17936-3938-2467-88ba-ba5fe2debf14/scene0068_01-scene0068_00-scene0068_05-scene0068_03-scene0068_02/T4,5,12,17,0.3917262852191925,7831,0.6082237262163197,0.3917762737836803,6,100,0.06
10b17936-3938-2467-88ba-ba5fe2debf14,scene0068_01-scene0068_00-scene0068_05-scene0068_03-scene0068_02,4,10b17936-3938-2467-88ba-ba5fe2debf14/scene0068_01-scene0068_00-scene0068_05-scene0068_03-scene0068_02/T4,5,26,7,0.8317567706108093,1422,0.8656821378340366,0.13431786216596342,6,100,0.06
10b17936-3938-2467-88ba-ba5fe2debf14,scene0068_01-scene0068_00-scene0068_05-scene0068_03-scene0068_02,4,10b17936-3938-2467-88ba-ba5fe2debf14/scene0068_01-scene0068_00-scene0068_05-scene0068_03-scene0068_02/T4,5,30,31,0.4930693209171295,505,0.49306930693069306,0.5069306930693069,6,100,0.06
10b17936-3938-2467-88ba-ba5fe2debf14,scene0068_01-scene0068_00-scene0068_05-scene0068_03-scene0068_02,4,10b17936-3938-2467-88ba-ba5fe2debf14/scene0068_01-scene0068_00-scene0068_05-scene0068_03-scene0068_02/T4,5,33,15,0.6025985479354858,18418,0.8889130198718644,0.11108698012813556,6,100,0.06
10b17936-3938-2467-88ba-ba5fe2debf14,scene0068_01-scene0068_00-scene0068_05-scene0068_03-scene0068_02,4,10b17936-3938-2467-88ba-ba5fe2debf14/scene0068_01-scene0068_00-scene0068_05-scene0068_03-scene0068_02/T4,5,48,8,0.6295804977416992,10896,0.6969530102790015,0.3030469897209985,6,100,0.06
10b17936-3938-2467-88ba-ba5fe2debf14,scene0068_01-scene0068_00-scene0068_05-scene0068_03-scene0068_02,4,10b17936-3938-2467-88ba-ba5fe2debf14/scene0068_01-scene0068_00-scene0068_05-scene0068_03-scene0068_02/T4,5,53,30,0.8942516446113586,7094,0.9297998308429659,0.07020016915703409,6,100,0.06
10b17936-3938-2467-88ba-ba5fe2debf14,scene0068_01-scene0068_00-scene0068_05-scene0068_03-scene0068_02,4,10b17936-3938-2467-88ba-ba5fe2debf14/scene0068_01-scene0068_00-scene0068_05-scene0068_03-scene0068_02/T4,5,54,9,0.7823695540428162,5395,0.9755329008341056,0.0244670991658944,6,100,0.06
10b17936-3938-2467-88ba-ba5fe2debf14,scene0068_01-scene0068_00-scene0068_05-scene0068_03-scene0068_02,4,10b17936-3938-2467-88ba-ba5fe2debf14/scene0068_01-scene0068_00-scene0068_05-scene0068_03-scene0068_02/T4,5,62,5,0.9180453419685364,10092,0.9512485136741974,0.04875148632580262,6,100,0.06
10b17936-3938-2467-88ba-ba5fe2debf14,scene0068_01-scene0068_00-scene0068_05-scene0068_03-scene0068_02,4,10b17936-3938-2467-88ba-ba5fe2debf14/scene0068_01-scene0068_00-scene0068_05-scene0068_03-scene0068_02/T4,5,72,24,0.828432023525238,6987,0.8990983254615715,0.10090167453842847,6,100,0.06
10b17936-3938-2467-88ba-ba5fe2debf14,scene0068_01-scene0068_00-scene0068_05-scene0068_03-scene0068_02,4,10b17936-3938-2467-88ba-ba5fe2debf14/scene0068_01-scene0068_00-scene0068_05-scene0068_03-scene0068_02/T4,5,73,16,0.727036714553833,4013,0.9073012708696736,0.0926987291303264,6,100,0.06
10b17936-3938-2467-88ba-ba5fe2debf14,scene0068_01-scene0068_00-scene0068_05-scene0068_03-scene0068_02,4,10b17936-3938-2467-88ba-ba5fe2debf14/scene0068_01-scene0068_00-scene0068_05-scene0068_03-scene0068_02/T4,5,81,21,0.8871662616729736,5565,0.9254267744833783,0.07457322551662171,6,100,0.06
10b17936-3938-2467-88ba-ba5fe2debf14,scene0068_01-scene0068_00-scene0068_05-scene0068_03-scene0068_02,4,10b17936-3938-2467-88ba-ba5fe2debf14/scene0068_01-scene0068_00-scene0068_05-scene0068_03-scene0068_02/T4,5,91,28,0.8452054858207703,703,0.8776671408250356,0.12233285917496439,6,100,0.06
10b17936-3938-2467-88ba-ba5fe2debf14,scene0068_01-scene0068_00-scene0068_05-scene0068_03-scene0068_02,4,10b17936-3938-2467-88ba-ba5fe2debf14/scene0068_01-scene0068_00-scene0068_05-scene0068_03-scene0068_02/T4,6,12,17,0.3858770430088043,7831,0.6098837951730303,0.39011620482696974,5,100,0.05
10b17936-3938-2467-88ba-ba5fe2debf14,scene0068_01-scene0068_00-scene0068_05-scene0068_03-scene0068_02,4,10b17936-3938-2467-88ba-ba5fe2debf14/scene0068_01-scene0068_00-scene0068_05-scene0068_03-scene0068_02/T4,6,23,16,0.6833653450012207,4013,0.9755793670570645,0.024420632942935505,5,100,0.05
10b17936-3938-2467-88ba-ba5fe2debf14,scene0068_01-scene0068_00-scene0068_05-scene0068_03-scene0068_02,4,10b17936-3938-2467-88ba-ba5fe2debf14/scene0068_01-scene0068_00-scene0068_05-scene0068_03-scene0068_02/T4,6,26,7,0.8317567706108093,1422,0.8656821378340366,0.13431786216596342,5,100,0.05
10b17936-3938-2467-88ba-ba5fe2debf14,scene0068_01-scene0068_00-scene0068_05-scene0068_03-scene0068_02,4,10b17936-3938-2467-88ba-ba5fe2debf14/scene0068_01-scene0068_00-scene0068_05-scene0068_03-scene0068_02/T4,6,30,31,0.4930693209171295,505,0.49306930693069306,0.5069306930693069,5,100,0.05
10b17936-3938-2467-88ba-ba5fe2debf14,scene0068_01-scene0068_00-scene0068_05-scene0068_03-scene0068_02,4,10b17936-3938-2467-88ba-ba5fe2debf14/scene0068_01-scene0068_00-scene0068_05-scene0068_03-scene0068_02/T4,6,33,15,0.5803203582763672,18418,0.8793028559018352,0.12069714409816479,5,100,0.05
10b17936-3938-2467-88ba-ba5fe2debf14,scene0068_01-scene0068_00-scene0068_05-scene0068_03-scene0068_02,4,10b17936-3938-2467-88ba-ba5fe2debf14/scene0068_01-scene0068_00-scene0068_05-scene0068_03-scene0068_02/T4,6,48,8,0.7222476005554199,10896,0.8705947136563876,0.12940528634361237,5,100,0.05
10b17936-3938-2467-88ba-ba5fe2debf14,scene0068_01-scene0068_00-scene0068_05-scene0068_03-scene0068_02,4,10b17936-3938-2467-88ba-ba5fe2debf14/scene0068_01-scene0068_00-scene0068_05-scene0068_03-scene0068_02/T4,6,53,30,0.8949295282363892,7094,0.9305046518184381,0.06949534818156189,5,100,0.05
10b17936-3938-2467-88ba-ba5fe2debf14,scene0068_01-scene0068_00-scene0068_05-scene0068_03-scene0068_02,4,10b17936-3938-2467-88ba-ba5fe2debf14/scene0068_01-scene0068_00-scene0068_05-scene0068_03-scene0068_02/T4,6,54,9,0.7719665169715881,5395,0.9575532900834106,0.04244670991658939,5,100,0.05
10b17936-3938-2467-88ba-ba5fe2debf14,scene0068_01-scene0068_00-scene0068_05-scene0068_03-scene0068_02,4,10b17936-3938-2467-88ba-ba5fe2debf14/scene0068_01-scene0068_00-scene0068_05-scene0068_03-scene0068_02/T4,6,63,5,0.9242857098579407,10092,0.9616527942925089,0.03834720570749106,5,100,0.05
10b17936-3938-2467-88ba-ba5fe2debf14,scene0068_01-scene0068_00-scene0068_05-scene0068_03-scene0068_02,4,10b17936-3938-2467-88ba-ba5fe2debf14/scene0068_01-scene0068_00-scene0068_05-scene0068_03-scene0068_02/T4,6,67,42,0.2347424477338791,13530,0.2441980783444198,0.7558019216555802,5,100,0.05
10b17936-3938-2467-88ba-ba5fe2debf14,scene0068_01-scene0068_00-scene0068_05-scene0068_03-scene0068_02,4,10b17936-3938-2467-88ba-ba5fe2debf14/scene0068_01-scene0068_00-scene0068_05-scene0068_03-scene0068_02/T4,6,72,24,0.8564454317092896,6987,0.9290110204665808,0.0709889795334192,5,100,0.05
10b17936-3938-2467-88ba-ba5fe2debf14,scene0068_01-scene0068_00-scene0068_05-scene0068_03-scene0068_02,4,10b17936-3938-2467-88ba-ba5fe2debf14/scene0068_01-scene0068_00-scene0068_05-scene0068_03-scene0068_02/T4,6,81,21,0.8871662616729736,5565,0.9254267744833783,0.07457322551662171,5,100,0.05
10b17936-3938-2467-88ba-ba5fe2debf14,scene0068_01-scene0068_00-scene0068_05-scene0068_03-scene0068_02,4,10b17936-3938-2467-88ba-ba5fe2debf14/scene0068_01-scene0068_00-scene0068_05-scene0068_03-scene0068_02/T4,6,91,28,0.8452054858207703,703,0.8776671408250356,0.12233285917496439,5,100,0.05
10b17936-3938-2467-88ba-ba5fe2debf14,scene0068_01-scene0068_00-scene0068_05-scene0068_03-scene0068_02,4,10b17936-3938-2467-88ba-ba5fe2debf14/scene0068_01-scene0068_00-scene0068_05-scene0068_03-scene0068_02/T4,7,12,17,0.38686251640319824,7831,0.6054143787511174,0.39458562124888263,3,100,0.03
10b17936-3938-2467-88ba-ba5fe2debf14,scene0068_01-scene0068_00-scene0068_05-scene0068_03-scene0068_02,4,10b17936-3938-2467-88ba-ba5fe2debf14/scene0068_01-scene0068_00-scene0068_05-scene0068_03-scene0068_02/T4,7,21,30,0.8870661854743958,7094,0.9223287285029602,0.07767127149703978,3,100,0.03
10b17936-3938-2467-88ba-ba5fe2debf14,scene0068_01-scene0068_00-scene0068_05-scene0068_03-scene0068_02,4,10b17936-3938-2467-88ba-ba5fe2debf14/scene0068_01-scene0068_00-scene0068_05-scene0068_03-scene0068_02/T4,7,23,16,0.7287442088127136,4013,0.9760777473212061,0.023922252678793887,3,100,0.03
10b17936-3938-2467-88ba-ba5fe2debf14,scene0068_01-scene0068_00-scene0068_05-scene0068_03-scene0068_02,4,10b17936-3938-2467-88ba-ba5fe2debf14/scene0068_01-scene0068_00-scene0068_05-scene0068_03-scene0068_02/T4,7,26,7,0.8098683953285217,1422,0.8656821378340366,0.13431786216596342,3,100,0.03
10b17936-3938-2467-88ba-ba5fe2debf14,scene0068_01-scene0068_00-scene0068_05-scene0068_03-scene0068_02,4,10b17936-3938-2467-88ba-ba5fe2debf14/scene0068_01-scene0068_00-scene0068_05-scene0068_03-scene0068_02/T4,7,30,31,0.4930693209171295,505,0.49306930693069306,0.5069306930693069,3,100,0.03
10b17936-3938-2467-88ba-ba5fe2debf14,scene0068_01-scene0068_00-scene0068_05-scene0068_03-scene0068_02,4,10b17936-3938-2467-88ba-ba5fe2debf14/scene0068_01-scene0068_00-scene0068_05-scene0068_03-scene0068_02/T4,7,33,15,0.5903896689414978,18418,0.8752307525247041,0.12476924747529594,3,100,0.03
10b17936-3938-2467-88ba-ba5fe2debf14,scene0068_01-scene0068_00-scene0068_05-scene0068_03-scene0068_02,4,10b17936-3938-2467-88ba-ba5fe2debf14/scene0068_01-scene0068_00-scene0068_05-scene0068_03-scene0068_02/T4,7,54,9,0.776882529258728,5395,0.9829471733086191,0.017052826691380862,3,100,0.03
10b17936-3938-2467-88ba-ba5fe2debf14,scene0068_01-scene0068_00-scene0068_05-scene0068_03-scene0068_02,4,10b17936-3938-2467-88ba-ba5fe2debf14/scene0068_01-scene0068_00-scene0068_05-scene0068_03-scene0068_02/T4,7,62,5,0.9460455179214478,10092,0.992072929052715,0.007927070947284953,3,100,0.03
10b17936-3938-2467-88ba-ba5fe2debf14,scene0068_01-scene0068_00-scene0068_05-scene0068_03-scene0068_02,4,10b17936-3938-2467-88ba-ba5fe2debf14/scene0068_01-scene0068_00-scene0068_05-scene0068_03-scene0068_02/T4,7,65,42,0.2671104073524475,13530,0.2728750923872875,0.7271249076127124,3,100,0.03
10b17936-3938-2467-88ba-ba5fe2debf14,scene0068_01-scene0068_00-scene0068_05-scene0068_03-scene0068_02,4,10b17936-3938-2467-88ba-ba5fe2debf14/scene0068_01-scene0068_00-scene0068_05-scene0068_03-scene0068_02/T4,7,72,24,0.8534741401672363,6987,0.937025905252612,0.06297409474738802,3,100,0.03
10b17936-3938-2467-88ba-ba5fe2debf14,scene0068_01-scene0068_00-scene0068_05-scene0068_03-scene0068_02,4,10b17936-3938-2467-88ba-ba5fe2debf14/scene0068_01-scene0068_00-scene0068_05-scene0068_03-scene0068_02/T4,7,81,21,0.8857929110527039,5565,0.9254267744833783,0.07457322551662171,3,100,0.03
10b17936-3938-2467-88ba-ba5fe2debf14,scene0068_01-scene0068_00-scene0068_05-scene0068_03-scene0068_02,4,10b17936-3938-2467-88ba-ba5fe2debf14/scene0068_01-scene0068_00-scene0068_05-scene0068_03-scene0068_02/T4,7,91,28,0.8452054858207703,703,0.8776671408250356,0.12233285917496439,3,100,0.03
10b17936-3938-2467-88ba-ba5fe2debf14,scene0068_01-scene0068_00-scene0068_05-scene0068_03-scene0068_02,4,10b17936-3938-2467-88ba-ba5fe2debf14/scene0068_01-scene0068_00-scene0068_05-scene0068_03-scene0068_02/T4,7,94,8,0.7071083784103394,10896,0.7659691629955947,0.2340308370044053,3,100,0.03
10b17936-3938-2467-88ba-ba5fe2debf14,scene0068_01-scene0068_00-scene0068_05-scene0068_03-scene0068_02,4,10b17936-3938-2467-88ba-ba5fe2debf14/scene0068_01-scene0068_00-scene0068_05-scene0068_03-scene0068_02/T4,8,2,42,0.22960440814495087,13530,0.23422025129342203,0.765779748706578,7,100,0.07
10b17936-3938-2467-88ba-ba5fe2debf14,scene0068_01-scene0068_00-scene0068_05-scene0068_03-scene0068_02,4,10b17936-3938-2467-88ba-ba5fe2debf14/scene0068_01-scene0068_00-scene0068_05-scene0068_03-scene0068_02/T4,8,12,17,0.3881535530090332,7831,0.5991571957604392,0.40084280423956076,7,100,0.07
10b17936-3938-2467-88ba-ba5fe2debf14,scene0068_01-scene0068_00-scene0068_05-scene0068_03-scene0068_02,4,10b17936-3938-2467-88ba-ba5fe2debf14/scene0068_01-scene0068_00-scene0068_05-scene0068_03-scene0068_02/T4,8,15,30,0.8942516446113586,7094,0.9297998308429659,0.07020016915703409,7,100,0.07
10b17936-3938-2467-88ba-ba5fe2debf14,scene0068_01-scene0068_00-scene0068_05-scene0068_03-scene0068_02,4,10b17936-3938-2467-88ba-ba5fe2debf14/scene0068_01-scene0068_00-scene0068_05-scene0068_03-scene0068_02/T4,8,23,16,0.6616339683532715,4013,0.9828058808871168,0.017194119112883155,7,100,0.07
10b17936-3938-2467-88ba-ba5fe2debf14,scene0068_01-scene0068_00-scene0068_05-scene0068_03-scene0068_02,4,10b17936-3938-2467-88ba-ba5fe2debf14/scene0068_01-scene0068_00-scene0068_05-scene0068_03-scene0068_02/T4,8,26,7,0.8317567706108093,1422,0.8656821378340366,0.13431786216596342,7,100,0.07
10b17936-3938-2467-88ba-ba5fe2debf14,scene0068_01-scene0068_00-scene0068_05-scene0068_03-scene0068_02,4,10b17936-3938-2467-88ba-ba5fe2debf14/scene0068_01-scene0068_00-scene0068_05-scene0068_03-scene0068_02/T4,8,30,31,0.4930693209171295,505,0.49306930693069306,0.5069306930693069,7,100,0.07
10b17936-3938-2467-88ba-ba5fe2debf14,scene0068_01-scene0068_00-scene0068_05-scene0068_03-scene0068_02,4,10b17936-3938-2467-88ba-ba5fe2debf14/scene0068_01-scene0068_00-scene0068_05-scene0068_03-scene0068_02/T4,8,33,15,0.6000586748123169,18418,0.8884243674666088,0.1115756325333912,7,100,0.07
10b17936-3938-2467-88ba-ba5fe2debf14,scene0068_01-scene0068_00-scene0068_05-scene0068_03-scene0068_02,4,10b17936-3938-2467-88ba-ba5fe2debf14/scene0068_01-scene0068_00-scene0068_05-scene0068_03-scene0068_02/T4,8,54,9,0.7838371396064758,5395,0.9564411492122336,0.043558850787766445,7,100,0.07
10b17936-3938-2467-88ba-ba5fe2debf14,scene0068_01-scene0068_00-scene0068_05-scene0068_03-scene0068_02,4,10b17936-3938-2467-88ba-ba5fe2debf14/scene0068_01-scene0068_00-scene0068_05-scene0068_03-scene0068_02/T4,8,66,5,0.9469302892684937,10092,0.9918747522790329,0.008125247720967121,7,100,0.07
10b17936-3938-2467-88ba-ba5fe2debf14,scene0068_01-scene0068_00-scene0068_05-scene0068_03-scene0068_02,4,10b17936-3938-2467-88ba-ba5fe2debf14/scene0068_01-scene0068_00-scene0068_05-scene0068_03-scene0068_02/T4,8,76,24,0.8106041550636292,6987,0.9102619149849721,0.08973808501502789,7,100,0.07
10b17936-3938-2467-88ba-ba5fe2debf14,scene0068_01-scene0068_00-scene0068_05-scene0068_03-scene0068_02,4,10b17936-3938-2467-88ba-ba5fe2debf14/scene0068_01-scene0068_00-scene0068_05-scene0068_03-scene0068_02/T4,8,86,21,0.8992927074432373,5565,0.9595687331536388,0.040431266846361225,7,100,0.07
10b17936-3938-2467-88ba-ba5fe2debf14,scene0068_01-scene0068_00-scene0068_05-scene0068_03-scene0068_02,4,10b17936-3938-2467-88ba-ba5fe2debf14/scene0068_01-scene0068_00-scene0068_05-scene0068_03-scene0068_02/T4,8,91,28,0.8452054858207703,703,0.8776671408250356,0.12233285917496439,7,100,0.07
10b17936-3938-2467-88ba-ba5fe2debf14,scene0068_01-scene0068_00-scene0068_05-scene0068_03-scene0068_02,4,10b17936-3938-2467-88ba-ba5fe2debf14/scene0068_01-scene0068_00-scene0068_05-scene0068_03-scene0068_02/T4,8,94,8,0.6871404647827148,10896,0.7454111600587372,0.2545888399412628,7,100,0.07
10b17936-3938-2467-88ba-ba5fe2debf14,scene0068_01-scene0068_00-scene0068_05-scene0068_03-scene0068_02,4,10b17936-3938-2467-88ba-ba5fe2debf14/scene0068_01-scene0068_00-scene0068_05-scene0068_03-scene0068_02/T4,9,12,17,0.38310492038726807,7831,0.6103945856212489,0.38960541437875107,7,100,0.07
10b17936-3938-2467-88ba-ba5fe2debf14,scene0068_01-scene0068_00-scene0068_05-scene0068_03-scene0068_02,4,10b17936-3938-2467-88ba-ba5fe2debf14/scene0068_01-scene0068_00-scene0068_05-scene0068_03-scene0068_02/T4,9,23,16,0.6997706890106201,4013,0.9885372539247446,0.011462746075255437,7,100,0.07
10b17936-3938-2467-88ba-ba5fe2debf14,scene0068_01-scene0068_00-scene0068_05-scene0068_03-scene0068_02,4,10b17936-3938-2467-88ba-ba5fe2debf14/scene0068_01-scene0068_00-scene0068_05-scene0068_03-scene0068_02/T4,9,26,7,0.8317567706108093,1422,0.8656821378340366,0.13431786216596342,7,100,0.07
10b17936-3938-2467-88ba-ba5fe2debf14,scene0068_01-scene0068_00-scene0068_05-scene0068_03-scene0068_02,4,10b17936-3938-2467-88ba-ba5fe2debf14/scene0068_01-scene0068_00-scene0068_05-scene0068_03-scene0068_02/T4,9,30,31,0.4930693209171295,505,0.49306930693069306,0.5069306930693069,7,100,0.07
10b17936-3938-2467-88ba-ba5fe2debf14,scene0068_01-scene0068_00-scene0068_05-scene0068_03-scene0068_02,4,10b17936-3938-2467-88ba-ba5fe2debf14/scene0068_01-scene0068_00-scene0068_05-scene0068_03-scene0068_02/T4,9,33,15,0.5996479392051697,18418,0.8877185362145728,0.11228146378542725,7,100,0.07
10b17936-3938-2467-88ba-ba5fe2debf14,scene0068_01-scene0068_00-scene0068_05-scene0068_03-scene0068_02,4,10b17936-3938-2467-88ba-ba5fe2debf14/scene0068_01-scene0068_00-scene0068_05-scene0068_03-scene0068_02/T4,9,53,30,0.8949295282363892,7094,0.9305046518184381,0.06949534818156189,7,100,0.07
10b17936-3938-2467-88ba-ba5fe2debf14,scene0068_01-scene0068_00-scene0068_05-scene0068_03-scene0068_02,4,10b17936-3938-2467-88ba-ba5fe2debf14/scene0068_01-scene0068_00-scene0068_05-scene0068_03-scene0068_02/T4,9,54,9,0.7810501456260681,5395,0.9733086190917516,0.026691380908248408,7,100,0.07
10b17936-3938-2467-88ba-ba5fe2debf14,scene0068_01-scene0068_00-scene0068_05-scene0068_03-scene0068_02,4,10b17936-3938-2467-88ba-ba5fe2debf14/scene0068_01-scene0068_00-scene0068_05-scene0068_03-scene0068_02/T4,9,62,5,0.8951672315597534,10092,0.9654181529924692,0.03458184700753075,7,100,0.07
10b17936-3938-2467-88ba-ba5fe2debf14,scene0068_01-scene0068_00-scene0068_05-scene0068_03-scene0068_02,4,10b17936-3938-2467-88ba-ba5fe2debf14/scene0068_01-scene0068_00-scene0068_05-scene0068_03-scene0068_02/T4,9,65,42,0.18635401129722595,13530,0.1885439763488544,0.8114560236511457,7,100,0.07
10b17936-3938-2467-88ba-ba5fe2debf14,scene0068_01-scene0068_00-scene0068_05-scene0068_03-scene0068_02,4,10b17936-3938-2467-88ba-ba5fe2debf14/scene0068_01-scene0068_00-scene0068_05-scene0068_03-scene0068_02/T4,9,76,24,0.8054158687591553,6987,0.8939458995276943,0.10605410047230568,7,100,0.07
10b17936-3938-2467-88ba-ba5fe2debf14,scene0068_01-scene0068_00-scene0068_05-scene0068_03-scene0068_02,4,10b17936-3938-2467-88ba-ba5fe2debf14/scene0068_01-scene0068_00-scene0068_05-scene0068_03-scene0068_02/T4,9,86,21,0.9084020853042603,5565,0.9694519317160827,0.030548068283917318,7,100,0.07
10b17936-3938-2467-88ba-ba5fe2debf14,scene0068_01-scene0068_00-scene0068_05-scene0068_03-scene0068_02,4,10b17936-3938-2467-88ba-ba5fe2debf14/scene0068_01-scene0068_00-scene0068_05-scene0068_03-scene0068_02/T4,9,91,28,0.8452054858207703,703,0.8776671408250356,0.12233285917496439,7,100,0.07
10b17936-3938-2467-88ba-ba5fe2debf14,scene0068_01-scene0068_00-scene0068_05-scene0068_03-scene0068_02,4,10b17936-3938-2467-88ba-ba5fe2debf14/scene0068_01-scene0068_00-scene0068_05-scene0068_03-scene0068_02/T4,9,94,8,0.7364278435707092,10896,0.8328744493392071,0.16712555066079293,7,100,0.07
10b17936-3938-2467-88ba-ba5fe2debf14,scene0068_01-scene0068_00-scene0068_05-scene0068_03-scene0068_02,4,10b17936-3938-2467-88ba-ba5fe2debf14/scene0068_01-scene0068_00-scene0068_05-scene0068_03-scene0068_02/T4,10,2,42,0.23357823491096497,13530,0.23732446415373246,0.7626755358462676,8,100,0.08
10b17936-3938-2467-88ba-ba5fe2debf14,scene0068_01-scene0068_00-scene0068_05-scene0068_03-scene0068_02,4,10b17936-3938-2467-88ba-ba5fe2debf14/scene0068_01-scene0068_00-scene0068_05-scene0068_03-scene0068_02/T4,10,8,16,0.7573368549346924,4013,0.8616994767007227,0.13830052329927733,8,100,0.08
10b17936-3938-2467-88ba-ba5fe2debf14,scene0068_01-scene0068_00-scene0068_05-scene0068_03-scene0068_02,4,10b17936-3938-2467-88ba-ba5fe2debf14/scene0068_01-scene0068_00-scene0068_05-scene0068_03-scene0068_02/T4,10,10,21,0.8984788656234741,5565,0.9446540880503145,0.05534591194968552,8,100,0.08
10b17936-3938-2467-88ba-ba5fe2debf14,scene0068_01-scene0068_00-scene0068_05-scene0068_03-scene0068_02,4,10b17936-3938-2467-88ba-ba5fe2debf14/scene0068_01-scene0068_00-scene0068_05-scene0068_03-scene0068_02/T4,10,12,17,0.3857962489128113,7831,0.6097560975609756,0.3902439024390244,8,100,0.08
10b17936-3938-2467-88ba-ba5fe2debf14,scene0068_01-scene0068_00-scene0068_05-scene0068_03-scene0068_02,4,10b17936-3938-2467-88ba-ba5fe2debf14/scene0068_01-scene0068_00-scene0068_05-scene0068_03-scene0068_02/T4,10,15,30,0.8895065188407898,7094,0.9248660840146603,0.0751339159853397,8,100,0.08
10b17936-3938-2467-88ba-ba5fe2debf14,scene0068_01-scene0068_00-scene0068_05-scene0068_03-scene0068_02,4,10b17936-3938-2467-88ba-ba5fe2debf14/scene0068_01-scene0068_00-scene0068_05-scene0068_03-scene0068_02/T4,10,26,7,0.8317567706108093,1422,0.8656821378340366,0.13431786216596342,8,100,0.08
10b17936-3938-2467-88ba-ba5fe2debf14,scene0068_01-scene0068_00-scene0068_05-scene0068_03-scene0068_02,4,10b17936-3938-2467-88ba-ba5fe2debf14/scene0068_01-scene0068_00-scene0068_05-scene0068_03-scene0068_02/T4,10,30,31,0.4930693209171295,505,0.49306930693069306,0.5069306930693069,8,100,0.08
10b17936-3938-2467-88ba-ba5fe2debf14,scene0068_01-scene0068_00-scene0068_05-scene0068_03-scene0068_02,4,10b17936-3938-2467-88ba-ba5fe2debf14/scene0068_01-scene0068_00-scene0068_05-scene0068_03-scene0068_02/T4,10,33,15,0.5663052797317505,18418,0.8933651862308611,0.10663481376913886,8,100,0.08
10b17936-3938-2467-88ba-ba5fe2debf14,scene0068_01-scene0068_00-scene0068_05-scene0068_03-scene0068_02,4,10b17936-3938-2467-88ba-ba5fe2debf14/scene0068_01-scene0068_00-scene0068_05-scene0068_03-scene0068_02/T4,10,54,9,0.7847581505775452,5395,0.9562557924003707,0.04374420759962927,8,100,0.08
10b17936-3938-2467-88ba-ba5fe2debf14,scene0068_01-scene0068_00-scene0068_05-scene0068_03-scene0068_02,4,10b17936-3938-2467-88ba-ba5fe2debf14/scene0068_01-scene0068_00-scene0068_05-scene0068_03-scene0068_02/T4,10,66,5,0.9500950574874878,10092,0.990388426476417,0.009611573523582995,8,100,0.08
10b17936-3938-2467-88ba-ba5fe2debf14,scene0068_01-scene0068_00-scene0068_05-scene0068_03-scene0068_02,4,10b17936-3938-2467-88ba-ba5fe2debf14/scene0068_01-scene0068_00-scene0068_05-scene0068_03-scene0068_02/T4,10,76,24,0.7940430641174316,6987,0.8966652354372406,0.10333476456275936,8,100,0.08
10b17936-3938-2467-88ba-ba5fe2debf14,scene0068_01-scene0068_00-scene0068_05-scene0068_03-scene0068_02,4,10b17936-3938-2467-88ba-ba5fe2debf14/scene0068_01-scene0068_00-scene0068_05-scene0068_03-scene0068_02/T4,10,91,28,0.8452054858207703,703,0.8776671408250356,0.12233285917496439,8,100,0.08
10b17936-3938-2467-88ba-ba5fe2debf14,scene0068_01-scene0068_00-scene0068_05-scene0068_03-scene0068_02,4,10b17936-3938-2467-88ba-ba5fe2debf14/scene0068_01-scene0068_00-scene0068_05-scene0068_03-scene0068_02/T4,10,94,8,0.7337154150009155,10896,0.8342511013215859,0.16574889867841414,8,100,0.08
10b17936-3938-2467-88ba-ba5fe2debf14,scene0068_01-scene0068_00-scene0068_05-scene0068_03-scene0068_02,4,10b17936-3938-2467-88ba-ba5fe2debf14/scene0068_01-scene0068_00-scene0068_05-scene0068_03-scene0068_02/T4,11,2,42,0.28941091895103455,13530,0.2959349593495935,0.7040650406504065,2,100,0.02
10b17936-3938-2467-88ba-ba5fe2debf14,scene0068_01-scene0068_00-scene0068_05-scene0068_03-scene0068_02,4,10b17936-3938-2467-88ba-ba5fe2debf14/scene0068_01-scene0068_00-scene0068_05-scene0068_03-scene0068_02/T4,11,12,17,0.37768515944480896,7831,0.6017111480015324,0.39828885199846764,2,100,0.02
10b17936-3938-2467-88ba-ba5fe2debf14,scene0068_01-scene0068_00-scene0068_05-scene0068_03-scene0068_02,4,10b17936-3938-2467-88ba-ba5fe2debf14/scene0068_01-scene0068_00-scene0068_05-scene0068_03-scene0068_02/T4,11,15,30,0.8775759339332581,7094,0.912461234846349,0.087538765153651,2,100,0.02
10b17936-3938-2467-88ba-ba5fe2debf14,scene0068_01-scene0068_00-scene0068_05-scene0068_03-scene0068_02,4,10b17936-3938-2467-88ba-ba5fe2debf14/scene0068_01-scene0068_00-scene0068_05-scene0068_03-scene0068_02/T4,11,23,16,0.7381221652030945,4013,0.9755793670570645,0.024420632942935505,2,100,0.02
10b17936-3938-2467-88ba-ba5fe2debf14,scene0068_01-scene0068_00-scene0068_05-scene0068_03-scene0068_02,4,10b17936-3938-2467-88ba-ba5fe2debf14/scene0068_01-scene0068_00-scene0068_05-scene0068_03-scene0068_02/T4,11,26,7,0.8098683953285217,1422,0.8656821378340366,0.13431786216596342,2,100,0.02
10b17936-3938-2467-88ba-ba5fe2debf14,scene0068_01-scene0068_00-scene0068_05-scene0068_03-scene0068_02,4,10b17936-3938-2467-88ba-ba5fe2debf14/scene0068_01-scene0068_00-scene0068_05-scene0068_03-scene0068_02/T4,11,30,31,0.4930693209171295,505,0.49306930693069306,0.5069306930693069,2,100,0.02
10b17936-3938-2467-88ba-ba5fe2debf14,scene0068_01-scene0068_00-scene0068_05-scene0068_03-scene0068_02,4,10b17936-3938-2467-88ba-ba5fe2debf14/scene0068_01-scene0068_00-scene0068_05-scene0068_03-scene0068_02/T4,11,45,15,0.6104786396026611,18418,0.7540992507329786,0.24590074926702143,2,100,0.02
10b17936-3938-2467-88ba-ba5fe2debf14,scene0068_01-scene0068_00-scene0068_05-scene0068_03-scene0068_02,4,10b17936-3938-2467-88ba-ba5fe2debf14/scene0068_01-scene0068_00-scene0068_05-scene0068_03-scene0068_02/T4,11,54,9,0.7775824069976807,5395,0.9836886005560704,0.016311399443929564,2,100,0.02
10b17936-3938-2467-88ba-ba5fe2debf14,scene0068_01-scene0068_00-scene0068_05-scene0068_03-scene0068_02,4,10b17936-3938-2467-88ba-ba5fe2debf14/scene0068_01-scene0068_00-scene0068_05-scene0068_03-scene0068_02/T4,11,63,5,0.9364145398139954,10092,0.9616527942925089,0.03834720570749106,2,100,0.02
10b17936-3938-2467-88ba-ba5fe2debf14,scene0068_01-scene0068_00-scene0068_05-scene0068_03-scene0068_02,4,10b17936-3938-2467-88ba-ba5fe2debf14/scene0068_01-scene0068_00-scene0068_05-scene0068_03-scene0068_02/T4,11,76,24,0.812989354133606,6987,0.9065407184771719,0.09345928152282812,2,100,0.02
10b17936-3938-2467-88ba-ba5fe2debf14,scene0068_01-scene0068_00-scene0068_05-scene0068_03-scene0068_02,4,10b17936-3938-2467-88ba-ba5fe2debf14/scene0068_01-scene0068_00-scene0068_05-scene0068_03-scene0068_02/T4,11,81,21,0.8824435472488403,5565,0.9266846361185984,0.07331536388140159,2,100,0.02
10b17936-3938-2467-88ba-ba5fe2debf14,scene0068_01-scene0068_00-scene0068_05-scene0068_03-scene0068_02,4,10b17936-3938-2467-88ba-ba5fe2debf14/scene0068_01-scene0068_00-scene0068_05-scene0068_03-scene0068_02/T4,11,91,28,0.8452054858207703,703,0.8776671408250356,0.12233285917496439,2,100,0.02
10b17936-3938-2467-88ba-ba5fe2debf14,scene0068_01-scene0068_00-scene0068_05-scene0068_03-scene0068_02,4,10b17936-3938-2467-88ba-ba5fe2debf14/scene0068_01-scene0068_00-scene0068_05-scene0068_03-scene0068_02/T4,11,94,8,0.7354957461357117,10896,0.8074522760646109,0.1925477239353891,2,100,0.02
10b17936-3938-2467-88ba-ba5fe2debf14,scene0068_01-scene0068_00-scene0068_05-scene0068_03-scene0068_02,5,10b17936-3938-2467-88ba-ba5fe2debf14/scene0068_01-scene0068_00-scene0068_05-scene0068_03-scene0068_02/T5,0,0,5,0.0,10024,0.0,1.0,0,100,0.0
10b17936-3938-2467-88ba-ba5fe2debf14,scene0068_01-scene0068_00-scene0068_05-scene0068_03-scene0068_02,5,10b17936-3938-2467-88ba-ba5fe2debf14/scene0068_01-scene0068_00-scene0068_05-scene0068_03-scene0068_02/T5,0,1,7,0.11538461595773697,1822,0.14654226125137212,0.8534577387486278,0,100,0.0
10b17936-3938-2467-88ba-ba5fe2debf14,scene0068_01-scene0068_00-scene0068_05-scene0068_03-scene0068_02,5,10b17936-3938-2467-88ba-ba5fe2debf14/scene0068_01-scene0068_00-scene0068_05-scene0068_03-scene0068_02/T5,0,2,8,0.0,13519,0.0,1.0,0,100,0.0
10b17936-3938-2467-88ba-ba5fe2debf14,scene0068_01-scene0068_00-scene0068_05-scene0068_03-scene0068_02,5,10b17936-3938-2467-88ba-ba5fe2debf14/scene0068_01-scene0068_00-scene0068_05-scene0068_03-scene0068_02/T5,0,3,9,0.0,10060,0.0,1.0,0,100,0.0
10b17936-3938-2467-88ba-ba5fe2debf14,scene0068_01-scene0068_00-scene0068_05-scene0068_03-scene0068_02,5,10b17936-3938-2467-88ba-ba5fe2debf14/scene0068_01-scene0068_00-scene0068_05-scene0068_03-scene0068_02/T5,0,4,15,0.0,20518,0.0,1.0,0,100,0.0
10b17936-3938-2467-88ba-ba5fe2debf14,scene0068_01-scene0068_00-scene0068_05-scene0068_03-scene0068_02,5,10b17936-3938-2467-88ba-ba5fe2debf14/scene0068_01-scene0068_00-scene0068_05-scene0068_03-scene0068_02/T5,0,5,16,0.0,4309,0.0,1.0,0,100,0.0
10b17936-3938-2467-88ba-ba5fe2debf14,scene0068_01-scene0068_00-scene0068_05-scene0068_03-scene0068_02,5,10b17936-3938-2467-88ba-ba5fe2debf14/scene0068_01-scene0068_00-scene0068_05-scene0068_03-scene0068_02/T5,0,6,17,0.009427454322576523,8021,0.010223164193990775,0.9897768358060093,0,100,0.0
10b17936-3938-2467-88ba-ba5fe2debf14,scene0068_01-scene0068_00-scene0068_05-scene0068_03-scene0068_02,5,10b17936-3938-2467-88ba-ba5fe2debf14/scene0068_01-scene0068_00-scene0068_05-scene0068_03-scene0068_02/T5,0,7,21,0.0,5532,0.0,1.0,0,100,0.0
10b17936-3938-2467-88ba-ba5fe2debf14,scene0068_01-scene0068_00-scene0068_05-scene0068_03-scene0068_02,5,10b17936-3938-2467-88ba-ba5fe2debf14/scene0068_01-scene0068_00-scene0068_05-scene0068_03-scene0068_02/T5,0,8,24,0.0,7015,0.0,1.0,0,100,0.0
10b17936-3938-2467-88ba-ba5fe2debf14,scene0068_01-scene0068_00-scene0068_05-scene0068_03-scene0068_02,5,10b17936-3938-2467-88ba-ba5fe2debf14/scene0068_01-scene0068_00-scene0068_05-scene0068_03-scene0068_02/T5,0,9,28,0.10204081982374191,753,0.18592297476759628,0.8140770252324037,0,100,0.0
10b17936-3938-2467-88ba-ba5fe2debf14,scene0068_01-scene0068_00-scene0068_05-scene0068_03-scene0068_02,5,10b17936-3938-2467-88ba-ba5fe2debf14/scene0068_01-scene0068_00-scene0068_05-scene0068_03-scene0068_02/T5,0,10,30,0.0,6961,0.0,1.0,0,100,0.0
10b17936-3938-2467-88ba-ba5fe2debf14,scene0068_01-scene0068_00-scene0068_05-scene0068_03-scene0068_02,5,10b17936-3938-2467-88ba-ba5fe2debf14/scene0068_01-scene0068_00-scene0068_05-scene0068_03-scene0068_02/T5,0,11,31,0.18190045654773712,547,0.36745886654478976,0.6325411334552102,0,100,0.0
10b17936-3938-2467-88ba-ba5fe2debf14,scene0068_01-scene0068_00-scene0068_05-scene0068_03-scene0068_02,5,10b17936-3938-2467-88ba-ba5fe2debf14/scene0068_01-scene0068_00-scene0068_05-scene0068_03-scene0068_02/T5,0,12,42,0.0,14017,0.0,1.0,0,100,0.0
10b17936-3938-2467-88ba-ba5fe2debf14,scene0068_01-scene0068_00-scene0068_05-scene0068_03-scene0068_02,5,10b17936-3938-2467-88ba-ba5fe2debf14/scene0068_01-scene0068_00-scene0068_05-scene0068_03-scene0068_02/T5,1,3,24,0.6735316514968872,7015,0.881111903064861,0.11888809693513902,14,100,0.14
10b17936-3938-2467-88ba-ba5fe2debf14,scene0068_01-scene0068_00-scene0068_05-scene0068_03-scene0068_02,5,10b17936-3938-2467-88ba-ba5fe2debf14/scene0068_01-scene0068_00-scene0068_05-scene0068_03-scene0068_02/T5,1,7,5,0.9036592841148376,10024,0.9928172386272945,0.0071827613727054596,14,100,0.14
10b17936-3938-2467-88ba-ba5fe2debf14,scene0068_01-scene0068_00-scene0068_05-scene0068_03-scene0068_02,5,10b17936-3938-2467-88ba-ba5fe2debf14/scene0068_01-scene0068_00-scene0068_05-scene0068_03-scene0068_02/T5,1,8,28,0.7214111685752869,753,0.7875166002656042,0.21248339973439578,14,100,0.14
10b17936-3938-2467-88ba-ba5fe2debf14,scene0068_01-scene0068_00-scene0068_05-scene0068_03-scene0068_02,5,10b17936-3938-2467-88ba-ba5fe2debf14/scene0068_01-scene0068_00-scene0068_05-scene0068_03-scene0068_02/T5,1,22,31,0.4563862979412079,547,0.5356489945155393,0.46435100548446073,14,100,0.14
10b17936-3938-2467-88ba-ba5fe2debf14,scene0068_01-scene0068_00-scene0068_05-scene0068_03-scene0068_02,5,10b17936-3938-2467-88ba-ba5fe2debf14/scene0068_01-scene0068_00-scene0068_05-scene0068_03-scene0068_02/T5,1,23,8,0.6541022658348083,13519,0.8792810119091649,0.12071898809083514,14,100,0.14
10b17936-3938-2467-88ba-ba5fe2debf14,scene0068_01-scene0068_00-scene0068_05-scene0068_03-scene0068_02,5,10b17936-3938-2467-88ba-ba5fe2debf14/scene0068_01-scene0068_00-scene0068_05-scene0068_03-scene0068_02/T5,1,30,15,0.5121621489524841,20518,0.8671410468856614,0.1328589531143386,14,100,0.14
10b17936-3938-2467-88ba-ba5fe2debf14,scene0068_01-scene0068_00-scene0068_05-scene0068_03-scene0068_02,5,10b17936-3938-2467-88ba-ba5fe2debf14/scene0068_01-scene0068_00-scene0068_05-scene0068_03-scene0068_02/T5,1,43,7,0.7495396137237549,1822,0.893523600439078,0.10647639956092203,14,100,0.14
10b17936-3938-2467-88ba-ba5fe2debf14,scene0068_01-scene0068_00-scene0068_05-scene0068_03-scene0068_02,5,10b17936-3938-2467-88ba-ba5fe2debf14/scene0068_01-scene0068_00-scene0068_05-scene0068_03-scene0068_02/T5,1,44,42,0.12320809066295624,14017,0.3041306984376115,0.6958693015623885,14,100,0.14
10b17936-3938-2467-88ba-ba5fe2debf14,scene0068_01-scene0068_00-scene0068_05-scene0068_03-scene0068_02,5,10b17936-3938-2467-88ba-ba5fe2debf14/scene0068_01-scene0068_00-scene0068_05-scene0068_03-scene0068_02/T5,1,52,30,0.5604321360588074,6961,0.9538859359287458,0.04611406407125418,14,100,0.14
10b17936-3938-2467-88ba-ba5fe2debf14,scene0068_01-scene0068_00-scene0068_05-scene0068_03-scene0068_02,5,10b17936-3938-2467-88ba-ba5fe2debf14/scene0068_01-scene0068_00-scene0068_05-scene0068_03-scene0068_02/T5,1,55,16,0.4996846318244934,4309,0.7354374564864238,0.2645625435135762,14,100,0.14
10b17936-3938-2467-88ba-ba5fe2debf14,scene0068_01-scene0068_00-scene0068_05-scene0068_03-scene0068_02,5,10b17936-3938-2467-88ba-ba5fe2debf14/scene0068_01-scene0068_00-scene0068_05-scene0068_03-scene0068_02/T5,1,61,21,0.8754530549049377,5532,0.9605929139551699,0.03940708604483012,14,100,0.14
10b17936-3938-2467-88ba-ba5fe2debf14,scene0068_01-scene0068_00-scene0068_05-scene0068_03-scene0068_02,5,10b17936-3938-2467-88ba-ba5fe2debf14/scene0068_01-scene0068_00-scene0068_05-scene0068_03-scene0068_02/T5,1,67,17,0.30112069845199585,8021,0.43548186011719237,0.5645181398828076,14,100,0.14
10b17936-3938-2467-88ba-ba5fe2debf14,scene0068_01-scene0068_00-scene0068_05-scene0068_03-scene0068_02,5,10b17936-3938-2467-88ba-ba5fe2debf14/scene0068_01-scene0068_00-scene0068_05-scene0068_03-scene0068_02/T5,1,73,9,0.8081187009811401,10060,0.9854870775347913,0.014512922465208744,14,100,0.14
10b17936-3938-2467-88ba-ba5fe2debf14,scene0068_01-scene0068_00-scene0068_05-scene0068_03-scene0068_02,5,10b17936-3938-2467-88ba-ba5fe2debf14/scene0068_01-scene0068_00-scene0068_05-scene0068_03-scene0068_02/T5,2,18,31,0.3466850817203522,547,0.45886654478976235,0.5411334552102376,1,100,0.01
10b17936-3938-2467-88ba-ba5fe2debf14,scene0068_01-scene0068_00-scene0068_05-scene0068_03-scene0068_02,5,10b17936-3938-2467-88ba-ba5fe2debf14/scene0068_01-scene0068_00-scene0068_05-scene0068_03-scene0068_02/T5,2,26,21,0.8800197243690491,5532,0.9665582067968185,0.033441793203181525,1,100,0.01
10b17936-3938-2467-88ba-ba5fe2debf14,scene0068_01-scene0068_00-scene0068_05-scene0068_03-scene0068_02,5,10b17936-3938-2467-88ba-ba5fe2debf14/scene0068_01-scene0068_00-scene0068_05-scene0068_03-scene0068_02/T5,2,30,42,0.12775278091430664,14017,0.3099807376756795,0.6900192623243204,1,100,0.01
10b17936-3938-2467-88ba-ba5fe2debf14,scene0068_01-scene0068_00-scene0068_05-scene0068_03-scene0068_02,5,10b17936-3938-2467-88ba-ba5fe2debf14/scene0068_01-scene0068_00-scene0068_05-scene0068_03-scene0068_02/T5,2,37,28,0.7271523475646973,753,0.7290836653386454,0.27091633466135456,1,100,0.01
10b17936-3938-2467-88ba-ba5fe2debf14,scene0068_01-scene0068_00-scene0068_05-scene0068_03-scene0068_02,5,10b17936-3938-2467-88ba-ba5fe2debf14/scene0068_01-scene0068_00-scene0068_05-scene0068_03-scene0068_02/T5,2,45,5,0.9662037491798401,10024,0.9925179569034318,0.007482043096568192,1,100,0.01
10b17936-3938-2467-88ba-ba5fe2debf14,scene0068_01-scene0068_00-scene0068_05-scene0068_03-scene0068_02,5,10b17936-3938-2467-88ba-ba5fe2debf14/scene0068_01-scene0068_00-scene0068_05-scene0068_03-scene0068_02/T5,2,50,9,0.8026177883148193,10060,0.9874751491053678,0.012524850894632178,1,100,0.01
10b17936-3938-2467-88ba-ba5fe2debf14,scene0068_01-scene0068_00-scene0068_05-scene0068_03-scene0068_02,5,10b17936-3938-2467-88ba-ba5fe2debf14/scene0068_01-scene0068_00-scene0068_05-scene0068_03-scene0068_02/T5,2,52,30,0.7142132520675659,6961,0.8092228128142508,0.1907771871857492,1,100,0.01
10b17936-3938-2467-88ba-ba5fe2debf14,scene0068_01-scene0068_00-scene0068_05-scene0068_03-scene0068_02,5,10b17936-3938-2467-88ba-ba5fe2debf14/scene0068_01-scene0068_00-scene0068_05-scene0068_03-scene0068_02/T5,2,55,16,0.7078918814659119,4309,0.7598050591784636,0.24019494082153636,1,100,0.01
10b17936-3938-2467-88ba-ba5fe2debf14,scene0068_01-scene0068_00-scene0068_05-scene0068_03-scene0068_02,5,10b17936-3938-2467-88ba-ba5fe2debf14/scene0068_01-scene0068_00-scene0068_05-scene0068_03-scene0068_02/T5,2,67,17,0.4359033703804016,8021,0.7041516020446328,0.2958483979553672,1,100,0.01
10b17936-3938-2467-88ba-ba5fe2debf14,scene0068_01-scene0068_00-scene0068_05-scene0068_03-scene0068_02,5,10b17936-3938-2467-88ba-ba5fe2debf14/scene0068_01-scene0068_00-scene0068_05-scene0068_03-scene0068_02/T5,2,74,7,0.8759480118751526,1822,0.8874862788144896,0.1125137211855104,1,100,0.01
10b17936-3938-2467-88ba-ba5fe2debf14,scene0068_01-scene0068_00-scene0068_05-scene0068_03-scene0068_02,5,10b17936-3938-2467-88ba-ba5fe2debf14/scene0068_01-scene0068_00-scene0068_05-scene0068_03-scene0068_02/T5,2,76,15,0.6032775640487671,20518,0.8432595769568184,0.1567404230431816,1,100,0.01
10b17936-3938-2467-88ba-ba5fe2debf14,scene0068_01-scene0068_00-scene0068_05-scene0068_03-scene0068_02,5,10b17936-3938-2467-88ba-ba5fe2debf14/scene0068_01-scene0068_00-scene0068_05-scene0068_03-scene0068_02/T5,2,78,24,0.6751422882080078,7015,0.7948681397006415,0.20513186029935848,1,100,0.01
10b17936-3938-2467-88ba-ba5fe2debf14,scene0068_01-scene0068_00-scene0068_05-scene0068_03-scene0068_02,5,10b17936-3938-2467-88ba-ba5fe2debf14/scene0068_01-scene0068_00-scene0068_05-scene0068_03-scene0068_02/T5,2,96,8,0.39074504375457764,13519,0.9593904874620904,0.040609512537909565,1,100,0.01
10b17936-3938-2467-88ba-ba5fe2debf14,scene0068_01-scene0068_00-scene0068_05-scene0068_03-scene0068_02,5,10b17936-3938-2467-88ba-ba5fe2debf14/scene0068_01-scene0068_00-scene0068_05-scene0068_03-scene0068_02/T5,3,3,24,0.7152553796768188,7015,0.9163221667854597,0.08367783321454025,5,100,0.05
10b17936-3938-2467-88ba-ba5fe2debf14,scene0068_01-scene0068_00-scene0068_05-scene0068_03-scene0068_02,5,10b17936-3938-2467-88ba-ba5fe2debf14/scene0068_01-scene0068_00-scene0068_05-scene0068_03-scene0068_02/T5,3,19,31,0.3466850817203522,547,0.45886654478976235,0.5411334552102376,5,100,0.05
10b17936-3938-2467-88ba-ba5fe2debf14,scene0068_01-scene0068_00-scene0068_05-scene0068_03-scene0068_02,5,10b17936-3938-2467-88ba-ba5fe2debf14/scene0068_01-scene0068_00-scene0068_05-scene0068_03-scene0068_02/T5,3,23,8,0.5852398872375488,13519,0.6035949404541756,0.3964050595458244,5,100,0.05
10b17936-3938-2467-88ba-ba5fe2debf14,scene0068_01-scene0068_00-scene0068_05-scene0068_03-scene0068_02,5,10b17936-3938-2467-88ba-ba5fe2debf14/scene0068_01-scene0068_00-scene0068_05-scene0068_03-scene0068_02/T5,3,26,21,0.8955198526382446,5532,0.9575198843094722,0.04248011569052779,5,100,0.05
10b17936-3938-2467-88ba-ba5fe2debf14,scene0068_01-scene0068_00-scene0068_05-scene0068_03-scene0068_02,5,10b17936-3938-2467-88ba-ba5fe2debf14/scene0068_01-scene0068_00-scene0068_05-scene0068_03-scene0068_02/T5,3,29,15,0.5451822876930237,20518,0.7630373330733989,0.23696266692660106,5,100,0.05
10b17936-3938-2467-88ba-ba5fe2debf14,scene0068_01-scene0068_00-scene0068_05-scene0068_03-scene0068_02,5,10b17936-3938-2467-88ba-ba5fe2debf14/scene0068_01-scene0068_00-scene0068_05-scene0068_03-scene0068_02/T5,3,31,30,0.7334848642349243,6961,0.7417037781927884,0.25829622180721157,5,100,0.05
10b17936-3938-2467-88ba-ba5fe2debf14,scene0068_01-scene0068_00-scene0068_05-scene0068_03-scene0068_02,5,10b17936-3938-2467-88ba-ba5fe2debf14/scene0068_01-scene0068_00-scene0068_05-scene0068_03-scene0068_02/T5,3,43,7,0.8438796401023865,1822,0.8929747530186608,0.1070252469813392,5,100,0.05
10b17936-3938-2467-88ba-ba5fe2debf14,scene0068_01-scene0068_00-scene0068_05-scene0068_03-scene0068_02,5,10b17936-3938-2467-88ba-ba5fe2debf14/scene0068_01-scene0068_00-scene0068_05-scene0068_03-scene0068_02/T5,3,56,5,0.967390239238739,10024,0.9914205905826018,0.00857940941739821,5,100,0.05
10b17936-3938-2467-88ba-ba5fe2debf14,scene0068_01-scene0068_00-scene0068_05-scene0068_03-scene0068_02,5,10b17936-3938-2467-88ba-ba5fe2debf14/scene0068_01-scene0068_00-scene0068_05-scene0068_03-scene0068_02/T5,3,71,28,0.7959442138671875,753,0.8339973439575034,0.16600265604249664,5,100,0.05
10b17936-3938-2467-88ba-ba5fe2debf14,scene0068_01-scene0068_00-scene0068_05-scene0068_03-scene0068_02,5,10b17936-3938-2467-88ba-ba5fe2debf14/scene0068_01-scene0068_00-scene0068_05-scene0068_03-scene0068_02/T5,3,75,42,0.12029062211513519,14017,0.42048940572162374,0.5795105942783763,5,100,0.05
10b17936-3938-2467-88ba-ba5fe2debf14,scene0068_01-scene0068_00-scene0068_05-scene0068_03-scene0068_02,5,10b17936-3938-2467-88ba-ba5fe2debf14/scene0068_01-scene0068_00-scene0068_05-scene0068_03-scene0068_02/T5,3,77,9,0.8402477502822876,10060,0.984493041749503,0.015506958250496972,5,100,0.05
10b17936-3938-2467-88ba-ba5fe2debf14,scene0068_01-scene0068_00-scene0068_05-scene0068_03-scene0068_02,5,10b17936-3938-2467-88ba-ba5fe2debf14/scene0068_01-scene0068_00-scene0068_05-scene0068_03-scene0068_02/T5,3,80,16,0.8011144399642944,4309,0.867486655836621,0.132513344163379,5,100,0.05
10b17936-3938-2467-88ba-ba5fe2debf14,scene0068_01-scene0068_00-scene0068_05-scene0068_03-scene0068_02,5,10b17936-3938-2467-88ba-ba5fe2debf14/scene0068_01-scene0068_00-scene0068_05-scene0068_03-scene0068_02/T5,3,84,17,0.4349023699760437,8021,0.6692432365041765,0.3307567634958235,5,100,0.05
10b17936-3938-2467-88ba-ba5fe2debf14,scene0068_01-scene0068_00-scene0068_05-scene0068_03-scene0068_02,5,10b17936-3938-2467-88ba-ba5fe2debf14/scene0068_01-scene0068_00-scene0068_05-scene0068_03-scene0068_02/T5,4,12,17,0.41616129875183105,8021,0.6330881436229897,0.3669118563770103,10,100,0.1
10b17936-3938-2467-88ba-ba5fe2debf14,scene0068_01-scene0068_00-scene0068_05-scene0068_03-scene0068_02,5,10b17936-3938-2467-88ba-ba5fe2debf14/scene0068_01-scene0068_00-scene0068_05-scene0068_03-scene0068_02/T5,4,23,8,0.5910036563873291,13519,0.6093645979732228,0.39063540202677716,10,100,0.1
10b17936-3938-2467-88ba-ba5fe2debf14,scene0068_01-scene0068_00-scene0068_05-scene0068_03-scene0068_02,5,10b17936-3938-2467-88ba-ba5fe2debf14/scene0068_01-scene0068_00-scene0068_05-scene0068_03-scene0068_02/T5,4,26,21,0.8906066417694092,5532,0.958062183658713,0.041937816341287015,10,100,0.1
10b17936-3938-2467-88ba-ba5fe2debf14,scene0068_01-scene0068_00-scene0068_05-scene0068_03-scene0068_02,5,10b17936-3938-2467-88ba-ba5fe2debf14/scene0068_01-scene0068_00-scene0068_05-scene0068_03-scene0068_02/T5,4,40,15,0.6611948609352112,20518,0.8657276537674238,0.13427234623257622,10,100,0.1
10b17936-3938-2467-88ba-ba5fe2debf14,scene0068_01-scene0068_00-scene0068_05-scene0068_03-scene0068_02,5,10b17936-3938-2467-88ba-ba5fe2debf14/scene0068_01-scene0068_00-scene0068_05-scene0068_03-scene0068_02/T5,4,43,7,0.8786565661430359,1822,0.8902305159165752,0.1097694840834248,10,100,0.1
10b17936-3938-2467-88ba-ba5fe2debf14,scene0068_01-scene0068_00-scene0068_05-scene0068_03-scene0068_02,5,10b17936-3938-2467-88ba-ba5fe2debf14/scene0068_01-scene0068_00-scene0068_05-scene0068_03-scene0068_02/T5,4,49,30,0.8921411633491516,6961,0.9589139491452378,0.041086050854762246,10,100,0.1
10b17936-3938-2467-88ba-ba5fe2debf14,scene0068_01-scene0068_00-scene0068_05-scene0068_03-scene0068_02,5,10b17936-3938-2467-88ba-ba5fe2debf14/scene0068_01-scene0068_00-scene0068_05-scene0068_03-scene0068_02/T5,4,50,9,0.8350979089736938,10060,0.9408548707753479,0.05914512922465209,10,100,0.1
10b17936-3938-2467-88ba-ba5fe2debf14,scene0068_01-scene0068_00-scene0068_05-scene0068_03-scene0068_02,5,10b17936-3938-2467-88ba-ba5fe2debf14/scene0068_01-scene0068_00-scene0068_05-scene0068_03-scene0068_02/T5,4,55,16,0.7577764391899109,4309,0.8763054072870735,0.12369459271292649,10,100,0.1
10b17936-3938-2467-88ba-ba5fe2debf14,scene0068_01-scene0068_00-scene0068_05-scene0068_03-scene0068_02,5,10b17936-3938-2467-88ba-ba5fe2debf14/scene0068_01-scene0068_00-scene0068_05-scene0068_03-scene0068_02/T5,4,56,5,0.9593096375465393,10024,0.9925179569034318,0.007482043096568192,10,100,0.1
10b17936-3938-2467-88ba-ba5fe2debf14,scene0068_01-scene0068_00-scene0068_05-scene0068_03-scene0068_02,5,10b17936-3938-2467-88ba-ba5fe2debf14/scene0068_01-scene0068_00-scene0068_05-scene0068_03-scene0068_02/T5,4,71,28,0.8149556517601013,753,0.8539176626826029,0.14608233731739706,10,100,0.1
10b17936-3938-2467-88ba-ba5fe2debf14,scene0068_01-scene0068_00-scene0068_05-scene0068_03-scene0068_02,5,10b17936-3938-2467-88ba-ba5fe2debf14/scene0068_01-scene0068_00-scene0068_05-scene0068_03-scene0068_02/T5,4,78,24,0.7168891429901123,7015,0.8803991446899501,0.11960085531004994,10,100,0.1
10b17936-3938-2467-88ba-ba5fe2debf14,scene0068_01-scene0068_00-scene0068_05-scene0068_03-scene0068_02,5,10b17936-3938-2467-88ba-ba5fe2debf14/scene0068_01-scene0068_00-scene0068_05-scene0068_03-scene0068_02/T5,4,86,42,0.15192680060863495,14017,0.30798316330170505,0.692016836698295,10,100,0.1
10b17936-3938-2467-88ba-ba5fe2debf14,scene0068_01-scene0068_00-scene0068_05-scene0068_03-scene0068_02,5,10b17936-3938-2467-88ba-ba5fe2debf14/scene0068_01-scene0068_00-scene0068_05-scene0068_03-scene0068_02/T5,4,90,31,0.47979798913002014,547,0.5210237659963437,0.4789762340036563,10,100,0.1
10b17936-3938-2467-88ba-ba5fe2debf14,scene0068_01-scene0068_00-scene0068_05-scene0068_03-scene0068_02,5,10b17936-3938-2467-88ba-ba5fe2debf14/scene0068_01-scene0068_00-scene0068_05-scene0068_03-scene0068_02/T5,5,1,9,0.8463595509529114,10060,0.9752485089463221,0.02475149105367791,8,100,0.08
10b17936-3938-2467-88ba-ba5fe2debf14,scene0068_01-scene0068_00-scene0068_05-scene0068_03-scene0068_02,5,10b17936-3938-2467-88ba-ba5fe2debf14/scene0068_01-scene0068_00-scene0068_05-scene0068_03-scene0068_02/T5,5,12,17,0.41717493534088135,8021,0.6395711257947887,0.3604288742052113,8,100,0.08
10b17936-3938-2467-88ba-ba5fe2debf14,scene0068_01-scene0068_00-scene0068_05-scene0068_03-scene0068_02,5,10b17936-3938-2467-88ba-ba5fe2debf14/scene0068_01-scene0068_00-scene0068_05-scene0068_03-scene0068_02/T5,5,19,31,0.27857935428619385,547,0.45886654478976235,0.5411334552102376,8,100,0.08
10b17936-3938-2467-88ba-ba5fe2debf14,scene0068_01-scene0068_00-scene0068_05-scene0068_03-scene0068_02,5,10b17936-3938-2467-88ba-ba5fe2debf14/scene0068_01-scene0068_00-scene0068_05-scene0068_03-scene0068_02/T5,5,26,21,0.8890955448150635,5532,0.9506507592190889,0.049349240780911074,8,100,0.08
10b17936-3938-2467-88ba-ba5fe2debf14,scene0068_01-scene0068_00-scene0068_05-scene0068_03-scene0068_02,5,10b17936-3938-2467-88ba-ba5fe2debf14/scene0068_01-scene0068_00-scene0068_05-scene0068_03-scene0068_02/T5,5,34,24,0.7169004678726196,7015,0.7649322879543835,0.2350677120456165,8,100,0.08
10b17936-3938-2467-88ba-ba5fe2debf14,scene0068_01-scene0068_00-scene0068_05-scene0068_03-scene0068_02,5,10b17936-3938-2467-88ba-ba5fe2debf14/scene0068_01-scene0068_00-scene0068_05-scene0068_03-scene0068_02/T5,5,40,15,0.667414128780365,20518,0.8703577346719953,0.1296422653280047,8,100,0.08
10b17936-3938-2467-88ba-ba5fe2debf14,scene0068_01-scene0068_00-scene0068_05-scene0068_03-scene0068_02,5,10b17936-3938-2467-88ba-ba5fe2debf14/scene0068_01-scene0068_00-scene0068_05-scene0068_03-scene0068_02/T5,5,43,7,0.8759480118751526,1822,0.8874862788144896,0.1125137211855104,8,100,0.08
10b17936-3938-2467-88ba-ba5fe2debf14,scene0068_01-scene0068_00-scene0068_05-scene0068_03-scene0068_02,5,10b17936-3938-2467-88ba-ba5fe2debf14/scene0068_01-scene0068_00-scene0068_05-scene0068_03-scene0068_02/T5,5,49,30,0.8939332962036133,6961,0.9589139491452378,0.041086050854762246,8,100,0.08
10b17936-3938-2467-88ba-ba5fe2debf14,scene0068_01-scene0068_00-scene0068_05-scene0068_03-scene0068_02,5,10b17936-3938-2467-88ba-ba5fe2debf14/scene0068_01-scene0068_00-scene0068_05-scene0068_03-scene0068_02/T5,5,56,5,0.9680778384208679,10024,0.99231843575419,0.007681564245810013,8,100,0.08
10b17936-3938-2467-88ba-ba5fe2debf14,scene0068_01-scene0068_00-scene0068_05-scene0068_03-scene0068_02,5,10b17936-3938-2467-88ba-ba5fe2debf14/scene0068_01-scene0068_00-scene0068_05-scene0068_03-scene0068_02/T5,5,58,16,0.7491582632064819,4309,0.8261777674634486,0.17382223253655138,8,100,0.08
10b17936-3938-2467-88ba-ba5fe2debf14,scene0068_01-scene0068_00-scene0068_05-scene0068_03-scene0068_02,5,10b17936-3938-2467-88ba-ba5fe2debf14/scene0068_01-scene0068_00-scene0068_05-scene0068_03-scene0068_02/T5,5,65,8,0.703778862953186,13519,0.7439159701161329,0.25608402988386714,8,100,0.08
10b17936-3938-2467-88ba-ba5fe2debf14,scene0068_01-scene0068_00-scene0068_05-scene0068_03-scene0068_02,5,10b17936-3938-2467-88ba-ba5fe2debf14/scene0068_01-scene0068_00-scene0068_05-scene0068_03-scene0068_02/T5,5,71,28,0.7959442138671875,753,0.8339973439575034,0.16600265604249664,8,100,0.08
10b17936-3938-2467-88ba-ba5fe2debf14,scene0068_01-scene0068_00-scene0068_05-scene0068_03-scene0068_02,5,10b17936-3938-2467-88ba-ba5fe2debf14/scene0068_01-scene0068_00-scene0068_05-scene0068_03-scene0068_02/T5,5,86,42,0.15494324266910553,14017,0.30769779553399446,0.6923022044660055,8,100,0.08
10b17936-3938-2467-88ba-ba5fe2debf14,scene0068_01-scene0068_00-scene0068_05-scene0068_03-scene0068_02,5,10b17936-3938-2467-88ba-ba5fe2debf14/scene0068_01-scene0068_00-scene0068_05-scene0068_03-scene0068_02/T5,6,19,31,0.34525448083877563,547,0.45886654478976235,0.5411334552102376,6,100,0.06
10b17936-3938-2467-88ba-ba5fe2debf14,scene0068_01-scene0068_00-scene0068_05-scene0068_03-scene0068_02,5,10b17936-3938-2467-88ba-ba5fe2debf14/scene0068_01-scene0068_00-scene0068_05-scene0068_03-scene0068_02/T5,6,26,21,0.8931272029876709,5532,0.9607736804049168,0.03922631959508316,6,100,0.06
10b17936-3938-2467-88ba-ba5fe2debf14,scene0068_01-scene0068_00-scene0068_05-scene0068_03-scene0068_02,5,10b17936-3938-2467-88ba-ba5fe2debf14/scene0068_01-scene0068_00-scene0068_05-scene0068_03-scene0068_02/T5,6,28,42,0.2313106805086136,14017,0.475922094599415,0.5240779054005851,6,100,0.06
10b17936-3938-2467-88ba-ba5fe2debf14,scene0068_01-scene0068_00-scene0068_05-scene0068_03-scene0068_02,5,10b17936-3938-2467-88ba-ba5fe2debf14/scene0068_01-scene0068_00-scene0068_05-scene0068_03-scene0068_02/T5,6,34,24,0.767026424407959,7015,0.8813970064148253,0.11860299358517468,6,100,0.06
10b17936-3938-2467-88ba-ba5fe2debf14,scene0068_01-scene0068_00-scene0068_05-scene0068_03-scene0068_02,5,10b17936-3938-2467-88ba-ba5fe2debf14/scene0068_01-scene0068_00-scene0068_05-scene0068_03-scene0068_02/T5,6,40,15,0.6624943017959595,20518,0.8486694609611073,0.1513305390388927,6,100,0.06
10b17936-3938-2467-88ba-ba5fe2debf14,scene0068_01-scene0068_00-scene0068_05-scene0068_03-scene0068_02,5,10b17936-3938-2467-88ba-ba5fe2debf14/scene0068_01-scene0068_00-scene0068_05-scene0068_03-scene0068_02/T5,6,43,7,0.8759480118751526,1822,0.8874862788144896,0.1125137211855104,6,100,0.06
10b17936-3938-2467-88ba-ba5fe2debf14,scene0068_01-scene0068_00-scene0068_05-scene0068_03-scene0068_02,5,10b17936-3938-2467-88ba-ba5fe2debf14/scene0068_01-scene0068_00-scene0068_05-scene0068_03-scene0068_02/T5,6,49,30,0.8901318311691284,6961,0.9602068668294785,0.039793133170521466,6,100,0.06
10b17936-3938-2467-88ba-ba5fe2debf14,scene0068_01-scene0068_00-scene0068_05-scene0068_03-scene0068_02,5,10b17936-3938-2467-88ba-ba5fe2debf14/scene0068_01-scene0068_00-scene0068_05-scene0068_03-scene0068_02/T5,6,50,9,0.8404367566108704,10060,0.9487077534791253,0.05129224652087472,6,100,0.06
10b17936-3938-2467-88ba-ba5fe2debf14,scene0068_01-scene0068_00-scene0068_05-scene0068_03-scene0068_02,5,10b17936-3938-2467-88ba-ba5fe2debf14/scene0068_01-scene0068_00-scene0068_05-scene0068_03-scene0068_02/T5,6,56,5,0.9677858948707581,10024,0.9920191540303273,0.007980845969672745,6,100,0.06
10b17936-3938-2467-88ba-ba5fe2debf14,scene0068_01-scene0068_00-scene0068_05-scene0068_03-scene0068_02,5,10b17936-3938-2467-88ba-ba5fe2debf14/scene0068_01-scene0068_00-scene0068_05-scene0068_03-scene0068_02/T5,6,65,8,0.7787178158760071,13519,0.8374140099119758,0.1625859900880242,6,100,0.06
10b17936-3938-2467-88ba-ba5fe2debf14,scene0068_01-scene0068_00-scene0068_05-scene0068_03-scene0068_02,5,10b17936-3938-2467-88ba-ba5fe2debf14/scene0068_01-scene0068_00-scene0068_05-scene0068_03-scene0068_02/T5,6,71,28,0.7959442138671875,753,0.8339973439575034,0.16600265604249664,6,100,0.06
10b17936-3938-2467-88ba-ba5fe2debf14,scene0068_01-scene0068_00-scene0068_05-scene0068_03-scene0068_02,5,10b17936-3938-2467-88ba-ba5fe2debf14/scene0068_01-scene0068_00-scene0068_05-scene0068_03-scene0068_02/T5,6,80,16,0.7225756645202637,4309,0.8698073799025295,0.13019262009747046,6,100,0.06
10b17936-3938-2467-88ba-ba5fe2debf14,scene0068_01-scene0068_00-scene0068_05-scene0068_03-scene0068_02,5,10b17936-3938-2467-88ba-ba5fe2debf14/scene0068_01-scene0068_00-scene0068_05-scene0068_03-scene0068_02/T5,6,84,17,0.4448191225528717,8021,0.72360054856003,0.27639945143997,6,100,0.06
10b17936-3938-2467-88ba-ba5fe2debf14,scene0068_01-scene0068_00-scene0068_05-scene0068_03-scene0068_02,5,10b17936-3938-2467-88ba-ba5fe2debf14/scene0068_01-scene0068_00-scene0068_05-scene0068_03-scene0068_02/T5,7,19,31,0.34525448083877563,547,0.45886654478976235,0.5411334552102376,4,100,0.04
10b17936-3938-2467-88ba-ba5fe2debf14,scene0068_01-scene0068_00-scene0068_05-scene0068_03-scene0068_02,5,10b17936-3938-2467-88ba-ba5fe2debf14/scene0068_01-scene0068_00-scene0068_05-scene0068_03-scene0068_02/T5,7,26,21,0.8990669846534729,5532,0.958062183658713,0.041937816341287015,4,100,0.04
10b17936-3938-2467-88ba-ba5fe2debf14,scene0068_01-scene0068_00-scene0068_05-scene0068_03-scene0068_02,5,10b17936-3938-2467-88ba-ba5fe2debf14/scene0068_01-scene0068_00-scene0068_05-scene0068_03-scene0068_02/T5,7,28,42,0.19040963053703308,14017,0.447028608118713,0.5529713918812871,4,100,0.04
10b17936-3938-2467-88ba-ba5fe2debf14,scene0068_01-scene0068_00-scene0068_05-scene0068_03-scene0068_02,5,10b17936-3938-2467-88ba-ba5fe2debf14/scene0068_01-scene0068_00-scene0068_05-scene0068_03-scene0068_02/T5,7,34,24,0.7779026031494141,7015,0.88823948681397,0.11176051318602997,4,100,0.04
10b17936-3938-2467-88ba-ba5fe2debf14,scene0068_01-scene0068_00-scene0068_05-scene0068_03-scene0068_02,5,10b17936-3938-2467-88ba-ba5fe2debf14/scene0068_01-scene0068_00-scene0068_05-scene0068_03-scene0068_02/T5,7,43,7,0.8288334012031555,1822,0.8929747530186608,0.1070252469813392,4,100,0.04
10b17936-3938-2467-88ba-ba5fe2debf14,scene0068_01-scene0068_00-scene0068_05-scene0068_03-scene0068_02,5,10b17936-3938-2467-88ba-ba5fe2debf14/scene0068_01-scene0068_00-scene0068_05-scene0068_03-scene0068_02/T5,7,49,30,0.8722265958786011,6961,0.9600632093090073,0.03993679069099265,4,100,0.04
10b17936-3938-2467-88ba-ba5fe2debf14,scene0068_01-scene0068_00-scene0068_05-scene0068_03-scene0068_02,5,10b17936-3938-2467-88ba-ba5fe2debf14/scene0068_01-scene0068_00-scene0068_05-scene0068_03-scene0068_02/T5,7,55,16,0.7445651888847351,4309,0.8584358319795776,0.14156416802042238,4,100,0.04
10b17936-3938-2467-88ba-ba5fe2debf14,scene0068_01-scene0068_00-scene0068_05-scene0068_03-scene0068_02,5,10b17936-3938-2467-88ba-ba5fe2debf14/scene0068_01-scene0068_00-scene0068_05-scene0068_03-scene0068_02/T5,7,56,5,0.9677953124046326,10024,0.99231843575419,0.007681564245810013,4,100,0.04
10b17936-3938-2467-88ba-ba5fe2debf14,scene0068_01-scene0068_00-scene0068_05-scene0068_03-scene0068_02,5,10b17936-3938-2467-88ba-ba5fe2debf14/scene0068_01-scene0068_00-scene0068_05-scene0068_03-scene0068_02/T5,7,65,8,0.7626577615737915,13519,0.8133737702492788,0.18662622975072118,4,100,0.04
10b17936-3938-2467-88ba-ba5fe2debf14,scene0068_01-scene0068_00-scene0068_05-scene0068_03-scene0068_02,5,10b17936-3938-2467-88ba-ba5fe2debf14/scene0068_01-scene0068_00-scene0068_05-scene0068_03-scene0068_02/T5,7,77,9,0.8374860882759094,10060,0.9722664015904573,0.027733598409542704,4,100,0.04
10b17936-3938-2467-88ba-ba5fe2debf14,scene0068_01-scene0068_00-scene0068_05-scene0068_03-scene0068_02,5,10b17936-3938-2467-88ba-ba5fe2debf14/scene0068_01-scene0068_00-scene0068_05-scene0068_03-scene0068_02/T5,7,82,28,0.8051282167434692,753,0.8339973439575034,0.16600265604249664,4,100,0.04
10b17936-3938-2467-88ba-ba5fe2debf14,scene0068_01-scene0068_00-scene0068_05-scene0068_03-scene0068_02,5,10b17936-3938-2467-88ba-ba5fe2debf14/scene0068_01-scene0068_00-scene0068_05-scene0068_03-scene0068_02/T5,7,86,15,0.6085861325263977,20518,0.7537771712642558,0.2462228287357442,4,100,0.04
10b17936-3938-2467-88ba-ba5fe2debf14,scene0068_01-scene0068_00-scene0068_05-scene0068_03-scene0068_02,5,10b17936-3938-2467-88ba-ba5fe2debf14/scene0068_01-scene0068_00-scene0068_05-scene0068_03-scene0068_02/T5,7,93,17,0.4473824203014374,8021,0.7340730582221668,0.26592694177783316,4,100,0.04
10b17936-3938-2467-88ba-ba5fe2debf14,scene0068_01-scene0068_00-scene0068_05-scene0068_03-scene0068_02,5,10b17936-3938-2467-88ba-ba5fe2debf14/scene0068_01-scene0068_00-scene0068_05-scene0068_03-scene0068_02/T5,8,16,42,0.1921933889389038,14017,0.276806734679318,0.7231932653206821,11,100,0.11
10b17936-3938-2467-88ba-ba5fe2debf14,scene0068_01-scene0068_00-scene0068_05-scene0068_03-scene0068_02,5,10b17936-3938-2467-88ba-ba5fe2debf14/scene0068_01-scene0068_00-scene0068_05-scene0068_03-scene0068_02/T5,8,18,31,0.34530386328697205,547,0.4570383912248629,0.5429616087751371,11,100,0.11
10b17936-3938-2467-88ba-ba5fe2debf14,scene0068_01-scene0068_00-scene0068_05-scene0068_03-scene0068_02,5,10b17936-3938-2467-88ba-ba5fe2debf14/scene0068_01-scene0068_00-scene0068_05-scene0068_03-scene0068_02/T5,8,26,21,0.8929591774940491,5532,0.9605929139551699,0.03940708604483012,11,100,0.11
10b17936-3938-2467-88ba-ba5fe2debf14,scene0068_01-scene0068_00-scene0068_05-scene0068_03-scene0068_02,5,10b17936-3938-2467-88ba-ba5fe2debf14/scene0068_01-scene0068_00-scene0068_05-scene0068_03-scene0068_02/T5,8,43,7,0.8786565661430359,1822,0.8902305159165752,0.1097694840834248,11,100,0.11
10b17936-3938-2467-88ba-ba5fe2debf14,scene0068_01-scene0068_00-scene0068_05-scene0068_03-scene0068_02,5,10b17936-3938-2467-88ba-ba5fe2debf14/scene0068_01-scene0068_00-scene0068_05-scene0068_03-scene0068_02/T5,8,49,30,0.8875166177749634,6961,0.9600632093090073,0.03993679069099265,11,100,0.11
10b17936-3938-2467-88ba-ba5fe2debf14,scene0068_01-scene0068_00-scene0068_05-scene0068_03-scene0068_02,5,10b17936-3938-2467-88ba-ba5fe2debf14/scene0068_01-scene0068_00-scene0068_05-scene0068_03-scene0068_02/T5,8,55,16,0.7459276914596558,4309,0.8714318867486656,0.12856811325133444,11,100,0.11
10b17936-3938-2467-88ba-ba5fe2debf14,scene0068_01-scene0068_00-scene0068_05-scene0068_03-scene0068_02,5,10b17936-3938-2467-88ba-ba5fe2debf14/scene0068_01-scene0068_00-scene0068_05-scene0068_03-scene0068_02/T5,8,56,5,0.9589397311210632,10024,0.9925179569034318,0.007482043096568192,11,100,0.11
10b17936-3938-2467-88ba-ba5fe2debf14,scene0068_01-scene0068_00-scene0068_05-scene0068_03-scene0068_02,5,10b17936-3938-2467-88ba-ba5fe2debf14/scene0068_01-scene0068_00-scene0068_05-scene0068_03-scene0068_02/T5,8,65,8,0.7983071804046631,13519,0.8581256010059916,0.14187439899400844,11,100,0.11
10b17936-3938-2467-88ba-ba5fe2debf14,scene0068_01-scene0068_00-scene0068_05-scene0068_03-scene0068_02,5,10b17936-3938-2467-88ba-ba5fe2debf14/scene0068_01-scene0068_00-scene0068_05-scene0068_03-scene0068_02/T5,8,71,28,0.7870256900787354,753,0.8539176626826029,0.14608233731739706,11,100,0.11
10b17936-3938-2467-88ba-ba5fe2debf14,scene0068_01-scene0068_00-scene0068_05-scene0068_03-scene0068_02,5,10b17936-3938-2467-88ba-ba5fe2debf14/scene0068_01-scene0068_00-scene0068_05-scene0068_03-scene0068_02/T5,8,77,9,0.8383699059486389,10060,0.9652087475149106,0.03479125248508941,11,100,0.11
10b17936-3938-2467-88ba-ba5fe2debf14,scene0068_01-scene0068_00-scene0068_05-scene0068_03-scene0068_02,5,10b17936-3938-2467-88ba-ba5fe2debf14/scene0068_01-scene0068_00-scene0068_05-scene0068_03-scene0068_02/T5,8,78,24,0.7274537086486816,7015,0.8853884533143265,0.11461154668567353,11,100,0.11
10b17936-3938-2467-88ba-ba5fe2debf14,scene0068_01-scene0068_00-scene0068_05-scene0068_03-scene0068_02,5,10b17936-3938-2467-88ba-ba5fe2debf14/scene0068_01-scene0068_00-scene0068_05-scene0068_03-scene0068_02/T5,8,84,17,0.4380362629890442,8021,0.7319536217429248,0.2680463782570752,11,100,0.11
10b17936-3938-2467-88ba-ba5fe2debf14,scene0068_01-scene0068_00-scene0068_05-scene0068_03-scene0068_02,5,10b17936-3938-2467-88ba-ba5fe2debf14/scene0068_01-scene0068_00-scene0068_05-scene0068_03-scene0068_02/T5,8,86,15,0.6265938878059387,20518,0.7999317672287747,0.20006823277122532,11,100,0.11
10b17936-3938-2467-88ba-ba5fe2debf14,scene0068_01-scene0068_00-scene0068_05-scene0068_03-scene0068_02,5,10b17936-3938-2467-88ba-ba5fe2debf14/scene0068_01-scene0068_00-scene0068_05-scene0068_03-scene0068_02/T5,9,2,16,0.750315248966217,4309,0.8284984915293572,0.17150150847064283,8,100,0.08
10b17936-3938-2467-88ba-ba5fe2debf14,scene0068_01-scene0068_00-scene0068_05-scene0068_03-scene0068_02,5,10b17936-3938-2467-88ba-ba5fe2debf14/scene0068_01-scene0068_00-scene0068_05-scene0068_03-scene0068_02/T5,9,16,42,0.2296232134103775,14017,0.5299992865805807,0.4700007134194193,8,100,0.08
10b17936-3938-2467-88ba-ba5fe2debf14,scene0068_01-scene0068_00-scene0068_05-scene0068_03-scene0068_02,5,10b17936-3938-2467-88ba-ba5fe2debf14/scene0068_01-scene0068_00-scene0068_05-scene0068_03-scene0068_02/T5,9,26,21,0.8983939290046692,5532,0.9605929139551699,0.03940708604483012,8,100,0.08
10b17936-3938-2467-88ba-ba5fe2debf14,scene0068_01-scene0068_00-scene0068_05-scene0068_03-scene0068_02,5,10b17936-3938-2467-88ba-ba5fe2debf14/scene0068_01-scene0068_00-scene0068_05-scene0068_03-scene0068_02/T5,9,31,30,0.8884424567222595,6961,0.9530239908059187,0.04697600919408129,8,100,0.08
10b17936-3938-2467-88ba-ba5fe2debf14,scene0068_01-scene0068_00-scene0068_05-scene0068_03-scene0068_02,5,10b17936-3938-2467-88ba-ba5fe2debf14/scene0068_01-scene0068_00-scene0068_05-scene0068_03-scene0068_02/T5,9,43,7,0.8261104822158813,1822,0.8369923161361141,0.16300768386388587,8,100,0.08
10b17936-3938-2467-88ba-ba5fe2debf14,scene0068_01-scene0068_00-scene0068_05-scene0068_03-scene0068_02,5,10b17936-3938-2467-88ba-ba5fe2debf14/scene0068_01-scene0068_00-scene0068_05-scene0068_03-scene0068_02/T5,9,53,31,0.32175031304359436,547,0.4570383912248629,0.5429616087751371,8,100,0.08
10b17936-3938-2467-88ba-ba5fe2debf14,scene0068_01-scene0068_00-scene0068_05-scene0068_03-scene0068_02,5,10b17936-3938-2467-88ba-ba5fe2debf14/scene0068_01-scene0068_00-scene0068_05-scene0068_03-scene0068_02/T5,9,56,5,0.9680778384208679,10024,0.99231843575419,0.007681564245810013,8,100,0.08
10b17936-3938-2467-88ba-ba5fe2debf14,scene0068_01-scene0068_00-scene0068_05-scene0068_03-scene0068_02,5,10b17936-3938-2467-88ba-ba5fe2debf14/scene0068_01-scene0068_00-scene0068_05-scene0068_03-scene0068_02/T5,9,65,8,0.8040099143981934,13519,0.9106442784229603,0.08935572157703975,8,100,0.08
10b17936-3938-2467-88ba-ba5fe2debf14,scene0068_01-scene0068_00-scene0068_05-scene0068_03-scene0068_02,5,10b17936-3938-2467-88ba-ba5fe2debf14/scene0068_01-scene0068_00-scene0068_05-scene0068_03-scene0068_02/T5,9,71,28,0.7959442138671875,753,0.8339973439575034,0.16600265604249664,8,100,0.08
10b17936-3938-2467-88ba-ba5fe2debf14,scene0068_01-scene0068_00-scene0068_05-scene0068_03-scene0068_02,5,10b17936-3938-2467-88ba-ba5fe2debf14/scene0068_01-scene0068_00-scene0068_05-scene0068_03-scene0068_02/T5,9,77,9,0.8349987268447876,10060,0.971868787276342,0.02813121272365804,8,100,0.08
10b17936-3938-2467-88ba-ba5fe2debf14,scene0068_01-scene0068_00-scene0068_05-scene0068_03-scene0068_02,5,10b17936-3938-2467-88ba-ba5fe2debf14/scene0068_01-scene0068_00-scene0068_05-scene0068_03-scene0068_02/T5,9,78,24,0.7228873372077942,7015,0.8865288667141838,0.11347113328581615,8,100,0.08
10b17936-3938-2467-88ba-ba5fe2debf14,scene0068_01-scene0068_00-scene0068_05-scene0068_03-scene0068_02,5,10b17936-3938-2467-88ba-ba5fe2debf14/scene0068_01-scene0068_00-scene0068_05-scene0068_03-scene0068_02/T5,9,84,17,0.4510818421840668,8021,0.717366911856377,0.282633088143623,8,100,0.08
10b17936-3938-2467-88ba-ba5fe2debf14,scene0068_01-scene0068_00-scene0068_05-scene0068_03-scene0068_02,5,10b17936-3938-2467-88ba-ba5fe2debf14/scene0068_01-scene0068_00-scene0068_05-scene0068_03-scene0068_02/T5,9,86,15,0.6175197958946228,20518,0.7720050687201482,0.22799493127985182,8,100,0.08
10b17936-3938-2467-88ba-ba5fe2debf14,scene0068_01-scene0068_00-scene0068_05-scene0068_03-scene0068_02,5,10b17936-3938-2467-88ba-ba5fe2debf14/scene0068_01-scene0068_00-scene0068_05-scene0068_03-scene0068_02/T5,10,16,42,0.21724967658519745,14017,0.5281443960904616,0.4718556039095384,9,100,0.09
10b17936-3938-2467-88ba-ba5fe2debf14,scene0068_01-scene0068_00-scene0068_05-scene0068_03-scene0068_02,5,10b17936-3938-2467-88ba-ba5fe2debf14/scene0068_01-scene0068_00-scene0068_05-scene0068_03-scene0068_02/T5,10,19,31,0.34525448083877563,547,0.45886654478976235,0.5411334552102376,9,100,0.09
10b17936-3938-2467-88ba-ba5fe2debf14,scene0068_01-scene0068_00-scene0068_05-scene0068_03-scene0068_02,5,10b17936-3938-2467-88ba-ba5fe2debf14/scene0068_01-scene0068_00-scene0068_05-scene0068_03-scene0068_02/T5,10,26,21,0.8931272029876709,5532,0.9607736804049168,0.03922631959508316,9,100,0.09
10b17936-3938-2467-88ba-ba5fe2debf14,scene0068_01-scene0068_00-scene0068_05-scene0068_03-scene0068_02,5,10b17936-3938-2467-88ba-ba5fe2debf14/scene0068_01-scene0068_00-scene0068_05-scene0068_03-scene0068_02/T5,10,31,30,0.8498103618621826,6961,0.965665852607384,0.03433414739261598,9,100,0.09
10b17936-3938-2467-88ba-ba5fe2debf14,scene0068_01-scene0068_00-scene0068_05-scene0068_03-scene0068_02,5,10b17936-3938-2467-88ba-ba5fe2debf14/scene0068_01-scene0068_00-scene0068_05-scene0068_03-scene0068_02/T5,10,43,7,0.8786565661430359,1822,0.8902305159165752,0.1097694840834248,9,100,0.09
10b17936-3938-2467-88ba-ba5fe2debf14,scene0068_01-scene0068_00-scene0068_05-scene0068_03-scene0068_02,5,10b17936-3938-2467-88ba-ba5fe2debf14/scene0068_01-scene0068_00-scene0068_05-scene0068_03-scene0068_02/T5,10,55,16,0.7195494174957275,4309,0.8746809004409376,0.1253190995590624,9,100,0.09
10b17936-3938-2467-88ba-ba5fe2debf14,scene0068_01-scene0068_00-scene0068_05-scene0068_03-scene0068_02,5,10b17936-3938-2467-88ba-ba5fe2debf14/scene0068_01-scene0068_00-scene0068_05-scene0068_03-scene0068_02/T5,10,56,5,0.9677858948707581,10024,0.9920191540303273,0.007980845969672745,9,100,0.09
10b17936-3938-2467-88ba-ba5fe2debf14,scene0068_01-scene0068_00-scene0068_05-scene0068_03-scene0068_02,5,10b17936-3938-2467-88ba-ba5fe2debf14/scene0068_01-scene0068_00-scene0068_05-scene0068_03-scene0068_02/T5,10,65,8,0.7999107837677002,13519,0.9282491308528737,0.07175086914712625,9,100,0.09
10b17936-3938-2467-88ba-ba5fe2debf14,scene0068_01-scene0068_00-scene0068_05-scene0068_03-scene0068_02,5,10b17936-3938-2467-88ba-ba5fe2debf14/scene0068_01-scene0068_00-scene0068_05-scene0068_03-scene0068_02/T5,10,77,9,0.8214405179023743,10060,0.9749502982107355,0.025049701789264467,9,100,0.09
10b17936-3938-2467-88ba-ba5fe2debf14,scene0068_01-scene0068_00-scene0068_05-scene0068_03-scene0068_02,5,10b17936-3938-2467-88ba-ba5fe2debf14/scene0068_01-scene0068_00-scene0068_05-scene0068_03-scene0068_02/T5,10,82,28,0.8438320159912109,753,0.8539176626826029,0.14608233731739706,9,100,0.09
10b17936-3938-2467-88ba-ba5fe2debf14,scene0068_01-scene0068_00-scene0068_05-scene0068_03-scene0068_02,5,10b17936-3938-2467-88ba-ba5fe2debf14/scene0068_01-scene0068_00-scene0068_05-scene0068_03-scene0068_02/T5,10,84,17,0.44130975008010864,8021,0.7527739683331256,0.2472260316668744,9,100,0.09
10b17936-3938-2467-88ba-ba5fe2debf14,scene0068_01-scene0068_00-scene0068_05-scene0068_03-scene0068_02,5,10b17936-3938-2467-88ba-ba5fe2debf14/scene0068_01-scene0068_00-scene0068_05-scene0068_03-scene0068_02/T5,10,86,15,0.6140406131744385,20518,0.7622087922799493,0.2377912077200507,9,100,0.09
10b17936-3938-2467-88ba-ba5fe2debf14,scene0068_01-scene0068_00-scene0068_05-scene0068_03-scene0068_02,5,10b17936-3938-2467-88ba-ba5fe2debf14/scene0068_01-scene0068_00-scene0068_05-scene0068_03-scene0068_02/T5,10,87,24,0.75827556848526,7015,0.84248039914469,0.15751960085531003,9,100,0.09
10b17936-3938-2467-88ba-ba5fe2debf14,scene0068_01-scene0068_00-scene0068_05-scene0068_03-scene0068_02,5,10b17936-3938-2467-88ba-ba5fe2debf14/scene0068_01-scene0068_00-scene0068_05-scene0068_03-scene0068_02/T5,11,2,16,0.7575376629829407,4309,0.8396379670457182,0.16036203295428175,2,100,0.02
10b17936-3938-2467-88ba-ba5fe2debf14,scene0068_01-scene0068_00-scene0068_05-scene0068_03-scene0068_02,5,10b17936-3938-2467-88ba-ba5fe2debf14/scene0068_01-scene0068_00-scene0068_05-scene0068_03-scene0068_02/T5,11,9,30,0.8718774914741516,6961,0.9326246228990087,0.06737537710099128,2,100,0.02
10b17936-3938-2467-88ba-ba5fe2debf14,scene0068_01-scene0068_00-scene0068_05-scene0068_03-scene0068_02,5,10b17936-3938-2467-88ba-ba5fe2debf14/scene0068_01-scene0068_00-scene0068_05-scene0068_03-scene0068_02/T5,11,26,21,0.8960270285606384,5532,0.958062183658713,0.041937816341287015,2,100,0.02
10b17936-3938-2467-88ba-ba5fe2debf14,scene0068_01-scene0068_00-scene0068_05-scene0068_03-scene0068_02,5,10b17936-3938-2467-88ba-ba5fe2debf14/scene0068_01-scene0068_00-scene0068_05-scene0068_03-scene0068_02/T5,11,43,7,0.8288334012031555,1822,0.8929747530186608,0.1070252469813392,2,100,0.02
10b17936-3938-2467-88ba-ba5fe2debf14,scene0068_01-scene0068_00-scene0068_05-scene0068_03-scene0068_02,5,10b17936-3938-2467-88ba-ba5fe2debf14/scene0068_01-scene0068_00-scene0068_05-scene0068_03-scene0068_02/T5,11,51,28,0.7906976938247681,753,0.8579017264276229,0.14209827357237714,2,100,0.02
10b17936-3938-2467-88ba-ba5fe2debf14,scene0068_01-scene0068_00-scene0068_05-scene0068_03-scene0068_02,5,10b17936-3938-2467-88ba-ba5fe2debf14/scene0068_01-scene0068_00-scene0068_05-scene0068_03-scene0068_02/T5,11,56,5,0.9677953124046326,10024,0.99231843575419,0.007681564245810013,2,100,0.02
10b17936-3938-2467-88ba-ba5fe2debf14,scene0068_01-scene0068_00-scene0068_05-scene0068_03-scene0068_02,5,10b17936-3938-2467-88ba-ba5fe2debf14/scene0068_01-scene0068_00-scene0068_05-scene0068_03-scene0068_02/T5,11,65,8,0.7949455380439758,13519,0.8585694208151491,0.1414305791848509,2,100,0.02
10b17936-3938-2467-88ba-ba5fe2debf14,scene0068_01-scene0068_00-scene0068_05-scene0068_03-scene0068_02,5,10b17936-3938-2467-88ba-ba5fe2debf14/scene0068_01-scene0068_00-scene0068_05-scene0068_03-scene0068_02/T5,11,69,42,0.21052959561347961,14017,0.24134978954127131,0.7586502104587287,2,100,0.02
10b17936-3938-2467-88ba-ba5fe2debf14,scene0068_01-scene0068_00-scene0068_05-scene0068_03-scene0068_02,5,10b17936-3938-2467-88ba-ba5fe2debf14/scene0068_01-scene0068_00-scene0068_05-scene0068_03-scene0068_02/T5,11,77,9,0.837798535823822,10060,0.9729622266401591,0.027037773359840922,2,100,0.02
10b17936-3938-2467-88ba-ba5fe2debf14,scene0068_01-scene0068_00-scene0068_05-scene0068_03-scene0068_02,5,10b17936-3938-2467-88ba-ba5fe2debf14/scene0068_01-scene0068_00-scene0068_05-scene0068_03-scene0068_02/T5,11,78,24,0.7197681069374084,7015,0.8849607982893799,0.1150392017106201,2,100,0.02
10b17936-3938-2467-88ba-ba5fe2debf14,scene0068_01-scene0068_00-scene0068_05-scene0068_03-scene0068_02,5,10b17936-3938-2467-88ba-ba5fe2debf14/scene0068_01-scene0068_00-scene0068_05-scene0068_03-scene0068_02/T5,11,84,17,0.4268198013305664,8021,0.6857000374018202,0.3142999625981798,2,100,0.02
10b17936-3938-2467-88ba-ba5fe2debf14,scene0068_01-scene0068_00-scene0068_05-scene0068_03-scene0068_02,5,10b17936-3938-2467-88ba-ba5fe2debf14/scene0068_01-scene0068_00-scene0068_05-scene0068_03-scene0068_02/T5,11,86,15,0.6436017155647278,20518,0.8395555122331612,0.16044448776683884,2,100,0.02
10b17936-3938-2467-88ba-ba5fe2debf14,scene0068_01-scene0068_00-scene0068_05-scene0068_03-scene0068_02,5,10b17936-3938-2467-88ba-ba5fe2debf14/scene0068_01-scene0068_00-scene0068_05-scene0068_03-scene0068_02/T5,11,99,31,0.4084033668041229,547,0.44424131627056673,0.5557586837294333,2,100,0.02
4acaebba-6c10-2a2a-8650-34c2f160db99,scene0174_03-scene0174_00-scene0174_06-scene0174_01-scene0174_05,1,4acaebba-6c10-2a2a-8650-34c2f160db99/scene0174_03-scene0174_00-scene0174_06-scene0174_01-scene0174_05/T1,0,0,2,0.25178346037864685,3084,0.38910505836575876,0.6108949416342413,0,100,0.0
4acaebba-6c10-2a2a-8650-34c2f160db99,scene0174_03-scene0174_00-scene0174_06-scene0174_01-scene0174_05,1,4acaebba-6c10-2a2a-8650-34c2f160db99/scene0174_03-scene0174_00-scene0174_06-scene0174_01-scene0174_05/T1,0,1,10,0.26563552021980286,882,0.8956916099773242,0.10430839002267578,0,100,0.0
4acaebba-6c10-2a2a-8650-34c2f160db99,scene0174_03-scene0174_00-scene0174_06-scene0174_01-scene0174_05,1,4acaebba-6c10-2a2a-8650-34c2f160db99/scene0174_03-scene0174_00-scene0174_06-scene0174_01-scene0174_05/T1,0,2,12,0.0,572,0.0,1.0,0,100,0.0
4acaebba-6c10-2a2a-8650-34c2f160db99,scene0174_03-scene0174_00-scene0174_06-scene0174_01-scene0174_05,1,4acaebba-6c10-2a2a-8650-34c2f160db99/scene0174_03-scene0174_00-scene0174_06-scene0174_01-scene0174_05/T1,0,3,14,0.19918560981750488,652,0.9003067484662577,0.09969325153374231,0,100,0.0
4acaebba-6c10-2a2a-8650-34c2f160db99,scene0174_03-scene0174_00-scene0174_06-scene0174_01-scene0174_05,1,4acaebba-6c10-2a2a-8650-34c2f160db99/scene0174_03-scene0174_00-scene0174_06-scene0174_01-scene0174_05/T1,0,4,21,0.0,157,0.0,1.0,0,100,0.0
4acaebba-6c10-2a2a-8650-34c2f160db99,scene0174_03-scene0174_00-scene0174_06-scene0174_01-scene0174_05,1,4acaebba-6c10-2a2a-8650-34c2f160db99/scene0174_03-scene0174_00-scene0174_06-scene0174_01-scene0174_05/T1,1,5,21,1.0,157,1.0,0.0,52,100,0.52
4acaebba-6c10-2a2a-8650-34c2f160db99,scene0174_03-scene0174_00-scene0174_06-scene0174_01-scene0174_05,1,4acaebba-6c10-2a2a-8650-34c2f160db99/scene0174_03-scene0174_00-scene0174_06-scene0174_01-scene0174_05/T1,1,7,12,0.29411765933036804,572,0.8216783216783217,0.17832167832167833,52,100,0.52
4acaebba-6c10-2a2a-8650-34c2f160db99,scene0174_03-scene0174_00-scene0174_06-scene0174_01-scene0174_05,1,4acaebba-6c10-2a2a-8650-34c2f160db99/scene0174_03-scene0174_00-scene0174_06-scene0174_01-scene0174_05/T1,1,19,14,0.67463618516922,652,0.995398773006135,0.004601226993865004,52,100,0.52
4acaebba-6c10-2a2a-8650-34c2f160db99,scene0174_03-scene0174_00-scene0174_06-scene0174_01-scene0174_05,1,4acaebba-6c10-2a2a-8650-34c2f160db99/scene0174_03-scene0174_00-scene0174_06-scene0174_01-scene0174_05/T1,1,72,2,0.8474856019020081,3084,1.0,0.0,52,100,0.52
4acaebba-6c10-2a2a-8650-34c2f160db99,scene0174_03-scene0174_00-scene0174_06-scene0174_01-scene0174_05,1,4acaebba-6c10-2a2a-8650-34c2f160db99/scene0174_03-scene0174_00-scene0174_06-scene0174_01-scene0174_05/T1,1,81,10,0.9625850319862366,882,0.9625850340136054,0.0374149659863946,52,100,0.52
4acaebba-6c10-2a2a-8650-34c2f160db99,scene0174_03-scene0174_00-scene0174_06-scene0174_01-scene0174_05,1,4acaebba-6c10-2a2a-8650-34c2f160db99/scene0174_03-scene0174_00-scene0174_06-scene0174_01-scene0174_05/T1,2,0,21,1.0,157,1.0,0.0,30,100,0.3
4acaebba-6c10-2a2a-8650-34c2f160db99,scene0174_03-scene0174_00-scene0174_06-scene0174_01-scene0174_05,1,4acaebba-6c10-2a2a-8650-34c2f160db99/scene0174_03-scene0174_00-scene0174_06-scene0174_01-scene0174_05/T1,2,9,14,0.6646279096603394,652,1.0,0.0,30,100,0.3
4acaebba-6c10-2a2a-8650-34c2f160db99,scene0174_03-scene0174_00-scene0174_06-scene0174_01-scene0174_05,1,4acaebba-6c10-2a2a-8650-34c2f160db99/scene0174_03-scene0174_00-scene0174_06-scene0174_01-scene0174_05/T1,2,28,10,0.958695650100708,882,1.0,0.0,30,100,0.3
4acaebba-6c10-2a2a-8650-34c2f160db99,scene0174_03-scene0174_00-scene0174_06-scene0174_01-scene0174_05,1,4acaebba-6c10-2a2a-8650-34c2f160db99/scene0174_03-scene0174_00-scene0174_06-scene0174_01-scene0174_05/T1,2,63,12,0.3095238208770752,572,0.8181818181818182,0.18181818181818177,30,100,0.3
4acaebba-6c10-2a2a-8650-34c2f160db99,scene0174_03-scene0174_00-scene0174_06-scene0174_01-scene0174_05,1,4acaebba-6c10-2a2a-8650-34c2f160db99/scene0174_03-scene0174_00-scene0174_06-scene0174_01-scene0174_05/T1,2,72,2,0.8330631852149963,3084,1.0,0.0,30,100,0.3
4acaebba-6c10-2a2a-8650-34c2f160db99,scene0174_03-scene0174_00-scene0174_06-scene0174_01-scene0174_05,1,4acaebba-6c10-2a2a-8650-34c2f160db99/scene0174_03-scene0174_00-scene0174_06-scene0174_01-scene0174_05/T1,3,0,21,1.0,157,1.0,0.0,14,100,0.14
4acaebba-6c10-2a2a-8650-34c2f160db99,scene0174_03-scene0174_00-scene0174_06-scene0174_01-scene0174_05,1,4acaebba-6c10-2a2a-8650-34c2f160db99/scene0174_03-scene0174_00-scene0174_06-scene0174_01-scene0174_05/T1,3,9,14,0.6646279096603394,652,1.0,0.0,14,100,0.14
4acaebba-6c10-2a2a-8650-34c2f160db99,scene0174_03-scene0174_00-scene0174_06-scene0174_01-scene0174_05,1,4acaebba-6c10-2a2a-8650-34c2f160db99/scene0174_03-scene0174_00-scene0174_06-scene0174_01-scene0174_05/T1,3,65,10,0.9789122939109802,882,1.0,0.0,14,100,0.14
4acaebba-6c10-2a2a-8650-34c2f160db99,scene0174_03-scene0174_00-scene0174_06-scene0174_01-scene0174_05,1,4acaebba-6c10-2a2a-8650-34c2f160db99/scene0174_03-scene0174_00-scene0174_06-scene0174_01-scene0174_05/T1,3,74,2,0.8566166162490845,3084,0.9802204928664072,0.019779507133592777,14,100,0.14
4acaebba-6c10-2a2a-8650-34c2f160db99,scene0174_03-scene0174_00-scene0174_06-scene0174_01-scene0174_05,1,4acaebba-6c10-2a2a-8650-34c2f160db99/scene0174_03-scene0174_00-scene0174_06-scene0174_01-scene0174_05/T1,3,95,12,0.31527093052864075,572,0.7832167832167832,0.21678321678321677,14,100,0.14
4acaebba-6c10-2a2a-8650-34c2f160db99,scene0174_03-scene0174_00-scene0174_06-scene0174_01-scene0174_05,1,4acaebba-6c10-2a2a-8650-34c2f160db99/scene0174_03-scene0174_00-scene0174_06-scene0174_01-scene0174_05/T1,4,0,21,1.0,157,1.0,0.0,12,100,0.12
4acaebba-6c10-2a2a-8650-34c2f160db99,scene0174_03-scene0174_00-scene0174_06-scene0174_01-scene0174_05,1,4acaebba-6c10-2a2a-8650-34c2f160db99/scene0174_03-scene0174_00-scene0174_06-scene0174_01-scene0174_05/T1,4,19,10,0.9789122939109802,882,1.0,0.0,12,100,0.12
4acaebba-6c10-2a2a-8650-34c2f160db99,scene0174_03-scene0174_00-scene0174_06-scene0174_01-scene0174_05,1,4acaebba-6c10-2a2a-8650-34c2f160db99/scene0174_03-scene0174_00-scene0174_06-scene0174_01-scene0174_05/T1,4,27,12,0.3140551447868347,572,0.8164335664335665,0.18356643356643354,12,100,0.12
4acaebba-6c10-2a2a-8650-34c2f160db99,scene0174_03-scene0174_00-scene0174_06-scene0174_01-scene0174_05,1,4acaebba-6c10-2a2a-8650-34c2f160db99/scene0174_03-scene0174_00-scene0174_06-scene0174_01-scene0174_05/T1,4,33,14,0.6646279096603394,652,1.0,0.0,12,100,0.12
4acaebba-6c10-2a2a-8650-34c2f160db99,scene0174_03-scene0174_00-scene0174_06-scene0174_01-scene0174_05,1,4acaebba-6c10-2a2a-8650-34c2f160db99/scene0174_03-scene0174_00-scene0174_06-scene0174_01-scene0174_05/T1,4,72,2,0.8566166162490845,3084,0.9802204928664072,0.019779507133592777,12,100,0.12
4acaebba-6c10-2a2a-8650-34c2f160db99,scene0174_03-scene0174_00-scene0174_06-scene0174_01-scene0174_05,1,4acaebba-6c10-2a2a-8650-34c2f160db99/scene0174_03-scene0174_00-scene0174_06-scene0174_01-scene0174_05/T1,5,0,21,1.0,157,1.0,0.0,18,100,0.18
4acaebba-6c10-2a2a-8650-34c2f160db99,scene0174_03-scene0174_00-scene0174_06-scene0174_01-scene0174_05,1,4acaebba-6c10-2a2a-8650-34c2f160db99/scene0174_03-scene0174_00-scene0174_06-scene0174_01-scene0174_05/T1,5,13,14,0.8117977380752563,652,0.8865030674846626,0.11349693251533743,18,100,0.18
4acaebba-6c10-2a2a-8650-34c2f160db99,scene0174_03-scene0174_00-scene0174_06-scene0174_01-scene0174_05,1,4acaebba-6c10-2a2a-8650-34c2f160db99/scene0174_03-scene0174_00-scene0174_06-scene0174_01-scene0174_05/T1,5,26,10,0.9789122939109802,882,1.0,0.0,18,100,0.18
4acaebba-6c10-2a2a-8650-34c2f160db99,scene0174_03-scene0174_00-scene0174_06-scene0174_01-scene0174_05,1,4acaebba-6c10-2a2a-8650-34c2f160db99/scene0174_03-scene0174_00-scene0174_06-scene0174_01-scene0174_05/T1,5,66,12,0.3326256275177002,572,0.8216783216783217,0.17832167832167833,18,100,0.18
4acaebba-6c10-2a2a-8650-34c2f160db99,scene0174_03-scene0174_00-scene0174_06-scene0174_01-scene0174_05,1,4acaebba-6c10-2a2a-8650-34c2f160db99/scene0174_03-scene0174_00-scene0174_06-scene0174_01-scene0174_05/T1,5,72,2,0.8566166162490845,3084,0.9802204928664072,0.019779507133592777,18,100,0.18
4acaebba-6c10-2a2a-8650-34c2f160db99,scene0174_03-scene0174_00-scene0174_06-scene0174_01-scene0174_05,1,4acaebba-6c10-2a2a-8650-34c2f160db99/scene0174_03-scene0174_00-scene0174_06-scene0174_01-scene0174_05/T1,6,3,10,0.9789122939109802,882,1.0,0.0,31,100,0.31
4acaebba-6c10-2a2a-8650-34c2f160db99,scene0174_03-scene0174_00-scene0174_06-scene0174_01-scene0174_05,1,4acaebba-6c10-2a2a-8650-34c2f160db99/scene0174_03-scene0174_00-scene0174_06-scene0174_01-scene0174_05/T1,6,7,21,1.0,157,1.0,0.0,31,100,0.31
4acaebba-6c10-2a2a-8650-34c2f160db99,scene0174_03-scene0174_00-scene0174_06-scene0174_01-scene0174_05,1,4acaebba-6c10-2a2a-8650-34c2f160db99/scene0174_03-scene0174_00-scene0174_06-scene0174_01-scene0174_05/T1,6,9,14,0.6646279096603394,652,1.0,0.0,31,100,0.31
4acaebba-6c10-2a2a-8650-34c2f160db99,scene0174_03-scene0174_00-scene0174_06-scene0174_01-scene0174_05,1,4acaebba-6c10-2a2a-8650-34c2f160db99/scene0174_03-scene0174_00-scene0174_06-scene0174_01-scene0174_05/T1,6,63,12,0.31084656715393066,572,0.8216783216783217,0.17832167832167833,31,100,0.31
4acaebba-6c10-2a2a-8650-34c2f160db99,scene0174_03-scene0174_00-scene0174_06-scene0174_01-scene0174_05,1,4acaebba-6c10-2a2a-8650-34c2f160db99/scene0174_03-scene0174_00-scene0174_06-scene0174_01-scene0174_05/T1,6,72,2,0.8662510514259338,3084,0.9912451361867705,0.008754863813229541,31,100,0.31
4acaebba-6c10-2a2a-8650-34c2f160db99,scene0174_03-scene0174_00-scene0174_06-scene0174_01-scene0174_05,1,4acaebba-6c10-2a2a-8650-34c2f160db99/scene0174_03-scene0174_00-scene0174_06-scene0174_01-scene0174_05/T1,7,0,21,1.0,157,1.0,0.0,9,100,0.09
4acaebba-6c10-2a2a-8650-34c2f160db99,scene0174_03-scene0174_00-scene0174_06-scene0174_01-scene0174_05,1,4acaebba-6c10-2a2a-8650-34c2f160db99/scene0174_03-scene0174_00-scene0174_06-scene0174_01-scene0174_05/T1,7,3,10,0.958695650100708,882,1.0,0.0,9,100,0.09
4acaebba-6c10-2a2a-8650-34c2f160db99,scene0174_03-scene0174_00-scene0174_06-scene0174_01-scene0174_05,1,4acaebba-6c10-2a2a-8650-34c2f160db99/scene0174_03-scene0174_00-scene0174_06-scene0174_01-scene0174_05/T1,7,9,14,0.6646279096603394,652,1.0,0.0,9,100,0.09
4acaebba-6c10-2a2a-8650-34c2f160db99,scene0174_03-scene0174_00-scene0174_06-scene0174_01-scene0174_05,1,4acaebba-6c10-2a2a-8650-34c2f160db99/scene0174_03-scene0174_00-scene0174_06-scene0174_01-scene0174_05/T1,7,32,12,0.3074380159378052,572,0.6503496503496503,0.3496503496503497,9,100,0.09
4acaebba-6c10-2a2a-8650-34c2f160db99,scene0174_03-scene0174_00-scene0174_06-scene0174_01-scene0174_05,1,4acaebba-6c10-2a2a-8650-34c2f160db99/scene0174_03-scene0174_00-scene0174_06-scene0174_01-scene0174_05/T1,7,72,2,0.8662510514259338,3084,0.9912451361867705,0.008754863813229541,9,100,0.09
4acaebba-6c10-2a2a-8650-34c2f160db99,scene0174_03-scene0174_00-scene0174_06-scene0174_01-scene0174_05,1,4acaebba-6c10-2a2a-8650-34c2f160db99/scene0174_03-scene0174_00-scene0174_06-scene0174_01-scene0174_05/T1,8,0,21,1.0,157,1.0,0.0,14,100,0.14
4acaebba-6c10-2a2a-8650-34c2f160db99,scene0174_03-scene0174_00-scene0174_06-scene0174_01-scene0174_05,1,4acaebba-6c10-2a2a-8650-34c2f160db99/scene0174_03-scene0174_00-scene0174_06-scene0174_01-scene0174_05/T1,8,3,10,0.9625850319862366,882,0.9625850340136054,0.0374149659863946,14,100,0.14
4acaebba-6c10-2a2a-8650-34c2f160db99,scene0174_03-scene0174_00-scene0174_06-scene0174_01-scene0174_05,1,4acaebba-6c10-2a2a-8650-34c2f160db99/scene0174_03-scene0174_00-scene0174_06-scene0174_01-scene0174_05/T1,8,13,14,0.6673596501350403,652,0.9846625766871165,0.015337423312883458,14,100,0.14
4acaebba-6c10-2a2a-8650-34c2f160db99,scene0174_03-scene0174_00-scene0174_06-scene0174_01-scene0174_05,1,4acaebba-6c10-2a2a-8650-34c2f160db99/scene0174_03-scene0174_00-scene0174_06-scene0174_01-scene0174_05/T1,8,72,2,0.8566166162490845,3084,0.9802204928664072,0.019779507133592777,14,100,0.14
4acaebba-6c10-2a2a-8650-34c2f160db99,scene0174_03-scene0174_00-scene0174_06-scene0174_01-scene0174_05,1,4acaebba-6c10-2a2a-8650-34c2f160db99/scene0174_03-scene0174_00-scene0174_06-scene0174_01-scene0174_05/T1,8,84,12,0.2795954644680023,572,0.8216783216783217,0.17832167832167833,14,100,0.14
4acaebba-6c10-2a2a-8650-34c2f160db99,scene0174_03-scene0174_00-scene0174_06-scene0174_01-scene0174_05,1,4acaebba-6c10-2a2a-8650-34c2f160db99/scene0174_03-scene0174_00-scene0174_06-scene0174_01-scene0174_05/T1,9,0,21,1.0,157,1.0,0.0,11,100,0.11
4acaebba-6c10-2a2a-8650-34c2f160db99,scene0174_03-scene0174_00-scene0174_06-scene0174_01-scene0174_05,1,4acaebba-6c10-2a2a-8650-34c2f160db99/scene0174_03-scene0174_00-scene0174_06-scene0174_01-scene0174_05/T1,9,9,14,0.7131901979446411,652,0.7131901840490797,0.28680981595092025,11,100,0.11
4acaebba-6c10-2a2a-8650-34c2f160db99,scene0174_03-scene0174_00-scene0174_06-scene0174_01-scene0174_05,1,4acaebba-6c10-2a2a-8650-34c2f160db99/scene0174_03-scene0174_00-scene0174_06-scene0174_01-scene0174_05/T1,9,29,10,0.9789122939109802,882,1.0,0.0,11,100,0.11
4acaebba-6c10-2a2a-8650-34c2f160db99,scene0174_03-scene0174_00-scene0174_06-scene0174_01-scene0174_05,1,4acaebba-6c10-2a2a-8650-34c2f160db99/scene0174_03-scene0174_00-scene0174_06-scene0174_01-scene0174_05/T1,9,32,12,0.3125,572,0.8216783216783217,0.17832167832167833,11,100,0.11
4acaebba-6c10-2a2a-8650-34c2f160db99,scene0174_03-scene0174_00-scene0174_06-scene0174_01-scene0174_05,1,4acaebba-6c10-2a2a-8650-34c2f160db99/scene0174_03-scene0174_00-scene0174_06-scene0174_01-scene0174_05/T1,9,72,2,0.8566166162490845,3084,0.9802204928664072,0.019779507133592777,11,100,0.11
4acaebba-6c10-2a2a-8650-34c2f160db99,scene0174_03-scene0174_00-scene0174_06-scene0174_01-scene0174_05,1,4acaebba-6c10-2a2a-8650-34c2f160db99/scene0174_03-scene0174_00-scene0174_06-scene0174_01-scene0174_05/T1,10,3,10,0.9789122939109802,882,1.0,0.0,35,100,0.35
4acaebba-6c10-2a2a-8650-34c2f160db99,scene0174_03-scene0174_00-scene0174_06-scene0174_01-scene0174_05,1,4acaebba-6c10-2a2a-8650-34c2f160db99/scene0174_03-scene0174_00-scene0174_06-scene0174_01-scene0174_05/T1,10,7,21,1.0,157,1.0,0.0,35,100,0.35
4acaebba-6c10-2a2a-8650-34c2f160db99,scene0174_03-scene0174_00-scene0174_06-scene0174_01-scene0174_05,1,4acaebba-6c10-2a2a-8650-34c2f160db99/scene0174_03-scene0174_00-scene0174_06-scene0174_01-scene0174_05/T1,10,19,14,0.6646279096603394,652,1.0,0.0,35,100,0.35
4acaebba-6c10-2a2a-8650-34c2f160db99,scene0174_03-scene0174_00-scene0174_06-scene0174_01-scene0174_05,1,4acaebba-6c10-2a2a-8650-34c2f160db99/scene0174_03-scene0174_00-scene0174_06-scene0174_01-scene0174_05/T1,10,32,12,0.31607264280319214,572,0.8216783216783217,0.17832167832167833,35,100,0.35
4acaebba-6c10-2a2a-8650-34c2f160db99,scene0174_03-scene0174_00-scene0174_06-scene0174_01-scene0174_05,1,4acaebba-6c10-2a2a-8650-34c2f160db99/scene0174_03-scene0174_00-scene0174_06-scene0174_01-scene0174_05/T1,10,72,2,0.8463455438613892,3084,0.9912451361867705,0.008754863813229541,35,100,0.35
4acaebba-6c10-2a2a-8650-34c2f160db99,scene0174_03-scene0174_00-scene0174_06-scene0174_01-scene0174_05,1,4acaebba-6c10-2a2a-8650-34c2f160db99/scene0174_03-scene0174_00-scene0174_06-scene0174_01-scene0174_05/T1,11,1,21,1.0,157,1.0,0.0,4,100,0.04
4acaebba-6c10-2a2a-8650-34c2f160db99,scene0174_03-scene0174_00-scene0174_06-scene0174_01-scene0174_05,1,4acaebba-6c10-2a2a-8650-34c2f160db99/scene0174_03-scene0174_00-scene0174_06-scene0174_01-scene0174_05/T1,11,2,12,0.300703763961792,572,0.8216783216783217,0.17832167832167833,4,100,0.04
4acaebba-6c10-2a2a-8650-34c2f160db99,scene0174_03-scene0174_00-scene0174_06-scene0174_01-scene0174_05,1,4acaebba-6c10-2a2a-8650-34c2f160db99/scene0174_03-scene0174_00-scene0174_06-scene0174_01-scene0174_05/T1,11,3,10,0.958695650100708,882,1.0,0.0,4,100,0.04
4acaebba-6c10-2a2a-8650-34c2f160db99,scene0174_03-scene0174_00-scene0174_06-scene0174_01-scene0174_05,1,4acaebba-6c10-2a2a-8650-34c2f160db99/scene0174_03-scene0174_00-scene0174_06-scene0174_01-scene0174_05/T1,11,19,14,0.6646279096603394,652,1.0,0.0,4,100,0.04
4acaebba-6c10-2a2a-8650-34c2f160db99,scene0174_03-scene0174_00-scene0174_06-scene0174_01-scene0174_05,1,4acaebba-6c10-2a2a-8650-34c2f160db99/scene0174_03-scene0174_00-scene0174_06-scene0174_01-scene0174_05/T1,11,72,2,0.8662510514259338,3084,0.9912451361867705,0.008754863813229541,4,100,0.04
4acaebba-6c10-2a2a-8650-34c2f160db99,scene0174_03-scene0174_00-scene0174_06-scene0174_01-scene0174_05,2,4acaebba-6c10-2a2a-8650-34c2f160db99/scene0174_03-scene0174_00-scene0174_06-scene0174_01-scene0174_05/T2,0,0,2,0.20721040666103363,5529,0.3170555254114668,0.6829444745885331,0,100,0.0
4acaebba-6c10-2a2a-8650-34c2f160db99,scene0174_03-scene0174_00-scene0174_06-scene0174_01-scene0174_05,2,4acaebba-6c10-2a2a-8650-34c2f160db99/scene0174_03-scene0174_00-scene0174_06-scene0174_01-scene0174_05/T2,0,1,10,0.20431654155254364,2012,0.5646123260437376,0.43538767395626243,0,100,0.0
4acaebba-6c10-2a2a-8650-34c2f160db99,scene0174_03-scene0174_00-scene0174_06-scene0174_01-scene0174_05,2,4acaebba-6c10-2a2a-8650-34c2f160db99/scene0174_03-scene0174_00-scene0174_06-scene0174_01-scene0174_05/T2,0,2,12,0.0,1204,0.0,1.0,0,100,0.0
4acaebba-6c10-2a2a-8650-34c2f160db99,scene0174_03-scene0174_00-scene0174_06-scene0174_01-scene0174_05,2,4acaebba-6c10-2a2a-8650-34c2f160db99/scene0174_03-scene0174_00-scene0174_06-scene0174_01-scene0174_05/T2,0,3,14,0.3122117519378662,1860,0.8370967741935483,0.16290322580645167,0,100,0.0
4acaebba-6c10-2a2a-8650-34c2f160db99,scene0174_03-scene0174_00-scene0174_06-scene0174_01-scene0174_05,2,4acaebba-6c10-2a2a-8650-34c2f160db99/scene0174_03-scene0174_00-scene0174_06-scene0174_01-scene0174_05/T2,0,4,21,0.001209677429869771,282,0.02127659574468085,0.9787234042553191,0,100,0.0
4acaebba-6c10-2a2a-8650-34c2f160db99,scene0174_03-scene0174_00-scene0174_06-scene0174_01-scene0174_05,2,4acaebba-6c10-2a2a-8650-34c2f160db99/scene0174_03-scene0174_00-scene0174_06-scene0174_01-scene0174_05/T2,1,6,2,0.9030146598815918,5529,0.9480918791824923,0.05190812081750773,32,100,0.32
4acaebba-6c10-2a2a-8650-34c2f160db99,scene0174_03-scene0174_00-scene0174_06-scene0174_01-scene0174_05,2,4acaebba-6c10-2a2a-8650-34c2f160db99/scene0174_03-scene0174_00-scene0174_06-scene0174_01-scene0174_05/T2,1,9,21,1.0,282,1.0,0.0,32,100,0.32
4acaebba-6c10-2a2a-8650-34c2f160db99,scene0174_03-scene0174_00-scene0174_06-scene0174_01-scene0174_05,2,4acaebba-6c10-2a2a-8650-34c2f160db99/scene0174_03-scene0174_00-scene0174_06-scene0174_01-scene0174_05/T2,1,69,14,0.5043010711669922,1860,0.5043010752688172,0.4956989247311828,32,100,0.32
4acaebba-6c10-2a2a-8650-34c2f160db99,scene0174_03-scene0174_00-scene0174_06-scene0174_01-scene0174_05,2,4acaebba-6c10-2a2a-8650-34c2f160db99/scene0174_03-scene0174_00-scene0174_06-scene0174_01-scene0174_05/T2,1,83,12,0.31855589151382446,1204,0.9966777408637874,0.0033222591362126463,32,100,0.32
4acaebba-6c10-2a2a-8650-34c2f160db99,scene0174_03-scene0174_00-scene0174_06-scene0174_01-scene0174_05,2,4acaebba-6c10-2a2a-8650-34c2f160db99/scene0174_03-scene0174_00-scene0174_06-scene0174_01-scene0174_05/T2,1,86,10,0.8400590419769287,2012,0.8484095427435387,0.15159045725646125,32,100,0.32
4acaebba-6c10-2a2a-8650-34c2f160db99,scene0174_03-scene0174_00-scene0174_06-scene0174_01-scene0174_05,2,4acaebba-6c10-2a2a-8650-34c2f160db99/scene0174_03-scene0174_00-scene0174_06-scene0174_01-scene0174_05/T2,2,4,21,1.0,282,1.0,0.0,14,100,0.14
4acaebba-6c10-2a2a-8650-34c2f160db99,scene0174_03-scene0174_00-scene0174_06-scene0174_01-scene0174_05,2,4acaebba-6c10-2a2a-8650-34c2f160db99/scene0174_03-scene0174_00-scene0174_06-scene0174_01-scene0174_05/T2,2,29,12,0.32398754358291626,1204,0.9501661129568106,0.04983388704318936,14,100,0.14
4acaebba-6c10-2a2a-8650-34c2f160db99,scene0174_03-scene0174_00-scene0174_06-scene0174_01-scene0174_05,2,4acaebba-6c10-2a2a-8650-34c2f160db99/scene0174_03-scene0174_00-scene0174_06-scene0174_01-scene0174_05/T2,2,41,2,0.9015659689903259,5529,0.9475492855850968,0.05245071441490323,14,100,0.14
4acaebba-6c10-2a2a-8650-34c2f160db99,scene0174_03-scene0174_00-scene0174_06-scene0174_01-scene0174_05,2,4acaebba-6c10-2a2a-8650-34c2f160db99/scene0174_03-scene0174_00-scene0174_06-scene0174_01-scene0174_05/T2,2,70,14,0.7522978186607361,1860,0.8801075268817204,0.11989247311827955,14,100,0.14
4acaebba-6c10-2a2a-8650-34c2f160db99,scene0174_03-scene0174_00-scene0174_06-scene0174_01-scene0174_05,2,4acaebba-6c10-2a2a-8650-34c2f160db99/scene0174_03-scene0174_00-scene0174_06-scene0174_01-scene0174_05/T2,2,80,10,0.9133000373840332,2012,1.0,0.0,14,100,0.14
4acaebba-6c10-2a2a-8650-34c2f160db99,scene0174_03-scene0174_00-scene0174_06-scene0174_01-scene0174_05,2,4acaebba-6c10-2a2a-8650-34c2f160db99/scene0174_03-scene0174_00-scene0174_06-scene0174_01-scene0174_05/T2,3,4,21,1.0,282,1.0,0.0,10,100,0.1
4acaebba-6c10-2a2a-8650-34c2f160db99,scene0174_03-scene0174_00-scene0174_06-scene0174_01-scene0174_05,2,4acaebba-6c10-2a2a-8650-34c2f160db99/scene0174_03-scene0174_00-scene0174_06-scene0174_01-scene0174_05/T2,3,11,12,0.36160188913345337,1204,0.7649501661129569,0.23504983388704315,10,100,0.1
4acaebba-6c10-2a2a-8650-34c2f160db99,scene0174_03-scene0174_00-scene0174_06-scene0174_01-scene0174_05,2,4acaebba-6c10-2a2a-8650-34c2f160db99/scene0174_03-scene0174_00-scene0174_06-scene0174_01-scene0174_05/T2,3,37,2,0.8948819637298584,5529,0.9392295170916983,0.06077048290830167,10,100,0.1
4acaebba-6c10-2a2a-8650-34c2f160db99,scene0174_03-scene0174_00-scene0174_06-scene0174_01-scene0174_05,2,4acaebba-6c10-2a2a-8650-34c2f160db99/scene0174_03-scene0174_00-scene0174_06-scene0174_01-scene0174_05/T2,3,48,14,0.7445827722549438,1860,0.8682795698924731,0.13172043010752688,10,100,0.1
4acaebba-6c10-2a2a-8650-34c2f160db99,scene0174_03-scene0174_00-scene0174_06-scene0174_01-scene0174_05,2,4acaebba-6c10-2a2a-8650-34c2f160db99/scene0174_03-scene0174_00-scene0174_06-scene0174_01-scene0174_05/T2,3,60,10,0.9358139634132385,2012,1.0,0.0,10,100,0.1
4acaebba-6c10-2a2a-8650-34c2f160db99,scene0174_03-scene0174_00-scene0174_06-scene0174_01-scene0174_05,2,4acaebba-6c10-2a2a-8650-34c2f160db99/scene0174_03-scene0174_00-scene0174_06-scene0174_01-scene0174_05/T2,4,0,10,0.8229038715362549,2012,1.0,0.0,9,100,0.09
4acaebba-6c10-2a2a-8650-34c2f160db99,scene0174_03-scene0174_00-scene0174_06-scene0174_01-scene0174_05,2,4acaebba-6c10-2a2a-8650-34c2f160db99/scene0174_03-scene0174_00-scene0174_06-scene0174_01-scene0174_05/T2,4,3,21,1.0,282,1.0,0.0,9,100,0.09
4acaebba-6c10-2a2a-8650-34c2f160db99,scene0174_03-scene0174_00-scene0174_06-scene0174_01-scene0174_05,2,4acaebba-6c10-2a2a-8650-34c2f160db99/scene0174_03-scene0174_00-scene0174_06-scene0174_01-scene0174_05/T2,4,37,2,0.8978114724159241,5529,0.9423042141436064,0.05769578585639357,9,100,0.09
4acaebba-6c10-2a2a-8650-34c2f160db99,scene0174_03-scene0174_00-scene0174_06-scene0174_01-scene0174_05,2,4acaebba-6c10-2a2a-8650-34c2f160db99/scene0174_03-scene0174_00-scene0174_06-scene0174_01-scene0174_05/T2,4,48,14,0.7369624972343445,1860,0.8661290322580645,0.13387096774193552,9,100,0.09
4acaebba-6c10-2a2a-8650-34c2f160db99,scene0174_03-scene0174_00-scene0174_06-scene0174_01-scene0174_05,2,4acaebba-6c10-2a2a-8650-34c2f160db99/scene0174_03-scene0174_00-scene0174_06-scene0174_01-scene0174_05/T2,4,88,12,0.36800938844680786,1204,0.78156146179402,0.21843853820598003,9,100,0.09
4acaebba-6c10-2a2a-8650-34c2f160db99,scene0174_03-scene0174_00-scene0174_06-scene0174_01-scene0174_05,2,4acaebba-6c10-2a2a-8650-34c2f160db99/scene0174_03-scene0174_00-scene0174_06-scene0174_01-scene0174_05/T2,5,4,21,1.0,282,1.0,0.0,18,100,0.18
4acaebba-6c10-2a2a-8650-34c2f160db99,scene0174_03-scene0174_00-scene0174_06-scene0174_01-scene0174_05,2,4acaebba-6c10-2a2a-8650-34c2f160db99/scene0174_03-scene0174_00-scene0174_06-scene0174_01-scene0174_05/T2,5,34,12,0.2981674075126648,1204,1.0,0.0,18,100,0.18
4acaebba-6c10-2a2a-8650-34c2f160db99,scene0174_03-scene0174_00-scene0174_06-scene0174_01-scene0174_05,2,4acaebba-6c10-2a2a-8650-34c2f160db99/scene0174_03-scene0174_00-scene0174_06-scene0174_01-scene0174_05/T2,5,37,2,0.8983108997344971,5529,0.9426659432085368,0.057334056791463195,18,100,0.18
4acaebba-6c10-2a2a-8650-34c2f160db99,scene0174_03-scene0174_00-scene0174_06-scene0174_01-scene0174_05,2,4acaebba-6c10-2a2a-8650-34c2f160db99/scene0174_03-scene0174_00-scene0174_06-scene0174_01-scene0174_05/T2,5,48,14,0.703568160533905,1860,0.8268817204301075,0.17311827956989245,18,100,0.18
4acaebba-6c10-2a2a-8650-34c2f160db99,scene0174_03-scene0174_00-scene0174_06-scene0174_01-scene0174_05,2,4acaebba-6c10-2a2a-8650-34c2f160db99/scene0174_03-scene0174_00-scene0174_06-scene0174_01-scene0174_05/T2,5,80,10,0.8683642745018005,2012,1.0,0.0,18,100,0.18
4acaebba-6c10-2a2a-8650-34c2f160db99,scene0174_03-scene0174_00-scene0174_06-scene0174_01-scene0174_05,2,4acaebba-6c10-2a2a-8650-34c2f160db99/scene0174_03-scene0174_00-scene0174_06-scene0174_01-scene0174_05/T2,6,3,21,1.0,282,1.0,0.0,8,100,0.08
4acaebba-6c10-2a2a-8650-34c2f160db99,scene0174_03-scene0174_00-scene0174_06-scene0174_01-scene0174_05,2,4acaebba-6c10-2a2a-8650-34c2f160db99/scene0174_03-scene0174_00-scene0174_06-scene0174_01-scene0174_05/T2,6,19,14,0.7994750738143921,1860,0.8188172043010753,0.1811827956989247,8,100,0.08
4acaebba-6c10-2a2a-8650-34c2f160db99,scene0174_03-scene0174_00-scene0174_06-scene0174_01-scene0174_05,2,4acaebba-6c10-2a2a-8650-34c2f160db99/scene0174_03-scene0174_00-scene0174_06-scene0174_01-scene0174_05/T2,6,37,2,0.8981561064720154,5529,0.9426659432085368,0.057334056791463195,8,100,0.08
4acaebba-6c10-2a2a-8650-34c2f160db99,scene0174_03-scene0174_00-scene0174_06-scene0174_01-scene0174_05,2,4acaebba-6c10-2a2a-8650-34c2f160db99/scene0174_03-scene0174_00-scene0174_06-scene0174_01-scene0174_05/T2,6,41,12,0.3179223835468292,1204,0.925249169435216,0.07475083056478404,8,100,0.08
4acaebba-6c10-2a2a-8650-34c2f160db99,scene0174_03-scene0174_00-scene0174_06-scene0174_01-scene0174_05,2,4acaebba-6c10-2a2a-8650-34c2f160db99/scene0174_03-scene0174_00-scene0174_06-scene0174_01-scene0174_05/T2,6,73,10,0.9229357838630676,2012,1.0,0.0,8,100,0.08
4acaebba-6c10-2a2a-8650-34c2f160db99,scene0174_03-scene0174_00-scene0174_06-scene0174_01-scene0174_05,2,4acaebba-6c10-2a2a-8650-34c2f160db99/scene0174_03-scene0174_00-scene0174_06-scene0174_01-scene0174_05/T2,7,4,21,1.0,282,1.0,0.0,4,100,0.04
4acaebba-6c10-2a2a-8650-34c2f160db99,scene0174_03-scene0174_00-scene0174_06-scene0174_01-scene0174_05,2,4acaebba-6c10-2a2a-8650-34c2f160db99/scene0174_03-scene0174_00-scene0174_06-scene0174_01-scene0174_05/T2,7,37,2,0.8930224776268005,5529,0.9421233496111413,0.0578766503888587,4,100,0.04
4acaebba-6c10-2a2a-8650-34c2f160db99,scene0174_03-scene0174_00-scene0174_06-scene0174_01-scene0174_05,2,4acaebba-6c10-2a2a-8650-34c2f160db99/scene0174_03-scene0174_00-scene0174_06-scene0174_01-scene0174_05/T2,7,51,12,0.3318312168121338,1204,0.6727574750830565,0.3272425249169435,4,100,0.04
4acaebba-6c10-2a2a-8650-34c2f160db99,scene0174_03-scene0174_00-scene0174_06-scene0174_01-scene0174_05,2,4acaebba-6c10-2a2a-8650-34c2f160db99/scene0174_03-scene0174_00-scene0174_06-scene0174_01-scene0174_05/T2,7,53,10,0.9233593344688416,2012,1.0,0.0,4,100,0.04
4acaebba-6c10-2a2a-8650-34c2f160db99,scene0174_03-scene0174_00-scene0174_06-scene0174_01-scene0174_05,2,4acaebba-6c10-2a2a-8650-34c2f160db99/scene0174_03-scene0174_00-scene0174_06-scene0174_01-scene0174_05/T2,7,72,14,0.7840036153793335,1860,0.9327956989247311,0.06720430107526887,4,100,0.04
4acaebba-6c10-2a2a-8650-34c2f160db99,scene0174_03-scene0174_00-scene0174_06-scene0174_01-scene0174_05,2,4acaebba-6c10-2a2a-8650-34c2f160db99/scene0174_03-scene0174_00-scene0174_06-scene0174_01-scene0174_05/T2,8,0,10,0.9233593344688416,2012,1.0,0.0,9,100,0.09
4acaebba-6c10-2a2a-8650-34c2f160db99,scene0174_03-scene0174_00-scene0174_06-scene0174_01-scene0174_05,2,4acaebba-6c10-2a2a-8650-34c2f160db99/scene0174_03-scene0174_00-scene0174_06-scene0174_01-scene0174_05/T2,8,4,21,1.0,282,1.0,0.0,9,100,0.09
4acaebba-6c10-2a2a-8650-34c2f160db99,scene0174_03-scene0174_00-scene0174_06-scene0174_01-scene0174_05,2,4acaebba-6c10-2a2a-8650-34c2f160db99/scene0174_03-scene0174_00-scene0174_06-scene0174_01-scene0174_05/T2,8,37,2,0.8991886973381042,5529,0.9421233496111413,0.0578766503888587,9,100,0.09
4acaebba-6c10-2a2a-8650-34c2f160db99,scene0174_03-scene0174_00-scene0174_06-scene0174_01-scene0174_05,2,4acaebba-6c10-2a2a-8650-34c2f160db99/scene0174_03-scene0174_00-scene0174_06-scene0174_01-scene0174_05/T2,8,41,12,0.33303913474082947,1204,0.9401993355481728,0.05980066445182719,9,100,0.09
4acaebba-6c10-2a2a-8650-34c2f160db99,scene0174_03-scene0174_00-scene0174_06-scene0174_01-scene0174_05,2,4acaebba-6c10-2a2a-8650-34c2f160db99/scene0174_03-scene0174_00-scene0174_06-scene0174_01-scene0174_05/T2,8,72,14,0.6215223073959351,1860,0.6365591397849463,0.36344086021505373,9,100,0.09
4acaebba-6c10-2a2a-8650-34c2f160db99,scene0174_03-scene0174_00-scene0174_06-scene0174_01-scene0174_05,2,4acaebba-6c10-2a2a-8650-34c2f160db99/scene0174_03-scene0174_00-scene0174_06-scene0174_01-scene0174_05/T2,9,4,21,1.0,282,1.0,0.0,14,100,0.14
4acaebba-6c10-2a2a-8650-34c2f160db99,scene0174_03-scene0174_00-scene0174_06-scene0174_01-scene0174_05,2,4acaebba-6c10-2a2a-8650-34c2f160db99/scene0174_03-scene0174_00-scene0174_06-scene0174_01-scene0174_05/T2,9,8,14,0.7049331665039062,1860,0.8220430107526882,0.17795698924731185,14,100,0.14
4acaebba-6c10-2a2a-8650-34c2f160db99,scene0174_03-scene0174_00-scene0174_06-scene0174_01-scene0174_05,2,4acaebba-6c10-2a2a-8650-34c2f160db99/scene0174_03-scene0174_00-scene0174_06-scene0174_01-scene0174_05/T2,9,22,10,0.9665683507919312,2012,0.9771371769383698,0.022862823061630233,14,100,0.14
4acaebba-6c10-2a2a-8650-34c2f160db99,scene0174_03-scene0174_00-scene0174_06-scene0174_01-scene0174_05,2,4acaebba-6c10-2a2a-8650-34c2f160db99/scene0174_03-scene0174_00-scene0174_06-scene0174_01-scene0174_05/T2,9,37,2,0.9029644727706909,5529,0.9475492855850968,0.05245071441490323,14,100,0.14
4acaebba-6c10-2a2a-8650-34c2f160db99,scene0174_03-scene0174_00-scene0174_06-scene0174_01-scene0174_05,2,4acaebba-6c10-2a2a-8650-34c2f160db99/scene0174_03-scene0174_00-scene0174_06-scene0174_01-scene0174_05/T2,9,88,12,0.35615941882133484,1204,0.8164451827242525,0.18355481727574752,14,100,0.14
4acaebba-6c10-2a2a-8650-34c2f160db99,scene0174_03-scene0174_00-scene0174_06-scene0174_01-scene0174_05,2,4acaebba-6c10-2a2a-8650-34c2f160db99/scene0174_03-scene0174_00-scene0174_06-scene0174_01-scene0174_05/T2,10,3,21,1.0,282,1.0,0.0,9,100,0.09
4acaebba-6c10-2a2a-8650-34c2f160db99,scene0174_03-scene0174_00-scene0174_06-scene0174_01-scene0174_05,2,4acaebba-6c10-2a2a-8650-34c2f160db99/scene0174_03-scene0174_00-scene0174_06-scene0174_01-scene0174_05/T2,10,8,14,0.7759336233139038,1860,0.9048387096774193,0.0951612903225807,9,100,0.09
4acaebba-6c10-2a2a-8650-34c2f160db99,scene0174_03-scene0174_00-scene0174_06-scene0174_01-scene0174_05,2,4acaebba-6c10-2a2a-8650-34c2f160db99/scene0174_03-scene0174_00-scene0174_06-scene0174_01-scene0174_05/T2,10,11,12,0.32472747564315796,1204,0.9401993355481728,0.05980066445182719,9,100,0.09
4acaebba-6c10-2a2a-8650-34c2f160db99,scene0174_03-scene0174_00-scene0174_06-scene0174_01-scene0174_05,2,4acaebba-6c10-2a2a-8650-34c2f160db99/scene0174_03-scene0174_00-scene0174_06-scene0174_01-scene0174_05/T2,10,37,2,0.8983718752861023,5529,0.9480918791824923,0.05190812081750773,9,100,0.09
4acaebba-6c10-2a2a-8650-34c2f160db99,scene0174_03-scene0174_00-scene0174_06-scene0174_01-scene0174_05,2,4acaebba-6c10-2a2a-8650-34c2f160db99/scene0174_03-scene0174_00-scene0174_06-scene0174_01-scene0174_05/T2,10,73,10,0.9229357838630676,2012,1.0,0.0,9,100,0.09
4acaebba-6c10-2a2a-8650-34c2f160db99,scene0174_03-scene0174_00-scene0174_06-scene0174_01-scene0174_05,2,4acaebba-6c10-2a2a-8650-34c2f160db99/scene0174_03-scene0174_00-scene0174_06-scene0174_01-scene0174_05/T2,11,4,21,1.0,282,1.0,0.0,1,100,0.01
4acaebba-6c10-2a2a-8650-34c2f160db99,scene0174_03-scene0174_00-scene0174_06-scene0174_01-scene0174_05,2,4acaebba-6c10-2a2a-8650-34c2f160db99/scene0174_03-scene0174_00-scene0174_06-scene0174_01-scene0174_05/T2,11,33,14,0.7875000238418579,1860,0.9145161290322581,0.0854838709677419,1,100,0.01
4acaebba-6c10-2a2a-8650-34c2f160db99,scene0174_03-scene0174_00-scene0174_06-scene0174_01-scene0174_05,2,4acaebba-6c10-2a2a-8650-34c2f160db99/scene0174_03-scene0174_00-scene0174_06-scene0174_01-scene0174_05/T2,11,37,2,0.8974844813346863,5529,0.9421233496111413,0.0578766503888587,1,100,0.01
4acaebba-6c10-2a2a-8650-34c2f160db99,scene0174_03-scene0174_00-scene0174_06-scene0174_01-scene0174_05,2,4acaebba-6c10-2a2a-8650-34c2f160db99/scene0174_03-scene0174_00-scene0174_06-scene0174_01-scene0174_05/T2,11,73,10,0.82969069480896,2012,1.0,0.0,1,100,0.01
4acaebba-6c10-2a2a-8650-34c2f160db99,scene0174_03-scene0174_00-scene0174_06-scene0174_01-scene0174_05,2,4acaebba-6c10-2a2a-8650-34c2f160db99/scene0174_03-scene0174_00-scene0174_06-scene0174_01-scene0174_05/T2,11,84,12,0.3126510977745056,1204,0.9667774086378738,0.03322259136212624,1,100,0.01
4acaebba-6c10-2a2a-8650-34c2f160db99,scene0174_03-scene0174_00-scene0174_06-scene0174_01-scene0174_05,3,4acaebba-6c10-2a2a-8650-34c2f160db99/scene0174_03-scene0174_00-scene0174_06-scene0174_01-scene0174_05/T3,0,0,2,0.23886600136756897,7279,0.33452397307322435,0.6654760269267757,0,100,0.0
4acaebba-6c10-2a2a-8650-34c2f160db99,scene0174_03-scene0174_00-scene0174_06-scene0174_01-scene0174_05,3,4acaebba-6c10-2a2a-8650-34c2f160db99/scene0174_03-scene0174_00-scene0174_06-scene0174_01-scene0174_05/T3,0,1,10,0.13894766569137573,2724,0.36160058737151246,0.6383994126284875,0,100,0.0
4acaebba-6c10-2a2a-8650-34c2f160db99,scene0174_03-scene0174_00-scene0174_06-scene0174_01-scene0174_05,3,4acaebba-6c10-2a2a-8650-34c2f160db99/scene0174_03-scene0174_00-scene0174_06-scene0174_01-scene0174_05/T3,0,2,12,0.015443538315594196,2869,0.043569187870338096,0.9564308121296619,0,100,0.0
4acaebba-6c10-2a2a-8650-34c2f160db99,scene0174_03-scene0174_00-scene0174_06-scene0174_01-scene0174_05,3,4acaebba-6c10-2a2a-8650-34c2f160db99/scene0174_03-scene0174_00-scene0174_06-scene0174_01-scene0174_05/T3,0,3,14,0.2526974081993103,2661,0.6072904922961293,0.3927095077038707,0,100,0.0
4acaebba-6c10-2a2a-8650-34c2f160db99,scene0174_03-scene0174_00-scene0174_06-scene0174_01-scene0174_05,3,4acaebba-6c10-2a2a-8650-34c2f160db99/scene0174_03-scene0174_00-scene0174_06-scene0174_01-scene0174_05/T3,0,4,21,0.001243118429556489,288,0.024305555555555556,0.9756944444444444,0,100,0.0
4acaebba-6c10-2a2a-8650-34c2f160db99,scene0174_03-scene0174_00-scene0174_06-scene0174_01-scene0174_05,3,4acaebba-6c10-2a2a-8650-34c2f160db99/scene0174_03-scene0174_00-scene0174_06-scene0174_01-scene0174_05/T3,0,5,40,0.0,1575,0.0,1.0,0,100,0.0
4acaebba-6c10-2a2a-8650-34c2f160db99,scene0174_03-scene0174_00-scene0174_06-scene0174_01-scene0174_05,3,4acaebba-6c10-2a2a-8650-34c2f160db99/scene0174_03-scene0174_00-scene0174_06-scene0174_01-scene0174_05/T3,0,6,41,0.0,1666,0.0,1.0,0,100,0.0
4acaebba-6c10-2a2a-8650-34c2f160db99,scene0174_03-scene0174_00-scene0174_06-scene0174_01-scene0174_05,3,4acaebba-6c10-2a2a-8650-34c2f160db99/scene0174_03-scene0174_00-scene0174_06-scene0174_01-scene0174_05/T3,1,1,21,1.0,288,1.0,0.0,39,100,0.39
4acaebba-6c10-2a2a-8650-34c2f160db99,scene0174_03-scene0174_00-scene0174_06-scene0174_01-scene0174_05,3,4acaebba-6c10-2a2a-8650-34c2f160db99/scene0174_03-scene0174_00-scene0174_06-scene0174_01-scene0174_05/T3,1,6,2,0.8722949028015137,7279,0.9524659980766589,0.04753400192334112,39,100,0.39
4acaebba-6c10-2a2a-8650-34c2f160db99,scene0174_03-scene0174_00-scene0174_06-scene0174_01-scene0174_05,3,4acaebba-6c10-2a2a-8650-34c2f160db99/scene0174_03-scene0174_00-scene0174_06-scene0174_01-scene0174_05/T3,1,18,10,0.9930249452590942,2724,0.9930249632892805,0.006975036710719529,39,100,0.39
4acaebba-6c10-2a2a-8650-34c2f160db99,scene0174_03-scene0174_00-scene0174_06-scene0174_01-scene0174_05,3,4acaebba-6c10-2a2a-8650-34c2f160db99/scene0174_03-scene0174_00-scene0174_06-scene0174_01-scene0174_05/T3,1,65,12,0.3962813913822174,2869,0.9954688044614849,0.004531195538515109,39,100,0.39
4acaebba-6c10-2a2a-8650-34c2f160db99,scene0174_03-scene0174_00-scene0174_06-scene0174_01-scene0174_05,3,4acaebba-6c10-2a2a-8650-34c2f160db99/scene0174_03-scene0174_00-scene0174_06-scene0174_01-scene0174_05/T3,1,84,40,0.9603658318519592,1575,1.0,0.0,39,100,0.39
4acaebba-6c10-2a2a-8650-34c2f160db99,scene0174_03-scene0174_00-scene0174_06-scene0174_01-scene0174_05,3,4acaebba-6c10-2a2a-8650-34c2f160db99/scene0174_03-scene0174_00-scene0174_06-scene0174_01-scene0174_05/T3,1,88,14,0.7247782945632935,2661,0.9827132656895904,0.017286734310409613,39,100,0.39
4acaebba-6c10-2a2a-8650-34c2f160db99,scene0174_03-scene0174_00-scene0174_06-scene0174_01-scene0174_05,3,4acaebba-6c10-2a2a-8650-34c2f160db99/scene0174_03-scene0174_00-scene0174_06-scene0174_01-scene0174_05/T3,1,95,41,0.8679471611976624,1666,0.8679471788715486,0.1320528211284514,39,100,0.39
4acaebba-6c10-2a2a-8650-34c2f160db99,scene0174_03-scene0174_00-scene0174_06-scene0174_01-scene0174_05,3,4acaebba-6c10-2a2a-8650-34c2f160db99/scene0174_03-scene0174_00-scene0174_06-scene0174_01-scene0174_05/T3,2,1,21,1.0,288,1.0,0.0,9,100,0.09
4acaebba-6c10-2a2a-8650-34c2f160db99,scene0174_03-scene0174_00-scene0174_06-scene0174_01-scene0174_05,3,4acaebba-6c10-2a2a-8650-34c2f160db99/scene0174_03-scene0174_00-scene0174_06-scene0174_01-scene0174_05/T3,2,6,2,0.8981733322143555,7279,0.9524659980766589,0.04753400192334112,9,100,0.09
4acaebba-6c10-2a2a-8650-34c2f160db99,scene0174_03-scene0174_00-scene0174_06-scene0174_01-scene0174_05,3,4acaebba-6c10-2a2a-8650-34c2f160db99/scene0174_03-scene0174_00-scene0174_06-scene0174_01-scene0174_05/T3,2,18,10,0.9930249452590942,2724,0.9930249632892805,0.006975036710719529,9,100,0.09
4acaebba-6c10-2a2a-8650-34c2f160db99,scene0174_03-scene0174_00-scene0174_06-scene0174_01-scene0174_05,3,4acaebba-6c10-2a2a-8650-34c2f160db99/scene0174_03-scene0174_00-scene0174_06-scene0174_01-scene0174_05/T3,2,42,12,0.436465859413147,2869,0.9470198675496688,0.052980132450331174,9,100,0.09
4acaebba-6c10-2a2a-8650-34c2f160db99,scene0174_03-scene0174_00-scene0174_06-scene0174_01-scene0174_05,3,4acaebba-6c10-2a2a-8650-34c2f160db99/scene0174_03-scene0174_00-scene0174_06-scene0174_01-scene0174_05/T3,2,54,14,0.726995587348938,2661,0.9857196542653138,0.014280345734686173,9,100,0.09
4acaebba-6c10-2a2a-8650-34c2f160db99,scene0174_03-scene0174_00-scene0174_06-scene0174_01-scene0174_05,3,4acaebba-6c10-2a2a-8650-34c2f160db99/scene0174_03-scene0174_00-scene0174_06-scene0174_01-scene0174_05/T3,2,84,40,0.9942857027053833,1575,0.9942857142857143,0.005714285714285672,9,100,0.09
4acaebba-6c10-2a2a-8650-34c2f160db99,scene0174_03-scene0174_00-scene0174_06-scene0174_01-scene0174_05,3,4acaebba-6c10-2a2a-8650-34c2f160db99/scene0174_03-scene0174_00-scene0174_06-scene0174_01-scene0174_05/T3,2,95,41,0.9103881120681763,1666,0.9573829531812725,0.042617046818727466,9,100,0.09
4acaebba-6c10-2a2a-8650-34c2f160db99,scene0174_03-scene0174_00-scene0174_06-scene0174_01-scene0174_05,3,4acaebba-6c10-2a2a-8650-34c2f160db99/scene0174_03-scene0174_00-scene0174_06-scene0174_01-scene0174_05/T3,3,1,21,1.0,288,1.0,0.0,3,100,0.03
4acaebba-6c10-2a2a-8650-34c2f160db99,scene0174_03-scene0174_00-scene0174_06-scene0174_01-scene0174_05,3,4acaebba-6c10-2a2a-8650-34c2f160db99/scene0174_03-scene0174_00-scene0174_06-scene0174_01-scene0174_05/T3,3,18,10,0.9930249452590942,2724,0.9930249632892805,0.006975036710719529,3,100,0.03
4acaebba-6c10-2a2a-8650-34c2f160db99,scene0174_03-scene0174_00-scene0174_06-scene0174_01-scene0174_05,3,4acaebba-6c10-2a2a-8650-34c2f160db99/scene0174_03-scene0174_00-scene0174_06-scene0174_01-scene0174_05/T3,3,25,12,0.40519219636917114,2869,0.984663645869641,0.015336354130359053,3,100,0.03
4acaebba-6c10-2a2a-8650-34c2f160db99,scene0174_03-scene0174_00-scene0174_06-scene0174_01-scene0174_05,3,4acaebba-6c10-2a2a-8650-34c2f160db99/scene0174_03-scene0174_00-scene0174_06-scene0174_01-scene0174_05/T3,3,27,41,0.9027543663978577,1666,0.963985594237695,0.03601440576230497,3,100,0.03
4acaebba-6c10-2a2a-8650-34c2f160db99,scene0174_03-scene0174_00-scene0174_06-scene0174_01-scene0174_05,3,4acaebba-6c10-2a2a-8650-34c2f160db99/scene0174_03-scene0174_00-scene0174_06-scene0174_01-scene0174_05/T3,3,34,2,0.8618122339248657,7279,0.9381783211979667,0.061821678802033264,3,100,0.03
4acaebba-6c10-2a2a-8650-34c2f160db99,scene0174_03-scene0174_00-scene0174_06-scene0174_01-scene0174_05,3,4acaebba-6c10-2a2a-8650-34c2f160db99/scene0174_03-scene0174_00-scene0174_06-scene0174_01-scene0174_05/T3,3,54,14,0.8487674593925476,2661,0.9575347613679068,0.04246523863209317,3,100,0.03
4acaebba-6c10-2a2a-8650-34c2f160db99,scene0174_03-scene0174_00-scene0174_06-scene0174_01-scene0174_05,3,4acaebba-6c10-2a2a-8650-34c2f160db99/scene0174_03-scene0174_00-scene0174_06-scene0174_01-scene0174_05/T3,3,99,40,0.9942857027053833,1575,0.9942857142857143,0.005714285714285672,3,100,0.03
4acaebba-6c10-2a2a-8650-34c2f160db99,scene0174_03-scene0174_00-scene0174_06-scene0174_01-scene0174_05,3,4acaebba-6c10-2a2a-8650-34c2f160db99/scene0174_03-scene0174_00-scene0174_06-scene0174_01-scene0174_05/T3,4,1,21,1.0,288,1.0,0.0,5,100,0.05
4acaebba-6c10-2a2a-8650-34c2f160db99,scene0174_03-scene0174_00-scene0174_06-scene0174_01-scene0174_05,3,4acaebba-6c10-2a2a-8650-34c2f160db99/scene0174_03-scene0174_00-scene0174_06-scene0174_01-scene0174_05/T3,4,21,10,0.9930249452590942,2724,0.9930249632892805,0.006975036710719529,5,100,0.05
4acaebba-6c10-2a2a-8650-34c2f160db99,scene0174_03-scene0174_00-scene0174_06-scene0174_01-scene0174_05,3,4acaebba-6c10-2a2a-8650-34c2f160db99/scene0174_03-scene0174_00-scene0174_06-scene0174_01-scene0174_05/T3,4,34,2,0.8633375763893127,7279,0.9381783211979667,0.061821678802033264,5,100,0.05
4acaebba-6c10-2a2a-8650-34c2f160db99,scene0174_03-scene0174_00-scene0174_06-scene0174_01-scene0174_05,3,4acaebba-6c10-2a2a-8650-34c2f160db99/scene0174_03-scene0174_00-scene0174_06-scene0174_01-scene0174_05/T3,4,58,14,0.7559988498687744,2661,0.9827132656895904,0.017286734310409613,5,100,0.05
4acaebba-6c10-2a2a-8650-34c2f160db99,scene0174_03-scene0174_00-scene0174_06-scene0174_01-scene0174_05,3,4acaebba-6c10-2a2a-8650-34c2f160db99/scene0174_03-scene0174_00-scene0174_06-scene0174_01-scene0174_05/T3,4,82,12,0.42303696274757385,2869,0.9933774834437086,0.0066225165562914245,5,100,0.05
4acaebba-6c10-2a2a-8650-34c2f160db99,scene0174_03-scene0174_00-scene0174_06-scene0174_01-scene0174_05,3,4acaebba-6c10-2a2a-8650-34c2f160db99/scene0174_03-scene0174_00-scene0174_06-scene0174_01-scene0174_05/T3,4,95,41,0.907909631729126,1666,0.9645858343337335,0.03541416566626654,5,100,0.05
4acaebba-6c10-2a2a-8650-34c2f160db99,scene0174_03-scene0174_00-scene0174_06-scene0174_01-scene0174_05,3,4acaebba-6c10-2a2a-8650-34c2f160db99/scene0174_03-scene0174_00-scene0174_06-scene0174_01-scene0174_05/T3,4,99,40,1.0,1575,1.0,0.0,5,100,0.05
4acaebba-6c10-2a2a-8650-34c2f160db99,scene0174_03-scene0174_00-scene0174_06-scene0174_01-scene0174_05,3,4acaebba-6c10-2a2a-8650-34c2f160db99/scene0174_03-scene0174_00-scene0174_06-scene0174_01-scene0174_05/T3,5,5,21,1.0,288,1.0,0.0,17,100,0.17
4acaebba-6c10-2a2a-8650-34c2f160db99,scene0174_03-scene0174_00-scene0174_06-scene0174_01-scene0174_05,3,4acaebba-6c10-2a2a-8650-34c2f160db99/scene0174_03-scene0174_00-scene0174_06-scene0174_01-scene0174_05/T3,5,21,10,0.9930249452590942,2724,0.9930249632892805,0.006975036710719529,17,100,0.17
4acaebba-6c10-2a2a-8650-34c2f160db99,scene0174_03-scene0174_00-scene0174_06-scene0174_01-scene0174_05,3,4acaebba-6c10-2a2a-8650-34c2f160db99/scene0174_03-scene0174_00-scene0174_06-scene0174_01-scene0174_05/T3,5,34,2,0.8734544515609741,7279,0.9510921829921692,0.048907817007830756,17,100,0.17
4acaebba-6c10-2a2a-8650-34c2f160db99,scene0174_03-scene0174_00-scene0174_06-scene0174_01-scene0174_05,3,4acaebba-6c10-2a2a-8650-34c2f160db99/scene0174_03-scene0174_00-scene0174_06-scene0174_01-scene0174_05/T3,5,48,40,0.9942857027053833,1575,0.9942857142857143,0.005714285714285672,17,100,0.17
4acaebba-6c10-2a2a-8650-34c2f160db99,scene0174_03-scene0174_00-scene0174_06-scene0174_01-scene0174_05,3,4acaebba-6c10-2a2a-8650-34c2f160db99/scene0174_03-scene0174_00-scene0174_06-scene0174_01-scene0174_05/T3,5,49,41,0.9355951547622681,1666,0.9765906362545018,0.02340936374549818,17,100,0.17
4acaebba-6c10-2a2a-8650-34c2f160db99,scene0174_03-scene0174_00-scene0174_06-scene0174_01-scene0174_05,3,4acaebba-6c10-2a2a-8650-34c2f160db99/scene0174_03-scene0174_00-scene0174_06-scene0174_01-scene0174_05/T3,5,63,14,0.7451114654541016,2661,0.8162344983089064,0.18376550169109362,17,100,0.17
4acaebba-6c10-2a2a-8650-34c2f160db99,scene0174_03-scene0174_00-scene0174_06-scene0174_01-scene0174_05,3,4acaebba-6c10-2a2a-8650-34c2f160db99/scene0174_03-scene0174_00-scene0174_06-scene0174_01-scene0174_05/T3,5,86,12,0.419620543718338,2869,0.9944231439525967,0.005576856047403322,17,100,0.17
4acaebba-6c10-2a2a-8650-34c2f160db99,scene0174_03-scene0174_00-scene0174_06-scene0174_01-scene0174_05,3,4acaebba-6c10-2a2a-8650-34c2f160db99/scene0174_03-scene0174_00-scene0174_06-scene0174_01-scene0174_05/T3,6,3,21,1.0,288,1.0,0.0,12,100,0.12
4acaebba-6c10-2a2a-8650-34c2f160db99,scene0174_03-scene0174_00-scene0174_06-scene0174_01-scene0174_05,3,4acaebba-6c10-2a2a-8650-34c2f160db99/scene0174_03-scene0174_00-scene0174_06-scene0174_01-scene0174_05/T3,6,17,10,0.9930249452590942,2724,0.9930249632892805,0.006975036710719529,12,100,0.12
4acaebba-6c10-2a2a-8650-34c2f160db99,scene0174_03-scene0174_00-scene0174_06-scene0174_01-scene0174_05,3,4acaebba-6c10-2a2a-8650-34c2f160db99/scene0174_03-scene0174_00-scene0174_06-scene0174_01-scene0174_05/T3,6,34,2,0.8687862753868103,7279,0.9460090671795577,0.05399093282044232,12,100,0.12
4acaebba-6c10-2a2a-8650-34c2f160db99,scene0174_03-scene0174_00-scene0174_06-scene0174_01-scene0174_05,3,4acaebba-6c10-2a2a-8650-34c2f160db99/scene0174_03-scene0174_00-scene0174_06-scene0174_01-scene0174_05/T3,6,42,12,0.42542269825935364,2869,0.982223771348902,0.01777622865109796,12,100,0.12
4acaebba-6c10-2a2a-8650-34c2f160db99,scene0174_03-scene0174_00-scene0174_06-scene0174_01-scene0174_05,3,4acaebba-6c10-2a2a-8650-34c2f160db99/scene0174_03-scene0174_00-scene0174_06-scene0174_01-scene0174_05/T3,6,48,40,0.9942857027053833,1575,0.9942857142857143,0.005714285714285672,12,100,0.12
4acaebba-6c10-2a2a-8650-34c2f160db99,scene0174_03-scene0174_00-scene0174_06-scene0174_01-scene0174_05,3,4acaebba-6c10-2a2a-8650-34c2f160db99/scene0174_03-scene0174_00-scene0174_06-scene0174_01-scene0174_05/T3,6,49,41,0.9281232357025146,1666,0.9765906362545018,0.02340936374549818,12,100,0.12
4acaebba-6c10-2a2a-8650-34c2f160db99,scene0174_03-scene0174_00-scene0174_06-scene0174_01-scene0174_05,3,4acaebba-6c10-2a2a-8650-34c2f160db99/scene0174_03-scene0174_00-scene0174_06-scene0174_01-scene0174_05/T3,6,63,14,0.821553111076355,2661,0.9740698985343855,0.025930101465614475,12,100,0.12
4acaebba-6c10-2a2a-8650-34c2f160db99,scene0174_03-scene0174_00-scene0174_06-scene0174_01-scene0174_05,3,4acaebba-6c10-2a2a-8650-34c2f160db99/scene0174_03-scene0174_00-scene0174_06-scene0174_01-scene0174_05/T3,7,11,21,1.0,288,1.0,0.0,4,100,0.04
4acaebba-6c10-2a2a-8650-34c2f160db99,scene0174_03-scene0174_00-scene0174_06-scene0174_01-scene0174_05,3,4acaebba-6c10-2a2a-8650-34c2f160db99/scene0174_03-scene0174_00-scene0174_06-scene0174_01-scene0174_05/T3,7,21,10,0.9930249452590942,2724,0.9930249632892805,0.006975036710719529,4,100,0.04
4acaebba-6c10-2a2a-8650-34c2f160db99,scene0174_03-scene0174_00-scene0174_06-scene0174_01-scene0174_05,3,4acaebba-6c10-2a2a-8650-34c2f160db99/scene0174_03-scene0174_00-scene0174_06-scene0174_01-scene0174_05/T3,7,34,2,0.8633375763893127,7279,0.9381783211979667,0.061821678802033264,4,100,0.04
4acaebba-6c10-2a2a-8650-34c2f160db99,scene0174_03-scene0174_00-scene0174_06-scene0174_01-scene0174_05,3,4acaebba-6c10-2a2a-8650-34c2f160db99/scene0174_03-scene0174_00-scene0174_06-scene0174_01-scene0174_05/T3,7,48,40,0.9942857027053833,1575,0.9942857142857143,0.005714285714285672,4,100,0.04
4acaebba-6c10-2a2a-8650-34c2f160db99,scene0174_03-scene0174_00-scene0174_06-scene0174_01-scene0174_05,3,4acaebba-6c10-2a2a-8650-34c2f160db99/scene0174_03-scene0174_00-scene0174_06-scene0174_01-scene0174_05/T3,7,54,14,0.8487674593925476,2661,0.9575347613679068,0.04246523863209317,4,100,0.04
4acaebba-6c10-2a2a-8650-34c2f160db99,scene0174_03-scene0174_00-scene0174_06-scene0174_01-scene0174_05,3,4acaebba-6c10-2a2a-8650-34c2f160db99/scene0174_03-scene0174_00-scene0174_06-scene0174_01-scene0174_05/T3,7,57,12,0.40535563230514526,2869,0.9972115719762984,0.0027884280237016057,4,100,0.04
4acaebba-6c10-2a2a-8650-34c2f160db99,scene0174_03-scene0174_00-scene0174_06-scene0174_01-scene0174_05,3,4acaebba-6c10-2a2a-8650-34c2f160db99/scene0174_03-scene0174_00-scene0174_06-scene0174_01-scene0174_05/T3,7,95,41,0.9381260871887207,1666,0.9555822328931572,0.044417767106842754,4,100,0.04
4acaebba-6c10-2a2a-8650-34c2f160db99,scene0174_03-scene0174_00-scene0174_06-scene0174_01-scene0174_05,3,4acaebba-6c10-2a2a-8650-34c2f160db99/scene0174_03-scene0174_00-scene0174_06-scene0174_01-scene0174_05/T3,8,3,21,1.0,288,1.0,0.0,5,100,0.05
4acaebba-6c10-2a2a-8650-34c2f160db99,scene0174_03-scene0174_00-scene0174_06-scene0174_01-scene0174_05,3,4acaebba-6c10-2a2a-8650-34c2f160db99/scene0174_03-scene0174_00-scene0174_06-scene0174_01-scene0174_05/T3,8,17,10,0.9930249452590942,2724,0.9930249632892805,0.006975036710719529,5,100,0.05
4acaebba-6c10-2a2a-8650-34c2f160db99,scene0174_03-scene0174_00-scene0174_06-scene0174_01-scene0174_05,3,4acaebba-6c10-2a2a-8650-34c2f160db99/scene0174_03-scene0174_00-scene0174_06-scene0174_01-scene0174_05/T3,8,34,2,0.8591477870941162,7279,0.9335073499107021,0.06649265008929794,5,100,0.05
4acaebba-6c10-2a2a-8650-34c2f160db99,scene0174_03-scene0174_00-scene0174_06-scene0174_01-scene0174_05,3,4acaebba-6c10-2a2a-8650-34c2f160db99/scene0174_03-scene0174_00-scene0174_06-scene0174_01-scene0174_05/T3,8,48,40,0.9942857027053833,1575,0.9942857142857143,0.005714285714285672,5,100,0.05
4acaebba-6c10-2a2a-8650-34c2f160db99,scene0174_03-scene0174_00-scene0174_06-scene0174_01-scene0174_05,3,4acaebba-6c10-2a2a-8650-34c2f160db99/scene0174_03-scene0174_00-scene0174_06-scene0174_01-scene0174_05/T3,8,63,14,0.8281797766685486,2661,0.9763246899661782,0.02367531003382184,5,100,0.05
4acaebba-6c10-2a2a-8650-34c2f160db99,scene0174_03-scene0174_00-scene0174_06-scene0174_01-scene0174_05,3,4acaebba-6c10-2a2a-8650-34c2f160db99/scene0174_03-scene0174_00-scene0174_06-scene0174_01-scene0174_05/T3,8,79,12,0.4073757529258728,2869,0.9972115719762984,0.0027884280237016057,5,100,0.05
4acaebba-6c10-2a2a-8650-34c2f160db99,scene0174_03-scene0174_00-scene0174_06-scene0174_01-scene0174_05,3,4acaebba-6c10-2a2a-8650-34c2f160db99/scene0174_03-scene0174_00-scene0174_06-scene0174_01-scene0174_05/T3,8,95,41,0.9286529421806335,1666,0.9765906362545018,0.02340936374549818,5,100,0.05
4acaebba-6c10-2a2a-8650-34c2f160db99,scene0174_03-scene0174_00-scene0174_06-scene0174_01-scene0174_05,3,4acaebba-6c10-2a2a-8650-34c2f160db99/scene0174_03-scene0174_00-scene0174_06-scene0174_01-scene0174_05/T3,9,13,21,1.0,288,1.0,0.0,20,100,0.2
4acaebba-6c10-2a2a-8650-34c2f160db99,scene0174_03-scene0174_00-scene0174_06-scene0174_01-scene0174_05,3,4acaebba-6c10-2a2a-8650-34c2f160db99/scene0174_03-scene0174_00-scene0174_06-scene0174_01-scene0174_05/T3,9,17,10,0.9930249452590942,2724,0.9930249632892805,0.006975036710719529,20,100,0.2
4acaebba-6c10-2a2a-8650-34c2f160db99,scene0174_03-scene0174_00-scene0174_06-scene0174_01-scene0174_05,3,4acaebba-6c10-2a2a-8650-34c2f160db99/scene0174_03-scene0174_00-scene0174_06-scene0174_01-scene0174_05/T3,9,34,2,0.8569265604019165,7279,0.9330952053853552,0.06690479461464482,20,100,0.2
4acaebba-6c10-2a2a-8650-34c2f160db99,scene0174_03-scene0174_00-scene0174_06-scene0174_01-scene0174_05,3,4acaebba-6c10-2a2a-8650-34c2f160db99/scene0174_03-scene0174_00-scene0174_06-scene0174_01-scene0174_05/T3,9,42,12,0.3990364074707031,2869,0.9815266643429766,0.01847333565702336,20,100,0.2
4acaebba-6c10-2a2a-8650-34c2f160db99,scene0174_03-scene0174_00-scene0174_06-scene0174_01-scene0174_05,3,4acaebba-6c10-2a2a-8650-34c2f160db99/scene0174_03-scene0174_00-scene0174_06-scene0174_01-scene0174_05/T3,9,48,40,0.9942857027053833,1575,0.9942857142857143,0.005714285714285672,20,100,0.2
4acaebba-6c10-2a2a-8650-34c2f160db99,scene0174_03-scene0174_00-scene0174_06-scene0174_01-scene0174_05,3,4acaebba-6c10-2a2a-8650-34c2f160db99/scene0174_03-scene0174_00-scene0174_06-scene0174_01-scene0174_05/T3,9,63,14,0.821234405040741,2661,0.9650507328072153,0.03494926719278468,20,100,0.2
4acaebba-6c10-2a2a-8650-34c2f160db99,scene0174_03-scene0174_00-scene0174_06-scene0174_01-scene0174_05,3,4acaebba-6c10-2a2a-8650-34c2f160db99/scene0174_03-scene0174_00-scene0174_06-scene0174_01-scene0174_05/T3,9,73,41,0.9286529421806335,1666,0.9765906362545018,0.02340936374549818,20,100,0.2
4acaebba-6c10-2a2a-8650-34c2f160db99,scene0174_03-scene0174_00-scene0174_06-scene0174_01-scene0174_05,3,4acaebba-6c10-2a2a-8650-34c2f160db99/scene0174_03-scene0174_00-scene0174_06-scene0174_01-scene0174_05/T3,10,5,21,1.0,288,1.0,0.0,19,100,0.19
4acaebba-6c10-2a2a-8650-34c2f160db99,scene0174_03-scene0174_00-scene0174_06-scene0174_01-scene0174_05,3,4acaebba-6c10-2a2a-8650-34c2f160db99/scene0174_03-scene0174_00-scene0174_06-scene0174_01-scene0174_05/T3,10,17,10,0.9930249452590942,2724,0.9930249632892805,0.006975036710719529,19,100,0.19
4acaebba-6c10-2a2a-8650-34c2f160db99,scene0174_03-scene0174_00-scene0174_06-scene0174_01-scene0174_05,3,4acaebba-6c10-2a2a-8650-34c2f160db99/scene0174_03-scene0174_00-scene0174_06-scene0174_01-scene0174_05/T3,10,19,14,0.8257406949996948,2661,0.9740698985343855,0.025930101465614475,19,100,0.19
4acaebba-6c10-2a2a-8650-34c2f160db99,scene0174_03-scene0174_00-scene0174_06-scene0174_01-scene0174_05,3,4acaebba-6c10-2a2a-8650-34c2f160db99/scene0174_03-scene0174_00-scene0174_06-scene0174_01-scene0174_05/T3,10,34,2,0.8569265604019165,7279,0.9330952053853552,0.06690479461464482,19,100,0.19
4acaebba-6c10-2a2a-8650-34c2f160db99,scene0174_03-scene0174_00-scene0174_06-scene0174_01-scene0174_05,3,4acaebba-6c10-2a2a-8650-34c2f160db99/scene0174_03-scene0174_00-scene0174_06-scene0174_01-scene0174_05/T3,10,48,40,0.9942857027053833,1575,0.9942857142857143,0.005714285714285672,19,100,0.19
4acaebba-6c10-2a2a-8650-34c2f160db99,scene0174_03-scene0174_00-scene0174_06-scene0174_01-scene0174_05,3,4acaebba-6c10-2a2a-8650-34c2f160db99/scene0174_03-scene0174_00-scene0174_06-scene0174_01-scene0174_05/T3,10,49,41,0.9023849368095398,1666,0.9765906362545018,0.02340936374549818,19,100,0.19
4acaebba-6c10-2a2a-8650-34c2f160db99,scene0174_03-scene0174_00-scene0174_06-scene0174_01-scene0174_05,3,4acaebba-6c10-2a2a-8650-34c2f160db99/scene0174_03-scene0174_00-scene0174_06-scene0174_01-scene0174_05/T3,10,79,12,0.40535563230514526,2869,0.9972115719762984,0.0027884280237016057,19,100,0.19
4acaebba-6c10-2a2a-8650-34c2f160db99,scene0174_03-scene0174_00-scene0174_06-scene0174_01-scene0174_05,3,4acaebba-6c10-2a2a-8650-34c2f160db99/scene0174_03-scene0174_00-scene0174_06-scene0174_01-scene0174_05/T3,11,6,14,0.8266793489456177,2661,0.9804584742577979,0.019541525742202137,1,100,0.01
4acaebba-6c10-2a2a-8650-34c2f160db99,scene0174_03-scene0174_00-scene0174_06-scene0174_01-scene0174_05,3,4acaebba-6c10-2a2a-8650-34c2f160db99/scene0174_03-scene0174_00-scene0174_06-scene0174_01-scene0174_05/T3,11,11,21,1.0,288,1.0,0.0,1,100,0.01
4acaebba-6c10-2a2a-8650-34c2f160db99,scene0174_03-scene0174_00-scene0174_06-scene0174_01-scene0174_05,3,4acaebba-6c10-2a2a-8650-34c2f160db99/scene0174_03-scene0174_00-scene0174_06-scene0174_01-scene0174_05/T3,11,21,10,0.9930249452590942,2724,0.9930249632892805,0.006975036710719529,1,100,0.01
4acaebba-6c10-2a2a-8650-34c2f160db99,scene0174_03-scene0174_00-scene0174_06-scene0174_01-scene0174_05,3,4acaebba-6c10-2a2a-8650-34c2f160db99/scene0174_03-scene0174_00-scene0174_06-scene0174_01-scene0174_05/T3,11,34,2,0.8633375763893127,7279,0.9381783211979667,0.061821678802033264,1,100,0.01
4acaebba-6c10-2a2a-8650-34c2f160db99,scene0174_03-scene0174_00-scene0174_06-scene0174_01-scene0174_05,3,4acaebba-6c10-2a2a-8650-34c2f160db99/scene0174_03-scene0174_00-scene0174_06-scene0174_01-scene0174_05/T3,11,47,12,0.40563899278640747,2869,0.9979086789822238,0.0020913210177762043,1,100,0.01
4acaebba-6c10-2a2a-8650-34c2f160db99,scene0174_03-scene0174_00-scene0174_06-scene0174_01-scene0174_05,3,4acaebba-6c10-2a2a-8650-34c2f160db99/scene0174_03-scene0174_00-scene0174_06-scene0174_01-scene0174_05/T3,11,48,40,0.9942857027053833,1575,0.9942857142857143,0.005714285714285672,1,100,0.01
4acaebba-6c10-2a2a-8650-34c2f160db99,scene0174_03-scene0174_00-scene0174_06-scene0174_01-scene0174_05,3,4acaebba-6c10-2a2a-8650-34c2f160db99/scene0174_03-scene0174_00-scene0174_06-scene0174_01-scene0174_05/T3,11,73,41,0.9281232357025146,1666,0.9765906362545018,0.02340936374549818,1,100,0.01
4acaebba-6c10-2a2a-8650-34c2f160db99,scene0174_03-scene0174_00-scene0174_06-scene0174_01-scene0174_05,4,4acaebba-6c10-2a2a-8650-34c2f160db99/scene0174_03-scene0174_00-scene0174_06-scene0174_01-scene0174_05/T4,0,0,2,0.23467402160167694,10571,0.3537981269510926,0.6462018730489074,0,100,0.0
4acaebba-6c10-2a2a-8650-34c2f160db99,scene0174_03-scene0174_00-scene0174_06-scene0174_01-scene0174_05,4,4acaebba-6c10-2a2a-8650-34c2f160db99/scene0174_03-scene0174_00-scene0174_06-scene0174_01-scene0174_05/T4,0,1,10,0.1790117621421814,3421,0.5559777842736042,0.4440222157263958,0,100,0.0
4acaebba-6c10-2a2a-8650-34c2f160db99,scene0174_03-scene0174_00-scene0174_06-scene0174_01-scene0174_05,4,4acaebba-6c10-2a2a-8650-34c2f160db99/scene0174_03-scene0174_00-scene0174_06-scene0174_01-scene0174_05/T4,0,2,12,0.0,4892,0.0,1.0,0,100,0.0
4acaebba-6c10-2a2a-8650-34c2f160db99,scene0174_03-scene0174_00-scene0174_06-scene0174_01-scene0174_05,4,4acaebba-6c10-2a2a-8650-34c2f160db99/scene0174_03-scene0174_00-scene0174_06-scene0174_01-scene0174_05/T4,0,3,14,0.2378799468278885,3763,0.6571884134998671,0.3428115865001329,0,100,0.0
4acaebba-6c10-2a2a-8650-34c2f160db99,scene0174_03-scene0174_00-scene0174_06-scene0174_01-scene0174_05,4,4acaebba-6c10-2a2a-8650-34c2f160db99/scene0174_03-scene0174_00-scene0174_06-scene0174_01-scene0174_05/T4,0,4,21,0.017661718651652336,286,0.5699300699300699,0.4300699300699301,0,100,0.0
4acaebba-6c10-2a2a-8650-34c2f160db99,scene0174_03-scene0174_00-scene0174_06-scene0174_01-scene0174_05,4,4acaebba-6c10-2a2a-8650-34c2f160db99/scene0174_03-scene0174_00-scene0174_06-scene0174_01-scene0174_05/T4,0,5,40,0.06522829830646515,1509,0.43074884029158383,0.5692511597084162,0,100,0.0
4acaebba-6c10-2a2a-8650-34c2f160db99,scene0174_03-scene0174_00-scene0174_06-scene0174_01-scene0174_05,4,4acaebba-6c10-2a2a-8650-34c2f160db99/scene0174_03-scene0174_00-scene0174_06-scene0174_01-scene0174_05/T4,0,6,41,0.0,1686,0.0,1.0,0,100,0.0
4acaebba-6c10-2a2a-8650-34c2f160db99,scene0174_03-scene0174_00-scene0174_06-scene0174_01-scene0174_05,4,4acaebba-6c10-2a2a-8650-34c2f160db99/scene0174_03-scene0174_00-scene0174_06-scene0174_01-scene0174_05/T4,1,3,21,0.7878788113594055,286,1.0,0.0,35,100,0.35
4acaebba-6c10-2a2a-8650-34c2f160db99,scene0174_03-scene0174_00-scene0174_06-scene0174_01-scene0174_05,4,4acaebba-6c10-2a2a-8650-34c2f160db99/scene0174_03-scene0174_00-scene0174_06-scene0174_01-scene0174_05/T4,1,23,2,0.851347804069519,10571,0.9231860751111531,0.07681392488884686,35,100,0.35
4acaebba-6c10-2a2a-8650-34c2f160db99,scene0174_03-scene0174_00-scene0174_06-scene0174_01-scene0174_05,4,4acaebba-6c10-2a2a-8650-34c2f160db99/scene0174_03-scene0174_00-scene0174_06-scene0174_01-scene0174_05/T4,1,40,14,0.8335195779800415,3763,0.991230401275578,0.008769598724421956,35,100,0.35
4acaebba-6c10-2a2a-8650-34c2f160db99,scene0174_03-scene0174_00-scene0174_06-scene0174_01-scene0174_05,4,4acaebba-6c10-2a2a-8650-34c2f160db99/scene0174_03-scene0174_00-scene0174_06-scene0174_01-scene0174_05/T4,1,42,40,0.9526515007019043,1509,1.0,0.0,35,100,0.35
4acaebba-6c10-2a2a-8650-34c2f160db99,scene0174_03-scene0174_00-scene0174_06-scene0174_01-scene0174_05,4,4acaebba-6c10-2a2a-8650-34c2f160db99/scene0174_03-scene0174_00-scene0174_06-scene0174_01-scene0174_05/T4,1,49,10,0.9645691514015198,3421,0.9947383805904706,0.0052616194095294055,35,100,0.35
4acaebba-6c10-2a2a-8650-34c2f160db99,scene0174_03-scene0174_00-scene0174_06-scene0174_01-scene0174_05,4,4acaebba-6c10-2a2a-8650-34c2f160db99/scene0174_03-scene0174_00-scene0174_06-scene0174_01-scene0174_05/T4,1,90,41,0.9182608723640442,1686,0.9395017793594306,0.06049822064056942,35,100,0.35
4acaebba-6c10-2a2a-8650-34c2f160db99,scene0174_03-scene0174_00-scene0174_06-scene0174_01-scene0174_05,4,4acaebba-6c10-2a2a-8650-34c2f160db99/scene0174_03-scene0174_00-scene0174_06-scene0174_01-scene0174_05/T4,1,97,12,0.5605664253234863,4892,0.9630008176614882,0.03699918233851185,35,100,0.35
4acaebba-6c10-2a2a-8650-34c2f160db99,scene0174_03-scene0174_00-scene0174_06-scene0174_01-scene0174_05,4,4acaebba-6c10-2a2a-8650-34c2f160db99/scene0174_03-scene0174_00-scene0174_06-scene0174_01-scene0174_05/T4,2,3,21,0.7878788113594055,286,1.0,0.0,15,100,0.15
4acaebba-6c10-2a2a-8650-34c2f160db99,scene0174_03-scene0174_00-scene0174_06-scene0174_01-scene0174_05,4,4acaebba-6c10-2a2a-8650-34c2f160db99/scene0174_03-scene0174_00-scene0174_06-scene0174_01-scene0174_05/T4,2,7,12,0.5241684913635254,4892,0.9664758789860998,0.03352412101390023,15,100,0.15
4acaebba-6c10-2a2a-8650-34c2f160db99,scene0174_03-scene0174_00-scene0174_06-scene0174_01-scene0174_05,4,4acaebba-6c10-2a2a-8650-34c2f160db99/scene0174_03-scene0174_00-scene0174_06-scene0174_01-scene0174_05/T4,2,33,41,0.8317811489105225,1686,0.8475682087781732,0.15243179122182682,15,100,0.15
4acaebba-6c10-2a2a-8650-34c2f160db99,scene0174_03-scene0174_00-scene0174_06-scene0174_01-scene0174_05,4,4acaebba-6c10-2a2a-8650-34c2f160db99/scene0174_03-scene0174_00-scene0174_06-scene0174_01-scene0174_05/T4,2,40,14,0.8940922021865845,3763,0.989370183364337,0.01062981663566298,15,100,0.15
4acaebba-6c10-2a2a-8650-34c2f160db99,scene0174_03-scene0174_00-scene0174_06-scene0174_01-scene0174_05,4,4acaebba-6c10-2a2a-8650-34c2f160db99/scene0174_03-scene0174_00-scene0174_06-scene0174_01-scene0174_05/T4,2,42,40,1.0,1509,1.0,0.0,15,100,0.15
4acaebba-6c10-2a2a-8650-34c2f160db99,scene0174_03-scene0174_00-scene0174_06-scene0174_01-scene0174_05,4,4acaebba-6c10-2a2a-8650-34c2f160db99/scene0174_03-scene0174_00-scene0174_06-scene0174_01-scene0174_05/T4,2,65,2,0.8411417603492737,10571,0.9171317756125248,0.08286822438747521,15,100,0.15
4acaebba-6c10-2a2a-8650-34c2f160db99,scene0174_03-scene0174_00-scene0174_06-scene0174_01-scene0174_05,4,4acaebba-6c10-2a2a-8650-34c2f160db99/scene0174_03-scene0174_00-scene0174_06-scene0174_01-scene0174_05/T4,2,88,10,0.9809743165969849,3421,0.9947383805904706,0.0052616194095294055,15,100,0.15
4acaebba-6c10-2a2a-8650-34c2f160db99,scene0174_03-scene0174_00-scene0174_06-scene0174_01-scene0174_05,4,4acaebba-6c10-2a2a-8650-34c2f160db99/scene0174_03-scene0174_00-scene0174_06-scene0174_01-scene0174_05/T4,3,7,12,0.5897471308708191,4892,0.8677432542927228,0.1322567457072772,5,100,0.05
4acaebba-6c10-2a2a-8650-34c2f160db99,scene0174_03-scene0174_00-scene0174_06-scene0174_01-scene0174_05,4,4acaebba-6c10-2a2a-8650-34c2f160db99/scene0174_03-scene0174_00-scene0174_06-scene0174_01-scene0174_05/T4,3,8,21,0.7878788113594055,286,1.0,0.0,5,100,0.05
4acaebba-6c10-2a2a-8650-34c2f160db99,scene0174_03-scene0174_00-scene0174_06-scene0174_01-scene0174_05,4,4acaebba-6c10-2a2a-8650-34c2f160db99/scene0174_03-scene0174_00-scene0174_06-scene0174_01-scene0174_05/T4,3,24,40,1.0,1509,1.0,0.0,5,100,0.05
4acaebba-6c10-2a2a-8650-34c2f160db99,scene0174_03-scene0174_00-scene0174_06-scene0174_01-scene0174_05,4,4acaebba-6c10-2a2a-8650-34c2f160db99/scene0174_03-scene0174_00-scene0174_06-scene0174_01-scene0174_05/T4,3,27,2,0.8517515063285828,10571,0.8924415854696812,0.10755841453031878,5,100,0.05
4acaebba-6c10-2a2a-8650-34c2f160db99,scene0174_03-scene0174_00-scene0174_06-scene0174_01-scene0174_05,4,4acaebba-6c10-2a2a-8650-34c2f160db99/scene0174_03-scene0174_00-scene0174_06-scene0174_01-scene0174_05/T4,3,33,41,0.8730245232582092,1686,0.9501779359430605,0.04982206405693945,5,100,0.05
4acaebba-6c10-2a2a-8650-34c2f160db99,scene0174_03-scene0174_00-scene0174_06-scene0174_01-scene0174_05,4,4acaebba-6c10-2a2a-8650-34c2f160db99/scene0174_03-scene0174_00-scene0174_06-scene0174_01-scene0174_05/T4,3,37,10,0.9645691514015198,3421,0.9947383805904706,0.0052616194095294055,5,100,0.05
4acaebba-6c10-2a2a-8650-34c2f160db99,scene0174_03-scene0174_00-scene0174_06-scene0174_01-scene0174_05,4,4acaebba-6c10-2a2a-8650-34c2f160db99/scene0174_03-scene0174_00-scene0174_06-scene0174_01-scene0174_05/T4,3,74,14,0.8940922021865845,3763,0.989370183364337,0.01062981663566298,5,100,0.05
4acaebba-6c10-2a2a-8650-34c2f160db99,scene0174_03-scene0174_00-scene0174_06-scene0174_01-scene0174_05,4,4acaebba-6c10-2a2a-8650-34c2f160db99/scene0174_03-scene0174_00-scene0174_06-scene0174_01-scene0174_05/T4,4,0,2,0.8394134640693665,10571,0.8880900577050421,0.11190994229495788,10,100,0.1
4acaebba-6c10-2a2a-8650-34c2f160db99,scene0174_03-scene0174_00-scene0174_06-scene0174_01-scene0174_05,4,4acaebba-6c10-2a2a-8650-34c2f160db99/scene0174_03-scene0174_00-scene0174_06-scene0174_01-scene0174_05/T4,4,8,21,0.7878788113594055,286,1.0,0.0,10,100,0.1
4acaebba-6c10-2a2a-8650-34c2f160db99,scene0174_03-scene0174_00-scene0174_06-scene0174_01-scene0174_05,4,4acaebba-6c10-2a2a-8650-34c2f160db99/scene0174_03-scene0174_00-scene0174_06-scene0174_01-scene0174_05/T4,4,24,40,1.0,1509,1.0,0.0,10,100,0.1
4acaebba-6c10-2a2a-8650-34c2f160db99,scene0174_03-scene0174_00-scene0174_06-scene0174_01-scene0174_05,4,4acaebba-6c10-2a2a-8650-34c2f160db99/scene0174_03-scene0174_00-scene0174_06-scene0174_01-scene0174_05/T4,4,49,10,0.9645691514015198,3421,0.9947383805904706,0.0052616194095294055,10,100,0.1
4acaebba-6c10-2a2a-8650-34c2f160db99,scene0174_03-scene0174_00-scene0174_06-scene0174_01-scene0174_05,4,4acaebba-6c10-2a2a-8650-34c2f160db99/scene0174_03-scene0174_00-scene0174_06-scene0174_01-scene0174_05/T4,4,57,41,0.8719345927238464,1686,0.9489916963226572,0.05100830367734277,10,100,0.1
4acaebba-6c10-2a2a-8650-34c2f160db99,scene0174_03-scene0174_00-scene0174_06-scene0174_01-scene0174_05,4,4acaebba-6c10-2a2a-8650-34c2f160db99/scene0174_03-scene0174_00-scene0174_06-scene0174_01-scene0174_05/T4,4,69,12,0.5417956709861755,4892,0.9658626328699919,0.034137367130008145,10,100,0.1
4acaebba-6c10-2a2a-8650-34c2f160db99,scene0174_03-scene0174_00-scene0174_06-scene0174_01-scene0174_05,4,4acaebba-6c10-2a2a-8650-34c2f160db99/scene0174_03-scene0174_00-scene0174_06-scene0174_01-scene0174_05/T4,4,74,14,0.9016711115837097,3763,0.989370183364337,0.01062981663566298,10,100,0.1
4acaebba-6c10-2a2a-8650-34c2f160db99,scene0174_03-scene0174_00-scene0174_06-scene0174_01-scene0174_05,4,4acaebba-6c10-2a2a-8650-34c2f160db99/scene0174_03-scene0174_00-scene0174_06-scene0174_01-scene0174_05/T4,5,0,2,0.8550971150398254,10571,0.9037933970296093,0.09620660297039074,13,100,0.13
4acaebba-6c10-2a2a-8650-34c2f160db99,scene0174_03-scene0174_00-scene0174_06-scene0174_01-scene0174_05,4,4acaebba-6c10-2a2a-8650-34c2f160db99/scene0174_03-scene0174_00-scene0174_06-scene0174_01-scene0174_05/T4,5,7,21,0.7878788113594055,286,1.0,0.0,13,100,0.13
4acaebba-6c10-2a2a-8650-34c2f160db99,scene0174_03-scene0174_00-scene0174_06-scene0174_01-scene0174_05,4,4acaebba-6c10-2a2a-8650-34c2f160db99/scene0174_03-scene0174_00-scene0174_06-scene0174_01-scene0174_05/T4,5,24,40,1.0,1509,1.0,0.0,13,100,0.13
4acaebba-6c10-2a2a-8650-34c2f160db99,scene0174_03-scene0174_00-scene0174_06-scene0174_01-scene0174_05,4,4acaebba-6c10-2a2a-8650-34c2f160db99/scene0174_03-scene0174_00-scene0174_06-scene0174_01-scene0174_05/T4,5,33,41,0.8697547912597656,1686,0.9466192170818505,0.053380782918149516,13,100,0.13
4acaebba-6c10-2a2a-8650-34c2f160db99,scene0174_03-scene0174_00-scene0174_06-scene0174_01-scene0174_05,4,4acaebba-6c10-2a2a-8650-34c2f160db99/scene0174_03-scene0174_00-scene0174_06-scene0174_01-scene0174_05/T4,5,51,10,0.9645691514015198,3421,0.9947383805904706,0.0052616194095294055,13,100,0.13
4acaebba-6c10-2a2a-8650-34c2f160db99,scene0174_03-scene0174_00-scene0174_06-scene0174_01-scene0174_05,4,4acaebba-6c10-2a2a-8650-34c2f160db99/scene0174_03-scene0174_00-scene0174_06-scene0174_01-scene0174_05/T4,5,72,12,0.5464335083961487,4892,0.9646361406377759,0.03536385936222408,13,100,0.13
4acaebba-6c10-2a2a-8650-34c2f160db99,scene0174_03-scene0174_00-scene0174_06-scene0174_01-scene0174_05,4,4acaebba-6c10-2a2a-8650-34c2f160db99/scene0174_03-scene0174_00-scene0174_06-scene0174_01-scene0174_05/T4,5,74,14,0.9016711115837097,3763,0.989370183364337,0.01062981663566298,13,100,0.13
4acaebba-6c10-2a2a-8650-34c2f160db99,scene0174_03-scene0174_00-scene0174_06-scene0174_01-scene0174_05,4,4acaebba-6c10-2a2a-8650-34c2f160db99/scene0174_03-scene0174_00-scene0174_06-scene0174_01-scene0174_05/T4,6,0,2,0.8460463285446167,10571,0.915996594456532,0.08400340554346797,17,100,0.17
4acaebba-6c10-2a2a-8650-34c2f160db99,scene0174_03-scene0174_00-scene0174_06-scene0174_01-scene0174_05,4,4acaebba-6c10-2a2a-8650-34c2f160db99/scene0174_03-scene0174_00-scene0174_06-scene0174_01-scene0174_05/T4,6,14,21,0.7878788113594055,286,1.0,0.0,17,100,0.17
4acaebba-6c10-2a2a-8650-34c2f160db99,scene0174_03-scene0174_00-scene0174_06-scene0174_01-scene0174_05,4,4acaebba-6c10-2a2a-8650-34c2f160db99/scene0174_03-scene0174_00-scene0174_06-scene0174_01-scene0174_05/T4,6,24,40,1.0,1509,1.0,0.0,17,100,0.17
4acaebba-6c10-2a2a-8650-34c2f160db99,scene0174_03-scene0174_00-scene0174_06-scene0174_01-scene0174_05,4,4acaebba-6c10-2a2a-8650-34c2f160db99/scene0174_03-scene0174_00-scene0174_06-scene0174_01-scene0174_05/T4,6,54,10,0.9757855534553528,3421,0.9894767611809413,0.0105232388190587,17,100,0.17
4acaebba-6c10-2a2a-8650-34c2f160db99,scene0174_03-scene0174_00-scene0174_06-scene0174_01-scene0174_05,4,4acaebba-6c10-2a2a-8650-34c2f160db99/scene0174_03-scene0174_00-scene0174_06-scene0174_01-scene0174_05/T4,6,57,41,0.8711087107658386,1686,0.9460260972716489,0.05397390272835112,17,100,0.17
4acaebba-6c10-2a2a-8650-34c2f160db99,scene0174_03-scene0174_00-scene0174_06-scene0174_01-scene0174_05,4,4acaebba-6c10-2a2a-8650-34c2f160db99/scene0174_03-scene0174_00-scene0174_06-scene0174_01-scene0174_05/T4,6,61,12,0.5207839608192444,4892,0.9885527391659853,0.011447260834014705,17,100,0.17
4acaebba-6c10-2a2a-8650-34c2f160db99,scene0174_03-scene0174_00-scene0174_06-scene0174_01-scene0174_05,4,4acaebba-6c10-2a2a-8650-34c2f160db99/scene0174_03-scene0174_00-scene0174_06-scene0174_01-scene0174_05/T4,6,74,14,0.9016711115837097,3763,0.989370183364337,0.01062981663566298,17,100,0.17
4acaebba-6c10-2a2a-8650-34c2f160db99,scene0174_03-scene0174_00-scene0174_06-scene0174_01-scene0174_05,4,4acaebba-6c10-2a2a-8650-34c2f160db99/scene0174_03-scene0174_00-scene0174_06-scene0174_01-scene0174_05/T4,7,0,2,0.8575795888900757,10571,0.9022798221549523,0.09772017784504772,3,100,0.03
4acaebba-6c10-2a2a-8650-34c2f160db99,scene0174_03-scene0174_00-scene0174_06-scene0174_01-scene0174_05,4,4acaebba-6c10-2a2a-8650-34c2f160db99/scene0174_03-scene0174_00-scene0174_06-scene0174_01-scene0174_05/T4,7,7,21,0.7878788113594055,286,1.0,0.0,3,100,0.03
4acaebba-6c10-2a2a-8650-34c2f160db99,scene0174_03-scene0174_00-scene0174_06-scene0174_01-scene0174_05,4,4acaebba-6c10-2a2a-8650-34c2f160db99/scene0174_03-scene0174_00-scene0174_06-scene0174_01-scene0174_05/T4,7,24,40,1.0,1509,1.0,0.0,3,100,0.03
4acaebba-6c10-2a2a-8650-34c2f160db99,scene0174_03-scene0174_00-scene0174_06-scene0174_01-scene0174_05,4,4acaebba-6c10-2a2a-8650-34c2f160db99/scene0174_03-scene0174_00-scene0174_06-scene0174_01-scene0174_05/T4,7,33,41,0.8730245232582092,1686,0.9501779359430605,0.04982206405693945,3,100,0.03
4acaebba-6c10-2a2a-8650-34c2f160db99,scene0174_03-scene0174_00-scene0174_06-scene0174_01-scene0174_05,4,4acaebba-6c10-2a2a-8650-34c2f160db99/scene0174_03-scene0174_00-scene0174_06-scene0174_01-scene0174_05/T4,7,49,10,0.9645691514015198,3421,0.9947383805904706,0.0052616194095294055,3,100,0.03
4acaebba-6c10-2a2a-8650-34c2f160db99,scene0174_03-scene0174_00-scene0174_06-scene0174_01-scene0174_05,4,4acaebba-6c10-2a2a-8650-34c2f160db99/scene0174_03-scene0174_00-scene0174_06-scene0174_01-scene0174_05/T4,7,74,14,0.8979739546775818,3763,0.989370183364337,0.01062981663566298,3,100,0.03
4acaebba-6c10-2a2a-8650-34c2f160db99,scene0174_03-scene0174_00-scene0174_06-scene0174_01-scene0174_05,4,4acaebba-6c10-2a2a-8650-34c2f160db99/scene0174_03-scene0174_00-scene0174_06-scene0174_01-scene0174_05/T4,7,97,12,0.5608009696006775,4892,0.9446034341782502,0.05539656582174979,3,100,0.03
4acaebba-6c10-2a2a-8650-34c2f160db99,scene0174_03-scene0174_00-scene0174_06-scene0174_01-scene0174_05,4,4acaebba-6c10-2a2a-8650-34c2f160db99/scene0174_03-scene0174_00-scene0174_06-scene0174_01-scene0174_05/T4,8,0,2,0.8514378666877747,10571,0.8934821681960079,0.1065178318039921,8,100,0.08
4acaebba-6c10-2a2a-8650-34c2f160db99,scene0174_03-scene0174_00-scene0174_06-scene0174_01-scene0174_05,4,4acaebba-6c10-2a2a-8650-34c2f160db99/scene0174_03-scene0174_00-scene0174_06-scene0174_01-scene0174_05/T4,8,1,21,0.7878788113594055,286,1.0,0.0,8,100,0.08
4acaebba-6c10-2a2a-8650-34c2f160db99,scene0174_03-scene0174_00-scene0174_06-scene0174_01-scene0174_05,4,4acaebba-6c10-2a2a-8650-34c2f160db99/scene0174_03-scene0174_00-scene0174_06-scene0174_01-scene0174_05/T4,8,17,10,0.9654079079627991,3421,0.9789535223618825,0.02104647763811751,8,100,0.08
4acaebba-6c10-2a2a-8650-34c2f160db99,scene0174_03-scene0174_00-scene0174_06-scene0174_01-scene0174_05,4,4acaebba-6c10-2a2a-8650-34c2f160db99/scene0174_03-scene0174_00-scene0174_06-scene0174_01-scene0174_05/T4,8,24,40,1.0,1509,1.0,0.0,8,100,0.08
4acaebba-6c10-2a2a-8650-34c2f160db99,scene0174_03-scene0174_00-scene0174_06-scene0174_01-scene0174_05,4,4acaebba-6c10-2a2a-8650-34c2f160db99/scene0174_03-scene0174_00-scene0174_06-scene0174_01-scene0174_05/T4,8,57,41,0.9041950106620789,1686,0.9460260972716489,0.05397390272835112,8,100,0.08
4acaebba-6c10-2a2a-8650-34c2f160db99,scene0174_03-scene0174_00-scene0174_06-scene0174_01-scene0174_05,4,4acaebba-6c10-2a2a-8650-34c2f160db99/scene0174_03-scene0174_00-scene0174_06-scene0174_01-scene0174_05/T4,8,72,12,0.5495348572731018,4892,0.9660670482420278,0.033932951757972174,8,100,0.08
4acaebba-6c10-2a2a-8650-34c2f160db99,scene0174_03-scene0174_00-scene0174_06-scene0174_01-scene0174_05,4,4acaebba-6c10-2a2a-8650-34c2f160db99/scene0174_03-scene0174_00-scene0174_06-scene0174_01-scene0174_05/T4,8,79,14,0.8634872436523438,3763,0.9093808131809726,0.09061918681902736,8,100,0.08
4acaebba-6c10-2a2a-8650-34c2f160db99,scene0174_03-scene0174_00-scene0174_06-scene0174_01-scene0174_05,4,4acaebba-6c10-2a2a-8650-34c2f160db99/scene0174_03-scene0174_00-scene0174_06-scene0174_01-scene0174_05/T4,9,0,2,0.856319785118103,10571,0.8998202629836345,0.10017973701636551,13,100,0.13
4acaebba-6c10-2a2a-8650-34c2f160db99,scene0174_03-scene0174_00-scene0174_06-scene0174_01-scene0174_05,4,4acaebba-6c10-2a2a-8650-34c2f160db99/scene0174_03-scene0174_00-scene0174_06-scene0174_01-scene0174_05/T4,9,6,21,1.0,286,1.0,0.0,13,100,0.13
4acaebba-6c10-2a2a-8650-34c2f160db99,scene0174_03-scene0174_00-scene0174_06-scene0174_01-scene0174_05,4,4acaebba-6c10-2a2a-8650-34c2f160db99/scene0174_03-scene0174_00-scene0174_06-scene0174_01-scene0174_05/T4,9,24,40,1.0,1509,1.0,0.0,13,100,0.13
4acaebba-6c10-2a2a-8650-34c2f160db99,scene0174_03-scene0174_00-scene0174_06-scene0174_01-scene0174_05,4,4acaebba-6c10-2a2a-8650-34c2f160db99/scene0174_03-scene0174_00-scene0174_06-scene0174_01-scene0174_05/T4,9,51,10,0.9645691514015198,3421,0.9947383805904706,0.0052616194095294055,13,100,0.13
4acaebba-6c10-2a2a-8650-34c2f160db99,scene0174_03-scene0174_00-scene0174_06-scene0174_01-scene0174_05,4,4acaebba-6c10-2a2a-8650-34c2f160db99/scene0174_03-scene0174_00-scene0174_06-scene0174_01-scene0174_05/T4,9,61,12,0.5182723999023438,4892,0.9885527391659853,0.011447260834014705,13,100,0.13
4acaebba-6c10-2a2a-8650-34c2f160db99,scene0174_03-scene0174_00-scene0174_06-scene0174_01-scene0174_05,4,4acaebba-6c10-2a2a-8650-34c2f160db99/scene0174_03-scene0174_00-scene0174_06-scene0174_01-scene0174_05/T4,9,79,14,0.8952564597129822,3763,0.988041456284879,0.01195854371512095,13,100,0.13
4acaebba-6c10-2a2a-8650-34c2f160db99,scene0174_03-scene0174_00-scene0174_06-scene0174_01-scene0174_05,4,4acaebba-6c10-2a2a-8650-34c2f160db99/scene0174_03-scene0174_00-scene0174_06-scene0174_01-scene0174_05/T4,9,91,41,0.7843459248542786,1686,0.8499406880189798,0.15005931198102018,13,100,0.13
4acaebba-6c10-2a2a-8650-34c2f160db99,scene0174_03-scene0174_00-scene0174_06-scene0174_01-scene0174_05,4,4acaebba-6c10-2a2a-8650-34c2f160db99/scene0174_03-scene0174_00-scene0174_06-scene0174_01-scene0174_05/T4,10,0,2,0.8397273421287537,10571,0.908996310661243,0.09100368933875702,25,100,0.25
4acaebba-6c10-2a2a-8650-34c2f160db99,scene0174_03-scene0174_00-scene0174_06-scene0174_01-scene0174_05,4,4acaebba-6c10-2a2a-8650-34c2f160db99/scene0174_03-scene0174_00-scene0174_06-scene0174_01-scene0174_05/T4,10,6,21,0.7878788113594055,286,1.0,0.0,25,100,0.25
4acaebba-6c10-2a2a-8650-34c2f160db99,scene0174_03-scene0174_00-scene0174_06-scene0174_01-scene0174_05,4,4acaebba-6c10-2a2a-8650-34c2f160db99/scene0174_03-scene0174_00-scene0174_06-scene0174_01-scene0174_05/T4,10,24,40,1.0,1509,1.0,0.0,25,100,0.25
4acaebba-6c10-2a2a-8650-34c2f160db99,scene0174_03-scene0174_00-scene0174_06-scene0174_01-scene0174_05,4,4acaebba-6c10-2a2a-8650-34c2f160db99/scene0174_03-scene0174_00-scene0174_06-scene0174_01-scene0174_05/T4,10,52,41,0.8996519446372986,1686,0.9199288256227758,0.08007117437722422,25,100,0.25
4acaebba-6c10-2a2a-8650-34c2f160db99,scene0174_03-scene0174_00-scene0174_06-scene0174_01-scene0174_05,4,4acaebba-6c10-2a2a-8650-34c2f160db99/scene0174_03-scene0174_00-scene0174_06-scene0174_01-scene0174_05/T4,10,53,10,0.9809743165969849,3421,0.9947383805904706,0.0052616194095294055,25,100,0.25
4acaebba-6c10-2a2a-8650-34c2f160db99,scene0174_03-scene0174_00-scene0174_06-scene0174_01-scene0174_05,4,4acaebba-6c10-2a2a-8650-34c2f160db99/scene0174_03-scene0174_00-scene0174_06-scene0174_01-scene0174_05/T4,10,74,14,0.883502185344696,3763,0.9734254584108424,0.02657454158915762,25,100,0.25
4acaebba-6c10-2a2a-8650-34c2f160db99,scene0174_03-scene0174_00-scene0174_06-scene0174_01-scene0174_05,4,4acaebba-6c10-2a2a-8650-34c2f160db99/scene0174_03-scene0174_00-scene0174_06-scene0174_01-scene0174_05/T4,10,97,12,0.5580444931983948,4892,0.8096892886345053,0.1903107113654947,25,100,0.25
4acaebba-6c10-2a2a-8650-34c2f160db99,scene0174_03-scene0174_00-scene0174_06-scene0174_01-scene0174_05,4,4acaebba-6c10-2a2a-8650-34c2f160db99/scene0174_03-scene0174_00-scene0174_06-scene0174_01-scene0174_05/T4,11,0,2,0.8575795888900757,10571,0.9022798221549523,0.09772017784504772,1,100,0.01
4acaebba-6c10-2a2a-8650-34c2f160db99,scene0174_03-scene0174_00-scene0174_06-scene0174_01-scene0174_05,4,4acaebba-6c10-2a2a-8650-34c2f160db99/scene0174_03-scene0174_00-scene0174_06-scene0174_01-scene0174_05/T4,11,1,21,0.7878788113594055,286,1.0,0.0,1,100,0.01
4acaebba-6c10-2a2a-8650-34c2f160db99,scene0174_03-scene0174_00-scene0174_06-scene0174_01-scene0174_05,4,4acaebba-6c10-2a2a-8650-34c2f160db99/scene0174_03-scene0174_00-scene0174_06-scene0174_01-scene0174_05/T4,11,24,40,1.0,1509,1.0,0.0,1,100,0.01
4acaebba-6c10-2a2a-8650-34c2f160db99,scene0174_03-scene0174_00-scene0174_06-scene0174_01-scene0174_05,4,4acaebba-6c10-2a2a-8650-34c2f160db99/scene0174_03-scene0174_00-scene0174_06-scene0174_01-scene0174_05/T4,11,51,10,0.9645691514015198,3421,0.9947383805904706,0.0052616194095294055,1,100,0.01
4acaebba-6c10-2a2a-8650-34c2f160db99,scene0174_03-scene0174_00-scene0174_06-scene0174_01-scene0174_05,4,4acaebba-6c10-2a2a-8650-34c2f160db99/scene0174_03-scene0174_00-scene0174_06-scene0174_01-scene0174_05/T4,11,74,14,0.883502185344696,3763,0.9734254584108424,0.02657454158915762,1,100,0.01
4acaebba-6c10-2a2a-8650-34c2f160db99,scene0174_03-scene0174_00-scene0174_06-scene0174_01-scene0174_05,4,4acaebba-6c10-2a2a-8650-34c2f160db99/scene0174_03-scene0174_00-scene0174_06-scene0174_01-scene0174_05/T4,11,82,41,0.9041950106620789,1686,0.9460260972716489,0.05397390272835112,1,100,0.01
4acaebba-6c10-2a2a-8650-34c2f160db99,scene0174_03-scene0174_00-scene0174_06-scene0174_01-scene0174_05,4,4acaebba-6c10-2a2a-8650-34c2f160db99/scene0174_03-scene0174_00-scene0174_06-scene0174_01-scene0174_05/T4,11,97,12,0.5441816449165344,4892,0.9454210956663941,0.054578904333605904,1,100,0.01
4acaebba-6c10-2a2a-8650-34c2f160db99,scene0174_03-scene0174_00-scene0174_06-scene0174_01-scene0174_05,5,4acaebba-6c10-2a2a-8650-34c2f160db99/scene0174_03-scene0174_00-scene0174_06-scene0174_01-scene0174_05/T5,0,0,2,0.2454696148633957,12842,0.34597414732907644,0.6540258526709235,0,100,0.0
4acaebba-6c10-2a2a-8650-34c2f160db99,scene0174_03-scene0174_00-scene0174_06-scene0174_01-scene0174_05,5,4acaebba-6c10-2a2a-8650-34c2f160db99/scene0174_03-scene0174_00-scene0174_06-scene0174_01-scene0174_05/T5,0,1,10,0.1001109704375267,4178,0.30229775011967447,0.6977022498803256,0,100,0.0
4acaebba-6c10-2a2a-8650-34c2f160db99,scene0174_03-scene0174_00-scene0174_06-scene0174_01-scene0174_05,5,4acaebba-6c10-2a2a-8650-34c2f160db99/scene0174_03-scene0174_00-scene0174_06-scene0174_01-scene0174_05/T5,0,2,12,0.0,5312,0.0,1.0,0,100,0.0
4acaebba-6c10-2a2a-8650-34c2f160db99,scene0174_03-scene0174_00-scene0174_06-scene0174_01-scene0174_05,5,4acaebba-6c10-2a2a-8650-34c2f160db99/scene0174_03-scene0174_00-scene0174_06-scene0174_01-scene0174_05/T5,0,3,14,0.27762728929519653,4450,0.6910112359550562,0.3089887640449438,0,100,0.0
4acaebba-6c10-2a2a-8650-34c2f160db99,scene0174_03-scene0174_00-scene0174_06-scene0174_01-scene0174_05,5,4acaebba-6c10-2a2a-8650-34c2f160db99/scene0174_03-scene0174_00-scene0174_06-scene0174_01-scene0174_05/T5,0,4,21,0.015008619986474514,308,0.4805194805194805,0.5194805194805194,0,100,0.0
4acaebba-6c10-2a2a-8650-34c2f160db99,scene0174_03-scene0174_00-scene0174_06-scene0174_01-scene0174_05,5,4acaebba-6c10-2a2a-8650-34c2f160db99/scene0174_03-scene0174_00-scene0174_06-scene0174_01-scene0174_05/T5,0,5,31,0.044741369783878326,620,0.7129032258064516,0.2870967741935484,0,100,0.0
4acaebba-6c10-2a2a-8650-34c2f160db99,scene0174_03-scene0174_00-scene0174_06-scene0174_01-scene0174_05,5,4acaebba-6c10-2a2a-8650-34c2f160db99/scene0174_03-scene0174_00-scene0174_06-scene0174_01-scene0174_05/T5,0,6,40,0.0,1533,0.0,1.0,0,100,0.0
4acaebba-6c10-2a2a-8650-34c2f160db99,scene0174_03-scene0174_00-scene0174_06-scene0174_01-scene0174_05,5,4acaebba-6c10-2a2a-8650-34c2f160db99/scene0174_03-scene0174_00-scene0174_06-scene0174_01-scene0174_05/T5,0,7,41,0.00026359723415225744,1683,0.0017825311942959,0.9982174688057041,0,100,0.0
4acaebba-6c10-2a2a-8650-34c2f160db99,scene0174_03-scene0174_00-scene0174_06-scene0174_01-scene0174_05,5,4acaebba-6c10-2a2a-8650-34c2f160db99/scene0174_03-scene0174_00-scene0174_06-scene0174_01-scene0174_05/T5,1,6,12,0.5286369919776917,5312,0.9973644578313253,0.002635542168674676,22,100,0.22
4acaebba-6c10-2a2a-8650-34c2f160db99,scene0174_03-scene0174_00-scene0174_06-scene0174_01-scene0174_05,5,4acaebba-6c10-2a2a-8650-34c2f160db99/scene0174_03-scene0174_00-scene0174_06-scene0174_01-scene0174_05/T5,1,18,31,0.9218500852584839,620,0.932258064516129,0.06774193548387097,22,100,0.22
4acaebba-6c10-2a2a-8650-34c2f160db99,scene0174_03-scene0174_00-scene0174_06-scene0174_01-scene0174_05,5,4acaebba-6c10-2a2a-8650-34c2f160db99/scene0174_03-scene0174_00-scene0174_06-scene0174_01-scene0174_05/T5,1,20,14,0.8064643144607544,4450,0.9195505617977529,0.08044943820224715,22,100,0.22
4acaebba-6c10-2a2a-8650-34c2f160db99,scene0174_03-scene0174_00-scene0174_06-scene0174_01-scene0174_05,5,4acaebba-6c10-2a2a-8650-34c2f160db99/scene0174_03-scene0174_00-scene0174_06-scene0174_01-scene0174_05/T5,1,33,10,0.989521324634552,4178,0.9944949736716132,0.005505026328386786,22,100,0.22
4acaebba-6c10-2a2a-8650-34c2f160db99,scene0174_03-scene0174_00-scene0174_06-scene0174_01-scene0174_05,5,4acaebba-6c10-2a2a-8650-34c2f160db99/scene0174_03-scene0174_00-scene0174_06-scene0174_01-scene0174_05/T5,1,37,21,0.8020833134651184,308,1.0,0.0,22,100,0.22
4acaebba-6c10-2a2a-8650-34c2f160db99,scene0174_03-scene0174_00-scene0174_06-scene0174_01-scene0174_05,5,4acaebba-6c10-2a2a-8650-34c2f160db99/scene0174_03-scene0174_00-scene0174_06-scene0174_01-scene0174_05/T5,1,62,41,0.871345043182373,1683,0.9738562091503268,0.02614379084967322,22,100,0.22
4acaebba-6c10-2a2a-8650-34c2f160db99,scene0174_03-scene0174_00-scene0174_06-scene0174_01-scene0174_05,5,4acaebba-6c10-2a2a-8650-34c2f160db99/scene0174_03-scene0174_00-scene0174_06-scene0174_01-scene0174_05/T5,1,75,2,0.8832945227622986,12842,0.9453356175050616,0.054664382494938435,22,100,0.22
4acaebba-6c10-2a2a-8650-34c2f160db99,scene0174_03-scene0174_00-scene0174_06-scene0174_01-scene0174_05,5,4acaebba-6c10-2a2a-8650-34c2f160db99/scene0174_03-scene0174_00-scene0174_06-scene0174_01-scene0174_05/T5,1,83,40,0.7261961102485657,1533,1.0,0.0,22,100,0.22
4acaebba-6c10-2a2a-8650-34c2f160db99,scene0174_03-scene0174_00-scene0174_06-scene0174_01-scene0174_05,5,4acaebba-6c10-2a2a-8650-34c2f160db99/scene0174_03-scene0174_00-scene0174_06-scene0174_01-scene0174_05/T5,2,14,21,0.8020833134651184,308,1.0,0.0,4,100,0.04
4acaebba-6c10-2a2a-8650-34c2f160db99,scene0174_03-scene0174_00-scene0174_06-scene0174_01-scene0174_05,5,4acaebba-6c10-2a2a-8650-34c2f160db99/scene0174_03-scene0174_00-scene0174_06-scene0174_01-scene0174_05/T5,2,22,31,0.8512518405914307,620,0.932258064516129,0.06774193548387097,4,100,0.04
4acaebba-6c10-2a2a-8650-34c2f160db99,scene0174_03-scene0174_00-scene0174_06-scene0174_01-scene0174_05,5,4acaebba-6c10-2a2a-8650-34c2f160db99/scene0174_03-scene0174_00-scene0174_06-scene0174_01-scene0174_05/T5,2,44,12,0.5601550936698914,5312,0.9246987951807228,0.07530120481927716,4,100,0.04
4acaebba-6c10-2a2a-8650-34c2f160db99,scene0174_03-scene0174_00-scene0174_06-scene0174_01-scene0174_05,5,4acaebba-6c10-2a2a-8650-34c2f160db99/scene0174_03-scene0174_00-scene0174_06-scene0174_01-scene0174_05/T5,2,62,41,0.9476107954978943,1683,0.978015448603684,0.021984551396316054,4,100,0.04
4acaebba-6c10-2a2a-8650-34c2f160db99,scene0174_03-scene0174_00-scene0174_06-scene0174_01-scene0174_05,5,4acaebba-6c10-2a2a-8650-34c2f160db99/scene0174_03-scene0174_00-scene0174_06-scene0174_01-scene0174_05/T5,2,74,14,0.8317573070526123,4450,0.9487640449438203,0.05123595505617973,4,100,0.04
4acaebba-6c10-2a2a-8650-34c2f160db99,scene0174_03-scene0174_00-scene0174_06-scene0174_01-scene0174_05,5,4acaebba-6c10-2a2a-8650-34c2f160db99/scene0174_03-scene0174_00-scene0174_06-scene0174_01-scene0174_05/T5,2,75,2,0.8734421133995056,12842,0.9168353838965894,0.08316461610341064,4,100,0.04
4acaebba-6c10-2a2a-8650-34c2f160db99,scene0174_03-scene0174_00-scene0174_06-scene0174_01-scene0174_05,5,4acaebba-6c10-2a2a-8650-34c2f160db99/scene0174_03-scene0174_00-scene0174_06-scene0174_01-scene0174_05/T5,2,77,10,0.9904784560203552,4178,0.9959310674964098,0.004068932503590195,4,100,0.04
4acaebba-6c10-2a2a-8650-34c2f160db99,scene0174_03-scene0174_00-scene0174_06-scene0174_01-scene0174_05,5,4acaebba-6c10-2a2a-8650-34c2f160db99/scene0174_03-scene0174_00-scene0174_06-scene0174_01-scene0174_05/T5,2,86,40,1.0,1533,1.0,0.0,4,100,0.04
4acaebba-6c10-2a2a-8650-34c2f160db99,scene0174_03-scene0174_00-scene0174_06-scene0174_01-scene0174_05,5,4acaebba-6c10-2a2a-8650-34c2f160db99/scene0174_03-scene0174_00-scene0174_06-scene0174_01-scene0174_05/T5,3,2,12,0.5744142532348633,5312,0.9830572289156626,0.016942771084337394,4,100,0.04
4acaebba-6c10-2a2a-8650-34c2f160db99,scene0174_03-scene0174_00-scene0174_06-scene0174_01-scene0174_05,5,4acaebba-6c10-2a2a-8650-34c2f160db99/scene0174_03-scene0174_00-scene0174_06-scene0174_01-scene0174_05/T5,3,17,10,0.9904784560203552,4178,0.9959310674964098,0.004068932503590195,4,100,0.04
4acaebba-6c10-2a2a-8650-34c2f160db99,scene0174_03-scene0174_00-scene0174_06-scene0174_01-scene0174_05,5,4acaebba-6c10-2a2a-8650-34c2f160db99/scene0174_03-scene0174_00-scene0174_06-scene0174_01-scene0174_05/T5,3,23,2,0.8847801685333252,12842,0.9166796449151222,0.08332035508487778,4,100,0.04
4acaebba-6c10-2a2a-8650-34c2f160db99,scene0174_03-scene0174_00-scene0174_06-scene0174_01-scene0174_05,5,4acaebba-6c10-2a2a-8650-34c2f160db99/scene0174_03-scene0174_00-scene0174_06-scene0174_01-scene0174_05/T5,3,41,21,0.5460993051528931,308,1.0,0.0,4,100,0.04
4acaebba-6c10-2a2a-8650-34c2f160db99,scene0174_03-scene0174_00-scene0174_06-scene0174_01-scene0174_05,5,4acaebba-6c10-2a2a-8650-34c2f160db99/scene0174_03-scene0174_00-scene0174_06-scene0174_01-scene0174_05/T5,3,58,31,0.9935483932495117,620,0.9935483870967742,0.006451612903225823,4,100,0.04
4acaebba-6c10-2a2a-8650-34c2f160db99,scene0174_03-scene0174_00-scene0174_06-scene0174_01-scene0174_05,5,4acaebba-6c10-2a2a-8650-34c2f160db99/scene0174_03-scene0174_00-scene0174_06-scene0174_01-scene0174_05/T5,3,62,41,0.9195531010627747,1683,0.978015448603684,0.021984551396316054,4,100,0.04
4acaebba-6c10-2a2a-8650-34c2f160db99,scene0174_03-scene0174_00-scene0174_06-scene0174_01-scene0174_05,5,4acaebba-6c10-2a2a-8650-34c2f160db99/scene0174_03-scene0174_00-scene0174_06-scene0174_01-scene0174_05/T5,3,79,14,0.8348823189735413,4450,0.9487640449438203,0.05123595505617973,4,100,0.04
4acaebba-6c10-2a2a-8650-34c2f160db99,scene0174_03-scene0174_00-scene0174_06-scene0174_01-scene0174_05,5,4acaebba-6c10-2a2a-8650-34c2f160db99/scene0174_03-scene0174_00-scene0174_06-scene0174_01-scene0174_05/T5,3,86,40,1.0,1533,1.0,0.0,4,100,0.04
4acaebba-6c10-2a2a-8650-34c2f160db99,scene0174_03-scene0174_00-scene0174_06-scene0174_01-scene0174_05,5,4acaebba-6c10-2a2a-8650-34c2f160db99/scene0174_03-scene0174_00-scene0174_06-scene0174_01-scene0174_05/T5,4,0,31,0.9322580695152283,620,0.932258064516129,0.06774193548387097,7,100,0.07
4acaebba-6c10-2a2a-8650-34c2f160db99,scene0174_03-scene0174_00-scene0174_06-scene0174_01-scene0174_05,5,4acaebba-6c10-2a2a-8650-34c2f160db99/scene0174_03-scene0174_00-scene0174_06-scene0174_01-scene0174_05/T5,4,6,12,0.5692543387413025,5312,0.9787274096385542,0.021272590361445798,7,100,0.07
4acaebba-6c10-2a2a-8650-34c2f160db99,scene0174_03-scene0174_00-scene0174_06-scene0174_01-scene0174_05,5,4acaebba-6c10-2a2a-8650-34c2f160db99/scene0174_03-scene0174_00-scene0174_06-scene0174_01-scene0174_05/T5,4,17,10,0.9904784560203552,4178,0.9959310674964098,0.004068932503590195,7,100,0.07
4acaebba-6c10-2a2a-8650-34c2f160db99,scene0174_03-scene0174_00-scene0174_06-scene0174_01-scene0174_05,5,4acaebba-6c10-2a2a-8650-34c2f160db99/scene0174_03-scene0174_00-scene0174_06-scene0174_01-scene0174_05/T5,4,23,2,0.8603793382644653,12842,0.8901261485749883,0.10987385142501171,7,100,0.07
4acaebba-6c10-2a2a-8650-34c2f160db99,scene0174_03-scene0174_00-scene0174_06-scene0174_01-scene0174_05,5,4acaebba-6c10-2a2a-8650-34c2f160db99/scene0174_03-scene0174_00-scene0174_06-scene0174_01-scene0174_05/T5,4,49,21,0.5460993051528931,308,1.0,0.0,7,100,0.07
4acaebba-6c10-2a2a-8650-34c2f160db99,scene0174_03-scene0174_00-scene0174_06-scene0174_01-scene0174_05,5,4acaebba-6c10-2a2a-8650-34c2f160db99/scene0174_03-scene0174_00-scene0174_06-scene0174_01-scene0174_05/T5,4,62,41,0.8856682777404785,1683,0.9803921568627451,0.019607843137254943,7,100,0.07
4acaebba-6c10-2a2a-8650-34c2f160db99,scene0174_03-scene0174_00-scene0174_06-scene0174_01-scene0174_05,5,4acaebba-6c10-2a2a-8650-34c2f160db99/scene0174_03-scene0174_00-scene0174_06-scene0174_01-scene0174_05/T5,4,74,14,0.8286110758781433,4450,0.9397752808988764,0.06022471910112359,7,100,0.07
4acaebba-6c10-2a2a-8650-34c2f160db99,scene0174_03-scene0174_00-scene0174_06-scene0174_01-scene0174_05,5,4acaebba-6c10-2a2a-8650-34c2f160db99/scene0174_03-scene0174_00-scene0174_06-scene0174_01-scene0174_05/T5,4,86,40,1.0,1533,1.0,0.0,7,100,0.07
4acaebba-6c10-2a2a-8650-34c2f160db99,scene0174_03-scene0174_00-scene0174_06-scene0174_01-scene0174_05,5,4acaebba-6c10-2a2a-8650-34c2f160db99/scene0174_03-scene0174_00-scene0174_06-scene0174_01-scene0174_05/T5,5,6,12,0.6538515686988831,5312,0.874058734939759,0.12594126506024095,10,100,0.1
4acaebba-6c10-2a2a-8650-34c2f160db99,scene0174_03-scene0174_00-scene0174_06-scene0174_01-scene0174_05,5,4acaebba-6c10-2a2a-8650-34c2f160db99/scene0174_03-scene0174_00-scene0174_06-scene0174_01-scene0174_05/T5,5,17,10,0.9904784560203552,4178,0.9959310674964098,0.004068932503590195,10,100,0.1
4acaebba-6c10-2a2a-8650-34c2f160db99,scene0174_03-scene0174_00-scene0174_06-scene0174_01-scene0174_05,5,4acaebba-6c10-2a2a-8650-34c2f160db99/scene0174_03-scene0174_00-scene0174_06-scene0174_01-scene0174_05/T5,5,18,31,0.9322580695152283,620,0.932258064516129,0.06774193548387097,10,100,0.1
4acaebba-6c10-2a2a-8650-34c2f160db99,scene0174_03-scene0174_00-scene0174_06-scene0174_01-scene0174_05,5,4acaebba-6c10-2a2a-8650-34c2f160db99/scene0174_03-scene0174_00-scene0174_06-scene0174_01-scene0174_05/T5,5,29,41,0.9091928005218506,1683,0.9637551990493167,0.036244800950683276,10,100,0.1
4acaebba-6c10-2a2a-8650-34c2f160db99,scene0174_03-scene0174_00-scene0174_06-scene0174_01-scene0174_05,5,4acaebba-6c10-2a2a-8650-34c2f160db99/scene0174_03-scene0174_00-scene0174_06-scene0174_01-scene0174_05/T5,5,55,21,0.8020833134651184,308,1.0,0.0,10,100,0.1
4acaebba-6c10-2a2a-8650-34c2f160db99,scene0174_03-scene0174_00-scene0174_06-scene0174_01-scene0174_05,5,4acaebba-6c10-2a2a-8650-34c2f160db99/scene0174_03-scene0174_00-scene0174_06-scene0174_01-scene0174_05/T5,5,74,14,0.8354505896568298,4450,0.9458426966292135,0.0541573033707865,10,100,0.1
4acaebba-6c10-2a2a-8650-34c2f160db99,scene0174_03-scene0174_00-scene0174_06-scene0174_01-scene0174_05,5,4acaebba-6c10-2a2a-8650-34c2f160db99/scene0174_03-scene0174_00-scene0174_06-scene0174_01-scene0174_05/T5,5,86,40,1.0,1533,1.0,0.0,10,100,0.1
4acaebba-6c10-2a2a-8650-34c2f160db99,scene0174_03-scene0174_00-scene0174_06-scene0174_01-scene0174_05,5,4acaebba-6c10-2a2a-8650-34c2f160db99/scene0174_03-scene0174_00-scene0174_06-scene0174_01-scene0174_05/T5,5,96,2,0.8804233074188232,12842,0.9070238280641645,0.09297617193583552,10,100,0.1
4acaebba-6c10-2a2a-8650-34c2f160db99,scene0174_03-scene0174_00-scene0174_06-scene0174_01-scene0174_05,5,4acaebba-6c10-2a2a-8650-34c2f160db99/scene0174_03-scene0174_00-scene0174_06-scene0174_01-scene0174_05/T5,6,17,10,0.9904784560203552,4178,0.9959310674964098,0.004068932503590195,15,100,0.15
4acaebba-6c10-2a2a-8650-34c2f160db99,scene0174_03-scene0174_00-scene0174_06-scene0174_01-scene0174_05,5,4acaebba-6c10-2a2a-8650-34c2f160db99/scene0174_03-scene0174_00-scene0174_06-scene0174_01-scene0174_05/T5,6,18,31,0.9322580695152283,620,0.932258064516129,0.06774193548387097,15,100,0.15
4acaebba-6c10-2a2a-8650-34c2f160db99,scene0174_03-scene0174_00-scene0174_06-scene0174_01-scene0174_05,5,4acaebba-6c10-2a2a-8650-34c2f160db99/scene0174_03-scene0174_00-scene0174_06-scene0174_01-scene0174_05/T5,6,31,12,0.5403143763542175,5312,0.9966114457831325,0.0033885542168674565,15,100,0.15
4acaebba-6c10-2a2a-8650-34c2f160db99,scene0174_03-scene0174_00-scene0174_06-scene0174_01-scene0174_05,5,4acaebba-6c10-2a2a-8650-34c2f160db99/scene0174_03-scene0174_00-scene0174_06-scene0174_01-scene0174_05/T5,6,62,41,0.9304692149162292,1683,0.978015448603684,0.021984551396316054,15,100,0.15
4acaebba-6c10-2a2a-8650-34c2f160db99,scene0174_03-scene0174_00-scene0174_06-scene0174_01-scene0174_05,5,4acaebba-6c10-2a2a-8650-34c2f160db99/scene0174_03-scene0174_00-scene0174_06-scene0174_01-scene0174_05/T5,6,74,14,0.8286110758781433,4450,0.9397752808988764,0.06022471910112359,15,100,0.15
4acaebba-6c10-2a2a-8650-34c2f160db99,scene0174_03-scene0174_00-scene0174_06-scene0174_01-scene0174_05,5,4acaebba-6c10-2a2a-8650-34c2f160db99/scene0174_03-scene0174_00-scene0174_06-scene0174_01-scene0174_05/T5,6,78,21,0.8020833134651184,308,1.0,0.0,15,100,0.15
4acaebba-6c10-2a2a-8650-34c2f160db99,scene0174_03-scene0174_00-scene0174_06-scene0174_01-scene0174_05,5,4acaebba-6c10-2a2a-8650-34c2f160db99/scene0174_03-scene0174_00-scene0174_06-scene0174_01-scene0174_05/T5,6,86,40,1.0,1533,1.0,0.0,15,100,0.15
4acaebba-6c10-2a2a-8650-34c2f160db99,scene0174_03-scene0174_00-scene0174_06-scene0174_01-scene0174_05,5,4acaebba-6c10-2a2a-8650-34c2f160db99/scene0174_03-scene0174_00-scene0174_06-scene0174_01-scene0174_05/T5,6,96,2,0.8621863722801208,12842,0.907101697554898,0.092898302445102,15,100,0.15
4acaebba-6c10-2a2a-8650-34c2f160db99,scene0174_03-scene0174_00-scene0174_06-scene0174_01-scene0174_05,5,4acaebba-6c10-2a2a-8650-34c2f160db99/scene0174_03-scene0174_00-scene0174_06-scene0174_01-scene0174_05/T5,7,17,10,0.9904784560203552,4178,0.9959310674964098,0.004068932503590195,1,100,0.01
4acaebba-6c10-2a2a-8650-34c2f160db99,scene0174_03-scene0174_00-scene0174_06-scene0174_01-scene0174_05,5,4acaebba-6c10-2a2a-8650-34c2f160db99/scene0174_03-scene0174_00-scene0174_06-scene0174_01-scene0174_05/T5,7,18,31,0.9322580695152283,620,0.932258064516129,0.06774193548387097,1,100,0.01
4acaebba-6c10-2a2a-8650-34c2f160db99,scene0174_03-scene0174_00-scene0174_06-scene0174_01-scene0174_05,5,4acaebba-6c10-2a2a-8650-34c2f160db99/scene0174_03-scene0174_00-scene0174_06-scene0174_01-scene0174_05/T5,7,23,2,0.8826771378517151,12842,0.947905310699268,0.05209468930073202,1,100,0.01
4acaebba-6c10-2a2a-8650-34c2f160db99,scene0174_03-scene0174_00-scene0174_06-scene0174_01-scene0174_05,5,4acaebba-6c10-2a2a-8650-34c2f160db99/scene0174_03-scene0174_00-scene0174_06-scene0174_01-scene0174_05/T5,7,59,12,0.5577353835105896,5312,0.9847515060240963,0.015248493975903665,1,100,0.01
4acaebba-6c10-2a2a-8650-34c2f160db99,scene0174_03-scene0174_00-scene0174_06-scene0174_01-scene0174_05,5,4acaebba-6c10-2a2a-8650-34c2f160db99/scene0174_03-scene0174_00-scene0174_06-scene0174_01-scene0174_05/T5,7,62,41,0.8984715938568115,1683,0.978015448603684,0.021984551396316054,1,100,0.01
4acaebba-6c10-2a2a-8650-34c2f160db99,scene0174_03-scene0174_00-scene0174_06-scene0174_01-scene0174_05,5,4acaebba-6c10-2a2a-8650-34c2f160db99/scene0174_03-scene0174_00-scene0174_06-scene0174_01-scene0174_05/T5,7,74,14,0.8119674921035767,4450,0.9208988764044944,0.07910112359550558,1,100,0.01
4acaebba-6c10-2a2a-8650-34c2f160db99,scene0174_03-scene0174_00-scene0174_06-scene0174_01-scene0174_05,5,4acaebba-6c10-2a2a-8650-34c2f160db99/scene0174_03-scene0174_00-scene0174_06-scene0174_01-scene0174_05/T5,7,78,21,0.5460993051528931,308,1.0,0.0,1,100,0.01
4acaebba-6c10-2a2a-8650-34c2f160db99,scene0174_03-scene0174_00-scene0174_06-scene0174_01-scene0174_05,5,4acaebba-6c10-2a2a-8650-34c2f160db99/scene0174_03-scene0174_00-scene0174_06-scene0174_01-scene0174_05/T5,7,86,40,1.0,1533,1.0,0.0,1,100,0.01
4acaebba-6c10-2a2a-8650-34c2f160db99,scene0174_03-scene0174_00-scene0174_06-scene0174_01-scene0174_05,5,4acaebba-6c10-2a2a-8650-34c2f160db99/scene0174_03-scene0174_00-scene0174_06-scene0174_01-scene0174_05/T5,8,2,21,0.8020833134651184,308,1.0,0.0,4,100,0.04
4acaebba-6c10-2a2a-8650-34c2f160db99,scene0174_03-scene0174_00-scene0174_06-scene0174_01-scene0174_05,5,4acaebba-6c10-2a2a-8650-34c2f160db99/scene0174_03-scene0174_00-scene0174_06-scene0174_01-scene0174_05/T5,8,17,10,0.9904784560203552,4178,0.9959310674964098,0.004068932503590195,4,100,0.04
4acaebba-6c10-2a2a-8650-34c2f160db99,scene0174_03-scene0174_00-scene0174_06-scene0174_01-scene0174_05,5,4acaebba-6c10-2a2a-8650-34c2f160db99/scene0174_03-scene0174_00-scene0174_06-scene0174_01-scene0174_05/T5,8,18,31,0.9322580695152283,620,0.932258064516129,0.06774193548387097,4,100,0.04
4acaebba-6c10-2a2a-8650-34c2f160db99,scene0174_03-scene0174_00-scene0174_06-scene0174_01-scene0174_05,5,4acaebba-6c10-2a2a-8650-34c2f160db99/scene0174_03-scene0174_00-scene0174_06-scene0174_01-scene0174_05/T5,8,31,12,0.5352616310119629,5312,0.9858810240963856,0.014118975903614439,4,100,0.04
4acaebba-6c10-2a2a-8650-34c2f160db99,scene0174_03-scene0174_00-scene0174_06-scene0174_01-scene0174_05,5,4acaebba-6c10-2a2a-8650-34c2f160db99/scene0174_03-scene0174_00-scene0174_06-scene0174_01-scene0174_05/T5,8,39,14,0.8165629506111145,4450,0.8552808988764045,0.14471910112359554,4,100,0.04
4acaebba-6c10-2a2a-8650-34c2f160db99,scene0174_03-scene0174_00-scene0174_06-scene0174_01-scene0174_05,5,4acaebba-6c10-2a2a-8650-34c2f160db99/scene0174_03-scene0174_00-scene0174_06-scene0174_01-scene0174_05/T5,8,62,41,0.8856682777404785,1683,0.9803921568627451,0.019607843137254943,4,100,0.04
4acaebba-6c10-2a2a-8650-34c2f160db99,scene0174_03-scene0174_00-scene0174_06-scene0174_01-scene0174_05,5,4acaebba-6c10-2a2a-8650-34c2f160db99/scene0174_03-scene0174_00-scene0174_06-scene0174_01-scene0174_05/T5,8,86,40,1.0,1533,1.0,0.0,4,100,0.04
4acaebba-6c10-2a2a-8650-34c2f160db99,scene0174_03-scene0174_00-scene0174_06-scene0174_01-scene0174_05,5,4acaebba-6c10-2a2a-8650-34c2f160db99/scene0174_03-scene0174_00-scene0174_06-scene0174_01-scene0174_05/T5,8,96,2,0.8759819865226746,12842,0.894331101074599,0.10566889892540099,4,100,0.04
4acaebba-6c10-2a2a-8650-34c2f160db99,scene0174_03-scene0174_00-scene0174_06-scene0174_01-scene0174_05,5,4acaebba-6c10-2a2a-8650-34c2f160db99/scene0174_03-scene0174_00-scene0174_06-scene0174_01-scene0174_05/T5,9,17,10,0.9904784560203552,4178,0.9959310674964098,0.004068932503590195,10,100,0.1
4acaebba-6c10-2a2a-8650-34c2f160db99,scene0174_03-scene0174_00-scene0174_06-scene0174_01-scene0174_05,5,4acaebba-6c10-2a2a-8650-34c2f160db99/scene0174_03-scene0174_00-scene0174_06-scene0174_01-scene0174_05/T5,9,18,31,0.9322580695152283,620,0.932258064516129,0.06774193548387097,10,100,0.1
4acaebba-6c10-2a2a-8650-34c2f160db99,scene0174_03-scene0174_00-scene0174_06-scene0174_01-scene0174_05,5,4acaebba-6c10-2a2a-8650-34c2f160db99/scene0174_03-scene0174_00-scene0174_06-scene0174_01-scene0174_05/T5,9,31,12,0.5410875082015991,5312,0.9966114457831325,0.0033885542168674565,10,100,0.1
4acaebba-6c10-2a2a-8650-34c2f160db99,scene0174_03-scene0174_00-scene0174_06-scene0174_01-scene0174_05,5,4acaebba-6c10-2a2a-8650-34c2f160db99/scene0174_03-scene0174_00-scene0174_06-scene0174_01-scene0174_05/T5,9,62,41,0.9195531010627747,1683,0.978015448603684,0.021984551396316054,10,100,0.1
4acaebba-6c10-2a2a-8650-34c2f160db99,scene0174_03-scene0174_00-scene0174_06-scene0174_01-scene0174_05,5,4acaebba-6c10-2a2a-8650-34c2f160db99/scene0174_03-scene0174_00-scene0174_06-scene0174_01-scene0174_05/T5,9,74,14,0.8286110758781433,4450,0.9397752808988764,0.06022471910112359,10,100,0.1
4acaebba-6c10-2a2a-8650-34c2f160db99,scene0174_03-scene0174_00-scene0174_06-scene0174_01-scene0174_05,5,4acaebba-6c10-2a2a-8650-34c2f160db99/scene0174_03-scene0174_00-scene0174_06-scene0174_01-scene0174_05/T5,9,78,21,0.8020833134651184,308,1.0,0.0,10,100,0.1
4acaebba-6c10-2a2a-8650-34c2f160db99,scene0174_03-scene0174_00-scene0174_06-scene0174_01-scene0174_05,5,4acaebba-6c10-2a2a-8650-34c2f160db99/scene0174_03-scene0174_00-scene0174_06-scene0174_01-scene0174_05/T5,9,86,40,1.0,1533,1.0,0.0,10,100,0.1
4acaebba-6c10-2a2a-8650-34c2f160db99,scene0174_03-scene0174_00-scene0174_06-scene0174_01-scene0174_05,5,4acaebba-6c10-2a2a-8650-34c2f160db99/scene0174_03-scene0174_00-scene0174_06-scene0174_01-scene0174_05/T5,9,96,2,0.855400025844574,12842,0.8899704095935213,0.11002959040647875,10,100,0.1
4acaebba-6c10-2a2a-8650-34c2f160db99,scene0174_03-scene0174_00-scene0174_06-scene0174_01-scene0174_05,5,4acaebba-6c10-2a2a-8650-34c2f160db99/scene0174_03-scene0174_00-scene0174_06-scene0174_01-scene0174_05/T5,10,11,10,0.9904784560203552,4178,0.9959310674964098,0.004068932503590195,12,100,0.12
4acaebba-6c10-2a2a-8650-34c2f160db99,scene0174_03-scene0174_00-scene0174_06-scene0174_01-scene0174_05,5,4acaebba-6c10-2a2a-8650-34c2f160db99/scene0174_03-scene0174_00-scene0174_06-scene0174_01-scene0174_05/T5,10,18,31,0.9322580695152283,620,0.932258064516129,0.06774193548387097,12,100,0.12
4acaebba-6c10-2a2a-8650-34c2f160db99,scene0174_03-scene0174_00-scene0174_06-scene0174_01-scene0174_05,5,4acaebba-6c10-2a2a-8650-34c2f160db99/scene0174_03-scene0174_00-scene0174_06-scene0174_01-scene0174_05/T5,10,31,12,0.5403143763542175,5312,0.9966114457831325,0.0033885542168674565,12,100,0.12
4acaebba-6c10-2a2a-8650-34c2f160db99,scene0174_03-scene0174_00-scene0174_06-scene0174_01-scene0174_05,5,4acaebba-6c10-2a2a-8650-34c2f160db99/scene0174_03-scene0174_00-scene0174_06-scene0174_01-scene0174_05/T5,10,62,41,0.9304692149162292,1683,0.978015448603684,0.021984551396316054,12,100,0.12
4acaebba-6c10-2a2a-8650-34c2f160db99,scene0174_03-scene0174_00-scene0174_06-scene0174_01-scene0174_05,5,4acaebba-6c10-2a2a-8650-34c2f160db99/scene0174_03-scene0174_00-scene0174_06-scene0174_01-scene0174_05/T5,10,78,21,0.8020833134651184,308,1.0,0.0,12,100,0.12
4acaebba-6c10-2a2a-8650-34c2f160db99,scene0174_03-scene0174_00-scene0174_06-scene0174_01-scene0174_05,5,4acaebba-6c10-2a2a-8650-34c2f160db99/scene0174_03-scene0174_00-scene0174_06-scene0174_01-scene0174_05/T5,10,79,14,0.853314220905304,4450,0.9373033707865168,0.06269662921348318,12,100,0.12
4acaebba-6c10-2a2a-8650-34c2f160db99,scene0174_03-scene0174_00-scene0174_06-scene0174_01-scene0174_05,5,4acaebba-6c10-2a2a-8650-34c2f160db99/scene0174_03-scene0174_00-scene0174_06-scene0174_01-scene0174_05/T5,10,86,40,1.0,1533,1.0,0.0,12,100,0.12
4acaebba-6c10-2a2a-8650-34c2f160db99,scene0174_03-scene0174_00-scene0174_06-scene0174_01-scene0174_05,5,4acaebba-6c10-2a2a-8650-34c2f160db99/scene0174_03-scene0174_00-scene0174_06-scene0174_01-scene0174_05/T5,10,96,2,0.8629152774810791,12842,0.8979909671390749,0.10200903286092511,12,100,0.12
4acaebba-6c10-2a2a-8650-34c2f160db99,scene0174_03-scene0174_00-scene0174_06-scene0174_01-scene0174_05,5,4acaebba-6c10-2a2a-8650-34c2f160db99/scene0174_03-scene0174_00-scene0174_06-scene0174_01-scene0174_05/T5,11,17,10,0.9904784560203552,4178,0.9959310674964098,0.004068932503590195,1,100,0.01
4acaebba-6c10-2a2a-8650-34c2f160db99,scene0174_03-scene0174_00-scene0174_06-scene0174_01-scene0174_05,5,4acaebba-6c10-2a2a-8650-34c2f160db99/scene0174_03-scene0174_00-scene0174_06-scene0174_01-scene0174_05/T5,11,18,31,0.9322580695152283,620,0.932258064516129,0.06774193548387097,1,100,0.01
4acaebba-6c10-2a2a-8650-34c2f160db99,scene0174_03-scene0174_00-scene0174_06-scene0174_01-scene0174_05,5,4acaebba-6c10-2a2a-8650-34c2f160db99/scene0174_03-scene0174_00-scene0174_06-scene0174_01-scene0174_05/T5,11,36,41,0.9323863387107849,1683,0.9750445632798574,0.024955436720142554,1,100,0.01
4acaebba-6c10-2a2a-8650-34c2f160db99,scene0174_03-scene0174_00-scene0174_06-scene0174_01-scene0174_05,5,4acaebba-6c10-2a2a-8650-34c2f160db99/scene0174_03-scene0174_00-scene0174_06-scene0174_01-scene0174_05/T5,11,69,21,0.6952595710754395,308,1.0,0.0,1,100,0.01
4acaebba-6c10-2a2a-8650-34c2f160db99,scene0174_03-scene0174_00-scene0174_06-scene0174_01-scene0174_05,5,4acaebba-6c10-2a2a-8650-34c2f160db99/scene0174_03-scene0174_00-scene0174_06-scene0174_01-scene0174_05/T5,11,75,12,0.5394207835197449,5312,0.985316265060241,0.014683734939759052,1,100,0.01
4acaebba-6c10-2a2a-8650-34c2f160db99,scene0174_03-scene0174_00-scene0174_06-scene0174_01-scene0174_05,5,4acaebba-6c10-2a2a-8650-34c2f160db99/scene0174_03-scene0174_00-scene0174_06-scene0174_01-scene0174_05/T5,11,76,14,0.8365365266799927,4450,0.9487640449438203,0.05123595505617973,1,100,0.01
4acaebba-6c10-2a2a-8650-34c2f160db99,scene0174_03-scene0174_00-scene0174_06-scene0174_01-scene0174_05,5,4acaebba-6c10-2a2a-8650-34c2f160db99/scene0174_03-scene0174_00-scene0174_06-scene0174_01-scene0174_05/T5,11,86,40,1.0,1533,1.0,0.0,1,100,0.01
4acaebba-6c10-2a2a-8650-34c2f160db99,scene0174_03-scene0174_00-scene0174_06-scene0174_01-scene0174_05,5,4acaebba-6c10-2a2a-8650-34c2f160db99/scene0174_03-scene0174_00-scene0174_06-scene0174_01-scene0174_05/T5,11,96,2,0.8628305196762085,12842,0.8944089705653325,0.10559102943466747,1,100,0.01
