method,reference_scene_id,master_sequence_id,order_id,horizon,causal_prefix_t_mAP,causal_prefix_t_mAP50,causal_prefix_t_mAP25,causal_prefix_t_REC,causal_prefix_t_REC50,causal_prefix_t_REC25,current_stage_AP,current_stage_AP50,current_stage_AP25,current_stage_REC,deployment_id_switches,identity_transition_opportunities,fragmentation_count,fragmentation_opportunities,merge_count,merge_opportunities,gap_opportunities,recovery_attempts,correct_recoveries,normalized_id_switch_rate,fragmentation_rate,merge_rate,gap_recovery_accuracy,gap_recovery_recall,update_scan_count,update_point_count,cumulative_scan_count
FullHistory,10b17940-3938-2467-8a7a-958300ba83d3,scene0069_00-scene0069_02-scene0069_04-scene0069_03-scene0069_01,canonical,2,0.4026063084602356,0.6172839403152466,0.6867283582687378,0.42592594027519226,0.7222222089767456,0.8333333134651184,0.7023809552192688,0.8214285969734192,0.8928571343421936,0.7857142686843872,4,4,4,4,1,1,0,0,0,1.0,1.0,1.0,,,2,87611,2
Persist4D-V2,10b17940-3938-2467-8a7a-958300ba83d3,scene0069_00-scene0069_02-scene0069_04-scene0069_03-scene0069_01,canonical,2,0.42129629850387573,0.6990740895271301,0.7685185670852661,0.4444444477558136,0.7222222089767456,0.8333333134651184,0.7873015403747559,0.9285714030265808,1.0,0.8015872836112976,0,4,0,4,0,4,0,0,0,0.0,0.0,0.0,,,2,32445,2
FullHistory,10b17940-3938-2467-8a7a-958300ba83d3,scene0069_00-scene0069_02-scene0069_04-scene0069_03-scene0069_01,canonical,3,0.16859567165374756,0.2951388955116272,0.3340277671813965,0.23456789553165436,0.3888888955116272,0.6111111044883728,0.5524691343307495,0.6944444179534912,0.8055555820465088,0.6944444179534912,8,8,11,11,1,1,2,2,0,1.0,1.0,1.0,0.0,0.0,3,126591,5
Persist4D-V2,10b17940-3938-2467-8a7a-958300ba83d3,scene0069_00-scene0069_02-scene0069_04-scene0069_03-scene0069_01,canonical,3,0.3580246865749359,0.6111111044883728,0.7361111044883728,0.3580246865749359,0.6111111044883728,0.7777777910232544,0.5597798824310303,0.8055555820465088,1.0,0.6172839403152466,0,9,0,11,0,11,2,2,2,0.0,0.0,0.0,1.0,1.0,2,38980,4
FullHistory,10b17940-3938-2467-8a7a-958300ba83d3,scene0069_00-scene0069_02-scene0069_04-scene0069_03-scene0069_01,canonical,4,0.15432098507881165,0.2916666567325592,0.4305555522441864,0.1913580298423767,0.3333333432674408,0.5555555820465088,0.5949074029922485,0.75,0.875,0.7777777910232544,11,11,14,14,1,1,2,2,0,1.0,1.0,1.0,0.0,0.0,4,154346,9
Persist4D-V2,10b17940-3938-2467-8a7a-958300ba83d3,scene0069_00-scene0069_02-scene0069_04-scene0069_03-scene0069_01,canonical,4,0.2839506268501282,0.5,0.5138888955116272,0.2839506268501282,0.5,0.5555555820465088,0.5509259104728699,0.7083333134651184,0.75,0.7037037014961243,0,12,0,14,0,14,2,2,2,0.0,0.0,0.0,1.0,1.0,2,27755,6
FullHistory,10b17940-3938-2467-8a7a-958300ba83d3,scene0069_00-scene0069_02-scene0069_04-scene0069_03-scene0069_01,canonical,5,0.25925925374031067,0.4027777910232544,0.5138888955116272,0.29629629850387573,0.4444444477558136,0.5555555820465088,0.7967686653137207,1.0,1.0,0.8095238208770752,14,14,21,21,2,2,6,5,0,1.0,1.0,1.0,0.0,0.0,5,205984,14
Persist4D-V2,10b17940-3938-2467-8a7a-958300ba83d3,scene0069_00-scene0069_02-scene0069_04-scene0069_03-scene0069_01,canonical,5,0.2839506268501282,0.5,0.5,0.2839506268501282,0.5,0.5,0.8216931819915771,1.0,1.0,0.8492063283920288,0,15,0,21,0,21,6,5,5,0.0,0.0,0.0,1.0,0.8333333333333334,2,51638,8
FullHistory,10b17940-3938-2467-8a7a-958300ba83d3,scene0069_00-scene0069_02-scene0069_04-scene0069_03-scene0069_01,reverse,2,0.4242284297943115,0.4861111044883728,0.6805555820465088,0.5864197611808777,0.6666666865348816,0.7777777910232544,0.5324074029922485,0.6875,0.8611111044883728,0.7592592835426331,2,2,2,2,0,0,0,0,0,1.0,1.0,,,,2,79393,2
Persist4D-V2,10b17940-3938-2467-8a7a-958300ba83d3,scene0069_00-scene0069_02-scene0069_04-scene0069_03-scene0069_01,reverse,2,0.44958844780921936,0.4783950448036194,0.6736111044883728,0.604938268661499,0.6666666865348816,0.7777777910232544,0.5481480956077576,0.6833333373069763,0.8611111044883728,0.7592592835426331,0,2,0,2,1,3,0,0,0,0.0,0.0,0.3333333333333333,,,2,27755,2
FullHistory,10b17940-3938-2467-8a7a-958300ba83d3,scene0069_00-scene0069_02-scene0069_04-scene0069_03-scene0069_01,reverse,3,0.30308640003204346,0.45370373129844666,0.5046296119689941,0.3395061790943146,0.5,0.6666666865348816,0.6057098507881165,0.7777777910232544,0.9166666865348816,0.6111111044883728,5,5,8,8,1,1,3,3,0,1.0,1.0,1.0,0.0,0.0,3,118373,5
Persist4D-V2,10b17940-3938-2467-8a7a-958300ba83d3,scene0069_00-scene0069_02-scene0069_04-scene0069_03-scene0069_01,reverse,3,0.30599644780158997,0.4722222089767456,0.5555555820465088,0.3395061790943146,0.5555555820465088,0.5555555820465088,0.5764991044998169,0.8055555820465088,0.8888888955116272,0.7222222089767456,0,5,0,7,1,8,3,2,2,0.0,0.0,0.125,1.0,0.6666666666666666,2,38980,4
FullHistory,10b17940-3938-2467-8a7a-958300ba83d3,scene0069_00-scene0069_02-scene0069_04-scene0069_03-scene0069_01,reverse,4,0.29663923382759094,0.5,0.6435185074806213,0.3024691343307495,0.5,0.6666666865348816,0.7341269850730896,0.8928571343421936,0.8928571343421936,0.817460298538208,10,10,14,14,4,4,4,4,0,1.0,1.0,1.0,0.0,0.0,4,150818,9
Persist4D-V2,10b17940-3938-2467-8a7a-958300ba83d3,scene0069_00-scene0069_02-scene0069_04-scene0069_03-scene0069_01,reverse,4,0.2966049313545227,0.4444444477558136,0.4444444477558136,0.3024691343307495,0.4444444477558136,0.4444444477558136,0.783730149269104,0.9285714030265808,1.0,0.8333333134651184,0,10,0,13,1,14,4,3,3,0.0,0.0,0.07142857142857142,1.0,0.75,2,32445,6
FullHistory,10b17940-3938-2467-8a7a-958300ba83d3,scene0069_00-scene0069_02-scene0069_04-scene0069_03-scene0069_01,reverse,5,0.22839505970478058,0.4027777910232544,0.4305555522441864,0.26543208956718445,0.4444444477558136,0.5555555820465088,0.5702160596847534,0.7958333492279053,0.9166666865348816,0.6851851940155029,15,15,21,22,4,5,6,6,0,1.0,0.9545454545454546,0.8,0.0,0.0,5,205984,14
Persist4D-V2,10b17940-3938-2467-8a7a-958300ba83d3,scene0069_00-scene0069_02-scene0069_04-scene0069_03-scene0069_01,reverse,5,0.2469135820865631,0.4444444477558136,0.4444444477558136,0.2469135820865631,0.4444444477558136,0.4444444477558136,0.5230452418327332,0.8101851940155029,0.9074073433876038,0.654321014881134,0,15,0,21,1,22,6,5,5,0.0,0.0,0.045454545454545456,1.0,0.8333333333333334,2,55166,8
FullHistory,10b17940-3938-2467-8a7a-958300ba83d3,scene0069_00-scene0069_02-scene0069_04-scene0069_03-scene0069_01,sha256_seed45,2,0.6085390448570251,0.75,0.8101851940155029,0.6666666865348816,0.8333333134651184,1.0,0.6121399402618408,0.7777777910232544,1.0,0.6234567761421204,5,5,5,5,0,0,0,0,0,1.0,1.0,,,,2,90618,2
Persist4D-V2,10b17940-3938-2467-8a7a-958300ba83d3,scene0069_00-scene0069_02-scene0069_04-scene0069_03-scene0069_01,sha256_seed45,2,0.654321014881134,0.8333333134651184,0.9444444179534912,0.654321014881134,0.8333333134651184,0.9444444179534912,0.6111111044883728,0.7777777910232544,1.0,0.6111111044883728,0,5,0,5,0,5,0,0,0,0.0,0.0,0.0,,,2,38980,2
FullHistory,10b17940-3938-2467-8a7a-958300ba83d3,scene0069_00-scene0069_02-scene0069_04-scene0069_03-scene0069_01,sha256_seed45,3,0.4454732835292816,0.6111111044883728,0.6388888955116272,0.4506172835826874,0.6111111044883728,0.7222222089767456,0.5574074387550354,0.7083333134651184,1.0,0.6851851940155029,8,8,8,8,0,0,0,0,0,1.0,1.0,,,,3,118373,5
Persist4D-V2,10b17940-3938-2467-8a7a-958300ba83d3,scene0069_00-scene0069_02-scene0069_04-scene0069_03-scene0069_01,sha256_seed45,3,0.48765432834625244,0.6666666865348816,0.6666666865348816,0.48765432834625244,0.6666666865348816,0.6666666865348816,0.5509259104728699,0.7083333134651184,0.75,0.7037037014961243,0,8,0,8,1,9,0,0,0,0.0,0.0,0.1111111111111111,,,2,27755,4
FullHistory,10b17940-3938-2467-8a7a-958300ba83d3,scene0069_00-scene0069_02-scene0069_04-scene0069_03-scene0069_01,sha256_seed45,4,0.29497355222702026,0.4246031641960144,0.5277777910232544,0.327160507440567,0.6111111044883728,0.6111111044883728,0.6566234827041626,0.8707561492919922,0.9166666865348816,0.8209876418113708,11,11,15,16,1,2,5,5,0,1.0,0.9375,0.5,0.0,0.0,4,173539,9
Persist4D-V2,10b17940-3938-2467-8a7a-958300ba83d3,scene0069_00-scene0069_02-scene0069_04-scene0069_03-scene0069_01,sha256_seed45,4,0.4197530746459961,0.6111111044883728,0.616435170173645,0.4197530746459961,0.6111111044883728,0.6666666865348816,0.5746992826461792,0.7611110806465149,0.9000000357627869,0.7654321193695068,0,11,1,16,1,16,5,5,4,0.0,0.0625,0.0625,0.8,0.8,2,55166,6
FullHistory,10b17940-3938-2467-8a7a-958300ba83d3,scene0069_00-scene0069_02-scene0069_04-scene0069_03-scene0069_01,sha256_seed45,5,0.23456789553165436,0.3611111044883728,0.4722222089767456,0.2530864179134369,0.4444444477558136,0.5555555820465088,0.7876983880996704,0.9285714030265808,0.9285714030265808,0.8015872836112976,16,16,21,22,4,5,6,5,0,1.0,0.9545454545454546,0.8,0.0,0.0,5,205984,14
Persist4D-V2,10b17940-3938-2467-8a7a-958300ba83d3,scene0069_00-scene0069_02-scene0069_04-scene0069_03-scene0069_01,sha256_seed45,5,0.37654322385787964,0.5555555820465088,0.5568783283233643,0.37654322385787964,0.5555555820465088,0.6111111044883728,0.7039682269096375,0.8214285969734192,0.8928571343421936,0.8015872836112976,0,16,2,22,1,21,6,5,4,0.0,0.09090909090909091,0.047619047619047616,0.8,0.6666666666666666,2,32445,8
FullHistory,10b17940-3938-2467-8a7a-958300ba83d3,scene0069_01-scene0069_06-scene0069_09-scene0069_05-scene0069_08,canonical,2,0.7144097089767456,0.890625,0.9375,0.7847222089767456,0.9375,0.9375,0.8611111044883728,1.0,1.0,0.8888888955116272,4,4,4,4,1,1,0,0,0,1.0,1.0,1.0,,,2,90078,2
Persist4D-V2,10b17940-3938-2467-8a7a-958300ba83d3,scene0069_01-scene0069_06-scene0069_09-scene0069_05-scene0069_08,canonical,2,0.6956018805503845,0.9375,0.9375,0.7430555820465088,0.9375,0.9375,0.8611111044883728,1.0,1.0,0.8888888955116272,0,4,0,4,0,4,0,0,0,0.0,0.0,0.0,,,2,38440,2
FullHistory,10b17940-3938-2467-8a7a-958300ba83d3,scene0069_01-scene0069_06-scene0069_09-scene0069_05-scene0069_08,canonical,3,0.4166666567325592,0.5277777910232544,0.5277777910232544,0.5,0.6111111044883728,0.6111111044883728,0.6944444179534912,0.7857142686843872,0.7857142686843872,0.8730158805847168,8,8,8,8,2,2,1,0,0,1.0,1.0,1.0,,0.0,3,112650,5
Persist4D-V2,10b17940-3938-2467-8a7a-958300ba83d3,scene0069_01-scene0069_06-scene0069_09-scene0069_05-scene0069_08,canonical,3,0.5850970149040222,0.841269850730896,0.841269850730896,0.6975308656692505,0.9444444179534912,0.9444444179534912,0.7515872716903687,0.8928571343421936,0.8928571343421936,0.8730158805847168,0,8,0,8,0,8,1,0,0,0.0,0.0,0.0,,0.0,2,22572,4
FullHistory,10b17940-3938-2467-8a7a-958300ba83d3,scene0069_01-scene0069_06-scene0069_09-scene0069_05-scene0069_08,canonical,4,0.2469135820865631,0.3888888955116272,0.3888888955116272,0.2469135820865631,0.3888888955116272,0.3888888955116272,0.6111111044883728,0.75,0.75,0.6984127163887024,11,11,12,12,3,3,3,1,0,1.0,1.0,1.0,0.0,0.0,4,141135,9
Persist4D-V2,10b17940-3938-2467-8a7a-958300ba83d3,scene0069_01-scene0069_06-scene0069_09-scene0069_05-scene0069_08,canonical,4,0.43209877610206604,0.6388888955116272,0.6388888955116272,0.48765432834625244,0.7222222089767456,0.7222222089767456,0.6111111044883728,0.75,0.75,0.6984127163887024,0,11,0,11,0,11,3,0,0,0.0,0.0,0.0,,0.0,2,28485,6
FullHistory,10b17940-3938-2467-8a7a-958300ba83d3,scene0069_01-scene0069_06-scene0069_09-scene0069_05-scene0069_08,canonical,5,0.051851850003004074,0.11666665971279144,0.11666665971279144,0.09876543283462524,0.2222222238779068,0.2222222238779068,0.5079365372657776,0.5714285969734192,0.5714285969734192,0.5925925970077515,14,14,16,16,5,5,5,1,0,1.0,1.0,1.0,0.0,0.0,5,174294,14
Persist4D-V2,10b17940-3938-2467-8a7a-958300ba83d3,scene0069_01-scene0069_06-scene0069_09-scene0069_05-scene0069_08,canonical,5,0.17901234328746796,0.25,0.25,0.23456789553165436,0.3333333432674408,0.3333333432674408,0.5714285969734192,0.5714285969734192,0.5714285969734192,0.6666666865348816,1,14,1,14,0,13,5,0,0,0.07142857142857142,0.07142857142857142,0.0,,0.0,2,33159,8
FullHistory,10b17940-3938-2467-8a7a-958300ba83d3,scene0069_01-scene0069_06-scene0069_09-scene0069_05-scene0069_08,reverse,2,0.4197530746459961,0.4444444477558136,0.4523809850215912,0.4722222089767456,0.5,0.625,0.6041666865348816,0.75,0.75,0.7142857313156128,3,3,3,3,0,0,0,0,0,1.0,1.0,,,,2,61644,2
Persist4D-V2,10b17940-3938-2467-8a7a-958300ba83d3,scene0069_01-scene0069_06-scene0069_09-scene0069_05-scene0069_08,reverse,2,0.5185185074806213,0.5555555820465088,0.5555555820465088,0.5833333134651184,0.625,0.625,0.6041666865348816,0.75,0.75,0.7142857313156128,0,3,0,3,0,3,0,0,0,0.0,0.0,0.0,,,2,28485,2
FullHistory,10b17940-3938-2467-8a7a-958300ba83d3,scene0069_01-scene0069_06-scene0069_09-scene0069_05-scene0069_08,reverse,3,0.08641975373029709,0.1111111119389534,0.2222222238779068,0.0972222238779068,0.125,0.25,0.6785714030265808,0.75,0.8571428656578064,0.761904776096344,5,5,6,6,1,1,1,0,0,1.0,1.0,1.0,,0.0,3,84216,5
Persist4D-V2,10b17940-3938-2467-8a7a-958300ba83d3,scene0069_01-scene0069_06-scene0069_09-scene0069_05-scene0069_08,reverse,3,0.2191358059644699,0.25,0.25,0.3194444477558136,0.375,0.375,0.7023809552192688,0.7857142686843872,0.7857142686843872,0.9047619104385376,0,5,0,6,0,6,1,0,0,0.0,0.0,0.0,,0.0,2,22572,4
FullHistory,10b17940-3938-2467-8a7a-958300ba83d3,scene0069_01-scene0069_06-scene0069_09-scene0069_05-scene0069_08,reverse,4,0.08641975373029709,0.1111111119389534,0.1111111119389534,0.0972222238779068,0.125,0.125,0.8148148059844971,0.875,1.0,0.8703703880310059,8,8,10,10,2,2,3,0,0,1.0,1.0,1.0,,0.0,4,122656,9
Persist4D-V2,10b17940-3938-2467-8a7a-958300ba83d3,scene0069_01-scene0069_06-scene0069_09-scene0069_05-scene0069_08,reverse,4,0.2191358059644699,0.25,0.25,0.3194444477558136,0.375,0.375,0.9097222089767456,1.0,1.0,0.9259259104728699,0,8,0,10,0,10,3,0,0,0.0,0.0,0.0,,0.0,2,38440,6
FullHistory,10b17940-3938-2467-8a7a-958300ba83d3,scene0069_01-scene0069_06-scene0069_09-scene0069_05-scene0069_08,reverse,5,0.17283950746059418,0.2222222238779068,0.2222222238779068,0.17283950746059418,0.2222222238779068,0.2222222238779068,0.7447089552879333,0.8214285969734192,1.0,0.7936508059501648,12,12,15,15,3,3,5,1,0,1.0,1.0,1.0,0.0,0.0,5,174294,14
Persist4D-V2,10b17940-3938-2467-8a7a-958300ba83d3,scene0069_01-scene0069_06-scene0069_09-scene0069_05-scene0069_08,reverse,5,0.2839506268501282,0.3333333432674408,0.3333333432674408,0.2839506268501282,0.3333333432674408,0.3333333432674408,0.7665343880653381,0.9583333730697632,0.9583333730697632,0.841269850730896,0,11,0,14,0,14,5,1,1,0.0,0.0,0.0,1.0,0.2,2,51638,8
FullHistory,10b17940-3938-2467-8a7a-958300ba83d3,scene0069_01-scene0069_06-scene0069_09-scene0069_05-scene0069_08,sha256_seed45,2,0.5920138955116272,0.640625,0.640625,0.6180555820465088,0.6875,0.6875,0.5714285969734192,0.5714285969734192,0.5714285969734192,0.6666666865348816,3,3,3,3,0,0,0,0,0,1.0,1.0,,,,2,84797,2
Persist4D-V2,10b17940-3938-2467-8a7a-958300ba83d3,scene0069_01-scene0069_06-scene0069_09-scene0069_05-scene0069_08,sha256_seed45,2,0.546875,0.640625,0.640625,0.5763888955116272,0.6875,0.6875,0.5714285969734192,0.5714285969734192,0.5714285969734192,0.6666666865348816,0,3,0,3,0,3,0,0,0,0.0,0.0,0.0,,,2,33159,2
FullHistory,10b17940-3938-2467-8a7a-958300ba83d3,scene0069_01-scene0069_06-scene0069_09-scene0069_05-scene0069_08,sha256_seed45,3,0.2839506268501282,0.3333333432674408,0.3472222089767456,0.2839506268501282,0.3333333432674408,0.3888888955116272,0.6230158805847168,0.75,0.75,0.7301587462425232,6,6,7,7,1,1,0,0,0,1.0,1.0,1.0,,,3,107369,5
Persist4D-V2,10b17940-3938-2467-8a7a-958300ba83d3,scene0069_01-scene0069_06-scene0069_09-scene0069_05-scene0069_08,sha256_seed45,3,0.2817901074886322,0.35277777910232544,0.35277777910232544,0.4135802388191223,0.5,0.5,0.6984127163887024,0.7738094925880432,0.7738094925880432,0.8888888955116272,1,6,1,7,0,6,0,0,0,0.16666666666666666,0.14285714285714285,0.0,,,2,22572,4
FullHistory,10b17940-3938-2467-8a7a-958300ba83d3,scene0069_01-scene0069_06-scene0069_09-scene0069_05-scene0069_08,sha256_seed45,4,0.03395061567425728,0.1388888955116272,0.1388888955116272,0.06172839552164078,0.2222222238779068,0.2222222238779068,0.6122685670852661,0.75,0.75,0.625,8,8,11,11,1,1,2,1,0,1.0,1.0,1.0,0.0,0.0,4,135854,9
Persist4D-V2,10b17940-3938-2467-8a7a-958300ba83d3,scene0069_01-scene0069_06-scene0069_09-scene0069_05-scene0069_08,sha256_seed45,4,0.10493826866149902,0.1388888955116272,0.1388888955116272,0.16049382090568542,0.2222222238779068,0.2222222238779068,0.6111111044883728,0.75,0.75,0.6984127163887024,2,8,1,10,0,9,2,0,0,0.25,0.1,0.0,,0.0,2,28485,6
FullHistory,10b17940-3938-2467-8a7a-958300ba83d3,scene0069_01-scene0069_06-scene0069_09-scene0069_05-scene0069_08,sha256_seed45,5,0.07407407462596893,0.1111111119389534,0.2222222238779068,0.07407407462596893,0.1111111119389534,0.2222222238779068,0.8888888955116272,1.0,1.0,0.8888888955116272,12,12,16,16,2,2,3,2,0,1.0,1.0,1.0,0.0,0.0,5,174294,14
Persist4D-V2,10b17940-3938-2467-8a7a-958300ba83d3,scene0069_01-scene0069_06-scene0069_09-scene0069_05-scene0069_08,sha256_seed45,5,0.10493826866149902,0.1388888955116272,0.1388888955116272,0.16049382090568542,0.2222222238779068,0.2222222238779068,0.7669753432273865,0.875,0.875,0.9074074029922485,2,11,1,15,0,14,3,1,1,0.18181818181818182,0.06666666666666667,0.0,1.0,0.3333333333333333,2,38440,8
FullHistory,10b17940-3938-2467-8a7a-958300ba83d3,scene0069_02-scene0069_04-scene0069_03-scene0069_01-scene0069_06,canonical,2,0.4288184642791748,0.6111111044883728,0.7546296119689941,0.4506172835826874,0.6111111044883728,0.7777777910232544,0.5707937479019165,0.8055555820465088,1.0,0.6666666865348816,4,4,4,4,0,0,0,0,0,1.0,1.0,,,,2,71425,2
Persist4D-V2,10b17940-3938-2467-8a7a-958300ba83d3,scene0069_02-scene0069_04-scene0069_03-scene0069_01-scene0069_06,canonical,2,0.38598403334617615,0.5277777910232544,0.75,0.45679011940956116,0.6111111044883728,0.8333333134651184,0.4764465391635895,0.7222222089767456,1.0,0.6172839403152466,0,4,0,4,0,4,0,0,0,0.0,0.0,0.0,,,2,38980,2
FullHistory,10b17940-3938-2467-8a7a-958300ba83d3,scene0069_02-scene0069_04-scene0069_03-scene0069_01-scene0069_06,canonical,3,0.31481480598449707,0.5,0.6111111044883728,0.31481480598449707,0.5,0.6111111044883728,0.5416666865348816,0.7083333134651184,0.875,0.6666666865348816,7,7,7,7,0,0,0,0,0,1.0,1.0,,,,3,99180,5
Persist4D-V2,10b17940-3938-2467-8a7a-958300ba83d3,scene0069_02-scene0069_04-scene0069_03-scene0069_01-scene0069_06,canonical,3,0.3211419880390167,0.4444444477558136,0.4444444477558136,0.327160507440567,0.4444444477558136,0.4444444477558136,0.5509259104728699,0.7083333134651184,0.75,0.7037037014961243,0,7,0,7,1,8,0,0,0,0.0,0.0,0.125,,,2,27755,4
FullHistory,10b17940-3938-2467-8a7a-958300ba83d3,scene0069_02-scene0069_04-scene0069_03-scene0069_01-scene0069_06,canonical,4,0.2926954925060272,0.5648148059844971,0.7402777671813965,0.32098764181137085,0.6111111044883728,0.7777777910232544,0.7663360238075256,0.8988094925880432,1.0,0.8650793433189392,9,9,11,11,0,0,4,2,0,1.0,1.0,,0.0,0.0,4,150818,9
Persist4D-V2,10b17940-3938-2467-8a7a-958300ba83d3,scene0069_02-scene0069_04-scene0069_03-scene0069_01-scene0069_06,canonical,4,0.32113462686538696,0.4444444477558136,0.4444444477558136,0.327160507440567,0.4444444477558136,0.4444444477558136,0.8216931819915771,1.0,1.0,0.8492063283920288,1,10,2,13,2,13,4,3,2,0.1,0.15384615384615385,0.15384615384615385,0.6666666666666666,0.5,2,51638,6
FullHistory,10b17940-3938-2467-8a7a-958300ba83d3,scene0069_02-scene0069_04-scene0069_03-scene0069_01-scene0069_06,canonical,5,0.2888374626636505,0.5,0.6111111044883728,0.3024691343307495,0.5,0.6111111044883728,0.841821014881134,1.0,1.0,0.8888888955116272,13,13,16,16,1,1,5,3,0,1.0,1.0,1.0,0.0,0.0,5,189258,14
Persist4D-V2,10b17940-3938-2467-8a7a-958300ba83d3,scene0069_02-scene0069_04-scene0069_03-scene0069_01-scene0069_06,canonical,5,0.2995230257511139,0.4444444477558136,0.4444444477558136,0.31481480598449707,0.4444444477558136,0.4444444477558136,0.8611111044883728,1.0,1.0,0.8888888955116272,1,14,2,18,2,18,5,4,3,0.07142857142857142,0.1111111111111111,0.1111111111111111,0.75,0.6,2,38440,8
FullHistory,10b17940-3938-2467-8a7a-958300ba83d3,scene0069_02-scene0069_04-scene0069_03-scene0069_01-scene0069_06,reverse,2,0.75,0.9375,0.9375,0.7708333134651184,0.9375,0.9375,0.7460317611694336,0.9285714030265808,0.944727897644043,0.7698412537574768,4,4,4,4,0,0,0,0,0,1.0,1.0,,,,2,90078,2
Persist4D-V2,10b17940-3938-2467-8a7a-958300ba83d3,scene0069_02-scene0069_04-scene0069_03-scene0069_01-scene0069_06,reverse,2,0.7248263955116272,0.9375,0.9375,0.7847222089767456,0.9375,0.9375,0.7665343880653381,0.9583333730697632,0.9583333730697632,0.841269850730896,0,4,0,4,0,4,0,0,0,0.0,0.0,0.0,,,2,51638,2
FullHistory,10b17940-3938-2467-8a7a-958300ba83d3,scene0069_02-scene0069_04-scene0069_03-scene0069_01-scene0069_06,reverse,3,0.4125514626502991,0.49074071645736694,0.6851851940155029,0.6234567761421204,0.7222222089767456,0.8333333134651184,0.3731481432914734,0.3916666507720947,0.7361111640930176,0.6481481194496155,6,6,7,7,0,0,1,1,0,1.0,1.0,,0.0,0.0,3,117833,5
Persist4D-V2,10b17940-3938-2467-8a7a-958300ba83d3,scene0069_02-scene0069_04-scene0069_03-scene0069_01-scene0069_06,reverse,3,0.41512346267700195,0.4861111044883728,0.6805555820465088,0.5123456716537476,0.6111111044883728,0.7222222089767456,0.5648148059844971,0.7083333134651184,1.0,0.7592592835426331,0,6,0,7,1,8,1,1,1,0.0,0.0,0.125,1.0,1.0,2,27755,4
FullHistory,10b17940-3938-2467-8a7a-958300ba83d3,scene0069_02-scene0069_04-scene0069_03-scene0069_01-scene0069_06,reverse,4,0.353042334318161,0.6111111044883728,0.8333333134651184,0.37037035822868347,0.6111111044883728,0.8333333134651184,0.5490740537643433,0.8055555820465088,1.0,0.6172839403152466,9,9,13,13,2,2,4,4,0,1.0,1.0,1.0,0.0,0.0,4,156813,9
Persist4D-V2,10b17940-3938-2467-8a7a-958300ba83d3,scene0069_02-scene0069_04-scene0069_03-scene0069_01-scene0069_06,reverse,4,0.30439814925193787,0.4861111044883728,0.5694444179534912,0.37037035822868347,0.6111111044883728,0.6111111044883728,0.5767489671707153,0.8055555820465088,0.8888888955116272,0.7222222089767456,0,9,0,12,1,13,4,3,3,0.0,0.0,0.07692307692307693,1.0,0.75,2,38980,6
FullHistory,10b17940-3938-2467-8a7a-958300ba83d3,scene0069_02-scene0069_04-scene0069_03-scene0069_01-scene0069_06,reverse,5,0.2685736119747162,0.5,0.6111111044883728,0.2839506268501282,0.5,0.6111111044883728,0.7896825671195984,0.9285714030265808,0.9285714030265808,0.8015872836112976,14,14,18,19,3,4,5,5,1,1.0,0.9473684210526315,0.75,0.2,0.2,5,189258,14
Persist4D-V2,10b17940-3938-2467-8a7a-958300ba83d3,scene0069_02-scene0069_04-scene0069_03-scene0069_01-scene0069_06,reverse,5,0.2873176336288452,0.4444444477558136,0.4444444477558136,0.3024691343307495,0.4444444477558136,0.4444444477558136,0.783730149269104,0.9285714030265808,1.0,0.8333333134651184,0,14,0,18,1,19,5,4,4,0.0,0.0,0.05263157894736842,1.0,0.8,2,32445,8
FullHistory,10b17940-3938-2467-8a7a-958300ba83d3,scene0069_02-scene0069_04-scene0069_03-scene0069_01-scene0069_06,sha256_seed45,2,0.6085390448570251,0.75,0.8101851940155029,0.6666666865348816,0.8333333134651184,1.0,0.6121399402618408,0.7777777910232544,1.0,0.6234567761421204,5,5,5,5,0,0,0,0,0,1.0,1.0,,,,2,90618,2
Persist4D-V2,10b17940-3938-2467-8a7a-958300ba83d3,scene0069_02-scene0069_04-scene0069_03-scene0069_01-scene0069_06,sha256_seed45,2,0.654321014881134,0.8333333134651184,0.9444444179534912,0.654321014881134,0.8333333134651184,0.9444444179534912,0.6111111044883728,0.7777777910232544,1.0,0.6111111044883728,0,5,0,5,0,5,0,0,0,0.0,0.0,0.0,,,2,38980,2
FullHistory,10b17940-3938-2467-8a7a-958300ba83d3,scene0069_02-scene0069_04-scene0069_03-scene0069_01-scene0069_06,sha256_seed45,3,0.4454732835292816,0.6111111044883728,0.6388888955116272,0.4506172835826874,0.6111111044883728,0.7222222089767456,0.5574074387550354,0.7083333134651184,1.0,0.6851851940155029,8,8,8,8,0,0,0,0,0,1.0,1.0,,,,3,118373,5
Persist4D-V2,10b17940-3938-2467-8a7a-958300ba83d3,scene0069_02-scene0069_04-scene0069_03-scene0069_01-scene0069_06,sha256_seed45,3,0.48765432834625244,0.6666666865348816,0.6666666865348816,0.48765432834625244,0.6666666865348816,0.6666666865348816,0.5509259104728699,0.7083333134651184,0.75,0.7037037014961243,0,8,0,8,1,9,0,0,0,0.0,0.0,0.1111111111111111,,,2,27755,4
FullHistory,10b17940-3938-2467-8a7a-958300ba83d3,scene0069_02-scene0069_04-scene0069_03-scene0069_01-scene0069_06,sha256_seed45,4,0.3027263581752777,0.5,0.6259258985519409,0.3086419701576233,0.5,0.6666666865348816,0.817460298538208,0.9285714030265808,0.9583333730697632,0.817460298538208,10,11,13,14,1,2,3,2,0,0.9090909090909091,0.9285714285714286,0.5,0.0,0.0,4,150818,9
Persist4D-V2,10b17940-3938-2467-8a7a-958300ba83d3,scene0069_02-scene0069_04-scene0069_03-scene0069_01-scene0069_06,sha256_seed45,4,0.3395061790943146,0.4444444477558136,0.4444444477558136,0.3395061790943146,0.4444444477558136,0.4444444477558136,0.7023809552192688,0.8214285969734192,0.8214285969734192,0.7857142686843872,0,11,0,13,1,14,3,1,1,0.0,0.0,0.07142857142857142,1.0,0.3333333333333333,2,32445,6
FullHistory,10b17940-3938-2467-8a7a-958300ba83d3,scene0069_02-scene0069_04-scene0069_03-scene0069_01-scene0069_06,sha256_seed45,5,0.2785493731498718,0.5,0.6111111044883728,0.29012346267700195,0.5,0.6111111044883728,0.8796296119689941,1.0,1.0,0.9074074029922485,14,15,18,19,1,2,4,3,0,0.9333333333333333,0.9473684210526315,0.5,0.0,0.0,5,189258,14
Persist4D-V2,10b17940-3938-2467-8a7a-958300ba83d3,scene0069_02-scene0069_04-scene0069_03-scene0069_01-scene0069_06,sha256_seed45,5,0.3225308656692505,0.4444444477558136,0.4444444477558136,0.327160507440567,0.4444444477558136,0.4444444477558136,0.854938268661499,1.0,1.0,0.8703703880310059,0,14,0,18,1,19,4,2,2,0.0,0.0,0.05263157894736842,1.0,0.5,2,38440,8
FullHistory,10b17940-3938-2467-8a7a-958300ba83d3,scene0069_03-scene0069_01-scene0069_06-scene0069_09-scene0069_05,canonical,2,0.48991766571998596,0.5648148059844971,0.6759259700775146,0.5802469253540039,0.6666666865348816,0.7777777910232544,0.8031745553016663,1.0,1.0,0.817460298538208,2,2,2,2,1,1,0,0,0,1.0,1.0,1.0,,,2,79393,2
Persist4D-V2,10b17940-3938-2467-8a7a-958300ba83d3,scene0069_03-scene0069_01-scene0069_06-scene0069_09-scene0069_05,canonical,2,0.6936213374137878,0.75,0.75,0.7962962985038757,0.8333333134651184,0.8333333134651184,0.8216931819915771,1.0,1.0,0.8492063283920288,0,2,0,2,0,2,0,0,0,0.0,0.0,0.0,,,2,51638,2
FullHistory,10b17940-3938-2467-8a7a-958300ba83d3,scene0069_03-scene0069_01-scene0069_06-scene0069_09-scene0069_05,canonical,3,0.42500004172325134,0.4861111044883728,0.6805555820465088,0.5740740895271301,0.6111111044883728,0.7222222089767456,0.8018518090248108,1.0,1.0,0.8518518805503845,6,6,7,7,2,2,1,1,0,1.0,1.0,1.0,0.0,0.0,3,117833,5
Persist4D-V2,10b17940-3938-2467-8a7a-958300ba83d3,scene0069_03-scene0069_01-scene0069_06-scene0069_09-scene0069_05,canonical,3,0.6557907462120056,0.75,0.75,0.7592592835426331,0.8333333134651184,0.8333333134651184,0.8611111044883728,1.0,1.0,0.8888888955116272,0,6,0,7,0,7,1,1,1,0.0,0.0,0.0,1.0,1.0,2,38440,4
FullHistory,10b17940-3938-2467-8a7a-958300ba83d3,scene0069_03-scene0069_01-scene0069_06-scene0069_09-scene0069_05,canonical,4,0.3580246865749359,0.5,0.6222221851348877,0.3580246865749359,0.5,0.7222222089767456,0.5753968358039856,0.75,0.75,0.7301587462425232,10,10,11,11,4,4,3,1,0,1.0,1.0,1.0,0.0,0.0,4,140405,9
Persist4D-V2,10b17940-3938-2467-8a7a-958300ba83d3,scene0069_03-scene0069_01-scene0069_06-scene0069_09-scene0069_05,canonical,4,0.5123456716537476,0.6388888955116272,0.7222222089767456,0.5864197611808777,0.7222222089767456,0.7222222089767456,0.7515872716903687,0.8928571343421936,0.8928571343421936,0.8730158805847168,0,10,0,11,0,11,3,1,1,0.0,0.0,0.0,1.0,0.3333333333333333,2,22572,6
FullHistory,10b17940-3938-2467-8a7a-958300ba83d3,scene0069_03-scene0069_01-scene0069_06-scene0069_09-scene0069_05,canonical,5,0.16820988059043884,0.2361111044883728,0.3472222089767456,0.1975308656692505,0.2777777910232544,0.3888888955116272,0.5841049551963806,0.75,0.75,0.682539701461792,13,13,15,15,5,5,5,2,0,1.0,1.0,1.0,0.0,0.0,5,168890,14
Persist4D-V2,10b17940-3938-2467-8a7a-958300ba83d3,scene0069_03-scene0069_01-scene0069_06-scene0069_09-scene0069_05,canonical,5,0.48765432834625244,0.6111111044883728,0.6111111044883728,0.48765432834625244,0.6111111044883728,0.6111111044883728,0.6111111044883728,0.75,0.75,0.6984127163887024,0,13,0,14,0,14,5,1,1,0.0,0.0,0.0,1.0,0.2,2,28485,8
FullHistory,10b17940-3938-2467-8a7a-958300ba83d3,scene0069_03-scene0069_01-scene0069_06-scene0069_09-scene0069_05,reverse,2,0.27637234330177307,0.390625,0.3968749940395355,0.3671875,0.5,0.6428571343421936,0.69047611951828,0.7738094925880432,0.7738094925880432,0.9047619104385376,2,2,2,2,0,0,0,0,0,1.0,1.0,,,,2,51057,2
Persist4D-V2,10b17940-3938-2467-8a7a-958300ba83d3,scene0069_03-scene0069_01-scene0069_06-scene0069_09-scene0069_05,reverse,2,0.3732638955116272,0.515625,0.515625,0.4682539701461792,0.6428571343421936,0.6428571343421936,0.7023809552192688,0.7857142686843872,0.7857142686843872,0.9047619104385376,0,2,0,2,0,2,0,0,0,0.0,0.0,0.0,,,2,22572,2
FullHistory,10b17940-3938-2467-8a7a-958300ba83d3,scene0069_03-scene0069_01-scene0069_06-scene0069_09-scene0069_05,reverse,3,0.2035590261220932,0.3372395932674408,0.3372395932674408,0.3888888955116272,0.6428571343421936,0.6428571343421936,0.8904321193695068,1.0,1.0,0.9074074029922485,4,5,5,6,0,1,2,0,0,0.8,0.8333333333333334,0.0,,0.0,3,89497,5
Persist4D-V2,10b17940-3938-2467-8a7a-958300ba83d3,scene0069_03-scene0069_01-scene0069_06-scene0069_09-scene0069_05,reverse,3,0.2621527910232544,0.390625,0.390625,0.341269850730896,0.5,0.5,0.9097222089767456,1.0,1.0,0.9259259104728699,0,5,0,6,0,6,2,0,0,0.0,0.0,0.0,,0.0,2,38440,4
FullHistory,10b17940-3938-2467-8a7a-958300ba83d3,scene0069_03-scene0069_01-scene0069_06-scene0069_09-scene0069_05,reverse,4,0.1666666716337204,0.3125,0.3125,0.1666666716337204,0.3125,0.3125,0.6851851940155029,0.8055555820465088,0.8888888955116272,0.7962962985038757,8,9,9,10,0,1,3,0,0,0.8888888888888888,0.9,0.0,,0.0,4,141135,9
Persist4D-V2,10b17940-3938-2467-8a7a-958300ba83d3,scene0069_03-scene0069_01-scene0069_06-scene0069_09-scene0069_05,reverse,4,0.3125,0.5,0.5,0.3333333432674408,0.5,0.5,0.7461419701576233,0.9513888955116272,0.9513888955116272,0.8333333134651184,0,8,0,10,0,10,3,1,1,0.0,0.0,0.0,1.0,0.3333333333333333,2,51638,6
FullHistory,10b17940-3938-2467-8a7a-958300ba83d3,scene0069_03-scene0069_01-scene0069_06-scene0069_09-scene0069_05,reverse,5,0.1944444477558136,0.4375,0.46875,0.1944444477558136,0.4375,0.5625,0.5216049551963806,0.680555522441864,0.8541666865348816,0.5555555820465088,10,11,12,13,0,1,5,1,0,0.9090909090909091,0.9230769230769231,0.0,0.0,0.0,5,168890,14
Persist4D-V2,10b17940-3938-2467-8a7a-958300ba83d3,scene0069_03-scene0069_01-scene0069_06-scene0069_09-scene0069_05,reverse,5,0.2309027761220932,0.265625,0.390625,0.2569444477558136,0.3125,0.4375,0.5648148059844971,0.7083333134651184,1.0,0.7592592835426331,0,10,0,13,1,14,5,2,2,0.0,0.0,0.07142857142857142,1.0,0.4,2,27755,8
FullHistory,10b17940-3938-2467-8a7a-958300ba83d3,scene0069_03-scene0069_01-scene0069_06-scene0069_09-scene0069_05,sha256_seed45,2,0.4242284297943115,0.4861111044883728,0.6805555820465088,0.5864197611808777,0.6666666865348816,0.7777777910232544,0.5324074029922485,0.6875,0.8611111044883728,0.7592592835426331,2,2,2,2,0,0,0,0,0,1.0,1.0,,,,2,79393,2
Persist4D-V2,10b17940-3938-2467-8a7a-958300ba83d3,scene0069_03-scene0069_01-scene0069_06-scene0069_09-scene0069_05,sha256_seed45,2,0.44958844780921936,0.4783950448036194,0.6736111044883728,0.604938268661499,0.6666666865348816,0.7777777910232544,0.5481480956077576,0.6833333373069763,0.8611111044883728,0.7592592835426331,0,2,0,2,1,3,0,0,0,0.0,0.0,0.3333333333333333,,,2,27755,2
FullHistory,10b17940-3938-2467-8a7a-958300ba83d3,scene0069_03-scene0069_01-scene0069_06-scene0069_09-scene0069_05,sha256_seed45,3,0.1726851761341095,0.230158731341362,0.341269850730896,0.26543208956718445,0.3333333432674408,0.4444444477558136,0.7202380895614624,0.8571428656578064,0.8571428656578064,0.7460317611694336,5,5,6,6,0,0,2,1,0,1.0,1.0,,0.0,0.0,3,101965,5
Persist4D-V2,10b17940-3938-2467-8a7a-958300ba83d3,scene0069_03-scene0069_01-scene0069_06-scene0069_09-scene0069_05,sha256_seed45,3,0.3827160596847534,0.4444444477558136,0.5555555820465088,0.3827160596847534,0.4444444477558136,0.5555555820465088,0.6686508059501648,0.7857142686843872,0.7857142686843872,0.8730158805847168,0,5,0,6,1,7,2,1,1,0.0,0.0,0.14285714285714285,1.0,0.5,2,22572,4
FullHistory,10b17940-3938-2467-8a7a-958300ba83d3,scene0069_03-scene0069_01-scene0069_06-scene0069_09-scene0069_05,sha256_seed45,4,0.14814814925193787,0.1666666716337204,0.2777777910232544,0.14814814925193787,0.1666666716337204,0.2777777910232544,0.434027761220932,0.5520833730697632,0.5520833730697632,0.682539701461792,8,8,10,10,1,1,4,2,0,1.0,1.0,1.0,0.0,0.0,4,130450,9
Persist4D-V2,10b17940-3938-2467-8a7a-958300ba83d3,scene0069_03-scene0069_01-scene0069_06-scene0069_09-scene0069_05,sha256_seed45,4,0.37037035822868347,0.4444444477558136,0.5555555820465088,0.37037035822868347,0.4444444477558136,0.5555555820465088,0.5173611044883728,0.65625,0.65625,0.6984127163887024,0,8,0,9,1,10,4,1,1,0.0,0.0,0.1,1.0,0.25,2,28485,6
FullHistory,10b17940-3938-2467-8a7a-958300ba83d3,scene0069_03-scene0069_01-scene0069_06-scene0069_09-scene0069_05,sha256_seed45,5,0.16049382090568542,0.2222222238779068,0.3333333432674408,0.16049382090568542,0.2222222238779068,0.3333333432674408,0.8919753432273865,1.0,1.0,0.9074074029922485,12,12,15,15,2,2,5,3,0,1.0,1.0,1.0,0.0,0.0,5,168890,14
Persist4D-V2,10b17940-3938-2467-8a7a-958300ba83d3,scene0069_03-scene0069_01-scene0069_06-scene0069_09-scene0069_05,sha256_seed45,5,0.37037035822868347,0.4444444477558136,0.5555555820465088,0.37037035822868347,0.4444444477558136,0.5555555820465088,0.7669753432273865,0.875,0.875,0.9074074029922485,0,11,0,14,1,15,5,2,2,0.0,0.0,0.06666666666666667,1.0,0.4,2,38440,8
FullHistory,10b17940-3938-2467-8a7a-958300ba83d3,scene0069_04-scene0069_03-scene0069_01-scene0069_06-scene0069_09,canonical,2,0.21172839403152466,0.2638888955116272,0.49074071645736694,0.2777777910232544,0.4444444477558136,0.6666666865348816,0.5601851940155029,0.75,0.75,0.7407407164573669,3,3,3,3,1,1,0,0,0,1.0,1.0,1.0,,,2,66735,2
Persist4D-V2,10b17940-3938-2467-8a7a-958300ba83d3,scene0069_04-scene0069_03-scene0069_01-scene0069_06-scene0069_09,canonical,2,0.3173133134841919,0.46296295523643494,0.4722222089767456,0.3641975224018097,0.5555555820465088,0.5555555820465088,0.5509259104728699,0.7083333134651184,0.75,0.7037037014961243,0,3,0,3,0,3,0,0,0,0.0,0.0,0.0,,,2,27755,2
FullHistory,10b17940-3938-2467-8a7a-958300ba83d3,scene0069_04-scene0069_03-scene0069_01-scene0069_06-scene0069_09,canonical,3,0.3540123403072357,0.5,0.5509259700775146,0.37037035822868347,0.5,0.6666666865348816,0.7394179701805115,0.8511905074119568,1.0,0.7936508059501648,5,5,7,7,1,1,3,2,0,1.0,1.0,1.0,0.0,0.0,3,118373,5
Persist4D-V2,10b17940-3938-2467-8a7a-958300ba83d3,scene0069_04-scene0069_03-scene0069_01-scene0069_06-scene0069_09,canonical,3,0.30908286571502686,0.4444444477558136,0.4444444477558136,0.31481480598449707,0.4444444477558136,0.4444444477558136,0.8216931819915771,1.0,1.0,0.8492063283920288,1,6,2,8,1,7,3,2,1,0.16666666666666666,0.25,0.14285714285714285,0.5,0.3333333333333333,2,51638,4
FullHistory,10b17940-3938-2467-8a7a-958300ba83d3,scene0069_04-scene0069_03-scene0069_01-scene0069_06-scene0069_09,canonical,4,0.3075616955757141,0.6111111044883728,0.7222222089767456,0.3888888955116272,0.6111111044883728,0.7222222089767456,0.8765432834625244,1.0,1.0,0.9074074029922485,9,9,11,12,1,2,4,3,0,1.0,0.9166666666666666,0.5,0.0,0.0,4,156813,9
Persist4D-V2,10b17940-3938-2467-8a7a-958300ba83d3,scene0069_04-scene0069_03-scene0069_01-scene0069_06-scene0069_09,canonical,4,0.2874228358268738,0.4444444477558136,0.4444444477558136,0.3024691343307495,0.4444444477558136,0.4444444477558136,0.8611111044883728,1.0,1.0,0.8888888955116272,1,10,2,13,1,12,4,3,2,0.1,0.15384615384615385,0.08333333333333333,0.6666666666666666,0.5,2,38440,6
FullHistory,10b17940-3938-2467-8a7a-958300ba83d3,scene0069_04-scene0069_03-scene0069_01-scene0069_06-scene0069_09,canonical,5,0.2577160596847534,0.45000001788139343,0.5625,0.3395061790943146,0.5,0.6111111044883728,0.658730149269104,0.75,0.75,0.7301587462425232,13,13,16,17,1,2,6,4,0,1.0,0.9411764705882353,0.5,0.0,0.0,5,179385,14
Persist4D-V2,10b17940-3938-2467-8a7a-958300ba83d3,scene0069_04-scene0069_03-scene0069_01-scene0069_06-scene0069_09,canonical,5,0.26268863677978516,0.4444444477558136,0.4444444477558136,0.2777777910232544,0.4444444477558136,0.4444444477558136,0.7515872716903687,0.8928571343421936,0.8928571343421936,0.8730158805847168,1,14,2,17,1,16,6,3,2,0.07142857142857142,0.11764705882352941,0.0625,0.6666666666666666,0.3333333333333333,2,22572,8
FullHistory,10b17940-3938-2467-8a7a-958300ba83d3,scene0069_04-scene0069_03-scene0069_01-scene0069_06-scene0069_09,reverse,2,0.3576388955116272,0.4270833432674408,0.4270833432674408,0.5555555820465088,0.625,0.625,0.8899177312850952,1.0,1.0,0.9074074029922485,3,3,3,3,1,1,0,0,0,1.0,1.0,1.0,,,2,61012,2
Persist4D-V2,10b17940-3938-2467-8a7a-958300ba83d3,scene0069_04-scene0069_03-scene0069_01-scene0069_06-scene0069_09,reverse,2,0.4236111044883728,0.5208333730697632,0.5208333730697632,0.5277777910232544,0.625,0.625,0.9097222089767456,1.0,1.0,0.9259259104728699,0,3,0,3,0,3,0,0,0,0.0,0.0,0.0,,,2,38440,2
FullHistory,10b17940-3938-2467-8a7a-958300ba83d3,scene0069_04-scene0069_03-scene0069_01-scene0069_06-scene0069_09,reverse,3,0.4050411581993103,0.49259260296821594,0.5388888716697693,0.5308641791343689,0.7222222089767456,0.7222222089767456,0.7705026865005493,0.8690476417541504,0.9702380895614624,0.8253968358039856,6,6,6,6,2,2,1,0,0,1.0,1.0,1.0,,0.0,3,112650,5
Persist4D-V2,10b17940-3938-2467-8a7a-958300ba83d3,scene0069_04-scene0069_03-scene0069_01-scene0069_06-scene0069_09,reverse,3,0.3719135820865631,0.5138888955116272,0.5138888955116272,0.48765432834625244,0.6111111044883728,0.6111111044883728,0.7665343880653381,0.9583333730697632,0.9583333730697632,0.841269850730896,0,6,0,6,0,6,1,0,0,0.0,0.0,0.0,,0.0,2,51638,4
FullHistory,10b17940-3938-2467-8a7a-958300ba83d3,scene0069_04-scene0069_03-scene0069_01-scene0069_06-scene0069_09,reverse,4,0.2253086417913437,0.3611111044883728,0.5625,0.3086419701576233,0.4444444477558136,0.6111111044883728,0.40740740299224854,0.4444444477558136,0.75,0.7407407164573669,8,8,9,9,2,2,3,1,0,1.0,1.0,1.0,0.0,0.0,4,140405,9
Persist4D-V2,10b17940-3938-2467-8a7a-958300ba83d3,scene0069_04-scene0069_03-scene0069_01-scene0069_06-scene0069_09,reverse,4,0.30401235818862915,0.3472222089767456,0.4583333432674408,0.327160507440567,0.3888888955116272,0.5,0.5648148059844971,0.7083333134651184,1.0,0.7592592835426331,0,8,0,9,1,10,3,1,1,0.0,0.0,0.1,1.0,0.3333333333333333,2,27755,6
FullHistory,10b17940-3938-2467-8a7a-958300ba83d3,scene0069_04-scene0069_03-scene0069_01-scene0069_06-scene0069_09,reverse,5,0.1937149465084076,0.3439393937587738,0.5611111521720886,0.26543208956718445,0.5,0.6111111044883728,0.5362654328346252,0.7777777910232544,1.0,0.5740740895271301,11,11,15,15,4,4,6,4,0,1.0,1.0,1.0,0.0,0.0,5,179385,14
Persist4D-V2,10b17940-3938-2467-8a7a-958300ba83d3,scene0069_04-scene0069_03-scene0069_01-scene0069_06-scene0069_09,reverse,5,0.20555555820465088,0.3472222089767456,0.3472222089767456,0.23456789553165436,0.3888888955116272,0.3888888955116272,0.5762419104576111,0.8055555820465088,0.8888888955116272,0.7222222089767456,0,11,0,14,1,15,6,3,3,0.0,0.0,0.06666666666666667,1.0,0.5,2,38980,8
FullHistory,10b17940-3938-2467-8a7a-958300ba83d3,scene0069_04-scene0069_03-scene0069_01-scene0069_06-scene0069_09,sha256_seed45,2,0.6085390448570251,0.75,0.8101851940155029,0.6666666865348816,0.8333333134651184,1.0,0.6121399402618408,0.7777777910232544,1.0,0.6234567761421204,5,5,5,5,0,0,0,0,0,1.0,1.0,,,,2,90618,2
Persist4D-V2,10b17940-3938-2467-8a7a-958300ba83d3,scene0069_04-scene0069_03-scene0069_01-scene0069_06-scene0069_09,sha256_seed45,2,0.654321014881134,0.8333333134651184,0.9444444179534912,0.654321014881134,0.8333333134651184,0.9444444179534912,0.6111111044883728,0.7777777910232544,1.0,0.6111111044883728,0,5,0,5,0,5,0,0,0,0.0,0.0,0.0,,,2,38980,2
FullHistory,10b17940-3938-2467-8a7a-958300ba83d3,scene0069_04-scene0069_03-scene0069_01-scene0069_06-scene0069_09,sha256_seed45,3,0.4454732835292816,0.6111111044883728,0.6388888955116272,0.4506172835826874,0.6111111044883728,0.7222222089767456,0.5574074387550354,0.7083333134651184,1.0,0.6851851940155029,8,8,8,8,0,0,0,0,0,1.0,1.0,,,,3,118373,5
Persist4D-V2,10b17940-3938-2467-8a7a-958300ba83d3,scene0069_04-scene0069_03-scene0069_01-scene0069_06-scene0069_09,sha256_seed45,3,0.48765432834625244,0.6666666865348816,0.6666666865348816,0.48765432834625244,0.6666666865348816,0.6666666865348816,0.5509259104728699,0.7083333134651184,0.75,0.7037037014961243,0,8,0,8,1,9,0,0,0,0.0,0.0,0.1111111111111111,,,2,27755,4
FullHistory,10b17940-3938-2467-8a7a-958300ba83d3,scene0069_04-scene0069_03-scene0069_01-scene0069_06-scene0069_09,sha256_seed45,4,0.20987653732299805,0.2777777910232544,0.3888888955116272,0.20987653732299805,0.2777777910232544,0.3888888955116272,0.658730149269104,0.75,0.75,0.7301587462425232,10,11,12,13,1,2,2,2,0,0.9090909090909091,0.9230769230769231,0.5,0.0,0.0,4,140945,9
Persist4D-V2,10b17940-3938-2467-8a7a-958300ba83d3,scene0069_04-scene0069_03-scene0069_01-scene0069_06-scene0069_09,sha256_seed45,4,0.3888888955116272,0.5555555820465088,0.5555555820465088,0.3888888955116272,0.5555555820465088,0.5555555820465088,0.6686508059501648,0.7857142686843872,0.7857142686843872,0.8730158805847168,0,11,0,12,1,13,2,1,1,0.0,0.0,0.07692307692307693,1.0,0.5,2,22572,6
FullHistory,10b17940-3938-2467-8a7a-958300ba83d3,scene0069_04-scene0069_03-scene0069_01-scene0069_06-scene0069_09,sha256_seed45,5,0.297839492559433,0.45370373129844666,0.5648148059844971,0.3641975224018097,0.5,0.6111111044883728,0.8958333134651184,1.0,1.0,0.9259259104728699,13,15,16,18,1,3,4,3,0,0.8666666666666667,0.8888888888888888,0.3333333333333333,0.0,0.0,5,179385,14
Persist4D-V2,10b17940-3938-2467-8a7a-958300ba83d3,scene0069_04-scene0069_03-scene0069_01-scene0069_06-scene0069_09,sha256_seed45,5,0.2561728358268738,0.3611111044883728,0.3611111044883728,0.3024691343307495,0.4444444477558136,0.4444444477558136,0.9097222089767456,1.0,1.0,0.9259259104728699,1,15,1,16,1,16,4,1,1,0.06666666666666667,0.0625,0.0625,1.0,0.25,2,38440,8
FullHistory,10b17940-3938-2467-8a7a-958300ba83d3,scene0069_05-scene0069_08-scene0069_07-scene0069_00-scene0069_02,canonical,2,0.4236111044883728,0.4375,0.4375,0.4841269850730896,0.5,0.5,0.5714285969734192,0.5714285969734192,0.5714285969734192,0.6666666865348816,3,3,3,3,0,0,0,0,0,1.0,1.0,,,,2,61644,2
Persist4D-V2,10b17940-3938-2467-8a7a-958300ba83d3,scene0069_05-scene0069_08-scene0069_07-scene0069_00-scene0069_02,canonical,2,0.4236111044883728,0.4375,0.4375,0.4841269850730896,0.5,0.5,0.5714285969734192,0.5714285969734192,0.5714285969734192,0.6666666865348816,1,3,1,3,0,2,0,0,0,0.3333333333333333,0.3333333333333333,0.0,,,2,33159,2
FullHistory,10b17940-3938-2467-8a7a-958300ba83d3,scene0069_05-scene0069_08-scene0069_07-scene0069_00-scene0069_02,canonical,3,0.3125,0.4375,0.4375,0.3125,0.4375,0.4375,0.4870370328426361,0.6833332777023315,0.6833332777023315,0.7111111283302307,6,6,6,6,0,0,0,0,0,1.0,1.0,,,,3,82215,5
Persist4D-V2,10b17940-3938-2467-8a7a-958300ba83d3,scene0069_05-scene0069_08-scene0069_07-scene0069_00-scene0069_02,canonical,3,0.2986111044883728,0.4375,0.4375,0.2986111044883728,0.4375,0.4375,0.44999998807907104,0.6499999761581421,0.675000011920929,0.6000000238418579,2,6,1,6,0,5,0,0,0,0.3333333333333333,0.16666666666666666,0.0,,,2,20571,4
FullHistory,10b17940-3938-2467-8a7a-958300ba83d3,scene0069_05-scene0069_08-scene0069_07-scene0069_00-scene0069_02,canonical,4,0.08796296268701553,0.125,0.1527777761220932,0.12962962687015533,0.1666666716337204,0.2777777910232544,0.5030864477157593,0.75,0.7777777910232544,0.6234567761421204,8,8,8,8,0,0,4,0,0,1.0,1.0,,,0.0,4,137381,9
Persist4D-V2,10b17940-3938-2467-8a7a-958300ba83d3,scene0069_05-scene0069_08-scene0069_07-scene0069_00-scene0069_02,canonical,4,0.12289562076330185,0.2525252401828766,0.2525252401828766,0.2777777910232544,0.3888888955116272,0.3888888955116272,0.48199591040611267,0.7685185074806213,0.7685185074806213,0.7283950448036194,2,9,1,9,1,9,4,0,0,0.2222222222222222,0.1111111111111111,0.1111111111111111,,0.0,2,55166,6
FullHistory,10b17940-3938-2467-8a7a-958300ba83d3,scene0069_05-scene0069_08-scene0069_07-scene0069_00-scene0069_02,canonical,5,0.12962962687015533,0.1666666716337204,0.25,0.12962962687015533,0.1666666716337204,0.3333333432674408,0.7023809552192688,0.8214285969734192,0.8214285969734192,0.7857142686843872,12,12,13,13,1,1,5,0,0,1.0,1.0,1.0,,0.0,5,169826,14
Persist4D-V2,10b17940-3938-2467-8a7a-958300ba83d3,scene0069_05-scene0069_08-scene0069_07-scene0069_00-scene0069_02,canonical,5,0.11926806718111038,0.25154319405555725,0.25154319405555725,0.2777777910232544,0.3888888955116272,0.3888888955116272,0.7873015403747559,0.9285714030265808,1.0,0.8015872836112976,2,12,2,14,2,14,5,0,0,0.16666666666666666,0.14285714285714285,0.14285714285714285,,0.0,2,32445,8
FullHistory,10b17940-3938-2467-8a7a-958300ba83d3,scene0069_05-scene0069_08-scene0069_07-scene0069_00-scene0069_02,reverse,2,0.3970678746700287,0.6736111044883728,0.6875,0.43209877610206604,0.7777777910232544,0.8333333134651184,0.5706790089607239,0.8611111044883728,0.9166666865348816,0.6666666865348816,4,4,4,4,0,0,0,0,0,1.0,1.0,,,,2,87611,2
Persist4D-V2,10b17940-3938-2467-8a7a-958300ba83d3,scene0069_05-scene0069_08-scene0069_07-scene0069_00-scene0069_02,reverse,2,0.3580246865749359,0.6111111044883728,0.7916666865348816,0.3580246865749359,0.6111111044883728,0.8333333134651184,0.5600822567939758,0.8518518209457397,0.9074073433876038,0.654321014881134,0,4,0,4,0,4,0,0,0,0.0,0.0,0.0,,,2,55166,2
FullHistory,10b17940-3938-2467-8a7a-958300ba83d3,scene0069_05-scene0069_08-scene0069_07-scene0069_00-scene0069_02,reverse,3,0.3503086566925049,0.5324074029922485,0.5555555820465088,0.45679011940956116,0.7222222089767456,0.7777777910232544,0.4999999701976776,0.6333333253860474,0.8500000238418579,0.5555555820465088,7,7,7,7,0,0,0,0,0,1.0,1.0,,,,3,108182,5
Persist4D-V2,10b17940-3938-2467-8a7a-958300ba83d3,scene0069_05-scene0069_08-scene0069_07-scene0069_00-scene0069_02,reverse,3,0.2716049253940582,0.3888888955116272,0.6111111044883728,0.2716049253940582,0.3888888955116272,0.6111111044883728,0.7185185551643372,0.8199999928474426,0.8500000238418579,0.800000011920929,0,7,0,7,0,7,0,0,0,0.0,0.0,0.0,,,2,20571,4
FullHistory,10b17940-3938-2467-8a7a-958300ba83d3,scene0069_05-scene0069_08-scene0069_07-scene0069_00-scene0069_02,reverse,4,0.19238682091236115,0.28240740299224854,0.29722222685813904,0.20370370149612427,0.3333333432674408,0.4444444477558136,0.5714285969734192,0.5714285969734192,0.5714285969734192,0.6666666865348816,10,10,11,11,0,0,2,0,0,1.0,1.0,,,0.0,4,141341,9
Persist4D-V2,10b17940-3938-2467-8a7a-958300ba83d3,scene0069_05-scene0069_08-scene0069_07-scene0069_00-scene0069_02,reverse,4,0.1913580298423767,0.2222222238779068,0.4027777910232544,0.1913580298423767,0.2222222238779068,0.4444444477558136,0.5714285969734192,0.5714285969734192,0.5714285969734192,0.6666666865348816,0,10,0,11,0,11,2,0,0,0.0,0.0,0.0,,0.0,2,33159,6
FullHistory,10b17940-3938-2467-8a7a-958300ba83d3,scene0069_05-scene0069_08-scene0069_07-scene0069_00-scene0069_02,reverse,5,0.12962962687015533,0.1666666716337204,0.1805555522441864,0.12962962687015533,0.1666666716337204,0.2222222238779068,0.625,0.75,0.75,0.7142857313156128,13,13,15,15,0,0,5,0,0,1.0,1.0,,,0.0,5,169826,14
Persist4D-V2,10b17940-3938-2467-8a7a-958300ba83d3,scene0069_05-scene0069_08-scene0069_07-scene0069_00-scene0069_02,reverse,5,0.1913580298423767,0.2222222238779068,0.3888888955116272,0.1913580298423767,0.2222222238779068,0.3888888955116272,0.6041666865348816,0.75,0.75,0.7142857313156128,0,13,0,15,0,15,5,0,0,0.0,0.0,0.0,,0.0,2,28485,8
FullHistory,10b17940-3938-2467-8a7a-958300ba83d3,scene0069_05-scene0069_08-scene0069_07-scene0069_00-scene0069_02,sha256_seed45,2,0.40740740299224854,0.5,0.5555555820465088,0.40740740299224854,0.5,0.5555555820465088,0.5802469253540039,0.8518518209457397,0.9074073433876038,0.7407407164573669,4,4,4,4,1,1,0,0,0,1.0,1.0,1.0,,,2,88325,2
Persist4D-V2,10b17940-3938-2467-8a7a-958300ba83d3,scene0069_05-scene0069_08-scene0069_07-scene0069_00-scene0069_02,sha256_seed45,2,0.42592594027519226,0.5185185074806213,0.5740740299224854,0.5185185074806213,0.6111111044883728,0.6666666865348816,0.5816872119903564,0.8518518209457397,0.9074073433876038,0.7407407164573669,0,4,0,4,0,4,0,0,0,0.0,0.0,0.0,,,2,55166,2
FullHistory,10b17940-3938-2467-8a7a-958300ba83d3,scene0069_05-scene0069_08-scene0069_07-scene0069_00-scene0069_02,sha256_seed45,3,0.20216049253940582,0.2638888955116272,0.375,0.327160507440567,0.3888888955116272,0.5,0.47788357734680176,0.6333333253860474,0.8500000238418579,0.5555555820465088,7,7,7,7,1,1,0,0,0,1.0,1.0,1.0,,,3,108896,5
Persist4D-V2,10b17940-3938-2467-8a7a-958300ba83d3,scene0069_05-scene0069_08-scene0069_07-scene0069_00-scene0069_02,sha256_seed45,3,0.3580246865749359,0.40740740299224854,0.46296295523643494,0.4506172835826874,0.5,0.5555555820465088,0.7185185551643372,0.8199999928474426,0.8500000238418579,0.800000011920929,0,7,0,7,0,7,0,0,0,0.0,0.0,0.0,,,2,20571,4
FullHistory,10b17940-3938-2467-8a7a-958300ba83d3,scene0069_05-scene0069_08-scene0069_07-scene0069_00-scene0069_02,sha256_seed45,4,0.1876543015241623,0.2888888716697693,0.3055555522441864,0.26543208956718445,0.3888888955116272,0.4444444477558136,0.7023809552192688,0.8214285969734192,0.8214285969734192,0.7857142686843872,10,10,11,11,2,2,3,1,0,1.0,1.0,1.0,0.0,0.0,4,141341,9
Persist4D-V2,10b17940-3938-2467-8a7a-958300ba83d3,scene0069_05-scene0069_08-scene0069_07-scene0069_00-scene0069_02,sha256_seed45,4,0.1975308656692505,0.2222222238779068,0.2361111044883728,0.1975308656692505,0.2222222238779068,0.2777777910232544,0.7023809552192688,0.8214285969734192,0.8214285969734192,0.7857142686843872,0,9,0,11,0,11,3,1,1,0.0,0.0,0.0,1.0,0.3333333333333333,2,32445,6
FullHistory,10b17940-3938-2467-8a7a-958300ba83d3,scene0069_05-scene0069_08-scene0069_07-scene0069_00-scene0069_02,sha256_seed45,5,0.12962962687015533,0.2777777910232544,0.2777777910232544,0.12962962687015533,0.2777777910232544,0.2777777910232544,0.53125,0.65625,0.65625,0.7142857313156128,14,14,15,15,3,3,3,1,0,1.0,1.0,1.0,0.0,0.0,5,169826,14
Persist4D-V2,10b17940-3938-2467-8a7a-958300ba83d3,scene0069_05-scene0069_08-scene0069_07-scene0069_00-scene0069_02,sha256_seed45,5,0.18518517911434174,0.2222222238779068,0.2361111044883728,0.18518517911434174,0.2222222238779068,0.2777777910232544,0.6111111044883728,0.75,0.75,0.6984127163887024,1,13,1,15,0,14,3,1,1,0.07692307692307693,0.06666666666666667,0.0,1.0,0.3333333333333333,2,28485,8
FullHistory,10b17940-3938-2467-8a7a-958300ba83d3,scene0069_06-scene0069_09-scene0069_05-scene0069_08-scene0069_07,canonical,2,0.4513888955116272,0.5208333134651184,0.53125,0.5555555820465088,0.625,0.75,0.75,0.8928571343421936,0.8928571343421936,0.8571428656578064,4,4,4,4,0,0,0,0,0,1.0,1.0,,,,2,61012,2
Persist4D-V2,10b17940-3938-2467-8a7a-958300ba83d3,scene0069_06-scene0069_09-scene0069_05-scene0069_08-scene0069_07,canonical,2,0.5989583134651184,0.765625,0.7708333134651184,0.7083333134651184,0.875,0.875,0.7515872716903687,0.8928571343421936,0.8928571343421936,0.8730158805847168,0,4,0,4,0,4,0,0,0,0.0,0.0,0.0,,,2,22572,2
FullHistory,10b17940-3938-2467-8a7a-958300ba83d3,scene0069_06-scene0069_09-scene0069_05-scene0069_08-scene0069_07,canonical,3,0.25462964177131653,0.3472222089767456,0.3472222089767456,0.3472222089767456,0.5,0.5,0.6527777910232544,0.75,0.75,0.7460317611694336,7,7,8,8,1,1,2,1,0,1.0,1.0,1.0,0.0,0.0,3,89497,5
Persist4D-V2,10b17940-3938-2467-8a7a-958300ba83d3,scene0069_06-scene0069_09-scene0069_05-scene0069_08-scene0069_07,canonical,3,0.40432098507881165,0.5833333134651184,0.5833333134651184,0.5277777910232544,0.75,0.75,0.6111111044883728,0.75,0.75,0.6984127163887024,0,7,0,7,0,7,2,0,0,0.0,0.0,0.0,,0.0,2,28485,4
FullHistory,10b17940-3938-2467-8a7a-958300ba83d3,scene0069_06-scene0069_09-scene0069_05-scene0069_08-scene0069_07,canonical,4,0.08641975373029709,0.1111111119389534,0.1111111119389534,0.0972222238779068,0.125,0.125,0.5714285969734192,0.5714285969734192,0.5714285969734192,0.6666666865348816,10,10,11,11,1,1,3,1,0,1.0,1.0,1.0,0.0,0.0,4,122656,9
Persist4D-V2,10b17940-3938-2467-8a7a-958300ba83d3,scene0069_06-scene0069_09-scene0069_05-scene0069_08-scene0069_07,canonical,4,0.2469135820865631,0.3333333432674408,0.3333333432674408,0.2777777910232544,0.375,0.375,0.5714285969734192,0.5714285969734192,0.5714285969734192,0.6666666865348816,1,10,1,10,0,9,3,0,0,0.1,0.1,0.0,,0.0,2,33159,6
FullHistory,10b17940-3938-2467-8a7a-958300ba83d3,scene0069_06-scene0069_09-scene0069_05-scene0069_08-scene0069_07,canonical,5,0.08641975373029709,0.1111111119389534,0.1111111119389534,0.08641975373029709,0.1111111119389534,0.125,0.5888888835906982,0.8199999928474426,0.8500000238418579,0.6888889074325562,14,14,14,15,1,2,3,1,0,1.0,0.9333333333333333,0.5,0.0,0.0,5,143227,14
Persist4D-V2,10b17940-3938-2467-8a7a-958300ba83d3,scene0069_06-scene0069_09-scene0069_05-scene0069_08-scene0069_07,canonical,5,0.1975308656692505,0.3333333432674408,0.3333333432674408,0.1975308656692505,0.3333333432674408,0.3333333432674408,0.6000000238418579,0.800000011920929,0.824999988079071,0.6000000238418579,2,13,1,13,0,12,3,0,0,0.15384615384615385,0.07692307692307693,0.0,,0.0,2,20571,8
FullHistory,10b17940-3938-2467-8a7a-958300ba83d3,scene0069_06-scene0069_09-scene0069_05-scene0069_08-scene0069_07,reverse,2,0.4523809552192688,0.5714285969734192,0.5714285969734192,0.4761904776096344,0.5714285969734192,0.5714285969734192,0.5714285969734192,0.5714285969734192,0.5714285969734192,0.6666666865348816,2,2,2,2,0,0,0,0,0,1.0,1.0,,,,2,53730,2
Persist4D-V2,10b17940-3938-2467-8a7a-958300ba83d3,scene0069_06-scene0069_09-scene0069_05-scene0069_08-scene0069_07,reverse,2,0.3333333432674408,0.4285714328289032,0.4285714328289032,0.3888888955116272,0.5,0.5,0.5714285969734192,0.5714285969734192,0.5714285969734192,0.6666666865348816,0,2,0,2,0,2,0,0,0,0.0,0.0,0.0,,,2,33159,2
FullHistory,10b17940-3938-2467-8a7a-958300ba83d3,scene0069_06-scene0069_09-scene0069_05-scene0069_08-scene0069_07,reverse,3,0.32098764181137085,0.4444444477558136,0.4444444477558136,0.3611111044883728,0.5,0.5,0.5694444179534912,0.75,0.75,0.6507936716079712,5,5,5,5,0,0,0,0,0,1.0,1.0,,,,3,82215,5
Persist4D-V2,10b17940-3938-2467-8a7a-958300ba83d3,scene0069_06-scene0069_09-scene0069_05-scene0069_08-scene0069_07,reverse,3,0.4444444477558136,0.5555555820465088,0.5555555820465088,0.5,0.625,0.625,0.6041666865348816,0.75,0.75,0.7142857313156128,0,5,0,5,0,5,0,0,0,0.0,0.0,0.0,,,2,28485,4
FullHistory,10b17940-3938-2467-8a7a-958300ba83d3,scene0069_06-scene0069_09-scene0069_05-scene0069_08-scene0069_07,reverse,4,0.08641975373029709,0.1111111119389534,0.12962962687015533,0.0972222238779068,0.125,0.25,0.7832383513450623,0.8928571343421936,0.8928571343421936,0.920634925365448,7,7,8,8,0,0,1,0,0,1.0,1.0,,,0.0,4,104787,9
Persist4D-V2,10b17940-3938-2467-8a7a-958300ba83d3,scene0069_06-scene0069_09-scene0069_05-scene0069_08-scene0069_07,reverse,4,0.1944444477558136,0.25,0.25,0.2916666567325592,0.375,0.375,0.7023809552192688,0.7857142686843872,0.7857142686843872,0.9047619104385376,0,7,0,8,0,8,1,0,0,0.0,0.0,0.0,,0.0,2,22572,6
FullHistory,10b17940-3938-2467-8a7a-958300ba83d3,scene0069_06-scene0069_09-scene0069_05-scene0069_08-scene0069_07,reverse,5,0.08641975373029709,0.1111111119389534,0.1111111119389534,0.08641975373029709,0.1111111119389534,0.1111111119389534,0.8734567165374756,1.0,1.0,0.8888888955116272,10,10,12,12,0,0,3,0,0,1.0,1.0,,,0.0,5,143227,14
Persist4D-V2,10b17940-3938-2467-8a7a-958300ba83d3,scene0069_06-scene0069_09-scene0069_05-scene0069_08-scene0069_07,reverse,5,0.1944444477558136,0.25,0.25,0.2916666567325592,0.375,0.375,0.9097222089767456,1.0,1.0,0.9259259104728699,0,10,0,12,0,12,3,0,0,0.0,0.0,0.0,,0.0,2,38440,8
FullHistory,10b17940-3938-2467-8a7a-958300ba83d3,scene0069_06-scene0069_09-scene0069_05-scene0069_08-scene0069_07,sha256_seed45,2,0.4285714328289032,0.5714285969734192,0.5714285969734192,0.4285714328289032,0.5714285969734192,0.5714285969734192,0.6000000238418579,0.800000011920929,0.800000011920929,0.6000000238418579,4,4,4,4,0,0,0,0,0,1.0,1.0,,,,2,53730,2
Persist4D-V2,10b17940-3938-2467-8a7a-958300ba83d3,scene0069_06-scene0069_09-scene0069_05-scene0069_08-scene0069_07,sha256_seed45,2,0.4285714328289032,0.5714285969734192,0.5714285969734192,0.4285714328289032,0.5714285969734192,0.5714285969734192,0.6000000238418579,0.800000011920929,0.824999988079071,0.6000000238418579,0,4,0,4,0,4,0,0,0,0.0,0.0,0.0,,,2,20571,2
FullHistory,10b17940-3938-2467-8a7a-958300ba83d3,scene0069_06-scene0069_09-scene0069_05-scene0069_08-scene0069_07,sha256_seed45,3,0.0902777835726738,0.1458333283662796,0.3958333432674408,0.1944444477558136,0.25,0.5,0.6833333373069763,0.7738094925880432,0.8809523582458496,0.8888888955116272,7,7,7,7,0,0,1,0,0,1.0,1.0,,,0.0,3,76302,5
Persist4D-V2,10b17940-3938-2467-8a7a-958300ba83d3,scene0069_06-scene0069_09-scene0069_05-scene0069_08-scene0069_07,sha256_seed45,3,0.2673611044883728,0.40625,0.40625,0.3611111044883728,0.5,0.5,0.7976190447807312,0.8928571343421936,0.8928571343421936,0.9047619104385376,0,7,0,7,0,7,1,0,0,0.0,0.0,0.0,,0.0,2,22572,4
FullHistory,10b17940-3938-2467-8a7a-958300ba83d3,scene0069_06-scene0069_09-scene0069_05-scene0069_08-scene0069_07,sha256_seed45,4,0.08641975373029709,0.1111111119389534,0.1111111119389534,0.08641975373029709,0.1111111119389534,0.1111111119389534,0.5982142686843872,0.75,0.75,0.6984127163887024,9,9,10,10,1,1,1,0,0,1.0,1.0,1.0,,0.0,4,104787,9
Persist4D-V2,10b17940-3938-2467-8a7a-958300ba83d3,scene0069_06-scene0069_09-scene0069_05-scene0069_08-scene0069_07,sha256_seed45,4,0.2191358059644699,0.3611111044883728,0.3611111044883728,0.2839506268501282,0.4444444477558136,0.4444444477558136,0.6111111044883728,0.75,0.75,0.6984127163887024,0,10,0,10,0,10,1,0,0,0.0,0.0,0.0,,0.0,2,28485,6
FullHistory,10b17940-3938-2467-8a7a-958300ba83d3,scene0069_06-scene0069_09-scene0069_05-scene0069_08-scene0069_07,sha256_seed45,5,0.08641975373029709,0.1111111119389534,0.12222222238779068,0.08641975373029709,0.1111111119389534,0.2222222238779068,0.8780863881111145,1.0,1.0,0.9074074029922485,13,13,14,15,1,2,2,1,0,1.0,0.9333333333333333,0.5,0.0,0.0,5,143227,14
Persist4D-V2,10b17940-3938-2467-8a7a-958300ba83d3,scene0069_06-scene0069_09-scene0069_05-scene0069_08-scene0069_07,sha256_seed45,5,0.2191358059644699,0.3611111044883728,0.3611111044883728,0.2839506268501282,0.4444444477558136,0.4444444477558136,0.7662037014961243,0.875,0.875,0.9074074029922485,0,13,0,14,0,14,2,1,1,0.0,0.0,0.0,1.0,0.5,2,38440,8
FullHistory,10b17940-3938-2467-8a7a-958300ba83d3,scene0069_07-scene0069_00-scene0069_02-scene0069_04-scene0069_03,canonical,2,0.4758230745792389,0.6712963581085205,0.6990740895271301,0.5617284178733826,0.7777777910232544,0.8888888955116272,0.5823045372962952,0.8935185670852661,0.8935185670852661,0.7222222089767456,2,2,2,2,0,0,0,0,0,1.0,1.0,,,,2,75737,2
Persist4D-V2,10b17940-3938-2467-8a7a-958300ba83d3,scene0069_07-scene0069_00-scene0069_02-scene0069_04-scene0069_03,canonical,2,0.4644327163696289,0.7037037014961243,0.7037037014961243,0.5987654328346252,0.8333333134651184,0.8333333134651184,0.5943415760993958,0.8935185670852661,0.8935185670852661,0.7716049551963806,0,2,0,2,0,2,0,0,0,0.0,0.0,0.0,,,2,55166,2
FullHistory,10b17940-3938-2467-8a7a-958300ba83d3,scene0069_07-scene0069_00-scene0069_02-scene0069_04-scene0069_03,canonical,3,0.35185185074806213,0.5138888955116272,0.5416666865348816,0.395061731338501,0.6111111044883728,0.7777777910232544,0.7936508059501648,0.9285714030265808,0.9285714030265808,0.7936508059501648,5,5,5,5,0,0,0,0,0,1.0,1.0,,,,3,108182,5
Persist4D-V2,10b17940-3938-2467-8a7a-958300ba83d3,scene0069_07-scene0069_00-scene0069_02-scene0069_04-scene0069_03,canonical,3,0.33677589893341064,0.5138888955116272,0.5694444179534912,0.3888888955116272,0.5555555820465088,0.6111111044883728,0.7873015403747559,0.9285714030265808,1.0,0.8015872836112976,0,5,0,5,0,5,0,0,0,0.0,0.0,0.0,,,2,32445,4
FullHistory,10b17940-3938-2467-8a7a-958300ba83d3,scene0069_07-scene0069_00-scene0069_02-scene0069_04-scene0069_03,canonical,4,0.21450617909431458,0.40740740299224854,0.42283952236175537,0.3024691343307495,0.5,0.6111111044883728,0.6234567761421204,0.7777777910232544,1.0,0.6234567761421204,10,10,13,13,1,1,2,2,0,1.0,1.0,1.0,0.0,0.0,4,147162,9
Persist4D-V2,10b17940-3938-2467-8a7a-958300ba83d3,scene0069_07-scene0069_00-scene0069_02-scene0069_04-scene0069_03,canonical,4,0.28703704476356506,0.5138888955116272,0.5138888955116272,0.3395061790943146,0.5555555820465088,0.5555555820465088,0.5320020914077759,0.7222222089767456,0.9166666865348816,0.6172839403152466,0,10,0,12,0,12,2,2,2,0.0,0.0,0.0,1.0,1.0,2,38980,6
FullHistory,10b17940-3938-2467-8a7a-958300ba83d3,scene0069_07-scene0069_00-scene0069_02-scene0069_04-scene0069_03,canonical,5,0.1111111119389534,0.1805555522441864,0.18611110746860504,0.14814814925193787,0.2222222238779068,0.3333333432674408,0.5540123581886292,0.694444477558136,1.0,0.7222222089767456,13,13,16,16,1,1,2,2,0,1.0,1.0,1.0,0.0,0.0,5,174917,14
Persist4D-V2,10b17940-3938-2467-8a7a-958300ba83d3,scene0069_07-scene0069_00-scene0069_02-scene0069_04-scene0069_03,canonical,5,0.21279148757457733,0.4027777910232544,0.4027777910232544,0.26543208956718445,0.4444444477558136,0.4444444477558136,0.5509259104728699,0.7083333134651184,0.75,0.7037037014961243,0,13,0,15,0,15,2,2,2,0.0,0.0,0.0,1.0,1.0,2,27755,8
FullHistory,10b17940-3938-2467-8a7a-958300ba83d3,scene0069_07-scene0069_00-scene0069_02-scene0069_04-scene0069_03,reverse,2,0.31003084778785706,0.4722222089767456,0.5833333134651184,0.3580246865749359,0.5555555820465088,0.6666666865348816,0.5585905313491821,0.7777777910232544,0.8888888955116272,0.5679012537002563,2,3,2,3,0,1,0,0,0,0.6666666666666666,0.6666666666666666,0.0,,,2,66735,2
Persist4D-V2,10b17940-3938-2467-8a7a-958300ba83d3,scene0069_07-scene0069_00-scene0069_02-scene0069_04-scene0069_03,reverse,2,0.2822016477584839,0.4314814805984497,0.4314814805984497,0.35185185074806213,0.5555555820465088,0.5555555820465088,0.4836493134498596,0.6388888955116272,0.7222222089767456,0.7222222089767456,0,3,0,3,0,3,0,0,0,0.0,0.0,0.0,,,2,38980,2
FullHistory,10b17940-3938-2467-8a7a-958300ba83d3,scene0069_07-scene0069_00-scene0069_02-scene0069_04-scene0069_03,reverse,3,0.30274972319602966,0.3888888955116272,0.5277777910232544,0.3086419701576233,0.3888888955116272,0.6111111044883728,0.7023809552192688,0.8214285969734192,0.8214285969734192,0.7857142686843872,6,7,6,7,1,2,0,0,0,0.8571428571428571,0.8571428571428571,0.5,,,3,99180,5
Persist4D-V2,10b17940-3938-2467-8a7a-958300ba83d3,scene0069_07-scene0069_00-scene0069_02-scene0069_04-scene0069_03,reverse,3,0.269345223903656,0.3998015820980072,0.3998015820980072,0.31481480598449707,0.4444444477558136,0.4444444477558136,0.783730149269104,0.9285714030265808,1.0,0.8333333134651184,0,8,0,8,0,8,0,0,0,0.0,0.0,0.0,,,2,32445,4
FullHistory,10b17940-3938-2467-8a7a-958300ba83d3,scene0069_07-scene0069_00-scene0069_02-scene0069_04-scene0069_03,reverse,4,0.19868826866149902,0.3402777910232544,0.4791666567325592,0.2530864179134369,0.3888888955116272,0.6111111044883728,0.5745885372161865,0.7916666865348816,0.9166666865348816,0.7345678806304932,11,12,13,14,3,4,2,2,0,0.9166666666666666,0.9285714285714286,0.75,0.0,0.0,4,154346,9
Persist4D-V2,10b17940-3938-2467-8a7a-958300ba83d3,scene0069_07-scene0069_00-scene0069_02-scene0069_04-scene0069_03,reverse,4,0.1975308656692505,0.3888888955116272,0.3888888955116272,0.1975308656692505,0.3888888955116272,0.3888888955116272,0.5600822567939758,0.8518518209457397,0.9074073433876038,0.654321014881134,0,13,0,15,0,15,2,2,2,0.0,0.0,0.0,1.0,1.0,2,55166,6
FullHistory,10b17940-3938-2467-8a7a-958300ba83d3,scene0069_07-scene0069_00-scene0069_02-scene0069_04-scene0069_03,reverse,5,0.20910494029521942,0.4027777910232544,0.5138888955116272,0.2469135820865631,0.4444444477558136,0.5555555820465088,0.5777778029441833,0.800000011920929,1.0,0.5777778029441833,15,16,17,18,3,4,2,2,0,0.9375,0.9444444444444444,0.75,0.0,0.0,5,174917,14
Persist4D-V2,10b17940-3938-2467-8a7a-958300ba83d3,scene0069_07-scene0069_00-scene0069_02-scene0069_04-scene0069_03,reverse,5,0.14814814925193787,0.2777777910232544,0.2777777910232544,0.14814814925193787,0.2777777910232544,0.2777777910232544,0.7185185551643372,0.8199999928474426,0.8500000238418579,0.800000011920929,0,16,0,18,0,18,2,2,2,0.0,0.0,0.0,1.0,1.0,2,20571,8
FullHistory,10b17940-3938-2467-8a7a-958300ba83d3,scene0069_07-scene0069_00-scene0069_02-scene0069_04-scene0069_03,sha256_seed45,2,0.21172839403152466,0.2638888955116272,0.49074071645736694,0.2777777910232544,0.4444444477558136,0.6666666865348816,0.5601851940155029,0.75,0.75,0.7407407164573669,3,3,3,3,1,1,0,0,0,1.0,1.0,1.0,,,2,66735,2
Persist4D-V2,10b17940-3938-2467-8a7a-958300ba83d3,scene0069_07-scene0069_00-scene0069_02-scene0069_04-scene0069_03,sha256_seed45,2,0.3173133134841919,0.46296295523643494,0.4722222089767456,0.3641975224018097,0.5555555820465088,0.5555555820465088,0.5509259104728699,0.7083333134651184,0.75,0.7037037014961243,0,3,0,3,0,3,0,0,0,0.0,0.0,0.0,,,2,27755,2
FullHistory,10b17940-3938-2467-8a7a-958300ba83d3,scene0069_07-scene0069_00-scene0069_02-scene0069_04-scene0069_03,sha256_seed45,3,0.2888374626636505,0.5138888955116272,0.5277777910232544,0.327160507440567,0.6111111044883728,0.6111111044883728,0.5974398851394653,0.7870370745658875,0.9027777910232544,0.8333333134651184,6,6,9,9,3,3,4,3,0,1.0,1.0,1.0,0.0,0.0,3,121901,5
Persist4D-V2,10b17940-3938-2467-8a7a-958300ba83d3,scene0069_07-scene0069_00-scene0069_02-scene0069_04-scene0069_03,sha256_seed45,3,0.31481480598449707,0.5,0.5046296119689941,0.31481480598449707,0.5,0.5555555820465088,0.5746992826461792,0.7611110806465149,0.9000000357627869,0.7654321193695068,0,6,1,9,0,8,4,3,2,0.0,0.1111111111111111,0.0,0.6666666666666666,0.5,2,55166,4
FullHistory,10b17940-3938-2467-8a7a-958300ba83d3,scene0069_07-scene0069_00-scene0069_02-scene0069_04-scene0069_03,sha256_seed45,4,0.15432098507881165,0.2361111044883728,0.3472222089767456,0.1913580298423767,0.2777777910232544,0.3888888955116272,0.7583333253860474,1.0,1.0,0.7777777910232544,10,10,13,13,3,3,4,3,0,1.0,1.0,1.0,0.0,0.0,4,142472,9
Persist4D-V2,10b17940-3938-2467-8a7a-958300ba83d3,scene0069_07-scene0069_00-scene0069_02-scene0069_04-scene0069_03,sha256_seed45,4,0.24074074625968933,0.3888888955116272,0.3928571343421936,0.24074074625968933,0.3888888955116272,0.4444444477558136,0.7185185551643372,0.8199999928474426,0.8500000238418579,0.800000011920929,0,9,1,12,0,11,4,3,2,0.0,0.08333333333333333,0.0,0.6666666666666666,0.5,2,20571,6
FullHistory,10b17940-3938-2467-8a7a-958300ba83d3,scene0069_07-scene0069_00-scene0069_02-scene0069_04-scene0069_03,sha256_seed45,5,0.14853395521640778,0.2795138955116272,0.4027777910232544,0.16049382090568542,0.3333333432674408,0.4444444477558136,0.72817462682724,0.8214285969734192,0.8214285969734192,0.817460298538208,13,13,18,19,6,7,8,5,0,1.0,0.9473684210526315,0.8571428571428571,0.0,0.0,5,174917,14
Persist4D-V2,10b17940-3938-2467-8a7a-958300ba83d3,scene0069_07-scene0069_00-scene0069_02-scene0069_04-scene0069_03,sha256_seed45,5,0.24074074625968933,0.3888888955116272,0.3916666805744171,0.24074074625968933,0.3888888955116272,0.4444444477558136,0.7857142686843872,0.9285714030265808,0.9285714030265808,0.7857142686843872,0,11,1,17,0,16,8,4,3,0.0,0.058823529411764705,0.0,0.75,0.375,2,32445,8
FullHistory,10b17940-3938-2467-8a7a-958300ba83d3,scene0069_08-scene0069_07-scene0069_00-scene0069_02-scene0069_04,canonical,2,0.4285714328289032,0.5714285969734192,0.5714285969734192,0.4285714328289032,0.5714285969734192,0.5714285969734192,0.6000000238418579,0.800000011920929,0.800000011920929,0.6000000238418579,4,4,4,4,0,0,0,0,0,1.0,1.0,,,,2,53730,2
Persist4D-V2,10b17940-3938-2467-8a7a-958300ba83d3,scene0069_08-scene0069_07-scene0069_00-scene0069_02-scene0069_04,canonical,2,0.4285714328289032,0.5714285969734192,0.5714285969734192,0.4285714328289032,0.5714285969734192,0.5714285969734192,0.6000000238418579,0.800000011920929,0.824999988079071,0.6000000238418579,0,4,0,4,0,4,0,0,0,0.0,0.0,0.0,,,2,20571,2
FullHistory,10b17940-3938-2467-8a7a-958300ba83d3,scene0069_08-scene0069_07-scene0069_00-scene0069_02-scene0069_04,canonical,3,0.29681071639060974,0.37962961196899414,0.43518516421318054,0.40123456716537476,0.5555555820465088,0.6111111044883728,0.5833333134651184,0.8611111044883728,0.9166666865348816,0.6666666865348816,7,7,7,7,0,0,2,0,0,1.0,1.0,,,0.0,3,108896,5
Persist4D-V2,10b17940-3938-2467-8a7a-958300ba83d3,scene0069_08-scene0069_07-scene0069_00-scene0069_02-scene0069_04,canonical,3,0.41378599405288696,0.5601851940155029,0.5601851940155029,0.5370370149612427,0.6666666865348816,0.6666666865348816,0.5943415760993958,0.8935185670852661,0.8935185670852661,0.7716049551963806,0,7,0,7,0,7,2,0,0,0.0,0.0,0.0,,0.0,2,55166,4
FullHistory,10b17940-3938-2467-8a7a-958300ba83d3,scene0069_08-scene0069_07-scene0069_00-scene0069_02-scene0069_04,canonical,4,0.21720679104328156,0.2951388955116272,0.3055555522441864,0.3333333432674408,0.4444444477558136,0.4444444477558136,0.7182539701461792,0.8214285969734192,0.8214285969734192,0.8015872836112976,10,10,11,11,1,1,2,0,0,1.0,1.0,1.0,,0.0,4,141341,9
Persist4D-V2,10b17940-3938-2467-8a7a-958300ba83d3,scene0069_08-scene0069_07-scene0069_00-scene0069_02-scene0069_04,canonical,4,0.2997388541698456,0.4583333432674408,0.4722222089767456,0.35185185074806213,0.5,0.5555555820465088,0.7873015403747559,0.9285714030265808,1.0,0.8015872836112976,0,10,0,11,0,11,2,0,0,0.0,0.0,0.0,,0.0,2,32445,6
FullHistory,10b17940-3938-2467-8a7a-958300ba83d3,scene0069_08-scene0069_07-scene0069_00-scene0069_02-scene0069_04,canonical,5,0.07407407462596893,0.1111111119389534,0.125,0.07407407462596893,0.1111111119389534,0.1666666716337204,0.6234567761421204,0.8888888955116272,1.0,0.6234567761421204,13,14,17,18,3,4,4,2,0,0.9285714285714286,0.9444444444444444,0.75,0.0,0.0,5,180321,14
Persist4D-V2,10b17940-3938-2467-8a7a-958300ba83d3,scene0069_08-scene0069_07-scene0069_00-scene0069_02-scene0069_04,canonical,5,0.28703704476356506,0.4583333432674408,0.4583333432674408,0.3395061790943146,0.5,0.5,0.5320020914077759,0.7222222089767456,0.9166666865348816,0.6172839403152466,0,15,0,18,0,18,4,2,2,0.0,0.0,0.0,1.0,0.5,2,38980,8
FullHistory,10b17940-3938-2467-8a7a-958300ba83d3,scene0069_08-scene0069_07-scene0069_00-scene0069_02-scene0069_04,reverse,2,0.41378599405288696,0.6111111044883728,0.7546296119689941,0.4197530746459961,0.6111111044883728,0.7777777910232544,0.6970899701118469,0.8214285969734192,0.8928571343421936,0.817460298538208,5,5,5,5,0,0,0,0,0,1.0,1.0,,,,2,71425,2
Persist4D-V2,10b17940-3938-2467-8a7a-958300ba83d3,scene0069_08-scene0069_07-scene0069_00-scene0069_02-scene0069_04,reverse,2,0.5004408955574036,0.7222222089767456,0.7222222089767456,0.5061728358268738,0.7222222089767456,0.7222222089767456,0.783730149269104,0.9285714030265808,1.0,0.8333333134651184,0,5,0,5,0,5,0,0,0,0.0,0.0,0.0,,,2,32445,2
FullHistory,10b17940-3938-2467-8a7a-958300ba83d3,scene0069_08-scene0069_07-scene0069_00-scene0069_02-scene0069_04,reverse,3,0.14699074625968933,0.2916666567325592,0.3194444477558136,0.18518517911434174,0.3333333432674408,0.4444444477558136,0.5411522388458252,0.7777777910232544,0.9166666865348816,0.654321014881134,10,10,12,12,1,1,2,2,0,1.0,1.0,1.0,0.0,0.0,3,126591,5
Persist4D-V2,10b17940-3938-2467-8a7a-958300ba83d3,scene0069_08-scene0069_07-scene0069_00-scene0069_02-scene0069_04,reverse,3,0.35185185074806213,0.6111111044883728,0.6111111044883728,0.35185185074806213,0.6111111044883728,0.6111111044883728,0.5600822567939758,0.8518518209457397,0.9074073433876038,0.654321014881134,0,10,0,12,0,12,2,2,2,0.0,0.0,0.0,1.0,1.0,2,55166,4
FullHistory,10b17940-3938-2467-8a7a-958300ba83d3,scene0069_08-scene0069_07-scene0069_00-scene0069_02-scene0069_04,reverse,4,0.14814814925193787,0.2916666567325592,0.3240740895271301,0.18518517911434174,0.3333333432674408,0.5,0.6694444417953491,0.824999988079071,0.8333333134651184,0.800000011920929,14,14,16,16,1,1,2,2,0,1.0,1.0,1.0,0.0,0.0,4,147162,9
Persist4D-V2,10b17940-3938-2467-8a7a-958300ba83d3,scene0069_08-scene0069_07-scene0069_00-scene0069_02-scene0069_04,reverse,4,0.3024691343307495,0.5,0.5,0.3024691343307495,0.5,0.5,0.7185185551643372,0.8199999928474426,0.8500000238418579,0.800000011920929,0,13,0,15,0,15,2,2,2,0.0,0.0,0.0,1.0,1.0,2,20571,6
FullHistory,10b17940-3938-2467-8a7a-958300ba83d3,scene0069_08-scene0069_07-scene0069_00-scene0069_02-scene0069_04,reverse,5,0.07407407462596893,0.1111111119389534,0.125,0.07407407462596893,0.1111111119389534,0.1666666716337204,0.5714285969734192,0.5714285969734192,0.5714285969734192,0.6666666865348816,18,18,20,20,1,1,4,2,0,1.0,1.0,1.0,0.0,0.0,5,180321,14
Persist4D-V2,10b17940-3938-2467-8a7a-958300ba83d3,scene0069_08-scene0069_07-scene0069_00-scene0069_02-scene0069_04,reverse,5,0.2469135820865631,0.3333333432674408,0.3333333432674408,0.2469135820865631,0.3333333432674408,0.3333333432674408,0.5714285969734192,0.5714285969734192,0.5714285969734192,0.6666666865348816,0,16,0,19,0,19,4,2,2,0.0,0.0,0.0,1.0,0.5,2,33159,8
FullHistory,10b17940-3938-2467-8a7a-958300ba83d3,scene0069_08-scene0069_07-scene0069_00-scene0069_02-scene0069_04,sha256_seed45,2,0.48816874623298645,0.6203703284263611,0.6203703284263611,0.5617284178733826,0.6666666865348816,0.6666666865348816,0.4642857015132904,0.4642857015132904,0.4642857015132904,0.6666666865348816,3,3,3,3,0,0,0,0,0,1.0,1.0,,,,2,72139,2
Persist4D-V2,10b17940-3938-2467-8a7a-958300ba83d3,scene0069_08-scene0069_07-scene0069_00-scene0069_02-scene0069_04,sha256_seed45,2,0.3948045074939728,0.5069444179534912,0.5069444179534912,0.48148149251937866,0.5555555820465088,0.5555555820465088,0.4642857015132904,0.4642857015132904,0.4642857015132904,0.6666666865348816,1,3,1,3,1,3,0,0,0,0.3333333333333333,0.3333333333333333,0.3333333333333333,,,2,33159,2
FullHistory,10b17940-3938-2467-8a7a-958300ba83d3,scene0069_08-scene0069_07-scene0069_00-scene0069_02-scene0069_04,sha256_seed45,3,0.1388888955116272,0.1805555522441864,0.2361111044883728,0.14814814925193787,0.2222222238779068,0.2777777910232544,0.4991769790649414,0.6722221970558167,0.8240740299224854,0.6975308656692505,6,6,8,8,2,2,3,1,0,1.0,1.0,1.0,0.0,0.0,3,127305,5
Persist4D-V2,10b17940-3938-2467-8a7a-958300ba83d3,scene0069_08-scene0069_07-scene0069_00-scene0069_02-scene0069_04,sha256_seed45,3,0.144753098487854,0.2361111044883728,0.2361111044883728,0.1913580298423767,0.2777777910232544,0.2777777910232544,0.5816872119903564,0.8518518209457397,0.9074073433876038,0.7407407164573669,2,7,1,9,1,9,3,1,1,0.2857142857142857,0.1111111111111111,0.1111111111111111,1.0,0.3333333333333333,2,55166,4
FullHistory,10b17940-3938-2467-8a7a-958300ba83d3,scene0069_08-scene0069_07-scene0069_00-scene0069_02-scene0069_04,sha256_seed45,4,0.07407407462596893,0.1111111119389534,0.18981480598449707,0.07407407462596893,0.1111111119389534,0.2222222238779068,0.43611112236976624,0.625,1.0,0.5333333611488342,8,8,11,11,2,2,3,1,0,1.0,1.0,1.0,0.0,0.0,4,147876,9
Persist4D-V2,10b17940-3938-2467-8a7a-958300ba83d3,scene0069_08-scene0069_07-scene0069_00-scene0069_02-scene0069_04,sha256_seed45,4,0.09537036716938019,0.125,0.125,0.1419753134250641,0.1666666716337204,0.1666666716337204,0.7185185551643372,0.8199999928474426,0.8500000238418579,0.800000011920929,2,10,1,12,1,12,3,1,1,0.2,0.08333333333333333,0.08333333333333333,1.0,0.3333333333333333,2,20571,6
FullHistory,10b17940-3938-2467-8a7a-958300ba83d3,scene0069_08-scene0069_07-scene0069_00-scene0069_02-scene0069_04,sha256_seed45,5,0.07777776569128036,0.11666665971279144,0.1180555522441864,0.12962962687015533,0.1666666716337204,0.1666666716337204,0.7123016119003296,0.8214285969734192,0.8214285969734192,0.8015872836112976,11,11,15,15,3,3,7,2,0,1.0,1.0,1.0,0.0,0.0,5,180321,14
Persist4D-V2,10b17940-3938-2467-8a7a-958300ba83d3,scene0069_08-scene0069_07-scene0069_00-scene0069_02-scene0069_04,sha256_seed45,5,0.08641975373029709,0.1111111119389534,0.1111111119389534,0.08641975373029709,0.1111111119389534,0.1111111119389534,0.7857142686843872,0.9285714030265808,0.9285714030265808,0.7857142686843872,2,12,1,17,1,17,7,2,2,0.16666666666666666,0.058823529411764705,0.058823529411764705,1.0,0.2857142857142857,2,32445,8
FullHistory,10b17940-3938-2467-8a7a-958300ba83d3,scene0069_09-scene0069_05-scene0069_08-scene0069_07-scene0069_00,canonical,2,0.2561728358268738,0.3611111044883728,0.3611111044883728,0.3611111044883728,0.5,0.5,0.6111111044883728,0.75,0.75,0.6984127163887024,2,2,2,2,0,0,0,0,0,1.0,1.0,,,,2,51057,2
Persist4D-V2,10b17940-3938-2467-8a7a-958300ba83d3,scene0069_09-scene0069_05-scene0069_08-scene0069_07-scene0069_00,canonical,2,0.43209877610206604,0.5740740895271301,0.5740740895271301,0.5061728358268738,0.6666666865348816,0.75,0.6111111044883728,0.75,0.75,0.6984127163887024,0,2,0,2,0,2,0,0,0,0.0,0.0,0.0,,,2,28485,2
FullHistory,10b17940-3938-2467-8a7a-958300ba83d3,scene0069_09-scene0069_05-scene0069_08-scene0069_07-scene0069_00,canonical,3,0.08641975373029709,0.1111111119389534,0.1111111119389534,0.08749999850988388,0.125,0.125,0.5714285969734192,0.5714285969734192,0.5714285969734192,0.6666666865348816,5,5,5,5,0,0,1,0,0,1.0,1.0,,,0.0,3,84216,5
Persist4D-V2,10b17940-3938-2467-8a7a-958300ba83d3,scene0069_09-scene0069_05-scene0069_08-scene0069_07-scene0069_00,canonical,3,0.1975308656692505,0.24074074625968933,0.24074074625968933,0.2716049253940582,0.3333333432674408,0.375,0.5714285969734192,0.5714285969734192,0.5714285969734192,0.6666666865348816,1,5,1,5,0,4,1,0,0,0.2,0.2,0.0,,0.0,2,33159,4
FullHistory,10b17940-3938-2467-8a7a-958300ba83d3,scene0069_09-scene0069_05-scene0069_08-scene0069_07-scene0069_00,canonical,4,0.08641975373029709,0.1111111119389534,0.1111111119389534,0.08641975373029709,0.1111111119389534,0.1111111119389534,0.614814817905426,0.8500000238418579,0.8500000238418579,0.6666666865348816,9,9,9,9,0,0,1,0,0,1.0,1.0,,,0.0,4,104787,9
Persist4D-V2,10b17940-3938-2467-8a7a-958300ba83d3,scene0069_09-scene0069_05-scene0069_08-scene0069_07-scene0069_00,canonical,4,0.12345679104328156,0.24074074625968933,0.24074074625968933,0.1975308656692505,0.3333333432674408,0.3333333432674408,0.6000000238418579,0.800000011920929,0.824999988079071,0.6000000238418579,2,8,1,8,0,7,1,0,0,0.25,0.125,0.0,,0.0,2,20571,6
FullHistory,10b17940-3938-2467-8a7a-958300ba83d3,scene0069_09-scene0069_05-scene0069_08-scene0069_07-scene0069_00,canonical,5,0.0555555559694767,0.0555555559694767,0.0694444477558136,0.0555555559694767,0.0555555559694767,0.1111111119389534,0.5694444179534912,0.7546296715736389,0.8935185670852661,0.7407407164573669,12,12,13,13,2,2,5,0,0,1.0,1.0,1.0,,0.0,5,159953,14
Persist4D-V2,10b17940-3938-2467-8a7a-958300ba83d3,scene0069_09-scene0069_05-scene0069_08-scene0069_07-scene0069_00,canonical,5,0.1341296285390854,0.2986111044883728,0.2986111044883728,0.3086419701576233,0.4444444477558136,0.4444444477558136,0.555246889591217,0.9074073433876038,0.9074073433876038,0.7716049551963806,2,11,1,12,1,12,5,0,0,0.18181818181818182,0.08333333333333333,0.08333333333333333,,0.0,2,55166,8
FullHistory,10b17940-3938-2467-8a7a-958300ba83d3,scene0069_09-scene0069_05-scene0069_08-scene0069_07-scene0069_00,reverse,2,0.3495884835720062,0.5296295881271362,0.5574073791503906,0.5061728358268738,0.7777777910232544,0.8888888955116272,0.7186026573181152,0.824999988079071,0.8500000238418579,0.800000011920929,3,3,3,3,0,0,0,0,0,1.0,1.0,,,,2,75737,2
Persist4D-V2,10b17940-3938-2467-8a7a-958300ba83d3,scene0069_09-scene0069_05-scene0069_08-scene0069_07-scene0069_00,reverse,2,0.4274691343307495,0.5787036418914795,0.6759259700775146,0.5617284178733826,0.7222222089767456,0.7777777910232544,0.7185185551643372,0.8199999928474426,0.8500000238418579,0.800000011920929,0,3,0,3,0,3,0,0,0,0.0,0.0,0.0,,,2,20571,2
FullHistory,10b17940-3938-2467-8a7a-958300ba83d3,scene0069_09-scene0069_05-scene0069_08-scene0069_07-scene0069_00,reverse,3,0.2518518567085266,0.4138888716697693,0.5111110806465149,0.3888888955116272,0.5555555820465088,0.6111111044883728,0.5714285969734192,0.5714285969734192,0.5714285969734192,0.6666666865348816,6,6,6,6,0,0,2,0,0,1.0,1.0,,,0.0,3,108896,5
Persist4D-V2,10b17940-3938-2467-8a7a-958300ba83d3,scene0069_09-scene0069_05-scene0069_08-scene0069_07-scene0069_00,reverse,3,0.3132716119289398,0.3533950746059418,0.450617253780365,0.4506172835826874,0.5,0.5555555820465088,0.5714285969734192,0.5714285969734192,0.5714285969734192,0.6666666865348816,0,6,0,6,0,6,2,0,0,0.0,0.0,0.0,,0.0,2,33159,4
FullHistory,10b17940-3938-2467-8a7a-958300ba83d3,scene0069_09-scene0069_05-scene0069_08-scene0069_07-scene0069_00,reverse,4,0.07561728358268738,0.125,0.25,0.11728394776582718,0.1666666716337204,0.3333333432674408,0.5381944179534912,0.65625,0.65625,0.7460317611694336,9,9,10,10,1,1,4,1,0,1.0,1.0,1.0,0.0,0.0,4,137381,9
Persist4D-V2,10b17940-3938-2467-8a7a-958300ba83d3,scene0069_09-scene0069_05-scene0069_08-scene0069_07-scene0069_00,reverse,4,0.2777777910232544,0.3333333432674408,0.3888888955116272,0.2777777910232544,0.3333333432674408,0.3888888955116272,0.6041666865348816,0.75,0.75,0.7142857313156128,0,9,0,9,0,9,4,0,0,0.0,0.0,0.0,,0.0,2,28485,6
FullHistory,10b17940-3938-2467-8a7a-958300ba83d3,scene0069_09-scene0069_05-scene0069_08-scene0069_07-scene0069_00,reverse,5,0.013888888992369175,0.013888888992369175,0.1388888955116272,0.0555555559694767,0.0555555559694767,0.2222222238779068,0.738095223903656,0.8571428656578064,0.8571428656578064,0.761904776096344,11,11,14,14,1,1,5,1,0,1.0,1.0,1.0,0.0,0.0,5,159953,14
Persist4D-V2,10b17940-3938-2467-8a7a-958300ba83d3,scene0069_09-scene0069_05-scene0069_08-scene0069_07-scene0069_00,reverse,5,0.1913580298423767,0.2222222238779068,0.2777777910232544,0.1913580298423767,0.2222222238779068,0.2777777910232544,0.7023809552192688,0.7857142686843872,0.7857142686843872,0.9047619104385376,0,11,1,13,1,13,5,0,0,0.0,0.07692307692307693,0.07692307692307693,,0.0,2,22572,8
FullHistory,10b17940-3938-2467-8a7a-958300ba83d3,scene0069_09-scene0069_05-scene0069_08-scene0069_07-scene0069_00,sha256_seed45,2,0.40740740299224854,0.5,0.5555555820465088,0.40740740299224854,0.5,0.5555555820465088,0.5802469253540039,0.8518518209457397,0.9074073433876038,0.7407407164573669,4,4,4,4,1,1,0,0,0,1.0,1.0,1.0,,,2,88325,2
Persist4D-V2,10b17940-3938-2467-8a7a-958300ba83d3,scene0069_09-scene0069_05-scene0069_08-scene0069_07-scene0069_00,sha256_seed45,2,0.42592594027519226,0.5185185074806213,0.5740740299224854,0.5185185074806213,0.6111111044883728,0.6666666865348816,0.5816872119903564,0.8518518209457397,0.9074073433876038,0.7407407164573669,0,4,0,4,0,4,0,0,0,0.0,0.0,0.0,,,2,55166,2
FullHistory,10b17940-3938-2467-8a7a-958300ba83d3,scene0069_09-scene0069_05-scene0069_08-scene0069_07-scene0069_00,sha256_seed45,3,0.20216049253940582,0.2638888955116272,0.375,0.327160507440567,0.3888888955116272,0.5,0.47788357734680176,0.6333333253860474,0.8500000238418579,0.5555555820465088,7,7,7,7,1,1,0,0,0,1.0,1.0,1.0,,,3,108896,5
Persist4D-V2,10b17940-3938-2467-8a7a-958300ba83d3,scene0069_09-scene0069_05-scene0069_08-scene0069_07-scene0069_00,sha256_seed45,3,0.3580246865749359,0.40740740299224854,0.46296295523643494,0.4506172835826874,0.5,0.5555555820465088,0.7185185551643372,0.8199999928474426,0.8500000238418579,0.800000011920929,0,7,0,7,0,7,0,0,0,0.0,0.0,0.0,,,2,20571,4
FullHistory,10b17940-3938-2467-8a7a-958300ba83d3,scene0069_09-scene0069_05-scene0069_08-scene0069_07-scene0069_00,sha256_seed45,4,0.16296295821666718,0.17777778208255768,0.2888888716697693,0.24074074625968933,0.2777777910232544,0.3888888955116272,0.7460317611694336,0.8809523582458496,0.8809523582458496,0.8888888955116272,9,9,11,11,2,2,2,1,0,1.0,1.0,1.0,0.0,0.0,4,131468,9
Persist4D-V2,10b17940-3938-2467-8a7a-958300ba83d3,scene0069_09-scene0069_05-scene0069_08-scene0069_07-scene0069_00,sha256_seed45,4,0.29012346267700195,0.3333333432674408,0.3472222089767456,0.29012346267700195,0.3333333432674408,0.3888888955116272,0.7976190447807312,0.8928571343421936,0.8928571343421936,0.9047619104385376,0,9,0,11,0,11,2,1,1,0.0,0.0,0.0,1.0,0.5,2,22572,6
FullHistory,10b17940-3938-2467-8a7a-958300ba83d3,scene0069_09-scene0069_05-scene0069_08-scene0069_07-scene0069_00,sha256_seed45,5,0.0555555559694767,0.0555555559694767,0.1666666716337204,0.0555555559694767,0.0555555559694767,0.1666666716337204,0.5520833134651184,0.65625,0.65625,0.761904776096344,11,11,14,14,4,4,3,1,0,1.0,1.0,1.0,0.0,0.0,5,159953,14
Persist4D-V2,10b17940-3938-2467-8a7a-958300ba83d3,scene0069_09-scene0069_05-scene0069_08-scene0069_07-scene0069_00,sha256_seed45,5,0.20679011940956116,0.25,0.2638888955116272,0.2716049253940582,0.3333333432674408,0.3888888955116272,0.6111111044883728,0.75,0.75,0.6984127163887024,0,12,0,14,0,14,3,1,1,0.0,0.0,0.0,1.0,0.3333333333333333,2,28485,8
FullHistory,137a8158-1db5-2cc0-8003-31c12610471e,scene0079_00-scene0079_09-scene0079_05-scene0079_04-scene0079_03,canonical,2,0.43730708956718445,0.7048611044883728,0.78125,0.4629629850387573,0.7291666865348816,0.78125,0.7203704118728638,0.8791666030883789,0.8791666030883789,0.7388888597488403,5,5,5,5,0,0,0,0,0,1.0,1.0,,,,2,113770,2
Persist4D-V2,137a8158-1db5-2cc0-8003-31c12610471e,scene0079_00-scene0079_09-scene0079_05-scene0079_04-scene0079_03,canonical,2,0.41191166639328003,0.6840277910232544,0.78125,0.4560185670852661,0.7291666865348816,0.78125,0.7129629254341125,0.8708333969116211,0.8708333969116211,0.7388888597488403,0,5,0,5,0,5,0,0,0,0.0,0.0,0.0,,,2,23518,2
FullHistory,137a8158-1db5-2cc0-8003-31c12610471e,scene0079_00-scene0079_09-scene0079_05-scene0079_04-scene0079_03,canonical,3,0.27237653732299805,0.4253472089767456,0.43871527910232544,0.32175925374031067,0.4895833432674408,0.5416666865348816,0.5387731790542603,0.7013888955116272,0.7348958253860474,0.5810185074806213,10,10,13,13,2,2,12,2,0,1.0,1.0,1.0,0.0,0.0,3,175774,5
Persist4D-V2,137a8158-1db5-2cc0-8003-31c12610471e,scene0079_00-scene0079_09-scene0079_05-scene0079_04-scene0079_03,canonical,3,0.3153935372829437,0.4739583432674408,0.4861111044883728,0.3240740895271301,0.4895833432674408,0.5104166865348816,0.5544367432594299,0.7407985925674438,0.7824652791023254,0.6087963581085205,1,10,1,13,1,13,12,2,2,0.1,0.07692307692307693,0.07692307692307693,1.0,0.16666666666666666,2,62004,4
FullHistory,137a8158-1db5-2cc0-8003-31c12610471e,scene0079_00-scene0079_09-scene0079_05-scene0079_04-scene0079_03,canonical,4,0.24220678210258484,0.3940972089767456,0.4019097089767456,0.3310185372829437,0.4583333432674408,0.4895833432674408,0.7537037134170532,0.8166667222976685,0.8666666746139526,0.8148148655891418,13,14,16,17,2,3,12,2,0,0.9285714285714286,0.9411764705882353,0.6666666666666666,0.0,0.0,4,190080,9
Persist4D-V2,137a8158-1db5-2cc0-8003-31c12610471e,scene0079_00-scene0079_09-scene0079_05-scene0079_04-scene0079_03,canonical,4,0.26678240299224854,0.4427083432674408,0.4548611044883728,0.2754629850387573,0.4583333432674408,0.4791666567325592,0.7802469730377197,0.8666666746139526,0.9333333969116211,0.7925926446914673,2,14,1,17,2,18,12,2,2,0.14285714285714285,0.058823529411764705,0.1111111111111111,1.0,0.16666666666666666,2,14306,6
FullHistory,137a8158-1db5-2cc0-8003-31c12610471e,scene0079_00-scene0079_09-scene0079_05-scene0079_04-scene0079_03,canonical,5,0.1666666716337204,0.265625,0.3954613208770752,0.2083333283662796,0.3125,0.4895833432674408,0.35277774930000305,0.4453703463077545,0.6379629969596863,0.4888889193534851,16,17,19,20,3,4,18,2,0,0.9411764705882353,0.95,0.75,0.0,0.0,5,224746,14
Persist4D-V2,137a8158-1db5-2cc0-8003-31c12610471e,scene0079_00-scene0079_09-scene0079_05-scene0079_04-scene0079_03,canonical,5,0.18132716417312622,0.3159722089767456,0.4409722089767456,0.18518517911434174,0.3333333134651184,0.4583333432674408,0.3650793135166168,0.4067460298538208,0.5769901275634766,0.42592594027519226,2,17,1,21,2,22,18,3,3,0.11764705882352941,0.047619047619047616,0.09090909090909091,1.0,0.16666666666666666,2,34666,8
FullHistory,137a8158-1db5-2cc0-8003-31c12610471e,scene0079_00-scene0079_09-scene0079_05-scene0079_04-scene0079_03,reverse,2,0.3587261438369751,0.5856481194496155,0.6064373850822449,0.4104938209056854,0.6388888955116272,0.7222222685813904,0.8037037253379822,0.9333333969116211,0.9333333969116211,0.8148148655891418,4,4,4,4,0,0,0,0,0,1.0,1.0,,,,2,48972,2
Persist4D-V2,137a8158-1db5-2cc0-8003-31c12610471e,scene0079_00-scene0079_09-scene0079_05-scene0079_04-scene0079_03,reverse,2,0.34590503573417664,0.5976430773735046,0.5976430773735046,0.4888888895511627,0.8333333134651184,0.8333333134651184,0.7648148536682129,0.8166667222976685,0.9333333969116211,0.7925926446914673,0,4,0,4,0,4,0,0,0,0.0,0.0,0.0,,,2,14306,2
FullHistory,137a8158-1db5-2cc0-8003-31c12610471e,scene0079_00-scene0079_09-scene0079_05-scene0079_04-scene0079_03,reverse,3,0.30536264181137085,0.5572916865348816,0.5915178656578064,0.33912038803100586,0.5729166865348816,0.6354166865348816,0.5758101940155029,0.7222222089767456,0.7596726417541504,0.6157407760620117,8,8,9,9,2,2,6,1,0,1.0,1.0,1.0,0.0,0.0,3,110976,5
Persist4D-V2,137a8158-1db5-2cc0-8003-31c12610471e,scene0079_00-scene0079_09-scene0079_05-scene0079_04-scene0079_03,reverse,3,0.37224265933036804,0.6822916865348816,0.6822916865348816,0.3854166567325592,0.6979166865348816,0.6979166865348816,0.5583537220954895,0.7167824506759644,0.7840278148651123,0.5960648059844971,0,8,0,9,0,9,6,1,1,0.0,0.0,0.0,1.0,0.16666666666666666,2,62004,4
FullHistory,137a8158-1db5-2cc0-8003-31c12610471e,scene0079_00-scene0079_09-scene0079_05-scene0079_04-scene0079_03,reverse,4,0.2118055671453476,0.4427083432674408,0.4427083432674408,0.2539682686328888,0.523809552192688,0.523809552192688,0.724074125289917,0.8999999761581421,0.8999999761581421,0.7444444298744202,13,13,13,14,3,4,6,1,0,1.0,0.9285714285714286,0.75,0.0,0.0,4,134494,9
Persist4D-V2,137a8158-1db5-2cc0-8003-31c12610471e,scene0079_00-scene0079_09-scene0079_05-scene0079_04-scene0079_03,reverse,4,0.28543707728385925,0.6510416865348816,0.6510416865348816,0.2986111044883728,0.6666666865348816,0.6666666865348816,0.6499999761581421,0.8500000238418579,0.8500000238418579,0.6499999761581421,0,13,0,14,0,14,6,1,1,0.0,0.0,0.0,1.0,0.16666666666666666,2,23518,6
FullHistory,137a8158-1db5-2cc0-8003-31c12610471e,scene0079_00-scene0079_09-scene0079_05-scene0079_04-scene0079_03,reverse,5,0.18209876120090485,0.3940972089767456,0.4066220223903656,0.23148149251937866,0.4583333432674408,0.5104166865348816,0.49037906527519226,0.7517361044883728,0.8138889074325562,0.5486111044883728,18,18,20,21,5,6,18,2,0,1.0,0.9523809523809523,0.8333333333333334,0.0,0.0,5,224746,14
Persist4D-V2,137a8158-1db5-2cc0-8003-31c12610471e,scene0079_00-scene0079_09-scene0079_05-scene0079_04-scene0079_03,reverse,5,0.21026234328746796,0.5659722089767456,0.5659722089767456,0.21990741789340973,0.5833333730697632,0.5833333730697632,0.48933473229408264,0.7608506679534912,0.8265625238418579,0.5428240895271301,0,18,0,22,0,22,18,3,3,0.0,0.0,0.0,1.0,0.16666666666666666,2,90252,8
FullHistory,137a8158-1db5-2cc0-8003-31c12610471e,scene0079_00-scene0079_09-scene0079_05-scene0079_04-scene0079_03,sha256_seed45,2,0.3535315692424774,0.5947515964508057,0.6069043874740601,0.3819444477558136,0.6354166865348816,0.65625,0.5774899125099182,0.7197515964508057,0.7902377247810364,0.6111111640930176,4,5,4,5,0,1,0,0,0,0.8,0.8,0.0,,,2,96670,2
Persist4D-V2,137a8158-1db5-2cc0-8003-31c12610471e,scene0079_00-scene0079_09-scene0079_05-scene0079_04-scene0079_03,sha256_seed45,2,0.43352624773979187,0.7135416865348816,0.7135416865348816,0.4490741193294525,0.7291666865348816,0.7291666865348816,0.5784544348716736,0.7284321784973145,0.7978765964508057,0.6134259700775146,0,5,0,5,0,5,0,0,0,0.0,0.0,0.0,,,2,62004,2
FullHistory,137a8158-1db5-2cc0-8003-31c12610471e,scene0079_00-scene0079_09-scene0079_05-scene0079_04-scene0079_03,sha256_seed45,3,0.2534722089767456,0.484375,0.5776966214179993,0.2951388955116272,0.53125,0.6354166865348816,0.7574074864387512,0.8666666746139526,0.9333333969116211,0.7629629969596863,8,9,8,9,0,1,0,0,0,0.8888888888888888,0.8888888888888888,0.0,,,3,110976,5
Persist4D-V2,137a8158-1db5-2cc0-8003-31c12610471e,scene0079_00-scene0079_09-scene0079_05-scene0079_04-scene0079_03,sha256_seed45,3,0.38549384474754333,0.6770833730697632,0.6770833730697632,0.3923611342906952,0.6770833730697632,0.6770833730697632,0.7802469730377197,0.8666666746139526,0.9333333969116211,0.7925926446914673,0,9,0,9,0,9,0,0,0,0.0,0.0,0.0,,,2,14306,4
FullHistory,137a8158-1db5-2cc0-8003-31c12610471e,scene0079_00-scene0079_09-scene0079_05-scene0079_04-scene0079_03,sha256_seed45,4,0.15735480189323425,0.40388256311416626,0.41040539741516113,0.2256944477558136,0.5208333730697632,0.5416666865348816,0.5044174194335938,0.7598958015441895,0.808506965637207,0.5983796715736389,12,13,15,16,3,4,12,2,0,0.9230769230769231,0.9375,0.75,0.0,0.0,4,201228,9
Persist4D-V2,137a8158-1db5-2cc0-8003-31c12610471e,scene0079_00-scene0079_09-scene0079_05-scene0079_04-scene0079_03,sha256_seed45,4,0.1692708283662796,0.5234375,0.53125,0.21875,0.59375,0.625,0.48418208956718445,0.7482638955116272,0.7795138955116272,0.5590277910232544,0,13,0,16,1,17,12,2,2,0.0,0.0,0.058823529411764705,1.0,0.16666666666666666,2,90252,6
FullHistory,137a8158-1db5-2cc0-8003-31c12610471e,scene0079_00-scene0079_09-scene0079_05-scene0079_04-scene0079_03,sha256_seed45,5,0.18333333730697632,0.390625,0.3932291567325592,0.25,0.4375,0.4583333432674408,0.6981481909751892,0.8500000238418579,0.8500000238418579,0.7388888597488403,17,18,20,21,5,6,12,2,0,0.9444444444444444,0.9523809523809523,0.8333333333333334,0.0,0.0,5,224746,14
Persist4D-V2,137a8158-1db5-2cc0-8003-31c12610471e,scene0079_00-scene0079_09-scene0079_05-scene0079_04-scene0079_03,sha256_seed45,5,0.2083333283662796,0.5625,0.5703125,0.2083333283662796,0.5625,0.59375,0.7129629254341125,0.8708333969116211,0.8708333969116211,0.7388888597488403,0,18,0,21,1,22,12,2,2,0.0,0.0,0.045454545454545456,1.0,0.16666666666666666,2,23518,8
FullHistory,137a8158-1db5-2cc0-8003-31c12610471e,scene0079_01-scene0079_06-scene0079_11-scene0079_10-scene0079_02,canonical,2,0.5661928057670593,0.678626537322998,0.7529430985450745,0.6111111044883728,0.7361111044883728,0.8055555820465088,0.6592592597007751,0.8666666150093079,0.9055555462837219,0.6592592597007751,0,0,0,0,0,0,0,0,0,,,,,,2,71725,2
Persist4D-V2,137a8158-1db5-2cc0-8003-31c12610471e,scene0079_01-scene0079_06-scene0079_11-scene0079_10-scene0079_02,canonical,2,0.4585939049720764,0.5651986002922058,0.6100694537162781,0.6157407164573669,0.7638888955116272,0.7916666865348816,0.6696913242340088,0.894444465637207,0.9527777433395386,0.7111111283302307,0,0,0,0,2,2,0,0,0,,,1.0,,,2,33051,2
FullHistory,137a8158-1db5-2cc0-8003-31c12610471e,scene0079_01-scene0079_06-scene0079_11-scene0079_10-scene0079_02,canonical,3,0.1189744845032692,0.3273003399372101,0.3769717216491699,0.2118055522441864,0.4375,0.4375,0.18840552866458893,0.579637885093689,0.6411458253860474,0.2907407581806183,3,3,5,5,0,0,8,2,0,1.0,1.0,,0.0,0.0,3,156591,5
Persist4D-V2,137a8158-1db5-2cc0-8003-31c12610471e,scene0079_01-scene0079_06-scene0079_11-scene0079_10-scene0079_02,canonical,3,0.1743634194135666,0.2944444417953491,0.3125,0.19675925374031067,0.3125,0.3125,0.25269290804862976,0.5062500238418579,0.671093761920929,0.34351852536201477,1,5,2,7,2,7,8,2,1,0.2,0.2857142857142857,0.2857142857142857,0.5,0.125,2,84866,4
FullHistory,137a8158-1db5-2cc0-8003-31c12610471e,scene0079_01-scene0079_06-scene0079_11-scene0079_10-scene0079_02,canonical,4,0.09577546268701553,0.2161458283662796,0.4166666865348816,0.11921297013759613,0.2395833432674408,0.4166666865348816,0.6194444298744202,0.762499988079071,0.8500000238418579,0.644444465637207,5,5,8,8,1,1,9,2,0,1.0,1.0,1.0,0.0,0.0,4,196112,9
Persist4D-V2,137a8158-1db5-2cc0-8003-31c12610471e,scene0079_01-scene0079_06-scene0079_11-scene0079_10-scene0079_02,canonical,4,0.1624806970357895,0.2776041626930237,0.2916666567325592,0.17592592537403107,0.2916666567325592,0.2916666567325592,0.5722222328186035,0.7916666269302368,0.8999999761581421,0.6000000238418579,2,7,2,10,3,11,9,2,1,0.2857142857142857,0.2,0.2727272727272727,0.5,0.1111111111111111,2,39521,6
FullHistory,137a8158-1db5-2cc0-8003-31c12610471e,scene0079_01-scene0079_06-scene0079_11-scene0079_10-scene0079_02,canonical,5,0.019675925374031067,0.0243055559694767,0.15234375,0.0763888880610466,0.109375,0.234375,0.6162919402122498,0.7003968358039856,0.7916666865348816,0.6666666269302368,8,8,15,15,1,1,17,4,0,1.0,1.0,1.0,0.0,0.0,5,260628,14
Persist4D-V2,137a8158-1db5-2cc0-8003-31c12610471e,scene0079_01-scene0079_06-scene0079_11-scene0079_10-scene0079_02,canonical,5,0.13946759700775146,0.2506510317325592,0.25390625,0.1527777761220932,0.265625,0.265625,0.5350529551506042,0.5575396418571472,0.6648243069648743,0.6759259104728699,3,10,4,17,3,16,16,6,4,0.3,0.23529411764705882,0.1875,0.6666666666666666,0.25,2,64516,8
FullHistory,137a8158-1db5-2cc0-8003-31c12610471e,scene0079_01-scene0079_06-scene0079_11-scene0079_10-scene0079_02,reverse,2,0.4689153730869293,0.4940476417541504,0.576785683631897,0.4920634925365448,0.5238094925880432,0.6547619104385376,0.5902777314186096,0.7916666269302368,0.8999999761581421,0.7333333492279053,4,4,4,4,1,1,0,0,0,1.0,1.0,1.0,,,2,104037,2
Persist4D-V2,137a8158-1db5-2cc0-8003-31c12610471e,scene0079_01-scene0079_06-scene0079_11-scene0079_10-scene0079_02,reverse,2,0.40542325377464294,0.4503968358039856,0.5359126925468445,0.4920634925365448,0.5476190447807312,0.6071428656578064,0.5879629254341125,0.7916666269302368,0.8999999761581421,0.7333333492279053,1,4,1,4,2,5,0,0,0,0.25,0.25,0.4,,,2,39521,2
FullHistory,137a8158-1db5-2cc0-8003-31c12610471e,scene0079_01-scene0079_06-scene0079_11-scene0079_10-scene0079_02,reverse,3,0.09713955223560333,0.1116071492433548,0.2366071492433548,0.13359789550304413,0.1636904776096344,0.2886904776096344,0.1866319477558136,0.3524305522441864,0.5277777910232544,0.25578704476356506,5,5,9,9,2,2,7,4,0,1.0,1.0,1.0,0.0,0.0,3,188903,5
Persist4D-V2,137a8158-1db5-2cc0-8003-31c12610471e,scene0079_01-scene0079_06-scene0079_11-scene0079_10-scene0079_02,reverse,3,0.05459130182862282,0.19166666269302368,0.3177083432674408,0.0815972238779068,0.2239583432674408,0.3489583432674408,0.18993055820465088,0.4798611104488373,0.6439236402511597,0.20787037909030914,2,6,1,9,2,10,7,3,3,0.3333333333333333,0.1111111111111111,0.2,1.0,0.42857142857142855,2,84866,4
FullHistory,137a8158-1db5-2cc0-8003-31c12610471e,scene0079_01-scene0079_06-scene0079_11-scene0079_10-scene0079_02,reverse,4,0.07779431343078613,0.0890377014875412,0.2527281641960144,0.109623022377491,0.1324404776096344,0.306547611951828,0.5537037253379822,0.7166666388511658,0.7166666388511658,0.6370370388031006,10,10,14,14,2,2,7,4,0,1.0,1.0,1.0,0.0,0.0,4,221954,9
Persist4D-V2,137a8158-1db5-2cc0-8003-31c12610471e,scene0079_01-scene0079_06-scene0079_11-scene0079_10-scene0079_02,reverse,4,0.0503472238779068,0.1901041567325592,0.3151041567325592,0.0625,0.2083333432674408,0.3333333432674408,0.6537037491798401,0.8666666150093079,0.9055555462837219,0.703703761100769,3,10,2,14,3,15,7,3,3,0.3,0.14285714285714285,0.2,1.0,0.42857142857142855,2,33051,6
FullHistory,137a8158-1db5-2cc0-8003-31c12610471e,scene0079_01-scene0079_06-scene0079_11-scene0079_10-scene0079_02,reverse,5,0.0957341268658638,0.1116071417927742,0.2857142686843872,0.0957341268658638,0.1116071417927742,0.2857142686843872,0.48981478810310364,0.5122222304344177,0.5688889026641846,0.694444477558136,10,10,17,17,2,2,16,5,0,1.0,1.0,1.0,0.0,0.0,5,260628,14
Persist4D-V2,137a8158-1db5-2cc0-8003-31c12610471e,scene0079_01-scene0079_06-scene0079_11-scene0079_10-scene0079_02,reverse,5,0.013888888992369175,0.125,0.25,0.013888888992369175,0.125,0.25,0.6664136052131653,0.7016666531562805,0.8822619318962097,0.8088889122009277,3,10,3,17,4,18,16,4,4,0.3,0.17647058823529413,0.2222222222222222,1.0,0.25,2,38674,8
FullHistory,137a8158-1db5-2cc0-8003-31c12610471e,scene0079_01-scene0079_06-scene0079_11-scene0079_10-scene0079_02,sha256_seed45,2,0.2611111104488373,0.28833335638046265,0.34166666865348816,0.31111112236976624,0.3333333432674408,0.5733333826065063,0.6698148250579834,0.704444408416748,0.7964444160461426,0.7333333492279053,3,3,3,3,0,0,0,0,0,1.0,1.0,,,,2,78195,2
Persist4D-V2,137a8158-1db5-2cc0-8003-31c12610471e,scene0079_01-scene0079_06-scene0079_11-scene0079_10-scene0079_02,sha256_seed45,2,0.30259257555007935,0.48444443941116333,0.48444443941116333,0.35555556416511536,0.5333333611488342,0.5333333611488342,0.6519629955291748,0.704444408416748,0.8027777671813965,0.7333333492279053,1,3,1,3,0,2,0,0,0,0.3333333333333333,0.3333333333333333,0.0,,,2,38674,2
FullHistory,137a8158-1db5-2cc0-8003-31c12610471e,scene0079_01-scene0079_06-scene0079_11-scene0079_10-scene0079_02,sha256_seed45,3,0.42691802978515625,0.4389881193637848,0.474702388048172,0.4523809552192688,0.4642857015132904,0.5,0.5165343880653381,0.5575396418571472,0.653769850730896,0.6759259104728699,5,5,6,6,0,0,0,0,0,1.0,1.0,,,,3,142711,5
Persist4D-V2,137a8158-1db5-2cc0-8003-31c12610471e,scene0079_01-scene0079_06-scene0079_11-scene0079_10-scene0079_02,sha256_seed45,3,0.2903635799884796,0.31147247552871704,0.33935657143592834,0.4365079402923584,0.4642857015132904,0.4642857015132904,0.48059967160224915,0.5158730149269104,0.6071428656578064,0.6137565970420837,1,5,2,6,2,6,0,0,0,0.2,0.3333333333333333,0.3333333333333333,,,2,64516,4
FullHistory,137a8158-1db5-2cc0-8003-31c12610471e,scene0079_01-scene0079_06-scene0079_11-scene0079_10-scene0079_02,sha256_seed45,4,0.19820310175418854,0.2638227641582489,0.27638888359069824,0.26534390449523926,0.36666664481163025,0.36666664481163025,0.5925925970077515,0.7166666388511658,0.7166666388511658,0.6592592597007751,8,8,9,9,2,2,2,0,0,1.0,1.0,1.0,,0.0,4,175762,9
Persist4D-V2,137a8158-1db5-2cc0-8003-31c12610471e,scene0079_01-scene0079_06-scene0079_11-scene0079_10-scene0079_02,sha256_seed45,4,0.15013228356838226,0.15892855823040009,0.15892855823040009,0.17619048058986664,0.20714285969734192,0.20714285969734192,0.549074113368988,0.7166666388511658,0.7166666388511658,0.6222222447395325,2,8,3,9,4,10,2,0,0,0.25,0.3333333333333333,0.4,,0.0,2,33051,6
FullHistory,137a8158-1db5-2cc0-8003-31c12610471e,scene0079_01-scene0079_06-scene0079_11-scene0079_10-scene0079_02,sha256_seed45,5,0.02281746082007885,0.02566964365541935,0.1919642835855484,0.0436507947742939,0.0491071417927742,0.1919642835855484,0.19305555522441864,0.3557291626930237,0.5416666865348816,0.2361111044883728,11,11,14,14,2,2,12,1,0,1.0,1.0,1.0,0.0,0.0,5,260628,14
Persist4D-V2,137a8158-1db5-2cc0-8003-31c12610471e,scene0079_01-scene0079_06-scene0079_11-scene0079_10-scene0079_02,sha256_seed45,5,0.11841409653425217,0.15670955181121826,0.16015625,0.1319444477558136,0.171875,0.171875,0.2773842215538025,0.5027778148651123,0.671093761920929,0.34351852536201477,3,12,3,16,4,17,12,2,2,0.25,0.1875,0.23529411764705882,1.0,0.16666666666666666,2,84866,8
FullHistory,137a8158-1db5-2cc0-8003-31c12610471e,scene0079_02-scene0079_08-scene0079_00-scene0079_09-scene0079_05,canonical,2,0.2886904776096344,0.3928571343421936,0.46815475821495056,0.3095238208770752,0.3928571343421936,0.6071428656578064,0.5760582089424133,0.8333333730697632,0.9523810148239136,0.5899471044540405,4,4,4,4,1,1,0,0,0,1.0,1.0,1.0,,,2,100951,2
Persist4D-V2,137a8158-1db5-2cc0-8003-31c12610471e,scene0079_02-scene0079_08-scene0079_00-scene0079_09-scene0079_05,canonical,2,0.127976194024086,0.1726190596818924,0.2306547611951828,0.1865079402923584,0.2142857164144516,0.3095238208770752,0.4847883880138397,0.7261905074119568,0.773809552192688,0.6534391641616821,1,4,1,4,1,4,0,0,0,0.25,0.25,0.25,,,2,36435,2
FullHistory,137a8158-1db5-2cc0-8003-31c12610471e,scene0079_02-scene0079_08-scene0079_00-scene0079_09-scene0079_05,canonical,3,0.14375001192092896,0.3531250059604645,0.3697916865348816,0.23402778804302216,0.4000000059604645,0.4520833492279053,0.4119406044483185,0.7738715410232544,0.8051215410232544,0.4861111044883728,11,11,13,13,2,2,10,2,0,1.0,1.0,1.0,0.0,0.0,3,191203,5
Persist4D-V2,137a8158-1db5-2cc0-8003-31c12610471e,scene0079_02-scene0079_08-scene0079_00-scene0079_09-scene0079_05,canonical,3,0.1467013955116272,0.2760416865348816,0.2760416865348816,0.2395833283662796,0.3125,0.3125,0.4851369261741638,0.7480158805847168,0.7894965410232544,0.5960648059844971,2,11,2,14,2,14,10,2,2,0.18181818181818182,0.14285714285714285,0.14285714285714285,1.0,0.2,2,90252,4
FullHistory,137a8158-1db5-2cc0-8003-31c12610471e,scene0079_02-scene0079_08-scene0079_00-scene0079_09-scene0079_05,canonical,4,0.09861111640930176,0.19687500596046448,0.3244791626930237,0.14027778804302216,0.24375000596046448,0.3895833492279053,0.8060184717178345,0.8791666030883789,0.8791666030883789,0.8222222328186035,16,16,18,18,3,3,10,2,0,1.0,1.0,1.0,0.0,0.0,4,214721,9
Persist4D-V2,137a8158-1db5-2cc0-8003-31c12610471e,scene0079_02-scene0079_08-scene0079_00-scene0079_09-scene0079_05,canonical,4,0.1059027761220932,0.1953125,0.1953125,0.1944444477558136,0.21875,0.21875,0.7129629254341125,0.8708333969116211,0.8708333969116211,0.7388888597488403,2,16,2,19,2,19,10,2,2,0.125,0.10526315789473684,0.10526315789473684,1.0,0.2,2,23518,6
FullHistory,137a8158-1db5-2cc0-8003-31c12610471e,scene0079_02-scene0079_08-scene0079_00-scene0079_09-scene0079_05,canonical,5,0.0763888880610466,0.171875,0.296875,0.1180555522441864,0.21875,0.34375,0.5697337985038757,0.703125,0.7239583730697632,0.6064814925193787,21,21,25,25,3,3,22,3,0,1.0,1.0,1.0,0.0,0.0,5,276725,14
Persist4D-V2,137a8158-1db5-2cc0-8003-31c12610471e,scene0079_02-scene0079_08-scene0079_00-scene0079_09-scene0079_05,canonical,5,0.0815972238779068,0.1953125,0.1953125,0.0972222238779068,0.21875,0.21875,0.5544367432594299,0.7407985925674438,0.7824652791023254,0.6087963581085205,3,21,3,27,3,27,22,4,4,0.14285714285714285,0.1111111111111111,0.1111111111111111,1.0,0.18181818181818182,2,62004,8
FullHistory,137a8158-1db5-2cc0-8003-31c12610471e,scene0079_02-scene0079_08-scene0079_00-scene0079_09-scene0079_05,reverse,2,0.37935957312583923,0.5388888716697693,0.6001735925674438,0.4618055522441864,0.59375,0.6354166865348816,0.6499999761581421,0.8500000238418579,0.8500000238418579,0.6499999761581421,5,5,5,5,1,1,0,0,0,1.0,1.0,1.0,,,2,85522,2
Persist4D-V2,137a8158-1db5-2cc0-8003-31c12610471e,scene0079_02-scene0079_08-scene0079_00-scene0079_09-scene0079_05,reverse,2,0.3984374701976776,0.6684027910232544,0.7196180820465088,0.4490741193294525,0.7395833730697632,0.7604166865348816,0.6499999761581421,0.8500000238418579,0.8500000238418579,0.6499999761581421,0,5,0,5,0,5,0,0,0,0.0,0.0,0.0,,,2,23518,2
FullHistory,137a8158-1db5-2cc0-8003-31c12610471e,scene0079_02-scene0079_08-scene0079_00-scene0079_09-scene0079_05,reverse,3,0.28626543283462524,0.4253472089767456,0.4253472089767456,0.33564814925193787,0.4895833432674408,0.4895833432674408,0.4944058656692505,0.7517361044883728,0.7829861044883728,0.5520833134651184,10,10,12,12,5,5,12,1,0,1.0,1.0,1.0,0.0,0.0,3,175774,5
Persist4D-V2,137a8158-1db5-2cc0-8003-31c12610471e,scene0079_02-scene0079_08-scene0079_00-scene0079_09-scene0079_05,reverse,3,0.34220680594444275,0.5972222089767456,0.6267361044883728,0.35185185074806213,0.6145833730697632,0.6354166865348816,0.47891807556152344,0.7452256679534912,0.8265625238418579,0.5428240895271301,0,10,0,13,1,14,12,2,2,0.0,0.0,0.07142857142857142,1.0,0.16666666666666666,2,90252,4
FullHistory,137a8158-1db5-2cc0-8003-31c12610471e,scene0079_02-scene0079_08-scene0079_00-scene0079_09-scene0079_05,reverse,4,0.2430555522441864,0.421875,0.421875,0.2847222089767456,0.46875,0.46875,0.6687830686569214,0.848809540271759,0.848809540271759,0.6878307461738586,16,16,18,18,6,6,12,1,0,1.0,1.0,1.0,0.0,0.0,4,212209,9
Persist4D-V2,137a8158-1db5-2cc0-8003-31c12610471e,scene0079_02-scene0079_08-scene0079_00-scene0079_09-scene0079_05,reverse,4,0.2986111044883728,0.59375,0.6145833730697632,0.2986111044883728,0.59375,0.6145833730697632,0.6322751641273499,0.8333333730697632,0.8908730149269104,0.6613757014274597,0,16,0,19,1,20,12,2,2,0.0,0.0,0.05,1.0,0.16666666666666666,2,36435,6
FullHistory,137a8158-1db5-2cc0-8003-31c12610471e,scene0079_02-scene0079_08-scene0079_00-scene0079_09-scene0079_05,reverse,5,0.0572916679084301,0.171875,0.296875,0.0833333358168602,0.21875,0.34375,0.468474417924881,0.6269841194152832,0.8333333134651184,0.5873016119003296,20,20,26,26,8,8,22,3,0,1.0,1.0,1.0,0.0,0.0,5,276725,14
Persist4D-V2,137a8158-1db5-2cc0-8003-31c12610471e,scene0079_02-scene0079_08-scene0079_00-scene0079_09-scene0079_05,reverse,5,0.1875,0.46875,0.46875,0.1875,0.46875,0.46875,0.6162036657333374,0.7341269850730896,0.7817460298538208,0.7010582089424133,3,21,4,27,3,26,22,4,3,0.14285714285714285,0.14814814814814814,0.11538461538461539,0.75,0.13636363636363635,2,64516,8
FullHistory,137a8158-1db5-2cc0-8003-31c12610471e,scene0079_02-scene0079_08-scene0079_00-scene0079_09-scene0079_05,sha256_seed45,2,0.21238425374031067,0.40625,0.4140625,0.3020833134651184,0.4583333432674408,0.4895833432674408,0.37169313430786133,0.555555522441864,0.6071428656578064,0.5432099103927612,6,6,6,6,1,1,0,0,0,1.0,1.0,1.0,,,2,126520,2
Persist4D-V2,137a8158-1db5-2cc0-8003-31c12610471e,scene0079_02-scene0079_08-scene0079_00-scene0079_09-scene0079_05,sha256_seed45,2,0.28599539399147034,0.4709201455116272,0.4722222089767456,0.3402777910232544,0.5520833730697632,0.5520833730697632,0.365079402923584,0.5079365372657776,0.6071428656578064,0.5370370745658875,0,6,0,6,1,7,0,0,0,0.0,0.0,0.14285714285714285,,,2,64516,2
FullHistory,137a8158-1db5-2cc0-8003-31c12610471e,scene0079_02-scene0079_08-scene0079_00-scene0079_09-scene0079_05,sha256_seed45,3,0.1814236044883728,0.3125,0.3258928656578064,0.2048611044883728,0.3125,0.3645833432674408,0.5701058506965637,0.8809524178504944,0.9146825075149536,0.6455026865005493,9,10,10,11,1,2,3,0,0,0.9,0.9090909090909091,0.5,,0.0,3,162955,5
Persist4D-V2,137a8158-1db5-2cc0-8003-31c12610471e,scene0079_02-scene0079_08-scene0079_00-scene0079_09-scene0079_05,sha256_seed45,3,0.19155094027519226,0.4635416567325592,0.4635416567325592,0.21875,0.5,0.5,0.5681217312812805,0.8333333730697632,0.8809524178504944,0.6534391641616821,0,10,0,11,2,13,3,0,0,0.0,0.0,0.15384615384615385,,0.0,2,36435,4
FullHistory,137a8158-1db5-2cc0-8003-31c12610471e,scene0079_02-scene0079_08-scene0079_00-scene0079_09-scene0079_05,sha256_seed45,4,0.0868055522441864,0.328125,0.3343749940395355,0.1284722238779068,0.375,0.4000000059604645,0.4059027433395386,0.7657986283302307,0.7970486283302307,0.44212961196899414,16,17,20,21,2,3,14,3,0,0.9411764705882353,0.9523809523809523,0.6666666666666666,0.0,0.0,4,253207,9
Persist4D-V2,137a8158-1db5-2cc0-8003-31c12610471e,scene0079_02-scene0079_08-scene0079_00-scene0079_09-scene0079_05,sha256_seed45,4,0.2005208283662796,0.4869791567325592,0.4869791567325592,0.2048611044883728,0.5,0.5,0.4773244261741638,0.7480158805847168,0.7894965410232544,0.5960648059844971,1,17,1,22,2,23,14,3,3,0.058823529411764705,0.045454545454545456,0.08695652173913043,1.0,0.21428571428571427,2,90252,6
FullHistory,137a8158-1db5-2cc0-8003-31c12610471e,scene0079_02-scene0079_08-scene0079_00-scene0079_09-scene0079_05,sha256_seed45,5,0.0625,0.171875,0.296875,0.1041666641831398,0.21875,0.34375,0.7611111402511597,0.8500000238418579,0.8500000238418579,0.7611111402511597,21,22,25,26,3,4,14,3,0,0.9545454545454546,0.9615384615384616,0.75,0.0,0.0,5,276725,14
Persist4D-V2,137a8158-1db5-2cc0-8003-31c12610471e,scene0079_02-scene0079_08-scene0079_00-scene0079_09-scene0079_05,sha256_seed45,5,0.1944444477558136,0.46875,0.46875,0.1944444477558136,0.46875,0.46875,0.7129629254341125,0.8708333969116211,0.8708333969116211,0.7388888597488403,1,22,1,27,2,28,14,3,3,0.045454545454545456,0.037037037037037035,0.07142857142857142,1.0,0.21428571428571427,2,23518,8
FullHistory,137a8158-1db5-2cc0-8003-31c12610471e,scene0079_03-scene0079_07-scene0079_01-scene0079_06-scene0079_11,canonical,2,0.5481859445571899,0.7159863710403442,0.7298752665519714,0.5555555820465088,0.738095223903656,0.7738094925880432,0.8246913552284241,1.0,1.0,0.8370370864868164,2,2,2,2,0,0,0,0,0,1.0,1.0,,,,2,63653,2
Persist4D-V2,137a8158-1db5-2cc0-8003-31c12610471e,scene0079_03-scene0079_07-scene0079_01-scene0079_06-scene0079_11,canonical,2,0.45630785822868347,0.6497607231140137,0.6542249917984009,0.5185185670852661,0.738095223903656,0.738095223903656,0.8246913552284241,1.0,1.0,0.8370370864868164,1,2,1,2,1,2,0,0,0,0.5,0.5,0.5,,,2,28987,2
FullHistory,137a8158-1db5-2cc0-8003-31c12610471e,scene0079_03-scene0079_07-scene0079_01-scene0079_06-scene0079_11,canonical,3,0.4503968358039856,0.625,0.682468831539154,0.5039682388305664,0.6785714030265808,0.7857142686843872,0.6946560144424438,0.7365079522132874,0.8844444155693054,0.800000011920929,2,2,4,4,0,0,7,2,0,1.0,1.0,,0.0,0.0,3,102327,5
Persist4D-V2,137a8158-1db5-2cc0-8003-31c12610471e,scene0079_03-scene0079_07-scene0079_01-scene0079_06-scene0079_11,canonical,3,0.3855820298194885,0.5761408805847168,0.5761408805847168,0.4841269850730896,0.6785714030265808,0.6785714030265808,0.6776280999183655,0.8140741586685181,0.9024983644485474,0.7866666913032532,1,2,1,4,3,6,7,2,2,0.5,0.25,0.5,1.0,0.2857142857142857,2,38674,4
FullHistory,137a8158-1db5-2cc0-8003-31c12610471e,scene0079_03-scene0079_07-scene0079_01-scene0079_06-scene0079_11,canonical,4,0.34960317611694336,0.5714285969734192,0.5787981748580933,0.380952388048172,0.5714285969734192,0.6190476417541504,0.6672222018241882,0.8883333206176758,0.9055555462837219,0.6888889074325562,2,2,9,9,2,2,13,7,0,1.0,1.0,1.0,0.0,0.0,4,135378,9
Persist4D-V2,137a8158-1db5-2cc0-8003-31c12610471e,scene0079_03-scene0079_07-scene0079_01-scene0079_06-scene0079_11,canonical,4,0.2718254029750824,0.4285714328289032,0.4285714328289032,0.2777777910232544,0.4285714328289032,0.4285714328289032,0.6696913242340088,0.894444465637207,0.9527777433395386,0.7111111283302307,1,2,1,9,3,11,13,7,6,0.5,0.1111111111111111,0.2727272727272727,0.8571428571428571,0.46153846153846156,2,33051,6
FullHistory,137a8158-1db5-2cc0-8003-31c12610471e,scene0079_03-scene0079_07-scene0079_01-scene0079_06-scene0079_11,canonical,5,0.10792824625968933,0.3333333432674408,0.3567708432674408,0.12615741789340973,0.3333333432674408,0.375,0.2355709820985794,0.5960069298744202,0.6703124642372131,0.32592594623565674,6,6,17,17,3,3,21,10,0,1.0,1.0,1.0,0.0,0.0,5,220244,14
Persist4D-V2,137a8158-1db5-2cc0-8003-31c12610471e,scene0079_03-scene0079_07-scene0079_01-scene0079_06-scene0079_11,canonical,5,0.1642361283302307,0.3031249940395355,0.3125,0.18287035822868347,0.3125,0.3125,0.24353009462356567,0.4793402850627899,0.647656261920929,0.34351852536201477,2,7,3,16,4,17,21,9,7,0.2857142857142857,0.1875,0.23529411764705882,0.7777777777777778,0.3333333333333333,2,84866,8
FullHistory,137a8158-1db5-2cc0-8003-31c12610471e,scene0079_03-scene0079_07-scene0079_01-scene0079_06-scene0079_11,reverse,2,0.2337769865989685,0.43541666865348816,0.5134672522544861,0.30578702688217163,0.5041666626930237,0.581250011920929,0.6571428775787354,0.9333333969116211,1.0,0.7111111283302307,5,5,5,5,0,0,0,0,0,1.0,1.0,,,,2,117917,2
Persist4D-V2,137a8158-1db5-2cc0-8003-31c12610471e,scene0079_03-scene0079_07-scene0079_01-scene0079_06-scene0079_11,reverse,2,0.17168208956718445,0.370659738779068,0.42777779698371887,0.26180556416511536,0.5041666626930237,0.550000011920929,0.6870370507240295,0.8666666150093079,0.9055555462837219,0.703703761100769,1,5,1,5,1,5,0,0,0,0.2,0.2,0.2,,,2,33051,2
FullHistory,137a8158-1db5-2cc0-8003-31c12610471e,scene0079_03-scene0079_07-scene0079_01-scene0079_06-scene0079_11,reverse,3,0.0941261574625969,0.2491319477558136,0.28593748807907104,0.23032408952713013,0.4166666865348816,0.4583333432674408,0.6245926022529602,0.637333333492279,0.7686666250228882,0.7022223472595215,5,5,7,7,1,1,8,2,0,1.0,1.0,1.0,0.0,0.0,3,156591,5
Persist4D-V2,137a8158-1db5-2cc0-8003-31c12610471e,scene0079_03-scene0079_07-scene0079_01-scene0079_06-scene0079_11,reverse,3,0.09495700895786285,0.2204861044883728,0.3602430522441864,0.10879629105329514,0.2291666716337204,0.375,0.6675617098808289,0.7083333134651184,0.8939286470413208,0.8088889122009277,1,5,1,7,2,8,8,2,2,0.2,0.14285714285714285,0.25,1.0,0.25,2,38674,4
FullHistory,137a8158-1db5-2cc0-8003-31c12610471e,scene0079_03-scene0079_07-scene0079_01-scene0079_06-scene0079_11,reverse,4,0.07653356343507767,0.2213541716337204,0.2630208134651184,0.15393517911434174,0.3333333432674408,0.375,0.8246913552284241,1.0,1.0,0.8370370864868164,5,5,11,12,1,2,13,7,0,1.0,0.9166666666666666,0.5,0.0,0.0,4,185578,9
Persist4D-V2,137a8158-1db5-2cc0-8003-31c12610471e,scene0079_03-scene0079_07-scene0079_01-scene0079_06-scene0079_11,reverse,4,0.09495700895786285,0.2204861044883728,0.3602430522441864,0.10879629105329514,0.2291666716337204,0.375,0.8240741491317749,1.0,1.0,0.8666667342185974,1,5,2,12,2,12,13,7,5,0.2,0.16666666666666666,0.16666666666666666,0.7142857142857143,0.38461538461538464,2,28987,6
FullHistory,137a8158-1db5-2cc0-8003-31c12610471e,scene0079_03-scene0079_07-scene0079_01-scene0079_06-scene0079_11,reverse,5,0.10778357088565826,0.3229166865348816,0.3463541567325592,0.18171295523643494,0.3958333432674408,0.4166666865348816,0.31646087765693665,0.5287036895751953,0.6032407283782959,0.45185187458992004,5,6,13,15,2,4,21,8,0,0.8333333333333334,0.8666666666666667,0.5,0.0,0.0,5,220244,14
Persist4D-V2,137a8158-1db5-2cc0-8003-31c12610471e,scene0079_03-scene0079_07-scene0079_01-scene0079_06-scene0079_11,reverse,5,0.06717923283576965,0.0954861119389534,0.3602430522441864,0.08101852238178253,0.1041666716337204,0.375,0.3656892776489258,0.44212961196899414,0.6145833134651184,0.4475308656692505,1,5,2,15,2,15,21,8,6,0.2,0.13333333333333333,0.13333333333333333,0.75,0.2857142857142857,2,34666,8
FullHistory,137a8158-1db5-2cc0-8003-31c12610471e,scene0079_03-scene0079_07-scene0079_01-scene0079_06-scene0079_11,sha256_seed45,2,0.5481859445571899,0.7159863710403442,0.7298752665519714,0.5555555820465088,0.738095223903656,0.7738094925880432,0.8246913552284241,1.0,1.0,0.8370370864868164,2,2,2,2,0,0,0,0,0,1.0,1.0,,,,2,63653,2
Persist4D-V2,137a8158-1db5-2cc0-8003-31c12610471e,scene0079_03-scene0079_07-scene0079_01-scene0079_06-scene0079_11,sha256_seed45,2,0.45630785822868347,0.6497607231140137,0.6542249917984009,0.5185185670852661,0.738095223903656,0.738095223903656,0.8246913552284241,1.0,1.0,0.8370370864868164,1,2,1,2,1,2,0,0,0,0.5,0.5,0.5,,,2,28987,2
FullHistory,137a8158-1db5-2cc0-8003-31c12610471e,scene0079_03-scene0079_07-scene0079_01-scene0079_06-scene0079_11,sha256_seed45,3,0.4503968358039856,0.625,0.682468831539154,0.5039682388305664,0.6785714030265808,0.7857142686843872,0.6946560144424438,0.7365079522132874,0.8844444155693054,0.800000011920929,2,2,4,4,0,0,7,2,0,1.0,1.0,,0.0,0.0,3,102327,5
Persist4D-V2,137a8158-1db5-2cc0-8003-31c12610471e,scene0079_03-scene0079_07-scene0079_01-scene0079_06-scene0079_11,sha256_seed45,3,0.3855820298194885,0.5761408805847168,0.5761408805847168,0.4841269850730896,0.6785714030265808,0.6785714030265808,0.6776280999183655,0.8140741586685181,0.9024983644485474,0.7866666913032532,1,2,1,4,3,6,7,2,2,0.5,0.25,0.5,1.0,0.2857142857142857,2,38674,4
FullHistory,137a8158-1db5-2cc0-8003-31c12610471e,scene0079_03-scene0079_07-scene0079_01-scene0079_06-scene0079_11,sha256_seed45,4,0.34960317611694336,0.5714285969734192,0.5787981748580933,0.380952388048172,0.5714285969734192,0.6190476417541504,0.6672222018241882,0.8883333206176758,0.9055555462837219,0.6888889074325562,2,2,9,9,2,2,13,7,0,1.0,1.0,1.0,0.0,0.0,4,135378,9
Persist4D-V2,137a8158-1db5-2cc0-8003-31c12610471e,scene0079_03-scene0079_07-scene0079_01-scene0079_06-scene0079_11,sha256_seed45,4,0.2718254029750824,0.4285714328289032,0.4285714328289032,0.2777777910232544,0.4285714328289032,0.4285714328289032,0.6696913242340088,0.894444465637207,0.9527777433395386,0.7111111283302307,1,2,1,9,3,11,13,7,6,0.5,0.1111111111111111,0.2727272727272727,0.8571428571428571,0.46153846153846156,2,33051,6
FullHistory,137a8158-1db5-2cc0-8003-31c12610471e,scene0079_03-scene0079_07-scene0079_01-scene0079_06-scene0079_11,sha256_seed45,5,0.10792824625968933,0.3333333432674408,0.3567708432674408,0.12615741789340973,0.3333333432674408,0.375,0.2355709820985794,0.5960069298744202,0.6703124642372131,0.32592594623565674,6,6,17,17,3,3,21,10,0,1.0,1.0,1.0,0.0,0.0,5,220244,14
Persist4D-V2,137a8158-1db5-2cc0-8003-31c12610471e,scene0079_03-scene0079_07-scene0079_01-scene0079_06-scene0079_11,sha256_seed45,5,0.1642361283302307,0.3031249940395355,0.3125,0.18287035822868347,0.3125,0.3125,0.24353009462356567,0.4793402850627899,0.647656261920929,0.34351852536201477,2,7,3,16,4,17,21,9,7,0.2857142857142857,0.1875,0.23529411764705882,0.7777777777777778,0.3333333333333333,2,84866,8
FullHistory,137a8158-1db5-2cc0-8003-31c12610471e,scene0079_04-scene0079_03-scene0079_07-scene0079_01-scene0079_06,canonical,2,0.34386146068573,0.40447530150413513,0.40447530150413513,0.40123459696769714,0.472222238779068,0.5666667222976685,0.3646506667137146,0.4067460298538208,0.5769901275634766,0.4197531044483185,3,3,3,3,1,1,0,0,0,1.0,1.0,1.0,,,2,48972,2
Persist4D-V2,137a8158-1db5-2cc0-8003-31c12610471e,scene0079_04-scene0079_03-scene0079_07-scene0079_01-scene0079_06,canonical,2,0.3267746567726135,0.4054783880710602,0.40905582904815674,0.3888888955116272,0.472222238779068,0.5,0.3650793135166168,0.4067460298538208,0.5769901275634766,0.42592594027519226,0,3,0,3,0,3,0,0,0,0.0,0.0,0.0,,,2,34666,2
FullHistory,137a8158-1db5-2cc0-8003-31c12610471e,scene0079_04-scene0079_03-scene0079_07-scene0079_01-scene0079_06,canonical,3,0.5056657791137695,0.6878968477249146,0.6878968477249146,0.5171957612037659,0.7261905074119568,0.7261905074119568,0.8407407402992249,0.980555534362793,0.980555534362793,0.9777778387069702,4,4,4,4,2,2,1,0,0,1.0,1.0,1.0,,0.0,3,77959,5
Persist4D-V2,137a8158-1db5-2cc0-8003-31c12610471e,scene0079_04-scene0079_03-scene0079_07-scene0079_01-scene0079_06,canonical,3,0.4365079402923584,0.5,0.5009920597076416,0.4365079402923584,0.5,0.5238094925880432,0.8246913552284241,1.0,1.0,0.8370370864868164,1,4,1,4,2,5,1,0,0,0.25,0.25,0.4,,0.0,2,28987,4
FullHistory,137a8158-1db5-2cc0-8003-31c12610471e,scene0079_04-scene0079_03-scene0079_07-scene0079_01-scene0079_06,canonical,4,0.46119925379753113,0.6557539701461792,0.6621031761169434,0.49338623881340027,0.7023809552192688,0.7261905074119568,0.6762301921844482,0.7162302136421204,0.8220635652542114,0.800000011920929,4,4,6,6,3,3,8,2,0,1.0,1.0,1.0,0.0,0.0,4,116633,9
Persist4D-V2,137a8158-1db5-2cc0-8003-31c12610471e,scene0079_04-scene0079_03-scene0079_07-scene0079_01-scene0079_06,canonical,4,0.369047611951828,0.4325396716594696,0.4325396716594696,0.4365079402923584,0.5,0.5,0.6776280999183655,0.8140741586685181,0.9024983644485474,0.7866666913032532,1,4,1,6,4,9,8,2,2,0.25,0.16666666666666666,0.4444444444444444,1.0,0.25,2,38674,6
FullHistory,137a8158-1db5-2cc0-8003-31c12610471e,scene0079_04-scene0079_03-scene0079_07-scene0079_01-scene0079_06,canonical,5,0.31420066952705383,0.5025510191917419,0.5029762387275696,0.3492063581943512,0.5357142686843872,0.5357142686843872,0.657777726650238,0.8844444155693054,0.9055555462837219,0.7111111283302307,4,4,11,11,3,3,14,7,0,1.0,1.0,1.0,0.0,0.0,5,149684,14
Persist4D-V2,137a8158-1db5-2cc0-8003-31c12610471e,scene0079_04-scene0079_03-scene0079_07-scene0079_01-scene0079_06,canonical,5,0.2400793582201004,0.2857142984867096,0.2857142984867096,0.2460317462682724,0.2857142984867096,0.2857142984867096,0.6696913242340088,0.894444465637207,0.9527777433395386,0.7111111283302307,1,4,1,11,4,14,14,7,6,0.25,0.09090909090909091,0.2857142857142857,0.8571428571428571,0.42857142857142855,2,33051,8
FullHistory,137a8158-1db5-2cc0-8003-31c12610471e,scene0079_04-scene0079_03-scene0079_07-scene0079_01-scene0079_06,reverse,2,0.589789092540741,0.6928240656852722,0.732175886631012,0.6496913433074951,0.7777777314186096,0.8055555820465088,0.6540108323097229,0.6998015642166138,0.8444444537162781,0.8014815449714661,0,0,0,0,0,0,0,0,0,,,,,,2,71725,2
Persist4D-V2,137a8158-1db5-2cc0-8003-31c12610471e,scene0079_04-scene0079_03-scene0079_07-scene0079_01-scene0079_06,reverse,2,0.45808646082878113,0.5552496910095215,0.6037781238555908,0.6404320597648621,0.7777777314186096,0.8333333134651184,0.6675617098808289,0.7083333134651184,0.8939286470413208,0.8088889122009277,0,0,0,0,1,1,0,0,0,,,1.0,,,2,38674,2
FullHistory,137a8158-1db5-2cc0-8003-31c12610471e,scene0079_04-scene0079_03-scene0079_07-scene0079_01-scene0079_06,reverse,3,0.557689368724823,0.6865079402923584,0.6865079402923584,0.625,0.75,0.75,0.7912037372589111,1.0,1.0,0.8148148655891418,0,0,4,4,1,1,5,4,0,,1.0,1.0,0.0,0.0,3,100712,5
Persist4D-V2,137a8158-1db5-2cc0-8003-31c12610471e,scene0079_04-scene0079_03-scene0079_07-scene0079_01-scene0079_06,reverse,3,0.43666407465934753,0.5306712985038757,0.5450562238693237,0.5478394627571106,0.6527777314186096,0.7083333134651184,0.8240741491317749,1.0,1.0,0.8666667342185974,0,0,0,4,1,5,5,4,4,,0.0,0.2,1.0,0.8,2,28987,4
FullHistory,137a8158-1db5-2cc0-8003-31c12610471e,scene0079_04-scene0079_03-scene0079_07-scene0079_01-scene0079_06,reverse,4,0.33392858505249023,0.44285711646080017,0.5714285969734192,0.369047611951828,0.5714285969734192,0.5714285969734192,0.3703703284263611,0.46296295523643494,0.6388888955116272,0.4074074327945709,0,0,5,5,1,1,13,5,0,,1.0,1.0,0.0,0.0,4,135378,9
Persist4D-V2,137a8158-1db5-2cc0-8003-31c12610471e,scene0079_04-scene0079_03-scene0079_07-scene0079_01-scene0079_06,reverse,4,0.2718254029750824,0.2857142984867096,0.4285714328289032,0.2777777910232544,0.2857142984867096,0.4285714328289032,0.3656892776489258,0.44212961196899414,0.6145833134651184,0.4475308656692505,0,0,0,5,3,8,13,5,5,,0.0,0.375,1.0,0.38461538461538464,2,34666,6
FullHistory,137a8158-1db5-2cc0-8003-31c12610471e,scene0079_04-scene0079_03-scene0079_07-scene0079_01-scene0079_06,reverse,5,0.33195045590400696,0.5357142686843872,0.5357142686843872,0.3571428656578064,0.5357142686843872,0.5357142686843872,0.7271605730056763,0.8166667222976685,0.8666666746139526,0.7777777910232544,3,3,9,9,1,1,14,5,0,1.0,1.0,1.0,0.0,0.0,5,149684,14
Persist4D-V2,137a8158-1db5-2cc0-8003-31c12610471e,scene0079_04-scene0079_03-scene0079_07-scene0079_01-scene0079_06,reverse,5,0.2400793582201004,0.2857142984867096,0.4285714328289032,0.2460317462682724,0.2857142984867096,0.4285714328289032,0.7648148536682129,0.8166667222976685,0.9333333969116211,0.7925926446914673,0,3,0,9,4,13,14,5,5,0.0,0.0,0.3076923076923077,1.0,0.35714285714285715,2,14306,8
FullHistory,137a8158-1db5-2cc0-8003-31c12610471e,scene0079_04-scene0079_03-scene0079_07-scene0079_01-scene0079_06,sha256_seed45,2,0.5481859445571899,0.7159863710403442,0.7298752665519714,0.5555555820465088,0.738095223903656,0.7738094925880432,0.8246913552284241,1.0,1.0,0.8370370864868164,2,2,2,2,0,0,0,0,0,1.0,1.0,,,,2,63653,2
Persist4D-V2,137a8158-1db5-2cc0-8003-31c12610471e,scene0079_04-scene0079_03-scene0079_07-scene0079_01-scene0079_06,sha256_seed45,2,0.45630785822868347,0.6497607231140137,0.6542249917984009,0.5185185670852661,0.738095223903656,0.738095223903656,0.8246913552284241,1.0,1.0,0.8370370864868164,1,2,1,2,1,2,0,0,0,0.5,0.5,0.5,,,2,28987,2
FullHistory,137a8158-1db5-2cc0-8003-31c12610471e,scene0079_04-scene0079_03-scene0079_07-scene0079_01-scene0079_06,sha256_seed45,3,0.4503968358039856,0.625,0.682468831539154,0.5039682388305664,0.6785714030265808,0.7857142686843872,0.6946560144424438,0.7365079522132874,0.8844444155693054,0.800000011920929,2,2,4,4,0,0,7,2,0,1.0,1.0,,0.0,0.0,3,102327,5
Persist4D-V2,137a8158-1db5-2cc0-8003-31c12610471e,scene0079_04-scene0079_03-scene0079_07-scene0079_01-scene0079_06,sha256_seed45,3,0.3855820298194885,0.5761408805847168,0.5761408805847168,0.4841269850730896,0.6785714030265808,0.6785714030265808,0.6776280999183655,0.8140741586685181,0.9024983644485474,0.7866666913032532,1,2,1,4,3,6,7,2,2,0.5,0.25,0.5,1.0,0.2857142857142857,2,38674,4
FullHistory,137a8158-1db5-2cc0-8003-31c12610471e,scene0079_04-scene0079_03-scene0079_07-scene0079_01-scene0079_06,sha256_seed45,4,0.44841268658638,0.6785714030265808,0.6785714030265808,0.44841268658638,0.6785714030265808,0.6785714030265808,0.725925862789154,0.838888943195343,0.894444465637207,0.7777777910232544,4,4,8,8,0,0,10,4,0,1.0,1.0,,0.0,0.0,4,116633,9
Persist4D-V2,137a8158-1db5-2cc0-8003-31c12610471e,scene0079_04-scene0079_03-scene0079_07-scene0079_01-scene0079_06,sha256_seed45,4,0.3531745970249176,0.4325396716594696,0.4325396716594696,0.420634925365448,0.5,0.5,0.7555555701255798,0.8666666746139526,0.894444465637207,0.7925926446914673,1,4,1,7,3,9,10,3,3,0.25,0.14285714285714285,0.3333333333333333,1.0,0.3,2,14306,6
FullHistory,137a8158-1db5-2cc0-8003-31c12610471e,scene0079_04-scene0079_03-scene0079_07-scene0079_01-scene0079_06,sha256_seed45,5,0.31505098938941956,0.5029762387275696,0.5035714507102966,0.3611111044883728,0.5357142686843872,0.5357142686843872,0.6675308346748352,0.8844444155693054,0.9055555462837219,0.703703761100769,5,5,13,13,2,2,15,7,0,1.0,1.0,1.0,0.0,0.0,5,149684,14
Persist4D-V2,137a8158-1db5-2cc0-8003-31c12610471e,scene0079_04-scene0079_03-scene0079_07-scene0079_01-scene0079_06,sha256_seed45,5,0.2400793582201004,0.2857142984867096,0.2857142984867096,0.2460317462682724,0.2857142984867096,0.2857142984867096,0.6592592597007751,0.8666666150093079,0.9333333969116211,0.6592592597007751,1,4,1,11,3,13,15,5,5,0.25,0.09090909090909091,0.23076923076923078,1.0,0.3333333333333333,2,33051,8
FullHistory,137a8158-1db5-2cc0-8003-31c12610471e,scene0079_05-scene0079_04-scene0079_03-scene0079_07-scene0079_01,canonical,2,0.39368388056755066,0.5602678656578064,0.5965278148651123,0.4201388955116272,0.59375,0.6145833730697632,0.763580322265625,0.8166667222976685,0.9333333969116211,0.7925926446914673,4,4,4,4,0,0,0,0,0,1.0,1.0,,,,2,76310,2
Persist4D-V2,137a8158-1db5-2cc0-8003-31c12610471e,scene0079_05-scene0079_04-scene0079_03-scene0079_07-scene0079_01,canonical,2,0.4930169880390167,0.6717013716697693,0.6885416507720947,0.5266203880310059,0.71875,0.7395833730697632,0.7802469730377197,0.8666666746139526,0.9333333969116211,0.7925926446914673,0,4,0,4,1,5,0,0,0,0.0,0.0,0.2,,,2,14306,2
FullHistory,137a8158-1db5-2cc0-8003-31c12610471e,scene0079_05-scene0079_04-scene0079_03-scene0079_07-scene0079_01,canonical,3,0.3125482201576233,0.5627170205116272,0.5713975429534912,0.32523149251937866,0.6041666865348816,0.625,0.3307613134384155,0.5856481194496155,0.6018518805503845,0.47407403588294983,8,8,9,9,1,1,6,1,0,1.0,1.0,1.0,0.0,0.0,3,110976,5
Persist4D-V2,137a8158-1db5-2cc0-8003-31c12610471e,scene0079_05-scene0079_04-scene0079_03-scene0079_07-scene0079_01,canonical,3,0.3620755970478058,0.5381944179534912,0.6631944179534912,0.38078704476356506,0.5729166865348816,0.6979166865348816,0.3650793135166168,0.4067460298538208,0.5769901275634766,0.42592594027519226,0,7,0,8,1,9,6,1,1,0.0,0.0,0.1111111111111111,1.0,0.16666666666666666,2,34666,4
FullHistory,137a8158-1db5-2cc0-8003-31c12610471e,scene0079_05-scene0079_04-scene0079_03-scene0079_07-scene0079_01,canonical,4,0.23341049253940582,0.4965277910232544,0.5220733880996704,0.28125,0.5520833730697632,0.59375,0.7993826866149902,0.980555534362793,0.980555534362793,0.82962965965271,10,10,13,13,2,2,9,2,0,1.0,1.0,1.0,0.0,0.0,4,139963,9
Persist4D-V2,137a8158-1db5-2cc0-8003-31c12610471e,scene0079_05-scene0079_04-scene0079_03-scene0079_07-scene0079_01,canonical,4,0.28703704476356506,0.4479166865348816,0.5729166269302368,0.31481483578681946,0.4791666865348816,0.6041666269302368,0.8246913552284241,1.0,1.0,0.8370370864868164,1,8,2,12,4,14,9,2,2,0.125,0.16666666666666666,0.2857142857142857,1.0,0.2222222222222222,2,28987,6
FullHistory,137a8158-1db5-2cc0-8003-31c12610471e,scene0079_05-scene0079_04-scene0079_03-scene0079_07-scene0079_01,canonical,5,0.2013888955116272,0.4296875,0.4296875,0.3055555522441864,0.5520833730697632,0.5520833730697632,0.6968518495559692,0.7688888907432556,0.8505555987358093,0.8133333921432495,10,10,15,15,3,3,16,4,0,1.0,1.0,1.0,0.0,0.0,5,178637,14
Persist4D-V2,137a8158-1db5-2cc0-8003-31c12610471e,scene0079_05-scene0079_04-scene0079_03-scene0079_07-scene0079_01,canonical,5,0.24623844027519226,0.4010416865348816,0.5260416269302368,0.28125,0.4375,0.5625,0.6742947697639465,0.784074068069458,0.9024983644485474,0.7866666913032532,1,8,2,14,5,17,16,4,4,0.125,0.14285714285714285,0.29411764705882354,1.0,0.25,2,38674,8
FullHistory,137a8158-1db5-2cc0-8003-31c12610471e,scene0079_05-scene0079_04-scene0079_03-scene0079_07-scene0079_01,reverse,2,0.7123456597328186,0.7527777552604675,0.7659721970558167,0.7330246567726135,0.7777777314186096,0.8055555820465088,0.8240741491317749,1.0,1.0,0.8666667342185974,0,0,0,0,0,0,0,0,0,,,,,,2,67661,2
Persist4D-V2,137a8158-1db5-2cc0-8003-31c12610471e,scene0079_05-scene0079_04-scene0079_03-scene0079_07-scene0079_01,reverse,2,0.5375808477401733,0.5432870984077454,0.5543320178985596,0.7083333134651184,0.7638888955116272,0.7638888955116272,0.8240741491317749,1.0,1.0,0.8666667342185974,0,0,0,0,2,2,0,0,0,,,1.0,,,2,28987,2
FullHistory,137a8158-1db5-2cc0-8003-31c12610471e,scene0079_05-scene0079_04-scene0079_03-scene0079_07-scene0079_01,reverse,3,0.41101953387260437,0.625,0.6636905074119568,0.4722222089767456,0.6785714030265808,0.738095223903656,0.3888889253139496,0.6111111044883728,0.6550925970077515,0.46666669845581055,1,1,3,3,1,1,7,2,0,1.0,1.0,1.0,0.0,0.0,3,102327,5
Persist4D-V2,137a8158-1db5-2cc0-8003-31c12610471e,scene0079_05-scene0079_04-scene0079_03-scene0079_07-scene0079_01,reverse,3,0.3854166567325592,0.4330357015132904,0.5758928656578064,0.4523809552192688,0.5,0.6428571343421936,0.3656892776489258,0.44212961196899414,0.6145833134651184,0.4475308656692505,0,0,0,2,2,4,7,2,2,,0.0,0.5,1.0,0.2857142857142857,2,34666,4
FullHistory,137a8158-1db5-2cc0-8003-31c12610471e,scene0079_05-scene0079_04-scene0079_03-scene0079_07-scene0079_01,reverse,4,0.42420947551727295,0.5109127163887024,0.653769850730896,0.4404761791229248,0.5595237612724304,0.7023809552192688,0.7222222089767456,0.8166667222976685,0.8666666746139526,0.7555555701255798,5,5,7,7,2,2,8,2,0,1.0,1.0,1.0,0.0,0.0,4,116633,9
Persist4D-V2,137a8158-1db5-2cc0-8003-31c12610471e,scene0079_05-scene0079_04-scene0079_03-scene0079_07-scene0079_01,reverse,4,0.3536706268787384,0.4330357015132904,0.5758928656578064,0.420634925365448,0.5,0.6428571343421936,0.7648148536682129,0.8166667222976685,0.9333333969116211,0.7925926446914673,0,3,0,6,3,9,8,2,2,0.0,0.0,0.3333333333333333,1.0,0.25,2,14306,6
FullHistory,137a8158-1db5-2cc0-8003-31c12610471e,scene0079_05-scene0079_04-scene0079_03-scene0079_07-scene0079_01,reverse,5,0.24320024251937866,0.4713541567325592,0.4713541567325592,0.3263888955116272,0.53125,0.53125,0.5438175201416016,0.6980903148651123,0.6980903148651123,0.6030092835426331,9,9,13,13,2,2,16,3,0,1.0,1.0,1.0,0.0,0.0,5,178637,14
Persist4D-V2,137a8158-1db5-2cc0-8003-31c12610471e,scene0079_05-scene0079_04-scene0079_03-scene0079_07-scene0079_01,reverse,5,0.22526608407497406,0.3932291865348816,0.5182291269302368,0.2708333432674408,0.4375,0.5625,0.5739787220954895,0.7324074506759644,0.7840278148651123,0.5960648059844971,0,7,2,13,4,15,16,3,3,0.0,0.15384615384615385,0.26666666666666666,1.0,0.1875,2,62004,8
FullHistory,137a8158-1db5-2cc0-8003-31c12610471e,scene0079_05-scene0079_04-scene0079_03-scene0079_07-scene0079_01,sha256_seed45,2,0.5481859445571899,0.7159863710403442,0.7298752665519714,0.5555555820465088,0.738095223903656,0.7738094925880432,0.8246913552284241,1.0,1.0,0.8370370864868164,2,2,2,2,0,0,0,0,0,1.0,1.0,,,,2,63653,2
Persist4D-V2,137a8158-1db5-2cc0-8003-31c12610471e,scene0079_05-scene0079_04-scene0079_03-scene0079_07-scene0079_01,sha256_seed45,2,0.45630785822868347,0.6497607231140137,0.6542249917984009,0.5185185670852661,0.738095223903656,0.738095223903656,0.8246913552284241,1.0,1.0,0.8370370864868164,1,2,1,2,1,2,0,0,0,0.5,0.5,0.5,,,2,28987,2
FullHistory,137a8158-1db5-2cc0-8003-31c12610471e,scene0079_05-scene0079_04-scene0079_03-scene0079_07-scene0079_01,sha256_seed45,3,0.4503968358039856,0.625,0.682468831539154,0.5039682388305664,0.6785714030265808,0.7857142686843872,0.6946560144424438,0.7365079522132874,0.8844444155693054,0.800000011920929,2,2,4,4,0,0,7,2,0,1.0,1.0,,0.0,0.0,3,102327,5
Persist4D-V2,137a8158-1db5-2cc0-8003-31c12610471e,scene0079_05-scene0079_04-scene0079_03-scene0079_07-scene0079_01,sha256_seed45,3,0.3855820298194885,0.5761408805847168,0.5761408805847168,0.4841269850730896,0.6785714030265808,0.6785714030265808,0.6776280999183655,0.8140741586685181,0.9024983644485474,0.7866666913032532,1,2,1,4,3,6,7,2,2,0.5,0.25,0.5,1.0,0.2857142857142857,2,38674,4
FullHistory,137a8158-1db5-2cc0-8003-31c12610471e,scene0079_05-scene0079_04-scene0079_03-scene0079_07-scene0079_01,sha256_seed45,4,0.28814896941185,0.5065104365348816,0.5220733880996704,0.40162035822868347,0.6145833730697632,0.65625,0.592013955116272,0.7222222089767456,0.7433531880378723,0.6203703880310059,4,4,11,11,1,1,13,7,0,1.0,1.0,1.0,0.0,0.0,4,164331,9
Persist4D-V2,137a8158-1db5-2cc0-8003-31c12610471e,scene0079_05-scene0079_04-scene0079_03-scene0079_07-scene0079_01,sha256_seed45,4,0.2760416567325592,0.5260416269302368,0.5260416269302368,0.3125,0.5625,0.5625,0.6023147702217102,0.7185764312744141,0.7635416984558105,0.6238425970077515,1,4,2,11,4,13,13,7,6,0.25,0.18181818181818182,0.3076923076923077,0.8571428571428571,0.46153846153846156,2,62004,6
FullHistory,137a8158-1db5-2cc0-8003-31c12610471e,scene0079_05-scene0079_04-scene0079_03-scene0079_07-scene0079_01,sha256_seed45,5,0.2374131977558136,0.4765625,0.4765625,0.2673611044883728,0.5,0.5,0.7333333492279053,0.8666666746139526,0.8666666746139526,0.7555555701255798,8,8,15,15,1,1,13,7,0,1.0,1.0,1.0,0.0,0.0,5,178637,14
Persist4D-V2,137a8158-1db5-2cc0-8003-31c12610471e,scene0079_05-scene0079_04-scene0079_03-scene0079_07-scene0079_01,sha256_seed45,5,0.2621527910232544,0.5260416269302368,0.5260416269302368,0.2986111044883728,0.5625,0.5625,0.763580322265625,0.8166667222976685,0.9333333969116211,0.7925926446914673,1,8,2,15,4,17,13,7,6,0.125,0.13333333333333333,0.23529411764705882,0.8571428571428571,0.46153846153846156,2,14306,8
FullHistory,137a8158-1db5-2cc0-8003-31c12610471e,scene0079_06-scene0079_11-scene0079_10-scene0079_02-scene0079_08,canonical,2,0.23038193583488464,0.46145832538604736,0.5199652910232544,0.2907407581806183,0.5041666626930237,0.5562499761581421,0.24597594141960144,0.4945250451564789,0.6488839387893677,0.335185170173645,4,4,4,4,1,1,0,0,0,1.0,1.0,1.0,,,2,117917,2
Persist4D-V2,137a8158-1db5-2cc0-8003-31c12610471e,scene0079_06-scene0079_11-scene0079_10-scene0079_02-scene0079_08,canonical,2,0.23785880208015442,0.47187501192092896,0.5309028029441833,0.31296294927597046,0.5291666984558105,0.550000011920929,0.2505902647972107,0.5008680820465088,0.6650173664093018,0.34351852536201477,0,4,0,4,0,4,0,0,0,0.0,0.0,0.0,,,2,84866,2
FullHistory,137a8158-1db5-2cc0-8003-31c12610471e,scene0079_06-scene0079_11-scene0079_10-scene0079_02-scene0079_08,canonical,3,0.08993056416511536,0.21770833432674408,0.3453125059604645,0.11597222834825516,0.24375000596046448,0.3687500059604645,0.5143055319786072,0.6287499666213989,0.6979166865348816,0.7055556178092957,6,6,6,6,1,1,0,0,0,1.0,1.0,1.0,,,3,157438,5
Persist4D-V2,137a8158-1db5-2cc0-8003-31c12610471e,scene0079_06-scene0079_11-scene0079_10-scene0079_02-scene0079_08,canonical,3,0.17553240060806274,0.3166666626930237,0.35208332538604736,0.19027777016162872,0.33125001192092896,0.35208332538604736,0.5722222328186035,0.7916666269302368,0.8999999761581421,0.6000000238418579,1,6,1,6,2,7,0,0,0,0.16666666666666666,0.16666666666666666,0.2857142857142857,,,2,39521,4
FullHistory,137a8158-1db5-2cc0-8003-31c12610471e,scene0079_06-scene0079_11-scene0079_10-scene0079_02-scene0079_08,canonical,4,0.0763888880610466,0.0868055522441864,0.2300347238779068,0.1111111119389534,0.1302083432674408,0.2708333432674408,0.4966931641101837,0.5615079402923584,0.648809552192688,0.682692289352417,9,9,13,13,1,1,8,4,0,1.0,1.0,1.0,0.0,0.0,4,221954,9
Persist4D-V2,137a8158-1db5-2cc0-8003-31c12610471e,scene0079_06-scene0079_11-scene0079_10-scene0079_02-scene0079_08,canonical,4,0.14067761600017548,0.25591856241226196,0.2799479067325592,0.1597222238779068,0.296875,0.3177083432674408,0.533730149269104,0.555555522441864,0.6549035906791687,0.6759259104728699,2,9,3,13,2,12,7,4,3,0.2222222222222222,0.23076923076923078,0.16666666666666666,0.75,0.42857142857142855,2,64516,6
FullHistory,137a8158-1db5-2cc0-8003-31c12610471e,scene0079_06-scene0079_11-scene0079_10-scene0079_02-scene0079_08,canonical,5,0.01909722201526165,0.02083333395421505,0.1822916716337204,0.0451388880610466,0.046875,0.21875,0.567460298538208,0.8333333730697632,0.9523810148239136,0.6640211343765259,12,12,18,18,1,1,11,5,0,1.0,1.0,1.0,0.0,0.0,5,258389,14
Persist4D-V2,137a8158-1db5-2cc0-8003-31c12610471e,scene0079_06-scene0079_11-scene0079_10-scene0079_02-scene0079_08,canonical,5,0.0017887207213789225,0.005918560549616814,0.0299479179084301,0.02083333395421505,0.046875,0.0677083358168602,0.4847883880138397,0.7261905074119568,0.773809552192688,0.6534391641616821,3,13,6,19,4,17,10,5,3,0.23076923076923078,0.3157894736842105,0.23529411764705882,0.6,0.3,2,36435,8
FullHistory,137a8158-1db5-2cc0-8003-31c12610471e,scene0079_06-scene0079_11-scene0079_10-scene0079_02-scene0079_08,reverse,2,0.274570107460022,0.418154776096344,0.4538690745830536,0.2976190447807312,0.4285714328289032,0.4642857015132904,0.6162036657333374,0.7341269850730896,0.7817460298538208,0.7010582089424133,5,5,5,5,0,0,0,0,0,1.0,1.0,,,,2,100951,2
Persist4D-V2,137a8158-1db5-2cc0-8003-31c12610471e,scene0079_06-scene0079_11-scene0079_10-scene0079_02-scene0079_08,reverse,2,0.33456218242645264,0.5368813872337341,0.6038457155227661,0.420634925365448,0.6071428656578064,0.6428571343421936,0.6300925612449646,0.7519841194152832,0.7996031641960144,0.7010582089424133,3,5,3,5,1,3,0,0,0,0.6,0.6,0.3333333333333333,,,2,64516,2
FullHistory,137a8158-1db5-2cc0-8003-31c12610471e,scene0079_06-scene0079_11-scene0079_10-scene0079_02-scene0079_08,reverse,3,0.16249999403953552,0.2607142925262451,0.31458333134651184,0.20714284479618073,0.3142857253551483,0.37857145071029663,0.5180941820144653,0.7916666269302368,0.8999999761581421,0.6222222447395325,9,9,10,10,1,1,0,0,0,1.0,1.0,1.0,,,3,140472,5
Persist4D-V2,137a8158-1db5-2cc0-8003-31c12610471e,scene0079_06-scene0079_11-scene0079_10-scene0079_02-scene0079_08,reverse,3,0.225133016705513,0.39313140511512756,0.4467028081417084,0.2865079343318939,0.4571428596973419,0.48571428656578064,0.5879629254341125,0.7916666269302368,0.8999999761581421,0.7333333492279053,4,9,5,10,3,8,0,0,0,0.4444444444444444,0.5,0.375,,,2,39521,4
FullHistory,137a8158-1db5-2cc0-8003-31c12610471e,scene0079_06-scene0079_11-scene0079_10-scene0079_02-scene0079_08,reverse,4,0.026730602607131004,0.0386904776096344,0.1886160671710968,0.0699404776096344,0.1116071417927742,0.2857142686843872,0.22579090297222137,0.4435763955116272,0.5243055820465088,0.2916666567325592,11,11,16,16,2,2,10,4,0,1.0,1.0,1.0,0.0,0.0,4,225338,9
Persist4D-V2,137a8158-1db5-2cc0-8003-31c12610471e,scene0079_06-scene0079_11-scene0079_10-scene0079_02-scene0079_08,reverse,4,0.0529513880610466,0.3125,0.3125,0.0659722238779068,0.3125,0.3125,0.17430554330348969,0.4798611104488373,0.6439236402511597,0.20787037909030914,5,11,6,17,3,14,10,5,2,0.45454545454545453,0.35294117647058826,0.21428571428571427,0.4,0.2,2,84866,6
FullHistory,137a8158-1db5-2cc0-8003-31c12610471e,scene0079_06-scene0079_11-scene0079_10-scene0079_02-scene0079_08,reverse,5,0.020502647385001183,0.0230654776096344,0.181547611951828,0.0436507947742939,0.0491071417927742,0.2232142835855484,0.614814817905426,0.8666666150093079,0.9333333969116211,0.614814817905426,14,14,21,21,5,5,10,4,0,1.0,1.0,1.0,0.0,0.0,5,258389,14
Persist4D-V2,137a8158-1db5-2cc0-8003-31c12610471e,scene0079_06-scene0079_11-scene0079_10-scene0079_02-scene0079_08,reverse,5,0.0329861119389534,0.1875,0.1875,0.0486111119389534,0.1875,0.1875,0.6537037491798401,0.8666666150093079,0.9055555462837219,0.703703761100769,6,15,6,22,3,19,10,5,2,0.4,0.2727272727272727,0.15789473684210525,0.4,0.2,2,33051,8
FullHistory,137a8158-1db5-2cc0-8003-31c12610471e,scene0079_06-scene0079_11-scene0079_10-scene0079_02-scene0079_08,sha256_seed45,2,0.45568788051605225,0.4742063581943512,0.5436508059501648,0.4920634925365448,0.5238094925880432,0.5833333730697632,0.5171957612037659,0.555555522441864,0.64384925365448,0.579365074634552,3,3,3,3,0,0,0,0,0,1.0,1.0,,,,2,104037,2
Persist4D-V2,137a8158-1db5-2cc0-8003-31c12610471e,scene0079_06-scene0079_11-scene0079_10-scene0079_02-scene0079_08,sha256_seed45,2,0.415019690990448,0.4445611834526062,0.52182537317276,0.5052910447120667,0.5476190447807312,0.6071428656578064,0.5403439402580261,0.5853174924850464,0.6846655607223511,0.6759259104728699,0,3,0,3,1,4,0,0,0,0.0,0.0,0.25,,,2,64516,2
FullHistory,137a8158-1db5-2cc0-8003-31c12610471e,scene0079_06-scene0079_11-scene0079_10-scene0079_02-scene0079_08,sha256_seed45,3,0.1725732535123825,0.3142857253551483,0.36815476417541504,0.17936506867408752,0.3142857253551483,0.37857145071029663,0.5899471044540405,0.8333333730697632,0.9523810148239136,0.5899471044540405,7,7,7,7,1,1,0,0,0,1.0,1.0,1.0,,,3,140472,5
Persist4D-V2,137a8158-1db5-2cc0-8003-31c12610471e,scene0079_06-scene0079_11-scene0079_10-scene0079_02-scene0079_08,sha256_seed45,3,0.1587301641702652,0.2857142984867096,0.3211309611797333,0.1587301641702652,0.2857142984867096,0.3738095462322235,0.5681217312812805,0.8333333730697632,0.8809524178504944,0.6534391641616821,0,7,1,8,2,9,0,0,0,0.0,0.125,0.2222222222222222,,,2,36435,4
FullHistory,137a8158-1db5-2cc0-8003-31c12610471e,scene0079_06-scene0079_11-scene0079_10-scene0079_02-scene0079_08,sha256_seed45,4,0.13849206268787384,0.2607142925262451,0.30892854928970337,0.19206349551677704,0.3142857253551483,0.37857145071029663,0.6277777552604675,0.8666666150093079,0.9333333969116211,0.6814814805984497,11,11,12,12,1,1,0,0,0,1.0,1.0,1.0,,,4,173523,9
Persist4D-V2,137a8158-1db5-2cc0-8003-31c12610471e,scene0079_06-scene0079_11-scene0079_10-scene0079_02-scene0079_08,sha256_seed45,4,0.1269841343164444,0.2857142984867096,0.3166666626930237,0.1269841343164444,0.2857142984867096,0.3380952477455139,0.6407407522201538,0.8666666150093079,0.9333333969116211,0.6592592597007751,0,11,1,12,2,13,0,0,0,0.0,0.08333333333333333,0.15384615384615385,,,2,33051,6
FullHistory,137a8158-1db5-2cc0-8003-31c12610471e,scene0079_06-scene0079_11-scene0079_10-scene0079_02-scene0079_08,sha256_seed45,5,0.022486774250864983,0.0230654776096344,0.0565476194024086,0.0456349216401577,0.0491071417927742,0.0982142835855484,0.21942517161369324,0.4279513955116272,0.5364583730697632,0.2673611044883728,15,15,19,19,2,2,10,1,0,1.0,1.0,1.0,0.0,0.0,5,258389,14
Persist4D-V2,137a8158-1db5-2cc0-8003-31c12610471e,scene0079_06-scene0079_11-scene0079_10-scene0079_02-scene0079_08,sha256_seed45,5,0.07008364796638489,0.25078123807907104,0.2747395932674408,0.0833333358168602,0.265625,0.2864583432674408,0.2773842215538025,0.5027778148651123,0.671093761920929,0.34351852536201477,0,15,3,19,3,19,10,1,1,0.0,0.15789473684210525,0.15789473684210525,1.0,0.1,2,84866,8
FullHistory,137a8158-1db5-2cc0-8003-31c12610471e,scene0079_07-scene0079_01-scene0079_06-scene0079_11-scene0079_10,canonical,2,0.7185825705528259,0.7519841194152832,0.771329402923584,0.7283950448036194,0.7777777314186096,0.8333333134651184,0.6676667928695679,0.7957508563995361,0.8615344166755676,0.7985185980796814,0,0,0,0,1,1,0,0,0,,,1.0,,,2,67661,2
Persist4D-V2,137a8158-1db5-2cc0-8003-31c12610471e,scene0079_07-scene0079_01-scene0079_06-scene0079_11-scene0079_10,canonical,2,0.5430247187614441,0.547815203666687,0.5647556781768799,0.7237654328346252,0.7777777314186096,0.8333333134651184,0.6646651029586792,0.7862962484359741,0.874720573425293,0.7866666913032532,0,0,0,0,3,3,0,0,0,,,1.0,,,2,38674,2
FullHistory,137a8158-1db5-2cc0-8003-31c12610471e,scene0079_07-scene0079_01-scene0079_06-scene0079_11-scene0079_10,canonical,3,0.5661908388137817,0.6783564686775208,0.6783564686775208,0.625,0.75,0.75,0.6714814901351929,0.8883333206176758,0.894444465637207,0.7333333492279053,0,0,5,5,1,1,5,5,0,,1.0,1.0,0.0,0.0,3,100712,5
Persist4D-V2,137a8158-1db5-2cc0-8003-31c12610471e,scene0079_07-scene0079_01-scene0079_06-scene0079_11-scene0079_10,canonical,3,0.42852136492729187,0.5244107842445374,0.5412685871124268,0.520061731338501,0.6527777314186096,0.7083333134651184,0.6696913242340088,0.894444465637207,0.9527777433395386,0.7111111283302307,0,0,0,5,3,8,5,5,5,,0.0,0.375,1.0,1.0,2,33051,4
FullHistory,137a8158-1db5-2cc0-8003-31c12610471e,scene0079_07-scene0079_01-scene0079_06-scene0079_11-scene0079_10,canonical,4,0.07175926119089127,0.2265625,0.2682291865348816,0.12615741789340973,0.3333333432674408,0.375,0.16739968955516815,0.48923611640930176,0.6572916507720947,0.28773149847984314,4,4,11,11,3,3,13,7,0,1.0,1.0,1.0,0.0,0.0,4,185578,9
Persist4D-V2,137a8158-1db5-2cc0-8003-31c12610471e,scene0079_07-scene0079_01-scene0079_06-scene0079_11-scene0079_10,canonical,4,0.17812500894069672,0.3031249940395355,0.3333333432674408,0.19675925374031067,0.3125,0.3333333432674408,0.2688194513320923,0.4774305522441864,0.6415798664093018,0.34351852536201477,0,5,1,12,3,14,13,7,6,0.0,0.08333333333333333,0.21428571428571427,0.8571428571428571,0.46153846153846156,2,84866,6
FullHistory,137a8158-1db5-2cc0-8003-31c12610471e,scene0079_07-scene0079_01-scene0079_06-scene0079_11-scene0079_10,canonical,5,0.12181714177131653,0.2708333432674408,0.42284226417541504,0.14004629850387573,0.2708333432674408,0.4583333432674408,0.5555555820465088,0.612500011920929,0.8774999976158142,0.6388888955116272,6,6,14,14,6,6,14,7,0,1.0,1.0,1.0,0.0,0.0,5,225099,14
Persist4D-V2,137a8158-1db5-2cc0-8003-31c12610471e,scene0079_07-scene0079_01-scene0079_06-scene0079_11-scene0079_10,canonical,5,0.1624806970357895,0.2776041626930237,0.2881944477558136,0.17592592537403107,0.2916666567325592,0.3125,0.5930555462837219,0.8291666507720947,0.8999999761581421,0.6000000238418579,1,7,2,15,4,17,14,7,6,0.14285714285714285,0.13333333333333333,0.23529411764705882,0.8571428571428571,0.42857142857142855,2,39521,8
FullHistory,137a8158-1db5-2cc0-8003-31c12610471e,scene0079_07-scene0079_01-scene0079_06-scene0079_11-scene0079_10,reverse,2,0.15491898357868195,0.3904513716697693,0.5154513716697693,0.17083333432674408,0.4208333492279053,0.5458333492279053,0.18298611044883728,0.4633680582046509,0.6074652671813965,0.20787037909030914,2,2,2,2,0,0,0,0,0,1.0,1.0,,,,2,124387,2
Persist4D-V2,137a8158-1db5-2cc0-8003-31c12610471e,scene0079_07-scene0079_01-scene0079_06-scene0079_11-scene0079_10,reverse,2,0.10324349999427795,0.35228171944618225,0.4782271087169647,0.1754629760980606,0.4416666626930237,0.5666666626930237,0.18993055820465088,0.4798611104488373,0.6439236402511597,0.20787037909030914,1,2,1,2,1,2,0,0,0,0.5,0.5,0.5,,,2,84866,2
FullHistory,137a8158-1db5-2cc0-8003-31c12610471e,scene0079_07-scene0079_01-scene0079_06-scene0079_11-scene0079_10,reverse,3,0.07440200448036194,0.17690971493721008,0.38420140743255615,0.15300925076007843,0.2645833492279053,0.4520833492279053,0.6370370388031006,0.8666666150093079,0.9333333969116211,0.6370370388031006,6,6,6,6,1,1,0,0,0,1.0,1.0,1.0,,,3,157438,5
Persist4D-V2,137a8158-1db5-2cc0-8003-31c12610471e,scene0079_07-scene0079_01-scene0079_06-scene0079_11-scene0079_10,reverse,3,0.0771990716457367,0.21770833432674408,0.3427083492279053,0.08587963134050369,0.23333333432674408,0.3583333492279053,0.6537037491798401,0.8666666150093079,0.9055555462837219,0.703703761100769,2,6,2,6,2,6,0,0,0,0.3333333333333333,0.3333333333333333,0.3333333333333333,,,2,33051,4
FullHistory,137a8158-1db5-2cc0-8003-31c12610471e,scene0079_07-scene0079_01-scene0079_06-scene0079_11-scene0079_10,reverse,4,0.09317130595445633,0.2135416716337204,0.3828125,0.11921297013759613,0.2395833432674408,0.3958333432674408,0.5311992764472961,0.5534127354621887,0.6807936429977417,0.8162962794303894,6,6,8,8,1,1,9,1,0,1.0,1.0,1.0,0.0,0.0,4,196112,9
Persist4D-V2,137a8158-1db5-2cc0-8003-31c12610471e,scene0079_07-scene0079_01-scene0079_06-scene0079_11-scene0079_10,reverse,4,0.03530092537403107,0.1510416716337204,0.2760416567325592,0.04398148134350777,0.1666666716337204,0.2916666567325592,0.6555246710777283,0.6916666626930237,0.8939286470413208,0.8088889122009277,2,6,2,9,2,9,9,1,1,0.3333333333333333,0.2222222222222222,0.2222222222222222,1.0,0.1111111111111111,2,38674,6
FullHistory,137a8158-1db5-2cc0-8003-31c12610471e,scene0079_07-scene0079_01-scene0079_06-scene0079_11-scene0079_10,reverse,5,0.10271991044282913,0.2161458283662796,0.3958333432674408,0.12615741789340973,0.2395833432674408,0.3958333432674408,0.8003703355789185,0.9699999690055847,0.9699999690055847,0.8370370864868164,6,6,13,13,2,2,14,6,0,1.0,1.0,1.0,0.0,0.0,5,225099,14
Persist4D-V2,137a8158-1db5-2cc0-8003-31c12610471e,scene0079_07-scene0079_01-scene0079_06-scene0079_11-scene0079_10,reverse,5,0.032407406717538834,0.1458333283662796,0.2708333432674408,0.032407406717538834,0.1458333283662796,0.2708333432674408,0.8240741491317749,1.0,1.0,0.8666667342185974,2,6,2,14,2,14,14,6,5,0.3333333333333333,0.14285714285714285,0.14285714285714285,0.8333333333333334,0.35714285714285715,2,28987,8
FullHistory,137a8158-1db5-2cc0-8003-31c12610471e,scene0079_07-scene0079_01-scene0079_06-scene0079_11-scene0079_10,sha256_seed45,2,0.7617926597595215,0.8285880088806152,0.8554398417472839,0.7839505672454834,0.8611111044883728,0.9166666865348816,0.6523148417472839,0.7916666269302368,0.949999988079071,0.6777778267860413,0,0,0,0,0,0,0,0,0,,,,,,2,68508,2
Persist4D-V2,137a8158-1db5-2cc0-8003-31c12610471e,scene0079_07-scene0079_01-scene0079_06-scene0079_11-scene0079_10,sha256_seed45,2,0.534487247467041,0.5564499497413635,0.6039516925811768,0.7345678806304932,0.8194444179534912,0.8472222685813904,0.6490740180015564,0.7916666269302368,0.949999988079071,0.6722222566604614,0,0,0,0,3,3,0,0,0,,,1.0,,,2,39521,2
FullHistory,137a8158-1db5-2cc0-8003-31c12610471e,scene0079_07-scene0079_01-scene0079_06-scene0079_11-scene0079_10,sha256_seed45,3,0.5752314925193787,0.5833333134651184,0.5853174328804016,0.5787037014961243,0.5833333134651184,0.6111111044883728,0.5454320907592773,0.5655555725097656,0.7007777690887451,0.7274073958396912,2,2,2,2,0,0,2,0,0,1.0,1.0,,,0.0,3,107182,5
Persist4D-V2,137a8158-1db5-2cc0-8003-31c12610471e,scene0079_07-scene0079_01-scene0079_06-scene0079_11-scene0079_10,sha256_seed45,3,0.4202996492385864,0.42042824625968933,0.42256948351860046,0.5370370149612427,0.5416666865348816,0.5416666865348816,0.6519629955291748,0.704444408416748,0.8027777671813965,0.7333333492279053,1,3,1,3,3,5,2,0,0,0.3333333333333333,0.3333333333333333,0.6,,0.0,2,38674,4
FullHistory,137a8158-1db5-2cc0-8003-31c12610471e,scene0079_07-scene0079_01-scene0079_06-scene0079_11-scene0079_10,sha256_seed45,4,0.4131351113319397,0.593215823173523,0.6049603223800659,0.43518519401550293,0.6666666865348816,0.694444477558136,0.645061731338501,0.894444465637207,0.9311111569404602,0.6666666865348816,2,2,7,7,0,0,7,5,0,1.0,1.0,,0.0,0.0,4,140233,9
Persist4D-V2,137a8158-1db5-2cc0-8003-31c12610471e,scene0079_07-scene0079_01-scene0079_06-scene0079_11-scene0079_10,sha256_seed45,4,0.3333333432674408,0.4166666567325592,0.4166666567325592,0.3333333432674408,0.4166666567325592,0.4166666567325592,0.6696913242340088,0.894444465637207,0.9527777433395386,0.7111111283302307,1,3,2,8,4,10,7,5,4,0.3333333333333333,0.25,0.4,0.8,0.5714285714285714,2,33051,6
FullHistory,137a8158-1db5-2cc0-8003-31c12610471e,scene0079_07-scene0079_01-scene0079_06-scene0079_11-scene0079_10,sha256_seed45,5,0.06568286567926407,0.1649305522441864,0.3680555522441864,0.1493055522441864,0.2604166865348816,0.4375,0.15266203880310059,0.45104166865348816,0.6420139074325562,0.2900463342666626,6,6,14,14,1,1,15,7,0,1.0,1.0,1.0,0.0,0.0,5,225099,14
Persist4D-V2,137a8158-1db5-2cc0-8003-31c12610471e,scene0079_07-scene0079_01-scene0079_06-scene0079_11-scene0079_10,sha256_seed45,5,0.15932072699069977,0.2731226980686188,0.2916666567325592,0.17592592537403107,0.2916666567325592,0.2916666567325592,0.2505902647972107,0.5008680820465088,0.6650173664093018,0.34351852536201477,1,8,2,15,4,17,15,7,6,0.125,0.13333333333333333,0.23529411764705882,0.8571428571428571,0.4,2,84866,8
FullHistory,137a8158-1db5-2cc0-8003-31c12610471e,scene0079_08-scene0079_00-scene0079_09-scene0079_05-scene0079_04,canonical,2,0.40571263432502747,0.71875,0.7671874761581421,0.5069444179534912,0.71875,0.78125,0.4841614365577698,0.7620598077774048,0.8001736402511597,0.6064814925193787,7,7,7,7,1,1,0,0,0,1.0,1.0,1.0,,,2,126687,2
Persist4D-V2,137a8158-1db5-2cc0-8003-31c12610471e,scene0079_08-scene0079_00-scene0079_09-scene0079_05-scene0079_04,canonical,2,0.4582228660583496,0.71875,0.75,0.5381944179534912,0.71875,0.75,0.48397955298423767,0.7636408805847168,0.8051215410232544,0.5960648059844971,1,7,1,7,1,7,0,0,0,0.14285714285714285,0.14285714285714285,0.14285714285714285,,,2,90252,2
FullHistory,137a8158-1db5-2cc0-8003-31c12610471e,scene0079_08-scene0079_00-scene0079_09-scene0079_05-scene0079_04,canonical,3,0.3697916567325592,0.6875,0.7222222089767456,0.375,0.6875,0.7395833730697632,0.7777777910232544,0.949999988079071,0.949999988079071,0.7777777910232544,12,12,12,12,3,3,0,0,0,1.0,1.0,1.0,,,3,150205,5
Persist4D-V2,137a8158-1db5-2cc0-8003-31c12610471e,scene0079_08-scene0079_00-scene0079_09-scene0079_05-scene0079_04,canonical,3,0.4049605131149292,0.6510416865348816,0.6927083134651184,0.5,0.6875,0.71875,0.7129629254341125,0.8708333969116211,0.8708333969116211,0.7388888597488403,1,12,1,12,1,12,0,0,0,0.08333333333333333,0.08333333333333333,0.08333333333333333,,,2,23518,4
FullHistory,137a8158-1db5-2cc0-8003-31c12610471e,scene0079_08-scene0079_00-scene0079_09-scene0079_05-scene0079_04,canonical,4,0.2152777761220932,0.421875,0.421875,0.2569444477558136,0.46875,0.46875,0.485339492559433,0.7222222089767456,0.7341269850730896,0.5023148059844971,17,17,19,19,5,5,12,1,0,1.0,1.0,1.0,0.0,0.0,4,212209,9
Persist4D-V2,137a8158-1db5-2cc0-8003-31c12610471e,scene0079_08-scene0079_00-scene0079_09-scene0079_05-scene0079_04,canonical,4,0.3125,0.46875,0.46875,0.3125,0.46875,0.46875,0.5544367432594299,0.7407985925674438,0.7824652791023254,0.6087963581085205,2,17,2,20,2,20,12,2,2,0.11764705882352941,0.1,0.1,1.0,0.16666666666666666,2,62004,6
FullHistory,137a8158-1db5-2cc0-8003-31c12610471e,scene0079_08-scene0079_00-scene0079_09-scene0079_05-scene0079_04,canonical,5,0.1770833283662796,0.390625,0.390625,0.25,0.4375,0.4375,0.6814814805984497,0.8666666746139526,0.9333333969116211,0.7555555701255798,20,21,22,23,5,6,12,1,0,0.9523809523809523,0.9565217391304348,0.8333333333333334,0.0,0.0,5,226515,14
Persist4D-V2,137a8158-1db5-2cc0-8003-31c12610471e,scene0079_08-scene0079_00-scene0079_09-scene0079_05-scene0079_04,canonical,5,0.2638888955116272,0.4375,0.4375,0.2638888955116272,0.4375,0.4375,0.7802469730377197,0.8666666746139526,0.9333333969116211,0.7925926446914673,3,21,2,24,3,25,12,2,2,0.14285714285714285,0.08333333333333333,0.12,1.0,0.16666666666666666,2,14306,8
FullHistory,137a8158-1db5-2cc0-8003-31c12610471e,scene0079_08-scene0079_00-scene0079_09-scene0079_05-scene0079_04,reverse,2,0.3902006447315216,0.5729166865348816,0.5944444537162781,0.3946759104728699,0.5729166865348816,0.6145833730697632,0.570756196975708,0.7291666865348816,0.7840278148651123,0.5752314925193787,3,3,3,3,1,1,0,0,0,1.0,1.0,1.0,,,2,76310,2
Persist4D-V2,137a8158-1db5-2cc0-8003-31c12610471e,scene0079_08-scene0079_00-scene0079_09-scene0079_05-scene0079_04,reverse,2,0.3934231996536255,0.5761573910713196,0.5784722566604614,0.41550928354263306,0.59375,0.59375,0.5739787220954895,0.7324074506759644,0.7840278148651123,0.5960648059844971,0,3,0,3,0,3,0,0,0,0.0,0.0,0.0,,,2,62004,2
FullHistory,137a8158-1db5-2cc0-8003-31c12610471e,scene0079_08-scene0079_00-scene0079_09-scene0079_05-scene0079_04,reverse,3,0.27956902980804443,0.4625495970249176,0.504687488079071,0.34490740299224854,0.5416666865348816,0.5625,0.6583333611488342,0.8500000238418579,0.8500000238418579,0.7166666388511658,8,8,8,8,1,1,0,0,0,1.0,1.0,1.0,,,3,99828,5
Persist4D-V2,137a8158-1db5-2cc0-8003-31c12610471e,scene0079_08-scene0079_00-scene0079_09-scene0079_05-scene0079_04,reverse,3,0.2927287817001343,0.5449074506759644,0.5472222566604614,0.31481480598449707,0.5625,0.5625,0.6499999761581421,0.8500000238418579,0.8500000238418579,0.6499999761581421,0,8,0,8,0,8,0,0,0,0.0,0.0,0.0,,,2,23518,4
FullHistory,137a8158-1db5-2cc0-8003-31c12610471e,scene0079_08-scene0079_00-scene0079_09-scene0079_05-scene0079_04,reverse,4,0.26581791043281555,0.3940972089767456,0.4019097089767456,0.31712964177131653,0.4583333432674408,0.4895833432674408,0.5061728358268738,0.7517361044883728,0.7829861044883728,0.5474537014961243,13,13,15,15,2,2,12,1,0,1.0,1.0,1.0,0.0,0.0,4,190080,9
Persist4D-V2,137a8158-1db5-2cc0-8003-31c12610471e,scene0079_08-scene0079_00-scene0079_09-scene0079_05-scene0079_04,reverse,4,0.19733795523643494,0.4427083134651184,0.4427083134651184,0.20601850748062134,0.4583333134651184,0.4583333134651184,0.4941573143005371,0.76953125,0.8265625238418579,0.5428240895271301,0,13,0,16,0,16,12,2,2,0.0,0.0,0.0,1.0,0.16666666666666666,2,90252,6
FullHistory,137a8158-1db5-2cc0-8003-31c12610471e,scene0079_08-scene0079_00-scene0079_09-scene0079_05-scene0079_04,reverse,5,0.1944444477558136,0.390625,0.390625,0.2361111044883728,0.4375,0.4375,0.6497354507446289,0.848809540271759,0.8948412537574768,0.7142857313156128,19,19,21,21,3,3,12,1,0,1.0,1.0,1.0,0.0,0.0,5,226515,14
Persist4D-V2,137a8158-1db5-2cc0-8003-31c12610471e,scene0079_08-scene0079_00-scene0079_09-scene0079_05-scene0079_04,reverse,5,0.1805555522441864,0.4375,0.4375,0.1805555522441864,0.4375,0.4375,0.6322751641273499,0.8333333730697632,0.8908730149269104,0.6613757014274597,0,19,0,22,0,22,12,2,2,0.0,0.0,0.0,1.0,0.16666666666666666,2,36435,8
FullHistory,137a8158-1db5-2cc0-8003-31c12610471e,scene0079_08-scene0079_00-scene0079_09-scene0079_05-scene0079_04,sha256_seed45,2,0.39368388056755066,0.5602678656578064,0.5965278148651123,0.4201388955116272,0.59375,0.6145833730697632,0.763580322265625,0.8166667222976685,0.9333333969116211,0.7925926446914673,4,4,4,4,0,0,0,0,0,1.0,1.0,,,,2,76310,2
Persist4D-V2,137a8158-1db5-2cc0-8003-31c12610471e,scene0079_08-scene0079_00-scene0079_09-scene0079_05-scene0079_04,sha256_seed45,2,0.4930169880390167,0.6717013716697693,0.6885416507720947,0.5266203880310059,0.71875,0.7395833730697632,0.7802469730377197,0.8666666746139526,0.9333333969116211,0.7925926446914673,0,4,0,4,1,5,0,0,0,0.0,0.0,0.2,,,2,14306,2
FullHistory,137a8158-1db5-2cc0-8003-31c12610471e,scene0079_08-scene0079_00-scene0079_09-scene0079_05-scene0079_04,sha256_seed45,3,0.18167439103126526,0.31527775526046753,0.3207031190395355,0.2557870149612427,0.4270833432674408,0.4583333432674408,0.6046075820922852,0.7460317611694336,0.7722222208976746,0.7195767164230347,6,6,8,8,1,1,6,1,0,1.0,1.0,1.0,0.0,0.0,3,112745,5
Persist4D-V2,137a8158-1db5-2cc0-8003-31c12610471e,scene0079_08-scene0079_00-scene0079_09-scene0079_05-scene0079_04,sha256_seed45,3,0.30787038803100586,0.5729166269302368,0.5902777910232544,0.33564817905426025,0.6041666269302368,0.6458333730697632,0.5552842020988464,0.7854090332984924,0.9420024156570435,0.6084656119346619,0,7,1,9,2,10,6,1,1,0.0,0.1111111111111111,0.2,1.0,0.16666666666666666,2,36435,4
FullHistory,137a8158-1db5-2cc0-8003-31c12610471e,scene0079_08-scene0079_00-scene0079_09-scene0079_05-scene0079_04,sha256_seed45,4,0.1831597238779068,0.3984375,0.3984375,0.2326388955116272,0.46875,0.46875,0.453125,0.7517361044883728,0.7829861044883728,0.46643516421318054,11,11,16,17,4,5,16,3,0,1.0,0.9411764705882353,0.8,0.0,0.0,4,202997,9
Persist4D-V2,137a8158-1db5-2cc0-8003-31c12610471e,scene0079_08-scene0079_00-scene0079_09-scene0079_05-scene0079_04,sha256_seed45,4,0.1927083283662796,0.515625,0.5190972089767456,0.2291666716337204,0.5625,0.5833333730697632,0.47616705298423767,0.7636408805847168,0.8051215410232544,0.5960648059844971,2,13,2,18,3,19,16,3,3,0.15384615384615385,0.1111111111111111,0.15789473684210525,1.0,0.1875,2,90252,6
FullHistory,137a8158-1db5-2cc0-8003-31c12610471e,scene0079_08-scene0079_00-scene0079_09-scene0079_05-scene0079_04,sha256_seed45,5,0.1527777761220932,0.375,0.3828125,0.1527777761220932,0.375,0.40625,0.737500011920929,0.8708333969116211,0.8791666030883789,0.7666666507720947,16,16,21,22,5,6,16,3,0,1.0,0.9545454545454546,0.8333333333333334,0.0,0.0,5,226515,14
Persist4D-V2,137a8158-1db5-2cc0-8003-31c12610471e,scene0079_08-scene0079_00-scene0079_09-scene0079_05-scene0079_04,sha256_seed45,5,0.2152777761220932,0.5625,0.5659722089767456,0.2152777761220932,0.5625,0.5833333730697632,0.7129629254341125,0.8708333969116211,0.8708333969116211,0.7388888597488403,2,18,2,23,3,24,16,3,3,0.1111111111111111,0.08695652173913043,0.125,1.0,0.1875,2,23518,8
FullHistory,137a8158-1db5-2cc0-8003-31c12610471e,scene0079_09-scene0079_05-scene0079_04-scene0079_03-scene0079_07,canonical,2,0.41041669249534607,0.59375,0.65625,0.44560182094573975,0.59375,0.65625,0.5725694298744202,0.7581597566604614,0.8206597566604614,0.6226851940155029,5,5,5,5,0,0,0,0,0,1.0,1.0,,,,2,85522,2
Persist4D-V2,137a8158-1db5-2cc0-8003-31c12610471e,scene0079_09-scene0079_05-scene0079_04-scene0079_03-scene0079_07,canonical,2,0.39158952236175537,0.5763888955116272,0.6180555820465088,0.42476850748062134,0.59375,0.6354166865348816,0.5544367432594299,0.7407985925674438,0.7824652791023254,0.6087963581085205,1,5,1,5,0,4,0,0,0,0.2,0.2,0.0,,,2,62004,2
FullHistory,137a8158-1db5-2cc0-8003-31c12610471e,scene0079_09-scene0079_05-scene0079_04-scene0079_03-scene0079_07,canonical,3,0.29195454716682434,0.4642361104488373,0.5260416865348816,0.36342594027519226,0.5416666865348816,0.5416666865348816,0.7401235103607178,0.8111110925674438,0.9333333969116211,0.7777777910232544,8,9,8,9,0,1,0,0,0,0.8888888888888888,0.8888888888888888,0.0,,,3,99828,5
Persist4D-V2,137a8158-1db5-2cc0-8003-31c12610471e,scene0079_09-scene0079_05-scene0079_04-scene0079_03-scene0079_07,canonical,3,0.3441358208656311,0.5243055820465088,0.5364583730697632,0.3634259104728699,0.5416666865348816,0.5625,0.7802469730377197,0.8666666746139526,0.9333333969116211,0.7925926446914673,2,9,1,9,1,9,0,0,0,0.2222222222222222,0.1111111111111111,0.1111111111111111,,,2,14306,4
FullHistory,137a8158-1db5-2cc0-8003-31c12610471e,scene0079_09-scene0079_05-scene0079_04-scene0079_03-scene0079_07,canonical,4,0.3090277910232544,0.5260416865348816,0.5347222089767456,0.3194444477558136,0.5416666865348816,0.5625,0.37453702092170715,0.5805555582046509,0.6120370030403137,0.5111111402511597,11,13,11,14,0,3,6,1,1,0.8461538461538461,0.7857142857142857,0.0,1.0,0.16666666666666666,4,134494,9
Persist4D-V2,137a8158-1db5-2cc0-8003-31c12610471e,scene0079_09-scene0079_05-scene0079_04-scene0079_03-scene0079_07,canonical,4,0.24112653732299805,0.3836805522441864,0.5086805820465088,0.2638888955116272,0.4166666865348816,0.5416666865348816,0.3650793135166168,0.4067460298538208,0.5769901275634766,0.42592594027519226,2,12,1,13,1,13,6,1,1,0.16666666666666666,0.07692307692307693,0.07692307692307693,1.0,0.16666666666666666,2,34666,6
FullHistory,137a8158-1db5-2cc0-8003-31c12610471e,scene0079_09-scene0079_05-scene0079_04-scene0079_03-scene0079_07,canonical,5,0.2331349104642868,0.4652777910232544,0.49166667461395264,0.2939814627170563,0.5208333730697632,0.5833333134651184,0.8180040717124939,0.980555534362793,0.980555534362793,0.8444445133209229,13,15,14,18,0,4,9,2,1,0.8666666666666667,0.7777777777777778,0.0,0.5,0.1111111111111111,5,163481,14
Persist4D-V2,137a8158-1db5-2cc0-8003-31c12610471e,scene0079_09-scene0079_05-scene0079_04-scene0079_03-scene0079_07,canonical,5,0.18981482088565826,0.3229166865348816,0.4479166567325592,0.21759259700775146,0.3541666865348816,0.4791666567325592,0.8246913552284241,1.0,1.0,0.8370370864868164,3,13,3,17,5,19,9,2,2,0.23076923076923078,0.17647058823529413,0.2631578947368421,1.0,0.2222222222222222,2,28987,8
FullHistory,137a8158-1db5-2cc0-8003-31c12610471e,scene0079_09-scene0079_05-scene0079_04-scene0079_03-scene0079_07,reverse,2,0.5161375403404236,0.5738095045089722,0.7366213202476501,0.5185185670852661,0.5952380895614624,0.7976190447807312,0.3790748119354248,0.45453038811683655,0.6289351582527161,0.45679011940956116,0,0,0,0,0,0,0,0,0,,,,,,2,63653,2
Persist4D-V2,137a8158-1db5-2cc0-8003-31c12610471e,scene0079_09-scene0079_05-scene0079_04-scene0079_03-scene0079_07,reverse,2,0.45489925146102905,0.5084019899368286,0.6512591242790222,0.4947090148925781,0.5952380895614624,0.738095223903656,0.3656892776489258,0.44212961196899414,0.6145833134651184,0.4475308656692505,0,0,0,0,1,1,0,0,0,,,1.0,,,2,34666,2
FullHistory,137a8158-1db5-2cc0-8003-31c12610471e,scene0079_09-scene0079_05-scene0079_04-scene0079_03-scene0079_07,reverse,3,0.477182537317276,0.6517857313156128,0.6517857313156128,0.5039682388305664,0.6785714030265808,0.6785714030265808,0.8179011940956116,0.9333333969116211,0.9333333969116211,0.8296296000480652,3,3,4,4,1,1,1,0,0,1.0,1.0,1.0,,0.0,3,77959,5
Persist4D-V2,137a8158-1db5-2cc0-8003-31c12610471e,scene0079_09-scene0079_05-scene0079_04-scene0079_03-scene0079_07,reverse,3,0.420634925365448,0.5,0.6428571343421936,0.420634925365448,0.5,0.6428571343421936,0.7648148536682129,0.8166667222976685,0.9333333969116211,0.7925926446914673,0,3,0,4,2,6,1,0,0,0.0,0.0,0.3333333333333333,,0.0,2,14306,4
FullHistory,137a8158-1db5-2cc0-8003-31c12610471e,scene0079_09-scene0079_05-scene0079_04-scene0079_03-scene0079_07,reverse,4,0.23726850748062134,0.4791666567325592,0.4911458492279053,0.2743055522441864,0.5104166865348816,0.5520833730697632,0.5351080298423767,0.7118055820465088,0.761805534362793,0.5474537014961243,7,7,9,10,1,2,9,1,1,1.0,0.9,0.5,1.0,0.1111111111111111,4,139963,9
Persist4D-V2,137a8158-1db5-2cc0-8003-31c12610471e,scene0079_09-scene0079_05-scene0079_04-scene0079_03-scene0079_07,reverse,4,0.27019789814949036,0.4444444477558136,0.5694444179534912,0.3055555522441864,0.4791666865348816,0.6041666269302368,0.5739787220954895,0.7324074506759644,0.7840278148651123,0.5960648059844971,0,7,2,11,3,12,9,1,1,0.0,0.18181818181818182,0.25,1.0,0.1111111111111111,2,62004,6
FullHistory,137a8158-1db5-2cc0-8003-31c12610471e,scene0079_09-scene0079_05-scene0079_04-scene0079_03-scene0079_07,reverse,5,0.2404513955116272,0.4722222089767456,0.53125,0.2939814627170563,0.5208333730697632,0.6041666865348816,0.6722221970558167,0.8500000238418579,0.8500000238418579,0.6722221970558167,12,12,14,15,1,2,9,1,1,1.0,0.9333333333333333,0.5,1.0,0.1111111111111111,5,163481,14
Persist4D-V2,137a8158-1db5-2cc0-8003-31c12610471e,scene0079_09-scene0079_05-scene0079_04-scene0079_03-scene0079_07,reverse,5,0.21464234590530396,0.4444444477558136,0.5694444179534912,0.25,0.4791666865348816,0.6041666269302368,0.6499999761581421,0.8500000238418579,0.8500000238418579,0.6499999761581421,0,12,2,16,3,17,9,1,1,0.0,0.125,0.17647058823529413,1.0,0.1111111111111111,2,23518,8
FullHistory,137a8158-1db5-2cc0-8003-31c12610471e,scene0079_09-scene0079_05-scene0079_04-scene0079_03-scene0079_07,sha256_seed45,2,0.5481859445571899,0.7159863710403442,0.7298752665519714,0.5555555820465088,0.738095223903656,0.7738094925880432,0.8246913552284241,1.0,1.0,0.8370370864868164,2,2,2,2,0,0,0,0,0,1.0,1.0,,,,2,63653,2
Persist4D-V2,137a8158-1db5-2cc0-8003-31c12610471e,scene0079_09-scene0079_05-scene0079_04-scene0079_03-scene0079_07,sha256_seed45,2,0.45630785822868347,0.6497607231140137,0.6542249917984009,0.5185185670852661,0.738095223903656,0.738095223903656,0.8246913552284241,1.0,1.0,0.8370370864868164,1,2,1,2,1,2,0,0,0,0.5,0.5,0.5,,,2,28987,2
FullHistory,137a8158-1db5-2cc0-8003-31c12610471e,scene0079_09-scene0079_05-scene0079_04-scene0079_03-scene0079_07,sha256_seed45,3,0.28740355372428894,0.4097222089767456,0.59375,0.33449074625968933,0.4583333432674408,0.6666666865348816,0.5557291507720947,0.7135416865348816,0.8138889074325562,0.5868055820465088,5,5,8,8,0,0,8,3,0,1.0,1.0,,0.0,0.0,3,125657,5
Persist4D-V2,137a8158-1db5-2cc0-8003-31c12610471e,scene0079_09-scene0079_05-scene0079_04-scene0079_03-scene0079_07,sha256_seed45,3,0.3020833432674408,0.5729166269302368,0.5729166269302368,0.3333333432674408,0.6041666269302368,0.6041666269302368,0.5352182388305664,0.7083333730697632,0.7291666865348816,0.5578703880310059,2,6,2,9,4,11,8,3,2,0.3333333333333333,0.2222222222222222,0.36363636363636365,0.6666666666666666,0.25,2,62004,4
FullHistory,137a8158-1db5-2cc0-8003-31c12610471e,scene0079_09-scene0079_05-scene0079_04-scene0079_03-scene0079_07,sha256_seed45,4,0.2395833283662796,0.484375,0.5034722089767456,0.28356480598449707,0.53125,0.59375,0.7611111402511597,0.8666666746139526,0.8666666746139526,0.800000011920929,9,9,12,12,2,2,8,3,0,1.0,1.0,1.0,0.0,0.0,4,139963,9
Persist4D-V2,137a8158-1db5-2cc0-8003-31c12610471e,scene0079_09-scene0079_05-scene0079_04-scene0079_03-scene0079_07,sha256_seed45,4,0.2881944477558136,0.5729166269302368,0.5729166269302368,0.3194444477558136,0.6041666269302368,0.6041666269302368,0.7802469730377197,0.8666666746139526,0.9333333969116211,0.7925926446914673,2,10,2,13,5,16,8,3,2,0.2,0.15384615384615385,0.3125,0.6666666666666666,0.25,2,14306,6
FullHistory,137a8158-1db5-2cc0-8003-31c12610471e,scene0079_09-scene0079_05-scene0079_04-scene0079_03-scene0079_07,sha256_seed45,5,0.2126598358154297,0.4561011791229248,0.47782737016677856,0.2777777910232544,0.5208333730697632,0.5833333134651184,0.655925989151001,0.8500000238418579,0.8500000238418579,0.7166666388511658,12,12,17,17,3,3,11,4,0,1.0,1.0,1.0,0.0,0.0,5,163481,14
Persist4D-V2,137a8158-1db5-2cc0-8003-31c12610471e,scene0079_09-scene0079_05-scene0079_04-scene0079_03-scene0079_07,sha256_seed45,5,0.2881944477558136,0.5729166269302368,0.5729166269302368,0.3194444477558136,0.6041666269302368,0.6041666269302368,0.786574125289917,0.9145833849906921,0.9145833849906921,0.8166666626930237,2,13,3,18,6,21,11,4,3,0.15384615384615385,0.16666666666666666,0.2857142857142857,0.75,0.2727272727272727,2,23518,8
FullHistory,137a8158-1db5-2cc0-8003-31c12610471e,scene0079_10-scene0079_02-scene0079_08-scene0079_00-scene0079_09,canonical,2,0.45568788051605225,0.4742063581943512,0.5436508059501648,0.4920634925365448,0.5238094925880432,0.5833333730697632,0.5171957612037659,0.555555522441864,0.64384925365448,0.579365074634552,3,3,3,3,0,0,0,0,0,1.0,1.0,,,,2,104037,2
Persist4D-V2,137a8158-1db5-2cc0-8003-31c12610471e,scene0079_10-scene0079_02-scene0079_08-scene0079_00-scene0079_09,canonical,2,0.415019690990448,0.4445611834526062,0.52182537317276,0.5052910447120667,0.5476190447807312,0.6071428656578064,0.5403439402580261,0.5853174924850464,0.6846655607223511,0.6759259104728699,0,3,0,3,1,4,0,0,0,0.0,0.0,0.25,,,2,64516,2
FullHistory,137a8158-1db5-2cc0-8003-31c12610471e,scene0079_10-scene0079_02-scene0079_08-scene0079_00-scene0079_09,canonical,3,0.1725732535123825,0.3142857253551483,0.36815476417541504,0.17936506867408752,0.3142857253551483,0.37857145071029663,0.5899471044540405,0.8333333730697632,0.9523810148239136,0.5899471044540405,7,7,7,7,1,1,0,0,0,1.0,1.0,1.0,,,3,140472,5
Persist4D-V2,137a8158-1db5-2cc0-8003-31c12610471e,scene0079_10-scene0079_02-scene0079_08-scene0079_00-scene0079_09,canonical,3,0.1587301641702652,0.2857142984867096,0.3211309611797333,0.1587301641702652,0.2857142984867096,0.3738095462322235,0.5681217312812805,0.8333333730697632,0.8809524178504944,0.6534391641616821,0,7,1,8,2,9,0,0,0,0.0,0.125,0.2222222222222222,,,2,36435,4
FullHistory,137a8158-1db5-2cc0-8003-31c12610471e,scene0079_10-scene0079_02-scene0079_08-scene0079_00-scene0079_09,canonical,4,0.20972222089767456,0.3531250059604645,0.40026041865348816,0.29305556416511536,0.4000000059604645,0.45625001192092896,0.42168208956718445,0.7829861044883728,0.8142361044883728,0.48148149251937866,13,13,17,17,2,2,10,2,0,1.0,1.0,1.0,0.0,0.0,4,230724,9
Persist4D-V2,137a8158-1db5-2cc0-8003-31c12610471e,scene0079_10-scene0079_02-scene0079_08-scene0079_00-scene0079_09,canonical,4,0.1944444328546524,0.375,0.375,0.2638888955116272,0.375,0.375,0.4773244261741638,0.7480158805847168,0.7894965410232544,0.5960648059844971,1,14,2,18,2,18,10,1,1,0.07142857142857142,0.1111111111111111,0.1111111111111111,1.0,0.1,2,90252,6
FullHistory,137a8158-1db5-2cc0-8003-31c12610471e,scene0079_10-scene0079_02-scene0079_08-scene0079_00-scene0079_09,canonical,5,0.18888887763023376,0.3687500059604645,0.3687500059604645,0.22361111640930176,0.3687500059604645,0.3687500059604645,0.7902777791023254,0.9354166984558105,0.9354166984558105,0.800000011920929,18,18,21,22,4,5,10,2,0,1.0,0.9545454545454546,0.8,0.0,0.0,5,254242,14
Persist4D-V2,137a8158-1db5-2cc0-8003-31c12610471e,scene0079_10-scene0079_02-scene0079_08-scene0079_00-scene0079_09,canonical,5,0.1805555373430252,0.375,0.375,0.25,0.375,0.375,0.7129629254341125,0.8708333969116211,0.8708333969116211,0.7388888597488403,1,19,2,23,2,23,10,1,1,0.05263157894736842,0.08695652173913043,0.08695652173913043,1.0,0.1,2,23518,8
FullHistory,137a8158-1db5-2cc0-8003-31c12610471e,scene0079_10-scene0079_02-scene0079_08-scene0079_00-scene0079_09,reverse,2,0.45987653732299805,0.7204861044883728,0.8020833730697632,0.5115740895271301,0.7291666865348816,0.8020833730697632,0.49584299325942993,0.7657986283302307,0.85546875,0.5740740895271301,5,5,5,5,1,1,0,0,0,1.0,1.0,1.0,,,2,113770,2
Persist4D-V2,137a8158-1db5-2cc0-8003-31c12610471e,scene0079_10-scene0079_02-scene0079_08-scene0079_00-scene0079_09,reverse,2,0.44888120889663696,0.6944444179534912,0.78125,0.4976852238178253,0.7291666865348816,0.78125,0.48933473229408264,0.7608506679534912,0.8265625238418579,0.5428240895271301,0,5,0,5,0,5,0,0,0,0.0,0.0,0.0,,,2,90252,2
FullHistory,137a8158-1db5-2cc0-8003-31c12610471e,scene0079_10-scene0079_02-scene0079_08-scene0079_00-scene0079_09,reverse,3,0.34278547763824463,0.6875,0.71875,0.3611111044883728,0.6875,0.71875,0.6302910447120667,0.8273810148239136,0.9285714030265808,0.703703761100769,11,11,11,11,3,3,0,0,0,1.0,1.0,1.0,,,3,150205,5
Persist4D-V2,137a8158-1db5-2cc0-8003-31c12610471e,scene0079_10-scene0079_02-scene0079_08-scene0079_00-scene0079_09,reverse,3,0.37037035822868347,0.6510416865348816,0.6979166865348816,0.4236111044883728,0.6875,0.7395833730697632,0.6322751641273499,0.8333333730697632,0.8908730149269104,0.6613757014274597,0,11,0,11,0,11,0,0,0,0.0,0.0,0.0,,,2,36435,4
FullHistory,137a8158-1db5-2cc0-8003-31c12610471e,scene0079_10-scene0079_02-scene0079_08-scene0079_00-scene0079_09,reverse,4,0.11250000447034836,0.19687500596046448,0.3218750059604645,0.15416666865348816,0.24375000596046448,0.3687500059604645,0.5489418506622314,0.6269841194152832,0.80952388048172,0.6746031641960144,15,15,17,18,4,5,10,2,0,1.0,0.9444444444444444,0.8,0.0,0.0,4,214721,9
Persist4D-V2,137a8158-1db5-2cc0-8003-31c12610471e,scene0079_10-scene0079_02-scene0079_08-scene0079_00-scene0079_09,reverse,4,0.2048611044883728,0.46875,0.4749999940395355,0.2291666716337204,0.46875,0.4937500059604645,0.6162036657333374,0.7341269850730896,0.7817460298538208,0.7010582089424133,3,16,3,19,1,17,10,2,2,0.1875,0.15789473684210525,0.058823529411764705,1.0,0.2,2,64516,6
FullHistory,137a8158-1db5-2cc0-8003-31c12610471e,scene0079_10-scene0079_02-scene0079_08-scene0079_00-scene0079_09,reverse,5,0.11250000447034836,0.19687500596046448,0.3231770992279053,0.15416666865348816,0.24375000596046448,0.3895833492279053,0.5902777910232544,0.762499988079071,0.8999999761581421,0.6111111044883728,19,19,21,22,6,7,10,2,0,1.0,0.9545454545454546,0.8571428571428571,0.0,0.0,5,254242,14
Persist4D-V2,137a8158-1db5-2cc0-8003-31c12610471e,scene0079_10-scene0079_02-scene0079_08-scene0079_00-scene0079_09,reverse,5,0.1493055522441864,0.40625,0.4124999940395355,0.1736111044883728,0.40625,0.4312500059604645,0.5879629254341125,0.7916666269302368,0.8999999761581421,0.7333333492279053,4,20,4,24,3,23,10,2,2,0.2,0.16666666666666666,0.13043478260869565,1.0,0.2,2,39521,8
FullHistory,137a8158-1db5-2cc0-8003-31c12610471e,scene0079_10-scene0079_02-scene0079_08-scene0079_00-scene0079_09,sha256_seed45,2,0.45568788051605225,0.4742063581943512,0.5436508059501648,0.4920634925365448,0.5238094925880432,0.5833333730697632,0.5171957612037659,0.555555522441864,0.64384925365448,0.579365074634552,3,3,3,3,0,0,0,0,0,1.0,1.0,,,,2,104037,2
Persist4D-V2,137a8158-1db5-2cc0-8003-31c12610471e,scene0079_10-scene0079_02-scene0079_08-scene0079_00-scene0079_09,sha256_seed45,2,0.415019690990448,0.4445611834526062,0.52182537317276,0.5052910447120667,0.5476190447807312,0.6071428656578064,0.5403439402580261,0.5853174924850464,0.6846655607223511,0.6759259104728699,0,3,0,3,1,4,0,0,0,0.0,0.0,0.25,,,2,64516,2
FullHistory,137a8158-1db5-2cc0-8003-31c12610471e,scene0079_10-scene0079_02-scene0079_08-scene0079_00-scene0079_09,sha256_seed45,3,0.1725732535123825,0.3142857253551483,0.36815476417541504,0.17936506867408752,0.3142857253551483,0.37857145071029663,0.5899471044540405,0.8333333730697632,0.9523810148239136,0.5899471044540405,7,7,7,7,1,1,0,0,0,1.0,1.0,1.0,,,3,140472,5
Persist4D-V2,137a8158-1db5-2cc0-8003-31c12610471e,scene0079_10-scene0079_02-scene0079_08-scene0079_00-scene0079_09,sha256_seed45,3,0.1587301641702652,0.2857142984867096,0.3211309611797333,0.1587301641702652,0.2857142984867096,0.3738095462322235,0.5681217312812805,0.8333333730697632,0.8809524178504944,0.6534391641616821,0,7,1,8,2,9,0,0,0,0.0,0.125,0.2222222222222222,,,2,36435,4
FullHistory,137a8158-1db5-2cc0-8003-31c12610471e,scene0079_10-scene0079_02-scene0079_08-scene0079_00-scene0079_09,sha256_seed45,4,0.20972222089767456,0.3531250059604645,0.40026041865348816,0.29305556416511536,0.4000000059604645,0.45625001192092896,0.42168208956718445,0.7829861044883728,0.8142361044883728,0.48148149251937866,13,13,17,17,2,2,10,2,0,1.0,1.0,1.0,0.0,0.0,4,230724,9
Persist4D-V2,137a8158-1db5-2cc0-8003-31c12610471e,scene0079_10-scene0079_02-scene0079_08-scene0079_00-scene0079_09,sha256_seed45,4,0.1944444328546524,0.375,0.375,0.2638888955116272,0.375,0.375,0.4773244261741638,0.7480158805847168,0.7894965410232544,0.5960648059844971,1,14,2,18,2,18,10,1,1,0.07142857142857142,0.1111111111111111,0.1111111111111111,1.0,0.1,2,90252,6
FullHistory,137a8158-1db5-2cc0-8003-31c12610471e,scene0079_10-scene0079_02-scene0079_08-scene0079_00-scene0079_09,sha256_seed45,5,0.18888887763023376,0.3687500059604645,0.3687500059604645,0.22361111640930176,0.3687500059604645,0.3687500059604645,0.7902777791023254,0.9354166984558105,0.9354166984558105,0.800000011920929,18,18,21,22,4,5,10,2,0,1.0,0.9545454545454546,0.8,0.0,0.0,5,254242,14
Persist4D-V2,137a8158-1db5-2cc0-8003-31c12610471e,scene0079_10-scene0079_02-scene0079_08-scene0079_00-scene0079_09,sha256_seed45,5,0.1805555373430252,0.375,0.375,0.25,0.375,0.375,0.7129629254341125,0.8708333969116211,0.8708333969116211,0.7388888597488403,1,19,2,23,2,23,10,1,1,0.05263157894736842,0.08695652173913043,0.08695652173913043,1.0,0.1,2,23518,8
FullHistory,137a8158-1db5-2cc0-8003-31c12610471e,scene0079_11-scene0079_10-scene0079_02-scene0079_08-scene0079_00,canonical,2,0.17179784178733826,0.3904513716697693,0.5404514074325562,0.21481482684612274,0.4208333492279053,0.5708333253860474,0.5944445133209229,0.8291666507720947,0.8999999761581421,0.6500000357627869,2,3,2,3,0,1,0,0,0,0.6666666666666666,0.6666666666666666,0.0,,,2,124387,2
Persist4D-V2,137a8158-1db5-2cc0-8003-31c12610471e,scene0079_11-scene0079_10-scene0079_02-scene0079_08-scene0079_00,canonical,2,0.09091266989707947,0.3261238932609558,0.40373262763023376,0.1951388716697693,0.4000000059604645,0.6020833253860474,0.5722222328186035,0.7916666269302368,0.8999999761581421,0.6000000238418579,1,3,1,3,2,4,0,0,0,0.3333333333333333,0.3333333333333333,0.5,,,2,39521,2
FullHistory,137a8158-1db5-2cc0-8003-31c12610471e,scene0079_11-scene0079_10-scene0079_02-scene0079_08-scene0079_00,canonical,3,0.0859375,0.109375,0.2466517835855484,0.1163194477558136,0.1614583432674408,0.3489583432674408,0.4584656357765198,0.5039682388305664,0.5882936120033264,0.650943398475647,6,7,10,11,1,2,8,4,0,0.8571428571428571,0.9090909090909091,0.5,0.0,0.0,3,188903,5
Persist4D-V2,137a8158-1db5-2cc0-8003-31c12610471e,scene0079_11-scene0079_10-scene0079_02-scene0079_08-scene0079_00,canonical,3,0.0407986119389534,0.1510416716337204,0.3059895932674408,0.0659722238779068,0.1875,0.3645833432674408,0.47089946269989014,0.5039682388305664,0.6112528443336487,0.6759259104728699,2,6,2,10,2,10,7,4,4,0.3333333333333333,0.2,0.2,1.0,0.5714285714285714,2,64516,4
FullHistory,137a8158-1db5-2cc0-8003-31c12610471e,scene0079_11-scene0079_10-scene0079_02-scene0079_08-scene0079_00,canonical,4,0.021323004737496376,0.023237179964780807,0.18590763211250305,0.0711805522441864,0.109375,0.3177083432674408,0.6739417910575867,0.8075396418571472,0.9325396418571472,0.7010582089424133,9,10,15,16,2,3,11,5,0,0.9,0.9375,0.6666666666666666,0.0,0.0,4,225338,9
Persist4D-V2,137a8158-1db5-2cc0-8003-31c12610471e,scene0079_11-scene0079_10-scene0079_02-scene0079_08-scene0079_00,canonical,4,0.0407986119389534,0.1510416716337204,0.171875,0.0659722238779068,0.1875,0.2083333432674408,0.5681217312812805,0.8333333730697632,0.8809524178504944,0.6534391641616821,3,10,4,17,3,16,10,5,4,0.3,0.23529411764705882,0.1875,0.8,0.4,2,36435,6
FullHistory,137a8158-1db5-2cc0-8003-31c12610471e,scene0079_11-scene0079_10-scene0079_02-scene0079_08-scene0079_00,canonical,5,0.0625,0.203125,0.2053571492433548,0.0625,0.203125,0.265625,0.37561729550361633,0.7298611402511597,0.7548611164093018,0.4099537134170532,14,15,24,25,6,7,23,7,0,0.9333333333333333,0.96,0.8571428571428571,0.0,0.0,5,315590,14
Persist4D-V2,137a8158-1db5-2cc0-8003-31c12610471e,scene0079_11-scene0079_10-scene0079_02-scene0079_08-scene0079_00,canonical,5,0.0364583320915699,0.1510416716337204,0.1510416716337204,0.0486111119389534,0.1875,0.1875,0.4695119261741638,0.7480158805847168,0.7894965410232544,0.5960648059844971,4,17,5,27,4,26,21,6,5,0.23529411764705882,0.18518518518518517,0.15384615384615385,0.8333333333333334,0.23809523809523808,2,90252,8
FullHistory,137a8158-1db5-2cc0-8003-31c12610471e,scene0079_11-scene0079_10-scene0079_02-scene0079_08-scene0079_00,reverse,2,0.380748450756073,0.71875,0.788876473903656,0.3888888955116272,0.71875,0.8125,0.6320609450340271,0.8441042900085449,0.9071428179740906,0.6719576716423035,6,6,6,6,0,0,0,0,0,1.0,1.0,,,,2,126687,2
Persist4D-V2,137a8158-1db5-2cc0-8003-31c12610471e,scene0079_11-scene0079_10-scene0079_02-scene0079_08-scene0079_00,reverse,2,0.3957146406173706,0.71875,0.7552083730697632,0.4097222089767456,0.71875,0.7708333730697632,0.6322751641273499,0.8333333730697632,0.8908730149269104,0.6613757014274597,0,6,0,6,0,6,0,0,0,0.0,0.0,0.0,,,2,36435,2
FullHistory,137a8158-1db5-2cc0-8003-31c12610471e,scene0079_11-scene0079_10-scene0079_02-scene0079_08-scene0079_00,reverse,3,0.12067902088165283,0.2593750059604645,0.2628472149372101,0.17083331942558289,0.3062500059604645,0.3270833492279053,0.5577600598335266,0.6448412537574768,0.7023810148239136,0.6640211939811707,11,11,14,14,0,0,10,2,0,1.0,1.0,,0.0,0.0,3,191203,5
Persist4D-V2,137a8158-1db5-2cc0-8003-31c12610471e,scene0079_11-scene0079_10-scene0079_02-scene0079_08-scene0079_00,reverse,3,0.2465277761220932,0.5625,0.5687500238418579,0.2465277761220932,0.5625,0.5874999761581421,0.6162036657333374,0.7341269850730896,0.7817460298538208,0.7010582089424133,3,11,3,14,1,12,10,2,2,0.2727272727272727,0.21428571428571427,0.08333333333333333,1.0,0.2,2,64516,4
FullHistory,137a8158-1db5-2cc0-8003-31c12610471e,scene0079_11-scene0079_10-scene0079_02-scene0079_08-scene0079_00,reverse,4,0.16458334028720856,0.2750000059604645,0.41718751192092896,0.16458334028720856,0.2750000059604645,0.4312500059604645,0.596058189868927,0.7833333015441895,0.8854166865348816,0.6500000357627869,16,16,19,19,0,0,10,2,0,1.0,1.0,,0.0,0.0,4,230724,9
Persist4D-V2,137a8158-1db5-2cc0-8003-31c12610471e,scene0079_11-scene0079_10-scene0079_02-scene0079_08-scene0079_00,reverse,4,0.15625,0.4375,0.4437499940395355,0.15625,0.4375,0.4625000059604645,0.5879629254341125,0.7916666269302368,0.8999999761581421,0.7333333492279053,4,15,4,19,3,18,10,2,2,0.26666666666666666,0.21052631578947367,0.16666666666666666,1.0,0.2,2,39521,6
FullHistory,137a8158-1db5-2cc0-8003-31c12610471e,scene0079_11-scene0079_10-scene0079_02-scene0079_08-scene0079_00,reverse,5,0.0393105186522007,0.0881696417927742,0.2678571343421936,0.0471230186522007,0.1116071417927742,0.2678571343421936,0.25202545523643494,0.4470486044883728,0.6494791507720947,0.32275134325027466,19,19,27,27,3,3,21,6,0,1.0,1.0,1.0,0.0,0.0,5,315590,14
Persist4D-V2,137a8158-1db5-2cc0-8003-31c12610471e,scene0079_11-scene0079_10-scene0079_02-scene0079_08-scene0079_00,reverse,5,0.0486111119389534,0.3125,0.3125,0.0486111119389534,0.3125,0.3125,0.17430554330348969,0.4798611104488373,0.6439236402511597,0.20787037909030914,5,17,4,26,3,25,21,7,5,0.29411764705882354,0.15384615384615385,0.12,0.7142857142857143,0.23809523809523808,2,84866,8
FullHistory,137a8158-1db5-2cc0-8003-31c12610471e,scene0079_11-scene0079_10-scene0079_02-scene0079_08-scene0079_00,sha256_seed45,2,0.45568788051605225,0.4742063581943512,0.5436508059501648,0.4920634925365448,0.5238094925880432,0.5833333730697632,0.5171957612037659,0.555555522441864,0.64384925365448,0.579365074634552,3,3,3,3,0,0,0,0,0,1.0,1.0,,,,2,104037,2
Persist4D-V2,137a8158-1db5-2cc0-8003-31c12610471e,scene0079_11-scene0079_10-scene0079_02-scene0079_08-scene0079_00,sha256_seed45,2,0.415019690990448,0.4445611834526062,0.52182537317276,0.5052910447120667,0.5476190447807312,0.6071428656578064,0.5403439402580261,0.5853174924850464,0.6846655607223511,0.6759259104728699,0,3,0,3,1,4,0,0,0,0.0,0.0,0.25,,,2,64516,2
FullHistory,137a8158-1db5-2cc0-8003-31c12610471e,scene0079_11-scene0079_10-scene0079_02-scene0079_08-scene0079_00,sha256_seed45,3,0.1725732535123825,0.3142857253551483,0.36815476417541504,0.17936506867408752,0.3142857253551483,0.37857145071029663,0.5899471044540405,0.8333333730697632,0.9523810148239136,0.5899471044540405,7,7,7,7,1,1,0,0,0,1.0,1.0,1.0,,,3,140472,5
Persist4D-V2,137a8158-1db5-2cc0-8003-31c12610471e,scene0079_11-scene0079_10-scene0079_02-scene0079_08-scene0079_00,sha256_seed45,3,0.1587301641702652,0.2857142984867096,0.3211309611797333,0.1587301641702652,0.2857142984867096,0.3738095462322235,0.5681217312812805,0.8333333730697632,0.8809524178504944,0.6534391641616821,0,7,1,8,2,9,0,0,0,0.0,0.125,0.2222222222222222,,,2,36435,4
FullHistory,137a8158-1db5-2cc0-8003-31c12610471e,scene0079_11-scene0079_10-scene0079_02-scene0079_08-scene0079_00,sha256_seed45,4,0.20972222089767456,0.3531250059604645,0.40026041865348816,0.29305556416511536,0.4000000059604645,0.45625001192092896,0.42168208956718445,0.7829861044883728,0.8142361044883728,0.48148149251937866,13,13,17,17,2,2,10,2,0,1.0,1.0,1.0,0.0,0.0,4,230724,9
Persist4D-V2,137a8158-1db5-2cc0-8003-31c12610471e,scene0079_11-scene0079_10-scene0079_02-scene0079_08-scene0079_00,sha256_seed45,4,0.1944444328546524,0.375,0.375,0.2638888955116272,0.375,0.375,0.4773244261741638,0.7480158805847168,0.7894965410232544,0.5960648059844971,1,14,2,18,2,18,10,1,1,0.07142857142857142,0.1111111111111111,0.1111111111111111,1.0,0.1,2,90252,6
FullHistory,137a8158-1db5-2cc0-8003-31c12610471e,scene0079_11-scene0079_10-scene0079_02-scene0079_08-scene0079_00,sha256_seed45,5,0.0514632947742939,0.1662946492433548,0.2209821343421936,0.0749007910490036,0.2366071343421936,0.2678571343421936,0.23528163135051727,0.4626736044883728,0.6267361044883728,0.34391534328460693,20,20,25,25,4,4,10,2,0,1.0,1.0,1.0,0.0,0.0,5,315590,14
Persist4D-V2,137a8158-1db5-2cc0-8003-31c12610471e,scene0079_11-scene0079_10-scene0079_02-scene0079_08-scene0079_00,sha256_seed45,5,0.0416666679084301,0.125,0.125,0.0416666679084301,0.125,0.125,0.2253086268901825,0.4548611044883728,0.5104166865348816,0.2847222089767456,1,22,2,26,2,26,10,1,1,0.045454545454545456,0.07692307692307693,0.07692307692307693,1.0,0.1,2,84866,8
FullHistory,280d8ebb-6cc6-2788-9153-98959a2da801,scene0119_00-scene0119_02-scene0119_03-scene0119_01-scene0119_04,canonical,2,0.35384833812713623,0.5354166626930237,0.6195833683013916,0.3930555582046509,0.5562499761581421,0.668749988079071,0.5563271641731262,0.7939814925193787,0.9606481194496155,0.6100629568099976,5,5,5,5,2,2,0,0,0,1.0,1.0,1.0,,,2,184174,2
Persist4D-V2,280d8ebb-6cc6-2788-9153-98959a2da801,scene0119_00-scene0119_02-scene0119_03-scene0119_01-scene0119_04,canonical,2,0.3571469783782959,0.5171874761581421,0.5378645658493042,0.4097222089767456,0.59375,0.668749988079071,0.5668724179267883,0.8171296119689941,0.9837962985038757,0.6037735939025879,1,5,1,5,0,4,0,0,0,0.2,0.2,0.0,,,2,85374,2
FullHistory,280d8ebb-6cc6-2788-9153-98959a2da801,scene0119_00-scene0119_02-scene0119_03-scene0119_01-scene0119_04,canonical,3,0.306741863489151,0.4752604365348816,0.55859375,0.408730149269104,0.6071428656578064,0.735714316368103,0.5609568357467651,0.9583333134651184,1.0,0.6342592835426331,13,13,13,13,3,3,2,0,0,1.0,1.0,1.0,,0.0,3,265887,5
Persist4D-V2,280d8ebb-6cc6-2788-9153-98959a2da801,scene0119_00-scene0119_02-scene0119_03-scene0119_01-scene0119_04,canonical,3,0.3534432649612427,0.5208333134651184,0.5661458373069763,0.3854166567325592,0.5625,0.612500011920929,0.5324074029922485,0.8333333134651184,1.0,0.6435185074806213,2,13,2,13,1,12,2,0,0,0.15384615384615385,0.15384615384615385,0.08333333333333333,,0.0,2,81713,4
FullHistory,280d8ebb-6cc6-2788-9153-98959a2da801,scene0119_00-scene0119_02-scene0119_03-scene0119_01-scene0119_04,canonical,4,0.3160879611968994,0.4463541507720947,0.565625011920929,0.41190478205680847,0.5999999642372131,0.699999988079071,0.6491768956184387,1.0,1.0,0.7037037014961243,21,21,21,21,6,6,2,0,0,1.0,1.0,1.0,,0.0,4,326452,9
Persist4D-V2,280d8ebb-6cc6-2788-9153-98959a2da801,scene0119_00-scene0119_02-scene0119_03-scene0119_01-scene0119_04,canonical,4,0.33645832538604736,0.5179687738418579,0.5609375238418579,0.3645833432674408,0.5625,0.612500011920929,0.707561731338501,0.9189814925193787,0.9837962985038757,0.7839505672454834,2,18,2,19,2,19,2,0,0,0.1111111111111111,0.10526315789473684,0.10526315789473684,,0.0,2,60565,6
FullHistory,280d8ebb-6cc6-2788-9153-98959a2da801,scene0119_00-scene0119_02-scene0119_03-scene0119_01-scene0119_04,canonical,5,0.297247052192688,0.4936755895614624,0.5885416269302368,0.3650793731212616,0.6071428656578064,0.7785714268684387,0.500647246837616,0.7898809313774109,0.8648809790611267,0.5515872836112976,27,27,33,34,10,11,12,7,0,1.0,0.9705882352941176,0.9090909090909091,0.0,0.0,5,454986,14
Persist4D-V2,280d8ebb-6cc6-2788-9153-98959a2da801,scene0119_00-scene0119_02-scene0119_03-scene0119_01-scene0119_04,canonical,5,0.21238425374031067,0.3958333134651184,0.4364583492279053,0.25,0.46875,0.518750011920929,0.42970696091651917,0.7142857313156128,0.8571428656578064,0.4682539701461792,2,23,2,30,2,30,12,5,5,0.08695652173913043,0.06666666666666667,0.06666666666666667,1.0,0.4166666666666667,2,128534,8
FullHistory,280d8ebb-6cc6-2788-9153-98959a2da801,scene0119_00-scene0119_02-scene0119_03-scene0119_01-scene0119_04,reverse,2,0.4115174114704132,0.605654776096344,0.6934523582458496,0.4642857015132904,0.6785714030265808,0.7857142686843872,0.6697531342506409,0.7824074625968933,0.9518518447875977,0.7160494327545166,4,4,4,4,0,0,0,0,0,1.0,1.0,,,,2,189099,2
Persist4D-V2,280d8ebb-6cc6-2788-9153-98959a2da801,scene0119_00-scene0119_02-scene0119_03-scene0119_01-scene0119_04,reverse,2,0.38657405972480774,0.5553570985794067,0.6416667103767395,0.4444444477558136,0.6428571343421936,0.75,0.6635802984237671,0.7731481194496155,0.9425926208496094,0.7160494327545166,1,4,1,4,1,4,0,0,0,0.25,0.25,0.25,,,2,60565,2
FullHistory,280d8ebb-6cc6-2788-9153-98959a2da801,scene0119_00-scene0119_02-scene0119_03-scene0119_01-scene0119_04,reverse,3,0.3531745970249176,0.6428571343421936,0.7178571820259094,0.3650793731212616,0.6428571343421936,0.7428570985794067,0.48441359400749207,0.8256945013999939,0.9906249642372131,0.6527777910232544,10,10,12,12,2,2,3,1,0,1.0,1.0,1.0,0.0,0.0,3,270812,5
Persist4D-V2,280d8ebb-6cc6-2788-9153-98959a2da801,scene0119_00-scene0119_02-scene0119_03-scene0119_01-scene0119_04,reverse,3,0.32556214928627014,0.5252975821495056,0.5999999642372131,0.3730159103870392,0.5999999642372131,0.6714285612106323,0.6060957312583923,1.0,1.0,0.6620370149612427,2,10,1,12,3,14,3,1,1,0.2,0.08333333333333333,0.21428571428571427,1.0,0.3333333333333333,2,81713,4
FullHistory,280d8ebb-6cc6-2788-9153-98959a2da801,scene0119_00-scene0119_02-scene0119_03-scene0119_01-scene0119_04,reverse,4,0.3149305582046509,0.5708333253860474,0.6382812261581421,0.40317463874816895,0.7071428298950195,0.7785714268684387,0.5985082983970642,1.0,1.0,0.6635802984237671,20,20,22,22,4,4,3,1,0,1.0,1.0,1.0,0.0,0.0,4,356186,9
Persist4D-V2,280d8ebb-6cc6-2788-9153-98959a2da801,scene0119_00-scene0119_02-scene0119_03-scene0119_01-scene0119_04,reverse,4,0.23625580966472626,0.3971354067325592,0.4911458492279053,0.3125,0.5285714268684387,0.5999999642372131,0.5969650149345398,0.875,0.875,0.6820988059043884,2,18,1,20,3,22,3,1,1,0.1111111111111111,0.05,0.13636363636363635,1.0,0.3333333333333333,2,85374,6
FullHistory,280d8ebb-6cc6-2788-9153-98959a2da801,scene0119_00-scene0119_02-scene0119_03-scene0119_01-scene0119_04,reverse,5,0.31460192799568176,0.5390625,0.7158854007720947,0.3812500238418579,0.6187499761581421,0.7437499761581421,0.4605034589767456,0.7083333134651184,0.8177083730697632,0.5493056178092957,27,27,35,36,9,10,12,8,1,1.0,0.9722222222222222,0.9,0.125,0.08333333333333333,5,454986,14
Persist4D-V2,280d8ebb-6cc6-2788-9153-98959a2da801,scene0119_00-scene0119_02-scene0119_03-scene0119_01-scene0119_04,reverse,5,0.2109375,0.3203125,0.3401041626930237,0.24609375,0.3928571343421936,0.4928571581840515,0.38668981194496155,0.5588541626930237,0.7052083015441895,0.5555556416511536,3,22,2,29,3,30,12,6,6,0.13636363636363635,0.06896551724137931,0.1,1.0,0.5,2,98800,8
FullHistory,280d8ebb-6cc6-2788-9153-98959a2da801,scene0119_00-scene0119_02-scene0119_03-scene0119_01-scene0119_04,sha256_seed45,2,0.31979167461395264,0.4281249940395355,0.5364583134651184,0.4142857491970062,0.5642856955528259,0.699999988079071,0.5266203880310059,0.8333333134651184,1.0,0.5462962985038757,5,5,5,5,0,0,0,0,0,1.0,1.0,,,,2,180513,2
Persist4D-V2,280d8ebb-6cc6-2788-9153-98959a2da801,scene0119_00-scene0119_02-scene0119_03-scene0119_01-scene0119_04,sha256_seed45,2,0.32392942905426025,0.4479166567325592,0.5229166746139526,0.4404761791229248,0.6428571343421936,0.7285714149475098,0.5034722685813904,0.8333333134651184,1.0,0.5648148059844971,1,5,1,5,1,5,0,0,0,0.2,0.2,0.2,,,2,81713,2
FullHistory,280d8ebb-6cc6-2788-9153-98959a2da801,scene0119_00-scene0119_02-scene0119_03-scene0119_01-scene0119_04,sha256_seed45,3,0.303935170173645,0.4635416567325592,0.6177083253860474,0.4015873074531555,0.6714285612106323,0.7714285850524902,0.5686728358268738,0.7939814925193787,0.9606481194496155,0.6572327017784119,12,13,12,13,2,3,0,0,0,0.9230769230769231,0.9230769230769231,0.6666666666666666,,,3,265887,5
Persist4D-V2,280d8ebb-6cc6-2788-9153-98959a2da801,scene0119_00-scene0119_02-scene0119_03-scene0119_01-scene0119_04,sha256_seed45,3,0.3376157581806183,0.4919270873069763,0.598437488079071,0.4404761791229248,0.6428571343421936,0.7285714149475098,0.6177983283996582,1.0,1.0,0.6820988059043884,1,13,1,13,1,13,0,0,0,0.07692307692307693,0.07692307692307693,0.07692307692307693,,,2,85374,4
FullHistory,280d8ebb-6cc6-2788-9153-98959a2da801,scene0119_00-scene0119_02-scene0119_03-scene0119_01-scene0119_04,sha256_seed45,4,0.29737600684165955,0.5350520610809326,0.6302083134651184,0.3326388895511627,0.581250011920929,0.706250011920929,0.49054229259490967,0.7705357670783997,0.8764881491661072,0.567460298538208,19,20,22,26,5,9,9,6,1,0.95,0.8461538461538461,0.5555555555555556,0.16666666666666666,0.1111111111111111,4,394421,9
Persist4D-V2,280d8ebb-6cc6-2788-9153-98959a2da801,scene0119_00-scene0119_02-scene0119_03-scene0119_01-scene0119_04,sha256_seed45,4,0.203125,0.390625,0.3968749940395355,0.25,0.4375,0.5285714268684387,0.3229166567325592,0.5922619104385376,0.8824405074119568,0.4404761791229248,2,20,2,23,3,24,9,3,2,0.1,0.08695652173913043,0.125,0.6666666666666666,0.2222222222222222,2,128534,6
FullHistory,280d8ebb-6cc6-2788-9153-98959a2da801,scene0119_00-scene0119_02-scene0119_03-scene0119_01-scene0119_04,sha256_seed45,5,0.24189813435077667,0.4166666865348816,0.6332160234451294,0.3284722566604614,0.5562499761581421,0.8785714507102966,0.635596752166748,0.875,0.875,0.790123462677002,24,26,29,34,5,10,9,6,1,0.9230769230769231,0.8529411764705882,0.5,0.16666666666666666,0.1111111111111111,5,454986,14
Persist4D-V2,280d8ebb-6cc6-2788-9153-98959a2da801,scene0119_00-scene0119_02-scene0119_03-scene0119_01-scene0119_04,sha256_seed45,5,0.21875,0.390625,0.390625,0.25,0.4375,0.5,0.6625514030456543,0.7962962985038757,0.9518518447875977,0.7160494327545166,3,25,2,29,4,31,9,3,2,0.12,0.06896551724137931,0.12903225806451613,0.6666666666666666,0.2222222222222222,2,60565,8
FullHistory,280d8ebb-6cc6-2788-9153-98959a2da801,scene0119_01-scene0119_04-scene0119_00-scene0119_02-scene0119_03,canonical,2,0.3626157343387604,0.5666666626930237,0.6330729126930237,0.3958333432674408,0.59375,0.6875,0.45899468660354614,0.7395833730697632,0.874404788017273,0.5158730149269104,4,4,4,4,1,1,0,0,0,1.0,1.0,1.0,,,2,189099,2
Persist4D-V2,280d8ebb-6cc6-2788-9153-98959a2da801,scene0119_01-scene0119_04-scene0119_00-scene0119_02-scene0119_03,canonical,2,0.3553240895271301,0.5833333134651184,0.6822916269302368,0.4285714328289032,0.7142857313156128,0.8214285969734192,0.44161173701286316,0.7142857313156128,0.8571428656578064,0.4682539701461792,0,4,0,4,1,5,0,0,0,0.0,0.0,0.2,,,2,128534,2
FullHistory,280d8ebb-6cc6-2788-9153-98959a2da801,scene0119_01-scene0119_04-scene0119_00-scene0119_02-scene0119_03,canonical,3,0.3125000298023224,0.4856770932674408,0.5377604365348816,0.380952388048172,0.6071428656578064,0.75,0.40424516797065735,0.6458333134651184,0.7094345092773438,0.5357142686843872,12,13,14,15,2,3,0,0,0,0.9230769230769231,0.9333333333333333,0.6666666666666666,,,3,287899,5
Persist4D-V2,280d8ebb-6cc6-2788-9153-98959a2da801,scene0119_01-scene0119_04-scene0119_00-scene0119_02-scene0119_03,canonical,3,0.2142360955476761,0.3453125059604645,0.44843751192092896,0.21944443881511688,0.3687500059604645,0.518750011920929,0.4886574149131775,0.7479166388511658,0.8354166150093079,0.5291666388511658,0,13,1,15,1,15,0,0,0,0.0,0.06666666666666667,0.06666666666666667,,,2,98800,4
FullHistory,280d8ebb-6cc6-2788-9153-98959a2da801,scene0119_01-scene0119_04-scene0119_00-scene0119_02-scene0119_03,canonical,4,0.2775752544403076,0.48385417461395264,0.6219270825386047,0.35555556416511536,0.6357142329216003,0.8071428537368774,0.5334362387657166,0.8587962985038757,0.8587962985038757,0.6080246567726135,19,20,23,24,5,6,0,0,0,0.95,0.9583333333333334,0.8333333333333334,,,4,373273,9
Persist4D-V2,280d8ebb-6cc6-2788-9153-98959a2da801,scene0119_01-scene0119_04-scene0119_00-scene0119_02-scene0119_03,canonical,4,0.2142360955476761,0.3453125059604645,0.44843751192092896,0.21944443881511688,0.3687500059604645,0.518750011920929,0.5668724775314331,0.8333333134651184,1.0,0.6037735939025879,1,20,2,23,2,23,0,0,0,0.05,0.08695652173913043,0.08695652173913043,,,2,85374,6
FullHistory,280d8ebb-6cc6-2788-9153-98959a2da801,scene0119_01-scene0119_04-scene0119_00-scene0119_02-scene0119_03,canonical,5,0.28680554032325745,0.5171874761581421,0.6736979484558105,0.3611111044883728,0.6071428656578064,0.8499999642372131,0.46733900904655457,0.9776785969734192,0.9776785969734192,0.6712962985038757,28,29,32,33,9,10,2,0,0,0.9655172413793104,0.9696969696969697,0.9,,0.0,5,454986,14
Persist4D-V2,280d8ebb-6cc6-2788-9153-98959a2da801,scene0119_01-scene0119_04-scene0119_00-scene0119_02-scene0119_03,canonical,5,0.203125,0.3203125,0.4281249940395355,0.2083333283662796,0.34375,0.4937500059604645,0.528742253780365,0.8333333134651184,1.0,0.6435185074806213,2,28,2,31,3,32,2,0,0,0.07142857142857142,0.06451612903225806,0.09375,,0.0,2,81713,8
FullHistory,280d8ebb-6cc6-2788-9153-98959a2da801,scene0119_01-scene0119_04-scene0119_00-scene0119_02-scene0119_03,reverse,2,0.49150529503822327,0.6804924011230469,1.0,0.5879629850387573,0.8333333134651184,1.0,0.5980077385902405,1.0,1.0,0.6697531342506409,8,8,8,8,0,0,0,0,0,1.0,1.0,,,,2,167087,2
Persist4D-V2,280d8ebb-6cc6-2788-9153-98959a2da801,scene0119_01-scene0119_04-scene0119_00-scene0119_02-scene0119_03,reverse,2,0.4783172607421875,0.7532971501350403,0.9209027290344238,0.49537035822868347,0.7916666865348816,0.9583333134651184,0.6177983283996582,1.0,1.0,0.6820988059043884,0,8,0,8,0,8,0,0,0,0.0,0.0,0.0,,,2,85374,2
FullHistory,280d8ebb-6cc6-2788-9153-98959a2da801,scene0119_01-scene0119_04-scene0119_00-scene0119_02-scene0119_03,reverse,3,0.3178635537624359,0.5295218229293823,0.596875011920929,0.4484127163887024,0.735714316368103,0.735714316368103,0.37600088119506836,0.6122222542762756,0.6718750596046448,0.5603175163269043,12,13,11,13,1,3,2,0,0,0.9230769230769231,0.8461538461538461,0.3333333333333333,,0.0,3,265887,5
Persist4D-V2,280d8ebb-6cc6-2788-9153-98959a2da801,scene0119_01-scene0119_04-scene0119_00-scene0119_02-scene0119_03,reverse,3,0.31116896867752075,0.4046874940395355,0.534375011920929,0.4214285910129547,0.5642856955528259,0.6642857193946838,0.3620370328426361,0.5151041746139526,0.6406250596046448,0.5555556416511536,1,12,1,12,1,12,2,0,0,0.08333333333333333,0.08333333333333333,0.08333333333333333,,0.0,2,98800,4
FullHistory,280d8ebb-6cc6-2788-9153-98959a2da801,scene0119_01-scene0119_04-scene0119_00-scene0119_02-scene0119_03,reverse,4,0.3043650686740875,0.5210193395614624,0.6302083134651184,0.3513888716697693,0.581250011920929,0.706250011920929,0.5037792921066284,0.7797619104385376,0.8764881491661072,0.579365074634552,21,22,22,24,3,5,2,0,0,0.9545454545454546,0.9166666666666666,0.6,,0.0,4,394421,9
Persist4D-V2,280d8ebb-6cc6-2788-9153-98959a2da801,scene0119_01-scene0119_04-scene0119_00-scene0119_02-scene0119_03,reverse,4,0.20156250894069672,0.2953124940395355,0.36250001192092896,0.3023809492588043,0.4928571581840515,0.5214285850524902,0.47850531339645386,0.8214285969734192,0.9446429014205933,0.579365074634552,2,21,3,24,1,22,2,0,0,0.09523809523809523,0.125,0.045454545454545456,,0.0,2,128534,6
FullHistory,280d8ebb-6cc6-2788-9153-98959a2da801,scene0119_01-scene0119_04-scene0119_00-scene0119_02-scene0119_03,reverse,5,0.25578704476356506,0.4153645932674408,0.612500011920929,0.3611111044883728,0.53125,0.7785714268684387,0.567078173160553,0.8175926208496094,0.8356481194496155,0.7283950448036194,27,28,29,31,5,7,2,0,0,0.9642857142857143,0.9354838709677419,0.7142857142857143,,0.0,5,454986,14
Persist4D-V2,280d8ebb-6cc6-2788-9153-98959a2da801,scene0119_01-scene0119_04-scene0119_00-scene0119_02-scene0119_03,reverse,5,0.22239583730697632,0.3421874940395355,0.3421874940395355,0.3023809492588043,0.4928571581840515,0.4928571581840515,0.6291152238845825,0.7453703880310059,0.9009259343147278,0.7160494327545166,3,26,3,30,2,29,2,0,0,0.11538461538461539,0.1,0.06896551724137931,,0.0,2,60565,8
FullHistory,280d8ebb-6cc6-2788-9153-98959a2da801,scene0119_01-scene0119_04-scene0119_00-scene0119_02-scene0119_03,sha256_seed45,2,0.31979167461395264,0.4281249940395355,0.5364583134651184,0.4142857491970062,0.5642856955528259,0.699999988079071,0.5266203880310059,0.8333333134651184,1.0,0.5462962985038757,5,5,5,5,0,0,0,0,0,1.0,1.0,,,,2,180513,2
Persist4D-V2,280d8ebb-6cc6-2788-9153-98959a2da801,scene0119_01-scene0119_04-scene0119_00-scene0119_02-scene0119_03,sha256_seed45,2,0.32392942905426025,0.4479166567325592,0.5229166746139526,0.4404761791229248,0.6428571343421936,0.7285714149475098,0.5034722685813904,0.8333333134651184,1.0,0.5648148059844971,1,5,1,5,1,5,0,0,0,0.2,0.2,0.2,,,2,81713,2
FullHistory,280d8ebb-6cc6-2788-9153-98959a2da801,scene0119_01-scene0119_04-scene0119_00-scene0119_02-scene0119_03,sha256_seed45,3,0.303935170173645,0.4635416567325592,0.6177083253860474,0.4015873074531555,0.6714285612106323,0.7714285850524902,0.5686728358268738,0.7939814925193787,0.9606481194496155,0.6572327017784119,12,13,12,13,2,3,0,0,0,0.9230769230769231,0.9230769230769231,0.6666666666666666,,,3,265887,5
Persist4D-V2,280d8ebb-6cc6-2788-9153-98959a2da801,scene0119_01-scene0119_04-scene0119_00-scene0119_02-scene0119_03,sha256_seed45,3,0.3376157581806183,0.4919270873069763,0.598437488079071,0.4404761791229248,0.6428571343421936,0.7285714149475098,0.6177983283996582,1.0,1.0,0.6820988059043884,1,13,1,13,1,13,0,0,0,0.07692307692307693,0.07692307692307693,0.07692307692307693,,,2,85374,4
FullHistory,280d8ebb-6cc6-2788-9153-98959a2da801,scene0119_01-scene0119_04-scene0119_00-scene0119_02-scene0119_03,sha256_seed45,4,0.29737600684165955,0.5350520610809326,0.6302083134651184,0.3326388895511627,0.581250011920929,0.706250011920929,0.49054229259490967,0.7705357670783997,0.8764881491661072,0.567460298538208,19,20,22,26,5,9,9,6,1,0.95,0.8461538461538461,0.5555555555555556,0.16666666666666666,0.1111111111111111,4,394421,9
Persist4D-V2,280d8ebb-6cc6-2788-9153-98959a2da801,scene0119_01-scene0119_04-scene0119_00-scene0119_02-scene0119_03,sha256_seed45,4,0.203125,0.390625,0.3968749940395355,0.25,0.4375,0.5285714268684387,0.3229166567325592,0.5922619104385376,0.8824405074119568,0.4404761791229248,2,20,2,23,3,24,9,3,2,0.1,0.08695652173913043,0.125,0.6666666666666666,0.2222222222222222,2,128534,6
FullHistory,280d8ebb-6cc6-2788-9153-98959a2da801,scene0119_01-scene0119_04-scene0119_00-scene0119_02-scene0119_03,sha256_seed45,5,0.24189813435077667,0.4166666865348816,0.6332160234451294,0.3284722566604614,0.5562499761581421,0.8785714507102966,0.635596752166748,0.875,0.875,0.790123462677002,24,26,29,34,5,10,9,6,1,0.9230769230769231,0.8529411764705882,0.5,0.16666666666666666,0.1111111111111111,5,454986,14
Persist4D-V2,280d8ebb-6cc6-2788-9153-98959a2da801,scene0119_01-scene0119_04-scene0119_00-scene0119_02-scene0119_03,sha256_seed45,5,0.21875,0.390625,0.390625,0.25,0.4375,0.5,0.6625514030456543,0.7962962985038757,0.9518518447875977,0.7160494327545166,3,25,2,29,4,31,9,3,2,0.12,0.06896551724137931,0.12903225806451613,0.6666666666666666,0.2222222222222222,2,60565,8
FullHistory,280d8ebb-6cc6-2788-9153-98959a2da801,scene0119_02-scene0119_03-scene0119_01-scene0119_04-scene0119_00,canonical,2,0.5262345671653748,0.7083333134651184,1.0,0.6111111044883728,0.8333333134651184,1.0,0.5632715821266174,0.8333333134651184,1.0,0.6342592835426331,7,7,7,7,0,0,0,0,0,1.0,1.0,,,,2,167087,2
Persist4D-V2,280d8ebb-6cc6-2788-9153-98959a2da801,scene0119_02-scene0119_03-scene0119_01-scene0119_04-scene0119_00,canonical,2,0.4544753432273865,0.5954861044883728,0.928819477558136,0.46296295523643494,0.625,0.9583333134651184,0.5738810896873474,0.8333333134651184,1.0,0.6435185074806213,0,7,0,7,0,7,0,0,0,0.0,0.0,0.0,,,2,81713,2
FullHistory,280d8ebb-6cc6-2788-9153-98959a2da801,scene0119_02-scene0119_03-scene0119_01-scene0119_04-scene0119_00,canonical,3,0.40740740299224854,0.7666666507720947,0.9333333373069763,0.40740740299224854,0.7666666507720947,0.9333333373069763,0.5970569252967834,1.0,1.0,0.6944445371627808,13,13,13,13,2,2,0,0,0,1.0,1.0,1.0,,,3,227652,5
Persist4D-V2,280d8ebb-6cc6-2788-9153-98959a2da801,scene0119_02-scene0119_03-scene0119_01-scene0119_04-scene0119_00,canonical,3,0.36743825674057007,0.5222222208976746,0.6888888478279114,0.387037068605423,0.5666666626930237,0.7333333492279053,0.7445987462997437,0.9606481194496155,0.9837962985038757,0.7839505672454834,0,12,0,12,0,12,0,0,0,0.0,0.0,0.0,,,2,60565,4
FullHistory,280d8ebb-6cc6-2788-9153-98959a2da801,scene0119_02-scene0119_03-scene0119_01-scene0119_04-scene0119_00,canonical,4,0.3126157522201538,0.5270833373069763,0.6385416388511658,0.3841269910335541,0.6714285612106323,0.7714285850524902,0.45519182085990906,0.7083333134651184,0.883680522441864,0.5198412537574768,19,19,19,19,4,4,3,0,0,1.0,1.0,1.0,,0.0,4,356186,9
Persist4D-V2,280d8ebb-6cc6-2788-9153-98959a2da801,scene0119_02-scene0119_03-scene0119_01-scene0119_04-scene0119_00,canonical,4,0.28692129254341125,0.5385416746139526,0.5848958492279053,0.37142857909202576,0.6714285612106323,0.699999988079071,0.39994505047798157,0.7142857313156128,0.8571428656578064,0.4682539701461792,0,17,0,19,0,19,3,1,1,0.0,0.0,0.0,1.0,0.3333333333333333,2,128534,6
FullHistory,280d8ebb-6cc6-2788-9153-98959a2da801,scene0119_02-scene0119_03-scene0119_01-scene0119_04-scene0119_00,canonical,5,0.27893519401550293,0.484375,0.6604166626930237,0.3194444477558136,0.53125,0.7785714268684387,0.4498065412044525,0.7306845188140869,0.78125,0.5499999523162842,28,28,30,30,7,7,3,0,0,1.0,1.0,1.0,,0.0,5,454986,14
Persist4D-V2,280d8ebb-6cc6-2788-9153-98959a2da801,scene0119_02-scene0119_03-scene0119_01-scene0119_04-scene0119_00,canonical,5,0.19479165971279144,0.3453125059604645,0.44583332538604736,0.19999998807907104,0.3687500059604645,0.45625001192092896,0.4840277433395386,0.737500011920929,0.8354166150093079,0.5291666388511658,0,26,0,30,0,30,3,1,1,0.0,0.0,0.0,1.0,0.3333333333333333,2,98800,8
FullHistory,280d8ebb-6cc6-2788-9153-98959a2da801,scene0119_02-scene0119_03-scene0119_01-scene0119_04-scene0119_00,reverse,2,0.3280092775821686,0.581250011920929,0.690625011920929,0.38809525966644287,0.6642857193946838,0.8428571820259094,0.5350529551506042,0.8214285969734192,0.942176878452301,0.579365074634552,9,10,9,10,1,2,0,0,0,0.9,0.9,0.5,,,2,227334,2
Persist4D-V2,280d8ebb-6cc6-2788-9153-98959a2da801,scene0119_02-scene0119_03-scene0119_01-scene0119_04-scene0119_00,reverse,2,0.27997684478759766,0.4645833373069763,0.5083333253860474,0.3817460536956787,0.6357142329216003,0.6642857193946838,0.5228174328804016,0.7916666269302368,0.9148809313774109,0.579365074634552,0,10,0,10,0,10,0,0,0,0.0,0.0,0.0,,,2,128534,2
FullHistory,280d8ebb-6cc6-2788-9153-98959a2da801,scene0119_02-scene0119_03-scene0119_01-scene0119_04-scene0119_00,reverse,3,0.3158564865589142,0.4919270873069763,0.58984375,0.420634925365448,0.6785714030265808,0.8214285969734192,0.6773920655250549,0.7944445013999939,1.0,0.7067901492118835,14,15,14,15,2,3,0,0,0,0.9333333333333333,0.9333333333333333,0.6666666666666666,,,3,287899,5
Persist4D-V2,280d8ebb-6cc6-2788-9153-98959a2da801,scene0119_02-scene0119_03-scene0119_01-scene0119_04-scene0119_00,reverse,3,0.25393518805503845,0.4229166507720947,0.4229166507720947,0.3579365313053131,0.5999999642372131,0.5999999642372131,0.6350308656692505,0.7546296119689941,0.9101851582527161,0.7160494327545166,1,15,1,15,1,15,0,0,0,0.06666666666666667,0.06666666666666667,0.06666666666666667,,,2,60565,4
FullHistory,280d8ebb-6cc6-2788-9153-98959a2da801,scene0119_02-scene0119_03-scene0119_01-scene0119_04-scene0119_00,reverse,4,0.30416667461395264,0.4546875059604645,0.51171875,0.3229166567325592,0.46875,0.6785714030265808,0.5281635522842407,1.0,1.0,0.5509259104728699,20,21,21,23,6,8,3,1,0,0.9523809523809523,0.9130434782608695,0.75,0.0,0.0,4,369612,9
Persist4D-V2,280d8ebb-6cc6-2788-9153-98959a2da801,scene0119_02-scene0119_03-scene0119_01-scene0119_04-scene0119_00,reverse,4,0.23020833730697632,0.4046874940395355,0.4046874940395355,0.3142856955528259,0.5642856955528259,0.5642856955528259,0.6273148059844971,1.0,1.0,0.6620370149612427,2,21,1,23,2,24,3,1,1,0.09523809523809523,0.043478260869565216,0.08333333333333333,1.0,0.3333333333333333,2,81713,6
FullHistory,280d8ebb-6cc6-2788-9153-98959a2da801,scene0119_02-scene0119_03-scene0119_01-scene0119_04-scene0119_00,reverse,5,0.24120371043682098,0.4260416626930237,0.6604166626930237,0.32460319995880127,0.5642856955528259,0.7785714268684387,0.7093621492385864,0.9837962985038757,0.9837962985038757,0.7654321193695068,29,30,30,32,6,8,3,1,0,0.9666666666666667,0.9375,0.75,0.0,0.0,5,454986,14
Persist4D-V2,280d8ebb-6cc6-2788-9153-98959a2da801,scene0119_02-scene0119_03-scene0119_01-scene0119_04-scene0119_00,reverse,5,0.23020833730697632,0.4046874940395355,0.4046874940395355,0.3142856955528259,0.5642856955528259,0.5642856955528259,0.610853910446167,1.0,1.0,0.6820988059043884,2,29,1,31,2,32,3,1,1,0.06896551724137931,0.03225806451612903,0.0625,1.0,0.3333333333333333,2,85374,8
FullHistory,280d8ebb-6cc6-2788-9153-98959a2da801,scene0119_02-scene0119_03-scene0119_01-scene0119_04-scene0119_00,sha256_seed45,2,0.31979167461395264,0.4281249940395355,0.5364583134651184,0.4142857491970062,0.5642856955528259,0.699999988079071,0.5266203880310059,0.8333333134651184,1.0,0.5462962985038757,5,5,5,5,0,0,0,0,0,1.0,1.0,,,,2,180513,2
Persist4D-V2,280d8ebb-6cc6-2788-9153-98959a2da801,scene0119_02-scene0119_03-scene0119_01-scene0119_04-scene0119_00,sha256_seed45,2,0.32392942905426025,0.4479166567325592,0.5229166746139526,0.4404761791229248,0.6428571343421936,0.7285714149475098,0.5034722685813904,0.8333333134651184,1.0,0.5648148059844971,1,5,1,5,1,5,0,0,0,0.2,0.2,0.2,,,2,81713,2
FullHistory,280d8ebb-6cc6-2788-9153-98959a2da801,scene0119_02-scene0119_03-scene0119_01-scene0119_04-scene0119_00,sha256_seed45,3,0.303935170173645,0.4635416567325592,0.6177083253860474,0.4015873074531555,0.6714285612106323,0.7714285850524902,0.5686728358268738,0.7939814925193787,0.9606481194496155,0.6572327017784119,12,13,12,13,2,3,0,0,0,0.9230769230769231,0.9230769230769231,0.6666666666666666,,,3,265887,5
Persist4D-V2,280d8ebb-6cc6-2788-9153-98959a2da801,scene0119_02-scene0119_03-scene0119_01-scene0119_04-scene0119_00,sha256_seed45,3,0.3376157581806183,0.4919270873069763,0.598437488079071,0.4404761791229248,0.6428571343421936,0.7285714149475098,0.6177983283996582,1.0,1.0,0.6820988059043884,1,13,1,13,1,13,0,0,0,0.07692307692307693,0.07692307692307693,0.07692307692307693,,,2,85374,4
FullHistory,280d8ebb-6cc6-2788-9153-98959a2da801,scene0119_02-scene0119_03-scene0119_01-scene0119_04-scene0119_00,sha256_seed45,4,0.29737600684165955,0.5350520610809326,0.6302083134651184,0.3326388895511627,0.581250011920929,0.706250011920929,0.49054229259490967,0.7705357670783997,0.8764881491661072,0.567460298538208,19,20,22,26,5,9,9,6,1,0.95,0.8461538461538461,0.5555555555555556,0.16666666666666666,0.1111111111111111,4,394421,9
Persist4D-V2,280d8ebb-6cc6-2788-9153-98959a2da801,scene0119_02-scene0119_03-scene0119_01-scene0119_04-scene0119_00,sha256_seed45,4,0.203125,0.390625,0.3968749940395355,0.25,0.4375,0.5285714268684387,0.3229166567325592,0.5922619104385376,0.8824405074119568,0.4404761791229248,2,20,2,23,3,24,9,3,2,0.1,0.08695652173913043,0.125,0.6666666666666666,0.2222222222222222,2,128534,6
FullHistory,280d8ebb-6cc6-2788-9153-98959a2da801,scene0119_02-scene0119_03-scene0119_01-scene0119_04-scene0119_00,sha256_seed45,5,0.24189813435077667,0.4166666865348816,0.6332160234451294,0.3284722566604614,0.5562499761581421,0.8785714507102966,0.635596752166748,0.875,0.875,0.790123462677002,24,26,29,34,5,10,9,6,1,0.9230769230769231,0.8529411764705882,0.5,0.16666666666666666,0.1111111111111111,5,454986,14
Persist4D-V2,280d8ebb-6cc6-2788-9153-98959a2da801,scene0119_02-scene0119_03-scene0119_01-scene0119_04-scene0119_00,sha256_seed45,5,0.21875,0.390625,0.390625,0.25,0.4375,0.5,0.6625514030456543,0.7962962985038757,0.9518518447875977,0.7160494327545166,3,25,2,29,4,31,9,3,2,0.12,0.06896551724137931,0.12903225806451613,0.6666666666666666,0.2222222222222222,2,60565,8
FullHistory,280d8ebb-6cc6-2788-9153-98959a2da801,scene0119_03-scene0119_01-scene0119_04-scene0119_00-scene0119_02,canonical,2,0.4759259521961212,0.9000000357627869,0.9333333373069763,0.5037037134170532,0.9000000357627869,0.9333333373069763,0.7232510447502136,0.9462962746620178,0.9694444537162781,0.7592592835426331,6,6,6,6,1,1,0,0,0,1.0,1.0,1.0,,,2,142278,2
Persist4D-V2,280d8ebb-6cc6-2788-9153-98959a2da801,scene0119_03-scene0119_01-scene0119_04-scene0119_00-scene0119_02,canonical,2,0.40058639645576477,0.7172777652740479,0.930657684803009,0.4185185134410858,0.7666666507720947,0.9666666984558105,0.7445987462997437,0.9606481194496155,0.9837962985038757,0.7839505672454834,0,6,0,6,0,6,0,0,0,0.0,0.0,0.0,,,2,60565,2
FullHistory,280d8ebb-6cc6-2788-9153-98959a2da801,scene0119_03-scene0119_01-scene0119_04-scene0119_00-scene0119_02,canonical,3,0.30515044927597046,0.5614583492279053,0.6341146230697632,0.369047611951828,0.6785714030265808,0.75,0.42579367756843567,0.7577381134033203,0.867559552192688,0.488095223903656,11,11,13,13,1,1,3,1,0,1.0,1.0,1.0,0.0,0.0,3,270812,5
Persist4D-V2,280d8ebb-6cc6-2788-9153-98959a2da801,scene0119_03-scene0119_01-scene0119_04-scene0119_00-scene0119_02,canonical,3,0.303935170173645,0.5385416746139526,0.6619791388511658,0.3730159103870392,0.6714285612106323,0.7714285850524902,0.4399583041667938,0.699404776096344,0.8571428656578064,0.4682539701461792,0,11,0,13,0,13,3,1,1,0.0,0.0,0.0,1.0,0.3333333333333333,2,128534,4
FullHistory,280d8ebb-6cc6-2788-9153-98959a2da801,scene0119_03-scene0119_01-scene0119_04-scene0119_00-scene0119_02,canonical,4,0.27893519401550293,0.5091146230697632,0.5510416626930237,0.2986111044883728,0.53125,0.7071428298950195,0.38979747891426086,0.6524999737739563,0.6604166626930237,0.4937499761581421,20,20,24,24,5,5,3,1,0,1.0,1.0,1.0,0.0,0.0,4,369612,9
Persist4D-V2,280d8ebb-6cc6-2788-9153-98959a2da801,scene0119_03-scene0119_01-scene0119_04-scene0119_00-scene0119_02,canonical,4,0.20034721493721008,0.3453125059604645,0.518750011920929,0.20555554330348969,0.3687500059604645,0.518750011920929,0.4886574149131775,0.7479166388511658,0.8354166150093079,0.5291666388511658,0,20,0,24,0,24,3,1,1,0.0,0.0,0.0,1.0,0.3333333333333333,2,98800,6
FullHistory,280d8ebb-6cc6-2788-9153-98959a2da801,scene0119_03-scene0119_01-scene0119_04-scene0119_00-scene0119_02,canonical,5,0.2934854328632355,0.4758184552192688,0.547656238079071,0.3020833432674408,0.5,0.5874999761581421,0.589506208896637,1.0,1.0,0.6111111044883728,27,27,34,34,8,8,3,1,0,1.0,1.0,1.0,0.0,0.0,5,454986,14
Persist4D-V2,280d8ebb-6cc6-2788-9153-98959a2da801,scene0119_03-scene0119_01-scene0119_04-scene0119_00-scene0119_02,canonical,5,0.20034721493721008,0.3453125059604645,0.518750011920929,0.20555554330348969,0.3687500059604645,0.518750011920929,0.5668724775314331,0.8333333134651184,1.0,0.6037735939025879,1,27,2,33,2,33,3,1,1,0.037037037037037035,0.06060606060606061,0.06060606060606061,1.0,0.3333333333333333,2,85374,8
FullHistory,280d8ebb-6cc6-2788-9153-98959a2da801,scene0119_03-scene0119_01-scene0119_04-scene0119_00-scene0119_02,reverse,2,0.32711225748062134,0.48645833134651184,0.5708333253860474,0.4523809850215912,0.6357142329216003,0.764285683631897,0.36689814925193787,0.5130208134651184,0.6781249642372131,0.5317460298538208,3,3,3,3,0,0,0,0,0,1.0,1.0,,,,2,184174,2
Persist4D-V2,280d8ebb-6cc6-2788-9153-98959a2da801,scene0119_03-scene0119_01-scene0119_04-scene0119_00-scene0119_02,reverse,2,0.32002314925193787,0.41979166865348816,0.5095238089561462,0.45079368352890015,0.5999999642372131,0.7285714149475098,0.36064815521240234,0.5119791626930237,0.6479166746139526,0.5555556416511536,0,3,0,3,0,3,0,0,0,0.0,0.0,0.0,,,2,98800,2
FullHistory,280d8ebb-6cc6-2788-9153-98959a2da801,scene0119_03-scene0119_01-scene0119_04-scene0119_00-scene0119_02,reverse,3,0.2557002305984497,0.5041666626930237,0.6489583253860474,0.37936508655548096,0.7071428298950195,0.8071428537368774,0.37589287757873535,0.7431547045707703,0.9264881014823914,0.5595238208770752,13,13,15,15,2,2,0,0,0,1.0,1.0,1.0,,,3,312708,5
Persist4D-V2,280d8ebb-6cc6-2788-9153-98959a2da801,scene0119_03-scene0119_01-scene0119_04-scene0119_00-scene0119_02,reverse,3,0.20983797311782837,0.3114583492279053,0.34687501192092896,0.33174601197242737,0.5285714268684387,0.5571428537368774,0.4742063581943512,0.8065476417541504,0.9297618865966797,0.579365074634552,1,12,2,15,0,13,0,0,0,0.08333333333333333,0.13333333333333333,0.0,,,2,128534,4
FullHistory,280d8ebb-6cc6-2788-9153-98959a2da801,scene0119_03-scene0119_01-scene0119_04-scene0119_00-scene0119_02,reverse,4,0.24103011190891266,0.3919270932674408,0.5485937595367432,0.369047611951828,0.6071428656578064,0.8071428537368774,0.7392709255218506,1.0,1.0,0.7469135522842407,18,18,21,21,4,4,0,0,0,1.0,1.0,1.0,,,4,373273,9
Persist4D-V2,280d8ebb-6cc6-2788-9153-98959a2da801,scene0119_03-scene0119_01-scene0119_04-scene0119_00-scene0119_02,reverse,4,0.23587962985038757,0.3583333492279053,0.3583333492279053,0.33174601197242737,0.5285714268684387,0.5285714268684387,0.6345164775848389,0.7546296119689941,0.9101851582527161,0.7160494327545166,2,17,3,20,2,19,0,0,0,0.11764705882352941,0.15,0.10526315789473684,,,2,60565,6
FullHistory,280d8ebb-6cc6-2788-9153-98959a2da801,scene0119_03-scene0119_01-scene0119_04-scene0119_00-scene0119_02,reverse,5,0.2903521955013275,0.4788690209388733,0.5914062261581421,0.32430556416511536,0.5249999761581421,0.7785714268684387,0.47271275520324707,0.7749007344245911,0.9611110687255859,0.5925925970077515,24,25,28,29,6,7,3,1,0,0.96,0.9655172413793104,0.8571428571428571,0.0,0.0,5,454986,14
Persist4D-V2,280d8ebb-6cc6-2788-9153-98959a2da801,scene0119_03-scene0119_01-scene0119_04-scene0119_00-scene0119_02,reverse,5,0.1997106373310089,0.2932291626930237,0.2932291626930237,0.29603174328804016,0.4928571581840515,0.4928571581840515,0.6581790447235107,1.0,1.0,0.6620370149612427,3,23,4,29,3,28,3,1,1,0.13043478260869565,0.13793103448275862,0.10714285714285714,1.0,0.3333333333333333,2,81713,8
FullHistory,280d8ebb-6cc6-2788-9153-98959a2da801,scene0119_03-scene0119_01-scene0119_04-scene0119_00-scene0119_02,sha256_seed45,2,0.31979167461395264,0.4281249940395355,0.5364583134651184,0.4142857491970062,0.5642856955528259,0.699999988079071,0.5266203880310059,0.8333333134651184,1.0,0.5462962985038757,5,5,5,5,0,0,0,0,0,1.0,1.0,,,,2,180513,2
Persist4D-V2,280d8ebb-6cc6-2788-9153-98959a2da801,scene0119_03-scene0119_01-scene0119_04-scene0119_00-scene0119_02,sha256_seed45,2,0.32392942905426025,0.4479166567325592,0.5229166746139526,0.4404761791229248,0.6428571343421936,0.7285714149475098,0.5034722685813904,0.8333333134651184,1.0,0.5648148059844971,1,5,1,5,1,5,0,0,0,0.2,0.2,0.2,,,2,81713,2
FullHistory,280d8ebb-6cc6-2788-9153-98959a2da801,scene0119_03-scene0119_01-scene0119_04-scene0119_00-scene0119_02,sha256_seed45,3,0.303935170173645,0.4635416567325592,0.6177083253860474,0.4015873074531555,0.6714285612106323,0.7714285850524902,0.5686728358268738,0.7939814925193787,0.9606481194496155,0.6572327017784119,12,13,12,13,2,3,0,0,0,0.9230769230769231,0.9230769230769231,0.6666666666666666,,,3,265887,5
Persist4D-V2,280d8ebb-6cc6-2788-9153-98959a2da801,scene0119_03-scene0119_01-scene0119_04-scene0119_00-scene0119_02,sha256_seed45,3,0.3376157581806183,0.4919270873069763,0.598437488079071,0.4404761791229248,0.6428571343421936,0.7285714149475098,0.6177983283996582,1.0,1.0,0.6820988059043884,1,13,1,13,1,13,0,0,0,0.07692307692307693,0.07692307692307693,0.07692307692307693,,,2,85374,4
FullHistory,280d8ebb-6cc6-2788-9153-98959a2da801,scene0119_03-scene0119_01-scene0119_04-scene0119_00-scene0119_02,sha256_seed45,4,0.29737600684165955,0.5350520610809326,0.6302083134651184,0.3326388895511627,0.581250011920929,0.706250011920929,0.49054229259490967,0.7705357670783997,0.8764881491661072,0.567460298538208,19,20,22,26,5,9,9,6,1,0.95,0.8461538461538461,0.5555555555555556,0.16666666666666666,0.1111111111111111,4,394421,9
Persist4D-V2,280d8ebb-6cc6-2788-9153-98959a2da801,scene0119_03-scene0119_01-scene0119_04-scene0119_00-scene0119_02,sha256_seed45,4,0.203125,0.390625,0.3968749940395355,0.25,0.4375,0.5285714268684387,0.3229166567325592,0.5922619104385376,0.8824405074119568,0.4404761791229248,2,20,2,23,3,24,9,3,2,0.1,0.08695652173913043,0.125,0.6666666666666666,0.2222222222222222,2,128534,6
FullHistory,280d8ebb-6cc6-2788-9153-98959a2da801,scene0119_03-scene0119_01-scene0119_04-scene0119_00-scene0119_02,sha256_seed45,5,0.24189813435077667,0.4166666865348816,0.6332160234451294,0.3284722566604614,0.5562499761581421,0.8785714507102966,0.635596752166748,0.875,0.875,0.790123462677002,24,26,29,34,5,10,9,6,1,0.9230769230769231,0.8529411764705882,0.5,0.16666666666666666,0.1111111111111111,5,454986,14
Persist4D-V2,280d8ebb-6cc6-2788-9153-98959a2da801,scene0119_03-scene0119_01-scene0119_04-scene0119_00-scene0119_02,sha256_seed45,5,0.21875,0.390625,0.390625,0.25,0.4375,0.5,0.6625514030456543,0.7962962985038757,0.9518518447875977,0.7160494327545166,3,25,2,29,4,31,9,3,2,0.12,0.06896551724137931,0.12903225806451613,0.6666666666666666,0.2222222222222222,2,60565,8
FullHistory,280d8ebb-6cc6-2788-9153-98959a2da801,scene0119_04-scene0119_00-scene0119_02-scene0119_03-scene0119_01,canonical,2,0.2598090171813965,0.44713541865348816,0.6635416150093079,0.3214285671710968,0.5214285850524902,0.8714285492897034,0.3537326455116272,0.5963541865348816,0.7104166150093079,0.4753968417644501,8,8,8,8,0,0,0,0,0,1.0,1.0,,,,2,227334,2
Persist4D-V2,280d8ebb-6cc6-2788-9153-98959a2da801,scene0119_04-scene0119_00-scene0119_02-scene0119_03-scene0119_01,canonical,2,0.22777777910232544,0.42500001192092896,0.550000011920929,0.23194445669651031,0.42500001192092896,0.550000011920929,0.49444448947906494,0.7739583253860474,0.8614583015441895,0.5291666388511658,1,8,1,8,2,9,0,0,0,0.125,0.125,0.2222222222222222,,,2,98800,2
FullHistory,280d8ebb-6cc6-2788-9153-98959a2da801,scene0119_04-scene0119_00-scene0119_02-scene0119_03-scene0119_01,canonical,3,0.279195636510849,0.5677083134651184,0.6302083134651184,0.3843750059604645,0.735714316368103,0.8071428537368774,0.582561731338501,0.875,0.875,0.6265432834625244,14,15,15,16,2,3,0,0,0,0.9333333333333333,0.9375,0.6666666666666666,,,3,312708,5
Persist4D-V2,280d8ebb-6cc6-2788-9153-98959a2da801,scene0119_04-scene0119_00-scene0119_02-scene0119_03-scene0119_01,canonical,3,0.21388889849185944,0.42500001192092896,0.550000011920929,0.21805554628372192,0.42500001192092896,0.550000011920929,0.5900205969810486,0.8333333134651184,1.0,0.6037735939025879,2,15,2,16,2,16,0,0,0,0.13333333333333333,0.125,0.125,,,2,85374,4
FullHistory,280d8ebb-6cc6-2788-9153-98959a2da801,scene0119_04-scene0119_00-scene0119_02-scene0119_03-scene0119_01,canonical,4,0.30081021785736084,0.5122395753860474,0.659375011920929,0.3430555760860443,0.581250011920929,0.706250011920929,0.5173611044883728,0.8333333134651184,1.0,0.5694444179534912,22,23,23,25,8,10,2,0,0,0.9565217391304348,0.92,0.8,,0.0,4,394421,9
Persist4D-V2,280d8ebb-6cc6-2788-9153-98959a2da801,scene0119_04-scene0119_00-scene0119_02-scene0119_03-scene0119_01,canonical,4,0.19479165971279144,0.3453125059604645,0.4937500059604645,0.19999998807907104,0.3687500059604645,0.4937500059604645,0.5461033582687378,0.8333333134651184,1.0,0.6435185074806213,3,23,3,24,4,25,2,0,0,0.13043478260869565,0.125,0.16,,0.0,2,81713,6
FullHistory,280d8ebb-6cc6-2788-9153-98959a2da801,scene0119_04-scene0119_00-scene0119_02-scene0119_03-scene0119_01,canonical,5,0.2569444477558136,0.4375,0.565625011920929,0.2569444477558136,0.4375,0.612500011920929,0.7012345194816589,0.9837962985038757,0.9837962985038757,0.7283950448036194,29,30,31,33,11,13,2,0,0,0.9666666666666667,0.9393939393939394,0.8461538461538461,,0.0,5,454986,14
Persist4D-V2,280d8ebb-6cc6-2788-9153-98959a2da801,scene0119_04-scene0119_00-scene0119_02-scene0119_03-scene0119_01,canonical,5,0.1753472238779068,0.3203125,0.4749999940395355,0.1805555522441864,0.34375,0.4937500059604645,0.707561731338501,0.9189814925193787,0.9837962985038757,0.7839505672454834,4,28,3,31,4,32,2,0,0,0.14285714285714285,0.0967741935483871,0.125,,0.0,2,60565,8
FullHistory,280d8ebb-6cc6-2788-9153-98959a2da801,scene0119_04-scene0119_00-scene0119_02-scene0119_03-scene0119_01,reverse,2,0.4824073910713196,0.9333333373069763,0.9333333373069763,0.4851852059364319,0.9333333373069763,0.9333333373069763,0.5995370149612427,1.0,1.0,0.6203703880310059,6,6,6,6,2,2,0,0,0,1.0,1.0,1.0,,,2,142278,2
Persist4D-V2,280d8ebb-6cc6-2788-9153-98959a2da801,scene0119_04-scene0119_00-scene0119_02-scene0119_03-scene0119_01,reverse,2,0.5175925493240356,0.9000000357627869,0.9333333373069763,0.5370370149612427,0.9000000357627869,0.9333333373069763,0.604938268661499,1.0,1.0,0.6620370149612427,0,6,0,6,1,7,0,0,0,0.0,0.0,0.14285714285714285,,,2,81713,2
FullHistory,280d8ebb-6cc6-2788-9153-98959a2da801,scene0119_04-scene0119_00-scene0119_02-scene0119_03-scene0119_01,reverse,3,0.3672839403152466,0.6944444179534912,0.8083333373069763,0.3888888955116272,0.7333333492279053,0.9333333373069763,0.49125513434410095,0.7546296119689941,1.0,0.5802469849586487,14,14,14,14,2,2,0,0,0,1.0,1.0,1.0,,,3,227652,5
Persist4D-V2,280d8ebb-6cc6-2788-9153-98959a2da801,scene0119_04-scene0119_00-scene0119_02-scene0119_03-scene0119_01,reverse,3,0.42499998211860657,0.9000000357627869,0.9333333373069763,0.4444444477558136,0.9000000357627869,0.9333333373069763,0.5969650149345398,1.0,1.0,0.6820988059043884,0,14,0,14,1,15,0,0,0,0.0,0.0,0.06666666666666667,,,2,85374,4
FullHistory,280d8ebb-6cc6-2788-9153-98959a2da801,scene0119_04-scene0119_00-scene0119_02-scene0119_03-scene0119_01,reverse,4,0.3828125,0.5765625238418579,0.6463541984558105,0.4682539701461792,0.6785714030265808,0.7785714268684387,0.43164491653442383,0.6423305869102478,0.7195833325386047,0.6000000238418579,18,18,20,20,6,6,3,0,0,1.0,1.0,1.0,,0.0,4,326452,9
Persist4D-V2,280d8ebb-6cc6-2788-9153-98959a2da801,scene0119_04-scene0119_00-scene0119_02-scene0119_03-scene0119_01,reverse,4,0.3282489776611328,0.4453125,0.582812488079071,0.408730149269104,0.5357142686843872,0.6928571462631226,0.38668981194496155,0.5588541626930237,0.6947916746139526,0.5555556416511536,1,18,1,18,2,19,2,0,0,0.05555555555555555,0.05555555555555555,0.10526315789473684,,0.0,2,98800,6
FullHistory,280d8ebb-6cc6-2788-9153-98959a2da801,scene0119_04-scene0119_00-scene0119_02-scene0119_03-scene0119_01,reverse,5,0.32326388359069824,0.5328124761581421,0.7127604484558105,0.4325396716594696,0.6785714030265808,0.8499999642372131,0.4808405935764313,0.7276785969734192,0.8764881491661072,0.5873016119003296,28,28,32,32,12,12,3,0,0,1.0,1.0,1.0,,0.0,5,454986,14
Persist4D-V2,280d8ebb-6cc6-2788-9153-98959a2da801,scene0119_04-scene0119_00-scene0119_02-scene0119_03-scene0119_01,reverse,5,0.2196180522441864,0.3359375,0.3609375059604645,0.289682537317276,0.4642857015132904,0.4928571581840515,0.5218254327774048,0.8065476417541504,0.9297618865966797,0.579365074634552,2,27,3,30,2,29,2,0,0,0.07407407407407407,0.1,0.06896551724137931,,0.0,2,128534,8
FullHistory,280d8ebb-6cc6-2788-9153-98959a2da801,scene0119_04-scene0119_00-scene0119_02-scene0119_03-scene0119_01,sha256_seed45,2,0.31979167461395264,0.4281249940395355,0.5364583134651184,0.4142857491970062,0.5642856955528259,0.699999988079071,0.5266203880310059,0.8333333134651184,1.0,0.5462962985038757,5,5,5,5,0,0,0,0,0,1.0,1.0,,,,2,180513,2
Persist4D-V2,280d8ebb-6cc6-2788-9153-98959a2da801,scene0119_04-scene0119_00-scene0119_02-scene0119_03-scene0119_01,sha256_seed45,2,0.32392942905426025,0.4479166567325592,0.5229166746139526,0.4404761791229248,0.6428571343421936,0.7285714149475098,0.5034722685813904,0.8333333134651184,1.0,0.5648148059844971,1,5,1,5,1,5,0,0,0,0.2,0.2,0.2,,,2,81713,2
FullHistory,280d8ebb-6cc6-2788-9153-98959a2da801,scene0119_04-scene0119_00-scene0119_02-scene0119_03-scene0119_01,sha256_seed45,3,0.303935170173645,0.4635416567325592,0.6177083253860474,0.4015873074531555,0.6714285612106323,0.7714285850524902,0.5686728358268738,0.7939814925193787,0.9606481194496155,0.6572327017784119,12,13,12,13,2,3,0,0,0,0.9230769230769231,0.9230769230769231,0.6666666666666666,,,3,265887,5
Persist4D-V2,280d8ebb-6cc6-2788-9153-98959a2da801,scene0119_04-scene0119_00-scene0119_02-scene0119_03-scene0119_01,sha256_seed45,3,0.3376157581806183,0.4919270873069763,0.598437488079071,0.4404761791229248,0.6428571343421936,0.7285714149475098,0.6177983283996582,1.0,1.0,0.6820988059043884,1,13,1,13,1,13,0,0,0,0.07692307692307693,0.07692307692307693,0.07692307692307693,,,2,85374,4
FullHistory,280d8ebb-6cc6-2788-9153-98959a2da801,scene0119_04-scene0119_00-scene0119_02-scene0119_03-scene0119_01,sha256_seed45,4,0.29737600684165955,0.5350520610809326,0.6302083134651184,0.3326388895511627,0.581250011920929,0.706250011920929,0.49054229259490967,0.7705357670783997,0.8764881491661072,0.567460298538208,19,20,22,26,5,9,9,6,1,0.95,0.8461538461538461,0.5555555555555556,0.16666666666666666,0.1111111111111111,4,394421,9
Persist4D-V2,280d8ebb-6cc6-2788-9153-98959a2da801,scene0119_04-scene0119_00-scene0119_02-scene0119_03-scene0119_01,sha256_seed45,4,0.203125,0.390625,0.3968749940395355,0.25,0.4375,0.5285714268684387,0.3229166567325592,0.5922619104385376,0.8824405074119568,0.4404761791229248,2,20,2,23,3,24,9,3,2,0.1,0.08695652173913043,0.125,0.6666666666666666,0.2222222222222222,2,128534,6
FullHistory,280d8ebb-6cc6-2788-9153-98959a2da801,scene0119_04-scene0119_00-scene0119_02-scene0119_03-scene0119_01,sha256_seed45,5,0.24189813435077667,0.4166666865348816,0.6332160234451294,0.3284722566604614,0.5562499761581421,0.8785714507102966,0.635596752166748,0.875,0.875,0.790123462677002,24,26,29,34,5,10,9,6,1,0.9230769230769231,0.8529411764705882,0.5,0.16666666666666666,0.1111111111111111,5,454986,14
Persist4D-V2,280d8ebb-6cc6-2788-9153-98959a2da801,scene0119_04-scene0119_00-scene0119_02-scene0119_03-scene0119_01,sha256_seed45,5,0.21875,0.390625,0.390625,0.25,0.4375,0.5,0.6625514030456543,0.7962962985038757,0.9518518447875977,0.7160494327545166,3,25,2,29,4,31,9,3,2,0.12,0.06896551724137931,0.12903225806451613,0.6666666666666666,0.2222222222222222,2,60565,8
FullHistory,5630cfcf-12bf-2860-8784-83d28a611a83,scene0219_00-scene0219_03-scene0219_02-scene0219_01-scene0219_04,canonical,2,0.4166666567325592,0.5555555820465088,0.8333333134651184,0.4444444477558136,0.5555555820465088,0.8333333134651184,0.4969135820865631,0.6944444179534912,0.9444444179534912,0.5432098507881165,6,6,6,6,1,1,0,0,0,1.0,1.0,1.0,,,2,108716,2
Persist4D-V2,5630cfcf-12bf-2860-8784-83d28a611a83,scene0219_00-scene0219_03-scene0219_02-scene0219_01-scene0219_04,canonical,2,0.37037035822868347,0.5555555820465088,0.7777777910232544,0.37037035822868347,0.5555555820465088,0.7777777910232544,0.48456791043281555,0.6944444179534912,0.9444444179534912,0.4938271641731262,1,6,1,6,0,5,0,0,0,0.16666666666666666,0.16666666666666666,0.0,,,2,55569,2
FullHistory,5630cfcf-12bf-2860-8784-83d28a611a83,scene0219_00-scene0219_03-scene0219_02-scene0219_01-scene0219_04,canonical,3,0.3265432119369507,0.5611111521720886,0.7833333611488342,0.37654322385787964,0.6111111044883728,0.8333333134651184,0.42586806416511536,0.6328125,0.9635416269302368,0.4930555522441864,10,10,11,11,1,1,0,0,0,1.0,1.0,1.0,,,3,162752,5
Persist4D-V2,5630cfcf-12bf-2860-8784-83d28a611a83,scene0219_00-scene0219_03-scene0219_02-scene0219_01-scene0219_04,canonical,3,0.2839506268501282,0.4444444477558136,0.7777777910232544,0.2839506268501282,0.4444444477558136,0.7777777910232544,0.4030092656612396,0.8125,0.9375,0.4375,1,10,1,11,0,10,0,0,0,0.1,0.09090909090909091,0.0,,,2,54036,4
FullHistory,5630cfcf-12bf-2860-8784-83d28a611a83,scene0219_00-scene0219_03-scene0219_02-scene0219_01-scene0219_04,canonical,4,0.18518517911434174,0.2222222238779068,0.6666666865348816,0.18518517911434174,0.2222222238779068,0.6666666865348816,0.2847222089767456,0.3958333134651184,0.8125,0.3194444477558136,12,12,13,13,1,1,0,0,0,1.0,1.0,1.0,,,4,202528,9
Persist4D-V2,5630cfcf-12bf-2860-8784-83d28a611a83,scene0219_00-scene0219_03-scene0219_02-scene0219_01-scene0219_04,canonical,4,0.14814814925193787,0.3333333432674408,0.6666666865348816,0.14814814925193787,0.3333333432674408,0.6666666865348816,0.33217594027519226,0.625,0.875,0.460317462682724,2,14,2,15,0,13,0,0,0,0.14285714285714285,0.13333333333333333,0.0,,,2,39776,6
FullHistory,5630cfcf-12bf-2860-8784-83d28a611a83,scene0219_00-scene0219_03-scene0219_02-scene0219_01-scene0219_04,canonical,5,0.07407407462596893,0.1111111119389534,0.4722222089767456,0.07407407462596893,0.1111111119389534,0.5555555820465088,0.4753086566925049,0.6388888955116272,0.8611111044883728,0.5123456716537476,14,14,18,18,1,1,1,1,0,1.0,1.0,1.0,0.0,0.0,5,263273,14
Persist4D-V2,5630cfcf-12bf-2860-8784-83d28a611a83,scene0219_00-scene0219_03-scene0219_02-scene0219_01-scene0219_04,canonical,5,0.14814814925193787,0.3333333432674408,0.5555555820465088,0.14814814925193787,0.3333333432674408,0.5555555820465088,0.5432098507881165,0.6666666865348816,0.8888888955116272,0.5432098507881165,3,17,2,20,0,18,1,1,1,0.17647058823529413,0.1,0.0,1.0,1.0,2,60745,8
FullHistory,5630cfcf-12bf-2860-8784-83d28a611a83,scene0219_00-scene0219_03-scene0219_02-scene0219_01-scene0219_04,reverse,2,0.25462964177131653,0.4027777910232544,0.625,0.35185185074806213,0.5,0.7222222089767456,0.3211805522441864,0.6875,0.8125,0.3472222089767456,2,2,2,2,1,1,0,0,0,1.0,1.0,1.0,,,2,100521,2
Persist4D-V2,5630cfcf-12bf-2860-8784-83d28a611a83,scene0219_00-scene0219_03-scene0219_02-scene0219_01-scene0219_04,reverse,2,0.23456789553165436,0.3333333432674408,0.5555555820465088,0.23456789553165436,0.3333333432674408,0.5555555820465088,0.20428241789340973,0.5625,0.6875,0.2916666567325592,0,2,0,2,0,2,0,0,0,0.0,0.0,0.0,,,2,39776,2
FullHistory,5630cfcf-12bf-2860-8784-83d28a611a83,scene0219_00-scene0219_03-scene0219_02-scene0219_01-scene0219_04,reverse,3,0.1358024626970291,0.3333333432674408,0.6111111044883728,0.1358024626970291,0.3333333432674408,0.6111111044883728,0.3648809492588043,0.625,0.9375,0.4027777910232544,4,4,6,6,1,1,0,0,0,1.0,1.0,1.0,,,3,154557,5
Persist4D-V2,5630cfcf-12bf-2860-8784-83d28a611a83,scene0219_00-scene0219_03-scene0219_02-scene0219_01-scene0219_04,reverse,3,0.1358024626970291,0.3333333432674408,0.5555555820465088,0.1358024626970291,0.3333333432674408,0.5555555820465088,0.4131944477558136,0.6875,0.9375,0.4236111044883728,0,4,0,5,0,5,0,0,0,0.0,0.0,0.0,,,2,54036,4
FullHistory,5630cfcf-12bf-2860-8784-83d28a611a83,scene0219_00-scene0219_03-scene0219_02-scene0219_01-scene0219_04,reverse,4,0.0015432098880410194,0.013888888992369175,0.4027777910232544,0.012345679104328156,0.1111111119389534,0.5,0.49845677614212036,0.7083333134651184,0.9444444179534912,0.5617284178733826,8,8,12,12,2,2,1,1,0,1.0,1.0,1.0,0.0,0.0,4,210126,9
Persist4D-V2,5630cfcf-12bf-2860-8784-83d28a611a83,scene0219_00-scene0219_03-scene0219_02-scene0219_01-scene0219_04,reverse,4,0.1358024626970291,0.3333333432674408,0.5555555820465088,0.1358024626970291,0.3333333432674408,0.5555555820465088,0.4938271641731262,0.7777777910232544,0.8888888955116272,0.5555555820465088,0,8,0,12,0,12,1,1,1,0.0,0.0,0.0,1.0,1.0,2,55569,6
FullHistory,5630cfcf-12bf-2860-8784-83d28a611a83,scene0219_00-scene0219_03-scene0219_02-scene0219_01-scene0219_04,reverse,5,0.1419753134250641,0.2777777910232544,0.5,0.1419753134250641,0.2777777910232544,0.5,0.625,0.8333333134651184,0.9444444179534912,0.6358024477958679,13,13,19,19,2,2,1,1,0,1.0,1.0,1.0,0.0,0.0,5,263273,14
Persist4D-V2,5630cfcf-12bf-2860-8784-83d28a611a83,scene0219_00-scene0219_03-scene0219_02-scene0219_01-scene0219_04,reverse,5,0.1358024626970291,0.3333333432674408,0.5555555820465088,0.1358024626970291,0.3333333432674408,0.5555555820465088,0.638888955116272,0.7870370745658875,0.9027777910232544,0.6851851940155029,0,14,0,18,0,18,1,1,1,0.0,0.0,0.0,1.0,1.0,2,53147,8
FullHistory,5630cfcf-12bf-2860-8784-83d28a611a83,scene0219_00-scene0219_03-scene0219_02-scene0219_01-scene0219_04,sha256_seed45,2,0.18827161192893982,0.3333333432674408,0.6111111044883728,0.2222222238779068,0.3333333432674408,0.6111111044883728,0.546296238899231,0.7777777910232544,0.9444444179534912,0.5802469253540039,5,5,5,5,0,0,0,0,0,1.0,1.0,,,,2,113892,2
Persist4D-V2,5630cfcf-12bf-2860-8784-83d28a611a83,scene0219_00-scene0219_03-scene0219_02-scene0219_01-scene0219_04,sha256_seed45,2,0.40740740299224854,0.5555555820465088,0.7777777910232544,0.40740740299224854,0.5555555820465088,0.7777777910232544,0.5469135642051697,0.7777777910232544,0.9768518805503845,0.5802469253540039,0,5,0,5,0,5,0,0,0,0.0,0.0,0.0,,,2,53147,2
FullHistory,5630cfcf-12bf-2860-8784-83d28a611a83,scene0219_00-scene0219_03-scene0219_02-scene0219_01-scene0219_04,sha256_seed45,3,0.17592592537403107,0.3402777910232544,0.5763888955116272,0.2222222238779068,0.4444444477558136,0.7222222089767456,0.3286706209182739,0.75,0.890625,0.4444444477558136,10,10,10,10,1,1,0,0,0,1.0,1.0,1.0,,,3,167928,5
Persist4D-V2,5630cfcf-12bf-2860-8784-83d28a611a83,scene0219_00-scene0219_03-scene0219_02-scene0219_01-scene0219_04,sha256_seed45,3,0.3086419701576233,0.5555555820465088,0.7777777910232544,0.3086419701576233,0.5555555820465088,0.7777777910232544,0.38831016421318054,0.7135416269302368,0.9635416269302368,0.4722222089767456,0,10,0,10,0,10,0,0,0,0.0,0.0,0.0,,,2,54036,4
FullHistory,5630cfcf-12bf-2860-8784-83d28a611a83,scene0219_00-scene0219_03-scene0219_02-scene0219_01-scene0219_04,sha256_seed45,4,0.07463523745536804,0.11616161465644836,0.5,0.08641975373029709,0.2222222238779068,0.5,0.25810185074806213,0.3958333432674408,0.8125,0.4444444477558136,13,13,13,13,1,1,0,0,0,1.0,1.0,1.0,,,4,207704,9
Persist4D-V2,5630cfcf-12bf-2860-8784-83d28a611a83,scene0219_00-scene0219_03-scene0219_02-scene0219_01-scene0219_04,sha256_seed45,4,0.23456789553165436,0.4444444477558136,0.6666666865348816,0.23456789553165436,0.4444444477558136,0.6666666865348816,0.2864583432674408,0.5989583730697632,0.8489583730697632,0.460317462682724,1,13,1,13,0,12,0,0,0,0.07692307692307693,0.07692307692307693,0.0,,,2,39776,6
FullHistory,5630cfcf-12bf-2860-8784-83d28a611a83,scene0219_00-scene0219_03-scene0219_02-scene0219_01-scene0219_04,sha256_seed45,5,0.08744855970144272,0.125,0.5555555820465088,0.12962962687015533,0.1666666716337204,0.5555555820465088,0.4691357910633087,0.8055555820465088,1.0,0.5432098507881165,15,15,19,19,2,2,1,1,0,1.0,1.0,1.0,0.0,0.0,5,263273,14
Persist4D-V2,5630cfcf-12bf-2860-8784-83d28a611a83,scene0219_00-scene0219_03-scene0219_02-scene0219_01-scene0219_04,sha256_seed45,5,0.23456789553165436,0.4444444477558136,0.6666666865348816,0.23456789553165436,0.4444444477558136,0.6666666865348816,0.5010287761688232,0.7407407760620117,0.9351851940155029,0.5679012537002563,2,16,1,19,0,18,1,1,1,0.125,0.05263157894736842,0.0,1.0,1.0,2,55569,8
FullHistory,5630cfcf-12bf-2860-8784-83d28a611a83,scene0219_01-scene0219_04-scene0219_00-scene0219_03-scene0219_02,canonical,2,0.24151234328746796,0.3402777910232544,0.6342592239379883,0.29012346267700195,0.3888888955116272,0.6666666865348816,0.48765432834625244,0.6342592239379883,0.8657407760620117,0.5308641791343689,1,1,1,1,0,0,0,0,0,1.0,1.0,,,,2,100521,2
Persist4D-V2,5630cfcf-12bf-2860-8784-83d28a611a83,scene0219_01-scene0219_04-scene0219_00-scene0219_03-scene0219_02,canonical,2,0.2222222238779068,0.3333333432674408,0.6666666865348816,0.2222222238779068,0.3333333432674408,0.75,0.5432098507881165,0.6666666865348816,0.8888888955116272,0.5432098507881165,0,1,0,1,0,1,0,0,0,0.0,0.0,0.0,,,2,60745,2
FullHistory,5630cfcf-12bf-2860-8784-83d28a611a83,scene0219_01-scene0219_04-scene0219_00-scene0219_03-scene0219_02,canonical,3,0.11008229851722717,0.25,0.5277777910232544,0.18518517911434174,0.3333333432674408,0.6111111044883728,0.5438957810401917,0.8888888955116272,0.9444444179534912,0.5555555820465088,5,6,6,7,0,1,0,0,0,0.8333333333333334,0.8571428571428571,0.0,,,3,153668,5
Persist4D-V2,5630cfcf-12bf-2860-8784-83d28a611a83,scene0219_01-scene0219_04-scene0219_00-scene0219_03-scene0219_02,canonical,3,0.14814814925193787,0.2222222238779068,0.5555555820465088,0.14814814925193787,0.2222222238779068,0.5555555820465088,0.546296238899231,0.7777777910232544,0.9768518805503845,0.5802469253540039,0,6,0,6,0,6,0,0,0,0.0,0.0,0.0,,,2,53147,4
FullHistory,5630cfcf-12bf-2860-8784-83d28a611a83,scene0219_01-scene0219_04-scene0219_00-scene0219_03-scene0219_02,canonical,4,0.07407407462596893,0.1111111119389534,0.4444444477558136,0.07407407462596893,0.1111111119389534,0.4444444477558136,0.5576131939888,0.75,0.9444444179534912,0.6358024477958679,11,12,12,13,1,2,0,0,0,0.9166666666666666,0.9230769230769231,0.5,,,4,209237,9
Persist4D-V2,5630cfcf-12bf-2860-8784-83d28a611a83,scene0219_01-scene0219_04-scene0219_00-scene0219_03-scene0219_02,canonical,4,0.14814814925193787,0.2222222238779068,0.5555555820465088,0.14814814925193787,0.2222222238779068,0.5555555820465088,0.48456791043281555,0.6944444179534912,0.9444444179534912,0.4938271641731262,0,12,0,12,0,12,0,0,0,0.0,0.0,0.0,,,2,55569,6
FullHistory,5630cfcf-12bf-2860-8784-83d28a611a83,scene0219_01-scene0219_04-scene0219_00-scene0219_03-scene0219_02,canonical,5,0.07407407462596893,0.1111111119389534,0.5,0.07407407462596893,0.1111111119389534,0.5,0.39351850748062134,0.625,0.9375,0.4166666567325592,15,16,17,18,2,3,0,0,0,0.9375,0.9444444444444444,0.6666666666666666,,,5,263273,14
Persist4D-V2,5630cfcf-12bf-2860-8784-83d28a611a83,scene0219_01-scene0219_04-scene0219_00-scene0219_03-scene0219_02,canonical,5,0.12345679104328156,0.2222222238779068,0.5555555820465088,0.12345679104328156,0.2222222238779068,0.5555555820465088,0.40243056416511536,0.8125,0.9375,0.4375,0,16,0,18,0,18,0,0,0,0.0,0.0,0.0,,,2,54036,8
FullHistory,5630cfcf-12bf-2860-8784-83d28a611a83,scene0219_01-scene0219_04-scene0219_00-scene0219_03-scene0219_02,reverse,2,0.3827160596847534,0.6666666865348816,0.9444444179534912,0.3827160596847534,0.6666666865348816,0.9444444179534912,0.4779541492462158,0.7777777910232544,0.9444444179534912,0.5432098507881165,4,4,4,4,0,0,0,0,0,1.0,1.0,,,,2,109605,2
Persist4D-V2,5630cfcf-12bf-2860-8784-83d28a611a83,scene0219_01-scene0219_04-scene0219_00-scene0219_03-scene0219_02,reverse,2,0.37037035822868347,0.5555555820465088,0.8888888955116272,0.37037035822868347,0.5555555820465088,0.8888888955116272,0.4938271641731262,0.7777777910232544,0.8888888955116272,0.5555555820465088,0,4,0,4,0,4,0,0,0,0.0,0.0,0.0,,,2,55569,2
FullHistory,5630cfcf-12bf-2860-8784-83d28a611a83,scene0219_01-scene0219_04-scene0219_00-scene0219_03-scene0219_02,reverse,3,0.32098764181137085,0.4444444477558136,0.7777777910232544,0.32098764181137085,0.4444444477558136,0.7777777910232544,0.5802469253540039,0.7777777910232544,0.8888888955116272,0.5802469253540039,10,10,10,10,1,1,0,0,0,1.0,1.0,1.0,,,3,162752,5
Persist4D-V2,5630cfcf-12bf-2860-8784-83d28a611a83,scene0219_01-scene0219_04-scene0219_00-scene0219_03-scene0219_02,reverse,3,0.2222222238779068,0.3333333432674408,0.6666666865348816,0.2222222238779068,0.3333333432674408,0.6666666865348816,0.638888955116272,0.7870370745658875,0.9027777910232544,0.6851851940155029,0,10,0,10,0,10,0,0,0,0.0,0.0,0.0,,,2,53147,4
FullHistory,5630cfcf-12bf-2860-8784-83d28a611a83,scene0219_01-scene0219_04-scene0219_00-scene0219_03-scene0219_02,reverse,4,0.18518517911434174,0.3333333432674408,0.5555555820465088,0.18518517911434174,0.3333333432674408,0.5555555820465088,0.46347737312316895,0.5694444179534912,0.8333333134651184,0.48765432834625244,15,15,15,15,1,1,0,0,0,1.0,1.0,1.0,,,4,223497,9
Persist4D-V2,5630cfcf-12bf-2860-8784-83d28a611a83,scene0219_01-scene0219_04-scene0219_00-scene0219_03-scene0219_02,reverse,4,0.17283950746059418,0.2222222238779068,0.5555555820465088,0.17283950746059418,0.2222222238779068,0.5555555820465088,0.47788065671920776,0.6435185670852661,0.8657407760620117,0.5061728358268738,0,14,0,14,0,14,0,0,0,0.0,0.0,0.0,,,2,60745,6
FullHistory,5630cfcf-12bf-2860-8784-83d28a611a83,scene0219_01-scene0219_04-scene0219_00-scene0219_03-scene0219_02,reverse,5,0.07407407462596893,0.1111111119389534,0.4444444477558136,0.07407407462596893,0.1111111119389534,0.4444444477558136,0.24097220599651337,0.38749998807907104,0.8125,0.3333333432674408,17,17,18,18,2,2,0,0,0,1.0,1.0,1.0,,,5,263273,14
Persist4D-V2,5630cfcf-12bf-2860-8784-83d28a611a83,scene0219_01-scene0219_04-scene0219_00-scene0219_03-scene0219_02,reverse,5,0.12345679104328156,0.2222222238779068,0.5555555820465088,0.12345679104328156,0.2222222238779068,0.5555555820465088,0.20428241789340973,0.5625,0.6875,0.2916666567325592,0,16,0,17,0,17,0,0,0,0.0,0.0,0.0,,,2,39776,8
FullHistory,5630cfcf-12bf-2860-8784-83d28a611a83,scene0219_01-scene0219_04-scene0219_00-scene0219_03-scene0219_02,sha256_seed45,2,0.18827161192893982,0.3333333432674408,0.6111111044883728,0.2222222238779068,0.3333333432674408,0.6111111044883728,0.546296238899231,0.7777777910232544,0.9444444179534912,0.5802469253540039,5,5,5,5,0,0,0,0,0,1.0,1.0,,,,2,113892,2
Persist4D-V2,5630cfcf-12bf-2860-8784-83d28a611a83,scene0219_01-scene0219_04-scene0219_00-scene0219_03-scene0219_02,sha256_seed45,2,0.40740740299224854,0.5555555820465088,0.7777777910232544,0.40740740299224854,0.5555555820465088,0.7777777910232544,0.5469135642051697,0.7777777910232544,0.9768518805503845,0.5802469253540039,0,5,0,5,0,5,0,0,0,0.0,0.0,0.0,,,2,53147,2
FullHistory,5630cfcf-12bf-2860-8784-83d28a611a83,scene0219_01-scene0219_04-scene0219_00-scene0219_03-scene0219_02,sha256_seed45,3,0.17592592537403107,0.3402777910232544,0.5763888955116272,0.2222222238779068,0.4444444477558136,0.7222222089767456,0.3286706209182739,0.75,0.890625,0.4444444477558136,10,10,10,10,1,1,0,0,0,1.0,1.0,1.0,,,3,167928,5
Persist4D-V2,5630cfcf-12bf-2860-8784-83d28a611a83,scene0219_01-scene0219_04-scene0219_00-scene0219_03-scene0219_02,sha256_seed45,3,0.3086419701576233,0.5555555820465088,0.7777777910232544,0.3086419701576233,0.5555555820465088,0.7777777910232544,0.38831016421318054,0.7135416269302368,0.9635416269302368,0.4722222089767456,0,10,0,10,0,10,0,0,0,0.0,0.0,0.0,,,2,54036,4
FullHistory,5630cfcf-12bf-2860-8784-83d28a611a83,scene0219_01-scene0219_04-scene0219_00-scene0219_03-scene0219_02,sha256_seed45,4,0.07463523745536804,0.11616161465644836,0.5,0.08641975373029709,0.2222222238779068,0.5,0.25810185074806213,0.3958333432674408,0.8125,0.4444444477558136,13,13,13,13,1,1,0,0,0,1.0,1.0,1.0,,,4,207704,9
Persist4D-V2,5630cfcf-12bf-2860-8784-83d28a611a83,scene0219_01-scene0219_04-scene0219_00-scene0219_03-scene0219_02,sha256_seed45,4,0.23456789553165436,0.4444444477558136,0.6666666865348816,0.23456789553165436,0.4444444477558136,0.6666666865348816,0.2864583432674408,0.5989583730697632,0.8489583730697632,0.460317462682724,1,13,1,13,0,12,0,0,0,0.07692307692307693,0.07692307692307693,0.0,,,2,39776,6
FullHistory,5630cfcf-12bf-2860-8784-83d28a611a83,scene0219_01-scene0219_04-scene0219_00-scene0219_03-scene0219_02,sha256_seed45,5,0.08744855970144272,0.125,0.5555555820465088,0.12962962687015533,0.1666666716337204,0.5555555820465088,0.4691357910633087,0.8055555820465088,1.0,0.5432098507881165,15,15,19,19,2,2,1,1,0,1.0,1.0,1.0,0.0,0.0,5,263273,14
Persist4D-V2,5630cfcf-12bf-2860-8784-83d28a611a83,scene0219_01-scene0219_04-scene0219_00-scene0219_03-scene0219_02,sha256_seed45,5,0.23456789553165436,0.4444444477558136,0.6666666865348816,0.23456789553165436,0.4444444477558136,0.6666666865348816,0.5010287761688232,0.7407407760620117,0.9351851940155029,0.5679012537002563,2,16,1,19,0,18,1,1,1,0.125,0.05263157894736842,0.0,1.0,1.0,2,55569,8
FullHistory,5630cfcf-12bf-2860-8784-83d28a611a83,scene0219_02-scene0219_01-scene0219_04-scene0219_00-scene0219_03,canonical,2,0.20023149251937866,0.4270833432674408,0.8489583730697632,0.2569444477558136,0.5,0.875,0.2842261791229248,0.5989583730697632,0.8489583730697632,0.460317462682724,2,2,2,2,1,1,0,0,0,1.0,1.0,1.0,,,2,93812,2
Persist4D-V2,5630cfcf-12bf-2860-8784-83d28a611a83,scene0219_02-scene0219_01-scene0219_04-scene0219_00-scene0219_03,canonical,2,0.1111111119389534,0.25,0.75,0.1111111119389534,0.25,0.75,0.2864583432674408,0.5989583730697632,0.8489583730697632,0.460317462682724,0,2,0,2,0,2,0,0,0,0.0,0.0,0.0,,,2,39776,2
FullHistory,5630cfcf-12bf-2860-8784-83d28a611a83,scene0219_02-scene0219_01-scene0219_04-scene0219_00-scene0219_03,canonical,3,0.1469135731458664,0.3444444239139557,0.6222221851348877,0.2469135820865631,0.4444444477558136,0.7222222089767456,0.4691357910633087,0.6111111044883728,0.8333333134651184,0.4691357910633087,5,5,6,6,1,1,0,0,0,1.0,1.0,1.0,,,3,154557,5
Persist4D-V2,5630cfcf-12bf-2860-8784-83d28a611a83,scene0219_02-scene0219_01-scene0219_04-scene0219_00-scene0219_03,canonical,3,0.20987653732299805,0.3333333432674408,0.6666666865348816,0.20987653732299805,0.3333333432674408,0.6666666865348816,0.5154321193695068,0.6666666865348816,0.8888888955116272,0.5432098507881165,1,5,1,6,0,5,0,0,0,0.2,0.16666666666666666,0.0,,,2,60745,4
FullHistory,5630cfcf-12bf-2860-8784-83d28a611a83,scene0219_02-scene0219_01-scene0219_04-scene0219_00-scene0219_03,canonical,4,0.1080247014760971,0.23148149251937866,0.5324074625968933,0.15432098507881165,0.2777777910232544,0.5555555820465088,0.5089505910873413,0.6805555820465088,1.0,0.5617284178733826,10,10,12,12,3,3,0,0,0,1.0,1.0,1.0,,,4,207704,9
Persist4D-V2,5630cfcf-12bf-2860-8784-83d28a611a83,scene0219_02-scene0219_01-scene0219_04-scene0219_00-scene0219_03,canonical,4,0.20987653732299805,0.3333333432674408,0.6666666865348816,0.20987653732299805,0.3333333432674408,0.6666666865348816,0.5469135642051697,0.7777777910232544,0.9768518805503845,0.5802469253540039,1,10,1,12,0,11,0,0,0,0.1,0.08333333333333333,0.0,,,2,53147,6
FullHistory,5630cfcf-12bf-2860-8784-83d28a611a83,scene0219_02-scene0219_01-scene0219_04-scene0219_00-scene0219_03,canonical,5,0.07407407462596893,0.1111111119389534,0.4444444477558136,0.07407407462596893,0.1111111119389534,0.4444444477558136,0.4434156119823456,0.7777777910232544,0.9444444179534912,0.5061728358268738,16,16,17,18,3,4,0,0,0,1.0,0.9444444444444444,0.75,,,5,263273,14
Persist4D-V2,5630cfcf-12bf-2860-8784-83d28a611a83,scene0219_02-scene0219_01-scene0219_04-scene0219_00-scene0219_03,canonical,5,0.20987653732299805,0.3333333432674408,0.6666666865348816,0.20987653732299805,0.3333333432674408,0.6666666865348816,0.48456791043281555,0.6944444179534912,0.9444444179534912,0.4938271641731262,1,16,1,18,0,17,0,0,0,0.0625,0.05555555555555555,0.0,,,2,55569,8
FullHistory,5630cfcf-12bf-2860-8784-83d28a611a83,scene0219_02-scene0219_01-scene0219_04-scene0219_00-scene0219_03,reverse,2,0.46064814925193787,0.6736111044883728,0.7847222089767456,0.5370370149612427,0.7222222089767456,0.8333333134651184,0.638888955116272,0.7870370745658875,0.9027777910232544,0.6851851940155029,6,6,6,6,1,1,0,0,0,1.0,1.0,1.0,,,2,108716,2
Persist4D-V2,5630cfcf-12bf-2860-8784-83d28a611a83,scene0219_02-scene0219_01-scene0219_04-scene0219_00-scene0219_03,reverse,2,0.45000001788139343,0.6722222566604614,0.7847222089767456,0.5,0.7222222089767456,0.8333333134651184,0.638888955116272,0.7870370745658875,0.9027777910232544,0.6851851940155029,0,6,0,6,0,6,0,0,0,0.0,0.0,0.0,,,2,53147,2
FullHistory,5630cfcf-12bf-2860-8784-83d28a611a83,scene0219_02-scene0219_01-scene0219_04-scene0219_00-scene0219_03,reverse,3,0.1388888955116272,0.3333333432674408,0.5555555820465088,0.14814814925193787,0.3333333432674408,0.5555555820465088,0.4300411343574524,0.6111111044883728,0.8333333134651184,0.4506172835826874,10,10,11,11,3,3,0,0,0,1.0,1.0,1.0,,,3,169461,5
Persist4D-V2,5630cfcf-12bf-2860-8784-83d28a611a83,scene0219_02-scene0219_01-scene0219_04-scene0219_00-scene0219_03,reverse,3,0.3333333432674408,0.4444444477558136,0.6666666865348816,0.3333333432674408,0.4444444477558136,0.6666666865348816,0.47788065671920776,0.6435185670852661,0.8657407760620117,0.5061728358268738,0,10,0,10,0,10,0,0,0,0.0,0.0,0.0,,,2,60745,4
FullHistory,5630cfcf-12bf-2860-8784-83d28a611a83,scene0219_02-scene0219_01-scene0219_04-scene0219_00-scene0219_03,reverse,4,0.08796296268701553,0.125,0.4583333432674408,0.12962962687015533,0.1666666716337204,0.5,0.2621527910232544,0.390625,0.875,0.3888888955116272,12,12,13,13,3,3,0,0,0,1.0,1.0,1.0,,,4,209237,9
Persist4D-V2,5630cfcf-12bf-2860-8784-83d28a611a83,scene0219_02-scene0219_01-scene0219_04-scene0219_00-scene0219_03,reverse,4,0.20987653732299805,0.3333333432674408,0.5555555820465088,0.20987653732299805,0.3333333432674408,0.5555555820465088,0.20428241789340973,0.5625,0.6875,0.2916666567325592,0,12,0,13,0,13,0,0,0,0.0,0.0,0.0,,,2,39776,6
FullHistory,5630cfcf-12bf-2860-8784-83d28a611a83,scene0219_02-scene0219_01-scene0219_04-scene0219_00-scene0219_03,reverse,5,0.07407407462596893,0.1111111119389534,0.4444444477558136,0.07407407462596893,0.1111111119389534,0.4444444477558136,0.3923611044883728,0.625,0.9375,0.4027777910232544,14,14,18,18,3,3,0,0,0,1.0,1.0,1.0,,,5,263273,14
Persist4D-V2,5630cfcf-12bf-2860-8784-83d28a611a83,scene0219_02-scene0219_01-scene0219_04-scene0219_00-scene0219_03,reverse,5,0.1358024626970291,0.3333333432674408,0.5555555820465088,0.1358024626970291,0.3333333432674408,0.5555555820465088,0.4131944477558136,0.6875,0.9375,0.4236111044883728,0,14,0,17,0,17,0,0,0,0.0,0.0,0.0,,,2,54036,8
FullHistory,5630cfcf-12bf-2860-8784-83d28a611a83,scene0219_02-scene0219_01-scene0219_04-scene0219_00-scene0219_03,sha256_seed45,2,0.18827161192893982,0.3333333432674408,0.6111111044883728,0.2222222238779068,0.3333333432674408,0.6111111044883728,0.546296238899231,0.7777777910232544,0.9444444179534912,0.5802469253540039,5,5,5,5,0,0,0,0,0,1.0,1.0,,,,2,113892,2
Persist4D-V2,5630cfcf-12bf-2860-8784-83d28a611a83,scene0219_02-scene0219_01-scene0219_04-scene0219_00-scene0219_03,sha256_seed45,2,0.40740740299224854,0.5555555820465088,0.7777777910232544,0.40740740299224854,0.5555555820465088,0.7777777910232544,0.5469135642051697,0.7777777910232544,0.9768518805503845,0.5802469253540039,0,5,0,5,0,5,0,0,0,0.0,0.0,0.0,,,2,53147,2
FullHistory,5630cfcf-12bf-2860-8784-83d28a611a83,scene0219_02-scene0219_01-scene0219_04-scene0219_00-scene0219_03,sha256_seed45,3,0.17592592537403107,0.3402777910232544,0.5763888955116272,0.2222222238779068,0.4444444477558136,0.7222222089767456,0.3286706209182739,0.75,0.890625,0.4444444477558136,10,10,10,10,1,1,0,0,0,1.0,1.0,1.0,,,3,167928,5
Persist4D-V2,5630cfcf-12bf-2860-8784-83d28a611a83,scene0219_02-scene0219_01-scene0219_04-scene0219_00-scene0219_03,sha256_seed45,3,0.3086419701576233,0.5555555820465088,0.7777777910232544,0.3086419701576233,0.5555555820465088,0.7777777910232544,0.38831016421318054,0.7135416269302368,0.9635416269302368,0.4722222089767456,0,10,0,10,0,10,0,0,0,0.0,0.0,0.0,,,2,54036,4
FullHistory,5630cfcf-12bf-2860-8784-83d28a611a83,scene0219_02-scene0219_01-scene0219_04-scene0219_00-scene0219_03,sha256_seed45,4,0.07463523745536804,0.11616161465644836,0.5,0.08641975373029709,0.2222222238779068,0.5,0.25810185074806213,0.3958333432674408,0.8125,0.4444444477558136,13,13,13,13,1,1,0,0,0,1.0,1.0,1.0,,,4,207704,9
Persist4D-V2,5630cfcf-12bf-2860-8784-83d28a611a83,scene0219_02-scene0219_01-scene0219_04-scene0219_00-scene0219_03,sha256_seed45,4,0.23456789553165436,0.4444444477558136,0.6666666865348816,0.23456789553165436,0.4444444477558136,0.6666666865348816,0.2864583432674408,0.5989583730697632,0.8489583730697632,0.460317462682724,1,13,1,13,0,12,0,0,0,0.07692307692307693,0.07692307692307693,0.0,,,2,39776,6
FullHistory,5630cfcf-12bf-2860-8784-83d28a611a83,scene0219_02-scene0219_01-scene0219_04-scene0219_00-scene0219_03,sha256_seed45,5,0.08744855970144272,0.125,0.5555555820465088,0.12962962687015533,0.1666666716337204,0.5555555820465088,0.4691357910633087,0.8055555820465088,1.0,0.5432098507881165,15,15,19,19,2,2,1,1,0,1.0,1.0,1.0,0.0,0.0,5,263273,14
Persist4D-V2,5630cfcf-12bf-2860-8784-83d28a611a83,scene0219_02-scene0219_01-scene0219_04-scene0219_00-scene0219_03,sha256_seed45,5,0.23456789553165436,0.4444444477558136,0.6666666865348816,0.23456789553165436,0.4444444477558136,0.6666666865348816,0.5010287761688232,0.7407407760620117,0.9351851940155029,0.5679012537002563,2,16,1,19,0,18,1,1,1,0.125,0.05263157894736842,0.0,1.0,1.0,2,55569,8
FullHistory,5630cfcf-12bf-2860-8784-83d28a611a83,scene0219_03-scene0219_02-scene0219_01-scene0219_04-scene0219_00,canonical,2,0.3827160596847534,0.6666666865348816,0.9444444179534912,0.3827160596847534,0.6666666865348816,0.9444444179534912,0.40069445967674255,0.8125,0.9375,0.4236111044883728,5,5,5,5,0,0,0,0,0,1.0,1.0,,,,2,109605,2
Persist4D-V2,5630cfcf-12bf-2860-8784-83d28a611a83,scene0219_03-scene0219_02-scene0219_01-scene0219_04-scene0219_00,canonical,2,0.395061731338501,0.6666666865348816,0.8888888955116272,0.395061731338501,0.6666666865348816,0.8888888955116272,0.40243056416511536,0.8125,0.9375,0.4375,0,5,0,5,0,5,0,0,0,0.0,0.0,0.0,,,2,54036,2
FullHistory,5630cfcf-12bf-2860-8784-83d28a611a83,scene0219_03-scene0219_02-scene0219_01-scene0219_04-scene0219_00,canonical,3,0.1259259283542633,0.23333331942558289,0.7222222089767456,0.14814814925193787,0.3333333432674408,0.7222222089767456,0.2971230149269104,0.390625,0.8125,0.3968254029750824,7,7,7,7,0,0,0,0,0,1.0,1.0,,,,3,149381,5
Persist4D-V2,5630cfcf-12bf-2860-8784-83d28a611a83,scene0219_03-scene0219_02-scene0219_01-scene0219_04-scene0219_00,canonical,3,0.23456789553165436,0.4444444477558136,0.7777777910232544,0.23456789553165436,0.4444444477558136,0.7777777910232544,0.2864583432674408,0.5989583730697632,0.8489583730697632,0.460317462682724,1,9,1,9,0,8,0,0,0,0.1111111111111111,0.1111111111111111,0.0,,,2,39776,4
FullHistory,5630cfcf-12bf-2860-8784-83d28a611a83,scene0219_03-scene0219_02-scene0219_01-scene0219_04-scene0219_00,canonical,4,0.12992356717586517,0.13756613433361053,0.5681216716766357,0.24074074625968933,0.3888888955116272,0.7777777910232544,0.48148149251937866,0.6666666865348816,0.8888888955116272,0.5185185074806213,8,8,12,12,1,1,1,1,0,1.0,1.0,1.0,0.0,0.0,4,210126,9
Persist4D-V2,5630cfcf-12bf-2860-8784-83d28a611a83,scene0219_03-scene0219_02-scene0219_01-scene0219_04-scene0219_00,canonical,4,0.23456789553165436,0.4444444477558136,0.6666666865348816,0.23456789553165436,0.4444444477558136,0.6666666865348816,0.5154321193695068,0.6666666865348816,0.8888888955116272,0.5432098507881165,2,12,1,14,0,13,1,1,1,0.16666666666666666,0.07142857142857142,0.0,1.0,1.0,2,60745,6
FullHistory,5630cfcf-12bf-2860-8784-83d28a611a83,scene0219_03-scene0219_02-scene0219_01-scene0219_04-scene0219_00,canonical,5,0.07407407462596893,0.1111111119389534,0.5,0.07407407462596893,0.1111111119389534,0.5,0.5817901492118835,0.7847222089767456,0.9444444179534912,0.604938268661499,13,13,18,19,3,4,1,1,0,1.0,0.9473684210526315,0.75,0.0,0.0,5,263273,14
Persist4D-V2,5630cfcf-12bf-2860-8784-83d28a611a83,scene0219_03-scene0219_02-scene0219_01-scene0219_04-scene0219_00,canonical,5,0.23456789553165436,0.4444444477558136,0.6666666865348816,0.23456789553165436,0.4444444477558136,0.6666666865348816,0.546296238899231,0.7777777910232544,0.9675926566123962,0.5802469253540039,2,17,1,21,0,20,1,1,1,0.11764705882352941,0.047619047619047616,0.0,1.0,1.0,2,53147,8
FullHistory,5630cfcf-12bf-2860-8784-83d28a611a83,scene0219_03-scene0219_02-scene0219_01-scene0219_04-scene0219_00,reverse,2,0.17283950746059418,0.3333333432674408,0.5625,0.17283950746059418,0.3333333432674408,0.6111111044883728,0.4444444477558136,0.6111111044883728,0.9444444179534912,0.4444444477558136,4,4,4,4,0,0,0,0,0,1.0,1.0,,,,2,113892,2
Persist4D-V2,5630cfcf-12bf-2860-8784-83d28a611a83,scene0219_03-scene0219_02-scene0219_01-scene0219_04-scene0219_00,reverse,2,0.43209877610206604,0.5555555820465088,0.7777777910232544,0.43209877610206604,0.5555555820465088,0.7777777910232544,0.47788065671920776,0.6435185670852661,0.8657407760620117,0.5061728358268738,0,4,0,4,0,4,0,0,0,0.0,0.0,0.0,,,2,60745,2
FullHistory,5630cfcf-12bf-2860-8784-83d28a611a83,scene0219_03-scene0219_02-scene0219_01-scene0219_04-scene0219_00,reverse,3,0.07777777314186096,0.1111111119389534,0.5,0.1111111119389534,0.1111111119389534,0.5,0.28356483578681946,0.3854166865348816,0.8125,0.3125,6,6,6,6,0,0,0,0,0,1.0,1.0,,,,3,153668,5
Persist4D-V2,5630cfcf-12bf-2860-8784-83d28a611a83,scene0219_03-scene0219_02-scene0219_01-scene0219_04-scene0219_00,reverse,3,0.2222222238779068,0.3333333432674408,0.5555555820465088,0.2222222238779068,0.3333333432674408,0.5555555820465088,0.20428241789340973,0.5625,0.6875,0.2916666567325592,0,6,0,7,0,7,0,0,0,0.0,0.0,0.0,,,2,39776,4
FullHistory,5630cfcf-12bf-2860-8784-83d28a611a83,scene0219_03-scene0219_02-scene0219_01-scene0219_04-scene0219_00,reverse,4,0.08641975373029709,0.2222222238779068,0.5,0.08641975373029709,0.2222222238779068,0.5,0.39399802684783936,0.765625,0.9375,0.4444444477558136,9,9,12,12,0,0,0,0,0,1.0,1.0,,,,4,207704,9
Persist4D-V2,5630cfcf-12bf-2860-8784-83d28a611a83,scene0219_03-scene0219_02-scene0219_01-scene0219_04-scene0219_00,reverse,4,0.12345679104328156,0.3333333432674408,0.5555555820465088,0.12345679104328156,0.3333333432674408,0.5555555820465088,0.4131944477558136,0.6875,0.9375,0.4236111044883728,0,8,0,11,0,11,0,0,0,0.0,0.0,0.0,,,2,54036,6
FullHistory,5630cfcf-12bf-2860-8784-83d28a611a83,scene0219_03-scene0219_02-scene0219_01-scene0219_04-scene0219_00,reverse,5,0.07407407462596893,0.1111111119389534,0.4444444477558136,0.07407407462596893,0.1111111119389534,0.4444444477558136,0.5010287761688232,0.6944444179534912,0.9444444179534912,0.5308641791343689,13,13,18,18,2,2,1,1,0,1.0,1.0,1.0,0.0,0.0,5,263273,14
Persist4D-V2,5630cfcf-12bf-2860-8784-83d28a611a83,scene0219_03-scene0219_02-scene0219_01-scene0219_04-scene0219_00,reverse,5,0.12345679104328156,0.3333333432674408,0.5555555820465088,0.12345679104328156,0.3333333432674408,0.5555555820465088,0.4938271641731262,0.7777777910232544,0.8888888955116272,0.5555555820465088,0,12,0,18,0,18,1,1,1,0.0,0.0,0.0,1.0,1.0,2,55569,8
FullHistory,5630cfcf-12bf-2860-8784-83d28a611a83,scene0219_03-scene0219_02-scene0219_01-scene0219_04-scene0219_00,sha256_seed45,2,0.18827161192893982,0.3333333432674408,0.6111111044883728,0.2222222238779068,0.3333333432674408,0.6111111044883728,0.546296238899231,0.7777777910232544,0.9444444179534912,0.5802469253540039,5,5,5,5,0,0,0,0,0,1.0,1.0,,,,2,113892,2
Persist4D-V2,5630cfcf-12bf-2860-8784-83d28a611a83,scene0219_03-scene0219_02-scene0219_01-scene0219_04-scene0219_00,sha256_seed45,2,0.40740740299224854,0.5555555820465088,0.7777777910232544,0.40740740299224854,0.5555555820465088,0.7777777910232544,0.5469135642051697,0.7777777910232544,0.9768518805503845,0.5802469253540039,0,5,0,5,0,5,0,0,0,0.0,0.0,0.0,,,2,53147,2
FullHistory,5630cfcf-12bf-2860-8784-83d28a611a83,scene0219_03-scene0219_02-scene0219_01-scene0219_04-scene0219_00,sha256_seed45,3,0.17592592537403107,0.3402777910232544,0.5763888955116272,0.2222222238779068,0.4444444477558136,0.7222222089767456,0.3286706209182739,0.75,0.890625,0.4444444477558136,10,10,10,10,1,1,0,0,0,1.0,1.0,1.0,,,3,167928,5
Persist4D-V2,5630cfcf-12bf-2860-8784-83d28a611a83,scene0219_03-scene0219_02-scene0219_01-scene0219_04-scene0219_00,sha256_seed45,3,0.3086419701576233,0.5555555820465088,0.7777777910232544,0.3086419701576233,0.5555555820465088,0.7777777910232544,0.38831016421318054,0.7135416269302368,0.9635416269302368,0.4722222089767456,0,10,0,10,0,10,0,0,0,0.0,0.0,0.0,,,2,54036,4
FullHistory,5630cfcf-12bf-2860-8784-83d28a611a83,scene0219_03-scene0219_02-scene0219_01-scene0219_04-scene0219_00,sha256_seed45,4,0.07463523745536804,0.11616161465644836,0.5,0.08641975373029709,0.2222222238779068,0.5,0.25810185074806213,0.3958333432674408,0.8125,0.4444444477558136,13,13,13,13,1,1,0,0,0,1.0,1.0,1.0,,,4,207704,9
Persist4D-V2,5630cfcf-12bf-2860-8784-83d28a611a83,scene0219_03-scene0219_02-scene0219_01-scene0219_04-scene0219_00,sha256_seed45,4,0.23456789553165436,0.4444444477558136,0.6666666865348816,0.23456789553165436,0.4444444477558136,0.6666666865348816,0.2864583432674408,0.5989583730697632,0.8489583730697632,0.460317462682724,1,13,1,13,0,12,0,0,0,0.07692307692307693,0.07692307692307693,0.0,,,2,39776,6
FullHistory,5630cfcf-12bf-2860-8784-83d28a611a83,scene0219_03-scene0219_02-scene0219_01-scene0219_04-scene0219_00,sha256_seed45,5,0.08744855970144272,0.125,0.5555555820465088,0.12962962687015533,0.1666666716337204,0.5555555820465088,0.4691357910633087,0.8055555820465088,1.0,0.5432098507881165,15,15,19,19,2,2,1,1,0,1.0,1.0,1.0,0.0,0.0,5,263273,14
Persist4D-V2,5630cfcf-12bf-2860-8784-83d28a611a83,scene0219_03-scene0219_02-scene0219_01-scene0219_04-scene0219_00,sha256_seed45,5,0.23456789553165436,0.4444444477558136,0.6666666865348816,0.23456789553165436,0.4444444477558136,0.6666666865348816,0.5010287761688232,0.7407407760620117,0.9351851940155029,0.5679012537002563,2,16,1,19,0,18,1,1,1,0.125,0.05263157894736842,0.0,1.0,1.0,2,55569,8
FullHistory,5630cfcf-12bf-2860-8784-83d28a611a83,scene0219_04-scene0219_00-scene0219_03-scene0219_02-scene0219_01,canonical,2,0.18827161192893982,0.3333333432674408,0.6111111044883728,0.2222222238779068,0.3333333432674408,0.6111111044883728,0.546296238899231,0.7777777910232544,0.9444444179534912,0.5802469253540039,5,5,5,5,0,0,0,0,0,1.0,1.0,,,,2,113892,2
Persist4D-V2,5630cfcf-12bf-2860-8784-83d28a611a83,scene0219_04-scene0219_00-scene0219_03-scene0219_02-scene0219_01,canonical,2,0.40740740299224854,0.5555555820465088,0.7777777910232544,0.40740740299224854,0.5555555820465088,0.7777777910232544,0.5469135642051697,0.7777777910232544,0.9768518805503845,0.5802469253540039,0,5,0,5,0,5,0,0,0,0.0,0.0,0.0,,,2,53147,2
FullHistory,5630cfcf-12bf-2860-8784-83d28a611a83,scene0219_04-scene0219_00-scene0219_03-scene0219_02-scene0219_01,canonical,3,0.16604936122894287,0.33888888359069824,0.5611111521720886,0.21604938805103302,0.3888888955116272,0.6111111044883728,0.5459876656532288,0.7194444537162781,0.9675925374031067,0.6666666865348816,11,11,11,11,0,0,0,0,0,1.0,1.0,,,,3,169461,5
Persist4D-V2,5630cfcf-12bf-2860-8784-83d28a611a83,scene0219_04-scene0219_00-scene0219_03-scene0219_02-scene0219_01,canonical,3,0.37037035822868347,0.5555555820465088,0.7777777910232544,0.37037035822868347,0.5555555820465088,0.7777777910232544,0.48456791043281555,0.6944444179534912,0.9444444179534912,0.4938271641731262,1,11,1,11,0,10,0,0,0,0.09090909090909091,0.09090909090909091,0.0,,,2,55569,4
FullHistory,5630cfcf-12bf-2860-8784-83d28a611a83,scene0219_04-scene0219_00-scene0219_03-scene0219_02-scene0219_01,canonical,4,0.16049382090568542,0.3333333432674408,0.5694444179534912,0.16049382090568542,0.3333333432674408,0.6111111044883728,0.3888888955116272,0.625,0.890625,0.3888888955116272,15,15,16,16,1,1,0,0,0,1.0,1.0,1.0,,,4,223497,9
Persist4D-V2,5630cfcf-12bf-2860-8784-83d28a611a83,scene0219_04-scene0219_00-scene0219_03-scene0219_02-scene0219_01,canonical,4,0.3086419701576233,0.5555555820465088,0.7777777910232544,0.3086419701576233,0.5555555820465088,0.7777777910232544,0.4030092656612396,0.8125,0.9375,0.4375,2,15,1,16,0,15,0,0,0,0.13333333333333333,0.0625,0.0,,,2,54036,6
FullHistory,5630cfcf-12bf-2860-8784-83d28a611a83,scene0219_04-scene0219_00-scene0219_03-scene0219_02-scene0219_01,canonical,5,0.0833333432674408,0.12037037312984467,0.4907407760620117,0.12962962687015533,0.1666666716337204,0.5555555820465088,0.2911706268787384,0.394345223903656,0.8489583730697632,0.3819444477558136,16,16,17,17,2,2,0,0,0,1.0,1.0,1.0,,,5,263273,14
Persist4D-V2,5630cfcf-12bf-2860-8784-83d28a611a83,scene0219_04-scene0219_00-scene0219_03-scene0219_02-scene0219_01,canonical,5,0.23456789553165436,0.4444444477558136,0.6666666865348816,0.23456789553165436,0.4444444477558136,0.6666666865348816,0.2864583432674408,0.5989583730697632,0.8489583730697632,0.460317462682724,3,19,2,20,0,18,0,0,0,0.15789473684210525,0.1,0.0,,,2,39776,8
FullHistory,5630cfcf-12bf-2860-8784-83d28a611a83,scene0219_04-scene0219_00-scene0219_03-scene0219_02-scene0219_01,reverse,2,0.2152777761220932,0.4375,0.8125,0.2152777761220932,0.4375,0.8125,0.4131944477558136,0.6875,0.9375,0.4236111044883728,1,1,1,1,0,0,0,0,0,1.0,1.0,,,,2,93812,2
Persist4D-V2,5630cfcf-12bf-2860-8784-83d28a611a83,scene0219_04-scene0219_00-scene0219_03-scene0219_02-scene0219_01,reverse,2,0.013888888992369175,0.125,0.625,0.013888888992369175,0.125,0.625,0.4131944477558136,0.6875,0.9375,0.4236111044883728,0,1,0,1,0,1,0,0,0,0.0,0.0,0.0,,,2,54036,2
FullHistory,5630cfcf-12bf-2860-8784-83d28a611a83,scene0219_04-scene0219_00-scene0219_03-scene0219_02-scene0219_01,reverse,3,0.18518517911434174,0.2222222238779068,0.7222222089767456,0.18518517911434174,0.2222222238779068,0.7222222089767456,0.5005143880844116,0.7777777910232544,0.9444444179534912,0.5432098507881165,4,5,4,5,0,1,0,0,0,0.8,0.8,0.0,,,3,149381,5
Persist4D-V2,5630cfcf-12bf-2860-8784-83d28a611a83,scene0219_04-scene0219_00-scene0219_03-scene0219_02-scene0219_01,reverse,3,0.12345679104328156,0.2222222238779068,0.6666666865348816,0.12345679104328156,0.2222222238779068,0.6666666865348816,0.4938271641731262,0.7777777910232544,0.8888888955116272,0.5555555820465088,0,5,0,5,0,5,0,0,0,0.0,0.0,0.0,,,2,55569,4
FullHistory,5630cfcf-12bf-2860-8784-83d28a611a83,scene0219_04-scene0219_00-scene0219_03-scene0219_02-scene0219_01,reverse,4,0.19907407462596893,0.2361111044883728,0.7777777910232544,0.24074074625968933,0.2777777910232544,0.7777777910232544,0.5838477611541748,0.7916666865348816,1.0,0.6358024477958679,10,11,11,12,2,3,0,0,0,0.9090909090909091,0.9166666666666666,0.6666666666666666,,,4,202528,9
Persist4D-V2,5630cfcf-12bf-2860-8784-83d28a611a83,scene0219_04-scene0219_00-scene0219_03-scene0219_02-scene0219_01,reverse,4,0.12345679104328156,0.2222222238779068,0.6666666865348816,0.12345679104328156,0.2222222238779068,0.6666666865348816,0.6435185074806213,0.7916666865348816,0.9444444179534912,0.6851851940155029,0,11,0,11,0,11,0,0,0,0.0,0.0,0.0,,,2,53147,6
FullHistory,5630cfcf-12bf-2860-8784-83d28a611a83,scene0219_04-scene0219_00-scene0219_03-scene0219_02-scene0219_01,reverse,5,0.07407407462596893,0.1111111119389534,0.5,0.07407407462596893,0.1111111119389534,0.5,0.4691357910633087,0.6388888955116272,0.8611111044883728,0.48765432834625244,15,16,15,17,4,6,0,0,0,0.9375,0.8823529411764706,0.6666666666666666,,,5,263273,14
Persist4D-V2,5630cfcf-12bf-2860-8784-83d28a611a83,scene0219_04-scene0219_00-scene0219_03-scene0219_02-scene0219_01,reverse,5,0.12345679104328156,0.2222222238779068,0.5555555820465088,0.12345679104328156,0.2222222238779068,0.5555555820465088,0.47788065671920776,0.6435185670852661,0.8657407760620117,0.5061728358268738,0,15,0,15,0,15,0,0,0,0.0,0.0,0.0,,,2,60745,8
FullHistory,5630cfcf-12bf-2860-8784-83d28a611a83,scene0219_04-scene0219_00-scene0219_03-scene0219_02-scene0219_01,sha256_seed45,2,0.18827161192893982,0.3333333432674408,0.6111111044883728,0.2222222238779068,0.3333333432674408,0.6111111044883728,0.546296238899231,0.7777777910232544,0.9444444179534912,0.5802469253540039,5,5,5,5,0,0,0,0,0,1.0,1.0,,,,2,113892,2
Persist4D-V2,5630cfcf-12bf-2860-8784-83d28a611a83,scene0219_04-scene0219_00-scene0219_03-scene0219_02-scene0219_01,sha256_seed45,2,0.40740740299224854,0.5555555820465088,0.7777777910232544,0.40740740299224854,0.5555555820465088,0.7777777910232544,0.5469135642051697,0.7777777910232544,0.9768518805503845,0.5802469253540039,0,5,0,5,0,5,0,0,0,0.0,0.0,0.0,,,2,53147,2
FullHistory,5630cfcf-12bf-2860-8784-83d28a611a83,scene0219_04-scene0219_00-scene0219_03-scene0219_02-scene0219_01,sha256_seed45,3,0.17592592537403107,0.3402777910232544,0.5763888955116272,0.2222222238779068,0.4444444477558136,0.7222222089767456,0.3286706209182739,0.75,0.890625,0.4444444477558136,10,10,10,10,1,1,0,0,0,1.0,1.0,1.0,,,3,167928,5
Persist4D-V2,5630cfcf-12bf-2860-8784-83d28a611a83,scene0219_04-scene0219_00-scene0219_03-scene0219_02-scene0219_01,sha256_seed45,3,0.3086419701576233,0.5555555820465088,0.7777777910232544,0.3086419701576233,0.5555555820465088,0.7777777910232544,0.38831016421318054,0.7135416269302368,0.9635416269302368,0.4722222089767456,0,10,0,10,0,10,0,0,0,0.0,0.0,0.0,,,2,54036,4
FullHistory,5630cfcf-12bf-2860-8784-83d28a611a83,scene0219_04-scene0219_00-scene0219_03-scene0219_02-scene0219_01,sha256_seed45,4,0.07463523745536804,0.11616161465644836,0.5,0.08641975373029709,0.2222222238779068,0.5,0.25810185074806213,0.3958333432674408,0.8125,0.4444444477558136,13,13,13,13,1,1,0,0,0,1.0,1.0,1.0,,,4,207704,9
Persist4D-V2,5630cfcf-12bf-2860-8784-83d28a611a83,scene0219_04-scene0219_00-scene0219_03-scene0219_02-scene0219_01,sha256_seed45,4,0.23456789553165436,0.4444444477558136,0.6666666865348816,0.23456789553165436,0.4444444477558136,0.6666666865348816,0.2864583432674408,0.5989583730697632,0.8489583730697632,0.460317462682724,1,13,1,13,0,12,0,0,0,0.07692307692307693,0.07692307692307693,0.0,,,2,39776,6
FullHistory,5630cfcf-12bf-2860-8784-83d28a611a83,scene0219_04-scene0219_00-scene0219_03-scene0219_02-scene0219_01,sha256_seed45,5,0.08744855970144272,0.125,0.5555555820465088,0.12962962687015533,0.1666666716337204,0.5555555820465088,0.4691357910633087,0.8055555820465088,1.0,0.5432098507881165,15,15,19,19,2,2,1,1,0,1.0,1.0,1.0,0.0,0.0,5,263273,14
Persist4D-V2,5630cfcf-12bf-2860-8784-83d28a611a83,scene0219_04-scene0219_00-scene0219_03-scene0219_02-scene0219_01,sha256_seed45,5,0.23456789553165436,0.4444444477558136,0.6666666865348816,0.23456789553165436,0.4444444477558136,0.6666666865348816,0.5010287761688232,0.7407407760620117,0.9351851940155029,0.5679012537002563,2,16,1,19,0,18,1,1,1,0.125,0.05263157894736842,0.0,1.0,1.0,2,55569,8
FullHistory,8eabc45f-5af7-2f32-8528-640861d2a135,scene0309_00-scene0309_02-scene0309_01-scene0309_04-scene0309_03,canonical,2,0.1991669088602066,0.34155601263046265,0.5709127187728882,0.272769957780838,0.48095235228538513,0.7458332777023315,0.5878676176071167,0.6632589101791382,0.9016666412353516,0.7136150598526001,3,3,3,3,1,1,0,0,0,1.0,1.0,1.0,,,2,180028,2
Persist4D-V2,8eabc45f-5af7-2f32-8528-640861d2a135,scene0309_00-scene0309_02-scene0309_01-scene0309_04-scene0309_03,canonical,2,0.19940821826457977,0.2799833416938782,0.4971039295196533,0.3800926208496094,0.4833333492279053,0.7000000476837158,0.5836116671562195,0.688467264175415,0.9016666412353516,0.6953703761100769,0,3,0,3,5,8,0,0,0,0.0,0.0,0.625,,,2,86222,2
FullHistory,8eabc45f-5af7-2f32-8528-640861d2a135,scene0309_00-scene0309_02-scene0309_01-scene0309_04-scene0309_03,canonical,3,0.12201077491044998,0.20390242338180542,0.47452741861343384,0.1882629096508026,0.4095238149166107,0.5333333015441895,0.3333333432674408,0.5,0.6979166865348816,0.4444444477558136,3,3,4,4,2,2,2,0,0,1.0,1.0,1.0,,0.0,3,224308,5
Persist4D-V2,8eabc45f-5af7-2f32-8528-640861d2a135,scene0309_00-scene0309_02-scene0309_01-scene0309_04-scene0309_03,canonical,3,0.14943371713161469,0.2193930447101593,0.3536515533924103,0.2986111044883728,0.375,0.5416666269302368,0.3472222089767456,0.5,0.5208333730697632,0.4166666567325592,0,3,0,5,5,10,2,1,1,0.0,0.0,0.5,1.0,0.5,2,44280,4
FullHistory,8eabc45f-5af7-2f32-8528-640861d2a135,scene0309_00-scene0309_02-scene0309_01-scene0309_04-scene0309_03,canonical,4,0.061728399246931076,0.0694444477558136,0.22430555522441864,0.0694444477558136,0.1041666716337204,0.3166666626930237,0.49562501907348633,0.7043750286102295,0.8177083730697632,0.5430555939674377,3,3,12,12,3,3,12,6,0,1.0,1.0,1.0,0.0,0.0,4,289514,9
Persist4D-V2,8eabc45f-5af7-2f32-8528-640861d2a135,scene0309_00-scene0309_02-scene0309_01-scene0309_04-scene0309_03,canonical,4,0.12227614969015121,0.17896825075149536,0.3116815686225891,0.1875,0.25,0.4166666865348816,0.5258680582046509,0.7979166507720947,0.96875,0.625,0,3,0,13,5,18,12,7,7,0.0,0.0,0.2777777777777778,1.0,0.5833333333333334,2,65206,6
FullHistory,8eabc45f-5af7-2f32-8528-640861d2a135,scene0309_00-scene0309_02-scene0309_01-scene0309_04-scene0309_03,canonical,5,0.04282407462596893,0.0598958358168602,0.21597221493721008,0.07175926119089127,0.1458333432674408,0.3375000059604645,0.22083333134651184,0.23749999701976776,0.4000000059604645,0.375,3,3,14,14,3,3,15,6,0,1.0,1.0,1.0,0.0,0.0,5,331656,14
Persist4D-V2,8eabc45f-5af7-2f32-8528-640861d2a135,scene0309_00-scene0309_02-scene0309_01-scene0309_04-scene0309_03,canonical,5,0.12224040925502777,0.17896825075149536,0.31098711490631104,0.1875,0.25,0.4166666865348816,0.3506944477558136,0.4375,0.5625,0.4027777910232544,1,4,1,16,6,21,15,8,8,0.25,0.0625,0.2857142857142857,1.0,0.5333333333333333,2,42142,8
FullHistory,8eabc45f-5af7-2f32-8528-640861d2a135,scene0309_00-scene0309_02-scene0309_01-scene0309_04-scene0309_03,reverse,2,0.3926090896129608,0.4121527671813965,0.5798611640930176,0.4611111283302307,0.5291666984558105,0.7166666984558105,0.614907443523407,0.7208333015441895,0.949999988079071,0.6458333134651184,2,2,2,2,0,0,0,0,0,1.0,1.0,,,,2,107348,2
Persist4D-V2,8eabc45f-5af7-2f32-8528-640861d2a135,scene0309_00-scene0309_02-scene0309_01-scene0309_04-scene0309_03,reverse,2,0.3840077221393585,0.3916800022125244,0.5252627730369568,0.4731481969356537,0.5291666984558105,0.6958333253860474,0.5808796286582947,0.7124999761581421,0.949999988079071,0.6388888955116272,2,2,2,2,2,2,0,0,0,1.0,1.0,1.0,,,2,65206,2
FullHistory,8eabc45f-5af7-2f32-8528-640861d2a135,scene0309_00-scene0309_02-scene0309_01-scene0309_04-scene0309_03,reverse,3,0.378796249628067,0.3816666603088379,0.5143308043479919,0.41296297311782837,0.4416666626930237,0.5916666984558105,0.4166666567325592,0.625,0.625,0.4166666567325592,2,2,4,4,1,1,2,1,0,1.0,1.0,1.0,0.0,0.0,3,151628,5
Persist4D-V2,8eabc45f-5af7-2f32-8528-640861d2a135,scene0309_00-scene0309_02-scene0309_01-scene0309_04-scene0309_03,reverse,3,0.37864696979522705,0.3834622800350189,0.5120875835418701,0.4314815104007721,0.46666666865348816,0.5916666984558105,0.44907405972480774,0.625,0.625,0.6296296119689941,2,2,2,4,4,6,2,1,1,1.0,0.5,0.6666666666666666,1.0,0.5,2,44280,4
FullHistory,8eabc45f-5af7-2f32-8528-640861d2a135,scene0309_00-scene0309_02-scene0309_01-scene0309_04-scene0309_03,reverse,4,0.12175925821065903,0.23750001192092896,0.2782738208770752,0.19999998807907104,0.3500000238418579,0.4761905074119568,0.4985102117061615,0.6429166793823242,1.0,0.6732394099235535,2,2,8,8,1,1,6,4,0,1.0,1.0,1.0,0.0,0.0,4,237850,9
Persist4D-V2,8eabc45f-5af7-2f32-8528-640861d2a135,scene0309_00-scene0309_02-scene0309_01-scene0309_04-scene0309_03,reverse,4,0.11760968714952469,0.16742157936096191,0.23050031065940857,0.243055522441864,0.2916666865348816,0.3541666865348816,0.4835434556007385,0.7526785731315613,0.992968738079071,0.5868055820465088,2,2,3,8,9,14,6,4,3,1.0,0.375,0.6428571428571429,0.75,0.5,2,86222,6
FullHistory,8eabc45f-5af7-2f32-8528-640861d2a135,scene0309_00-scene0309_02-scene0309_01-scene0309_04-scene0309_03,reverse,5,0.0609579011797905,0.0706944540143013,0.2150000035762787,0.09259259700775146,0.11666667461395264,0.3047618865966797,0.5499432682991028,0.6833333373069763,0.9523810148239136,0.5941799283027649,5,5,18,18,8,8,14,10,0,1.0,1.0,1.0,0.0,0.0,5,331656,14
Persist4D-V2,8eabc45f-5af7-2f32-8528-640861d2a135,scene0309_00-scene0309_02-scene0309_01-scene0309_04-scene0309_03,reverse,5,0.00928755197674036,0.01267939805984497,0.08095292001962662,0.07870370894670486,0.1041666716337204,0.1666666716337204,0.5531216859817505,0.747619092464447,0.9085034132003784,0.6216931343078613,3,6,4,19,11,26,15,10,8,0.5,0.21052631578947367,0.4230769230769231,0.8,0.5333333333333333,2,93806,8
FullHistory,8eabc45f-5af7-2f32-8528-640861d2a135,scene0309_00-scene0309_02-scene0309_01-scene0309_04-scene0309_03,sha256_seed45,2,0.3899243175983429,0.41375917196273804,0.5756944417953491,0.46574074029922485,0.6541666984558105,0.7166666984558105,0.4027777910232544,0.625,0.75,0.4027777910232544,1,1,1,1,0,0,0,0,0,1.0,1.0,,,,2,107348,2
Persist4D-V2,8eabc45f-5af7-2f32-8528-640861d2a135,scene0309_00-scene0309_02-scene0309_01-scene0309_04-scene0309_03,sha256_seed45,2,0.28333336114883423,0.4121527671813965,0.53025883436203,0.37222227454185486,0.6291666626930237,0.6541666984558105,0.3923611044883728,0.53125,0.65625,0.4027777910232544,1,1,1,1,1,1,0,0,0,1.0,1.0,1.0,,,2,42142,2
FullHistory,8eabc45f-5af7-2f32-8528-640861d2a135,scene0309_00-scene0309_02-scene0309_01-scene0309_04-scene0309_03,sha256_seed45,3,0.38259392976760864,0.4171527624130249,0.5161111354827881,0.4287037253379822,0.5916666984558105,0.5916666984558105,0.41729795932769775,0.5056818127632141,0.625,0.4305555522441864,2,2,2,2,1,1,0,0,0,1.0,1.0,1.0,,,3,151628,5
Persist4D-V2,8eabc45f-5af7-2f32-8528-640861d2a135,scene0309_00-scene0309_02-scene0309_01-scene0309_04-scene0309_03,sha256_seed45,3,0.28287041187286377,0.4121527671813965,0.5320391654968262,0.37222227454185486,0.6291666626930237,0.6541666984558105,0.48043981194496155,0.5260416269302368,0.5685763955116272,0.5555555820465088,1,3,1,3,1,3,0,0,0,0.3333333333333333,0.3333333333333333,0.3333333333333333,,,2,44280,4
FullHistory,8eabc45f-5af7-2f32-8528-640861d2a135,scene0309_00-scene0309_02-scene0309_01-scene0309_04-scene0309_03,sha256_seed45,4,0.11346229165792465,0.24549105763435364,0.32944443821907043,0.24444444477558136,0.4791666865348816,0.5208333730697632,0.5565464496612549,0.7308928966522217,0.9954166412353516,0.6394366025924683,2,2,6,6,1,1,4,3,0,1.0,1.0,1.0,0.0,0.0,4,237850,9
Persist4D-V2,8eabc45f-5af7-2f32-8528-640861d2a135,scene0309_00-scene0309_02-scene0309_01-scene0309_04-scene0309_03,sha256_seed45,4,0.02126723900437355,0.048744142055511475,0.15805897116661072,0.11574074625968933,0.2708333432674408,0.2916666865348816,0.48701566457748413,0.7526785731315613,0.992968738079071,0.5868055820465088,1,3,2,7,5,10,4,3,2,0.3333333333333333,0.2857142857142857,0.5,0.6666666666666666,0.5,2,86222,6
FullHistory,8eabc45f-5af7-2f32-8528-640861d2a135,scene0309_00-scene0309_02-scene0309_01-scene0309_04-scene0309_03,sha256_seed45,5,0.05532408133149147,0.06979167461395264,0.19687500596046448,0.09537038207054138,0.14166668057441711,0.3047619163990021,0.5211640000343323,0.6961904764175415,0.9523810148239136,0.5777778029441833,5,5,16,16,4,4,12,6,0,1.0,1.0,1.0,0.0,0.0,5,331656,14
Persist4D-V2,8eabc45f-5af7-2f32-8528-640861d2a135,scene0309_00-scene0309_02-scene0309_01-scene0309_04-scene0309_03,sha256_seed45,5,0.018845342099666595,0.029980551451444626,0.12337331473827362,0.11342594027519226,0.2083333432674408,0.2083333432674408,0.5757407546043396,0.7595238089561462,0.9085034132003784,0.6216931343078613,3,7,4,17,7,20,13,7,6,0.42857142857142855,0.23529411764705882,0.35,0.8571428571428571,0.46153846153846156,2,93806,8
FullHistory,8eabc45f-5af7-2f32-8528-640861d2a135,scene0309_01-scene0309_04-scene0309_03-scene0309_00-scene0309_02,canonical,2,0.4079397916793823,0.5062500238418579,0.6862499713897705,0.5236111283302307,0.5874999761581421,0.762499988079071,0.5268229246139526,0.7909722328186035,0.9427083730697632,0.6354166865348816,0,0,0,0,0,0,0,0,0,,,,,,2,109486,2
Persist4D-V2,8eabc45f-5af7-2f32-8528-640861d2a135,scene0309_01-scene0309_04-scene0309_03-scene0309_00-scene0309_02,canonical,2,0.31940165162086487,0.42395833134651184,0.6368750333786011,0.4791666567325592,0.574999988079071,0.7875000238418579,0.5258680582046509,0.7979166507720947,0.96875,0.625,0,0,0,0,2,2,0,0,0,,,1.0,,,2,65206,2
FullHistory,8eabc45f-5af7-2f32-8528-640861d2a135,scene0309_01-scene0309_04-scene0309_03-scene0309_00-scene0309_02,canonical,3,0.3831845223903656,0.39345237612724304,0.5375000238418579,0.42500001192092896,0.48750001192092896,0.675000011920929,0.4505952298641205,0.6741071343421936,0.6979166865348816,0.4861111044883728,1,1,3,3,0,0,2,1,0,1.0,1.0,,0.0,0.0,3,151628,5
Persist4D-V2,8eabc45f-5af7-2f32-8528-640861d2a135,scene0309_01-scene0309_04-scene0309_03-scene0309_00-scene0309_02,canonical,3,0.29885154962539673,0.388437956571579,0.5444286465644836,0.4166666269302368,0.5,0.625,0.45370373129844666,0.7083333730697632,0.8819444179534912,0.45370373129844666,1,1,2,3,3,4,2,1,0,1.0,0.6666666666666666,0.75,0.0,0.0,2,42142,4
FullHistory,8eabc45f-5af7-2f32-8528-640861d2a135,scene0309_01-scene0309_04-scene0309_03-scene0309_00-scene0309_02,canonical,4,0.2380952537059784,0.3950892686843872,0.5208333134651184,0.3055555522441864,0.5,0.625,0.6350207924842834,0.893962562084198,0.9352380633354187,0.7253968119621277,4,4,14,14,1,1,11,8,0,1.0,1.0,1.0,0.0,0.0,4,245434,9
Persist4D-V2,8eabc45f-5af7-2f32-8528-640861d2a135,scene0309_01-scene0309_04-scene0309_03-scene0309_00-scene0309_02,canonical,4,0.2430555522441864,0.375,0.5,0.2430555522441864,0.375,0.5,0.6697530746459961,0.8710317611694336,0.976190447807312,0.6957671642303467,2,4,3,14,4,15,11,8,6,0.5,0.21428571428571427,0.26666666666666666,0.75,0.5454545454545454,2,93806,6
FullHistory,8eabc45f-5af7-2f32-8528-640861d2a135,scene0309_01-scene0309_04-scene0309_03-scene0309_00-scene0309_02,canonical,5,0.05964355915784836,0.07623105496168137,0.2160416543483734,0.11296296119689941,0.15833334624767303,0.380952388048172,0.5173611044883728,0.78125,1.0,0.5590277910232544,7,7,17,17,4,4,11,8,0,1.0,1.0,1.0,0.0,0.0,5,331656,14
Persist4D-V2,8eabc45f-5af7-2f32-8528-640861d2a135,scene0309_01-scene0309_04-scene0309_03-scene0309_00-scene0309_02,canonical,5,0.06688611954450607,0.17550504207611084,0.3235532343387604,0.16898149251937866,0.2916666865348816,0.4583333432674408,0.5836116671562195,0.688467264175415,0.9016666412353516,0.6953703761100769,2,7,3,17,9,23,11,8,6,0.2857142857142857,0.17647058823529413,0.391304347826087,0.75,0.5454545454545454,2,86222,8
FullHistory,8eabc45f-5af7-2f32-8528-640861d2a135,scene0309_01-scene0309_04-scene0309_03-scene0309_00-scene0309_02,reverse,2,0.19078685343265533,0.3433261513710022,0.6981911659240723,0.2689814865589142,0.4624999761581421,0.8125000596046448,0.5902872085571289,0.8333333134651184,0.9330611824989319,0.6248677372932434,5,5,5,5,0,0,0,0,0,1.0,1.0,,,,2,180028,2
Persist4D-V2,8eabc45f-5af7-2f32-8528-640861d2a135,scene0309_01-scene0309_04-scene0309_03-scene0309_00-scene0309_02,reverse,2,0.25013652443885803,0.3927726745605469,0.6967276930809021,0.3939815163612366,0.550000011920929,0.824999988079071,0.5719047784805298,0.747619092464447,0.9085034132003784,0.6216931343078613,0,5,0,5,5,10,0,0,0,0.0,0.0,0.5,,,2,93806,2
FullHistory,8eabc45f-5af7-2f32-8528-640861d2a135,scene0309_01-scene0309_04-scene0309_03-scene0309_00-scene0309_02,reverse,3,0.1171516701579094,0.22678571939468384,0.4816468358039856,0.20985917747020721,0.5047618746757507,0.5666666626930237,0.29629629850387573,0.5,0.5,0.4166666567325592,8,8,8,8,1,1,1,0,0,1.0,1.0,1.0,,0.0,3,222170,5
Persist4D-V2,8eabc45f-5af7-2f32-8528-640861d2a135,scene0309_01-scene0309_04-scene0309_03-scene0309_00-scene0309_02,reverse,3,0.19712191820144653,0.3585960865020752,0.6396344304084778,0.352314829826355,0.5250000357627869,0.800000011920929,0.4489086866378784,0.65625,0.7083333730697632,0.4722222089767456,0,9,0,9,5,14,0,0,0,0.0,0.0,0.35714285714285715,,,2,42142,4
FullHistory,8eabc45f-5af7-2f32-8528-640861d2a135,scene0309_01-scene0309_04-scene0309_03-scene0309_00-scene0309_02,reverse,4,0.09502315521240234,0.16562500596046448,0.33038192987442017,0.12731482088565826,0.2708333432674408,0.36250001192092896,0.4836612939834595,0.6907737851142883,0.8383928537368774,0.5541666746139526,9,9,15,16,3,4,10,6,1,1.0,0.9375,0.75,0.16666666666666666,0.1,4,287376,9
Persist4D-V2,8eabc45f-5af7-2f32-8528-640861d2a135,scene0309_01-scene0309_04-scene0309_03-scene0309_00-scene0309_02,reverse,4,0.06961002945899963,0.1134202778339386,0.37401413917541504,0.20416666567325592,0.2750000059604645,0.5249999761581421,0.6061111092567444,0.7052083015441895,0.9427083730697632,0.6388888955116272,0,11,1,18,7,24,9,7,6,0.0,0.05555555555555555,0.2916666666666667,0.8571428571428571,0.6666666666666666,2,65206,6
FullHistory,8eabc45f-5af7-2f32-8528-640861d2a135,scene0309_01-scene0309_04-scene0309_03-scene0309_00-scene0309_02,reverse,5,0.07741829007863998,0.115947425365448,0.24511408805847168,0.11851850897073746,0.21250000596046448,0.3375000059604645,0.375,0.5,0.6979166865348816,0.4166666567325592,9,9,17,18,4,5,12,7,1,1.0,0.9444444444444444,0.8,0.14285714285714285,0.08333333333333333,5,331656,14
Persist4D-V2,8eabc45f-5af7-2f32-8528-640861d2a135,scene0309_01-scene0309_04-scene0309_03-scene0309_00-scene0309_02,reverse,5,0.02476818673312664,0.034067776054143906,0.29462066292762756,0.17824073135852814,0.2083333432674408,0.4583333432674408,0.44907405972480774,0.625,0.625,0.6296296119689941,0,11,1,20,9,28,11,8,7,0.0,0.05,0.32142857142857145,0.875,0.6363636363636364,2,44280,8
FullHistory,8eabc45f-5af7-2f32-8528-640861d2a135,scene0309_01-scene0309_04-scene0309_03-scene0309_00-scene0309_02,sha256_seed45,2,0.3899243175983429,0.41375917196273804,0.5756944417953491,0.46574074029922485,0.6541666984558105,0.7166666984558105,0.4027777910232544,0.625,0.75,0.4027777910232544,1,1,1,1,0,0,0,0,0,1.0,1.0,,,,2,107348,2
Persist4D-V2,8eabc45f-5af7-2f32-8528-640861d2a135,scene0309_01-scene0309_04-scene0309_03-scene0309_00-scene0309_02,sha256_seed45,2,0.28333336114883423,0.4121527671813965,0.53025883436203,0.37222227454185486,0.6291666626930237,0.6541666984558105,0.3923611044883728,0.53125,0.65625,0.4027777910232544,1,1,1,1,1,1,0,0,0,1.0,1.0,1.0,,,2,42142,2
FullHistory,8eabc45f-5af7-2f32-8528-640861d2a135,scene0309_01-scene0309_04-scene0309_03-scene0309_00-scene0309_02,sha256_seed45,3,0.38259392976760864,0.4171527624130249,0.5161111354827881,0.4287037253379822,0.5916666984558105,0.5916666984558105,0.41729795932769775,0.5056818127632141,0.625,0.4305555522441864,2,2,2,2,1,1,0,0,0,1.0,1.0,1.0,,,3,151628,5
Persist4D-V2,8eabc45f-5af7-2f32-8528-640861d2a135,scene0309_01-scene0309_04-scene0309_03-scene0309_00-scene0309_02,sha256_seed45,3,0.28287041187286377,0.4121527671813965,0.5320391654968262,0.37222227454185486,0.6291666626930237,0.6541666984558105,0.48043981194496155,0.5260416269302368,0.5685763955116272,0.5555555820465088,1,3,1,3,1,3,0,0,0,0.3333333333333333,0.3333333333333333,0.3333333333333333,,,2,44280,4
FullHistory,8eabc45f-5af7-2f32-8528-640861d2a135,scene0309_01-scene0309_04-scene0309_03-scene0309_00-scene0309_02,sha256_seed45,4,0.11346229165792465,0.24549105763435364,0.32944443821907043,0.24444444477558136,0.4791666865348816,0.5208333730697632,0.5565464496612549,0.7308928966522217,0.9954166412353516,0.6394366025924683,2,2,6,6,1,1,4,3,0,1.0,1.0,1.0,0.0,0.0,4,237850,9
Persist4D-V2,8eabc45f-5af7-2f32-8528-640861d2a135,scene0309_01-scene0309_04-scene0309_03-scene0309_00-scene0309_02,sha256_seed45,4,0.02126723900437355,0.048744142055511475,0.15805897116661072,0.11574074625968933,0.2708333432674408,0.2916666865348816,0.48701566457748413,0.7526785731315613,0.992968738079071,0.5868055820465088,1,3,2,7,5,10,4,3,2,0.3333333333333333,0.2857142857142857,0.5,0.6666666666666666,0.5,2,86222,6
FullHistory,8eabc45f-5af7-2f32-8528-640861d2a135,scene0309_01-scene0309_04-scene0309_03-scene0309_00-scene0309_02,sha256_seed45,5,0.05532408133149147,0.06979167461395264,0.19687500596046448,0.09537038207054138,0.14166668057441711,0.3047619163990021,0.5211640000343323,0.6961904764175415,0.9523810148239136,0.5777778029441833,5,5,16,16,4,4,12,6,0,1.0,1.0,1.0,0.0,0.0,5,331656,14
Persist4D-V2,8eabc45f-5af7-2f32-8528-640861d2a135,scene0309_01-scene0309_04-scene0309_03-scene0309_00-scene0309_02,sha256_seed45,5,0.018845342099666595,0.029980551451444626,0.12337331473827362,0.11342594027519226,0.2083333432674408,0.2083333432674408,0.5757407546043396,0.7595238089561462,0.9085034132003784,0.6216931343078613,3,7,4,17,7,20,13,7,6,0.42857142857142855,0.23529411764705882,0.35,0.8571428571428571,0.46153846153846156,2,93806,8
FullHistory,8eabc45f-5af7-2f32-8528-640861d2a135,scene0309_02-scene0309_01-scene0309_04-scene0309_03-scene0309_00,canonical,2,0.3770698010921478,0.5025432705879211,0.6515480279922485,0.3888888955116272,0.5416666865348816,0.7291666269302368,0.3361111283302307,0.5083333253860474,0.6498016119003296,0.3611111044883728,1,1,1,1,0,0,0,0,0,1.0,1.0,,,,2,130502,2
Persist4D-V2,8eabc45f-5af7-2f32-8528-640861d2a135,scene0309_02-scene0309_01-scene0309_04-scene0309_03-scene0309_00,canonical,2,0.3408372104167938,0.45258837938308716,0.6734622716903687,0.5046296119689941,0.6666666865348816,0.7916666865348816,0.3500000238418579,0.5083333253860474,0.6319444179534912,0.4444444477558136,0,1,0,1,1,2,0,0,0,0.0,0.0,0.5,,,2,44280,2
FullHistory,8eabc45f-5af7-2f32-8528-640861d2a135,scene0309_02-scene0309_01-scene0309_04-scene0309_03-scene0309_00,canonical,3,0.13365162909030914,0.33007192611694336,0.34285300970077515,0.26620373129844666,0.4583333432674408,0.523809552192688,0.5288856029510498,0.7766368985176086,0.949999988079071,0.6083333492279053,1,1,5,5,0,0,4,3,0,1.0,1.0,,0.0,0.0,3,195708,5
Persist4D-V2,8eabc45f-5af7-2f32-8528-640861d2a135,scene0309_02-scene0309_01-scene0309_04-scene0309_03-scene0309_00,canonical,3,0.15539616346359253,0.2295127660036087,0.37928956747055054,0.38425925374031067,0.5208333730697632,0.6875,0.5258680582046509,0.7979166507720947,0.96875,0.625,0,1,0,5,6,11,4,3,3,0.0,0.0,0.5454545454545454,1.0,0.75,2,65206,4
FullHistory,8eabc45f-5af7-2f32-8528-640861d2a135,scene0309_02-scene0309_01-scene0309_04-scene0309_03-scene0309_00,canonical,4,0.08805941790342331,0.20034721493721008,0.21805554628372192,0.25231483578681946,0.4374999701976776,0.4999999701976776,0.2675926089286804,0.3083333373069763,0.38055557012557983,0.34259259700775146,1,1,7,7,0,0,7,4,0,1.0,1.0,,0.0,0.0,4,237850,9
Persist4D-V2,8eabc45f-5af7-2f32-8528-640861d2a135,scene0309_02-scene0309_01-scene0309_04-scene0309_03-scene0309_00,canonical,4,0.13326247036457062,0.19842831790447235,0.3310040831565857,0.3402777910232544,0.4583333134651184,0.5833333134651184,0.37037038803100586,0.5208333730697632,0.6944444179534912,0.45370373129844666,1,2,2,8,7,13,7,4,3,0.5,0.25,0.5384615384615384,0.75,0.42857142857142855,2,42142,6
FullHistory,8eabc45f-5af7-2f32-8528-640861d2a135,scene0309_02-scene0309_01-scene0309_04-scene0309_03-scene0309_00,canonical,5,0.06139403581619263,0.07858795672655106,0.25486111640930176,0.14120370149612427,0.2291666716337204,0.3541666865348816,0.5711624026298523,0.7400226593017578,0.966553270816803,0.6296296715736389,3,3,17,17,3,3,16,10,0,1.0,1.0,1.0,0.0,0.0,5,331656,14
Persist4D-V2,8eabc45f-5af7-2f32-8528-640861d2a135,scene0309_02-scene0309_01-scene0309_04-scene0309_03-scene0309_00,canonical,5,0.06315460801124573,0.0850440114736557,0.30579403042793274,0.2013888955116272,0.2916666865348816,0.4166666865348816,0.676146388053894,0.8730158805847168,0.976190447807312,0.6957671642303467,2,5,3,19,8,24,16,11,9,0.4,0.15789473684210525,0.3333333333333333,0.8181818181818182,0.5625,2,93806,8
FullHistory,8eabc45f-5af7-2f32-8528-640861d2a135,scene0309_02-scene0309_01-scene0309_04-scene0309_03-scene0309_00,reverse,2,0.5647907853126526,0.8142856955528259,0.8490476608276367,0.6068783402442932,0.8380952477455139,0.8952380418777466,0.4489086866378784,0.65625,0.7083333730697632,0.4722222089767456,4,4,4,4,0,0,0,0,0,1.0,1.0,,,,2,135948,2
Persist4D-V2,8eabc45f-5af7-2f32-8528-640861d2a135,scene0309_02-scene0309_01-scene0309_04-scene0309_03-scene0309_00,reverse,2,0.5500220060348511,0.7462301254272461,0.8401796221733093,0.6227513551712036,0.8380952477455139,0.8952380418777466,0.45932537317276,0.75,0.8020833730697632,0.4722222089767456,0,4,0,4,0,4,0,0,0,0.0,0.0,0.0,,,2,42142,2
FullHistory,8eabc45f-5af7-2f32-8528-640861d2a135,scene0309_02-scene0309_01-scene0309_04-scene0309_03-scene0309_00,reverse,3,0.27925583720207214,0.4885912537574768,0.6489583253860474,0.32175928354263306,0.5208333730697632,0.6708333492279053,0.5074520111083984,0.6783333420753479,0.8370833396911621,0.5319445133209229,6,6,12,12,1,1,9,6,0,1.0,1.0,1.0,0.0,0.0,3,201154,5
Persist4D-V2,8eabc45f-5af7-2f32-8528-640861d2a135,scene0309_02-scene0309_01-scene0309_04-scene0309_03-scene0309_00,reverse,3,0.3481481671333313,0.5041666626930237,0.6916666626930237,0.3481481671333313,0.5041666626930237,0.6916666626930237,0.6102777719497681,0.7052083015441895,0.9427083730697632,0.6388888955116272,0,6,0,12,0,12,9,6,6,0.0,0.0,0.0,1.0,0.6666666666666666,2,65206,4
FullHistory,8eabc45f-5af7-2f32-8528-640861d2a135,scene0309_02-scene0309_01-scene0309_04-scene0309_03-scene0309_00,reverse,4,0.25300997495651245,0.3682539761066437,0.6390625238418579,0.35740742087364197,0.5041666626930237,0.7166666984558105,0.4173611104488373,0.5062500238418579,0.6895833611488342,0.4305555522441864,6,6,14,14,1,1,11,7,0,1.0,1.0,1.0,0.0,0.0,4,245434,9
Persist4D-V2,8eabc45f-5af7-2f32-8528-640861d2a135,scene0309_02-scene0309_01-scene0309_04-scene0309_03-scene0309_00,reverse,4,0.2673611044883728,0.328125,0.515625,0.2986111044883728,0.375,0.5625,0.44907405972480774,0.625,0.625,0.6296296119689941,0,6,0,14,2,16,11,7,7,0.0,0.0,0.125,1.0,0.6363636363636364,2,44280,6
FullHistory,8eabc45f-5af7-2f32-8528-640861d2a135,scene0309_02-scene0309_01-scene0309_04-scene0309_03-scene0309_00,reverse,5,0.06494668871164322,0.08340909332036972,0.2309027910232544,0.0962962955236435,0.18333333730697632,0.3500000238418579,0.5634757280349731,0.8044065833091736,0.9693750143051147,0.5763888955116272,6,6,17,17,4,4,15,9,0,1.0,1.0,1.0,0.0,0.0,5,331656,14
Persist4D-V2,8eabc45f-5af7-2f32-8528-640861d2a135,scene0309_02-scene0309_01-scene0309_04-scene0309_03-scene0309_00,reverse,5,0.05968504399061203,0.14871685206890106,0.21121685206890106,0.15740741789340973,0.2708333432674408,0.3333333432674408,0.5036471486091614,0.7473214268684387,0.992968738079071,0.5868055820465088,0,6,2,18,9,25,15,10,8,0.0,0.1111111111111111,0.36,0.8,0.5333333333333333,2,86222,8
FullHistory,8eabc45f-5af7-2f32-8528-640861d2a135,scene0309_02-scene0309_01-scene0309_04-scene0309_03-scene0309_00,sha256_seed45,2,0.3899243175983429,0.41375917196273804,0.5756944417953491,0.46574074029922485,0.6541666984558105,0.7166666984558105,0.4027777910232544,0.625,0.75,0.4027777910232544,1,1,1,1,0,0,0,0,0,1.0,1.0,,,,2,107348,2
Persist4D-V2,8eabc45f-5af7-2f32-8528-640861d2a135,scene0309_02-scene0309_01-scene0309_04-scene0309_03-scene0309_00,sha256_seed45,2,0.28333336114883423,0.4121527671813965,0.53025883436203,0.37222227454185486,0.6291666626930237,0.6541666984558105,0.3923611044883728,0.53125,0.65625,0.4027777910232544,1,1,1,1,1,1,0,0,0,1.0,1.0,1.0,,,2,42142,2
FullHistory,8eabc45f-5af7-2f32-8528-640861d2a135,scene0309_02-scene0309_01-scene0309_04-scene0309_03-scene0309_00,sha256_seed45,3,0.38259392976760864,0.4171527624130249,0.5161111354827881,0.4287037253379822,0.5916666984558105,0.5916666984558105,0.41729795932769775,0.5056818127632141,0.625,0.4305555522441864,2,2,2,2,1,1,0,0,0,1.0,1.0,1.0,,,3,151628,5
Persist4D-V2,8eabc45f-5af7-2f32-8528-640861d2a135,scene0309_02-scene0309_01-scene0309_04-scene0309_03-scene0309_00,sha256_seed45,3,0.28287041187286377,0.4121527671813965,0.5320391654968262,0.37222227454185486,0.6291666626930237,0.6541666984558105,0.48043981194496155,0.5260416269302368,0.5685763955116272,0.5555555820465088,1,3,1,3,1,3,0,0,0,0.3333333333333333,0.3333333333333333,0.3333333333333333,,,2,44280,4
FullHistory,8eabc45f-5af7-2f32-8528-640861d2a135,scene0309_02-scene0309_01-scene0309_04-scene0309_03-scene0309_00,sha256_seed45,4,0.11346229165792465,0.24549105763435364,0.32944443821907043,0.24444444477558136,0.4791666865348816,0.5208333730697632,0.5565464496612549,0.7308928966522217,0.9954166412353516,0.6394366025924683,2,2,6,6,1,1,4,3,0,1.0,1.0,1.0,0.0,0.0,4,237850,9
Persist4D-V2,8eabc45f-5af7-2f32-8528-640861d2a135,scene0309_02-scene0309_01-scene0309_04-scene0309_03-scene0309_00,sha256_seed45,4,0.02126723900437355,0.048744142055511475,0.15805897116661072,0.11574074625968933,0.2708333432674408,0.2916666865348816,0.48701566457748413,0.7526785731315613,0.992968738079071,0.5868055820465088,1,3,2,7,5,10,4,3,2,0.3333333333333333,0.2857142857142857,0.5,0.6666666666666666,0.5,2,86222,6
FullHistory,8eabc45f-5af7-2f32-8528-640861d2a135,scene0309_02-scene0309_01-scene0309_04-scene0309_03-scene0309_00,sha256_seed45,5,0.05532408133149147,0.06979167461395264,0.19687500596046448,0.09537038207054138,0.14166668057441711,0.3047619163990021,0.5211640000343323,0.6961904764175415,0.9523810148239136,0.5777778029441833,5,5,16,16,4,4,12,6,0,1.0,1.0,1.0,0.0,0.0,5,331656,14
Persist4D-V2,8eabc45f-5af7-2f32-8528-640861d2a135,scene0309_02-scene0309_01-scene0309_04-scene0309_03-scene0309_00,sha256_seed45,5,0.018845342099666595,0.029980551451444626,0.12337331473827362,0.11342594027519226,0.2083333432674408,0.2083333432674408,0.5757407546043396,0.7595238089561462,0.9085034132003784,0.6216931343078613,3,7,4,17,7,20,13,7,6,0.42857142857142855,0.23529411764705882,0.35,0.8571428571428571,0.46153846153846156,2,93806,8
FullHistory,8eabc45f-5af7-2f32-8528-640861d2a135,scene0309_03-scene0309_00-scene0309_02-scene0309_01-scene0309_04,canonical,2,0.5401738286018372,0.8105441927909851,0.8242856860160828,0.5560846328735352,0.8380952477455139,0.8666666746139526,0.6508818864822388,0.8499999642372131,0.9238095283508301,0.6576719284057617,4,4,4,4,0,0,0,0,0,1.0,1.0,,,,2,135948,2
Persist4D-V2,8eabc45f-5af7-2f32-8528-640861d2a135,scene0309_03-scene0309_00-scene0309_02-scene0309_01-scene0309_04,canonical,2,0.49667420983314514,0.7248299717903137,0.776190459728241,0.5407407879829407,0.7904762029647827,0.8190476298332214,0.631393313407898,0.8261904716491699,0.9238095283508301,0.6576719284057617,1,4,1,4,1,4,0,0,0,0.25,0.25,0.25,,,2,93806,2
FullHistory,8eabc45f-5af7-2f32-8528-640861d2a135,scene0309_03-scene0309_00-scene0309_02-scene0309_01-scene0309_04,canonical,3,0.1640586256980896,0.2545138895511627,0.5640972256660461,0.18779341876506805,0.3619047701358795,0.5916666984558105,0.6045370101928711,0.7433333396911621,1.0,0.6661972403526306,8,8,8,8,3,3,0,0,0,1.0,1.0,1.0,,,3,222170,5
Persist4D-V2,8eabc45f-5af7-2f32-8528-640861d2a135,scene0309_03-scene0309_00-scene0309_02-scene0309_01-scene0309_04,canonical,3,0.14376044273376465,0.28049030900001526,0.4812665283679962,0.31296294927597046,0.4625000059604645,0.6541666984558105,0.5794450044631958,0.6697172522544861,0.8751785755157471,0.6953703761100769,1,7,1,7,6,12,0,0,0,0.14285714285714285,0.14285714285714285,0.5,,,2,86222,4
FullHistory,8eabc45f-5af7-2f32-8528-640861d2a135,scene0309_03-scene0309_00-scene0309_02-scene0309_01-scene0309_04,canonical,4,0.13385802507400513,0.285277783870697,0.4534027576446533,0.23568075895309448,0.40000003576278687,0.5666666626930237,0.3708333373069763,0.512499988079071,0.75,0.5,8,8,10,10,4,4,2,1,0,1.0,1.0,1.0,0.0,0.0,4,266450,9
Persist4D-V2,8eabc45f-5af7-2f32-8528-640861d2a135,scene0309_03-scene0309_00-scene0309_02-scene0309_01-scene0309_04,canonical,4,0.12223266065120697,0.24299031496047974,0.40001654624938965,0.31018519401550293,0.4375,0.6041666865348816,0.3472222089767456,0.5,0.53125,0.4166666567325592,1,7,1,9,6,14,2,1,1,0.14285714285714285,0.1111111111111111,0.42857142857142855,1.0,0.5,2,44280,6
FullHistory,8eabc45f-5af7-2f32-8528-640861d2a135,scene0309_03-scene0309_00-scene0309_02-scene0309_01-scene0309_04,canonical,5,0.09102513641119003,0.13562501966953278,0.2606250047683716,0.1268518567085266,0.2083333432674408,0.380952388048172,0.564401388168335,0.6677083373069763,0.8293154835700989,0.6032407283782959,8,8,19,19,6,6,12,9,0,1.0,1.0,1.0,0.0,0.0,5,331656,14
Persist4D-V2,8eabc45f-5af7-2f32-8528-640861d2a135,scene0309_03-scene0309_00-scene0309_02-scene0309_01-scene0309_04,canonical,5,0.07388191670179367,0.18592171370983124,0.34160879254341125,0.19675928354263306,0.3333333432674408,0.5,0.5258680582046509,0.7979166507720947,0.96875,0.625,1,7,1,18,6,23,12,8,8,0.14285714285714285,0.05555555555555555,0.2608695652173913,1.0,0.6666666666666666,2,65206,8
FullHistory,8eabc45f-5af7-2f32-8528-640861d2a135,scene0309_03-scene0309_00-scene0309_02-scene0309_01-scene0309_04,reverse,2,0.3957093358039856,0.5301339030265808,0.6713789701461792,0.42824074625968933,0.6666666865348816,0.875,0.4543651044368744,0.6666666865348816,0.6666666865348816,0.6172839999198914,0,0,0,0,0,0,0,0,0,,,,,,2,109486,2
Persist4D-V2,8eabc45f-5af7-2f32-8528-640861d2a135,scene0309_03-scene0309_00-scene0309_02-scene0309_01-scene0309_04,reverse,2,0.31612610816955566,0.4520089030265808,0.5780630111694336,0.4513888955116272,0.7291666865348816,0.75,0.4467592239379883,0.6104166507720947,0.6666666865348816,0.654321014881134,0,0,0,0,3,3,0,0,0,,,1.0,,,2,44280,2
FullHistory,8eabc45f-5af7-2f32-8528-640861d2a135,scene0309_03-scene0309_00-scene0309_02-scene0309_01-scene0309_04,reverse,3,0.10504987835884094,0.22431796789169312,0.25394344329833984,0.19212964177131653,0.2916666567325592,0.4285714030265808,0.5436629056930542,0.7053472399711609,0.9832639098167419,0.599074125289917,0,0,3,3,2,2,4,2,0,,1.0,1.0,0.0,0.0,3,195708,5
Persist4D-V2,8eabc45f-5af7-2f32-8528-640861d2a135,scene0309_03-scene0309_00-scene0309_02-scene0309_01-scene0309_04,reverse,3,0.08608939498662949,0.2014303356409073,0.3217657208442688,0.21990741789340973,0.4791666865348816,0.5,0.5078489780426025,0.7526785731315613,0.992968738079071,0.5868055820465088,0,0,0,4,7,11,4,3,3,,0.0,0.6363636363636364,1.0,0.75,2,86222,4
FullHistory,8eabc45f-5af7-2f32-8528-640861d2a135,scene0309_03-scene0309_00-scene0309_02-scene0309_01-scene0309_04,reverse,4,0.07402998208999634,0.09897074103355408,0.23959574103355408,0.1388888955116272,0.1875,0.3333333432674408,0.5612092614173889,0.7035005688667297,0.9797335267066956,0.6296296715736389,2,2,12,12,4,4,12,7,0,1.0,1.0,1.0,0.0,0.0,4,289514,9
Persist4D-V2,8eabc45f-5af7-2f32-8528-640861d2a135,scene0309_03-scene0309_00-scene0309_02-scene0309_01-scene0309_04,reverse,4,0.012323440052568913,0.02003924921154976,0.23857668042182922,0.08564814925193787,0.1666666716337204,0.2916666865348816,0.6209215521812439,0.8007936477661133,0.9666241407394409,0.6693121194839478,1,4,2,14,8,20,13,8,7,0.25,0.14285714285714285,0.4,0.875,0.5384615384615384,2,93806,6
FullHistory,8eabc45f-5af7-2f32-8528-640861d2a135,scene0309_03-scene0309_00-scene0309_02-scene0309_01-scene0309_04,reverse,5,0.074605293571949,0.10400640964508057,0.2296559363603592,0.12731482088565826,0.1875,0.3571428656578064,0.2666666805744171,0.30000001192092896,0.3755555748939514,0.2666666805744171,4,4,14,14,4,4,13,7,0,1.0,1.0,1.0,0.0,0.0,5,331656,14
Persist4D-V2,8eabc45f-5af7-2f32-8528-640861d2a135,scene0309_03-scene0309_00-scene0309_02-scene0309_01-scene0309_04,reverse,5,0.012323440052568913,0.02003924921154976,0.23857668042182922,0.08564814925193787,0.1666666716337204,0.2916666865348816,0.5181878209114075,0.7708333730697632,0.8784722089767456,0.5509259700775146,1,8,2,18,9,25,13,8,7,0.125,0.1111111111111111,0.36,0.875,0.5384615384615384,2,42142,8
FullHistory,8eabc45f-5af7-2f32-8528-640861d2a135,scene0309_03-scene0309_00-scene0309_02-scene0309_01-scene0309_04,sha256_seed45,2,0.3899243175983429,0.41375917196273804,0.5756944417953491,0.46574074029922485,0.6541666984558105,0.7166666984558105,0.4027777910232544,0.625,0.75,0.4027777910232544,1,1,1,1,0,0,0,0,0,1.0,1.0,,,,2,107348,2
Persist4D-V2,8eabc45f-5af7-2f32-8528-640861d2a135,scene0309_03-scene0309_00-scene0309_02-scene0309_01-scene0309_04,sha256_seed45,2,0.28333336114883423,0.4121527671813965,0.53025883436203,0.37222227454185486,0.6291666626930237,0.6541666984558105,0.3923611044883728,0.53125,0.65625,0.4027777910232544,1,1,1,1,1,1,0,0,0,1.0,1.0,1.0,,,2,42142,2
FullHistory,8eabc45f-5af7-2f32-8528-640861d2a135,scene0309_03-scene0309_00-scene0309_02-scene0309_01-scene0309_04,sha256_seed45,3,0.38259392976760864,0.4171527624130249,0.5161111354827881,0.4287037253379822,0.5916666984558105,0.5916666984558105,0.41729795932769775,0.5056818127632141,0.625,0.4305555522441864,2,2,2,2,1,1,0,0,0,1.0,1.0,1.0,,,3,151628,5
Persist4D-V2,8eabc45f-5af7-2f32-8528-640861d2a135,scene0309_03-scene0309_00-scene0309_02-scene0309_01-scene0309_04,sha256_seed45,3,0.28287041187286377,0.4121527671813965,0.5320391654968262,0.37222227454185486,0.6291666626930237,0.6541666984558105,0.48043981194496155,0.5260416269302368,0.5685763955116272,0.5555555820465088,1,3,1,3,1,3,0,0,0,0.3333333333333333,0.3333333333333333,0.3333333333333333,,,2,44280,4
FullHistory,8eabc45f-5af7-2f32-8528-640861d2a135,scene0309_03-scene0309_00-scene0309_02-scene0309_01-scene0309_04,sha256_seed45,4,0.11346229165792465,0.24549105763435364,0.32944443821907043,0.24444444477558136,0.4791666865348816,0.5208333730697632,0.5565464496612549,0.7308928966522217,0.9954166412353516,0.6394366025924683,2,2,6,6,1,1,4,3,0,1.0,1.0,1.0,0.0,0.0,4,237850,9
Persist4D-V2,8eabc45f-5af7-2f32-8528-640861d2a135,scene0309_03-scene0309_00-scene0309_02-scene0309_01-scene0309_04,sha256_seed45,4,0.02126723900437355,0.048744142055511475,0.15805897116661072,0.11574074625968933,0.2708333432674408,0.2916666865348816,0.48701566457748413,0.7526785731315613,0.992968738079071,0.5868055820465088,1,3,2,7,5,10,4,3,2,0.3333333333333333,0.2857142857142857,0.5,0.6666666666666666,0.5,2,86222,6
FullHistory,8eabc45f-5af7-2f32-8528-640861d2a135,scene0309_03-scene0309_00-scene0309_02-scene0309_01-scene0309_04,sha256_seed45,5,0.05532408133149147,0.06979167461395264,0.19687500596046448,0.09537038207054138,0.14166668057441711,0.3047619163990021,0.5211640000343323,0.6961904764175415,0.9523810148239136,0.5777778029441833,5,5,16,16,4,4,12,6,0,1.0,1.0,1.0,0.0,0.0,5,331656,14
Persist4D-V2,8eabc45f-5af7-2f32-8528-640861d2a135,scene0309_03-scene0309_00-scene0309_02-scene0309_01-scene0309_04,sha256_seed45,5,0.018845342099666595,0.029980551451444626,0.12337331473827362,0.11342594027519226,0.2083333432674408,0.2083333432674408,0.5757407546043396,0.7595238089561462,0.9085034132003784,0.6216931343078613,3,7,4,17,7,20,13,7,6,0.42857142857142855,0.23529411764705882,0.35,0.8571428571428571,0.46153846153846156,2,93806,8
FullHistory,8eabc45f-5af7-2f32-8528-640861d2a135,scene0309_04-scene0309_03-scene0309_00-scene0309_02-scene0309_01,canonical,2,0.3899243175983429,0.41375917196273804,0.5756944417953491,0.46574074029922485,0.6541666984558105,0.7166666984558105,0.4027777910232544,0.625,0.75,0.4027777910232544,1,1,1,1,0,0,0,0,0,1.0,1.0,,,,2,107348,2
Persist4D-V2,8eabc45f-5af7-2f32-8528-640861d2a135,scene0309_04-scene0309_03-scene0309_00-scene0309_02-scene0309_01,canonical,2,0.28333336114883423,0.4121527671813965,0.53025883436203,0.37222227454185486,0.6291666626930237,0.6541666984558105,0.3923611044883728,0.53125,0.65625,0.4027777910232544,1,1,1,1,1,1,0,0,0,1.0,1.0,1.0,,,2,42142,2
FullHistory,8eabc45f-5af7-2f32-8528-640861d2a135,scene0309_04-scene0309_03-scene0309_00-scene0309_02-scene0309_01,canonical,3,0.22025761008262634,0.3166062533855438,0.6049305200576782,0.3333333432674408,0.5708333253860474,0.6958333253860474,0.5646688938140869,0.7124150395393372,0.9105442762374878,0.6719576716423035,4,4,8,8,0,0,9,3,0,1.0,1.0,,0.0,0.0,3,201154,5
Persist4D-V2,8eabc45f-5af7-2f32-8528-640861d2a135,scene0309_04-scene0309_03-scene0309_00-scene0309_02-scene0309_01,canonical,3,0.21817129850387573,0.3333333432674408,0.5,0.2847222089767456,0.5,0.5,0.6358906626701355,0.8285714387893677,0.9238095283508301,0.6576719284057617,2,4,2,11,3,12,9,6,5,0.5,0.18181818181818182,0.25,0.8333333333333334,0.5555555555555556,2,93806,4
FullHistory,8eabc45f-5af7-2f32-8528-640861d2a135,scene0309_04-scene0309_03-scene0309_00-scene0309_02-scene0309_01,canonical,4,0.0847993791103363,0.1163194477558136,0.29131942987442017,0.10185185074806213,0.15833334624767303,0.3333333432674408,0.6630632877349854,0.8314354419708252,1.0,0.7180554866790771,5,5,12,12,1,1,9,3,0,1.0,1.0,1.0,0.0,0.0,4,287376,9
Persist4D-V2,8eabc45f-5af7-2f32-8528-640861d2a135,scene0309_04-scene0309_03-scene0309_00-scene0309_02-scene0309_01,canonical,4,0.0929579958319664,0.1998346596956253,0.39233219623565674,0.1944444626569748,0.3541666865348816,0.4583333432674408,0.5847690105438232,0.6988838911056519,0.9016666412353516,0.6953703761100769,2,7,2,14,8,20,9,6,5,0.2857142857142857,0.14285714285714285,0.4,0.8333333333333334,0.5555555555555556,2,86222,6
FullHistory,8eabc45f-5af7-2f32-8528-640861d2a135,scene0309_04-scene0309_03-scene0309_00-scene0309_02-scene0309_01,canonical,5,0.08873386681079865,0.12044823914766312,0.25826388597488403,0.15555554628372192,0.2750000059604645,0.4571428596973419,0.4444444477558136,0.5,0.75,0.4444444477558136,5,5,14,14,2,2,11,4,0,1.0,1.0,1.0,0.0,0.0,5,331656,14
Persist4D-V2,8eabc45f-5af7-2f32-8528-640861d2a135,scene0309_04-scene0309_03-scene0309_00-scene0309_02-scene0309_01,canonical,5,0.0721246600151062,0.1685846596956253,0.36108219623565674,0.1944444626569748,0.3541666865348816,0.4583333432674408,0.3472222089767456,0.5,0.53125,0.4166666567325592,2,7,2,16,8,22,11,7,6,0.2857142857142857,0.125,0.36363636363636365,0.8571428571428571,0.5454545454545454,2,44280,8
FullHistory,8eabc45f-5af7-2f32-8528-640861d2a135,scene0309_04-scene0309_03-scene0309_00-scene0309_02-scene0309_01,reverse,2,0.34603726863861084,0.5017856955528259,0.6291666626930237,0.41296297311782837,0.5249999761581421,0.6499999761581421,0.5015037059783936,0.7356060743331909,0.9744791984558105,0.6331018805503845,0,0,0,0,0,0,0,0,0,,,,,,2,130502,2
Persist4D-V2,8eabc45f-5af7-2f32-8528-640861d2a135,scene0309_04-scene0309_03-scene0309_00-scene0309_02-scene0309_01,reverse,2,0.2428220957517624,0.40480250120162964,0.5887500047683716,0.3333333432674408,0.512499988079071,0.6625000238418579,0.4922240078449249,0.7526785731315613,0.992968738079071,0.5868055820465088,0,0,0,0,1,1,0,0,0,,,1.0,,,2,86222,2
FullHistory,8eabc45f-5af7-2f32-8528-640861d2a135,scene0309_04-scene0309_03-scene0309_00-scene0309_02-scene0309_01,reverse,3,0.1254340261220932,0.19120371341705322,0.4629092216491699,0.2291666716337204,0.4166666567325592,0.6333333253860474,0.5889771580696106,0.8390873670578003,0.9697108864784241,0.6603174209594727,3,3,5,5,0,0,2,1,0,1.0,1.0,,0.0,0.0,3,224308,5
Persist4D-V2,8eabc45f-5af7-2f32-8528-640861d2a135,scene0309_04-scene0309_03-scene0309_00-scene0309_02-scene0309_01,reverse,3,0.08971837162971497,0.114614337682724,0.37142857909202576,0.2222222238779068,0.2916666567325592,0.5416666269302368,0.6096780896186829,0.8007936477661133,0.9666241407394409,0.6693121194839478,1,4,1,6,6,11,2,1,1,0.25,0.16666666666666666,0.5454545454545454,1.0,0.5,2,93806,4
FullHistory,8eabc45f-5af7-2f32-8528-640861d2a135,scene0309_04-scene0309_03-scene0309_00-scene0309_02-scene0309_01,reverse,4,0.08840662986040115,0.118923619389534,0.28246527910232544,0.1643192619085312,0.3333333432674408,0.5041666626930237,0.2800000011920929,0.3700000047683716,0.4749999940395355,0.4444444477558136,5,5,7,7,0,0,3,1,0,1.0,1.0,,0.0,0.0,4,266450,9
Persist4D-V2,8eabc45f-5af7-2f32-8528-640861d2a135,scene0309_04-scene0309_03-scene0309_00-scene0309_02-scene0309_01,reverse,4,0.0787229910492897,0.114614337682724,0.37142857909202576,0.21296297013759613,0.2916666567325592,0.5416666269302368,0.5181878209114075,0.7708333730697632,0.8784722089767456,0.5509259700775146,1,8,1,10,7,16,2,1,1,0.125,0.1,0.4375,1.0,0.5,2,42142,6
FullHistory,8eabc45f-5af7-2f32-8528-640861d2a135,scene0309_04-scene0309_03-scene0309_00-scene0309_02-scene0309_01,reverse,5,0.05439814552664757,0.07500000298023224,0.2048611044883728,0.10185185819864273,0.1666666716337204,0.3166666626930237,0.4976355731487274,0.6484375,0.8177083730697632,0.6076388955116272,5,5,15,15,1,1,12,6,0,1.0,1.0,1.0,0.0,0.0,5,331656,14
Persist4D-V2,8eabc45f-5af7-2f32-8528-640861d2a135,scene0309_04-scene0309_03-scene0309_00-scene0309_02-scene0309_01,reverse,5,0.03714871406555176,0.05453367531299591,0.24782422184944153,0.10648149251937866,0.1458333432674408,0.3333333432674408,0.6069213151931763,0.7124999761581421,0.949999988079071,0.6388888955116272,1,10,1,19,7,25,11,8,8,0.1,0.05263157894736842,0.28,1.0,0.7272727272727273,2,65206,8
FullHistory,8eabc45f-5af7-2f32-8528-640861d2a135,scene0309_04-scene0309_03-scene0309_00-scene0309_02-scene0309_01,sha256_seed45,2,0.3899243175983429,0.41375917196273804,0.5756944417953491,0.46574074029922485,0.6541666984558105,0.7166666984558105,0.4027777910232544,0.625,0.75,0.4027777910232544,1,1,1,1,0,0,0,0,0,1.0,1.0,,,,2,107348,2
Persist4D-V2,8eabc45f-5af7-2f32-8528-640861d2a135,scene0309_04-scene0309_03-scene0309_00-scene0309_02-scene0309_01,sha256_seed45,2,0.28333336114883423,0.4121527671813965,0.53025883436203,0.37222227454185486,0.6291666626930237,0.6541666984558105,0.3923611044883728,0.53125,0.65625,0.4027777910232544,1,1,1,1,1,1,0,0,0,1.0,1.0,1.0,,,2,42142,2
FullHistory,8eabc45f-5af7-2f32-8528-640861d2a135,scene0309_04-scene0309_03-scene0309_00-scene0309_02-scene0309_01,sha256_seed45,3,0.38259392976760864,0.4171527624130249,0.5161111354827881,0.4287037253379822,0.5916666984558105,0.5916666984558105,0.41729795932769775,0.5056818127632141,0.625,0.4305555522441864,2,2,2,2,1,1,0,0,0,1.0,1.0,1.0,,,3,151628,5
Persist4D-V2,8eabc45f-5af7-2f32-8528-640861d2a135,scene0309_04-scene0309_03-scene0309_00-scene0309_02-scene0309_01,sha256_seed45,3,0.28287041187286377,0.4121527671813965,0.5320391654968262,0.37222227454185486,0.6291666626930237,0.6541666984558105,0.48043981194496155,0.5260416269302368,0.5685763955116272,0.5555555820465088,1,3,1,3,1,3,0,0,0,0.3333333333333333,0.3333333333333333,0.3333333333333333,,,2,44280,4
FullHistory,8eabc45f-5af7-2f32-8528-640861d2a135,scene0309_04-scene0309_03-scene0309_00-scene0309_02-scene0309_01,sha256_seed45,4,0.11346229165792465,0.24549105763435364,0.32944443821907043,0.24444444477558136,0.4791666865348816,0.5208333730697632,0.5565464496612549,0.7308928966522217,0.9954166412353516,0.6394366025924683,2,2,6,6,1,1,4,3,0,1.0,1.0,1.0,0.0,0.0,4,237850,9
Persist4D-V2,8eabc45f-5af7-2f32-8528-640861d2a135,scene0309_04-scene0309_03-scene0309_00-scene0309_02-scene0309_01,sha256_seed45,4,0.02126723900437355,0.048744142055511475,0.15805897116661072,0.11574074625968933,0.2708333432674408,0.2916666865348816,0.48701566457748413,0.7526785731315613,0.992968738079071,0.5868055820465088,1,3,2,7,5,10,4,3,2,0.3333333333333333,0.2857142857142857,0.5,0.6666666666666666,0.5,2,86222,6
FullHistory,8eabc45f-5af7-2f32-8528-640861d2a135,scene0309_04-scene0309_03-scene0309_00-scene0309_02-scene0309_01,sha256_seed45,5,0.05532408133149147,0.06979167461395264,0.19687500596046448,0.09537038207054138,0.14166668057441711,0.3047619163990021,0.5211640000343323,0.6961904764175415,0.9523810148239136,0.5777778029441833,5,5,16,16,4,4,12,6,0,1.0,1.0,1.0,0.0,0.0,5,331656,14
Persist4D-V2,8eabc45f-5af7-2f32-8528-640861d2a135,scene0309_04-scene0309_03-scene0309_00-scene0309_02-scene0309_01,sha256_seed45,5,0.018845342099666595,0.029980551451444626,0.12337331473827362,0.11342594027519226,0.2083333432674408,0.2083333432674408,0.5757407546043396,0.7595238089561462,0.9085034132003784,0.6216931343078613,3,7,4,17,7,20,13,7,6,0.42857142857142855,0.23529411764705882,0.35,0.8571428571428571,0.46153846153846156,2,93806,8
FullHistory,ddc73797-765b-241a-9e2c-097c5989baf6,scene0449_00-scene0449_04-scene0449_05-scene0449_03-scene0449_01,canonical,2,0.48575401306152344,0.6718750596046448,0.7503571510314941,0.5162037014961243,0.7166666388511658,0.8333333730697632,0.5844400525093079,0.8477083444595337,0.9043055772781372,0.6287037134170532,12,12,12,12,3,3,0,0,0,1.0,1.0,1.0,,,2,184916,2
Persist4D-V2,ddc73797-765b-241a-9e2c-097c5989baf6,scene0449_00-scene0449_04-scene0449_05-scene0449_03-scene0449_01,canonical,2,0.4037422835826874,0.5479166507720947,0.5793749690055847,0.41990742087364197,0.5583333373069763,0.6083332896232605,0.567505419254303,0.8333333134651184,0.9056944847106934,0.6083333492279053,0,12,0,12,0,12,0,0,0,0.0,0.0,0.0,,,2,94692,2
FullHistory,ddc73797-765b-241a-9e2c-097c5989baf6,scene0449_00-scene0449_04-scene0449_05-scene0449_03-scene0449_01,canonical,3,0.15547063946723938,0.37047824263572693,0.6243860721588135,0.25,0.4895833432674408,0.7770833373069763,0.2957998216152191,0.5587962865829468,0.8906713128089905,0.3708333373069763,24,24,24,24,4,4,0,0,0,1.0,1.0,1.0,,,3,289270,5
Persist4D-V2,ddc73797-765b-241a-9e2c-097c5989baf6,scene0449_00-scene0449_04-scene0449_05-scene0449_03-scene0449_01,canonical,3,0.21128472685813904,0.4114583432674408,0.4697916507720947,0.2557870149612427,0.4333333373069763,0.5458333492279053,0.33261820673942566,0.6752604246139526,0.8992187976837158,0.4201388955116272,0,22,0,22,0,22,0,0,0,0.0,0.0,0.0,,,2,104354,4
FullHistory,ddc73797-765b-241a-9e2c-097c5989baf6,scene0449_00-scene0449_04-scene0449_05-scene0449_03-scene0449_01,canonical,4,0.15156416594982147,0.31166666746139526,0.4121180772781372,0.16296297311782837,0.3333333134651184,0.6270833015441895,0.35262349247932434,0.5138888955116272,0.5763888955116272,0.6111111044883728,28,28,29,29,5,5,0,0,0,1.0,1.0,1.0,,,4,324162,9
Persist4D-V2,ddc73797-765b-241a-9e2c-097c5989baf6,scene0449_00-scene0449_04-scene0449_05-scene0449_03-scene0449_01,canonical,4,0.21064814925193787,0.4114583432674408,0.4697916507720947,0.24537035822868347,0.4333333373069763,0.5458333492279053,0.4037036895751953,0.6833333373069763,0.7083333134651184,0.5648148059844971,0,26,0,27,0,27,1,0,0,0.0,0.0,0.0,,0.0,2,34892,6
FullHistory,ddc73797-765b-241a-9e2c-097c5989baf6,scene0449_00-scene0449_04-scene0449_05-scene0449_03-scene0449_01,canonical,5,0.026281416416168213,0.03619791567325592,0.05076389014720917,0.06041666492819786,0.09791667014360428,0.18541666865348816,0.02579365111887455,0.0892857164144516,0.2380952388048172,0.12244898080825806,29,29,30,30,5,5,7,0,0,1.0,1.0,1.0,,0.0,5,359322,14
Persist4D-V2,ddc73797-765b-241a-9e2c-097c5989baf6,scene0449_00-scene0449_04-scene0449_05-scene0449_03-scene0449_01,canonical,5,0.03541666641831398,0.05000000074505806,0.0833333358168602,0.05277778208255768,0.09166666865348816,0.17916667461395264,0.04682539403438568,0.08571428805589676,0.383333295583725,0.1666666716337204,1,27,1,28,1,28,8,0,0,0.037037037037037035,0.03571428571428571,0.03571428571428571,,0.0,2,35160,8
FullHistory,ddc73797-765b-241a-9e2c-097c5989baf6,scene0449_00-scene0449_04-scene0449_05-scene0449_03-scene0449_01,reverse,2,0.06145833432674408,0.10520832985639572,0.2527777850627899,0.10648149251937866,0.25,0.6041666865348816,0.479938268661499,0.5833333134651184,0.8402778506278992,0.6203703880310059,0,0,0,0,0,0,0,0,0,,,,,,2,70052,2
Persist4D-V2,ddc73797-765b-241a-9e2c-097c5989baf6,scene0449_00-scene0449_04-scene0449_05-scene0449_03-scene0449_01,reverse,2,0.0020833334419876337,0.0062500000931322575,0.22604167461395264,0.02380952425301075,0.0714285746216774,0.4523809552192688,0.45493826270103455,0.5708333253860474,0.8187499642372131,0.6666666865348816,0,0,0,0,0,0,0,0,0,,,,,,2,34892,2
FullHistory,ddc73797-765b-241a-9e2c-097c5989baf6,scene0449_00-scene0449_04-scene0449_05-scene0449_03-scene0449_01,reverse,3,0.04611508920788765,0.06600310653448105,0.21300753951072693,0.11574073880910873,0.19583334028720856,0.34583333134651184,0.27322277426719666,0.5091121196746826,0.7525396943092346,0.438359797000885,4,4,4,4,0,0,5,0,0,1.0,1.0,,,0.0,3,174406,5
Persist4D-V2,ddc73797-765b-241a-9e2c-097c5989baf6,scene0449_00-scene0449_04-scene0449_05-scene0449_03-scene0449_01,reverse,3,0.06417824327945709,0.08958333730697632,0.16765624284744263,0.09236110746860504,0.11249999701976776,0.20000000298023224,0.3445609509944916,0.6440104246139526,0.794288158416748,0.45879629254341125,2,5,2,5,1,4,5,0,0,0.4,0.4,0.25,,0.0,2,104354,4
FullHistory,ddc73797-765b-241a-9e2c-097c5989baf6,scene0449_00-scene0449_04-scene0449_05-scene0449_03-scene0449_01,reverse,4,0.02563822828233242,0.045327380299568176,0.0545535683631897,0.037037041038274765,0.11666666716337204,0.17291666567325592,0.4900694489479065,0.683263897895813,0.8565972447395325,0.5476852059364319,13,13,13,14,3,4,7,0,0,1.0,0.9285714285714286,0.75,,0.0,4,269098,9
Persist4D-V2,ddc73797-765b-241a-9e2c-097c5989baf6,scene0449_00-scene0449_04-scene0449_05-scene0449_03-scene0449_01,reverse,4,0.041261572390794754,0.06458333134651184,0.13124999403953552,0.06736111640930176,0.08749999850988388,0.17500001192092896,0.45527008175849915,0.7425694465637207,0.8835664987564087,0.5759259462356567,3,15,3,15,1,13,7,0,0,0.2,0.2,0.07692307692307693,,0.0,2,94692,6
FullHistory,ddc73797-765b-241a-9e2c-097c5989baf6,scene0449_00-scene0449_04-scene0449_05-scene0449_03-scene0449_01,reverse,5,0.026851853355765343,0.03541666641831398,0.07854166626930237,0.04656084626913071,0.07619047909975052,0.20476190745830536,0.45991072058677673,0.5927678346633911,0.6306597590446472,0.5613756775856018,24,24,25,26,5,6,7,0,0,1.0,0.9615384615384616,0.8333333333333334,,0.0,5,359322,14
Persist4D-V2,ddc73797-765b-241a-9e2c-097c5989baf6,scene0449_00-scene0449_04-scene0449_05-scene0449_03-scene0449_01,reverse,5,0.04049272835254669,0.06331845372915268,0.12998512387275696,0.06736111640930176,0.08749999850988388,0.17500001192092896,0.5665873289108276,0.8165972232818604,0.8165972232818604,0.6936507821083069,7,26,5,27,1,23,7,0,0,0.2692307692307692,0.18518518518518517,0.043478260869565216,,0.0,2,90224,8
FullHistory,ddc73797-765b-241a-9e2c-097c5989baf6,scene0449_00-scene0449_04-scene0449_05-scene0449_03-scene0449_01,sha256_seed45,2,0.05239748954772949,0.07395833730697632,0.2822916507720947,0.10052910447120667,0.1428571492433548,0.4761904776096344,0.04841269552707672,0.0892857164144516,0.3869047462940216,0.1666666716337204,1,1,1,1,0,0,0,0,0,1.0,1.0,,,,2,70052,2
Persist4D-V2,ddc73797-765b-241a-9e2c-097c5989baf6,scene0449_00-scene0449_04-scene0449_05-scene0449_03-scene0449_01,sha256_seed45,2,0.014492250047624111,0.031505849212408066,0.2611111104488373,0.1349206417798996,0.2380952537059784,0.5,0.04682539403438568,0.08571428805589676,0.383333295583725,0.1666666716337204,1,1,1,1,1,1,0,0,0,1.0,1.0,1.0,,,2,35160,2
FullHistory,ddc73797-765b-241a-9e2c-097c5989baf6,scene0449_00-scene0449_04-scene0449_05-scene0449_03-scene0449_01,sha256_seed45,3,0.06686342507600784,0.0923958346247673,0.10333333164453506,0.14232805371284485,0.25238096714019775,0.32777780294418335,0.4634535014629364,0.6817460656166077,0.728447437286377,0.591005265712738,2,2,5,5,0,0,4,1,0,1.0,1.0,,0.0,0.0,3,160276,5
Persist4D-V2,ddc73797-765b-241a-9e2c-097c5989baf6,scene0449_00-scene0449_04-scene0449_05-scene0449_03-scene0449_01,sha256_seed45,3,0.02926136739552021,0.031234217807650566,0.04479166865348816,0.08465609699487686,0.10476190596818924,0.13333334028720856,0.41448307037353516,0.5347916483879089,0.6189441084861755,0.571428656578064,2,2,2,5,3,6,4,1,0,1.0,0.4,0.5,0.0,0.0,2,90224,4
FullHistory,ddc73797-765b-241a-9e2c-097c5989baf6,scene0449_00-scene0449_04-scene0449_05-scene0449_03-scene0449_01,sha256_seed45,4,0.04189814627170563,0.06041666865348816,0.08569444715976715,0.07777778059244156,0.13333334028720856,0.2458333522081375,0.4740908443927765,0.7404285073280334,0.8727052211761475,0.5236111283302307,13,14,17,18,2,3,4,1,0,0.9285714285714286,0.9444444444444444,0.6666666666666666,0.0,0.0,4,254968,9
Persist4D-V2,ddc73797-765b-241a-9e2c-097c5989baf6,scene0449_00-scene0449_04-scene0449_05-scene0449_03-scene0449_01,sha256_seed45,4,0.02499999850988388,0.02500000037252903,0.02500000037252903,0.02499999850988388,0.02500000037252903,0.02500000037252903,0.5555069446563721,0.8229166865348816,0.8952777981758118,0.6083333492279053,2,14,3,18,3,18,4,1,0,0.14285714285714285,0.16666666666666666,0.16666666666666666,0.0,0.0,2,94692,6
FullHistory,ddc73797-765b-241a-9e2c-097c5989baf6,scene0449_00-scene0449_04-scene0449_05-scene0449_03-scene0449_01,sha256_seed45,5,0.02699652872979641,0.03932291641831398,0.048489585518836975,0.05317460000514984,0.11190476268529892,0.16904762387275696,0.28694167733192444,0.542222261428833,0.698472261428833,0.45476189255714417,24,25,28,29,3,4,4,1,0,0.96,0.9655172413793104,0.75,0.0,0.0,5,359322,14
Persist4D-V2,ddc73797-765b-241a-9e2c-097c5989baf6,scene0449_00-scene0449_04-scene0449_05-scene0449_03-scene0449_01,sha256_seed45,5,0.02445436455309391,0.02723214402794838,0.02760416641831398,0.05347222089767456,0.05624999850988388,0.05624999850988388,0.3398520052433014,0.6752604246139526,0.8992187976837158,0.4201388955116272,2,24,3,28,3,28,4,1,0,0.08333333333333333,0.10714285714285714,0.10714285714285714,0.0,0.0,2,104354,8
FullHistory,ddc73797-765b-241a-9e2c-097c5989baf6,scene0449_01-scene0449_02-scene0449_00-scene0449_04-scene0449_05,canonical,2,0.1314750462770462,0.21562501788139343,0.3689236342906952,0.22486774623394012,0.3214285671710968,0.5476190447807312,0.25601300597190857,0.4339037835597992,0.6041666865348816,0.4603174924850464,0,0,0,0,0,0,0,0,0,,,,,,2,85551,2
Persist4D-V2,ddc73797-765b-241a-9e2c-097c5989baf6,scene0449_01-scene0449_02-scene0449_00-scene0449_04-scene0449_05,canonical,2,0.10509258508682251,0.1614583283662796,0.3186342716217041,0.14120370149612427,0.1979166716337204,0.4791666567325592,0.2572310268878937,0.4201389253139496,0.6041666865348816,0.40509259700775146,0,0,0,0,0,0,0,0,0,,,,,,2,50391,2
FullHistory,ddc73797-765b-241a-9e2c-097c5989baf6,scene0449_01-scene0449_02-scene0449_00-scene0449_04-scene0449_05,canonical,3,0.14072145521640778,0.2065972238779068,0.24662698805332184,0.1984127163887024,0.2857142984867096,0.366666704416275,0.39810678362846375,0.6348710656166077,0.7093998193740845,0.5232804417610168,8,8,8,8,1,1,4,0,0,1.0,1.0,1.0,,0.0,3,175775,5
Persist4D-V2,ddc73797-765b-241a-9e2c-097c5989baf6,scene0449_01-scene0449_02-scene0449_00-scene0449_04-scene0449_05,canonical,3,0.10698302090167999,0.16562500596046448,0.30248016119003296,0.15925925970077515,0.21250000596046448,0.36250001192092896,0.43948137760162354,0.5498660802841187,0.6187747716903687,0.5910053849220276,0,8,0,8,0,8,4,0,0,0.0,0.0,0.0,,0.0,2,90224,4
FullHistory,ddc73797-765b-241a-9e2c-097c5989baf6,scene0449_01-scene0449_02-scene0449_00-scene0449_04-scene0449_05,canonical,4,0.10956791043281555,0.1788194477558136,0.18988095223903656,0.16931217908859253,0.2857142984867096,0.3380952477455139,0.4833570718765259,0.7214285731315613,0.7585119009017944,0.6037037372589111,20,20,21,21,3,3,5,0,0,1.0,1.0,1.0,,0.0,4,270467,9
Persist4D-V2,ddc73797-765b-241a-9e2c-097c5989baf6,scene0449_01-scene0449_02-scene0449_00-scene0449_04-scene0449_05,canonical,4,0.10223765671253204,0.1579861044883728,0.285486102104187,0.12037037312984467,0.1666666716337204,0.3166666626930237,0.5398356914520264,0.800208330154419,0.8765277862548828,0.6083333492279053,0,20,0,21,0,21,4,0,0,0.0,0.0,0.0,,0.0,2,94692,6
FullHistory,ddc73797-765b-241a-9e2c-097c5989baf6,scene0449_01-scene0449_02-scene0449_00-scene0449_04-scene0449_05,canonical,5,0.04580026492476463,0.1086309552192688,0.1752232164144516,0.08796295523643494,0.1875,0.2708333432674408,0.3153645992279053,0.4416666626930237,0.7908035516738892,0.38240739703178406,31,31,32,32,8,8,5,0,0,1.0,1.0,1.0,,0.0,5,374821,14
Persist4D-V2,ddc73797-765b-241a-9e2c-097c5989baf6,scene0449_01-scene0449_02-scene0449_00-scene0449_04-scene0449_05,canonical,5,0.016734182834625244,0.0342881940305233,0.1776736080646515,0.054398152977228165,0.0729166716337204,0.28541669249534607,0.33001405000686646,0.649218738079071,0.8731771111488342,0.4201388955116272,0,30,0,31,0,31,4,0,0,0.0,0.0,0.0,,0.0,2,104354,8
FullHistory,ddc73797-765b-241a-9e2c-097c5989baf6,scene0449_01-scene0449_02-scene0449_00-scene0449_04-scene0449_05,reverse,2,0.2877419590950012,0.6180456280708313,0.708392858505249,0.35740745067596436,0.7583333253860474,0.7833333611488342,0.4583950638771057,0.6877083778381348,0.8554167151451111,0.5425926446914673,10,10,10,10,2,2,0,0,0,1.0,1.0,1.0,,,2,199046,2
Persist4D-V2,ddc73797-765b-241a-9e2c-097c5989baf6,scene0449_01-scene0449_02-scene0449_00-scene0449_04-scene0449_05,reverse,2,0.2456018328666687,0.5447916388511658,0.6527777910232544,0.251620352268219,0.5520833134651184,0.6645833253860474,0.47571760416030884,0.7529861330986023,0.8939831852912903,0.5759259462356567,1,10,1,10,0,9,0,0,0,0.1,0.1,0.0,,,2,94692,2
FullHistory,ddc73797-765b-241a-9e2c-097c5989baf6,scene0449_01-scene0449_02-scene0449_00-scene0449_04-scene0449_05,reverse,3,0.1763496696949005,0.4171016812324524,0.5321875214576721,0.22500000894069672,0.6145833134651184,0.8708333969116211,0.3861194849014282,0.6469421982765198,0.795920193195343,0.5773147940635681,21,21,22,22,4,4,0,0,0,1.0,1.0,1.0,,,3,289270,5
Persist4D-V2,ddc73797-765b-241a-9e2c-097c5989baf6,scene0449_01-scene0449_02-scene0449_00-scene0449_04-scene0449_05,reverse,3,0.20775464177131653,0.48854169249534607,0.5833333730697632,0.20856481790542603,0.4958333373069763,0.5833333730697632,0.5700595378875732,0.8165972232818604,0.8165972232818604,0.6936507821083069,5,21,4,22,1,19,0,0,0,0.23809523809523808,0.18181818181818182,0.05263157894736842,,,2,90224,4
FullHistory,ddc73797-765b-241a-9e2c-097c5989baf6,scene0449_01-scene0449_02-scene0449_00-scene0449_04-scene0449_05,reverse,4,0.16888871788978577,0.4041840434074402,0.647864580154419,0.2074074149131775,0.4583333432674408,0.6958333253860474,0.3649388551712036,0.6493055820465088,0.7743055820465088,0.5396826267242432,29,30,29,32,6,9,0,0,0,0.9666666666666667,0.90625,0.6666666666666666,,,4,339661,9
Persist4D-V2,ddc73797-765b-241a-9e2c-097c5989baf6,scene0449_01-scene0449_02-scene0449_00-scene0449_04-scene0449_05,reverse,4,0.13645833730697632,0.3593750298023224,0.4541666805744171,0.137268528342247,0.36666667461395264,0.4541666805744171,0.4670138955116272,0.7708333730697632,0.7708333730697632,0.5046296715736389,6,31,4,33,1,30,1,1,1,0.1935483870967742,0.12121212121212122,0.03333333333333333,1.0,1.0,2,50391,6
FullHistory,ddc73797-765b-241a-9e2c-097c5989baf6,scene0449_01-scene0449_02-scene0449_00-scene0449_04-scene0449_05,reverse,5,0.048014603555202484,0.19139957427978516,0.20489315688610077,0.12986110150814056,0.28958332538604736,0.3395833373069763,0.019400354474782944,0.0793650820851326,0.1190476194024086,0.051851850003004074,30,31,30,33,6,9,4,0,0,0.967741935483871,0.9090909090909091,0.6666666666666666,,0.0,5,374821,14
Persist4D-V2,ddc73797-765b-241a-9e2c-097c5989baf6,scene0449_01-scene0449_02-scene0449_00-scene0449_04-scene0449_05,reverse,5,0.009259259328246117,0.02083333395421505,0.2083333283662796,0.009259259328246117,0.02083333395421505,0.2083333283662796,0.06375662237405777,0.1130952388048172,0.4186508059501648,0.3720930218696594,7,32,5,34,2,31,5,1,1,0.21875,0.14705882352941177,0.06451612903225806,1.0,0.2,2,35160,8
FullHistory,ddc73797-765b-241a-9e2c-097c5989baf6,scene0449_01-scene0449_02-scene0449_00-scene0449_04-scene0449_05,sha256_seed45,2,0.1535879671573639,0.16979166865348816,0.21852532029151917,0.24232806265354156,0.29523807764053345,0.3523809611797333,0.4761343002319336,0.6847916841506958,0.7518300414085388,0.5873016715049744,0,0,0,0,0,0,0,0,0,,,,,,2,125384,2
Persist4D-V2,ddc73797-765b-241a-9e2c-097c5989baf6,scene0449_01-scene0449_02-scene0449_00-scene0449_04-scene0449_05,sha256_seed45,2,0.1425887793302536,0.15590277314186096,0.3303661644458771,0.22645501792430878,0.29523807764053345,0.514285683631897,0.44573307037353516,0.5452083349227905,0.6293607354164124,0.571428656578064,0,0,0,0,0,0,0,0,0,,,,,,2,90224,2
FullHistory,ddc73797-765b-241a-9e2c-097c5989baf6,scene0449_01-scene0449_02-scene0449_00-scene0449_04-scene0449_05,sha256_seed45,3,0.12094908207654953,0.1875,0.19062499701976776,0.20370373129844666,0.2857142984867096,0.3142857253551483,0.27623456716537476,0.4305555522441864,0.555555522441864,0.420634925365448,9,9,9,9,0,0,0,0,0,1.0,1.0,,,,3,175775,5
Persist4D-V2,ddc73797-765b-241a-9e2c-097c5989baf6,scene0449_01-scene0449_02-scene0449_00-scene0449_04-scene0449_05,sha256_seed45,3,0.09571408480405807,0.14851641654968262,0.28401198983192444,0.11342593282461166,0.1666666716337204,0.3125,0.41377317905426025,0.7447916865348816,0.7447916865348816,0.5046296715736389,0,10,0,10,1,11,0,0,0,0.0,0.0,0.09090909090909091,,,2,50391,4
FullHistory,ddc73797-765b-241a-9e2c-097c5989baf6,scene0449_01-scene0449_02-scene0449_00-scene0449_04-scene0449_05,sha256_seed45,4,0.1068415716290474,0.18425926566123962,0.19751985371112823,0.16931217908859253,0.3095238208770752,0.3619047999382019,0.45456463098526,0.6038541793823242,0.7585119009017944,0.6142857074737549,19,19,22,22,3,3,7,2,0,1.0,1.0,1.0,0.0,0.0,4,270467,9
Persist4D-V2,ddc73797-765b-241a-9e2c-097c5989baf6,scene0449_01-scene0449_02-scene0449_00-scene0449_04-scene0449_05,sha256_seed45,4,0.09432870149612427,0.1458333283662796,0.2795138955116272,0.09953703731298447,0.1458333283662796,0.2916666567325592,0.5620878338813782,0.7361979484558105,0.8947396278381348,0.6375000476837158,1,21,1,22,1,22,5,1,1,0.047619047619047616,0.045454545454545456,0.045454545454545456,1.0,0.2,2,94692,6
FullHistory,ddc73797-765b-241a-9e2c-097c5989baf6,scene0449_01-scene0449_02-scene0449_00-scene0449_04-scene0449_05,sha256_seed45,5,0.021585650742053986,0.06302083283662796,0.1779513955116272,0.08201058208942413,0.2142857164144516,0.3095238208770752,0.26303985714912415,0.5640104413032532,0.7983854413032532,0.4481481611728668,31,31,34,34,7,7,7,2,0,1.0,1.0,1.0,0.0,0.0,5,374821,14
Persist4D-V2,ddc73797-765b-241a-9e2c-097c5989baf6,scene0449_01-scene0449_02-scene0449_00-scene0449_04-scene0449_05,sha256_seed45,5,0.010860339738428593,0.02256944589316845,0.1755642294883728,0.040509261190891266,0.0520833358168602,0.2604166865348816,0.3398520052433014,0.6752604246139526,0.8992187976837158,0.4201388955116272,3,30,2,32,2,32,5,1,1,0.1,0.0625,0.0625,1.0,0.2,2,104354,8
FullHistory,ddc73797-765b-241a-9e2c-097c5989baf6,scene0449_02-scene0449_00-scene0449_04-scene0449_05-scene0449_03,canonical,2,0.30373233556747437,0.5538591742515564,0.5961739420890808,0.44074079394340515,0.7047619223594666,0.7571429014205933,0.4450099766254425,0.5937301516532898,0.6488690972328186,0.626984179019928,5,5,5,5,1,1,0,0,0,1.0,1.0,1.0,,,2,140615,2
Persist4D-V2,ddc73797-765b-241a-9e2c-097c5989baf6,scene0449_02-scene0449_00-scene0449_04-scene0449_05-scene0449_03,canonical,2,0.21264542639255524,0.4135149419307709,0.47768428921699524,0.2657407522201538,0.4625000059604645,0.574999988079071,0.4644814133644104,0.5748660564422607,0.6364831328392029,0.5910053849220276,0,5,0,5,0,5,0,0,0,0.0,0.0,0.0,,,2,90224,2
FullHistory,ddc73797-765b-241a-9e2c-097c5989baf6,scene0449_02-scene0449_00-scene0449_04-scene0449_05-scene0449_03,canonical,3,0.31143903732299805,0.6394097208976746,0.6876537799835205,0.3314814865589142,0.6541666984558105,0.7250000238418579,0.6028356552124023,0.8392361402511597,0.9143452644348145,0.6810185313224792,17,17,18,18,4,4,1,0,0,1.0,1.0,1.0,,0.0,3,235307,5
Persist4D-V2,ddc73797-765b-241a-9e2c-097c5989baf6,scene0449_02-scene0449_00-scene0449_04-scene0449_05-scene0449_03,canonical,3,0.20408950746059418,0.4079861044883728,0.4531250298023224,0.2222222238779068,0.4166666865348816,0.5083333253860474,0.571209192276001,0.840624988079071,0.9186111688613892,0.6083333492279053,0,17,0,18,0,18,0,0,0,0.0,0.0,0.0,,,2,94692,4
FullHistory,ddc73797-765b-241a-9e2c-097c5989baf6,scene0449_02-scene0449_00-scene0449_04-scene0449_05-scene0449_03,canonical,4,0.21487194299697876,0.5087113380432129,0.6998633146286011,0.2979166805744171,0.5958333611488342,0.7666667103767395,0.36680638790130615,0.7790848016738892,0.9245014786720276,0.4506944417953491,30,30,31,31,7,7,1,0,0,1.0,1.0,1.0,,0.0,4,339661,9
Persist4D-V2,ddc73797-765b-241a-9e2c-097c5989baf6,scene0449_02-scene0449_00-scene0449_04-scene0449_05-scene0449_03,canonical,4,0.10788965970277786,0.27743056416511536,0.33541667461395264,0.1423611044883728,0.3125,0.45625001192092896,0.36907657980918884,0.6752604246139526,0.8992187976837158,0.4201388955116272,0,27,0,28,0,28,0,0,0,0.0,0.0,0.0,,,2,104354,6
FullHistory,ddc73797-765b-241a-9e2c-097c5989baf6,scene0449_02-scene0449_00-scene0449_04-scene0449_05-scene0449_03,canonical,5,0.09998683631420135,0.24017518758773804,0.4937673807144165,0.12337962538003922,0.3062500059604645,0.6104167103767395,0.37422841787338257,0.4791666567325592,0.5416666865348816,0.644444465637207,35,36,36,37,8,9,1,0,0,0.9722222222222222,0.972972972972973,0.8888888888888888,,0.0,5,374553,14
Persist4D-V2,ddc73797-765b-241a-9e2c-097c5989baf6,scene0449_02-scene0449_00-scene0449_04-scene0449_05-scene0449_03,canonical,5,0.09637346118688583,0.27743056416511536,0.33541667461395264,0.1319444477558136,0.3125,0.45625001192092896,0.4037036895751953,0.6833333373069763,0.7083333134651184,0.5648148059844971,0,31,0,33,0,33,1,0,0,0.0,0.0,0.0,,0.0,2,34892,8
FullHistory,ddc73797-765b-241a-9e2c-097c5989baf6,scene0449_02-scene0449_00-scene0449_04-scene0449_05-scene0449_03,reverse,2,0.2659887373447418,0.5327008962631226,0.5570907592773438,0.37615740299224854,0.6270833015441895,0.6520833373069763,0.36890295147895813,0.6856771111488342,0.7883853912353516,0.4828639030456543,5,5,5,5,0,0,0,0,0,1.0,1.0,,,,2,139246,2
Persist4D-V2,ddc73797-765b-241a-9e2c-097c5989baf6,scene0449_02-scene0449_00-scene0449_04-scene0449_05-scene0449_03,reverse,2,0.27816444635391235,0.5788352489471436,0.7009028196334839,0.36435186862945557,0.6270833015441895,0.7708333730697632,0.34513962268829346,0.6440104246139526,0.794288158416748,0.45879629254341125,1,5,1,5,0,4,0,0,0,0.2,0.2,0.0,,,2,104354,2
FullHistory,ddc73797-765b-241a-9e2c-097c5989baf6,scene0449_02-scene0449_00-scene0449_04-scene0449_05-scene0449_03,reverse,3,0.17630787193775177,0.42166668176651,0.5086761713027954,0.19374999403953552,0.4645833373069763,0.5958333015441895,0.5004298686981201,0.721875011920929,0.8911823630332947,0.5643518567085266,15,15,15,15,1,1,0,0,0,1.0,1.0,1.0,,,3,233938,5
Persist4D-V2,ddc73797-765b-241a-9e2c-097c5989baf6,scene0449_02-scene0449_00-scene0449_04-scene0449_05-scene0449_03,reverse,3,0.22578126192092896,0.520312488079071,0.6282986402511597,0.2569444477558136,0.5520833134651184,0.6645833253860474,0.46607255935668945,0.7425694465637207,0.8835664987564087,0.5759259462356567,3,15,2,15,0,13,0,0,0,0.2,0.13333333333333333,0.0,,,2,94692,4
FullHistory,ddc73797-765b-241a-9e2c-097c5989baf6,scene0449_02-scene0449_00-scene0449_04-scene0449_05-scene0449_03,reverse,4,0.17172618210315704,0.44285714626312256,0.5314881205558777,0.19120369851589203,0.4895833432674408,0.6520833969116211,0.5123627185821533,0.6682639122009277,0.7386806011199951,0.6777777671813965,27,27,28,28,4,4,0,0,0,1.0,1.0,1.0,,,4,324162,9
Persist4D-V2,ddc73797-765b-241a-9e2c-097c5989baf6,scene0449_02-scene0449_00-scene0449_04-scene0449_05-scene0449_03,reverse,4,0.19589120149612427,0.5026041269302368,0.5973958373069763,0.23472224175930023,0.5270833373069763,0.6145833730697632,0.5665873289108276,0.8165972232818604,0.8165972232818604,0.6936507821083069,7,26,4,27,0,23,0,0,0,0.2692307692307692,0.14814814814814814,0.0,,,2,90224,6
FullHistory,ddc73797-765b-241a-9e2c-097c5989baf6,scene0449_02-scene0449_00-scene0449_04-scene0449_05-scene0449_03,reverse,5,0.08574481308460236,0.2539072036743164,0.4878571927547455,0.1120370477437973,0.3083333373069763,0.5770833492279053,0.3464643657207489,0.5462549924850464,0.7482638955116272,0.5370370745658875,34,34,35,35,8,8,0,0,0,1.0,1.0,1.0,,,5,374553,14
Persist4D-V2,ddc73797-765b-241a-9e2c-097c5989baf6,scene0449_02-scene0449_00-scene0449_04-scene0449_05-scene0449_03,reverse,5,0.14121197164058685,0.371279776096344,0.4660714268684387,0.16620369255542755,0.39791667461395264,0.4854166805744171,0.4670138955116272,0.7708333730697632,0.7708333730697632,0.5046296715736389,8,36,4,38,0,34,1,1,1,0.2222222222222222,0.10526315789473684,0.0,1.0,1.0,2,50391,8
FullHistory,ddc73797-765b-241a-9e2c-097c5989baf6,scene0449_02-scene0449_00-scene0449_04-scene0449_05-scene0449_03,sha256_seed45,2,0.23840278387069702,0.34562501311302185,0.4259375333786011,0.34761902689933777,0.5,0.6571428179740906,0.450039267539978,0.5853408575057983,0.6516856551170349,0.6549382209777832,4,4,4,4,0,0,0,0,0,1.0,1.0,,,,2,125116,2
Persist4D-V2,ddc73797-765b-241a-9e2c-097c5989baf6,scene0449_02-scene0449_00-scene0449_04-scene0449_05-scene0449_03,sha256_seed45,2,0.24755290150642395,0.38184526562690735,0.4555334150791168,0.32380950450897217,0.4761905074119568,0.6619047522544861,0.46025213599205017,0.6987662315368652,0.7726566791534424,0.5560846924781799,2,4,2,4,0,2,0,0,0,0.5,0.5,0.0,,,2,90224,2
FullHistory,ddc73797-765b-241a-9e2c-097c5989baf6,scene0449_02-scene0449_00-scene0449_04-scene0449_05-scene0449_03,sha256_seed45,3,0.17899693548679352,0.4119444489479065,0.510972261428833,0.2666666805744171,0.5291666984558105,0.625,0.4001157581806183,0.7222222685813904,0.7586805820465088,0.5370370745658875,13,13,14,14,1,1,0,0,0,1.0,1.0,1.0,,,3,175507,5
Persist4D-V2,ddc73797-765b-241a-9e2c-097c5989baf6,scene0449_02-scene0449_00-scene0449_04-scene0449_05-scene0449_03,sha256_seed45,3,0.14501284062862396,0.3731214106082916,0.42305314540863037,0.17546296119689941,0.40833336114883423,0.5416666865348816,0.4417438209056854,0.7534722089767456,0.7534722089767456,0.5046296715736389,4,14,2,15,0,13,0,0,0,0.2857142857142857,0.13333333333333333,0.0,,,2,50391,4
FullHistory,ddc73797-765b-241a-9e2c-097c5989baf6,scene0449_02-scene0449_00-scene0449_04-scene0449_05-scene0449_03,sha256_seed45,4,0.17223601043224335,0.33690476417541504,0.495907723903656,0.2439814954996109,0.44999998807907104,0.6208333969116211,0.606987476348877,0.8487599492073059,0.9111905097961426,0.6907407641410828,23,23,27,27,2,2,7,2,0,1.0,1.0,1.0,0.0,0.0,4,270199,9
Persist4D-V2,ddc73797-765b-241a-9e2c-097c5989baf6,scene0449_02-scene0449_00-scene0449_04-scene0449_05-scene0449_03,sha256_seed45,4,0.1266203671693802,0.36250001192092896,0.39904654026031494,0.14259260892868042,0.36250001192092896,0.47083336114883423,0.576208233833313,0.7361979484558105,0.8947396278381348,0.6375000476837158,5,25,2,27,0,25,5,1,1,0.2,0.07407407407407407,0.0,1.0,0.2,2,94692,6
FullHistory,ddc73797-765b-241a-9e2c-097c5989baf6,scene0449_02-scene0449_00-scene0449_04-scene0449_05-scene0449_03,sha256_seed45,5,0.10672453045845032,0.3005208373069763,0.5113641023635864,0.14884260296821594,0.3895833492279053,0.6104167103767395,0.33852770924568176,0.6968371272087097,0.929444432258606,0.43009257316589355,34,35,37,39,6,8,7,2,0,0.9714285714285714,0.9487179487179487,0.75,0.0,0.0,5,374553,14
Persist4D-V2,ddc73797-765b-241a-9e2c-097c5989baf6,scene0449_02-scene0449_00-scene0449_04-scene0449_05-scene0449_03,sha256_seed45,5,0.10260415822267532,0.32864585518836975,0.3546329140663147,0.11944443732500076,0.34166669845581055,0.38749998807907104,0.36875829100608826,0.7083333730697632,0.9322916865348816,0.4201388955116272,7,34,3,37,1,35,5,1,1,0.20588235294117646,0.08108108108108109,0.02857142857142857,1.0,0.2,2,104354,8
FullHistory,ddc73797-765b-241a-9e2c-097c5989baf6,scene0449_03-scene0449_01-scene0449_02-scene0449_00-scene0449_04,canonical,2,0.05239748954772949,0.07395833730697632,0.2822916507720947,0.10052910447120667,0.1428571492433548,0.4761904776096344,0.04841269552707672,0.0892857164144516,0.3869047462940216,0.1666666716337204,1,1,1,1,0,0,0,0,0,1.0,1.0,,,,2,70052,2
Persist4D-V2,ddc73797-765b-241a-9e2c-097c5989baf6,scene0449_03-scene0449_01-scene0449_02-scene0449_00-scene0449_04,canonical,2,0.014492250047624111,0.031505849212408066,0.2611111104488373,0.1349206417798996,0.2380952537059784,0.5,0.04682539403438568,0.08571428805589676,0.383333295583725,0.1666666716337204,1,1,1,1,1,1,0,0,0,1.0,1.0,1.0,,,2,35160,2
FullHistory,ddc73797-765b-241a-9e2c-097c5989baf6,scene0449_03-scene0449_01-scene0449_02-scene0449_00-scene0449_04,canonical,3,0.05197310820221901,0.1500495970249176,0.2868923544883728,0.08994708955287933,0.25,0.4285714328289032,0.29074108600616455,0.6433046460151672,0.6684027910232544,0.44973546266555786,1,1,5,5,0,0,4,1,0,1.0,1.0,,0.0,0.0,3,120443,5
Persist4D-V2,ddc73797-765b-241a-9e2c-097c5989baf6,scene0449_03-scene0449_01-scene0449_02-scene0449_00-scene0449_04,canonical,3,0.015097737312316895,0.03356481343507767,0.18252314627170563,0.03703703731298447,0.0729166716337204,0.2916666865348816,0.25780975818634033,0.4427083432674408,0.6215277910232544,0.40509259700775146,1,1,1,5,1,5,4,1,1,1.0,0.2,0.2,1.0,0.25,2,50391,4
FullHistory,ddc73797-765b-241a-9e2c-097c5989baf6,scene0449_03-scene0449_01-scene0449_02-scene0449_00-scene0449_04,canonical,4,0.02989969402551651,0.0590277798473835,0.08321759104728699,0.0873015895485878,0.1428571492433548,0.2666666805744171,0.46148183941841125,0.609375,0.6133333444595337,0.5994709730148315,8,9,13,14,2,3,8,1,0,0.8888888888888888,0.9285714285714286,0.6666666666666666,0.0,0.0,4,210667,9
Persist4D-V2,ddc73797-765b-241a-9e2c-097c5989baf6,scene0449_03-scene0449_01-scene0449_02-scene0449_00-scene0449_04,canonical,4,0.02522321604192257,0.04952877387404442,0.07053571939468384,0.06203703582286835,0.08749999850988388,0.15000000596046448,0.4415647089481354,0.5519493818283081,0.6291914582252502,0.5910053849220276,1,9,1,14,1,14,8,1,1,0.1111111111111111,0.07142857142857142,0.07142857142857142,1.0,0.125,2,90224,6
FullHistory,ddc73797-765b-241a-9e2c-097c5989baf6,scene0449_03-scene0449_01-scene0449_02-scene0449_00-scene0449_04,canonical,5,0.02121913433074951,0.046875,0.05688244476914406,0.060185179114341736,0.125,0.17083334922790527,0.5145516395568848,0.7283605933189392,0.87338787317276,0.5953704118728638,20,21,26,27,6,7,9,1,0,0.9523809523809523,0.9629629629629629,0.8571428571428571,0.0,0.0,5,305359,14
Persist4D-V2,ddc73797-765b-241a-9e2c-097c5989baf6,scene0449_03-scene0449_01-scene0449_02-scene0449_00-scene0449_04,canonical,5,0.015432099811732769,0.0329861119389534,0.0486111119389534,0.023148149251937866,0.0416666679084301,0.1041666716337204,0.5551211833953857,0.8229166865348816,0.8952777981758118,0.6083333492279053,1,21,1,27,1,27,8,1,1,0.047619047619047616,0.037037037037037035,0.037037037037037035,1.0,0.125,2,94692,8
FullHistory,ddc73797-765b-241a-9e2c-097c5989baf6,scene0449_03-scene0449_01-scene0449_02-scene0449_00-scene0449_04,reverse,2,0.445376992225647,0.7177678346633911,0.7449702620506287,0.4930555522441864,0.7666667103767395,0.7916666865348816,0.5453323125839233,0.7866369485855103,0.7866369485855103,0.6162037253379822,11,11,11,11,2,2,0,0,0,1.0,1.0,1.0,,,2,184916,2
Persist4D-V2,ddc73797-765b-241a-9e2c-097c5989baf6,scene0449_03-scene0449_01-scene0449_02-scene0449_00-scene0449_04,reverse,2,0.39814814925193787,0.6541666984558105,0.7041667103767395,0.4106481075286865,0.6541666984558105,0.7041667103767395,0.540545642375946,0.7905555963516235,0.7905555963516235,0.6936507821083069,1,11,1,11,0,10,0,0,0,0.09090909090909091,0.09090909090909091,0.0,,,2,90224,2
FullHistory,ddc73797-765b-241a-9e2c-097c5989baf6,scene0449_03-scene0449_01-scene0449_02-scene0449_00-scene0449_04,reverse,3,0.32749998569488525,0.7043750286102295,0.7693750262260437,0.34861114621162415,0.7416666746139526,0.8083333969116211,0.4063657522201538,0.8125,0.8125,0.5238096117973328,21,21,20,21,5,6,0,0,0,1.0,0.9523809523809523,0.8333333333333334,,,3,235307,5
Persist4D-V2,ddc73797-765b-241a-9e2c-097c5989baf6,scene0449_03-scene0449_01-scene0449_02-scene0449_00-scene0449_04,reverse,3,0.18564815819263458,0.49791669845581055,0.5479167103767395,0.19814816117286682,0.49791669845581055,0.5479167103767395,0.4261188209056854,0.7534722089767456,0.7534722089767456,0.5046296715736389,2,21,1,21,0,20,0,0,0,0.09523809523809523,0.047619047619047616,0.0,,,2,50391,4
FullHistory,ddc73797-765b-241a-9e2c-097c5989baf6,scene0449_03-scene0449_01-scene0449_02-scene0449_00-scene0449_04,reverse,4,0.11574074625968933,0.2395833283662796,0.2395833283662796,0.14814816415309906,0.3095238208770752,0.3095238208770752,0.02471707947552204,0.14629630744457245,0.31712964177131653,0.16190476715564728,22,22,22,23,7,8,3,1,0,1.0,0.9565217391304348,0.875,0.0,0.0,4,270467,9
Persist4D-V2,ddc73797-765b-241a-9e2c-097c5989baf6,scene0449_03-scene0449_01-scene0449_02-scene0449_00-scene0449_04,reverse,4,0.03997720777988434,0.1518154740333557,0.27888888120651245,0.06388888508081436,0.17499999701976776,0.30000001192092896,0.06375662237405777,0.1130952388048172,0.4186508059501648,0.3720930218696594,3,22,2,22,1,21,3,0,0,0.13636363636363635,0.09090909090909091,0.047619047619047616,,0.0,2,35160,6
FullHistory,ddc73797-765b-241a-9e2c-097c5989baf6,scene0449_03-scene0449_01-scene0449_02-scene0449_00-scene0449_04,reverse,5,0.0590277761220932,0.1197916641831398,0.2604166567325592,0.142857164144516,0.2380952537059784,0.4523809552192688,0.46666666865348816,0.7250000238418579,0.800000011920929,0.5,23,23,27,28,8,9,7,3,0,1.0,0.9642857142857143,0.8888888888888888,0.0,0.0,5,305359,14
Persist4D-V2,ddc73797-765b-241a-9e2c-097c5989baf6,scene0449_03-scene0449_01-scene0449_02-scene0449_00-scene0449_04,reverse,5,0.012180786579847336,0.02673160284757614,0.15388888120651245,0.03611110895872116,0.05000000074505806,0.17499999701976776,0.45493826270103455,0.5708333253860474,0.8187499642372131,0.6666666865348816,4,23,2,27,1,26,7,1,1,0.17391304347826086,0.07407407407407407,0.038461538461538464,1.0,0.14285714285714285,2,34892,8
FullHistory,ddc73797-765b-241a-9e2c-097c5989baf6,scene0449_03-scene0449_01-scene0449_02-scene0449_00-scene0449_04,sha256_seed45,2,0.05239748954772949,0.07395833730697632,0.2822916507720947,0.10052910447120667,0.1428571492433548,0.4761904776096344,0.04841269552707672,0.0892857164144516,0.3869047462940216,0.1666666716337204,1,1,1,1,0,0,0,0,0,1.0,1.0,,,,2,70052,2
Persist4D-V2,ddc73797-765b-241a-9e2c-097c5989baf6,scene0449_03-scene0449_01-scene0449_02-scene0449_00-scene0449_04,sha256_seed45,2,0.014492250047624111,0.031505849212408066,0.2611111104488373,0.1349206417798996,0.2380952537059784,0.5,0.04682539403438568,0.08571428805589676,0.383333295583725,0.1666666716337204,1,1,1,1,1,1,0,0,0,1.0,1.0,1.0,,,2,35160,2
FullHistory,ddc73797-765b-241a-9e2c-097c5989baf6,scene0449_03-scene0449_01-scene0449_02-scene0449_00-scene0449_04,sha256_seed45,3,0.06686342507600784,0.0923958346247673,0.10333333164453506,0.14232805371284485,0.25238096714019775,0.32777780294418335,0.4634535014629364,0.6817460656166077,0.728447437286377,0.591005265712738,2,2,5,5,0,0,4,1,0,1.0,1.0,,0.0,0.0,3,160276,5
Persist4D-V2,ddc73797-765b-241a-9e2c-097c5989baf6,scene0449_03-scene0449_01-scene0449_02-scene0449_00-scene0449_04,sha256_seed45,3,0.02926136739552021,0.031234217807650566,0.04479166865348816,0.08465609699487686,0.10476190596818924,0.13333334028720856,0.41448307037353516,0.5347916483879089,0.6189441084861755,0.571428656578064,2,2,2,5,3,6,4,1,0,1.0,0.4,0.5,0.0,0.0,2,90224,4
FullHistory,ddc73797-765b-241a-9e2c-097c5989baf6,scene0449_03-scene0449_01-scene0449_02-scene0449_00-scene0449_04,sha256_seed45,4,0.02989969402551651,0.0590277798473835,0.0651041716337204,0.0873015895485878,0.1428571492433548,0.1666666716337204,0.266700804233551,0.4652777910232544,0.5902777910232544,0.39153438806533813,11,11,15,15,2,2,4,1,0,1.0,1.0,1.0,0.0,0.0,4,210667,9
Persist4D-V2,ddc73797-765b-241a-9e2c-097c5989baf6,scene0449_03-scene0449_01-scene0449_02-scene0449_00-scene0449_04,sha256_seed45,4,0.010644640773534775,0.023516414687037468,0.034011997282505035,0.023148149251937866,0.0416666679084301,0.0625,0.3983410596847534,0.727430522441864,0.727430522441864,0.5046296715736389,2,12,2,16,3,17,4,1,0,0.16666666666666666,0.125,0.17647058823529413,0.0,0.0,2,50391,6
FullHistory,ddc73797-765b-241a-9e2c-097c5989baf6,scene0449_03-scene0449_01-scene0449_02-scene0449_00-scene0449_04,sha256_seed45,5,0.022762347012758255,0.0503472238779068,0.073908731341362,0.060185179114341736,0.125,0.2083333432674408,0.4744300842285156,0.6932390928268433,0.8851785659790039,0.539814829826355,21,21,28,28,5,5,11,3,0,1.0,1.0,1.0,0.0,0.0,5,305359,14
Persist4D-V2,ddc73797-765b-241a-9e2c-097c5989baf6,scene0449_03-scene0449_01-scene0449_02-scene0449_00-scene0449_04,sha256_seed45,5,0.009259259328246117,0.02083333395421505,0.02951388992369175,0.009259259328246117,0.02083333395421505,0.0416666679084301,0.5659458637237549,0.7361979484558105,0.8947396278381348,0.6375000476837158,3,23,3,28,3,28,9,2,1,0.13043478260869565,0.10714285714285714,0.10714285714285714,0.5,0.1111111111111111,2,94692,8
FullHistory,ddc73797-765b-241a-9e2c-097c5989baf6,scene0449_04-scene0449_05-scene0449_03-scene0449_01-scene0449_02,canonical,2,0.2536712884902954,0.5174479484558105,0.6034896373748779,0.2935184836387634,0.5395833253860474,0.6770833730697632,0.37786322832107544,0.6752604246139526,0.8992187976837158,0.45023149251937866,10,10,10,10,1,1,0,0,0,1.0,1.0,1.0,,,2,199046,2
Persist4D-V2,ddc73797-765b-241a-9e2c-097c5989baf6,scene0449_04-scene0449_05-scene0449_03-scene0449_01-scene0449_02,canonical,2,0.26332753896713257,0.5829687714576721,0.6967188119888306,0.3046296536922455,0.6208333969116211,0.7083333730697632,0.33261820673942566,0.6752604246139526,0.8992187976837158,0.4201388955116272,0,10,0,10,0,10,0,0,0,0.0,0.0,0.0,,,2,104354,2
FullHistory,ddc73797-765b-241a-9e2c-097c5989baf6,scene0449_04-scene0449_05-scene0449_03-scene0449_01-scene0449_02,canonical,3,0.198332279920578,0.45975378155708313,0.5875011086463928,0.2388889044523239,0.5333333611488342,0.6770833730697632,0.39629632234573364,0.5166667103767395,0.6000000238418579,0.5833333134651184,13,14,13,14,3,4,0,0,0,0.9285714285714286,0.9285714285714286,0.75,,,3,233938,5
Persist4D-V2,ddc73797-765b-241a-9e2c-097c5989baf6,scene0449_04-scene0449_05-scene0449_03-scene0449_01-scene0449_02,canonical,3,0.23143765330314636,0.5642737150192261,0.6335891485214233,0.3127315044403076,0.6416667103767395,0.7291666865348816,0.3828703463077545,0.6833333373069763,0.7083333134651184,0.5648148059844971,0,14,0,15,0,15,0,0,0,0.0,0.0,0.0,,,2,34892,4
FullHistory,ddc73797-765b-241a-9e2c-097c5989baf6,scene0449_04-scene0449_05-scene0449_03-scene0449_01-scene0449_02,canonical,4,0.06729497760534286,0.08764880150556564,0.2130654752254486,0.1268518567085266,0.22291667759418488,0.34791669249534607,0.04835391044616699,0.10925927013158798,0.2916666865348816,0.21296297013759613,14,15,14,15,4,5,6,0,0,0.9333333333333333,0.9333333333333333,0.8,,0.0,4,269098,9
Persist4D-V2,ddc73797-765b-241a-9e2c-097c5989baf6,scene0449_04-scene0449_05-scene0449_03-scene0449_01-scene0449_02,canonical,4,0.03152777627110481,0.04416666924953461,0.06619689613580704,0.04444444552063942,0.09791667014360428,0.19166667759418488,0.045993953943252563,0.08571428805589676,0.383333295583725,0.1666666716337204,1,15,1,16,1,16,6,0,0,0.06666666666666667,0.0625,0.0625,,0.0,2,35160,6
FullHistory,ddc73797-765b-241a-9e2c-097c5989baf6,scene0449_04-scene0449_05-scene0449_03-scene0449_01-scene0449_02,canonical,5,0.02777777798473835,0.0625,0.0885416641831398,0.0317460335791111,0.0714285746216774,0.190476194024086,0.25436508655548096,0.42989829182624817,0.569345235824585,0.4783950448036194,15,16,19,21,5,7,12,2,0,0.9375,0.9047619047619048,0.7142857142857143,0.0,0.0,5,319489,14
Persist4D-V2,ddc73797-765b-241a-9e2c-097c5989baf6,scene0449_04-scene0449_05-scene0449_03-scene0449_01-scene0449_02,canonical,5,0.014861110597848892,0.03791666775941849,0.05919956415891647,0.02777777798473835,0.09166666865348816,0.17916667461395264,0.27478504180908203,0.4756944477558136,0.6597222089767456,0.40509259700775146,1,15,1,24,1,24,12,4,4,0.06666666666666667,0.041666666666666664,0.041666666666666664,1.0,0.3333333333333333,2,50391,8
FullHistory,ddc73797-765b-241a-9e2c-097c5989baf6,scene0449_04-scene0449_05-scene0449_03-scene0449_01-scene0449_02,reverse,2,0.1340663582086563,0.21200397610664368,0.35989582538604736,0.22486774623394012,0.3214285671710968,0.5,0.06481482088565826,0.1130952388048172,0.401289701461792,0.35555556416511536,0,0,0,0,0,0,0,0,0,,,,,,2,85551,2
Persist4D-V2,ddc73797-765b-241a-9e2c-097c5989baf6,scene0449_04-scene0449_05-scene0449_03-scene0449_01-scene0449_02,reverse,2,0.1122998297214508,0.1745888590812683,0.3483507037162781,0.22800928354263306,0.3125,0.4375,0.06375662237405777,0.1130952388048172,0.4186508059501648,0.3720930218696594,0,0,0,0,1,1,0,0,0,,,1.0,,,2,35160,2
FullHistory,ddc73797-765b-241a-9e2c-097c5989baf6,scene0449_04-scene0449_05-scene0449_03-scene0449_01-scene0449_02,reverse,3,0.04256778955459595,0.10579116642475128,0.2527715861797333,0.0873015895485878,0.2380952537059784,0.4642857015132904,0.5254629850387573,0.7083333134651184,0.8333333134651184,0.5740740895271301,1,1,5,5,0,0,4,2,0,1.0,1.0,,0.0,0.0,3,120443,5
Persist4D-V2,ddc73797-765b-241a-9e2c-097c5989baf6,scene0449_04-scene0449_05-scene0449_03-scene0449_01-scene0449_02,reverse,3,0.018804267048835754,0.03929620981216431,0.17198660969734192,0.1006944477558136,0.1458333432674408,0.2708333432674408,0.48271602392196655,0.5708333253860474,0.8187499642372131,0.6666666865348816,1,1,1,4,1,4,4,1,1,1.0,0.25,0.25,1.0,0.25,2,34892,4
FullHistory,ddc73797-765b-241a-9e2c-097c5989baf6,scene0449_04-scene0449_05-scene0449_03-scene0449_01-scene0449_02,reverse,4,0.03020070306956768,0.04847756400704384,0.18418560922145844,0.05671296641230583,0.1145833432674408,0.28125,0.3432884216308594,0.5715277791023254,0.8231250047683716,0.46296295523643494,6,6,11,11,3,3,11,3,0,1.0,1.0,1.0,0.0,0.0,4,224797,9
Persist4D-V2,ddc73797-765b-241a-9e2c-097c5989baf6,scene0449_04-scene0449_05-scene0449_03-scene0449_01-scene0449_02,reverse,4,0.023427166044712067,0.0438988097012043,0.18072916567325592,0.061342597007751465,0.0729166716337204,0.21875,0.3370377719402313,0.6348958611488342,0.7822966575622559,0.45879629254341125,2,6,2,10,1,9,11,2,2,0.3333333333333333,0.2,0.1111111111111111,1.0,0.18181818181818182,2,104354,6
FullHistory,ddc73797-765b-241a-9e2c-097c5989baf6,scene0449_04-scene0449_05-scene0449_03-scene0449_01-scene0449_02,reverse,5,0.015106922946870327,0.03908730298280716,0.16408729553222656,0.03703703731298447,0.1145833358168602,0.2395833432674408,0.584861695766449,0.7446314692497253,0.9145646691322327,0.6462962627410889,16,16,23,23,7,7,14,3,0,1.0,1.0,1.0,0.0,0.0,5,319489,14
Persist4D-V2,ddc73797-765b-241a-9e2c-097c5989baf6,scene0449_04-scene0449_05-scene0449_03-scene0449_01-scene0449_02,reverse,5,0.011274388991296291,0.0230654776096344,0.05582386255264282,0.040509261190891266,0.0520833358168602,0.20208334922790527,0.42722222208976746,0.6644445061683655,0.8158581852912903,0.5759259462356567,4,16,6,22,1,17,13,2,2,0.25,0.2727272727272727,0.058823529411764705,1.0,0.15384615384615385,2,94692,8
FullHistory,ddc73797-765b-241a-9e2c-097c5989baf6,scene0449_04-scene0449_05-scene0449_03-scene0449_01-scene0449_02,sha256_seed45,2,0.05239748954772949,0.07395833730697632,0.2822916507720947,0.10052910447120667,0.1428571492433548,0.4761904776096344,0.04841269552707672,0.0892857164144516,0.3869047462940216,0.1666666716337204,1,1,1,1,0,0,0,0,0,1.0,1.0,,,,2,70052,2
Persist4D-V2,ddc73797-765b-241a-9e2c-097c5989baf6,scene0449_04-scene0449_05-scene0449_03-scene0449_01-scene0449_02,sha256_seed45,2,0.014492250047624111,0.031505849212408066,0.2611111104488373,0.1349206417798996,0.2380952537059784,0.5,0.04682539403438568,0.08571428805589676,0.383333295583725,0.1666666716337204,1,1,1,1,1,1,0,0,0,1.0,1.0,1.0,,,2,35160,2
FullHistory,ddc73797-765b-241a-9e2c-097c5989baf6,scene0449_04-scene0449_05-scene0449_03-scene0449_01-scene0449_02,sha256_seed45,3,0.05197310820221901,0.1500495970249176,0.2868923544883728,0.08994708955287933,0.25,0.4285714328289032,0.29074108600616455,0.6433046460151672,0.6684027910232544,0.44973546266555786,1,1,5,5,0,0,4,1,0,1.0,1.0,,0.0,0.0,3,120443,5
Persist4D-V2,ddc73797-765b-241a-9e2c-097c5989baf6,scene0449_04-scene0449_05-scene0449_03-scene0449_01-scene0449_02,sha256_seed45,3,0.015097737312316895,0.03356481343507767,0.18252314627170563,0.03703703731298447,0.0729166716337204,0.2916666865348816,0.25780975818634033,0.4427083432674408,0.6215277910232544,0.40509259700775146,1,1,1,5,1,5,4,1,1,1.0,0.2,0.2,1.0,0.25,2,50391,4
FullHistory,ddc73797-765b-241a-9e2c-097c5989baf6,scene0449_04-scene0449_05-scene0449_03-scene0449_01-scene0449_02,sha256_seed45,4,0.01805555447936058,0.04236111044883728,0.05798611044883728,0.05502645671367645,0.12380952388048172,0.19523809850215912,0.47975242137908936,0.5956249833106995,0.7577651143074036,0.6513227224349976,9,10,14,15,1,2,8,1,0,0.9,0.9333333333333333,0.5,0.0,0.0,4,215135,9
Persist4D-V2,ddc73797-765b-241a-9e2c-097c5989baf6,scene0449_04-scene0449_05-scene0449_03-scene0449_01-scene0449_02,sha256_seed45,4,0.011111111380159855,0.02500000037252903,0.1710018366575241,0.011111111380159855,0.02500000037252903,0.26249998807907104,0.5717328786849976,0.7361979484558105,0.8947396278381348,0.6375000476837158,2,10,2,15,1,14,7,1,1,0.2,0.13333333333333333,0.07142857142857142,1.0,0.14285714285714285,2,94692,6
FullHistory,ddc73797-765b-241a-9e2c-097c5989baf6,scene0449_04-scene0449_05-scene0449_03-scene0449_01-scene0449_02,sha256_seed45,5,0.015740741044282913,0.03541666641831398,0.03791666775941849,0.029629630967974663,0.06666667014360428,0.09166666865348816,0.2885706126689911,0.5255208611488342,0.8361979126930237,0.3865740895271301,20,21,25,26,4,5,8,1,0,0.9523809523809523,0.9615384615384616,0.8,0.0,0.0,5,319489,14
Persist4D-V2,ddc73797-765b-241a-9e2c-097c5989baf6,scene0449_04-scene0449_05-scene0449_03-scene0449_01-scene0449_02,sha256_seed45,5,0.013064236380159855,0.02695312537252903,0.17279762029647827,0.04236111044883728,0.05624999850988388,0.29375001788139343,0.3398520052433014,0.6752604246139526,0.8992187976837158,0.4201388955116272,4,19,3,24,3,24,7,1,1,0.21052631578947367,0.125,0.125,1.0,0.14285714285714285,2,104354,8
FullHistory,ddc73797-765b-241a-9e2c-097c5989baf6,scene0449_05-scene0449_03-scene0449_01-scene0449_02-scene0449_00,canonical,2,0.23674768209457397,0.5375000238418579,0.6079166531562805,0.3203703761100769,0.5708333253860474,0.6833333373069763,0.3828703463077545,0.6833333373069763,0.8333333134651184,0.5648148059844971,3,4,3,4,1,2,0,0,0,0.75,0.75,0.5,,,2,139246,2
Persist4D-V2,ddc73797-765b-241a-9e2c-097c5989baf6,scene0449_05-scene0449_03-scene0449_01-scene0449_02-scene0449_00,canonical,2,0.25002893805503845,0.5161458253860474,0.5865625143051147,0.2979166507720947,0.5708333253860474,0.6833333373069763,0.3828703463077545,0.6833333373069763,0.8333333134651184,0.5648148059844971,1,4,1,4,1,4,0,0,0,0.25,0.25,0.25,,,2,34892,2
FullHistory,ddc73797-765b-241a-9e2c-097c5989baf6,scene0449_05-scene0449_03-scene0449_01-scene0449_02-scene0449_00,canonical,3,0.06203380599617958,0.10536616295576096,0.12023148685693741,0.11851850897073746,0.19583334028720856,0.22083333134651184,0.05476190149784088,0.08571428805589676,0.2321428507566452,0.17777778208255768,4,5,4,5,1,2,5,0,0,0.8,0.8,0.5,,0.0,3,174406,5
Persist4D-V2,ddc73797-765b-241a-9e2c-097c5989baf6,scene0449_05-scene0449_03-scene0449_01-scene0449_02-scene0449_00,canonical,3,0.035185184329748154,0.03958333283662796,0.1939583420753479,0.04444444552063942,0.05000000074505806,0.26249998807907104,0.04682539403438568,0.08571428805589676,0.383333295583725,0.1666666716337204,2,5,2,5,2,5,5,0,0,0.4,0.4,0.4,,0.0,2,35160,4
FullHistory,ddc73797-765b-241a-9e2c-097c5989baf6,scene0449_05-scene0449_03-scene0449_01-scene0449_02-scene0449_00,canonical,4,0.023032406345009804,0.05520833656191826,0.19583334028720856,0.048941802233457565,0.130952388048172,0.3452381193637848,0.2693673074245453,0.4411458373069763,0.5625000596046448,0.4656084477901459,5,6,10,12,3,5,11,4,1,0.8333333333333334,0.8333333333333334,0.6,0.25,0.09090909090909091,4,224797,9
Persist4D-V2,ddc73797-765b-241a-9e2c-097c5989baf6,scene0449_05-scene0449_03-scene0449_01-scene0449_02-scene0449_00,canonical,4,0.016203705221414566,0.0329861119389534,0.18506944179534912,0.02777777798473835,0.0416666679084301,0.25,0.24160602688789368,0.4357639253139496,0.6510416865348816,0.40509259700775146,2,5,3,13,3,13,11,4,3,0.4,0.23076923076923078,0.23076923076923078,0.75,0.2727272727272727,2,50391,6
FullHistory,ddc73797-765b-241a-9e2c-097c5989baf6,scene0449_05-scene0449_03-scene0449_01-scene0449_02-scene0449_00,canonical,5,0.021990740671753883,0.0520833358168602,0.1979166716337204,0.03240741044282913,0.0833333358168602,0.3333333432674408,0.49613428115844727,0.6603471636772156,0.7717361450195312,0.5560185313224792,13,14,23,25,6,8,17,5,1,0.9285714285714286,0.92,0.75,0.2,0.058823529411764705,5,315021,14
Persist4D-V2,ddc73797-765b-241a-9e2c-097c5989baf6,scene0449_05-scene0449_03-scene0449_01-scene0449_02-scene0449_00,canonical,5,0.017766203731298447,0.03454861044883728,0.17517361044883728,0.05277778208255768,0.06666667014360428,0.2541666626930237,0.43809249997138977,0.5519493818283081,0.6291914582252502,0.5910053849220276,3,13,3,25,3,25,17,5,4,0.23076923076923078,0.12,0.12,0.8,0.23529411764705882,2,90224,8
FullHistory,ddc73797-765b-241a-9e2c-097c5989baf6,scene0449_05-scene0449_03-scene0449_01-scene0449_02-scene0449_00,reverse,2,0.29784059524536133,0.5327876806259155,0.578411340713501,0.38571426272392273,0.6571428179740906,0.7380952835083008,0.3547453284263611,0.6197916865348816,0.6197916865348816,0.48148152232170105,10,10,10,10,2,2,0,0,0,1.0,1.0,1.0,,,2,140615,2
Persist4D-V2,ddc73797-765b-241a-9e2c-097c5989baf6,scene0449_05-scene0449_03-scene0449_01-scene0449_02-scene0449_00,reverse,2,0.30132973194122314,0.5367939472198486,0.58580482006073,0.3305555582046509,0.574999988079071,0.6666666865348816,0.4513888955116272,0.7708333730697632,0.7708333730697632,0.5046296715736389,0,10,0,10,1,11,0,0,0,0.0,0.0,0.09090909090909091,,,2,50391,2
FullHistory,ddc73797-765b-241a-9e2c-097c5989baf6,scene0449_05-scene0449_03-scene0449_01-scene0449_02-scene0449_00,reverse,3,0.11786266416311264,0.1840277761220932,0.31111112236976624,0.20370373129844666,0.2857142984867096,0.4571428596973419,0.038139332085847855,0.095238097012043,0.4059523642063141,0.2074074149131775,11,11,11,11,2,2,4,0,0,1.0,1.0,1.0,,0.0,3,175775,5
Persist4D-V2,ddc73797-765b-241a-9e2c-097c5989baf6,scene0449_05-scene0449_03-scene0449_01-scene0449_02-scene0449_00,reverse,3,0.09809946268796921,0.14945022761821747,0.28056591749191284,0.125,0.1666666716337204,0.3375000059604645,0.06375662237405777,0.1130952388048172,0.4186508059501648,0.3720930218696594,1,11,1,11,2,12,4,0,0,0.09090909090909091,0.09090909090909091,0.16666666666666666,,0.0,2,35160,4
FullHistory,ddc73797-765b-241a-9e2c-097c5989baf6,scene0449_05-scene0449_03-scene0449_01-scene0449_02-scene0449_00,reverse,4,0.035570986568927765,0.07488425821065903,0.07916667312383652,0.12169312685728073,0.2380952537059784,0.2666666805744171,0.39120370149612427,0.5208333134651184,0.6458333134651184,0.6018518805503845,12,12,17,17,2,2,8,2,0,1.0,1.0,1.0,0.0,0.0,4,210667,9
Persist4D-V2,ddc73797-765b-241a-9e2c-097c5989baf6,scene0449_05-scene0449_03-scene0449_01-scene0449_02-scene0449_00,reverse,4,0.011293907649815083,0.024450231343507767,0.15556591749191284,0.02777777798473835,0.0416666679084301,0.21250000596046448,0.45493826270103455,0.5708333253860474,0.8187499642372131,0.6666666865348816,2,12,1,16,2,17,8,1,1,0.16666666666666666,0.0625,0.11764705882352941,1.0,0.125,2,34892,6
FullHistory,ddc73797-765b-241a-9e2c-097c5989baf6,scene0449_05-scene0449_03-scene0449_01-scene0449_02-scene0449_00,reverse,5,0.022858796641230583,0.0559895858168602,0.20078125596046448,0.03935185447335243,0.1145833358168602,0.3229166865348816,0.2833532989025116,0.5423536896705627,0.7590500712394714,0.40856480598449707,18,18,29,29,4,4,17,5,0,1.0,1.0,1.0,0.0,0.0,5,315021,14
Persist4D-V2,ddc73797-765b-241a-9e2c-097c5989baf6,scene0449_05-scene0449_03-scene0449_01-scene0449_02-scene0449_00,reverse,5,0.011357060633599758,0.0234375,0.1509374976158142,0.040509261190891266,0.0520833358168602,0.20208334922790527,0.34085726737976074,0.6244791746139526,0.7838715314865112,0.45879629254341125,3,17,3,27,3,27,17,4,3,0.17647058823529413,0.1111111111111111,0.1111111111111111,0.75,0.17647058823529413,2,104354,8
FullHistory,ddc73797-765b-241a-9e2c-097c5989baf6,scene0449_05-scene0449_03-scene0449_01-scene0449_02-scene0449_00,sha256_seed45,2,0.05239748954772949,0.07395833730697632,0.2822916507720947,0.10052910447120667,0.1428571492433548,0.4761904776096344,0.04841269552707672,0.0892857164144516,0.3869047462940216,0.1666666716337204,1,1,1,1,0,0,0,0,0,1.0,1.0,,,,2,70052,2
Persist4D-V2,ddc73797-765b-241a-9e2c-097c5989baf6,scene0449_05-scene0449_03-scene0449_01-scene0449_02-scene0449_00,sha256_seed45,2,0.014492250047624111,0.031505849212408066,0.2611111104488373,0.1349206417798996,0.2380952537059784,0.5,0.04682539403438568,0.08571428805589676,0.383333295583725,0.1666666716337204,1,1,1,1,1,1,0,0,0,1.0,1.0,1.0,,,2,35160,2
FullHistory,ddc73797-765b-241a-9e2c-097c5989baf6,scene0449_05-scene0449_03-scene0449_01-scene0449_02-scene0449_00,sha256_seed45,3,0.06686342507600784,0.0923958346247673,0.10333333164453506,0.14232805371284485,0.25238096714019775,0.32777780294418335,0.4634535014629364,0.6817460656166077,0.728447437286377,0.591005265712738,2,2,5,5,0,0,4,1,0,1.0,1.0,,0.0,0.0,3,160276,5
Persist4D-V2,ddc73797-765b-241a-9e2c-097c5989baf6,scene0449_05-scene0449_03-scene0449_01-scene0449_02-scene0449_00,sha256_seed45,3,0.02926136739552021,0.031234217807650566,0.04479166865348816,0.08465609699487686,0.10476190596818924,0.13333334028720856,0.41448307037353516,0.5347916483879089,0.6189441084861755,0.571428656578064,2,2,2,5,3,6,4,1,0,1.0,0.4,0.5,0.0,0.0,2,90224,4
FullHistory,ddc73797-765b-241a-9e2c-097c5989baf6,scene0449_05-scene0449_03-scene0449_01-scene0449_02-scene0449_00,sha256_seed45,4,0.02989969402551651,0.0590277798473835,0.0651041716337204,0.0873015895485878,0.1428571492433548,0.1666666716337204,0.266700804233551,0.4652777910232544,0.5902777910232544,0.39153438806533813,11,11,15,15,2,2,4,1,0,1.0,1.0,1.0,0.0,0.0,4,210667,9
Persist4D-V2,ddc73797-765b-241a-9e2c-097c5989baf6,scene0449_05-scene0449_03-scene0449_01-scene0449_02-scene0449_00,sha256_seed45,4,0.010644640773534775,0.023516414687037468,0.034011997282505035,0.023148149251937866,0.0416666679084301,0.0625,0.3983410596847534,0.727430522441864,0.727430522441864,0.5046296715736389,2,12,2,16,3,17,4,1,0,0.16666666666666666,0.125,0.17647058823529413,0.0,0.0,2,50391,6
FullHistory,ddc73797-765b-241a-9e2c-097c5989baf6,scene0449_05-scene0449_03-scene0449_01-scene0449_02-scene0449_00,sha256_seed45,5,0.0225694440305233,0.0520833358168602,0.22304068505764008,0.0347222238779068,0.0833333358168602,0.34791669249534607,0.2908969819545746,0.5769270658493042,0.7712723016738892,0.3643518388271332,19,19,26,26,5,5,8,3,0,1.0,1.0,1.0,0.0,0.0,5,315021,14
Persist4D-V2,ddc73797-765b-241a-9e2c-097c5989baf6,scene0449_05-scene0449_03-scene0449_01-scene0449_02-scene0449_00,sha256_seed45,5,0.009259259328246117,0.02083333395421505,0.02083333395421505,0.009259259328246117,0.02083333395421505,0.02083333395421505,0.2922511696815491,0.5530803203582764,0.8030803203582764,0.4492064118385315,3,21,4,27,3,26,8,3,1,0.14285714285714285,0.14814814814814814,0.11538461538461539,0.3333333333333333,0.125,2,104354,8
