role,reference_id,input_id,entity_id,presence,stage1_present,stage2_present
CAL,09582244-e2c2-2de1-956c-357092d949d1,8e8eddbc1a410da719878dd06d316a3531dd32b43f19bd2de6674fed20cd8670,5,both,True,True
CAL,09582244-e2c2-2de1-956c-357092d949d1,8e8eddbc1a410da719878dd06d316a3531dd32b43f19bd2de6674fed20cd8670,9,both,True,True
CAL,09582244-e2c2-2de1-956c-357092d949d1,8e8eddbc1a410da719878dd06d316a3531dd32b43f19bd2de6674fed20cd8670,13,both,True,True
CAL,09582244-e2c2-2de1-956c-357092d949d1,ec1edd03e1aecb93ca9388db14728a4e91db45c478b5a03dd82f9e91a67c32d3,5,both,True,True
CAL,09582244-e2c2-2de1-956c-357092d949d1,ec1edd03e1aecb93ca9388db14728a4e91db45c478b5a03dd82f9e91a67c32d3,9,both,True,True
CAL,09582244-e2c2-2de1-956c-357092d949d1,ec1edd03e1aecb93ca9388db14728a4e91db45c478b5a03dd82f9e91a67c32d3,13,both,True,True
CAL,09582244-e2c2-2de1-956c-357092d949d1,7b7db1cb35cc9b5af1ab5077d9cea42274fd4d769eec3eaace1a8f467a419e96,5,both,True,True
CAL,09582244-e2c2-2de1-956c-357092d949d1,7b7db1cb35cc9b5af1ab5077d9cea42274fd4d769eec3eaace1a8f467a419e96,9,both,True,True
CAL,09582244-e2c2-2de1-956c-357092d949d1,7b7db1cb35cc9b5af1ab5077d9cea42274fd4d769eec3eaace1a8f467a419e96,13,both,True,True
CAL,09582244-e2c2-2de1-956c-357092d949d1,41e52a811163011d99e29d8dd7a635babeb7f45cfa4904a4397f8188ee8d5e54,5,both,True,True
CAL,09582244-e2c2-2de1-956c-357092d949d1,41e52a811163011d99e29d8dd7a635babeb7f45cfa4904a4397f8188ee8d5e54,9,both,True,True
CAL,09582244-e2c2-2de1-956c-357092d949d1,41e52a811163011d99e29d8dd7a635babeb7f45cfa4904a4397f8188ee8d5e54,13,both,True,True
CAL,09582244-e2c2-2de1-956c-357092d949d1,b6386633cbf611baa6c5e675a8b01ef0575f203d47d0d52b536be73ab47ddd40,5,both,True,True
CAL,09582244-e2c2-2de1-956c-357092d949d1,b6386633cbf611baa6c5e675a8b01ef0575f203d47d0d52b536be73ab47ddd40,9,both,True,True
CAL,09582244-e2c2-2de1-956c-357092d949d1,b6386633cbf611baa6c5e675a8b01ef0575f203d47d0d52b536be73ab47ddd40,13,both,True,True
CAL,0f2f2711-b736-2f71-8c6a-245a9d820a8c,12f1b48460f2b70c69228c94b42f91ad50054a5effa717ea69af7344192b8dd4,6,both,True,True
CAL,0f2f2711-b736-2f71-8c6a-245a9d820a8c,12f1b48460f2b70c69228c94b42f91ad50054a5effa717ea69af7344192b8dd4,12,both,True,True
CAL,0f2f2711-b736-2f71-8c6a-245a9d820a8c,12f1b48460f2b70c69228c94b42f91ad50054a5effa717ea69af7344192b8dd4,13,both,True,True
CAL,0f2f2711-b736-2f71-8c6a-245a9d820a8c,12f1b48460f2b70c69228c94b42f91ad50054a5effa717ea69af7344192b8dd4,15,both,True,True
CAL,0f2f2711-b736-2f71-8c6a-245a9d820a8c,12f1b48460f2b70c69228c94b42f91ad50054a5effa717ea69af7344192b8dd4,16,both,True,True
CAL,0f2f2711-b736-2f71-8c6a-245a9d820a8c,12f1b48460f2b70c69228c94b42f91ad50054a5effa717ea69af7344192b8dd4,17,both,True,True
CAL,0f2f2711-b736-2f71-8c6a-245a9d820a8c,12f1b48460f2b70c69228c94b42f91ad50054a5effa717ea69af7344192b8dd4,18,both,True,True
CAL,0f2f2711-b736-2f71-8c6a-245a9d820a8c,12f1b48460f2b70c69228c94b42f91ad50054a5effa717ea69af7344192b8dd4,20,both,True,True
CAL,0f2f2711-b736-2f71-8c6a-245a9d820a8c,12f1b48460f2b70c69228c94b42f91ad50054a5effa717ea69af7344192b8dd4,21,both,True,True
CAL,0f2f2711-b736-2f71-8c6a-245a9d820a8c,12f1b48460f2b70c69228c94b42f91ad50054a5effa717ea69af7344192b8dd4,22,both,True,True
CAL,0f2f2711-b736-2f71-8c6a-245a9d820a8c,12f1b48460f2b70c69228c94b42f91ad50054a5effa717ea69af7344192b8dd4,23,both,True,True
CAL,0f2f2711-b736-2f71-8c6a-245a9d820a8c,12f1b48460f2b70c69228c94b42f91ad50054a5effa717ea69af7344192b8dd4,24,both,True,True
CAL,0f2f2711-b736-2f71-8c6a-245a9d820a8c,12f1b48460f2b70c69228c94b42f91ad50054a5effa717ea69af7344192b8dd4,25,both,True,True
CAL,0f2f2711-b736-2f71-8c6a-245a9d820a8c,12f1b48460f2b70c69228c94b42f91ad50054a5effa717ea69af7344192b8dd4,28,both,True,True
CAL,0f2f2711-b736-2f71-8c6a-245a9d820a8c,12f1b48460f2b70c69228c94b42f91ad50054a5effa717ea69af7344192b8dd4,31,both,True,True
CAL,0f2f2711-b736-2f71-8c6a-245a9d820a8c,12f1b48460f2b70c69228c94b42f91ad50054a5effa717ea69af7344192b8dd4,49,both,True,True
CAL,0f2f2711-b736-2f71-8c6a-245a9d820a8c,12f1b48460f2b70c69228c94b42f91ad50054a5effa717ea69af7344192b8dd4,54,both,True,True
CAL,0f2f2711-b736-2f71-8c6a-245a9d820a8c,fc258912a12b34a4538b3a1f7c652f3ce7160e8d36cd437b364ae72d0e0bd5ee,6,both,True,True
CAL,0f2f2711-b736-2f71-8c6a-245a9d820a8c,fc258912a12b34a4538b3a1f7c652f3ce7160e8d36cd437b364ae72d0e0bd5ee,12,both,True,True
CAL,0f2f2711-b736-2f71-8c6a-245a9d820a8c,fc258912a12b34a4538b3a1f7c652f3ce7160e8d36cd437b364ae72d0e0bd5ee,13,both,True,True
CAL,0f2f2711-b736-2f71-8c6a-245a9d820a8c,fc258912a12b34a4538b3a1f7c652f3ce7160e8d36cd437b364ae72d0e0bd5ee,15,both,True,True
CAL,0f2f2711-b736-2f71-8c6a-245a9d820a8c,fc258912a12b34a4538b3a1f7c652f3ce7160e8d36cd437b364ae72d0e0bd5ee,16,both,True,True
CAL,0f2f2711-b736-2f71-8c6a-245a9d820a8c,fc258912a12b34a4538b3a1f7c652f3ce7160e8d36cd437b364ae72d0e0bd5ee,17,both,True,True
CAL,0f2f2711-b736-2f71-8c6a-245a9d820a8c,fc258912a12b34a4538b3a1f7c652f3ce7160e8d36cd437b364ae72d0e0bd5ee,18,both,True,True
CAL,0f2f2711-b736-2f71-8c6a-245a9d820a8c,fc258912a12b34a4538b3a1f7c652f3ce7160e8d36cd437b364ae72d0e0bd5ee,20,both,True,True
CAL,0f2f2711-b736-2f71-8c6a-245a9d820a8c,fc258912a12b34a4538b3a1f7c652f3ce7160e8d36cd437b364ae72d0e0bd5ee,21,both,True,True
CAL,0f2f2711-b736-2f71-8c6a-245a9d820a8c,fc258912a12b34a4538b3a1f7c652f3ce7160e8d36cd437b364ae72d0e0bd5ee,22,both,True,True
CAL,0f2f2711-b736-2f71-8c6a-245a9d820a8c,fc258912a12b34a4538b3a1f7c652f3ce7160e8d36cd437b364ae72d0e0bd5ee,23,both,True,True
CAL,0f2f2711-b736-2f71-8c6a-245a9d820a8c,fc258912a12b34a4538b3a1f7c652f3ce7160e8d36cd437b364ae72d0e0bd5ee,24,both,True,True
CAL,0f2f2711-b736-2f71-8c6a-245a9d820a8c,fc258912a12b34a4538b3a1f7c652f3ce7160e8d36cd437b364ae72d0e0bd5ee,25,both,True,True
CAL,0f2f2711-b736-2f71-8c6a-245a9d820a8c,fc258912a12b34a4538b3a1f7c652f3ce7160e8d36cd437b364ae72d0e0bd5ee,28,both,True,True
CAL,0f2f2711-b736-2f71-8c6a-245a9d820a8c,fc258912a12b34a4538b3a1f7c652f3ce7160e8d36cd437b364ae72d0e0bd5ee,31,both,True,True
CAL,0f2f2711-b736-2f71-8c6a-245a9d820a8c,fc258912a12b34a4538b3a1f7c652f3ce7160e8d36cd437b364ae72d0e0bd5ee,49,both,True,True
CAL,0f2f2711-b736-2f71-8c6a-245a9d820a8c,fc258912a12b34a4538b3a1f7c652f3ce7160e8d36cd437b364ae72d0e0bd5ee,54,both,True,True
CAL,0f2f2711-b736-2f71-8c6a-245a9d820a8c,a59d8c70d0ac023b30f429b35235088c31663516a47f9c2657efd1bbb9d33f18,6,disappeared,True,False
CAL,0f2f2711-b736-2f71-8c6a-245a9d820a8c,a59d8c70d0ac023b30f429b35235088c31663516a47f9c2657efd1bbb9d33f18,12,both,True,True
CAL,0f2f2711-b736-2f71-8c6a-245a9d820a8c,a59d8c70d0ac023b30f429b35235088c31663516a47f9c2657efd1bbb9d33f18,13,both,True,True
CAL,0f2f2711-b736-2f71-8c6a-245a9d820a8c,a59d8c70d0ac023b30f429b35235088c31663516a47f9c2657efd1bbb9d33f18,15,both,True,True
CAL,0f2f2711-b736-2f71-8c6a-245a9d820a8c,a59d8c70d0ac023b30f429b35235088c31663516a47f9c2657efd1bbb9d33f18,16,both,True,True
CAL,0f2f2711-b736-2f71-8c6a-245a9d820a8c,a59d8c70d0ac023b30f429b35235088c31663516a47f9c2657efd1bbb9d33f18,17,both,True,True
CAL,0f2f2711-b736-2f71-8c6a-245a9d820a8c,a59d8c70d0ac023b30f429b35235088c31663516a47f9c2657efd1bbb9d33f18,18,both,True,True
CAL,0f2f2711-b736-2f71-8c6a-245a9d820a8c,a59d8c70d0ac023b30f429b35235088c31663516a47f9c2657efd1bbb9d33f18,20,both,True,True
CAL,0f2f2711-b736-2f71-8c6a-245a9d820a8c,a59d8c70d0ac023b30f429b35235088c31663516a47f9c2657efd1bbb9d33f18,21,disappeared,True,False
CAL,0f2f2711-b736-2f71-8c6a-245a9d820a8c,a59d8c70d0ac023b30f429b35235088c31663516a47f9c2657efd1bbb9d33f18,22,both,True,True
CAL,0f2f2711-b736-2f71-8c6a-245a9d820a8c,a59d8c70d0ac023b30f429b35235088c31663516a47f9c2657efd1bbb9d33f18,23,both,True,True
CAL,0f2f2711-b736-2f71-8c6a-245a9d820a8c,a59d8c70d0ac023b30f429b35235088c31663516a47f9c2657efd1bbb9d33f18,24,disappeared,True,False
CAL,0f2f2711-b736-2f71-8c6a-245a9d820a8c,a59d8c70d0ac023b30f429b35235088c31663516a47f9c2657efd1bbb9d33f18,25,disappeared,True,False
CAL,0f2f2711-b736-2f71-8c6a-245a9d820a8c,a59d8c70d0ac023b30f429b35235088c31663516a47f9c2657efd1bbb9d33f18,28,both,True,True
CAL,0f2f2711-b736-2f71-8c6a-245a9d820a8c,a59d8c70d0ac023b30f429b35235088c31663516a47f9c2657efd1bbb9d33f18,31,both,True,True
CAL,0f2f2711-b736-2f71-8c6a-245a9d820a8c,a59d8c70d0ac023b30f429b35235088c31663516a47f9c2657efd1bbb9d33f18,49,disappeared,True,False
CAL,0f2f2711-b736-2f71-8c6a-245a9d820a8c,a59d8c70d0ac023b30f429b35235088c31663516a47f9c2657efd1bbb9d33f18,54,disappeared,True,False
CAL,0f2f2711-b736-2f71-8c6a-245a9d820a8c,a1bb649069b6390ea3736608c5a7afaa37d6582e0d6e3894eea719c58888bd58,12,both,True,True
CAL,0f2f2711-b736-2f71-8c6a-245a9d820a8c,a1bb649069b6390ea3736608c5a7afaa37d6582e0d6e3894eea719c58888bd58,13,both,True,True
CAL,0f2f2711-b736-2f71-8c6a-245a9d820a8c,a1bb649069b6390ea3736608c5a7afaa37d6582e0d6e3894eea719c58888bd58,15,both,True,True
CAL,0f2f2711-b736-2f71-8c6a-245a9d820a8c,a1bb649069b6390ea3736608c5a7afaa37d6582e0d6e3894eea719c58888bd58,16,both,True,True
CAL,0f2f2711-b736-2f71-8c6a-245a9d820a8c,a1bb649069b6390ea3736608c5a7afaa37d6582e0d6e3894eea719c58888bd58,17,both,True,True
CAL,0f2f2711-b736-2f71-8c6a-245a9d820a8c,a1bb649069b6390ea3736608c5a7afaa37d6582e0d6e3894eea719c58888bd58,18,both,True,True
CAL,0f2f2711-b736-2f71-8c6a-245a9d820a8c,a1bb649069b6390ea3736608c5a7afaa37d6582e0d6e3894eea719c58888bd58,20,both,True,True
CAL,0f2f2711-b736-2f71-8c6a-245a9d820a8c,a1bb649069b6390ea3736608c5a7afaa37d6582e0d6e3894eea719c58888bd58,21,appeared,False,True
CAL,0f2f2711-b736-2f71-8c6a-245a9d820a8c,a1bb649069b6390ea3736608c5a7afaa37d6582e0d6e3894eea719c58888bd58,22,both,True,True
CAL,0f2f2711-b736-2f71-8c6a-245a9d820a8c,a1bb649069b6390ea3736608c5a7afaa37d6582e0d6e3894eea719c58888bd58,23,both,True,True
CAL,0f2f2711-b736-2f71-8c6a-245a9d820a8c,a1bb649069b6390ea3736608c5a7afaa37d6582e0d6e3894eea719c58888bd58,28,both,True,True
CAL,0f2f2711-b736-2f71-8c6a-245a9d820a8c,a1bb649069b6390ea3736608c5a7afaa37d6582e0d6e3894eea719c58888bd58,31,both,True,True
CAL,0f2f2711-b736-2f71-8c6a-245a9d820a8c,a1bb649069b6390ea3736608c5a7afaa37d6582e0d6e3894eea719c58888bd58,49,appeared,False,True
CAL,0f2f2711-b736-2f71-8c6a-245a9d820a8c,072e38b7805ecc51957c13610b0e02b8aac40bf6af69ef1d21ec7d88f097252e,6,appeared,False,True
CAL,0f2f2711-b736-2f71-8c6a-245a9d820a8c,072e38b7805ecc51957c13610b0e02b8aac40bf6af69ef1d21ec7d88f097252e,12,both,True,True
CAL,0f2f2711-b736-2f71-8c6a-245a9d820a8c,072e38b7805ecc51957c13610b0e02b8aac40bf6af69ef1d21ec7d88f097252e,13,both,True,True
CAL,0f2f2711-b736-2f71-8c6a-245a9d820a8c,072e38b7805ecc51957c13610b0e02b8aac40bf6af69ef1d21ec7d88f097252e,15,both,True,True
CAL,0f2f2711-b736-2f71-8c6a-245a9d820a8c,072e38b7805ecc51957c13610b0e02b8aac40bf6af69ef1d21ec7d88f097252e,16,both,True,True
CAL,0f2f2711-b736-2f71-8c6a-245a9d820a8c,072e38b7805ecc51957c13610b0e02b8aac40bf6af69ef1d21ec7d88f097252e,17,both,True,True
CAL,0f2f2711-b736-2f71-8c6a-245a9d820a8c,072e38b7805ecc51957c13610b0e02b8aac40bf6af69ef1d21ec7d88f097252e,18,both,True,True
CAL,0f2f2711-b736-2f71-8c6a-245a9d820a8c,072e38b7805ecc51957c13610b0e02b8aac40bf6af69ef1d21ec7d88f097252e,20,both,True,True
CAL,0f2f2711-b736-2f71-8c6a-245a9d820a8c,072e38b7805ecc51957c13610b0e02b8aac40bf6af69ef1d21ec7d88f097252e,21,both,True,True
CAL,0f2f2711-b736-2f71-8c6a-245a9d820a8c,072e38b7805ecc51957c13610b0e02b8aac40bf6af69ef1d21ec7d88f097252e,22,both,True,True
CAL,0f2f2711-b736-2f71-8c6a-245a9d820a8c,072e38b7805ecc51957c13610b0e02b8aac40bf6af69ef1d21ec7d88f097252e,23,both,True,True
CAL,0f2f2711-b736-2f71-8c6a-245a9d820a8c,072e38b7805ecc51957c13610b0e02b8aac40bf6af69ef1d21ec7d88f097252e,24,appeared,False,True
CAL,0f2f2711-b736-2f71-8c6a-245a9d820a8c,072e38b7805ecc51957c13610b0e02b8aac40bf6af69ef1d21ec7d88f097252e,25,appeared,False,True
CAL,0f2f2711-b736-2f71-8c6a-245a9d820a8c,072e38b7805ecc51957c13610b0e02b8aac40bf6af69ef1d21ec7d88f097252e,28,both,True,True
CAL,0f2f2711-b736-2f71-8c6a-245a9d820a8c,072e38b7805ecc51957c13610b0e02b8aac40bf6af69ef1d21ec7d88f097252e,31,both,True,True
CAL,0f2f2711-b736-2f71-8c6a-245a9d820a8c,072e38b7805ecc51957c13610b0e02b8aac40bf6af69ef1d21ec7d88f097252e,49,both,True,True
CAL,0f2f2711-b736-2f71-8c6a-245a9d820a8c,072e38b7805ecc51957c13610b0e02b8aac40bf6af69ef1d21ec7d88f097252e,54,both,True,True
CAL,10b17936-3938-2467-88ba-ba5fe2debf14,c8d0cd5569a2e82658b39550c698ebd160941062f68d8afdd255a8e96f702dc0,5,both,True,True
CAL,10b17936-3938-2467-88ba-ba5fe2debf14,c8d0cd5569a2e82658b39550c698ebd160941062f68d8afdd255a8e96f702dc0,7,both,True,True
CAL,10b17936-3938-2467-88ba-ba5fe2debf14,c8d0cd5569a2e82658b39550c698ebd160941062f68d8afdd255a8e96f702dc0,8,both,True,True
CAL,10b17936-3938-2467-88ba-ba5fe2debf14,c8d0cd5569a2e82658b39550c698ebd160941062f68d8afdd255a8e96f702dc0,9,both,True,True
CAL,10b17936-3938-2467-88ba-ba5fe2debf14,c8d0cd5569a2e82658b39550c698ebd160941062f68d8afdd255a8e96f702dc0,15,both,True,True
CAL,10b17936-3938-2467-88ba-ba5fe2debf14,c8d0cd5569a2e82658b39550c698ebd160941062f68d8afdd255a8e96f702dc0,17,both,True,True
CAL,10b17936-3938-2467-88ba-ba5fe2debf14,c8d0cd5569a2e82658b39550c698ebd160941062f68d8afdd255a8e96f702dc0,21,both,True,True
CAL,10b17936-3938-2467-88ba-ba5fe2debf14,c8d0cd5569a2e82658b39550c698ebd160941062f68d8afdd255a8e96f702dc0,24,both,True,True
CAL,10b17936-3938-2467-88ba-ba5fe2debf14,c8d0cd5569a2e82658b39550c698ebd160941062f68d8afdd255a8e96f702dc0,28,both,True,True
CAL,10b17936-3938-2467-88ba-ba5fe2debf14,c8d0cd5569a2e82658b39550c698ebd160941062f68d8afdd255a8e96f702dc0,30,both,True,True
CAL,10b17936-3938-2467-88ba-ba5fe2debf14,c8d0cd5569a2e82658b39550c698ebd160941062f68d8afdd255a8e96f702dc0,31,both,True,True
CAL,10b17936-3938-2467-88ba-ba5fe2debf14,c8d0cd5569a2e82658b39550c698ebd160941062f68d8afdd255a8e96f702dc0,42,disappeared,True,False
CAL,10b17936-3938-2467-88ba-ba5fe2debf14,f276ff929fc1c035869273a949c63a22f19b673a6deb65522d7dddd3396308d9,5,both,True,True
CAL,10b17936-3938-2467-88ba-ba5fe2debf14,f276ff929fc1c035869273a949c63a22f19b673a6deb65522d7dddd3396308d9,7,both,True,True
CAL,10b17936-3938-2467-88ba-ba5fe2debf14,f276ff929fc1c035869273a949c63a22f19b673a6deb65522d7dddd3396308d9,8,both,True,True
CAL,10b17936-3938-2467-88ba-ba5fe2debf14,f276ff929fc1c035869273a949c63a22f19b673a6deb65522d7dddd3396308d9,9,both,True,True
CAL,10b17936-3938-2467-88ba-ba5fe2debf14,f276ff929fc1c035869273a949c63a22f19b673a6deb65522d7dddd3396308d9,15,both,True,True
CAL,10b17936-3938-2467-88ba-ba5fe2debf14,f276ff929fc1c035869273a949c63a22f19b673a6deb65522d7dddd3396308d9,16,disappeared,True,False
CAL,10b17936-3938-2467-88ba-ba5fe2debf14,f276ff929fc1c035869273a949c63a22f19b673a6deb65522d7dddd3396308d9,17,both,True,True
CAL,10b17936-3938-2467-88ba-ba5fe2debf14,f276ff929fc1c035869273a949c63a22f19b673a6deb65522d7dddd3396308d9,21,both,True,True
CAL,10b17936-3938-2467-88ba-ba5fe2debf14,f276ff929fc1c035869273a949c63a22f19b673a6deb65522d7dddd3396308d9,24,both,True,True
CAL,10b17936-3938-2467-88ba-ba5fe2debf14,f276ff929fc1c035869273a949c63a22f19b673a6deb65522d7dddd3396308d9,28,both,True,True
CAL,10b17936-3938-2467-88ba-ba5fe2debf14,f276ff929fc1c035869273a949c63a22f19b673a6deb65522d7dddd3396308d9,30,both,True,True
CAL,10b17936-3938-2467-88ba-ba5fe2debf14,f276ff929fc1c035869273a949c63a22f19b673a6deb65522d7dddd3396308d9,42,both,True,True
CAL,10b17936-3938-2467-88ba-ba5fe2debf14,e655fd59ef7225097926c1671cc2663289ded8a3117c3fb703fe61088b196b3d,5,appeared,False,True
CAL,10b17936-3938-2467-88ba-ba5fe2debf14,e655fd59ef7225097926c1671cc2663289ded8a3117c3fb703fe61088b196b3d,7,both,True,True
CAL,10b17936-3938-2467-88ba-ba5fe2debf14,e655fd59ef7225097926c1671cc2663289ded8a3117c3fb703fe61088b196b3d,8,both,True,True
CAL,10b17936-3938-2467-88ba-ba5fe2debf14,e655fd59ef7225097926c1671cc2663289ded8a3117c3fb703fe61088b196b3d,9,both,True,True
CAL,10b17936-3938-2467-88ba-ba5fe2debf14,e655fd59ef7225097926c1671cc2663289ded8a3117c3fb703fe61088b196b3d,15,both,True,True
CAL,10b17936-3938-2467-88ba-ba5fe2debf14,e655fd59ef7225097926c1671cc2663289ded8a3117c3fb703fe61088b196b3d,16,both,True,True
CAL,10b17936-3938-2467-88ba-ba5fe2debf14,e655fd59ef7225097926c1671cc2663289ded8a3117c3fb703fe61088b196b3d,17,both,True,True
CAL,10b17936-3938-2467-88ba-ba5fe2debf14,e655fd59ef7225097926c1671cc2663289ded8a3117c3fb703fe61088b196b3d,21,appeared,False,True
CAL,10b17936-3938-2467-88ba-ba5fe2debf14,e655fd59ef7225097926c1671cc2663289ded8a3117c3fb703fe61088b196b3d,24,appeared,False,True
CAL,10b17936-3938-2467-88ba-ba5fe2debf14,e655fd59ef7225097926c1671cc2663289ded8a3117c3fb703fe61088b196b3d,28,both,True,True
CAL,10b17936-3938-2467-88ba-ba5fe2debf14,e655fd59ef7225097926c1671cc2663289ded8a3117c3fb703fe61088b196b3d,30,appeared,False,True
CAL,10b17936-3938-2467-88ba-ba5fe2debf14,e655fd59ef7225097926c1671cc2663289ded8a3117c3fb703fe61088b196b3d,31,both,True,True
CAL,10b17936-3938-2467-88ba-ba5fe2debf14,e655fd59ef7225097926c1671cc2663289ded8a3117c3fb703fe61088b196b3d,42,disappeared,True,False
CAL,10b17936-3938-2467-88ba-ba5fe2debf14,8825b5437bc217216b2457d6740db045224dcde3c18a414efd22baf34972bde0,5,disappeared,True,False
CAL,10b17936-3938-2467-88ba-ba5fe2debf14,8825b5437bc217216b2457d6740db045224dcde3c18a414efd22baf34972bde0,7,both,True,True
CAL,10b17936-3938-2467-88ba-ba5fe2debf14,8825b5437bc217216b2457d6740db045224dcde3c18a414efd22baf34972bde0,8,both,True,True
CAL,10b17936-3938-2467-88ba-ba5fe2debf14,8825b5437bc217216b2457d6740db045224dcde3c18a414efd22baf34972bde0,9,both,True,True
CAL,10b17936-3938-2467-88ba-ba5fe2debf14,8825b5437bc217216b2457d6740db045224dcde3c18a414efd22baf34972bde0,15,both,True,True
CAL,10b17936-3938-2467-88ba-ba5fe2debf14,8825b5437bc217216b2457d6740db045224dcde3c18a414efd22baf34972bde0,16,both,True,True
CAL,10b17936-3938-2467-88ba-ba5fe2debf14,8825b5437bc217216b2457d6740db045224dcde3c18a414efd22baf34972bde0,17,both,True,True
CAL,10b17936-3938-2467-88ba-ba5fe2debf14,8825b5437bc217216b2457d6740db045224dcde3c18a414efd22baf34972bde0,21,disappeared,True,False
CAL,10b17936-3938-2467-88ba-ba5fe2debf14,8825b5437bc217216b2457d6740db045224dcde3c18a414efd22baf34972bde0,24,disappeared,True,False
CAL,10b17936-3938-2467-88ba-ba5fe2debf14,8825b5437bc217216b2457d6740db045224dcde3c18a414efd22baf34972bde0,28,both,True,True
CAL,10b17936-3938-2467-88ba-ba5fe2debf14,8825b5437bc217216b2457d6740db045224dcde3c18a414efd22baf34972bde0,31,both,True,True
CAL,10b17936-3938-2467-88ba-ba5fe2debf14,6d7f633d79342ea5a9c2811b7f39e5099eeade1117aa52778056674b866a1984,5,both,True,True
CAL,10b17936-3938-2467-88ba-ba5fe2debf14,6d7f633d79342ea5a9c2811b7f39e5099eeade1117aa52778056674b866a1984,7,both,True,True
CAL,10b17936-3938-2467-88ba-ba5fe2debf14,6d7f633d79342ea5a9c2811b7f39e5099eeade1117aa52778056674b866a1984,8,both,True,True
CAL,10b17936-3938-2467-88ba-ba5fe2debf14,6d7f633d79342ea5a9c2811b7f39e5099eeade1117aa52778056674b866a1984,9,both,True,True
CAL,10b17936-3938-2467-88ba-ba5fe2debf14,6d7f633d79342ea5a9c2811b7f39e5099eeade1117aa52778056674b866a1984,10,both,True,True
CAL,10b17936-3938-2467-88ba-ba5fe2debf14,6d7f633d79342ea5a9c2811b7f39e5099eeade1117aa52778056674b866a1984,15,both,True,True
CAL,10b17936-3938-2467-88ba-ba5fe2debf14,6d7f633d79342ea5a9c2811b7f39e5099eeade1117aa52778056674b866a1984,16,both,True,True
CAL,10b17936-3938-2467-88ba-ba5fe2debf14,6d7f633d79342ea5a9c2811b7f39e5099eeade1117aa52778056674b866a1984,17,both,True,True
CAL,10b17936-3938-2467-88ba-ba5fe2debf14,6d7f633d79342ea5a9c2811b7f39e5099eeade1117aa52778056674b866a1984,21,both,True,True
CAL,10b17936-3938-2467-88ba-ba5fe2debf14,6d7f633d79342ea5a9c2811b7f39e5099eeade1117aa52778056674b866a1984,24,both,True,True
CAL,10b17936-3938-2467-88ba-ba5fe2debf14,6d7f633d79342ea5a9c2811b7f39e5099eeade1117aa52778056674b866a1984,28,both,True,True
CAL,10b17936-3938-2467-88ba-ba5fe2debf14,6d7f633d79342ea5a9c2811b7f39e5099eeade1117aa52778056674b866a1984,30,both,True,True
CAL,10b17936-3938-2467-88ba-ba5fe2debf14,6d7f633d79342ea5a9c2811b7f39e5099eeade1117aa52778056674b866a1984,33,both,True,True
CAL,10b17936-3938-2467-88ba-ba5fe2debf14,6d7f633d79342ea5a9c2811b7f39e5099eeade1117aa52778056674b866a1984,42,appeared,False,True
CAL,10b17936-3938-2467-88ba-ba5fe2debf14,1eee8bf31a8455bc6940388c79ec4013d7e772a4628fa85a5dd4df009c171826,5,both,True,True
CAL,10b17936-3938-2467-88ba-ba5fe2debf14,1eee8bf31a8455bc6940388c79ec4013d7e772a4628fa85a5dd4df009c171826,7,both,True,True
CAL,10b17936-3938-2467-88ba-ba5fe2debf14,1eee8bf31a8455bc6940388c79ec4013d7e772a4628fa85a5dd4df009c171826,8,both,True,True
CAL,10b17936-3938-2467-88ba-ba5fe2debf14,1eee8bf31a8455bc6940388c79ec4013d7e772a4628fa85a5dd4df009c171826,9,both,True,True
CAL,10b17936-3938-2467-88ba-ba5fe2debf14,1eee8bf31a8455bc6940388c79ec4013d7e772a4628fa85a5dd4df009c171826,15,both,True,True
CAL,10b17936-3938-2467-88ba-ba5fe2debf14,1eee8bf31a8455bc6940388c79ec4013d7e772a4628fa85a5dd4df009c171826,16,appeared,False,True
CAL,10b17936-3938-2467-88ba-ba5fe2debf14,1eee8bf31a8455bc6940388c79ec4013d7e772a4628fa85a5dd4df009c171826,17,both,True,True
CAL,10b17936-3938-2467-88ba-ba5fe2debf14,1eee8bf31a8455bc6940388c79ec4013d7e772a4628fa85a5dd4df009c171826,21,both,True,True
CAL,10b17936-3938-2467-88ba-ba5fe2debf14,1eee8bf31a8455bc6940388c79ec4013d7e772a4628fa85a5dd4df009c171826,24,both,True,True
CAL,10b17936-3938-2467-88ba-ba5fe2debf14,1eee8bf31a8455bc6940388c79ec4013d7e772a4628fa85a5dd4df009c171826,28,both,True,True
CAL,10b17936-3938-2467-88ba-ba5fe2debf14,1eee8bf31a8455bc6940388c79ec4013d7e772a4628fa85a5dd4df009c171826,30,disappeared,True,False
CAL,10b17936-3938-2467-88ba-ba5fe2debf14,1eee8bf31a8455bc6940388c79ec4013d7e772a4628fa85a5dd4df009c171826,31,both,True,True
CAL,4acaebba-6c10-2a2a-8650-34c2f160db99,784795eec836f80b54988a6f00c3bbb9526233b8647fce5010cb79cb93d35855,2,both,True,True
CAL,4acaebba-6c10-2a2a-8650-34c2f160db99,784795eec836f80b54988a6f00c3bbb9526233b8647fce5010cb79cb93d35855,10,both,True,True
CAL,4acaebba-6c10-2a2a-8650-34c2f160db99,784795eec836f80b54988a6f00c3bbb9526233b8647fce5010cb79cb93d35855,12,both,True,True
CAL,4acaebba-6c10-2a2a-8650-34c2f160db99,784795eec836f80b54988a6f00c3bbb9526233b8647fce5010cb79cb93d35855,14,both,True,True
CAL,4acaebba-6c10-2a2a-8650-34c2f160db99,784795eec836f80b54988a6f00c3bbb9526233b8647fce5010cb79cb93d35855,21,disappeared,True,False
CAL,4acaebba-6c10-2a2a-8650-34c2f160db99,784795eec836f80b54988a6f00c3bbb9526233b8647fce5010cb79cb93d35855,40,appeared,False,True
CAL,4acaebba-6c10-2a2a-8650-34c2f160db99,784795eec836f80b54988a6f00c3bbb9526233b8647fce5010cb79cb93d35855,41,appeared,False,True
CAL,4acaebba-6c10-2a2a-8650-34c2f160db99,4f1b4e6100b14761a2555b14f48d3aca4eb1e33cb8dd44df5b79018ff18ea1d1,2,both,True,True
CAL,4acaebba-6c10-2a2a-8650-34c2f160db99,4f1b4e6100b14761a2555b14f48d3aca4eb1e33cb8dd44df5b79018ff18ea1d1,10,both,True,True
CAL,4acaebba-6c10-2a2a-8650-34c2f160db99,4f1b4e6100b14761a2555b14f48d3aca4eb1e33cb8dd44df5b79018ff18ea1d1,12,both,True,True
CAL,4acaebba-6c10-2a2a-8650-34c2f160db99,4f1b4e6100b14761a2555b14f48d3aca4eb1e33cb8dd44df5b79018ff18ea1d1,14,both,True,True
CAL,4acaebba-6c10-2a2a-8650-34c2f160db99,4f1b4e6100b14761a2555b14f48d3aca4eb1e33cb8dd44df5b79018ff18ea1d1,31,appeared,False,True
CAL,4acaebba-6c10-2a2a-8650-34c2f160db99,86e3274c5cc72ded5d97334a716d880ad9d96a4a0f8a9b3e91a9ce57ef19ef7c,2,both,True,True
CAL,4acaebba-6c10-2a2a-8650-34c2f160db99,86e3274c5cc72ded5d97334a716d880ad9d96a4a0f8a9b3e91a9ce57ef19ef7c,10,both,True,True
CAL,4acaebba-6c10-2a2a-8650-34c2f160db99,86e3274c5cc72ded5d97334a716d880ad9d96a4a0f8a9b3e91a9ce57ef19ef7c,12,both,True,True
CAL,4acaebba-6c10-2a2a-8650-34c2f160db99,86e3274c5cc72ded5d97334a716d880ad9d96a4a0f8a9b3e91a9ce57ef19ef7c,14,both,True,True
CAL,4acaebba-6c10-2a2a-8650-34c2f160db99,86e3274c5cc72ded5d97334a716d880ad9d96a4a0f8a9b3e91a9ce57ef19ef7c,21,both,True,True
CAL,4acaebba-6c10-2a2a-8650-34c2f160db99,5e72a74e2c84ce6564dbc49dadc67aca421179a41ed2d47e3949671f91d35375,2,both,True,True
CAL,4acaebba-6c10-2a2a-8650-34c2f160db99,5e72a74e2c84ce6564dbc49dadc67aca421179a41ed2d47e3949671f91d35375,10,both,True,True
CAL,4acaebba-6c10-2a2a-8650-34c2f160db99,5e72a74e2c84ce6564dbc49dadc67aca421179a41ed2d47e3949671f91d35375,12,both,True,True
CAL,4acaebba-6c10-2a2a-8650-34c2f160db99,5e72a74e2c84ce6564dbc49dadc67aca421179a41ed2d47e3949671f91d35375,14,both,True,True
CAL,4acaebba-6c10-2a2a-8650-34c2f160db99,5e72a74e2c84ce6564dbc49dadc67aca421179a41ed2d47e3949671f91d35375,21,both,True,True
CAL,4acaebba-6c10-2a2a-8650-34c2f160db99,2aebc0ba5c7538e7253179b0e4d9df2ef33b269e670496c66a9c7706804e7ca2,2,both,True,True
CAL,4acaebba-6c10-2a2a-8650-34c2f160db99,2aebc0ba5c7538e7253179b0e4d9df2ef33b269e670496c66a9c7706804e7ca2,10,both,True,True
CAL,4acaebba-6c10-2a2a-8650-34c2f160db99,2aebc0ba5c7538e7253179b0e4d9df2ef33b269e670496c66a9c7706804e7ca2,12,both,True,True
CAL,4acaebba-6c10-2a2a-8650-34c2f160db99,2aebc0ba5c7538e7253179b0e4d9df2ef33b269e670496c66a9c7706804e7ca2,14,both,True,True
CAL,4acaebba-6c10-2a2a-8650-34c2f160db99,2aebc0ba5c7538e7253179b0e4d9df2ef33b269e670496c66a9c7706804e7ca2,21,both,True,True
CAL,4acaebba-6c10-2a2a-8650-34c2f160db99,2aebc0ba5c7538e7253179b0e4d9df2ef33b269e670496c66a9c7706804e7ca2,31,disappeared,True,False
CAL,4acaebba-6c10-2a2a-8650-34c2f160db99,d66f91a1e68ce285afc0f458551a22880ad3c79e13998273872d3738fa9b7a3a,2,both,True,True
CAL,4acaebba-6c10-2a2a-8650-34c2f160db99,d66f91a1e68ce285afc0f458551a22880ad3c79e13998273872d3738fa9b7a3a,10,both,True,True
CAL,4acaebba-6c10-2a2a-8650-34c2f160db99,d66f91a1e68ce285afc0f458551a22880ad3c79e13998273872d3738fa9b7a3a,12,both,True,True
CAL,4acaebba-6c10-2a2a-8650-34c2f160db99,d66f91a1e68ce285afc0f458551a22880ad3c79e13998273872d3738fa9b7a3a,14,both,True,True
CAL,4acaebba-6c10-2a2a-8650-34c2f160db99,d66f91a1e68ce285afc0f458551a22880ad3c79e13998273872d3738fa9b7a3a,21,both,True,True
CAL,4acaebba-6c10-2a2a-8650-34c2f160db99,d66f91a1e68ce285afc0f458551a22880ad3c79e13998273872d3738fa9b7a3a,31,both,True,True
CAL,4acaebba-6c10-2a2a-8650-34c2f160db99,76d6cf8f9ab815f639f75e646598daa288089d7a9bf63535f216cb4d8492969b,2,both,True,True
CAL,4acaebba-6c10-2a2a-8650-34c2f160db99,76d6cf8f9ab815f639f75e646598daa288089d7a9bf63535f216cb4d8492969b,10,both,True,True
CAL,4acaebba-6c10-2a2a-8650-34c2f160db99,76d6cf8f9ab815f639f75e646598daa288089d7a9bf63535f216cb4d8492969b,12,both,True,True
CAL,4acaebba-6c10-2a2a-8650-34c2f160db99,76d6cf8f9ab815f639f75e646598daa288089d7a9bf63535f216cb4d8492969b,14,both,True,True
CAL,4acaebba-6c10-2a2a-8650-34c2f160db99,76d6cf8f9ab815f639f75e646598daa288089d7a9bf63535f216cb4d8492969b,40,disappeared,True,False
CAL,4acaebba-6c10-2a2a-8650-34c2f160db99,76d6cf8f9ab815f639f75e646598daa288089d7a9bf63535f216cb4d8492969b,41,disappeared,True,False
TRAIN,bcb0fe17-4f39-2c70-9d19-dafd03e967d8,d9e4c5787dd6d090143581753134ae44e560efe40efd73290d6b7af69e2f4ee1,3,both,True,True
TRAIN,bcb0fe17-4f39-2c70-9d19-dafd03e967d8,d9e4c5787dd6d090143581753134ae44e560efe40efd73290d6b7af69e2f4ee1,6,both,True,True
TRAIN,bcb0fe17-4f39-2c70-9d19-dafd03e967d8,d9e4c5787dd6d090143581753134ae44e560efe40efd73290d6b7af69e2f4ee1,9,both,True,True
TRAIN,bcb0fe17-4f39-2c70-9d19-dafd03e967d8,d9e4c5787dd6d090143581753134ae44e560efe40efd73290d6b7af69e2f4ee1,10,both,True,True
TRAIN,bcb0fe17-4f39-2c70-9d19-dafd03e967d8,d9e4c5787dd6d090143581753134ae44e560efe40efd73290d6b7af69e2f4ee1,11,both,True,True
TRAIN,bcb0fe17-4f39-2c70-9d19-dafd03e967d8,d9e4c5787dd6d090143581753134ae44e560efe40efd73290d6b7af69e2f4ee1,15,both,True,True
TRAIN,bcb0fe17-4f39-2c70-9d19-dafd03e967d8,d9e4c5787dd6d090143581753134ae44e560efe40efd73290d6b7af69e2f4ee1,25,both,True,True
TRAIN,bcb0fe17-4f39-2c70-9d19-dafd03e967d8,9cecd5f1b76d5039840704b888df309f0b4b55a02d700c2c9e8120b2d1beb822,3,both,True,True
TRAIN,bcb0fe17-4f39-2c70-9d19-dafd03e967d8,9cecd5f1b76d5039840704b888df309f0b4b55a02d700c2c9e8120b2d1beb822,6,both,True,True
TRAIN,bcb0fe17-4f39-2c70-9d19-dafd03e967d8,9cecd5f1b76d5039840704b888df309f0b4b55a02d700c2c9e8120b2d1beb822,9,both,True,True
TRAIN,bcb0fe17-4f39-2c70-9d19-dafd03e967d8,9cecd5f1b76d5039840704b888df309f0b4b55a02d700c2c9e8120b2d1beb822,10,both,True,True
TRAIN,bcb0fe17-4f39-2c70-9d19-dafd03e967d8,9cecd5f1b76d5039840704b888df309f0b4b55a02d700c2c9e8120b2d1beb822,11,both,True,True
TRAIN,bcb0fe17-4f39-2c70-9d19-dafd03e967d8,9cecd5f1b76d5039840704b888df309f0b4b55a02d700c2c9e8120b2d1beb822,15,both,True,True
TRAIN,bcb0fe17-4f39-2c70-9d19-dafd03e967d8,9cecd5f1b76d5039840704b888df309f0b4b55a02d700c2c9e8120b2d1beb822,25,both,True,True
TRAIN,0cac75f4-8d6f-2d13-8c10-ce688f7ac0af,1eb470d8fbe5740d4409ff584c7d5037478367dab543817e82979da3530c938b,6,both,True,True
TRAIN,0cac75f4-8d6f-2d13-8c10-ce688f7ac0af,1eb470d8fbe5740d4409ff584c7d5037478367dab543817e82979da3530c938b,7,both,True,True
TRAIN,0cac75f4-8d6f-2d13-8c10-ce688f7ac0af,1eb470d8fbe5740d4409ff584c7d5037478367dab543817e82979da3530c938b,8,both,True,True
TRAIN,0cac75f4-8d6f-2d13-8c10-ce688f7ac0af,1eb470d8fbe5740d4409ff584c7d5037478367dab543817e82979da3530c938b,10,both,True,True
TRAIN,0cac75f4-8d6f-2d13-8c10-ce688f7ac0af,1eb470d8fbe5740d4409ff584c7d5037478367dab543817e82979da3530c938b,12,both,True,True
TRAIN,0cac75f4-8d6f-2d13-8c10-ce688f7ac0af,1eb470d8fbe5740d4409ff584c7d5037478367dab543817e82979da3530c938b,14,both,True,True
TRAIN,0cac75f4-8d6f-2d13-8c10-ce688f7ac0af,1eb470d8fbe5740d4409ff584c7d5037478367dab543817e82979da3530c938b,20,both,True,True
TRAIN,0cac75f4-8d6f-2d13-8c10-ce688f7ac0af,1eb470d8fbe5740d4409ff584c7d5037478367dab543817e82979da3530c938b,25,both,True,True
TRAIN,0cac75f4-8d6f-2d13-8c10-ce688f7ac0af,1eb470d8fbe5740d4409ff584c7d5037478367dab543817e82979da3530c938b,28,both,True,True
TRAIN,0cac75f4-8d6f-2d13-8c10-ce688f7ac0af,d5b9ae72da3a8fa0a7ad87292c93e93b9ccc214649d6b8d4c659989b1fca79a0,6,both,True,True
TRAIN,0cac75f4-8d6f-2d13-8c10-ce688f7ac0af,d5b9ae72da3a8fa0a7ad87292c93e93b9ccc214649d6b8d4c659989b1fca79a0,7,both,True,True
TRAIN,0cac75f4-8d6f-2d13-8c10-ce688f7ac0af,d5b9ae72da3a8fa0a7ad87292c93e93b9ccc214649d6b8d4c659989b1fca79a0,8,both,True,True
TRAIN,0cac75f4-8d6f-2d13-8c10-ce688f7ac0af,d5b9ae72da3a8fa0a7ad87292c93e93b9ccc214649d6b8d4c659989b1fca79a0,10,both,True,True
TRAIN,0cac75f4-8d6f-2d13-8c10-ce688f7ac0af,d5b9ae72da3a8fa0a7ad87292c93e93b9ccc214649d6b8d4c659989b1fca79a0,12,both,True,True
TRAIN,0cac75f4-8d6f-2d13-8c10-ce688f7ac0af,d5b9ae72da3a8fa0a7ad87292c93e93b9ccc214649d6b8d4c659989b1fca79a0,14,both,True,True
TRAIN,0cac75f4-8d6f-2d13-8c10-ce688f7ac0af,d5b9ae72da3a8fa0a7ad87292c93e93b9ccc214649d6b8d4c659989b1fca79a0,20,both,True,True
TRAIN,0cac75f4-8d6f-2d13-8c10-ce688f7ac0af,d5b9ae72da3a8fa0a7ad87292c93e93b9ccc214649d6b8d4c659989b1fca79a0,25,both,True,True
TRAIN,0cac75f4-8d6f-2d13-8c10-ce688f7ac0af,d5b9ae72da3a8fa0a7ad87292c93e93b9ccc214649d6b8d4c659989b1fca79a0,28,both,True,True
TRAIN,bf9a3dc9-45a5-2e80-80cc-29579f2928e6,6fd2a03d6faee2456a39f54d7540d1fa27320426ee43dab048259b2f0d5d8092,4,appeared,False,True
TRAIN,bf9a3dc9-45a5-2e80-80cc-29579f2928e6,6fd2a03d6faee2456a39f54d7540d1fa27320426ee43dab048259b2f0d5d8092,5,appeared,False,True
TRAIN,bf9a3dc9-45a5-2e80-80cc-29579f2928e6,6fd2a03d6faee2456a39f54d7540d1fa27320426ee43dab048259b2f0d5d8092,7,appeared,False,True
TRAIN,bf9a3dc9-45a5-2e80-80cc-29579f2928e6,6fd2a03d6faee2456a39f54d7540d1fa27320426ee43dab048259b2f0d5d8092,8,both,True,True
TRAIN,bf9a3dc9-45a5-2e80-80cc-29579f2928e6,6fd2a03d6faee2456a39f54d7540d1fa27320426ee43dab048259b2f0d5d8092,11,appeared,False,True
TRAIN,bf9a3dc9-45a5-2e80-80cc-29579f2928e6,6fd2a03d6faee2456a39f54d7540d1fa27320426ee43dab048259b2f0d5d8092,16,appeared,False,True
TRAIN,bf9a3dc9-45a5-2e80-80cc-29579f2928e6,6fd2a03d6faee2456a39f54d7540d1fa27320426ee43dab048259b2f0d5d8092,18,both,True,True
TRAIN,bf9a3dc9-45a5-2e80-80cc-29579f2928e6,74213db585edcb2ef98b4df50bb48d1e2ab141325cb09263c7f2bbd1c45592eb,4,disappeared,True,False
TRAIN,bf9a3dc9-45a5-2e80-80cc-29579f2928e6,74213db585edcb2ef98b4df50bb48d1e2ab141325cb09263c7f2bbd1c45592eb,7,both,True,True
TRAIN,bf9a3dc9-45a5-2e80-80cc-29579f2928e6,74213db585edcb2ef98b4df50bb48d1e2ab141325cb09263c7f2bbd1c45592eb,8,both,True,True
TRAIN,bf9a3dc9-45a5-2e80-80cc-29579f2928e6,74213db585edcb2ef98b4df50bb48d1e2ab141325cb09263c7f2bbd1c45592eb,11,disappeared,True,False
TRAIN,bf9a3dc9-45a5-2e80-80cc-29579f2928e6,74213db585edcb2ef98b4df50bb48d1e2ab141325cb09263c7f2bbd1c45592eb,16,both,True,True
TRAIN,bf9a3dc9-45a5-2e80-80cc-29579f2928e6,74213db585edcb2ef98b4df50bb48d1e2ab141325cb09263c7f2bbd1c45592eb,18,both,True,True
TRAIN,bf9a3dc9-45a5-2e80-80cc-29579f2928e6,74213db585edcb2ef98b4df50bb48d1e2ab141325cb09263c7f2bbd1c45592eb,34,both,True,True
TRAIN,bf9a3dc9-45a5-2e80-80cc-29579f2928e6,74213db585edcb2ef98b4df50bb48d1e2ab141325cb09263c7f2bbd1c45592eb,37,both,True,True
TRAIN,bf9a3dc9-45a5-2e80-80cc-29579f2928e6,74213db585edcb2ef98b4df50bb48d1e2ab141325cb09263c7f2bbd1c45592eb,39,appeared,False,True
TRAIN,bf9a3dc9-45a5-2e80-80cc-29579f2928e6,74213db585edcb2ef98b4df50bb48d1e2ab141325cb09263c7f2bbd1c45592eb,41,appeared,False,True
TRAIN,bf9a3dc9-45a5-2e80-80cc-29579f2928e6,0be7d3c186ecec46f42a25a0dd840e85e06a08c0ea1d639f4ee94a5bf909c9d8,7,disappeared,True,False
TRAIN,bf9a3dc9-45a5-2e80-80cc-29579f2928e6,0be7d3c186ecec46f42a25a0dd840e85e06a08c0ea1d639f4ee94a5bf909c9d8,8,both,True,True
TRAIN,bf9a3dc9-45a5-2e80-80cc-29579f2928e6,0be7d3c186ecec46f42a25a0dd840e85e06a08c0ea1d639f4ee94a5bf909c9d8,16,disappeared,True,False
TRAIN,bf9a3dc9-45a5-2e80-80cc-29579f2928e6,0be7d3c186ecec46f42a25a0dd840e85e06a08c0ea1d639f4ee94a5bf909c9d8,18,both,True,True
TRAIN,bf9a3dc9-45a5-2e80-80cc-29579f2928e6,0be7d3c186ecec46f42a25a0dd840e85e06a08c0ea1d639f4ee94a5bf909c9d8,34,disappeared,True,False
TRAIN,bf9a3dc9-45a5-2e80-80cc-29579f2928e6,0be7d3c186ecec46f42a25a0dd840e85e06a08c0ea1d639f4ee94a5bf909c9d8,37,disappeared,True,False
TRAIN,bf9a3dc9-45a5-2e80-80cc-29579f2928e6,0be7d3c186ecec46f42a25a0dd840e85e06a08c0ea1d639f4ee94a5bf909c9d8,39,disappeared,True,False
TRAIN,bf9a3dc9-45a5-2e80-80cc-29579f2928e6,0be7d3c186ecec46f42a25a0dd840e85e06a08c0ea1d639f4ee94a5bf909c9d8,41,disappeared,True,False
TRAIN,bf9a3dc9-45a5-2e80-80cc-29579f2928e6,b0f24f6fd19ac1635d5cf5cd97409ce8c22207d1b6b77d97c7612b7688e01e57,4,both,True,True
TRAIN,bf9a3dc9-45a5-2e80-80cc-29579f2928e6,b0f24f6fd19ac1635d5cf5cd97409ce8c22207d1b6b77d97c7612b7688e01e57,5,disappeared,True,False
TRAIN,bf9a3dc9-45a5-2e80-80cc-29579f2928e6,b0f24f6fd19ac1635d5cf5cd97409ce8c22207d1b6b77d97c7612b7688e01e57,7,both,True,True
TRAIN,bf9a3dc9-45a5-2e80-80cc-29579f2928e6,b0f24f6fd19ac1635d5cf5cd97409ce8c22207d1b6b77d97c7612b7688e01e57,8,both,True,True
TRAIN,bf9a3dc9-45a5-2e80-80cc-29579f2928e6,b0f24f6fd19ac1635d5cf5cd97409ce8c22207d1b6b77d97c7612b7688e01e57,11,both,True,True
TRAIN,bf9a3dc9-45a5-2e80-80cc-29579f2928e6,b0f24f6fd19ac1635d5cf5cd97409ce8c22207d1b6b77d97c7612b7688e01e57,16,both,True,True
TRAIN,bf9a3dc9-45a5-2e80-80cc-29579f2928e6,b0f24f6fd19ac1635d5cf5cd97409ce8c22207d1b6b77d97c7612b7688e01e57,18,both,True,True
TRAIN,bf9a3dc9-45a5-2e80-80cc-29579f2928e6,b0f24f6fd19ac1635d5cf5cd97409ce8c22207d1b6b77d97c7612b7688e01e57,34,appeared,False,True
TRAIN,bf9a3dc9-45a5-2e80-80cc-29579f2928e6,b0f24f6fd19ac1635d5cf5cd97409ce8c22207d1b6b77d97c7612b7688e01e57,37,appeared,False,True
TRAIN,48699c02-d4a2-2f10-81c3-552d06ffcbb8,0fc2db8b88de9b463a1c5163ec70eb5f2baddb71a9cdb7225d9ab94bd903d579,4,both,True,True
TRAIN,48699c02-d4a2-2f10-81c3-552d06ffcbb8,0fc2db8b88de9b463a1c5163ec70eb5f2baddb71a9cdb7225d9ab94bd903d579,5,both,True,True
TRAIN,48699c02-d4a2-2f10-81c3-552d06ffcbb8,0fc2db8b88de9b463a1c5163ec70eb5f2baddb71a9cdb7225d9ab94bd903d579,9,both,True,True
TRAIN,48699c02-d4a2-2f10-81c3-552d06ffcbb8,0fc2db8b88de9b463a1c5163ec70eb5f2baddb71a9cdb7225d9ab94bd903d579,12,both,True,True
TRAIN,48699c02-d4a2-2f10-81c3-552d06ffcbb8,0fc2db8b88de9b463a1c5163ec70eb5f2baddb71a9cdb7225d9ab94bd903d579,17,both,True,True
TRAIN,48699c02-d4a2-2f10-81c3-552d06ffcbb8,0fc2db8b88de9b463a1c5163ec70eb5f2baddb71a9cdb7225d9ab94bd903d579,19,both,True,True
TRAIN,48699c02-d4a2-2f10-81c3-552d06ffcbb8,0fc2db8b88de9b463a1c5163ec70eb5f2baddb71a9cdb7225d9ab94bd903d579,41,appeared,False,True
TRAIN,48699c02-d4a2-2f10-81c3-552d06ffcbb8,0fc2db8b88de9b463a1c5163ec70eb5f2baddb71a9cdb7225d9ab94bd903d579,47,appeared,False,True
TRAIN,48699c02-d4a2-2f10-81c3-552d06ffcbb8,0fc2db8b88de9b463a1c5163ec70eb5f2baddb71a9cdb7225d9ab94bd903d579,48,both,True,True
TRAIN,48699c02-d4a2-2f10-81c3-552d06ffcbb8,f0675945a40abf37075b77951b9f2e496f601130ab65afce5b793cea4d044600,4,both,True,True
TRAIN,48699c02-d4a2-2f10-81c3-552d06ffcbb8,f0675945a40abf37075b77951b9f2e496f601130ab65afce5b793cea4d044600,5,both,True,True
TRAIN,48699c02-d4a2-2f10-81c3-552d06ffcbb8,f0675945a40abf37075b77951b9f2e496f601130ab65afce5b793cea4d044600,9,both,True,True
TRAIN,48699c02-d4a2-2f10-81c3-552d06ffcbb8,f0675945a40abf37075b77951b9f2e496f601130ab65afce5b793cea4d044600,12,both,True,True
TRAIN,48699c02-d4a2-2f10-81c3-552d06ffcbb8,f0675945a40abf37075b77951b9f2e496f601130ab65afce5b793cea4d044600,17,both,True,True
TRAIN,48699c02-d4a2-2f10-81c3-552d06ffcbb8,f0675945a40abf37075b77951b9f2e496f601130ab65afce5b793cea4d044600,19,both,True,True
TRAIN,48699c02-d4a2-2f10-81c3-552d06ffcbb8,f0675945a40abf37075b77951b9f2e496f601130ab65afce5b793cea4d044600,41,both,True,True
TRAIN,48699c02-d4a2-2f10-81c3-552d06ffcbb8,f0675945a40abf37075b77951b9f2e496f601130ab65afce5b793cea4d044600,47,both,True,True
TRAIN,48699c02-d4a2-2f10-81c3-552d06ffcbb8,f0675945a40abf37075b77951b9f2e496f601130ab65afce5b793cea4d044600,48,both,True,True
TRAIN,48699c02-d4a2-2f10-81c3-552d06ffcbb8,9e9e8d44f7193286c2ecfb4009af69048544502feaf35c55e9696405d0355494,4,both,True,True
TRAIN,48699c02-d4a2-2f10-81c3-552d06ffcbb8,9e9e8d44f7193286c2ecfb4009af69048544502feaf35c55e9696405d0355494,5,both,True,True
TRAIN,48699c02-d4a2-2f10-81c3-552d06ffcbb8,9e9e8d44f7193286c2ecfb4009af69048544502feaf35c55e9696405d0355494,9,both,True,True
TRAIN,48699c02-d4a2-2f10-81c3-552d06ffcbb8,9e9e8d44f7193286c2ecfb4009af69048544502feaf35c55e9696405d0355494,12,both,True,True
TRAIN,48699c02-d4a2-2f10-81c3-552d06ffcbb8,9e9e8d44f7193286c2ecfb4009af69048544502feaf35c55e9696405d0355494,17,both,True,True
TRAIN,48699c02-d4a2-2f10-81c3-552d06ffcbb8,9e9e8d44f7193286c2ecfb4009af69048544502feaf35c55e9696405d0355494,19,both,True,True
TRAIN,48699c02-d4a2-2f10-81c3-552d06ffcbb8,9e9e8d44f7193286c2ecfb4009af69048544502feaf35c55e9696405d0355494,41,disappeared,True,False
TRAIN,48699c02-d4a2-2f10-81c3-552d06ffcbb8,9e9e8d44f7193286c2ecfb4009af69048544502feaf35c55e9696405d0355494,47,disappeared,True,False
TRAIN,48699c02-d4a2-2f10-81c3-552d06ffcbb8,9e9e8d44f7193286c2ecfb4009af69048544502feaf35c55e9696405d0355494,48,both,True,True
TRAIN,20c993af-698f-29c5-84b2-972451f94cfb,96e32c93a2a8b421c41d3c877f28ca0ba522c7f8f700fb4a847395e9646bae51,2,disappeared,True,False
TRAIN,20c993af-698f-29c5-84b2-972451f94cfb,96e32c93a2a8b421c41d3c877f28ca0ba522c7f8f700fb4a847395e9646bae51,3,disappeared,True,False
TRAIN,20c993af-698f-29c5-84b2-972451f94cfb,96e32c93a2a8b421c41d3c877f28ca0ba522c7f8f700fb4a847395e9646bae51,4,disappeared,True,False
TRAIN,20c993af-698f-29c5-84b2-972451f94cfb,96e32c93a2a8b421c41d3c877f28ca0ba522c7f8f700fb4a847395e9646bae51,9,disappeared,True,False
TRAIN,20c993af-698f-29c5-84b2-972451f94cfb,96e32c93a2a8b421c41d3c877f28ca0ba522c7f8f700fb4a847395e9646bae51,73,both,True,True
TRAIN,20c993af-698f-29c5-84b2-972451f94cfb,96e32c93a2a8b421c41d3c877f28ca0ba522c7f8f700fb4a847395e9646bae51,79,both,True,True
TRAIN,20c993af-698f-29c5-84b2-972451f94cfb,96e32c93a2a8b421c41d3c877f28ca0ba522c7f8f700fb4a847395e9646bae51,86,both,True,True
TRAIN,20c993af-698f-29c5-84b2-972451f94cfb,96e32c93a2a8b421c41d3c877f28ca0ba522c7f8f700fb4a847395e9646bae51,87,both,True,True
TRAIN,20c993af-698f-29c5-84b2-972451f94cfb,96e32c93a2a8b421c41d3c877f28ca0ba522c7f8f700fb4a847395e9646bae51,98,disappeared,True,False
TRAIN,20c993af-698f-29c5-84b2-972451f94cfb,96e32c93a2a8b421c41d3c877f28ca0ba522c7f8f700fb4a847395e9646bae51,102,disappeared,True,False
TRAIN,20c993af-698f-29c5-84b2-972451f94cfb,96e32c93a2a8b421c41d3c877f28ca0ba522c7f8f700fb4a847395e9646bae51,307,both,True,True
TRAIN,20c993af-698f-29c5-84b2-972451f94cfb,b05f4dcf0b12ce4ee3ad3089205853982e1b4ef05d6281724e0597fb9cb9de2d,2,appeared,False,True
TRAIN,20c993af-698f-29c5-84b2-972451f94cfb,b05f4dcf0b12ce4ee3ad3089205853982e1b4ef05d6281724e0597fb9cb9de2d,3,appeared,False,True
TRAIN,20c993af-698f-29c5-84b2-972451f94cfb,b05f4dcf0b12ce4ee3ad3089205853982e1b4ef05d6281724e0597fb9cb9de2d,4,appeared,False,True
TRAIN,20c993af-698f-29c5-84b2-972451f94cfb,b05f4dcf0b12ce4ee3ad3089205853982e1b4ef05d6281724e0597fb9cb9de2d,36,appeared,False,True
TRAIN,20c993af-698f-29c5-84b2-972451f94cfb,b05f4dcf0b12ce4ee3ad3089205853982e1b4ef05d6281724e0597fb9cb9de2d,37,appeared,False,True
TRAIN,20c993af-698f-29c5-84b2-972451f94cfb,b05f4dcf0b12ce4ee3ad3089205853982e1b4ef05d6281724e0597fb9cb9de2d,73,disappeared,True,False
TRAIN,20c993af-698f-29c5-84b2-972451f94cfb,b05f4dcf0b12ce4ee3ad3089205853982e1b4ef05d6281724e0597fb9cb9de2d,79,disappeared,True,False
TRAIN,20c993af-698f-29c5-84b2-972451f94cfb,b05f4dcf0b12ce4ee3ad3089205853982e1b4ef05d6281724e0597fb9cb9de2d,86,disappeared,True,False
TRAIN,20c993af-698f-29c5-84b2-972451f94cfb,b05f4dcf0b12ce4ee3ad3089205853982e1b4ef05d6281724e0597fb9cb9de2d,87,disappeared,True,False
TRAIN,20c993af-698f-29c5-84b2-972451f94cfb,b05f4dcf0b12ce4ee3ad3089205853982e1b4ef05d6281724e0597fb9cb9de2d,90,appeared,False,True
TRAIN,20c993af-698f-29c5-84b2-972451f94cfb,b05f4dcf0b12ce4ee3ad3089205853982e1b4ef05d6281724e0597fb9cb9de2d,307,disappeared,True,False
TRAIN,20c993af-698f-29c5-84b2-972451f94cfb,de1818d68c7908b7968d6395cdd5a4a2624cef423738f3a73e6b54b783e1c829,2,both,True,True
TRAIN,20c993af-698f-29c5-84b2-972451f94cfb,de1818d68c7908b7968d6395cdd5a4a2624cef423738f3a73e6b54b783e1c829,3,both,True,True
TRAIN,20c993af-698f-29c5-84b2-972451f94cfb,de1818d68c7908b7968d6395cdd5a4a2624cef423738f3a73e6b54b783e1c829,4,both,True,True
TRAIN,20c993af-698f-29c5-84b2-972451f94cfb,de1818d68c7908b7968d6395cdd5a4a2624cef423738f3a73e6b54b783e1c829,9,appeared,False,True
TRAIN,20c993af-698f-29c5-84b2-972451f94cfb,de1818d68c7908b7968d6395cdd5a4a2624cef423738f3a73e6b54b783e1c829,36,disappeared,True,False
TRAIN,20c993af-698f-29c5-84b2-972451f94cfb,de1818d68c7908b7968d6395cdd5a4a2624cef423738f3a73e6b54b783e1c829,37,disappeared,True,False
TRAIN,20c993af-698f-29c5-84b2-972451f94cfb,de1818d68c7908b7968d6395cdd5a4a2624cef423738f3a73e6b54b783e1c829,73,appeared,False,True
TRAIN,20c993af-698f-29c5-84b2-972451f94cfb,de1818d68c7908b7968d6395cdd5a4a2624cef423738f3a73e6b54b783e1c829,79,appeared,False,True
TRAIN,20c993af-698f-29c5-84b2-972451f94cfb,de1818d68c7908b7968d6395cdd5a4a2624cef423738f3a73e6b54b783e1c829,86,appeared,False,True
TRAIN,20c993af-698f-29c5-84b2-972451f94cfb,de1818d68c7908b7968d6395cdd5a4a2624cef423738f3a73e6b54b783e1c829,87,appeared,False,True
TRAIN,20c993af-698f-29c5-84b2-972451f94cfb,de1818d68c7908b7968d6395cdd5a4a2624cef423738f3a73e6b54b783e1c829,90,disappeared,True,False
TRAIN,20c993af-698f-29c5-84b2-972451f94cfb,de1818d68c7908b7968d6395cdd5a4a2624cef423738f3a73e6b54b783e1c829,98,appeared,False,True
TRAIN,20c993af-698f-29c5-84b2-972451f94cfb,de1818d68c7908b7968d6395cdd5a4a2624cef423738f3a73e6b54b783e1c829,102,appeared,False,True
TRAIN,20c993af-698f-29c5-84b2-972451f94cfb,de1818d68c7908b7968d6395cdd5a4a2624cef423738f3a73e6b54b783e1c829,307,appeared,False,True
TRAIN,0cac7602-8d6f-2d13-8ca7-c26866c2e42f,78270cc71228b931760523cfb63e9de0857877c8a4dc05b4070016c82351d906,3,both,True,True
TRAIN,0cac7602-8d6f-2d13-8ca7-c26866c2e42f,78270cc71228b931760523cfb63e9de0857877c8a4dc05b4070016c82351d906,4,both,True,True
TRAIN,0cac7602-8d6f-2d13-8ca7-c26866c2e42f,78270cc71228b931760523cfb63e9de0857877c8a4dc05b4070016c82351d906,7,both,True,True
TRAIN,0cac7602-8d6f-2d13-8ca7-c26866c2e42f,78270cc71228b931760523cfb63e9de0857877c8a4dc05b4070016c82351d906,10,both,True,True
TRAIN,0cac7602-8d6f-2d13-8ca7-c26866c2e42f,78270cc71228b931760523cfb63e9de0857877c8a4dc05b4070016c82351d906,13,both,True,True
TRAIN,0cac7602-8d6f-2d13-8ca7-c26866c2e42f,78270cc71228b931760523cfb63e9de0857877c8a4dc05b4070016c82351d906,14,both,True,True
TRAIN,0cac7602-8d6f-2d13-8ca7-c26866c2e42f,78270cc71228b931760523cfb63e9de0857877c8a4dc05b4070016c82351d906,15,both,True,True
TRAIN,0cac7602-8d6f-2d13-8ca7-c26866c2e42f,78270cc71228b931760523cfb63e9de0857877c8a4dc05b4070016c82351d906,16,both,True,True
TRAIN,0cac7602-8d6f-2d13-8ca7-c26866c2e42f,78270cc71228b931760523cfb63e9de0857877c8a4dc05b4070016c82351d906,29,both,True,True
TRAIN,0cac7602-8d6f-2d13-8ca7-c26866c2e42f,6932a04b9050a29f2cfa059bdc6e68d0c541406df50b25b2423db9085bf740b3,3,both,True,True
TRAIN,0cac7602-8d6f-2d13-8ca7-c26866c2e42f,6932a04b9050a29f2cfa059bdc6e68d0c541406df50b25b2423db9085bf740b3,4,both,True,True
TRAIN,0cac7602-8d6f-2d13-8ca7-c26866c2e42f,6932a04b9050a29f2cfa059bdc6e68d0c541406df50b25b2423db9085bf740b3,7,both,True,True
TRAIN,0cac7602-8d6f-2d13-8ca7-c26866c2e42f,6932a04b9050a29f2cfa059bdc6e68d0c541406df50b25b2423db9085bf740b3,10,both,True,True
TRAIN,0cac7602-8d6f-2d13-8ca7-c26866c2e42f,6932a04b9050a29f2cfa059bdc6e68d0c541406df50b25b2423db9085bf740b3,13,both,True,True
TRAIN,0cac7602-8d6f-2d13-8ca7-c26866c2e42f,6932a04b9050a29f2cfa059bdc6e68d0c541406df50b25b2423db9085bf740b3,14,both,True,True
TRAIN,0cac7602-8d6f-2d13-8ca7-c26866c2e42f,6932a04b9050a29f2cfa059bdc6e68d0c541406df50b25b2423db9085bf740b3,15,both,True,True
TRAIN,0cac7602-8d6f-2d13-8ca7-c26866c2e42f,6932a04b9050a29f2cfa059bdc6e68d0c541406df50b25b2423db9085bf740b3,16,both,True,True
TRAIN,0cac7602-8d6f-2d13-8ca7-c26866c2e42f,6932a04b9050a29f2cfa059bdc6e68d0c541406df50b25b2423db9085bf740b3,29,both,True,True
TRAIN,b1d87fae-e72e-2c8c-9cf3-c927fdb7c685,756bf0964d91a4df2ba676d4abd4576f86f05032b81312424dccff7b77baf2bf,7,both,True,True
TRAIN,b1d87fae-e72e-2c8c-9cf3-c927fdb7c685,756bf0964d91a4df2ba676d4abd4576f86f05032b81312424dccff7b77baf2bf,8,both,True,True
TRAIN,b1d87fae-e72e-2c8c-9cf3-c927fdb7c685,756bf0964d91a4df2ba676d4abd4576f86f05032b81312424dccff7b77baf2bf,18,both,True,True
TRAIN,b1d87fae-e72e-2c8c-9cf3-c927fdb7c685,756bf0964d91a4df2ba676d4abd4576f86f05032b81312424dccff7b77baf2bf,19,both,True,True
TRAIN,b1d87fae-e72e-2c8c-9cf3-c927fdb7c685,756bf0964d91a4df2ba676d4abd4576f86f05032b81312424dccff7b77baf2bf,20,both,True,True
TRAIN,b1d87fae-e72e-2c8c-9cf3-c927fdb7c685,756bf0964d91a4df2ba676d4abd4576f86f05032b81312424dccff7b77baf2bf,21,both,True,True
TRAIN,b1d87fae-e72e-2c8c-9cf3-c927fdb7c685,756bf0964d91a4df2ba676d4abd4576f86f05032b81312424dccff7b77baf2bf,23,both,True,True
TRAIN,b1d87fae-e72e-2c8c-9cf3-c927fdb7c685,756bf0964d91a4df2ba676d4abd4576f86f05032b81312424dccff7b77baf2bf,26,both,True,True
TRAIN,b1d87fae-e72e-2c8c-9cf3-c927fdb7c685,fa235dfcf059fe1cc25b6fe7e1ae6bceaffc87e02e193c864bb35d04536aaf67,7,both,True,True
TRAIN,b1d87fae-e72e-2c8c-9cf3-c927fdb7c685,fa235dfcf059fe1cc25b6fe7e1ae6bceaffc87e02e193c864bb35d04536aaf67,8,both,True,True
TRAIN,b1d87fae-e72e-2c8c-9cf3-c927fdb7c685,fa235dfcf059fe1cc25b6fe7e1ae6bceaffc87e02e193c864bb35d04536aaf67,18,both,True,True
TRAIN,b1d87fae-e72e-2c8c-9cf3-c927fdb7c685,fa235dfcf059fe1cc25b6fe7e1ae6bceaffc87e02e193c864bb35d04536aaf67,19,both,True,True
TRAIN,b1d87fae-e72e-2c8c-9cf3-c927fdb7c685,fa235dfcf059fe1cc25b6fe7e1ae6bceaffc87e02e193c864bb35d04536aaf67,20,both,True,True
TRAIN,b1d87fae-e72e-2c8c-9cf3-c927fdb7c685,fa235dfcf059fe1cc25b6fe7e1ae6bceaffc87e02e193c864bb35d04536aaf67,21,disappeared,True,False
TRAIN,b1d87fae-e72e-2c8c-9cf3-c927fdb7c685,fa235dfcf059fe1cc25b6fe7e1ae6bceaffc87e02e193c864bb35d04536aaf67,23,both,True,True
TRAIN,b1d87fae-e72e-2c8c-9cf3-c927fdb7c685,91046bf97bb49e4e9d311d9c5fc7ee4decb5148c120d607834d2ba1ceba19716,7,both,True,True
TRAIN,b1d87fae-e72e-2c8c-9cf3-c927fdb7c685,91046bf97bb49e4e9d311d9c5fc7ee4decb5148c120d607834d2ba1ceba19716,8,both,True,True
TRAIN,b1d87fae-e72e-2c8c-9cf3-c927fdb7c685,91046bf97bb49e4e9d311d9c5fc7ee4decb5148c120d607834d2ba1ceba19716,18,both,True,True
TRAIN,b1d87fae-e72e-2c8c-9cf3-c927fdb7c685,91046bf97bb49e4e9d311d9c5fc7ee4decb5148c120d607834d2ba1ceba19716,19,both,True,True
TRAIN,b1d87fae-e72e-2c8c-9cf3-c927fdb7c685,91046bf97bb49e4e9d311d9c5fc7ee4decb5148c120d607834d2ba1ceba19716,20,both,True,True
TRAIN,b1d87fae-e72e-2c8c-9cf3-c927fdb7c685,91046bf97bb49e4e9d311d9c5fc7ee4decb5148c120d607834d2ba1ceba19716,21,appeared,False,True
TRAIN,b1d87fae-e72e-2c8c-9cf3-c927fdb7c685,91046bf97bb49e4e9d311d9c5fc7ee4decb5148c120d607834d2ba1ceba19716,23,both,True,True
TRAIN,b1d87fae-e72e-2c8c-9cf3-c927fdb7c685,91046bf97bb49e4e9d311d9c5fc7ee4decb5148c120d607834d2ba1ceba19716,26,appeared,False,True
TRAIN,b1d87fae-e72e-2c8c-9cf3-c927fdb7c685,421c3e781edc34ff3ad8d528f3c34327bcc425c87408d364edc9339bf029fbd6,7,both,True,True
TRAIN,b1d87fae-e72e-2c8c-9cf3-c927fdb7c685,421c3e781edc34ff3ad8d528f3c34327bcc425c87408d364edc9339bf029fbd6,8,both,True,True
TRAIN,b1d87fae-e72e-2c8c-9cf3-c927fdb7c685,421c3e781edc34ff3ad8d528f3c34327bcc425c87408d364edc9339bf029fbd6,18,both,True,True
TRAIN,b1d87fae-e72e-2c8c-9cf3-c927fdb7c685,421c3e781edc34ff3ad8d528f3c34327bcc425c87408d364edc9339bf029fbd6,19,both,True,True
TRAIN,b1d87fae-e72e-2c8c-9cf3-c927fdb7c685,421c3e781edc34ff3ad8d528f3c34327bcc425c87408d364edc9339bf029fbd6,20,both,True,True
TRAIN,b1d87fae-e72e-2c8c-9cf3-c927fdb7c685,421c3e781edc34ff3ad8d528f3c34327bcc425c87408d364edc9339bf029fbd6,21,both,True,True
TRAIN,b1d87fae-e72e-2c8c-9cf3-c927fdb7c685,421c3e781edc34ff3ad8d528f3c34327bcc425c87408d364edc9339bf029fbd6,23,both,True,True
TRAIN,b1d87fae-e72e-2c8c-9cf3-c927fdb7c685,421c3e781edc34ff3ad8d528f3c34327bcc425c87408d364edc9339bf029fbd6,26,disappeared,True,False
TRAIN,4d3d829e-8cf4-2e04-8318-b76f02d91c93,34d9aaf076f1022a5ee6037b74ac1832d2984eb29edda5a129a0e513e67bde73,4,both,True,True
TRAIN,4d3d829e-8cf4-2e04-8318-b76f02d91c93,34d9aaf076f1022a5ee6037b74ac1832d2984eb29edda5a129a0e513e67bde73,10,both,True,True
TRAIN,4d3d829e-8cf4-2e04-8318-b76f02d91c93,34d9aaf076f1022a5ee6037b74ac1832d2984eb29edda5a129a0e513e67bde73,14,both,True,True
TRAIN,4d3d829e-8cf4-2e04-8318-b76f02d91c93,34d9aaf076f1022a5ee6037b74ac1832d2984eb29edda5a129a0e513e67bde73,15,both,True,True
TRAIN,4d3d829e-8cf4-2e04-8318-b76f02d91c93,34d9aaf076f1022a5ee6037b74ac1832d2984eb29edda5a129a0e513e67bde73,16,both,True,True
TRAIN,4d3d829e-8cf4-2e04-8318-b76f02d91c93,34d9aaf076f1022a5ee6037b74ac1832d2984eb29edda5a129a0e513e67bde73,24,both,True,True
TRAIN,4d3d829e-8cf4-2e04-8318-b76f02d91c93,4b0b4b5be22406c24260932d7d51ff3b8729346a9fe1c9de18568ecfcae3401d,4,both,True,True
TRAIN,4d3d829e-8cf4-2e04-8318-b76f02d91c93,4b0b4b5be22406c24260932d7d51ff3b8729346a9fe1c9de18568ecfcae3401d,10,both,True,True
TRAIN,4d3d829e-8cf4-2e04-8318-b76f02d91c93,4b0b4b5be22406c24260932d7d51ff3b8729346a9fe1c9de18568ecfcae3401d,14,both,True,True
TRAIN,4d3d829e-8cf4-2e04-8318-b76f02d91c93,4b0b4b5be22406c24260932d7d51ff3b8729346a9fe1c9de18568ecfcae3401d,15,both,True,True
TRAIN,4d3d829e-8cf4-2e04-8318-b76f02d91c93,4b0b4b5be22406c24260932d7d51ff3b8729346a9fe1c9de18568ecfcae3401d,16,both,True,True
TRAIN,4d3d829e-8cf4-2e04-8318-b76f02d91c93,4b0b4b5be22406c24260932d7d51ff3b8729346a9fe1c9de18568ecfcae3401d,24,both,True,True
TRAIN,0cac762b-8d6f-2d13-8de2-832a3c07864b,d1f4ee407c3557112d1a4df078d10b872c7d4f5f6792fc58686db17379818747,4,both,True,True
TRAIN,0cac762b-8d6f-2d13-8de2-832a3c07864b,d1f4ee407c3557112d1a4df078d10b872c7d4f5f6792fc58686db17379818747,5,disappeared,True,False
TRAIN,0cac762b-8d6f-2d13-8de2-832a3c07864b,d1f4ee407c3557112d1a4df078d10b872c7d4f5f6792fc58686db17379818747,7,disappeared,True,False
TRAIN,0cac762b-8d6f-2d13-8de2-832a3c07864b,d1f4ee407c3557112d1a4df078d10b872c7d4f5f6792fc58686db17379818747,8,disappeared,True,False
TRAIN,0cac762b-8d6f-2d13-8de2-832a3c07864b,d1f4ee407c3557112d1a4df078d10b872c7d4f5f6792fc58686db17379818747,11,both,True,True
TRAIN,0cac762b-8d6f-2d13-8de2-832a3c07864b,d1f4ee407c3557112d1a4df078d10b872c7d4f5f6792fc58686db17379818747,13,both,True,True
TRAIN,0cac762b-8d6f-2d13-8de2-832a3c07864b,d1f4ee407c3557112d1a4df078d10b872c7d4f5f6792fc58686db17379818747,14,both,True,True
TRAIN,0cac762b-8d6f-2d13-8de2-832a3c07864b,d1f4ee407c3557112d1a4df078d10b872c7d4f5f6792fc58686db17379818747,18,both,True,True
TRAIN,0cac762b-8d6f-2d13-8de2-832a3c07864b,d1f4ee407c3557112d1a4df078d10b872c7d4f5f6792fc58686db17379818747,19,both,True,True
TRAIN,0cac762b-8d6f-2d13-8de2-832a3c07864b,d1f4ee407c3557112d1a4df078d10b872c7d4f5f6792fc58686db17379818747,22,both,True,True
TRAIN,0cac762b-8d6f-2d13-8de2-832a3c07864b,d1f4ee407c3557112d1a4df078d10b872c7d4f5f6792fc58686db17379818747,23,both,True,True
TRAIN,0cac762b-8d6f-2d13-8de2-832a3c07864b,d1f4ee407c3557112d1a4df078d10b872c7d4f5f6792fc58686db17379818747,24,both,True,True
TRAIN,0cac762b-8d6f-2d13-8de2-832a3c07864b,d1f4ee407c3557112d1a4df078d10b872c7d4f5f6792fc58686db17379818747,27,both,True,True
TRAIN,0cac762b-8d6f-2d13-8de2-832a3c07864b,d1f4ee407c3557112d1a4df078d10b872c7d4f5f6792fc58686db17379818747,30,both,True,True
TRAIN,0cac762b-8d6f-2d13-8de2-832a3c07864b,d1f4ee407c3557112d1a4df078d10b872c7d4f5f6792fc58686db17379818747,32,disappeared,True,False
TRAIN,0cac762b-8d6f-2d13-8de2-832a3c07864b,d1f4ee407c3557112d1a4df078d10b872c7d4f5f6792fc58686db17379818747,33,disappeared,True,False
TRAIN,0cac762b-8d6f-2d13-8de2-832a3c07864b,d1f4ee407c3557112d1a4df078d10b872c7d4f5f6792fc58686db17379818747,35,disappeared,True,False
TRAIN,0cac762b-8d6f-2d13-8de2-832a3c07864b,d1f4ee407c3557112d1a4df078d10b872c7d4f5f6792fc58686db17379818747,36,disappeared,True,False
TRAIN,0cac762b-8d6f-2d13-8de2-832a3c07864b,d1f4ee407c3557112d1a4df078d10b872c7d4f5f6792fc58686db17379818747,56,disappeared,True,False
TRAIN,0cac762b-8d6f-2d13-8de2-832a3c07864b,d1f4ee407c3557112d1a4df078d10b872c7d4f5f6792fc58686db17379818747,78,both,True,True
TRAIN,0cac762b-8d6f-2d13-8de2-832a3c07864b,d1f4ee407c3557112d1a4df078d10b872c7d4f5f6792fc58686db17379818747,80,both,True,True
TRAIN,0cac762b-8d6f-2d13-8de2-832a3c07864b,d1f4ee407c3557112d1a4df078d10b872c7d4f5f6792fc58686db17379818747,85,disappeared,True,False
TRAIN,0cac762b-8d6f-2d13-8de2-832a3c07864b,d1f4ee407c3557112d1a4df078d10b872c7d4f5f6792fc58686db17379818747,87,disappeared,True,False
TRAIN,0cac762b-8d6f-2d13-8de2-832a3c07864b,c1b7b712614602faa1dda73417fd1d593e92a5b641c510e0ba6c9ec813f1543b,4,both,True,True
TRAIN,0cac762b-8d6f-2d13-8de2-832a3c07864b,c1b7b712614602faa1dda73417fd1d593e92a5b641c510e0ba6c9ec813f1543b,5,both,True,True
TRAIN,0cac762b-8d6f-2d13-8de2-832a3c07864b,c1b7b712614602faa1dda73417fd1d593e92a5b641c510e0ba6c9ec813f1543b,7,both,True,True
TRAIN,0cac762b-8d6f-2d13-8de2-832a3c07864b,c1b7b712614602faa1dda73417fd1d593e92a5b641c510e0ba6c9ec813f1543b,8,both,True,True
TRAIN,0cac762b-8d6f-2d13-8de2-832a3c07864b,c1b7b712614602faa1dda73417fd1d593e92a5b641c510e0ba6c9ec813f1543b,11,both,True,True
TRAIN,0cac762b-8d6f-2d13-8de2-832a3c07864b,c1b7b712614602faa1dda73417fd1d593e92a5b641c510e0ba6c9ec813f1543b,13,both,True,True
TRAIN,0cac762b-8d6f-2d13-8de2-832a3c07864b,c1b7b712614602faa1dda73417fd1d593e92a5b641c510e0ba6c9ec813f1543b,14,both,True,True
TRAIN,0cac762b-8d6f-2d13-8de2-832a3c07864b,c1b7b712614602faa1dda73417fd1d593e92a5b641c510e0ba6c9ec813f1543b,18,both,True,True
TRAIN,0cac762b-8d6f-2d13-8de2-832a3c07864b,c1b7b712614602faa1dda73417fd1d593e92a5b641c510e0ba6c9ec813f1543b,19,both,True,True
TRAIN,0cac762b-8d6f-2d13-8de2-832a3c07864b,c1b7b712614602faa1dda73417fd1d593e92a5b641c510e0ba6c9ec813f1543b,20,both,True,True
TRAIN,0cac762b-8d6f-2d13-8de2-832a3c07864b,c1b7b712614602faa1dda73417fd1d593e92a5b641c510e0ba6c9ec813f1543b,22,both,True,True
TRAIN,0cac762b-8d6f-2d13-8de2-832a3c07864b,c1b7b712614602faa1dda73417fd1d593e92a5b641c510e0ba6c9ec813f1543b,23,both,True,True
TRAIN,0cac762b-8d6f-2d13-8de2-832a3c07864b,c1b7b712614602faa1dda73417fd1d593e92a5b641c510e0ba6c9ec813f1543b,24,both,True,True
TRAIN,0cac762b-8d6f-2d13-8de2-832a3c07864b,c1b7b712614602faa1dda73417fd1d593e92a5b641c510e0ba6c9ec813f1543b,27,both,True,True
TRAIN,0cac762b-8d6f-2d13-8de2-832a3c07864b,c1b7b712614602faa1dda73417fd1d593e92a5b641c510e0ba6c9ec813f1543b,30,both,True,True
TRAIN,0cac762b-8d6f-2d13-8de2-832a3c07864b,c1b7b712614602faa1dda73417fd1d593e92a5b641c510e0ba6c9ec813f1543b,32,both,True,True
TRAIN,0cac762b-8d6f-2d13-8de2-832a3c07864b,c1b7b712614602faa1dda73417fd1d593e92a5b641c510e0ba6c9ec813f1543b,33,both,True,True
TRAIN,0cac762b-8d6f-2d13-8de2-832a3c07864b,c1b7b712614602faa1dda73417fd1d593e92a5b641c510e0ba6c9ec813f1543b,35,both,True,True
TRAIN,0cac762b-8d6f-2d13-8de2-832a3c07864b,c1b7b712614602faa1dda73417fd1d593e92a5b641c510e0ba6c9ec813f1543b,36,both,True,True
TRAIN,0cac762b-8d6f-2d13-8de2-832a3c07864b,c1b7b712614602faa1dda73417fd1d593e92a5b641c510e0ba6c9ec813f1543b,56,both,True,True
TRAIN,0cac762b-8d6f-2d13-8de2-832a3c07864b,c1b7b712614602faa1dda73417fd1d593e92a5b641c510e0ba6c9ec813f1543b,58,disappeared,True,False
TRAIN,0cac762b-8d6f-2d13-8de2-832a3c07864b,c1b7b712614602faa1dda73417fd1d593e92a5b641c510e0ba6c9ec813f1543b,78,both,True,True
TRAIN,0cac762b-8d6f-2d13-8de2-832a3c07864b,c1b7b712614602faa1dda73417fd1d593e92a5b641c510e0ba6c9ec813f1543b,79,disappeared,True,False
TRAIN,0cac762b-8d6f-2d13-8de2-832a3c07864b,c1b7b712614602faa1dda73417fd1d593e92a5b641c510e0ba6c9ec813f1543b,80,both,True,True
TRAIN,0cac762b-8d6f-2d13-8de2-832a3c07864b,c1b7b712614602faa1dda73417fd1d593e92a5b641c510e0ba6c9ec813f1543b,85,both,True,True
TRAIN,0cac762b-8d6f-2d13-8de2-832a3c07864b,c1b7b712614602faa1dda73417fd1d593e92a5b641c510e0ba6c9ec813f1543b,87,both,True,True
TRAIN,0cac762b-8d6f-2d13-8de2-832a3c07864b,c1b7b712614602faa1dda73417fd1d593e92a5b641c510e0ba6c9ec813f1543b,88,disappeared,True,False
TRAIN,0cac762b-8d6f-2d13-8de2-832a3c07864b,38010996552d823baffc5eda61590b8a52dadd666d2eea0c56f7440211cd7db6,4,both,True,True
TRAIN,0cac762b-8d6f-2d13-8de2-832a3c07864b,38010996552d823baffc5eda61590b8a52dadd666d2eea0c56f7440211cd7db6,5,appeared,False,True
TRAIN,0cac762b-8d6f-2d13-8de2-832a3c07864b,38010996552d823baffc5eda61590b8a52dadd666d2eea0c56f7440211cd7db6,7,appeared,False,True
TRAIN,0cac762b-8d6f-2d13-8de2-832a3c07864b,38010996552d823baffc5eda61590b8a52dadd666d2eea0c56f7440211cd7db6,8,appeared,False,True
TRAIN,0cac762b-8d6f-2d13-8de2-832a3c07864b,38010996552d823baffc5eda61590b8a52dadd666d2eea0c56f7440211cd7db6,11,both,True,True
TRAIN,0cac762b-8d6f-2d13-8de2-832a3c07864b,38010996552d823baffc5eda61590b8a52dadd666d2eea0c56f7440211cd7db6,13,both,True,True
TRAIN,0cac762b-8d6f-2d13-8de2-832a3c07864b,38010996552d823baffc5eda61590b8a52dadd666d2eea0c56f7440211cd7db6,14,both,True,True
TRAIN,0cac762b-8d6f-2d13-8de2-832a3c07864b,38010996552d823baffc5eda61590b8a52dadd666d2eea0c56f7440211cd7db6,18,both,True,True
TRAIN,0cac762b-8d6f-2d13-8de2-832a3c07864b,38010996552d823baffc5eda61590b8a52dadd666d2eea0c56f7440211cd7db6,19,both,True,True
TRAIN,0cac762b-8d6f-2d13-8de2-832a3c07864b,38010996552d823baffc5eda61590b8a52dadd666d2eea0c56f7440211cd7db6,20,both,True,True
TRAIN,0cac762b-8d6f-2d13-8de2-832a3c07864b,38010996552d823baffc5eda61590b8a52dadd666d2eea0c56f7440211cd7db6,22,both,True,True
TRAIN,0cac762b-8d6f-2d13-8de2-832a3c07864b,38010996552d823baffc5eda61590b8a52dadd666d2eea0c56f7440211cd7db6,23,both,True,True
TRAIN,0cac762b-8d6f-2d13-8de2-832a3c07864b,38010996552d823baffc5eda61590b8a52dadd666d2eea0c56f7440211cd7db6,24,both,True,True
TRAIN,0cac762b-8d6f-2d13-8de2-832a3c07864b,38010996552d823baffc5eda61590b8a52dadd666d2eea0c56f7440211cd7db6,27,both,True,True
TRAIN,0cac762b-8d6f-2d13-8de2-832a3c07864b,38010996552d823baffc5eda61590b8a52dadd666d2eea0c56f7440211cd7db6,30,both,True,True
TRAIN,0cac762b-8d6f-2d13-8de2-832a3c07864b,38010996552d823baffc5eda61590b8a52dadd666d2eea0c56f7440211cd7db6,32,appeared,False,True
TRAIN,0cac762b-8d6f-2d13-8de2-832a3c07864b,38010996552d823baffc5eda61590b8a52dadd666d2eea0c56f7440211cd7db6,33,appeared,False,True
TRAIN,0cac762b-8d6f-2d13-8de2-832a3c07864b,38010996552d823baffc5eda61590b8a52dadd666d2eea0c56f7440211cd7db6,35,appeared,False,True
TRAIN,0cac762b-8d6f-2d13-8de2-832a3c07864b,38010996552d823baffc5eda61590b8a52dadd666d2eea0c56f7440211cd7db6,36,appeared,False,True
TRAIN,0cac762b-8d6f-2d13-8de2-832a3c07864b,38010996552d823baffc5eda61590b8a52dadd666d2eea0c56f7440211cd7db6,56,appeared,False,True
TRAIN,0cac762b-8d6f-2d13-8de2-832a3c07864b,38010996552d823baffc5eda61590b8a52dadd666d2eea0c56f7440211cd7db6,58,appeared,False,True
TRAIN,0cac762b-8d6f-2d13-8de2-832a3c07864b,38010996552d823baffc5eda61590b8a52dadd666d2eea0c56f7440211cd7db6,78,both,True,True
TRAIN,0cac762b-8d6f-2d13-8de2-832a3c07864b,38010996552d823baffc5eda61590b8a52dadd666d2eea0c56f7440211cd7db6,79,appeared,False,True
TRAIN,0cac762b-8d6f-2d13-8de2-832a3c07864b,38010996552d823baffc5eda61590b8a52dadd666d2eea0c56f7440211cd7db6,80,both,True,True
TRAIN,0cac762b-8d6f-2d13-8de2-832a3c07864b,38010996552d823baffc5eda61590b8a52dadd666d2eea0c56f7440211cd7db6,85,appeared,False,True
TRAIN,0cac762b-8d6f-2d13-8de2-832a3c07864b,38010996552d823baffc5eda61590b8a52dadd666d2eea0c56f7440211cd7db6,87,appeared,False,True
TRAIN,0cac762b-8d6f-2d13-8de2-832a3c07864b,38010996552d823baffc5eda61590b8a52dadd666d2eea0c56f7440211cd7db6,88,appeared,False,True
TRAIN,ab835f7d-54c6-29a1-9aae-bf97735dd235,f47f1e420aed4f01e0b92182b1445ed2f73960f6ae4ee9444d5014e1809b3ac4,3,both,True,True
TRAIN,ab835f7d-54c6-29a1-9aae-bf97735dd235,f47f1e420aed4f01e0b92182b1445ed2f73960f6ae4ee9444d5014e1809b3ac4,4,both,True,True
TRAIN,ab835f7d-54c6-29a1-9aae-bf97735dd235,f47f1e420aed4f01e0b92182b1445ed2f73960f6ae4ee9444d5014e1809b3ac4,6,both,True,True
TRAIN,ab835f7d-54c6-29a1-9aae-bf97735dd235,f47f1e420aed4f01e0b92182b1445ed2f73960f6ae4ee9444d5014e1809b3ac4,7,both,True,True
TRAIN,ab835f7d-54c6-29a1-9aae-bf97735dd235,f47f1e420aed4f01e0b92182b1445ed2f73960f6ae4ee9444d5014e1809b3ac4,16,both,True,True
TRAIN,ab835f7d-54c6-29a1-9aae-bf97735dd235,f47f1e420aed4f01e0b92182b1445ed2f73960f6ae4ee9444d5014e1809b3ac4,21,both,True,True
TRAIN,ab835f7d-54c6-29a1-9aae-bf97735dd235,f47f1e420aed4f01e0b92182b1445ed2f73960f6ae4ee9444d5014e1809b3ac4,22,both,True,True
TRAIN,ab835f7d-54c6-29a1-9aae-bf97735dd235,f47f1e420aed4f01e0b92182b1445ed2f73960f6ae4ee9444d5014e1809b3ac4,24,both,True,True
TRAIN,ab835f7d-54c6-29a1-9aae-bf97735dd235,f47f1e420aed4f01e0b92182b1445ed2f73960f6ae4ee9444d5014e1809b3ac4,28,both,True,True
TRAIN,ab835f7d-54c6-29a1-9aae-bf97735dd235,f47f1e420aed4f01e0b92182b1445ed2f73960f6ae4ee9444d5014e1809b3ac4,29,both,True,True
TRAIN,ab835f7d-54c6-29a1-9aae-bf97735dd235,f47f1e420aed4f01e0b92182b1445ed2f73960f6ae4ee9444d5014e1809b3ac4,33,disappeared,True,False
TRAIN,ab835f7d-54c6-29a1-9aae-bf97735dd235,e45caa8e6575bd23792fd4ada14f33ce5cb3f5cdb8f0220703e97977f3cb02c0,3,disappeared,True,False
TRAIN,ab835f7d-54c6-29a1-9aae-bf97735dd235,e45caa8e6575bd23792fd4ada14f33ce5cb3f5cdb8f0220703e97977f3cb02c0,4,disappeared,True,False
TRAIN,ab835f7d-54c6-29a1-9aae-bf97735dd235,e45caa8e6575bd23792fd4ada14f33ce5cb3f5cdb8f0220703e97977f3cb02c0,6,both,True,True
TRAIN,ab835f7d-54c6-29a1-9aae-bf97735dd235,e45caa8e6575bd23792fd4ada14f33ce5cb3f5cdb8f0220703e97977f3cb02c0,7,both,True,True
TRAIN,ab835f7d-54c6-29a1-9aae-bf97735dd235,e45caa8e6575bd23792fd4ada14f33ce5cb3f5cdb8f0220703e97977f3cb02c0,16,disappeared,True,False
TRAIN,ab835f7d-54c6-29a1-9aae-bf97735dd235,e45caa8e6575bd23792fd4ada14f33ce5cb3f5cdb8f0220703e97977f3cb02c0,21,both,True,True
TRAIN,ab835f7d-54c6-29a1-9aae-bf97735dd235,e45caa8e6575bd23792fd4ada14f33ce5cb3f5cdb8f0220703e97977f3cb02c0,22,both,True,True
TRAIN,ab835f7d-54c6-29a1-9aae-bf97735dd235,e45caa8e6575bd23792fd4ada14f33ce5cb3f5cdb8f0220703e97977f3cb02c0,24,both,True,True
TRAIN,ab835f7d-54c6-29a1-9aae-bf97735dd235,e45caa8e6575bd23792fd4ada14f33ce5cb3f5cdb8f0220703e97977f3cb02c0,28,both,True,True
TRAIN,ab835f7d-54c6-29a1-9aae-bf97735dd235,e45caa8e6575bd23792fd4ada14f33ce5cb3f5cdb8f0220703e97977f3cb02c0,29,both,True,True
TRAIN,ab835f7d-54c6-29a1-9aae-bf97735dd235,e45caa8e6575bd23792fd4ada14f33ce5cb3f5cdb8f0220703e97977f3cb02c0,33,appeared,False,True
TRAIN,ab835f7d-54c6-29a1-9aae-bf97735dd235,5e8d3bdb1474d2e9ef525a61d0aeaa20348eb42852a75070d0c951eacb17388a,3,appeared,False,True
TRAIN,ab835f7d-54c6-29a1-9aae-bf97735dd235,5e8d3bdb1474d2e9ef525a61d0aeaa20348eb42852a75070d0c951eacb17388a,4,appeared,False,True
TRAIN,ab835f7d-54c6-29a1-9aae-bf97735dd235,5e8d3bdb1474d2e9ef525a61d0aeaa20348eb42852a75070d0c951eacb17388a,6,both,True,True
TRAIN,ab835f7d-54c6-29a1-9aae-bf97735dd235,5e8d3bdb1474d2e9ef525a61d0aeaa20348eb42852a75070d0c951eacb17388a,7,both,True,True
TRAIN,ab835f7d-54c6-29a1-9aae-bf97735dd235,5e8d3bdb1474d2e9ef525a61d0aeaa20348eb42852a75070d0c951eacb17388a,16,appeared,False,True
TRAIN,ab835f7d-54c6-29a1-9aae-bf97735dd235,5e8d3bdb1474d2e9ef525a61d0aeaa20348eb42852a75070d0c951eacb17388a,21,both,True,True
TRAIN,ab835f7d-54c6-29a1-9aae-bf97735dd235,5e8d3bdb1474d2e9ef525a61d0aeaa20348eb42852a75070d0c951eacb17388a,22,both,True,True
TRAIN,ab835f7d-54c6-29a1-9aae-bf97735dd235,5e8d3bdb1474d2e9ef525a61d0aeaa20348eb42852a75070d0c951eacb17388a,24,both,True,True
TRAIN,ab835f7d-54c6-29a1-9aae-bf97735dd235,5e8d3bdb1474d2e9ef525a61d0aeaa20348eb42852a75070d0c951eacb17388a,28,both,True,True
TRAIN,ab835f7d-54c6-29a1-9aae-bf97735dd235,5e8d3bdb1474d2e9ef525a61d0aeaa20348eb42852a75070d0c951eacb17388a,29,both,True,True
TRAIN,ab835f7d-54c6-29a1-9aae-bf97735dd235,5e8d3bdb1474d2e9ef525a61d0aeaa20348eb42852a75070d0c951eacb17388a,33,both,True,True
TRAIN,4a9a43d6-7736-2874-84c3-86ec156a3b2d,707054052ec844d0980bd2fe069a256c02fb3386dcaefa6db6bcc29b236144d6,5,disappeared,True,False
TRAIN,4a9a43d6-7736-2874-84c3-86ec156a3b2d,707054052ec844d0980bd2fe069a256c02fb3386dcaefa6db6bcc29b236144d6,6,disappeared,True,False
TRAIN,4a9a43d6-7736-2874-84c3-86ec156a3b2d,707054052ec844d0980bd2fe069a256c02fb3386dcaefa6db6bcc29b236144d6,7,disappeared,True,False
TRAIN,4a9a43d6-7736-2874-84c3-86ec156a3b2d,707054052ec844d0980bd2fe069a256c02fb3386dcaefa6db6bcc29b236144d6,8,disappeared,True,False
TRAIN,4a9a43d6-7736-2874-84c3-86ec156a3b2d,707054052ec844d0980bd2fe069a256c02fb3386dcaefa6db6bcc29b236144d6,11,disappeared,True,False
TRAIN,4a9a43d6-7736-2874-84c3-86ec156a3b2d,707054052ec844d0980bd2fe069a256c02fb3386dcaefa6db6bcc29b236144d6,13,disappeared,True,False
TRAIN,4a9a43d6-7736-2874-84c3-86ec156a3b2d,707054052ec844d0980bd2fe069a256c02fb3386dcaefa6db6bcc29b236144d6,15,disappeared,True,False
TRAIN,4a9a43d6-7736-2874-84c3-86ec156a3b2d,707054052ec844d0980bd2fe069a256c02fb3386dcaefa6db6bcc29b236144d6,16,disappeared,True,False
TRAIN,4a9a43d6-7736-2874-84c3-86ec156a3b2d,707054052ec844d0980bd2fe069a256c02fb3386dcaefa6db6bcc29b236144d6,17,disappeared,True,False
TRAIN,4a9a43d6-7736-2874-84c3-86ec156a3b2d,707054052ec844d0980bd2fe069a256c02fb3386dcaefa6db6bcc29b236144d6,18,disappeared,True,False
TRAIN,4a9a43d6-7736-2874-84c3-86ec156a3b2d,707054052ec844d0980bd2fe069a256c02fb3386dcaefa6db6bcc29b236144d6,20,disappeared,True,False
TRAIN,4a9a43d6-7736-2874-84c3-86ec156a3b2d,707054052ec844d0980bd2fe069a256c02fb3386dcaefa6db6bcc29b236144d6,25,disappeared,True,False
TRAIN,4a9a43d6-7736-2874-84c3-86ec156a3b2d,707054052ec844d0980bd2fe069a256c02fb3386dcaefa6db6bcc29b236144d6,28,disappeared,True,False
TRAIN,4a9a43d6-7736-2874-84c3-86ec156a3b2d,a5ef142ae02ce4aa7520b1f2e74e6899940d64f3b97902745c043ac419c008b5,5,both,True,True
TRAIN,4a9a43d6-7736-2874-84c3-86ec156a3b2d,a5ef142ae02ce4aa7520b1f2e74e6899940d64f3b97902745c043ac419c008b5,6,both,True,True
TRAIN,4a9a43d6-7736-2874-84c3-86ec156a3b2d,a5ef142ae02ce4aa7520b1f2e74e6899940d64f3b97902745c043ac419c008b5,7,both,True,True
TRAIN,4a9a43d6-7736-2874-84c3-86ec156a3b2d,a5ef142ae02ce4aa7520b1f2e74e6899940d64f3b97902745c043ac419c008b5,8,both,True,True
TRAIN,4a9a43d6-7736-2874-84c3-86ec156a3b2d,a5ef142ae02ce4aa7520b1f2e74e6899940d64f3b97902745c043ac419c008b5,11,both,True,True
TRAIN,4a9a43d6-7736-2874-84c3-86ec156a3b2d,a5ef142ae02ce4aa7520b1f2e74e6899940d64f3b97902745c043ac419c008b5,13,both,True,True
TRAIN,4a9a43d6-7736-2874-84c3-86ec156a3b2d,a5ef142ae02ce4aa7520b1f2e74e6899940d64f3b97902745c043ac419c008b5,15,both,True,True
TRAIN,4a9a43d6-7736-2874-84c3-86ec156a3b2d,a5ef142ae02ce4aa7520b1f2e74e6899940d64f3b97902745c043ac419c008b5,16,both,True,True
TRAIN,4a9a43d6-7736-2874-84c3-86ec156a3b2d,a5ef142ae02ce4aa7520b1f2e74e6899940d64f3b97902745c043ac419c008b5,17,both,True,True
TRAIN,4a9a43d6-7736-2874-84c3-86ec156a3b2d,a5ef142ae02ce4aa7520b1f2e74e6899940d64f3b97902745c043ac419c008b5,18,both,True,True
TRAIN,4a9a43d6-7736-2874-84c3-86ec156a3b2d,a5ef142ae02ce4aa7520b1f2e74e6899940d64f3b97902745c043ac419c008b5,20,both,True,True
TRAIN,4a9a43d6-7736-2874-84c3-86ec156a3b2d,a5ef142ae02ce4aa7520b1f2e74e6899940d64f3b97902745c043ac419c008b5,25,both,True,True
TRAIN,4a9a43d6-7736-2874-84c3-86ec156a3b2d,a5ef142ae02ce4aa7520b1f2e74e6899940d64f3b97902745c043ac419c008b5,28,both,True,True
TRAIN,4a9a43d6-7736-2874-84c3-86ec156a3b2d,3bd9c6e442623553bd44dccf28cfd551a97775a1b5a21c18cccb596398fab729,5,both,True,True
TRAIN,4a9a43d6-7736-2874-84c3-86ec156a3b2d,3bd9c6e442623553bd44dccf28cfd551a97775a1b5a21c18cccb596398fab729,6,both,True,True
TRAIN,4a9a43d6-7736-2874-84c3-86ec156a3b2d,3bd9c6e442623553bd44dccf28cfd551a97775a1b5a21c18cccb596398fab729,7,both,True,True
TRAIN,4a9a43d6-7736-2874-84c3-86ec156a3b2d,3bd9c6e442623553bd44dccf28cfd551a97775a1b5a21c18cccb596398fab729,8,both,True,True
TRAIN,4a9a43d6-7736-2874-84c3-86ec156a3b2d,3bd9c6e442623553bd44dccf28cfd551a97775a1b5a21c18cccb596398fab729,11,both,True,True
TRAIN,4a9a43d6-7736-2874-84c3-86ec156a3b2d,3bd9c6e442623553bd44dccf28cfd551a97775a1b5a21c18cccb596398fab729,13,both,True,True
TRAIN,4a9a43d6-7736-2874-84c3-86ec156a3b2d,3bd9c6e442623553bd44dccf28cfd551a97775a1b5a21c18cccb596398fab729,15,both,True,True
TRAIN,4a9a43d6-7736-2874-84c3-86ec156a3b2d,3bd9c6e442623553bd44dccf28cfd551a97775a1b5a21c18cccb596398fab729,16,both,True,True
TRAIN,4a9a43d6-7736-2874-84c3-86ec156a3b2d,3bd9c6e442623553bd44dccf28cfd551a97775a1b5a21c18cccb596398fab729,17,both,True,True
TRAIN,4a9a43d6-7736-2874-84c3-86ec156a3b2d,3bd9c6e442623553bd44dccf28cfd551a97775a1b5a21c18cccb596398fab729,18,both,True,True
TRAIN,4a9a43d6-7736-2874-84c3-86ec156a3b2d,3bd9c6e442623553bd44dccf28cfd551a97775a1b5a21c18cccb596398fab729,20,both,True,True
TRAIN,4a9a43d6-7736-2874-84c3-86ec156a3b2d,3bd9c6e442623553bd44dccf28cfd551a97775a1b5a21c18cccb596398fab729,25,both,True,True
TRAIN,4a9a43d6-7736-2874-84c3-86ec156a3b2d,009a3a8084df021f4ecb00107aeca34db911b2313e7ff9e2c1a21ea13f843192,5,appeared,False,True
TRAIN,4a9a43d6-7736-2874-84c3-86ec156a3b2d,009a3a8084df021f4ecb00107aeca34db911b2313e7ff9e2c1a21ea13f843192,6,appeared,False,True
TRAIN,4a9a43d6-7736-2874-84c3-86ec156a3b2d,009a3a8084df021f4ecb00107aeca34db911b2313e7ff9e2c1a21ea13f843192,7,appeared,False,True
TRAIN,4a9a43d6-7736-2874-84c3-86ec156a3b2d,009a3a8084df021f4ecb00107aeca34db911b2313e7ff9e2c1a21ea13f843192,8,appeared,False,True
TRAIN,4a9a43d6-7736-2874-84c3-86ec156a3b2d,009a3a8084df021f4ecb00107aeca34db911b2313e7ff9e2c1a21ea13f843192,11,appeared,False,True
TRAIN,4a9a43d6-7736-2874-84c3-86ec156a3b2d,009a3a8084df021f4ecb00107aeca34db911b2313e7ff9e2c1a21ea13f843192,13,appeared,False,True
TRAIN,4a9a43d6-7736-2874-84c3-86ec156a3b2d,009a3a8084df021f4ecb00107aeca34db911b2313e7ff9e2c1a21ea13f843192,15,appeared,False,True
TRAIN,4a9a43d6-7736-2874-84c3-86ec156a3b2d,009a3a8084df021f4ecb00107aeca34db911b2313e7ff9e2c1a21ea13f843192,16,appeared,False,True
TRAIN,4a9a43d6-7736-2874-84c3-86ec156a3b2d,009a3a8084df021f4ecb00107aeca34db911b2313e7ff9e2c1a21ea13f843192,17,appeared,False,True
TRAIN,4a9a43d6-7736-2874-84c3-86ec156a3b2d,009a3a8084df021f4ecb00107aeca34db911b2313e7ff9e2c1a21ea13f843192,18,appeared,False,True
TRAIN,4a9a43d6-7736-2874-84c3-86ec156a3b2d,009a3a8084df021f4ecb00107aeca34db911b2313e7ff9e2c1a21ea13f843192,20,appeared,False,True
TRAIN,4a9a43d6-7736-2874-84c3-86ec156a3b2d,009a3a8084df021f4ecb00107aeca34db911b2313e7ff9e2c1a21ea13f843192,25,appeared,False,True
TRAIN,634d11d5-6833-255d-8d0a-c0da83387d01,b9956d5d1932ecbddd3818d9cbeeedd639fcfd18fabf9ba70d891fcf2b57214b,4,both,True,True
TRAIN,634d11d5-6833-255d-8d0a-c0da83387d01,b9956d5d1932ecbddd3818d9cbeeedd639fcfd18fabf9ba70d891fcf2b57214b,6,both,True,True
TRAIN,634d11d5-6833-255d-8d0a-c0da83387d01,b9956d5d1932ecbddd3818d9cbeeedd639fcfd18fabf9ba70d891fcf2b57214b,7,both,True,True
TRAIN,634d11d5-6833-255d-8d0a-c0da83387d01,b9956d5d1932ecbddd3818d9cbeeedd639fcfd18fabf9ba70d891fcf2b57214b,8,both,True,True
TRAIN,634d11d5-6833-255d-8d0a-c0da83387d01,b9956d5d1932ecbddd3818d9cbeeedd639fcfd18fabf9ba70d891fcf2b57214b,9,both,True,True
TRAIN,634d11d5-6833-255d-8d0a-c0da83387d01,b9956d5d1932ecbddd3818d9cbeeedd639fcfd18fabf9ba70d891fcf2b57214b,12,disappeared,True,False
TRAIN,634d11d5-6833-255d-8d0a-c0da83387d01,b9956d5d1932ecbddd3818d9cbeeedd639fcfd18fabf9ba70d891fcf2b57214b,13,disappeared,True,False
TRAIN,634d11d5-6833-255d-8d0a-c0da83387d01,b9956d5d1932ecbddd3818d9cbeeedd639fcfd18fabf9ba70d891fcf2b57214b,14,disappeared,True,False
TRAIN,634d11d5-6833-255d-8d0a-c0da83387d01,b9956d5d1932ecbddd3818d9cbeeedd639fcfd18fabf9ba70d891fcf2b57214b,21,both,True,True
TRAIN,634d11d5-6833-255d-8d0a-c0da83387d01,2741ee023b8ba33b5bc90e5b592b5e32b8657b71f215f49968c5976d307259b5,4,both,True,True
TRAIN,634d11d5-6833-255d-8d0a-c0da83387d01,2741ee023b8ba33b5bc90e5b592b5e32b8657b71f215f49968c5976d307259b5,6,both,True,True
TRAIN,634d11d5-6833-255d-8d0a-c0da83387d01,2741ee023b8ba33b5bc90e5b592b5e32b8657b71f215f49968c5976d307259b5,7,both,True,True
TRAIN,634d11d5-6833-255d-8d0a-c0da83387d01,2741ee023b8ba33b5bc90e5b592b5e32b8657b71f215f49968c5976d307259b5,8,both,True,True
TRAIN,634d11d5-6833-255d-8d0a-c0da83387d01,2741ee023b8ba33b5bc90e5b592b5e32b8657b71f215f49968c5976d307259b5,9,both,True,True
TRAIN,634d11d5-6833-255d-8d0a-c0da83387d01,2741ee023b8ba33b5bc90e5b592b5e32b8657b71f215f49968c5976d307259b5,12,appeared,False,True
TRAIN,634d11d5-6833-255d-8d0a-c0da83387d01,2741ee023b8ba33b5bc90e5b592b5e32b8657b71f215f49968c5976d307259b5,13,appeared,False,True
TRAIN,634d11d5-6833-255d-8d0a-c0da83387d01,2741ee023b8ba33b5bc90e5b592b5e32b8657b71f215f49968c5976d307259b5,14,appeared,False,True
TRAIN,634d11d5-6833-255d-8d0a-c0da83387d01,2741ee023b8ba33b5bc90e5b592b5e32b8657b71f215f49968c5976d307259b5,21,both,True,True
TRAIN,2e4a3964-d452-21a0-9de5-4f7895499143,aaa5b5bc07672124cfe1a9e62c037d20f2afbb961a02ad3e278eff900eced4ad,3,both,True,True
TRAIN,2e4a3964-d452-21a0-9de5-4f7895499143,aaa5b5bc07672124cfe1a9e62c037d20f2afbb961a02ad3e278eff900eced4ad,6,appeared,False,True
TRAIN,2e4a3964-d452-21a0-9de5-4f7895499143,aaa5b5bc07672124cfe1a9e62c037d20f2afbb961a02ad3e278eff900eced4ad,8,disappeared,True,False
TRAIN,2e4a3964-d452-21a0-9de5-4f7895499143,aaa5b5bc07672124cfe1a9e62c037d20f2afbb961a02ad3e278eff900eced4ad,11,appeared,False,True
TRAIN,2e4a3964-d452-21a0-9de5-4f7895499143,aaa5b5bc07672124cfe1a9e62c037d20f2afbb961a02ad3e278eff900eced4ad,15,both,True,True
TRAIN,2e4a3964-d452-21a0-9de5-4f7895499143,aaa5b5bc07672124cfe1a9e62c037d20f2afbb961a02ad3e278eff900eced4ad,22,both,True,True
TRAIN,2e4a3964-d452-21a0-9de5-4f7895499143,aaa5b5bc07672124cfe1a9e62c037d20f2afbb961a02ad3e278eff900eced4ad,23,both,True,True
TRAIN,2e4a3964-d452-21a0-9de5-4f7895499143,aaa5b5bc07672124cfe1a9e62c037d20f2afbb961a02ad3e278eff900eced4ad,24,both,True,True
TRAIN,2e4a3964-d452-21a0-9de5-4f7895499143,aaa5b5bc07672124cfe1a9e62c037d20f2afbb961a02ad3e278eff900eced4ad,40,appeared,False,True
TRAIN,2e4a3964-d452-21a0-9de5-4f7895499143,822ea3c139a05f39a69cf03f078f52a555a0a84abdbdbb25bc55538b2a5a3974,3,both,True,True
TRAIN,2e4a3964-d452-21a0-9de5-4f7895499143,822ea3c139a05f39a69cf03f078f52a555a0a84abdbdbb25bc55538b2a5a3974,6,both,True,True
TRAIN,2e4a3964-d452-21a0-9de5-4f7895499143,822ea3c139a05f39a69cf03f078f52a555a0a84abdbdbb25bc55538b2a5a3974,8,both,True,True
TRAIN,2e4a3964-d452-21a0-9de5-4f7895499143,822ea3c139a05f39a69cf03f078f52a555a0a84abdbdbb25bc55538b2a5a3974,11,both,True,True
TRAIN,2e4a3964-d452-21a0-9de5-4f7895499143,822ea3c139a05f39a69cf03f078f52a555a0a84abdbdbb25bc55538b2a5a3974,15,both,True,True
TRAIN,2e4a3964-d452-21a0-9de5-4f7895499143,822ea3c139a05f39a69cf03f078f52a555a0a84abdbdbb25bc55538b2a5a3974,22,both,True,True
TRAIN,2e4a3964-d452-21a0-9de5-4f7895499143,822ea3c139a05f39a69cf03f078f52a555a0a84abdbdbb25bc55538b2a5a3974,23,both,True,True
TRAIN,2e4a3964-d452-21a0-9de5-4f7895499143,822ea3c139a05f39a69cf03f078f52a555a0a84abdbdbb25bc55538b2a5a3974,24,both,True,True
TRAIN,2e4a3964-d452-21a0-9de5-4f7895499143,4e3af112140e3c1cefd8ecffad7e3132a5d34183baf4a8a9c5df884c3a93815e,3,both,True,True
TRAIN,2e4a3964-d452-21a0-9de5-4f7895499143,4e3af112140e3c1cefd8ecffad7e3132a5d34183baf4a8a9c5df884c3a93815e,6,disappeared,True,False
TRAIN,2e4a3964-d452-21a0-9de5-4f7895499143,4e3af112140e3c1cefd8ecffad7e3132a5d34183baf4a8a9c5df884c3a93815e,8,both,True,True
TRAIN,2e4a3964-d452-21a0-9de5-4f7895499143,4e3af112140e3c1cefd8ecffad7e3132a5d34183baf4a8a9c5df884c3a93815e,11,disappeared,True,False
TRAIN,2e4a3964-d452-21a0-9de5-4f7895499143,4e3af112140e3c1cefd8ecffad7e3132a5d34183baf4a8a9c5df884c3a93815e,15,both,True,True
TRAIN,2e4a3964-d452-21a0-9de5-4f7895499143,4e3af112140e3c1cefd8ecffad7e3132a5d34183baf4a8a9c5df884c3a93815e,22,both,True,True
TRAIN,2e4a3964-d452-21a0-9de5-4f7895499143,4e3af112140e3c1cefd8ecffad7e3132a5d34183baf4a8a9c5df884c3a93815e,23,both,True,True
TRAIN,2e4a3964-d452-21a0-9de5-4f7895499143,4e3af112140e3c1cefd8ecffad7e3132a5d34183baf4a8a9c5df884c3a93815e,24,both,True,True
TRAIN,2e4a3964-d452-21a0-9de5-4f7895499143,801ca39d6b0f9bdd0f34fa087e2a3298e2acd4b1da72ccf94eff00c035e99f64,3,both,True,True
TRAIN,2e4a3964-d452-21a0-9de5-4f7895499143,801ca39d6b0f9bdd0f34fa087e2a3298e2acd4b1da72ccf94eff00c035e99f64,6,both,True,True
TRAIN,2e4a3964-d452-21a0-9de5-4f7895499143,801ca39d6b0f9bdd0f34fa087e2a3298e2acd4b1da72ccf94eff00c035e99f64,8,appeared,False,True
TRAIN,2e4a3964-d452-21a0-9de5-4f7895499143,801ca39d6b0f9bdd0f34fa087e2a3298e2acd4b1da72ccf94eff00c035e99f64,11,both,True,True
TRAIN,2e4a3964-d452-21a0-9de5-4f7895499143,801ca39d6b0f9bdd0f34fa087e2a3298e2acd4b1da72ccf94eff00c035e99f64,15,both,True,True
TRAIN,2e4a3964-d452-21a0-9de5-4f7895499143,801ca39d6b0f9bdd0f34fa087e2a3298e2acd4b1da72ccf94eff00c035e99f64,22,both,True,True
TRAIN,2e4a3964-d452-21a0-9de5-4f7895499143,801ca39d6b0f9bdd0f34fa087e2a3298e2acd4b1da72ccf94eff00c035e99f64,23,both,True,True
TRAIN,2e4a3964-d452-21a0-9de5-4f7895499143,801ca39d6b0f9bdd0f34fa087e2a3298e2acd4b1da72ccf94eff00c035e99f64,24,both,True,True
TRAIN,2e4a3964-d452-21a0-9de5-4f7895499143,801ca39d6b0f9bdd0f34fa087e2a3298e2acd4b1da72ccf94eff00c035e99f64,40,disappeared,True,False
TRAIN,0f2f271b-b736-2f71-8f3a-e9265463abcb,b421dba6e2e69de6925ea56fe3b950193d96070c6828590512c501840a317cda,3,both,True,True
TRAIN,0f2f271b-b736-2f71-8f3a-e9265463abcb,b421dba6e2e69de6925ea56fe3b950193d96070c6828590512c501840a317cda,9,both,True,True
TRAIN,0f2f271b-b736-2f71-8f3a-e9265463abcb,b421dba6e2e69de6925ea56fe3b950193d96070c6828590512c501840a317cda,14,both,True,True
TRAIN,0f2f271b-b736-2f71-8f3a-e9265463abcb,b421dba6e2e69de6925ea56fe3b950193d96070c6828590512c501840a317cda,15,both,True,True
TRAIN,0f2f271b-b736-2f71-8f3a-e9265463abcb,b421dba6e2e69de6925ea56fe3b950193d96070c6828590512c501840a317cda,16,both,True,True
TRAIN,0f2f271b-b736-2f71-8f3a-e9265463abcb,b421dba6e2e69de6925ea56fe3b950193d96070c6828590512c501840a317cda,18,both,True,True
TRAIN,0f2f271b-b736-2f71-8f3a-e9265463abcb,b421dba6e2e69de6925ea56fe3b950193d96070c6828590512c501840a317cda,21,both,True,True
TRAIN,0f2f271b-b736-2f71-8f3a-e9265463abcb,b421dba6e2e69de6925ea56fe3b950193d96070c6828590512c501840a317cda,22,both,True,True
TRAIN,0f2f271b-b736-2f71-8f3a-e9265463abcb,b421dba6e2e69de6925ea56fe3b950193d96070c6828590512c501840a317cda,23,both,True,True
TRAIN,0f2f271b-b736-2f71-8f3a-e9265463abcb,b421dba6e2e69de6925ea56fe3b950193d96070c6828590512c501840a317cda,24,both,True,True
TRAIN,0f2f271b-b736-2f71-8f3a-e9265463abcb,b421dba6e2e69de6925ea56fe3b950193d96070c6828590512c501840a317cda,41,both,True,True
TRAIN,0f2f271b-b736-2f71-8f3a-e9265463abcb,6d4922e411f9bc519ba45cffa325eda31ddd45092fe1e7c414d1d8d66360f4b4,3,both,True,True
TRAIN,0f2f271b-b736-2f71-8f3a-e9265463abcb,6d4922e411f9bc519ba45cffa325eda31ddd45092fe1e7c414d1d8d66360f4b4,9,both,True,True
TRAIN,0f2f271b-b736-2f71-8f3a-e9265463abcb,6d4922e411f9bc519ba45cffa325eda31ddd45092fe1e7c414d1d8d66360f4b4,14,both,True,True
TRAIN,0f2f271b-b736-2f71-8f3a-e9265463abcb,6d4922e411f9bc519ba45cffa325eda31ddd45092fe1e7c414d1d8d66360f4b4,15,both,True,True
TRAIN,0f2f271b-b736-2f71-8f3a-e9265463abcb,6d4922e411f9bc519ba45cffa325eda31ddd45092fe1e7c414d1d8d66360f4b4,16,both,True,True
TRAIN,0f2f271b-b736-2f71-8f3a-e9265463abcb,6d4922e411f9bc519ba45cffa325eda31ddd45092fe1e7c414d1d8d66360f4b4,18,both,True,True
TRAIN,0f2f271b-b736-2f71-8f3a-e9265463abcb,6d4922e411f9bc519ba45cffa325eda31ddd45092fe1e7c414d1d8d66360f4b4,21,both,True,True
TRAIN,0f2f271b-b736-2f71-8f3a-e9265463abcb,6d4922e411f9bc519ba45cffa325eda31ddd45092fe1e7c414d1d8d66360f4b4,22,both,True,True
TRAIN,0f2f271b-b736-2f71-8f3a-e9265463abcb,6d4922e411f9bc519ba45cffa325eda31ddd45092fe1e7c414d1d8d66360f4b4,23,both,True,True
TRAIN,0f2f271b-b736-2f71-8f3a-e9265463abcb,6d4922e411f9bc519ba45cffa325eda31ddd45092fe1e7c414d1d8d66360f4b4,24,both,True,True
TRAIN,0f2f271b-b736-2f71-8f3a-e9265463abcb,6d4922e411f9bc519ba45cffa325eda31ddd45092fe1e7c414d1d8d66360f4b4,41,both,True,True
TRAIN,0f2f271b-b736-2f71-8f3a-e9265463abcb,3ae09cb50fbf616ffd0fed352f729068db7cf9738d79a9107152adab2be08760,3,both,True,True
TRAIN,0f2f271b-b736-2f71-8f3a-e9265463abcb,3ae09cb50fbf616ffd0fed352f729068db7cf9738d79a9107152adab2be08760,9,both,True,True
TRAIN,0f2f271b-b736-2f71-8f3a-e9265463abcb,3ae09cb50fbf616ffd0fed352f729068db7cf9738d79a9107152adab2be08760,14,both,True,True
TRAIN,0f2f271b-b736-2f71-8f3a-e9265463abcb,3ae09cb50fbf616ffd0fed352f729068db7cf9738d79a9107152adab2be08760,15,both,True,True
TRAIN,0f2f271b-b736-2f71-8f3a-e9265463abcb,3ae09cb50fbf616ffd0fed352f729068db7cf9738d79a9107152adab2be08760,16,both,True,True
TRAIN,0f2f271b-b736-2f71-8f3a-e9265463abcb,3ae09cb50fbf616ffd0fed352f729068db7cf9738d79a9107152adab2be08760,18,both,True,True
TRAIN,0f2f271b-b736-2f71-8f3a-e9265463abcb,3ae09cb50fbf616ffd0fed352f729068db7cf9738d79a9107152adab2be08760,21,both,True,True
TRAIN,0f2f271b-b736-2f71-8f3a-e9265463abcb,3ae09cb50fbf616ffd0fed352f729068db7cf9738d79a9107152adab2be08760,22,both,True,True
TRAIN,0f2f271b-b736-2f71-8f3a-e9265463abcb,3ae09cb50fbf616ffd0fed352f729068db7cf9738d79a9107152adab2be08760,23,both,True,True
TRAIN,0f2f271b-b736-2f71-8f3a-e9265463abcb,3ae09cb50fbf616ffd0fed352f729068db7cf9738d79a9107152adab2be08760,24,both,True,True
TRAIN,0f2f271b-b736-2f71-8f3a-e9265463abcb,3ae09cb50fbf616ffd0fed352f729068db7cf9738d79a9107152adab2be08760,41,both,True,True
TRAIN,0f2f271b-b736-2f71-8f3a-e9265463abcb,1fad24ba78ce937bd9f7cfc2cabfb607f787fd8298b334e9376aa5de63798927,3,both,True,True
TRAIN,0f2f271b-b736-2f71-8f3a-e9265463abcb,1fad24ba78ce937bd9f7cfc2cabfb607f787fd8298b334e9376aa5de63798927,9,both,True,True
TRAIN,0f2f271b-b736-2f71-8f3a-e9265463abcb,1fad24ba78ce937bd9f7cfc2cabfb607f787fd8298b334e9376aa5de63798927,14,both,True,True
TRAIN,0f2f271b-b736-2f71-8f3a-e9265463abcb,1fad24ba78ce937bd9f7cfc2cabfb607f787fd8298b334e9376aa5de63798927,15,both,True,True
TRAIN,0f2f271b-b736-2f71-8f3a-e9265463abcb,1fad24ba78ce937bd9f7cfc2cabfb607f787fd8298b334e9376aa5de63798927,16,both,True,True
TRAIN,0f2f271b-b736-2f71-8f3a-e9265463abcb,1fad24ba78ce937bd9f7cfc2cabfb607f787fd8298b334e9376aa5de63798927,18,both,True,True
TRAIN,0f2f271b-b736-2f71-8f3a-e9265463abcb,1fad24ba78ce937bd9f7cfc2cabfb607f787fd8298b334e9376aa5de63798927,21,both,True,True
TRAIN,0f2f271b-b736-2f71-8f3a-e9265463abcb,1fad24ba78ce937bd9f7cfc2cabfb607f787fd8298b334e9376aa5de63798927,22,both,True,True
TRAIN,0f2f271b-b736-2f71-8f3a-e9265463abcb,1fad24ba78ce937bd9f7cfc2cabfb607f787fd8298b334e9376aa5de63798927,23,both,True,True
TRAIN,0f2f271b-b736-2f71-8f3a-e9265463abcb,1fad24ba78ce937bd9f7cfc2cabfb607f787fd8298b334e9376aa5de63798927,24,both,True,True
TRAIN,0f2f271b-b736-2f71-8f3a-e9265463abcb,1fad24ba78ce937bd9f7cfc2cabfb607f787fd8298b334e9376aa5de63798927,41,both,True,True
TRAIN,569d8f1e-72aa-2f24-8a3e-837f59c9e1dc,0828574f84bdcb3fff16893fffcea3b97e84f6b533965acfdc794b5c29a86e1a,7,both,True,True
TRAIN,569d8f1e-72aa-2f24-8a3e-837f59c9e1dc,0828574f84bdcb3fff16893fffcea3b97e84f6b533965acfdc794b5c29a86e1a,8,both,True,True
TRAIN,569d8f1e-72aa-2f24-8a3e-837f59c9e1dc,0828574f84bdcb3fff16893fffcea3b97e84f6b533965acfdc794b5c29a86e1a,9,both,True,True
TRAIN,569d8f1e-72aa-2f24-8a3e-837f59c9e1dc,0828574f84bdcb3fff16893fffcea3b97e84f6b533965acfdc794b5c29a86e1a,10,both,True,True
TRAIN,569d8f1e-72aa-2f24-8a3e-837f59c9e1dc,0828574f84bdcb3fff16893fffcea3b97e84f6b533965acfdc794b5c29a86e1a,11,both,True,True
TRAIN,569d8f1e-72aa-2f24-8a3e-837f59c9e1dc,0828574f84bdcb3fff16893fffcea3b97e84f6b533965acfdc794b5c29a86e1a,12,both,True,True
TRAIN,569d8f1e-72aa-2f24-8a3e-837f59c9e1dc,0828574f84bdcb3fff16893fffcea3b97e84f6b533965acfdc794b5c29a86e1a,13,both,True,True
TRAIN,569d8f1e-72aa-2f24-8a3e-837f59c9e1dc,0828574f84bdcb3fff16893fffcea3b97e84f6b533965acfdc794b5c29a86e1a,14,both,True,True
TRAIN,569d8f1e-72aa-2f24-8a3e-837f59c9e1dc,0828574f84bdcb3fff16893fffcea3b97e84f6b533965acfdc794b5c29a86e1a,15,both,True,True
TRAIN,569d8f1e-72aa-2f24-8a3e-837f59c9e1dc,0828574f84bdcb3fff16893fffcea3b97e84f6b533965acfdc794b5c29a86e1a,16,both,True,True
TRAIN,569d8f1e-72aa-2f24-8a3e-837f59c9e1dc,0828574f84bdcb3fff16893fffcea3b97e84f6b533965acfdc794b5c29a86e1a,25,appeared,False,True
TRAIN,569d8f1e-72aa-2f24-8a3e-837f59c9e1dc,0828574f84bdcb3fff16893fffcea3b97e84f6b533965acfdc794b5c29a86e1a,30,appeared,False,True
TRAIN,569d8f1e-72aa-2f24-8a3e-837f59c9e1dc,0828574f84bdcb3fff16893fffcea3b97e84f6b533965acfdc794b5c29a86e1a,31,both,True,True
TRAIN,569d8f1e-72aa-2f24-8a3e-837f59c9e1dc,0828574f84bdcb3fff16893fffcea3b97e84f6b533965acfdc794b5c29a86e1a,37,appeared,False,True
TRAIN,569d8f1e-72aa-2f24-8a3e-837f59c9e1dc,5c92e164bb055d757905fa1ba485b0ebee07a25e7aa75b665e1c8668e7214702,7,both,True,True
TRAIN,569d8f1e-72aa-2f24-8a3e-837f59c9e1dc,5c92e164bb055d757905fa1ba485b0ebee07a25e7aa75b665e1c8668e7214702,8,both,True,True
TRAIN,569d8f1e-72aa-2f24-8a3e-837f59c9e1dc,5c92e164bb055d757905fa1ba485b0ebee07a25e7aa75b665e1c8668e7214702,9,both,True,True
TRAIN,569d8f1e-72aa-2f24-8a3e-837f59c9e1dc,5c92e164bb055d757905fa1ba485b0ebee07a25e7aa75b665e1c8668e7214702,10,both,True,True
TRAIN,569d8f1e-72aa-2f24-8a3e-837f59c9e1dc,5c92e164bb055d757905fa1ba485b0ebee07a25e7aa75b665e1c8668e7214702,11,both,True,True
TRAIN,569d8f1e-72aa-2f24-8a3e-837f59c9e1dc,5c92e164bb055d757905fa1ba485b0ebee07a25e7aa75b665e1c8668e7214702,12,both,True,True
TRAIN,569d8f1e-72aa-2f24-8a3e-837f59c9e1dc,5c92e164bb055d757905fa1ba485b0ebee07a25e7aa75b665e1c8668e7214702,13,both,True,True
TRAIN,569d8f1e-72aa-2f24-8a3e-837f59c9e1dc,5c92e164bb055d757905fa1ba485b0ebee07a25e7aa75b665e1c8668e7214702,14,both,True,True
TRAIN,569d8f1e-72aa-2f24-8a3e-837f59c9e1dc,5c92e164bb055d757905fa1ba485b0ebee07a25e7aa75b665e1c8668e7214702,15,both,True,True
TRAIN,569d8f1e-72aa-2f24-8a3e-837f59c9e1dc,5c92e164bb055d757905fa1ba485b0ebee07a25e7aa75b665e1c8668e7214702,16,both,True,True
TRAIN,569d8f1e-72aa-2f24-8a3e-837f59c9e1dc,5c92e164bb055d757905fa1ba485b0ebee07a25e7aa75b665e1c8668e7214702,30,disappeared,True,False
TRAIN,569d8f1e-72aa-2f24-8a3e-837f59c9e1dc,5c92e164bb055d757905fa1ba485b0ebee07a25e7aa75b665e1c8668e7214702,31,both,True,True
TRAIN,569d8f1e-72aa-2f24-8a3e-837f59c9e1dc,5c92e164bb055d757905fa1ba485b0ebee07a25e7aa75b665e1c8668e7214702,37,disappeared,True,False
TRAIN,569d8f1e-72aa-2f24-8a3e-837f59c9e1dc,ba287c1a5431110e756d7615d88eec0a3bacfe7e88af5490ef2a4700fc3e0981,7,both,True,True
TRAIN,569d8f1e-72aa-2f24-8a3e-837f59c9e1dc,ba287c1a5431110e756d7615d88eec0a3bacfe7e88af5490ef2a4700fc3e0981,8,both,True,True
TRAIN,569d8f1e-72aa-2f24-8a3e-837f59c9e1dc,ba287c1a5431110e756d7615d88eec0a3bacfe7e88af5490ef2a4700fc3e0981,9,both,True,True
TRAIN,569d8f1e-72aa-2f24-8a3e-837f59c9e1dc,ba287c1a5431110e756d7615d88eec0a3bacfe7e88af5490ef2a4700fc3e0981,10,both,True,True
TRAIN,569d8f1e-72aa-2f24-8a3e-837f59c9e1dc,ba287c1a5431110e756d7615d88eec0a3bacfe7e88af5490ef2a4700fc3e0981,11,both,True,True
TRAIN,569d8f1e-72aa-2f24-8a3e-837f59c9e1dc,ba287c1a5431110e756d7615d88eec0a3bacfe7e88af5490ef2a4700fc3e0981,12,both,True,True
TRAIN,569d8f1e-72aa-2f24-8a3e-837f59c9e1dc,ba287c1a5431110e756d7615d88eec0a3bacfe7e88af5490ef2a4700fc3e0981,13,both,True,True
TRAIN,569d8f1e-72aa-2f24-8a3e-837f59c9e1dc,ba287c1a5431110e756d7615d88eec0a3bacfe7e88af5490ef2a4700fc3e0981,14,both,True,True
TRAIN,569d8f1e-72aa-2f24-8a3e-837f59c9e1dc,ba287c1a5431110e756d7615d88eec0a3bacfe7e88af5490ef2a4700fc3e0981,15,both,True,True
TRAIN,569d8f1e-72aa-2f24-8a3e-837f59c9e1dc,ba287c1a5431110e756d7615d88eec0a3bacfe7e88af5490ef2a4700fc3e0981,16,both,True,True
TRAIN,569d8f1e-72aa-2f24-8a3e-837f59c9e1dc,ba287c1a5431110e756d7615d88eec0a3bacfe7e88af5490ef2a4700fc3e0981,25,both,True,True
TRAIN,569d8f1e-72aa-2f24-8a3e-837f59c9e1dc,ba287c1a5431110e756d7615d88eec0a3bacfe7e88af5490ef2a4700fc3e0981,30,both,True,True
TRAIN,569d8f1e-72aa-2f24-8a3e-837f59c9e1dc,ba287c1a5431110e756d7615d88eec0a3bacfe7e88af5490ef2a4700fc3e0981,31,both,True,True
TRAIN,569d8f1e-72aa-2f24-8a3e-837f59c9e1dc,ba287c1a5431110e756d7615d88eec0a3bacfe7e88af5490ef2a4700fc3e0981,37,both,True,True
TRAIN,0958220d-e2c2-2de1-9710-c37018da1883,72025e69f143a083f7ba1aa951fdcb532c20659b09ad66bc8aa22e6976537aa8,4,both,True,True
TRAIN,0958220d-e2c2-2de1-9710-c37018da1883,72025e69f143a083f7ba1aa951fdcb532c20659b09ad66bc8aa22e6976537aa8,6,both,True,True
TRAIN,0958220d-e2c2-2de1-9710-c37018da1883,72025e69f143a083f7ba1aa951fdcb532c20659b09ad66bc8aa22e6976537aa8,8,both,True,True
TRAIN,0958220d-e2c2-2de1-9710-c37018da1883,72025e69f143a083f7ba1aa951fdcb532c20659b09ad66bc8aa22e6976537aa8,15,both,True,True
TRAIN,0958220d-e2c2-2de1-9710-c37018da1883,72025e69f143a083f7ba1aa951fdcb532c20659b09ad66bc8aa22e6976537aa8,18,disappeared,True,False
TRAIN,0958220d-e2c2-2de1-9710-c37018da1883,72025e69f143a083f7ba1aa951fdcb532c20659b09ad66bc8aa22e6976537aa8,21,appeared,False,True
TRAIN,0958220d-e2c2-2de1-9710-c37018da1883,7dd65d61749a209f843fc19ce9122505ae558eb2f83658c2319ad84f0ab9260f,4,both,True,True
TRAIN,0958220d-e2c2-2de1-9710-c37018da1883,7dd65d61749a209f843fc19ce9122505ae558eb2f83658c2319ad84f0ab9260f,6,both,True,True
TRAIN,0958220d-e2c2-2de1-9710-c37018da1883,7dd65d61749a209f843fc19ce9122505ae558eb2f83658c2319ad84f0ab9260f,8,both,True,True
TRAIN,0958220d-e2c2-2de1-9710-c37018da1883,7dd65d61749a209f843fc19ce9122505ae558eb2f83658c2319ad84f0ab9260f,15,both,True,True
TRAIN,0958220d-e2c2-2de1-9710-c37018da1883,7dd65d61749a209f843fc19ce9122505ae558eb2f83658c2319ad84f0ab9260f,17,appeared,False,True
TRAIN,0958220d-e2c2-2de1-9710-c37018da1883,7dd65d61749a209f843fc19ce9122505ae558eb2f83658c2319ad84f0ab9260f,21,both,True,True
TRAIN,0958220d-e2c2-2de1-9710-c37018da1883,f18af76648f31836fd3c6fa1cacc56a337a5ff818cfd6682a06e066fdc8ff9d8,4,both,True,True
TRAIN,0958220d-e2c2-2de1-9710-c37018da1883,f18af76648f31836fd3c6fa1cacc56a337a5ff818cfd6682a06e066fdc8ff9d8,6,both,True,True
TRAIN,0958220d-e2c2-2de1-9710-c37018da1883,f18af76648f31836fd3c6fa1cacc56a337a5ff818cfd6682a06e066fdc8ff9d8,8,both,True,True
TRAIN,0958220d-e2c2-2de1-9710-c37018da1883,f18af76648f31836fd3c6fa1cacc56a337a5ff818cfd6682a06e066fdc8ff9d8,15,both,True,True
TRAIN,0958220d-e2c2-2de1-9710-c37018da1883,f18af76648f31836fd3c6fa1cacc56a337a5ff818cfd6682a06e066fdc8ff9d8,17,both,True,True
TRAIN,0958220d-e2c2-2de1-9710-c37018da1883,f18af76648f31836fd3c6fa1cacc56a337a5ff818cfd6682a06e066fdc8ff9d8,21,both,True,True
TRAIN,0958220d-e2c2-2de1-9710-c37018da1883,05b0ddcb1e806a6d8fd88c4c0300a5e190284119f0ad7f7c7be8fda7633ec271,4,both,True,True
TRAIN,0958220d-e2c2-2de1-9710-c37018da1883,05b0ddcb1e806a6d8fd88c4c0300a5e190284119f0ad7f7c7be8fda7633ec271,6,both,True,True
TRAIN,0958220d-e2c2-2de1-9710-c37018da1883,05b0ddcb1e806a6d8fd88c4c0300a5e190284119f0ad7f7c7be8fda7633ec271,8,both,True,True
TRAIN,0958220d-e2c2-2de1-9710-c37018da1883,05b0ddcb1e806a6d8fd88c4c0300a5e190284119f0ad7f7c7be8fda7633ec271,15,both,True,True
TRAIN,0958220d-e2c2-2de1-9710-c37018da1883,05b0ddcb1e806a6d8fd88c4c0300a5e190284119f0ad7f7c7be8fda7633ec271,17,disappeared,True,False
TRAIN,0958220d-e2c2-2de1-9710-c37018da1883,05b0ddcb1e806a6d8fd88c4c0300a5e190284119f0ad7f7c7be8fda7633ec271,18,appeared,False,True
TRAIN,0958220d-e2c2-2de1-9710-c37018da1883,05b0ddcb1e806a6d8fd88c4c0300a5e190284119f0ad7f7c7be8fda7633ec271,21,disappeared,True,False
TRAIN,6bde605b-9162-246f-8f73-3a0e3627db01,67d48aa9cc425a29d6233b6f8096a96a669b3bf9cd2b520c9823a6f248a61a4c,8,both,True,True
TRAIN,6bde605b-9162-246f-8f73-3a0e3627db01,67d48aa9cc425a29d6233b6f8096a96a669b3bf9cd2b520c9823a6f248a61a4c,9,both,True,True
TRAIN,6bde605b-9162-246f-8f73-3a0e3627db01,67d48aa9cc425a29d6233b6f8096a96a669b3bf9cd2b520c9823a6f248a61a4c,12,both,True,True
TRAIN,6bde605b-9162-246f-8f73-3a0e3627db01,67d48aa9cc425a29d6233b6f8096a96a669b3bf9cd2b520c9823a6f248a61a4c,15,both,True,True
TRAIN,6bde605b-9162-246f-8f73-3a0e3627db01,67d48aa9cc425a29d6233b6f8096a96a669b3bf9cd2b520c9823a6f248a61a4c,18,both,True,True
TRAIN,6bde605b-9162-246f-8f73-3a0e3627db01,b28dc4ca3459ec4f18253b88260b3e1aa0f0c36c14643a983aaa3bc36d731898,8,both,True,True
TRAIN,6bde605b-9162-246f-8f73-3a0e3627db01,b28dc4ca3459ec4f18253b88260b3e1aa0f0c36c14643a983aaa3bc36d731898,9,both,True,True
TRAIN,6bde605b-9162-246f-8f73-3a0e3627db01,b28dc4ca3459ec4f18253b88260b3e1aa0f0c36c14643a983aaa3bc36d731898,12,both,True,True
TRAIN,6bde605b-9162-246f-8f73-3a0e3627db01,b28dc4ca3459ec4f18253b88260b3e1aa0f0c36c14643a983aaa3bc36d731898,15,both,True,True
TRAIN,6bde605b-9162-246f-8f73-3a0e3627db01,b28dc4ca3459ec4f18253b88260b3e1aa0f0c36c14643a983aaa3bc36d731898,18,both,True,True
TRAIN,6bde605b-9162-246f-8f73-3a0e3627db01,069420c735e510ac8a5428877dbb651ed28d3555e78f8004534ee89ca589aac9,8,both,True,True
TRAIN,6bde605b-9162-246f-8f73-3a0e3627db01,069420c735e510ac8a5428877dbb651ed28d3555e78f8004534ee89ca589aac9,9,both,True,True
TRAIN,6bde605b-9162-246f-8f73-3a0e3627db01,069420c735e510ac8a5428877dbb651ed28d3555e78f8004534ee89ca589aac9,12,both,True,True
TRAIN,6bde605b-9162-246f-8f73-3a0e3627db01,069420c735e510ac8a5428877dbb651ed28d3555e78f8004534ee89ca589aac9,15,both,True,True
TRAIN,6bde605b-9162-246f-8f73-3a0e3627db01,069420c735e510ac8a5428877dbb651ed28d3555e78f8004534ee89ca589aac9,18,both,True,True
TRAIN,6bde605b-9162-246f-8f73-3a0e3627db01,d27993f57197c82c6365c5121648c7a9a73418b56ff9dd5da6379ab10ccf97ee,8,both,True,True
TRAIN,6bde605b-9162-246f-8f73-3a0e3627db01,d27993f57197c82c6365c5121648c7a9a73418b56ff9dd5da6379ab10ccf97ee,9,both,True,True
TRAIN,6bde605b-9162-246f-8f73-3a0e3627db01,d27993f57197c82c6365c5121648c7a9a73418b56ff9dd5da6379ab10ccf97ee,12,both,True,True
TRAIN,6bde605b-9162-246f-8f73-3a0e3627db01,d27993f57197c82c6365c5121648c7a9a73418b56ff9dd5da6379ab10ccf97ee,15,both,True,True
TRAIN,6bde605b-9162-246f-8f73-3a0e3627db01,d27993f57197c82c6365c5121648c7a9a73418b56ff9dd5da6379ab10ccf97ee,18,both,True,True
TRAIN,1d234006-e280-2b1a-8e34-b2f670259e8d,e34cb2b83613c33a3d14499c34f0b1d07a719f1f6bfbb37b6bb22d32a1c61a08,2,both,True,True
TRAIN,1d234006-e280-2b1a-8e34-b2f670259e8d,e34cb2b83613c33a3d14499c34f0b1d07a719f1f6bfbb37b6bb22d32a1c61a08,8,both,True,True
TRAIN,1d234006-e280-2b1a-8e34-b2f670259e8d,e34cb2b83613c33a3d14499c34f0b1d07a719f1f6bfbb37b6bb22d32a1c61a08,11,both,True,True
TRAIN,1d234006-e280-2b1a-8e34-b2f670259e8d,c77401d7fc7dc2721939a7fc9d0d0ca25bb02d7c1f64f8651c8cce81abb1f39c,2,both,True,True
TRAIN,1d234006-e280-2b1a-8e34-b2f670259e8d,c77401d7fc7dc2721939a7fc9d0d0ca25bb02d7c1f64f8651c8cce81abb1f39c,8,both,True,True
TRAIN,1d234006-e280-2b1a-8e34-b2f670259e8d,c77401d7fc7dc2721939a7fc9d0d0ca25bb02d7c1f64f8651c8cce81abb1f39c,11,both,True,True
TRAIN,1d234006-e280-2b1a-8e34-b2f670259e8d,5bd9ad40e616f953061b4e6f60ca9fe86a1ff77b841beafe6892239ca082caa7,2,both,True,True
TRAIN,1d234006-e280-2b1a-8e34-b2f670259e8d,5bd9ad40e616f953061b4e6f60ca9fe86a1ff77b841beafe6892239ca082caa7,8,both,True,True
TRAIN,1d234006-e280-2b1a-8e34-b2f670259e8d,5bd9ad40e616f953061b4e6f60ca9fe86a1ff77b841beafe6892239ca082caa7,11,both,True,True
TRAIN,1d233ffe-e280-2b1a-8f1e-7ddb66c98d36,961f98ef282aa7dc6e26b40923ecdcbff2dd8408256e45a6794da59957862f9a,5,appeared,False,True
TRAIN,1d233ffe-e280-2b1a-8f1e-7ddb66c98d36,961f98ef282aa7dc6e26b40923ecdcbff2dd8408256e45a6794da59957862f9a,6,both,True,True
TRAIN,1d233ffe-e280-2b1a-8f1e-7ddb66c98d36,961f98ef282aa7dc6e26b40923ecdcbff2dd8408256e45a6794da59957862f9a,7,both,True,True
TRAIN,1d233ffe-e280-2b1a-8f1e-7ddb66c98d36,961f98ef282aa7dc6e26b40923ecdcbff2dd8408256e45a6794da59957862f9a,8,both,True,True
TRAIN,1d233ffe-e280-2b1a-8f1e-7ddb66c98d36,961f98ef282aa7dc6e26b40923ecdcbff2dd8408256e45a6794da59957862f9a,9,both,True,True
TRAIN,1d233ffe-e280-2b1a-8f1e-7ddb66c98d36,961f98ef282aa7dc6e26b40923ecdcbff2dd8408256e45a6794da59957862f9a,11,both,True,True
TRAIN,1d233ffe-e280-2b1a-8f1e-7ddb66c98d36,961f98ef282aa7dc6e26b40923ecdcbff2dd8408256e45a6794da59957862f9a,12,both,True,True
TRAIN,1d233ffe-e280-2b1a-8f1e-7ddb66c98d36,961f98ef282aa7dc6e26b40923ecdcbff2dd8408256e45a6794da59957862f9a,13,both,True,True
TRAIN,1d233ffe-e280-2b1a-8f1e-7ddb66c98d36,961f98ef282aa7dc6e26b40923ecdcbff2dd8408256e45a6794da59957862f9a,15,both,True,True
TRAIN,1d233ffe-e280-2b1a-8f1e-7ddb66c98d36,961f98ef282aa7dc6e26b40923ecdcbff2dd8408256e45a6794da59957862f9a,17,both,True,True
TRAIN,1d233ffe-e280-2b1a-8f1e-7ddb66c98d36,961f98ef282aa7dc6e26b40923ecdcbff2dd8408256e45a6794da59957862f9a,18,both,True,True
TRAIN,1d233ffe-e280-2b1a-8f1e-7ddb66c98d36,961f98ef282aa7dc6e26b40923ecdcbff2dd8408256e45a6794da59957862f9a,19,both,True,True
TRAIN,1d233ffe-e280-2b1a-8f1e-7ddb66c98d36,961f98ef282aa7dc6e26b40923ecdcbff2dd8408256e45a6794da59957862f9a,20,both,True,True
TRAIN,1d233ffe-e280-2b1a-8f1e-7ddb66c98d36,961f98ef282aa7dc6e26b40923ecdcbff2dd8408256e45a6794da59957862f9a,21,both,True,True
TRAIN,1d233ffe-e280-2b1a-8f1e-7ddb66c98d36,961f98ef282aa7dc6e26b40923ecdcbff2dd8408256e45a6794da59957862f9a,23,both,True,True
TRAIN,1d233ffe-e280-2b1a-8f1e-7ddb66c98d36,961f98ef282aa7dc6e26b40923ecdcbff2dd8408256e45a6794da59957862f9a,24,both,True,True
TRAIN,1d233ffe-e280-2b1a-8f1e-7ddb66c98d36,961f98ef282aa7dc6e26b40923ecdcbff2dd8408256e45a6794da59957862f9a,32,both,True,True
TRAIN,1d233ffe-e280-2b1a-8f1e-7ddb66c98d36,961f98ef282aa7dc6e26b40923ecdcbff2dd8408256e45a6794da59957862f9a,33,both,True,True
TRAIN,1d233ffe-e280-2b1a-8f1e-7ddb66c98d36,961f98ef282aa7dc6e26b40923ecdcbff2dd8408256e45a6794da59957862f9a,34,both,True,True
TRAIN,1d233ffe-e280-2b1a-8f1e-7ddb66c98d36,961f98ef282aa7dc6e26b40923ecdcbff2dd8408256e45a6794da59957862f9a,37,both,True,True
TRAIN,1d233ffe-e280-2b1a-8f1e-7ddb66c98d36,961f98ef282aa7dc6e26b40923ecdcbff2dd8408256e45a6794da59957862f9a,38,both,True,True
TRAIN,1d233ffe-e280-2b1a-8f1e-7ddb66c98d36,961f98ef282aa7dc6e26b40923ecdcbff2dd8408256e45a6794da59957862f9a,39,both,True,True
TRAIN,1d233ffe-e280-2b1a-8f1e-7ddb66c98d36,961f98ef282aa7dc6e26b40923ecdcbff2dd8408256e45a6794da59957862f9a,40,both,True,True
TRAIN,1d233ffe-e280-2b1a-8f1e-7ddb66c98d36,961f98ef282aa7dc6e26b40923ecdcbff2dd8408256e45a6794da59957862f9a,41,both,True,True
TRAIN,1d233ffe-e280-2b1a-8f1e-7ddb66c98d36,961f98ef282aa7dc6e26b40923ecdcbff2dd8408256e45a6794da59957862f9a,43,both,True,True
TRAIN,1d233ffe-e280-2b1a-8f1e-7ddb66c98d36,961f98ef282aa7dc6e26b40923ecdcbff2dd8408256e45a6794da59957862f9a,46,both,True,True
TRAIN,1d233ffe-e280-2b1a-8f1e-7ddb66c98d36,961f98ef282aa7dc6e26b40923ecdcbff2dd8408256e45a6794da59957862f9a,51,appeared,False,True
TRAIN,1d233ffe-e280-2b1a-8f1e-7ddb66c98d36,961f98ef282aa7dc6e26b40923ecdcbff2dd8408256e45a6794da59957862f9a,53,appeared,False,True
TRAIN,1d233ffe-e280-2b1a-8f1e-7ddb66c98d36,961f98ef282aa7dc6e26b40923ecdcbff2dd8408256e45a6794da59957862f9a,56,appeared,False,True
TRAIN,1d233ffe-e280-2b1a-8f1e-7ddb66c98d36,a8c328f8c89744dfb2cf2a1c3d869c9afe7778b0915428c276b63fd8acabf951,5,disappeared,True,False
TRAIN,1d233ffe-e280-2b1a-8f1e-7ddb66c98d36,a8c328f8c89744dfb2cf2a1c3d869c9afe7778b0915428c276b63fd8acabf951,7,both,True,True
TRAIN,1d233ffe-e280-2b1a-8f1e-7ddb66c98d36,a8c328f8c89744dfb2cf2a1c3d869c9afe7778b0915428c276b63fd8acabf951,8,both,True,True
TRAIN,1d233ffe-e280-2b1a-8f1e-7ddb66c98d36,a8c328f8c89744dfb2cf2a1c3d869c9afe7778b0915428c276b63fd8acabf951,9,both,True,True
TRAIN,1d233ffe-e280-2b1a-8f1e-7ddb66c98d36,a8c328f8c89744dfb2cf2a1c3d869c9afe7778b0915428c276b63fd8acabf951,11,both,True,True
TRAIN,1d233ffe-e280-2b1a-8f1e-7ddb66c98d36,a8c328f8c89744dfb2cf2a1c3d869c9afe7778b0915428c276b63fd8acabf951,12,both,True,True
TRAIN,1d233ffe-e280-2b1a-8f1e-7ddb66c98d36,a8c328f8c89744dfb2cf2a1c3d869c9afe7778b0915428c276b63fd8acabf951,13,both,True,True
TRAIN,1d233ffe-e280-2b1a-8f1e-7ddb66c98d36,a8c328f8c89744dfb2cf2a1c3d869c9afe7778b0915428c276b63fd8acabf951,15,both,True,True
TRAIN,1d233ffe-e280-2b1a-8f1e-7ddb66c98d36,a8c328f8c89744dfb2cf2a1c3d869c9afe7778b0915428c276b63fd8acabf951,17,both,True,True
TRAIN,1d233ffe-e280-2b1a-8f1e-7ddb66c98d36,a8c328f8c89744dfb2cf2a1c3d869c9afe7778b0915428c276b63fd8acabf951,18,both,True,True
TRAIN,1d233ffe-e280-2b1a-8f1e-7ddb66c98d36,a8c328f8c89744dfb2cf2a1c3d869c9afe7778b0915428c276b63fd8acabf951,19,both,True,True
TRAIN,1d233ffe-e280-2b1a-8f1e-7ddb66c98d36,a8c328f8c89744dfb2cf2a1c3d869c9afe7778b0915428c276b63fd8acabf951,20,both,True,True
TRAIN,1d233ffe-e280-2b1a-8f1e-7ddb66c98d36,a8c328f8c89744dfb2cf2a1c3d869c9afe7778b0915428c276b63fd8acabf951,21,both,True,True
TRAIN,1d233ffe-e280-2b1a-8f1e-7ddb66c98d36,a8c328f8c89744dfb2cf2a1c3d869c9afe7778b0915428c276b63fd8acabf951,23,both,True,True
TRAIN,1d233ffe-e280-2b1a-8f1e-7ddb66c98d36,a8c328f8c89744dfb2cf2a1c3d869c9afe7778b0915428c276b63fd8acabf951,24,both,True,True
TRAIN,1d233ffe-e280-2b1a-8f1e-7ddb66c98d36,a8c328f8c89744dfb2cf2a1c3d869c9afe7778b0915428c276b63fd8acabf951,32,both,True,True
TRAIN,1d233ffe-e280-2b1a-8f1e-7ddb66c98d36,a8c328f8c89744dfb2cf2a1c3d869c9afe7778b0915428c276b63fd8acabf951,33,both,True,True
TRAIN,1d233ffe-e280-2b1a-8f1e-7ddb66c98d36,a8c328f8c89744dfb2cf2a1c3d869c9afe7778b0915428c276b63fd8acabf951,34,both,True,True
TRAIN,1d233ffe-e280-2b1a-8f1e-7ddb66c98d36,a8c328f8c89744dfb2cf2a1c3d869c9afe7778b0915428c276b63fd8acabf951,37,both,True,True
TRAIN,1d233ffe-e280-2b1a-8f1e-7ddb66c98d36,a8c328f8c89744dfb2cf2a1c3d869c9afe7778b0915428c276b63fd8acabf951,38,both,True,True
TRAIN,1d233ffe-e280-2b1a-8f1e-7ddb66c98d36,a8c328f8c89744dfb2cf2a1c3d869c9afe7778b0915428c276b63fd8acabf951,39,both,True,True
TRAIN,1d233ffe-e280-2b1a-8f1e-7ddb66c98d36,a8c328f8c89744dfb2cf2a1c3d869c9afe7778b0915428c276b63fd8acabf951,40,both,True,True
TRAIN,1d233ffe-e280-2b1a-8f1e-7ddb66c98d36,a8c328f8c89744dfb2cf2a1c3d869c9afe7778b0915428c276b63fd8acabf951,41,both,True,True
TRAIN,1d233ffe-e280-2b1a-8f1e-7ddb66c98d36,a8c328f8c89744dfb2cf2a1c3d869c9afe7778b0915428c276b63fd8acabf951,43,both,True,True
TRAIN,1d233ffe-e280-2b1a-8f1e-7ddb66c98d36,a8c328f8c89744dfb2cf2a1c3d869c9afe7778b0915428c276b63fd8acabf951,56,disappeared,True,False
TRAIN,1d233ffe-e280-2b1a-8f1e-7ddb66c98d36,acb2bda296c89ee2d8906e490c8c1b9374460622b4c3adfc4f2203699351e927,5,both,True,True
TRAIN,1d233ffe-e280-2b1a-8f1e-7ddb66c98d36,acb2bda296c89ee2d8906e490c8c1b9374460622b4c3adfc4f2203699351e927,6,disappeared,True,False
TRAIN,1d233ffe-e280-2b1a-8f1e-7ddb66c98d36,acb2bda296c89ee2d8906e490c8c1b9374460622b4c3adfc4f2203699351e927,7,both,True,True
TRAIN,1d233ffe-e280-2b1a-8f1e-7ddb66c98d36,acb2bda296c89ee2d8906e490c8c1b9374460622b4c3adfc4f2203699351e927,8,both,True,True
TRAIN,1d233ffe-e280-2b1a-8f1e-7ddb66c98d36,acb2bda296c89ee2d8906e490c8c1b9374460622b4c3adfc4f2203699351e927,9,both,True,True
TRAIN,1d233ffe-e280-2b1a-8f1e-7ddb66c98d36,acb2bda296c89ee2d8906e490c8c1b9374460622b4c3adfc4f2203699351e927,11,both,True,True
TRAIN,1d233ffe-e280-2b1a-8f1e-7ddb66c98d36,acb2bda296c89ee2d8906e490c8c1b9374460622b4c3adfc4f2203699351e927,12,both,True,True
TRAIN,1d233ffe-e280-2b1a-8f1e-7ddb66c98d36,acb2bda296c89ee2d8906e490c8c1b9374460622b4c3adfc4f2203699351e927,13,both,True,True
TRAIN,1d233ffe-e280-2b1a-8f1e-7ddb66c98d36,acb2bda296c89ee2d8906e490c8c1b9374460622b4c3adfc4f2203699351e927,15,both,True,True
TRAIN,1d233ffe-e280-2b1a-8f1e-7ddb66c98d36,acb2bda296c89ee2d8906e490c8c1b9374460622b4c3adfc4f2203699351e927,17,both,True,True
TRAIN,1d233ffe-e280-2b1a-8f1e-7ddb66c98d36,acb2bda296c89ee2d8906e490c8c1b9374460622b4c3adfc4f2203699351e927,18,both,True,True
TRAIN,1d233ffe-e280-2b1a-8f1e-7ddb66c98d36,acb2bda296c89ee2d8906e490c8c1b9374460622b4c3adfc4f2203699351e927,19,both,True,True
TRAIN,1d233ffe-e280-2b1a-8f1e-7ddb66c98d36,acb2bda296c89ee2d8906e490c8c1b9374460622b4c3adfc4f2203699351e927,20,both,True,True
TRAIN,1d233ffe-e280-2b1a-8f1e-7ddb66c98d36,acb2bda296c89ee2d8906e490c8c1b9374460622b4c3adfc4f2203699351e927,21,both,True,True
TRAIN,1d233ffe-e280-2b1a-8f1e-7ddb66c98d36,acb2bda296c89ee2d8906e490c8c1b9374460622b4c3adfc4f2203699351e927,23,both,True,True
TRAIN,1d233ffe-e280-2b1a-8f1e-7ddb66c98d36,acb2bda296c89ee2d8906e490c8c1b9374460622b4c3adfc4f2203699351e927,24,both,True,True
TRAIN,1d233ffe-e280-2b1a-8f1e-7ddb66c98d36,acb2bda296c89ee2d8906e490c8c1b9374460622b4c3adfc4f2203699351e927,32,both,True,True
TRAIN,1d233ffe-e280-2b1a-8f1e-7ddb66c98d36,acb2bda296c89ee2d8906e490c8c1b9374460622b4c3adfc4f2203699351e927,33,both,True,True
TRAIN,1d233ffe-e280-2b1a-8f1e-7ddb66c98d36,acb2bda296c89ee2d8906e490c8c1b9374460622b4c3adfc4f2203699351e927,34,both,True,True
TRAIN,1d233ffe-e280-2b1a-8f1e-7ddb66c98d36,acb2bda296c89ee2d8906e490c8c1b9374460622b4c3adfc4f2203699351e927,37,both,True,True
TRAIN,1d233ffe-e280-2b1a-8f1e-7ddb66c98d36,acb2bda296c89ee2d8906e490c8c1b9374460622b4c3adfc4f2203699351e927,38,both,True,True
TRAIN,1d233ffe-e280-2b1a-8f1e-7ddb66c98d36,acb2bda296c89ee2d8906e490c8c1b9374460622b4c3adfc4f2203699351e927,39,both,True,True
TRAIN,1d233ffe-e280-2b1a-8f1e-7ddb66c98d36,acb2bda296c89ee2d8906e490c8c1b9374460622b4c3adfc4f2203699351e927,40,both,True,True
TRAIN,1d233ffe-e280-2b1a-8f1e-7ddb66c98d36,acb2bda296c89ee2d8906e490c8c1b9374460622b4c3adfc4f2203699351e927,41,both,True,True
TRAIN,1d233ffe-e280-2b1a-8f1e-7ddb66c98d36,acb2bda296c89ee2d8906e490c8c1b9374460622b4c3adfc4f2203699351e927,43,both,True,True
TRAIN,1d233ffe-e280-2b1a-8f1e-7ddb66c98d36,acb2bda296c89ee2d8906e490c8c1b9374460622b4c3adfc4f2203699351e927,46,disappeared,True,False
TRAIN,1d233ffe-e280-2b1a-8f1e-7ddb66c98d36,acb2bda296c89ee2d8906e490c8c1b9374460622b4c3adfc4f2203699351e927,51,disappeared,True,False
TRAIN,1d233ffe-e280-2b1a-8f1e-7ddb66c98d36,acb2bda296c89ee2d8906e490c8c1b9374460622b4c3adfc4f2203699351e927,53,disappeared,True,False
TRAIN,1d233ffe-e280-2b1a-8f1e-7ddb66c98d36,acb2bda296c89ee2d8906e490c8c1b9374460622b4c3adfc4f2203699351e927,56,both,True,True
TRAIN,0cac75c4-8d6f-2d13-8c37-fcfaf141ae5a,37da20afdd2a7119ca4ad33add6f420d0aaf8eaa3e18f4de4c604b75f15b20a8,2,both,True,True
TRAIN,0cac75c4-8d6f-2d13-8c37-fcfaf141ae5a,37da20afdd2a7119ca4ad33add6f420d0aaf8eaa3e18f4de4c604b75f15b20a8,3,both,True,True
TRAIN,0cac75c4-8d6f-2d13-8c37-fcfaf141ae5a,37da20afdd2a7119ca4ad33add6f420d0aaf8eaa3e18f4de4c604b75f15b20a8,4,both,True,True
TRAIN,0cac75c4-8d6f-2d13-8c37-fcfaf141ae5a,37da20afdd2a7119ca4ad33add6f420d0aaf8eaa3e18f4de4c604b75f15b20a8,6,both,True,True
TRAIN,0cac75c4-8d6f-2d13-8c37-fcfaf141ae5a,37da20afdd2a7119ca4ad33add6f420d0aaf8eaa3e18f4de4c604b75f15b20a8,7,both,True,True
TRAIN,0cac75c4-8d6f-2d13-8c37-fcfaf141ae5a,37da20afdd2a7119ca4ad33add6f420d0aaf8eaa3e18f4de4c604b75f15b20a8,8,both,True,True
TRAIN,0cac75c4-8d6f-2d13-8c37-fcfaf141ae5a,37da20afdd2a7119ca4ad33add6f420d0aaf8eaa3e18f4de4c604b75f15b20a8,9,both,True,True
TRAIN,0cac75c4-8d6f-2d13-8c37-fcfaf141ae5a,37da20afdd2a7119ca4ad33add6f420d0aaf8eaa3e18f4de4c604b75f15b20a8,11,both,True,True
TRAIN,0cac75c4-8d6f-2d13-8c37-fcfaf141ae5a,37da20afdd2a7119ca4ad33add6f420d0aaf8eaa3e18f4de4c604b75f15b20a8,12,both,True,True
TRAIN,0cac75c4-8d6f-2d13-8c37-fcfaf141ae5a,37da20afdd2a7119ca4ad33add6f420d0aaf8eaa3e18f4de4c604b75f15b20a8,14,both,True,True
TRAIN,0cac75c4-8d6f-2d13-8c37-fcfaf141ae5a,37da20afdd2a7119ca4ad33add6f420d0aaf8eaa3e18f4de4c604b75f15b20a8,15,both,True,True
TRAIN,0cac75c4-8d6f-2d13-8c37-fcfaf141ae5a,37da20afdd2a7119ca4ad33add6f420d0aaf8eaa3e18f4de4c604b75f15b20a8,22,both,True,True
TRAIN,0cac75c4-8d6f-2d13-8c37-fcfaf141ae5a,ef487ac4eeb7cc79bb95aff9b6f5cd08ad0d9cb8ce1b44b184e9d3757f203ff1,2,both,True,True
TRAIN,0cac75c4-8d6f-2d13-8c37-fcfaf141ae5a,ef487ac4eeb7cc79bb95aff9b6f5cd08ad0d9cb8ce1b44b184e9d3757f203ff1,3,both,True,True
TRAIN,0cac75c4-8d6f-2d13-8c37-fcfaf141ae5a,ef487ac4eeb7cc79bb95aff9b6f5cd08ad0d9cb8ce1b44b184e9d3757f203ff1,4,both,True,True
TRAIN,0cac75c4-8d6f-2d13-8c37-fcfaf141ae5a,ef487ac4eeb7cc79bb95aff9b6f5cd08ad0d9cb8ce1b44b184e9d3757f203ff1,6,both,True,True
TRAIN,0cac75c4-8d6f-2d13-8c37-fcfaf141ae5a,ef487ac4eeb7cc79bb95aff9b6f5cd08ad0d9cb8ce1b44b184e9d3757f203ff1,7,both,True,True
TRAIN,0cac75c4-8d6f-2d13-8c37-fcfaf141ae5a,ef487ac4eeb7cc79bb95aff9b6f5cd08ad0d9cb8ce1b44b184e9d3757f203ff1,8,both,True,True
TRAIN,0cac75c4-8d6f-2d13-8c37-fcfaf141ae5a,ef487ac4eeb7cc79bb95aff9b6f5cd08ad0d9cb8ce1b44b184e9d3757f203ff1,9,both,True,True
TRAIN,0cac75c4-8d6f-2d13-8c37-fcfaf141ae5a,ef487ac4eeb7cc79bb95aff9b6f5cd08ad0d9cb8ce1b44b184e9d3757f203ff1,11,both,True,True
TRAIN,0cac75c4-8d6f-2d13-8c37-fcfaf141ae5a,ef487ac4eeb7cc79bb95aff9b6f5cd08ad0d9cb8ce1b44b184e9d3757f203ff1,12,both,True,True
TRAIN,0cac75c4-8d6f-2d13-8c37-fcfaf141ae5a,ef487ac4eeb7cc79bb95aff9b6f5cd08ad0d9cb8ce1b44b184e9d3757f203ff1,14,both,True,True
TRAIN,0cac75c4-8d6f-2d13-8c37-fcfaf141ae5a,ef487ac4eeb7cc79bb95aff9b6f5cd08ad0d9cb8ce1b44b184e9d3757f203ff1,15,both,True,True
TRAIN,0cac75c4-8d6f-2d13-8c37-fcfaf141ae5a,ef487ac4eeb7cc79bb95aff9b6f5cd08ad0d9cb8ce1b44b184e9d3757f203ff1,22,both,True,True
TRAIN,0cac7627-8d6f-2d13-8eac-41764b5f2c5b,f6f7c3740a640685ac8d14803316d55aa062bd0bfc44d5526bad7d639b88860f,4,both,True,True
TRAIN,0cac7627-8d6f-2d13-8eac-41764b5f2c5b,f6f7c3740a640685ac8d14803316d55aa062bd0bfc44d5526bad7d639b88860f,6,both,True,True
TRAIN,0cac7627-8d6f-2d13-8eac-41764b5f2c5b,f6f7c3740a640685ac8d14803316d55aa062bd0bfc44d5526bad7d639b88860f,7,both,True,True
TRAIN,0cac7627-8d6f-2d13-8eac-41764b5f2c5b,f6f7c3740a640685ac8d14803316d55aa062bd0bfc44d5526bad7d639b88860f,23,appeared,False,True
TRAIN,0cac7627-8d6f-2d13-8eac-41764b5f2c5b,f6f7c3740a640685ac8d14803316d55aa062bd0bfc44d5526bad7d639b88860f,35,both,True,True
TRAIN,0cac7627-8d6f-2d13-8eac-41764b5f2c5b,f6f7c3740a640685ac8d14803316d55aa062bd0bfc44d5526bad7d639b88860f,36,both,True,True
TRAIN,0cac7627-8d6f-2d13-8eac-41764b5f2c5b,326aa0350e8583568f9f52cea550a77e232053760ce3749343b77c004ac4b97e,4,both,True,True
TRAIN,0cac7627-8d6f-2d13-8eac-41764b5f2c5b,326aa0350e8583568f9f52cea550a77e232053760ce3749343b77c004ac4b97e,5,disappeared,True,False
TRAIN,0cac7627-8d6f-2d13-8eac-41764b5f2c5b,326aa0350e8583568f9f52cea550a77e232053760ce3749343b77c004ac4b97e,6,both,True,True
TRAIN,0cac7627-8d6f-2d13-8eac-41764b5f2c5b,326aa0350e8583568f9f52cea550a77e232053760ce3749343b77c004ac4b97e,7,both,True,True
TRAIN,0cac7627-8d6f-2d13-8eac-41764b5f2c5b,326aa0350e8583568f9f52cea550a77e232053760ce3749343b77c004ac4b97e,35,appeared,False,True
TRAIN,0cac7627-8d6f-2d13-8eac-41764b5f2c5b,326aa0350e8583568f9f52cea550a77e232053760ce3749343b77c004ac4b97e,36,appeared,False,True
TRAIN,0cac7627-8d6f-2d13-8eac-41764b5f2c5b,df4859f5a84e8553d8988cf4c46e16380a0d3104c9d7063eff74c8fc3b9ac026,4,both,True,True
TRAIN,0cac7627-8d6f-2d13-8eac-41764b5f2c5b,df4859f5a84e8553d8988cf4c46e16380a0d3104c9d7063eff74c8fc3b9ac026,5,both,True,True
TRAIN,0cac7627-8d6f-2d13-8eac-41764b5f2c5b,df4859f5a84e8553d8988cf4c46e16380a0d3104c9d7063eff74c8fc3b9ac026,6,both,True,True
TRAIN,0cac7627-8d6f-2d13-8eac-41764b5f2c5b,df4859f5a84e8553d8988cf4c46e16380a0d3104c9d7063eff74c8fc3b9ac026,7,both,True,True
TRAIN,0cac7627-8d6f-2d13-8eac-41764b5f2c5b,df4859f5a84e8553d8988cf4c46e16380a0d3104c9d7063eff74c8fc3b9ac026,23,disappeared,True,False
TRAIN,0cac7627-8d6f-2d13-8eac-41764b5f2c5b,df4859f5a84e8553d8988cf4c46e16380a0d3104c9d7063eff74c8fc3b9ac026,35,disappeared,True,False
TRAIN,0cac7627-8d6f-2d13-8eac-41764b5f2c5b,df4859f5a84e8553d8988cf4c46e16380a0d3104c9d7063eff74c8fc3b9ac026,36,disappeared,True,False
TRAIN,b1cf9968-9fdd-2189-97dd-d5f0d48bf70a,4ad091f8cfb746fe4b01987290039e9a327de72cff6fcd10a5f66ffaaf14a9a9,4,both,True,True
TRAIN,b1cf9968-9fdd-2189-97dd-d5f0d48bf70a,4ad091f8cfb746fe4b01987290039e9a327de72cff6fcd10a5f66ffaaf14a9a9,6,both,True,True
TRAIN,b1cf9968-9fdd-2189-97dd-d5f0d48bf70a,4ad091f8cfb746fe4b01987290039e9a327de72cff6fcd10a5f66ffaaf14a9a9,7,both,True,True
TRAIN,b1cf9968-9fdd-2189-97dd-d5f0d48bf70a,4ad091f8cfb746fe4b01987290039e9a327de72cff6fcd10a5f66ffaaf14a9a9,11,appeared,False,True
TRAIN,b1cf9968-9fdd-2189-97dd-d5f0d48bf70a,4ad091f8cfb746fe4b01987290039e9a327de72cff6fcd10a5f66ffaaf14a9a9,12,both,True,True
TRAIN,b1cf9968-9fdd-2189-97dd-d5f0d48bf70a,4ad091f8cfb746fe4b01987290039e9a327de72cff6fcd10a5f66ffaaf14a9a9,17,both,True,True
TRAIN,b1cf9968-9fdd-2189-97dd-d5f0d48bf70a,4ad091f8cfb746fe4b01987290039e9a327de72cff6fcd10a5f66ffaaf14a9a9,18,both,True,True
TRAIN,b1cf9968-9fdd-2189-97dd-d5f0d48bf70a,4ad091f8cfb746fe4b01987290039e9a327de72cff6fcd10a5f66ffaaf14a9a9,21,both,True,True
TRAIN,b1cf9968-9fdd-2189-97dd-d5f0d48bf70a,4ad091f8cfb746fe4b01987290039e9a327de72cff6fcd10a5f66ffaaf14a9a9,22,both,True,True
TRAIN,b1cf9968-9fdd-2189-97dd-d5f0d48bf70a,4ad091f8cfb746fe4b01987290039e9a327de72cff6fcd10a5f66ffaaf14a9a9,23,both,True,True
TRAIN,b1cf9968-9fdd-2189-97dd-d5f0d48bf70a,4ad091f8cfb746fe4b01987290039e9a327de72cff6fcd10a5f66ffaaf14a9a9,28,both,True,True
TRAIN,b1cf9968-9fdd-2189-97dd-d5f0d48bf70a,4ad091f8cfb746fe4b01987290039e9a327de72cff6fcd10a5f66ffaaf14a9a9,34,disappeared,True,False
TRAIN,b1cf9968-9fdd-2189-97dd-d5f0d48bf70a,4ad091f8cfb746fe4b01987290039e9a327de72cff6fcd10a5f66ffaaf14a9a9,35,disappeared,True,False
TRAIN,b1cf9968-9fdd-2189-97dd-d5f0d48bf70a,3dba7805fb69046f548fcb75ecb17bf25ea057f83beb064da695b9b4203136ca,4,both,True,True
TRAIN,b1cf9968-9fdd-2189-97dd-d5f0d48bf70a,3dba7805fb69046f548fcb75ecb17bf25ea057f83beb064da695b9b4203136ca,6,both,True,True
TRAIN,b1cf9968-9fdd-2189-97dd-d5f0d48bf70a,3dba7805fb69046f548fcb75ecb17bf25ea057f83beb064da695b9b4203136ca,7,both,True,True
TRAIN,b1cf9968-9fdd-2189-97dd-d5f0d48bf70a,3dba7805fb69046f548fcb75ecb17bf25ea057f83beb064da695b9b4203136ca,11,disappeared,True,False
TRAIN,b1cf9968-9fdd-2189-97dd-d5f0d48bf70a,3dba7805fb69046f548fcb75ecb17bf25ea057f83beb064da695b9b4203136ca,12,both,True,True
TRAIN,b1cf9968-9fdd-2189-97dd-d5f0d48bf70a,3dba7805fb69046f548fcb75ecb17bf25ea057f83beb064da695b9b4203136ca,17,both,True,True
TRAIN,b1cf9968-9fdd-2189-97dd-d5f0d48bf70a,3dba7805fb69046f548fcb75ecb17bf25ea057f83beb064da695b9b4203136ca,18,both,True,True
TRAIN,b1cf9968-9fdd-2189-97dd-d5f0d48bf70a,3dba7805fb69046f548fcb75ecb17bf25ea057f83beb064da695b9b4203136ca,21,both,True,True
TRAIN,b1cf9968-9fdd-2189-97dd-d5f0d48bf70a,3dba7805fb69046f548fcb75ecb17bf25ea057f83beb064da695b9b4203136ca,22,both,True,True
TRAIN,b1cf9968-9fdd-2189-97dd-d5f0d48bf70a,3dba7805fb69046f548fcb75ecb17bf25ea057f83beb064da695b9b4203136ca,23,both,True,True
TRAIN,b1cf9968-9fdd-2189-97dd-d5f0d48bf70a,3dba7805fb69046f548fcb75ecb17bf25ea057f83beb064da695b9b4203136ca,28,both,True,True
TRAIN,b1cf9968-9fdd-2189-97dd-d5f0d48bf70a,3dba7805fb69046f548fcb75ecb17bf25ea057f83beb064da695b9b4203136ca,34,appeared,False,True
TRAIN,b1cf9968-9fdd-2189-97dd-d5f0d48bf70a,3dba7805fb69046f548fcb75ecb17bf25ea057f83beb064da695b9b4203136ca,35,appeared,False,True
TRAIN,b8837e16-57ec-29c6-89c3-0e8b7d668f56,b366376c35e2dc815b8355eced79b3e4d642441e6fe901439196117751b24525,9,both,True,True
TRAIN,b8837e16-57ec-29c6-89c3-0e8b7d668f56,7e1e131ec987df82752b67b27209079ed2929b59e8b7dc4d44bd718a01d79bd0,9,both,True,True
TRAIN,b8837e16-57ec-29c6-89c3-0e8b7d668f56,07c446f7f5a506a6dd56406f2664e187aa3d871d2153511330632592a4e7e261,9,both,True,True
TRAIN,b8837e16-57ec-29c6-89c3-0e8b7d668f56,905d2a5395d4c6360aa929d651c53e7cc1864f791e7d2e5d58872d1adffcb40c,9,both,True,True
TRAIN,c7895f3e-339c-2d13-832a-b3636f113063,de36af4415b7643970d9204d0e4ea9f27096530a141a28af9289a681ada2ef98,9,both,True,True
TRAIN,c7895f3e-339c-2d13-832a-b3636f113063,de36af4415b7643970d9204d0e4ea9f27096530a141a28af9289a681ada2ef98,10,both,True,True
TRAIN,c7895f3e-339c-2d13-832a-b3636f113063,de36af4415b7643970d9204d0e4ea9f27096530a141a28af9289a681ada2ef98,11,both,True,True
TRAIN,c7895f3e-339c-2d13-832a-b3636f113063,de36af4415b7643970d9204d0e4ea9f27096530a141a28af9289a681ada2ef98,13,both,True,True
TRAIN,c7895f3e-339c-2d13-832a-b3636f113063,de36af4415b7643970d9204d0e4ea9f27096530a141a28af9289a681ada2ef98,14,both,True,True
TRAIN,c7895f3e-339c-2d13-832a-b3636f113063,de36af4415b7643970d9204d0e4ea9f27096530a141a28af9289a681ada2ef98,15,both,True,True
TRAIN,c7895f3e-339c-2d13-832a-b3636f113063,de36af4415b7643970d9204d0e4ea9f27096530a141a28af9289a681ada2ef98,16,both,True,True
TRAIN,c7895f3e-339c-2d13-832a-b3636f113063,de36af4415b7643970d9204d0e4ea9f27096530a141a28af9289a681ada2ef98,17,both,True,True
TRAIN,c7895f3e-339c-2d13-832a-b3636f113063,de36af4415b7643970d9204d0e4ea9f27096530a141a28af9289a681ada2ef98,18,both,True,True
TRAIN,c7895f3e-339c-2d13-832a-b3636f113063,de36af4415b7643970d9204d0e4ea9f27096530a141a28af9289a681ada2ef98,19,both,True,True
TRAIN,c7895f3e-339c-2d13-832a-b3636f113063,de36af4415b7643970d9204d0e4ea9f27096530a141a28af9289a681ada2ef98,22,both,True,True
TRAIN,c7895f3e-339c-2d13-832a-b3636f113063,de36af4415b7643970d9204d0e4ea9f27096530a141a28af9289a681ada2ef98,27,both,True,True
TRAIN,c7895f3e-339c-2d13-832a-b3636f113063,de36af4415b7643970d9204d0e4ea9f27096530a141a28af9289a681ada2ef98,28,both,True,True
TRAIN,c7895f3e-339c-2d13-832a-b3636f113063,de36af4415b7643970d9204d0e4ea9f27096530a141a28af9289a681ada2ef98,29,both,True,True
TRAIN,c7895f3e-339c-2d13-832a-b3636f113063,de36af4415b7643970d9204d0e4ea9f27096530a141a28af9289a681ada2ef98,30,both,True,True
TRAIN,c7895f3e-339c-2d13-832a-b3636f113063,de36af4415b7643970d9204d0e4ea9f27096530a141a28af9289a681ada2ef98,33,both,True,True
TRAIN,c7895f3e-339c-2d13-832a-b3636f113063,de36af4415b7643970d9204d0e4ea9f27096530a141a28af9289a681ada2ef98,37,both,True,True
TRAIN,c7895f3e-339c-2d13-832a-b3636f113063,de36af4415b7643970d9204d0e4ea9f27096530a141a28af9289a681ada2ef98,44,both,True,True
TRAIN,c7895f3e-339c-2d13-832a-b3636f113063,de36af4415b7643970d9204d0e4ea9f27096530a141a28af9289a681ada2ef98,100,disappeared,True,False
TRAIN,c7895f3e-339c-2d13-832a-b3636f113063,de36af4415b7643970d9204d0e4ea9f27096530a141a28af9289a681ada2ef98,301,both,True,True
TRAIN,c7895f3e-339c-2d13-832a-b3636f113063,5d0fc28d8cd5b81597781013bd0d2008858afae17ea263fb45cbedf11385680b,9,both,True,True
TRAIN,c7895f3e-339c-2d13-832a-b3636f113063,5d0fc28d8cd5b81597781013bd0d2008858afae17ea263fb45cbedf11385680b,10,both,True,True
TRAIN,c7895f3e-339c-2d13-832a-b3636f113063,5d0fc28d8cd5b81597781013bd0d2008858afae17ea263fb45cbedf11385680b,11,both,True,True
TRAIN,c7895f3e-339c-2d13-832a-b3636f113063,5d0fc28d8cd5b81597781013bd0d2008858afae17ea263fb45cbedf11385680b,13,both,True,True
TRAIN,c7895f3e-339c-2d13-832a-b3636f113063,5d0fc28d8cd5b81597781013bd0d2008858afae17ea263fb45cbedf11385680b,14,both,True,True
TRAIN,c7895f3e-339c-2d13-832a-b3636f113063,5d0fc28d8cd5b81597781013bd0d2008858afae17ea263fb45cbedf11385680b,15,both,True,True
TRAIN,c7895f3e-339c-2d13-832a-b3636f113063,5d0fc28d8cd5b81597781013bd0d2008858afae17ea263fb45cbedf11385680b,16,both,True,True
TRAIN,c7895f3e-339c-2d13-832a-b3636f113063,5d0fc28d8cd5b81597781013bd0d2008858afae17ea263fb45cbedf11385680b,17,both,True,True
TRAIN,c7895f3e-339c-2d13-832a-b3636f113063,5d0fc28d8cd5b81597781013bd0d2008858afae17ea263fb45cbedf11385680b,18,both,True,True
TRAIN,c7895f3e-339c-2d13-832a-b3636f113063,5d0fc28d8cd5b81597781013bd0d2008858afae17ea263fb45cbedf11385680b,19,both,True,True
TRAIN,c7895f3e-339c-2d13-832a-b3636f113063,5d0fc28d8cd5b81597781013bd0d2008858afae17ea263fb45cbedf11385680b,22,both,True,True
TRAIN,c7895f3e-339c-2d13-832a-b3636f113063,5d0fc28d8cd5b81597781013bd0d2008858afae17ea263fb45cbedf11385680b,27,both,True,True
TRAIN,c7895f3e-339c-2d13-832a-b3636f113063,5d0fc28d8cd5b81597781013bd0d2008858afae17ea263fb45cbedf11385680b,28,both,True,True
TRAIN,c7895f3e-339c-2d13-832a-b3636f113063,5d0fc28d8cd5b81597781013bd0d2008858afae17ea263fb45cbedf11385680b,29,both,True,True
TRAIN,c7895f3e-339c-2d13-832a-b3636f113063,5d0fc28d8cd5b81597781013bd0d2008858afae17ea263fb45cbedf11385680b,30,both,True,True
TRAIN,c7895f3e-339c-2d13-832a-b3636f113063,5d0fc28d8cd5b81597781013bd0d2008858afae17ea263fb45cbedf11385680b,33,both,True,True
TRAIN,c7895f3e-339c-2d13-832a-b3636f113063,5d0fc28d8cd5b81597781013bd0d2008858afae17ea263fb45cbedf11385680b,37,both,True,True
TRAIN,c7895f3e-339c-2d13-832a-b3636f113063,5d0fc28d8cd5b81597781013bd0d2008858afae17ea263fb45cbedf11385680b,44,both,True,True
TRAIN,c7895f3e-339c-2d13-832a-b3636f113063,5d0fc28d8cd5b81597781013bd0d2008858afae17ea263fb45cbedf11385680b,100,appeared,False,True
TRAIN,c7895f3e-339c-2d13-832a-b3636f113063,5d0fc28d8cd5b81597781013bd0d2008858afae17ea263fb45cbedf11385680b,301,both,True,True
TRAIN,5341b7d9-8a66-2cdd-844b-cfdadb69ed63,8fe5243965b052e3df3c069c8ed19a3428e1d637f4ab0af2bd576e8566c17e29,2,both,True,True
TRAIN,5341b7d9-8a66-2cdd-844b-cfdadb69ed63,8fe5243965b052e3df3c069c8ed19a3428e1d637f4ab0af2bd576e8566c17e29,3,both,True,True
TRAIN,5341b7d9-8a66-2cdd-844b-cfdadb69ed63,8fe5243965b052e3df3c069c8ed19a3428e1d637f4ab0af2bd576e8566c17e29,4,both,True,True
TRAIN,5341b7d9-8a66-2cdd-844b-cfdadb69ed63,8fe5243965b052e3df3c069c8ed19a3428e1d637f4ab0af2bd576e8566c17e29,8,both,True,True
TRAIN,5341b7d9-8a66-2cdd-844b-cfdadb69ed63,8fe5243965b052e3df3c069c8ed19a3428e1d637f4ab0af2bd576e8566c17e29,10,both,True,True
TRAIN,5341b7d9-8a66-2cdd-844b-cfdadb69ed63,8fe5243965b052e3df3c069c8ed19a3428e1d637f4ab0af2bd576e8566c17e29,16,both,True,True
TRAIN,5341b7d9-8a66-2cdd-844b-cfdadb69ed63,8fe5243965b052e3df3c069c8ed19a3428e1d637f4ab0af2bd576e8566c17e29,19,both,True,True
TRAIN,5341b7d9-8a66-2cdd-844b-cfdadb69ed63,6177bed1e94c79908932a84e7cac2b8a90e19029f3610f00edf827606d846184,2,both,True,True
TRAIN,5341b7d9-8a66-2cdd-844b-cfdadb69ed63,6177bed1e94c79908932a84e7cac2b8a90e19029f3610f00edf827606d846184,3,both,True,True
TRAIN,5341b7d9-8a66-2cdd-844b-cfdadb69ed63,6177bed1e94c79908932a84e7cac2b8a90e19029f3610f00edf827606d846184,4,both,True,True
TRAIN,5341b7d9-8a66-2cdd-844b-cfdadb69ed63,6177bed1e94c79908932a84e7cac2b8a90e19029f3610f00edf827606d846184,8,both,True,True
TRAIN,5341b7d9-8a66-2cdd-844b-cfdadb69ed63,6177bed1e94c79908932a84e7cac2b8a90e19029f3610f00edf827606d846184,10,both,True,True
TRAIN,5341b7d9-8a66-2cdd-844b-cfdadb69ed63,6177bed1e94c79908932a84e7cac2b8a90e19029f3610f00edf827606d846184,16,both,True,True
TRAIN,5341b7d9-8a66-2cdd-844b-cfdadb69ed63,6177bed1e94c79908932a84e7cac2b8a90e19029f3610f00edf827606d846184,19,both,True,True
TRAIN,5341b7d9-8a66-2cdd-844b-cfdadb69ed63,6177bed1e94c79908932a84e7cac2b8a90e19029f3610f00edf827606d846184,29,appeared,False,True
TRAIN,5341b7d9-8a66-2cdd-844b-cfdadb69ed63,8b05fb1225dbfbecdd4aece818198f085ffc2bff3682f86b0e8c3c8acd51dfa5,2,both,True,True
TRAIN,5341b7d9-8a66-2cdd-844b-cfdadb69ed63,8b05fb1225dbfbecdd4aece818198f085ffc2bff3682f86b0e8c3c8acd51dfa5,3,both,True,True
TRAIN,5341b7d9-8a66-2cdd-844b-cfdadb69ed63,8b05fb1225dbfbecdd4aece818198f085ffc2bff3682f86b0e8c3c8acd51dfa5,4,both,True,True
TRAIN,5341b7d9-8a66-2cdd-844b-cfdadb69ed63,8b05fb1225dbfbecdd4aece818198f085ffc2bff3682f86b0e8c3c8acd51dfa5,8,both,True,True
TRAIN,5341b7d9-8a66-2cdd-844b-cfdadb69ed63,8b05fb1225dbfbecdd4aece818198f085ffc2bff3682f86b0e8c3c8acd51dfa5,10,both,True,True
TRAIN,5341b7d9-8a66-2cdd-844b-cfdadb69ed63,8b05fb1225dbfbecdd4aece818198f085ffc2bff3682f86b0e8c3c8acd51dfa5,16,both,True,True
TRAIN,5341b7d9-8a66-2cdd-844b-cfdadb69ed63,8b05fb1225dbfbecdd4aece818198f085ffc2bff3682f86b0e8c3c8acd51dfa5,19,both,True,True
TRAIN,5341b7d9-8a66-2cdd-844b-cfdadb69ed63,8b05fb1225dbfbecdd4aece818198f085ffc2bff3682f86b0e8c3c8acd51dfa5,29,disappeared,True,False
TRAIN,ddc737ad-765b-241a-9d9f-1f19fab18318,dc82be994c1f4bdf77783d9402c0eb61cb4b5dd23216a4cccefcf5a9a7cf6165,4,both,True,True
TRAIN,ddc737ad-765b-241a-9d9f-1f19fab18318,dc82be994c1f4bdf77783d9402c0eb61cb4b5dd23216a4cccefcf5a9a7cf6165,7,both,True,True
TRAIN,ddc737ad-765b-241a-9d9f-1f19fab18318,dc82be994c1f4bdf77783d9402c0eb61cb4b5dd23216a4cccefcf5a9a7cf6165,11,both,True,True
TRAIN,ddc737ad-765b-241a-9d9f-1f19fab18318,ae407decca4268758a54a2625fc35e557a3066dbebebae60bc6cf213d30a1df2,4,both,True,True
TRAIN,ddc737ad-765b-241a-9d9f-1f19fab18318,ae407decca4268758a54a2625fc35e557a3066dbebebae60bc6cf213d30a1df2,7,both,True,True
TRAIN,ddc737ad-765b-241a-9d9f-1f19fab18318,ae407decca4268758a54a2625fc35e557a3066dbebebae60bc6cf213d30a1df2,11,both,True,True
TRAIN,6bde6091-9162-246f-8ea8-fdfd6c0a7f77,9f89a2793cbe51306d0dd7223b3c0020fe2b8ca16fae5856f67ad596e3655b9d,4,both,True,True
TRAIN,6bde6091-9162-246f-8ea8-fdfd6c0a7f77,9f89a2793cbe51306d0dd7223b3c0020fe2b8ca16fae5856f67ad596e3655b9d,12,both,True,True
TRAIN,6bde6091-9162-246f-8ea8-fdfd6c0a7f77,9f89a2793cbe51306d0dd7223b3c0020fe2b8ca16fae5856f67ad596e3655b9d,13,both,True,True
TRAIN,6bde6091-9162-246f-8ea8-fdfd6c0a7f77,9f89a2793cbe51306d0dd7223b3c0020fe2b8ca16fae5856f67ad596e3655b9d,15,both,True,True
TRAIN,6bde6091-9162-246f-8ea8-fdfd6c0a7f77,9f89a2793cbe51306d0dd7223b3c0020fe2b8ca16fae5856f67ad596e3655b9d,16,both,True,True
TRAIN,6bde6091-9162-246f-8ea8-fdfd6c0a7f77,34be89285cec6c6c4245311145bf58d0050e04fa109d16aa00f9272076389d96,4,both,True,True
TRAIN,6bde6091-9162-246f-8ea8-fdfd6c0a7f77,34be89285cec6c6c4245311145bf58d0050e04fa109d16aa00f9272076389d96,12,both,True,True
TRAIN,6bde6091-9162-246f-8ea8-fdfd6c0a7f77,34be89285cec6c6c4245311145bf58d0050e04fa109d16aa00f9272076389d96,13,both,True,True
TRAIN,6bde6091-9162-246f-8ea8-fdfd6c0a7f77,34be89285cec6c6c4245311145bf58d0050e04fa109d16aa00f9272076389d96,15,both,True,True
TRAIN,6bde6091-9162-246f-8ea8-fdfd6c0a7f77,34be89285cec6c6c4245311145bf58d0050e04fa109d16aa00f9272076389d96,16,both,True,True
TRAIN,b05fddcf-fca0-2d4f-8a01-c6bdcc9fba8d,883630611faf7e1ac900f052b12074b2ba8e38b714a44f4b3c64b2cd1f327051,2,both,True,True
TRAIN,b05fddcf-fca0-2d4f-8a01-c6bdcc9fba8d,883630611faf7e1ac900f052b12074b2ba8e38b714a44f4b3c64b2cd1f327051,3,both,True,True
TRAIN,b05fddcf-fca0-2d4f-8a01-c6bdcc9fba8d,883630611faf7e1ac900f052b12074b2ba8e38b714a44f4b3c64b2cd1f327051,5,both,True,True
TRAIN,b05fddcf-fca0-2d4f-8a01-c6bdcc9fba8d,883630611faf7e1ac900f052b12074b2ba8e38b714a44f4b3c64b2cd1f327051,13,disappeared,True,False
TRAIN,b05fddcf-fca0-2d4f-8a01-c6bdcc9fba8d,883630611faf7e1ac900f052b12074b2ba8e38b714a44f4b3c64b2cd1f327051,14,disappeared,True,False
TRAIN,b05fddcf-fca0-2d4f-8a01-c6bdcc9fba8d,883630611faf7e1ac900f052b12074b2ba8e38b714a44f4b3c64b2cd1f327051,17,both,True,True
TRAIN,b05fddcf-fca0-2d4f-8a01-c6bdcc9fba8d,883630611faf7e1ac900f052b12074b2ba8e38b714a44f4b3c64b2cd1f327051,18,both,True,True
TRAIN,b05fddcf-fca0-2d4f-8a01-c6bdcc9fba8d,883630611faf7e1ac900f052b12074b2ba8e38b714a44f4b3c64b2cd1f327051,21,both,True,True
TRAIN,b05fddcf-fca0-2d4f-8a01-c6bdcc9fba8d,883630611faf7e1ac900f052b12074b2ba8e38b714a44f4b3c64b2cd1f327051,22,both,True,True
TRAIN,b05fddcf-fca0-2d4f-8a01-c6bdcc9fba8d,883630611faf7e1ac900f052b12074b2ba8e38b714a44f4b3c64b2cd1f327051,23,both,True,True
TRAIN,b05fddcf-fca0-2d4f-8a01-c6bdcc9fba8d,883630611faf7e1ac900f052b12074b2ba8e38b714a44f4b3c64b2cd1f327051,28,disappeared,True,False
TRAIN,b05fddcf-fca0-2d4f-8a01-c6bdcc9fba8d,883630611faf7e1ac900f052b12074b2ba8e38b714a44f4b3c64b2cd1f327051,29,both,True,True
TRAIN,b05fddcf-fca0-2d4f-8a01-c6bdcc9fba8d,883630611faf7e1ac900f052b12074b2ba8e38b714a44f4b3c64b2cd1f327051,43,disappeared,True,False
TRAIN,b05fddcf-fca0-2d4f-8a01-c6bdcc9fba8d,883630611faf7e1ac900f052b12074b2ba8e38b714a44f4b3c64b2cd1f327051,46,both,True,True
TRAIN,b05fddcf-fca0-2d4f-8a01-c6bdcc9fba8d,883630611faf7e1ac900f052b12074b2ba8e38b714a44f4b3c64b2cd1f327051,48,appeared,False,True
TRAIN,b05fddcf-fca0-2d4f-8a01-c6bdcc9fba8d,883630611faf7e1ac900f052b12074b2ba8e38b714a44f4b3c64b2cd1f327051,51,appeared,False,True
TRAIN,b05fddcf-fca0-2d4f-8a01-c6bdcc9fba8d,883630611faf7e1ac900f052b12074b2ba8e38b714a44f4b3c64b2cd1f327051,75,both,True,True
TRAIN,b05fddcf-fca0-2d4f-8a01-c6bdcc9fba8d,883630611faf7e1ac900f052b12074b2ba8e38b714a44f4b3c64b2cd1f327051,76,disappeared,True,False
TRAIN,b05fddcf-fca0-2d4f-8a01-c6bdcc9fba8d,883630611faf7e1ac900f052b12074b2ba8e38b714a44f4b3c64b2cd1f327051,77,disappeared,True,False
TRAIN,b05fddcf-fca0-2d4f-8a01-c6bdcc9fba8d,2142ce6dee757d767fa4b96736bbb9bb959a107dde9c0b9590191f40bee2b280,2,both,True,True
TRAIN,b05fddcf-fca0-2d4f-8a01-c6bdcc9fba8d,2142ce6dee757d767fa4b96736bbb9bb959a107dde9c0b9590191f40bee2b280,3,both,True,True
TRAIN,b05fddcf-fca0-2d4f-8a01-c6bdcc9fba8d,2142ce6dee757d767fa4b96736bbb9bb959a107dde9c0b9590191f40bee2b280,5,both,True,True
TRAIN,b05fddcf-fca0-2d4f-8a01-c6bdcc9fba8d,2142ce6dee757d767fa4b96736bbb9bb959a107dde9c0b9590191f40bee2b280,17,both,True,True
TRAIN,b05fddcf-fca0-2d4f-8a01-c6bdcc9fba8d,2142ce6dee757d767fa4b96736bbb9bb959a107dde9c0b9590191f40bee2b280,18,both,True,True
TRAIN,b05fddcf-fca0-2d4f-8a01-c6bdcc9fba8d,2142ce6dee757d767fa4b96736bbb9bb959a107dde9c0b9590191f40bee2b280,21,both,True,True
TRAIN,b05fddcf-fca0-2d4f-8a01-c6bdcc9fba8d,2142ce6dee757d767fa4b96736bbb9bb959a107dde9c0b9590191f40bee2b280,22,both,True,True
TRAIN,b05fddcf-fca0-2d4f-8a01-c6bdcc9fba8d,2142ce6dee757d767fa4b96736bbb9bb959a107dde9c0b9590191f40bee2b280,23,both,True,True
TRAIN,b05fddcf-fca0-2d4f-8a01-c6bdcc9fba8d,2142ce6dee757d767fa4b96736bbb9bb959a107dde9c0b9590191f40bee2b280,28,appeared,False,True
TRAIN,b05fddcf-fca0-2d4f-8a01-c6bdcc9fba8d,2142ce6dee757d767fa4b96736bbb9bb959a107dde9c0b9590191f40bee2b280,29,both,True,True
TRAIN,b05fddcf-fca0-2d4f-8a01-c6bdcc9fba8d,2142ce6dee757d767fa4b96736bbb9bb959a107dde9c0b9590191f40bee2b280,46,both,True,True
TRAIN,b05fddcf-fca0-2d4f-8a01-c6bdcc9fba8d,2142ce6dee757d767fa4b96736bbb9bb959a107dde9c0b9590191f40bee2b280,48,both,True,True
TRAIN,b05fddcf-fca0-2d4f-8a01-c6bdcc9fba8d,2142ce6dee757d767fa4b96736bbb9bb959a107dde9c0b9590191f40bee2b280,51,both,True,True
TRAIN,b05fddcf-fca0-2d4f-8a01-c6bdcc9fba8d,2142ce6dee757d767fa4b96736bbb9bb959a107dde9c0b9590191f40bee2b280,75,both,True,True
TRAIN,b05fddcf-fca0-2d4f-8a01-c6bdcc9fba8d,5c5a2eca2f80f6b0e81b73fc95d9206eb6e5030bb80edb52f9a51858055c8495,2,appeared,False,True
TRAIN,b05fddcf-fca0-2d4f-8a01-c6bdcc9fba8d,5c5a2eca2f80f6b0e81b73fc95d9206eb6e5030bb80edb52f9a51858055c8495,3,both,True,True
TRAIN,b05fddcf-fca0-2d4f-8a01-c6bdcc9fba8d,5c5a2eca2f80f6b0e81b73fc95d9206eb6e5030bb80edb52f9a51858055c8495,5,both,True,True
TRAIN,b05fddcf-fca0-2d4f-8a01-c6bdcc9fba8d,5c5a2eca2f80f6b0e81b73fc95d9206eb6e5030bb80edb52f9a51858055c8495,13,appeared,False,True
TRAIN,b05fddcf-fca0-2d4f-8a01-c6bdcc9fba8d,5c5a2eca2f80f6b0e81b73fc95d9206eb6e5030bb80edb52f9a51858055c8495,14,appeared,False,True
TRAIN,b05fddcf-fca0-2d4f-8a01-c6bdcc9fba8d,5c5a2eca2f80f6b0e81b73fc95d9206eb6e5030bb80edb52f9a51858055c8495,17,appeared,False,True
TRAIN,b05fddcf-fca0-2d4f-8a01-c6bdcc9fba8d,5c5a2eca2f80f6b0e81b73fc95d9206eb6e5030bb80edb52f9a51858055c8495,18,appeared,False,True
TRAIN,b05fddcf-fca0-2d4f-8a01-c6bdcc9fba8d,5c5a2eca2f80f6b0e81b73fc95d9206eb6e5030bb80edb52f9a51858055c8495,21,appeared,False,True
TRAIN,b05fddcf-fca0-2d4f-8a01-c6bdcc9fba8d,5c5a2eca2f80f6b0e81b73fc95d9206eb6e5030bb80edb52f9a51858055c8495,22,both,True,True
TRAIN,b05fddcf-fca0-2d4f-8a01-c6bdcc9fba8d,5c5a2eca2f80f6b0e81b73fc95d9206eb6e5030bb80edb52f9a51858055c8495,23,both,True,True
TRAIN,b05fddcf-fca0-2d4f-8a01-c6bdcc9fba8d,5c5a2eca2f80f6b0e81b73fc95d9206eb6e5030bb80edb52f9a51858055c8495,28,both,True,True
TRAIN,b05fddcf-fca0-2d4f-8a01-c6bdcc9fba8d,5c5a2eca2f80f6b0e81b73fc95d9206eb6e5030bb80edb52f9a51858055c8495,29,both,True,True
TRAIN,b05fddcf-fca0-2d4f-8a01-c6bdcc9fba8d,5c5a2eca2f80f6b0e81b73fc95d9206eb6e5030bb80edb52f9a51858055c8495,43,both,True,True
TRAIN,b05fddcf-fca0-2d4f-8a01-c6bdcc9fba8d,5c5a2eca2f80f6b0e81b73fc95d9206eb6e5030bb80edb52f9a51858055c8495,46,appeared,False,True
TRAIN,b05fddcf-fca0-2d4f-8a01-c6bdcc9fba8d,5c5a2eca2f80f6b0e81b73fc95d9206eb6e5030bb80edb52f9a51858055c8495,75,appeared,False,True
TRAIN,b05fddcf-fca0-2d4f-8a01-c6bdcc9fba8d,5c5a2eca2f80f6b0e81b73fc95d9206eb6e5030bb80edb52f9a51858055c8495,76,appeared,False,True
TRAIN,b05fddcf-fca0-2d4f-8a01-c6bdcc9fba8d,5c5a2eca2f80f6b0e81b73fc95d9206eb6e5030bb80edb52f9a51858055c8495,77,appeared,False,True
TRAIN,b05fddcf-fca0-2d4f-8a01-c6bdcc9fba8d,5c5a2eca2f80f6b0e81b73fc95d9206eb6e5030bb80edb52f9a51858055c8495,90,disappeared,True,False
TRAIN,b05fddcf-fca0-2d4f-8a01-c6bdcc9fba8d,0ada95f74c83bd27541350ff7265a0754d1cae8f10b606049ee6c8b7c6805c4d,2,disappeared,True,False
TRAIN,b05fddcf-fca0-2d4f-8a01-c6bdcc9fba8d,0ada95f74c83bd27541350ff7265a0754d1cae8f10b606049ee6c8b7c6805c4d,3,both,True,True
TRAIN,b05fddcf-fca0-2d4f-8a01-c6bdcc9fba8d,0ada95f74c83bd27541350ff7265a0754d1cae8f10b606049ee6c8b7c6805c4d,5,both,True,True
TRAIN,b05fddcf-fca0-2d4f-8a01-c6bdcc9fba8d,0ada95f74c83bd27541350ff7265a0754d1cae8f10b606049ee6c8b7c6805c4d,17,disappeared,True,False
TRAIN,b05fddcf-fca0-2d4f-8a01-c6bdcc9fba8d,0ada95f74c83bd27541350ff7265a0754d1cae8f10b606049ee6c8b7c6805c4d,18,disappeared,True,False
TRAIN,b05fddcf-fca0-2d4f-8a01-c6bdcc9fba8d,0ada95f74c83bd27541350ff7265a0754d1cae8f10b606049ee6c8b7c6805c4d,21,disappeared,True,False
TRAIN,b05fddcf-fca0-2d4f-8a01-c6bdcc9fba8d,0ada95f74c83bd27541350ff7265a0754d1cae8f10b606049ee6c8b7c6805c4d,22,both,True,True
TRAIN,b05fddcf-fca0-2d4f-8a01-c6bdcc9fba8d,0ada95f74c83bd27541350ff7265a0754d1cae8f10b606049ee6c8b7c6805c4d,23,both,True,True
TRAIN,b05fddcf-fca0-2d4f-8a01-c6bdcc9fba8d,0ada95f74c83bd27541350ff7265a0754d1cae8f10b606049ee6c8b7c6805c4d,28,both,True,True
TRAIN,b05fddcf-fca0-2d4f-8a01-c6bdcc9fba8d,0ada95f74c83bd27541350ff7265a0754d1cae8f10b606049ee6c8b7c6805c4d,29,both,True,True
TRAIN,b05fddcf-fca0-2d4f-8a01-c6bdcc9fba8d,0ada95f74c83bd27541350ff7265a0754d1cae8f10b606049ee6c8b7c6805c4d,43,appeared,False,True
TRAIN,b05fddcf-fca0-2d4f-8a01-c6bdcc9fba8d,0ada95f74c83bd27541350ff7265a0754d1cae8f10b606049ee6c8b7c6805c4d,48,both,True,True
TRAIN,b05fddcf-fca0-2d4f-8a01-c6bdcc9fba8d,0ada95f74c83bd27541350ff7265a0754d1cae8f10b606049ee6c8b7c6805c4d,51,disappeared,True,False
TRAIN,b05fddcf-fca0-2d4f-8a01-c6bdcc9fba8d,0ada95f74c83bd27541350ff7265a0754d1cae8f10b606049ee6c8b7c6805c4d,90,appeared,False,True
TRAIN,41385827-a238-2435-8320-d8d3eb507f5e,8466b61df7ddbb6951a62c6496625b12ac3a1ca3c5f71c0ce956a0db31b3070a,4,both,True,True
TRAIN,41385827-a238-2435-8320-d8d3eb507f5e,8466b61df7ddbb6951a62c6496625b12ac3a1ca3c5f71c0ce956a0db31b3070a,5,both,True,True
TRAIN,41385827-a238-2435-8320-d8d3eb507f5e,8466b61df7ddbb6951a62c6496625b12ac3a1ca3c5f71c0ce956a0db31b3070a,6,both,True,True
TRAIN,41385827-a238-2435-8320-d8d3eb507f5e,8466b61df7ddbb6951a62c6496625b12ac3a1ca3c5f71c0ce956a0db31b3070a,8,both,True,True
TRAIN,41385827-a238-2435-8320-d8d3eb507f5e,8466b61df7ddbb6951a62c6496625b12ac3a1ca3c5f71c0ce956a0db31b3070a,9,both,True,True
TRAIN,41385827-a238-2435-8320-d8d3eb507f5e,8466b61df7ddbb6951a62c6496625b12ac3a1ca3c5f71c0ce956a0db31b3070a,11,both,True,True
TRAIN,41385827-a238-2435-8320-d8d3eb507f5e,8466b61df7ddbb6951a62c6496625b12ac3a1ca3c5f71c0ce956a0db31b3070a,13,both,True,True
TRAIN,41385827-a238-2435-8320-d8d3eb507f5e,8466b61df7ddbb6951a62c6496625b12ac3a1ca3c5f71c0ce956a0db31b3070a,19,both,True,True
TRAIN,41385827-a238-2435-8320-d8d3eb507f5e,8466b61df7ddbb6951a62c6496625b12ac3a1ca3c5f71c0ce956a0db31b3070a,22,disappeared,True,False
TRAIN,41385827-a238-2435-8320-d8d3eb507f5e,516fea3847ddace95cb173b72d7152ca8f689cf25ebec073c964c8ee9c7cc69a,4,both,True,True
TRAIN,41385827-a238-2435-8320-d8d3eb507f5e,516fea3847ddace95cb173b72d7152ca8f689cf25ebec073c964c8ee9c7cc69a,5,both,True,True
TRAIN,41385827-a238-2435-8320-d8d3eb507f5e,516fea3847ddace95cb173b72d7152ca8f689cf25ebec073c964c8ee9c7cc69a,6,both,True,True
TRAIN,41385827-a238-2435-8320-d8d3eb507f5e,516fea3847ddace95cb173b72d7152ca8f689cf25ebec073c964c8ee9c7cc69a,8,both,True,True
TRAIN,41385827-a238-2435-8320-d8d3eb507f5e,516fea3847ddace95cb173b72d7152ca8f689cf25ebec073c964c8ee9c7cc69a,9,both,True,True
TRAIN,41385827-a238-2435-8320-d8d3eb507f5e,516fea3847ddace95cb173b72d7152ca8f689cf25ebec073c964c8ee9c7cc69a,11,both,True,True
TRAIN,41385827-a238-2435-8320-d8d3eb507f5e,516fea3847ddace95cb173b72d7152ca8f689cf25ebec073c964c8ee9c7cc69a,13,both,True,True
TRAIN,41385827-a238-2435-8320-d8d3eb507f5e,516fea3847ddace95cb173b72d7152ca8f689cf25ebec073c964c8ee9c7cc69a,19,appeared,False,True
TRAIN,41385827-a238-2435-8320-d8d3eb507f5e,516fea3847ddace95cb173b72d7152ca8f689cf25ebec073c964c8ee9c7cc69a,22,appeared,False,True
TRAIN,41385827-a238-2435-8320-d8d3eb507f5e,a29b437685e10f229bf4252c462988b83c7c9740293c9a6f10da4cbcbbc39a83,4,both,True,True
TRAIN,41385827-a238-2435-8320-d8d3eb507f5e,a29b437685e10f229bf4252c462988b83c7c9740293c9a6f10da4cbcbbc39a83,5,both,True,True
TRAIN,41385827-a238-2435-8320-d8d3eb507f5e,a29b437685e10f229bf4252c462988b83c7c9740293c9a6f10da4cbcbbc39a83,6,both,True,True
TRAIN,41385827-a238-2435-8320-d8d3eb507f5e,a29b437685e10f229bf4252c462988b83c7c9740293c9a6f10da4cbcbbc39a83,8,both,True,True
TRAIN,41385827-a238-2435-8320-d8d3eb507f5e,a29b437685e10f229bf4252c462988b83c7c9740293c9a6f10da4cbcbbc39a83,9,both,True,True
TRAIN,41385827-a238-2435-8320-d8d3eb507f5e,a29b437685e10f229bf4252c462988b83c7c9740293c9a6f10da4cbcbbc39a83,11,both,True,True
TRAIN,41385827-a238-2435-8320-d8d3eb507f5e,a29b437685e10f229bf4252c462988b83c7c9740293c9a6f10da4cbcbbc39a83,13,both,True,True
TRAIN,41385827-a238-2435-8320-d8d3eb507f5e,a29b437685e10f229bf4252c462988b83c7c9740293c9a6f10da4cbcbbc39a83,19,disappeared,True,False
TRAIN,41385827-a238-2435-8320-d8d3eb507f5e,a29b437685e10f229bf4252c462988b83c7c9740293c9a6f10da4cbcbbc39a83,33,disappeared,True,False
TRAIN,5630cfcb-12bf-2860-87ee-b4e4a5bf0cb0,f9ec0c7081139e8b7a0eb7648f311fe146ab5afba1804949147058f9537a4a09,40,both,True,True
TRAIN,5630cfcb-12bf-2860-87ee-b4e4a5bf0cb0,f9ec0c7081139e8b7a0eb7648f311fe146ab5afba1804949147058f9537a4a09,62,both,True,True
TRAIN,5630cfcb-12bf-2860-87ee-b4e4a5bf0cb0,f9ec0c7081139e8b7a0eb7648f311fe146ab5afba1804949147058f9537a4a09,65,both,True,True
TRAIN,5630cfcb-12bf-2860-87ee-b4e4a5bf0cb0,f9ec0c7081139e8b7a0eb7648f311fe146ab5afba1804949147058f9537a4a09,78,disappeared,True,False
TRAIN,5630cfcb-12bf-2860-87ee-b4e4a5bf0cb0,9b3fd9ee13775e6a21172dd9f3da899a09c6f4f628d291562f6329e4d8a9dcc3,40,both,True,True
TRAIN,5630cfcb-12bf-2860-87ee-b4e4a5bf0cb0,9b3fd9ee13775e6a21172dd9f3da899a09c6f4f628d291562f6329e4d8a9dcc3,62,both,True,True
TRAIN,5630cfcb-12bf-2860-87ee-b4e4a5bf0cb0,9b3fd9ee13775e6a21172dd9f3da899a09c6f4f628d291562f6329e4d8a9dcc3,65,both,True,True
TRAIN,5630cfcb-12bf-2860-87ee-b4e4a5bf0cb0,9b3fd9ee13775e6a21172dd9f3da899a09c6f4f628d291562f6329e4d8a9dcc3,78,appeared,False,True
TRAIN,5630cfcb-12bf-2860-87ee-b4e4a5bf0cb0,061d0a2f228132e91f8101e5505d18deca80685e8b5dfff197db107db27b42fc,40,both,True,True
TRAIN,5630cfcb-12bf-2860-87ee-b4e4a5bf0cb0,061d0a2f228132e91f8101e5505d18deca80685e8b5dfff197db107db27b42fc,62,both,True,True
TRAIN,5630cfcb-12bf-2860-87ee-b4e4a5bf0cb0,061d0a2f228132e91f8101e5505d18deca80685e8b5dfff197db107db27b42fc,65,both,True,True
TRAIN,5630cfcb-12bf-2860-87ee-b4e4a5bf0cb0,e8d4093f8e74390748103c8d565ff50a09061f0ef9cebf49ee2354b502faa257,40,both,True,True
TRAIN,5630cfcb-12bf-2860-87ee-b4e4a5bf0cb0,e8d4093f8e74390748103c8d565ff50a09061f0ef9cebf49ee2354b502faa257,62,both,True,True
TRAIN,5630cfcb-12bf-2860-87ee-b4e4a5bf0cb0,e8d4093f8e74390748103c8d565ff50a09061f0ef9cebf49ee2354b502faa257,65,both,True,True
TRAIN,1d233ff6-e280-2b1a-8ed5-3eec62f9bb3f,04fc9ad6bde7cd347da81cb8ce457d4074269394dc08093e9f941e034d32aceb,8,both,True,True
TRAIN,1d233ff6-e280-2b1a-8ed5-3eec62f9bb3f,04fc9ad6bde7cd347da81cb8ce457d4074269394dc08093e9f941e034d32aceb,10,both,True,True
TRAIN,1d233ff6-e280-2b1a-8ed5-3eec62f9bb3f,04fc9ad6bde7cd347da81cb8ce457d4074269394dc08093e9f941e034d32aceb,13,both,True,True
TRAIN,1d233ff6-e280-2b1a-8ed5-3eec62f9bb3f,04fc9ad6bde7cd347da81cb8ce457d4074269394dc08093e9f941e034d32aceb,15,both,True,True
TRAIN,1d233ff6-e280-2b1a-8ed5-3eec62f9bb3f,04fc9ad6bde7cd347da81cb8ce457d4074269394dc08093e9f941e034d32aceb,16,both,True,True
TRAIN,1d233ff6-e280-2b1a-8ed5-3eec62f9bb3f,04fc9ad6bde7cd347da81cb8ce457d4074269394dc08093e9f941e034d32aceb,17,both,True,True
TRAIN,1d233ff6-e280-2b1a-8ed5-3eec62f9bb3f,04fc9ad6bde7cd347da81cb8ce457d4074269394dc08093e9f941e034d32aceb,18,both,True,True
TRAIN,1d233ff6-e280-2b1a-8ed5-3eec62f9bb3f,04fc9ad6bde7cd347da81cb8ce457d4074269394dc08093e9f941e034d32aceb,27,both,True,True
TRAIN,1d233ff6-e280-2b1a-8ed5-3eec62f9bb3f,9b2767ee68b0281e158a47cb295243b2cb49edf15415a38242200a4e42332942,8,both,True,True
TRAIN,1d233ff6-e280-2b1a-8ed5-3eec62f9bb3f,9b2767ee68b0281e158a47cb295243b2cb49edf15415a38242200a4e42332942,10,both,True,True
TRAIN,1d233ff6-e280-2b1a-8ed5-3eec62f9bb3f,9b2767ee68b0281e158a47cb295243b2cb49edf15415a38242200a4e42332942,13,both,True,True
TRAIN,1d233ff6-e280-2b1a-8ed5-3eec62f9bb3f,9b2767ee68b0281e158a47cb295243b2cb49edf15415a38242200a4e42332942,15,both,True,True
TRAIN,1d233ff6-e280-2b1a-8ed5-3eec62f9bb3f,9b2767ee68b0281e158a47cb295243b2cb49edf15415a38242200a4e42332942,16,both,True,True
TRAIN,1d233ff6-e280-2b1a-8ed5-3eec62f9bb3f,9b2767ee68b0281e158a47cb295243b2cb49edf15415a38242200a4e42332942,17,both,True,True
TRAIN,1d233ff6-e280-2b1a-8ed5-3eec62f9bb3f,9b2767ee68b0281e158a47cb295243b2cb49edf15415a38242200a4e42332942,18,both,True,True
TRAIN,1d233ff6-e280-2b1a-8ed5-3eec62f9bb3f,9b2767ee68b0281e158a47cb295243b2cb49edf15415a38242200a4e42332942,27,both,True,True
TRAIN,1d233ff6-e280-2b1a-8ed5-3eec62f9bb3f,7cb7eff8c6c6a6a0e0bc6dab439d44dab6fa851b60fef8f06766a5e718085b36,8,both,True,True
TRAIN,1d233ff6-e280-2b1a-8ed5-3eec62f9bb3f,7cb7eff8c6c6a6a0e0bc6dab439d44dab6fa851b60fef8f06766a5e718085b36,10,both,True,True
TRAIN,1d233ff6-e280-2b1a-8ed5-3eec62f9bb3f,7cb7eff8c6c6a6a0e0bc6dab439d44dab6fa851b60fef8f06766a5e718085b36,13,both,True,True
TRAIN,1d233ff6-e280-2b1a-8ed5-3eec62f9bb3f,7cb7eff8c6c6a6a0e0bc6dab439d44dab6fa851b60fef8f06766a5e718085b36,15,both,True,True
TRAIN,1d233ff6-e280-2b1a-8ed5-3eec62f9bb3f,7cb7eff8c6c6a6a0e0bc6dab439d44dab6fa851b60fef8f06766a5e718085b36,16,both,True,True
TRAIN,1d233ff6-e280-2b1a-8ed5-3eec62f9bb3f,7cb7eff8c6c6a6a0e0bc6dab439d44dab6fa851b60fef8f06766a5e718085b36,17,both,True,True
TRAIN,1d233ff6-e280-2b1a-8ed5-3eec62f9bb3f,7cb7eff8c6c6a6a0e0bc6dab439d44dab6fa851b60fef8f06766a5e718085b36,18,both,True,True
TRAIN,1d233ff6-e280-2b1a-8ed5-3eec62f9bb3f,7cb7eff8c6c6a6a0e0bc6dab439d44dab6fa851b60fef8f06766a5e718085b36,27,both,True,True
TRAIN,0cac760f-8d6f-2d13-8d9d-2d8df8f8cb6e,c2e41507f62e5c073bcdd1d442c315aef40f120b85c2ac1f386b76053fdcbe9b,2,both,True,True
TRAIN,0cac760f-8d6f-2d13-8d9d-2d8df8f8cb6e,c2e41507f62e5c073bcdd1d442c315aef40f120b85c2ac1f386b76053fdcbe9b,3,both,True,True
TRAIN,0cac760f-8d6f-2d13-8d9d-2d8df8f8cb6e,c2e41507f62e5c073bcdd1d442c315aef40f120b85c2ac1f386b76053fdcbe9b,7,both,True,True
TRAIN,0cac760f-8d6f-2d13-8d9d-2d8df8f8cb6e,c2e41507f62e5c073bcdd1d442c315aef40f120b85c2ac1f386b76053fdcbe9b,9,both,True,True
TRAIN,0cac760f-8d6f-2d13-8d9d-2d8df8f8cb6e,c2e41507f62e5c073bcdd1d442c315aef40f120b85c2ac1f386b76053fdcbe9b,12,both,True,True
TRAIN,0cac760f-8d6f-2d13-8d9d-2d8df8f8cb6e,c2e41507f62e5c073bcdd1d442c315aef40f120b85c2ac1f386b76053fdcbe9b,13,both,True,True
TRAIN,0cac760f-8d6f-2d13-8d9d-2d8df8f8cb6e,c2e41507f62e5c073bcdd1d442c315aef40f120b85c2ac1f386b76053fdcbe9b,15,both,True,True
TRAIN,0cac760f-8d6f-2d13-8d9d-2d8df8f8cb6e,c2e41507f62e5c073bcdd1d442c315aef40f120b85c2ac1f386b76053fdcbe9b,33,both,True,True
TRAIN,0cac760f-8d6f-2d13-8d9d-2d8df8f8cb6e,54a5aacd7347fe8fa31d44119f95dc62fac6ab49fb4fd08f451eec2989a6c261,2,both,True,True
TRAIN,0cac760f-8d6f-2d13-8d9d-2d8df8f8cb6e,54a5aacd7347fe8fa31d44119f95dc62fac6ab49fb4fd08f451eec2989a6c261,3,both,True,True
TRAIN,0cac760f-8d6f-2d13-8d9d-2d8df8f8cb6e,54a5aacd7347fe8fa31d44119f95dc62fac6ab49fb4fd08f451eec2989a6c261,7,both,True,True
TRAIN,0cac760f-8d6f-2d13-8d9d-2d8df8f8cb6e,54a5aacd7347fe8fa31d44119f95dc62fac6ab49fb4fd08f451eec2989a6c261,9,both,True,True
TRAIN,0cac760f-8d6f-2d13-8d9d-2d8df8f8cb6e,54a5aacd7347fe8fa31d44119f95dc62fac6ab49fb4fd08f451eec2989a6c261,12,both,True,True
TRAIN,0cac760f-8d6f-2d13-8d9d-2d8df8f8cb6e,54a5aacd7347fe8fa31d44119f95dc62fac6ab49fb4fd08f451eec2989a6c261,13,both,True,True
TRAIN,0cac760f-8d6f-2d13-8d9d-2d8df8f8cb6e,54a5aacd7347fe8fa31d44119f95dc62fac6ab49fb4fd08f451eec2989a6c261,15,both,True,True
TRAIN,0cac760f-8d6f-2d13-8d9d-2d8df8f8cb6e,54a5aacd7347fe8fa31d44119f95dc62fac6ab49fb4fd08f451eec2989a6c261,33,both,True,True
TRAIN,09582212-e2c2-2de1-9700-fa44b14fbded,ad4a1af43458ce8e20982b8bd6330be0a0abc16f59a64fcdb8e806addd4d9dd5,4,both,True,True
TRAIN,09582212-e2c2-2de1-9700-fa44b14fbded,ad4a1af43458ce8e20982b8bd6330be0a0abc16f59a64fcdb8e806addd4d9dd5,9,both,True,True
TRAIN,09582212-e2c2-2de1-9700-fa44b14fbded,ad4a1af43458ce8e20982b8bd6330be0a0abc16f59a64fcdb8e806addd4d9dd5,11,both,True,True
TRAIN,09582212-e2c2-2de1-9700-fa44b14fbded,ad4a1af43458ce8e20982b8bd6330be0a0abc16f59a64fcdb8e806addd4d9dd5,12,both,True,True
TRAIN,09582212-e2c2-2de1-9700-fa44b14fbded,ad4a1af43458ce8e20982b8bd6330be0a0abc16f59a64fcdb8e806addd4d9dd5,17,disappeared,True,False
TRAIN,09582212-e2c2-2de1-9700-fa44b14fbded,2e8f88960fa4eeda6d66452af5cb374422f5afd27ae6f222e282ea5dcaa33614,4,both,True,True
TRAIN,09582212-e2c2-2de1-9700-fa44b14fbded,2e8f88960fa4eeda6d66452af5cb374422f5afd27ae6f222e282ea5dcaa33614,9,both,True,True
TRAIN,09582212-e2c2-2de1-9700-fa44b14fbded,2e8f88960fa4eeda6d66452af5cb374422f5afd27ae6f222e282ea5dcaa33614,12,both,True,True
TRAIN,09582212-e2c2-2de1-9700-fa44b14fbded,2e8f88960fa4eeda6d66452af5cb374422f5afd27ae6f222e282ea5dcaa33614,17,appeared,False,True
TRAIN,09582212-e2c2-2de1-9700-fa44b14fbded,4e0b7cc56463cc5d6df4ade2169bd1808a81a16782562d51305e1d8a34cad325,4,both,True,True
TRAIN,09582212-e2c2-2de1-9700-fa44b14fbded,4e0b7cc56463cc5d6df4ade2169bd1808a81a16782562d51305e1d8a34cad325,9,both,True,True
TRAIN,09582212-e2c2-2de1-9700-fa44b14fbded,4e0b7cc56463cc5d6df4ade2169bd1808a81a16782562d51305e1d8a34cad325,11,both,True,True
TRAIN,09582212-e2c2-2de1-9700-fa44b14fbded,4e0b7cc56463cc5d6df4ade2169bd1808a81a16782562d51305e1d8a34cad325,12,both,True,True
TRAIN,09582212-e2c2-2de1-9700-fa44b14fbded,4e0b7cc56463cc5d6df4ade2169bd1808a81a16782562d51305e1d8a34cad325,17,both,True,True
TRAIN,09582212-e2c2-2de1-9700-fa44b14fbded,48a9d17c0680d9112f132e6bacef63e62069f90fc8b83da1c68f630fca331bcf,4,both,True,True
TRAIN,09582212-e2c2-2de1-9700-fa44b14fbded,48a9d17c0680d9112f132e6bacef63e62069f90fc8b83da1c68f630fca331bcf,9,both,True,True
TRAIN,09582212-e2c2-2de1-9700-fa44b14fbded,48a9d17c0680d9112f132e6bacef63e62069f90fc8b83da1c68f630fca331bcf,11,both,True,True
TRAIN,09582212-e2c2-2de1-9700-fa44b14fbded,48a9d17c0680d9112f132e6bacef63e62069f90fc8b83da1c68f630fca331bcf,12,both,True,True
TRAIN,09582212-e2c2-2de1-9700-fa44b14fbded,48a9d17c0680d9112f132e6bacef63e62069f90fc8b83da1c68f630fca331bcf,17,both,True,True
TRAIN,b05fdd66-fca0-2d4f-88bb-210da4439475,30245531e5af0ec8df78f540335dcf1603ac6b1134b3a6bc92d2b1d8a7c8f059,2,both,True,True
TRAIN,b05fdd66-fca0-2d4f-88bb-210da4439475,30245531e5af0ec8df78f540335dcf1603ac6b1134b3a6bc92d2b1d8a7c8f059,3,both,True,True
TRAIN,b05fdd66-fca0-2d4f-88bb-210da4439475,30245531e5af0ec8df78f540335dcf1603ac6b1134b3a6bc92d2b1d8a7c8f059,4,both,True,True
TRAIN,b05fdd66-fca0-2d4f-88bb-210da4439475,30245531e5af0ec8df78f540335dcf1603ac6b1134b3a6bc92d2b1d8a7c8f059,9,both,True,True
TRAIN,b05fdd66-fca0-2d4f-88bb-210da4439475,30245531e5af0ec8df78f540335dcf1603ac6b1134b3a6bc92d2b1d8a7c8f059,16,both,True,True
TRAIN,b05fdd66-fca0-2d4f-88bb-210da4439475,30245531e5af0ec8df78f540335dcf1603ac6b1134b3a6bc92d2b1d8a7c8f059,17,both,True,True
TRAIN,b05fdd66-fca0-2d4f-88bb-210da4439475,30245531e5af0ec8df78f540335dcf1603ac6b1134b3a6bc92d2b1d8a7c8f059,18,both,True,True
TRAIN,b05fdd66-fca0-2d4f-88bb-210da4439475,30245531e5af0ec8df78f540335dcf1603ac6b1134b3a6bc92d2b1d8a7c8f059,21,both,True,True
TRAIN,b05fdd66-fca0-2d4f-88bb-210da4439475,4f6a1523e0b47c09b4fd64500ab387eac28006a8261f8c16bcfb64dab7d5c8be,2,both,True,True
TRAIN,b05fdd66-fca0-2d4f-88bb-210da4439475,4f6a1523e0b47c09b4fd64500ab387eac28006a8261f8c16bcfb64dab7d5c8be,3,both,True,True
TRAIN,b05fdd66-fca0-2d4f-88bb-210da4439475,4f6a1523e0b47c09b4fd64500ab387eac28006a8261f8c16bcfb64dab7d5c8be,4,both,True,True
TRAIN,b05fdd66-fca0-2d4f-88bb-210da4439475,4f6a1523e0b47c09b4fd64500ab387eac28006a8261f8c16bcfb64dab7d5c8be,9,both,True,True
TRAIN,b05fdd66-fca0-2d4f-88bb-210da4439475,4f6a1523e0b47c09b4fd64500ab387eac28006a8261f8c16bcfb64dab7d5c8be,16,both,True,True
TRAIN,b05fdd66-fca0-2d4f-88bb-210da4439475,4f6a1523e0b47c09b4fd64500ab387eac28006a8261f8c16bcfb64dab7d5c8be,17,both,True,True
TRAIN,b05fdd66-fca0-2d4f-88bb-210da4439475,4f6a1523e0b47c09b4fd64500ab387eac28006a8261f8c16bcfb64dab7d5c8be,18,both,True,True
TRAIN,b05fdd66-fca0-2d4f-88bb-210da4439475,4f6a1523e0b47c09b4fd64500ab387eac28006a8261f8c16bcfb64dab7d5c8be,21,both,True,True
TRAIN,8eabc435-5af7-2f32-85c3-163c1fa6e280,00c52dab865590cac3aa2e27964c570b0f85339670bc03063daf0e6cc209f09a,3,both,True,True
TRAIN,8eabc435-5af7-2f32-85c3-163c1fa6e280,00c52dab865590cac3aa2e27964c570b0f85339670bc03063daf0e6cc209f09a,4,both,True,True
TRAIN,8eabc435-5af7-2f32-85c3-163c1fa6e280,00c52dab865590cac3aa2e27964c570b0f85339670bc03063daf0e6cc209f09a,6,both,True,True
TRAIN,8eabc435-5af7-2f32-85c3-163c1fa6e280,00c52dab865590cac3aa2e27964c570b0f85339670bc03063daf0e6cc209f09a,8,both,True,True
TRAIN,8eabc435-5af7-2f32-85c3-163c1fa6e280,00c52dab865590cac3aa2e27964c570b0f85339670bc03063daf0e6cc209f09a,9,both,True,True
TRAIN,8eabc435-5af7-2f32-85c3-163c1fa6e280,00c52dab865590cac3aa2e27964c570b0f85339670bc03063daf0e6cc209f09a,11,both,True,True
TRAIN,8eabc435-5af7-2f32-85c3-163c1fa6e280,00c52dab865590cac3aa2e27964c570b0f85339670bc03063daf0e6cc209f09a,12,both,True,True
TRAIN,8eabc435-5af7-2f32-85c3-163c1fa6e280,00c52dab865590cac3aa2e27964c570b0f85339670bc03063daf0e6cc209f09a,18,both,True,True
TRAIN,8eabc435-5af7-2f32-85c3-163c1fa6e280,00c52dab865590cac3aa2e27964c570b0f85339670bc03063daf0e6cc209f09a,19,both,True,True
TRAIN,8eabc435-5af7-2f32-85c3-163c1fa6e280,06332fb7b93ea24d1b8206da34aff5f5929fbffc0ac83e2c7def70c7e2276031,3,both,True,True
TRAIN,8eabc435-5af7-2f32-85c3-163c1fa6e280,06332fb7b93ea24d1b8206da34aff5f5929fbffc0ac83e2c7def70c7e2276031,4,both,True,True
TRAIN,8eabc435-5af7-2f32-85c3-163c1fa6e280,06332fb7b93ea24d1b8206da34aff5f5929fbffc0ac83e2c7def70c7e2276031,6,both,True,True
TRAIN,8eabc435-5af7-2f32-85c3-163c1fa6e280,06332fb7b93ea24d1b8206da34aff5f5929fbffc0ac83e2c7def70c7e2276031,8,both,True,True
TRAIN,8eabc435-5af7-2f32-85c3-163c1fa6e280,06332fb7b93ea24d1b8206da34aff5f5929fbffc0ac83e2c7def70c7e2276031,9,both,True,True
TRAIN,8eabc435-5af7-2f32-85c3-163c1fa6e280,06332fb7b93ea24d1b8206da34aff5f5929fbffc0ac83e2c7def70c7e2276031,11,both,True,True
TRAIN,8eabc435-5af7-2f32-85c3-163c1fa6e280,06332fb7b93ea24d1b8206da34aff5f5929fbffc0ac83e2c7def70c7e2276031,12,both,True,True
TRAIN,8eabc435-5af7-2f32-85c3-163c1fa6e280,06332fb7b93ea24d1b8206da34aff5f5929fbffc0ac83e2c7def70c7e2276031,18,both,True,True
TRAIN,8eabc435-5af7-2f32-85c3-163c1fa6e280,06332fb7b93ea24d1b8206da34aff5f5929fbffc0ac83e2c7def70c7e2276031,19,both,True,True
TRAIN,8eabc435-5af7-2f32-85c3-163c1fa6e280,0cfe8e5dddcf3b1f769b98c9affcf08e9e03e2398d1a5ef85583dc6f3038e684,3,both,True,True
TRAIN,8eabc435-5af7-2f32-85c3-163c1fa6e280,0cfe8e5dddcf3b1f769b98c9affcf08e9e03e2398d1a5ef85583dc6f3038e684,4,both,True,True
TRAIN,8eabc435-5af7-2f32-85c3-163c1fa6e280,0cfe8e5dddcf3b1f769b98c9affcf08e9e03e2398d1a5ef85583dc6f3038e684,6,both,True,True
TRAIN,8eabc435-5af7-2f32-85c3-163c1fa6e280,0cfe8e5dddcf3b1f769b98c9affcf08e9e03e2398d1a5ef85583dc6f3038e684,8,both,True,True
TRAIN,8eabc435-5af7-2f32-85c3-163c1fa6e280,0cfe8e5dddcf3b1f769b98c9affcf08e9e03e2398d1a5ef85583dc6f3038e684,9,both,True,True
TRAIN,8eabc435-5af7-2f32-85c3-163c1fa6e280,0cfe8e5dddcf3b1f769b98c9affcf08e9e03e2398d1a5ef85583dc6f3038e684,11,both,True,True
TRAIN,8eabc435-5af7-2f32-85c3-163c1fa6e280,0cfe8e5dddcf3b1f769b98c9affcf08e9e03e2398d1a5ef85583dc6f3038e684,12,both,True,True
TRAIN,8eabc435-5af7-2f32-85c3-163c1fa6e280,0cfe8e5dddcf3b1f769b98c9affcf08e9e03e2398d1a5ef85583dc6f3038e684,18,both,True,True
TRAIN,8eabc435-5af7-2f32-85c3-163c1fa6e280,0cfe8e5dddcf3b1f769b98c9affcf08e9e03e2398d1a5ef85583dc6f3038e684,19,both,True,True
TRAIN,54b263a3-0199-2df4-87db-40539528902d,5f5b234058db53a64635cdde554b813acfcda5433927f9c73e5eb131e00b1037,4,both,True,True
TRAIN,54b263a3-0199-2df4-87db-40539528902d,5f5b234058db53a64635cdde554b813acfcda5433927f9c73e5eb131e00b1037,8,both,True,True
TRAIN,54b263a3-0199-2df4-87db-40539528902d,b94469112cd12ba5114d7e5636a29bf3957743951ac4f6dcd8ebb54657f252b3,4,both,True,True
TRAIN,54b263a3-0199-2df4-87db-40539528902d,b94469112cd12ba5114d7e5636a29bf3957743951ac4f6dcd8ebb54657f252b3,8,both,True,True
TRAIN,54b263a3-0199-2df4-87db-40539528902d,03f0761ec017c355c86bd84a2248e1f20df8a127d19ef744d76138619e3c7743,4,both,True,True
TRAIN,54b263a3-0199-2df4-87db-40539528902d,03f0761ec017c355c86bd84a2248e1f20df8a127d19ef744d76138619e3c7743,8,both,True,True
TRAIN,54b263a3-0199-2df4-87db-40539528902d,03f0761ec017c355c86bd84a2248e1f20df8a127d19ef744d76138619e3c7743,12,both,True,True
TRAIN,8eabc42c-5af7-2f32-87c4-bf646779aa62,5374dc18ed4c20f5f4f8c81c9bf56503fd33d39ef837f7c8a50c471fa82b6dfe,2,both,True,True
TRAIN,8eabc42c-5af7-2f32-87c4-bf646779aa62,5374dc18ed4c20f5f4f8c81c9bf56503fd33d39ef837f7c8a50c471fa82b6dfe,4,both,True,True
TRAIN,8eabc42c-5af7-2f32-87c4-bf646779aa62,5374dc18ed4c20f5f4f8c81c9bf56503fd33d39ef837f7c8a50c471fa82b6dfe,7,both,True,True
TRAIN,8eabc42c-5af7-2f32-87c4-bf646779aa62,5374dc18ed4c20f5f4f8c81c9bf56503fd33d39ef837f7c8a50c471fa82b6dfe,8,both,True,True
TRAIN,8eabc42c-5af7-2f32-87c4-bf646779aa62,5374dc18ed4c20f5f4f8c81c9bf56503fd33d39ef837f7c8a50c471fa82b6dfe,9,both,True,True
TRAIN,8eabc42c-5af7-2f32-87c4-bf646779aa62,5374dc18ed4c20f5f4f8c81c9bf56503fd33d39ef837f7c8a50c471fa82b6dfe,11,both,True,True
TRAIN,8eabc42c-5af7-2f32-87c4-bf646779aa62,5374dc18ed4c20f5f4f8c81c9bf56503fd33d39ef837f7c8a50c471fa82b6dfe,12,both,True,True
TRAIN,8eabc42c-5af7-2f32-87c4-bf646779aa62,5374dc18ed4c20f5f4f8c81c9bf56503fd33d39ef837f7c8a50c471fa82b6dfe,14,both,True,True
TRAIN,8eabc42c-5af7-2f32-87c4-bf646779aa62,5374dc18ed4c20f5f4f8c81c9bf56503fd33d39ef837f7c8a50c471fa82b6dfe,15,both,True,True
TRAIN,8eabc42c-5af7-2f32-87c4-bf646779aa62,5374dc18ed4c20f5f4f8c81c9bf56503fd33d39ef837f7c8a50c471fa82b6dfe,17,both,True,True
TRAIN,8eabc42c-5af7-2f32-87c4-bf646779aa62,5374dc18ed4c20f5f4f8c81c9bf56503fd33d39ef837f7c8a50c471fa82b6dfe,18,both,True,True
TRAIN,8eabc42c-5af7-2f32-87c4-bf646779aa62,5374dc18ed4c20f5f4f8c81c9bf56503fd33d39ef837f7c8a50c471fa82b6dfe,19,both,True,True
TRAIN,8eabc42c-5af7-2f32-87c4-bf646779aa62,5374dc18ed4c20f5f4f8c81c9bf56503fd33d39ef837f7c8a50c471fa82b6dfe,32,disappeared,True,False
TRAIN,8eabc42c-5af7-2f32-87c4-bf646779aa62,6a37abf65438f733b586cd5fbab58d61e13581cf3029dcfb51243c91bcc2aa15,2,both,True,True
TRAIN,8eabc42c-5af7-2f32-87c4-bf646779aa62,6a37abf65438f733b586cd5fbab58d61e13581cf3029dcfb51243c91bcc2aa15,4,both,True,True
TRAIN,8eabc42c-5af7-2f32-87c4-bf646779aa62,6a37abf65438f733b586cd5fbab58d61e13581cf3029dcfb51243c91bcc2aa15,7,both,True,True
TRAIN,8eabc42c-5af7-2f32-87c4-bf646779aa62,6a37abf65438f733b586cd5fbab58d61e13581cf3029dcfb51243c91bcc2aa15,8,both,True,True
TRAIN,8eabc42c-5af7-2f32-87c4-bf646779aa62,6a37abf65438f733b586cd5fbab58d61e13581cf3029dcfb51243c91bcc2aa15,9,both,True,True
TRAIN,8eabc42c-5af7-2f32-87c4-bf646779aa62,6a37abf65438f733b586cd5fbab58d61e13581cf3029dcfb51243c91bcc2aa15,11,both,True,True
TRAIN,8eabc42c-5af7-2f32-87c4-bf646779aa62,6a37abf65438f733b586cd5fbab58d61e13581cf3029dcfb51243c91bcc2aa15,12,both,True,True
TRAIN,8eabc42c-5af7-2f32-87c4-bf646779aa62,6a37abf65438f733b586cd5fbab58d61e13581cf3029dcfb51243c91bcc2aa15,14,both,True,True
TRAIN,8eabc42c-5af7-2f32-87c4-bf646779aa62,6a37abf65438f733b586cd5fbab58d61e13581cf3029dcfb51243c91bcc2aa15,15,both,True,True
TRAIN,8eabc42c-5af7-2f32-87c4-bf646779aa62,6a37abf65438f733b586cd5fbab58d61e13581cf3029dcfb51243c91bcc2aa15,17,both,True,True
TRAIN,8eabc42c-5af7-2f32-87c4-bf646779aa62,6a37abf65438f733b586cd5fbab58d61e13581cf3029dcfb51243c91bcc2aa15,18,both,True,True
TRAIN,8eabc42c-5af7-2f32-87c4-bf646779aa62,6a37abf65438f733b586cd5fbab58d61e13581cf3029dcfb51243c91bcc2aa15,19,both,True,True
TRAIN,8eabc42c-5af7-2f32-87c4-bf646779aa62,87631299e1bc0adbbf947cf37f7a94e79a315ae91ff8fa513f53971e8ba0ea89,2,both,True,True
TRAIN,8eabc42c-5af7-2f32-87c4-bf646779aa62,87631299e1bc0adbbf947cf37f7a94e79a315ae91ff8fa513f53971e8ba0ea89,4,both,True,True
TRAIN,8eabc42c-5af7-2f32-87c4-bf646779aa62,87631299e1bc0adbbf947cf37f7a94e79a315ae91ff8fa513f53971e8ba0ea89,7,both,True,True
TRAIN,8eabc42c-5af7-2f32-87c4-bf646779aa62,87631299e1bc0adbbf947cf37f7a94e79a315ae91ff8fa513f53971e8ba0ea89,8,both,True,True
TRAIN,8eabc42c-5af7-2f32-87c4-bf646779aa62,87631299e1bc0adbbf947cf37f7a94e79a315ae91ff8fa513f53971e8ba0ea89,9,both,True,True
TRAIN,8eabc42c-5af7-2f32-87c4-bf646779aa62,87631299e1bc0adbbf947cf37f7a94e79a315ae91ff8fa513f53971e8ba0ea89,11,both,True,True
TRAIN,8eabc42c-5af7-2f32-87c4-bf646779aa62,87631299e1bc0adbbf947cf37f7a94e79a315ae91ff8fa513f53971e8ba0ea89,12,both,True,True
TRAIN,8eabc42c-5af7-2f32-87c4-bf646779aa62,87631299e1bc0adbbf947cf37f7a94e79a315ae91ff8fa513f53971e8ba0ea89,14,both,True,True
TRAIN,8eabc42c-5af7-2f32-87c4-bf646779aa62,87631299e1bc0adbbf947cf37f7a94e79a315ae91ff8fa513f53971e8ba0ea89,15,both,True,True
TRAIN,8eabc42c-5af7-2f32-87c4-bf646779aa62,87631299e1bc0adbbf947cf37f7a94e79a315ae91ff8fa513f53971e8ba0ea89,17,both,True,True
TRAIN,8eabc42c-5af7-2f32-87c4-bf646779aa62,87631299e1bc0adbbf947cf37f7a94e79a315ae91ff8fa513f53971e8ba0ea89,18,both,True,True
TRAIN,8eabc42c-5af7-2f32-87c4-bf646779aa62,87631299e1bc0adbbf947cf37f7a94e79a315ae91ff8fa513f53971e8ba0ea89,19,both,True,True
TRAIN,8eabc42c-5af7-2f32-87c4-bf646779aa62,87631299e1bc0adbbf947cf37f7a94e79a315ae91ff8fa513f53971e8ba0ea89,32,appeared,False,True
TRAIN,752cc57f-920c-26f5-8e8d-1f9d567cffd7,dedca2033a7d46e98a6285ea16c94cfaed103b49492693cb73fbd94b174e5d1e,3,both,True,True
TRAIN,752cc57f-920c-26f5-8e8d-1f9d567cffd7,dedca2033a7d46e98a6285ea16c94cfaed103b49492693cb73fbd94b174e5d1e,7,both,True,True
TRAIN,752cc57f-920c-26f5-8e8d-1f9d567cffd7,dedca2033a7d46e98a6285ea16c94cfaed103b49492693cb73fbd94b174e5d1e,8,both,True,True
TRAIN,752cc57f-920c-26f5-8e8d-1f9d567cffd7,dedca2033a7d46e98a6285ea16c94cfaed103b49492693cb73fbd94b174e5d1e,9,both,True,True
TRAIN,752cc57f-920c-26f5-8e8d-1f9d567cffd7,90135a30d8ad2edac7b348c32e566d271863312c39238d3adca35c9f8ddc1a76,3,both,True,True
TRAIN,752cc57f-920c-26f5-8e8d-1f9d567cffd7,90135a30d8ad2edac7b348c32e566d271863312c39238d3adca35c9f8ddc1a76,7,both,True,True
TRAIN,752cc57f-920c-26f5-8e8d-1f9d567cffd7,90135a30d8ad2edac7b348c32e566d271863312c39238d3adca35c9f8ddc1a76,8,both,True,True
TRAIN,752cc57f-920c-26f5-8e8d-1f9d567cffd7,90135a30d8ad2edac7b348c32e566d271863312c39238d3adca35c9f8ddc1a76,9,both,True,True
TRAIN,752cc57f-920c-26f5-8e8d-1f9d567cffd7,a95ee2d05303af4e623c305ff34f2c391ba308467fbc71ebe45b877ee506ff2c,3,both,True,True
TRAIN,752cc57f-920c-26f5-8e8d-1f9d567cffd7,a95ee2d05303af4e623c305ff34f2c391ba308467fbc71ebe45b877ee506ff2c,7,both,True,True
TRAIN,752cc57f-920c-26f5-8e8d-1f9d567cffd7,a95ee2d05303af4e623c305ff34f2c391ba308467fbc71ebe45b877ee506ff2c,8,both,True,True
TRAIN,752cc57f-920c-26f5-8e8d-1f9d567cffd7,a95ee2d05303af4e623c305ff34f2c391ba308467fbc71ebe45b877ee506ff2c,9,both,True,True
TRAIN,752cc57f-920c-26f5-8e8d-1f9d567cffd7,b3d59884a653539afe74ebc1a7190006376ff6177a8ab497e15daa9b399bcd5b,3,both,True,True
TRAIN,752cc57f-920c-26f5-8e8d-1f9d567cffd7,b3d59884a653539afe74ebc1a7190006376ff6177a8ab497e15daa9b399bcd5b,7,both,True,True
TRAIN,752cc57f-920c-26f5-8e8d-1f9d567cffd7,b3d59884a653539afe74ebc1a7190006376ff6177a8ab497e15daa9b399bcd5b,8,both,True,True
TRAIN,752cc57f-920c-26f5-8e8d-1f9d567cffd7,b3d59884a653539afe74ebc1a7190006376ff6177a8ab497e15daa9b399bcd5b,9,both,True,True
TRAIN,0ad2d38f-79e2-2212-98d2-9b5060e5e9b5,340e2aedf46b5cdab1af8d299d156c997951cba8252b79c5f0660b84b8a19f9c,2,both,True,True
TRAIN,0ad2d38f-79e2-2212-98d2-9b5060e5e9b5,340e2aedf46b5cdab1af8d299d156c997951cba8252b79c5f0660b84b8a19f9c,7,both,True,True
TRAIN,0ad2d38f-79e2-2212-98d2-9b5060e5e9b5,340e2aedf46b5cdab1af8d299d156c997951cba8252b79c5f0660b84b8a19f9c,8,both,True,True
TRAIN,0ad2d38f-79e2-2212-98d2-9b5060e5e9b5,340e2aedf46b5cdab1af8d299d156c997951cba8252b79c5f0660b84b8a19f9c,9,both,True,True
TRAIN,0ad2d38f-79e2-2212-98d2-9b5060e5e9b5,340e2aedf46b5cdab1af8d299d156c997951cba8252b79c5f0660b84b8a19f9c,11,both,True,True
TRAIN,0ad2d38f-79e2-2212-98d2-9b5060e5e9b5,340e2aedf46b5cdab1af8d299d156c997951cba8252b79c5f0660b84b8a19f9c,12,both,True,True
TRAIN,0ad2d38f-79e2-2212-98d2-9b5060e5e9b5,cd39e119740e5ce3daadf3a229c24fb5a18d5e78679e0eac81d6dbb3bad94bb8,2,both,True,True
TRAIN,0ad2d38f-79e2-2212-98d2-9b5060e5e9b5,cd39e119740e5ce3daadf3a229c24fb5a18d5e78679e0eac81d6dbb3bad94bb8,7,both,True,True
TRAIN,0ad2d38f-79e2-2212-98d2-9b5060e5e9b5,cd39e119740e5ce3daadf3a229c24fb5a18d5e78679e0eac81d6dbb3bad94bb8,8,both,True,True
TRAIN,0ad2d38f-79e2-2212-98d2-9b5060e5e9b5,cd39e119740e5ce3daadf3a229c24fb5a18d5e78679e0eac81d6dbb3bad94bb8,9,both,True,True
TRAIN,0ad2d38f-79e2-2212-98d2-9b5060e5e9b5,cd39e119740e5ce3daadf3a229c24fb5a18d5e78679e0eac81d6dbb3bad94bb8,11,both,True,True
TRAIN,0ad2d38f-79e2-2212-98d2-9b5060e5e9b5,cd39e119740e5ce3daadf3a229c24fb5a18d5e78679e0eac81d6dbb3bad94bb8,12,both,True,True
TRAIN,6993478e-1286-2e5b-82d0-eb36d75214de,2e503576faa64a9ed8756110aaf77c5fad81535fe4745f95acdc65dfd72f9952,5,both,True,True
TRAIN,6993478e-1286-2e5b-82d0-eb36d75214de,2e503576faa64a9ed8756110aaf77c5fad81535fe4745f95acdc65dfd72f9952,8,both,True,True
TRAIN,6993478e-1286-2e5b-82d0-eb36d75214de,2e503576faa64a9ed8756110aaf77c5fad81535fe4745f95acdc65dfd72f9952,13,both,True,True
TRAIN,6993478e-1286-2e5b-82d0-eb36d75214de,2e503576faa64a9ed8756110aaf77c5fad81535fe4745f95acdc65dfd72f9952,14,both,True,True
TRAIN,6993478e-1286-2e5b-82d0-eb36d75214de,2e503576faa64a9ed8756110aaf77c5fad81535fe4745f95acdc65dfd72f9952,15,both,True,True
TRAIN,6993478e-1286-2e5b-82d0-eb36d75214de,2e503576faa64a9ed8756110aaf77c5fad81535fe4745f95acdc65dfd72f9952,18,both,True,True
TRAIN,6993478e-1286-2e5b-82d0-eb36d75214de,2e503576faa64a9ed8756110aaf77c5fad81535fe4745f95acdc65dfd72f9952,20,both,True,True
TRAIN,6993478e-1286-2e5b-82d0-eb36d75214de,2e503576faa64a9ed8756110aaf77c5fad81535fe4745f95acdc65dfd72f9952,23,both,True,True
TRAIN,6993478e-1286-2e5b-82d0-eb36d75214de,2e503576faa64a9ed8756110aaf77c5fad81535fe4745f95acdc65dfd72f9952,24,both,True,True
TRAIN,6993478e-1286-2e5b-82d0-eb36d75214de,2e503576faa64a9ed8756110aaf77c5fad81535fe4745f95acdc65dfd72f9952,32,both,True,True
TRAIN,6993478e-1286-2e5b-82d0-eb36d75214de,2e503576faa64a9ed8756110aaf77c5fad81535fe4745f95acdc65dfd72f9952,36,both,True,True
TRAIN,6993478e-1286-2e5b-82d0-eb36d75214de,2e503576faa64a9ed8756110aaf77c5fad81535fe4745f95acdc65dfd72f9952,40,both,True,True
TRAIN,6993478e-1286-2e5b-82d0-eb36d75214de,00834305d3224ee0b2eb6599585987903c7303c754e2669cc0f75ad76c6bcef2,5,both,True,True
TRAIN,6993478e-1286-2e5b-82d0-eb36d75214de,00834305d3224ee0b2eb6599585987903c7303c754e2669cc0f75ad76c6bcef2,8,both,True,True
TRAIN,6993478e-1286-2e5b-82d0-eb36d75214de,00834305d3224ee0b2eb6599585987903c7303c754e2669cc0f75ad76c6bcef2,13,both,True,True
TRAIN,6993478e-1286-2e5b-82d0-eb36d75214de,00834305d3224ee0b2eb6599585987903c7303c754e2669cc0f75ad76c6bcef2,14,both,True,True
TRAIN,6993478e-1286-2e5b-82d0-eb36d75214de,00834305d3224ee0b2eb6599585987903c7303c754e2669cc0f75ad76c6bcef2,15,both,True,True
TRAIN,6993478e-1286-2e5b-82d0-eb36d75214de,00834305d3224ee0b2eb6599585987903c7303c754e2669cc0f75ad76c6bcef2,18,both,True,True
TRAIN,6993478e-1286-2e5b-82d0-eb36d75214de,00834305d3224ee0b2eb6599585987903c7303c754e2669cc0f75ad76c6bcef2,20,both,True,True
TRAIN,6993478e-1286-2e5b-82d0-eb36d75214de,00834305d3224ee0b2eb6599585987903c7303c754e2669cc0f75ad76c6bcef2,23,both,True,True
TRAIN,6993478e-1286-2e5b-82d0-eb36d75214de,00834305d3224ee0b2eb6599585987903c7303c754e2669cc0f75ad76c6bcef2,24,both,True,True
TRAIN,6993478e-1286-2e5b-82d0-eb36d75214de,00834305d3224ee0b2eb6599585987903c7303c754e2669cc0f75ad76c6bcef2,32,both,True,True
TRAIN,6993478e-1286-2e5b-82d0-eb36d75214de,00834305d3224ee0b2eb6599585987903c7303c754e2669cc0f75ad76c6bcef2,36,both,True,True
TRAIN,6993478e-1286-2e5b-82d0-eb36d75214de,00834305d3224ee0b2eb6599585987903c7303c754e2669cc0f75ad76c6bcef2,40,both,True,True
TRAIN,bcb0fe0e-4f39-2c70-9e02-22b2f980cc35,856f17acc105d491861a0f73430adce9e6da22fbc25ca88fba48a02e926c2ad0,2,both,True,True
TRAIN,bcb0fe0e-4f39-2c70-9e02-22b2f980cc35,856f17acc105d491861a0f73430adce9e6da22fbc25ca88fba48a02e926c2ad0,3,both,True,True
TRAIN,bcb0fe0e-4f39-2c70-9e02-22b2f980cc35,856f17acc105d491861a0f73430adce9e6da22fbc25ca88fba48a02e926c2ad0,6,both,True,True
TRAIN,bcb0fe0e-4f39-2c70-9e02-22b2f980cc35,856f17acc105d491861a0f73430adce9e6da22fbc25ca88fba48a02e926c2ad0,10,appeared,False,True
TRAIN,bcb0fe0e-4f39-2c70-9e02-22b2f980cc35,856f17acc105d491861a0f73430adce9e6da22fbc25ca88fba48a02e926c2ad0,11,both,True,True
TRAIN,bcb0fe0e-4f39-2c70-9e02-22b2f980cc35,856f17acc105d491861a0f73430adce9e6da22fbc25ca88fba48a02e926c2ad0,12,both,True,True
TRAIN,bcb0fe0e-4f39-2c70-9e02-22b2f980cc35,856f17acc105d491861a0f73430adce9e6da22fbc25ca88fba48a02e926c2ad0,16,both,True,True
TRAIN,bcb0fe0e-4f39-2c70-9e02-22b2f980cc35,856f17acc105d491861a0f73430adce9e6da22fbc25ca88fba48a02e926c2ad0,17,both,True,True
TRAIN,bcb0fe0e-4f39-2c70-9e02-22b2f980cc35,856f17acc105d491861a0f73430adce9e6da22fbc25ca88fba48a02e926c2ad0,18,both,True,True
TRAIN,bcb0fe0e-4f39-2c70-9e02-22b2f980cc35,856f17acc105d491861a0f73430adce9e6da22fbc25ca88fba48a02e926c2ad0,20,both,True,True
TRAIN,bcb0fe0e-4f39-2c70-9e02-22b2f980cc35,856f17acc105d491861a0f73430adce9e6da22fbc25ca88fba48a02e926c2ad0,43,appeared,False,True
TRAIN,bcb0fe0e-4f39-2c70-9e02-22b2f980cc35,0aea0a76f51a10f1c1bef783019e7b68c3122b1e0c528a43ebec0cf6ee0a173b,2,both,True,True
TRAIN,bcb0fe0e-4f39-2c70-9e02-22b2f980cc35,0aea0a76f51a10f1c1bef783019e7b68c3122b1e0c528a43ebec0cf6ee0a173b,3,both,True,True
TRAIN,bcb0fe0e-4f39-2c70-9e02-22b2f980cc35,0aea0a76f51a10f1c1bef783019e7b68c3122b1e0c528a43ebec0cf6ee0a173b,6,both,True,True
TRAIN,bcb0fe0e-4f39-2c70-9e02-22b2f980cc35,0aea0a76f51a10f1c1bef783019e7b68c3122b1e0c528a43ebec0cf6ee0a173b,10,disappeared,True,False
TRAIN,bcb0fe0e-4f39-2c70-9e02-22b2f980cc35,0aea0a76f51a10f1c1bef783019e7b68c3122b1e0c528a43ebec0cf6ee0a173b,11,both,True,True
TRAIN,bcb0fe0e-4f39-2c70-9e02-22b2f980cc35,0aea0a76f51a10f1c1bef783019e7b68c3122b1e0c528a43ebec0cf6ee0a173b,12,both,True,True
TRAIN,bcb0fe0e-4f39-2c70-9e02-22b2f980cc35,0aea0a76f51a10f1c1bef783019e7b68c3122b1e0c528a43ebec0cf6ee0a173b,16,both,True,True
TRAIN,bcb0fe0e-4f39-2c70-9e02-22b2f980cc35,0aea0a76f51a10f1c1bef783019e7b68c3122b1e0c528a43ebec0cf6ee0a173b,17,both,True,True
TRAIN,bcb0fe0e-4f39-2c70-9e02-22b2f980cc35,0aea0a76f51a10f1c1bef783019e7b68c3122b1e0c528a43ebec0cf6ee0a173b,18,both,True,True
TRAIN,bcb0fe0e-4f39-2c70-9e02-22b2f980cc35,0aea0a76f51a10f1c1bef783019e7b68c3122b1e0c528a43ebec0cf6ee0a173b,20,both,True,True
TRAIN,bcb0fe0e-4f39-2c70-9e02-22b2f980cc35,0aea0a76f51a10f1c1bef783019e7b68c3122b1e0c528a43ebec0cf6ee0a173b,43,disappeared,True,False
TRAIN,531cff02-0021-28f6-8deb-a71f6c628346,6828eb2f0bd2bd5dfb6a4274016160c8a0ae6553f30c03ee860d529ffa7f678e,6,both,True,True
TRAIN,531cff02-0021-28f6-8deb-a71f6c628346,6828eb2f0bd2bd5dfb6a4274016160c8a0ae6553f30c03ee860d529ffa7f678e,11,both,True,True
TRAIN,531cff02-0021-28f6-8deb-a71f6c628346,6828eb2f0bd2bd5dfb6a4274016160c8a0ae6553f30c03ee860d529ffa7f678e,23,both,True,True
TRAIN,531cff02-0021-28f6-8deb-a71f6c628346,6828eb2f0bd2bd5dfb6a4274016160c8a0ae6553f30c03ee860d529ffa7f678e,25,both,True,True
TRAIN,531cff02-0021-28f6-8deb-a71f6c628346,6828eb2f0bd2bd5dfb6a4274016160c8a0ae6553f30c03ee860d529ffa7f678e,51,both,True,True
TRAIN,531cff02-0021-28f6-8deb-a71f6c628346,b605a9b36c04c13faf0bffdf8fa56b705806721c79776f7ccd9be5cb75addc27,6,both,True,True
TRAIN,531cff02-0021-28f6-8deb-a71f6c628346,b605a9b36c04c13faf0bffdf8fa56b705806721c79776f7ccd9be5cb75addc27,11,both,True,True
TRAIN,531cff02-0021-28f6-8deb-a71f6c628346,b605a9b36c04c13faf0bffdf8fa56b705806721c79776f7ccd9be5cb75addc27,23,both,True,True
TRAIN,531cff02-0021-28f6-8deb-a71f6c628346,b605a9b36c04c13faf0bffdf8fa56b705806721c79776f7ccd9be5cb75addc27,25,both,True,True
TRAIN,531cff02-0021-28f6-8deb-a71f6c628346,b605a9b36c04c13faf0bffdf8fa56b705806721c79776f7ccd9be5cb75addc27,51,both,True,True
TRAIN,531cff02-0021-28f6-8deb-a71f6c628346,e24fbb94becd9ddc0c9890c20c60ded5caf206a09de65e3f0d70d027fd48d8da,6,both,True,True
TRAIN,531cff02-0021-28f6-8deb-a71f6c628346,e24fbb94becd9ddc0c9890c20c60ded5caf206a09de65e3f0d70d027fd48d8da,11,both,True,True
TRAIN,531cff02-0021-28f6-8deb-a71f6c628346,e24fbb94becd9ddc0c9890c20c60ded5caf206a09de65e3f0d70d027fd48d8da,23,both,True,True
TRAIN,531cff02-0021-28f6-8deb-a71f6c628346,e24fbb94becd9ddc0c9890c20c60ded5caf206a09de65e3f0d70d027fd48d8da,25,both,True,True
TRAIN,531cff02-0021-28f6-8deb-a71f6c628346,e24fbb94becd9ddc0c9890c20c60ded5caf206a09de65e3f0d70d027fd48d8da,51,both,True,True
TRAIN,531cff02-0021-28f6-8deb-a71f6c628346,f6dd184110dae08a5f9a94feb1e3ceac0d54a47d0a04465324038949a521b614,6,both,True,True
TRAIN,531cff02-0021-28f6-8deb-a71f6c628346,f6dd184110dae08a5f9a94feb1e3ceac0d54a47d0a04465324038949a521b614,11,both,True,True
TRAIN,531cff02-0021-28f6-8deb-a71f6c628346,f6dd184110dae08a5f9a94feb1e3ceac0d54a47d0a04465324038949a521b614,23,both,True,True
TRAIN,531cff02-0021-28f6-8deb-a71f6c628346,f6dd184110dae08a5f9a94feb1e3ceac0d54a47d0a04465324038949a521b614,25,both,True,True
TRAIN,531cff02-0021-28f6-8deb-a71f6c628346,f6dd184110dae08a5f9a94feb1e3ceac0d54a47d0a04465324038949a521b614,51,both,True,True
TRAIN,422885e9-192d-25fc-87a9-7013fe4114f2,d07858ee6341cf156a91f6a362cf65e29b7b24f622526f5f1140724197fa2f17,3,both,True,True
TRAIN,422885e9-192d-25fc-87a9-7013fe4114f2,d07858ee6341cf156a91f6a362cf65e29b7b24f622526f5f1140724197fa2f17,8,both,True,True
TRAIN,422885e9-192d-25fc-87a9-7013fe4114f2,d07858ee6341cf156a91f6a362cf65e29b7b24f622526f5f1140724197fa2f17,9,both,True,True
TRAIN,422885e9-192d-25fc-87a9-7013fe4114f2,d07858ee6341cf156a91f6a362cf65e29b7b24f622526f5f1140724197fa2f17,10,both,True,True
TRAIN,422885e9-192d-25fc-87a9-7013fe4114f2,d07858ee6341cf156a91f6a362cf65e29b7b24f622526f5f1140724197fa2f17,11,both,True,True
TRAIN,422885e9-192d-25fc-87a9-7013fe4114f2,d07858ee6341cf156a91f6a362cf65e29b7b24f622526f5f1140724197fa2f17,13,both,True,True
TRAIN,422885e9-192d-25fc-87a9-7013fe4114f2,d07858ee6341cf156a91f6a362cf65e29b7b24f622526f5f1140724197fa2f17,15,both,True,True
TRAIN,422885e9-192d-25fc-87a9-7013fe4114f2,d07858ee6341cf156a91f6a362cf65e29b7b24f622526f5f1140724197fa2f17,17,both,True,True
TRAIN,422885e9-192d-25fc-87a9-7013fe4114f2,d07858ee6341cf156a91f6a362cf65e29b7b24f622526f5f1140724197fa2f17,19,both,True,True
TRAIN,422885e9-192d-25fc-87a9-7013fe4114f2,d07858ee6341cf156a91f6a362cf65e29b7b24f622526f5f1140724197fa2f17,20,both,True,True
TRAIN,422885e9-192d-25fc-87a9-7013fe4114f2,d07858ee6341cf156a91f6a362cf65e29b7b24f622526f5f1140724197fa2f17,22,both,True,True
TRAIN,422885e9-192d-25fc-87a9-7013fe4114f2,d07858ee6341cf156a91f6a362cf65e29b7b24f622526f5f1140724197fa2f17,25,both,True,True
TRAIN,422885e9-192d-25fc-87a9-7013fe4114f2,d07858ee6341cf156a91f6a362cf65e29b7b24f622526f5f1140724197fa2f17,31,both,True,True
TRAIN,422885e9-192d-25fc-87a9-7013fe4114f2,d07858ee6341cf156a91f6a362cf65e29b7b24f622526f5f1140724197fa2f17,32,both,True,True
TRAIN,422885e9-192d-25fc-87a9-7013fe4114f2,d07858ee6341cf156a91f6a362cf65e29b7b24f622526f5f1140724197fa2f17,35,both,True,True
TRAIN,422885e9-192d-25fc-87a9-7013fe4114f2,d07858ee6341cf156a91f6a362cf65e29b7b24f622526f5f1140724197fa2f17,49,both,True,True
TRAIN,422885e9-192d-25fc-87a9-7013fe4114f2,d07858ee6341cf156a91f6a362cf65e29b7b24f622526f5f1140724197fa2f17,50,both,True,True
TRAIN,422885e9-192d-25fc-87a9-7013fe4114f2,d07858ee6341cf156a91f6a362cf65e29b7b24f622526f5f1140724197fa2f17,65,both,True,True
TRAIN,422885e9-192d-25fc-87a9-7013fe4114f2,d07858ee6341cf156a91f6a362cf65e29b7b24f622526f5f1140724197fa2f17,76,disappeared,True,False
TRAIN,422885e9-192d-25fc-87a9-7013fe4114f2,d07858ee6341cf156a91f6a362cf65e29b7b24f622526f5f1140724197fa2f17,80,disappeared,True,False
TRAIN,422885e9-192d-25fc-87a9-7013fe4114f2,d07858ee6341cf156a91f6a362cf65e29b7b24f622526f5f1140724197fa2f17,81,disappeared,True,False
TRAIN,422885e9-192d-25fc-87a9-7013fe4114f2,1a56f27dbf1b5f5c8b1da571ec4af1b2b97f6924341b8c87da015bb5abb87d47,3,both,True,True
TRAIN,422885e9-192d-25fc-87a9-7013fe4114f2,1a56f27dbf1b5f5c8b1da571ec4af1b2b97f6924341b8c87da015bb5abb87d47,8,both,True,True
TRAIN,422885e9-192d-25fc-87a9-7013fe4114f2,1a56f27dbf1b5f5c8b1da571ec4af1b2b97f6924341b8c87da015bb5abb87d47,9,both,True,True
TRAIN,422885e9-192d-25fc-87a9-7013fe4114f2,1a56f27dbf1b5f5c8b1da571ec4af1b2b97f6924341b8c87da015bb5abb87d47,10,both,True,True
TRAIN,422885e9-192d-25fc-87a9-7013fe4114f2,1a56f27dbf1b5f5c8b1da571ec4af1b2b97f6924341b8c87da015bb5abb87d47,11,both,True,True
TRAIN,422885e9-192d-25fc-87a9-7013fe4114f2,1a56f27dbf1b5f5c8b1da571ec4af1b2b97f6924341b8c87da015bb5abb87d47,13,both,True,True
TRAIN,422885e9-192d-25fc-87a9-7013fe4114f2,1a56f27dbf1b5f5c8b1da571ec4af1b2b97f6924341b8c87da015bb5abb87d47,15,both,True,True
TRAIN,422885e9-192d-25fc-87a9-7013fe4114f2,1a56f27dbf1b5f5c8b1da571ec4af1b2b97f6924341b8c87da015bb5abb87d47,17,both,True,True
TRAIN,422885e9-192d-25fc-87a9-7013fe4114f2,1a56f27dbf1b5f5c8b1da571ec4af1b2b97f6924341b8c87da015bb5abb87d47,19,both,True,True
TRAIN,422885e9-192d-25fc-87a9-7013fe4114f2,1a56f27dbf1b5f5c8b1da571ec4af1b2b97f6924341b8c87da015bb5abb87d47,20,both,True,True
TRAIN,422885e9-192d-25fc-87a9-7013fe4114f2,1a56f27dbf1b5f5c8b1da571ec4af1b2b97f6924341b8c87da015bb5abb87d47,22,both,True,True
TRAIN,422885e9-192d-25fc-87a9-7013fe4114f2,1a56f27dbf1b5f5c8b1da571ec4af1b2b97f6924341b8c87da015bb5abb87d47,25,both,True,True
TRAIN,422885e9-192d-25fc-87a9-7013fe4114f2,1a56f27dbf1b5f5c8b1da571ec4af1b2b97f6924341b8c87da015bb5abb87d47,31,both,True,True
TRAIN,422885e9-192d-25fc-87a9-7013fe4114f2,1a56f27dbf1b5f5c8b1da571ec4af1b2b97f6924341b8c87da015bb5abb87d47,32,both,True,True
TRAIN,422885e9-192d-25fc-87a9-7013fe4114f2,1a56f27dbf1b5f5c8b1da571ec4af1b2b97f6924341b8c87da015bb5abb87d47,35,both,True,True
TRAIN,422885e9-192d-25fc-87a9-7013fe4114f2,1a56f27dbf1b5f5c8b1da571ec4af1b2b97f6924341b8c87da015bb5abb87d47,49,both,True,True
TRAIN,422885e9-192d-25fc-87a9-7013fe4114f2,1a56f27dbf1b5f5c8b1da571ec4af1b2b97f6924341b8c87da015bb5abb87d47,50,both,True,True
TRAIN,422885e9-192d-25fc-87a9-7013fe4114f2,1a56f27dbf1b5f5c8b1da571ec4af1b2b97f6924341b8c87da015bb5abb87d47,65,both,True,True
TRAIN,422885e9-192d-25fc-87a9-7013fe4114f2,1a56f27dbf1b5f5c8b1da571ec4af1b2b97f6924341b8c87da015bb5abb87d47,76,both,True,True
TRAIN,422885e9-192d-25fc-87a9-7013fe4114f2,1a56f27dbf1b5f5c8b1da571ec4af1b2b97f6924341b8c87da015bb5abb87d47,80,appeared,False,True
TRAIN,422885e9-192d-25fc-87a9-7013fe4114f2,1a56f27dbf1b5f5c8b1da571ec4af1b2b97f6924341b8c87da015bb5abb87d47,81,both,True,True
TRAIN,422885e9-192d-25fc-87a9-7013fe4114f2,c4b9f5cf5aa09c6815aeb1e62c63615258f43b0d46044c4260e9540931da5eee,3,both,True,True
TRAIN,422885e9-192d-25fc-87a9-7013fe4114f2,c4b9f5cf5aa09c6815aeb1e62c63615258f43b0d46044c4260e9540931da5eee,8,both,True,True
TRAIN,422885e9-192d-25fc-87a9-7013fe4114f2,c4b9f5cf5aa09c6815aeb1e62c63615258f43b0d46044c4260e9540931da5eee,9,both,True,True
TRAIN,422885e9-192d-25fc-87a9-7013fe4114f2,c4b9f5cf5aa09c6815aeb1e62c63615258f43b0d46044c4260e9540931da5eee,10,both,True,True
TRAIN,422885e9-192d-25fc-87a9-7013fe4114f2,c4b9f5cf5aa09c6815aeb1e62c63615258f43b0d46044c4260e9540931da5eee,11,both,True,True
TRAIN,422885e9-192d-25fc-87a9-7013fe4114f2,c4b9f5cf5aa09c6815aeb1e62c63615258f43b0d46044c4260e9540931da5eee,13,both,True,True
TRAIN,422885e9-192d-25fc-87a9-7013fe4114f2,c4b9f5cf5aa09c6815aeb1e62c63615258f43b0d46044c4260e9540931da5eee,15,both,True,True
TRAIN,422885e9-192d-25fc-87a9-7013fe4114f2,c4b9f5cf5aa09c6815aeb1e62c63615258f43b0d46044c4260e9540931da5eee,17,both,True,True
TRAIN,422885e9-192d-25fc-87a9-7013fe4114f2,c4b9f5cf5aa09c6815aeb1e62c63615258f43b0d46044c4260e9540931da5eee,19,both,True,True
TRAIN,422885e9-192d-25fc-87a9-7013fe4114f2,c4b9f5cf5aa09c6815aeb1e62c63615258f43b0d46044c4260e9540931da5eee,20,both,True,True
TRAIN,422885e9-192d-25fc-87a9-7013fe4114f2,c4b9f5cf5aa09c6815aeb1e62c63615258f43b0d46044c4260e9540931da5eee,22,both,True,True
TRAIN,422885e9-192d-25fc-87a9-7013fe4114f2,c4b9f5cf5aa09c6815aeb1e62c63615258f43b0d46044c4260e9540931da5eee,25,both,True,True
TRAIN,422885e9-192d-25fc-87a9-7013fe4114f2,c4b9f5cf5aa09c6815aeb1e62c63615258f43b0d46044c4260e9540931da5eee,31,both,True,True
TRAIN,422885e9-192d-25fc-87a9-7013fe4114f2,c4b9f5cf5aa09c6815aeb1e62c63615258f43b0d46044c4260e9540931da5eee,32,both,True,True
TRAIN,422885e9-192d-25fc-87a9-7013fe4114f2,c4b9f5cf5aa09c6815aeb1e62c63615258f43b0d46044c4260e9540931da5eee,35,both,True,True
TRAIN,422885e9-192d-25fc-87a9-7013fe4114f2,c4b9f5cf5aa09c6815aeb1e62c63615258f43b0d46044c4260e9540931da5eee,49,both,True,True
TRAIN,422885e9-192d-25fc-87a9-7013fe4114f2,c4b9f5cf5aa09c6815aeb1e62c63615258f43b0d46044c4260e9540931da5eee,50,both,True,True
TRAIN,422885e9-192d-25fc-87a9-7013fe4114f2,c4b9f5cf5aa09c6815aeb1e62c63615258f43b0d46044c4260e9540931da5eee,65,both,True,True
TRAIN,422885e9-192d-25fc-87a9-7013fe4114f2,c4b9f5cf5aa09c6815aeb1e62c63615258f43b0d46044c4260e9540931da5eee,76,appeared,False,True
TRAIN,422885e9-192d-25fc-87a9-7013fe4114f2,c4b9f5cf5aa09c6815aeb1e62c63615258f43b0d46044c4260e9540931da5eee,81,appeared,False,True
TRAIN,422885e9-192d-25fc-87a9-7013fe4114f2,7921af0aabd48c0f49f928600c386aa65e23a51b9c0f905cc445c7d3d563e785,3,both,True,True
TRAIN,422885e9-192d-25fc-87a9-7013fe4114f2,7921af0aabd48c0f49f928600c386aa65e23a51b9c0f905cc445c7d3d563e785,8,both,True,True
TRAIN,422885e9-192d-25fc-87a9-7013fe4114f2,7921af0aabd48c0f49f928600c386aa65e23a51b9c0f905cc445c7d3d563e785,9,both,True,True
TRAIN,422885e9-192d-25fc-87a9-7013fe4114f2,7921af0aabd48c0f49f928600c386aa65e23a51b9c0f905cc445c7d3d563e785,10,both,True,True
TRAIN,422885e9-192d-25fc-87a9-7013fe4114f2,7921af0aabd48c0f49f928600c386aa65e23a51b9c0f905cc445c7d3d563e785,11,both,True,True
TRAIN,422885e9-192d-25fc-87a9-7013fe4114f2,7921af0aabd48c0f49f928600c386aa65e23a51b9c0f905cc445c7d3d563e785,13,both,True,True
TRAIN,422885e9-192d-25fc-87a9-7013fe4114f2,7921af0aabd48c0f49f928600c386aa65e23a51b9c0f905cc445c7d3d563e785,15,both,True,True
TRAIN,422885e9-192d-25fc-87a9-7013fe4114f2,7921af0aabd48c0f49f928600c386aa65e23a51b9c0f905cc445c7d3d563e785,17,both,True,True
TRAIN,422885e9-192d-25fc-87a9-7013fe4114f2,7921af0aabd48c0f49f928600c386aa65e23a51b9c0f905cc445c7d3d563e785,19,both,True,True
TRAIN,422885e9-192d-25fc-87a9-7013fe4114f2,7921af0aabd48c0f49f928600c386aa65e23a51b9c0f905cc445c7d3d563e785,20,both,True,True
TRAIN,422885e9-192d-25fc-87a9-7013fe4114f2,7921af0aabd48c0f49f928600c386aa65e23a51b9c0f905cc445c7d3d563e785,22,both,True,True
TRAIN,422885e9-192d-25fc-87a9-7013fe4114f2,7921af0aabd48c0f49f928600c386aa65e23a51b9c0f905cc445c7d3d563e785,25,both,True,True
TRAIN,422885e9-192d-25fc-87a9-7013fe4114f2,7921af0aabd48c0f49f928600c386aa65e23a51b9c0f905cc445c7d3d563e785,31,both,True,True
TRAIN,422885e9-192d-25fc-87a9-7013fe4114f2,7921af0aabd48c0f49f928600c386aa65e23a51b9c0f905cc445c7d3d563e785,32,both,True,True
TRAIN,422885e9-192d-25fc-87a9-7013fe4114f2,7921af0aabd48c0f49f928600c386aa65e23a51b9c0f905cc445c7d3d563e785,35,both,True,True
TRAIN,422885e9-192d-25fc-87a9-7013fe4114f2,7921af0aabd48c0f49f928600c386aa65e23a51b9c0f905cc445c7d3d563e785,49,both,True,True
TRAIN,422885e9-192d-25fc-87a9-7013fe4114f2,7921af0aabd48c0f49f928600c386aa65e23a51b9c0f905cc445c7d3d563e785,50,both,True,True
TRAIN,422885e9-192d-25fc-87a9-7013fe4114f2,7921af0aabd48c0f49f928600c386aa65e23a51b9c0f905cc445c7d3d563e785,65,both,True,True
TRAIN,422885e9-192d-25fc-87a9-7013fe4114f2,7921af0aabd48c0f49f928600c386aa65e23a51b9c0f905cc445c7d3d563e785,76,both,True,True
TRAIN,422885e9-192d-25fc-87a9-7013fe4114f2,7921af0aabd48c0f49f928600c386aa65e23a51b9c0f905cc445c7d3d563e785,80,appeared,False,True
TRAIN,422885e9-192d-25fc-87a9-7013fe4114f2,7921af0aabd48c0f49f928600c386aa65e23a51b9c0f905cc445c7d3d563e785,81,both,True,True
TRAIN,1d23401e-e280-2b1a-8cef-f28df9df2618,a08b62950729207b7f1d17dd29e190556442c452a4f0ae24ba7e7a2ddcab1cae,1,both,True,True
TRAIN,1d23401e-e280-2b1a-8cef-f28df9df2618,a08b62950729207b7f1d17dd29e190556442c452a4f0ae24ba7e7a2ddcab1cae,3,appeared,False,True
TRAIN,1d23401e-e280-2b1a-8cef-f28df9df2618,a08b62950729207b7f1d17dd29e190556442c452a4f0ae24ba7e7a2ddcab1cae,4,appeared,False,True
TRAIN,1d23401e-e280-2b1a-8cef-f28df9df2618,a08b62950729207b7f1d17dd29e190556442c452a4f0ae24ba7e7a2ddcab1cae,6,appeared,False,True
TRAIN,1d23401e-e280-2b1a-8cef-f28df9df2618,a08b62950729207b7f1d17dd29e190556442c452a4f0ae24ba7e7a2ddcab1cae,14,appeared,False,True
TRAIN,1d23401e-e280-2b1a-8cef-f28df9df2618,0328550479e99c9a7da1efac8a2f4f997e98a4d0276764a8dbac4cf1744a64e8,1,both,True,True
TRAIN,1d23401e-e280-2b1a-8cef-f28df9df2618,0328550479e99c9a7da1efac8a2f4f997e98a4d0276764a8dbac4cf1744a64e8,3,both,True,True
TRAIN,1d23401e-e280-2b1a-8cef-f28df9df2618,0328550479e99c9a7da1efac8a2f4f997e98a4d0276764a8dbac4cf1744a64e8,4,both,True,True
TRAIN,1d23401e-e280-2b1a-8cef-f28df9df2618,0328550479e99c9a7da1efac8a2f4f997e98a4d0276764a8dbac4cf1744a64e8,6,both,True,True
TRAIN,1d23401e-e280-2b1a-8cef-f28df9df2618,0328550479e99c9a7da1efac8a2f4f997e98a4d0276764a8dbac4cf1744a64e8,14,both,True,True
TRAIN,1d23401e-e280-2b1a-8cef-f28df9df2618,409d7087ae495f4442621fe24cf9658c649346892153abcffbe85d611ea0e3a5,1,both,True,True
TRAIN,1d23401e-e280-2b1a-8cef-f28df9df2618,409d7087ae495f4442621fe24cf9658c649346892153abcffbe85d611ea0e3a5,3,disappeared,True,False
TRAIN,1d23401e-e280-2b1a-8cef-f28df9df2618,409d7087ae495f4442621fe24cf9658c649346892153abcffbe85d611ea0e3a5,4,disappeared,True,False
TRAIN,1d23401e-e280-2b1a-8cef-f28df9df2618,409d7087ae495f4442621fe24cf9658c649346892153abcffbe85d611ea0e3a5,6,disappeared,True,False
TRAIN,1d23401e-e280-2b1a-8cef-f28df9df2618,409d7087ae495f4442621fe24cf9658c649346892153abcffbe85d611ea0e3a5,14,disappeared,True,False
TRAIN,0cac767e-8d6f-2d13-8d1a-d5e9b184df15,525f8d4332dde16728ea1dba7c5baad99a82b65b999eb2a6f7bac007b3ac8341,2,both,True,True
TRAIN,0cac767e-8d6f-2d13-8d1a-d5e9b184df15,525f8d4332dde16728ea1dba7c5baad99a82b65b999eb2a6f7bac007b3ac8341,5,both,True,True
TRAIN,0cac767e-8d6f-2d13-8d1a-d5e9b184df15,525f8d4332dde16728ea1dba7c5baad99a82b65b999eb2a6f7bac007b3ac8341,14,disappeared,True,False
TRAIN,0cac767e-8d6f-2d13-8d1a-d5e9b184df15,525f8d4332dde16728ea1dba7c5baad99a82b65b999eb2a6f7bac007b3ac8341,55,disappeared,True,False
TRAIN,0cac767e-8d6f-2d13-8d1a-d5e9b184df15,525f8d4332dde16728ea1dba7c5baad99a82b65b999eb2a6f7bac007b3ac8341,58,disappeared,True,False
TRAIN,0cac767e-8d6f-2d13-8d1a-d5e9b184df15,525f8d4332dde16728ea1dba7c5baad99a82b65b999eb2a6f7bac007b3ac8341,60,disappeared,True,False
TRAIN,0cac767e-8d6f-2d13-8d1a-d5e9b184df15,525f8d4332dde16728ea1dba7c5baad99a82b65b999eb2a6f7bac007b3ac8341,64,disappeared,True,False
TRAIN,0cac767e-8d6f-2d13-8d1a-d5e9b184df15,525f8d4332dde16728ea1dba7c5baad99a82b65b999eb2a6f7bac007b3ac8341,67,disappeared,True,False
TRAIN,0cac767e-8d6f-2d13-8d1a-d5e9b184df15,525f8d4332dde16728ea1dba7c5baad99a82b65b999eb2a6f7bac007b3ac8341,102,both,True,True
TRAIN,0cac767e-8d6f-2d13-8d1a-d5e9b184df15,0b9f77e3453454d322a7c6b40ef398ff60e15edb36af24a021ce4e352b02bcec,2,both,True,True
TRAIN,0cac767e-8d6f-2d13-8d1a-d5e9b184df15,0b9f77e3453454d322a7c6b40ef398ff60e15edb36af24a021ce4e352b02bcec,5,both,True,True
TRAIN,0cac767e-8d6f-2d13-8d1a-d5e9b184df15,0b9f77e3453454d322a7c6b40ef398ff60e15edb36af24a021ce4e352b02bcec,14,appeared,False,True
TRAIN,0cac767e-8d6f-2d13-8d1a-d5e9b184df15,0b9f77e3453454d322a7c6b40ef398ff60e15edb36af24a021ce4e352b02bcec,55,both,True,True
TRAIN,0cac767e-8d6f-2d13-8d1a-d5e9b184df15,0b9f77e3453454d322a7c6b40ef398ff60e15edb36af24a021ce4e352b02bcec,58,appeared,False,True
TRAIN,0cac767e-8d6f-2d13-8d1a-d5e9b184df15,0b9f77e3453454d322a7c6b40ef398ff60e15edb36af24a021ce4e352b02bcec,60,appeared,False,True
TRAIN,0cac767e-8d6f-2d13-8d1a-d5e9b184df15,0b9f77e3453454d322a7c6b40ef398ff60e15edb36af24a021ce4e352b02bcec,64,appeared,False,True
TRAIN,0cac767e-8d6f-2d13-8d1a-d5e9b184df15,0b9f77e3453454d322a7c6b40ef398ff60e15edb36af24a021ce4e352b02bcec,67,appeared,False,True
TRAIN,0cac767e-8d6f-2d13-8d1a-d5e9b184df15,0b9f77e3453454d322a7c6b40ef398ff60e15edb36af24a021ce4e352b02bcec,102,both,True,True
TRAIN,0cac767e-8d6f-2d13-8d1a-d5e9b184df15,00f0e0e548d22e171ecd0ad9ccb991bac83df49339e16a0caa203c337cb3d8d9,2,both,True,True
TRAIN,0cac767e-8d6f-2d13-8d1a-d5e9b184df15,00f0e0e548d22e171ecd0ad9ccb991bac83df49339e16a0caa203c337cb3d8d9,5,both,True,True
TRAIN,0cac767e-8d6f-2d13-8d1a-d5e9b184df15,00f0e0e548d22e171ecd0ad9ccb991bac83df49339e16a0caa203c337cb3d8d9,55,appeared,False,True
TRAIN,0cac767e-8d6f-2d13-8d1a-d5e9b184df15,00f0e0e548d22e171ecd0ad9ccb991bac83df49339e16a0caa203c337cb3d8d9,102,both,True,True
TRAIN,a895258d-9035-254b-8e61-2307a9926e62,ce99f30d6ba1fc26532eadf68516fc0308057d90fcfe4068513fd7f0811a3901,2,appeared,False,True
TRAIN,a895258d-9035-254b-8e61-2307a9926e62,ce99f30d6ba1fc26532eadf68516fc0308057d90fcfe4068513fd7f0811a3901,3,both,True,True
TRAIN,a895258d-9035-254b-8e61-2307a9926e62,ce99f30d6ba1fc26532eadf68516fc0308057d90fcfe4068513fd7f0811a3901,5,appeared,False,True
TRAIN,a895258d-9035-254b-8e61-2307a9926e62,ce99f30d6ba1fc26532eadf68516fc0308057d90fcfe4068513fd7f0811a3901,6,appeared,False,True
TRAIN,a895258d-9035-254b-8e61-2307a9926e62,ce99f30d6ba1fc26532eadf68516fc0308057d90fcfe4068513fd7f0811a3901,7,appeared,False,True
TRAIN,a895258d-9035-254b-8e61-2307a9926e62,ce99f30d6ba1fc26532eadf68516fc0308057d90fcfe4068513fd7f0811a3901,8,appeared,False,True
TRAIN,a895258d-9035-254b-8e61-2307a9926e62,ce99f30d6ba1fc26532eadf68516fc0308057d90fcfe4068513fd7f0811a3901,9,appeared,False,True
TRAIN,a895258d-9035-254b-8e61-2307a9926e62,ce99f30d6ba1fc26532eadf68516fc0308057d90fcfe4068513fd7f0811a3901,10,appeared,False,True
TRAIN,a895258d-9035-254b-8e61-2307a9926e62,ce99f30d6ba1fc26532eadf68516fc0308057d90fcfe4068513fd7f0811a3901,11,appeared,False,True
TRAIN,a895258d-9035-254b-8e61-2307a9926e62,ce99f30d6ba1fc26532eadf68516fc0308057d90fcfe4068513fd7f0811a3901,12,appeared,False,True
TRAIN,a895258d-9035-254b-8e61-2307a9926e62,ce99f30d6ba1fc26532eadf68516fc0308057d90fcfe4068513fd7f0811a3901,21,both,True,True
TRAIN,a895258d-9035-254b-8e61-2307a9926e62,ce99f30d6ba1fc26532eadf68516fc0308057d90fcfe4068513fd7f0811a3901,22,both,True,True
TRAIN,a895258d-9035-254b-8e61-2307a9926e62,ce99f30d6ba1fc26532eadf68516fc0308057d90fcfe4068513fd7f0811a3901,23,both,True,True
TRAIN,a895258d-9035-254b-8e61-2307a9926e62,ce99f30d6ba1fc26532eadf68516fc0308057d90fcfe4068513fd7f0811a3901,24,both,True,True
TRAIN,a895258d-9035-254b-8e61-2307a9926e62,ce99f30d6ba1fc26532eadf68516fc0308057d90fcfe4068513fd7f0811a3901,25,both,True,True
TRAIN,a895258d-9035-254b-8e61-2307a9926e62,ce99f30d6ba1fc26532eadf68516fc0308057d90fcfe4068513fd7f0811a3901,26,both,True,True
TRAIN,a895258d-9035-254b-8e61-2307a9926e62,ce99f30d6ba1fc26532eadf68516fc0308057d90fcfe4068513fd7f0811a3901,27,both,True,True
TRAIN,a895258d-9035-254b-8e61-2307a9926e62,ce99f30d6ba1fc26532eadf68516fc0308057d90fcfe4068513fd7f0811a3901,28,both,True,True
TRAIN,a895258d-9035-254b-8e61-2307a9926e62,ce99f30d6ba1fc26532eadf68516fc0308057d90fcfe4068513fd7f0811a3901,29,both,True,True
TRAIN,a895258d-9035-254b-8e61-2307a9926e62,ce99f30d6ba1fc26532eadf68516fc0308057d90fcfe4068513fd7f0811a3901,30,both,True,True
TRAIN,a895258d-9035-254b-8e61-2307a9926e62,ce99f30d6ba1fc26532eadf68516fc0308057d90fcfe4068513fd7f0811a3901,33,appeared,False,True
TRAIN,a895258d-9035-254b-8e61-2307a9926e62,ce99f30d6ba1fc26532eadf68516fc0308057d90fcfe4068513fd7f0811a3901,36,appeared,False,True
TRAIN,a895258d-9035-254b-8e61-2307a9926e62,5aec8c4fe62ca1b566bf9d6a31adb61988e3b4d317dd0e6409034bc99e86b1d5,2,disappeared,True,False
TRAIN,a895258d-9035-254b-8e61-2307a9926e62,5aec8c4fe62ca1b566bf9d6a31adb61988e3b4d317dd0e6409034bc99e86b1d5,3,both,True,True
TRAIN,a895258d-9035-254b-8e61-2307a9926e62,5aec8c4fe62ca1b566bf9d6a31adb61988e3b4d317dd0e6409034bc99e86b1d5,5,disappeared,True,False
TRAIN,a895258d-9035-254b-8e61-2307a9926e62,5aec8c4fe62ca1b566bf9d6a31adb61988e3b4d317dd0e6409034bc99e86b1d5,6,disappeared,True,False
TRAIN,a895258d-9035-254b-8e61-2307a9926e62,5aec8c4fe62ca1b566bf9d6a31adb61988e3b4d317dd0e6409034bc99e86b1d5,7,disappeared,True,False
TRAIN,a895258d-9035-254b-8e61-2307a9926e62,5aec8c4fe62ca1b566bf9d6a31adb61988e3b4d317dd0e6409034bc99e86b1d5,8,disappeared,True,False
TRAIN,a895258d-9035-254b-8e61-2307a9926e62,5aec8c4fe62ca1b566bf9d6a31adb61988e3b4d317dd0e6409034bc99e86b1d5,9,disappeared,True,False
TRAIN,a895258d-9035-254b-8e61-2307a9926e62,5aec8c4fe62ca1b566bf9d6a31adb61988e3b4d317dd0e6409034bc99e86b1d5,10,disappeared,True,False
TRAIN,a895258d-9035-254b-8e61-2307a9926e62,5aec8c4fe62ca1b566bf9d6a31adb61988e3b4d317dd0e6409034bc99e86b1d5,11,disappeared,True,False
TRAIN,a895258d-9035-254b-8e61-2307a9926e62,5aec8c4fe62ca1b566bf9d6a31adb61988e3b4d317dd0e6409034bc99e86b1d5,12,disappeared,True,False
TRAIN,a895258d-9035-254b-8e61-2307a9926e62,5aec8c4fe62ca1b566bf9d6a31adb61988e3b4d317dd0e6409034bc99e86b1d5,21,both,True,True
TRAIN,a895258d-9035-254b-8e61-2307a9926e62,5aec8c4fe62ca1b566bf9d6a31adb61988e3b4d317dd0e6409034bc99e86b1d5,22,both,True,True
TRAIN,a895258d-9035-254b-8e61-2307a9926e62,5aec8c4fe62ca1b566bf9d6a31adb61988e3b4d317dd0e6409034bc99e86b1d5,23,both,True,True
TRAIN,a895258d-9035-254b-8e61-2307a9926e62,5aec8c4fe62ca1b566bf9d6a31adb61988e3b4d317dd0e6409034bc99e86b1d5,24,both,True,True
TRAIN,a895258d-9035-254b-8e61-2307a9926e62,5aec8c4fe62ca1b566bf9d6a31adb61988e3b4d317dd0e6409034bc99e86b1d5,25,both,True,True
TRAIN,a895258d-9035-254b-8e61-2307a9926e62,5aec8c4fe62ca1b566bf9d6a31adb61988e3b4d317dd0e6409034bc99e86b1d5,26,both,True,True
TRAIN,a895258d-9035-254b-8e61-2307a9926e62,5aec8c4fe62ca1b566bf9d6a31adb61988e3b4d317dd0e6409034bc99e86b1d5,27,both,True,True
TRAIN,a895258d-9035-254b-8e61-2307a9926e62,5aec8c4fe62ca1b566bf9d6a31adb61988e3b4d317dd0e6409034bc99e86b1d5,28,both,True,True
TRAIN,a895258d-9035-254b-8e61-2307a9926e62,5aec8c4fe62ca1b566bf9d6a31adb61988e3b4d317dd0e6409034bc99e86b1d5,29,both,True,True
TRAIN,a895258d-9035-254b-8e61-2307a9926e62,5aec8c4fe62ca1b566bf9d6a31adb61988e3b4d317dd0e6409034bc99e86b1d5,30,both,True,True
TRAIN,a895258d-9035-254b-8e61-2307a9926e62,5aec8c4fe62ca1b566bf9d6a31adb61988e3b4d317dd0e6409034bc99e86b1d5,33,disappeared,True,False
TRAIN,a895258d-9035-254b-8e61-2307a9926e62,5aec8c4fe62ca1b566bf9d6a31adb61988e3b4d317dd0e6409034bc99e86b1d5,36,disappeared,True,False
TRAIN,22312382-b828-2c09-9267-bad5dd60ac79,4afa8d2f3a1a43e2768c31bcb988f751a552d9eb09b4a181e097dda9cd0cfe76,2,both,True,True
TRAIN,22312382-b828-2c09-9267-bad5dd60ac79,4afa8d2f3a1a43e2768c31bcb988f751a552d9eb09b4a181e097dda9cd0cfe76,3,both,True,True
TRAIN,22312382-b828-2c09-9267-bad5dd60ac79,4afa8d2f3a1a43e2768c31bcb988f751a552d9eb09b4a181e097dda9cd0cfe76,4,both,True,True
TRAIN,22312382-b828-2c09-9267-bad5dd60ac79,4afa8d2f3a1a43e2768c31bcb988f751a552d9eb09b4a181e097dda9cd0cfe76,6,both,True,True
TRAIN,22312382-b828-2c09-9267-bad5dd60ac79,4afa8d2f3a1a43e2768c31bcb988f751a552d9eb09b4a181e097dda9cd0cfe76,7,both,True,True
TRAIN,22312382-b828-2c09-9267-bad5dd60ac79,4afa8d2f3a1a43e2768c31bcb988f751a552d9eb09b4a181e097dda9cd0cfe76,8,both,True,True
TRAIN,22312382-b828-2c09-9267-bad5dd60ac79,4afa8d2f3a1a43e2768c31bcb988f751a552d9eb09b4a181e097dda9cd0cfe76,10,both,True,True
TRAIN,22312382-b828-2c09-9267-bad5dd60ac79,a2cf65bc86a4a35b24b201d848102ad22dd5eaddb3353c8b7c9abffb89e59287,2,both,True,True
TRAIN,22312382-b828-2c09-9267-bad5dd60ac79,a2cf65bc86a4a35b24b201d848102ad22dd5eaddb3353c8b7c9abffb89e59287,3,both,True,True
TRAIN,22312382-b828-2c09-9267-bad5dd60ac79,a2cf65bc86a4a35b24b201d848102ad22dd5eaddb3353c8b7c9abffb89e59287,4,both,True,True
TRAIN,22312382-b828-2c09-9267-bad5dd60ac79,a2cf65bc86a4a35b24b201d848102ad22dd5eaddb3353c8b7c9abffb89e59287,6,both,True,True
TRAIN,22312382-b828-2c09-9267-bad5dd60ac79,a2cf65bc86a4a35b24b201d848102ad22dd5eaddb3353c8b7c9abffb89e59287,7,both,True,True
TRAIN,22312382-b828-2c09-9267-bad5dd60ac79,a2cf65bc86a4a35b24b201d848102ad22dd5eaddb3353c8b7c9abffb89e59287,8,both,True,True
TRAIN,22312382-b828-2c09-9267-bad5dd60ac79,a2cf65bc86a4a35b24b201d848102ad22dd5eaddb3353c8b7c9abffb89e59287,10,both,True,True
TRAIN,cf00577c-b8f0-2aa8-869e-175d8b655d12,f4752ba9694513f1e94f241b05b6b64d1b74578679c882cf95ba9c3dbfd9f9bd,2,both,True,True
TRAIN,cf00577c-b8f0-2aa8-869e-175d8b655d12,f4752ba9694513f1e94f241b05b6b64d1b74578679c882cf95ba9c3dbfd9f9bd,16,both,True,True
TRAIN,cf00577c-b8f0-2aa8-869e-175d8b655d12,f4752ba9694513f1e94f241b05b6b64d1b74578679c882cf95ba9c3dbfd9f9bd,17,both,True,True
TRAIN,cf00577c-b8f0-2aa8-869e-175d8b655d12,f4752ba9694513f1e94f241b05b6b64d1b74578679c882cf95ba9c3dbfd9f9bd,20,both,True,True
TRAIN,cf00577c-b8f0-2aa8-869e-175d8b655d12,f4752ba9694513f1e94f241b05b6b64d1b74578679c882cf95ba9c3dbfd9f9bd,21,both,True,True
TRAIN,cf00577c-b8f0-2aa8-869e-175d8b655d12,f4752ba9694513f1e94f241b05b6b64d1b74578679c882cf95ba9c3dbfd9f9bd,58,both,True,True
TRAIN,cf00577c-b8f0-2aa8-869e-175d8b655d12,f4752ba9694513f1e94f241b05b6b64d1b74578679c882cf95ba9c3dbfd9f9bd,64,both,True,True
TRAIN,cf00577c-b8f0-2aa8-869e-175d8b655d12,f4752ba9694513f1e94f241b05b6b64d1b74578679c882cf95ba9c3dbfd9f9bd,65,both,True,True
TRAIN,cf00577c-b8f0-2aa8-869e-175d8b655d12,f4752ba9694513f1e94f241b05b6b64d1b74578679c882cf95ba9c3dbfd9f9bd,69,both,True,True
TRAIN,cf00577c-b8f0-2aa8-869e-175d8b655d12,f4752ba9694513f1e94f241b05b6b64d1b74578679c882cf95ba9c3dbfd9f9bd,73,both,True,True
TRAIN,cf00577c-b8f0-2aa8-869e-175d8b655d12,f4752ba9694513f1e94f241b05b6b64d1b74578679c882cf95ba9c3dbfd9f9bd,83,both,True,True
TRAIN,cf00577c-b8f0-2aa8-869e-175d8b655d12,f4752ba9694513f1e94f241b05b6b64d1b74578679c882cf95ba9c3dbfd9f9bd,88,both,True,True
TRAIN,cf00577c-b8f0-2aa8-869e-175d8b655d12,f4752ba9694513f1e94f241b05b6b64d1b74578679c882cf95ba9c3dbfd9f9bd,98,both,True,True
TRAIN,cf00577c-b8f0-2aa8-869e-175d8b655d12,f4752ba9694513f1e94f241b05b6b64d1b74578679c882cf95ba9c3dbfd9f9bd,110,both,True,True
TRAIN,cf00577c-b8f0-2aa8-869e-175d8b655d12,f4752ba9694513f1e94f241b05b6b64d1b74578679c882cf95ba9c3dbfd9f9bd,112,both,True,True
TRAIN,cf00577c-b8f0-2aa8-869e-175d8b655d12,f4752ba9694513f1e94f241b05b6b64d1b74578679c882cf95ba9c3dbfd9f9bd,117,both,True,True
TRAIN,cf00577c-b8f0-2aa8-869e-175d8b655d12,f4752ba9694513f1e94f241b05b6b64d1b74578679c882cf95ba9c3dbfd9f9bd,126,both,True,True
TRAIN,cf00577c-b8f0-2aa8-869e-175d8b655d12,f4752ba9694513f1e94f241b05b6b64d1b74578679c882cf95ba9c3dbfd9f9bd,133,both,True,True
TRAIN,cf00577c-b8f0-2aa8-869e-175d8b655d12,f4752ba9694513f1e94f241b05b6b64d1b74578679c882cf95ba9c3dbfd9f9bd,135,both,True,True
TRAIN,cf00577c-b8f0-2aa8-869e-175d8b655d12,febc2b395690c56fce372c7aa958fb07783dac0b0a895704b2c4f3e7230bef4d,2,both,True,True
TRAIN,cf00577c-b8f0-2aa8-869e-175d8b655d12,febc2b395690c56fce372c7aa958fb07783dac0b0a895704b2c4f3e7230bef4d,16,both,True,True
TRAIN,cf00577c-b8f0-2aa8-869e-175d8b655d12,febc2b395690c56fce372c7aa958fb07783dac0b0a895704b2c4f3e7230bef4d,17,both,True,True
TRAIN,cf00577c-b8f0-2aa8-869e-175d8b655d12,febc2b395690c56fce372c7aa958fb07783dac0b0a895704b2c4f3e7230bef4d,20,both,True,True
TRAIN,cf00577c-b8f0-2aa8-869e-175d8b655d12,febc2b395690c56fce372c7aa958fb07783dac0b0a895704b2c4f3e7230bef4d,21,both,True,True
TRAIN,cf00577c-b8f0-2aa8-869e-175d8b655d12,febc2b395690c56fce372c7aa958fb07783dac0b0a895704b2c4f3e7230bef4d,58,both,True,True
TRAIN,cf00577c-b8f0-2aa8-869e-175d8b655d12,febc2b395690c56fce372c7aa958fb07783dac0b0a895704b2c4f3e7230bef4d,64,both,True,True
TRAIN,cf00577c-b8f0-2aa8-869e-175d8b655d12,febc2b395690c56fce372c7aa958fb07783dac0b0a895704b2c4f3e7230bef4d,65,both,True,True
TRAIN,cf00577c-b8f0-2aa8-869e-175d8b655d12,febc2b395690c56fce372c7aa958fb07783dac0b0a895704b2c4f3e7230bef4d,69,both,True,True
TRAIN,cf00577c-b8f0-2aa8-869e-175d8b655d12,febc2b395690c56fce372c7aa958fb07783dac0b0a895704b2c4f3e7230bef4d,73,both,True,True
TRAIN,cf00577c-b8f0-2aa8-869e-175d8b655d12,febc2b395690c56fce372c7aa958fb07783dac0b0a895704b2c4f3e7230bef4d,83,both,True,True
TRAIN,cf00577c-b8f0-2aa8-869e-175d8b655d12,febc2b395690c56fce372c7aa958fb07783dac0b0a895704b2c4f3e7230bef4d,88,both,True,True
TRAIN,cf00577c-b8f0-2aa8-869e-175d8b655d12,febc2b395690c56fce372c7aa958fb07783dac0b0a895704b2c4f3e7230bef4d,98,both,True,True
TRAIN,cf00577c-b8f0-2aa8-869e-175d8b655d12,febc2b395690c56fce372c7aa958fb07783dac0b0a895704b2c4f3e7230bef4d,110,both,True,True
TRAIN,cf00577c-b8f0-2aa8-869e-175d8b655d12,febc2b395690c56fce372c7aa958fb07783dac0b0a895704b2c4f3e7230bef4d,112,both,True,True
TRAIN,cf00577c-b8f0-2aa8-869e-175d8b655d12,febc2b395690c56fce372c7aa958fb07783dac0b0a895704b2c4f3e7230bef4d,117,both,True,True
TRAIN,cf00577c-b8f0-2aa8-869e-175d8b655d12,febc2b395690c56fce372c7aa958fb07783dac0b0a895704b2c4f3e7230bef4d,126,both,True,True
TRAIN,cf00577c-b8f0-2aa8-869e-175d8b655d12,febc2b395690c56fce372c7aa958fb07783dac0b0a895704b2c4f3e7230bef4d,133,both,True,True
TRAIN,cf00577c-b8f0-2aa8-869e-175d8b655d12,febc2b395690c56fce372c7aa958fb07783dac0b0a895704b2c4f3e7230bef4d,135,both,True,True
TRAIN,cf00577c-b8f0-2aa8-869e-175d8b655d12,7b263ee86f2de925f33ebc2c2c40db0b9ddb1144d40b3c78e18cc85992e0471e,2,both,True,True
TRAIN,cf00577c-b8f0-2aa8-869e-175d8b655d12,7b263ee86f2de925f33ebc2c2c40db0b9ddb1144d40b3c78e18cc85992e0471e,16,both,True,True
TRAIN,cf00577c-b8f0-2aa8-869e-175d8b655d12,7b263ee86f2de925f33ebc2c2c40db0b9ddb1144d40b3c78e18cc85992e0471e,17,both,True,True
TRAIN,cf00577c-b8f0-2aa8-869e-175d8b655d12,7b263ee86f2de925f33ebc2c2c40db0b9ddb1144d40b3c78e18cc85992e0471e,20,both,True,True
TRAIN,cf00577c-b8f0-2aa8-869e-175d8b655d12,7b263ee86f2de925f33ebc2c2c40db0b9ddb1144d40b3c78e18cc85992e0471e,21,both,True,True
TRAIN,cf00577c-b8f0-2aa8-869e-175d8b655d12,7b263ee86f2de925f33ebc2c2c40db0b9ddb1144d40b3c78e18cc85992e0471e,58,both,True,True
TRAIN,cf00577c-b8f0-2aa8-869e-175d8b655d12,7b263ee86f2de925f33ebc2c2c40db0b9ddb1144d40b3c78e18cc85992e0471e,64,both,True,True
TRAIN,cf00577c-b8f0-2aa8-869e-175d8b655d12,7b263ee86f2de925f33ebc2c2c40db0b9ddb1144d40b3c78e18cc85992e0471e,65,both,True,True
TRAIN,cf00577c-b8f0-2aa8-869e-175d8b655d12,7b263ee86f2de925f33ebc2c2c40db0b9ddb1144d40b3c78e18cc85992e0471e,69,disappeared,True,False
TRAIN,cf00577c-b8f0-2aa8-869e-175d8b655d12,7b263ee86f2de925f33ebc2c2c40db0b9ddb1144d40b3c78e18cc85992e0471e,73,both,True,True
TRAIN,cf00577c-b8f0-2aa8-869e-175d8b655d12,7b263ee86f2de925f33ebc2c2c40db0b9ddb1144d40b3c78e18cc85992e0471e,83,both,True,True
TRAIN,cf00577c-b8f0-2aa8-869e-175d8b655d12,7b263ee86f2de925f33ebc2c2c40db0b9ddb1144d40b3c78e18cc85992e0471e,88,both,True,True
TRAIN,cf00577c-b8f0-2aa8-869e-175d8b655d12,7b263ee86f2de925f33ebc2c2c40db0b9ddb1144d40b3c78e18cc85992e0471e,98,both,True,True
TRAIN,cf00577c-b8f0-2aa8-869e-175d8b655d12,7b263ee86f2de925f33ebc2c2c40db0b9ddb1144d40b3c78e18cc85992e0471e,110,both,True,True
TRAIN,cf00577c-b8f0-2aa8-869e-175d8b655d12,7b263ee86f2de925f33ebc2c2c40db0b9ddb1144d40b3c78e18cc85992e0471e,112,both,True,True
TRAIN,cf00577c-b8f0-2aa8-869e-175d8b655d12,7b263ee86f2de925f33ebc2c2c40db0b9ddb1144d40b3c78e18cc85992e0471e,117,both,True,True
TRAIN,cf00577c-b8f0-2aa8-869e-175d8b655d12,7b263ee86f2de925f33ebc2c2c40db0b9ddb1144d40b3c78e18cc85992e0471e,126,both,True,True
TRAIN,cf00577c-b8f0-2aa8-869e-175d8b655d12,7b263ee86f2de925f33ebc2c2c40db0b9ddb1144d40b3c78e18cc85992e0471e,133,both,True,True
TRAIN,cf00577c-b8f0-2aa8-869e-175d8b655d12,7b263ee86f2de925f33ebc2c2c40db0b9ddb1144d40b3c78e18cc85992e0471e,135,both,True,True
TRAIN,cf00577c-b8f0-2aa8-869e-175d8b655d12,ac834ccf68a5f7574e945085604390053581bd60151cdfd3c87fdb8e0913f1d6,2,both,True,True
TRAIN,cf00577c-b8f0-2aa8-869e-175d8b655d12,ac834ccf68a5f7574e945085604390053581bd60151cdfd3c87fdb8e0913f1d6,16,both,True,True
TRAIN,cf00577c-b8f0-2aa8-869e-175d8b655d12,ac834ccf68a5f7574e945085604390053581bd60151cdfd3c87fdb8e0913f1d6,17,both,True,True
TRAIN,cf00577c-b8f0-2aa8-869e-175d8b655d12,ac834ccf68a5f7574e945085604390053581bd60151cdfd3c87fdb8e0913f1d6,20,both,True,True
TRAIN,cf00577c-b8f0-2aa8-869e-175d8b655d12,ac834ccf68a5f7574e945085604390053581bd60151cdfd3c87fdb8e0913f1d6,21,both,True,True
TRAIN,cf00577c-b8f0-2aa8-869e-175d8b655d12,ac834ccf68a5f7574e945085604390053581bd60151cdfd3c87fdb8e0913f1d6,58,both,True,True
TRAIN,cf00577c-b8f0-2aa8-869e-175d8b655d12,ac834ccf68a5f7574e945085604390053581bd60151cdfd3c87fdb8e0913f1d6,64,both,True,True
TRAIN,cf00577c-b8f0-2aa8-869e-175d8b655d12,ac834ccf68a5f7574e945085604390053581bd60151cdfd3c87fdb8e0913f1d6,65,both,True,True
TRAIN,cf00577c-b8f0-2aa8-869e-175d8b655d12,ac834ccf68a5f7574e945085604390053581bd60151cdfd3c87fdb8e0913f1d6,69,appeared,False,True
TRAIN,cf00577c-b8f0-2aa8-869e-175d8b655d12,ac834ccf68a5f7574e945085604390053581bd60151cdfd3c87fdb8e0913f1d6,73,both,True,True
TRAIN,cf00577c-b8f0-2aa8-869e-175d8b655d12,ac834ccf68a5f7574e945085604390053581bd60151cdfd3c87fdb8e0913f1d6,83,both,True,True
TRAIN,cf00577c-b8f0-2aa8-869e-175d8b655d12,ac834ccf68a5f7574e945085604390053581bd60151cdfd3c87fdb8e0913f1d6,88,both,True,True
TRAIN,cf00577c-b8f0-2aa8-869e-175d8b655d12,ac834ccf68a5f7574e945085604390053581bd60151cdfd3c87fdb8e0913f1d6,98,both,True,True
TRAIN,cf00577c-b8f0-2aa8-869e-175d8b655d12,ac834ccf68a5f7574e945085604390053581bd60151cdfd3c87fdb8e0913f1d6,110,both,True,True
TRAIN,cf00577c-b8f0-2aa8-869e-175d8b655d12,ac834ccf68a5f7574e945085604390053581bd60151cdfd3c87fdb8e0913f1d6,112,both,True,True
TRAIN,cf00577c-b8f0-2aa8-869e-175d8b655d12,ac834ccf68a5f7574e945085604390053581bd60151cdfd3c87fdb8e0913f1d6,117,both,True,True
TRAIN,cf00577c-b8f0-2aa8-869e-175d8b655d12,ac834ccf68a5f7574e945085604390053581bd60151cdfd3c87fdb8e0913f1d6,126,both,True,True
TRAIN,cf00577c-b8f0-2aa8-869e-175d8b655d12,ac834ccf68a5f7574e945085604390053581bd60151cdfd3c87fdb8e0913f1d6,133,both,True,True
TRAIN,cf00577c-b8f0-2aa8-869e-175d8b655d12,ac834ccf68a5f7574e945085604390053581bd60151cdfd3c87fdb8e0913f1d6,135,both,True,True
TRAIN,18d4d91f-7eb5-280e-8757-1eb6f43ecfd2,dfeb3ee0c10eb1dee165697d6cef542092be9ee63fc7875174db9e815a734ec3,3,both,True,True
TRAIN,18d4d91f-7eb5-280e-8757-1eb6f43ecfd2,dfeb3ee0c10eb1dee165697d6cef542092be9ee63fc7875174db9e815a734ec3,7,both,True,True
TRAIN,18d4d91f-7eb5-280e-8757-1eb6f43ecfd2,dfeb3ee0c10eb1dee165697d6cef542092be9ee63fc7875174db9e815a734ec3,10,both,True,True
TRAIN,18d4d91f-7eb5-280e-8757-1eb6f43ecfd2,dfeb3ee0c10eb1dee165697d6cef542092be9ee63fc7875174db9e815a734ec3,13,both,True,True
TRAIN,18d4d91f-7eb5-280e-8757-1eb6f43ecfd2,dfeb3ee0c10eb1dee165697d6cef542092be9ee63fc7875174db9e815a734ec3,14,both,True,True
TRAIN,18d4d91f-7eb5-280e-8757-1eb6f43ecfd2,dfeb3ee0c10eb1dee165697d6cef542092be9ee63fc7875174db9e815a734ec3,15,both,True,True
TRAIN,18d4d91f-7eb5-280e-8757-1eb6f43ecfd2,dfeb3ee0c10eb1dee165697d6cef542092be9ee63fc7875174db9e815a734ec3,18,both,True,True
TRAIN,18d4d91f-7eb5-280e-8757-1eb6f43ecfd2,dfeb3ee0c10eb1dee165697d6cef542092be9ee63fc7875174db9e815a734ec3,29,both,True,True
TRAIN,18d4d91f-7eb5-280e-8757-1eb6f43ecfd2,dfeb3ee0c10eb1dee165697d6cef542092be9ee63fc7875174db9e815a734ec3,34,both,True,True
TRAIN,18d4d91f-7eb5-280e-8757-1eb6f43ecfd2,dfeb3ee0c10eb1dee165697d6cef542092be9ee63fc7875174db9e815a734ec3,35,both,True,True
TRAIN,18d4d91f-7eb5-280e-8757-1eb6f43ecfd2,dfeb3ee0c10eb1dee165697d6cef542092be9ee63fc7875174db9e815a734ec3,36,both,True,True
TRAIN,18d4d91f-7eb5-280e-8757-1eb6f43ecfd2,dbf7a648e0bed730acb11c2df8619b4e2317bc1ba8ebd04834ca04f22bf52b89,3,both,True,True
TRAIN,18d4d91f-7eb5-280e-8757-1eb6f43ecfd2,dbf7a648e0bed730acb11c2df8619b4e2317bc1ba8ebd04834ca04f22bf52b89,7,both,True,True
TRAIN,18d4d91f-7eb5-280e-8757-1eb6f43ecfd2,dbf7a648e0bed730acb11c2df8619b4e2317bc1ba8ebd04834ca04f22bf52b89,10,both,True,True
TRAIN,18d4d91f-7eb5-280e-8757-1eb6f43ecfd2,dbf7a648e0bed730acb11c2df8619b4e2317bc1ba8ebd04834ca04f22bf52b89,13,both,True,True
TRAIN,18d4d91f-7eb5-280e-8757-1eb6f43ecfd2,dbf7a648e0bed730acb11c2df8619b4e2317bc1ba8ebd04834ca04f22bf52b89,14,both,True,True
TRAIN,18d4d91f-7eb5-280e-8757-1eb6f43ecfd2,dbf7a648e0bed730acb11c2df8619b4e2317bc1ba8ebd04834ca04f22bf52b89,15,both,True,True
TRAIN,18d4d91f-7eb5-280e-8757-1eb6f43ecfd2,dbf7a648e0bed730acb11c2df8619b4e2317bc1ba8ebd04834ca04f22bf52b89,18,both,True,True
TRAIN,18d4d91f-7eb5-280e-8757-1eb6f43ecfd2,dbf7a648e0bed730acb11c2df8619b4e2317bc1ba8ebd04834ca04f22bf52b89,29,both,True,True
TRAIN,18d4d91f-7eb5-280e-8757-1eb6f43ecfd2,dbf7a648e0bed730acb11c2df8619b4e2317bc1ba8ebd04834ca04f22bf52b89,34,both,True,True
TRAIN,18d4d91f-7eb5-280e-8757-1eb6f43ecfd2,dbf7a648e0bed730acb11c2df8619b4e2317bc1ba8ebd04834ca04f22bf52b89,35,both,True,True
TRAIN,18d4d91f-7eb5-280e-8757-1eb6f43ecfd2,dbf7a648e0bed730acb11c2df8619b4e2317bc1ba8ebd04834ca04f22bf52b89,36,both,True,True
TRAIN,18d4d91f-7eb5-280e-8757-1eb6f43ecfd2,9566cf8c5c5d01334fd749e3b685f12de62c00db813458f149e8afa6ccdbf94f,3,both,True,True
TRAIN,18d4d91f-7eb5-280e-8757-1eb6f43ecfd2,9566cf8c5c5d01334fd749e3b685f12de62c00db813458f149e8afa6ccdbf94f,7,both,True,True
TRAIN,18d4d91f-7eb5-280e-8757-1eb6f43ecfd2,9566cf8c5c5d01334fd749e3b685f12de62c00db813458f149e8afa6ccdbf94f,10,both,True,True
TRAIN,18d4d91f-7eb5-280e-8757-1eb6f43ecfd2,9566cf8c5c5d01334fd749e3b685f12de62c00db813458f149e8afa6ccdbf94f,13,both,True,True
TRAIN,18d4d91f-7eb5-280e-8757-1eb6f43ecfd2,9566cf8c5c5d01334fd749e3b685f12de62c00db813458f149e8afa6ccdbf94f,14,both,True,True
TRAIN,18d4d91f-7eb5-280e-8757-1eb6f43ecfd2,9566cf8c5c5d01334fd749e3b685f12de62c00db813458f149e8afa6ccdbf94f,15,both,True,True
TRAIN,18d4d91f-7eb5-280e-8757-1eb6f43ecfd2,9566cf8c5c5d01334fd749e3b685f12de62c00db813458f149e8afa6ccdbf94f,18,both,True,True
TRAIN,18d4d91f-7eb5-280e-8757-1eb6f43ecfd2,9566cf8c5c5d01334fd749e3b685f12de62c00db813458f149e8afa6ccdbf94f,29,both,True,True
TRAIN,18d4d91f-7eb5-280e-8757-1eb6f43ecfd2,9566cf8c5c5d01334fd749e3b685f12de62c00db813458f149e8afa6ccdbf94f,34,both,True,True
TRAIN,18d4d91f-7eb5-280e-8757-1eb6f43ecfd2,9566cf8c5c5d01334fd749e3b685f12de62c00db813458f149e8afa6ccdbf94f,35,both,True,True
TRAIN,18d4d91f-7eb5-280e-8757-1eb6f43ecfd2,9566cf8c5c5d01334fd749e3b685f12de62c00db813458f149e8afa6ccdbf94f,36,both,True,True
TRAIN,fcf66dac-622d-291c-8542-d108fb4a91f5,0d4e75947fa5bface796937d95f480b5211b664a672df02b2bd78426e8598157,1,both,True,True
TRAIN,fcf66dac-622d-291c-8542-d108fb4a91f5,0d4e75947fa5bface796937d95f480b5211b664a672df02b2bd78426e8598157,2,disappeared,True,False
TRAIN,fcf66dac-622d-291c-8542-d108fb4a91f5,0d4e75947fa5bface796937d95f480b5211b664a672df02b2bd78426e8598157,10,disappeared,True,False
TRAIN,fcf66dac-622d-291c-8542-d108fb4a91f5,0d4e75947fa5bface796937d95f480b5211b664a672df02b2bd78426e8598157,15,both,True,True
TRAIN,fcf66dac-622d-291c-8542-d108fb4a91f5,0d4e75947fa5bface796937d95f480b5211b664a672df02b2bd78426e8598157,16,both,True,True
TRAIN,fcf66dac-622d-291c-8542-d108fb4a91f5,0d4e75947fa5bface796937d95f480b5211b664a672df02b2bd78426e8598157,19,both,True,True
TRAIN,fcf66dac-622d-291c-8542-d108fb4a91f5,b04c18d1ee05b82d5dbed4fb05be716c63eb1151154bfa13edb9d7b6f32a11cc,1,both,True,True
TRAIN,fcf66dac-622d-291c-8542-d108fb4a91f5,b04c18d1ee05b82d5dbed4fb05be716c63eb1151154bfa13edb9d7b6f32a11cc,2,both,True,True
TRAIN,fcf66dac-622d-291c-8542-d108fb4a91f5,b04c18d1ee05b82d5dbed4fb05be716c63eb1151154bfa13edb9d7b6f32a11cc,10,both,True,True
TRAIN,fcf66dac-622d-291c-8542-d108fb4a91f5,b04c18d1ee05b82d5dbed4fb05be716c63eb1151154bfa13edb9d7b6f32a11cc,15,both,True,True
TRAIN,fcf66dac-622d-291c-8542-d108fb4a91f5,b04c18d1ee05b82d5dbed4fb05be716c63eb1151154bfa13edb9d7b6f32a11cc,16,both,True,True
TRAIN,fcf66dac-622d-291c-8542-d108fb4a91f5,b04c18d1ee05b82d5dbed4fb05be716c63eb1151154bfa13edb9d7b6f32a11cc,19,both,True,True
TRAIN,fcf66dac-622d-291c-8542-d108fb4a91f5,c82ba0c57ff7522a2fdd6043364a590c86fb323b54374b0600dc4e19a89a4ca9,1,both,True,True
TRAIN,fcf66dac-622d-291c-8542-d108fb4a91f5,c82ba0c57ff7522a2fdd6043364a590c86fb323b54374b0600dc4e19a89a4ca9,2,appeared,False,True
TRAIN,fcf66dac-622d-291c-8542-d108fb4a91f5,c82ba0c57ff7522a2fdd6043364a590c86fb323b54374b0600dc4e19a89a4ca9,10,appeared,False,True
TRAIN,fcf66dac-622d-291c-8542-d108fb4a91f5,c82ba0c57ff7522a2fdd6043364a590c86fb323b54374b0600dc4e19a89a4ca9,15,both,True,True
TRAIN,fcf66dac-622d-291c-8542-d108fb4a91f5,c82ba0c57ff7522a2fdd6043364a590c86fb323b54374b0600dc4e19a89a4ca9,16,both,True,True
TRAIN,fcf66dac-622d-291c-8542-d108fb4a91f5,c82ba0c57ff7522a2fdd6043364a590c86fb323b54374b0600dc4e19a89a4ca9,19,both,True,True
TRAIN,751a55a1-fe61-2c3b-8df5-925bfeac2496,f9ddaacc1e8d2c4822bfe6281c2ed27f99f05784a32db26c744e380d45373767,5,both,True,True
TRAIN,751a55a1-fe61-2c3b-8df5-925bfeac2496,f9ddaacc1e8d2c4822bfe6281c2ed27f99f05784a32db26c744e380d45373767,6,both,True,True
TRAIN,751a55a1-fe61-2c3b-8df5-925bfeac2496,f9ddaacc1e8d2c4822bfe6281c2ed27f99f05784a32db26c744e380d45373767,7,both,True,True
TRAIN,751a55a1-fe61-2c3b-8df5-925bfeac2496,f9ddaacc1e8d2c4822bfe6281c2ed27f99f05784a32db26c744e380d45373767,10,both,True,True
TRAIN,751a55a1-fe61-2c3b-8df5-925bfeac2496,f9ddaacc1e8d2c4822bfe6281c2ed27f99f05784a32db26c744e380d45373767,18,both,True,True
TRAIN,751a55a1-fe61-2c3b-8df5-925bfeac2496,f9ddaacc1e8d2c4822bfe6281c2ed27f99f05784a32db26c744e380d45373767,27,both,True,True
TRAIN,751a55a1-fe61-2c3b-8df5-925bfeac2496,f9ddaacc1e8d2c4822bfe6281c2ed27f99f05784a32db26c744e380d45373767,33,both,True,True
TRAIN,751a55a1-fe61-2c3b-8df5-925bfeac2496,f9ddaacc1e8d2c4822bfe6281c2ed27f99f05784a32db26c744e380d45373767,34,both,True,True
TRAIN,751a55a1-fe61-2c3b-8df5-925bfeac2496,f9ddaacc1e8d2c4822bfe6281c2ed27f99f05784a32db26c744e380d45373767,35,both,True,True
TRAIN,751a55a1-fe61-2c3b-8df5-925bfeac2496,f9ddaacc1e8d2c4822bfe6281c2ed27f99f05784a32db26c744e380d45373767,38,both,True,True
TRAIN,751a55a1-fe61-2c3b-8df5-925bfeac2496,f9ddaacc1e8d2c4822bfe6281c2ed27f99f05784a32db26c744e380d45373767,43,both,True,True
TRAIN,751a55a1-fe61-2c3b-8df5-925bfeac2496,f9ddaacc1e8d2c4822bfe6281c2ed27f99f05784a32db26c744e380d45373767,45,both,True,True
TRAIN,751a55a1-fe61-2c3b-8df5-925bfeac2496,f9ddaacc1e8d2c4822bfe6281c2ed27f99f05784a32db26c744e380d45373767,53,both,True,True
TRAIN,751a55a1-fe61-2c3b-8df5-925bfeac2496,f9ddaacc1e8d2c4822bfe6281c2ed27f99f05784a32db26c744e380d45373767,55,both,True,True
TRAIN,751a55a1-fe61-2c3b-8df5-925bfeac2496,f9ddaacc1e8d2c4822bfe6281c2ed27f99f05784a32db26c744e380d45373767,59,both,True,True
TRAIN,751a55a1-fe61-2c3b-8df5-925bfeac2496,c8cf36eb10a9ee0b409199b61b3fcbaed818773e6149b8a9d6a5d4f39909363e,5,both,True,True
TRAIN,751a55a1-fe61-2c3b-8df5-925bfeac2496,c8cf36eb10a9ee0b409199b61b3fcbaed818773e6149b8a9d6a5d4f39909363e,6,both,True,True
TRAIN,751a55a1-fe61-2c3b-8df5-925bfeac2496,c8cf36eb10a9ee0b409199b61b3fcbaed818773e6149b8a9d6a5d4f39909363e,7,both,True,True
TRAIN,751a55a1-fe61-2c3b-8df5-925bfeac2496,c8cf36eb10a9ee0b409199b61b3fcbaed818773e6149b8a9d6a5d4f39909363e,10,both,True,True
TRAIN,751a55a1-fe61-2c3b-8df5-925bfeac2496,c8cf36eb10a9ee0b409199b61b3fcbaed818773e6149b8a9d6a5d4f39909363e,18,both,True,True
TRAIN,751a55a1-fe61-2c3b-8df5-925bfeac2496,c8cf36eb10a9ee0b409199b61b3fcbaed818773e6149b8a9d6a5d4f39909363e,27,both,True,True
TRAIN,751a55a1-fe61-2c3b-8df5-925bfeac2496,c8cf36eb10a9ee0b409199b61b3fcbaed818773e6149b8a9d6a5d4f39909363e,33,both,True,True
TRAIN,751a55a1-fe61-2c3b-8df5-925bfeac2496,c8cf36eb10a9ee0b409199b61b3fcbaed818773e6149b8a9d6a5d4f39909363e,34,both,True,True
TRAIN,751a55a1-fe61-2c3b-8df5-925bfeac2496,c8cf36eb10a9ee0b409199b61b3fcbaed818773e6149b8a9d6a5d4f39909363e,35,both,True,True
TRAIN,751a55a1-fe61-2c3b-8df5-925bfeac2496,c8cf36eb10a9ee0b409199b61b3fcbaed818773e6149b8a9d6a5d4f39909363e,38,both,True,True
TRAIN,751a55a1-fe61-2c3b-8df5-925bfeac2496,c8cf36eb10a9ee0b409199b61b3fcbaed818773e6149b8a9d6a5d4f39909363e,43,both,True,True
TRAIN,751a55a1-fe61-2c3b-8df5-925bfeac2496,c8cf36eb10a9ee0b409199b61b3fcbaed818773e6149b8a9d6a5d4f39909363e,45,both,True,True
TRAIN,751a55a1-fe61-2c3b-8df5-925bfeac2496,c8cf36eb10a9ee0b409199b61b3fcbaed818773e6149b8a9d6a5d4f39909363e,53,appeared,False,True
TRAIN,751a55a1-fe61-2c3b-8df5-925bfeac2496,c8cf36eb10a9ee0b409199b61b3fcbaed818773e6149b8a9d6a5d4f39909363e,55,appeared,False,True
TRAIN,751a55a1-fe61-2c3b-8df5-925bfeac2496,c8cf36eb10a9ee0b409199b61b3fcbaed818773e6149b8a9d6a5d4f39909363e,59,appeared,False,True
TRAIN,751a55a1-fe61-2c3b-8df5-925bfeac2496,ac33ce8f274c040478aa421ae8b50e9748d10bf6ddd2395df5d20ec0fcf56467,5,both,True,True
TRAIN,751a55a1-fe61-2c3b-8df5-925bfeac2496,ac33ce8f274c040478aa421ae8b50e9748d10bf6ddd2395df5d20ec0fcf56467,6,both,True,True
TRAIN,751a55a1-fe61-2c3b-8df5-925bfeac2496,ac33ce8f274c040478aa421ae8b50e9748d10bf6ddd2395df5d20ec0fcf56467,7,both,True,True
TRAIN,751a55a1-fe61-2c3b-8df5-925bfeac2496,ac33ce8f274c040478aa421ae8b50e9748d10bf6ddd2395df5d20ec0fcf56467,10,both,True,True
TRAIN,751a55a1-fe61-2c3b-8df5-925bfeac2496,ac33ce8f274c040478aa421ae8b50e9748d10bf6ddd2395df5d20ec0fcf56467,18,both,True,True
TRAIN,751a55a1-fe61-2c3b-8df5-925bfeac2496,ac33ce8f274c040478aa421ae8b50e9748d10bf6ddd2395df5d20ec0fcf56467,27,both,True,True
TRAIN,751a55a1-fe61-2c3b-8df5-925bfeac2496,ac33ce8f274c040478aa421ae8b50e9748d10bf6ddd2395df5d20ec0fcf56467,33,both,True,True
TRAIN,751a55a1-fe61-2c3b-8df5-925bfeac2496,ac33ce8f274c040478aa421ae8b50e9748d10bf6ddd2395df5d20ec0fcf56467,34,both,True,True
TRAIN,751a55a1-fe61-2c3b-8df5-925bfeac2496,ac33ce8f274c040478aa421ae8b50e9748d10bf6ddd2395df5d20ec0fcf56467,35,both,True,True
TRAIN,751a55a1-fe61-2c3b-8df5-925bfeac2496,ac33ce8f274c040478aa421ae8b50e9748d10bf6ddd2395df5d20ec0fcf56467,38,both,True,True
TRAIN,751a55a1-fe61-2c3b-8df5-925bfeac2496,ac33ce8f274c040478aa421ae8b50e9748d10bf6ddd2395df5d20ec0fcf56467,43,both,True,True
TRAIN,751a55a1-fe61-2c3b-8df5-925bfeac2496,ac33ce8f274c040478aa421ae8b50e9748d10bf6ddd2395df5d20ec0fcf56467,45,both,True,True
TRAIN,751a55a1-fe61-2c3b-8df5-925bfeac2496,ac33ce8f274c040478aa421ae8b50e9748d10bf6ddd2395df5d20ec0fcf56467,53,disappeared,True,False
TRAIN,751a55a1-fe61-2c3b-8df5-925bfeac2496,ac33ce8f274c040478aa421ae8b50e9748d10bf6ddd2395df5d20ec0fcf56467,55,disappeared,True,False
TRAIN,751a55a1-fe61-2c3b-8df5-925bfeac2496,ac33ce8f274c040478aa421ae8b50e9748d10bf6ddd2395df5d20ec0fcf56467,59,disappeared,True,False
TRAIN,0cac763b-8d6f-2d13-8c67-de3d97b48d39,d25f2afe650912ed8d7ed39c0dba411ccc8f780019acd2266d2a31f46c9d2626,5,both,True,True
TRAIN,0cac763b-8d6f-2d13-8c67-de3d97b48d39,d25f2afe650912ed8d7ed39c0dba411ccc8f780019acd2266d2a31f46c9d2626,6,both,True,True
TRAIN,0cac763b-8d6f-2d13-8c67-de3d97b48d39,d25f2afe650912ed8d7ed39c0dba411ccc8f780019acd2266d2a31f46c9d2626,8,both,True,True
TRAIN,0cac763b-8d6f-2d13-8c67-de3d97b48d39,d25f2afe650912ed8d7ed39c0dba411ccc8f780019acd2266d2a31f46c9d2626,9,both,True,True
TRAIN,0cac763b-8d6f-2d13-8c67-de3d97b48d39,d25f2afe650912ed8d7ed39c0dba411ccc8f780019acd2266d2a31f46c9d2626,10,both,True,True
TRAIN,0cac763b-8d6f-2d13-8c67-de3d97b48d39,009fbe78dadcf65b678b68d9efe1046e92a7054c4ae968b3575f2441f5170062,5,both,True,True
TRAIN,0cac763b-8d6f-2d13-8c67-de3d97b48d39,009fbe78dadcf65b678b68d9efe1046e92a7054c4ae968b3575f2441f5170062,6,both,True,True
TRAIN,0cac763b-8d6f-2d13-8c67-de3d97b48d39,009fbe78dadcf65b678b68d9efe1046e92a7054c4ae968b3575f2441f5170062,8,both,True,True
TRAIN,0cac763b-8d6f-2d13-8c67-de3d97b48d39,009fbe78dadcf65b678b68d9efe1046e92a7054c4ae968b3575f2441f5170062,9,both,True,True
TRAIN,0cac763b-8d6f-2d13-8c67-de3d97b48d39,009fbe78dadcf65b678b68d9efe1046e92a7054c4ae968b3575f2441f5170062,10,both,True,True
TRAIN,fcf66daa-622d-291c-8548-a1163ee299b4,13d627a7ffea82433ae094c5f7efe544d9af056dba1734db66c55290b101e206,4,both,True,True
TRAIN,fcf66daa-622d-291c-8548-a1163ee299b4,13d627a7ffea82433ae094c5f7efe544d9af056dba1734db66c55290b101e206,5,both,True,True
TRAIN,fcf66daa-622d-291c-8548-a1163ee299b4,13d627a7ffea82433ae094c5f7efe544d9af056dba1734db66c55290b101e206,12,both,True,True
TRAIN,fcf66daa-622d-291c-8548-a1163ee299b4,13d627a7ffea82433ae094c5f7efe544d9af056dba1734db66c55290b101e206,13,both,True,True
TRAIN,fcf66daa-622d-291c-8548-a1163ee299b4,13d627a7ffea82433ae094c5f7efe544d9af056dba1734db66c55290b101e206,14,both,True,True
TRAIN,fcf66daa-622d-291c-8548-a1163ee299b4,13d627a7ffea82433ae094c5f7efe544d9af056dba1734db66c55290b101e206,15,both,True,True
TRAIN,fcf66daa-622d-291c-8548-a1163ee299b4,13d627a7ffea82433ae094c5f7efe544d9af056dba1734db66c55290b101e206,29,both,True,True
TRAIN,fcf66daa-622d-291c-8548-a1163ee299b4,13d627a7ffea82433ae094c5f7efe544d9af056dba1734db66c55290b101e206,34,both,True,True
TRAIN,fcf66daa-622d-291c-8548-a1163ee299b4,13d627a7ffea82433ae094c5f7efe544d9af056dba1734db66c55290b101e206,36,disappeared,True,False
TRAIN,fcf66daa-622d-291c-8548-a1163ee299b4,a9d6c62875d8a80e989659b33cf9c47f9c079b5821751a203dddc02d8fbdff70,4,both,True,True
TRAIN,fcf66daa-622d-291c-8548-a1163ee299b4,a9d6c62875d8a80e989659b33cf9c47f9c079b5821751a203dddc02d8fbdff70,5,both,True,True
TRAIN,fcf66daa-622d-291c-8548-a1163ee299b4,a9d6c62875d8a80e989659b33cf9c47f9c079b5821751a203dddc02d8fbdff70,12,both,True,True
TRAIN,fcf66daa-622d-291c-8548-a1163ee299b4,a9d6c62875d8a80e989659b33cf9c47f9c079b5821751a203dddc02d8fbdff70,13,both,True,True
TRAIN,fcf66daa-622d-291c-8548-a1163ee299b4,a9d6c62875d8a80e989659b33cf9c47f9c079b5821751a203dddc02d8fbdff70,14,both,True,True
TRAIN,fcf66daa-622d-291c-8548-a1163ee299b4,a9d6c62875d8a80e989659b33cf9c47f9c079b5821751a203dddc02d8fbdff70,15,both,True,True
TRAIN,fcf66daa-622d-291c-8548-a1163ee299b4,a9d6c62875d8a80e989659b33cf9c47f9c079b5821751a203dddc02d8fbdff70,29,both,True,True
TRAIN,fcf66daa-622d-291c-8548-a1163ee299b4,a9d6c62875d8a80e989659b33cf9c47f9c079b5821751a203dddc02d8fbdff70,34,appeared,False,True
TRAIN,fcf66daa-622d-291c-8548-a1163ee299b4,a9d6c62875d8a80e989659b33cf9c47f9c079b5821751a203dddc02d8fbdff70,36,appeared,False,True
TRAIN,fcf66daa-622d-291c-8548-a1163ee299b4,3971734dd3e6cffc664c5b44127ffeb8b77df8b4073d452eeea5a58c226c1c9c,4,both,True,True
TRAIN,fcf66daa-622d-291c-8548-a1163ee299b4,3971734dd3e6cffc664c5b44127ffeb8b77df8b4073d452eeea5a58c226c1c9c,5,both,True,True
TRAIN,fcf66daa-622d-291c-8548-a1163ee299b4,3971734dd3e6cffc664c5b44127ffeb8b77df8b4073d452eeea5a58c226c1c9c,12,both,True,True
TRAIN,fcf66daa-622d-291c-8548-a1163ee299b4,3971734dd3e6cffc664c5b44127ffeb8b77df8b4073d452eeea5a58c226c1c9c,13,both,True,True
TRAIN,fcf66daa-622d-291c-8548-a1163ee299b4,3971734dd3e6cffc664c5b44127ffeb8b77df8b4073d452eeea5a58c226c1c9c,14,both,True,True
TRAIN,fcf66daa-622d-291c-8548-a1163ee299b4,3971734dd3e6cffc664c5b44127ffeb8b77df8b4073d452eeea5a58c226c1c9c,15,both,True,True
TRAIN,fcf66daa-622d-291c-8548-a1163ee299b4,3971734dd3e6cffc664c5b44127ffeb8b77df8b4073d452eeea5a58c226c1c9c,29,both,True,True
TRAIN,fcf66daa-622d-291c-8548-a1163ee299b4,3971734dd3e6cffc664c5b44127ffeb8b77df8b4073d452eeea5a58c226c1c9c,34,both,True,True
TRAIN,fcf66daa-622d-291c-8548-a1163ee299b4,3971734dd3e6cffc664c5b44127ffeb8b77df8b4073d452eeea5a58c226c1c9c,36,both,True,True
TRAIN,fcf66daa-622d-291c-8548-a1163ee299b4,e506e32f7da5ba3e240520142cd135b0aad3084574f69123258a5a6837341761,4,both,True,True
TRAIN,fcf66daa-622d-291c-8548-a1163ee299b4,e506e32f7da5ba3e240520142cd135b0aad3084574f69123258a5a6837341761,5,both,True,True
TRAIN,fcf66daa-622d-291c-8548-a1163ee299b4,e506e32f7da5ba3e240520142cd135b0aad3084574f69123258a5a6837341761,12,both,True,True
TRAIN,fcf66daa-622d-291c-8548-a1163ee299b4,e506e32f7da5ba3e240520142cd135b0aad3084574f69123258a5a6837341761,13,both,True,True
TRAIN,fcf66daa-622d-291c-8548-a1163ee299b4,e506e32f7da5ba3e240520142cd135b0aad3084574f69123258a5a6837341761,14,both,True,True
TRAIN,fcf66daa-622d-291c-8548-a1163ee299b4,e506e32f7da5ba3e240520142cd135b0aad3084574f69123258a5a6837341761,15,both,True,True
TRAIN,fcf66daa-622d-291c-8548-a1163ee299b4,e506e32f7da5ba3e240520142cd135b0aad3084574f69123258a5a6837341761,29,both,True,True
TRAIN,20c993c1-698f-29c5-86b8-50a2a0907e2b,d59092722854d5d3a05c290b5887989ff930edf3e30b04a571d9ea00a6353865,2,both,True,True
TRAIN,20c993c1-698f-29c5-86b8-50a2a0907e2b,d59092722854d5d3a05c290b5887989ff930edf3e30b04a571d9ea00a6353865,5,disappeared,True,False
TRAIN,20c993c1-698f-29c5-86b8-50a2a0907e2b,d59092722854d5d3a05c290b5887989ff930edf3e30b04a571d9ea00a6353865,6,both,True,True
TRAIN,20c993c1-698f-29c5-86b8-50a2a0907e2b,d59092722854d5d3a05c290b5887989ff930edf3e30b04a571d9ea00a6353865,9,both,True,True
TRAIN,20c993c1-698f-29c5-86b8-50a2a0907e2b,d59092722854d5d3a05c290b5887989ff930edf3e30b04a571d9ea00a6353865,12,both,True,True
TRAIN,20c993c1-698f-29c5-86b8-50a2a0907e2b,d59092722854d5d3a05c290b5887989ff930edf3e30b04a571d9ea00a6353865,13,both,True,True
TRAIN,20c993c1-698f-29c5-86b8-50a2a0907e2b,d59092722854d5d3a05c290b5887989ff930edf3e30b04a571d9ea00a6353865,15,both,True,True
TRAIN,20c993c1-698f-29c5-86b8-50a2a0907e2b,d59092722854d5d3a05c290b5887989ff930edf3e30b04a571d9ea00a6353865,17,both,True,True
TRAIN,20c993c1-698f-29c5-86b8-50a2a0907e2b,d59092722854d5d3a05c290b5887989ff930edf3e30b04a571d9ea00a6353865,34,both,True,True
TRAIN,20c993c1-698f-29c5-86b8-50a2a0907e2b,d59092722854d5d3a05c290b5887989ff930edf3e30b04a571d9ea00a6353865,35,both,True,True
TRAIN,20c993c1-698f-29c5-86b8-50a2a0907e2b,d59092722854d5d3a05c290b5887989ff930edf3e30b04a571d9ea00a6353865,500,appeared,False,True
TRAIN,20c993c1-698f-29c5-86b8-50a2a0907e2b,3abdc67cbc6ec5b8018e5f6223b238cae75a2e853337cab16ae8079b4a6a5846,2,both,True,True
TRAIN,20c993c1-698f-29c5-86b8-50a2a0907e2b,3abdc67cbc6ec5b8018e5f6223b238cae75a2e853337cab16ae8079b4a6a5846,5,appeared,False,True
TRAIN,20c993c1-698f-29c5-86b8-50a2a0907e2b,3abdc67cbc6ec5b8018e5f6223b238cae75a2e853337cab16ae8079b4a6a5846,6,both,True,True
TRAIN,20c993c1-698f-29c5-86b8-50a2a0907e2b,3abdc67cbc6ec5b8018e5f6223b238cae75a2e853337cab16ae8079b4a6a5846,9,both,True,True
TRAIN,20c993c1-698f-29c5-86b8-50a2a0907e2b,3abdc67cbc6ec5b8018e5f6223b238cae75a2e853337cab16ae8079b4a6a5846,12,both,True,True
TRAIN,20c993c1-698f-29c5-86b8-50a2a0907e2b,3abdc67cbc6ec5b8018e5f6223b238cae75a2e853337cab16ae8079b4a6a5846,13,both,True,True
TRAIN,20c993c1-698f-29c5-86b8-50a2a0907e2b,3abdc67cbc6ec5b8018e5f6223b238cae75a2e853337cab16ae8079b4a6a5846,15,both,True,True
TRAIN,20c993c1-698f-29c5-86b8-50a2a0907e2b,3abdc67cbc6ec5b8018e5f6223b238cae75a2e853337cab16ae8079b4a6a5846,17,both,True,True
TRAIN,20c993c1-698f-29c5-86b8-50a2a0907e2b,3abdc67cbc6ec5b8018e5f6223b238cae75a2e853337cab16ae8079b4a6a5846,34,both,True,True
TRAIN,20c993c1-698f-29c5-86b8-50a2a0907e2b,3abdc67cbc6ec5b8018e5f6223b238cae75a2e853337cab16ae8079b4a6a5846,35,both,True,True
TRAIN,20c993c1-698f-29c5-86b8-50a2a0907e2b,3abdc67cbc6ec5b8018e5f6223b238cae75a2e853337cab16ae8079b4a6a5846,500,disappeared,True,False
TRAIN,c12890d8-d3df-2d0d-87cc-da303a47b893,c6e6fba031bbb1df57ca65d51618379a0f4a6a13852e9f28f8cc4069ae717eca,3,both,True,True
TRAIN,c12890d8-d3df-2d0d-87cc-da303a47b893,c6e6fba031bbb1df57ca65d51618379a0f4a6a13852e9f28f8cc4069ae717eca,4,both,True,True
TRAIN,c12890d8-d3df-2d0d-87cc-da303a47b893,c6e6fba031bbb1df57ca65d51618379a0f4a6a13852e9f28f8cc4069ae717eca,8,both,True,True
TRAIN,c12890d8-d3df-2d0d-87cc-da303a47b893,c6e6fba031bbb1df57ca65d51618379a0f4a6a13852e9f28f8cc4069ae717eca,9,both,True,True
TRAIN,c12890d8-d3df-2d0d-87cc-da303a47b893,c6e6fba031bbb1df57ca65d51618379a0f4a6a13852e9f28f8cc4069ae717eca,12,both,True,True
TRAIN,c12890d8-d3df-2d0d-87cc-da303a47b893,c6e6fba031bbb1df57ca65d51618379a0f4a6a13852e9f28f8cc4069ae717eca,13,both,True,True
TRAIN,c12890d8-d3df-2d0d-87cc-da303a47b893,c6e6fba031bbb1df57ca65d51618379a0f4a6a13852e9f28f8cc4069ae717eca,15,both,True,True
TRAIN,c12890d8-d3df-2d0d-87cc-da303a47b893,c6e6fba031bbb1df57ca65d51618379a0f4a6a13852e9f28f8cc4069ae717eca,17,both,True,True
TRAIN,c12890d8-d3df-2d0d-87cc-da303a47b893,c6e6fba031bbb1df57ca65d51618379a0f4a6a13852e9f28f8cc4069ae717eca,18,both,True,True
TRAIN,c12890d8-d3df-2d0d-87cc-da303a47b893,c6e6fba031bbb1df57ca65d51618379a0f4a6a13852e9f28f8cc4069ae717eca,21,both,True,True
TRAIN,c12890d8-d3df-2d0d-87cc-da303a47b893,c6e6fba031bbb1df57ca65d51618379a0f4a6a13852e9f28f8cc4069ae717eca,22,both,True,True
TRAIN,c12890d8-d3df-2d0d-87cc-da303a47b893,c6e6fba031bbb1df57ca65d51618379a0f4a6a13852e9f28f8cc4069ae717eca,26,both,True,True
TRAIN,c12890d8-d3df-2d0d-87cc-da303a47b893,c6e6fba031bbb1df57ca65d51618379a0f4a6a13852e9f28f8cc4069ae717eca,28,both,True,True
TRAIN,c12890d8-d3df-2d0d-87cc-da303a47b893,c6e6fba031bbb1df57ca65d51618379a0f4a6a13852e9f28f8cc4069ae717eca,41,both,True,True
TRAIN,c12890d8-d3df-2d0d-87cc-da303a47b893,bbc785b0b969217efc4e46134edd94b722e5a6a269e17091880007d394e7d7f1,3,both,True,True
TRAIN,c12890d8-d3df-2d0d-87cc-da303a47b893,bbc785b0b969217efc4e46134edd94b722e5a6a269e17091880007d394e7d7f1,4,both,True,True
TRAIN,c12890d8-d3df-2d0d-87cc-da303a47b893,bbc785b0b969217efc4e46134edd94b722e5a6a269e17091880007d394e7d7f1,8,both,True,True
TRAIN,c12890d8-d3df-2d0d-87cc-da303a47b893,bbc785b0b969217efc4e46134edd94b722e5a6a269e17091880007d394e7d7f1,9,both,True,True
TRAIN,c12890d8-d3df-2d0d-87cc-da303a47b893,bbc785b0b969217efc4e46134edd94b722e5a6a269e17091880007d394e7d7f1,12,both,True,True
TRAIN,c12890d8-d3df-2d0d-87cc-da303a47b893,bbc785b0b969217efc4e46134edd94b722e5a6a269e17091880007d394e7d7f1,13,both,True,True
TRAIN,c12890d8-d3df-2d0d-87cc-da303a47b893,bbc785b0b969217efc4e46134edd94b722e5a6a269e17091880007d394e7d7f1,15,both,True,True
TRAIN,c12890d8-d3df-2d0d-87cc-da303a47b893,bbc785b0b969217efc4e46134edd94b722e5a6a269e17091880007d394e7d7f1,17,both,True,True
TRAIN,c12890d8-d3df-2d0d-87cc-da303a47b893,bbc785b0b969217efc4e46134edd94b722e5a6a269e17091880007d394e7d7f1,18,both,True,True
TRAIN,c12890d8-d3df-2d0d-87cc-da303a47b893,bbc785b0b969217efc4e46134edd94b722e5a6a269e17091880007d394e7d7f1,21,both,True,True
TRAIN,c12890d8-d3df-2d0d-87cc-da303a47b893,bbc785b0b969217efc4e46134edd94b722e5a6a269e17091880007d394e7d7f1,22,both,True,True
TRAIN,c12890d8-d3df-2d0d-87cc-da303a47b893,bbc785b0b969217efc4e46134edd94b722e5a6a269e17091880007d394e7d7f1,26,both,True,True
TRAIN,c12890d8-d3df-2d0d-87cc-da303a47b893,bbc785b0b969217efc4e46134edd94b722e5a6a269e17091880007d394e7d7f1,28,both,True,True
TRAIN,c12890d8-d3df-2d0d-87cc-da303a47b893,bbc785b0b969217efc4e46134edd94b722e5a6a269e17091880007d394e7d7f1,41,both,True,True
TRAIN,c12890d8-d3df-2d0d-87cc-da303a47b893,c36777cbe8eca6faae68545c0405f59a703f1d0bb636cbf59ee313723712c6f4,3,both,True,True
TRAIN,c12890d8-d3df-2d0d-87cc-da303a47b893,c36777cbe8eca6faae68545c0405f59a703f1d0bb636cbf59ee313723712c6f4,4,both,True,True
TRAIN,c12890d8-d3df-2d0d-87cc-da303a47b893,c36777cbe8eca6faae68545c0405f59a703f1d0bb636cbf59ee313723712c6f4,8,both,True,True
TRAIN,c12890d8-d3df-2d0d-87cc-da303a47b893,c36777cbe8eca6faae68545c0405f59a703f1d0bb636cbf59ee313723712c6f4,9,both,True,True
TRAIN,c12890d8-d3df-2d0d-87cc-da303a47b893,c36777cbe8eca6faae68545c0405f59a703f1d0bb636cbf59ee313723712c6f4,12,both,True,True
TRAIN,c12890d8-d3df-2d0d-87cc-da303a47b893,c36777cbe8eca6faae68545c0405f59a703f1d0bb636cbf59ee313723712c6f4,13,both,True,True
TRAIN,c12890d8-d3df-2d0d-87cc-da303a47b893,c36777cbe8eca6faae68545c0405f59a703f1d0bb636cbf59ee313723712c6f4,15,both,True,True
TRAIN,c12890d8-d3df-2d0d-87cc-da303a47b893,c36777cbe8eca6faae68545c0405f59a703f1d0bb636cbf59ee313723712c6f4,17,both,True,True
TRAIN,c12890d8-d3df-2d0d-87cc-da303a47b893,c36777cbe8eca6faae68545c0405f59a703f1d0bb636cbf59ee313723712c6f4,18,both,True,True
TRAIN,c12890d8-d3df-2d0d-87cc-da303a47b893,c36777cbe8eca6faae68545c0405f59a703f1d0bb636cbf59ee313723712c6f4,21,both,True,True
TRAIN,c12890d8-d3df-2d0d-87cc-da303a47b893,c36777cbe8eca6faae68545c0405f59a703f1d0bb636cbf59ee313723712c6f4,22,both,True,True
TRAIN,c12890d8-d3df-2d0d-87cc-da303a47b893,c36777cbe8eca6faae68545c0405f59a703f1d0bb636cbf59ee313723712c6f4,26,both,True,True
TRAIN,c12890d8-d3df-2d0d-87cc-da303a47b893,c36777cbe8eca6faae68545c0405f59a703f1d0bb636cbf59ee313723712c6f4,28,both,True,True
TRAIN,c12890d8-d3df-2d0d-87cc-da303a47b893,c36777cbe8eca6faae68545c0405f59a703f1d0bb636cbf59ee313723712c6f4,41,both,True,True
TRAIN,a644cb9b-0ee5-2f66-9ee4-52027f9ba7d5,a950aa9631029117bd579b15185b6d1f939a8d1b4e1b365feebed877553ec1cf,4,both,True,True
TRAIN,a644cb9b-0ee5-2f66-9ee4-52027f9ba7d5,a950aa9631029117bd579b15185b6d1f939a8d1b4e1b365feebed877553ec1cf,5,both,True,True
TRAIN,a644cb9b-0ee5-2f66-9ee4-52027f9ba7d5,a950aa9631029117bd579b15185b6d1f939a8d1b4e1b365feebed877553ec1cf,6,both,True,True
TRAIN,a644cb9b-0ee5-2f66-9ee4-52027f9ba7d5,a950aa9631029117bd579b15185b6d1f939a8d1b4e1b365feebed877553ec1cf,7,both,True,True
TRAIN,a644cb9b-0ee5-2f66-9ee4-52027f9ba7d5,a950aa9631029117bd579b15185b6d1f939a8d1b4e1b365feebed877553ec1cf,8,both,True,True
TRAIN,a644cb9b-0ee5-2f66-9ee4-52027f9ba7d5,a950aa9631029117bd579b15185b6d1f939a8d1b4e1b365feebed877553ec1cf,9,both,True,True
TRAIN,a644cb9b-0ee5-2f66-9ee4-52027f9ba7d5,a950aa9631029117bd579b15185b6d1f939a8d1b4e1b365feebed877553ec1cf,10,both,True,True
TRAIN,a644cb9b-0ee5-2f66-9ee4-52027f9ba7d5,a950aa9631029117bd579b15185b6d1f939a8d1b4e1b365feebed877553ec1cf,11,both,True,True
TRAIN,a644cb9b-0ee5-2f66-9ee4-52027f9ba7d5,a950aa9631029117bd579b15185b6d1f939a8d1b4e1b365feebed877553ec1cf,12,both,True,True
TRAIN,a644cb9b-0ee5-2f66-9ee4-52027f9ba7d5,a950aa9631029117bd579b15185b6d1f939a8d1b4e1b365feebed877553ec1cf,16,disappeared,True,False
TRAIN,a644cb9b-0ee5-2f66-9ee4-52027f9ba7d5,a950aa9631029117bd579b15185b6d1f939a8d1b4e1b365feebed877553ec1cf,21,disappeared,True,False
TRAIN,a644cb9b-0ee5-2f66-9ee4-52027f9ba7d5,a950aa9631029117bd579b15185b6d1f939a8d1b4e1b365feebed877553ec1cf,22,disappeared,True,False
TRAIN,a644cb9b-0ee5-2f66-9ee4-52027f9ba7d5,5f0d2c4956df5b3541712909d07b72511c532d79067135eace5575a222c5b913,4,both,True,True
TRAIN,a644cb9b-0ee5-2f66-9ee4-52027f9ba7d5,5f0d2c4956df5b3541712909d07b72511c532d79067135eace5575a222c5b913,5,both,True,True
TRAIN,a644cb9b-0ee5-2f66-9ee4-52027f9ba7d5,5f0d2c4956df5b3541712909d07b72511c532d79067135eace5575a222c5b913,6,both,True,True
TRAIN,a644cb9b-0ee5-2f66-9ee4-52027f9ba7d5,5f0d2c4956df5b3541712909d07b72511c532d79067135eace5575a222c5b913,7,both,True,True
TRAIN,a644cb9b-0ee5-2f66-9ee4-52027f9ba7d5,5f0d2c4956df5b3541712909d07b72511c532d79067135eace5575a222c5b913,8,both,True,True
TRAIN,a644cb9b-0ee5-2f66-9ee4-52027f9ba7d5,5f0d2c4956df5b3541712909d07b72511c532d79067135eace5575a222c5b913,9,both,True,True
TRAIN,a644cb9b-0ee5-2f66-9ee4-52027f9ba7d5,5f0d2c4956df5b3541712909d07b72511c532d79067135eace5575a222c5b913,10,both,True,True
TRAIN,a644cb9b-0ee5-2f66-9ee4-52027f9ba7d5,5f0d2c4956df5b3541712909d07b72511c532d79067135eace5575a222c5b913,11,both,True,True
TRAIN,a644cb9b-0ee5-2f66-9ee4-52027f9ba7d5,5f0d2c4956df5b3541712909d07b72511c532d79067135eace5575a222c5b913,12,both,True,True
TRAIN,a644cb9b-0ee5-2f66-9ee4-52027f9ba7d5,5f0d2c4956df5b3541712909d07b72511c532d79067135eace5575a222c5b913,16,appeared,False,True
TRAIN,a644cb9b-0ee5-2f66-9ee4-52027f9ba7d5,5f0d2c4956df5b3541712909d07b72511c532d79067135eace5575a222c5b913,21,appeared,False,True
TRAIN,a644cb9b-0ee5-2f66-9ee4-52027f9ba7d5,5f0d2c4956df5b3541712909d07b72511c532d79067135eace5575a222c5b913,22,appeared,False,True
TRAIN,2e36953b-e133-204c-931b-a2cf0f93fed6,2d3e8c8a5dab75d497b9033d71cfe41a94f4a0bbddf608f02d86677ea4d0ef5b,4,both,True,True
TRAIN,2e36953b-e133-204c-931b-a2cf0f93fed6,2d3e8c8a5dab75d497b9033d71cfe41a94f4a0bbddf608f02d86677ea4d0ef5b,6,appeared,False,True
TRAIN,2e36953b-e133-204c-931b-a2cf0f93fed6,8c72fafebcd20b85c5378187d9606a078a73ffbc55ec32451a2ed76ee2e3a3a5,4,both,True,True
TRAIN,2e36953b-e133-204c-931b-a2cf0f93fed6,8c72fafebcd20b85c5378187d9606a078a73ffbc55ec32451a2ed76ee2e3a3a5,6,disappeared,True,False
TRAIN,0cac7580-8d6f-2d13-8c9d-d45247b5244b,969b07e9a2558477629347dbe53d1fe581aaf45a135d1091dc80dc3fef8852f3,2,both,True,True
TRAIN,0cac7580-8d6f-2d13-8c9d-d45247b5244b,969b07e9a2558477629347dbe53d1fe581aaf45a135d1091dc80dc3fef8852f3,3,appeared,False,True
TRAIN,0cac7580-8d6f-2d13-8c9d-d45247b5244b,969b07e9a2558477629347dbe53d1fe581aaf45a135d1091dc80dc3fef8852f3,4,appeared,False,True
TRAIN,0cac7580-8d6f-2d13-8c9d-d45247b5244b,969b07e9a2558477629347dbe53d1fe581aaf45a135d1091dc80dc3fef8852f3,6,both,True,True
TRAIN,0cac7580-8d6f-2d13-8c9d-d45247b5244b,969b07e9a2558477629347dbe53d1fe581aaf45a135d1091dc80dc3fef8852f3,7,both,True,True
TRAIN,0cac7580-8d6f-2d13-8c9d-d45247b5244b,969b07e9a2558477629347dbe53d1fe581aaf45a135d1091dc80dc3fef8852f3,9,both,True,True
TRAIN,0cac7580-8d6f-2d13-8c9d-d45247b5244b,969b07e9a2558477629347dbe53d1fe581aaf45a135d1091dc80dc3fef8852f3,10,both,True,True
TRAIN,0cac7580-8d6f-2d13-8c9d-d45247b5244b,969b07e9a2558477629347dbe53d1fe581aaf45a135d1091dc80dc3fef8852f3,12,both,True,True
TRAIN,0cac7580-8d6f-2d13-8c9d-d45247b5244b,969b07e9a2558477629347dbe53d1fe581aaf45a135d1091dc80dc3fef8852f3,13,both,True,True
TRAIN,0cac7580-8d6f-2d13-8c9d-d45247b5244b,969b07e9a2558477629347dbe53d1fe581aaf45a135d1091dc80dc3fef8852f3,14,both,True,True
TRAIN,0cac7580-8d6f-2d13-8c9d-d45247b5244b,969b07e9a2558477629347dbe53d1fe581aaf45a135d1091dc80dc3fef8852f3,16,both,True,True
TRAIN,0cac7580-8d6f-2d13-8c9d-d45247b5244b,969b07e9a2558477629347dbe53d1fe581aaf45a135d1091dc80dc3fef8852f3,18,appeared,False,True
TRAIN,0cac7580-8d6f-2d13-8c9d-d45247b5244b,969b07e9a2558477629347dbe53d1fe581aaf45a135d1091dc80dc3fef8852f3,19,appeared,False,True
TRAIN,0cac7580-8d6f-2d13-8c9d-d45247b5244b,969b07e9a2558477629347dbe53d1fe581aaf45a135d1091dc80dc3fef8852f3,21,both,True,True
TRAIN,0cac7580-8d6f-2d13-8c9d-d45247b5244b,969b07e9a2558477629347dbe53d1fe581aaf45a135d1091dc80dc3fef8852f3,31,both,True,True
TRAIN,0cac7580-8d6f-2d13-8c9d-d45247b5244b,969b07e9a2558477629347dbe53d1fe581aaf45a135d1091dc80dc3fef8852f3,58,disappeared,True,False
TRAIN,0cac7580-8d6f-2d13-8c9d-d45247b5244b,969b07e9a2558477629347dbe53d1fe581aaf45a135d1091dc80dc3fef8852f3,62,disappeared,True,False
TRAIN,0cac7580-8d6f-2d13-8c9d-d45247b5244b,969b07e9a2558477629347dbe53d1fe581aaf45a135d1091dc80dc3fef8852f3,400,disappeared,True,False
TRAIN,0cac7580-8d6f-2d13-8c9d-d45247b5244b,c8741e4032ae5ecc52d23494f549ab4b4278c3c89ae9e900c6adba30418ab9e6,2,both,True,True
TRAIN,0cac7580-8d6f-2d13-8c9d-d45247b5244b,c8741e4032ae5ecc52d23494f549ab4b4278c3c89ae9e900c6adba30418ab9e6,3,both,True,True
TRAIN,0cac7580-8d6f-2d13-8c9d-d45247b5244b,c8741e4032ae5ecc52d23494f549ab4b4278c3c89ae9e900c6adba30418ab9e6,4,both,True,True
TRAIN,0cac7580-8d6f-2d13-8c9d-d45247b5244b,c8741e4032ae5ecc52d23494f549ab4b4278c3c89ae9e900c6adba30418ab9e6,6,disappeared,True,False
TRAIN,0cac7580-8d6f-2d13-8c9d-d45247b5244b,c8741e4032ae5ecc52d23494f549ab4b4278c3c89ae9e900c6adba30418ab9e6,7,disappeared,True,False
TRAIN,0cac7580-8d6f-2d13-8c9d-d45247b5244b,c8741e4032ae5ecc52d23494f549ab4b4278c3c89ae9e900c6adba30418ab9e6,9,both,True,True
TRAIN,0cac7580-8d6f-2d13-8c9d-d45247b5244b,c8741e4032ae5ecc52d23494f549ab4b4278c3c89ae9e900c6adba30418ab9e6,10,both,True,True
TRAIN,0cac7580-8d6f-2d13-8c9d-d45247b5244b,c8741e4032ae5ecc52d23494f549ab4b4278c3c89ae9e900c6adba30418ab9e6,12,both,True,True
TRAIN,0cac7580-8d6f-2d13-8c9d-d45247b5244b,c8741e4032ae5ecc52d23494f549ab4b4278c3c89ae9e900c6adba30418ab9e6,13,both,True,True
TRAIN,0cac7580-8d6f-2d13-8c9d-d45247b5244b,c8741e4032ae5ecc52d23494f549ab4b4278c3c89ae9e900c6adba30418ab9e6,14,both,True,True
TRAIN,0cac7580-8d6f-2d13-8c9d-d45247b5244b,c8741e4032ae5ecc52d23494f549ab4b4278c3c89ae9e900c6adba30418ab9e6,16,both,True,True
TRAIN,0cac7580-8d6f-2d13-8c9d-d45247b5244b,c8741e4032ae5ecc52d23494f549ab4b4278c3c89ae9e900c6adba30418ab9e6,18,both,True,True
TRAIN,0cac7580-8d6f-2d13-8c9d-d45247b5244b,c8741e4032ae5ecc52d23494f549ab4b4278c3c89ae9e900c6adba30418ab9e6,19,both,True,True
TRAIN,0cac7580-8d6f-2d13-8c9d-d45247b5244b,c8741e4032ae5ecc52d23494f549ab4b4278c3c89ae9e900c6adba30418ab9e6,21,both,True,True
TRAIN,0cac7580-8d6f-2d13-8c9d-d45247b5244b,c8741e4032ae5ecc52d23494f549ab4b4278c3c89ae9e900c6adba30418ab9e6,31,disappeared,True,False
TRAIN,0cac7580-8d6f-2d13-8c9d-d45247b5244b,d89d108d864c5c00323e7d54473e229d380663be35195e7a72dc0fbee665aa61,2,both,True,True
TRAIN,0cac7580-8d6f-2d13-8c9d-d45247b5244b,d89d108d864c5c00323e7d54473e229d380663be35195e7a72dc0fbee665aa61,3,disappeared,True,False
TRAIN,0cac7580-8d6f-2d13-8c9d-d45247b5244b,d89d108d864c5c00323e7d54473e229d380663be35195e7a72dc0fbee665aa61,4,disappeared,True,False
TRAIN,0cac7580-8d6f-2d13-8c9d-d45247b5244b,d89d108d864c5c00323e7d54473e229d380663be35195e7a72dc0fbee665aa61,6,appeared,False,True
TRAIN,0cac7580-8d6f-2d13-8c9d-d45247b5244b,d89d108d864c5c00323e7d54473e229d380663be35195e7a72dc0fbee665aa61,7,appeared,False,True
TRAIN,0cac7580-8d6f-2d13-8c9d-d45247b5244b,d89d108d864c5c00323e7d54473e229d380663be35195e7a72dc0fbee665aa61,9,both,True,True
TRAIN,0cac7580-8d6f-2d13-8c9d-d45247b5244b,d89d108d864c5c00323e7d54473e229d380663be35195e7a72dc0fbee665aa61,10,both,True,True
TRAIN,0cac7580-8d6f-2d13-8c9d-d45247b5244b,d89d108d864c5c00323e7d54473e229d380663be35195e7a72dc0fbee665aa61,12,both,True,True
TRAIN,0cac7580-8d6f-2d13-8c9d-d45247b5244b,d89d108d864c5c00323e7d54473e229d380663be35195e7a72dc0fbee665aa61,13,both,True,True
TRAIN,0cac7580-8d6f-2d13-8c9d-d45247b5244b,d89d108d864c5c00323e7d54473e229d380663be35195e7a72dc0fbee665aa61,14,both,True,True
TRAIN,0cac7580-8d6f-2d13-8c9d-d45247b5244b,d89d108d864c5c00323e7d54473e229d380663be35195e7a72dc0fbee665aa61,16,both,True,True
TRAIN,0cac7580-8d6f-2d13-8c9d-d45247b5244b,d89d108d864c5c00323e7d54473e229d380663be35195e7a72dc0fbee665aa61,18,disappeared,True,False
TRAIN,0cac7580-8d6f-2d13-8c9d-d45247b5244b,d89d108d864c5c00323e7d54473e229d380663be35195e7a72dc0fbee665aa61,19,disappeared,True,False
TRAIN,0cac7580-8d6f-2d13-8c9d-d45247b5244b,d89d108d864c5c00323e7d54473e229d380663be35195e7a72dc0fbee665aa61,21,both,True,True
TRAIN,0cac7580-8d6f-2d13-8c9d-d45247b5244b,d89d108d864c5c00323e7d54473e229d380663be35195e7a72dc0fbee665aa61,31,appeared,False,True
TRAIN,0cac7580-8d6f-2d13-8c9d-d45247b5244b,d89d108d864c5c00323e7d54473e229d380663be35195e7a72dc0fbee665aa61,58,appeared,False,True
TRAIN,0cac7580-8d6f-2d13-8c9d-d45247b5244b,d89d108d864c5c00323e7d54473e229d380663be35195e7a72dc0fbee665aa61,62,appeared,False,True
TRAIN,0cac7580-8d6f-2d13-8c9d-d45247b5244b,d89d108d864c5c00323e7d54473e229d380663be35195e7a72dc0fbee665aa61,400,appeared,False,True
TRAIN,531cff08-0021-28f6-8e08-ba2eeb945e09,67a21e6785952a86820366996f946f55ccd03371c14565c47a4a0754b0b322a5,3,both,True,True
TRAIN,531cff08-0021-28f6-8e08-ba2eeb945e09,67a21e6785952a86820366996f946f55ccd03371c14565c47a4a0754b0b322a5,4,both,True,True
TRAIN,531cff08-0021-28f6-8e08-ba2eeb945e09,67a21e6785952a86820366996f946f55ccd03371c14565c47a4a0754b0b322a5,12,both,True,True
TRAIN,531cff08-0021-28f6-8e08-ba2eeb945e09,67a21e6785952a86820366996f946f55ccd03371c14565c47a4a0754b0b322a5,18,both,True,True
TRAIN,531cff08-0021-28f6-8e08-ba2eeb945e09,67a21e6785952a86820366996f946f55ccd03371c14565c47a4a0754b0b322a5,23,both,True,True
TRAIN,531cff08-0021-28f6-8e08-ba2eeb945e09,67a21e6785952a86820366996f946f55ccd03371c14565c47a4a0754b0b322a5,25,both,True,True
TRAIN,531cff08-0021-28f6-8e08-ba2eeb945e09,67a21e6785952a86820366996f946f55ccd03371c14565c47a4a0754b0b322a5,27,both,True,True
TRAIN,531cff08-0021-28f6-8e08-ba2eeb945e09,67a21e6785952a86820366996f946f55ccd03371c14565c47a4a0754b0b322a5,33,both,True,True
TRAIN,531cff08-0021-28f6-8e08-ba2eeb945e09,67a21e6785952a86820366996f946f55ccd03371c14565c47a4a0754b0b322a5,37,both,True,True
TRAIN,531cff08-0021-28f6-8e08-ba2eeb945e09,67a21e6785952a86820366996f946f55ccd03371c14565c47a4a0754b0b322a5,40,both,True,True
TRAIN,531cff08-0021-28f6-8e08-ba2eeb945e09,67a21e6785952a86820366996f946f55ccd03371c14565c47a4a0754b0b322a5,54,both,True,True
TRAIN,531cff08-0021-28f6-8e08-ba2eeb945e09,67a21e6785952a86820366996f946f55ccd03371c14565c47a4a0754b0b322a5,60,both,True,True
TRAIN,531cff08-0021-28f6-8e08-ba2eeb945e09,67a21e6785952a86820366996f946f55ccd03371c14565c47a4a0754b0b322a5,100,both,True,True
TRAIN,531cff08-0021-28f6-8e08-ba2eeb945e09,c18dd9721a80640d374854fdbbd6c21af8cdca1b049e581c7917daf43087fb91,3,both,True,True
TRAIN,531cff08-0021-28f6-8e08-ba2eeb945e09,c18dd9721a80640d374854fdbbd6c21af8cdca1b049e581c7917daf43087fb91,4,both,True,True
TRAIN,531cff08-0021-28f6-8e08-ba2eeb945e09,c18dd9721a80640d374854fdbbd6c21af8cdca1b049e581c7917daf43087fb91,12,both,True,True
TRAIN,531cff08-0021-28f6-8e08-ba2eeb945e09,c18dd9721a80640d374854fdbbd6c21af8cdca1b049e581c7917daf43087fb91,18,both,True,True
TRAIN,531cff08-0021-28f6-8e08-ba2eeb945e09,c18dd9721a80640d374854fdbbd6c21af8cdca1b049e581c7917daf43087fb91,23,both,True,True
TRAIN,531cff08-0021-28f6-8e08-ba2eeb945e09,c18dd9721a80640d374854fdbbd6c21af8cdca1b049e581c7917daf43087fb91,25,both,True,True
TRAIN,531cff08-0021-28f6-8e08-ba2eeb945e09,c18dd9721a80640d374854fdbbd6c21af8cdca1b049e581c7917daf43087fb91,27,both,True,True
TRAIN,531cff08-0021-28f6-8e08-ba2eeb945e09,c18dd9721a80640d374854fdbbd6c21af8cdca1b049e581c7917daf43087fb91,33,both,True,True
TRAIN,531cff08-0021-28f6-8e08-ba2eeb945e09,c18dd9721a80640d374854fdbbd6c21af8cdca1b049e581c7917daf43087fb91,37,both,True,True
TRAIN,531cff08-0021-28f6-8e08-ba2eeb945e09,c18dd9721a80640d374854fdbbd6c21af8cdca1b049e581c7917daf43087fb91,40,both,True,True
TRAIN,531cff08-0021-28f6-8e08-ba2eeb945e09,c18dd9721a80640d374854fdbbd6c21af8cdca1b049e581c7917daf43087fb91,54,both,True,True
TRAIN,531cff08-0021-28f6-8e08-ba2eeb945e09,c18dd9721a80640d374854fdbbd6c21af8cdca1b049e581c7917daf43087fb91,60,both,True,True
TRAIN,531cff08-0021-28f6-8e08-ba2eeb945e09,c18dd9721a80640d374854fdbbd6c21af8cdca1b049e581c7917daf43087fb91,66,both,True,True
TRAIN,531cff08-0021-28f6-8e08-ba2eeb945e09,c18dd9721a80640d374854fdbbd6c21af8cdca1b049e581c7917daf43087fb91,100,both,True,True
TRAIN,531cff08-0021-28f6-8e08-ba2eeb945e09,154cc79e6b025f3bab31c8cb8b8d51b47532c6e97a1863aa0fdd4f572c90b5a5,3,both,True,True
TRAIN,531cff08-0021-28f6-8e08-ba2eeb945e09,154cc79e6b025f3bab31c8cb8b8d51b47532c6e97a1863aa0fdd4f572c90b5a5,4,both,True,True
TRAIN,531cff08-0021-28f6-8e08-ba2eeb945e09,154cc79e6b025f3bab31c8cb8b8d51b47532c6e97a1863aa0fdd4f572c90b5a5,12,both,True,True
TRAIN,531cff08-0021-28f6-8e08-ba2eeb945e09,154cc79e6b025f3bab31c8cb8b8d51b47532c6e97a1863aa0fdd4f572c90b5a5,18,both,True,True
TRAIN,531cff08-0021-28f6-8e08-ba2eeb945e09,154cc79e6b025f3bab31c8cb8b8d51b47532c6e97a1863aa0fdd4f572c90b5a5,23,appeared,False,True
TRAIN,531cff08-0021-28f6-8e08-ba2eeb945e09,154cc79e6b025f3bab31c8cb8b8d51b47532c6e97a1863aa0fdd4f572c90b5a5,25,both,True,True
TRAIN,531cff08-0021-28f6-8e08-ba2eeb945e09,154cc79e6b025f3bab31c8cb8b8d51b47532c6e97a1863aa0fdd4f572c90b5a5,27,both,True,True
TRAIN,531cff08-0021-28f6-8e08-ba2eeb945e09,154cc79e6b025f3bab31c8cb8b8d51b47532c6e97a1863aa0fdd4f572c90b5a5,33,both,True,True
TRAIN,531cff08-0021-28f6-8e08-ba2eeb945e09,154cc79e6b025f3bab31c8cb8b8d51b47532c6e97a1863aa0fdd4f572c90b5a5,37,both,True,True
TRAIN,531cff08-0021-28f6-8e08-ba2eeb945e09,154cc79e6b025f3bab31c8cb8b8d51b47532c6e97a1863aa0fdd4f572c90b5a5,40,appeared,False,True
TRAIN,531cff08-0021-28f6-8e08-ba2eeb945e09,154cc79e6b025f3bab31c8cb8b8d51b47532c6e97a1863aa0fdd4f572c90b5a5,54,both,True,True
TRAIN,531cff08-0021-28f6-8e08-ba2eeb945e09,154cc79e6b025f3bab31c8cb8b8d51b47532c6e97a1863aa0fdd4f572c90b5a5,66,appeared,False,True
TRAIN,531cff08-0021-28f6-8e08-ba2eeb945e09,154cc79e6b025f3bab31c8cb8b8d51b47532c6e97a1863aa0fdd4f572c90b5a5,82,disappeared,True,False
TRAIN,531cff08-0021-28f6-8e08-ba2eeb945e09,154cc79e6b025f3bab31c8cb8b8d51b47532c6e97a1863aa0fdd4f572c90b5a5,100,both,True,True
TRAIN,531cff08-0021-28f6-8e08-ba2eeb945e09,d84d4ababa5cf838e6bb079da61eb7fabbd7ea601a34ea25deaf9d3492b0d0b8,3,both,True,True
TRAIN,531cff08-0021-28f6-8e08-ba2eeb945e09,d84d4ababa5cf838e6bb079da61eb7fabbd7ea601a34ea25deaf9d3492b0d0b8,4,both,True,True
TRAIN,531cff08-0021-28f6-8e08-ba2eeb945e09,d84d4ababa5cf838e6bb079da61eb7fabbd7ea601a34ea25deaf9d3492b0d0b8,12,both,True,True
TRAIN,531cff08-0021-28f6-8e08-ba2eeb945e09,d84d4ababa5cf838e6bb079da61eb7fabbd7ea601a34ea25deaf9d3492b0d0b8,18,both,True,True
TRAIN,531cff08-0021-28f6-8e08-ba2eeb945e09,d84d4ababa5cf838e6bb079da61eb7fabbd7ea601a34ea25deaf9d3492b0d0b8,23,disappeared,True,False
TRAIN,531cff08-0021-28f6-8e08-ba2eeb945e09,d84d4ababa5cf838e6bb079da61eb7fabbd7ea601a34ea25deaf9d3492b0d0b8,25,both,True,True
TRAIN,531cff08-0021-28f6-8e08-ba2eeb945e09,d84d4ababa5cf838e6bb079da61eb7fabbd7ea601a34ea25deaf9d3492b0d0b8,27,both,True,True
TRAIN,531cff08-0021-28f6-8e08-ba2eeb945e09,d84d4ababa5cf838e6bb079da61eb7fabbd7ea601a34ea25deaf9d3492b0d0b8,33,both,True,True
TRAIN,531cff08-0021-28f6-8e08-ba2eeb945e09,d84d4ababa5cf838e6bb079da61eb7fabbd7ea601a34ea25deaf9d3492b0d0b8,37,both,True,True
TRAIN,531cff08-0021-28f6-8e08-ba2eeb945e09,d84d4ababa5cf838e6bb079da61eb7fabbd7ea601a34ea25deaf9d3492b0d0b8,40,disappeared,True,False
TRAIN,531cff08-0021-28f6-8e08-ba2eeb945e09,d84d4ababa5cf838e6bb079da61eb7fabbd7ea601a34ea25deaf9d3492b0d0b8,54,both,True,True
TRAIN,531cff08-0021-28f6-8e08-ba2eeb945e09,d84d4ababa5cf838e6bb079da61eb7fabbd7ea601a34ea25deaf9d3492b0d0b8,60,both,True,True
TRAIN,531cff08-0021-28f6-8e08-ba2eeb945e09,d84d4ababa5cf838e6bb079da61eb7fabbd7ea601a34ea25deaf9d3492b0d0b8,82,appeared,False,True
TRAIN,531cff08-0021-28f6-8e08-ba2eeb945e09,d84d4ababa5cf838e6bb079da61eb7fabbd7ea601a34ea25deaf9d3492b0d0b8,100,both,True,True
TRAIN,20c993b1-698f-29c5-865d-3a86c19acb3b,42882daf379517b0168f89f579e1f2909b4a611ae285d97078231a1b1a68b35a,2,both,True,True
TRAIN,20c993b1-698f-29c5-865d-3a86c19acb3b,42882daf379517b0168f89f579e1f2909b4a611ae285d97078231a1b1a68b35a,4,both,True,True
TRAIN,20c993b1-698f-29c5-865d-3a86c19acb3b,42882daf379517b0168f89f579e1f2909b4a611ae285d97078231a1b1a68b35a,6,both,True,True
TRAIN,20c993b1-698f-29c5-865d-3a86c19acb3b,42882daf379517b0168f89f579e1f2909b4a611ae285d97078231a1b1a68b35a,14,both,True,True
TRAIN,20c993b1-698f-29c5-865d-3a86c19acb3b,42882daf379517b0168f89f579e1f2909b4a611ae285d97078231a1b1a68b35a,31,both,True,True
TRAIN,20c993b1-698f-29c5-865d-3a86c19acb3b,42882daf379517b0168f89f579e1f2909b4a611ae285d97078231a1b1a68b35a,38,both,True,True
TRAIN,20c993b1-698f-29c5-865d-3a86c19acb3b,42882daf379517b0168f89f579e1f2909b4a611ae285d97078231a1b1a68b35a,39,both,True,True
TRAIN,20c993b1-698f-29c5-865d-3a86c19acb3b,42882daf379517b0168f89f579e1f2909b4a611ae285d97078231a1b1a68b35a,40,both,True,True
TRAIN,20c993b1-698f-29c5-865d-3a86c19acb3b,42882daf379517b0168f89f579e1f2909b4a611ae285d97078231a1b1a68b35a,43,both,True,True
TRAIN,20c993b1-698f-29c5-865d-3a86c19acb3b,42882daf379517b0168f89f579e1f2909b4a611ae285d97078231a1b1a68b35a,44,both,True,True
TRAIN,20c993b1-698f-29c5-865d-3a86c19acb3b,42882daf379517b0168f89f579e1f2909b4a611ae285d97078231a1b1a68b35a,57,disappeared,True,False
TRAIN,20c993b1-698f-29c5-865d-3a86c19acb3b,42882daf379517b0168f89f579e1f2909b4a611ae285d97078231a1b1a68b35a,570,appeared,False,True
TRAIN,20c993b1-698f-29c5-865d-3a86c19acb3b,b4a441e05ebf1ee2e6fa15090038a9cec55b8a1c0dd125a2fee99a0c5f576007,2,both,True,True
TRAIN,20c993b1-698f-29c5-865d-3a86c19acb3b,b4a441e05ebf1ee2e6fa15090038a9cec55b8a1c0dd125a2fee99a0c5f576007,4,both,True,True
TRAIN,20c993b1-698f-29c5-865d-3a86c19acb3b,b4a441e05ebf1ee2e6fa15090038a9cec55b8a1c0dd125a2fee99a0c5f576007,6,both,True,True
TRAIN,20c993b1-698f-29c5-865d-3a86c19acb3b,b4a441e05ebf1ee2e6fa15090038a9cec55b8a1c0dd125a2fee99a0c5f576007,14,appeared,False,True
TRAIN,20c993b1-698f-29c5-865d-3a86c19acb3b,b4a441e05ebf1ee2e6fa15090038a9cec55b8a1c0dd125a2fee99a0c5f576007,31,both,True,True
TRAIN,20c993b1-698f-29c5-865d-3a86c19acb3b,b4a441e05ebf1ee2e6fa15090038a9cec55b8a1c0dd125a2fee99a0c5f576007,38,both,True,True
TRAIN,20c993b1-698f-29c5-865d-3a86c19acb3b,b4a441e05ebf1ee2e6fa15090038a9cec55b8a1c0dd125a2fee99a0c5f576007,39,both,True,True
TRAIN,20c993b1-698f-29c5-865d-3a86c19acb3b,b4a441e05ebf1ee2e6fa15090038a9cec55b8a1c0dd125a2fee99a0c5f576007,40,both,True,True
TRAIN,20c993b1-698f-29c5-865d-3a86c19acb3b,b4a441e05ebf1ee2e6fa15090038a9cec55b8a1c0dd125a2fee99a0c5f576007,43,both,True,True
TRAIN,20c993b1-698f-29c5-865d-3a86c19acb3b,b4a441e05ebf1ee2e6fa15090038a9cec55b8a1c0dd125a2fee99a0c5f576007,57,appeared,False,True
TRAIN,20c993b1-698f-29c5-865d-3a86c19acb3b,563071f48b21a7fc4a42d2f63c768afe6893d49b6b28f65fc0a123f6b07a8046,2,both,True,True
TRAIN,20c993b1-698f-29c5-865d-3a86c19acb3b,563071f48b21a7fc4a42d2f63c768afe6893d49b6b28f65fc0a123f6b07a8046,4,both,True,True
TRAIN,20c993b1-698f-29c5-865d-3a86c19acb3b,563071f48b21a7fc4a42d2f63c768afe6893d49b6b28f65fc0a123f6b07a8046,6,appeared,False,True
TRAIN,20c993b1-698f-29c5-865d-3a86c19acb3b,563071f48b21a7fc4a42d2f63c768afe6893d49b6b28f65fc0a123f6b07a8046,31,both,True,True
TRAIN,20c993b1-698f-29c5-865d-3a86c19acb3b,563071f48b21a7fc4a42d2f63c768afe6893d49b6b28f65fc0a123f6b07a8046,38,both,True,True
TRAIN,20c993b1-698f-29c5-865d-3a86c19acb3b,563071f48b21a7fc4a42d2f63c768afe6893d49b6b28f65fc0a123f6b07a8046,39,both,True,True
TRAIN,20c993b1-698f-29c5-865d-3a86c19acb3b,563071f48b21a7fc4a42d2f63c768afe6893d49b6b28f65fc0a123f6b07a8046,40,both,True,True
TRAIN,20c993b1-698f-29c5-865d-3a86c19acb3b,563071f48b21a7fc4a42d2f63c768afe6893d49b6b28f65fc0a123f6b07a8046,43,both,True,True
TRAIN,20c993b1-698f-29c5-865d-3a86c19acb3b,563071f48b21a7fc4a42d2f63c768afe6893d49b6b28f65fc0a123f6b07a8046,57,disappeared,True,False
TRAIN,20c993b1-698f-29c5-865d-3a86c19acb3b,d836cb12b274ffd26bd06c3b74c24adf6b9b5947a20ec4a3abb2ac50d8923f9f,2,both,True,True
TRAIN,20c993b1-698f-29c5-865d-3a86c19acb3b,d836cb12b274ffd26bd06c3b74c24adf6b9b5947a20ec4a3abb2ac50d8923f9f,4,both,True,True
TRAIN,20c993b1-698f-29c5-865d-3a86c19acb3b,d836cb12b274ffd26bd06c3b74c24adf6b9b5947a20ec4a3abb2ac50d8923f9f,6,disappeared,True,False
TRAIN,20c993b1-698f-29c5-865d-3a86c19acb3b,d836cb12b274ffd26bd06c3b74c24adf6b9b5947a20ec4a3abb2ac50d8923f9f,14,disappeared,True,False
TRAIN,20c993b1-698f-29c5-865d-3a86c19acb3b,d836cb12b274ffd26bd06c3b74c24adf6b9b5947a20ec4a3abb2ac50d8923f9f,31,both,True,True
TRAIN,20c993b1-698f-29c5-865d-3a86c19acb3b,d836cb12b274ffd26bd06c3b74c24adf6b9b5947a20ec4a3abb2ac50d8923f9f,38,both,True,True
TRAIN,20c993b1-698f-29c5-865d-3a86c19acb3b,d836cb12b274ffd26bd06c3b74c24adf6b9b5947a20ec4a3abb2ac50d8923f9f,39,both,True,True
TRAIN,20c993b1-698f-29c5-865d-3a86c19acb3b,d836cb12b274ffd26bd06c3b74c24adf6b9b5947a20ec4a3abb2ac50d8923f9f,40,both,True,True
TRAIN,20c993b1-698f-29c5-865d-3a86c19acb3b,d836cb12b274ffd26bd06c3b74c24adf6b9b5947a20ec4a3abb2ac50d8923f9f,43,both,True,True
TRAIN,20c993b1-698f-29c5-865d-3a86c19acb3b,d836cb12b274ffd26bd06c3b74c24adf6b9b5947a20ec4a3abb2ac50d8923f9f,44,both,True,True
TRAIN,20c993b1-698f-29c5-865d-3a86c19acb3b,d836cb12b274ffd26bd06c3b74c24adf6b9b5947a20ec4a3abb2ac50d8923f9f,57,appeared,False,True
TRAIN,20c993b1-698f-29c5-865d-3a86c19acb3b,d836cb12b274ffd26bd06c3b74c24adf6b9b5947a20ec4a3abb2ac50d8923f9f,570,disappeared,True,False
TRAIN,5341b7bf-8a66-2cdd-8794-026113b7c312,265c77c6d07ef1d86ea12b37e7d6eac34593df40f0402ac63d58e789e53010b5,2,both,True,True
TRAIN,5341b7bf-8a66-2cdd-8794-026113b7c312,265c77c6d07ef1d86ea12b37e7d6eac34593df40f0402ac63d58e789e53010b5,3,both,True,True
TRAIN,5341b7bf-8a66-2cdd-8794-026113b7c312,265c77c6d07ef1d86ea12b37e7d6eac34593df40f0402ac63d58e789e53010b5,6,both,True,True
TRAIN,5341b7bf-8a66-2cdd-8794-026113b7c312,265c77c6d07ef1d86ea12b37e7d6eac34593df40f0402ac63d58e789e53010b5,7,both,True,True
TRAIN,5341b7bf-8a66-2cdd-8794-026113b7c312,265c77c6d07ef1d86ea12b37e7d6eac34593df40f0402ac63d58e789e53010b5,9,both,True,True
TRAIN,5341b7bf-8a66-2cdd-8794-026113b7c312,265c77c6d07ef1d86ea12b37e7d6eac34593df40f0402ac63d58e789e53010b5,10,both,True,True
TRAIN,5341b7bf-8a66-2cdd-8794-026113b7c312,265c77c6d07ef1d86ea12b37e7d6eac34593df40f0402ac63d58e789e53010b5,11,both,True,True
TRAIN,5341b7bf-8a66-2cdd-8794-026113b7c312,265c77c6d07ef1d86ea12b37e7d6eac34593df40f0402ac63d58e789e53010b5,12,both,True,True
TRAIN,5341b7bf-8a66-2cdd-8794-026113b7c312,265c77c6d07ef1d86ea12b37e7d6eac34593df40f0402ac63d58e789e53010b5,13,disappeared,True,False
TRAIN,5341b7bf-8a66-2cdd-8794-026113b7c312,265c77c6d07ef1d86ea12b37e7d6eac34593df40f0402ac63d58e789e53010b5,100,appeared,False,True
TRAIN,5341b7bf-8a66-2cdd-8794-026113b7c312,cc9579423f3f84861a20c67e52a38fc1fde679284361153fbc7c493432bc3f68,2,both,True,True
TRAIN,5341b7bf-8a66-2cdd-8794-026113b7c312,cc9579423f3f84861a20c67e52a38fc1fde679284361153fbc7c493432bc3f68,3,both,True,True
TRAIN,5341b7bf-8a66-2cdd-8794-026113b7c312,cc9579423f3f84861a20c67e52a38fc1fde679284361153fbc7c493432bc3f68,6,both,True,True
TRAIN,5341b7bf-8a66-2cdd-8794-026113b7c312,cc9579423f3f84861a20c67e52a38fc1fde679284361153fbc7c493432bc3f68,7,both,True,True
TRAIN,5341b7bf-8a66-2cdd-8794-026113b7c312,cc9579423f3f84861a20c67e52a38fc1fde679284361153fbc7c493432bc3f68,9,both,True,True
TRAIN,5341b7bf-8a66-2cdd-8794-026113b7c312,cc9579423f3f84861a20c67e52a38fc1fde679284361153fbc7c493432bc3f68,10,both,True,True
TRAIN,5341b7bf-8a66-2cdd-8794-026113b7c312,cc9579423f3f84861a20c67e52a38fc1fde679284361153fbc7c493432bc3f68,11,both,True,True
TRAIN,5341b7bf-8a66-2cdd-8794-026113b7c312,cc9579423f3f84861a20c67e52a38fc1fde679284361153fbc7c493432bc3f68,12,both,True,True
TRAIN,5341b7bf-8a66-2cdd-8794-026113b7c312,cc9579423f3f84861a20c67e52a38fc1fde679284361153fbc7c493432bc3f68,13,appeared,False,True
TRAIN,5341b7bf-8a66-2cdd-8794-026113b7c312,cc9579423f3f84861a20c67e52a38fc1fde679284361153fbc7c493432bc3f68,100,disappeared,True,False
TRAIN,b05fddd9-fca0-2d4f-8904-936aa0b678e6,53851e71e7c11cde522237bb4639646379dad49e3b24ff4922d3913028e96630,5,both,True,True
TRAIN,b05fddd9-fca0-2d4f-8904-936aa0b678e6,53851e71e7c11cde522237bb4639646379dad49e3b24ff4922d3913028e96630,6,both,True,True
TRAIN,b05fddd9-fca0-2d4f-8904-936aa0b678e6,53851e71e7c11cde522237bb4639646379dad49e3b24ff4922d3913028e96630,7,both,True,True
TRAIN,b05fddd9-fca0-2d4f-8904-936aa0b678e6,53851e71e7c11cde522237bb4639646379dad49e3b24ff4922d3913028e96630,10,both,True,True
TRAIN,b05fddd9-fca0-2d4f-8904-936aa0b678e6,53851e71e7c11cde522237bb4639646379dad49e3b24ff4922d3913028e96630,25,both,True,True
TRAIN,b05fddd9-fca0-2d4f-8904-936aa0b678e6,53851e71e7c11cde522237bb4639646379dad49e3b24ff4922d3913028e96630,26,both,True,True
TRAIN,b05fddd9-fca0-2d4f-8904-936aa0b678e6,53851e71e7c11cde522237bb4639646379dad49e3b24ff4922d3913028e96630,29,both,True,True
TRAIN,b05fddd9-fca0-2d4f-8904-936aa0b678e6,58e15c752326bea587af92204373ba547fdabd47ef17cf2f2b6c453f1a7943af,5,both,True,True
TRAIN,b05fddd9-fca0-2d4f-8904-936aa0b678e6,58e15c752326bea587af92204373ba547fdabd47ef17cf2f2b6c453f1a7943af,6,both,True,True
TRAIN,b05fddd9-fca0-2d4f-8904-936aa0b678e6,58e15c752326bea587af92204373ba547fdabd47ef17cf2f2b6c453f1a7943af,7,both,True,True
TRAIN,b05fddd9-fca0-2d4f-8904-936aa0b678e6,58e15c752326bea587af92204373ba547fdabd47ef17cf2f2b6c453f1a7943af,10,both,True,True
TRAIN,b05fddd9-fca0-2d4f-8904-936aa0b678e6,58e15c752326bea587af92204373ba547fdabd47ef17cf2f2b6c453f1a7943af,25,both,True,True
TRAIN,b05fddd9-fca0-2d4f-8904-936aa0b678e6,58e15c752326bea587af92204373ba547fdabd47ef17cf2f2b6c453f1a7943af,26,both,True,True
TRAIN,b05fddd9-fca0-2d4f-8904-936aa0b678e6,58e15c752326bea587af92204373ba547fdabd47ef17cf2f2b6c453f1a7943af,29,both,True,True
TRAIN,b05fddd9-fca0-2d4f-8904-936aa0b678e6,9becf37ab6fc00c0c1f41b008d27ce2eba9f91cedbff699019b03ea1e069d541,5,both,True,True
TRAIN,b05fddd9-fca0-2d4f-8904-936aa0b678e6,9becf37ab6fc00c0c1f41b008d27ce2eba9f91cedbff699019b03ea1e069d541,6,both,True,True
TRAIN,b05fddd9-fca0-2d4f-8904-936aa0b678e6,9becf37ab6fc00c0c1f41b008d27ce2eba9f91cedbff699019b03ea1e069d541,7,both,True,True
TRAIN,b05fddd9-fca0-2d4f-8904-936aa0b678e6,9becf37ab6fc00c0c1f41b008d27ce2eba9f91cedbff699019b03ea1e069d541,10,both,True,True
TRAIN,b05fddd9-fca0-2d4f-8904-936aa0b678e6,9becf37ab6fc00c0c1f41b008d27ce2eba9f91cedbff699019b03ea1e069d541,25,both,True,True
TRAIN,b05fddd9-fca0-2d4f-8904-936aa0b678e6,9becf37ab6fc00c0c1f41b008d27ce2eba9f91cedbff699019b03ea1e069d541,26,both,True,True
TRAIN,b05fddd9-fca0-2d4f-8904-936aa0b678e6,9becf37ab6fc00c0c1f41b008d27ce2eba9f91cedbff699019b03ea1e069d541,29,both,True,True
TRAIN,b05fddd9-fca0-2d4f-8904-936aa0b678e6,d3a4d7755e609a08cbc0ade98639b703d4c127d24730a87c436cb8665cc0b200,5,both,True,True
TRAIN,b05fddd9-fca0-2d4f-8904-936aa0b678e6,d3a4d7755e609a08cbc0ade98639b703d4c127d24730a87c436cb8665cc0b200,6,both,True,True
TRAIN,b05fddd9-fca0-2d4f-8904-936aa0b678e6,d3a4d7755e609a08cbc0ade98639b703d4c127d24730a87c436cb8665cc0b200,7,both,True,True
TRAIN,b05fddd9-fca0-2d4f-8904-936aa0b678e6,d3a4d7755e609a08cbc0ade98639b703d4c127d24730a87c436cb8665cc0b200,10,both,True,True
TRAIN,b05fddd9-fca0-2d4f-8904-936aa0b678e6,d3a4d7755e609a08cbc0ade98639b703d4c127d24730a87c436cb8665cc0b200,25,both,True,True
TRAIN,b05fddd9-fca0-2d4f-8904-936aa0b678e6,d3a4d7755e609a08cbc0ade98639b703d4c127d24730a87c436cb8665cc0b200,26,both,True,True
TRAIN,b05fddd9-fca0-2d4f-8904-936aa0b678e6,d3a4d7755e609a08cbc0ade98639b703d4c127d24730a87c436cb8665cc0b200,29,both,True,True
TRAIN,5341b7d3-8a66-2cdd-8633-0a3da632befa,05f076de9f9640fbc246e4d98d4fea67294382b449b7a46f8f2203337fe33fb5,1,both,True,True
TRAIN,5341b7d3-8a66-2cdd-8633-0a3da632befa,05f076de9f9640fbc246e4d98d4fea67294382b449b7a46f8f2203337fe33fb5,2,both,True,True
TRAIN,5341b7d3-8a66-2cdd-8633-0a3da632befa,05f076de9f9640fbc246e4d98d4fea67294382b449b7a46f8f2203337fe33fb5,16,both,True,True
TRAIN,5341b7d3-8a66-2cdd-8633-0a3da632befa,05f076de9f9640fbc246e4d98d4fea67294382b449b7a46f8f2203337fe33fb5,18,both,True,True
TRAIN,5341b7d3-8a66-2cdd-8633-0a3da632befa,05f076de9f9640fbc246e4d98d4fea67294382b449b7a46f8f2203337fe33fb5,20,both,True,True
TRAIN,5341b7d3-8a66-2cdd-8633-0a3da632befa,05f076de9f9640fbc246e4d98d4fea67294382b449b7a46f8f2203337fe33fb5,21,both,True,True
TRAIN,5341b7d3-8a66-2cdd-8633-0a3da632befa,05f076de9f9640fbc246e4d98d4fea67294382b449b7a46f8f2203337fe33fb5,24,both,True,True
TRAIN,5341b7d3-8a66-2cdd-8633-0a3da632befa,05f076de9f9640fbc246e4d98d4fea67294382b449b7a46f8f2203337fe33fb5,25,both,True,True
TRAIN,5341b7d3-8a66-2cdd-8633-0a3da632befa,05f076de9f9640fbc246e4d98d4fea67294382b449b7a46f8f2203337fe33fb5,26,both,True,True
TRAIN,5341b7d3-8a66-2cdd-8633-0a3da632befa,f04176ae1fd640bd1ca1b841858cc3b0cd622624fa0939ecb59c3c0b8486f516,1,both,True,True
TRAIN,5341b7d3-8a66-2cdd-8633-0a3da632befa,f04176ae1fd640bd1ca1b841858cc3b0cd622624fa0939ecb59c3c0b8486f516,2,both,True,True
TRAIN,5341b7d3-8a66-2cdd-8633-0a3da632befa,f04176ae1fd640bd1ca1b841858cc3b0cd622624fa0939ecb59c3c0b8486f516,16,both,True,True
TRAIN,5341b7d3-8a66-2cdd-8633-0a3da632befa,f04176ae1fd640bd1ca1b841858cc3b0cd622624fa0939ecb59c3c0b8486f516,18,both,True,True
TRAIN,5341b7d3-8a66-2cdd-8633-0a3da632befa,f04176ae1fd640bd1ca1b841858cc3b0cd622624fa0939ecb59c3c0b8486f516,20,both,True,True
TRAIN,5341b7d3-8a66-2cdd-8633-0a3da632befa,f04176ae1fd640bd1ca1b841858cc3b0cd622624fa0939ecb59c3c0b8486f516,21,both,True,True
TRAIN,5341b7d3-8a66-2cdd-8633-0a3da632befa,f04176ae1fd640bd1ca1b841858cc3b0cd622624fa0939ecb59c3c0b8486f516,24,both,True,True
TRAIN,5341b7d3-8a66-2cdd-8633-0a3da632befa,f04176ae1fd640bd1ca1b841858cc3b0cd622624fa0939ecb59c3c0b8486f516,25,both,True,True
TRAIN,5341b7d3-8a66-2cdd-8633-0a3da632befa,f04176ae1fd640bd1ca1b841858cc3b0cd622624fa0939ecb59c3c0b8486f516,26,both,True,True
TRAIN,0cac7623-8d6f-2d13-8da0-462e7fc0bea2,35aa797248596a97208ed00e807227687605893a9c00643f3ab5f2cc70397b8a,7,both,True,True
TRAIN,0cac7623-8d6f-2d13-8da0-462e7fc0bea2,35aa797248596a97208ed00e807227687605893a9c00643f3ab5f2cc70397b8a,9,both,True,True
TRAIN,0cac7623-8d6f-2d13-8da0-462e7fc0bea2,35aa797248596a97208ed00e807227687605893a9c00643f3ab5f2cc70397b8a,10,both,True,True
TRAIN,0cac7623-8d6f-2d13-8da0-462e7fc0bea2,35aa797248596a97208ed00e807227687605893a9c00643f3ab5f2cc70397b8a,11,both,True,True
TRAIN,0cac7623-8d6f-2d13-8da0-462e7fc0bea2,35aa797248596a97208ed00e807227687605893a9c00643f3ab5f2cc70397b8a,12,both,True,True
TRAIN,0cac7623-8d6f-2d13-8da0-462e7fc0bea2,35aa797248596a97208ed00e807227687605893a9c00643f3ab5f2cc70397b8a,13,both,True,True
TRAIN,0cac7623-8d6f-2d13-8da0-462e7fc0bea2,35aa797248596a97208ed00e807227687605893a9c00643f3ab5f2cc70397b8a,16,both,True,True
TRAIN,0cac7623-8d6f-2d13-8da0-462e7fc0bea2,35aa797248596a97208ed00e807227687605893a9c00643f3ab5f2cc70397b8a,105,disappeared,True,False
TRAIN,0cac7623-8d6f-2d13-8da0-462e7fc0bea2,c6d417c173549604cadf808a867b36c1cc1669aa230d5f7be8c2d599aa701933,7,both,True,True
TRAIN,0cac7623-8d6f-2d13-8da0-462e7fc0bea2,c6d417c173549604cadf808a867b36c1cc1669aa230d5f7be8c2d599aa701933,9,both,True,True
TRAIN,0cac7623-8d6f-2d13-8da0-462e7fc0bea2,c6d417c173549604cadf808a867b36c1cc1669aa230d5f7be8c2d599aa701933,10,both,True,True
TRAIN,0cac7623-8d6f-2d13-8da0-462e7fc0bea2,c6d417c173549604cadf808a867b36c1cc1669aa230d5f7be8c2d599aa701933,11,both,True,True
TRAIN,0cac7623-8d6f-2d13-8da0-462e7fc0bea2,c6d417c173549604cadf808a867b36c1cc1669aa230d5f7be8c2d599aa701933,12,both,True,True
TRAIN,0cac7623-8d6f-2d13-8da0-462e7fc0bea2,c6d417c173549604cadf808a867b36c1cc1669aa230d5f7be8c2d599aa701933,13,both,True,True
TRAIN,0cac7623-8d6f-2d13-8da0-462e7fc0bea2,c6d417c173549604cadf808a867b36c1cc1669aa230d5f7be8c2d599aa701933,16,both,True,True
TRAIN,0cac7623-8d6f-2d13-8da0-462e7fc0bea2,c6d417c173549604cadf808a867b36c1cc1669aa230d5f7be8c2d599aa701933,105,both,True,True
TRAIN,0cac7623-8d6f-2d13-8da0-462e7fc0bea2,1283c0de31dbe737dd6d711bd3ce162c8fae08f19975a57ac5bfabc2fab0fd3f,7,both,True,True
TRAIN,0cac7623-8d6f-2d13-8da0-462e7fc0bea2,1283c0de31dbe737dd6d711bd3ce162c8fae08f19975a57ac5bfabc2fab0fd3f,9,both,True,True
TRAIN,0cac7623-8d6f-2d13-8da0-462e7fc0bea2,1283c0de31dbe737dd6d711bd3ce162c8fae08f19975a57ac5bfabc2fab0fd3f,10,both,True,True
TRAIN,0cac7623-8d6f-2d13-8da0-462e7fc0bea2,1283c0de31dbe737dd6d711bd3ce162c8fae08f19975a57ac5bfabc2fab0fd3f,11,both,True,True
TRAIN,0cac7623-8d6f-2d13-8da0-462e7fc0bea2,1283c0de31dbe737dd6d711bd3ce162c8fae08f19975a57ac5bfabc2fab0fd3f,12,both,True,True
TRAIN,0cac7623-8d6f-2d13-8da0-462e7fc0bea2,1283c0de31dbe737dd6d711bd3ce162c8fae08f19975a57ac5bfabc2fab0fd3f,13,both,True,True
TRAIN,0cac7623-8d6f-2d13-8da0-462e7fc0bea2,1283c0de31dbe737dd6d711bd3ce162c8fae08f19975a57ac5bfabc2fab0fd3f,16,both,True,True
TRAIN,0cac7623-8d6f-2d13-8da0-462e7fc0bea2,1283c0de31dbe737dd6d711bd3ce162c8fae08f19975a57ac5bfabc2fab0fd3f,105,appeared,False,True
