role,reference_id,input_id,threshold,valid_both_stage_GT,joint_pass,separate_pass
CAL,09582244-e2c2-2de1-956c-357092d949d1,8e8eddbc1a410da719878dd06d316a3531dd32b43f19bd2de6674fed20cd8670,0.5,3,3,3
CAL,09582244-e2c2-2de1-956c-357092d949d1,8e8eddbc1a410da719878dd06d316a3531dd32b43f19bd2de6674fed20cd8670,0.55,3,3,3
CAL,09582244-e2c2-2de1-956c-357092d949d1,8e8eddbc1a410da719878dd06d316a3531dd32b43f19bd2de6674fed20cd8670,0.6,3,3,3
CAL,09582244-e2c2-2de1-956c-357092d949d1,8e8eddbc1a410da719878dd06d316a3531dd32b43f19bd2de6674fed20cd8670,0.65,3,3,3
CAL,09582244-e2c2-2de1-956c-357092d949d1,8e8eddbc1a410da719878dd06d316a3531dd32b43f19bd2de6674fed20cd8670,0.7,3,2,2
CAL,09582244-e2c2-2de1-956c-357092d949d1,8e8eddbc1a410da719878dd06d316a3531dd32b43f19bd2de6674fed20cd8670,0.75,3,2,2
CAL,09582244-e2c2-2de1-956c-357092d949d1,8e8eddbc1a410da719878dd06d316a3531dd32b43f19bd2de6674fed20cd8670,0.8,3,2,2
CAL,09582244-e2c2-2de1-956c-357092d949d1,8e8eddbc1a410da719878dd06d316a3531dd32b43f19bd2de6674fed20cd8670,0.85,3,2,2
CAL,09582244-e2c2-2de1-956c-357092d949d1,8e8eddbc1a410da719878dd06d316a3531dd32b43f19bd2de6674fed20cd8670,0.9,3,2,2
CAL,09582244-e2c2-2de1-956c-357092d949d1,ec1edd03e1aecb93ca9388db14728a4e91db45c478b5a03dd82f9e91a67c32d3,0.5,3,3,3
CAL,09582244-e2c2-2de1-956c-357092d949d1,ec1edd03e1aecb93ca9388db14728a4e91db45c478b5a03dd82f9e91a67c32d3,0.55,3,3,3
CAL,09582244-e2c2-2de1-956c-357092d949d1,ec1edd03e1aecb93ca9388db14728a4e91db45c478b5a03dd82f9e91a67c32d3,0.6,3,3,3
CAL,09582244-e2c2-2de1-956c-357092d949d1,ec1edd03e1aecb93ca9388db14728a4e91db45c478b5a03dd82f9e91a67c32d3,0.65,3,3,3
CAL,09582244-e2c2-2de1-956c-357092d949d1,ec1edd03e1aecb93ca9388db14728a4e91db45c478b5a03dd82f9e91a67c32d3,0.7,3,3,3
CAL,09582244-e2c2-2de1-956c-357092d949d1,ec1edd03e1aecb93ca9388db14728a4e91db45c478b5a03dd82f9e91a67c32d3,0.75,3,2,2
CAL,09582244-e2c2-2de1-956c-357092d949d1,ec1edd03e1aecb93ca9388db14728a4e91db45c478b5a03dd82f9e91a67c32d3,0.8,3,2,2
CAL,09582244-e2c2-2de1-956c-357092d949d1,ec1edd03e1aecb93ca9388db14728a4e91db45c478b5a03dd82f9e91a67c32d3,0.85,3,1,1
CAL,09582244-e2c2-2de1-956c-357092d949d1,ec1edd03e1aecb93ca9388db14728a4e91db45c478b5a03dd82f9e91a67c32d3,0.9,3,1,1
CAL,09582244-e2c2-2de1-956c-357092d949d1,7b7db1cb35cc9b5af1ab5077d9cea42274fd4d769eec3eaace1a8f467a419e96,0.5,3,3,3
CAL,09582244-e2c2-2de1-956c-357092d949d1,7b7db1cb35cc9b5af1ab5077d9cea42274fd4d769eec3eaace1a8f467a419e96,0.55,3,3,3
CAL,09582244-e2c2-2de1-956c-357092d949d1,7b7db1cb35cc9b5af1ab5077d9cea42274fd4d769eec3eaace1a8f467a419e96,0.6,3,3,3
CAL,09582244-e2c2-2de1-956c-357092d949d1,7b7db1cb35cc9b5af1ab5077d9cea42274fd4d769eec3eaace1a8f467a419e96,0.65,3,3,3
CAL,09582244-e2c2-2de1-956c-357092d949d1,7b7db1cb35cc9b5af1ab5077d9cea42274fd4d769eec3eaace1a8f467a419e96,0.7,3,3,3
CAL,09582244-e2c2-2de1-956c-357092d949d1,7b7db1cb35cc9b5af1ab5077d9cea42274fd4d769eec3eaace1a8f467a419e96,0.75,3,3,3
CAL,09582244-e2c2-2de1-956c-357092d949d1,7b7db1cb35cc9b5af1ab5077d9cea42274fd4d769eec3eaace1a8f467a419e96,0.8,3,3,3
CAL,09582244-e2c2-2de1-956c-357092d949d1,7b7db1cb35cc9b5af1ab5077d9cea42274fd4d769eec3eaace1a8f467a419e96,0.85,3,2,2
CAL,09582244-e2c2-2de1-956c-357092d949d1,7b7db1cb35cc9b5af1ab5077d9cea42274fd4d769eec3eaace1a8f467a419e96,0.9,3,1,1
CAL,09582244-e2c2-2de1-956c-357092d949d1,41e52a811163011d99e29d8dd7a635babeb7f45cfa4904a4397f8188ee8d5e54,0.5,3,3,3
CAL,09582244-e2c2-2de1-956c-357092d949d1,41e52a811163011d99e29d8dd7a635babeb7f45cfa4904a4397f8188ee8d5e54,0.55,3,3,3
CAL,09582244-e2c2-2de1-956c-357092d949d1,41e52a811163011d99e29d8dd7a635babeb7f45cfa4904a4397f8188ee8d5e54,0.6,3,3,3
CAL,09582244-e2c2-2de1-956c-357092d949d1,41e52a811163011d99e29d8dd7a635babeb7f45cfa4904a4397f8188ee8d5e54,0.65,3,3,3
CAL,09582244-e2c2-2de1-956c-357092d949d1,41e52a811163011d99e29d8dd7a635babeb7f45cfa4904a4397f8188ee8d5e54,0.7,3,3,3
CAL,09582244-e2c2-2de1-956c-357092d949d1,41e52a811163011d99e29d8dd7a635babeb7f45cfa4904a4397f8188ee8d5e54,0.75,3,3,3
CAL,09582244-e2c2-2de1-956c-357092d949d1,41e52a811163011d99e29d8dd7a635babeb7f45cfa4904a4397f8188ee8d5e54,0.8,3,2,2
CAL,09582244-e2c2-2de1-956c-357092d949d1,41e52a811163011d99e29d8dd7a635babeb7f45cfa4904a4397f8188ee8d5e54,0.85,3,2,2
CAL,09582244-e2c2-2de1-956c-357092d949d1,41e52a811163011d99e29d8dd7a635babeb7f45cfa4904a4397f8188ee8d5e54,0.9,3,0,0
CAL,09582244-e2c2-2de1-956c-357092d949d1,b6386633cbf611baa6c5e675a8b01ef0575f203d47d0d52b536be73ab47ddd40,0.5,3,3,3
CAL,09582244-e2c2-2de1-956c-357092d949d1,b6386633cbf611baa6c5e675a8b01ef0575f203d47d0d52b536be73ab47ddd40,0.55,3,3,3
CAL,09582244-e2c2-2de1-956c-357092d949d1,b6386633cbf611baa6c5e675a8b01ef0575f203d47d0d52b536be73ab47ddd40,0.6,3,3,3
CAL,09582244-e2c2-2de1-956c-357092d949d1,b6386633cbf611baa6c5e675a8b01ef0575f203d47d0d52b536be73ab47ddd40,0.65,3,3,3
CAL,09582244-e2c2-2de1-956c-357092d949d1,b6386633cbf611baa6c5e675a8b01ef0575f203d47d0d52b536be73ab47ddd40,0.7,3,3,3
CAL,09582244-e2c2-2de1-956c-357092d949d1,b6386633cbf611baa6c5e675a8b01ef0575f203d47d0d52b536be73ab47ddd40,0.75,3,3,3
CAL,09582244-e2c2-2de1-956c-357092d949d1,b6386633cbf611baa6c5e675a8b01ef0575f203d47d0d52b536be73ab47ddd40,0.8,3,2,2
CAL,09582244-e2c2-2de1-956c-357092d949d1,b6386633cbf611baa6c5e675a8b01ef0575f203d47d0d52b536be73ab47ddd40,0.85,3,2,2
CAL,09582244-e2c2-2de1-956c-357092d949d1,b6386633cbf611baa6c5e675a8b01ef0575f203d47d0d52b536be73ab47ddd40,0.9,3,1,1
CAL,0f2f2711-b736-2f71-8c6a-245a9d820a8c,12f1b48460f2b70c69228c94b42f91ad50054a5effa717ea69af7344192b8dd4,0.5,17,14,14
CAL,0f2f2711-b736-2f71-8c6a-245a9d820a8c,12f1b48460f2b70c69228c94b42f91ad50054a5effa717ea69af7344192b8dd4,0.55,17,14,14
CAL,0f2f2711-b736-2f71-8c6a-245a9d820a8c,12f1b48460f2b70c69228c94b42f91ad50054a5effa717ea69af7344192b8dd4,0.6,17,12,13
CAL,0f2f2711-b736-2f71-8c6a-245a9d820a8c,12f1b48460f2b70c69228c94b42f91ad50054a5effa717ea69af7344192b8dd4,0.65,17,10,10
CAL,0f2f2711-b736-2f71-8c6a-245a9d820a8c,12f1b48460f2b70c69228c94b42f91ad50054a5effa717ea69af7344192b8dd4,0.7,17,10,10
CAL,0f2f2711-b736-2f71-8c6a-245a9d820a8c,12f1b48460f2b70c69228c94b42f91ad50054a5effa717ea69af7344192b8dd4,0.75,17,8,8
CAL,0f2f2711-b736-2f71-8c6a-245a9d820a8c,12f1b48460f2b70c69228c94b42f91ad50054a5effa717ea69af7344192b8dd4,0.8,17,6,7
CAL,0f2f2711-b736-2f71-8c6a-245a9d820a8c,12f1b48460f2b70c69228c94b42f91ad50054a5effa717ea69af7344192b8dd4,0.85,17,4,4
CAL,0f2f2711-b736-2f71-8c6a-245a9d820a8c,12f1b48460f2b70c69228c94b42f91ad50054a5effa717ea69af7344192b8dd4,0.9,17,3,3
CAL,0f2f2711-b736-2f71-8c6a-245a9d820a8c,fc258912a12b34a4538b3a1f7c652f3ce7160e8d36cd437b364ae72d0e0bd5ee,0.5,17,12,12
CAL,0f2f2711-b736-2f71-8c6a-245a9d820a8c,fc258912a12b34a4538b3a1f7c652f3ce7160e8d36cd437b364ae72d0e0bd5ee,0.55,17,11,11
CAL,0f2f2711-b736-2f71-8c6a-245a9d820a8c,fc258912a12b34a4538b3a1f7c652f3ce7160e8d36cd437b364ae72d0e0bd5ee,0.6,17,11,11
CAL,0f2f2711-b736-2f71-8c6a-245a9d820a8c,fc258912a12b34a4538b3a1f7c652f3ce7160e8d36cd437b364ae72d0e0bd5ee,0.65,17,10,10
CAL,0f2f2711-b736-2f71-8c6a-245a9d820a8c,fc258912a12b34a4538b3a1f7c652f3ce7160e8d36cd437b364ae72d0e0bd5ee,0.7,17,8,9
CAL,0f2f2711-b736-2f71-8c6a-245a9d820a8c,fc258912a12b34a4538b3a1f7c652f3ce7160e8d36cd437b364ae72d0e0bd5ee,0.75,17,6,8
CAL,0f2f2711-b736-2f71-8c6a-245a9d820a8c,fc258912a12b34a4538b3a1f7c652f3ce7160e8d36cd437b364ae72d0e0bd5ee,0.8,17,5,7
CAL,0f2f2711-b736-2f71-8c6a-245a9d820a8c,fc258912a12b34a4538b3a1f7c652f3ce7160e8d36cd437b364ae72d0e0bd5ee,0.85,17,5,5
CAL,0f2f2711-b736-2f71-8c6a-245a9d820a8c,fc258912a12b34a4538b3a1f7c652f3ce7160e8d36cd437b364ae72d0e0bd5ee,0.9,17,3,3
CAL,0f2f2711-b736-2f71-8c6a-245a9d820a8c,a59d8c70d0ac023b30f429b35235088c31663516a47f9c2657efd1bbb9d33f18,0.5,11,8,9
CAL,0f2f2711-b736-2f71-8c6a-245a9d820a8c,a59d8c70d0ac023b30f429b35235088c31663516a47f9c2657efd1bbb9d33f18,0.55,11,8,9
CAL,0f2f2711-b736-2f71-8c6a-245a9d820a8c,a59d8c70d0ac023b30f429b35235088c31663516a47f9c2657efd1bbb9d33f18,0.6,11,7,8
CAL,0f2f2711-b736-2f71-8c6a-245a9d820a8c,a59d8c70d0ac023b30f429b35235088c31663516a47f9c2657efd1bbb9d33f18,0.65,11,6,6
CAL,0f2f2711-b736-2f71-8c6a-245a9d820a8c,a59d8c70d0ac023b30f429b35235088c31663516a47f9c2657efd1bbb9d33f18,0.7,11,5,5
CAL,0f2f2711-b736-2f71-8c6a-245a9d820a8c,a59d8c70d0ac023b30f429b35235088c31663516a47f9c2657efd1bbb9d33f18,0.75,11,4,4
CAL,0f2f2711-b736-2f71-8c6a-245a9d820a8c,a59d8c70d0ac023b30f429b35235088c31663516a47f9c2657efd1bbb9d33f18,0.8,11,3,3
CAL,0f2f2711-b736-2f71-8c6a-245a9d820a8c,a59d8c70d0ac023b30f429b35235088c31663516a47f9c2657efd1bbb9d33f18,0.85,11,2,2
CAL,0f2f2711-b736-2f71-8c6a-245a9d820a8c,a59d8c70d0ac023b30f429b35235088c31663516a47f9c2657efd1bbb9d33f18,0.9,11,2,2
CAL,0f2f2711-b736-2f71-8c6a-245a9d820a8c,a1bb649069b6390ea3736608c5a7afaa37d6582e0d6e3894eea719c58888bd58,0.5,11,8,8
CAL,0f2f2711-b736-2f71-8c6a-245a9d820a8c,a1bb649069b6390ea3736608c5a7afaa37d6582e0d6e3894eea719c58888bd58,0.55,11,7,7
CAL,0f2f2711-b736-2f71-8c6a-245a9d820a8c,a1bb649069b6390ea3736608c5a7afaa37d6582e0d6e3894eea719c58888bd58,0.6,11,4,4
CAL,0f2f2711-b736-2f71-8c6a-245a9d820a8c,a1bb649069b6390ea3736608c5a7afaa37d6582e0d6e3894eea719c58888bd58,0.65,11,4,4
CAL,0f2f2711-b736-2f71-8c6a-245a9d820a8c,a1bb649069b6390ea3736608c5a7afaa37d6582e0d6e3894eea719c58888bd58,0.7,11,3,3
CAL,0f2f2711-b736-2f71-8c6a-245a9d820a8c,a1bb649069b6390ea3736608c5a7afaa37d6582e0d6e3894eea719c58888bd58,0.75,11,3,3
CAL,0f2f2711-b736-2f71-8c6a-245a9d820a8c,a1bb649069b6390ea3736608c5a7afaa37d6582e0d6e3894eea719c58888bd58,0.8,11,2,2
CAL,0f2f2711-b736-2f71-8c6a-245a9d820a8c,a1bb649069b6390ea3736608c5a7afaa37d6582e0d6e3894eea719c58888bd58,0.85,11,2,2
CAL,0f2f2711-b736-2f71-8c6a-245a9d820a8c,a1bb649069b6390ea3736608c5a7afaa37d6582e0d6e3894eea719c58888bd58,0.9,11,2,2
CAL,0f2f2711-b736-2f71-8c6a-245a9d820a8c,072e38b7805ecc51957c13610b0e02b8aac40bf6af69ef1d21ec7d88f097252e,0.5,14,9,9
CAL,0f2f2711-b736-2f71-8c6a-245a9d820a8c,072e38b7805ecc51957c13610b0e02b8aac40bf6af69ef1d21ec7d88f097252e,0.55,14,9,9
CAL,0f2f2711-b736-2f71-8c6a-245a9d820a8c,072e38b7805ecc51957c13610b0e02b8aac40bf6af69ef1d21ec7d88f097252e,0.6,14,8,8
CAL,0f2f2711-b736-2f71-8c6a-245a9d820a8c,072e38b7805ecc51957c13610b0e02b8aac40bf6af69ef1d21ec7d88f097252e,0.65,14,7,7
CAL,0f2f2711-b736-2f71-8c6a-245a9d820a8c,072e38b7805ecc51957c13610b0e02b8aac40bf6af69ef1d21ec7d88f097252e,0.7,14,5,5
CAL,0f2f2711-b736-2f71-8c6a-245a9d820a8c,072e38b7805ecc51957c13610b0e02b8aac40bf6af69ef1d21ec7d88f097252e,0.75,14,4,4
CAL,0f2f2711-b736-2f71-8c6a-245a9d820a8c,072e38b7805ecc51957c13610b0e02b8aac40bf6af69ef1d21ec7d88f097252e,0.8,14,4,4
CAL,0f2f2711-b736-2f71-8c6a-245a9d820a8c,072e38b7805ecc51957c13610b0e02b8aac40bf6af69ef1d21ec7d88f097252e,0.85,14,1,1
CAL,0f2f2711-b736-2f71-8c6a-245a9d820a8c,072e38b7805ecc51957c13610b0e02b8aac40bf6af69ef1d21ec7d88f097252e,0.9,14,1,1
CAL,10b17936-3938-2467-88ba-ba5fe2debf14,c8d0cd5569a2e82658b39550c698ebd160941062f68d8afdd255a8e96f702dc0,0.5,11,10,10
CAL,10b17936-3938-2467-88ba-ba5fe2debf14,c8d0cd5569a2e82658b39550c698ebd160941062f68d8afdd255a8e96f702dc0,0.55,11,9,9
CAL,10b17936-3938-2467-88ba-ba5fe2debf14,c8d0cd5569a2e82658b39550c698ebd160941062f68d8afdd255a8e96f702dc0,0.6,11,9,9
CAL,10b17936-3938-2467-88ba-ba5fe2debf14,c8d0cd5569a2e82658b39550c698ebd160941062f68d8afdd255a8e96f702dc0,0.65,11,8,9
CAL,10b17936-3938-2467-88ba-ba5fe2debf14,c8d0cd5569a2e82658b39550c698ebd160941062f68d8afdd255a8e96f702dc0,0.7,11,7,8
CAL,10b17936-3938-2467-88ba-ba5fe2debf14,c8d0cd5569a2e82658b39550c698ebd160941062f68d8afdd255a8e96f702dc0,0.75,11,6,6
CAL,10b17936-3938-2467-88ba-ba5fe2debf14,c8d0cd5569a2e82658b39550c698ebd160941062f68d8afdd255a8e96f702dc0,0.8,11,4,4
CAL,10b17936-3938-2467-88ba-ba5fe2debf14,c8d0cd5569a2e82658b39550c698ebd160941062f68d8afdd255a8e96f702dc0,0.85,11,1,1
CAL,10b17936-3938-2467-88ba-ba5fe2debf14,c8d0cd5569a2e82658b39550c698ebd160941062f68d8afdd255a8e96f702dc0,0.9,11,1,1
CAL,10b17936-3938-2467-88ba-ba5fe2debf14,f276ff929fc1c035869273a949c63a22f19b673a6deb65522d7dddd3396308d9,0.5,11,8,8
CAL,10b17936-3938-2467-88ba-ba5fe2debf14,f276ff929fc1c035869273a949c63a22f19b673a6deb65522d7dddd3396308d9,0.55,11,8,8
CAL,10b17936-3938-2467-88ba-ba5fe2debf14,f276ff929fc1c035869273a949c63a22f19b673a6deb65522d7dddd3396308d9,0.6,11,8,8
CAL,10b17936-3938-2467-88ba-ba5fe2debf14,f276ff929fc1c035869273a949c63a22f19b673a6deb65522d7dddd3396308d9,0.65,11,8,8
CAL,10b17936-3938-2467-88ba-ba5fe2debf14,f276ff929fc1c035869273a949c63a22f19b673a6deb65522d7dddd3396308d9,0.7,11,8,8
CAL,10b17936-3938-2467-88ba-ba5fe2debf14,f276ff929fc1c035869273a949c63a22f19b673a6deb65522d7dddd3396308d9,0.75,11,6,7
CAL,10b17936-3938-2467-88ba-ba5fe2debf14,f276ff929fc1c035869273a949c63a22f19b673a6deb65522d7dddd3396308d9,0.8,11,3,5
CAL,10b17936-3938-2467-88ba-ba5fe2debf14,f276ff929fc1c035869273a949c63a22f19b673a6deb65522d7dddd3396308d9,0.85,11,2,3
CAL,10b17936-3938-2467-88ba-ba5fe2debf14,f276ff929fc1c035869273a949c63a22f19b673a6deb65522d7dddd3396308d9,0.9,11,0,0
CAL,10b17936-3938-2467-88ba-ba5fe2debf14,e655fd59ef7225097926c1671cc2663289ded8a3117c3fb703fe61088b196b3d,0.5,8,6,6
CAL,10b17936-3938-2467-88ba-ba5fe2debf14,e655fd59ef7225097926c1671cc2663289ded8a3117c3fb703fe61088b196b3d,0.55,8,6,6
CAL,10b17936-3938-2467-88ba-ba5fe2debf14,e655fd59ef7225097926c1671cc2663289ded8a3117c3fb703fe61088b196b3d,0.6,8,5,5
CAL,10b17936-3938-2467-88ba-ba5fe2debf14,e655fd59ef7225097926c1671cc2663289ded8a3117c3fb703fe61088b196b3d,0.65,8,5,5
CAL,10b17936-3938-2467-88ba-ba5fe2debf14,e655fd59ef7225097926c1671cc2663289ded8a3117c3fb703fe61088b196b3d,0.7,8,3,4
CAL,10b17936-3938-2467-88ba-ba5fe2debf14,e655fd59ef7225097926c1671cc2663289ded8a3117c3fb703fe61088b196b3d,0.75,8,2,3
CAL,10b17936-3938-2467-88ba-ba5fe2debf14,e655fd59ef7225097926c1671cc2663289ded8a3117c3fb703fe61088b196b3d,0.8,8,2,2
CAL,10b17936-3938-2467-88ba-ba5fe2debf14,e655fd59ef7225097926c1671cc2663289ded8a3117c3fb703fe61088b196b3d,0.85,8,1,2
CAL,10b17936-3938-2467-88ba-ba5fe2debf14,e655fd59ef7225097926c1671cc2663289ded8a3117c3fb703fe61088b196b3d,0.9,8,1,1
CAL,10b17936-3938-2467-88ba-ba5fe2debf14,8825b5437bc217216b2457d6740db045224dcde3c18a414efd22baf34972bde0,0.5,8,5,5
CAL,10b17936-3938-2467-88ba-ba5fe2debf14,8825b5437bc217216b2457d6740db045224dcde3c18a414efd22baf34972bde0,0.55,8,3,3
CAL,10b17936-3938-2467-88ba-ba5fe2debf14,8825b5437bc217216b2457d6740db045224dcde3c18a414efd22baf34972bde0,0.6,8,3,3
CAL,10b17936-3938-2467-88ba-ba5fe2debf14,8825b5437bc217216b2457d6740db045224dcde3c18a414efd22baf34972bde0,0.65,8,3,3
CAL,10b17936-3938-2467-88ba-ba5fe2debf14,8825b5437bc217216b2457d6740db045224dcde3c18a414efd22baf34972bde0,0.7,8,2,2
CAL,10b17936-3938-2467-88ba-ba5fe2debf14,8825b5437bc217216b2457d6740db045224dcde3c18a414efd22baf34972bde0,0.75,8,2,2
CAL,10b17936-3938-2467-88ba-ba5fe2debf14,8825b5437bc217216b2457d6740db045224dcde3c18a414efd22baf34972bde0,0.8,8,2,2
CAL,10b17936-3938-2467-88ba-ba5fe2debf14,8825b5437bc217216b2457d6740db045224dcde3c18a414efd22baf34972bde0,0.85,8,0,0
CAL,10b17936-3938-2467-88ba-ba5fe2debf14,8825b5437bc217216b2457d6740db045224dcde3c18a414efd22baf34972bde0,0.9,8,0,0
CAL,10b17936-3938-2467-88ba-ba5fe2debf14,6d7f633d79342ea5a9c2811b7f39e5099eeade1117aa52778056674b866a1984,0.5,13,10,10
CAL,10b17936-3938-2467-88ba-ba5fe2debf14,6d7f633d79342ea5a9c2811b7f39e5099eeade1117aa52778056674b866a1984,0.55,13,9,9
CAL,10b17936-3938-2467-88ba-ba5fe2debf14,6d7f633d79342ea5a9c2811b7f39e5099eeade1117aa52778056674b866a1984,0.6,13,9,9
CAL,10b17936-3938-2467-88ba-ba5fe2debf14,6d7f633d79342ea5a9c2811b7f39e5099eeade1117aa52778056674b866a1984,0.65,13,8,8
CAL,10b17936-3938-2467-88ba-ba5fe2debf14,6d7f633d79342ea5a9c2811b7f39e5099eeade1117aa52778056674b866a1984,0.7,13,7,7
CAL,10b17936-3938-2467-88ba-ba5fe2debf14,6d7f633d79342ea5a9c2811b7f39e5099eeade1117aa52778056674b866a1984,0.75,13,6,6
CAL,10b17936-3938-2467-88ba-ba5fe2debf14,6d7f633d79342ea5a9c2811b7f39e5099eeade1117aa52778056674b866a1984,0.8,13,3,4
CAL,10b17936-3938-2467-88ba-ba5fe2debf14,6d7f633d79342ea5a9c2811b7f39e5099eeade1117aa52778056674b866a1984,0.85,13,2,3
CAL,10b17936-3938-2467-88ba-ba5fe2debf14,6d7f633d79342ea5a9c2811b7f39e5099eeade1117aa52778056674b866a1984,0.9,13,1,2
CAL,10b17936-3938-2467-88ba-ba5fe2debf14,1eee8bf31a8455bc6940388c79ec4013d7e772a4628fa85a5dd4df009c171826,0.5,10,9,9
CAL,10b17936-3938-2467-88ba-ba5fe2debf14,1eee8bf31a8455bc6940388c79ec4013d7e772a4628fa85a5dd4df009c171826,0.55,10,7,7
CAL,10b17936-3938-2467-88ba-ba5fe2debf14,1eee8bf31a8455bc6940388c79ec4013d7e772a4628fa85a5dd4df009c171826,0.6,10,6,6
CAL,10b17936-3938-2467-88ba-ba5fe2debf14,1eee8bf31a8455bc6940388c79ec4013d7e772a4628fa85a5dd4df009c171826,0.65,10,5,5
CAL,10b17936-3938-2467-88ba-ba5fe2debf14,1eee8bf31a8455bc6940388c79ec4013d7e772a4628fa85a5dd4df009c171826,0.7,10,5,5
CAL,10b17936-3938-2467-88ba-ba5fe2debf14,1eee8bf31a8455bc6940388c79ec4013d7e772a4628fa85a5dd4df009c171826,0.75,10,3,3
CAL,10b17936-3938-2467-88ba-ba5fe2debf14,1eee8bf31a8455bc6940388c79ec4013d7e772a4628fa85a5dd4df009c171826,0.8,10,2,2
CAL,10b17936-3938-2467-88ba-ba5fe2debf14,1eee8bf31a8455bc6940388c79ec4013d7e772a4628fa85a5dd4df009c171826,0.85,10,1,1
CAL,10b17936-3938-2467-88ba-ba5fe2debf14,1eee8bf31a8455bc6940388c79ec4013d7e772a4628fa85a5dd4df009c171826,0.9,10,1,1
CAL,4acaebba-6c10-2a2a-8650-34c2f160db99,784795eec836f80b54988a6f00c3bbb9526233b8647fce5010cb79cb93d35855,0.5,4,3,3
CAL,4acaebba-6c10-2a2a-8650-34c2f160db99,784795eec836f80b54988a6f00c3bbb9526233b8647fce5010cb79cb93d35855,0.55,4,3,3
CAL,4acaebba-6c10-2a2a-8650-34c2f160db99,784795eec836f80b54988a6f00c3bbb9526233b8647fce5010cb79cb93d35855,0.6,4,3,3
CAL,4acaebba-6c10-2a2a-8650-34c2f160db99,784795eec836f80b54988a6f00c3bbb9526233b8647fce5010cb79cb93d35855,0.65,4,3,3
CAL,4acaebba-6c10-2a2a-8650-34c2f160db99,784795eec836f80b54988a6f00c3bbb9526233b8647fce5010cb79cb93d35855,0.7,4,3,3
CAL,4acaebba-6c10-2a2a-8650-34c2f160db99,784795eec836f80b54988a6f00c3bbb9526233b8647fce5010cb79cb93d35855,0.75,4,3,3
CAL,4acaebba-6c10-2a2a-8650-34c2f160db99,784795eec836f80b54988a6f00c3bbb9526233b8647fce5010cb79cb93d35855,0.8,4,3,3
CAL,4acaebba-6c10-2a2a-8650-34c2f160db99,784795eec836f80b54988a6f00c3bbb9526233b8647fce5010cb79cb93d35855,0.85,4,2,2
CAL,4acaebba-6c10-2a2a-8650-34c2f160db99,784795eec836f80b54988a6f00c3bbb9526233b8647fce5010cb79cb93d35855,0.9,4,2,2
CAL,4acaebba-6c10-2a2a-8650-34c2f160db99,4f1b4e6100b14761a2555b14f48d3aca4eb1e33cb8dd44df5b79018ff18ea1d1,0.5,4,3,3
CAL,4acaebba-6c10-2a2a-8650-34c2f160db99,4f1b4e6100b14761a2555b14f48d3aca4eb1e33cb8dd44df5b79018ff18ea1d1,0.55,4,3,3
CAL,4acaebba-6c10-2a2a-8650-34c2f160db99,4f1b4e6100b14761a2555b14f48d3aca4eb1e33cb8dd44df5b79018ff18ea1d1,0.6,4,3,3
CAL,4acaebba-6c10-2a2a-8650-34c2f160db99,4f1b4e6100b14761a2555b14f48d3aca4eb1e33cb8dd44df5b79018ff18ea1d1,0.65,4,3,3
CAL,4acaebba-6c10-2a2a-8650-34c2f160db99,4f1b4e6100b14761a2555b14f48d3aca4eb1e33cb8dd44df5b79018ff18ea1d1,0.7,4,2,2
CAL,4acaebba-6c10-2a2a-8650-34c2f160db99,4f1b4e6100b14761a2555b14f48d3aca4eb1e33cb8dd44df5b79018ff18ea1d1,0.75,4,2,2
CAL,4acaebba-6c10-2a2a-8650-34c2f160db99,4f1b4e6100b14761a2555b14f48d3aca4eb1e33cb8dd44df5b79018ff18ea1d1,0.8,4,1,1
CAL,4acaebba-6c10-2a2a-8650-34c2f160db99,4f1b4e6100b14761a2555b14f48d3aca4eb1e33cb8dd44df5b79018ff18ea1d1,0.85,4,1,1
CAL,4acaebba-6c10-2a2a-8650-34c2f160db99,4f1b4e6100b14761a2555b14f48d3aca4eb1e33cb8dd44df5b79018ff18ea1d1,0.9,4,0,0
CAL,4acaebba-6c10-2a2a-8650-34c2f160db99,86e3274c5cc72ded5d97334a716d880ad9d96a4a0f8a9b3e91a9ce57ef19ef7c,0.5,5,4,4
CAL,4acaebba-6c10-2a2a-8650-34c2f160db99,86e3274c5cc72ded5d97334a716d880ad9d96a4a0f8a9b3e91a9ce57ef19ef7c,0.55,5,4,4
CAL,4acaebba-6c10-2a2a-8650-34c2f160db99,86e3274c5cc72ded5d97334a716d880ad9d96a4a0f8a9b3e91a9ce57ef19ef7c,0.6,5,4,4
CAL,4acaebba-6c10-2a2a-8650-34c2f160db99,86e3274c5cc72ded5d97334a716d880ad9d96a4a0f8a9b3e91a9ce57ef19ef7c,0.65,5,3,4
CAL,4acaebba-6c10-2a2a-8650-34c2f160db99,86e3274c5cc72ded5d97334a716d880ad9d96a4a0f8a9b3e91a9ce57ef19ef7c,0.7,5,3,3
CAL,4acaebba-6c10-2a2a-8650-34c2f160db99,86e3274c5cc72ded5d97334a716d880ad9d96a4a0f8a9b3e91a9ce57ef19ef7c,0.75,5,3,3
CAL,4acaebba-6c10-2a2a-8650-34c2f160db99,86e3274c5cc72ded5d97334a716d880ad9d96a4a0f8a9b3e91a9ce57ef19ef7c,0.8,5,3,3
CAL,4acaebba-6c10-2a2a-8650-34c2f160db99,86e3274c5cc72ded5d97334a716d880ad9d96a4a0f8a9b3e91a9ce57ef19ef7c,0.85,5,1,1
CAL,4acaebba-6c10-2a2a-8650-34c2f160db99,86e3274c5cc72ded5d97334a716d880ad9d96a4a0f8a9b3e91a9ce57ef19ef7c,0.9,5,1,1
CAL,4acaebba-6c10-2a2a-8650-34c2f160db99,5e72a74e2c84ce6564dbc49dadc67aca421179a41ed2d47e3949671f91d35375,0.5,5,4,4
CAL,4acaebba-6c10-2a2a-8650-34c2f160db99,5e72a74e2c84ce6564dbc49dadc67aca421179a41ed2d47e3949671f91d35375,0.55,5,4,4
CAL,4acaebba-6c10-2a2a-8650-34c2f160db99,5e72a74e2c84ce6564dbc49dadc67aca421179a41ed2d47e3949671f91d35375,0.6,5,4,4
CAL,4acaebba-6c10-2a2a-8650-34c2f160db99,5e72a74e2c84ce6564dbc49dadc67aca421179a41ed2d47e3949671f91d35375,0.65,5,3,3
CAL,4acaebba-6c10-2a2a-8650-34c2f160db99,5e72a74e2c84ce6564dbc49dadc67aca421179a41ed2d47e3949671f91d35375,0.7,5,3,3
CAL,4acaebba-6c10-2a2a-8650-34c2f160db99,5e72a74e2c84ce6564dbc49dadc67aca421179a41ed2d47e3949671f91d35375,0.75,5,3,3
CAL,4acaebba-6c10-2a2a-8650-34c2f160db99,5e72a74e2c84ce6564dbc49dadc67aca421179a41ed2d47e3949671f91d35375,0.8,5,2,2
CAL,4acaebba-6c10-2a2a-8650-34c2f160db99,5e72a74e2c84ce6564dbc49dadc67aca421179a41ed2d47e3949671f91d35375,0.85,5,2,2
CAL,4acaebba-6c10-2a2a-8650-34c2f160db99,5e72a74e2c84ce6564dbc49dadc67aca421179a41ed2d47e3949671f91d35375,0.9,5,2,2
CAL,4acaebba-6c10-2a2a-8650-34c2f160db99,2aebc0ba5c7538e7253179b0e4d9df2ef33b269e670496c66a9c7706804e7ca2,0.5,5,5,5
CAL,4acaebba-6c10-2a2a-8650-34c2f160db99,2aebc0ba5c7538e7253179b0e4d9df2ef33b269e670496c66a9c7706804e7ca2,0.55,5,5,5
CAL,4acaebba-6c10-2a2a-8650-34c2f160db99,2aebc0ba5c7538e7253179b0e4d9df2ef33b269e670496c66a9c7706804e7ca2,0.6,5,4,4
CAL,4acaebba-6c10-2a2a-8650-34c2f160db99,2aebc0ba5c7538e7253179b0e4d9df2ef33b269e670496c66a9c7706804e7ca2,0.65,5,4,4
CAL,4acaebba-6c10-2a2a-8650-34c2f160db99,2aebc0ba5c7538e7253179b0e4d9df2ef33b269e670496c66a9c7706804e7ca2,0.7,5,4,4
CAL,4acaebba-6c10-2a2a-8650-34c2f160db99,2aebc0ba5c7538e7253179b0e4d9df2ef33b269e670496c66a9c7706804e7ca2,0.75,5,4,4
CAL,4acaebba-6c10-2a2a-8650-34c2f160db99,2aebc0ba5c7538e7253179b0e4d9df2ef33b269e670496c66a9c7706804e7ca2,0.8,5,3,3
CAL,4acaebba-6c10-2a2a-8650-34c2f160db99,2aebc0ba5c7538e7253179b0e4d9df2ef33b269e670496c66a9c7706804e7ca2,0.85,5,3,3
CAL,4acaebba-6c10-2a2a-8650-34c2f160db99,2aebc0ba5c7538e7253179b0e4d9df2ef33b269e670496c66a9c7706804e7ca2,0.9,5,2,2
CAL,4acaebba-6c10-2a2a-8650-34c2f160db99,d66f91a1e68ce285afc0f458551a22880ad3c79e13998273872d3738fa9b7a3a,0.5,6,5,5
CAL,4acaebba-6c10-2a2a-8650-34c2f160db99,d66f91a1e68ce285afc0f458551a22880ad3c79e13998273872d3738fa9b7a3a,0.55,6,4,4
CAL,4acaebba-6c10-2a2a-8650-34c2f160db99,d66f91a1e68ce285afc0f458551a22880ad3c79e13998273872d3738fa9b7a3a,0.6,6,4,4
CAL,4acaebba-6c10-2a2a-8650-34c2f160db99,d66f91a1e68ce285afc0f458551a22880ad3c79e13998273872d3738fa9b7a3a,0.65,6,4,4
CAL,4acaebba-6c10-2a2a-8650-34c2f160db99,d66f91a1e68ce285afc0f458551a22880ad3c79e13998273872d3738fa9b7a3a,0.7,6,3,3
CAL,4acaebba-6c10-2a2a-8650-34c2f160db99,d66f91a1e68ce285afc0f458551a22880ad3c79e13998273872d3738fa9b7a3a,0.75,6,3,3
CAL,4acaebba-6c10-2a2a-8650-34c2f160db99,d66f91a1e68ce285afc0f458551a22880ad3c79e13998273872d3738fa9b7a3a,0.8,6,3,3
CAL,4acaebba-6c10-2a2a-8650-34c2f160db99,d66f91a1e68ce285afc0f458551a22880ad3c79e13998273872d3738fa9b7a3a,0.85,6,2,2
CAL,4acaebba-6c10-2a2a-8650-34c2f160db99,d66f91a1e68ce285afc0f458551a22880ad3c79e13998273872d3738fa9b7a3a,0.9,6,2,2
CAL,4acaebba-6c10-2a2a-8650-34c2f160db99,76d6cf8f9ab815f639f75e646598daa288089d7a9bf63535f216cb4d8492969b,0.5,4,4,4
CAL,4acaebba-6c10-2a2a-8650-34c2f160db99,76d6cf8f9ab815f639f75e646598daa288089d7a9bf63535f216cb4d8492969b,0.55,4,4,4
CAL,4acaebba-6c10-2a2a-8650-34c2f160db99,76d6cf8f9ab815f639f75e646598daa288089d7a9bf63535f216cb4d8492969b,0.6,4,4,4
CAL,4acaebba-6c10-2a2a-8650-34c2f160db99,76d6cf8f9ab815f639f75e646598daa288089d7a9bf63535f216cb4d8492969b,0.65,4,3,3
CAL,4acaebba-6c10-2a2a-8650-34c2f160db99,76d6cf8f9ab815f639f75e646598daa288089d7a9bf63535f216cb4d8492969b,0.7,4,3,3
CAL,4acaebba-6c10-2a2a-8650-34c2f160db99,76d6cf8f9ab815f639f75e646598daa288089d7a9bf63535f216cb4d8492969b,0.75,4,3,3
CAL,4acaebba-6c10-2a2a-8650-34c2f160db99,76d6cf8f9ab815f639f75e646598daa288089d7a9bf63535f216cb4d8492969b,0.8,4,2,2
CAL,4acaebba-6c10-2a2a-8650-34c2f160db99,76d6cf8f9ab815f639f75e646598daa288089d7a9bf63535f216cb4d8492969b,0.85,4,2,2
CAL,4acaebba-6c10-2a2a-8650-34c2f160db99,76d6cf8f9ab815f639f75e646598daa288089d7a9bf63535f216cb4d8492969b,0.9,4,2,2
TRAIN,bcb0fe17-4f39-2c70-9d19-dafd03e967d8,d9e4c5787dd6d090143581753134ae44e560efe40efd73290d6b7af69e2f4ee1,0.5,7,6,6
TRAIN,bcb0fe17-4f39-2c70-9d19-dafd03e967d8,d9e4c5787dd6d090143581753134ae44e560efe40efd73290d6b7af69e2f4ee1,0.55,7,6,6
TRAIN,bcb0fe17-4f39-2c70-9d19-dafd03e967d8,d9e4c5787dd6d090143581753134ae44e560efe40efd73290d6b7af69e2f4ee1,0.6,7,6,6
TRAIN,bcb0fe17-4f39-2c70-9d19-dafd03e967d8,d9e4c5787dd6d090143581753134ae44e560efe40efd73290d6b7af69e2f4ee1,0.65,7,6,6
TRAIN,bcb0fe17-4f39-2c70-9d19-dafd03e967d8,d9e4c5787dd6d090143581753134ae44e560efe40efd73290d6b7af69e2f4ee1,0.7,7,6,6
TRAIN,bcb0fe17-4f39-2c70-9d19-dafd03e967d8,d9e4c5787dd6d090143581753134ae44e560efe40efd73290d6b7af69e2f4ee1,0.75,7,6,6
TRAIN,bcb0fe17-4f39-2c70-9d19-dafd03e967d8,d9e4c5787dd6d090143581753134ae44e560efe40efd73290d6b7af69e2f4ee1,0.8,7,5,5
TRAIN,bcb0fe17-4f39-2c70-9d19-dafd03e967d8,d9e4c5787dd6d090143581753134ae44e560efe40efd73290d6b7af69e2f4ee1,0.85,7,4,4
TRAIN,bcb0fe17-4f39-2c70-9d19-dafd03e967d8,d9e4c5787dd6d090143581753134ae44e560efe40efd73290d6b7af69e2f4ee1,0.9,7,3,3
TRAIN,bcb0fe17-4f39-2c70-9d19-dafd03e967d8,9cecd5f1b76d5039840704b888df309f0b4b55a02d700c2c9e8120b2d1beb822,0.5,7,6,6
TRAIN,bcb0fe17-4f39-2c70-9d19-dafd03e967d8,9cecd5f1b76d5039840704b888df309f0b4b55a02d700c2c9e8120b2d1beb822,0.55,7,6,6
TRAIN,bcb0fe17-4f39-2c70-9d19-dafd03e967d8,9cecd5f1b76d5039840704b888df309f0b4b55a02d700c2c9e8120b2d1beb822,0.6,7,6,6
TRAIN,bcb0fe17-4f39-2c70-9d19-dafd03e967d8,9cecd5f1b76d5039840704b888df309f0b4b55a02d700c2c9e8120b2d1beb822,0.65,7,6,6
TRAIN,bcb0fe17-4f39-2c70-9d19-dafd03e967d8,9cecd5f1b76d5039840704b888df309f0b4b55a02d700c2c9e8120b2d1beb822,0.7,7,6,6
TRAIN,bcb0fe17-4f39-2c70-9d19-dafd03e967d8,9cecd5f1b76d5039840704b888df309f0b4b55a02d700c2c9e8120b2d1beb822,0.75,7,6,6
TRAIN,bcb0fe17-4f39-2c70-9d19-dafd03e967d8,9cecd5f1b76d5039840704b888df309f0b4b55a02d700c2c9e8120b2d1beb822,0.8,7,5,5
TRAIN,bcb0fe17-4f39-2c70-9d19-dafd03e967d8,9cecd5f1b76d5039840704b888df309f0b4b55a02d700c2c9e8120b2d1beb822,0.85,7,4,4
TRAIN,bcb0fe17-4f39-2c70-9d19-dafd03e967d8,9cecd5f1b76d5039840704b888df309f0b4b55a02d700c2c9e8120b2d1beb822,0.9,7,3,3
TRAIN,0cac75f4-8d6f-2d13-8c10-ce688f7ac0af,1eb470d8fbe5740d4409ff584c7d5037478367dab543817e82979da3530c938b,0.5,9,8,9
TRAIN,0cac75f4-8d6f-2d13-8c10-ce688f7ac0af,1eb470d8fbe5740d4409ff584c7d5037478367dab543817e82979da3530c938b,0.55,9,6,6
TRAIN,0cac75f4-8d6f-2d13-8c10-ce688f7ac0af,1eb470d8fbe5740d4409ff584c7d5037478367dab543817e82979da3530c938b,0.6,9,6,6
TRAIN,0cac75f4-8d6f-2d13-8c10-ce688f7ac0af,1eb470d8fbe5740d4409ff584c7d5037478367dab543817e82979da3530c938b,0.65,9,6,6
TRAIN,0cac75f4-8d6f-2d13-8c10-ce688f7ac0af,1eb470d8fbe5740d4409ff584c7d5037478367dab543817e82979da3530c938b,0.7,9,6,6
TRAIN,0cac75f4-8d6f-2d13-8c10-ce688f7ac0af,1eb470d8fbe5740d4409ff584c7d5037478367dab543817e82979da3530c938b,0.75,9,4,4
TRAIN,0cac75f4-8d6f-2d13-8c10-ce688f7ac0af,1eb470d8fbe5740d4409ff584c7d5037478367dab543817e82979da3530c938b,0.8,9,4,4
TRAIN,0cac75f4-8d6f-2d13-8c10-ce688f7ac0af,1eb470d8fbe5740d4409ff584c7d5037478367dab543817e82979da3530c938b,0.85,9,3,3
TRAIN,0cac75f4-8d6f-2d13-8c10-ce688f7ac0af,1eb470d8fbe5740d4409ff584c7d5037478367dab543817e82979da3530c938b,0.9,9,3,3
TRAIN,0cac75f4-8d6f-2d13-8c10-ce688f7ac0af,d5b9ae72da3a8fa0a7ad87292c93e93b9ccc214649d6b8d4c659989b1fca79a0,0.5,9,8,9
TRAIN,0cac75f4-8d6f-2d13-8c10-ce688f7ac0af,d5b9ae72da3a8fa0a7ad87292c93e93b9ccc214649d6b8d4c659989b1fca79a0,0.55,9,7,8
TRAIN,0cac75f4-8d6f-2d13-8c10-ce688f7ac0af,d5b9ae72da3a8fa0a7ad87292c93e93b9ccc214649d6b8d4c659989b1fca79a0,0.6,9,6,6
TRAIN,0cac75f4-8d6f-2d13-8c10-ce688f7ac0af,d5b9ae72da3a8fa0a7ad87292c93e93b9ccc214649d6b8d4c659989b1fca79a0,0.65,9,6,6
TRAIN,0cac75f4-8d6f-2d13-8c10-ce688f7ac0af,d5b9ae72da3a8fa0a7ad87292c93e93b9ccc214649d6b8d4c659989b1fca79a0,0.7,9,5,5
TRAIN,0cac75f4-8d6f-2d13-8c10-ce688f7ac0af,d5b9ae72da3a8fa0a7ad87292c93e93b9ccc214649d6b8d4c659989b1fca79a0,0.75,9,4,4
TRAIN,0cac75f4-8d6f-2d13-8c10-ce688f7ac0af,d5b9ae72da3a8fa0a7ad87292c93e93b9ccc214649d6b8d4c659989b1fca79a0,0.8,9,4,4
TRAIN,0cac75f4-8d6f-2d13-8c10-ce688f7ac0af,d5b9ae72da3a8fa0a7ad87292c93e93b9ccc214649d6b8d4c659989b1fca79a0,0.85,9,3,3
TRAIN,0cac75f4-8d6f-2d13-8c10-ce688f7ac0af,d5b9ae72da3a8fa0a7ad87292c93e93b9ccc214649d6b8d4c659989b1fca79a0,0.9,9,3,3
TRAIN,bf9a3dc9-45a5-2e80-80cc-29579f2928e6,6fd2a03d6faee2456a39f54d7540d1fa27320426ee43dab048259b2f0d5d8092,0.5,2,2,2
TRAIN,bf9a3dc9-45a5-2e80-80cc-29579f2928e6,6fd2a03d6faee2456a39f54d7540d1fa27320426ee43dab048259b2f0d5d8092,0.55,2,2,2
TRAIN,bf9a3dc9-45a5-2e80-80cc-29579f2928e6,6fd2a03d6faee2456a39f54d7540d1fa27320426ee43dab048259b2f0d5d8092,0.6,2,2,2
TRAIN,bf9a3dc9-45a5-2e80-80cc-29579f2928e6,6fd2a03d6faee2456a39f54d7540d1fa27320426ee43dab048259b2f0d5d8092,0.65,2,2,2
TRAIN,bf9a3dc9-45a5-2e80-80cc-29579f2928e6,6fd2a03d6faee2456a39f54d7540d1fa27320426ee43dab048259b2f0d5d8092,0.7,2,2,2
TRAIN,bf9a3dc9-45a5-2e80-80cc-29579f2928e6,6fd2a03d6faee2456a39f54d7540d1fa27320426ee43dab048259b2f0d5d8092,0.75,2,2,2
TRAIN,bf9a3dc9-45a5-2e80-80cc-29579f2928e6,6fd2a03d6faee2456a39f54d7540d1fa27320426ee43dab048259b2f0d5d8092,0.8,2,2,2
TRAIN,bf9a3dc9-45a5-2e80-80cc-29579f2928e6,6fd2a03d6faee2456a39f54d7540d1fa27320426ee43dab048259b2f0d5d8092,0.85,2,2,2
TRAIN,bf9a3dc9-45a5-2e80-80cc-29579f2928e6,6fd2a03d6faee2456a39f54d7540d1fa27320426ee43dab048259b2f0d5d8092,0.9,2,2,2
TRAIN,bf9a3dc9-45a5-2e80-80cc-29579f2928e6,74213db585edcb2ef98b4df50bb48d1e2ab141325cb09263c7f2bbd1c45592eb,0.5,6,5,5
TRAIN,bf9a3dc9-45a5-2e80-80cc-29579f2928e6,74213db585edcb2ef98b4df50bb48d1e2ab141325cb09263c7f2bbd1c45592eb,0.55,6,5,5
TRAIN,bf9a3dc9-45a5-2e80-80cc-29579f2928e6,74213db585edcb2ef98b4df50bb48d1e2ab141325cb09263c7f2bbd1c45592eb,0.6,6,5,5
TRAIN,bf9a3dc9-45a5-2e80-80cc-29579f2928e6,74213db585edcb2ef98b4df50bb48d1e2ab141325cb09263c7f2bbd1c45592eb,0.65,6,5,5
TRAIN,bf9a3dc9-45a5-2e80-80cc-29579f2928e6,74213db585edcb2ef98b4df50bb48d1e2ab141325cb09263c7f2bbd1c45592eb,0.7,6,5,5
TRAIN,bf9a3dc9-45a5-2e80-80cc-29579f2928e6,74213db585edcb2ef98b4df50bb48d1e2ab141325cb09263c7f2bbd1c45592eb,0.75,6,4,5
TRAIN,bf9a3dc9-45a5-2e80-80cc-29579f2928e6,74213db585edcb2ef98b4df50bb48d1e2ab141325cb09263c7f2bbd1c45592eb,0.8,6,3,3
TRAIN,bf9a3dc9-45a5-2e80-80cc-29579f2928e6,74213db585edcb2ef98b4df50bb48d1e2ab141325cb09263c7f2bbd1c45592eb,0.85,6,3,3
TRAIN,bf9a3dc9-45a5-2e80-80cc-29579f2928e6,74213db585edcb2ef98b4df50bb48d1e2ab141325cb09263c7f2bbd1c45592eb,0.9,6,2,2
TRAIN,bf9a3dc9-45a5-2e80-80cc-29579f2928e6,0be7d3c186ecec46f42a25a0dd840e85e06a08c0ea1d639f4ee94a5bf909c9d8,0.5,2,1,1
TRAIN,bf9a3dc9-45a5-2e80-80cc-29579f2928e6,0be7d3c186ecec46f42a25a0dd840e85e06a08c0ea1d639f4ee94a5bf909c9d8,0.55,2,1,1
TRAIN,bf9a3dc9-45a5-2e80-80cc-29579f2928e6,0be7d3c186ecec46f42a25a0dd840e85e06a08c0ea1d639f4ee94a5bf909c9d8,0.6,2,1,1
TRAIN,bf9a3dc9-45a5-2e80-80cc-29579f2928e6,0be7d3c186ecec46f42a25a0dd840e85e06a08c0ea1d639f4ee94a5bf909c9d8,0.65,2,1,1
TRAIN,bf9a3dc9-45a5-2e80-80cc-29579f2928e6,0be7d3c186ecec46f42a25a0dd840e85e06a08c0ea1d639f4ee94a5bf909c9d8,0.7,2,1,1
TRAIN,bf9a3dc9-45a5-2e80-80cc-29579f2928e6,0be7d3c186ecec46f42a25a0dd840e85e06a08c0ea1d639f4ee94a5bf909c9d8,0.75,2,1,1
TRAIN,bf9a3dc9-45a5-2e80-80cc-29579f2928e6,0be7d3c186ecec46f42a25a0dd840e85e06a08c0ea1d639f4ee94a5bf909c9d8,0.8,2,1,1
TRAIN,bf9a3dc9-45a5-2e80-80cc-29579f2928e6,0be7d3c186ecec46f42a25a0dd840e85e06a08c0ea1d639f4ee94a5bf909c9d8,0.85,2,1,1
TRAIN,bf9a3dc9-45a5-2e80-80cc-29579f2928e6,0be7d3c186ecec46f42a25a0dd840e85e06a08c0ea1d639f4ee94a5bf909c9d8,0.9,2,1,1
TRAIN,bf9a3dc9-45a5-2e80-80cc-29579f2928e6,b0f24f6fd19ac1635d5cf5cd97409ce8c22207d1b6b77d97c7612b7688e01e57,0.5,6,6,6
TRAIN,bf9a3dc9-45a5-2e80-80cc-29579f2928e6,b0f24f6fd19ac1635d5cf5cd97409ce8c22207d1b6b77d97c7612b7688e01e57,0.55,6,5,6
TRAIN,bf9a3dc9-45a5-2e80-80cc-29579f2928e6,b0f24f6fd19ac1635d5cf5cd97409ce8c22207d1b6b77d97c7612b7688e01e57,0.6,6,5,6
TRAIN,bf9a3dc9-45a5-2e80-80cc-29579f2928e6,b0f24f6fd19ac1635d5cf5cd97409ce8c22207d1b6b77d97c7612b7688e01e57,0.65,6,5,6
TRAIN,bf9a3dc9-45a5-2e80-80cc-29579f2928e6,b0f24f6fd19ac1635d5cf5cd97409ce8c22207d1b6b77d97c7612b7688e01e57,0.7,6,5,6
TRAIN,bf9a3dc9-45a5-2e80-80cc-29579f2928e6,b0f24f6fd19ac1635d5cf5cd97409ce8c22207d1b6b77d97c7612b7688e01e57,0.75,6,5,6
TRAIN,bf9a3dc9-45a5-2e80-80cc-29579f2928e6,b0f24f6fd19ac1635d5cf5cd97409ce8c22207d1b6b77d97c7612b7688e01e57,0.8,6,4,6
TRAIN,bf9a3dc9-45a5-2e80-80cc-29579f2928e6,b0f24f6fd19ac1635d5cf5cd97409ce8c22207d1b6b77d97c7612b7688e01e57,0.85,6,4,5
TRAIN,bf9a3dc9-45a5-2e80-80cc-29579f2928e6,b0f24f6fd19ac1635d5cf5cd97409ce8c22207d1b6b77d97c7612b7688e01e57,0.9,6,4,5
TRAIN,48699c02-d4a2-2f10-81c3-552d06ffcbb8,0fc2db8b88de9b463a1c5163ec70eb5f2baddb71a9cdb7225d9ab94bd903d579,0.5,7,4,4
TRAIN,48699c02-d4a2-2f10-81c3-552d06ffcbb8,0fc2db8b88de9b463a1c5163ec70eb5f2baddb71a9cdb7225d9ab94bd903d579,0.55,7,4,4
TRAIN,48699c02-d4a2-2f10-81c3-552d06ffcbb8,0fc2db8b88de9b463a1c5163ec70eb5f2baddb71a9cdb7225d9ab94bd903d579,0.6,7,4,4
TRAIN,48699c02-d4a2-2f10-81c3-552d06ffcbb8,0fc2db8b88de9b463a1c5163ec70eb5f2baddb71a9cdb7225d9ab94bd903d579,0.65,7,3,3
TRAIN,48699c02-d4a2-2f10-81c3-552d06ffcbb8,0fc2db8b88de9b463a1c5163ec70eb5f2baddb71a9cdb7225d9ab94bd903d579,0.7,7,3,3
TRAIN,48699c02-d4a2-2f10-81c3-552d06ffcbb8,0fc2db8b88de9b463a1c5163ec70eb5f2baddb71a9cdb7225d9ab94bd903d579,0.75,7,3,3
TRAIN,48699c02-d4a2-2f10-81c3-552d06ffcbb8,0fc2db8b88de9b463a1c5163ec70eb5f2baddb71a9cdb7225d9ab94bd903d579,0.8,7,2,2
TRAIN,48699c02-d4a2-2f10-81c3-552d06ffcbb8,0fc2db8b88de9b463a1c5163ec70eb5f2baddb71a9cdb7225d9ab94bd903d579,0.85,7,1,1
TRAIN,48699c02-d4a2-2f10-81c3-552d06ffcbb8,0fc2db8b88de9b463a1c5163ec70eb5f2baddb71a9cdb7225d9ab94bd903d579,0.9,7,1,1
TRAIN,48699c02-d4a2-2f10-81c3-552d06ffcbb8,f0675945a40abf37075b77951b9f2e496f601130ab65afce5b793cea4d044600,0.5,9,7,7
TRAIN,48699c02-d4a2-2f10-81c3-552d06ffcbb8,f0675945a40abf37075b77951b9f2e496f601130ab65afce5b793cea4d044600,0.55,9,7,7
TRAIN,48699c02-d4a2-2f10-81c3-552d06ffcbb8,f0675945a40abf37075b77951b9f2e496f601130ab65afce5b793cea4d044600,0.6,9,6,6
TRAIN,48699c02-d4a2-2f10-81c3-552d06ffcbb8,f0675945a40abf37075b77951b9f2e496f601130ab65afce5b793cea4d044600,0.65,9,5,5
TRAIN,48699c02-d4a2-2f10-81c3-552d06ffcbb8,f0675945a40abf37075b77951b9f2e496f601130ab65afce5b793cea4d044600,0.7,9,4,4
TRAIN,48699c02-d4a2-2f10-81c3-552d06ffcbb8,f0675945a40abf37075b77951b9f2e496f601130ab65afce5b793cea4d044600,0.75,9,4,4
TRAIN,48699c02-d4a2-2f10-81c3-552d06ffcbb8,f0675945a40abf37075b77951b9f2e496f601130ab65afce5b793cea4d044600,0.8,9,4,4
TRAIN,48699c02-d4a2-2f10-81c3-552d06ffcbb8,f0675945a40abf37075b77951b9f2e496f601130ab65afce5b793cea4d044600,0.85,9,3,4
TRAIN,48699c02-d4a2-2f10-81c3-552d06ffcbb8,f0675945a40abf37075b77951b9f2e496f601130ab65afce5b793cea4d044600,0.9,9,2,2
TRAIN,48699c02-d4a2-2f10-81c3-552d06ffcbb8,9e9e8d44f7193286c2ecfb4009af69048544502feaf35c55e9696405d0355494,0.5,7,4,4
TRAIN,48699c02-d4a2-2f10-81c3-552d06ffcbb8,9e9e8d44f7193286c2ecfb4009af69048544502feaf35c55e9696405d0355494,0.55,7,3,3
TRAIN,48699c02-d4a2-2f10-81c3-552d06ffcbb8,9e9e8d44f7193286c2ecfb4009af69048544502feaf35c55e9696405d0355494,0.6,7,3,3
TRAIN,48699c02-d4a2-2f10-81c3-552d06ffcbb8,9e9e8d44f7193286c2ecfb4009af69048544502feaf35c55e9696405d0355494,0.65,7,2,2
TRAIN,48699c02-d4a2-2f10-81c3-552d06ffcbb8,9e9e8d44f7193286c2ecfb4009af69048544502feaf35c55e9696405d0355494,0.7,7,2,2
TRAIN,48699c02-d4a2-2f10-81c3-552d06ffcbb8,9e9e8d44f7193286c2ecfb4009af69048544502feaf35c55e9696405d0355494,0.75,7,2,2
TRAIN,48699c02-d4a2-2f10-81c3-552d06ffcbb8,9e9e8d44f7193286c2ecfb4009af69048544502feaf35c55e9696405d0355494,0.8,7,1,1
TRAIN,48699c02-d4a2-2f10-81c3-552d06ffcbb8,9e9e8d44f7193286c2ecfb4009af69048544502feaf35c55e9696405d0355494,0.85,7,1,1
TRAIN,48699c02-d4a2-2f10-81c3-552d06ffcbb8,9e9e8d44f7193286c2ecfb4009af69048544502feaf35c55e9696405d0355494,0.9,7,1,1
TRAIN,20c993af-698f-29c5-84b2-972451f94cfb,96e32c93a2a8b421c41d3c877f28ca0ba522c7f8f700fb4a847395e9646bae51,0.5,5,3,3
TRAIN,20c993af-698f-29c5-84b2-972451f94cfb,96e32c93a2a8b421c41d3c877f28ca0ba522c7f8f700fb4a847395e9646bae51,0.55,5,3,3
TRAIN,20c993af-698f-29c5-84b2-972451f94cfb,96e32c93a2a8b421c41d3c877f28ca0ba522c7f8f700fb4a847395e9646bae51,0.6,5,3,3
TRAIN,20c993af-698f-29c5-84b2-972451f94cfb,96e32c93a2a8b421c41d3c877f28ca0ba522c7f8f700fb4a847395e9646bae51,0.65,5,3,3
TRAIN,20c993af-698f-29c5-84b2-972451f94cfb,96e32c93a2a8b421c41d3c877f28ca0ba522c7f8f700fb4a847395e9646bae51,0.7,5,3,3
TRAIN,20c993af-698f-29c5-84b2-972451f94cfb,96e32c93a2a8b421c41d3c877f28ca0ba522c7f8f700fb4a847395e9646bae51,0.75,5,2,2
TRAIN,20c993af-698f-29c5-84b2-972451f94cfb,96e32c93a2a8b421c41d3c877f28ca0ba522c7f8f700fb4a847395e9646bae51,0.8,5,1,1
TRAIN,20c993af-698f-29c5-84b2-972451f94cfb,96e32c93a2a8b421c41d3c877f28ca0ba522c7f8f700fb4a847395e9646bae51,0.85,5,1,1
TRAIN,20c993af-698f-29c5-84b2-972451f94cfb,96e32c93a2a8b421c41d3c877f28ca0ba522c7f8f700fb4a847395e9646bae51,0.9,5,1,1
TRAIN,20c993af-698f-29c5-84b2-972451f94cfb,b05f4dcf0b12ce4ee3ad3089205853982e1b4ef05d6281724e0597fb9cb9de2d,0.5,0,0,0
TRAIN,20c993af-698f-29c5-84b2-972451f94cfb,b05f4dcf0b12ce4ee3ad3089205853982e1b4ef05d6281724e0597fb9cb9de2d,0.55,0,0,0
TRAIN,20c993af-698f-29c5-84b2-972451f94cfb,b05f4dcf0b12ce4ee3ad3089205853982e1b4ef05d6281724e0597fb9cb9de2d,0.6,0,0,0
TRAIN,20c993af-698f-29c5-84b2-972451f94cfb,b05f4dcf0b12ce4ee3ad3089205853982e1b4ef05d6281724e0597fb9cb9de2d,0.65,0,0,0
TRAIN,20c993af-698f-29c5-84b2-972451f94cfb,b05f4dcf0b12ce4ee3ad3089205853982e1b4ef05d6281724e0597fb9cb9de2d,0.7,0,0,0
TRAIN,20c993af-698f-29c5-84b2-972451f94cfb,b05f4dcf0b12ce4ee3ad3089205853982e1b4ef05d6281724e0597fb9cb9de2d,0.75,0,0,0
TRAIN,20c993af-698f-29c5-84b2-972451f94cfb,b05f4dcf0b12ce4ee3ad3089205853982e1b4ef05d6281724e0597fb9cb9de2d,0.8,0,0,0
TRAIN,20c993af-698f-29c5-84b2-972451f94cfb,b05f4dcf0b12ce4ee3ad3089205853982e1b4ef05d6281724e0597fb9cb9de2d,0.85,0,0,0
TRAIN,20c993af-698f-29c5-84b2-972451f94cfb,b05f4dcf0b12ce4ee3ad3089205853982e1b4ef05d6281724e0597fb9cb9de2d,0.9,0,0,0
TRAIN,20c993af-698f-29c5-84b2-972451f94cfb,de1818d68c7908b7968d6395cdd5a4a2624cef423738f3a73e6b54b783e1c829,0.5,3,1,2
TRAIN,20c993af-698f-29c5-84b2-972451f94cfb,de1818d68c7908b7968d6395cdd5a4a2624cef423738f3a73e6b54b783e1c829,0.55,3,1,2
TRAIN,20c993af-698f-29c5-84b2-972451f94cfb,de1818d68c7908b7968d6395cdd5a4a2624cef423738f3a73e6b54b783e1c829,0.6,3,1,1
TRAIN,20c993af-698f-29c5-84b2-972451f94cfb,de1818d68c7908b7968d6395cdd5a4a2624cef423738f3a73e6b54b783e1c829,0.65,3,1,1
TRAIN,20c993af-698f-29c5-84b2-972451f94cfb,de1818d68c7908b7968d6395cdd5a4a2624cef423738f3a73e6b54b783e1c829,0.7,3,0,0
TRAIN,20c993af-698f-29c5-84b2-972451f94cfb,de1818d68c7908b7968d6395cdd5a4a2624cef423738f3a73e6b54b783e1c829,0.75,3,0,0
TRAIN,20c993af-698f-29c5-84b2-972451f94cfb,de1818d68c7908b7968d6395cdd5a4a2624cef423738f3a73e6b54b783e1c829,0.8,3,0,0
TRAIN,20c993af-698f-29c5-84b2-972451f94cfb,de1818d68c7908b7968d6395cdd5a4a2624cef423738f3a73e6b54b783e1c829,0.85,3,0,0
TRAIN,20c993af-698f-29c5-84b2-972451f94cfb,de1818d68c7908b7968d6395cdd5a4a2624cef423738f3a73e6b54b783e1c829,0.9,3,0,0
TRAIN,0cac7602-8d6f-2d13-8ca7-c26866c2e42f,78270cc71228b931760523cfb63e9de0857877c8a4dc05b4070016c82351d906,0.5,9,8,8
TRAIN,0cac7602-8d6f-2d13-8ca7-c26866c2e42f,78270cc71228b931760523cfb63e9de0857877c8a4dc05b4070016c82351d906,0.55,9,8,8
TRAIN,0cac7602-8d6f-2d13-8ca7-c26866c2e42f,78270cc71228b931760523cfb63e9de0857877c8a4dc05b4070016c82351d906,0.6,9,8,8
TRAIN,0cac7602-8d6f-2d13-8ca7-c26866c2e42f,78270cc71228b931760523cfb63e9de0857877c8a4dc05b4070016c82351d906,0.65,9,7,7
TRAIN,0cac7602-8d6f-2d13-8ca7-c26866c2e42f,78270cc71228b931760523cfb63e9de0857877c8a4dc05b4070016c82351d906,0.7,9,5,5
TRAIN,0cac7602-8d6f-2d13-8ca7-c26866c2e42f,78270cc71228b931760523cfb63e9de0857877c8a4dc05b4070016c82351d906,0.75,9,5,5
TRAIN,0cac7602-8d6f-2d13-8ca7-c26866c2e42f,78270cc71228b931760523cfb63e9de0857877c8a4dc05b4070016c82351d906,0.8,9,3,3
TRAIN,0cac7602-8d6f-2d13-8ca7-c26866c2e42f,78270cc71228b931760523cfb63e9de0857877c8a4dc05b4070016c82351d906,0.85,9,2,2
TRAIN,0cac7602-8d6f-2d13-8ca7-c26866c2e42f,78270cc71228b931760523cfb63e9de0857877c8a4dc05b4070016c82351d906,0.9,9,0,0
TRAIN,0cac7602-8d6f-2d13-8ca7-c26866c2e42f,6932a04b9050a29f2cfa059bdc6e68d0c541406df50b25b2423db9085bf740b3,0.5,9,8,8
TRAIN,0cac7602-8d6f-2d13-8ca7-c26866c2e42f,6932a04b9050a29f2cfa059bdc6e68d0c541406df50b25b2423db9085bf740b3,0.55,9,8,8
TRAIN,0cac7602-8d6f-2d13-8ca7-c26866c2e42f,6932a04b9050a29f2cfa059bdc6e68d0c541406df50b25b2423db9085bf740b3,0.6,9,6,6
TRAIN,0cac7602-8d6f-2d13-8ca7-c26866c2e42f,6932a04b9050a29f2cfa059bdc6e68d0c541406df50b25b2423db9085bf740b3,0.65,9,6,6
TRAIN,0cac7602-8d6f-2d13-8ca7-c26866c2e42f,6932a04b9050a29f2cfa059bdc6e68d0c541406df50b25b2423db9085bf740b3,0.7,9,5,5
TRAIN,0cac7602-8d6f-2d13-8ca7-c26866c2e42f,6932a04b9050a29f2cfa059bdc6e68d0c541406df50b25b2423db9085bf740b3,0.75,9,4,5
TRAIN,0cac7602-8d6f-2d13-8ca7-c26866c2e42f,6932a04b9050a29f2cfa059bdc6e68d0c541406df50b25b2423db9085bf740b3,0.8,9,3,3
TRAIN,0cac7602-8d6f-2d13-8ca7-c26866c2e42f,6932a04b9050a29f2cfa059bdc6e68d0c541406df50b25b2423db9085bf740b3,0.85,9,2,2
TRAIN,0cac7602-8d6f-2d13-8ca7-c26866c2e42f,6932a04b9050a29f2cfa059bdc6e68d0c541406df50b25b2423db9085bf740b3,0.9,9,0,0
TRAIN,b1d87fae-e72e-2c8c-9cf3-c927fdb7c685,756bf0964d91a4df2ba676d4abd4576f86f05032b81312424dccff7b77baf2bf,0.5,8,8,8
TRAIN,b1d87fae-e72e-2c8c-9cf3-c927fdb7c685,756bf0964d91a4df2ba676d4abd4576f86f05032b81312424dccff7b77baf2bf,0.55,8,8,8
TRAIN,b1d87fae-e72e-2c8c-9cf3-c927fdb7c685,756bf0964d91a4df2ba676d4abd4576f86f05032b81312424dccff7b77baf2bf,0.6,8,8,8
TRAIN,b1d87fae-e72e-2c8c-9cf3-c927fdb7c685,756bf0964d91a4df2ba676d4abd4576f86f05032b81312424dccff7b77baf2bf,0.65,8,6,6
TRAIN,b1d87fae-e72e-2c8c-9cf3-c927fdb7c685,756bf0964d91a4df2ba676d4abd4576f86f05032b81312424dccff7b77baf2bf,0.7,8,4,5
TRAIN,b1d87fae-e72e-2c8c-9cf3-c927fdb7c685,756bf0964d91a4df2ba676d4abd4576f86f05032b81312424dccff7b77baf2bf,0.75,8,4,5
TRAIN,b1d87fae-e72e-2c8c-9cf3-c927fdb7c685,756bf0964d91a4df2ba676d4abd4576f86f05032b81312424dccff7b77baf2bf,0.8,8,3,4
TRAIN,b1d87fae-e72e-2c8c-9cf3-c927fdb7c685,756bf0964d91a4df2ba676d4abd4576f86f05032b81312424dccff7b77baf2bf,0.85,8,2,3
TRAIN,b1d87fae-e72e-2c8c-9cf3-c927fdb7c685,756bf0964d91a4df2ba676d4abd4576f86f05032b81312424dccff7b77baf2bf,0.9,8,1,1
TRAIN,b1d87fae-e72e-2c8c-9cf3-c927fdb7c685,fa235dfcf059fe1cc25b6fe7e1ae6bceaffc87e02e193c864bb35d04536aaf67,0.5,6,4,4
TRAIN,b1d87fae-e72e-2c8c-9cf3-c927fdb7c685,fa235dfcf059fe1cc25b6fe7e1ae6bceaffc87e02e193c864bb35d04536aaf67,0.55,6,4,4
TRAIN,b1d87fae-e72e-2c8c-9cf3-c927fdb7c685,fa235dfcf059fe1cc25b6fe7e1ae6bceaffc87e02e193c864bb35d04536aaf67,0.6,6,3,3
TRAIN,b1d87fae-e72e-2c8c-9cf3-c927fdb7c685,fa235dfcf059fe1cc25b6fe7e1ae6bceaffc87e02e193c864bb35d04536aaf67,0.65,6,2,2
TRAIN,b1d87fae-e72e-2c8c-9cf3-c927fdb7c685,fa235dfcf059fe1cc25b6fe7e1ae6bceaffc87e02e193c864bb35d04536aaf67,0.7,6,2,2
TRAIN,b1d87fae-e72e-2c8c-9cf3-c927fdb7c685,fa235dfcf059fe1cc25b6fe7e1ae6bceaffc87e02e193c864bb35d04536aaf67,0.75,6,1,1
TRAIN,b1d87fae-e72e-2c8c-9cf3-c927fdb7c685,fa235dfcf059fe1cc25b6fe7e1ae6bceaffc87e02e193c864bb35d04536aaf67,0.8,6,1,1
TRAIN,b1d87fae-e72e-2c8c-9cf3-c927fdb7c685,fa235dfcf059fe1cc25b6fe7e1ae6bceaffc87e02e193c864bb35d04536aaf67,0.85,6,1,1
TRAIN,b1d87fae-e72e-2c8c-9cf3-c927fdb7c685,fa235dfcf059fe1cc25b6fe7e1ae6bceaffc87e02e193c864bb35d04536aaf67,0.9,6,0,0
TRAIN,b1d87fae-e72e-2c8c-9cf3-c927fdb7c685,91046bf97bb49e4e9d311d9c5fc7ee4decb5148c120d607834d2ba1ceba19716,0.5,6,4,4
TRAIN,b1d87fae-e72e-2c8c-9cf3-c927fdb7c685,91046bf97bb49e4e9d311d9c5fc7ee4decb5148c120d607834d2ba1ceba19716,0.55,6,4,4
TRAIN,b1d87fae-e72e-2c8c-9cf3-c927fdb7c685,91046bf97bb49e4e9d311d9c5fc7ee4decb5148c120d607834d2ba1ceba19716,0.6,6,3,3
TRAIN,b1d87fae-e72e-2c8c-9cf3-c927fdb7c685,91046bf97bb49e4e9d311d9c5fc7ee4decb5148c120d607834d2ba1ceba19716,0.65,6,3,3
TRAIN,b1d87fae-e72e-2c8c-9cf3-c927fdb7c685,91046bf97bb49e4e9d311d9c5fc7ee4decb5148c120d607834d2ba1ceba19716,0.7,6,3,3
TRAIN,b1d87fae-e72e-2c8c-9cf3-c927fdb7c685,91046bf97bb49e4e9d311d9c5fc7ee4decb5148c120d607834d2ba1ceba19716,0.75,6,3,3
TRAIN,b1d87fae-e72e-2c8c-9cf3-c927fdb7c685,91046bf97bb49e4e9d311d9c5fc7ee4decb5148c120d607834d2ba1ceba19716,0.8,6,2,2
TRAIN,b1d87fae-e72e-2c8c-9cf3-c927fdb7c685,91046bf97bb49e4e9d311d9c5fc7ee4decb5148c120d607834d2ba1ceba19716,0.85,6,1,1
TRAIN,b1d87fae-e72e-2c8c-9cf3-c927fdb7c685,91046bf97bb49e4e9d311d9c5fc7ee4decb5148c120d607834d2ba1ceba19716,0.9,6,1,1
TRAIN,b1d87fae-e72e-2c8c-9cf3-c927fdb7c685,421c3e781edc34ff3ad8d528f3c34327bcc425c87408d364edc9339bf029fbd6,0.5,7,6,6
TRAIN,b1d87fae-e72e-2c8c-9cf3-c927fdb7c685,421c3e781edc34ff3ad8d528f3c34327bcc425c87408d364edc9339bf029fbd6,0.55,7,5,6
TRAIN,b1d87fae-e72e-2c8c-9cf3-c927fdb7c685,421c3e781edc34ff3ad8d528f3c34327bcc425c87408d364edc9339bf029fbd6,0.6,7,5,6
TRAIN,b1d87fae-e72e-2c8c-9cf3-c927fdb7c685,421c3e781edc34ff3ad8d528f3c34327bcc425c87408d364edc9339bf029fbd6,0.65,7,5,6
TRAIN,b1d87fae-e72e-2c8c-9cf3-c927fdb7c685,421c3e781edc34ff3ad8d528f3c34327bcc425c87408d364edc9339bf029fbd6,0.7,7,3,5
TRAIN,b1d87fae-e72e-2c8c-9cf3-c927fdb7c685,421c3e781edc34ff3ad8d528f3c34327bcc425c87408d364edc9339bf029fbd6,0.75,7,3,3
TRAIN,b1d87fae-e72e-2c8c-9cf3-c927fdb7c685,421c3e781edc34ff3ad8d528f3c34327bcc425c87408d364edc9339bf029fbd6,0.8,7,3,3
TRAIN,b1d87fae-e72e-2c8c-9cf3-c927fdb7c685,421c3e781edc34ff3ad8d528f3c34327bcc425c87408d364edc9339bf029fbd6,0.85,7,2,2
TRAIN,b1d87fae-e72e-2c8c-9cf3-c927fdb7c685,421c3e781edc34ff3ad8d528f3c34327bcc425c87408d364edc9339bf029fbd6,0.9,7,0,0
TRAIN,4d3d829e-8cf4-2e04-8318-b76f02d91c93,34d9aaf076f1022a5ee6037b74ac1832d2984eb29edda5a129a0e513e67bde73,0.5,6,6,6
TRAIN,4d3d829e-8cf4-2e04-8318-b76f02d91c93,34d9aaf076f1022a5ee6037b74ac1832d2984eb29edda5a129a0e513e67bde73,0.55,6,6,6
TRAIN,4d3d829e-8cf4-2e04-8318-b76f02d91c93,34d9aaf076f1022a5ee6037b74ac1832d2984eb29edda5a129a0e513e67bde73,0.6,6,6,6
TRAIN,4d3d829e-8cf4-2e04-8318-b76f02d91c93,34d9aaf076f1022a5ee6037b74ac1832d2984eb29edda5a129a0e513e67bde73,0.65,6,6,6
TRAIN,4d3d829e-8cf4-2e04-8318-b76f02d91c93,34d9aaf076f1022a5ee6037b74ac1832d2984eb29edda5a129a0e513e67bde73,0.7,6,5,5
TRAIN,4d3d829e-8cf4-2e04-8318-b76f02d91c93,34d9aaf076f1022a5ee6037b74ac1832d2984eb29edda5a129a0e513e67bde73,0.75,6,5,5
TRAIN,4d3d829e-8cf4-2e04-8318-b76f02d91c93,34d9aaf076f1022a5ee6037b74ac1832d2984eb29edda5a129a0e513e67bde73,0.8,6,4,4
TRAIN,4d3d829e-8cf4-2e04-8318-b76f02d91c93,34d9aaf076f1022a5ee6037b74ac1832d2984eb29edda5a129a0e513e67bde73,0.85,6,2,2
TRAIN,4d3d829e-8cf4-2e04-8318-b76f02d91c93,34d9aaf076f1022a5ee6037b74ac1832d2984eb29edda5a129a0e513e67bde73,0.9,6,1,1
TRAIN,4d3d829e-8cf4-2e04-8318-b76f02d91c93,4b0b4b5be22406c24260932d7d51ff3b8729346a9fe1c9de18568ecfcae3401d,0.5,6,6,6
TRAIN,4d3d829e-8cf4-2e04-8318-b76f02d91c93,4b0b4b5be22406c24260932d7d51ff3b8729346a9fe1c9de18568ecfcae3401d,0.55,6,6,6
TRAIN,4d3d829e-8cf4-2e04-8318-b76f02d91c93,4b0b4b5be22406c24260932d7d51ff3b8729346a9fe1c9de18568ecfcae3401d,0.6,6,6,6
TRAIN,4d3d829e-8cf4-2e04-8318-b76f02d91c93,4b0b4b5be22406c24260932d7d51ff3b8729346a9fe1c9de18568ecfcae3401d,0.65,6,6,6
TRAIN,4d3d829e-8cf4-2e04-8318-b76f02d91c93,4b0b4b5be22406c24260932d7d51ff3b8729346a9fe1c9de18568ecfcae3401d,0.7,6,5,5
TRAIN,4d3d829e-8cf4-2e04-8318-b76f02d91c93,4b0b4b5be22406c24260932d7d51ff3b8729346a9fe1c9de18568ecfcae3401d,0.75,6,5,5
TRAIN,4d3d829e-8cf4-2e04-8318-b76f02d91c93,4b0b4b5be22406c24260932d7d51ff3b8729346a9fe1c9de18568ecfcae3401d,0.8,6,5,5
TRAIN,4d3d829e-8cf4-2e04-8318-b76f02d91c93,4b0b4b5be22406c24260932d7d51ff3b8729346a9fe1c9de18568ecfcae3401d,0.85,6,2,3
TRAIN,4d3d829e-8cf4-2e04-8318-b76f02d91c93,4b0b4b5be22406c24260932d7d51ff3b8729346a9fe1c9de18568ecfcae3401d,0.9,6,1,2
TRAIN,0cac762b-8d6f-2d13-8de2-832a3c07864b,d1f4ee407c3557112d1a4df078d10b872c7d4f5f6792fc58686db17379818747,0.5,13,5,5
TRAIN,0cac762b-8d6f-2d13-8de2-832a3c07864b,d1f4ee407c3557112d1a4df078d10b872c7d4f5f6792fc58686db17379818747,0.55,13,4,4
TRAIN,0cac762b-8d6f-2d13-8de2-832a3c07864b,d1f4ee407c3557112d1a4df078d10b872c7d4f5f6792fc58686db17379818747,0.6,13,2,2
TRAIN,0cac762b-8d6f-2d13-8de2-832a3c07864b,d1f4ee407c3557112d1a4df078d10b872c7d4f5f6792fc58686db17379818747,0.65,13,2,2
TRAIN,0cac762b-8d6f-2d13-8de2-832a3c07864b,d1f4ee407c3557112d1a4df078d10b872c7d4f5f6792fc58686db17379818747,0.7,13,2,2
TRAIN,0cac762b-8d6f-2d13-8de2-832a3c07864b,d1f4ee407c3557112d1a4df078d10b872c7d4f5f6792fc58686db17379818747,0.75,13,1,1
TRAIN,0cac762b-8d6f-2d13-8de2-832a3c07864b,d1f4ee407c3557112d1a4df078d10b872c7d4f5f6792fc58686db17379818747,0.8,13,0,0
TRAIN,0cac762b-8d6f-2d13-8de2-832a3c07864b,d1f4ee407c3557112d1a4df078d10b872c7d4f5f6792fc58686db17379818747,0.85,13,0,0
TRAIN,0cac762b-8d6f-2d13-8de2-832a3c07864b,d1f4ee407c3557112d1a4df078d10b872c7d4f5f6792fc58686db17379818747,0.9,13,0,0
TRAIN,0cac762b-8d6f-2d13-8de2-832a3c07864b,c1b7b712614602faa1dda73417fd1d593e92a5b641c510e0ba6c9ec813f1543b,0.5,24,13,15
TRAIN,0cac762b-8d6f-2d13-8de2-832a3c07864b,c1b7b712614602faa1dda73417fd1d593e92a5b641c510e0ba6c9ec813f1543b,0.55,24,12,13
TRAIN,0cac762b-8d6f-2d13-8de2-832a3c07864b,c1b7b712614602faa1dda73417fd1d593e92a5b641c510e0ba6c9ec813f1543b,0.6,24,10,11
TRAIN,0cac762b-8d6f-2d13-8de2-832a3c07864b,c1b7b712614602faa1dda73417fd1d593e92a5b641c510e0ba6c9ec813f1543b,0.65,24,10,11
TRAIN,0cac762b-8d6f-2d13-8de2-832a3c07864b,c1b7b712614602faa1dda73417fd1d593e92a5b641c510e0ba6c9ec813f1543b,0.7,24,7,8
TRAIN,0cac762b-8d6f-2d13-8de2-832a3c07864b,c1b7b712614602faa1dda73417fd1d593e92a5b641c510e0ba6c9ec813f1543b,0.75,24,5,6
TRAIN,0cac762b-8d6f-2d13-8de2-832a3c07864b,c1b7b712614602faa1dda73417fd1d593e92a5b641c510e0ba6c9ec813f1543b,0.8,24,2,3
TRAIN,0cac762b-8d6f-2d13-8de2-832a3c07864b,c1b7b712614602faa1dda73417fd1d593e92a5b641c510e0ba6c9ec813f1543b,0.85,24,2,3
TRAIN,0cac762b-8d6f-2d13-8de2-832a3c07864b,c1b7b712614602faa1dda73417fd1d593e92a5b641c510e0ba6c9ec813f1543b,0.9,24,1,1
TRAIN,0cac762b-8d6f-2d13-8de2-832a3c07864b,38010996552d823baffc5eda61590b8a52dadd666d2eea0c56f7440211cd7db6,0.5,14,4,7
TRAIN,0cac762b-8d6f-2d13-8de2-832a3c07864b,38010996552d823baffc5eda61590b8a52dadd666d2eea0c56f7440211cd7db6,0.55,14,4,7
TRAIN,0cac762b-8d6f-2d13-8de2-832a3c07864b,38010996552d823baffc5eda61590b8a52dadd666d2eea0c56f7440211cd7db6,0.6,14,3,6
TRAIN,0cac762b-8d6f-2d13-8de2-832a3c07864b,38010996552d823baffc5eda61590b8a52dadd666d2eea0c56f7440211cd7db6,0.65,14,2,4
TRAIN,0cac762b-8d6f-2d13-8de2-832a3c07864b,38010996552d823baffc5eda61590b8a52dadd666d2eea0c56f7440211cd7db6,0.7,14,2,3
TRAIN,0cac762b-8d6f-2d13-8de2-832a3c07864b,38010996552d823baffc5eda61590b8a52dadd666d2eea0c56f7440211cd7db6,0.75,14,2,3
TRAIN,0cac762b-8d6f-2d13-8de2-832a3c07864b,38010996552d823baffc5eda61590b8a52dadd666d2eea0c56f7440211cd7db6,0.8,14,2,3
TRAIN,0cac762b-8d6f-2d13-8de2-832a3c07864b,38010996552d823baffc5eda61590b8a52dadd666d2eea0c56f7440211cd7db6,0.85,14,1,2
TRAIN,0cac762b-8d6f-2d13-8de2-832a3c07864b,38010996552d823baffc5eda61590b8a52dadd666d2eea0c56f7440211cd7db6,0.9,14,0,1
TRAIN,ab835f7d-54c6-29a1-9aae-bf97735dd235,f47f1e420aed4f01e0b92182b1445ed2f73960f6ae4ee9444d5014e1809b3ac4,0.5,10,7,8
TRAIN,ab835f7d-54c6-29a1-9aae-bf97735dd235,f47f1e420aed4f01e0b92182b1445ed2f73960f6ae4ee9444d5014e1809b3ac4,0.55,10,7,8
TRAIN,ab835f7d-54c6-29a1-9aae-bf97735dd235,f47f1e420aed4f01e0b92182b1445ed2f73960f6ae4ee9444d5014e1809b3ac4,0.6,10,7,8
TRAIN,ab835f7d-54c6-29a1-9aae-bf97735dd235,f47f1e420aed4f01e0b92182b1445ed2f73960f6ae4ee9444d5014e1809b3ac4,0.65,10,7,8
TRAIN,ab835f7d-54c6-29a1-9aae-bf97735dd235,f47f1e420aed4f01e0b92182b1445ed2f73960f6ae4ee9444d5014e1809b3ac4,0.7,10,7,7
TRAIN,ab835f7d-54c6-29a1-9aae-bf97735dd235,f47f1e420aed4f01e0b92182b1445ed2f73960f6ae4ee9444d5014e1809b3ac4,0.75,10,6,6
TRAIN,ab835f7d-54c6-29a1-9aae-bf97735dd235,f47f1e420aed4f01e0b92182b1445ed2f73960f6ae4ee9444d5014e1809b3ac4,0.8,10,6,6
TRAIN,ab835f7d-54c6-29a1-9aae-bf97735dd235,f47f1e420aed4f01e0b92182b1445ed2f73960f6ae4ee9444d5014e1809b3ac4,0.85,10,5,5
TRAIN,ab835f7d-54c6-29a1-9aae-bf97735dd235,f47f1e420aed4f01e0b92182b1445ed2f73960f6ae4ee9444d5014e1809b3ac4,0.9,10,4,4
TRAIN,ab835f7d-54c6-29a1-9aae-bf97735dd235,e45caa8e6575bd23792fd4ada14f33ce5cb3f5cdb8f0220703e97977f3cb02c0,0.5,7,6,7
TRAIN,ab835f7d-54c6-29a1-9aae-bf97735dd235,e45caa8e6575bd23792fd4ada14f33ce5cb3f5cdb8f0220703e97977f3cb02c0,0.55,7,6,7
TRAIN,ab835f7d-54c6-29a1-9aae-bf97735dd235,e45caa8e6575bd23792fd4ada14f33ce5cb3f5cdb8f0220703e97977f3cb02c0,0.6,7,5,6
TRAIN,ab835f7d-54c6-29a1-9aae-bf97735dd235,e45caa8e6575bd23792fd4ada14f33ce5cb3f5cdb8f0220703e97977f3cb02c0,0.65,7,5,6
TRAIN,ab835f7d-54c6-29a1-9aae-bf97735dd235,e45caa8e6575bd23792fd4ada14f33ce5cb3f5cdb8f0220703e97977f3cb02c0,0.7,7,4,6
TRAIN,ab835f7d-54c6-29a1-9aae-bf97735dd235,e45caa8e6575bd23792fd4ada14f33ce5cb3f5cdb8f0220703e97977f3cb02c0,0.75,7,4,5
TRAIN,ab835f7d-54c6-29a1-9aae-bf97735dd235,e45caa8e6575bd23792fd4ada14f33ce5cb3f5cdb8f0220703e97977f3cb02c0,0.8,7,3,4
TRAIN,ab835f7d-54c6-29a1-9aae-bf97735dd235,e45caa8e6575bd23792fd4ada14f33ce5cb3f5cdb8f0220703e97977f3cb02c0,0.85,7,3,4
TRAIN,ab835f7d-54c6-29a1-9aae-bf97735dd235,e45caa8e6575bd23792fd4ada14f33ce5cb3f5cdb8f0220703e97977f3cb02c0,0.9,7,2,2
TRAIN,ab835f7d-54c6-29a1-9aae-bf97735dd235,5e8d3bdb1474d2e9ef525a61d0aeaa20348eb42852a75070d0c951eacb17388a,0.5,8,6,7
TRAIN,ab835f7d-54c6-29a1-9aae-bf97735dd235,5e8d3bdb1474d2e9ef525a61d0aeaa20348eb42852a75070d0c951eacb17388a,0.55,8,5,6
TRAIN,ab835f7d-54c6-29a1-9aae-bf97735dd235,5e8d3bdb1474d2e9ef525a61d0aeaa20348eb42852a75070d0c951eacb17388a,0.6,8,4,6
TRAIN,ab835f7d-54c6-29a1-9aae-bf97735dd235,5e8d3bdb1474d2e9ef525a61d0aeaa20348eb42852a75070d0c951eacb17388a,0.65,8,4,6
TRAIN,ab835f7d-54c6-29a1-9aae-bf97735dd235,5e8d3bdb1474d2e9ef525a61d0aeaa20348eb42852a75070d0c951eacb17388a,0.7,8,4,5
TRAIN,ab835f7d-54c6-29a1-9aae-bf97735dd235,5e8d3bdb1474d2e9ef525a61d0aeaa20348eb42852a75070d0c951eacb17388a,0.75,8,4,5
TRAIN,ab835f7d-54c6-29a1-9aae-bf97735dd235,5e8d3bdb1474d2e9ef525a61d0aeaa20348eb42852a75070d0c951eacb17388a,0.8,8,4,5
TRAIN,ab835f7d-54c6-29a1-9aae-bf97735dd235,5e8d3bdb1474d2e9ef525a61d0aeaa20348eb42852a75070d0c951eacb17388a,0.85,8,4,5
TRAIN,ab835f7d-54c6-29a1-9aae-bf97735dd235,5e8d3bdb1474d2e9ef525a61d0aeaa20348eb42852a75070d0c951eacb17388a,0.9,8,3,4
TRAIN,4a9a43d6-7736-2874-84c3-86ec156a3b2d,707054052ec844d0980bd2fe069a256c02fb3386dcaefa6db6bcc29b236144d6,0.5,0,0,0
TRAIN,4a9a43d6-7736-2874-84c3-86ec156a3b2d,707054052ec844d0980bd2fe069a256c02fb3386dcaefa6db6bcc29b236144d6,0.55,0,0,0
TRAIN,4a9a43d6-7736-2874-84c3-86ec156a3b2d,707054052ec844d0980bd2fe069a256c02fb3386dcaefa6db6bcc29b236144d6,0.6,0,0,0
TRAIN,4a9a43d6-7736-2874-84c3-86ec156a3b2d,707054052ec844d0980bd2fe069a256c02fb3386dcaefa6db6bcc29b236144d6,0.65,0,0,0
TRAIN,4a9a43d6-7736-2874-84c3-86ec156a3b2d,707054052ec844d0980bd2fe069a256c02fb3386dcaefa6db6bcc29b236144d6,0.7,0,0,0
TRAIN,4a9a43d6-7736-2874-84c3-86ec156a3b2d,707054052ec844d0980bd2fe069a256c02fb3386dcaefa6db6bcc29b236144d6,0.75,0,0,0
TRAIN,4a9a43d6-7736-2874-84c3-86ec156a3b2d,707054052ec844d0980bd2fe069a256c02fb3386dcaefa6db6bcc29b236144d6,0.8,0,0,0
TRAIN,4a9a43d6-7736-2874-84c3-86ec156a3b2d,707054052ec844d0980bd2fe069a256c02fb3386dcaefa6db6bcc29b236144d6,0.85,0,0,0
TRAIN,4a9a43d6-7736-2874-84c3-86ec156a3b2d,707054052ec844d0980bd2fe069a256c02fb3386dcaefa6db6bcc29b236144d6,0.9,0,0,0
TRAIN,4a9a43d6-7736-2874-84c3-86ec156a3b2d,a5ef142ae02ce4aa7520b1f2e74e6899940d64f3b97902745c043ac419c008b5,0.5,13,12,12
TRAIN,4a9a43d6-7736-2874-84c3-86ec156a3b2d,a5ef142ae02ce4aa7520b1f2e74e6899940d64f3b97902745c043ac419c008b5,0.55,13,11,11
TRAIN,4a9a43d6-7736-2874-84c3-86ec156a3b2d,a5ef142ae02ce4aa7520b1f2e74e6899940d64f3b97902745c043ac419c008b5,0.6,13,11,11
TRAIN,4a9a43d6-7736-2874-84c3-86ec156a3b2d,a5ef142ae02ce4aa7520b1f2e74e6899940d64f3b97902745c043ac419c008b5,0.65,13,11,11
TRAIN,4a9a43d6-7736-2874-84c3-86ec156a3b2d,a5ef142ae02ce4aa7520b1f2e74e6899940d64f3b97902745c043ac419c008b5,0.7,13,11,11
TRAIN,4a9a43d6-7736-2874-84c3-86ec156a3b2d,a5ef142ae02ce4aa7520b1f2e74e6899940d64f3b97902745c043ac419c008b5,0.75,13,10,10
TRAIN,4a9a43d6-7736-2874-84c3-86ec156a3b2d,a5ef142ae02ce4aa7520b1f2e74e6899940d64f3b97902745c043ac419c008b5,0.8,13,8,8
TRAIN,4a9a43d6-7736-2874-84c3-86ec156a3b2d,a5ef142ae02ce4aa7520b1f2e74e6899940d64f3b97902745c043ac419c008b5,0.85,13,6,6
TRAIN,4a9a43d6-7736-2874-84c3-86ec156a3b2d,a5ef142ae02ce4aa7520b1f2e74e6899940d64f3b97902745c043ac419c008b5,0.9,13,3,4
TRAIN,4a9a43d6-7736-2874-84c3-86ec156a3b2d,3bd9c6e442623553bd44dccf28cfd551a97775a1b5a21c18cccb596398fab729,0.5,12,11,11
TRAIN,4a9a43d6-7736-2874-84c3-86ec156a3b2d,3bd9c6e442623553bd44dccf28cfd551a97775a1b5a21c18cccb596398fab729,0.55,12,11,11
TRAIN,4a9a43d6-7736-2874-84c3-86ec156a3b2d,3bd9c6e442623553bd44dccf28cfd551a97775a1b5a21c18cccb596398fab729,0.6,12,11,11
TRAIN,4a9a43d6-7736-2874-84c3-86ec156a3b2d,3bd9c6e442623553bd44dccf28cfd551a97775a1b5a21c18cccb596398fab729,0.65,12,10,10
TRAIN,4a9a43d6-7736-2874-84c3-86ec156a3b2d,3bd9c6e442623553bd44dccf28cfd551a97775a1b5a21c18cccb596398fab729,0.7,12,10,10
TRAIN,4a9a43d6-7736-2874-84c3-86ec156a3b2d,3bd9c6e442623553bd44dccf28cfd551a97775a1b5a21c18cccb596398fab729,0.75,12,9,10
TRAIN,4a9a43d6-7736-2874-84c3-86ec156a3b2d,3bd9c6e442623553bd44dccf28cfd551a97775a1b5a21c18cccb596398fab729,0.8,12,6,8
TRAIN,4a9a43d6-7736-2874-84c3-86ec156a3b2d,3bd9c6e442623553bd44dccf28cfd551a97775a1b5a21c18cccb596398fab729,0.85,12,4,4
TRAIN,4a9a43d6-7736-2874-84c3-86ec156a3b2d,3bd9c6e442623553bd44dccf28cfd551a97775a1b5a21c18cccb596398fab729,0.9,12,1,1
TRAIN,4a9a43d6-7736-2874-84c3-86ec156a3b2d,009a3a8084df021f4ecb00107aeca34db911b2313e7ff9e2c1a21ea13f843192,0.5,0,0,0
TRAIN,4a9a43d6-7736-2874-84c3-86ec156a3b2d,009a3a8084df021f4ecb00107aeca34db911b2313e7ff9e2c1a21ea13f843192,0.55,0,0,0
TRAIN,4a9a43d6-7736-2874-84c3-86ec156a3b2d,009a3a8084df021f4ecb00107aeca34db911b2313e7ff9e2c1a21ea13f843192,0.6,0,0,0
TRAIN,4a9a43d6-7736-2874-84c3-86ec156a3b2d,009a3a8084df021f4ecb00107aeca34db911b2313e7ff9e2c1a21ea13f843192,0.65,0,0,0
TRAIN,4a9a43d6-7736-2874-84c3-86ec156a3b2d,009a3a8084df021f4ecb00107aeca34db911b2313e7ff9e2c1a21ea13f843192,0.7,0,0,0
TRAIN,4a9a43d6-7736-2874-84c3-86ec156a3b2d,009a3a8084df021f4ecb00107aeca34db911b2313e7ff9e2c1a21ea13f843192,0.75,0,0,0
TRAIN,4a9a43d6-7736-2874-84c3-86ec156a3b2d,009a3a8084df021f4ecb00107aeca34db911b2313e7ff9e2c1a21ea13f843192,0.8,0,0,0
TRAIN,4a9a43d6-7736-2874-84c3-86ec156a3b2d,009a3a8084df021f4ecb00107aeca34db911b2313e7ff9e2c1a21ea13f843192,0.85,0,0,0
TRAIN,4a9a43d6-7736-2874-84c3-86ec156a3b2d,009a3a8084df021f4ecb00107aeca34db911b2313e7ff9e2c1a21ea13f843192,0.9,0,0,0
TRAIN,634d11d5-6833-255d-8d0a-c0da83387d01,b9956d5d1932ecbddd3818d9cbeeedd639fcfd18fabf9ba70d891fcf2b57214b,0.5,6,3,4
TRAIN,634d11d5-6833-255d-8d0a-c0da83387d01,b9956d5d1932ecbddd3818d9cbeeedd639fcfd18fabf9ba70d891fcf2b57214b,0.55,6,2,3
TRAIN,634d11d5-6833-255d-8d0a-c0da83387d01,b9956d5d1932ecbddd3818d9cbeeedd639fcfd18fabf9ba70d891fcf2b57214b,0.6,6,2,2
TRAIN,634d11d5-6833-255d-8d0a-c0da83387d01,b9956d5d1932ecbddd3818d9cbeeedd639fcfd18fabf9ba70d891fcf2b57214b,0.65,6,2,2
TRAIN,634d11d5-6833-255d-8d0a-c0da83387d01,b9956d5d1932ecbddd3818d9cbeeedd639fcfd18fabf9ba70d891fcf2b57214b,0.7,6,2,2
TRAIN,634d11d5-6833-255d-8d0a-c0da83387d01,b9956d5d1932ecbddd3818d9cbeeedd639fcfd18fabf9ba70d891fcf2b57214b,0.75,6,1,1
TRAIN,634d11d5-6833-255d-8d0a-c0da83387d01,b9956d5d1932ecbddd3818d9cbeeedd639fcfd18fabf9ba70d891fcf2b57214b,0.8,6,1,1
TRAIN,634d11d5-6833-255d-8d0a-c0da83387d01,b9956d5d1932ecbddd3818d9cbeeedd639fcfd18fabf9ba70d891fcf2b57214b,0.85,6,1,1
TRAIN,634d11d5-6833-255d-8d0a-c0da83387d01,b9956d5d1932ecbddd3818d9cbeeedd639fcfd18fabf9ba70d891fcf2b57214b,0.9,6,1,1
TRAIN,634d11d5-6833-255d-8d0a-c0da83387d01,2741ee023b8ba33b5bc90e5b592b5e32b8657b71f215f49968c5976d307259b5,0.5,6,3,4
TRAIN,634d11d5-6833-255d-8d0a-c0da83387d01,2741ee023b8ba33b5bc90e5b592b5e32b8657b71f215f49968c5976d307259b5,0.55,6,3,4
TRAIN,634d11d5-6833-255d-8d0a-c0da83387d01,2741ee023b8ba33b5bc90e5b592b5e32b8657b71f215f49968c5976d307259b5,0.6,6,2,3
TRAIN,634d11d5-6833-255d-8d0a-c0da83387d01,2741ee023b8ba33b5bc90e5b592b5e32b8657b71f215f49968c5976d307259b5,0.65,6,2,3
TRAIN,634d11d5-6833-255d-8d0a-c0da83387d01,2741ee023b8ba33b5bc90e5b592b5e32b8657b71f215f49968c5976d307259b5,0.7,6,2,3
TRAIN,634d11d5-6833-255d-8d0a-c0da83387d01,2741ee023b8ba33b5bc90e5b592b5e32b8657b71f215f49968c5976d307259b5,0.75,6,1,2
TRAIN,634d11d5-6833-255d-8d0a-c0da83387d01,2741ee023b8ba33b5bc90e5b592b5e32b8657b71f215f49968c5976d307259b5,0.8,6,1,2
TRAIN,634d11d5-6833-255d-8d0a-c0da83387d01,2741ee023b8ba33b5bc90e5b592b5e32b8657b71f215f49968c5976d307259b5,0.85,6,1,1
TRAIN,634d11d5-6833-255d-8d0a-c0da83387d01,2741ee023b8ba33b5bc90e5b592b5e32b8657b71f215f49968c5976d307259b5,0.9,6,0,0
TRAIN,2e4a3964-d452-21a0-9de5-4f7895499143,aaa5b5bc07672124cfe1a9e62c037d20f2afbb961a02ad3e278eff900eced4ad,0.5,5,4,4
TRAIN,2e4a3964-d452-21a0-9de5-4f7895499143,aaa5b5bc07672124cfe1a9e62c037d20f2afbb961a02ad3e278eff900eced4ad,0.55,5,4,4
TRAIN,2e4a3964-d452-21a0-9de5-4f7895499143,aaa5b5bc07672124cfe1a9e62c037d20f2afbb961a02ad3e278eff900eced4ad,0.6,5,4,4
TRAIN,2e4a3964-d452-21a0-9de5-4f7895499143,aaa5b5bc07672124cfe1a9e62c037d20f2afbb961a02ad3e278eff900eced4ad,0.65,5,3,3
TRAIN,2e4a3964-d452-21a0-9de5-4f7895499143,aaa5b5bc07672124cfe1a9e62c037d20f2afbb961a02ad3e278eff900eced4ad,0.7,5,2,2
TRAIN,2e4a3964-d452-21a0-9de5-4f7895499143,aaa5b5bc07672124cfe1a9e62c037d20f2afbb961a02ad3e278eff900eced4ad,0.75,5,1,1
TRAIN,2e4a3964-d452-21a0-9de5-4f7895499143,aaa5b5bc07672124cfe1a9e62c037d20f2afbb961a02ad3e278eff900eced4ad,0.8,5,1,1
TRAIN,2e4a3964-d452-21a0-9de5-4f7895499143,aaa5b5bc07672124cfe1a9e62c037d20f2afbb961a02ad3e278eff900eced4ad,0.85,5,1,1
TRAIN,2e4a3964-d452-21a0-9de5-4f7895499143,aaa5b5bc07672124cfe1a9e62c037d20f2afbb961a02ad3e278eff900eced4ad,0.9,5,0,0
TRAIN,2e4a3964-d452-21a0-9de5-4f7895499143,822ea3c139a05f39a69cf03f078f52a555a0a84abdbdbb25bc55538b2a5a3974,0.5,8,8,8
TRAIN,2e4a3964-d452-21a0-9de5-4f7895499143,822ea3c139a05f39a69cf03f078f52a555a0a84abdbdbb25bc55538b2a5a3974,0.55,8,8,8
TRAIN,2e4a3964-d452-21a0-9de5-4f7895499143,822ea3c139a05f39a69cf03f078f52a555a0a84abdbdbb25bc55538b2a5a3974,0.6,8,8,8
TRAIN,2e4a3964-d452-21a0-9de5-4f7895499143,822ea3c139a05f39a69cf03f078f52a555a0a84abdbdbb25bc55538b2a5a3974,0.65,8,8,8
TRAIN,2e4a3964-d452-21a0-9de5-4f7895499143,822ea3c139a05f39a69cf03f078f52a555a0a84abdbdbb25bc55538b2a5a3974,0.7,8,8,8
TRAIN,2e4a3964-d452-21a0-9de5-4f7895499143,822ea3c139a05f39a69cf03f078f52a555a0a84abdbdbb25bc55538b2a5a3974,0.75,8,8,8
TRAIN,2e4a3964-d452-21a0-9de5-4f7895499143,822ea3c139a05f39a69cf03f078f52a555a0a84abdbdbb25bc55538b2a5a3974,0.8,8,7,7
TRAIN,2e4a3964-d452-21a0-9de5-4f7895499143,822ea3c139a05f39a69cf03f078f52a555a0a84abdbdbb25bc55538b2a5a3974,0.85,8,5,5
TRAIN,2e4a3964-d452-21a0-9de5-4f7895499143,822ea3c139a05f39a69cf03f078f52a555a0a84abdbdbb25bc55538b2a5a3974,0.9,8,1,1
TRAIN,2e4a3964-d452-21a0-9de5-4f7895499143,4e3af112140e3c1cefd8ecffad7e3132a5d34183baf4a8a9c5df884c3a93815e,0.5,6,5,5
TRAIN,2e4a3964-d452-21a0-9de5-4f7895499143,4e3af112140e3c1cefd8ecffad7e3132a5d34183baf4a8a9c5df884c3a93815e,0.55,6,5,5
TRAIN,2e4a3964-d452-21a0-9de5-4f7895499143,4e3af112140e3c1cefd8ecffad7e3132a5d34183baf4a8a9c5df884c3a93815e,0.6,6,4,4
TRAIN,2e4a3964-d452-21a0-9de5-4f7895499143,4e3af112140e3c1cefd8ecffad7e3132a5d34183baf4a8a9c5df884c3a93815e,0.65,6,3,3
TRAIN,2e4a3964-d452-21a0-9de5-4f7895499143,4e3af112140e3c1cefd8ecffad7e3132a5d34183baf4a8a9c5df884c3a93815e,0.7,6,3,3
TRAIN,2e4a3964-d452-21a0-9de5-4f7895499143,4e3af112140e3c1cefd8ecffad7e3132a5d34183baf4a8a9c5df884c3a93815e,0.75,6,3,3
TRAIN,2e4a3964-d452-21a0-9de5-4f7895499143,4e3af112140e3c1cefd8ecffad7e3132a5d34183baf4a8a9c5df884c3a93815e,0.8,6,2,2
TRAIN,2e4a3964-d452-21a0-9de5-4f7895499143,4e3af112140e3c1cefd8ecffad7e3132a5d34183baf4a8a9c5df884c3a93815e,0.85,6,0,0
TRAIN,2e4a3964-d452-21a0-9de5-4f7895499143,4e3af112140e3c1cefd8ecffad7e3132a5d34183baf4a8a9c5df884c3a93815e,0.9,6,0,0
TRAIN,2e4a3964-d452-21a0-9de5-4f7895499143,801ca39d6b0f9bdd0f34fa087e2a3298e2acd4b1da72ccf94eff00c035e99f64,0.5,7,7,7
TRAIN,2e4a3964-d452-21a0-9de5-4f7895499143,801ca39d6b0f9bdd0f34fa087e2a3298e2acd4b1da72ccf94eff00c035e99f64,0.55,7,7,7
TRAIN,2e4a3964-d452-21a0-9de5-4f7895499143,801ca39d6b0f9bdd0f34fa087e2a3298e2acd4b1da72ccf94eff00c035e99f64,0.6,7,5,6
TRAIN,2e4a3964-d452-21a0-9de5-4f7895499143,801ca39d6b0f9bdd0f34fa087e2a3298e2acd4b1da72ccf94eff00c035e99f64,0.65,7,5,6
TRAIN,2e4a3964-d452-21a0-9de5-4f7895499143,801ca39d6b0f9bdd0f34fa087e2a3298e2acd4b1da72ccf94eff00c035e99f64,0.7,7,4,5
TRAIN,2e4a3964-d452-21a0-9de5-4f7895499143,801ca39d6b0f9bdd0f34fa087e2a3298e2acd4b1da72ccf94eff00c035e99f64,0.75,7,3,3
TRAIN,2e4a3964-d452-21a0-9de5-4f7895499143,801ca39d6b0f9bdd0f34fa087e2a3298e2acd4b1da72ccf94eff00c035e99f64,0.8,7,1,1
TRAIN,2e4a3964-d452-21a0-9de5-4f7895499143,801ca39d6b0f9bdd0f34fa087e2a3298e2acd4b1da72ccf94eff00c035e99f64,0.85,7,0,0
TRAIN,2e4a3964-d452-21a0-9de5-4f7895499143,801ca39d6b0f9bdd0f34fa087e2a3298e2acd4b1da72ccf94eff00c035e99f64,0.9,7,0,0
TRAIN,0f2f271b-b736-2f71-8f3a-e9265463abcb,b421dba6e2e69de6925ea56fe3b950193d96070c6828590512c501840a317cda,0.5,11,9,9
TRAIN,0f2f271b-b736-2f71-8f3a-e9265463abcb,b421dba6e2e69de6925ea56fe3b950193d96070c6828590512c501840a317cda,0.55,11,8,8
TRAIN,0f2f271b-b736-2f71-8f3a-e9265463abcb,b421dba6e2e69de6925ea56fe3b950193d96070c6828590512c501840a317cda,0.6,11,6,6
TRAIN,0f2f271b-b736-2f71-8f3a-e9265463abcb,b421dba6e2e69de6925ea56fe3b950193d96070c6828590512c501840a317cda,0.65,11,6,6
TRAIN,0f2f271b-b736-2f71-8f3a-e9265463abcb,b421dba6e2e69de6925ea56fe3b950193d96070c6828590512c501840a317cda,0.7,11,5,5
TRAIN,0f2f271b-b736-2f71-8f3a-e9265463abcb,b421dba6e2e69de6925ea56fe3b950193d96070c6828590512c501840a317cda,0.75,11,4,4
TRAIN,0f2f271b-b736-2f71-8f3a-e9265463abcb,b421dba6e2e69de6925ea56fe3b950193d96070c6828590512c501840a317cda,0.8,11,2,2
TRAIN,0f2f271b-b736-2f71-8f3a-e9265463abcb,b421dba6e2e69de6925ea56fe3b950193d96070c6828590512c501840a317cda,0.85,11,1,1
TRAIN,0f2f271b-b736-2f71-8f3a-e9265463abcb,b421dba6e2e69de6925ea56fe3b950193d96070c6828590512c501840a317cda,0.9,11,1,1
TRAIN,0f2f271b-b736-2f71-8f3a-e9265463abcb,6d4922e411f9bc519ba45cffa325eda31ddd45092fe1e7c414d1d8d66360f4b4,0.5,11,9,9
TRAIN,0f2f271b-b736-2f71-8f3a-e9265463abcb,6d4922e411f9bc519ba45cffa325eda31ddd45092fe1e7c414d1d8d66360f4b4,0.55,11,8,8
TRAIN,0f2f271b-b736-2f71-8f3a-e9265463abcb,6d4922e411f9bc519ba45cffa325eda31ddd45092fe1e7c414d1d8d66360f4b4,0.6,11,8,8
TRAIN,0f2f271b-b736-2f71-8f3a-e9265463abcb,6d4922e411f9bc519ba45cffa325eda31ddd45092fe1e7c414d1d8d66360f4b4,0.65,11,7,8
TRAIN,0f2f271b-b736-2f71-8f3a-e9265463abcb,6d4922e411f9bc519ba45cffa325eda31ddd45092fe1e7c414d1d8d66360f4b4,0.7,11,7,7
TRAIN,0f2f271b-b736-2f71-8f3a-e9265463abcb,6d4922e411f9bc519ba45cffa325eda31ddd45092fe1e7c414d1d8d66360f4b4,0.75,11,6,6
TRAIN,0f2f271b-b736-2f71-8f3a-e9265463abcb,6d4922e411f9bc519ba45cffa325eda31ddd45092fe1e7c414d1d8d66360f4b4,0.8,11,3,3
TRAIN,0f2f271b-b736-2f71-8f3a-e9265463abcb,6d4922e411f9bc519ba45cffa325eda31ddd45092fe1e7c414d1d8d66360f4b4,0.85,11,3,3
TRAIN,0f2f271b-b736-2f71-8f3a-e9265463abcb,6d4922e411f9bc519ba45cffa325eda31ddd45092fe1e7c414d1d8d66360f4b4,0.9,11,2,2
TRAIN,0f2f271b-b736-2f71-8f3a-e9265463abcb,3ae09cb50fbf616ffd0fed352f729068db7cf9738d79a9107152adab2be08760,0.5,11,10,11
TRAIN,0f2f271b-b736-2f71-8f3a-e9265463abcb,3ae09cb50fbf616ffd0fed352f729068db7cf9738d79a9107152adab2be08760,0.55,11,9,10
TRAIN,0f2f271b-b736-2f71-8f3a-e9265463abcb,3ae09cb50fbf616ffd0fed352f729068db7cf9738d79a9107152adab2be08760,0.6,11,8,10
TRAIN,0f2f271b-b736-2f71-8f3a-e9265463abcb,3ae09cb50fbf616ffd0fed352f729068db7cf9738d79a9107152adab2be08760,0.65,11,8,9
TRAIN,0f2f271b-b736-2f71-8f3a-e9265463abcb,3ae09cb50fbf616ffd0fed352f729068db7cf9738d79a9107152adab2be08760,0.7,11,8,9
TRAIN,0f2f271b-b736-2f71-8f3a-e9265463abcb,3ae09cb50fbf616ffd0fed352f729068db7cf9738d79a9107152adab2be08760,0.75,11,6,7
TRAIN,0f2f271b-b736-2f71-8f3a-e9265463abcb,3ae09cb50fbf616ffd0fed352f729068db7cf9738d79a9107152adab2be08760,0.8,11,3,4
TRAIN,0f2f271b-b736-2f71-8f3a-e9265463abcb,3ae09cb50fbf616ffd0fed352f729068db7cf9738d79a9107152adab2be08760,0.85,11,2,2
TRAIN,0f2f271b-b736-2f71-8f3a-e9265463abcb,3ae09cb50fbf616ffd0fed352f729068db7cf9738d79a9107152adab2be08760,0.9,11,1,1
TRAIN,0f2f271b-b736-2f71-8f3a-e9265463abcb,1fad24ba78ce937bd9f7cfc2cabfb607f787fd8298b334e9376aa5de63798927,0.5,11,10,10
TRAIN,0f2f271b-b736-2f71-8f3a-e9265463abcb,1fad24ba78ce937bd9f7cfc2cabfb607f787fd8298b334e9376aa5de63798927,0.55,11,10,10
TRAIN,0f2f271b-b736-2f71-8f3a-e9265463abcb,1fad24ba78ce937bd9f7cfc2cabfb607f787fd8298b334e9376aa5de63798927,0.6,11,8,8
TRAIN,0f2f271b-b736-2f71-8f3a-e9265463abcb,1fad24ba78ce937bd9f7cfc2cabfb607f787fd8298b334e9376aa5de63798927,0.65,11,5,5
TRAIN,0f2f271b-b736-2f71-8f3a-e9265463abcb,1fad24ba78ce937bd9f7cfc2cabfb607f787fd8298b334e9376aa5de63798927,0.7,11,4,4
TRAIN,0f2f271b-b736-2f71-8f3a-e9265463abcb,1fad24ba78ce937bd9f7cfc2cabfb607f787fd8298b334e9376aa5de63798927,0.75,11,3,3
TRAIN,0f2f271b-b736-2f71-8f3a-e9265463abcb,1fad24ba78ce937bd9f7cfc2cabfb607f787fd8298b334e9376aa5de63798927,0.8,11,2,2
TRAIN,0f2f271b-b736-2f71-8f3a-e9265463abcb,1fad24ba78ce937bd9f7cfc2cabfb607f787fd8298b334e9376aa5de63798927,0.85,11,0,0
TRAIN,0f2f271b-b736-2f71-8f3a-e9265463abcb,1fad24ba78ce937bd9f7cfc2cabfb607f787fd8298b334e9376aa5de63798927,0.9,11,0,0
TRAIN,569d8f1e-72aa-2f24-8a3e-837f59c9e1dc,0828574f84bdcb3fff16893fffcea3b97e84f6b533965acfdc794b5c29a86e1a,0.5,11,6,7
TRAIN,569d8f1e-72aa-2f24-8a3e-837f59c9e1dc,0828574f84bdcb3fff16893fffcea3b97e84f6b533965acfdc794b5c29a86e1a,0.55,11,5,6
TRAIN,569d8f1e-72aa-2f24-8a3e-837f59c9e1dc,0828574f84bdcb3fff16893fffcea3b97e84f6b533965acfdc794b5c29a86e1a,0.6,11,5,6
TRAIN,569d8f1e-72aa-2f24-8a3e-837f59c9e1dc,0828574f84bdcb3fff16893fffcea3b97e84f6b533965acfdc794b5c29a86e1a,0.65,11,4,6
TRAIN,569d8f1e-72aa-2f24-8a3e-837f59c9e1dc,0828574f84bdcb3fff16893fffcea3b97e84f6b533965acfdc794b5c29a86e1a,0.7,11,3,4
TRAIN,569d8f1e-72aa-2f24-8a3e-837f59c9e1dc,0828574f84bdcb3fff16893fffcea3b97e84f6b533965acfdc794b5c29a86e1a,0.75,11,2,3
TRAIN,569d8f1e-72aa-2f24-8a3e-837f59c9e1dc,0828574f84bdcb3fff16893fffcea3b97e84f6b533965acfdc794b5c29a86e1a,0.8,11,2,3
TRAIN,569d8f1e-72aa-2f24-8a3e-837f59c9e1dc,0828574f84bdcb3fff16893fffcea3b97e84f6b533965acfdc794b5c29a86e1a,0.85,11,1,1
TRAIN,569d8f1e-72aa-2f24-8a3e-837f59c9e1dc,0828574f84bdcb3fff16893fffcea3b97e84f6b533965acfdc794b5c29a86e1a,0.9,11,1,1
TRAIN,569d8f1e-72aa-2f24-8a3e-837f59c9e1dc,5c92e164bb055d757905fa1ba485b0ebee07a25e7aa75b665e1c8668e7214702,0.5,11,3,5
TRAIN,569d8f1e-72aa-2f24-8a3e-837f59c9e1dc,5c92e164bb055d757905fa1ba485b0ebee07a25e7aa75b665e1c8668e7214702,0.55,11,2,4
TRAIN,569d8f1e-72aa-2f24-8a3e-837f59c9e1dc,5c92e164bb055d757905fa1ba485b0ebee07a25e7aa75b665e1c8668e7214702,0.6,11,2,4
TRAIN,569d8f1e-72aa-2f24-8a3e-837f59c9e1dc,5c92e164bb055d757905fa1ba485b0ebee07a25e7aa75b665e1c8668e7214702,0.65,11,2,4
TRAIN,569d8f1e-72aa-2f24-8a3e-837f59c9e1dc,5c92e164bb055d757905fa1ba485b0ebee07a25e7aa75b665e1c8668e7214702,0.7,11,1,2
TRAIN,569d8f1e-72aa-2f24-8a3e-837f59c9e1dc,5c92e164bb055d757905fa1ba485b0ebee07a25e7aa75b665e1c8668e7214702,0.75,11,1,1
TRAIN,569d8f1e-72aa-2f24-8a3e-837f59c9e1dc,5c92e164bb055d757905fa1ba485b0ebee07a25e7aa75b665e1c8668e7214702,0.8,11,1,1
TRAIN,569d8f1e-72aa-2f24-8a3e-837f59c9e1dc,5c92e164bb055d757905fa1ba485b0ebee07a25e7aa75b665e1c8668e7214702,0.85,11,0,0
TRAIN,569d8f1e-72aa-2f24-8a3e-837f59c9e1dc,5c92e164bb055d757905fa1ba485b0ebee07a25e7aa75b665e1c8668e7214702,0.9,11,0,0
TRAIN,569d8f1e-72aa-2f24-8a3e-837f59c9e1dc,ba287c1a5431110e756d7615d88eec0a3bacfe7e88af5490ef2a4700fc3e0981,0.5,14,9,10
TRAIN,569d8f1e-72aa-2f24-8a3e-837f59c9e1dc,ba287c1a5431110e756d7615d88eec0a3bacfe7e88af5490ef2a4700fc3e0981,0.55,14,9,9
TRAIN,569d8f1e-72aa-2f24-8a3e-837f59c9e1dc,ba287c1a5431110e756d7615d88eec0a3bacfe7e88af5490ef2a4700fc3e0981,0.6,14,9,9
TRAIN,569d8f1e-72aa-2f24-8a3e-837f59c9e1dc,ba287c1a5431110e756d7615d88eec0a3bacfe7e88af5490ef2a4700fc3e0981,0.65,14,6,7
TRAIN,569d8f1e-72aa-2f24-8a3e-837f59c9e1dc,ba287c1a5431110e756d7615d88eec0a3bacfe7e88af5490ef2a4700fc3e0981,0.7,14,5,7
TRAIN,569d8f1e-72aa-2f24-8a3e-837f59c9e1dc,ba287c1a5431110e756d7615d88eec0a3bacfe7e88af5490ef2a4700fc3e0981,0.75,14,4,6
TRAIN,569d8f1e-72aa-2f24-8a3e-837f59c9e1dc,ba287c1a5431110e756d7615d88eec0a3bacfe7e88af5490ef2a4700fc3e0981,0.8,14,3,4
TRAIN,569d8f1e-72aa-2f24-8a3e-837f59c9e1dc,ba287c1a5431110e756d7615d88eec0a3bacfe7e88af5490ef2a4700fc3e0981,0.85,14,1,2
TRAIN,569d8f1e-72aa-2f24-8a3e-837f59c9e1dc,ba287c1a5431110e756d7615d88eec0a3bacfe7e88af5490ef2a4700fc3e0981,0.9,14,0,2
TRAIN,0958220d-e2c2-2de1-9710-c37018da1883,72025e69f143a083f7ba1aa951fdcb532c20659b09ad66bc8aa22e6976537aa8,0.5,4,4,4
TRAIN,0958220d-e2c2-2de1-9710-c37018da1883,72025e69f143a083f7ba1aa951fdcb532c20659b09ad66bc8aa22e6976537aa8,0.55,4,4,4
TRAIN,0958220d-e2c2-2de1-9710-c37018da1883,72025e69f143a083f7ba1aa951fdcb532c20659b09ad66bc8aa22e6976537aa8,0.6,4,4,4
TRAIN,0958220d-e2c2-2de1-9710-c37018da1883,72025e69f143a083f7ba1aa951fdcb532c20659b09ad66bc8aa22e6976537aa8,0.65,4,4,4
TRAIN,0958220d-e2c2-2de1-9710-c37018da1883,72025e69f143a083f7ba1aa951fdcb532c20659b09ad66bc8aa22e6976537aa8,0.7,4,3,3
TRAIN,0958220d-e2c2-2de1-9710-c37018da1883,72025e69f143a083f7ba1aa951fdcb532c20659b09ad66bc8aa22e6976537aa8,0.75,4,2,2
TRAIN,0958220d-e2c2-2de1-9710-c37018da1883,72025e69f143a083f7ba1aa951fdcb532c20659b09ad66bc8aa22e6976537aa8,0.8,4,2,2
TRAIN,0958220d-e2c2-2de1-9710-c37018da1883,72025e69f143a083f7ba1aa951fdcb532c20659b09ad66bc8aa22e6976537aa8,0.85,4,1,1
TRAIN,0958220d-e2c2-2de1-9710-c37018da1883,72025e69f143a083f7ba1aa951fdcb532c20659b09ad66bc8aa22e6976537aa8,0.9,4,1,1
TRAIN,0958220d-e2c2-2de1-9710-c37018da1883,7dd65d61749a209f843fc19ce9122505ae558eb2f83658c2319ad84f0ab9260f,0.5,5,4,4
TRAIN,0958220d-e2c2-2de1-9710-c37018da1883,7dd65d61749a209f843fc19ce9122505ae558eb2f83658c2319ad84f0ab9260f,0.55,5,4,4
TRAIN,0958220d-e2c2-2de1-9710-c37018da1883,7dd65d61749a209f843fc19ce9122505ae558eb2f83658c2319ad84f0ab9260f,0.6,5,4,4
TRAIN,0958220d-e2c2-2de1-9710-c37018da1883,7dd65d61749a209f843fc19ce9122505ae558eb2f83658c2319ad84f0ab9260f,0.65,5,4,4
TRAIN,0958220d-e2c2-2de1-9710-c37018da1883,7dd65d61749a209f843fc19ce9122505ae558eb2f83658c2319ad84f0ab9260f,0.7,5,4,4
TRAIN,0958220d-e2c2-2de1-9710-c37018da1883,7dd65d61749a209f843fc19ce9122505ae558eb2f83658c2319ad84f0ab9260f,0.75,5,2,2
TRAIN,0958220d-e2c2-2de1-9710-c37018da1883,7dd65d61749a209f843fc19ce9122505ae558eb2f83658c2319ad84f0ab9260f,0.8,5,2,2
TRAIN,0958220d-e2c2-2de1-9710-c37018da1883,7dd65d61749a209f843fc19ce9122505ae558eb2f83658c2319ad84f0ab9260f,0.85,5,2,2
TRAIN,0958220d-e2c2-2de1-9710-c37018da1883,7dd65d61749a209f843fc19ce9122505ae558eb2f83658c2319ad84f0ab9260f,0.9,5,2,2
TRAIN,0958220d-e2c2-2de1-9710-c37018da1883,f18af76648f31836fd3c6fa1cacc56a337a5ff818cfd6682a06e066fdc8ff9d8,0.5,6,6,6
TRAIN,0958220d-e2c2-2de1-9710-c37018da1883,f18af76648f31836fd3c6fa1cacc56a337a5ff818cfd6682a06e066fdc8ff9d8,0.55,6,6,6
TRAIN,0958220d-e2c2-2de1-9710-c37018da1883,f18af76648f31836fd3c6fa1cacc56a337a5ff818cfd6682a06e066fdc8ff9d8,0.6,6,6,6
TRAIN,0958220d-e2c2-2de1-9710-c37018da1883,f18af76648f31836fd3c6fa1cacc56a337a5ff818cfd6682a06e066fdc8ff9d8,0.65,6,6,6
TRAIN,0958220d-e2c2-2de1-9710-c37018da1883,f18af76648f31836fd3c6fa1cacc56a337a5ff818cfd6682a06e066fdc8ff9d8,0.7,6,6,6
TRAIN,0958220d-e2c2-2de1-9710-c37018da1883,f18af76648f31836fd3c6fa1cacc56a337a5ff818cfd6682a06e066fdc8ff9d8,0.75,6,6,6
TRAIN,0958220d-e2c2-2de1-9710-c37018da1883,f18af76648f31836fd3c6fa1cacc56a337a5ff818cfd6682a06e066fdc8ff9d8,0.8,6,4,4
TRAIN,0958220d-e2c2-2de1-9710-c37018da1883,f18af76648f31836fd3c6fa1cacc56a337a5ff818cfd6682a06e066fdc8ff9d8,0.85,6,3,3
TRAIN,0958220d-e2c2-2de1-9710-c37018da1883,f18af76648f31836fd3c6fa1cacc56a337a5ff818cfd6682a06e066fdc8ff9d8,0.9,6,3,3
TRAIN,0958220d-e2c2-2de1-9710-c37018da1883,05b0ddcb1e806a6d8fd88c4c0300a5e190284119f0ad7f7c7be8fda7633ec271,0.5,4,4,4
TRAIN,0958220d-e2c2-2de1-9710-c37018da1883,05b0ddcb1e806a6d8fd88c4c0300a5e190284119f0ad7f7c7be8fda7633ec271,0.55,4,4,4
TRAIN,0958220d-e2c2-2de1-9710-c37018da1883,05b0ddcb1e806a6d8fd88c4c0300a5e190284119f0ad7f7c7be8fda7633ec271,0.6,4,4,4
TRAIN,0958220d-e2c2-2de1-9710-c37018da1883,05b0ddcb1e806a6d8fd88c4c0300a5e190284119f0ad7f7c7be8fda7633ec271,0.65,4,3,3
TRAIN,0958220d-e2c2-2de1-9710-c37018da1883,05b0ddcb1e806a6d8fd88c4c0300a5e190284119f0ad7f7c7be8fda7633ec271,0.7,4,3,3
TRAIN,0958220d-e2c2-2de1-9710-c37018da1883,05b0ddcb1e806a6d8fd88c4c0300a5e190284119f0ad7f7c7be8fda7633ec271,0.75,4,2,2
TRAIN,0958220d-e2c2-2de1-9710-c37018da1883,05b0ddcb1e806a6d8fd88c4c0300a5e190284119f0ad7f7c7be8fda7633ec271,0.8,4,2,2
TRAIN,0958220d-e2c2-2de1-9710-c37018da1883,05b0ddcb1e806a6d8fd88c4c0300a5e190284119f0ad7f7c7be8fda7633ec271,0.85,4,1,2
TRAIN,0958220d-e2c2-2de1-9710-c37018da1883,05b0ddcb1e806a6d8fd88c4c0300a5e190284119f0ad7f7c7be8fda7633ec271,0.9,4,0,2
TRAIN,6bde605b-9162-246f-8f73-3a0e3627db01,67d48aa9cc425a29d6233b6f8096a96a669b3bf9cd2b520c9823a6f248a61a4c,0.5,5,4,4
TRAIN,6bde605b-9162-246f-8f73-3a0e3627db01,67d48aa9cc425a29d6233b6f8096a96a669b3bf9cd2b520c9823a6f248a61a4c,0.55,5,3,4
TRAIN,6bde605b-9162-246f-8f73-3a0e3627db01,67d48aa9cc425a29d6233b6f8096a96a669b3bf9cd2b520c9823a6f248a61a4c,0.6,5,3,4
TRAIN,6bde605b-9162-246f-8f73-3a0e3627db01,67d48aa9cc425a29d6233b6f8096a96a669b3bf9cd2b520c9823a6f248a61a4c,0.65,5,3,3
TRAIN,6bde605b-9162-246f-8f73-3a0e3627db01,67d48aa9cc425a29d6233b6f8096a96a669b3bf9cd2b520c9823a6f248a61a4c,0.7,5,3,3
TRAIN,6bde605b-9162-246f-8f73-3a0e3627db01,67d48aa9cc425a29d6233b6f8096a96a669b3bf9cd2b520c9823a6f248a61a4c,0.75,5,3,3
TRAIN,6bde605b-9162-246f-8f73-3a0e3627db01,67d48aa9cc425a29d6233b6f8096a96a669b3bf9cd2b520c9823a6f248a61a4c,0.8,5,2,2
TRAIN,6bde605b-9162-246f-8f73-3a0e3627db01,67d48aa9cc425a29d6233b6f8096a96a669b3bf9cd2b520c9823a6f248a61a4c,0.85,5,2,2
TRAIN,6bde605b-9162-246f-8f73-3a0e3627db01,67d48aa9cc425a29d6233b6f8096a96a669b3bf9cd2b520c9823a6f248a61a4c,0.9,5,2,2
TRAIN,6bde605b-9162-246f-8f73-3a0e3627db01,b28dc4ca3459ec4f18253b88260b3e1aa0f0c36c14643a983aaa3bc36d731898,0.5,5,4,4
TRAIN,6bde605b-9162-246f-8f73-3a0e3627db01,b28dc4ca3459ec4f18253b88260b3e1aa0f0c36c14643a983aaa3bc36d731898,0.55,5,4,4
TRAIN,6bde605b-9162-246f-8f73-3a0e3627db01,b28dc4ca3459ec4f18253b88260b3e1aa0f0c36c14643a983aaa3bc36d731898,0.6,5,4,4
TRAIN,6bde605b-9162-246f-8f73-3a0e3627db01,b28dc4ca3459ec4f18253b88260b3e1aa0f0c36c14643a983aaa3bc36d731898,0.65,5,4,4
TRAIN,6bde605b-9162-246f-8f73-3a0e3627db01,b28dc4ca3459ec4f18253b88260b3e1aa0f0c36c14643a983aaa3bc36d731898,0.7,5,4,4
TRAIN,6bde605b-9162-246f-8f73-3a0e3627db01,b28dc4ca3459ec4f18253b88260b3e1aa0f0c36c14643a983aaa3bc36d731898,0.75,5,4,4
TRAIN,6bde605b-9162-246f-8f73-3a0e3627db01,b28dc4ca3459ec4f18253b88260b3e1aa0f0c36c14643a983aaa3bc36d731898,0.8,5,4,4
TRAIN,6bde605b-9162-246f-8f73-3a0e3627db01,b28dc4ca3459ec4f18253b88260b3e1aa0f0c36c14643a983aaa3bc36d731898,0.85,5,1,2
TRAIN,6bde605b-9162-246f-8f73-3a0e3627db01,b28dc4ca3459ec4f18253b88260b3e1aa0f0c36c14643a983aaa3bc36d731898,0.9,5,1,1
TRAIN,6bde605b-9162-246f-8f73-3a0e3627db01,069420c735e510ac8a5428877dbb651ed28d3555e78f8004534ee89ca589aac9,0.5,5,5,5
TRAIN,6bde605b-9162-246f-8f73-3a0e3627db01,069420c735e510ac8a5428877dbb651ed28d3555e78f8004534ee89ca589aac9,0.55,5,5,5
TRAIN,6bde605b-9162-246f-8f73-3a0e3627db01,069420c735e510ac8a5428877dbb651ed28d3555e78f8004534ee89ca589aac9,0.6,5,5,5
TRAIN,6bde605b-9162-246f-8f73-3a0e3627db01,069420c735e510ac8a5428877dbb651ed28d3555e78f8004534ee89ca589aac9,0.65,5,4,4
TRAIN,6bde605b-9162-246f-8f73-3a0e3627db01,069420c735e510ac8a5428877dbb651ed28d3555e78f8004534ee89ca589aac9,0.7,5,4,4
TRAIN,6bde605b-9162-246f-8f73-3a0e3627db01,069420c735e510ac8a5428877dbb651ed28d3555e78f8004534ee89ca589aac9,0.75,5,4,4
TRAIN,6bde605b-9162-246f-8f73-3a0e3627db01,069420c735e510ac8a5428877dbb651ed28d3555e78f8004534ee89ca589aac9,0.8,5,3,3
TRAIN,6bde605b-9162-246f-8f73-3a0e3627db01,069420c735e510ac8a5428877dbb651ed28d3555e78f8004534ee89ca589aac9,0.85,5,2,2
TRAIN,6bde605b-9162-246f-8f73-3a0e3627db01,069420c735e510ac8a5428877dbb651ed28d3555e78f8004534ee89ca589aac9,0.9,5,1,1
TRAIN,6bde605b-9162-246f-8f73-3a0e3627db01,d27993f57197c82c6365c5121648c7a9a73418b56ff9dd5da6379ab10ccf97ee,0.5,5,4,4
TRAIN,6bde605b-9162-246f-8f73-3a0e3627db01,d27993f57197c82c6365c5121648c7a9a73418b56ff9dd5da6379ab10ccf97ee,0.55,5,4,4
TRAIN,6bde605b-9162-246f-8f73-3a0e3627db01,d27993f57197c82c6365c5121648c7a9a73418b56ff9dd5da6379ab10ccf97ee,0.6,5,4,4
TRAIN,6bde605b-9162-246f-8f73-3a0e3627db01,d27993f57197c82c6365c5121648c7a9a73418b56ff9dd5da6379ab10ccf97ee,0.65,5,4,4
TRAIN,6bde605b-9162-246f-8f73-3a0e3627db01,d27993f57197c82c6365c5121648c7a9a73418b56ff9dd5da6379ab10ccf97ee,0.7,5,4,4
TRAIN,6bde605b-9162-246f-8f73-3a0e3627db01,d27993f57197c82c6365c5121648c7a9a73418b56ff9dd5da6379ab10ccf97ee,0.75,5,2,2
TRAIN,6bde605b-9162-246f-8f73-3a0e3627db01,d27993f57197c82c6365c5121648c7a9a73418b56ff9dd5da6379ab10ccf97ee,0.8,5,1,1
TRAIN,6bde605b-9162-246f-8f73-3a0e3627db01,d27993f57197c82c6365c5121648c7a9a73418b56ff9dd5da6379ab10ccf97ee,0.85,5,1,1
TRAIN,6bde605b-9162-246f-8f73-3a0e3627db01,d27993f57197c82c6365c5121648c7a9a73418b56ff9dd5da6379ab10ccf97ee,0.9,5,0,0
TRAIN,1d234006-e280-2b1a-8e34-b2f670259e8d,e34cb2b83613c33a3d14499c34f0b1d07a719f1f6bfbb37b6bb22d32a1c61a08,0.5,3,3,3
TRAIN,1d234006-e280-2b1a-8e34-b2f670259e8d,e34cb2b83613c33a3d14499c34f0b1d07a719f1f6bfbb37b6bb22d32a1c61a08,0.55,3,3,3
TRAIN,1d234006-e280-2b1a-8e34-b2f670259e8d,e34cb2b83613c33a3d14499c34f0b1d07a719f1f6bfbb37b6bb22d32a1c61a08,0.6,3,3,3
TRAIN,1d234006-e280-2b1a-8e34-b2f670259e8d,e34cb2b83613c33a3d14499c34f0b1d07a719f1f6bfbb37b6bb22d32a1c61a08,0.65,3,3,3
TRAIN,1d234006-e280-2b1a-8e34-b2f670259e8d,e34cb2b83613c33a3d14499c34f0b1d07a719f1f6bfbb37b6bb22d32a1c61a08,0.7,3,3,3
TRAIN,1d234006-e280-2b1a-8e34-b2f670259e8d,e34cb2b83613c33a3d14499c34f0b1d07a719f1f6bfbb37b6bb22d32a1c61a08,0.75,3,3,3
TRAIN,1d234006-e280-2b1a-8e34-b2f670259e8d,e34cb2b83613c33a3d14499c34f0b1d07a719f1f6bfbb37b6bb22d32a1c61a08,0.8,3,3,3
TRAIN,1d234006-e280-2b1a-8e34-b2f670259e8d,e34cb2b83613c33a3d14499c34f0b1d07a719f1f6bfbb37b6bb22d32a1c61a08,0.85,3,3,3
TRAIN,1d234006-e280-2b1a-8e34-b2f670259e8d,e34cb2b83613c33a3d14499c34f0b1d07a719f1f6bfbb37b6bb22d32a1c61a08,0.9,3,2,2
TRAIN,1d234006-e280-2b1a-8e34-b2f670259e8d,c77401d7fc7dc2721939a7fc9d0d0ca25bb02d7c1f64f8651c8cce81abb1f39c,0.5,3,3,3
TRAIN,1d234006-e280-2b1a-8e34-b2f670259e8d,c77401d7fc7dc2721939a7fc9d0d0ca25bb02d7c1f64f8651c8cce81abb1f39c,0.55,3,3,3
TRAIN,1d234006-e280-2b1a-8e34-b2f670259e8d,c77401d7fc7dc2721939a7fc9d0d0ca25bb02d7c1f64f8651c8cce81abb1f39c,0.6,3,3,3
TRAIN,1d234006-e280-2b1a-8e34-b2f670259e8d,c77401d7fc7dc2721939a7fc9d0d0ca25bb02d7c1f64f8651c8cce81abb1f39c,0.65,3,3,3
TRAIN,1d234006-e280-2b1a-8e34-b2f670259e8d,c77401d7fc7dc2721939a7fc9d0d0ca25bb02d7c1f64f8651c8cce81abb1f39c,0.7,3,3,3
TRAIN,1d234006-e280-2b1a-8e34-b2f670259e8d,c77401d7fc7dc2721939a7fc9d0d0ca25bb02d7c1f64f8651c8cce81abb1f39c,0.75,3,2,2
TRAIN,1d234006-e280-2b1a-8e34-b2f670259e8d,c77401d7fc7dc2721939a7fc9d0d0ca25bb02d7c1f64f8651c8cce81abb1f39c,0.8,3,2,2
TRAIN,1d234006-e280-2b1a-8e34-b2f670259e8d,c77401d7fc7dc2721939a7fc9d0d0ca25bb02d7c1f64f8651c8cce81abb1f39c,0.85,3,2,2
TRAIN,1d234006-e280-2b1a-8e34-b2f670259e8d,c77401d7fc7dc2721939a7fc9d0d0ca25bb02d7c1f64f8651c8cce81abb1f39c,0.9,3,1,1
TRAIN,1d234006-e280-2b1a-8e34-b2f670259e8d,5bd9ad40e616f953061b4e6f60ca9fe86a1ff77b841beafe6892239ca082caa7,0.5,3,3,3
TRAIN,1d234006-e280-2b1a-8e34-b2f670259e8d,5bd9ad40e616f953061b4e6f60ca9fe86a1ff77b841beafe6892239ca082caa7,0.55,3,3,3
TRAIN,1d234006-e280-2b1a-8e34-b2f670259e8d,5bd9ad40e616f953061b4e6f60ca9fe86a1ff77b841beafe6892239ca082caa7,0.6,3,3,3
TRAIN,1d234006-e280-2b1a-8e34-b2f670259e8d,5bd9ad40e616f953061b4e6f60ca9fe86a1ff77b841beafe6892239ca082caa7,0.65,3,3,3
TRAIN,1d234006-e280-2b1a-8e34-b2f670259e8d,5bd9ad40e616f953061b4e6f60ca9fe86a1ff77b841beafe6892239ca082caa7,0.7,3,3,3
TRAIN,1d234006-e280-2b1a-8e34-b2f670259e8d,5bd9ad40e616f953061b4e6f60ca9fe86a1ff77b841beafe6892239ca082caa7,0.75,3,3,3
TRAIN,1d234006-e280-2b1a-8e34-b2f670259e8d,5bd9ad40e616f953061b4e6f60ca9fe86a1ff77b841beafe6892239ca082caa7,0.8,3,2,2
TRAIN,1d234006-e280-2b1a-8e34-b2f670259e8d,5bd9ad40e616f953061b4e6f60ca9fe86a1ff77b841beafe6892239ca082caa7,0.85,3,1,1
TRAIN,1d234006-e280-2b1a-8e34-b2f670259e8d,5bd9ad40e616f953061b4e6f60ca9fe86a1ff77b841beafe6892239ca082caa7,0.9,3,1,1
TRAIN,1d233ffe-e280-2b1a-8f1e-7ddb66c98d36,961f98ef282aa7dc6e26b40923ecdcbff2dd8408256e45a6794da59957862f9a,0.5,25,9,11
TRAIN,1d233ffe-e280-2b1a-8f1e-7ddb66c98d36,961f98ef282aa7dc6e26b40923ecdcbff2dd8408256e45a6794da59957862f9a,0.55,25,9,11
TRAIN,1d233ffe-e280-2b1a-8f1e-7ddb66c98d36,961f98ef282aa7dc6e26b40923ecdcbff2dd8408256e45a6794da59957862f9a,0.6,25,8,10
TRAIN,1d233ffe-e280-2b1a-8f1e-7ddb66c98d36,961f98ef282aa7dc6e26b40923ecdcbff2dd8408256e45a6794da59957862f9a,0.65,25,8,9
TRAIN,1d233ffe-e280-2b1a-8f1e-7ddb66c98d36,961f98ef282aa7dc6e26b40923ecdcbff2dd8408256e45a6794da59957862f9a,0.7,25,7,7
TRAIN,1d233ffe-e280-2b1a-8f1e-7ddb66c98d36,961f98ef282aa7dc6e26b40923ecdcbff2dd8408256e45a6794da59957862f9a,0.75,25,5,5
TRAIN,1d233ffe-e280-2b1a-8f1e-7ddb66c98d36,961f98ef282aa7dc6e26b40923ecdcbff2dd8408256e45a6794da59957862f9a,0.8,25,2,3
TRAIN,1d233ffe-e280-2b1a-8f1e-7ddb66c98d36,961f98ef282aa7dc6e26b40923ecdcbff2dd8408256e45a6794da59957862f9a,0.85,25,1,2
TRAIN,1d233ffe-e280-2b1a-8f1e-7ddb66c98d36,961f98ef282aa7dc6e26b40923ecdcbff2dd8408256e45a6794da59957862f9a,0.9,25,1,1
TRAIN,1d233ffe-e280-2b1a-8f1e-7ddb66c98d36,a8c328f8c89744dfb2cf2a1c3d869c9afe7778b0915428c276b63fd8acabf951,0.5,23,16,16
TRAIN,1d233ffe-e280-2b1a-8f1e-7ddb66c98d36,a8c328f8c89744dfb2cf2a1c3d869c9afe7778b0915428c276b63fd8acabf951,0.55,23,14,16
TRAIN,1d233ffe-e280-2b1a-8f1e-7ddb66c98d36,a8c328f8c89744dfb2cf2a1c3d869c9afe7778b0915428c276b63fd8acabf951,0.6,23,13,13
TRAIN,1d233ffe-e280-2b1a-8f1e-7ddb66c98d36,a8c328f8c89744dfb2cf2a1c3d869c9afe7778b0915428c276b63fd8acabf951,0.65,23,12,12
TRAIN,1d233ffe-e280-2b1a-8f1e-7ddb66c98d36,a8c328f8c89744dfb2cf2a1c3d869c9afe7778b0915428c276b63fd8acabf951,0.7,23,12,12
TRAIN,1d233ffe-e280-2b1a-8f1e-7ddb66c98d36,a8c328f8c89744dfb2cf2a1c3d869c9afe7778b0915428c276b63fd8acabf951,0.75,23,7,8
TRAIN,1d233ffe-e280-2b1a-8f1e-7ddb66c98d36,a8c328f8c89744dfb2cf2a1c3d869c9afe7778b0915428c276b63fd8acabf951,0.8,23,5,5
TRAIN,1d233ffe-e280-2b1a-8f1e-7ddb66c98d36,a8c328f8c89744dfb2cf2a1c3d869c9afe7778b0915428c276b63fd8acabf951,0.85,23,1,1
TRAIN,1d233ffe-e280-2b1a-8f1e-7ddb66c98d36,a8c328f8c89744dfb2cf2a1c3d869c9afe7778b0915428c276b63fd8acabf951,0.9,23,1,1
TRAIN,1d233ffe-e280-2b1a-8f1e-7ddb66c98d36,acb2bda296c89ee2d8906e490c8c1b9374460622b4c3adfc4f2203699351e927,0.5,25,13,13
TRAIN,1d233ffe-e280-2b1a-8f1e-7ddb66c98d36,acb2bda296c89ee2d8906e490c8c1b9374460622b4c3adfc4f2203699351e927,0.55,25,10,11
TRAIN,1d233ffe-e280-2b1a-8f1e-7ddb66c98d36,acb2bda296c89ee2d8906e490c8c1b9374460622b4c3adfc4f2203699351e927,0.6,25,8,8
TRAIN,1d233ffe-e280-2b1a-8f1e-7ddb66c98d36,acb2bda296c89ee2d8906e490c8c1b9374460622b4c3adfc4f2203699351e927,0.65,25,8,8
TRAIN,1d233ffe-e280-2b1a-8f1e-7ddb66c98d36,acb2bda296c89ee2d8906e490c8c1b9374460622b4c3adfc4f2203699351e927,0.7,25,5,6
TRAIN,1d233ffe-e280-2b1a-8f1e-7ddb66c98d36,acb2bda296c89ee2d8906e490c8c1b9374460622b4c3adfc4f2203699351e927,0.75,25,4,4
TRAIN,1d233ffe-e280-2b1a-8f1e-7ddb66c98d36,acb2bda296c89ee2d8906e490c8c1b9374460622b4c3adfc4f2203699351e927,0.8,25,3,3
TRAIN,1d233ffe-e280-2b1a-8f1e-7ddb66c98d36,acb2bda296c89ee2d8906e490c8c1b9374460622b4c3adfc4f2203699351e927,0.85,25,1,1
TRAIN,1d233ffe-e280-2b1a-8f1e-7ddb66c98d36,acb2bda296c89ee2d8906e490c8c1b9374460622b4c3adfc4f2203699351e927,0.9,25,0,0
TRAIN,0cac75c4-8d6f-2d13-8c37-fcfaf141ae5a,37da20afdd2a7119ca4ad33add6f420d0aaf8eaa3e18f4de4c604b75f15b20a8,0.5,12,9,9
TRAIN,0cac75c4-8d6f-2d13-8c37-fcfaf141ae5a,37da20afdd2a7119ca4ad33add6f420d0aaf8eaa3e18f4de4c604b75f15b20a8,0.55,12,9,9
TRAIN,0cac75c4-8d6f-2d13-8c37-fcfaf141ae5a,37da20afdd2a7119ca4ad33add6f420d0aaf8eaa3e18f4de4c604b75f15b20a8,0.6,12,8,8
TRAIN,0cac75c4-8d6f-2d13-8c37-fcfaf141ae5a,37da20afdd2a7119ca4ad33add6f420d0aaf8eaa3e18f4de4c604b75f15b20a8,0.65,12,6,6
TRAIN,0cac75c4-8d6f-2d13-8c37-fcfaf141ae5a,37da20afdd2a7119ca4ad33add6f420d0aaf8eaa3e18f4de4c604b75f15b20a8,0.7,12,6,6
TRAIN,0cac75c4-8d6f-2d13-8c37-fcfaf141ae5a,37da20afdd2a7119ca4ad33add6f420d0aaf8eaa3e18f4de4c604b75f15b20a8,0.75,12,5,5
TRAIN,0cac75c4-8d6f-2d13-8c37-fcfaf141ae5a,37da20afdd2a7119ca4ad33add6f420d0aaf8eaa3e18f4de4c604b75f15b20a8,0.8,12,4,4
TRAIN,0cac75c4-8d6f-2d13-8c37-fcfaf141ae5a,37da20afdd2a7119ca4ad33add6f420d0aaf8eaa3e18f4de4c604b75f15b20a8,0.85,12,3,3
TRAIN,0cac75c4-8d6f-2d13-8c37-fcfaf141ae5a,37da20afdd2a7119ca4ad33add6f420d0aaf8eaa3e18f4de4c604b75f15b20a8,0.9,12,3,3
TRAIN,0cac75c4-8d6f-2d13-8c37-fcfaf141ae5a,ef487ac4eeb7cc79bb95aff9b6f5cd08ad0d9cb8ce1b44b184e9d3757f203ff1,0.5,12,8,8
TRAIN,0cac75c4-8d6f-2d13-8c37-fcfaf141ae5a,ef487ac4eeb7cc79bb95aff9b6f5cd08ad0d9cb8ce1b44b184e9d3757f203ff1,0.55,12,6,6
TRAIN,0cac75c4-8d6f-2d13-8c37-fcfaf141ae5a,ef487ac4eeb7cc79bb95aff9b6f5cd08ad0d9cb8ce1b44b184e9d3757f203ff1,0.6,12,6,6
TRAIN,0cac75c4-8d6f-2d13-8c37-fcfaf141ae5a,ef487ac4eeb7cc79bb95aff9b6f5cd08ad0d9cb8ce1b44b184e9d3757f203ff1,0.65,12,6,6
TRAIN,0cac75c4-8d6f-2d13-8c37-fcfaf141ae5a,ef487ac4eeb7cc79bb95aff9b6f5cd08ad0d9cb8ce1b44b184e9d3757f203ff1,0.7,12,6,6
TRAIN,0cac75c4-8d6f-2d13-8c37-fcfaf141ae5a,ef487ac4eeb7cc79bb95aff9b6f5cd08ad0d9cb8ce1b44b184e9d3757f203ff1,0.75,12,4,4
TRAIN,0cac75c4-8d6f-2d13-8c37-fcfaf141ae5a,ef487ac4eeb7cc79bb95aff9b6f5cd08ad0d9cb8ce1b44b184e9d3757f203ff1,0.8,12,4,4
TRAIN,0cac75c4-8d6f-2d13-8c37-fcfaf141ae5a,ef487ac4eeb7cc79bb95aff9b6f5cd08ad0d9cb8ce1b44b184e9d3757f203ff1,0.85,12,2,3
TRAIN,0cac75c4-8d6f-2d13-8c37-fcfaf141ae5a,ef487ac4eeb7cc79bb95aff9b6f5cd08ad0d9cb8ce1b44b184e9d3757f203ff1,0.9,12,2,3
TRAIN,0cac7627-8d6f-2d13-8eac-41764b5f2c5b,f6f7c3740a640685ac8d14803316d55aa062bd0bfc44d5526bad7d639b88860f,0.5,5,4,4
TRAIN,0cac7627-8d6f-2d13-8eac-41764b5f2c5b,f6f7c3740a640685ac8d14803316d55aa062bd0bfc44d5526bad7d639b88860f,0.55,5,4,4
TRAIN,0cac7627-8d6f-2d13-8eac-41764b5f2c5b,f6f7c3740a640685ac8d14803316d55aa062bd0bfc44d5526bad7d639b88860f,0.6,5,4,4
TRAIN,0cac7627-8d6f-2d13-8eac-41764b5f2c5b,f6f7c3740a640685ac8d14803316d55aa062bd0bfc44d5526bad7d639b88860f,0.65,5,4,4
TRAIN,0cac7627-8d6f-2d13-8eac-41764b5f2c5b,f6f7c3740a640685ac8d14803316d55aa062bd0bfc44d5526bad7d639b88860f,0.7,5,3,3
TRAIN,0cac7627-8d6f-2d13-8eac-41764b5f2c5b,f6f7c3740a640685ac8d14803316d55aa062bd0bfc44d5526bad7d639b88860f,0.75,5,3,3
TRAIN,0cac7627-8d6f-2d13-8eac-41764b5f2c5b,f6f7c3740a640685ac8d14803316d55aa062bd0bfc44d5526bad7d639b88860f,0.8,5,3,3
TRAIN,0cac7627-8d6f-2d13-8eac-41764b5f2c5b,f6f7c3740a640685ac8d14803316d55aa062bd0bfc44d5526bad7d639b88860f,0.85,5,3,3
TRAIN,0cac7627-8d6f-2d13-8eac-41764b5f2c5b,f6f7c3740a640685ac8d14803316d55aa062bd0bfc44d5526bad7d639b88860f,0.9,5,3,3
TRAIN,0cac7627-8d6f-2d13-8eac-41764b5f2c5b,326aa0350e8583568f9f52cea550a77e232053760ce3749343b77c004ac4b97e,0.5,3,1,2
TRAIN,0cac7627-8d6f-2d13-8eac-41764b5f2c5b,326aa0350e8583568f9f52cea550a77e232053760ce3749343b77c004ac4b97e,0.55,3,1,2
TRAIN,0cac7627-8d6f-2d13-8eac-41764b5f2c5b,326aa0350e8583568f9f52cea550a77e232053760ce3749343b77c004ac4b97e,0.6,3,1,2
TRAIN,0cac7627-8d6f-2d13-8eac-41764b5f2c5b,326aa0350e8583568f9f52cea550a77e232053760ce3749343b77c004ac4b97e,0.65,3,1,2
TRAIN,0cac7627-8d6f-2d13-8eac-41764b5f2c5b,326aa0350e8583568f9f52cea550a77e232053760ce3749343b77c004ac4b97e,0.7,3,1,2
TRAIN,0cac7627-8d6f-2d13-8eac-41764b5f2c5b,326aa0350e8583568f9f52cea550a77e232053760ce3749343b77c004ac4b97e,0.75,3,1,2
TRAIN,0cac7627-8d6f-2d13-8eac-41764b5f2c5b,326aa0350e8583568f9f52cea550a77e232053760ce3749343b77c004ac4b97e,0.8,3,1,2
TRAIN,0cac7627-8d6f-2d13-8eac-41764b5f2c5b,326aa0350e8583568f9f52cea550a77e232053760ce3749343b77c004ac4b97e,0.85,3,1,2
TRAIN,0cac7627-8d6f-2d13-8eac-41764b5f2c5b,326aa0350e8583568f9f52cea550a77e232053760ce3749343b77c004ac4b97e,0.9,3,1,2
TRAIN,0cac7627-8d6f-2d13-8eac-41764b5f2c5b,df4859f5a84e8553d8988cf4c46e16380a0d3104c9d7063eff74c8fc3b9ac026,0.5,4,2,2
TRAIN,0cac7627-8d6f-2d13-8eac-41764b5f2c5b,df4859f5a84e8553d8988cf4c46e16380a0d3104c9d7063eff74c8fc3b9ac026,0.55,4,2,2
TRAIN,0cac7627-8d6f-2d13-8eac-41764b5f2c5b,df4859f5a84e8553d8988cf4c46e16380a0d3104c9d7063eff74c8fc3b9ac026,0.6,4,2,2
TRAIN,0cac7627-8d6f-2d13-8eac-41764b5f2c5b,df4859f5a84e8553d8988cf4c46e16380a0d3104c9d7063eff74c8fc3b9ac026,0.65,4,2,2
TRAIN,0cac7627-8d6f-2d13-8eac-41764b5f2c5b,df4859f5a84e8553d8988cf4c46e16380a0d3104c9d7063eff74c8fc3b9ac026,0.7,4,2,2
TRAIN,0cac7627-8d6f-2d13-8eac-41764b5f2c5b,df4859f5a84e8553d8988cf4c46e16380a0d3104c9d7063eff74c8fc3b9ac026,0.75,4,1,1
TRAIN,0cac7627-8d6f-2d13-8eac-41764b5f2c5b,df4859f5a84e8553d8988cf4c46e16380a0d3104c9d7063eff74c8fc3b9ac026,0.8,4,1,1
TRAIN,0cac7627-8d6f-2d13-8eac-41764b5f2c5b,df4859f5a84e8553d8988cf4c46e16380a0d3104c9d7063eff74c8fc3b9ac026,0.85,4,1,1
TRAIN,0cac7627-8d6f-2d13-8eac-41764b5f2c5b,df4859f5a84e8553d8988cf4c46e16380a0d3104c9d7063eff74c8fc3b9ac026,0.9,4,0,0
TRAIN,b1cf9968-9fdd-2189-97dd-d5f0d48bf70a,4ad091f8cfb746fe4b01987290039e9a327de72cff6fcd10a5f66ffaaf14a9a9,0.5,10,6,8
TRAIN,b1cf9968-9fdd-2189-97dd-d5f0d48bf70a,4ad091f8cfb746fe4b01987290039e9a327de72cff6fcd10a5f66ffaaf14a9a9,0.55,10,6,8
TRAIN,b1cf9968-9fdd-2189-97dd-d5f0d48bf70a,4ad091f8cfb746fe4b01987290039e9a327de72cff6fcd10a5f66ffaaf14a9a9,0.6,10,5,6
TRAIN,b1cf9968-9fdd-2189-97dd-d5f0d48bf70a,4ad091f8cfb746fe4b01987290039e9a327de72cff6fcd10a5f66ffaaf14a9a9,0.65,10,5,5
TRAIN,b1cf9968-9fdd-2189-97dd-d5f0d48bf70a,4ad091f8cfb746fe4b01987290039e9a327de72cff6fcd10a5f66ffaaf14a9a9,0.7,10,5,5
TRAIN,b1cf9968-9fdd-2189-97dd-d5f0d48bf70a,4ad091f8cfb746fe4b01987290039e9a327de72cff6fcd10a5f66ffaaf14a9a9,0.75,10,4,4
TRAIN,b1cf9968-9fdd-2189-97dd-d5f0d48bf70a,4ad091f8cfb746fe4b01987290039e9a327de72cff6fcd10a5f66ffaaf14a9a9,0.8,10,3,3
TRAIN,b1cf9968-9fdd-2189-97dd-d5f0d48bf70a,4ad091f8cfb746fe4b01987290039e9a327de72cff6fcd10a5f66ffaaf14a9a9,0.85,10,3,3
TRAIN,b1cf9968-9fdd-2189-97dd-d5f0d48bf70a,4ad091f8cfb746fe4b01987290039e9a327de72cff6fcd10a5f66ffaaf14a9a9,0.9,10,0,0
TRAIN,b1cf9968-9fdd-2189-97dd-d5f0d48bf70a,3dba7805fb69046f548fcb75ecb17bf25ea057f83beb064da695b9b4203136ca,0.5,10,7,8
TRAIN,b1cf9968-9fdd-2189-97dd-d5f0d48bf70a,3dba7805fb69046f548fcb75ecb17bf25ea057f83beb064da695b9b4203136ca,0.55,10,7,8
TRAIN,b1cf9968-9fdd-2189-97dd-d5f0d48bf70a,3dba7805fb69046f548fcb75ecb17bf25ea057f83beb064da695b9b4203136ca,0.6,10,6,7
TRAIN,b1cf9968-9fdd-2189-97dd-d5f0d48bf70a,3dba7805fb69046f548fcb75ecb17bf25ea057f83beb064da695b9b4203136ca,0.65,10,5,5
TRAIN,b1cf9968-9fdd-2189-97dd-d5f0d48bf70a,3dba7805fb69046f548fcb75ecb17bf25ea057f83beb064da695b9b4203136ca,0.7,10,5,5
TRAIN,b1cf9968-9fdd-2189-97dd-d5f0d48bf70a,3dba7805fb69046f548fcb75ecb17bf25ea057f83beb064da695b9b4203136ca,0.75,10,4,4
TRAIN,b1cf9968-9fdd-2189-97dd-d5f0d48bf70a,3dba7805fb69046f548fcb75ecb17bf25ea057f83beb064da695b9b4203136ca,0.8,10,3,3
TRAIN,b1cf9968-9fdd-2189-97dd-d5f0d48bf70a,3dba7805fb69046f548fcb75ecb17bf25ea057f83beb064da695b9b4203136ca,0.85,10,3,3
TRAIN,b1cf9968-9fdd-2189-97dd-d5f0d48bf70a,3dba7805fb69046f548fcb75ecb17bf25ea057f83beb064da695b9b4203136ca,0.9,10,0,0
TRAIN,b8837e16-57ec-29c6-89c3-0e8b7d668f56,b366376c35e2dc815b8355eced79b3e4d642441e6fe901439196117751b24525,0.5,1,1,1
TRAIN,b8837e16-57ec-29c6-89c3-0e8b7d668f56,b366376c35e2dc815b8355eced79b3e4d642441e6fe901439196117751b24525,0.55,1,1,1
TRAIN,b8837e16-57ec-29c6-89c3-0e8b7d668f56,b366376c35e2dc815b8355eced79b3e4d642441e6fe901439196117751b24525,0.6,1,1,1
TRAIN,b8837e16-57ec-29c6-89c3-0e8b7d668f56,b366376c35e2dc815b8355eced79b3e4d642441e6fe901439196117751b24525,0.65,1,1,1
TRAIN,b8837e16-57ec-29c6-89c3-0e8b7d668f56,b366376c35e2dc815b8355eced79b3e4d642441e6fe901439196117751b24525,0.7,1,0,0
TRAIN,b8837e16-57ec-29c6-89c3-0e8b7d668f56,b366376c35e2dc815b8355eced79b3e4d642441e6fe901439196117751b24525,0.75,1,0,0
TRAIN,b8837e16-57ec-29c6-89c3-0e8b7d668f56,b366376c35e2dc815b8355eced79b3e4d642441e6fe901439196117751b24525,0.8,1,0,0
TRAIN,b8837e16-57ec-29c6-89c3-0e8b7d668f56,b366376c35e2dc815b8355eced79b3e4d642441e6fe901439196117751b24525,0.85,1,0,0
TRAIN,b8837e16-57ec-29c6-89c3-0e8b7d668f56,b366376c35e2dc815b8355eced79b3e4d642441e6fe901439196117751b24525,0.9,1,0,0
TRAIN,b8837e16-57ec-29c6-89c3-0e8b7d668f56,7e1e131ec987df82752b67b27209079ed2929b59e8b7dc4d44bd718a01d79bd0,0.5,1,1,1
TRAIN,b8837e16-57ec-29c6-89c3-0e8b7d668f56,7e1e131ec987df82752b67b27209079ed2929b59e8b7dc4d44bd718a01d79bd0,0.55,1,1,1
TRAIN,b8837e16-57ec-29c6-89c3-0e8b7d668f56,7e1e131ec987df82752b67b27209079ed2929b59e8b7dc4d44bd718a01d79bd0,0.6,1,1,1
TRAIN,b8837e16-57ec-29c6-89c3-0e8b7d668f56,7e1e131ec987df82752b67b27209079ed2929b59e8b7dc4d44bd718a01d79bd0,0.65,1,1,1
TRAIN,b8837e16-57ec-29c6-89c3-0e8b7d668f56,7e1e131ec987df82752b67b27209079ed2929b59e8b7dc4d44bd718a01d79bd0,0.7,1,1,1
TRAIN,b8837e16-57ec-29c6-89c3-0e8b7d668f56,7e1e131ec987df82752b67b27209079ed2929b59e8b7dc4d44bd718a01d79bd0,0.75,1,1,1
TRAIN,b8837e16-57ec-29c6-89c3-0e8b7d668f56,7e1e131ec987df82752b67b27209079ed2929b59e8b7dc4d44bd718a01d79bd0,0.8,1,1,1
TRAIN,b8837e16-57ec-29c6-89c3-0e8b7d668f56,7e1e131ec987df82752b67b27209079ed2929b59e8b7dc4d44bd718a01d79bd0,0.85,1,1,1
TRAIN,b8837e16-57ec-29c6-89c3-0e8b7d668f56,7e1e131ec987df82752b67b27209079ed2929b59e8b7dc4d44bd718a01d79bd0,0.9,1,1,1
TRAIN,b8837e16-57ec-29c6-89c3-0e8b7d668f56,07c446f7f5a506a6dd56406f2664e187aa3d871d2153511330632592a4e7e261,0.5,1,1,1
TRAIN,b8837e16-57ec-29c6-89c3-0e8b7d668f56,07c446f7f5a506a6dd56406f2664e187aa3d871d2153511330632592a4e7e261,0.55,1,1,1
TRAIN,b8837e16-57ec-29c6-89c3-0e8b7d668f56,07c446f7f5a506a6dd56406f2664e187aa3d871d2153511330632592a4e7e261,0.6,1,1,1
TRAIN,b8837e16-57ec-29c6-89c3-0e8b7d668f56,07c446f7f5a506a6dd56406f2664e187aa3d871d2153511330632592a4e7e261,0.65,1,1,1
TRAIN,b8837e16-57ec-29c6-89c3-0e8b7d668f56,07c446f7f5a506a6dd56406f2664e187aa3d871d2153511330632592a4e7e261,0.7,1,1,1
TRAIN,b8837e16-57ec-29c6-89c3-0e8b7d668f56,07c446f7f5a506a6dd56406f2664e187aa3d871d2153511330632592a4e7e261,0.75,1,1,1
TRAIN,b8837e16-57ec-29c6-89c3-0e8b7d668f56,07c446f7f5a506a6dd56406f2664e187aa3d871d2153511330632592a4e7e261,0.8,1,1,1
TRAIN,b8837e16-57ec-29c6-89c3-0e8b7d668f56,07c446f7f5a506a6dd56406f2664e187aa3d871d2153511330632592a4e7e261,0.85,1,1,1
TRAIN,b8837e16-57ec-29c6-89c3-0e8b7d668f56,07c446f7f5a506a6dd56406f2664e187aa3d871d2153511330632592a4e7e261,0.9,1,0,0
TRAIN,b8837e16-57ec-29c6-89c3-0e8b7d668f56,905d2a5395d4c6360aa929d651c53e7cc1864f791e7d2e5d58872d1adffcb40c,0.5,1,1,1
TRAIN,b8837e16-57ec-29c6-89c3-0e8b7d668f56,905d2a5395d4c6360aa929d651c53e7cc1864f791e7d2e5d58872d1adffcb40c,0.55,1,1,1
TRAIN,b8837e16-57ec-29c6-89c3-0e8b7d668f56,905d2a5395d4c6360aa929d651c53e7cc1864f791e7d2e5d58872d1adffcb40c,0.6,1,1,1
TRAIN,b8837e16-57ec-29c6-89c3-0e8b7d668f56,905d2a5395d4c6360aa929d651c53e7cc1864f791e7d2e5d58872d1adffcb40c,0.65,1,1,1
TRAIN,b8837e16-57ec-29c6-89c3-0e8b7d668f56,905d2a5395d4c6360aa929d651c53e7cc1864f791e7d2e5d58872d1adffcb40c,0.7,1,1,1
TRAIN,b8837e16-57ec-29c6-89c3-0e8b7d668f56,905d2a5395d4c6360aa929d651c53e7cc1864f791e7d2e5d58872d1adffcb40c,0.75,1,1,1
TRAIN,b8837e16-57ec-29c6-89c3-0e8b7d668f56,905d2a5395d4c6360aa929d651c53e7cc1864f791e7d2e5d58872d1adffcb40c,0.8,1,1,1
TRAIN,b8837e16-57ec-29c6-89c3-0e8b7d668f56,905d2a5395d4c6360aa929d651c53e7cc1864f791e7d2e5d58872d1adffcb40c,0.85,1,1,1
TRAIN,b8837e16-57ec-29c6-89c3-0e8b7d668f56,905d2a5395d4c6360aa929d651c53e7cc1864f791e7d2e5d58872d1adffcb40c,0.9,1,1,1
TRAIN,c7895f3e-339c-2d13-832a-b3636f113063,de36af4415b7643970d9204d0e4ea9f27096530a141a28af9289a681ada2ef98,0.5,19,15,15
TRAIN,c7895f3e-339c-2d13-832a-b3636f113063,de36af4415b7643970d9204d0e4ea9f27096530a141a28af9289a681ada2ef98,0.55,19,15,15
TRAIN,c7895f3e-339c-2d13-832a-b3636f113063,de36af4415b7643970d9204d0e4ea9f27096530a141a28af9289a681ada2ef98,0.6,19,13,13
TRAIN,c7895f3e-339c-2d13-832a-b3636f113063,de36af4415b7643970d9204d0e4ea9f27096530a141a28af9289a681ada2ef98,0.65,19,11,11
TRAIN,c7895f3e-339c-2d13-832a-b3636f113063,de36af4415b7643970d9204d0e4ea9f27096530a141a28af9289a681ada2ef98,0.7,19,9,9
TRAIN,c7895f3e-339c-2d13-832a-b3636f113063,de36af4415b7643970d9204d0e4ea9f27096530a141a28af9289a681ada2ef98,0.75,19,5,6
TRAIN,c7895f3e-339c-2d13-832a-b3636f113063,de36af4415b7643970d9204d0e4ea9f27096530a141a28af9289a681ada2ef98,0.8,19,5,6
TRAIN,c7895f3e-339c-2d13-832a-b3636f113063,de36af4415b7643970d9204d0e4ea9f27096530a141a28af9289a681ada2ef98,0.85,19,3,3
TRAIN,c7895f3e-339c-2d13-832a-b3636f113063,de36af4415b7643970d9204d0e4ea9f27096530a141a28af9289a681ada2ef98,0.9,19,2,2
TRAIN,c7895f3e-339c-2d13-832a-b3636f113063,5d0fc28d8cd5b81597781013bd0d2008858afae17ea263fb45cbedf11385680b,0.5,19,15,15
TRAIN,c7895f3e-339c-2d13-832a-b3636f113063,5d0fc28d8cd5b81597781013bd0d2008858afae17ea263fb45cbedf11385680b,0.55,19,15,15
TRAIN,c7895f3e-339c-2d13-832a-b3636f113063,5d0fc28d8cd5b81597781013bd0d2008858afae17ea263fb45cbedf11385680b,0.6,19,13,13
TRAIN,c7895f3e-339c-2d13-832a-b3636f113063,5d0fc28d8cd5b81597781013bd0d2008858afae17ea263fb45cbedf11385680b,0.65,19,11,11
TRAIN,c7895f3e-339c-2d13-832a-b3636f113063,5d0fc28d8cd5b81597781013bd0d2008858afae17ea263fb45cbedf11385680b,0.7,19,9,9
TRAIN,c7895f3e-339c-2d13-832a-b3636f113063,5d0fc28d8cd5b81597781013bd0d2008858afae17ea263fb45cbedf11385680b,0.75,19,7,8
TRAIN,c7895f3e-339c-2d13-832a-b3636f113063,5d0fc28d8cd5b81597781013bd0d2008858afae17ea263fb45cbedf11385680b,0.8,19,6,6
TRAIN,c7895f3e-339c-2d13-832a-b3636f113063,5d0fc28d8cd5b81597781013bd0d2008858afae17ea263fb45cbedf11385680b,0.85,19,4,4
TRAIN,c7895f3e-339c-2d13-832a-b3636f113063,5d0fc28d8cd5b81597781013bd0d2008858afae17ea263fb45cbedf11385680b,0.9,19,2,2
TRAIN,5341b7d9-8a66-2cdd-844b-cfdadb69ed63,8fe5243965b052e3df3c069c8ed19a3428e1d637f4ab0af2bd576e8566c17e29,0.5,7,5,5
TRAIN,5341b7d9-8a66-2cdd-844b-cfdadb69ed63,8fe5243965b052e3df3c069c8ed19a3428e1d637f4ab0af2bd576e8566c17e29,0.55,7,5,5
TRAIN,5341b7d9-8a66-2cdd-844b-cfdadb69ed63,8fe5243965b052e3df3c069c8ed19a3428e1d637f4ab0af2bd576e8566c17e29,0.6,7,5,5
TRAIN,5341b7d9-8a66-2cdd-844b-cfdadb69ed63,8fe5243965b052e3df3c069c8ed19a3428e1d637f4ab0af2bd576e8566c17e29,0.65,7,4,4
TRAIN,5341b7d9-8a66-2cdd-844b-cfdadb69ed63,8fe5243965b052e3df3c069c8ed19a3428e1d637f4ab0af2bd576e8566c17e29,0.7,7,4,4
TRAIN,5341b7d9-8a66-2cdd-844b-cfdadb69ed63,8fe5243965b052e3df3c069c8ed19a3428e1d637f4ab0af2bd576e8566c17e29,0.75,7,2,2
TRAIN,5341b7d9-8a66-2cdd-844b-cfdadb69ed63,8fe5243965b052e3df3c069c8ed19a3428e1d637f4ab0af2bd576e8566c17e29,0.8,7,2,2
TRAIN,5341b7d9-8a66-2cdd-844b-cfdadb69ed63,8fe5243965b052e3df3c069c8ed19a3428e1d637f4ab0af2bd576e8566c17e29,0.85,7,1,1
TRAIN,5341b7d9-8a66-2cdd-844b-cfdadb69ed63,8fe5243965b052e3df3c069c8ed19a3428e1d637f4ab0af2bd576e8566c17e29,0.9,7,1,1
TRAIN,5341b7d9-8a66-2cdd-844b-cfdadb69ed63,6177bed1e94c79908932a84e7cac2b8a90e19029f3610f00edf827606d846184,0.5,7,5,5
TRAIN,5341b7d9-8a66-2cdd-844b-cfdadb69ed63,6177bed1e94c79908932a84e7cac2b8a90e19029f3610f00edf827606d846184,0.55,7,4,5
TRAIN,5341b7d9-8a66-2cdd-844b-cfdadb69ed63,6177bed1e94c79908932a84e7cac2b8a90e19029f3610f00edf827606d846184,0.6,7,4,5
TRAIN,5341b7d9-8a66-2cdd-844b-cfdadb69ed63,6177bed1e94c79908932a84e7cac2b8a90e19029f3610f00edf827606d846184,0.65,7,4,5
TRAIN,5341b7d9-8a66-2cdd-844b-cfdadb69ed63,6177bed1e94c79908932a84e7cac2b8a90e19029f3610f00edf827606d846184,0.7,7,2,2
TRAIN,5341b7d9-8a66-2cdd-844b-cfdadb69ed63,6177bed1e94c79908932a84e7cac2b8a90e19029f3610f00edf827606d846184,0.75,7,1,1
TRAIN,5341b7d9-8a66-2cdd-844b-cfdadb69ed63,6177bed1e94c79908932a84e7cac2b8a90e19029f3610f00edf827606d846184,0.8,7,1,1
TRAIN,5341b7d9-8a66-2cdd-844b-cfdadb69ed63,6177bed1e94c79908932a84e7cac2b8a90e19029f3610f00edf827606d846184,0.85,7,0,0
TRAIN,5341b7d9-8a66-2cdd-844b-cfdadb69ed63,6177bed1e94c79908932a84e7cac2b8a90e19029f3610f00edf827606d846184,0.9,7,0,0
TRAIN,5341b7d9-8a66-2cdd-844b-cfdadb69ed63,8b05fb1225dbfbecdd4aece818198f085ffc2bff3682f86b0e8c3c8acd51dfa5,0.5,7,6,6
TRAIN,5341b7d9-8a66-2cdd-844b-cfdadb69ed63,8b05fb1225dbfbecdd4aece818198f085ffc2bff3682f86b0e8c3c8acd51dfa5,0.55,7,6,6
TRAIN,5341b7d9-8a66-2cdd-844b-cfdadb69ed63,8b05fb1225dbfbecdd4aece818198f085ffc2bff3682f86b0e8c3c8acd51dfa5,0.6,7,5,5
TRAIN,5341b7d9-8a66-2cdd-844b-cfdadb69ed63,8b05fb1225dbfbecdd4aece818198f085ffc2bff3682f86b0e8c3c8acd51dfa5,0.65,7,5,5
TRAIN,5341b7d9-8a66-2cdd-844b-cfdadb69ed63,8b05fb1225dbfbecdd4aece818198f085ffc2bff3682f86b0e8c3c8acd51dfa5,0.7,7,4,4
TRAIN,5341b7d9-8a66-2cdd-844b-cfdadb69ed63,8b05fb1225dbfbecdd4aece818198f085ffc2bff3682f86b0e8c3c8acd51dfa5,0.75,7,4,4
TRAIN,5341b7d9-8a66-2cdd-844b-cfdadb69ed63,8b05fb1225dbfbecdd4aece818198f085ffc2bff3682f86b0e8c3c8acd51dfa5,0.8,7,3,4
TRAIN,5341b7d9-8a66-2cdd-844b-cfdadb69ed63,8b05fb1225dbfbecdd4aece818198f085ffc2bff3682f86b0e8c3c8acd51dfa5,0.85,7,2,2
TRAIN,5341b7d9-8a66-2cdd-844b-cfdadb69ed63,8b05fb1225dbfbecdd4aece818198f085ffc2bff3682f86b0e8c3c8acd51dfa5,0.9,7,1,1
TRAIN,ddc737ad-765b-241a-9d9f-1f19fab18318,dc82be994c1f4bdf77783d9402c0eb61cb4b5dd23216a4cccefcf5a9a7cf6165,0.5,3,3,3
TRAIN,ddc737ad-765b-241a-9d9f-1f19fab18318,dc82be994c1f4bdf77783d9402c0eb61cb4b5dd23216a4cccefcf5a9a7cf6165,0.55,3,3,3
TRAIN,ddc737ad-765b-241a-9d9f-1f19fab18318,dc82be994c1f4bdf77783d9402c0eb61cb4b5dd23216a4cccefcf5a9a7cf6165,0.6,3,3,3
TRAIN,ddc737ad-765b-241a-9d9f-1f19fab18318,dc82be994c1f4bdf77783d9402c0eb61cb4b5dd23216a4cccefcf5a9a7cf6165,0.65,3,3,3
TRAIN,ddc737ad-765b-241a-9d9f-1f19fab18318,dc82be994c1f4bdf77783d9402c0eb61cb4b5dd23216a4cccefcf5a9a7cf6165,0.7,3,3,3
TRAIN,ddc737ad-765b-241a-9d9f-1f19fab18318,dc82be994c1f4bdf77783d9402c0eb61cb4b5dd23216a4cccefcf5a9a7cf6165,0.75,3,3,3
TRAIN,ddc737ad-765b-241a-9d9f-1f19fab18318,dc82be994c1f4bdf77783d9402c0eb61cb4b5dd23216a4cccefcf5a9a7cf6165,0.8,3,3,3
TRAIN,ddc737ad-765b-241a-9d9f-1f19fab18318,dc82be994c1f4bdf77783d9402c0eb61cb4b5dd23216a4cccefcf5a9a7cf6165,0.85,3,3,3
TRAIN,ddc737ad-765b-241a-9d9f-1f19fab18318,dc82be994c1f4bdf77783d9402c0eb61cb4b5dd23216a4cccefcf5a9a7cf6165,0.9,3,3,3
TRAIN,ddc737ad-765b-241a-9d9f-1f19fab18318,ae407decca4268758a54a2625fc35e557a3066dbebebae60bc6cf213d30a1df2,0.5,3,3,3
TRAIN,ddc737ad-765b-241a-9d9f-1f19fab18318,ae407decca4268758a54a2625fc35e557a3066dbebebae60bc6cf213d30a1df2,0.55,3,3,3
TRAIN,ddc737ad-765b-241a-9d9f-1f19fab18318,ae407decca4268758a54a2625fc35e557a3066dbebebae60bc6cf213d30a1df2,0.6,3,3,3
TRAIN,ddc737ad-765b-241a-9d9f-1f19fab18318,ae407decca4268758a54a2625fc35e557a3066dbebebae60bc6cf213d30a1df2,0.65,3,3,3
TRAIN,ddc737ad-765b-241a-9d9f-1f19fab18318,ae407decca4268758a54a2625fc35e557a3066dbebebae60bc6cf213d30a1df2,0.7,3,3,3
TRAIN,ddc737ad-765b-241a-9d9f-1f19fab18318,ae407decca4268758a54a2625fc35e557a3066dbebebae60bc6cf213d30a1df2,0.75,3,3,3
TRAIN,ddc737ad-765b-241a-9d9f-1f19fab18318,ae407decca4268758a54a2625fc35e557a3066dbebebae60bc6cf213d30a1df2,0.8,3,3,3
TRAIN,ddc737ad-765b-241a-9d9f-1f19fab18318,ae407decca4268758a54a2625fc35e557a3066dbebebae60bc6cf213d30a1df2,0.85,3,3,3
TRAIN,ddc737ad-765b-241a-9d9f-1f19fab18318,ae407decca4268758a54a2625fc35e557a3066dbebebae60bc6cf213d30a1df2,0.9,3,3,3
TRAIN,6bde6091-9162-246f-8ea8-fdfd6c0a7f77,9f89a2793cbe51306d0dd7223b3c0020fe2b8ca16fae5856f67ad596e3655b9d,0.5,5,4,4
TRAIN,6bde6091-9162-246f-8ea8-fdfd6c0a7f77,9f89a2793cbe51306d0dd7223b3c0020fe2b8ca16fae5856f67ad596e3655b9d,0.55,5,4,4
TRAIN,6bde6091-9162-246f-8ea8-fdfd6c0a7f77,9f89a2793cbe51306d0dd7223b3c0020fe2b8ca16fae5856f67ad596e3655b9d,0.6,5,4,4
TRAIN,6bde6091-9162-246f-8ea8-fdfd6c0a7f77,9f89a2793cbe51306d0dd7223b3c0020fe2b8ca16fae5856f67ad596e3655b9d,0.65,5,3,3
TRAIN,6bde6091-9162-246f-8ea8-fdfd6c0a7f77,9f89a2793cbe51306d0dd7223b3c0020fe2b8ca16fae5856f67ad596e3655b9d,0.7,5,3,3
TRAIN,6bde6091-9162-246f-8ea8-fdfd6c0a7f77,9f89a2793cbe51306d0dd7223b3c0020fe2b8ca16fae5856f67ad596e3655b9d,0.75,5,3,3
TRAIN,6bde6091-9162-246f-8ea8-fdfd6c0a7f77,9f89a2793cbe51306d0dd7223b3c0020fe2b8ca16fae5856f67ad596e3655b9d,0.8,5,3,3
TRAIN,6bde6091-9162-246f-8ea8-fdfd6c0a7f77,9f89a2793cbe51306d0dd7223b3c0020fe2b8ca16fae5856f67ad596e3655b9d,0.85,5,3,3
TRAIN,6bde6091-9162-246f-8ea8-fdfd6c0a7f77,9f89a2793cbe51306d0dd7223b3c0020fe2b8ca16fae5856f67ad596e3655b9d,0.9,5,2,2
TRAIN,6bde6091-9162-246f-8ea8-fdfd6c0a7f77,34be89285cec6c6c4245311145bf58d0050e04fa109d16aa00f9272076389d96,0.5,5,4,4
TRAIN,6bde6091-9162-246f-8ea8-fdfd6c0a7f77,34be89285cec6c6c4245311145bf58d0050e04fa109d16aa00f9272076389d96,0.55,5,4,4
TRAIN,6bde6091-9162-246f-8ea8-fdfd6c0a7f77,34be89285cec6c6c4245311145bf58d0050e04fa109d16aa00f9272076389d96,0.6,5,3,3
TRAIN,6bde6091-9162-246f-8ea8-fdfd6c0a7f77,34be89285cec6c6c4245311145bf58d0050e04fa109d16aa00f9272076389d96,0.65,5,3,3
TRAIN,6bde6091-9162-246f-8ea8-fdfd6c0a7f77,34be89285cec6c6c4245311145bf58d0050e04fa109d16aa00f9272076389d96,0.7,5,3,3
TRAIN,6bde6091-9162-246f-8ea8-fdfd6c0a7f77,34be89285cec6c6c4245311145bf58d0050e04fa109d16aa00f9272076389d96,0.75,5,3,3
TRAIN,6bde6091-9162-246f-8ea8-fdfd6c0a7f77,34be89285cec6c6c4245311145bf58d0050e04fa109d16aa00f9272076389d96,0.8,5,2,2
TRAIN,6bde6091-9162-246f-8ea8-fdfd6c0a7f77,34be89285cec6c6c4245311145bf58d0050e04fa109d16aa00f9272076389d96,0.85,5,2,2
TRAIN,6bde6091-9162-246f-8ea8-fdfd6c0a7f77,34be89285cec6c6c4245311145bf58d0050e04fa109d16aa00f9272076389d96,0.9,5,2,2
TRAIN,b05fddcf-fca0-2d4f-8a01-c6bdcc9fba8d,883630611faf7e1ac900f052b12074b2ba8e38b714a44f4b3c64b2cd1f327051,0.5,11,7,8
TRAIN,b05fddcf-fca0-2d4f-8a01-c6bdcc9fba8d,883630611faf7e1ac900f052b12074b2ba8e38b714a44f4b3c64b2cd1f327051,0.55,11,6,8
TRAIN,b05fddcf-fca0-2d4f-8a01-c6bdcc9fba8d,883630611faf7e1ac900f052b12074b2ba8e38b714a44f4b3c64b2cd1f327051,0.6,11,6,8
TRAIN,b05fddcf-fca0-2d4f-8a01-c6bdcc9fba8d,883630611faf7e1ac900f052b12074b2ba8e38b714a44f4b3c64b2cd1f327051,0.65,11,4,6
TRAIN,b05fddcf-fca0-2d4f-8a01-c6bdcc9fba8d,883630611faf7e1ac900f052b12074b2ba8e38b714a44f4b3c64b2cd1f327051,0.7,11,3,3
TRAIN,b05fddcf-fca0-2d4f-8a01-c6bdcc9fba8d,883630611faf7e1ac900f052b12074b2ba8e38b714a44f4b3c64b2cd1f327051,0.75,11,2,2
TRAIN,b05fddcf-fca0-2d4f-8a01-c6bdcc9fba8d,883630611faf7e1ac900f052b12074b2ba8e38b714a44f4b3c64b2cd1f327051,0.8,11,2,2
TRAIN,b05fddcf-fca0-2d4f-8a01-c6bdcc9fba8d,883630611faf7e1ac900f052b12074b2ba8e38b714a44f4b3c64b2cd1f327051,0.85,11,1,1
TRAIN,b05fddcf-fca0-2d4f-8a01-c6bdcc9fba8d,883630611faf7e1ac900f052b12074b2ba8e38b714a44f4b3c64b2cd1f327051,0.9,11,1,1
TRAIN,b05fddcf-fca0-2d4f-8a01-c6bdcc9fba8d,2142ce6dee757d767fa4b96736bbb9bb959a107dde9c0b9590191f40bee2b280,0.5,13,6,6
TRAIN,b05fddcf-fca0-2d4f-8a01-c6bdcc9fba8d,2142ce6dee757d767fa4b96736bbb9bb959a107dde9c0b9590191f40bee2b280,0.55,13,6,6
TRAIN,b05fddcf-fca0-2d4f-8a01-c6bdcc9fba8d,2142ce6dee757d767fa4b96736bbb9bb959a107dde9c0b9590191f40bee2b280,0.6,13,6,6
TRAIN,b05fddcf-fca0-2d4f-8a01-c6bdcc9fba8d,2142ce6dee757d767fa4b96736bbb9bb959a107dde9c0b9590191f40bee2b280,0.65,13,6,6
TRAIN,b05fddcf-fca0-2d4f-8a01-c6bdcc9fba8d,2142ce6dee757d767fa4b96736bbb9bb959a107dde9c0b9590191f40bee2b280,0.7,13,4,4
TRAIN,b05fddcf-fca0-2d4f-8a01-c6bdcc9fba8d,2142ce6dee757d767fa4b96736bbb9bb959a107dde9c0b9590191f40bee2b280,0.75,13,3,3
TRAIN,b05fddcf-fca0-2d4f-8a01-c6bdcc9fba8d,2142ce6dee757d767fa4b96736bbb9bb959a107dde9c0b9590191f40bee2b280,0.8,13,3,3
TRAIN,b05fddcf-fca0-2d4f-8a01-c6bdcc9fba8d,2142ce6dee757d767fa4b96736bbb9bb959a107dde9c0b9590191f40bee2b280,0.85,13,3,3
TRAIN,b05fddcf-fca0-2d4f-8a01-c6bdcc9fba8d,2142ce6dee757d767fa4b96736bbb9bb959a107dde9c0b9590191f40bee2b280,0.9,13,3,3
TRAIN,b05fddcf-fca0-2d4f-8a01-c6bdcc9fba8d,5c5a2eca2f80f6b0e81b73fc95d9206eb6e5030bb80edb52f9a51858055c8495,0.5,7,2,2
TRAIN,b05fddcf-fca0-2d4f-8a01-c6bdcc9fba8d,5c5a2eca2f80f6b0e81b73fc95d9206eb6e5030bb80edb52f9a51858055c8495,0.55,7,2,2
TRAIN,b05fddcf-fca0-2d4f-8a01-c6bdcc9fba8d,5c5a2eca2f80f6b0e81b73fc95d9206eb6e5030bb80edb52f9a51858055c8495,0.6,7,2,2
TRAIN,b05fddcf-fca0-2d4f-8a01-c6bdcc9fba8d,5c5a2eca2f80f6b0e81b73fc95d9206eb6e5030bb80edb52f9a51858055c8495,0.65,7,2,2
TRAIN,b05fddcf-fca0-2d4f-8a01-c6bdcc9fba8d,5c5a2eca2f80f6b0e81b73fc95d9206eb6e5030bb80edb52f9a51858055c8495,0.7,7,1,2
TRAIN,b05fddcf-fca0-2d4f-8a01-c6bdcc9fba8d,5c5a2eca2f80f6b0e81b73fc95d9206eb6e5030bb80edb52f9a51858055c8495,0.75,7,1,2
TRAIN,b05fddcf-fca0-2d4f-8a01-c6bdcc9fba8d,5c5a2eca2f80f6b0e81b73fc95d9206eb6e5030bb80edb52f9a51858055c8495,0.8,7,1,2
TRAIN,b05fddcf-fca0-2d4f-8a01-c6bdcc9fba8d,5c5a2eca2f80f6b0e81b73fc95d9206eb6e5030bb80edb52f9a51858055c8495,0.85,7,1,1
TRAIN,b05fddcf-fca0-2d4f-8a01-c6bdcc9fba8d,5c5a2eca2f80f6b0e81b73fc95d9206eb6e5030bb80edb52f9a51858055c8495,0.9,7,0,0
TRAIN,b05fddcf-fca0-2d4f-8a01-c6bdcc9fba8d,0ada95f74c83bd27541350ff7265a0754d1cae8f10b606049ee6c8b7c6805c4d,0.5,7,1,2
TRAIN,b05fddcf-fca0-2d4f-8a01-c6bdcc9fba8d,0ada95f74c83bd27541350ff7265a0754d1cae8f10b606049ee6c8b7c6805c4d,0.55,7,0,1
TRAIN,b05fddcf-fca0-2d4f-8a01-c6bdcc9fba8d,0ada95f74c83bd27541350ff7265a0754d1cae8f10b606049ee6c8b7c6805c4d,0.6,7,0,0
TRAIN,b05fddcf-fca0-2d4f-8a01-c6bdcc9fba8d,0ada95f74c83bd27541350ff7265a0754d1cae8f10b606049ee6c8b7c6805c4d,0.65,7,0,0
TRAIN,b05fddcf-fca0-2d4f-8a01-c6bdcc9fba8d,0ada95f74c83bd27541350ff7265a0754d1cae8f10b606049ee6c8b7c6805c4d,0.7,7,0,0
TRAIN,b05fddcf-fca0-2d4f-8a01-c6bdcc9fba8d,0ada95f74c83bd27541350ff7265a0754d1cae8f10b606049ee6c8b7c6805c4d,0.75,7,0,0
TRAIN,b05fddcf-fca0-2d4f-8a01-c6bdcc9fba8d,0ada95f74c83bd27541350ff7265a0754d1cae8f10b606049ee6c8b7c6805c4d,0.8,7,0,0
TRAIN,b05fddcf-fca0-2d4f-8a01-c6bdcc9fba8d,0ada95f74c83bd27541350ff7265a0754d1cae8f10b606049ee6c8b7c6805c4d,0.85,7,0,0
TRAIN,b05fddcf-fca0-2d4f-8a01-c6bdcc9fba8d,0ada95f74c83bd27541350ff7265a0754d1cae8f10b606049ee6c8b7c6805c4d,0.9,7,0,0
TRAIN,41385827-a238-2435-8320-d8d3eb507f5e,8466b61df7ddbb6951a62c6496625b12ac3a1ca3c5f71c0ce956a0db31b3070a,0.5,8,6,7
TRAIN,41385827-a238-2435-8320-d8d3eb507f5e,8466b61df7ddbb6951a62c6496625b12ac3a1ca3c5f71c0ce956a0db31b3070a,0.55,8,6,7
TRAIN,41385827-a238-2435-8320-d8d3eb507f5e,8466b61df7ddbb6951a62c6496625b12ac3a1ca3c5f71c0ce956a0db31b3070a,0.6,8,5,5
TRAIN,41385827-a238-2435-8320-d8d3eb507f5e,8466b61df7ddbb6951a62c6496625b12ac3a1ca3c5f71c0ce956a0db31b3070a,0.65,8,5,5
TRAIN,41385827-a238-2435-8320-d8d3eb507f5e,8466b61df7ddbb6951a62c6496625b12ac3a1ca3c5f71c0ce956a0db31b3070a,0.7,8,5,5
TRAIN,41385827-a238-2435-8320-d8d3eb507f5e,8466b61df7ddbb6951a62c6496625b12ac3a1ca3c5f71c0ce956a0db31b3070a,0.75,8,5,5
TRAIN,41385827-a238-2435-8320-d8d3eb507f5e,8466b61df7ddbb6951a62c6496625b12ac3a1ca3c5f71c0ce956a0db31b3070a,0.8,8,4,4
TRAIN,41385827-a238-2435-8320-d8d3eb507f5e,8466b61df7ddbb6951a62c6496625b12ac3a1ca3c5f71c0ce956a0db31b3070a,0.85,8,3,3
TRAIN,41385827-a238-2435-8320-d8d3eb507f5e,8466b61df7ddbb6951a62c6496625b12ac3a1ca3c5f71c0ce956a0db31b3070a,0.9,8,2,2
TRAIN,41385827-a238-2435-8320-d8d3eb507f5e,516fea3847ddace95cb173b72d7152ca8f689cf25ebec073c964c8ee9c7cc69a,0.5,7,6,6
TRAIN,41385827-a238-2435-8320-d8d3eb507f5e,516fea3847ddace95cb173b72d7152ca8f689cf25ebec073c964c8ee9c7cc69a,0.55,7,6,6
TRAIN,41385827-a238-2435-8320-d8d3eb507f5e,516fea3847ddace95cb173b72d7152ca8f689cf25ebec073c964c8ee9c7cc69a,0.6,7,5,5
TRAIN,41385827-a238-2435-8320-d8d3eb507f5e,516fea3847ddace95cb173b72d7152ca8f689cf25ebec073c964c8ee9c7cc69a,0.65,7,5,5
TRAIN,41385827-a238-2435-8320-d8d3eb507f5e,516fea3847ddace95cb173b72d7152ca8f689cf25ebec073c964c8ee9c7cc69a,0.7,7,4,4
TRAIN,41385827-a238-2435-8320-d8d3eb507f5e,516fea3847ddace95cb173b72d7152ca8f689cf25ebec073c964c8ee9c7cc69a,0.75,7,2,2
TRAIN,41385827-a238-2435-8320-d8d3eb507f5e,516fea3847ddace95cb173b72d7152ca8f689cf25ebec073c964c8ee9c7cc69a,0.8,7,2,2
TRAIN,41385827-a238-2435-8320-d8d3eb507f5e,516fea3847ddace95cb173b72d7152ca8f689cf25ebec073c964c8ee9c7cc69a,0.85,7,2,2
TRAIN,41385827-a238-2435-8320-d8d3eb507f5e,516fea3847ddace95cb173b72d7152ca8f689cf25ebec073c964c8ee9c7cc69a,0.9,7,1,1
TRAIN,41385827-a238-2435-8320-d8d3eb507f5e,a29b437685e10f229bf4252c462988b83c7c9740293c9a6f10da4cbcbbc39a83,0.5,7,5,5
TRAIN,41385827-a238-2435-8320-d8d3eb507f5e,a29b437685e10f229bf4252c462988b83c7c9740293c9a6f10da4cbcbbc39a83,0.55,7,5,5
TRAIN,41385827-a238-2435-8320-d8d3eb507f5e,a29b437685e10f229bf4252c462988b83c7c9740293c9a6f10da4cbcbbc39a83,0.6,7,5,5
TRAIN,41385827-a238-2435-8320-d8d3eb507f5e,a29b437685e10f229bf4252c462988b83c7c9740293c9a6f10da4cbcbbc39a83,0.65,7,5,5
TRAIN,41385827-a238-2435-8320-d8d3eb507f5e,a29b437685e10f229bf4252c462988b83c7c9740293c9a6f10da4cbcbbc39a83,0.7,7,4,4
TRAIN,41385827-a238-2435-8320-d8d3eb507f5e,a29b437685e10f229bf4252c462988b83c7c9740293c9a6f10da4cbcbbc39a83,0.75,7,4,4
TRAIN,41385827-a238-2435-8320-d8d3eb507f5e,a29b437685e10f229bf4252c462988b83c7c9740293c9a6f10da4cbcbbc39a83,0.8,7,3,3
TRAIN,41385827-a238-2435-8320-d8d3eb507f5e,a29b437685e10f229bf4252c462988b83c7c9740293c9a6f10da4cbcbbc39a83,0.85,7,3,3
TRAIN,41385827-a238-2435-8320-d8d3eb507f5e,a29b437685e10f229bf4252c462988b83c7c9740293c9a6f10da4cbcbbc39a83,0.9,7,2,2
TRAIN,5630cfcb-12bf-2860-87ee-b4e4a5bf0cb0,f9ec0c7081139e8b7a0eb7648f311fe146ab5afba1804949147058f9537a4a09,0.5,3,3,3
TRAIN,5630cfcb-12bf-2860-87ee-b4e4a5bf0cb0,f9ec0c7081139e8b7a0eb7648f311fe146ab5afba1804949147058f9537a4a09,0.55,3,3,3
TRAIN,5630cfcb-12bf-2860-87ee-b4e4a5bf0cb0,f9ec0c7081139e8b7a0eb7648f311fe146ab5afba1804949147058f9537a4a09,0.6,3,3,3
TRAIN,5630cfcb-12bf-2860-87ee-b4e4a5bf0cb0,f9ec0c7081139e8b7a0eb7648f311fe146ab5afba1804949147058f9537a4a09,0.65,3,2,2
TRAIN,5630cfcb-12bf-2860-87ee-b4e4a5bf0cb0,f9ec0c7081139e8b7a0eb7648f311fe146ab5afba1804949147058f9537a4a09,0.7,3,2,2
TRAIN,5630cfcb-12bf-2860-87ee-b4e4a5bf0cb0,f9ec0c7081139e8b7a0eb7648f311fe146ab5afba1804949147058f9537a4a09,0.75,3,2,2
TRAIN,5630cfcb-12bf-2860-87ee-b4e4a5bf0cb0,f9ec0c7081139e8b7a0eb7648f311fe146ab5afba1804949147058f9537a4a09,0.8,3,2,2
TRAIN,5630cfcb-12bf-2860-87ee-b4e4a5bf0cb0,f9ec0c7081139e8b7a0eb7648f311fe146ab5afba1804949147058f9537a4a09,0.85,3,2,2
TRAIN,5630cfcb-12bf-2860-87ee-b4e4a5bf0cb0,f9ec0c7081139e8b7a0eb7648f311fe146ab5afba1804949147058f9537a4a09,0.9,3,1,1
TRAIN,5630cfcb-12bf-2860-87ee-b4e4a5bf0cb0,9b3fd9ee13775e6a21172dd9f3da899a09c6f4f628d291562f6329e4d8a9dcc3,0.5,3,3,3
TRAIN,5630cfcb-12bf-2860-87ee-b4e4a5bf0cb0,9b3fd9ee13775e6a21172dd9f3da899a09c6f4f628d291562f6329e4d8a9dcc3,0.55,3,3,3
TRAIN,5630cfcb-12bf-2860-87ee-b4e4a5bf0cb0,9b3fd9ee13775e6a21172dd9f3da899a09c6f4f628d291562f6329e4d8a9dcc3,0.6,3,3,3
TRAIN,5630cfcb-12bf-2860-87ee-b4e4a5bf0cb0,9b3fd9ee13775e6a21172dd9f3da899a09c6f4f628d291562f6329e4d8a9dcc3,0.65,3,3,3
TRAIN,5630cfcb-12bf-2860-87ee-b4e4a5bf0cb0,9b3fd9ee13775e6a21172dd9f3da899a09c6f4f628d291562f6329e4d8a9dcc3,0.7,3,3,3
TRAIN,5630cfcb-12bf-2860-87ee-b4e4a5bf0cb0,9b3fd9ee13775e6a21172dd9f3da899a09c6f4f628d291562f6329e4d8a9dcc3,0.75,3,2,2
TRAIN,5630cfcb-12bf-2860-87ee-b4e4a5bf0cb0,9b3fd9ee13775e6a21172dd9f3da899a09c6f4f628d291562f6329e4d8a9dcc3,0.8,3,2,2
TRAIN,5630cfcb-12bf-2860-87ee-b4e4a5bf0cb0,9b3fd9ee13775e6a21172dd9f3da899a09c6f4f628d291562f6329e4d8a9dcc3,0.85,3,2,2
TRAIN,5630cfcb-12bf-2860-87ee-b4e4a5bf0cb0,9b3fd9ee13775e6a21172dd9f3da899a09c6f4f628d291562f6329e4d8a9dcc3,0.9,3,1,1
TRAIN,5630cfcb-12bf-2860-87ee-b4e4a5bf0cb0,061d0a2f228132e91f8101e5505d18deca80685e8b5dfff197db107db27b42fc,0.5,3,3,3
TRAIN,5630cfcb-12bf-2860-87ee-b4e4a5bf0cb0,061d0a2f228132e91f8101e5505d18deca80685e8b5dfff197db107db27b42fc,0.55,3,3,3
TRAIN,5630cfcb-12bf-2860-87ee-b4e4a5bf0cb0,061d0a2f228132e91f8101e5505d18deca80685e8b5dfff197db107db27b42fc,0.6,3,3,3
TRAIN,5630cfcb-12bf-2860-87ee-b4e4a5bf0cb0,061d0a2f228132e91f8101e5505d18deca80685e8b5dfff197db107db27b42fc,0.65,3,2,2
TRAIN,5630cfcb-12bf-2860-87ee-b4e4a5bf0cb0,061d0a2f228132e91f8101e5505d18deca80685e8b5dfff197db107db27b42fc,0.7,3,2,2
TRAIN,5630cfcb-12bf-2860-87ee-b4e4a5bf0cb0,061d0a2f228132e91f8101e5505d18deca80685e8b5dfff197db107db27b42fc,0.75,3,2,2
TRAIN,5630cfcb-12bf-2860-87ee-b4e4a5bf0cb0,061d0a2f228132e91f8101e5505d18deca80685e8b5dfff197db107db27b42fc,0.8,3,2,2
TRAIN,5630cfcb-12bf-2860-87ee-b4e4a5bf0cb0,061d0a2f228132e91f8101e5505d18deca80685e8b5dfff197db107db27b42fc,0.85,3,2,2
TRAIN,5630cfcb-12bf-2860-87ee-b4e4a5bf0cb0,061d0a2f228132e91f8101e5505d18deca80685e8b5dfff197db107db27b42fc,0.9,3,1,1
TRAIN,5630cfcb-12bf-2860-87ee-b4e4a5bf0cb0,e8d4093f8e74390748103c8d565ff50a09061f0ef9cebf49ee2354b502faa257,0.5,3,2,2
TRAIN,5630cfcb-12bf-2860-87ee-b4e4a5bf0cb0,e8d4093f8e74390748103c8d565ff50a09061f0ef9cebf49ee2354b502faa257,0.55,3,2,2
TRAIN,5630cfcb-12bf-2860-87ee-b4e4a5bf0cb0,e8d4093f8e74390748103c8d565ff50a09061f0ef9cebf49ee2354b502faa257,0.6,3,2,2
TRAIN,5630cfcb-12bf-2860-87ee-b4e4a5bf0cb0,e8d4093f8e74390748103c8d565ff50a09061f0ef9cebf49ee2354b502faa257,0.65,3,2,2
TRAIN,5630cfcb-12bf-2860-87ee-b4e4a5bf0cb0,e8d4093f8e74390748103c8d565ff50a09061f0ef9cebf49ee2354b502faa257,0.7,3,2,2
TRAIN,5630cfcb-12bf-2860-87ee-b4e4a5bf0cb0,e8d4093f8e74390748103c8d565ff50a09061f0ef9cebf49ee2354b502faa257,0.75,3,2,2
TRAIN,5630cfcb-12bf-2860-87ee-b4e4a5bf0cb0,e8d4093f8e74390748103c8d565ff50a09061f0ef9cebf49ee2354b502faa257,0.8,3,1,1
TRAIN,5630cfcb-12bf-2860-87ee-b4e4a5bf0cb0,e8d4093f8e74390748103c8d565ff50a09061f0ef9cebf49ee2354b502faa257,0.85,3,1,1
TRAIN,5630cfcb-12bf-2860-87ee-b4e4a5bf0cb0,e8d4093f8e74390748103c8d565ff50a09061f0ef9cebf49ee2354b502faa257,0.9,3,1,1
TRAIN,1d233ff6-e280-2b1a-8ed5-3eec62f9bb3f,04fc9ad6bde7cd347da81cb8ce457d4074269394dc08093e9f941e034d32aceb,0.5,8,8,8
TRAIN,1d233ff6-e280-2b1a-8ed5-3eec62f9bb3f,04fc9ad6bde7cd347da81cb8ce457d4074269394dc08093e9f941e034d32aceb,0.55,8,8,8
TRAIN,1d233ff6-e280-2b1a-8ed5-3eec62f9bb3f,04fc9ad6bde7cd347da81cb8ce457d4074269394dc08093e9f941e034d32aceb,0.6,8,8,8
TRAIN,1d233ff6-e280-2b1a-8ed5-3eec62f9bb3f,04fc9ad6bde7cd347da81cb8ce457d4074269394dc08093e9f941e034d32aceb,0.65,8,7,7
TRAIN,1d233ff6-e280-2b1a-8ed5-3eec62f9bb3f,04fc9ad6bde7cd347da81cb8ce457d4074269394dc08093e9f941e034d32aceb,0.7,8,7,7
TRAIN,1d233ff6-e280-2b1a-8ed5-3eec62f9bb3f,04fc9ad6bde7cd347da81cb8ce457d4074269394dc08093e9f941e034d32aceb,0.75,8,5,5
TRAIN,1d233ff6-e280-2b1a-8ed5-3eec62f9bb3f,04fc9ad6bde7cd347da81cb8ce457d4074269394dc08093e9f941e034d32aceb,0.8,8,5,5
TRAIN,1d233ff6-e280-2b1a-8ed5-3eec62f9bb3f,04fc9ad6bde7cd347da81cb8ce457d4074269394dc08093e9f941e034d32aceb,0.85,8,4,4
TRAIN,1d233ff6-e280-2b1a-8ed5-3eec62f9bb3f,04fc9ad6bde7cd347da81cb8ce457d4074269394dc08093e9f941e034d32aceb,0.9,8,1,2
TRAIN,1d233ff6-e280-2b1a-8ed5-3eec62f9bb3f,9b2767ee68b0281e158a47cb295243b2cb49edf15415a38242200a4e42332942,0.5,8,6,8
TRAIN,1d233ff6-e280-2b1a-8ed5-3eec62f9bb3f,9b2767ee68b0281e158a47cb295243b2cb49edf15415a38242200a4e42332942,0.55,8,6,8
TRAIN,1d233ff6-e280-2b1a-8ed5-3eec62f9bb3f,9b2767ee68b0281e158a47cb295243b2cb49edf15415a38242200a4e42332942,0.6,8,6,8
TRAIN,1d233ff6-e280-2b1a-8ed5-3eec62f9bb3f,9b2767ee68b0281e158a47cb295243b2cb49edf15415a38242200a4e42332942,0.65,8,6,6
TRAIN,1d233ff6-e280-2b1a-8ed5-3eec62f9bb3f,9b2767ee68b0281e158a47cb295243b2cb49edf15415a38242200a4e42332942,0.7,8,6,6
TRAIN,1d233ff6-e280-2b1a-8ed5-3eec62f9bb3f,9b2767ee68b0281e158a47cb295243b2cb49edf15415a38242200a4e42332942,0.75,8,5,5
TRAIN,1d233ff6-e280-2b1a-8ed5-3eec62f9bb3f,9b2767ee68b0281e158a47cb295243b2cb49edf15415a38242200a4e42332942,0.8,8,3,3
TRAIN,1d233ff6-e280-2b1a-8ed5-3eec62f9bb3f,9b2767ee68b0281e158a47cb295243b2cb49edf15415a38242200a4e42332942,0.85,8,2,2
TRAIN,1d233ff6-e280-2b1a-8ed5-3eec62f9bb3f,9b2767ee68b0281e158a47cb295243b2cb49edf15415a38242200a4e42332942,0.9,8,0,0
TRAIN,1d233ff6-e280-2b1a-8ed5-3eec62f9bb3f,7cb7eff8c6c6a6a0e0bc6dab439d44dab6fa851b60fef8f06766a5e718085b36,0.5,8,8,8
TRAIN,1d233ff6-e280-2b1a-8ed5-3eec62f9bb3f,7cb7eff8c6c6a6a0e0bc6dab439d44dab6fa851b60fef8f06766a5e718085b36,0.55,8,8,8
TRAIN,1d233ff6-e280-2b1a-8ed5-3eec62f9bb3f,7cb7eff8c6c6a6a0e0bc6dab439d44dab6fa851b60fef8f06766a5e718085b36,0.6,8,8,8
TRAIN,1d233ff6-e280-2b1a-8ed5-3eec62f9bb3f,7cb7eff8c6c6a6a0e0bc6dab439d44dab6fa851b60fef8f06766a5e718085b36,0.65,8,7,7
TRAIN,1d233ff6-e280-2b1a-8ed5-3eec62f9bb3f,7cb7eff8c6c6a6a0e0bc6dab439d44dab6fa851b60fef8f06766a5e718085b36,0.7,8,7,7
TRAIN,1d233ff6-e280-2b1a-8ed5-3eec62f9bb3f,7cb7eff8c6c6a6a0e0bc6dab439d44dab6fa851b60fef8f06766a5e718085b36,0.75,8,6,6
TRAIN,1d233ff6-e280-2b1a-8ed5-3eec62f9bb3f,7cb7eff8c6c6a6a0e0bc6dab439d44dab6fa851b60fef8f06766a5e718085b36,0.8,8,5,5
TRAIN,1d233ff6-e280-2b1a-8ed5-3eec62f9bb3f,7cb7eff8c6c6a6a0e0bc6dab439d44dab6fa851b60fef8f06766a5e718085b36,0.85,8,4,4
TRAIN,1d233ff6-e280-2b1a-8ed5-3eec62f9bb3f,7cb7eff8c6c6a6a0e0bc6dab439d44dab6fa851b60fef8f06766a5e718085b36,0.9,8,3,3
TRAIN,0cac760f-8d6f-2d13-8d9d-2d8df8f8cb6e,c2e41507f62e5c073bcdd1d442c315aef40f120b85c2ac1f386b76053fdcbe9b,0.5,8,7,7
TRAIN,0cac760f-8d6f-2d13-8d9d-2d8df8f8cb6e,c2e41507f62e5c073bcdd1d442c315aef40f120b85c2ac1f386b76053fdcbe9b,0.55,8,7,7
TRAIN,0cac760f-8d6f-2d13-8d9d-2d8df8f8cb6e,c2e41507f62e5c073bcdd1d442c315aef40f120b85c2ac1f386b76053fdcbe9b,0.6,8,7,7
TRAIN,0cac760f-8d6f-2d13-8d9d-2d8df8f8cb6e,c2e41507f62e5c073bcdd1d442c315aef40f120b85c2ac1f386b76053fdcbe9b,0.65,8,7,7
TRAIN,0cac760f-8d6f-2d13-8d9d-2d8df8f8cb6e,c2e41507f62e5c073bcdd1d442c315aef40f120b85c2ac1f386b76053fdcbe9b,0.7,8,6,6
TRAIN,0cac760f-8d6f-2d13-8d9d-2d8df8f8cb6e,c2e41507f62e5c073bcdd1d442c315aef40f120b85c2ac1f386b76053fdcbe9b,0.75,8,6,6
TRAIN,0cac760f-8d6f-2d13-8d9d-2d8df8f8cb6e,c2e41507f62e5c073bcdd1d442c315aef40f120b85c2ac1f386b76053fdcbe9b,0.8,8,5,5
TRAIN,0cac760f-8d6f-2d13-8d9d-2d8df8f8cb6e,c2e41507f62e5c073bcdd1d442c315aef40f120b85c2ac1f386b76053fdcbe9b,0.85,8,5,5
TRAIN,0cac760f-8d6f-2d13-8d9d-2d8df8f8cb6e,c2e41507f62e5c073bcdd1d442c315aef40f120b85c2ac1f386b76053fdcbe9b,0.9,8,2,2
TRAIN,0cac760f-8d6f-2d13-8d9d-2d8df8f8cb6e,54a5aacd7347fe8fa31d44119f95dc62fac6ab49fb4fd08f451eec2989a6c261,0.5,8,7,7
TRAIN,0cac760f-8d6f-2d13-8d9d-2d8df8f8cb6e,54a5aacd7347fe8fa31d44119f95dc62fac6ab49fb4fd08f451eec2989a6c261,0.55,8,7,7
TRAIN,0cac760f-8d6f-2d13-8d9d-2d8df8f8cb6e,54a5aacd7347fe8fa31d44119f95dc62fac6ab49fb4fd08f451eec2989a6c261,0.6,8,7,7
TRAIN,0cac760f-8d6f-2d13-8d9d-2d8df8f8cb6e,54a5aacd7347fe8fa31d44119f95dc62fac6ab49fb4fd08f451eec2989a6c261,0.65,8,7,7
TRAIN,0cac760f-8d6f-2d13-8d9d-2d8df8f8cb6e,54a5aacd7347fe8fa31d44119f95dc62fac6ab49fb4fd08f451eec2989a6c261,0.7,8,7,7
TRAIN,0cac760f-8d6f-2d13-8d9d-2d8df8f8cb6e,54a5aacd7347fe8fa31d44119f95dc62fac6ab49fb4fd08f451eec2989a6c261,0.75,8,7,7
TRAIN,0cac760f-8d6f-2d13-8d9d-2d8df8f8cb6e,54a5aacd7347fe8fa31d44119f95dc62fac6ab49fb4fd08f451eec2989a6c261,0.8,8,5,5
TRAIN,0cac760f-8d6f-2d13-8d9d-2d8df8f8cb6e,54a5aacd7347fe8fa31d44119f95dc62fac6ab49fb4fd08f451eec2989a6c261,0.85,8,5,5
TRAIN,0cac760f-8d6f-2d13-8d9d-2d8df8f8cb6e,54a5aacd7347fe8fa31d44119f95dc62fac6ab49fb4fd08f451eec2989a6c261,0.9,8,3,3
TRAIN,09582212-e2c2-2de1-9700-fa44b14fbded,ad4a1af43458ce8e20982b8bd6330be0a0abc16f59a64fcdb8e806addd4d9dd5,0.5,4,3,3
TRAIN,09582212-e2c2-2de1-9700-fa44b14fbded,ad4a1af43458ce8e20982b8bd6330be0a0abc16f59a64fcdb8e806addd4d9dd5,0.55,4,3,3
TRAIN,09582212-e2c2-2de1-9700-fa44b14fbded,ad4a1af43458ce8e20982b8bd6330be0a0abc16f59a64fcdb8e806addd4d9dd5,0.6,4,3,3
TRAIN,09582212-e2c2-2de1-9700-fa44b14fbded,ad4a1af43458ce8e20982b8bd6330be0a0abc16f59a64fcdb8e806addd4d9dd5,0.65,4,3,3
TRAIN,09582212-e2c2-2de1-9700-fa44b14fbded,ad4a1af43458ce8e20982b8bd6330be0a0abc16f59a64fcdb8e806addd4d9dd5,0.7,4,3,3
TRAIN,09582212-e2c2-2de1-9700-fa44b14fbded,ad4a1af43458ce8e20982b8bd6330be0a0abc16f59a64fcdb8e806addd4d9dd5,0.75,4,1,1
TRAIN,09582212-e2c2-2de1-9700-fa44b14fbded,ad4a1af43458ce8e20982b8bd6330be0a0abc16f59a64fcdb8e806addd4d9dd5,0.8,4,1,1
TRAIN,09582212-e2c2-2de1-9700-fa44b14fbded,ad4a1af43458ce8e20982b8bd6330be0a0abc16f59a64fcdb8e806addd4d9dd5,0.85,4,1,1
TRAIN,09582212-e2c2-2de1-9700-fa44b14fbded,ad4a1af43458ce8e20982b8bd6330be0a0abc16f59a64fcdb8e806addd4d9dd5,0.9,4,0,0
TRAIN,09582212-e2c2-2de1-9700-fa44b14fbded,2e8f88960fa4eeda6d66452af5cb374422f5afd27ae6f222e282ea5dcaa33614,0.5,3,3,3
TRAIN,09582212-e2c2-2de1-9700-fa44b14fbded,2e8f88960fa4eeda6d66452af5cb374422f5afd27ae6f222e282ea5dcaa33614,0.55,3,3,3
TRAIN,09582212-e2c2-2de1-9700-fa44b14fbded,2e8f88960fa4eeda6d66452af5cb374422f5afd27ae6f222e282ea5dcaa33614,0.6,3,3,3
TRAIN,09582212-e2c2-2de1-9700-fa44b14fbded,2e8f88960fa4eeda6d66452af5cb374422f5afd27ae6f222e282ea5dcaa33614,0.65,3,3,3
TRAIN,09582212-e2c2-2de1-9700-fa44b14fbded,2e8f88960fa4eeda6d66452af5cb374422f5afd27ae6f222e282ea5dcaa33614,0.7,3,3,3
TRAIN,09582212-e2c2-2de1-9700-fa44b14fbded,2e8f88960fa4eeda6d66452af5cb374422f5afd27ae6f222e282ea5dcaa33614,0.75,3,2,2
TRAIN,09582212-e2c2-2de1-9700-fa44b14fbded,2e8f88960fa4eeda6d66452af5cb374422f5afd27ae6f222e282ea5dcaa33614,0.8,3,1,1
TRAIN,09582212-e2c2-2de1-9700-fa44b14fbded,2e8f88960fa4eeda6d66452af5cb374422f5afd27ae6f222e282ea5dcaa33614,0.85,3,1,1
TRAIN,09582212-e2c2-2de1-9700-fa44b14fbded,2e8f88960fa4eeda6d66452af5cb374422f5afd27ae6f222e282ea5dcaa33614,0.9,3,1,1
TRAIN,09582212-e2c2-2de1-9700-fa44b14fbded,4e0b7cc56463cc5d6df4ade2169bd1808a81a16782562d51305e1d8a34cad325,0.5,5,4,4
TRAIN,09582212-e2c2-2de1-9700-fa44b14fbded,4e0b7cc56463cc5d6df4ade2169bd1808a81a16782562d51305e1d8a34cad325,0.55,5,4,4
TRAIN,09582212-e2c2-2de1-9700-fa44b14fbded,4e0b7cc56463cc5d6df4ade2169bd1808a81a16782562d51305e1d8a34cad325,0.6,5,4,4
TRAIN,09582212-e2c2-2de1-9700-fa44b14fbded,4e0b7cc56463cc5d6df4ade2169bd1808a81a16782562d51305e1d8a34cad325,0.65,5,4,4
TRAIN,09582212-e2c2-2de1-9700-fa44b14fbded,4e0b7cc56463cc5d6df4ade2169bd1808a81a16782562d51305e1d8a34cad325,0.7,5,4,4
TRAIN,09582212-e2c2-2de1-9700-fa44b14fbded,4e0b7cc56463cc5d6df4ade2169bd1808a81a16782562d51305e1d8a34cad325,0.75,5,3,3
TRAIN,09582212-e2c2-2de1-9700-fa44b14fbded,4e0b7cc56463cc5d6df4ade2169bd1808a81a16782562d51305e1d8a34cad325,0.8,5,3,3
TRAIN,09582212-e2c2-2de1-9700-fa44b14fbded,4e0b7cc56463cc5d6df4ade2169bd1808a81a16782562d51305e1d8a34cad325,0.85,5,0,0
TRAIN,09582212-e2c2-2de1-9700-fa44b14fbded,4e0b7cc56463cc5d6df4ade2169bd1808a81a16782562d51305e1d8a34cad325,0.9,5,0,0
TRAIN,09582212-e2c2-2de1-9700-fa44b14fbded,48a9d17c0680d9112f132e6bacef63e62069f90fc8b83da1c68f630fca331bcf,0.5,5,3,4
TRAIN,09582212-e2c2-2de1-9700-fa44b14fbded,48a9d17c0680d9112f132e6bacef63e62069f90fc8b83da1c68f630fca331bcf,0.55,5,3,4
TRAIN,09582212-e2c2-2de1-9700-fa44b14fbded,48a9d17c0680d9112f132e6bacef63e62069f90fc8b83da1c68f630fca331bcf,0.6,5,3,4
TRAIN,09582212-e2c2-2de1-9700-fa44b14fbded,48a9d17c0680d9112f132e6bacef63e62069f90fc8b83da1c68f630fca331bcf,0.65,5,3,3
TRAIN,09582212-e2c2-2de1-9700-fa44b14fbded,48a9d17c0680d9112f132e6bacef63e62069f90fc8b83da1c68f630fca331bcf,0.7,5,3,3
TRAIN,09582212-e2c2-2de1-9700-fa44b14fbded,48a9d17c0680d9112f132e6bacef63e62069f90fc8b83da1c68f630fca331bcf,0.75,5,2,2
TRAIN,09582212-e2c2-2de1-9700-fa44b14fbded,48a9d17c0680d9112f132e6bacef63e62069f90fc8b83da1c68f630fca331bcf,0.8,5,2,2
TRAIN,09582212-e2c2-2de1-9700-fa44b14fbded,48a9d17c0680d9112f132e6bacef63e62069f90fc8b83da1c68f630fca331bcf,0.85,5,1,1
TRAIN,09582212-e2c2-2de1-9700-fa44b14fbded,48a9d17c0680d9112f132e6bacef63e62069f90fc8b83da1c68f630fca331bcf,0.9,5,0,0
TRAIN,b05fdd66-fca0-2d4f-88bb-210da4439475,30245531e5af0ec8df78f540335dcf1603ac6b1134b3a6bc92d2b1d8a7c8f059,0.5,8,7,7
TRAIN,b05fdd66-fca0-2d4f-88bb-210da4439475,30245531e5af0ec8df78f540335dcf1603ac6b1134b3a6bc92d2b1d8a7c8f059,0.55,8,7,7
TRAIN,b05fdd66-fca0-2d4f-88bb-210da4439475,30245531e5af0ec8df78f540335dcf1603ac6b1134b3a6bc92d2b1d8a7c8f059,0.6,8,6,6
TRAIN,b05fdd66-fca0-2d4f-88bb-210da4439475,30245531e5af0ec8df78f540335dcf1603ac6b1134b3a6bc92d2b1d8a7c8f059,0.65,8,5,5
TRAIN,b05fdd66-fca0-2d4f-88bb-210da4439475,30245531e5af0ec8df78f540335dcf1603ac6b1134b3a6bc92d2b1d8a7c8f059,0.7,8,5,5
TRAIN,b05fdd66-fca0-2d4f-88bb-210da4439475,30245531e5af0ec8df78f540335dcf1603ac6b1134b3a6bc92d2b1d8a7c8f059,0.75,8,2,2
TRAIN,b05fdd66-fca0-2d4f-88bb-210da4439475,30245531e5af0ec8df78f540335dcf1603ac6b1134b3a6bc92d2b1d8a7c8f059,0.8,8,2,2
TRAIN,b05fdd66-fca0-2d4f-88bb-210da4439475,30245531e5af0ec8df78f540335dcf1603ac6b1134b3a6bc92d2b1d8a7c8f059,0.85,8,1,1
TRAIN,b05fdd66-fca0-2d4f-88bb-210da4439475,30245531e5af0ec8df78f540335dcf1603ac6b1134b3a6bc92d2b1d8a7c8f059,0.9,8,0,0
TRAIN,b05fdd66-fca0-2d4f-88bb-210da4439475,4f6a1523e0b47c09b4fd64500ab387eac28006a8261f8c16bcfb64dab7d5c8be,0.5,8,7,7
TRAIN,b05fdd66-fca0-2d4f-88bb-210da4439475,4f6a1523e0b47c09b4fd64500ab387eac28006a8261f8c16bcfb64dab7d5c8be,0.55,8,7,7
TRAIN,b05fdd66-fca0-2d4f-88bb-210da4439475,4f6a1523e0b47c09b4fd64500ab387eac28006a8261f8c16bcfb64dab7d5c8be,0.6,8,6,6
TRAIN,b05fdd66-fca0-2d4f-88bb-210da4439475,4f6a1523e0b47c09b4fd64500ab387eac28006a8261f8c16bcfb64dab7d5c8be,0.65,8,5,5
TRAIN,b05fdd66-fca0-2d4f-88bb-210da4439475,4f6a1523e0b47c09b4fd64500ab387eac28006a8261f8c16bcfb64dab7d5c8be,0.7,8,4,4
TRAIN,b05fdd66-fca0-2d4f-88bb-210da4439475,4f6a1523e0b47c09b4fd64500ab387eac28006a8261f8c16bcfb64dab7d5c8be,0.75,8,3,3
TRAIN,b05fdd66-fca0-2d4f-88bb-210da4439475,4f6a1523e0b47c09b4fd64500ab387eac28006a8261f8c16bcfb64dab7d5c8be,0.8,8,3,3
TRAIN,b05fdd66-fca0-2d4f-88bb-210da4439475,4f6a1523e0b47c09b4fd64500ab387eac28006a8261f8c16bcfb64dab7d5c8be,0.85,8,1,2
TRAIN,b05fdd66-fca0-2d4f-88bb-210da4439475,4f6a1523e0b47c09b4fd64500ab387eac28006a8261f8c16bcfb64dab7d5c8be,0.9,8,0,0
TRAIN,8eabc435-5af7-2f32-85c3-163c1fa6e280,00c52dab865590cac3aa2e27964c570b0f85339670bc03063daf0e6cc209f09a,0.5,9,9,9
TRAIN,8eabc435-5af7-2f32-85c3-163c1fa6e280,00c52dab865590cac3aa2e27964c570b0f85339670bc03063daf0e6cc209f09a,0.55,9,9,9
TRAIN,8eabc435-5af7-2f32-85c3-163c1fa6e280,00c52dab865590cac3aa2e27964c570b0f85339670bc03063daf0e6cc209f09a,0.6,9,8,9
TRAIN,8eabc435-5af7-2f32-85c3-163c1fa6e280,00c52dab865590cac3aa2e27964c570b0f85339670bc03063daf0e6cc209f09a,0.65,9,8,8
TRAIN,8eabc435-5af7-2f32-85c3-163c1fa6e280,00c52dab865590cac3aa2e27964c570b0f85339670bc03063daf0e6cc209f09a,0.7,9,7,7
TRAIN,8eabc435-5af7-2f32-85c3-163c1fa6e280,00c52dab865590cac3aa2e27964c570b0f85339670bc03063daf0e6cc209f09a,0.75,9,5,5
TRAIN,8eabc435-5af7-2f32-85c3-163c1fa6e280,00c52dab865590cac3aa2e27964c570b0f85339670bc03063daf0e6cc209f09a,0.8,9,5,5
TRAIN,8eabc435-5af7-2f32-85c3-163c1fa6e280,00c52dab865590cac3aa2e27964c570b0f85339670bc03063daf0e6cc209f09a,0.85,9,5,5
TRAIN,8eabc435-5af7-2f32-85c3-163c1fa6e280,00c52dab865590cac3aa2e27964c570b0f85339670bc03063daf0e6cc209f09a,0.9,9,4,4
TRAIN,8eabc435-5af7-2f32-85c3-163c1fa6e280,06332fb7b93ea24d1b8206da34aff5f5929fbffc0ac83e2c7def70c7e2276031,0.5,9,9,9
TRAIN,8eabc435-5af7-2f32-85c3-163c1fa6e280,06332fb7b93ea24d1b8206da34aff5f5929fbffc0ac83e2c7def70c7e2276031,0.55,9,9,9
TRAIN,8eabc435-5af7-2f32-85c3-163c1fa6e280,06332fb7b93ea24d1b8206da34aff5f5929fbffc0ac83e2c7def70c7e2276031,0.6,9,8,8
TRAIN,8eabc435-5af7-2f32-85c3-163c1fa6e280,06332fb7b93ea24d1b8206da34aff5f5929fbffc0ac83e2c7def70c7e2276031,0.65,9,7,7
TRAIN,8eabc435-5af7-2f32-85c3-163c1fa6e280,06332fb7b93ea24d1b8206da34aff5f5929fbffc0ac83e2c7def70c7e2276031,0.7,9,6,6
TRAIN,8eabc435-5af7-2f32-85c3-163c1fa6e280,06332fb7b93ea24d1b8206da34aff5f5929fbffc0ac83e2c7def70c7e2276031,0.75,9,5,5
TRAIN,8eabc435-5af7-2f32-85c3-163c1fa6e280,06332fb7b93ea24d1b8206da34aff5f5929fbffc0ac83e2c7def70c7e2276031,0.8,9,4,4
TRAIN,8eabc435-5af7-2f32-85c3-163c1fa6e280,06332fb7b93ea24d1b8206da34aff5f5929fbffc0ac83e2c7def70c7e2276031,0.85,9,2,2
TRAIN,8eabc435-5af7-2f32-85c3-163c1fa6e280,06332fb7b93ea24d1b8206da34aff5f5929fbffc0ac83e2c7def70c7e2276031,0.9,9,2,2
TRAIN,8eabc435-5af7-2f32-85c3-163c1fa6e280,0cfe8e5dddcf3b1f769b98c9affcf08e9e03e2398d1a5ef85583dc6f3038e684,0.5,9,7,7
TRAIN,8eabc435-5af7-2f32-85c3-163c1fa6e280,0cfe8e5dddcf3b1f769b98c9affcf08e9e03e2398d1a5ef85583dc6f3038e684,0.55,9,7,7
TRAIN,8eabc435-5af7-2f32-85c3-163c1fa6e280,0cfe8e5dddcf3b1f769b98c9affcf08e9e03e2398d1a5ef85583dc6f3038e684,0.6,9,6,6
TRAIN,8eabc435-5af7-2f32-85c3-163c1fa6e280,0cfe8e5dddcf3b1f769b98c9affcf08e9e03e2398d1a5ef85583dc6f3038e684,0.65,9,5,5
TRAIN,8eabc435-5af7-2f32-85c3-163c1fa6e280,0cfe8e5dddcf3b1f769b98c9affcf08e9e03e2398d1a5ef85583dc6f3038e684,0.7,9,5,5
TRAIN,8eabc435-5af7-2f32-85c3-163c1fa6e280,0cfe8e5dddcf3b1f769b98c9affcf08e9e03e2398d1a5ef85583dc6f3038e684,0.75,9,4,4
TRAIN,8eabc435-5af7-2f32-85c3-163c1fa6e280,0cfe8e5dddcf3b1f769b98c9affcf08e9e03e2398d1a5ef85583dc6f3038e684,0.8,9,2,2
TRAIN,8eabc435-5af7-2f32-85c3-163c1fa6e280,0cfe8e5dddcf3b1f769b98c9affcf08e9e03e2398d1a5ef85583dc6f3038e684,0.85,9,1,1
TRAIN,8eabc435-5af7-2f32-85c3-163c1fa6e280,0cfe8e5dddcf3b1f769b98c9affcf08e9e03e2398d1a5ef85583dc6f3038e684,0.9,9,1,1
TRAIN,54b263a3-0199-2df4-87db-40539528902d,5f5b234058db53a64635cdde554b813acfcda5433927f9c73e5eb131e00b1037,0.5,2,1,1
TRAIN,54b263a3-0199-2df4-87db-40539528902d,5f5b234058db53a64635cdde554b813acfcda5433927f9c73e5eb131e00b1037,0.55,2,1,1
TRAIN,54b263a3-0199-2df4-87db-40539528902d,5f5b234058db53a64635cdde554b813acfcda5433927f9c73e5eb131e00b1037,0.6,2,1,1
TRAIN,54b263a3-0199-2df4-87db-40539528902d,5f5b234058db53a64635cdde554b813acfcda5433927f9c73e5eb131e00b1037,0.65,2,1,1
TRAIN,54b263a3-0199-2df4-87db-40539528902d,5f5b234058db53a64635cdde554b813acfcda5433927f9c73e5eb131e00b1037,0.7,2,1,1
TRAIN,54b263a3-0199-2df4-87db-40539528902d,5f5b234058db53a64635cdde554b813acfcda5433927f9c73e5eb131e00b1037,0.75,2,0,0
TRAIN,54b263a3-0199-2df4-87db-40539528902d,5f5b234058db53a64635cdde554b813acfcda5433927f9c73e5eb131e00b1037,0.8,2,0,0
TRAIN,54b263a3-0199-2df4-87db-40539528902d,5f5b234058db53a64635cdde554b813acfcda5433927f9c73e5eb131e00b1037,0.85,2,0,0
TRAIN,54b263a3-0199-2df4-87db-40539528902d,5f5b234058db53a64635cdde554b813acfcda5433927f9c73e5eb131e00b1037,0.9,2,0,0
TRAIN,54b263a3-0199-2df4-87db-40539528902d,b94469112cd12ba5114d7e5636a29bf3957743951ac4f6dcd8ebb54657f252b3,0.5,2,2,2
TRAIN,54b263a3-0199-2df4-87db-40539528902d,b94469112cd12ba5114d7e5636a29bf3957743951ac4f6dcd8ebb54657f252b3,0.55,2,2,2
TRAIN,54b263a3-0199-2df4-87db-40539528902d,b94469112cd12ba5114d7e5636a29bf3957743951ac4f6dcd8ebb54657f252b3,0.6,2,1,1
TRAIN,54b263a3-0199-2df4-87db-40539528902d,b94469112cd12ba5114d7e5636a29bf3957743951ac4f6dcd8ebb54657f252b3,0.65,2,1,1
TRAIN,54b263a3-0199-2df4-87db-40539528902d,b94469112cd12ba5114d7e5636a29bf3957743951ac4f6dcd8ebb54657f252b3,0.7,2,1,1
TRAIN,54b263a3-0199-2df4-87db-40539528902d,b94469112cd12ba5114d7e5636a29bf3957743951ac4f6dcd8ebb54657f252b3,0.75,2,1,1
TRAIN,54b263a3-0199-2df4-87db-40539528902d,b94469112cd12ba5114d7e5636a29bf3957743951ac4f6dcd8ebb54657f252b3,0.8,2,0,0
TRAIN,54b263a3-0199-2df4-87db-40539528902d,b94469112cd12ba5114d7e5636a29bf3957743951ac4f6dcd8ebb54657f252b3,0.85,2,0,0
TRAIN,54b263a3-0199-2df4-87db-40539528902d,b94469112cd12ba5114d7e5636a29bf3957743951ac4f6dcd8ebb54657f252b3,0.9,2,0,0
TRAIN,54b263a3-0199-2df4-87db-40539528902d,03f0761ec017c355c86bd84a2248e1f20df8a127d19ef744d76138619e3c7743,0.5,3,2,2
TRAIN,54b263a3-0199-2df4-87db-40539528902d,03f0761ec017c355c86bd84a2248e1f20df8a127d19ef744d76138619e3c7743,0.55,3,1,1
TRAIN,54b263a3-0199-2df4-87db-40539528902d,03f0761ec017c355c86bd84a2248e1f20df8a127d19ef744d76138619e3c7743,0.6,3,1,1
TRAIN,54b263a3-0199-2df4-87db-40539528902d,03f0761ec017c355c86bd84a2248e1f20df8a127d19ef744d76138619e3c7743,0.65,3,1,1
TRAIN,54b263a3-0199-2df4-87db-40539528902d,03f0761ec017c355c86bd84a2248e1f20df8a127d19ef744d76138619e3c7743,0.7,3,1,1
TRAIN,54b263a3-0199-2df4-87db-40539528902d,03f0761ec017c355c86bd84a2248e1f20df8a127d19ef744d76138619e3c7743,0.75,3,1,1
TRAIN,54b263a3-0199-2df4-87db-40539528902d,03f0761ec017c355c86bd84a2248e1f20df8a127d19ef744d76138619e3c7743,0.8,3,1,1
TRAIN,54b263a3-0199-2df4-87db-40539528902d,03f0761ec017c355c86bd84a2248e1f20df8a127d19ef744d76138619e3c7743,0.85,3,1,1
TRAIN,54b263a3-0199-2df4-87db-40539528902d,03f0761ec017c355c86bd84a2248e1f20df8a127d19ef744d76138619e3c7743,0.9,3,0,0
TRAIN,8eabc42c-5af7-2f32-87c4-bf646779aa62,5374dc18ed4c20f5f4f8c81c9bf56503fd33d39ef837f7c8a50c471fa82b6dfe,0.5,12,11,11
TRAIN,8eabc42c-5af7-2f32-87c4-bf646779aa62,5374dc18ed4c20f5f4f8c81c9bf56503fd33d39ef837f7c8a50c471fa82b6dfe,0.55,12,10,11
TRAIN,8eabc42c-5af7-2f32-87c4-bf646779aa62,5374dc18ed4c20f5f4f8c81c9bf56503fd33d39ef837f7c8a50c471fa82b6dfe,0.6,12,10,11
TRAIN,8eabc42c-5af7-2f32-87c4-bf646779aa62,5374dc18ed4c20f5f4f8c81c9bf56503fd33d39ef837f7c8a50c471fa82b6dfe,0.65,12,10,11
TRAIN,8eabc42c-5af7-2f32-87c4-bf646779aa62,5374dc18ed4c20f5f4f8c81c9bf56503fd33d39ef837f7c8a50c471fa82b6dfe,0.7,12,10,11
TRAIN,8eabc42c-5af7-2f32-87c4-bf646779aa62,5374dc18ed4c20f5f4f8c81c9bf56503fd33d39ef837f7c8a50c471fa82b6dfe,0.75,12,7,10
TRAIN,8eabc42c-5af7-2f32-87c4-bf646779aa62,5374dc18ed4c20f5f4f8c81c9bf56503fd33d39ef837f7c8a50c471fa82b6dfe,0.8,12,6,9
TRAIN,8eabc42c-5af7-2f32-87c4-bf646779aa62,5374dc18ed4c20f5f4f8c81c9bf56503fd33d39ef837f7c8a50c471fa82b6dfe,0.85,12,5,6
TRAIN,8eabc42c-5af7-2f32-87c4-bf646779aa62,5374dc18ed4c20f5f4f8c81c9bf56503fd33d39ef837f7c8a50c471fa82b6dfe,0.9,12,5,5
TRAIN,8eabc42c-5af7-2f32-87c4-bf646779aa62,6a37abf65438f733b586cd5fbab58d61e13581cf3029dcfb51243c91bcc2aa15,0.5,12,12,12
TRAIN,8eabc42c-5af7-2f32-87c4-bf646779aa62,6a37abf65438f733b586cd5fbab58d61e13581cf3029dcfb51243c91bcc2aa15,0.55,12,12,12
TRAIN,8eabc42c-5af7-2f32-87c4-bf646779aa62,6a37abf65438f733b586cd5fbab58d61e13581cf3029dcfb51243c91bcc2aa15,0.6,12,12,12
TRAIN,8eabc42c-5af7-2f32-87c4-bf646779aa62,6a37abf65438f733b586cd5fbab58d61e13581cf3029dcfb51243c91bcc2aa15,0.65,12,12,12
TRAIN,8eabc42c-5af7-2f32-87c4-bf646779aa62,6a37abf65438f733b586cd5fbab58d61e13581cf3029dcfb51243c91bcc2aa15,0.7,12,12,12
TRAIN,8eabc42c-5af7-2f32-87c4-bf646779aa62,6a37abf65438f733b586cd5fbab58d61e13581cf3029dcfb51243c91bcc2aa15,0.75,12,9,10
TRAIN,8eabc42c-5af7-2f32-87c4-bf646779aa62,6a37abf65438f733b586cd5fbab58d61e13581cf3029dcfb51243c91bcc2aa15,0.8,12,8,9
TRAIN,8eabc42c-5af7-2f32-87c4-bf646779aa62,6a37abf65438f733b586cd5fbab58d61e13581cf3029dcfb51243c91bcc2aa15,0.85,12,7,8
TRAIN,8eabc42c-5af7-2f32-87c4-bf646779aa62,6a37abf65438f733b586cd5fbab58d61e13581cf3029dcfb51243c91bcc2aa15,0.9,12,6,7
TRAIN,8eabc42c-5af7-2f32-87c4-bf646779aa62,87631299e1bc0adbbf947cf37f7a94e79a315ae91ff8fa513f53971e8ba0ea89,0.5,12,11,11
TRAIN,8eabc42c-5af7-2f32-87c4-bf646779aa62,87631299e1bc0adbbf947cf37f7a94e79a315ae91ff8fa513f53971e8ba0ea89,0.55,12,11,11
TRAIN,8eabc42c-5af7-2f32-87c4-bf646779aa62,87631299e1bc0adbbf947cf37f7a94e79a315ae91ff8fa513f53971e8ba0ea89,0.6,12,11,11
TRAIN,8eabc42c-5af7-2f32-87c4-bf646779aa62,87631299e1bc0adbbf947cf37f7a94e79a315ae91ff8fa513f53971e8ba0ea89,0.65,12,11,11
TRAIN,8eabc42c-5af7-2f32-87c4-bf646779aa62,87631299e1bc0adbbf947cf37f7a94e79a315ae91ff8fa513f53971e8ba0ea89,0.7,12,11,11
TRAIN,8eabc42c-5af7-2f32-87c4-bf646779aa62,87631299e1bc0adbbf947cf37f7a94e79a315ae91ff8fa513f53971e8ba0ea89,0.75,12,10,10
TRAIN,8eabc42c-5af7-2f32-87c4-bf646779aa62,87631299e1bc0adbbf947cf37f7a94e79a315ae91ff8fa513f53971e8ba0ea89,0.8,12,9,9
TRAIN,8eabc42c-5af7-2f32-87c4-bf646779aa62,87631299e1bc0adbbf947cf37f7a94e79a315ae91ff8fa513f53971e8ba0ea89,0.85,12,6,6
TRAIN,8eabc42c-5af7-2f32-87c4-bf646779aa62,87631299e1bc0adbbf947cf37f7a94e79a315ae91ff8fa513f53971e8ba0ea89,0.9,12,4,4
TRAIN,752cc57f-920c-26f5-8e8d-1f9d567cffd7,dedca2033a7d46e98a6285ea16c94cfaed103b49492693cb73fbd94b174e5d1e,0.5,4,3,3
TRAIN,752cc57f-920c-26f5-8e8d-1f9d567cffd7,dedca2033a7d46e98a6285ea16c94cfaed103b49492693cb73fbd94b174e5d1e,0.55,4,3,3
TRAIN,752cc57f-920c-26f5-8e8d-1f9d567cffd7,dedca2033a7d46e98a6285ea16c94cfaed103b49492693cb73fbd94b174e5d1e,0.6,4,2,2
TRAIN,752cc57f-920c-26f5-8e8d-1f9d567cffd7,dedca2033a7d46e98a6285ea16c94cfaed103b49492693cb73fbd94b174e5d1e,0.65,4,2,2
TRAIN,752cc57f-920c-26f5-8e8d-1f9d567cffd7,dedca2033a7d46e98a6285ea16c94cfaed103b49492693cb73fbd94b174e5d1e,0.7,4,1,1
TRAIN,752cc57f-920c-26f5-8e8d-1f9d567cffd7,dedca2033a7d46e98a6285ea16c94cfaed103b49492693cb73fbd94b174e5d1e,0.75,4,1,1
TRAIN,752cc57f-920c-26f5-8e8d-1f9d567cffd7,dedca2033a7d46e98a6285ea16c94cfaed103b49492693cb73fbd94b174e5d1e,0.8,4,1,1
TRAIN,752cc57f-920c-26f5-8e8d-1f9d567cffd7,dedca2033a7d46e98a6285ea16c94cfaed103b49492693cb73fbd94b174e5d1e,0.85,4,0,0
TRAIN,752cc57f-920c-26f5-8e8d-1f9d567cffd7,dedca2033a7d46e98a6285ea16c94cfaed103b49492693cb73fbd94b174e5d1e,0.9,4,0,0
TRAIN,752cc57f-920c-26f5-8e8d-1f9d567cffd7,90135a30d8ad2edac7b348c32e566d271863312c39238d3adca35c9f8ddc1a76,0.5,4,4,4
TRAIN,752cc57f-920c-26f5-8e8d-1f9d567cffd7,90135a30d8ad2edac7b348c32e566d271863312c39238d3adca35c9f8ddc1a76,0.55,4,4,4
TRAIN,752cc57f-920c-26f5-8e8d-1f9d567cffd7,90135a30d8ad2edac7b348c32e566d271863312c39238d3adca35c9f8ddc1a76,0.6,4,3,3
TRAIN,752cc57f-920c-26f5-8e8d-1f9d567cffd7,90135a30d8ad2edac7b348c32e566d271863312c39238d3adca35c9f8ddc1a76,0.65,4,3,3
TRAIN,752cc57f-920c-26f5-8e8d-1f9d567cffd7,90135a30d8ad2edac7b348c32e566d271863312c39238d3adca35c9f8ddc1a76,0.7,4,3,3
TRAIN,752cc57f-920c-26f5-8e8d-1f9d567cffd7,90135a30d8ad2edac7b348c32e566d271863312c39238d3adca35c9f8ddc1a76,0.75,4,2,2
TRAIN,752cc57f-920c-26f5-8e8d-1f9d567cffd7,90135a30d8ad2edac7b348c32e566d271863312c39238d3adca35c9f8ddc1a76,0.8,4,2,2
TRAIN,752cc57f-920c-26f5-8e8d-1f9d567cffd7,90135a30d8ad2edac7b348c32e566d271863312c39238d3adca35c9f8ddc1a76,0.85,4,2,2
TRAIN,752cc57f-920c-26f5-8e8d-1f9d567cffd7,90135a30d8ad2edac7b348c32e566d271863312c39238d3adca35c9f8ddc1a76,0.9,4,1,1
TRAIN,752cc57f-920c-26f5-8e8d-1f9d567cffd7,a95ee2d05303af4e623c305ff34f2c391ba308467fbc71ebe45b877ee506ff2c,0.5,4,3,3
TRAIN,752cc57f-920c-26f5-8e8d-1f9d567cffd7,a95ee2d05303af4e623c305ff34f2c391ba308467fbc71ebe45b877ee506ff2c,0.55,4,3,3
TRAIN,752cc57f-920c-26f5-8e8d-1f9d567cffd7,a95ee2d05303af4e623c305ff34f2c391ba308467fbc71ebe45b877ee506ff2c,0.6,4,3,3
TRAIN,752cc57f-920c-26f5-8e8d-1f9d567cffd7,a95ee2d05303af4e623c305ff34f2c391ba308467fbc71ebe45b877ee506ff2c,0.65,4,2,2
TRAIN,752cc57f-920c-26f5-8e8d-1f9d567cffd7,a95ee2d05303af4e623c305ff34f2c391ba308467fbc71ebe45b877ee506ff2c,0.7,4,2,2
TRAIN,752cc57f-920c-26f5-8e8d-1f9d567cffd7,a95ee2d05303af4e623c305ff34f2c391ba308467fbc71ebe45b877ee506ff2c,0.75,4,2,2
TRAIN,752cc57f-920c-26f5-8e8d-1f9d567cffd7,a95ee2d05303af4e623c305ff34f2c391ba308467fbc71ebe45b877ee506ff2c,0.8,4,2,2
TRAIN,752cc57f-920c-26f5-8e8d-1f9d567cffd7,a95ee2d05303af4e623c305ff34f2c391ba308467fbc71ebe45b877ee506ff2c,0.85,4,2,2
TRAIN,752cc57f-920c-26f5-8e8d-1f9d567cffd7,a95ee2d05303af4e623c305ff34f2c391ba308467fbc71ebe45b877ee506ff2c,0.9,4,1,1
TRAIN,752cc57f-920c-26f5-8e8d-1f9d567cffd7,b3d59884a653539afe74ebc1a7190006376ff6177a8ab497e15daa9b399bcd5b,0.5,4,3,3
TRAIN,752cc57f-920c-26f5-8e8d-1f9d567cffd7,b3d59884a653539afe74ebc1a7190006376ff6177a8ab497e15daa9b399bcd5b,0.55,4,3,3
TRAIN,752cc57f-920c-26f5-8e8d-1f9d567cffd7,b3d59884a653539afe74ebc1a7190006376ff6177a8ab497e15daa9b399bcd5b,0.6,4,3,3
TRAIN,752cc57f-920c-26f5-8e8d-1f9d567cffd7,b3d59884a653539afe74ebc1a7190006376ff6177a8ab497e15daa9b399bcd5b,0.65,4,2,3
TRAIN,752cc57f-920c-26f5-8e8d-1f9d567cffd7,b3d59884a653539afe74ebc1a7190006376ff6177a8ab497e15daa9b399bcd5b,0.7,4,2,3
TRAIN,752cc57f-920c-26f5-8e8d-1f9d567cffd7,b3d59884a653539afe74ebc1a7190006376ff6177a8ab497e15daa9b399bcd5b,0.75,4,1,2
TRAIN,752cc57f-920c-26f5-8e8d-1f9d567cffd7,b3d59884a653539afe74ebc1a7190006376ff6177a8ab497e15daa9b399bcd5b,0.8,4,1,2
TRAIN,752cc57f-920c-26f5-8e8d-1f9d567cffd7,b3d59884a653539afe74ebc1a7190006376ff6177a8ab497e15daa9b399bcd5b,0.85,4,1,1
TRAIN,752cc57f-920c-26f5-8e8d-1f9d567cffd7,b3d59884a653539afe74ebc1a7190006376ff6177a8ab497e15daa9b399bcd5b,0.9,4,0,0
TRAIN,0ad2d38f-79e2-2212-98d2-9b5060e5e9b5,340e2aedf46b5cdab1af8d299d156c997951cba8252b79c5f0660b84b8a19f9c,0.5,6,6,6
TRAIN,0ad2d38f-79e2-2212-98d2-9b5060e5e9b5,340e2aedf46b5cdab1af8d299d156c997951cba8252b79c5f0660b84b8a19f9c,0.55,6,6,6
TRAIN,0ad2d38f-79e2-2212-98d2-9b5060e5e9b5,340e2aedf46b5cdab1af8d299d156c997951cba8252b79c5f0660b84b8a19f9c,0.6,6,6,6
TRAIN,0ad2d38f-79e2-2212-98d2-9b5060e5e9b5,340e2aedf46b5cdab1af8d299d156c997951cba8252b79c5f0660b84b8a19f9c,0.65,6,6,6
TRAIN,0ad2d38f-79e2-2212-98d2-9b5060e5e9b5,340e2aedf46b5cdab1af8d299d156c997951cba8252b79c5f0660b84b8a19f9c,0.7,6,6,6
TRAIN,0ad2d38f-79e2-2212-98d2-9b5060e5e9b5,340e2aedf46b5cdab1af8d299d156c997951cba8252b79c5f0660b84b8a19f9c,0.75,6,5,5
TRAIN,0ad2d38f-79e2-2212-98d2-9b5060e5e9b5,340e2aedf46b5cdab1af8d299d156c997951cba8252b79c5f0660b84b8a19f9c,0.8,6,5,5
TRAIN,0ad2d38f-79e2-2212-98d2-9b5060e5e9b5,340e2aedf46b5cdab1af8d299d156c997951cba8252b79c5f0660b84b8a19f9c,0.85,6,2,2
TRAIN,0ad2d38f-79e2-2212-98d2-9b5060e5e9b5,340e2aedf46b5cdab1af8d299d156c997951cba8252b79c5f0660b84b8a19f9c,0.9,6,1,1
TRAIN,0ad2d38f-79e2-2212-98d2-9b5060e5e9b5,cd39e119740e5ce3daadf3a229c24fb5a18d5e78679e0eac81d6dbb3bad94bb8,0.5,6,6,6
TRAIN,0ad2d38f-79e2-2212-98d2-9b5060e5e9b5,cd39e119740e5ce3daadf3a229c24fb5a18d5e78679e0eac81d6dbb3bad94bb8,0.55,6,6,6
TRAIN,0ad2d38f-79e2-2212-98d2-9b5060e5e9b5,cd39e119740e5ce3daadf3a229c24fb5a18d5e78679e0eac81d6dbb3bad94bb8,0.6,6,6,6
TRAIN,0ad2d38f-79e2-2212-98d2-9b5060e5e9b5,cd39e119740e5ce3daadf3a229c24fb5a18d5e78679e0eac81d6dbb3bad94bb8,0.65,6,6,6
TRAIN,0ad2d38f-79e2-2212-98d2-9b5060e5e9b5,cd39e119740e5ce3daadf3a229c24fb5a18d5e78679e0eac81d6dbb3bad94bb8,0.7,6,6,6
TRAIN,0ad2d38f-79e2-2212-98d2-9b5060e5e9b5,cd39e119740e5ce3daadf3a229c24fb5a18d5e78679e0eac81d6dbb3bad94bb8,0.75,6,5,5
TRAIN,0ad2d38f-79e2-2212-98d2-9b5060e5e9b5,cd39e119740e5ce3daadf3a229c24fb5a18d5e78679e0eac81d6dbb3bad94bb8,0.8,6,5,5
TRAIN,0ad2d38f-79e2-2212-98d2-9b5060e5e9b5,cd39e119740e5ce3daadf3a229c24fb5a18d5e78679e0eac81d6dbb3bad94bb8,0.85,6,3,3
TRAIN,0ad2d38f-79e2-2212-98d2-9b5060e5e9b5,cd39e119740e5ce3daadf3a229c24fb5a18d5e78679e0eac81d6dbb3bad94bb8,0.9,6,1,1
TRAIN,6993478e-1286-2e5b-82d0-eb36d75214de,2e503576faa64a9ed8756110aaf77c5fad81535fe4745f95acdc65dfd72f9952,0.5,12,8,8
TRAIN,6993478e-1286-2e5b-82d0-eb36d75214de,2e503576faa64a9ed8756110aaf77c5fad81535fe4745f95acdc65dfd72f9952,0.55,12,8,8
TRAIN,6993478e-1286-2e5b-82d0-eb36d75214de,2e503576faa64a9ed8756110aaf77c5fad81535fe4745f95acdc65dfd72f9952,0.6,12,7,7
TRAIN,6993478e-1286-2e5b-82d0-eb36d75214de,2e503576faa64a9ed8756110aaf77c5fad81535fe4745f95acdc65dfd72f9952,0.65,12,5,5
TRAIN,6993478e-1286-2e5b-82d0-eb36d75214de,2e503576faa64a9ed8756110aaf77c5fad81535fe4745f95acdc65dfd72f9952,0.7,12,5,5
TRAIN,6993478e-1286-2e5b-82d0-eb36d75214de,2e503576faa64a9ed8756110aaf77c5fad81535fe4745f95acdc65dfd72f9952,0.75,12,5,5
TRAIN,6993478e-1286-2e5b-82d0-eb36d75214de,2e503576faa64a9ed8756110aaf77c5fad81535fe4745f95acdc65dfd72f9952,0.8,12,4,5
TRAIN,6993478e-1286-2e5b-82d0-eb36d75214de,2e503576faa64a9ed8756110aaf77c5fad81535fe4745f95acdc65dfd72f9952,0.85,12,2,3
TRAIN,6993478e-1286-2e5b-82d0-eb36d75214de,2e503576faa64a9ed8756110aaf77c5fad81535fe4745f95acdc65dfd72f9952,0.9,12,1,2
TRAIN,6993478e-1286-2e5b-82d0-eb36d75214de,00834305d3224ee0b2eb6599585987903c7303c754e2669cc0f75ad76c6bcef2,0.5,12,8,8
TRAIN,6993478e-1286-2e5b-82d0-eb36d75214de,00834305d3224ee0b2eb6599585987903c7303c754e2669cc0f75ad76c6bcef2,0.55,12,8,8
TRAIN,6993478e-1286-2e5b-82d0-eb36d75214de,00834305d3224ee0b2eb6599585987903c7303c754e2669cc0f75ad76c6bcef2,0.6,12,6,6
TRAIN,6993478e-1286-2e5b-82d0-eb36d75214de,00834305d3224ee0b2eb6599585987903c7303c754e2669cc0f75ad76c6bcef2,0.65,12,5,5
TRAIN,6993478e-1286-2e5b-82d0-eb36d75214de,00834305d3224ee0b2eb6599585987903c7303c754e2669cc0f75ad76c6bcef2,0.7,12,5,5
TRAIN,6993478e-1286-2e5b-82d0-eb36d75214de,00834305d3224ee0b2eb6599585987903c7303c754e2669cc0f75ad76c6bcef2,0.75,12,4,5
TRAIN,6993478e-1286-2e5b-82d0-eb36d75214de,00834305d3224ee0b2eb6599585987903c7303c754e2669cc0f75ad76c6bcef2,0.8,12,4,4
TRAIN,6993478e-1286-2e5b-82d0-eb36d75214de,00834305d3224ee0b2eb6599585987903c7303c754e2669cc0f75ad76c6bcef2,0.85,12,2,2
TRAIN,6993478e-1286-2e5b-82d0-eb36d75214de,00834305d3224ee0b2eb6599585987903c7303c754e2669cc0f75ad76c6bcef2,0.9,12,1,1
TRAIN,bcb0fe0e-4f39-2c70-9e02-22b2f980cc35,856f17acc105d491861a0f73430adce9e6da22fbc25ca88fba48a02e926c2ad0,0.5,9,8,8
TRAIN,bcb0fe0e-4f39-2c70-9e02-22b2f980cc35,856f17acc105d491861a0f73430adce9e6da22fbc25ca88fba48a02e926c2ad0,0.55,9,8,8
TRAIN,bcb0fe0e-4f39-2c70-9e02-22b2f980cc35,856f17acc105d491861a0f73430adce9e6da22fbc25ca88fba48a02e926c2ad0,0.6,9,8,8
TRAIN,bcb0fe0e-4f39-2c70-9e02-22b2f980cc35,856f17acc105d491861a0f73430adce9e6da22fbc25ca88fba48a02e926c2ad0,0.65,9,8,8
TRAIN,bcb0fe0e-4f39-2c70-9e02-22b2f980cc35,856f17acc105d491861a0f73430adce9e6da22fbc25ca88fba48a02e926c2ad0,0.7,9,8,8
TRAIN,bcb0fe0e-4f39-2c70-9e02-22b2f980cc35,856f17acc105d491861a0f73430adce9e6da22fbc25ca88fba48a02e926c2ad0,0.75,9,7,7
TRAIN,bcb0fe0e-4f39-2c70-9e02-22b2f980cc35,856f17acc105d491861a0f73430adce9e6da22fbc25ca88fba48a02e926c2ad0,0.8,9,6,6
TRAIN,bcb0fe0e-4f39-2c70-9e02-22b2f980cc35,856f17acc105d491861a0f73430adce9e6da22fbc25ca88fba48a02e926c2ad0,0.85,9,5,5
TRAIN,bcb0fe0e-4f39-2c70-9e02-22b2f980cc35,856f17acc105d491861a0f73430adce9e6da22fbc25ca88fba48a02e926c2ad0,0.9,9,3,3
TRAIN,bcb0fe0e-4f39-2c70-9e02-22b2f980cc35,0aea0a76f51a10f1c1bef783019e7b68c3122b1e0c528a43ebec0cf6ee0a173b,0.5,9,8,8
TRAIN,bcb0fe0e-4f39-2c70-9e02-22b2f980cc35,0aea0a76f51a10f1c1bef783019e7b68c3122b1e0c528a43ebec0cf6ee0a173b,0.55,9,8,8
TRAIN,bcb0fe0e-4f39-2c70-9e02-22b2f980cc35,0aea0a76f51a10f1c1bef783019e7b68c3122b1e0c528a43ebec0cf6ee0a173b,0.6,9,8,8
TRAIN,bcb0fe0e-4f39-2c70-9e02-22b2f980cc35,0aea0a76f51a10f1c1bef783019e7b68c3122b1e0c528a43ebec0cf6ee0a173b,0.65,9,8,8
TRAIN,bcb0fe0e-4f39-2c70-9e02-22b2f980cc35,0aea0a76f51a10f1c1bef783019e7b68c3122b1e0c528a43ebec0cf6ee0a173b,0.7,9,8,8
TRAIN,bcb0fe0e-4f39-2c70-9e02-22b2f980cc35,0aea0a76f51a10f1c1bef783019e7b68c3122b1e0c528a43ebec0cf6ee0a173b,0.75,9,6,6
TRAIN,bcb0fe0e-4f39-2c70-9e02-22b2f980cc35,0aea0a76f51a10f1c1bef783019e7b68c3122b1e0c528a43ebec0cf6ee0a173b,0.8,9,5,5
TRAIN,bcb0fe0e-4f39-2c70-9e02-22b2f980cc35,0aea0a76f51a10f1c1bef783019e7b68c3122b1e0c528a43ebec0cf6ee0a173b,0.85,9,4,4
TRAIN,bcb0fe0e-4f39-2c70-9e02-22b2f980cc35,0aea0a76f51a10f1c1bef783019e7b68c3122b1e0c528a43ebec0cf6ee0a173b,0.9,9,4,4
TRAIN,531cff02-0021-28f6-8deb-a71f6c628346,6828eb2f0bd2bd5dfb6a4274016160c8a0ae6553f30c03ee860d529ffa7f678e,0.5,5,5,5
TRAIN,531cff02-0021-28f6-8deb-a71f6c628346,6828eb2f0bd2bd5dfb6a4274016160c8a0ae6553f30c03ee860d529ffa7f678e,0.55,5,5,5
TRAIN,531cff02-0021-28f6-8deb-a71f6c628346,6828eb2f0bd2bd5dfb6a4274016160c8a0ae6553f30c03ee860d529ffa7f678e,0.6,5,4,4
TRAIN,531cff02-0021-28f6-8deb-a71f6c628346,6828eb2f0bd2bd5dfb6a4274016160c8a0ae6553f30c03ee860d529ffa7f678e,0.65,5,4,4
TRAIN,531cff02-0021-28f6-8deb-a71f6c628346,6828eb2f0bd2bd5dfb6a4274016160c8a0ae6553f30c03ee860d529ffa7f678e,0.7,5,4,4
TRAIN,531cff02-0021-28f6-8deb-a71f6c628346,6828eb2f0bd2bd5dfb6a4274016160c8a0ae6553f30c03ee860d529ffa7f678e,0.75,5,4,4
TRAIN,531cff02-0021-28f6-8deb-a71f6c628346,6828eb2f0bd2bd5dfb6a4274016160c8a0ae6553f30c03ee860d529ffa7f678e,0.8,5,4,4
TRAIN,531cff02-0021-28f6-8deb-a71f6c628346,6828eb2f0bd2bd5dfb6a4274016160c8a0ae6553f30c03ee860d529ffa7f678e,0.85,5,4,4
TRAIN,531cff02-0021-28f6-8deb-a71f6c628346,6828eb2f0bd2bd5dfb6a4274016160c8a0ae6553f30c03ee860d529ffa7f678e,0.9,5,3,3
TRAIN,531cff02-0021-28f6-8deb-a71f6c628346,b605a9b36c04c13faf0bffdf8fa56b705806721c79776f7ccd9be5cb75addc27,0.5,5,3,3
TRAIN,531cff02-0021-28f6-8deb-a71f6c628346,b605a9b36c04c13faf0bffdf8fa56b705806721c79776f7ccd9be5cb75addc27,0.55,5,2,2
TRAIN,531cff02-0021-28f6-8deb-a71f6c628346,b605a9b36c04c13faf0bffdf8fa56b705806721c79776f7ccd9be5cb75addc27,0.6,5,2,2
TRAIN,531cff02-0021-28f6-8deb-a71f6c628346,b605a9b36c04c13faf0bffdf8fa56b705806721c79776f7ccd9be5cb75addc27,0.65,5,2,2
TRAIN,531cff02-0021-28f6-8deb-a71f6c628346,b605a9b36c04c13faf0bffdf8fa56b705806721c79776f7ccd9be5cb75addc27,0.7,5,1,1
TRAIN,531cff02-0021-28f6-8deb-a71f6c628346,b605a9b36c04c13faf0bffdf8fa56b705806721c79776f7ccd9be5cb75addc27,0.75,5,1,1
TRAIN,531cff02-0021-28f6-8deb-a71f6c628346,b605a9b36c04c13faf0bffdf8fa56b705806721c79776f7ccd9be5cb75addc27,0.8,5,1,1
TRAIN,531cff02-0021-28f6-8deb-a71f6c628346,b605a9b36c04c13faf0bffdf8fa56b705806721c79776f7ccd9be5cb75addc27,0.85,5,1,1
TRAIN,531cff02-0021-28f6-8deb-a71f6c628346,b605a9b36c04c13faf0bffdf8fa56b705806721c79776f7ccd9be5cb75addc27,0.9,5,1,1
TRAIN,531cff02-0021-28f6-8deb-a71f6c628346,e24fbb94becd9ddc0c9890c20c60ded5caf206a09de65e3f0d70d027fd48d8da,0.5,5,3,4
TRAIN,531cff02-0021-28f6-8deb-a71f6c628346,e24fbb94becd9ddc0c9890c20c60ded5caf206a09de65e3f0d70d027fd48d8da,0.55,5,3,4
TRAIN,531cff02-0021-28f6-8deb-a71f6c628346,e24fbb94becd9ddc0c9890c20c60ded5caf206a09de65e3f0d70d027fd48d8da,0.6,5,3,4
TRAIN,531cff02-0021-28f6-8deb-a71f6c628346,e24fbb94becd9ddc0c9890c20c60ded5caf206a09de65e3f0d70d027fd48d8da,0.65,5,3,4
TRAIN,531cff02-0021-28f6-8deb-a71f6c628346,e24fbb94becd9ddc0c9890c20c60ded5caf206a09de65e3f0d70d027fd48d8da,0.7,5,2,3
TRAIN,531cff02-0021-28f6-8deb-a71f6c628346,e24fbb94becd9ddc0c9890c20c60ded5caf206a09de65e3f0d70d027fd48d8da,0.75,5,2,2
TRAIN,531cff02-0021-28f6-8deb-a71f6c628346,e24fbb94becd9ddc0c9890c20c60ded5caf206a09de65e3f0d70d027fd48d8da,0.8,5,1,1
TRAIN,531cff02-0021-28f6-8deb-a71f6c628346,e24fbb94becd9ddc0c9890c20c60ded5caf206a09de65e3f0d70d027fd48d8da,0.85,5,1,1
TRAIN,531cff02-0021-28f6-8deb-a71f6c628346,e24fbb94becd9ddc0c9890c20c60ded5caf206a09de65e3f0d70d027fd48d8da,0.9,5,1,1
TRAIN,531cff02-0021-28f6-8deb-a71f6c628346,f6dd184110dae08a5f9a94feb1e3ceac0d54a47d0a04465324038949a521b614,0.5,5,4,4
TRAIN,531cff02-0021-28f6-8deb-a71f6c628346,f6dd184110dae08a5f9a94feb1e3ceac0d54a47d0a04465324038949a521b614,0.55,5,3,4
TRAIN,531cff02-0021-28f6-8deb-a71f6c628346,f6dd184110dae08a5f9a94feb1e3ceac0d54a47d0a04465324038949a521b614,0.6,5,3,3
TRAIN,531cff02-0021-28f6-8deb-a71f6c628346,f6dd184110dae08a5f9a94feb1e3ceac0d54a47d0a04465324038949a521b614,0.65,5,2,2
TRAIN,531cff02-0021-28f6-8deb-a71f6c628346,f6dd184110dae08a5f9a94feb1e3ceac0d54a47d0a04465324038949a521b614,0.7,5,2,2
TRAIN,531cff02-0021-28f6-8deb-a71f6c628346,f6dd184110dae08a5f9a94feb1e3ceac0d54a47d0a04465324038949a521b614,0.75,5,2,2
TRAIN,531cff02-0021-28f6-8deb-a71f6c628346,f6dd184110dae08a5f9a94feb1e3ceac0d54a47d0a04465324038949a521b614,0.8,5,2,2
TRAIN,531cff02-0021-28f6-8deb-a71f6c628346,f6dd184110dae08a5f9a94feb1e3ceac0d54a47d0a04465324038949a521b614,0.85,5,0,0
TRAIN,531cff02-0021-28f6-8deb-a71f6c628346,f6dd184110dae08a5f9a94feb1e3ceac0d54a47d0a04465324038949a521b614,0.9,5,0,0
TRAIN,422885e9-192d-25fc-87a9-7013fe4114f2,d07858ee6341cf156a91f6a362cf65e29b7b24f622526f5f1140724197fa2f17,0.5,18,12,13
TRAIN,422885e9-192d-25fc-87a9-7013fe4114f2,d07858ee6341cf156a91f6a362cf65e29b7b24f622526f5f1140724197fa2f17,0.55,18,11,12
TRAIN,422885e9-192d-25fc-87a9-7013fe4114f2,d07858ee6341cf156a91f6a362cf65e29b7b24f622526f5f1140724197fa2f17,0.6,18,11,11
TRAIN,422885e9-192d-25fc-87a9-7013fe4114f2,d07858ee6341cf156a91f6a362cf65e29b7b24f622526f5f1140724197fa2f17,0.65,18,10,10
TRAIN,422885e9-192d-25fc-87a9-7013fe4114f2,d07858ee6341cf156a91f6a362cf65e29b7b24f622526f5f1140724197fa2f17,0.7,18,10,10
TRAIN,422885e9-192d-25fc-87a9-7013fe4114f2,d07858ee6341cf156a91f6a362cf65e29b7b24f622526f5f1140724197fa2f17,0.75,18,9,9
TRAIN,422885e9-192d-25fc-87a9-7013fe4114f2,d07858ee6341cf156a91f6a362cf65e29b7b24f622526f5f1140724197fa2f17,0.8,18,5,6
TRAIN,422885e9-192d-25fc-87a9-7013fe4114f2,d07858ee6341cf156a91f6a362cf65e29b7b24f622526f5f1140724197fa2f17,0.85,18,3,3
TRAIN,422885e9-192d-25fc-87a9-7013fe4114f2,d07858ee6341cf156a91f6a362cf65e29b7b24f622526f5f1140724197fa2f17,0.9,18,1,1
TRAIN,422885e9-192d-25fc-87a9-7013fe4114f2,1a56f27dbf1b5f5c8b1da571ec4af1b2b97f6924341b8c87da015bb5abb87d47,0.5,20,15,16
TRAIN,422885e9-192d-25fc-87a9-7013fe4114f2,1a56f27dbf1b5f5c8b1da571ec4af1b2b97f6924341b8c87da015bb5abb87d47,0.55,20,13,13
TRAIN,422885e9-192d-25fc-87a9-7013fe4114f2,1a56f27dbf1b5f5c8b1da571ec4af1b2b97f6924341b8c87da015bb5abb87d47,0.6,20,12,12
TRAIN,422885e9-192d-25fc-87a9-7013fe4114f2,1a56f27dbf1b5f5c8b1da571ec4af1b2b97f6924341b8c87da015bb5abb87d47,0.65,20,11,11
TRAIN,422885e9-192d-25fc-87a9-7013fe4114f2,1a56f27dbf1b5f5c8b1da571ec4af1b2b97f6924341b8c87da015bb5abb87d47,0.7,20,8,9
TRAIN,422885e9-192d-25fc-87a9-7013fe4114f2,1a56f27dbf1b5f5c8b1da571ec4af1b2b97f6924341b8c87da015bb5abb87d47,0.75,20,6,7
TRAIN,422885e9-192d-25fc-87a9-7013fe4114f2,1a56f27dbf1b5f5c8b1da571ec4af1b2b97f6924341b8c87da015bb5abb87d47,0.8,20,6,6
TRAIN,422885e9-192d-25fc-87a9-7013fe4114f2,1a56f27dbf1b5f5c8b1da571ec4af1b2b97f6924341b8c87da015bb5abb87d47,0.85,20,3,3
TRAIN,422885e9-192d-25fc-87a9-7013fe4114f2,1a56f27dbf1b5f5c8b1da571ec4af1b2b97f6924341b8c87da015bb5abb87d47,0.9,20,2,2
TRAIN,422885e9-192d-25fc-87a9-7013fe4114f2,c4b9f5cf5aa09c6815aeb1e62c63615258f43b0d46044c4260e9540931da5eee,0.5,18,14,14
TRAIN,422885e9-192d-25fc-87a9-7013fe4114f2,c4b9f5cf5aa09c6815aeb1e62c63615258f43b0d46044c4260e9540931da5eee,0.55,18,14,14
TRAIN,422885e9-192d-25fc-87a9-7013fe4114f2,c4b9f5cf5aa09c6815aeb1e62c63615258f43b0d46044c4260e9540931da5eee,0.6,18,12,12
TRAIN,422885e9-192d-25fc-87a9-7013fe4114f2,c4b9f5cf5aa09c6815aeb1e62c63615258f43b0d46044c4260e9540931da5eee,0.65,18,8,8
TRAIN,422885e9-192d-25fc-87a9-7013fe4114f2,c4b9f5cf5aa09c6815aeb1e62c63615258f43b0d46044c4260e9540931da5eee,0.7,18,8,8
TRAIN,422885e9-192d-25fc-87a9-7013fe4114f2,c4b9f5cf5aa09c6815aeb1e62c63615258f43b0d46044c4260e9540931da5eee,0.75,18,8,8
TRAIN,422885e9-192d-25fc-87a9-7013fe4114f2,c4b9f5cf5aa09c6815aeb1e62c63615258f43b0d46044c4260e9540931da5eee,0.8,18,6,6
TRAIN,422885e9-192d-25fc-87a9-7013fe4114f2,c4b9f5cf5aa09c6815aeb1e62c63615258f43b0d46044c4260e9540931da5eee,0.85,18,3,3
TRAIN,422885e9-192d-25fc-87a9-7013fe4114f2,c4b9f5cf5aa09c6815aeb1e62c63615258f43b0d46044c4260e9540931da5eee,0.9,18,1,1
TRAIN,422885e9-192d-25fc-87a9-7013fe4114f2,7921af0aabd48c0f49f928600c386aa65e23a51b9c0f905cc445c7d3d563e785,0.5,20,16,17
TRAIN,422885e9-192d-25fc-87a9-7013fe4114f2,7921af0aabd48c0f49f928600c386aa65e23a51b9c0f905cc445c7d3d563e785,0.55,20,12,13
TRAIN,422885e9-192d-25fc-87a9-7013fe4114f2,7921af0aabd48c0f49f928600c386aa65e23a51b9c0f905cc445c7d3d563e785,0.6,20,11,11
TRAIN,422885e9-192d-25fc-87a9-7013fe4114f2,7921af0aabd48c0f49f928600c386aa65e23a51b9c0f905cc445c7d3d563e785,0.65,20,10,10
TRAIN,422885e9-192d-25fc-87a9-7013fe4114f2,7921af0aabd48c0f49f928600c386aa65e23a51b9c0f905cc445c7d3d563e785,0.7,20,9,9
TRAIN,422885e9-192d-25fc-87a9-7013fe4114f2,7921af0aabd48c0f49f928600c386aa65e23a51b9c0f905cc445c7d3d563e785,0.75,20,7,7
TRAIN,422885e9-192d-25fc-87a9-7013fe4114f2,7921af0aabd48c0f49f928600c386aa65e23a51b9c0f905cc445c7d3d563e785,0.8,20,5,5
TRAIN,422885e9-192d-25fc-87a9-7013fe4114f2,7921af0aabd48c0f49f928600c386aa65e23a51b9c0f905cc445c7d3d563e785,0.85,20,4,4
TRAIN,422885e9-192d-25fc-87a9-7013fe4114f2,7921af0aabd48c0f49f928600c386aa65e23a51b9c0f905cc445c7d3d563e785,0.9,20,4,4
TRAIN,1d23401e-e280-2b1a-8cef-f28df9df2618,a08b62950729207b7f1d17dd29e190556442c452a4f0ae24ba7e7a2ddcab1cae,0.5,1,1,1
TRAIN,1d23401e-e280-2b1a-8cef-f28df9df2618,a08b62950729207b7f1d17dd29e190556442c452a4f0ae24ba7e7a2ddcab1cae,0.55,1,1,1
TRAIN,1d23401e-e280-2b1a-8cef-f28df9df2618,a08b62950729207b7f1d17dd29e190556442c452a4f0ae24ba7e7a2ddcab1cae,0.6,1,1,1
TRAIN,1d23401e-e280-2b1a-8cef-f28df9df2618,a08b62950729207b7f1d17dd29e190556442c452a4f0ae24ba7e7a2ddcab1cae,0.65,1,1,1
TRAIN,1d23401e-e280-2b1a-8cef-f28df9df2618,a08b62950729207b7f1d17dd29e190556442c452a4f0ae24ba7e7a2ddcab1cae,0.7,1,1,1
TRAIN,1d23401e-e280-2b1a-8cef-f28df9df2618,a08b62950729207b7f1d17dd29e190556442c452a4f0ae24ba7e7a2ddcab1cae,0.75,1,1,1
TRAIN,1d23401e-e280-2b1a-8cef-f28df9df2618,a08b62950729207b7f1d17dd29e190556442c452a4f0ae24ba7e7a2ddcab1cae,0.8,1,1,1
TRAIN,1d23401e-e280-2b1a-8cef-f28df9df2618,a08b62950729207b7f1d17dd29e190556442c452a4f0ae24ba7e7a2ddcab1cae,0.85,1,1,1
TRAIN,1d23401e-e280-2b1a-8cef-f28df9df2618,a08b62950729207b7f1d17dd29e190556442c452a4f0ae24ba7e7a2ddcab1cae,0.9,1,0,1
TRAIN,1d23401e-e280-2b1a-8cef-f28df9df2618,0328550479e99c9a7da1efac8a2f4f997e98a4d0276764a8dbac4cf1744a64e8,0.5,5,5,5
TRAIN,1d23401e-e280-2b1a-8cef-f28df9df2618,0328550479e99c9a7da1efac8a2f4f997e98a4d0276764a8dbac4cf1744a64e8,0.55,5,5,5
TRAIN,1d23401e-e280-2b1a-8cef-f28df9df2618,0328550479e99c9a7da1efac8a2f4f997e98a4d0276764a8dbac4cf1744a64e8,0.6,5,5,5
TRAIN,1d23401e-e280-2b1a-8cef-f28df9df2618,0328550479e99c9a7da1efac8a2f4f997e98a4d0276764a8dbac4cf1744a64e8,0.65,5,5,5
TRAIN,1d23401e-e280-2b1a-8cef-f28df9df2618,0328550479e99c9a7da1efac8a2f4f997e98a4d0276764a8dbac4cf1744a64e8,0.7,5,4,4
TRAIN,1d23401e-e280-2b1a-8cef-f28df9df2618,0328550479e99c9a7da1efac8a2f4f997e98a4d0276764a8dbac4cf1744a64e8,0.75,5,4,4
TRAIN,1d23401e-e280-2b1a-8cef-f28df9df2618,0328550479e99c9a7da1efac8a2f4f997e98a4d0276764a8dbac4cf1744a64e8,0.8,5,3,3
TRAIN,1d23401e-e280-2b1a-8cef-f28df9df2618,0328550479e99c9a7da1efac8a2f4f997e98a4d0276764a8dbac4cf1744a64e8,0.85,5,2,2
TRAIN,1d23401e-e280-2b1a-8cef-f28df9df2618,0328550479e99c9a7da1efac8a2f4f997e98a4d0276764a8dbac4cf1744a64e8,0.9,5,1,1
TRAIN,1d23401e-e280-2b1a-8cef-f28df9df2618,409d7087ae495f4442621fe24cf9658c649346892153abcffbe85d611ea0e3a5,0.5,1,1,1
TRAIN,1d23401e-e280-2b1a-8cef-f28df9df2618,409d7087ae495f4442621fe24cf9658c649346892153abcffbe85d611ea0e3a5,0.55,1,1,1
TRAIN,1d23401e-e280-2b1a-8cef-f28df9df2618,409d7087ae495f4442621fe24cf9658c649346892153abcffbe85d611ea0e3a5,0.6,1,1,1
TRAIN,1d23401e-e280-2b1a-8cef-f28df9df2618,409d7087ae495f4442621fe24cf9658c649346892153abcffbe85d611ea0e3a5,0.65,1,1,1
TRAIN,1d23401e-e280-2b1a-8cef-f28df9df2618,409d7087ae495f4442621fe24cf9658c649346892153abcffbe85d611ea0e3a5,0.7,1,1,1
TRAIN,1d23401e-e280-2b1a-8cef-f28df9df2618,409d7087ae495f4442621fe24cf9658c649346892153abcffbe85d611ea0e3a5,0.75,1,1,1
TRAIN,1d23401e-e280-2b1a-8cef-f28df9df2618,409d7087ae495f4442621fe24cf9658c649346892153abcffbe85d611ea0e3a5,0.8,1,1,1
TRAIN,1d23401e-e280-2b1a-8cef-f28df9df2618,409d7087ae495f4442621fe24cf9658c649346892153abcffbe85d611ea0e3a5,0.85,1,1,1
TRAIN,1d23401e-e280-2b1a-8cef-f28df9df2618,409d7087ae495f4442621fe24cf9658c649346892153abcffbe85d611ea0e3a5,0.9,1,1,1
TRAIN,0cac767e-8d6f-2d13-8d1a-d5e9b184df15,525f8d4332dde16728ea1dba7c5baad99a82b65b999eb2a6f7bac007b3ac8341,0.5,3,2,3
TRAIN,0cac767e-8d6f-2d13-8d1a-d5e9b184df15,525f8d4332dde16728ea1dba7c5baad99a82b65b999eb2a6f7bac007b3ac8341,0.55,3,2,3
TRAIN,0cac767e-8d6f-2d13-8d1a-d5e9b184df15,525f8d4332dde16728ea1dba7c5baad99a82b65b999eb2a6f7bac007b3ac8341,0.6,3,2,2
TRAIN,0cac767e-8d6f-2d13-8d1a-d5e9b184df15,525f8d4332dde16728ea1dba7c5baad99a82b65b999eb2a6f7bac007b3ac8341,0.65,3,2,2
TRAIN,0cac767e-8d6f-2d13-8d1a-d5e9b184df15,525f8d4332dde16728ea1dba7c5baad99a82b65b999eb2a6f7bac007b3ac8341,0.7,3,1,1
TRAIN,0cac767e-8d6f-2d13-8d1a-d5e9b184df15,525f8d4332dde16728ea1dba7c5baad99a82b65b999eb2a6f7bac007b3ac8341,0.75,3,1,1
TRAIN,0cac767e-8d6f-2d13-8d1a-d5e9b184df15,525f8d4332dde16728ea1dba7c5baad99a82b65b999eb2a6f7bac007b3ac8341,0.8,3,1,1
TRAIN,0cac767e-8d6f-2d13-8d1a-d5e9b184df15,525f8d4332dde16728ea1dba7c5baad99a82b65b999eb2a6f7bac007b3ac8341,0.85,3,1,1
TRAIN,0cac767e-8d6f-2d13-8d1a-d5e9b184df15,525f8d4332dde16728ea1dba7c5baad99a82b65b999eb2a6f7bac007b3ac8341,0.9,3,0,0
TRAIN,0cac767e-8d6f-2d13-8d1a-d5e9b184df15,0b9f77e3453454d322a7c6b40ef398ff60e15edb36af24a021ce4e352b02bcec,0.5,4,4,4
TRAIN,0cac767e-8d6f-2d13-8d1a-d5e9b184df15,0b9f77e3453454d322a7c6b40ef398ff60e15edb36af24a021ce4e352b02bcec,0.55,4,4,4
TRAIN,0cac767e-8d6f-2d13-8d1a-d5e9b184df15,0b9f77e3453454d322a7c6b40ef398ff60e15edb36af24a021ce4e352b02bcec,0.6,4,3,4
TRAIN,0cac767e-8d6f-2d13-8d1a-d5e9b184df15,0b9f77e3453454d322a7c6b40ef398ff60e15edb36af24a021ce4e352b02bcec,0.65,4,2,2
TRAIN,0cac767e-8d6f-2d13-8d1a-d5e9b184df15,0b9f77e3453454d322a7c6b40ef398ff60e15edb36af24a021ce4e352b02bcec,0.7,4,1,1
TRAIN,0cac767e-8d6f-2d13-8d1a-d5e9b184df15,0b9f77e3453454d322a7c6b40ef398ff60e15edb36af24a021ce4e352b02bcec,0.75,4,1,1
TRAIN,0cac767e-8d6f-2d13-8d1a-d5e9b184df15,0b9f77e3453454d322a7c6b40ef398ff60e15edb36af24a021ce4e352b02bcec,0.8,4,0,0
TRAIN,0cac767e-8d6f-2d13-8d1a-d5e9b184df15,0b9f77e3453454d322a7c6b40ef398ff60e15edb36af24a021ce4e352b02bcec,0.85,4,0,0
TRAIN,0cac767e-8d6f-2d13-8d1a-d5e9b184df15,0b9f77e3453454d322a7c6b40ef398ff60e15edb36af24a021ce4e352b02bcec,0.9,4,0,0
TRAIN,0cac767e-8d6f-2d13-8d1a-d5e9b184df15,00f0e0e548d22e171ecd0ad9ccb991bac83df49339e16a0caa203c337cb3d8d9,0.5,3,2,3
TRAIN,0cac767e-8d6f-2d13-8d1a-d5e9b184df15,00f0e0e548d22e171ecd0ad9ccb991bac83df49339e16a0caa203c337cb3d8d9,0.55,3,1,3
TRAIN,0cac767e-8d6f-2d13-8d1a-d5e9b184df15,00f0e0e548d22e171ecd0ad9ccb991bac83df49339e16a0caa203c337cb3d8d9,0.6,3,1,1
TRAIN,0cac767e-8d6f-2d13-8d1a-d5e9b184df15,00f0e0e548d22e171ecd0ad9ccb991bac83df49339e16a0caa203c337cb3d8d9,0.65,3,1,1
TRAIN,0cac767e-8d6f-2d13-8d1a-d5e9b184df15,00f0e0e548d22e171ecd0ad9ccb991bac83df49339e16a0caa203c337cb3d8d9,0.7,3,1,1
TRAIN,0cac767e-8d6f-2d13-8d1a-d5e9b184df15,00f0e0e548d22e171ecd0ad9ccb991bac83df49339e16a0caa203c337cb3d8d9,0.75,3,1,1
TRAIN,0cac767e-8d6f-2d13-8d1a-d5e9b184df15,00f0e0e548d22e171ecd0ad9ccb991bac83df49339e16a0caa203c337cb3d8d9,0.8,3,1,1
TRAIN,0cac767e-8d6f-2d13-8d1a-d5e9b184df15,00f0e0e548d22e171ecd0ad9ccb991bac83df49339e16a0caa203c337cb3d8d9,0.85,3,0,0
TRAIN,0cac767e-8d6f-2d13-8d1a-d5e9b184df15,00f0e0e548d22e171ecd0ad9ccb991bac83df49339e16a0caa203c337cb3d8d9,0.9,3,0,0
TRAIN,a895258d-9035-254b-8e61-2307a9926e62,ce99f30d6ba1fc26532eadf68516fc0308057d90fcfe4068513fd7f0811a3901,0.5,11,9,11
TRAIN,a895258d-9035-254b-8e61-2307a9926e62,ce99f30d6ba1fc26532eadf68516fc0308057d90fcfe4068513fd7f0811a3901,0.55,11,8,10
TRAIN,a895258d-9035-254b-8e61-2307a9926e62,ce99f30d6ba1fc26532eadf68516fc0308057d90fcfe4068513fd7f0811a3901,0.6,11,7,9
TRAIN,a895258d-9035-254b-8e61-2307a9926e62,ce99f30d6ba1fc26532eadf68516fc0308057d90fcfe4068513fd7f0811a3901,0.65,11,6,8
TRAIN,a895258d-9035-254b-8e61-2307a9926e62,ce99f30d6ba1fc26532eadf68516fc0308057d90fcfe4068513fd7f0811a3901,0.7,11,6,8
TRAIN,a895258d-9035-254b-8e61-2307a9926e62,ce99f30d6ba1fc26532eadf68516fc0308057d90fcfe4068513fd7f0811a3901,0.75,11,5,7
TRAIN,a895258d-9035-254b-8e61-2307a9926e62,ce99f30d6ba1fc26532eadf68516fc0308057d90fcfe4068513fd7f0811a3901,0.8,11,5,7
TRAIN,a895258d-9035-254b-8e61-2307a9926e62,ce99f30d6ba1fc26532eadf68516fc0308057d90fcfe4068513fd7f0811a3901,0.85,11,5,7
TRAIN,a895258d-9035-254b-8e61-2307a9926e62,ce99f30d6ba1fc26532eadf68516fc0308057d90fcfe4068513fd7f0811a3901,0.9,11,5,7
TRAIN,a895258d-9035-254b-8e61-2307a9926e62,5aec8c4fe62ca1b566bf9d6a31adb61988e3b4d317dd0e6409034bc99e86b1d5,0.5,11,10,11
TRAIN,a895258d-9035-254b-8e61-2307a9926e62,5aec8c4fe62ca1b566bf9d6a31adb61988e3b4d317dd0e6409034bc99e86b1d5,0.55,11,10,11
TRAIN,a895258d-9035-254b-8e61-2307a9926e62,5aec8c4fe62ca1b566bf9d6a31adb61988e3b4d317dd0e6409034bc99e86b1d5,0.6,11,10,11
TRAIN,a895258d-9035-254b-8e61-2307a9926e62,5aec8c4fe62ca1b566bf9d6a31adb61988e3b4d317dd0e6409034bc99e86b1d5,0.65,11,7,9
TRAIN,a895258d-9035-254b-8e61-2307a9926e62,5aec8c4fe62ca1b566bf9d6a31adb61988e3b4d317dd0e6409034bc99e86b1d5,0.7,11,6,9
TRAIN,a895258d-9035-254b-8e61-2307a9926e62,5aec8c4fe62ca1b566bf9d6a31adb61988e3b4d317dd0e6409034bc99e86b1d5,0.75,11,5,8
TRAIN,a895258d-9035-254b-8e61-2307a9926e62,5aec8c4fe62ca1b566bf9d6a31adb61988e3b4d317dd0e6409034bc99e86b1d5,0.8,11,5,8
TRAIN,a895258d-9035-254b-8e61-2307a9926e62,5aec8c4fe62ca1b566bf9d6a31adb61988e3b4d317dd0e6409034bc99e86b1d5,0.85,11,5,8
TRAIN,a895258d-9035-254b-8e61-2307a9926e62,5aec8c4fe62ca1b566bf9d6a31adb61988e3b4d317dd0e6409034bc99e86b1d5,0.9,11,5,7
TRAIN,22312382-b828-2c09-9267-bad5dd60ac79,4afa8d2f3a1a43e2768c31bcb988f751a552d9eb09b4a181e097dda9cd0cfe76,0.5,7,6,6
TRAIN,22312382-b828-2c09-9267-bad5dd60ac79,4afa8d2f3a1a43e2768c31bcb988f751a552d9eb09b4a181e097dda9cd0cfe76,0.55,7,6,6
TRAIN,22312382-b828-2c09-9267-bad5dd60ac79,4afa8d2f3a1a43e2768c31bcb988f751a552d9eb09b4a181e097dda9cd0cfe76,0.6,7,6,6
TRAIN,22312382-b828-2c09-9267-bad5dd60ac79,4afa8d2f3a1a43e2768c31bcb988f751a552d9eb09b4a181e097dda9cd0cfe76,0.65,7,6,6
TRAIN,22312382-b828-2c09-9267-bad5dd60ac79,4afa8d2f3a1a43e2768c31bcb988f751a552d9eb09b4a181e097dda9cd0cfe76,0.7,7,4,4
TRAIN,22312382-b828-2c09-9267-bad5dd60ac79,4afa8d2f3a1a43e2768c31bcb988f751a552d9eb09b4a181e097dda9cd0cfe76,0.75,7,3,3
TRAIN,22312382-b828-2c09-9267-bad5dd60ac79,4afa8d2f3a1a43e2768c31bcb988f751a552d9eb09b4a181e097dda9cd0cfe76,0.8,7,1,1
TRAIN,22312382-b828-2c09-9267-bad5dd60ac79,4afa8d2f3a1a43e2768c31bcb988f751a552d9eb09b4a181e097dda9cd0cfe76,0.85,7,0,0
TRAIN,22312382-b828-2c09-9267-bad5dd60ac79,4afa8d2f3a1a43e2768c31bcb988f751a552d9eb09b4a181e097dda9cd0cfe76,0.9,7,0,0
TRAIN,22312382-b828-2c09-9267-bad5dd60ac79,a2cf65bc86a4a35b24b201d848102ad22dd5eaddb3353c8b7c9abffb89e59287,0.5,7,7,7
TRAIN,22312382-b828-2c09-9267-bad5dd60ac79,a2cf65bc86a4a35b24b201d848102ad22dd5eaddb3353c8b7c9abffb89e59287,0.55,7,7,7
TRAIN,22312382-b828-2c09-9267-bad5dd60ac79,a2cf65bc86a4a35b24b201d848102ad22dd5eaddb3353c8b7c9abffb89e59287,0.6,7,7,7
TRAIN,22312382-b828-2c09-9267-bad5dd60ac79,a2cf65bc86a4a35b24b201d848102ad22dd5eaddb3353c8b7c9abffb89e59287,0.65,7,7,7
TRAIN,22312382-b828-2c09-9267-bad5dd60ac79,a2cf65bc86a4a35b24b201d848102ad22dd5eaddb3353c8b7c9abffb89e59287,0.7,7,7,7
TRAIN,22312382-b828-2c09-9267-bad5dd60ac79,a2cf65bc86a4a35b24b201d848102ad22dd5eaddb3353c8b7c9abffb89e59287,0.75,7,6,6
TRAIN,22312382-b828-2c09-9267-bad5dd60ac79,a2cf65bc86a4a35b24b201d848102ad22dd5eaddb3353c8b7c9abffb89e59287,0.8,7,3,3
TRAIN,22312382-b828-2c09-9267-bad5dd60ac79,a2cf65bc86a4a35b24b201d848102ad22dd5eaddb3353c8b7c9abffb89e59287,0.85,7,1,1
TRAIN,22312382-b828-2c09-9267-bad5dd60ac79,a2cf65bc86a4a35b24b201d848102ad22dd5eaddb3353c8b7c9abffb89e59287,0.9,7,1,1
TRAIN,cf00577c-b8f0-2aa8-869e-175d8b655d12,f4752ba9694513f1e94f241b05b6b64d1b74578679c882cf95ba9c3dbfd9f9bd,0.5,19,11,11
TRAIN,cf00577c-b8f0-2aa8-869e-175d8b655d12,f4752ba9694513f1e94f241b05b6b64d1b74578679c882cf95ba9c3dbfd9f9bd,0.55,19,9,9
TRAIN,cf00577c-b8f0-2aa8-869e-175d8b655d12,f4752ba9694513f1e94f241b05b6b64d1b74578679c882cf95ba9c3dbfd9f9bd,0.6,19,7,7
TRAIN,cf00577c-b8f0-2aa8-869e-175d8b655d12,f4752ba9694513f1e94f241b05b6b64d1b74578679c882cf95ba9c3dbfd9f9bd,0.65,19,7,7
TRAIN,cf00577c-b8f0-2aa8-869e-175d8b655d12,f4752ba9694513f1e94f241b05b6b64d1b74578679c882cf95ba9c3dbfd9f9bd,0.7,19,6,6
TRAIN,cf00577c-b8f0-2aa8-869e-175d8b655d12,f4752ba9694513f1e94f241b05b6b64d1b74578679c882cf95ba9c3dbfd9f9bd,0.75,19,5,5
TRAIN,cf00577c-b8f0-2aa8-869e-175d8b655d12,f4752ba9694513f1e94f241b05b6b64d1b74578679c882cf95ba9c3dbfd9f9bd,0.8,19,1,1
TRAIN,cf00577c-b8f0-2aa8-869e-175d8b655d12,f4752ba9694513f1e94f241b05b6b64d1b74578679c882cf95ba9c3dbfd9f9bd,0.85,19,1,1
TRAIN,cf00577c-b8f0-2aa8-869e-175d8b655d12,f4752ba9694513f1e94f241b05b6b64d1b74578679c882cf95ba9c3dbfd9f9bd,0.9,19,1,1
TRAIN,cf00577c-b8f0-2aa8-869e-175d8b655d12,febc2b395690c56fce372c7aa958fb07783dac0b0a895704b2c4f3e7230bef4d,0.5,19,10,11
TRAIN,cf00577c-b8f0-2aa8-869e-175d8b655d12,febc2b395690c56fce372c7aa958fb07783dac0b0a895704b2c4f3e7230bef4d,0.55,19,8,9
TRAIN,cf00577c-b8f0-2aa8-869e-175d8b655d12,febc2b395690c56fce372c7aa958fb07783dac0b0a895704b2c4f3e7230bef4d,0.6,19,6,7
TRAIN,cf00577c-b8f0-2aa8-869e-175d8b655d12,febc2b395690c56fce372c7aa958fb07783dac0b0a895704b2c4f3e7230bef4d,0.65,19,5,6
TRAIN,cf00577c-b8f0-2aa8-869e-175d8b655d12,febc2b395690c56fce372c7aa958fb07783dac0b0a895704b2c4f3e7230bef4d,0.7,19,5,6
TRAIN,cf00577c-b8f0-2aa8-869e-175d8b655d12,febc2b395690c56fce372c7aa958fb07783dac0b0a895704b2c4f3e7230bef4d,0.75,19,5,6
TRAIN,cf00577c-b8f0-2aa8-869e-175d8b655d12,febc2b395690c56fce372c7aa958fb07783dac0b0a895704b2c4f3e7230bef4d,0.8,19,2,3
TRAIN,cf00577c-b8f0-2aa8-869e-175d8b655d12,febc2b395690c56fce372c7aa958fb07783dac0b0a895704b2c4f3e7230bef4d,0.85,19,0,2
TRAIN,cf00577c-b8f0-2aa8-869e-175d8b655d12,febc2b395690c56fce372c7aa958fb07783dac0b0a895704b2c4f3e7230bef4d,0.9,19,0,1
TRAIN,cf00577c-b8f0-2aa8-869e-175d8b655d12,7b263ee86f2de925f33ebc2c2c40db0b9ddb1144d40b3c78e18cc85992e0471e,0.5,18,10,10
TRAIN,cf00577c-b8f0-2aa8-869e-175d8b655d12,7b263ee86f2de925f33ebc2c2c40db0b9ddb1144d40b3c78e18cc85992e0471e,0.55,18,10,10
TRAIN,cf00577c-b8f0-2aa8-869e-175d8b655d12,7b263ee86f2de925f33ebc2c2c40db0b9ddb1144d40b3c78e18cc85992e0471e,0.6,18,8,8
TRAIN,cf00577c-b8f0-2aa8-869e-175d8b655d12,7b263ee86f2de925f33ebc2c2c40db0b9ddb1144d40b3c78e18cc85992e0471e,0.65,18,8,8
TRAIN,cf00577c-b8f0-2aa8-869e-175d8b655d12,7b263ee86f2de925f33ebc2c2c40db0b9ddb1144d40b3c78e18cc85992e0471e,0.7,18,7,7
TRAIN,cf00577c-b8f0-2aa8-869e-175d8b655d12,7b263ee86f2de925f33ebc2c2c40db0b9ddb1144d40b3c78e18cc85992e0471e,0.75,18,5,5
TRAIN,cf00577c-b8f0-2aa8-869e-175d8b655d12,7b263ee86f2de925f33ebc2c2c40db0b9ddb1144d40b3c78e18cc85992e0471e,0.8,18,2,2
TRAIN,cf00577c-b8f0-2aa8-869e-175d8b655d12,7b263ee86f2de925f33ebc2c2c40db0b9ddb1144d40b3c78e18cc85992e0471e,0.85,18,1,1
TRAIN,cf00577c-b8f0-2aa8-869e-175d8b655d12,7b263ee86f2de925f33ebc2c2c40db0b9ddb1144d40b3c78e18cc85992e0471e,0.9,18,0,0
TRAIN,cf00577c-b8f0-2aa8-869e-175d8b655d12,ac834ccf68a5f7574e945085604390053581bd60151cdfd3c87fdb8e0913f1d6,0.5,18,11,11
TRAIN,cf00577c-b8f0-2aa8-869e-175d8b655d12,ac834ccf68a5f7574e945085604390053581bd60151cdfd3c87fdb8e0913f1d6,0.55,18,10,10
TRAIN,cf00577c-b8f0-2aa8-869e-175d8b655d12,ac834ccf68a5f7574e945085604390053581bd60151cdfd3c87fdb8e0913f1d6,0.6,18,10,10
TRAIN,cf00577c-b8f0-2aa8-869e-175d8b655d12,ac834ccf68a5f7574e945085604390053581bd60151cdfd3c87fdb8e0913f1d6,0.65,18,10,10
TRAIN,cf00577c-b8f0-2aa8-869e-175d8b655d12,ac834ccf68a5f7574e945085604390053581bd60151cdfd3c87fdb8e0913f1d6,0.7,18,8,8
TRAIN,cf00577c-b8f0-2aa8-869e-175d8b655d12,ac834ccf68a5f7574e945085604390053581bd60151cdfd3c87fdb8e0913f1d6,0.75,18,8,8
TRAIN,cf00577c-b8f0-2aa8-869e-175d8b655d12,ac834ccf68a5f7574e945085604390053581bd60151cdfd3c87fdb8e0913f1d6,0.8,18,5,5
TRAIN,cf00577c-b8f0-2aa8-869e-175d8b655d12,ac834ccf68a5f7574e945085604390053581bd60151cdfd3c87fdb8e0913f1d6,0.85,18,2,2
TRAIN,cf00577c-b8f0-2aa8-869e-175d8b655d12,ac834ccf68a5f7574e945085604390053581bd60151cdfd3c87fdb8e0913f1d6,0.9,18,0,0
TRAIN,18d4d91f-7eb5-280e-8757-1eb6f43ecfd2,dfeb3ee0c10eb1dee165697d6cef542092be9ee63fc7875174db9e815a734ec3,0.5,11,9,9
TRAIN,18d4d91f-7eb5-280e-8757-1eb6f43ecfd2,dfeb3ee0c10eb1dee165697d6cef542092be9ee63fc7875174db9e815a734ec3,0.55,11,9,9
TRAIN,18d4d91f-7eb5-280e-8757-1eb6f43ecfd2,dfeb3ee0c10eb1dee165697d6cef542092be9ee63fc7875174db9e815a734ec3,0.6,11,8,8
TRAIN,18d4d91f-7eb5-280e-8757-1eb6f43ecfd2,dfeb3ee0c10eb1dee165697d6cef542092be9ee63fc7875174db9e815a734ec3,0.65,11,6,7
TRAIN,18d4d91f-7eb5-280e-8757-1eb6f43ecfd2,dfeb3ee0c10eb1dee165697d6cef542092be9ee63fc7875174db9e815a734ec3,0.7,11,5,6
TRAIN,18d4d91f-7eb5-280e-8757-1eb6f43ecfd2,dfeb3ee0c10eb1dee165697d6cef542092be9ee63fc7875174db9e815a734ec3,0.75,11,4,5
TRAIN,18d4d91f-7eb5-280e-8757-1eb6f43ecfd2,dfeb3ee0c10eb1dee165697d6cef542092be9ee63fc7875174db9e815a734ec3,0.8,11,1,2
TRAIN,18d4d91f-7eb5-280e-8757-1eb6f43ecfd2,dfeb3ee0c10eb1dee165697d6cef542092be9ee63fc7875174db9e815a734ec3,0.85,11,1,2
TRAIN,18d4d91f-7eb5-280e-8757-1eb6f43ecfd2,dfeb3ee0c10eb1dee165697d6cef542092be9ee63fc7875174db9e815a734ec3,0.9,11,1,2
TRAIN,18d4d91f-7eb5-280e-8757-1eb6f43ecfd2,dbf7a648e0bed730acb11c2df8619b4e2317bc1ba8ebd04834ca04f22bf52b89,0.5,11,8,8
TRAIN,18d4d91f-7eb5-280e-8757-1eb6f43ecfd2,dbf7a648e0bed730acb11c2df8619b4e2317bc1ba8ebd04834ca04f22bf52b89,0.55,11,8,8
TRAIN,18d4d91f-7eb5-280e-8757-1eb6f43ecfd2,dbf7a648e0bed730acb11c2df8619b4e2317bc1ba8ebd04834ca04f22bf52b89,0.6,11,7,7
TRAIN,18d4d91f-7eb5-280e-8757-1eb6f43ecfd2,dbf7a648e0bed730acb11c2df8619b4e2317bc1ba8ebd04834ca04f22bf52b89,0.65,11,7,7
TRAIN,18d4d91f-7eb5-280e-8757-1eb6f43ecfd2,dbf7a648e0bed730acb11c2df8619b4e2317bc1ba8ebd04834ca04f22bf52b89,0.7,11,6,6
TRAIN,18d4d91f-7eb5-280e-8757-1eb6f43ecfd2,dbf7a648e0bed730acb11c2df8619b4e2317bc1ba8ebd04834ca04f22bf52b89,0.75,11,5,5
TRAIN,18d4d91f-7eb5-280e-8757-1eb6f43ecfd2,dbf7a648e0bed730acb11c2df8619b4e2317bc1ba8ebd04834ca04f22bf52b89,0.8,11,4,4
TRAIN,18d4d91f-7eb5-280e-8757-1eb6f43ecfd2,dbf7a648e0bed730acb11c2df8619b4e2317bc1ba8ebd04834ca04f22bf52b89,0.85,11,3,3
TRAIN,18d4d91f-7eb5-280e-8757-1eb6f43ecfd2,dbf7a648e0bed730acb11c2df8619b4e2317bc1ba8ebd04834ca04f22bf52b89,0.9,11,2,2
TRAIN,18d4d91f-7eb5-280e-8757-1eb6f43ecfd2,9566cf8c5c5d01334fd749e3b685f12de62c00db813458f149e8afa6ccdbf94f,0.5,11,9,10
TRAIN,18d4d91f-7eb5-280e-8757-1eb6f43ecfd2,9566cf8c5c5d01334fd749e3b685f12de62c00db813458f149e8afa6ccdbf94f,0.55,11,9,9
TRAIN,18d4d91f-7eb5-280e-8757-1eb6f43ecfd2,9566cf8c5c5d01334fd749e3b685f12de62c00db813458f149e8afa6ccdbf94f,0.6,11,9,9
TRAIN,18d4d91f-7eb5-280e-8757-1eb6f43ecfd2,9566cf8c5c5d01334fd749e3b685f12de62c00db813458f149e8afa6ccdbf94f,0.65,11,8,8
TRAIN,18d4d91f-7eb5-280e-8757-1eb6f43ecfd2,9566cf8c5c5d01334fd749e3b685f12de62c00db813458f149e8afa6ccdbf94f,0.7,11,6,6
TRAIN,18d4d91f-7eb5-280e-8757-1eb6f43ecfd2,9566cf8c5c5d01334fd749e3b685f12de62c00db813458f149e8afa6ccdbf94f,0.75,11,4,4
TRAIN,18d4d91f-7eb5-280e-8757-1eb6f43ecfd2,9566cf8c5c5d01334fd749e3b685f12de62c00db813458f149e8afa6ccdbf94f,0.8,11,2,3
TRAIN,18d4d91f-7eb5-280e-8757-1eb6f43ecfd2,9566cf8c5c5d01334fd749e3b685f12de62c00db813458f149e8afa6ccdbf94f,0.85,11,1,1
TRAIN,18d4d91f-7eb5-280e-8757-1eb6f43ecfd2,9566cf8c5c5d01334fd749e3b685f12de62c00db813458f149e8afa6ccdbf94f,0.9,11,1,1
TRAIN,fcf66dac-622d-291c-8542-d108fb4a91f5,0d4e75947fa5bface796937d95f480b5211b664a672df02b2bd78426e8598157,0.5,4,4,4
TRAIN,fcf66dac-622d-291c-8542-d108fb4a91f5,0d4e75947fa5bface796937d95f480b5211b664a672df02b2bd78426e8598157,0.55,4,4,4
TRAIN,fcf66dac-622d-291c-8542-d108fb4a91f5,0d4e75947fa5bface796937d95f480b5211b664a672df02b2bd78426e8598157,0.6,4,4,4
TRAIN,fcf66dac-622d-291c-8542-d108fb4a91f5,0d4e75947fa5bface796937d95f480b5211b664a672df02b2bd78426e8598157,0.65,4,4,4
TRAIN,fcf66dac-622d-291c-8542-d108fb4a91f5,0d4e75947fa5bface796937d95f480b5211b664a672df02b2bd78426e8598157,0.7,4,4,4
TRAIN,fcf66dac-622d-291c-8542-d108fb4a91f5,0d4e75947fa5bface796937d95f480b5211b664a672df02b2bd78426e8598157,0.75,4,4,4
TRAIN,fcf66dac-622d-291c-8542-d108fb4a91f5,0d4e75947fa5bface796937d95f480b5211b664a672df02b2bd78426e8598157,0.8,4,4,4
TRAIN,fcf66dac-622d-291c-8542-d108fb4a91f5,0d4e75947fa5bface796937d95f480b5211b664a672df02b2bd78426e8598157,0.85,4,4,4
TRAIN,fcf66dac-622d-291c-8542-d108fb4a91f5,0d4e75947fa5bface796937d95f480b5211b664a672df02b2bd78426e8598157,0.9,4,2,2
TRAIN,fcf66dac-622d-291c-8542-d108fb4a91f5,b04c18d1ee05b82d5dbed4fb05be716c63eb1151154bfa13edb9d7b6f32a11cc,0.5,6,6,6
TRAIN,fcf66dac-622d-291c-8542-d108fb4a91f5,b04c18d1ee05b82d5dbed4fb05be716c63eb1151154bfa13edb9d7b6f32a11cc,0.55,6,6,6
TRAIN,fcf66dac-622d-291c-8542-d108fb4a91f5,b04c18d1ee05b82d5dbed4fb05be716c63eb1151154bfa13edb9d7b6f32a11cc,0.6,6,6,6
TRAIN,fcf66dac-622d-291c-8542-d108fb4a91f5,b04c18d1ee05b82d5dbed4fb05be716c63eb1151154bfa13edb9d7b6f32a11cc,0.65,6,6,6
TRAIN,fcf66dac-622d-291c-8542-d108fb4a91f5,b04c18d1ee05b82d5dbed4fb05be716c63eb1151154bfa13edb9d7b6f32a11cc,0.7,6,6,6
TRAIN,fcf66dac-622d-291c-8542-d108fb4a91f5,b04c18d1ee05b82d5dbed4fb05be716c63eb1151154bfa13edb9d7b6f32a11cc,0.75,6,6,6
TRAIN,fcf66dac-622d-291c-8542-d108fb4a91f5,b04c18d1ee05b82d5dbed4fb05be716c63eb1151154bfa13edb9d7b6f32a11cc,0.8,6,5,5
TRAIN,fcf66dac-622d-291c-8542-d108fb4a91f5,b04c18d1ee05b82d5dbed4fb05be716c63eb1151154bfa13edb9d7b6f32a11cc,0.85,6,4,4
TRAIN,fcf66dac-622d-291c-8542-d108fb4a91f5,b04c18d1ee05b82d5dbed4fb05be716c63eb1151154bfa13edb9d7b6f32a11cc,0.9,6,3,3
TRAIN,fcf66dac-622d-291c-8542-d108fb4a91f5,c82ba0c57ff7522a2fdd6043364a590c86fb323b54374b0600dc4e19a89a4ca9,0.5,4,4,4
TRAIN,fcf66dac-622d-291c-8542-d108fb4a91f5,c82ba0c57ff7522a2fdd6043364a590c86fb323b54374b0600dc4e19a89a4ca9,0.55,4,4,4
TRAIN,fcf66dac-622d-291c-8542-d108fb4a91f5,c82ba0c57ff7522a2fdd6043364a590c86fb323b54374b0600dc4e19a89a4ca9,0.6,4,4,4
TRAIN,fcf66dac-622d-291c-8542-d108fb4a91f5,c82ba0c57ff7522a2fdd6043364a590c86fb323b54374b0600dc4e19a89a4ca9,0.65,4,4,4
TRAIN,fcf66dac-622d-291c-8542-d108fb4a91f5,c82ba0c57ff7522a2fdd6043364a590c86fb323b54374b0600dc4e19a89a4ca9,0.7,4,4,4
TRAIN,fcf66dac-622d-291c-8542-d108fb4a91f5,c82ba0c57ff7522a2fdd6043364a590c86fb323b54374b0600dc4e19a89a4ca9,0.75,4,4,4
TRAIN,fcf66dac-622d-291c-8542-d108fb4a91f5,c82ba0c57ff7522a2fdd6043364a590c86fb323b54374b0600dc4e19a89a4ca9,0.8,4,4,4
TRAIN,fcf66dac-622d-291c-8542-d108fb4a91f5,c82ba0c57ff7522a2fdd6043364a590c86fb323b54374b0600dc4e19a89a4ca9,0.85,4,3,3
TRAIN,fcf66dac-622d-291c-8542-d108fb4a91f5,c82ba0c57ff7522a2fdd6043364a590c86fb323b54374b0600dc4e19a89a4ca9,0.9,4,1,1
TRAIN,751a55a1-fe61-2c3b-8df5-925bfeac2496,f9ddaacc1e8d2c4822bfe6281c2ed27f99f05784a32db26c744e380d45373767,0.5,15,11,11
TRAIN,751a55a1-fe61-2c3b-8df5-925bfeac2496,f9ddaacc1e8d2c4822bfe6281c2ed27f99f05784a32db26c744e380d45373767,0.55,15,11,11
TRAIN,751a55a1-fe61-2c3b-8df5-925bfeac2496,f9ddaacc1e8d2c4822bfe6281c2ed27f99f05784a32db26c744e380d45373767,0.6,15,11,11
TRAIN,751a55a1-fe61-2c3b-8df5-925bfeac2496,f9ddaacc1e8d2c4822bfe6281c2ed27f99f05784a32db26c744e380d45373767,0.65,15,9,9
TRAIN,751a55a1-fe61-2c3b-8df5-925bfeac2496,f9ddaacc1e8d2c4822bfe6281c2ed27f99f05784a32db26c744e380d45373767,0.7,15,9,9
TRAIN,751a55a1-fe61-2c3b-8df5-925bfeac2496,f9ddaacc1e8d2c4822bfe6281c2ed27f99f05784a32db26c744e380d45373767,0.75,15,7,7
TRAIN,751a55a1-fe61-2c3b-8df5-925bfeac2496,f9ddaacc1e8d2c4822bfe6281c2ed27f99f05784a32db26c744e380d45373767,0.8,15,3,3
TRAIN,751a55a1-fe61-2c3b-8df5-925bfeac2496,f9ddaacc1e8d2c4822bfe6281c2ed27f99f05784a32db26c744e380d45373767,0.85,15,2,2
TRAIN,751a55a1-fe61-2c3b-8df5-925bfeac2496,f9ddaacc1e8d2c4822bfe6281c2ed27f99f05784a32db26c744e380d45373767,0.9,15,2,2
TRAIN,751a55a1-fe61-2c3b-8df5-925bfeac2496,c8cf36eb10a9ee0b409199b61b3fcbaed818773e6149b8a9d6a5d4f39909363e,0.5,12,9,10
TRAIN,751a55a1-fe61-2c3b-8df5-925bfeac2496,c8cf36eb10a9ee0b409199b61b3fcbaed818773e6149b8a9d6a5d4f39909363e,0.55,12,9,10
TRAIN,751a55a1-fe61-2c3b-8df5-925bfeac2496,c8cf36eb10a9ee0b409199b61b3fcbaed818773e6149b8a9d6a5d4f39909363e,0.6,12,8,8
TRAIN,751a55a1-fe61-2c3b-8df5-925bfeac2496,c8cf36eb10a9ee0b409199b61b3fcbaed818773e6149b8a9d6a5d4f39909363e,0.65,12,8,8
TRAIN,751a55a1-fe61-2c3b-8df5-925bfeac2496,c8cf36eb10a9ee0b409199b61b3fcbaed818773e6149b8a9d6a5d4f39909363e,0.7,12,7,7
TRAIN,751a55a1-fe61-2c3b-8df5-925bfeac2496,c8cf36eb10a9ee0b409199b61b3fcbaed818773e6149b8a9d6a5d4f39909363e,0.75,12,6,6
TRAIN,751a55a1-fe61-2c3b-8df5-925bfeac2496,c8cf36eb10a9ee0b409199b61b3fcbaed818773e6149b8a9d6a5d4f39909363e,0.8,12,6,6
TRAIN,751a55a1-fe61-2c3b-8df5-925bfeac2496,c8cf36eb10a9ee0b409199b61b3fcbaed818773e6149b8a9d6a5d4f39909363e,0.85,12,4,4
TRAIN,751a55a1-fe61-2c3b-8df5-925bfeac2496,c8cf36eb10a9ee0b409199b61b3fcbaed818773e6149b8a9d6a5d4f39909363e,0.9,12,3,3
TRAIN,751a55a1-fe61-2c3b-8df5-925bfeac2496,ac33ce8f274c040478aa421ae8b50e9748d10bf6ddd2395df5d20ec0fcf56467,0.5,12,10,10
TRAIN,751a55a1-fe61-2c3b-8df5-925bfeac2496,ac33ce8f274c040478aa421ae8b50e9748d10bf6ddd2395df5d20ec0fcf56467,0.55,12,10,10
TRAIN,751a55a1-fe61-2c3b-8df5-925bfeac2496,ac33ce8f274c040478aa421ae8b50e9748d10bf6ddd2395df5d20ec0fcf56467,0.6,12,9,9
TRAIN,751a55a1-fe61-2c3b-8df5-925bfeac2496,ac33ce8f274c040478aa421ae8b50e9748d10bf6ddd2395df5d20ec0fcf56467,0.65,12,8,8
TRAIN,751a55a1-fe61-2c3b-8df5-925bfeac2496,ac33ce8f274c040478aa421ae8b50e9748d10bf6ddd2395df5d20ec0fcf56467,0.7,12,7,7
TRAIN,751a55a1-fe61-2c3b-8df5-925bfeac2496,ac33ce8f274c040478aa421ae8b50e9748d10bf6ddd2395df5d20ec0fcf56467,0.75,12,6,6
TRAIN,751a55a1-fe61-2c3b-8df5-925bfeac2496,ac33ce8f274c040478aa421ae8b50e9748d10bf6ddd2395df5d20ec0fcf56467,0.8,12,5,5
TRAIN,751a55a1-fe61-2c3b-8df5-925bfeac2496,ac33ce8f274c040478aa421ae8b50e9748d10bf6ddd2395df5d20ec0fcf56467,0.85,12,3,3
TRAIN,751a55a1-fe61-2c3b-8df5-925bfeac2496,ac33ce8f274c040478aa421ae8b50e9748d10bf6ddd2395df5d20ec0fcf56467,0.9,12,1,1
TRAIN,0cac763b-8d6f-2d13-8c67-de3d97b48d39,d25f2afe650912ed8d7ed39c0dba411ccc8f780019acd2266d2a31f46c9d2626,0.5,5,5,5
TRAIN,0cac763b-8d6f-2d13-8c67-de3d97b48d39,d25f2afe650912ed8d7ed39c0dba411ccc8f780019acd2266d2a31f46c9d2626,0.55,5,5,5
TRAIN,0cac763b-8d6f-2d13-8c67-de3d97b48d39,d25f2afe650912ed8d7ed39c0dba411ccc8f780019acd2266d2a31f46c9d2626,0.6,5,5,5
TRAIN,0cac763b-8d6f-2d13-8c67-de3d97b48d39,d25f2afe650912ed8d7ed39c0dba411ccc8f780019acd2266d2a31f46c9d2626,0.65,5,5,5
TRAIN,0cac763b-8d6f-2d13-8c67-de3d97b48d39,d25f2afe650912ed8d7ed39c0dba411ccc8f780019acd2266d2a31f46c9d2626,0.7,5,5,5
TRAIN,0cac763b-8d6f-2d13-8c67-de3d97b48d39,d25f2afe650912ed8d7ed39c0dba411ccc8f780019acd2266d2a31f46c9d2626,0.75,5,5,5
TRAIN,0cac763b-8d6f-2d13-8c67-de3d97b48d39,d25f2afe650912ed8d7ed39c0dba411ccc8f780019acd2266d2a31f46c9d2626,0.8,5,3,3
TRAIN,0cac763b-8d6f-2d13-8c67-de3d97b48d39,d25f2afe650912ed8d7ed39c0dba411ccc8f780019acd2266d2a31f46c9d2626,0.85,5,3,3
TRAIN,0cac763b-8d6f-2d13-8c67-de3d97b48d39,d25f2afe650912ed8d7ed39c0dba411ccc8f780019acd2266d2a31f46c9d2626,0.9,5,2,2
TRAIN,0cac763b-8d6f-2d13-8c67-de3d97b48d39,009fbe78dadcf65b678b68d9efe1046e92a7054c4ae968b3575f2441f5170062,0.5,5,5,5
TRAIN,0cac763b-8d6f-2d13-8c67-de3d97b48d39,009fbe78dadcf65b678b68d9efe1046e92a7054c4ae968b3575f2441f5170062,0.55,5,5,5
TRAIN,0cac763b-8d6f-2d13-8c67-de3d97b48d39,009fbe78dadcf65b678b68d9efe1046e92a7054c4ae968b3575f2441f5170062,0.6,5,5,5
TRAIN,0cac763b-8d6f-2d13-8c67-de3d97b48d39,009fbe78dadcf65b678b68d9efe1046e92a7054c4ae968b3575f2441f5170062,0.65,5,5,5
TRAIN,0cac763b-8d6f-2d13-8c67-de3d97b48d39,009fbe78dadcf65b678b68d9efe1046e92a7054c4ae968b3575f2441f5170062,0.7,5,5,5
TRAIN,0cac763b-8d6f-2d13-8c67-de3d97b48d39,009fbe78dadcf65b678b68d9efe1046e92a7054c4ae968b3575f2441f5170062,0.75,5,4,4
TRAIN,0cac763b-8d6f-2d13-8c67-de3d97b48d39,009fbe78dadcf65b678b68d9efe1046e92a7054c4ae968b3575f2441f5170062,0.8,5,3,3
TRAIN,0cac763b-8d6f-2d13-8c67-de3d97b48d39,009fbe78dadcf65b678b68d9efe1046e92a7054c4ae968b3575f2441f5170062,0.85,5,2,3
TRAIN,0cac763b-8d6f-2d13-8c67-de3d97b48d39,009fbe78dadcf65b678b68d9efe1046e92a7054c4ae968b3575f2441f5170062,0.9,5,2,2
TRAIN,fcf66daa-622d-291c-8548-a1163ee299b4,13d627a7ffea82433ae094c5f7efe544d9af056dba1734db66c55290b101e206,0.5,8,6,6
TRAIN,fcf66daa-622d-291c-8548-a1163ee299b4,13d627a7ffea82433ae094c5f7efe544d9af056dba1734db66c55290b101e206,0.55,8,4,4
TRAIN,fcf66daa-622d-291c-8548-a1163ee299b4,13d627a7ffea82433ae094c5f7efe544d9af056dba1734db66c55290b101e206,0.6,8,4,4
TRAIN,fcf66daa-622d-291c-8548-a1163ee299b4,13d627a7ffea82433ae094c5f7efe544d9af056dba1734db66c55290b101e206,0.65,8,4,4
TRAIN,fcf66daa-622d-291c-8548-a1163ee299b4,13d627a7ffea82433ae094c5f7efe544d9af056dba1734db66c55290b101e206,0.7,8,4,4
TRAIN,fcf66daa-622d-291c-8548-a1163ee299b4,13d627a7ffea82433ae094c5f7efe544d9af056dba1734db66c55290b101e206,0.75,8,2,3
TRAIN,fcf66daa-622d-291c-8548-a1163ee299b4,13d627a7ffea82433ae094c5f7efe544d9af056dba1734db66c55290b101e206,0.8,8,2,2
TRAIN,fcf66daa-622d-291c-8548-a1163ee299b4,13d627a7ffea82433ae094c5f7efe544d9af056dba1734db66c55290b101e206,0.85,8,2,2
TRAIN,fcf66daa-622d-291c-8548-a1163ee299b4,13d627a7ffea82433ae094c5f7efe544d9af056dba1734db66c55290b101e206,0.9,8,1,2
TRAIN,fcf66daa-622d-291c-8548-a1163ee299b4,a9d6c62875d8a80e989659b33cf9c47f9c079b5821751a203dddc02d8fbdff70,0.5,7,4,4
TRAIN,fcf66daa-622d-291c-8548-a1163ee299b4,a9d6c62875d8a80e989659b33cf9c47f9c079b5821751a203dddc02d8fbdff70,0.55,7,4,4
TRAIN,fcf66daa-622d-291c-8548-a1163ee299b4,a9d6c62875d8a80e989659b33cf9c47f9c079b5821751a203dddc02d8fbdff70,0.6,7,4,4
TRAIN,fcf66daa-622d-291c-8548-a1163ee299b4,a9d6c62875d8a80e989659b33cf9c47f9c079b5821751a203dddc02d8fbdff70,0.65,7,3,3
TRAIN,fcf66daa-622d-291c-8548-a1163ee299b4,a9d6c62875d8a80e989659b33cf9c47f9c079b5821751a203dddc02d8fbdff70,0.7,7,3,3
TRAIN,fcf66daa-622d-291c-8548-a1163ee299b4,a9d6c62875d8a80e989659b33cf9c47f9c079b5821751a203dddc02d8fbdff70,0.75,7,1,1
TRAIN,fcf66daa-622d-291c-8548-a1163ee299b4,a9d6c62875d8a80e989659b33cf9c47f9c079b5821751a203dddc02d8fbdff70,0.8,7,0,0
TRAIN,fcf66daa-622d-291c-8548-a1163ee299b4,a9d6c62875d8a80e989659b33cf9c47f9c079b5821751a203dddc02d8fbdff70,0.85,7,0,0
TRAIN,fcf66daa-622d-291c-8548-a1163ee299b4,a9d6c62875d8a80e989659b33cf9c47f9c079b5821751a203dddc02d8fbdff70,0.9,7,0,0
TRAIN,fcf66daa-622d-291c-8548-a1163ee299b4,3971734dd3e6cffc664c5b44127ffeb8b77df8b4073d452eeea5a58c226c1c9c,0.5,9,7,7
TRAIN,fcf66daa-622d-291c-8548-a1163ee299b4,3971734dd3e6cffc664c5b44127ffeb8b77df8b4073d452eeea5a58c226c1c9c,0.55,9,7,7
TRAIN,fcf66daa-622d-291c-8548-a1163ee299b4,3971734dd3e6cffc664c5b44127ffeb8b77df8b4073d452eeea5a58c226c1c9c,0.6,9,5,5
TRAIN,fcf66daa-622d-291c-8548-a1163ee299b4,3971734dd3e6cffc664c5b44127ffeb8b77df8b4073d452eeea5a58c226c1c9c,0.65,9,5,5
TRAIN,fcf66daa-622d-291c-8548-a1163ee299b4,3971734dd3e6cffc664c5b44127ffeb8b77df8b4073d452eeea5a58c226c1c9c,0.7,9,4,5
TRAIN,fcf66daa-622d-291c-8548-a1163ee299b4,3971734dd3e6cffc664c5b44127ffeb8b77df8b4073d452eeea5a58c226c1c9c,0.75,9,4,5
TRAIN,fcf66daa-622d-291c-8548-a1163ee299b4,3971734dd3e6cffc664c5b44127ffeb8b77df8b4073d452eeea5a58c226c1c9c,0.8,9,4,4
TRAIN,fcf66daa-622d-291c-8548-a1163ee299b4,3971734dd3e6cffc664c5b44127ffeb8b77df8b4073d452eeea5a58c226c1c9c,0.85,9,3,3
TRAIN,fcf66daa-622d-291c-8548-a1163ee299b4,3971734dd3e6cffc664c5b44127ffeb8b77df8b4073d452eeea5a58c226c1c9c,0.9,9,2,2
TRAIN,fcf66daa-622d-291c-8548-a1163ee299b4,e506e32f7da5ba3e240520142cd135b0aad3084574f69123258a5a6837341761,0.5,7,5,5
TRAIN,fcf66daa-622d-291c-8548-a1163ee299b4,e506e32f7da5ba3e240520142cd135b0aad3084574f69123258a5a6837341761,0.55,7,4,5
TRAIN,fcf66daa-622d-291c-8548-a1163ee299b4,e506e32f7da5ba3e240520142cd135b0aad3084574f69123258a5a6837341761,0.6,7,4,4
TRAIN,fcf66daa-622d-291c-8548-a1163ee299b4,e506e32f7da5ba3e240520142cd135b0aad3084574f69123258a5a6837341761,0.65,7,3,3
TRAIN,fcf66daa-622d-291c-8548-a1163ee299b4,e506e32f7da5ba3e240520142cd135b0aad3084574f69123258a5a6837341761,0.7,7,3,3
TRAIN,fcf66daa-622d-291c-8548-a1163ee299b4,e506e32f7da5ba3e240520142cd135b0aad3084574f69123258a5a6837341761,0.75,7,3,3
TRAIN,fcf66daa-622d-291c-8548-a1163ee299b4,e506e32f7da5ba3e240520142cd135b0aad3084574f69123258a5a6837341761,0.8,7,3,3
TRAIN,fcf66daa-622d-291c-8548-a1163ee299b4,e506e32f7da5ba3e240520142cd135b0aad3084574f69123258a5a6837341761,0.85,7,1,1
TRAIN,fcf66daa-622d-291c-8548-a1163ee299b4,e506e32f7da5ba3e240520142cd135b0aad3084574f69123258a5a6837341761,0.9,7,1,1
TRAIN,20c993c1-698f-29c5-86b8-50a2a0907e2b,d59092722854d5d3a05c290b5887989ff930edf3e30b04a571d9ea00a6353865,0.5,9,5,5
TRAIN,20c993c1-698f-29c5-86b8-50a2a0907e2b,d59092722854d5d3a05c290b5887989ff930edf3e30b04a571d9ea00a6353865,0.55,9,5,5
TRAIN,20c993c1-698f-29c5-86b8-50a2a0907e2b,d59092722854d5d3a05c290b5887989ff930edf3e30b04a571d9ea00a6353865,0.6,9,5,5
TRAIN,20c993c1-698f-29c5-86b8-50a2a0907e2b,d59092722854d5d3a05c290b5887989ff930edf3e30b04a571d9ea00a6353865,0.65,9,5,5
TRAIN,20c993c1-698f-29c5-86b8-50a2a0907e2b,d59092722854d5d3a05c290b5887989ff930edf3e30b04a571d9ea00a6353865,0.7,9,5,5
TRAIN,20c993c1-698f-29c5-86b8-50a2a0907e2b,d59092722854d5d3a05c290b5887989ff930edf3e30b04a571d9ea00a6353865,0.75,9,3,4
TRAIN,20c993c1-698f-29c5-86b8-50a2a0907e2b,d59092722854d5d3a05c290b5887989ff930edf3e30b04a571d9ea00a6353865,0.8,9,2,4
TRAIN,20c993c1-698f-29c5-86b8-50a2a0907e2b,d59092722854d5d3a05c290b5887989ff930edf3e30b04a571d9ea00a6353865,0.85,9,2,2
TRAIN,20c993c1-698f-29c5-86b8-50a2a0907e2b,d59092722854d5d3a05c290b5887989ff930edf3e30b04a571d9ea00a6353865,0.9,9,1,1
TRAIN,20c993c1-698f-29c5-86b8-50a2a0907e2b,3abdc67cbc6ec5b8018e5f6223b238cae75a2e853337cab16ae8079b4a6a5846,0.5,9,5,5
TRAIN,20c993c1-698f-29c5-86b8-50a2a0907e2b,3abdc67cbc6ec5b8018e5f6223b238cae75a2e853337cab16ae8079b4a6a5846,0.55,9,5,5
TRAIN,20c993c1-698f-29c5-86b8-50a2a0907e2b,3abdc67cbc6ec5b8018e5f6223b238cae75a2e853337cab16ae8079b4a6a5846,0.6,9,5,5
TRAIN,20c993c1-698f-29c5-86b8-50a2a0907e2b,3abdc67cbc6ec5b8018e5f6223b238cae75a2e853337cab16ae8079b4a6a5846,0.65,9,5,5
TRAIN,20c993c1-698f-29c5-86b8-50a2a0907e2b,3abdc67cbc6ec5b8018e5f6223b238cae75a2e853337cab16ae8079b4a6a5846,0.7,9,3,5
TRAIN,20c993c1-698f-29c5-86b8-50a2a0907e2b,3abdc67cbc6ec5b8018e5f6223b238cae75a2e853337cab16ae8079b4a6a5846,0.75,9,3,4
TRAIN,20c993c1-698f-29c5-86b8-50a2a0907e2b,3abdc67cbc6ec5b8018e5f6223b238cae75a2e853337cab16ae8079b4a6a5846,0.8,9,2,2
TRAIN,20c993c1-698f-29c5-86b8-50a2a0907e2b,3abdc67cbc6ec5b8018e5f6223b238cae75a2e853337cab16ae8079b4a6a5846,0.85,9,2,2
TRAIN,20c993c1-698f-29c5-86b8-50a2a0907e2b,3abdc67cbc6ec5b8018e5f6223b238cae75a2e853337cab16ae8079b4a6a5846,0.9,9,1,2
TRAIN,c12890d8-d3df-2d0d-87cc-da303a47b893,c6e6fba031bbb1df57ca65d51618379a0f4a6a13852e9f28f8cc4069ae717eca,0.5,14,13,13
TRAIN,c12890d8-d3df-2d0d-87cc-da303a47b893,c6e6fba031bbb1df57ca65d51618379a0f4a6a13852e9f28f8cc4069ae717eca,0.55,14,12,12
TRAIN,c12890d8-d3df-2d0d-87cc-da303a47b893,c6e6fba031bbb1df57ca65d51618379a0f4a6a13852e9f28f8cc4069ae717eca,0.6,14,12,12
TRAIN,c12890d8-d3df-2d0d-87cc-da303a47b893,c6e6fba031bbb1df57ca65d51618379a0f4a6a13852e9f28f8cc4069ae717eca,0.65,14,12,12
TRAIN,c12890d8-d3df-2d0d-87cc-da303a47b893,c6e6fba031bbb1df57ca65d51618379a0f4a6a13852e9f28f8cc4069ae717eca,0.7,14,9,9
TRAIN,c12890d8-d3df-2d0d-87cc-da303a47b893,c6e6fba031bbb1df57ca65d51618379a0f4a6a13852e9f28f8cc4069ae717eca,0.75,14,8,8
TRAIN,c12890d8-d3df-2d0d-87cc-da303a47b893,c6e6fba031bbb1df57ca65d51618379a0f4a6a13852e9f28f8cc4069ae717eca,0.8,14,7,7
TRAIN,c12890d8-d3df-2d0d-87cc-da303a47b893,c6e6fba031bbb1df57ca65d51618379a0f4a6a13852e9f28f8cc4069ae717eca,0.85,14,5,6
TRAIN,c12890d8-d3df-2d0d-87cc-da303a47b893,c6e6fba031bbb1df57ca65d51618379a0f4a6a13852e9f28f8cc4069ae717eca,0.9,14,2,3
TRAIN,c12890d8-d3df-2d0d-87cc-da303a47b893,bbc785b0b969217efc4e46134edd94b722e5a6a269e17091880007d394e7d7f1,0.5,14,13,13
TRAIN,c12890d8-d3df-2d0d-87cc-da303a47b893,bbc785b0b969217efc4e46134edd94b722e5a6a269e17091880007d394e7d7f1,0.55,14,13,13
TRAIN,c12890d8-d3df-2d0d-87cc-da303a47b893,bbc785b0b969217efc4e46134edd94b722e5a6a269e17091880007d394e7d7f1,0.6,14,11,11
TRAIN,c12890d8-d3df-2d0d-87cc-da303a47b893,bbc785b0b969217efc4e46134edd94b722e5a6a269e17091880007d394e7d7f1,0.65,14,10,10
TRAIN,c12890d8-d3df-2d0d-87cc-da303a47b893,bbc785b0b969217efc4e46134edd94b722e5a6a269e17091880007d394e7d7f1,0.7,14,8,8
TRAIN,c12890d8-d3df-2d0d-87cc-da303a47b893,bbc785b0b969217efc4e46134edd94b722e5a6a269e17091880007d394e7d7f1,0.75,14,7,7
TRAIN,c12890d8-d3df-2d0d-87cc-da303a47b893,bbc785b0b969217efc4e46134edd94b722e5a6a269e17091880007d394e7d7f1,0.8,14,6,6
TRAIN,c12890d8-d3df-2d0d-87cc-da303a47b893,bbc785b0b969217efc4e46134edd94b722e5a6a269e17091880007d394e7d7f1,0.85,14,4,4
TRAIN,c12890d8-d3df-2d0d-87cc-da303a47b893,bbc785b0b969217efc4e46134edd94b722e5a6a269e17091880007d394e7d7f1,0.9,14,4,4
TRAIN,c12890d8-d3df-2d0d-87cc-da303a47b893,c36777cbe8eca6faae68545c0405f59a703f1d0bb636cbf59ee313723712c6f4,0.5,14,11,11
TRAIN,c12890d8-d3df-2d0d-87cc-da303a47b893,c36777cbe8eca6faae68545c0405f59a703f1d0bb636cbf59ee313723712c6f4,0.55,14,11,11
TRAIN,c12890d8-d3df-2d0d-87cc-da303a47b893,c36777cbe8eca6faae68545c0405f59a703f1d0bb636cbf59ee313723712c6f4,0.6,14,9,9
TRAIN,c12890d8-d3df-2d0d-87cc-da303a47b893,c36777cbe8eca6faae68545c0405f59a703f1d0bb636cbf59ee313723712c6f4,0.65,14,9,9
TRAIN,c12890d8-d3df-2d0d-87cc-da303a47b893,c36777cbe8eca6faae68545c0405f59a703f1d0bb636cbf59ee313723712c6f4,0.7,14,8,8
TRAIN,c12890d8-d3df-2d0d-87cc-da303a47b893,c36777cbe8eca6faae68545c0405f59a703f1d0bb636cbf59ee313723712c6f4,0.75,14,7,7
TRAIN,c12890d8-d3df-2d0d-87cc-da303a47b893,c36777cbe8eca6faae68545c0405f59a703f1d0bb636cbf59ee313723712c6f4,0.8,14,6,6
TRAIN,c12890d8-d3df-2d0d-87cc-da303a47b893,c36777cbe8eca6faae68545c0405f59a703f1d0bb636cbf59ee313723712c6f4,0.85,14,3,3
TRAIN,c12890d8-d3df-2d0d-87cc-da303a47b893,c36777cbe8eca6faae68545c0405f59a703f1d0bb636cbf59ee313723712c6f4,0.9,14,1,1
TRAIN,a644cb9b-0ee5-2f66-9ee4-52027f9ba7d5,a950aa9631029117bd579b15185b6d1f939a8d1b4e1b365feebed877553ec1cf,0.5,9,4,4
TRAIN,a644cb9b-0ee5-2f66-9ee4-52027f9ba7d5,a950aa9631029117bd579b15185b6d1f939a8d1b4e1b365feebed877553ec1cf,0.55,9,4,4
TRAIN,a644cb9b-0ee5-2f66-9ee4-52027f9ba7d5,a950aa9631029117bd579b15185b6d1f939a8d1b4e1b365feebed877553ec1cf,0.6,9,4,4
TRAIN,a644cb9b-0ee5-2f66-9ee4-52027f9ba7d5,a950aa9631029117bd579b15185b6d1f939a8d1b4e1b365feebed877553ec1cf,0.65,9,2,2
TRAIN,a644cb9b-0ee5-2f66-9ee4-52027f9ba7d5,a950aa9631029117bd579b15185b6d1f939a8d1b4e1b365feebed877553ec1cf,0.7,9,2,2
TRAIN,a644cb9b-0ee5-2f66-9ee4-52027f9ba7d5,a950aa9631029117bd579b15185b6d1f939a8d1b4e1b365feebed877553ec1cf,0.75,9,1,1
TRAIN,a644cb9b-0ee5-2f66-9ee4-52027f9ba7d5,a950aa9631029117bd579b15185b6d1f939a8d1b4e1b365feebed877553ec1cf,0.8,9,0,0
TRAIN,a644cb9b-0ee5-2f66-9ee4-52027f9ba7d5,a950aa9631029117bd579b15185b6d1f939a8d1b4e1b365feebed877553ec1cf,0.85,9,0,0
TRAIN,a644cb9b-0ee5-2f66-9ee4-52027f9ba7d5,a950aa9631029117bd579b15185b6d1f939a8d1b4e1b365feebed877553ec1cf,0.9,9,0,0
TRAIN,a644cb9b-0ee5-2f66-9ee4-52027f9ba7d5,5f0d2c4956df5b3541712909d07b72511c532d79067135eace5575a222c5b913,0.5,9,3,3
TRAIN,a644cb9b-0ee5-2f66-9ee4-52027f9ba7d5,5f0d2c4956df5b3541712909d07b72511c532d79067135eace5575a222c5b913,0.55,9,3,3
TRAIN,a644cb9b-0ee5-2f66-9ee4-52027f9ba7d5,5f0d2c4956df5b3541712909d07b72511c532d79067135eace5575a222c5b913,0.6,9,3,3
TRAIN,a644cb9b-0ee5-2f66-9ee4-52027f9ba7d5,5f0d2c4956df5b3541712909d07b72511c532d79067135eace5575a222c5b913,0.65,9,1,1
TRAIN,a644cb9b-0ee5-2f66-9ee4-52027f9ba7d5,5f0d2c4956df5b3541712909d07b72511c532d79067135eace5575a222c5b913,0.7,9,1,1
TRAIN,a644cb9b-0ee5-2f66-9ee4-52027f9ba7d5,5f0d2c4956df5b3541712909d07b72511c532d79067135eace5575a222c5b913,0.75,9,0,0
TRAIN,a644cb9b-0ee5-2f66-9ee4-52027f9ba7d5,5f0d2c4956df5b3541712909d07b72511c532d79067135eace5575a222c5b913,0.8,9,0,0
TRAIN,a644cb9b-0ee5-2f66-9ee4-52027f9ba7d5,5f0d2c4956df5b3541712909d07b72511c532d79067135eace5575a222c5b913,0.85,9,0,0
TRAIN,a644cb9b-0ee5-2f66-9ee4-52027f9ba7d5,5f0d2c4956df5b3541712909d07b72511c532d79067135eace5575a222c5b913,0.9,9,0,0
TRAIN,2e36953b-e133-204c-931b-a2cf0f93fed6,2d3e8c8a5dab75d497b9033d71cfe41a94f4a0bbddf608f02d86677ea4d0ef5b,0.5,1,1,1
TRAIN,2e36953b-e133-204c-931b-a2cf0f93fed6,2d3e8c8a5dab75d497b9033d71cfe41a94f4a0bbddf608f02d86677ea4d0ef5b,0.55,1,1,1
TRAIN,2e36953b-e133-204c-931b-a2cf0f93fed6,2d3e8c8a5dab75d497b9033d71cfe41a94f4a0bbddf608f02d86677ea4d0ef5b,0.6,1,1,1
TRAIN,2e36953b-e133-204c-931b-a2cf0f93fed6,2d3e8c8a5dab75d497b9033d71cfe41a94f4a0bbddf608f02d86677ea4d0ef5b,0.65,1,1,1
TRAIN,2e36953b-e133-204c-931b-a2cf0f93fed6,2d3e8c8a5dab75d497b9033d71cfe41a94f4a0bbddf608f02d86677ea4d0ef5b,0.7,1,1,1
TRAIN,2e36953b-e133-204c-931b-a2cf0f93fed6,2d3e8c8a5dab75d497b9033d71cfe41a94f4a0bbddf608f02d86677ea4d0ef5b,0.75,1,1,1
TRAIN,2e36953b-e133-204c-931b-a2cf0f93fed6,2d3e8c8a5dab75d497b9033d71cfe41a94f4a0bbddf608f02d86677ea4d0ef5b,0.8,1,1,1
TRAIN,2e36953b-e133-204c-931b-a2cf0f93fed6,2d3e8c8a5dab75d497b9033d71cfe41a94f4a0bbddf608f02d86677ea4d0ef5b,0.85,1,1,1
TRAIN,2e36953b-e133-204c-931b-a2cf0f93fed6,2d3e8c8a5dab75d497b9033d71cfe41a94f4a0bbddf608f02d86677ea4d0ef5b,0.9,1,1,1
TRAIN,2e36953b-e133-204c-931b-a2cf0f93fed6,8c72fafebcd20b85c5378187d9606a078a73ffbc55ec32451a2ed76ee2e3a3a5,0.5,1,1,1
TRAIN,2e36953b-e133-204c-931b-a2cf0f93fed6,8c72fafebcd20b85c5378187d9606a078a73ffbc55ec32451a2ed76ee2e3a3a5,0.55,1,1,1
TRAIN,2e36953b-e133-204c-931b-a2cf0f93fed6,8c72fafebcd20b85c5378187d9606a078a73ffbc55ec32451a2ed76ee2e3a3a5,0.6,1,1,1
TRAIN,2e36953b-e133-204c-931b-a2cf0f93fed6,8c72fafebcd20b85c5378187d9606a078a73ffbc55ec32451a2ed76ee2e3a3a5,0.65,1,1,1
TRAIN,2e36953b-e133-204c-931b-a2cf0f93fed6,8c72fafebcd20b85c5378187d9606a078a73ffbc55ec32451a2ed76ee2e3a3a5,0.7,1,1,1
TRAIN,2e36953b-e133-204c-931b-a2cf0f93fed6,8c72fafebcd20b85c5378187d9606a078a73ffbc55ec32451a2ed76ee2e3a3a5,0.75,1,1,1
TRAIN,2e36953b-e133-204c-931b-a2cf0f93fed6,8c72fafebcd20b85c5378187d9606a078a73ffbc55ec32451a2ed76ee2e3a3a5,0.8,1,1,1
TRAIN,2e36953b-e133-204c-931b-a2cf0f93fed6,8c72fafebcd20b85c5378187d9606a078a73ffbc55ec32451a2ed76ee2e3a3a5,0.85,1,1,1
TRAIN,2e36953b-e133-204c-931b-a2cf0f93fed6,8c72fafebcd20b85c5378187d9606a078a73ffbc55ec32451a2ed76ee2e3a3a5,0.9,1,1,1
TRAIN,0cac7580-8d6f-2d13-8c9d-d45247b5244b,969b07e9a2558477629347dbe53d1fe581aaf45a135d1091dc80dc3fef8852f3,0.5,11,11,11
TRAIN,0cac7580-8d6f-2d13-8c9d-d45247b5244b,969b07e9a2558477629347dbe53d1fe581aaf45a135d1091dc80dc3fef8852f3,0.55,11,11,11
TRAIN,0cac7580-8d6f-2d13-8c9d-d45247b5244b,969b07e9a2558477629347dbe53d1fe581aaf45a135d1091dc80dc3fef8852f3,0.6,11,11,11
TRAIN,0cac7580-8d6f-2d13-8c9d-d45247b5244b,969b07e9a2558477629347dbe53d1fe581aaf45a135d1091dc80dc3fef8852f3,0.65,11,11,11
TRAIN,0cac7580-8d6f-2d13-8c9d-d45247b5244b,969b07e9a2558477629347dbe53d1fe581aaf45a135d1091dc80dc3fef8852f3,0.7,11,10,10
TRAIN,0cac7580-8d6f-2d13-8c9d-d45247b5244b,969b07e9a2558477629347dbe53d1fe581aaf45a135d1091dc80dc3fef8852f3,0.75,11,10,10
TRAIN,0cac7580-8d6f-2d13-8c9d-d45247b5244b,969b07e9a2558477629347dbe53d1fe581aaf45a135d1091dc80dc3fef8852f3,0.8,11,9,9
TRAIN,0cac7580-8d6f-2d13-8c9d-d45247b5244b,969b07e9a2558477629347dbe53d1fe581aaf45a135d1091dc80dc3fef8852f3,0.85,11,8,8
TRAIN,0cac7580-8d6f-2d13-8c9d-d45247b5244b,969b07e9a2558477629347dbe53d1fe581aaf45a135d1091dc80dc3fef8852f3,0.9,11,4,5
TRAIN,0cac7580-8d6f-2d13-8c9d-d45247b5244b,c8741e4032ae5ecc52d23494f549ab4b4278c3c89ae9e900c6adba30418ab9e6,0.5,12,10,11
TRAIN,0cac7580-8d6f-2d13-8c9d-d45247b5244b,c8741e4032ae5ecc52d23494f549ab4b4278c3c89ae9e900c6adba30418ab9e6,0.55,12,10,11
TRAIN,0cac7580-8d6f-2d13-8c9d-d45247b5244b,c8741e4032ae5ecc52d23494f549ab4b4278c3c89ae9e900c6adba30418ab9e6,0.6,12,10,11
TRAIN,0cac7580-8d6f-2d13-8c9d-d45247b5244b,c8741e4032ae5ecc52d23494f549ab4b4278c3c89ae9e900c6adba30418ab9e6,0.65,12,10,10
TRAIN,0cac7580-8d6f-2d13-8c9d-d45247b5244b,c8741e4032ae5ecc52d23494f549ab4b4278c3c89ae9e900c6adba30418ab9e6,0.7,12,8,8
TRAIN,0cac7580-8d6f-2d13-8c9d-d45247b5244b,c8741e4032ae5ecc52d23494f549ab4b4278c3c89ae9e900c6adba30418ab9e6,0.75,12,7,7
TRAIN,0cac7580-8d6f-2d13-8c9d-d45247b5244b,c8741e4032ae5ecc52d23494f549ab4b4278c3c89ae9e900c6adba30418ab9e6,0.8,12,6,6
TRAIN,0cac7580-8d6f-2d13-8c9d-d45247b5244b,c8741e4032ae5ecc52d23494f549ab4b4278c3c89ae9e900c6adba30418ab9e6,0.85,12,5,5
TRAIN,0cac7580-8d6f-2d13-8c9d-d45247b5244b,c8741e4032ae5ecc52d23494f549ab4b4278c3c89ae9e900c6adba30418ab9e6,0.9,12,2,3
TRAIN,0cac7580-8d6f-2d13-8c9d-d45247b5244b,d89d108d864c5c00323e7d54473e229d380663be35195e7a72dc0fbee665aa61,0.5,8,6,7
TRAIN,0cac7580-8d6f-2d13-8c9d-d45247b5244b,d89d108d864c5c00323e7d54473e229d380663be35195e7a72dc0fbee665aa61,0.55,8,6,7
TRAIN,0cac7580-8d6f-2d13-8c9d-d45247b5244b,d89d108d864c5c00323e7d54473e229d380663be35195e7a72dc0fbee665aa61,0.6,8,6,7
TRAIN,0cac7580-8d6f-2d13-8c9d-d45247b5244b,d89d108d864c5c00323e7d54473e229d380663be35195e7a72dc0fbee665aa61,0.65,8,6,6
TRAIN,0cac7580-8d6f-2d13-8c9d-d45247b5244b,d89d108d864c5c00323e7d54473e229d380663be35195e7a72dc0fbee665aa61,0.7,8,6,6
TRAIN,0cac7580-8d6f-2d13-8c9d-d45247b5244b,d89d108d864c5c00323e7d54473e229d380663be35195e7a72dc0fbee665aa61,0.75,8,5,5
TRAIN,0cac7580-8d6f-2d13-8c9d-d45247b5244b,d89d108d864c5c00323e7d54473e229d380663be35195e7a72dc0fbee665aa61,0.8,8,4,4
TRAIN,0cac7580-8d6f-2d13-8c9d-d45247b5244b,d89d108d864c5c00323e7d54473e229d380663be35195e7a72dc0fbee665aa61,0.85,8,3,4
TRAIN,0cac7580-8d6f-2d13-8c9d-d45247b5244b,d89d108d864c5c00323e7d54473e229d380663be35195e7a72dc0fbee665aa61,0.9,8,2,2
TRAIN,531cff08-0021-28f6-8e08-ba2eeb945e09,67a21e6785952a86820366996f946f55ccd03371c14565c47a4a0754b0b322a5,0.5,13,11,11
TRAIN,531cff08-0021-28f6-8e08-ba2eeb945e09,67a21e6785952a86820366996f946f55ccd03371c14565c47a4a0754b0b322a5,0.55,13,11,11
TRAIN,531cff08-0021-28f6-8e08-ba2eeb945e09,67a21e6785952a86820366996f946f55ccd03371c14565c47a4a0754b0b322a5,0.6,13,11,11
TRAIN,531cff08-0021-28f6-8e08-ba2eeb945e09,67a21e6785952a86820366996f946f55ccd03371c14565c47a4a0754b0b322a5,0.65,13,9,9
TRAIN,531cff08-0021-28f6-8e08-ba2eeb945e09,67a21e6785952a86820366996f946f55ccd03371c14565c47a4a0754b0b322a5,0.7,13,9,9
TRAIN,531cff08-0021-28f6-8e08-ba2eeb945e09,67a21e6785952a86820366996f946f55ccd03371c14565c47a4a0754b0b322a5,0.75,13,9,9
TRAIN,531cff08-0021-28f6-8e08-ba2eeb945e09,67a21e6785952a86820366996f946f55ccd03371c14565c47a4a0754b0b322a5,0.8,13,7,7
TRAIN,531cff08-0021-28f6-8e08-ba2eeb945e09,67a21e6785952a86820366996f946f55ccd03371c14565c47a4a0754b0b322a5,0.85,13,5,5
TRAIN,531cff08-0021-28f6-8e08-ba2eeb945e09,67a21e6785952a86820366996f946f55ccd03371c14565c47a4a0754b0b322a5,0.9,13,4,4
TRAIN,531cff08-0021-28f6-8e08-ba2eeb945e09,c18dd9721a80640d374854fdbbd6c21af8cdca1b049e581c7917daf43087fb91,0.5,14,11,11
TRAIN,531cff08-0021-28f6-8e08-ba2eeb945e09,c18dd9721a80640d374854fdbbd6c21af8cdca1b049e581c7917daf43087fb91,0.55,14,11,11
TRAIN,531cff08-0021-28f6-8e08-ba2eeb945e09,c18dd9721a80640d374854fdbbd6c21af8cdca1b049e581c7917daf43087fb91,0.6,14,9,9
TRAIN,531cff08-0021-28f6-8e08-ba2eeb945e09,c18dd9721a80640d374854fdbbd6c21af8cdca1b049e581c7917daf43087fb91,0.65,14,9,9
TRAIN,531cff08-0021-28f6-8e08-ba2eeb945e09,c18dd9721a80640d374854fdbbd6c21af8cdca1b049e581c7917daf43087fb91,0.7,14,8,8
TRAIN,531cff08-0021-28f6-8e08-ba2eeb945e09,c18dd9721a80640d374854fdbbd6c21af8cdca1b049e581c7917daf43087fb91,0.75,14,8,8
TRAIN,531cff08-0021-28f6-8e08-ba2eeb945e09,c18dd9721a80640d374854fdbbd6c21af8cdca1b049e581c7917daf43087fb91,0.8,14,6,6
TRAIN,531cff08-0021-28f6-8e08-ba2eeb945e09,c18dd9721a80640d374854fdbbd6c21af8cdca1b049e581c7917daf43087fb91,0.85,14,4,4
TRAIN,531cff08-0021-28f6-8e08-ba2eeb945e09,c18dd9721a80640d374854fdbbd6c21af8cdca1b049e581c7917daf43087fb91,0.9,14,2,2
TRAIN,531cff08-0021-28f6-8e08-ba2eeb945e09,154cc79e6b025f3bab31c8cb8b8d51b47532c6e97a1863aa0fdd4f572c90b5a5,0.5,10,10,10
TRAIN,531cff08-0021-28f6-8e08-ba2eeb945e09,154cc79e6b025f3bab31c8cb8b8d51b47532c6e97a1863aa0fdd4f572c90b5a5,0.55,10,10,10
TRAIN,531cff08-0021-28f6-8e08-ba2eeb945e09,154cc79e6b025f3bab31c8cb8b8d51b47532c6e97a1863aa0fdd4f572c90b5a5,0.6,10,10,10
TRAIN,531cff08-0021-28f6-8e08-ba2eeb945e09,154cc79e6b025f3bab31c8cb8b8d51b47532c6e97a1863aa0fdd4f572c90b5a5,0.65,10,8,8
TRAIN,531cff08-0021-28f6-8e08-ba2eeb945e09,154cc79e6b025f3bab31c8cb8b8d51b47532c6e97a1863aa0fdd4f572c90b5a5,0.7,10,8,8
TRAIN,531cff08-0021-28f6-8e08-ba2eeb945e09,154cc79e6b025f3bab31c8cb8b8d51b47532c6e97a1863aa0fdd4f572c90b5a5,0.75,10,7,7
TRAIN,531cff08-0021-28f6-8e08-ba2eeb945e09,154cc79e6b025f3bab31c8cb8b8d51b47532c6e97a1863aa0fdd4f572c90b5a5,0.8,10,5,6
TRAIN,531cff08-0021-28f6-8e08-ba2eeb945e09,154cc79e6b025f3bab31c8cb8b8d51b47532c6e97a1863aa0fdd4f572c90b5a5,0.85,10,4,5
TRAIN,531cff08-0021-28f6-8e08-ba2eeb945e09,154cc79e6b025f3bab31c8cb8b8d51b47532c6e97a1863aa0fdd4f572c90b5a5,0.9,10,2,2
TRAIN,531cff08-0021-28f6-8e08-ba2eeb945e09,d84d4ababa5cf838e6bb079da61eb7fabbd7ea601a34ea25deaf9d3492b0d0b8,0.5,11,10,10
TRAIN,531cff08-0021-28f6-8e08-ba2eeb945e09,d84d4ababa5cf838e6bb079da61eb7fabbd7ea601a34ea25deaf9d3492b0d0b8,0.55,11,10,10
TRAIN,531cff08-0021-28f6-8e08-ba2eeb945e09,d84d4ababa5cf838e6bb079da61eb7fabbd7ea601a34ea25deaf9d3492b0d0b8,0.6,11,10,10
TRAIN,531cff08-0021-28f6-8e08-ba2eeb945e09,d84d4ababa5cf838e6bb079da61eb7fabbd7ea601a34ea25deaf9d3492b0d0b8,0.65,11,9,9
TRAIN,531cff08-0021-28f6-8e08-ba2eeb945e09,d84d4ababa5cf838e6bb079da61eb7fabbd7ea601a34ea25deaf9d3492b0d0b8,0.7,11,8,8
TRAIN,531cff08-0021-28f6-8e08-ba2eeb945e09,d84d4ababa5cf838e6bb079da61eb7fabbd7ea601a34ea25deaf9d3492b0d0b8,0.75,11,6,6
TRAIN,531cff08-0021-28f6-8e08-ba2eeb945e09,d84d4ababa5cf838e6bb079da61eb7fabbd7ea601a34ea25deaf9d3492b0d0b8,0.8,11,6,6
TRAIN,531cff08-0021-28f6-8e08-ba2eeb945e09,d84d4ababa5cf838e6bb079da61eb7fabbd7ea601a34ea25deaf9d3492b0d0b8,0.85,11,5,5
TRAIN,531cff08-0021-28f6-8e08-ba2eeb945e09,d84d4ababa5cf838e6bb079da61eb7fabbd7ea601a34ea25deaf9d3492b0d0b8,0.9,11,4,4
TRAIN,20c993b1-698f-29c5-865d-3a86c19acb3b,42882daf379517b0168f89f579e1f2909b4a611ae285d97078231a1b1a68b35a,0.5,10,9,9
TRAIN,20c993b1-698f-29c5-865d-3a86c19acb3b,42882daf379517b0168f89f579e1f2909b4a611ae285d97078231a1b1a68b35a,0.55,10,9,9
TRAIN,20c993b1-698f-29c5-865d-3a86c19acb3b,42882daf379517b0168f89f579e1f2909b4a611ae285d97078231a1b1a68b35a,0.6,10,8,8
TRAIN,20c993b1-698f-29c5-865d-3a86c19acb3b,42882daf379517b0168f89f579e1f2909b4a611ae285d97078231a1b1a68b35a,0.65,10,8,8
TRAIN,20c993b1-698f-29c5-865d-3a86c19acb3b,42882daf379517b0168f89f579e1f2909b4a611ae285d97078231a1b1a68b35a,0.7,10,6,6
TRAIN,20c993b1-698f-29c5-865d-3a86c19acb3b,42882daf379517b0168f89f579e1f2909b4a611ae285d97078231a1b1a68b35a,0.75,10,6,6
TRAIN,20c993b1-698f-29c5-865d-3a86c19acb3b,42882daf379517b0168f89f579e1f2909b4a611ae285d97078231a1b1a68b35a,0.8,10,6,6
TRAIN,20c993b1-698f-29c5-865d-3a86c19acb3b,42882daf379517b0168f89f579e1f2909b4a611ae285d97078231a1b1a68b35a,0.85,10,5,5
TRAIN,20c993b1-698f-29c5-865d-3a86c19acb3b,42882daf379517b0168f89f579e1f2909b4a611ae285d97078231a1b1a68b35a,0.9,10,2,3
TRAIN,20c993b1-698f-29c5-865d-3a86c19acb3b,b4a441e05ebf1ee2e6fa15090038a9cec55b8a1c0dd125a2fee99a0c5f576007,0.5,8,6,6
TRAIN,20c993b1-698f-29c5-865d-3a86c19acb3b,b4a441e05ebf1ee2e6fa15090038a9cec55b8a1c0dd125a2fee99a0c5f576007,0.55,8,6,6
TRAIN,20c993b1-698f-29c5-865d-3a86c19acb3b,b4a441e05ebf1ee2e6fa15090038a9cec55b8a1c0dd125a2fee99a0c5f576007,0.6,8,6,6
TRAIN,20c993b1-698f-29c5-865d-3a86c19acb3b,b4a441e05ebf1ee2e6fa15090038a9cec55b8a1c0dd125a2fee99a0c5f576007,0.65,8,5,5
TRAIN,20c993b1-698f-29c5-865d-3a86c19acb3b,b4a441e05ebf1ee2e6fa15090038a9cec55b8a1c0dd125a2fee99a0c5f576007,0.7,8,4,4
TRAIN,20c993b1-698f-29c5-865d-3a86c19acb3b,b4a441e05ebf1ee2e6fa15090038a9cec55b8a1c0dd125a2fee99a0c5f576007,0.75,8,4,4
TRAIN,20c993b1-698f-29c5-865d-3a86c19acb3b,b4a441e05ebf1ee2e6fa15090038a9cec55b8a1c0dd125a2fee99a0c5f576007,0.8,8,4,4
TRAIN,20c993b1-698f-29c5-865d-3a86c19acb3b,b4a441e05ebf1ee2e6fa15090038a9cec55b8a1c0dd125a2fee99a0c5f576007,0.85,8,3,3
TRAIN,20c993b1-698f-29c5-865d-3a86c19acb3b,b4a441e05ebf1ee2e6fa15090038a9cec55b8a1c0dd125a2fee99a0c5f576007,0.9,8,1,1
TRAIN,20c993b1-698f-29c5-865d-3a86c19acb3b,563071f48b21a7fc4a42d2f63c768afe6893d49b6b28f65fc0a123f6b07a8046,0.5,7,4,5
TRAIN,20c993b1-698f-29c5-865d-3a86c19acb3b,563071f48b21a7fc4a42d2f63c768afe6893d49b6b28f65fc0a123f6b07a8046,0.55,7,3,4
TRAIN,20c993b1-698f-29c5-865d-3a86c19acb3b,563071f48b21a7fc4a42d2f63c768afe6893d49b6b28f65fc0a123f6b07a8046,0.6,7,3,4
TRAIN,20c993b1-698f-29c5-865d-3a86c19acb3b,563071f48b21a7fc4a42d2f63c768afe6893d49b6b28f65fc0a123f6b07a8046,0.65,7,3,4
TRAIN,20c993b1-698f-29c5-865d-3a86c19acb3b,563071f48b21a7fc4a42d2f63c768afe6893d49b6b28f65fc0a123f6b07a8046,0.7,7,3,3
TRAIN,20c993b1-698f-29c5-865d-3a86c19acb3b,563071f48b21a7fc4a42d2f63c768afe6893d49b6b28f65fc0a123f6b07a8046,0.75,7,1,1
TRAIN,20c993b1-698f-29c5-865d-3a86c19acb3b,563071f48b21a7fc4a42d2f63c768afe6893d49b6b28f65fc0a123f6b07a8046,0.8,7,1,1
TRAIN,20c993b1-698f-29c5-865d-3a86c19acb3b,563071f48b21a7fc4a42d2f63c768afe6893d49b6b28f65fc0a123f6b07a8046,0.85,7,1,1
TRAIN,20c993b1-698f-29c5-865d-3a86c19acb3b,563071f48b21a7fc4a42d2f63c768afe6893d49b6b28f65fc0a123f6b07a8046,0.9,7,0,1
TRAIN,20c993b1-698f-29c5-865d-3a86c19acb3b,d836cb12b274ffd26bd06c3b74c24adf6b9b5947a20ec4a3abb2ac50d8923f9f,0.5,8,6,6
TRAIN,20c993b1-698f-29c5-865d-3a86c19acb3b,d836cb12b274ffd26bd06c3b74c24adf6b9b5947a20ec4a3abb2ac50d8923f9f,0.55,8,6,6
TRAIN,20c993b1-698f-29c5-865d-3a86c19acb3b,d836cb12b274ffd26bd06c3b74c24adf6b9b5947a20ec4a3abb2ac50d8923f9f,0.6,8,6,6
TRAIN,20c993b1-698f-29c5-865d-3a86c19acb3b,d836cb12b274ffd26bd06c3b74c24adf6b9b5947a20ec4a3abb2ac50d8923f9f,0.65,8,5,5
TRAIN,20c993b1-698f-29c5-865d-3a86c19acb3b,d836cb12b274ffd26bd06c3b74c24adf6b9b5947a20ec4a3abb2ac50d8923f9f,0.7,8,4,4
TRAIN,20c993b1-698f-29c5-865d-3a86c19acb3b,d836cb12b274ffd26bd06c3b74c24adf6b9b5947a20ec4a3abb2ac50d8923f9f,0.75,8,3,3
TRAIN,20c993b1-698f-29c5-865d-3a86c19acb3b,d836cb12b274ffd26bd06c3b74c24adf6b9b5947a20ec4a3abb2ac50d8923f9f,0.8,8,3,3
TRAIN,20c993b1-698f-29c5-865d-3a86c19acb3b,d836cb12b274ffd26bd06c3b74c24adf6b9b5947a20ec4a3abb2ac50d8923f9f,0.85,8,2,2
TRAIN,20c993b1-698f-29c5-865d-3a86c19acb3b,d836cb12b274ffd26bd06c3b74c24adf6b9b5947a20ec4a3abb2ac50d8923f9f,0.9,8,2,2
TRAIN,5341b7bf-8a66-2cdd-8794-026113b7c312,265c77c6d07ef1d86ea12b37e7d6eac34593df40f0402ac63d58e789e53010b5,0.5,8,6,7
TRAIN,5341b7bf-8a66-2cdd-8794-026113b7c312,265c77c6d07ef1d86ea12b37e7d6eac34593df40f0402ac63d58e789e53010b5,0.55,8,5,6
TRAIN,5341b7bf-8a66-2cdd-8794-026113b7c312,265c77c6d07ef1d86ea12b37e7d6eac34593df40f0402ac63d58e789e53010b5,0.6,8,5,6
TRAIN,5341b7bf-8a66-2cdd-8794-026113b7c312,265c77c6d07ef1d86ea12b37e7d6eac34593df40f0402ac63d58e789e53010b5,0.65,8,4,5
TRAIN,5341b7bf-8a66-2cdd-8794-026113b7c312,265c77c6d07ef1d86ea12b37e7d6eac34593df40f0402ac63d58e789e53010b5,0.7,8,4,4
TRAIN,5341b7bf-8a66-2cdd-8794-026113b7c312,265c77c6d07ef1d86ea12b37e7d6eac34593df40f0402ac63d58e789e53010b5,0.75,8,4,4
TRAIN,5341b7bf-8a66-2cdd-8794-026113b7c312,265c77c6d07ef1d86ea12b37e7d6eac34593df40f0402ac63d58e789e53010b5,0.8,8,3,3
TRAIN,5341b7bf-8a66-2cdd-8794-026113b7c312,265c77c6d07ef1d86ea12b37e7d6eac34593df40f0402ac63d58e789e53010b5,0.85,8,3,3
TRAIN,5341b7bf-8a66-2cdd-8794-026113b7c312,265c77c6d07ef1d86ea12b37e7d6eac34593df40f0402ac63d58e789e53010b5,0.9,8,2,3
TRAIN,5341b7bf-8a66-2cdd-8794-026113b7c312,cc9579423f3f84861a20c67e52a38fc1fde679284361153fbc7c493432bc3f68,0.5,8,6,6
TRAIN,5341b7bf-8a66-2cdd-8794-026113b7c312,cc9579423f3f84861a20c67e52a38fc1fde679284361153fbc7c493432bc3f68,0.55,8,5,5
TRAIN,5341b7bf-8a66-2cdd-8794-026113b7c312,cc9579423f3f84861a20c67e52a38fc1fde679284361153fbc7c493432bc3f68,0.6,8,5,5
TRAIN,5341b7bf-8a66-2cdd-8794-026113b7c312,cc9579423f3f84861a20c67e52a38fc1fde679284361153fbc7c493432bc3f68,0.65,8,5,5
TRAIN,5341b7bf-8a66-2cdd-8794-026113b7c312,cc9579423f3f84861a20c67e52a38fc1fde679284361153fbc7c493432bc3f68,0.7,8,4,4
TRAIN,5341b7bf-8a66-2cdd-8794-026113b7c312,cc9579423f3f84861a20c67e52a38fc1fde679284361153fbc7c493432bc3f68,0.75,8,3,4
TRAIN,5341b7bf-8a66-2cdd-8794-026113b7c312,cc9579423f3f84861a20c67e52a38fc1fde679284361153fbc7c493432bc3f68,0.8,8,3,3
TRAIN,5341b7bf-8a66-2cdd-8794-026113b7c312,cc9579423f3f84861a20c67e52a38fc1fde679284361153fbc7c493432bc3f68,0.85,8,3,3
TRAIN,5341b7bf-8a66-2cdd-8794-026113b7c312,cc9579423f3f84861a20c67e52a38fc1fde679284361153fbc7c493432bc3f68,0.9,8,2,2
TRAIN,b05fddd9-fca0-2d4f-8904-936aa0b678e6,53851e71e7c11cde522237bb4639646379dad49e3b24ff4922d3913028e96630,0.5,7,7,7
TRAIN,b05fddd9-fca0-2d4f-8904-936aa0b678e6,53851e71e7c11cde522237bb4639646379dad49e3b24ff4922d3913028e96630,0.55,7,7,7
TRAIN,b05fddd9-fca0-2d4f-8904-936aa0b678e6,53851e71e7c11cde522237bb4639646379dad49e3b24ff4922d3913028e96630,0.6,7,7,7
TRAIN,b05fddd9-fca0-2d4f-8904-936aa0b678e6,53851e71e7c11cde522237bb4639646379dad49e3b24ff4922d3913028e96630,0.65,7,7,7
TRAIN,b05fddd9-fca0-2d4f-8904-936aa0b678e6,53851e71e7c11cde522237bb4639646379dad49e3b24ff4922d3913028e96630,0.7,7,5,5
TRAIN,b05fddd9-fca0-2d4f-8904-936aa0b678e6,53851e71e7c11cde522237bb4639646379dad49e3b24ff4922d3913028e96630,0.75,7,2,2
TRAIN,b05fddd9-fca0-2d4f-8904-936aa0b678e6,53851e71e7c11cde522237bb4639646379dad49e3b24ff4922d3913028e96630,0.8,7,2,2
TRAIN,b05fddd9-fca0-2d4f-8904-936aa0b678e6,53851e71e7c11cde522237bb4639646379dad49e3b24ff4922d3913028e96630,0.85,7,2,2
TRAIN,b05fddd9-fca0-2d4f-8904-936aa0b678e6,53851e71e7c11cde522237bb4639646379dad49e3b24ff4922d3913028e96630,0.9,7,1,1
TRAIN,b05fddd9-fca0-2d4f-8904-936aa0b678e6,58e15c752326bea587af92204373ba547fdabd47ef17cf2f2b6c453f1a7943af,0.5,7,5,5
TRAIN,b05fddd9-fca0-2d4f-8904-936aa0b678e6,58e15c752326bea587af92204373ba547fdabd47ef17cf2f2b6c453f1a7943af,0.55,7,5,5
TRAIN,b05fddd9-fca0-2d4f-8904-936aa0b678e6,58e15c752326bea587af92204373ba547fdabd47ef17cf2f2b6c453f1a7943af,0.6,7,5,5
TRAIN,b05fddd9-fca0-2d4f-8904-936aa0b678e6,58e15c752326bea587af92204373ba547fdabd47ef17cf2f2b6c453f1a7943af,0.65,7,5,5
TRAIN,b05fddd9-fca0-2d4f-8904-936aa0b678e6,58e15c752326bea587af92204373ba547fdabd47ef17cf2f2b6c453f1a7943af,0.7,7,4,4
TRAIN,b05fddd9-fca0-2d4f-8904-936aa0b678e6,58e15c752326bea587af92204373ba547fdabd47ef17cf2f2b6c453f1a7943af,0.75,7,4,4
TRAIN,b05fddd9-fca0-2d4f-8904-936aa0b678e6,58e15c752326bea587af92204373ba547fdabd47ef17cf2f2b6c453f1a7943af,0.8,7,4,4
TRAIN,b05fddd9-fca0-2d4f-8904-936aa0b678e6,58e15c752326bea587af92204373ba547fdabd47ef17cf2f2b6c453f1a7943af,0.85,7,4,4
TRAIN,b05fddd9-fca0-2d4f-8904-936aa0b678e6,58e15c752326bea587af92204373ba547fdabd47ef17cf2f2b6c453f1a7943af,0.9,7,2,2
TRAIN,b05fddd9-fca0-2d4f-8904-936aa0b678e6,9becf37ab6fc00c0c1f41b008d27ce2eba9f91cedbff699019b03ea1e069d541,0.5,7,7,7
TRAIN,b05fddd9-fca0-2d4f-8904-936aa0b678e6,9becf37ab6fc00c0c1f41b008d27ce2eba9f91cedbff699019b03ea1e069d541,0.55,7,6,6
TRAIN,b05fddd9-fca0-2d4f-8904-936aa0b678e6,9becf37ab6fc00c0c1f41b008d27ce2eba9f91cedbff699019b03ea1e069d541,0.6,7,6,6
TRAIN,b05fddd9-fca0-2d4f-8904-936aa0b678e6,9becf37ab6fc00c0c1f41b008d27ce2eba9f91cedbff699019b03ea1e069d541,0.65,7,5,5
TRAIN,b05fddd9-fca0-2d4f-8904-936aa0b678e6,9becf37ab6fc00c0c1f41b008d27ce2eba9f91cedbff699019b03ea1e069d541,0.7,7,4,4
TRAIN,b05fddd9-fca0-2d4f-8904-936aa0b678e6,9becf37ab6fc00c0c1f41b008d27ce2eba9f91cedbff699019b03ea1e069d541,0.75,7,4,4
TRAIN,b05fddd9-fca0-2d4f-8904-936aa0b678e6,9becf37ab6fc00c0c1f41b008d27ce2eba9f91cedbff699019b03ea1e069d541,0.8,7,4,4
TRAIN,b05fddd9-fca0-2d4f-8904-936aa0b678e6,9becf37ab6fc00c0c1f41b008d27ce2eba9f91cedbff699019b03ea1e069d541,0.85,7,4,4
TRAIN,b05fddd9-fca0-2d4f-8904-936aa0b678e6,9becf37ab6fc00c0c1f41b008d27ce2eba9f91cedbff699019b03ea1e069d541,0.9,7,2,2
TRAIN,b05fddd9-fca0-2d4f-8904-936aa0b678e6,d3a4d7755e609a08cbc0ade98639b703d4c127d24730a87c436cb8665cc0b200,0.5,7,6,6
TRAIN,b05fddd9-fca0-2d4f-8904-936aa0b678e6,d3a4d7755e609a08cbc0ade98639b703d4c127d24730a87c436cb8665cc0b200,0.55,7,6,6
TRAIN,b05fddd9-fca0-2d4f-8904-936aa0b678e6,d3a4d7755e609a08cbc0ade98639b703d4c127d24730a87c436cb8665cc0b200,0.6,7,6,6
TRAIN,b05fddd9-fca0-2d4f-8904-936aa0b678e6,d3a4d7755e609a08cbc0ade98639b703d4c127d24730a87c436cb8665cc0b200,0.65,7,5,6
TRAIN,b05fddd9-fca0-2d4f-8904-936aa0b678e6,d3a4d7755e609a08cbc0ade98639b703d4c127d24730a87c436cb8665cc0b200,0.7,7,5,6
TRAIN,b05fddd9-fca0-2d4f-8904-936aa0b678e6,d3a4d7755e609a08cbc0ade98639b703d4c127d24730a87c436cb8665cc0b200,0.75,7,2,2
TRAIN,b05fddd9-fca0-2d4f-8904-936aa0b678e6,d3a4d7755e609a08cbc0ade98639b703d4c127d24730a87c436cb8665cc0b200,0.8,7,2,2
TRAIN,b05fddd9-fca0-2d4f-8904-936aa0b678e6,d3a4d7755e609a08cbc0ade98639b703d4c127d24730a87c436cb8665cc0b200,0.85,7,2,2
TRAIN,b05fddd9-fca0-2d4f-8904-936aa0b678e6,d3a4d7755e609a08cbc0ade98639b703d4c127d24730a87c436cb8665cc0b200,0.9,7,1,2
TRAIN,5341b7d3-8a66-2cdd-8633-0a3da632befa,05f076de9f9640fbc246e4d98d4fea67294382b449b7a46f8f2203337fe33fb5,0.5,9,6,6
TRAIN,5341b7d3-8a66-2cdd-8633-0a3da632befa,05f076de9f9640fbc246e4d98d4fea67294382b449b7a46f8f2203337fe33fb5,0.55,9,6,6
TRAIN,5341b7d3-8a66-2cdd-8633-0a3da632befa,05f076de9f9640fbc246e4d98d4fea67294382b449b7a46f8f2203337fe33fb5,0.6,9,6,6
TRAIN,5341b7d3-8a66-2cdd-8633-0a3da632befa,05f076de9f9640fbc246e4d98d4fea67294382b449b7a46f8f2203337fe33fb5,0.65,9,5,5
TRAIN,5341b7d3-8a66-2cdd-8633-0a3da632befa,05f076de9f9640fbc246e4d98d4fea67294382b449b7a46f8f2203337fe33fb5,0.7,9,4,4
TRAIN,5341b7d3-8a66-2cdd-8633-0a3da632befa,05f076de9f9640fbc246e4d98d4fea67294382b449b7a46f8f2203337fe33fb5,0.75,9,2,2
TRAIN,5341b7d3-8a66-2cdd-8633-0a3da632befa,05f076de9f9640fbc246e4d98d4fea67294382b449b7a46f8f2203337fe33fb5,0.8,9,2,2
TRAIN,5341b7d3-8a66-2cdd-8633-0a3da632befa,05f076de9f9640fbc246e4d98d4fea67294382b449b7a46f8f2203337fe33fb5,0.85,9,1,1
TRAIN,5341b7d3-8a66-2cdd-8633-0a3da632befa,05f076de9f9640fbc246e4d98d4fea67294382b449b7a46f8f2203337fe33fb5,0.9,9,0,0
TRAIN,5341b7d3-8a66-2cdd-8633-0a3da632befa,f04176ae1fd640bd1ca1b841858cc3b0cd622624fa0939ecb59c3c0b8486f516,0.5,9,6,6
TRAIN,5341b7d3-8a66-2cdd-8633-0a3da632befa,f04176ae1fd640bd1ca1b841858cc3b0cd622624fa0939ecb59c3c0b8486f516,0.55,9,6,6
TRAIN,5341b7d3-8a66-2cdd-8633-0a3da632befa,f04176ae1fd640bd1ca1b841858cc3b0cd622624fa0939ecb59c3c0b8486f516,0.6,9,5,5
TRAIN,5341b7d3-8a66-2cdd-8633-0a3da632befa,f04176ae1fd640bd1ca1b841858cc3b0cd622624fa0939ecb59c3c0b8486f516,0.65,9,4,4
TRAIN,5341b7d3-8a66-2cdd-8633-0a3da632befa,f04176ae1fd640bd1ca1b841858cc3b0cd622624fa0939ecb59c3c0b8486f516,0.7,9,4,4
TRAIN,5341b7d3-8a66-2cdd-8633-0a3da632befa,f04176ae1fd640bd1ca1b841858cc3b0cd622624fa0939ecb59c3c0b8486f516,0.75,9,2,2
TRAIN,5341b7d3-8a66-2cdd-8633-0a3da632befa,f04176ae1fd640bd1ca1b841858cc3b0cd622624fa0939ecb59c3c0b8486f516,0.8,9,2,2
TRAIN,5341b7d3-8a66-2cdd-8633-0a3da632befa,f04176ae1fd640bd1ca1b841858cc3b0cd622624fa0939ecb59c3c0b8486f516,0.85,9,1,1
TRAIN,5341b7d3-8a66-2cdd-8633-0a3da632befa,f04176ae1fd640bd1ca1b841858cc3b0cd622624fa0939ecb59c3c0b8486f516,0.9,9,0,0
TRAIN,0cac7623-8d6f-2d13-8da0-462e7fc0bea2,35aa797248596a97208ed00e807227687605893a9c00643f3ab5f2cc70397b8a,0.5,7,7,7
TRAIN,0cac7623-8d6f-2d13-8da0-462e7fc0bea2,35aa797248596a97208ed00e807227687605893a9c00643f3ab5f2cc70397b8a,0.55,7,7,7
TRAIN,0cac7623-8d6f-2d13-8da0-462e7fc0bea2,35aa797248596a97208ed00e807227687605893a9c00643f3ab5f2cc70397b8a,0.6,7,7,7
TRAIN,0cac7623-8d6f-2d13-8da0-462e7fc0bea2,35aa797248596a97208ed00e807227687605893a9c00643f3ab5f2cc70397b8a,0.65,7,6,6
TRAIN,0cac7623-8d6f-2d13-8da0-462e7fc0bea2,35aa797248596a97208ed00e807227687605893a9c00643f3ab5f2cc70397b8a,0.7,7,6,6
TRAIN,0cac7623-8d6f-2d13-8da0-462e7fc0bea2,35aa797248596a97208ed00e807227687605893a9c00643f3ab5f2cc70397b8a,0.75,7,5,6
TRAIN,0cac7623-8d6f-2d13-8da0-462e7fc0bea2,35aa797248596a97208ed00e807227687605893a9c00643f3ab5f2cc70397b8a,0.8,7,5,5
TRAIN,0cac7623-8d6f-2d13-8da0-462e7fc0bea2,35aa797248596a97208ed00e807227687605893a9c00643f3ab5f2cc70397b8a,0.85,7,5,5
TRAIN,0cac7623-8d6f-2d13-8da0-462e7fc0bea2,35aa797248596a97208ed00e807227687605893a9c00643f3ab5f2cc70397b8a,0.9,7,5,5
TRAIN,0cac7623-8d6f-2d13-8da0-462e7fc0bea2,c6d417c173549604cadf808a867b36c1cc1669aa230d5f7be8c2d599aa701933,0.5,8,8,8
TRAIN,0cac7623-8d6f-2d13-8da0-462e7fc0bea2,c6d417c173549604cadf808a867b36c1cc1669aa230d5f7be8c2d599aa701933,0.55,8,8,8
TRAIN,0cac7623-8d6f-2d13-8da0-462e7fc0bea2,c6d417c173549604cadf808a867b36c1cc1669aa230d5f7be8c2d599aa701933,0.6,8,8,8
TRAIN,0cac7623-8d6f-2d13-8da0-462e7fc0bea2,c6d417c173549604cadf808a867b36c1cc1669aa230d5f7be8c2d599aa701933,0.65,8,8,8
TRAIN,0cac7623-8d6f-2d13-8da0-462e7fc0bea2,c6d417c173549604cadf808a867b36c1cc1669aa230d5f7be8c2d599aa701933,0.7,8,7,7
TRAIN,0cac7623-8d6f-2d13-8da0-462e7fc0bea2,c6d417c173549604cadf808a867b36c1cc1669aa230d5f7be8c2d599aa701933,0.75,8,7,7
TRAIN,0cac7623-8d6f-2d13-8da0-462e7fc0bea2,c6d417c173549604cadf808a867b36c1cc1669aa230d5f7be8c2d599aa701933,0.8,8,6,6
TRAIN,0cac7623-8d6f-2d13-8da0-462e7fc0bea2,c6d417c173549604cadf808a867b36c1cc1669aa230d5f7be8c2d599aa701933,0.85,8,6,6
TRAIN,0cac7623-8d6f-2d13-8da0-462e7fc0bea2,c6d417c173549604cadf808a867b36c1cc1669aa230d5f7be8c2d599aa701933,0.9,8,6,6
TRAIN,0cac7623-8d6f-2d13-8da0-462e7fc0bea2,1283c0de31dbe737dd6d711bd3ce162c8fae08f19975a57ac5bfabc2fab0fd3f,0.5,7,7,7
TRAIN,0cac7623-8d6f-2d13-8da0-462e7fc0bea2,1283c0de31dbe737dd6d711bd3ce162c8fae08f19975a57ac5bfabc2fab0fd3f,0.55,7,7,7
TRAIN,0cac7623-8d6f-2d13-8da0-462e7fc0bea2,1283c0de31dbe737dd6d711bd3ce162c8fae08f19975a57ac5bfabc2fab0fd3f,0.6,7,7,7
TRAIN,0cac7623-8d6f-2d13-8da0-462e7fc0bea2,1283c0de31dbe737dd6d711bd3ce162c8fae08f19975a57ac5bfabc2fab0fd3f,0.65,7,7,7
TRAIN,0cac7623-8d6f-2d13-8da0-462e7fc0bea2,1283c0de31dbe737dd6d711bd3ce162c8fae08f19975a57ac5bfabc2fab0fd3f,0.7,7,7,7
TRAIN,0cac7623-8d6f-2d13-8da0-462e7fc0bea2,1283c0de31dbe737dd6d711bd3ce162c8fae08f19975a57ac5bfabc2fab0fd3f,0.75,7,6,6
TRAIN,0cac7623-8d6f-2d13-8da0-462e7fc0bea2,1283c0de31dbe737dd6d711bd3ce162c8fae08f19975a57ac5bfabc2fab0fd3f,0.8,7,6,6
TRAIN,0cac7623-8d6f-2d13-8da0-462e7fc0bea2,1283c0de31dbe737dd6d711bd3ce162c8fae08f19975a57ac5bfabc2fab0fd3f,0.85,7,6,6
TRAIN,0cac7623-8d6f-2d13-8da0-462e7fc0bea2,1283c0de31dbe737dd6d711bd3ce162c8fae08f19975a57ac5bfabc2fab0fd3f,0.9,7,6,6
