file_name,decoder_prediction_layer,feeds_next_attention,query_count,active_query_count,gt_instance_count,gt_coverage_iou25,gt_coverage_iou50,mean_queries_per_gt_iou25,mean_queries_per_gt_iou50,competed_active_query_fraction,competing_query_pairwise_iou_mean,distinct_gt_covered_iou25,query_utilization_iou25,distinct_gt_per_utilized_query
scene0003_00-scene0003_03,0,True,100,100,6,0.0,0.0,0.0,0.0,0.0,0.0,0,0.0,0.0
scene0003_00-scene0003_03,1,True,100,100,6,0.1666666716337204,0.0,16.666667938232422,0.0,0.99,0.9988494085181843,1,1.0,0.01
scene0003_00-scene0003_03,2,True,100,100,6,1.0,0.8333333730697632,22.83333396911621,9.166666984558105,0.94,0.5661253101074634,6,1.0,0.06
scene0003_00-scene0003_03,3,True,100,85,6,1.0,1.0,14.166666984558105,7.5,0.9154929577464789,0.6414543047790198,6,0.71,0.08450704225352113
scene0003_00-scene0003_03,4,True,100,89,6,1.0,1.0,14.5,9.5,0.922077922077922,0.6637732965574378,6,0.77,0.07792207792207792
scene0003_00-scene0003_03,5,True,100,93,6,1.0,0.8333333730697632,16.5,11.0,0.9302325581395349,0.621272946892138,6,0.86,0.06976744186046512
scene0003_00-scene0003_03,6,True,100,92,6,1.0,1.0,15.5,9.166666984558105,0.925,0.6484256325043983,6,0.8,0.075
scene0003_00-scene0003_03,7,True,100,88,6,1.0,1.0,14.666666984558105,8.5,0.922077922077922,0.6342203805262859,6,0.77,0.07792207792207792
scene0003_00-scene0003_03,8,True,100,93,6,1.0,1.0,15.166666984558105,9.0,0.925,0.6094781946734484,6,0.8,0.075
scene0003_00-scene0003_03,9,True,100,97,6,1.0,1.0,16.83333396911621,10.333333969116211,0.9318181818181818,0.5830264971260256,6,0.88,0.06818181818181818
scene0003_00-scene0003_03,10,True,100,98,6,1.0,1.0,18.33333396911621,9.0,0.9354838709677419,0.6088296558080714,6,0.93,0.06451612903225806
scene0003_00-scene0003_03,11,True,100,96,6,1.0,1.0,16.666667938232422,8.666666984558105,0.927710843373494,0.6490485770848848,6,0.83,0.07228915662650602
scene0003_00-scene0003_03,12,False,100,97,6,1.0,1.0,15.333333969116211,9.666666984558105,0.926829268292683,0.6013031541338707,6,0.82,0.07317073170731707
scene0003_01-scene0003_02,0,True,100,0,7,0.0,0.0,0.0,0.0,0.0,0.0,0,0.0,0.0
scene0003_01-scene0003_02,1,True,100,76,7,1.0,0.8571429252624512,9.428571701049805,7.000000476837158,0.8947368421052632,0.640477780308821,7,0.57,0.12280701754385964
scene0003_01-scene0003_02,2,True,100,70,7,1.0,0.5714285969734192,7.428571701049805,4.285714626312256,0.8636363636363636,0.7090459209188674,7,0.44,0.1590909090909091
scene0003_01-scene0003_02,3,True,100,78,7,1.0,1.0,11.142857551574707,6.142857551574707,0.890625,0.5404253771508133,7,0.64,0.109375
scene0003_01-scene0003_02,4,True,100,88,7,1.0,1.0,13.714286804199219,9.571429252624512,0.9135802469135802,0.5906265615411432,7,0.81,0.08641975308641975
scene0003_01-scene0003_02,5,True,100,92,7,1.0,1.0,15.285715103149414,9.85714340209961,0.9204545454545454,0.5958019336594976,7,0.88,0.07954545454545454
scene0003_01-scene0003_02,6,True,100,94,7,1.0,1.0,15.714286804199219,10.714285850524902,0.9230769230769231,0.6936977440584919,7,0.91,0.07692307692307693
scene0003_01-scene0003_02,7,True,100,92,7,1.0,1.0,14.85714340209961,8.85714340209961,0.9176470588235294,0.5958237742264679,7,0.85,0.08235294117647059
scene0003_01-scene0003_02,8,True,100,93,7,1.0,1.0,14.571429252624512,10.0,0.9156626506024096,0.6654125482759691,7,0.83,0.08433734939759036
scene0003_01-scene0003_02,9,True,100,95,7,1.0,1.0,16.142858505249023,10.428571701049805,0.9239130434782609,0.6600031962542109,7,0.92,0.07608695652173914
scene0003_01-scene0003_02,10,True,100,97,7,1.0,0.8571429252624512,16.285715103149414,11.714285850524902,0.9361702127659575,0.7147586954055982,7,0.94,0.07446808510638298
scene0003_01-scene0003_02,11,True,100,94,7,1.0,0.8571429252624512,14.571429252624512,9.714285850524902,0.9285714285714286,0.6451677760776292,7,0.84,0.08333333333333333
scene0003_01-scene0003_02,12,False,100,93,7,1.0,1.0,14.714286804199219,9.285715103149414,0.9125,0.6665679052978392,7,0.8,0.0875
scene0003_02-scene0003_00,0,True,100,100,6,0.0,0.0,0.0,0.0,0.0,0.0,0,0.0,0.0
scene0003_02-scene0003_00,1,True,100,69,6,1.0,1.0,11.333333969116211,8.833333969116211,0.9032258064516129,0.6601215513245322,6,0.62,0.0967741935483871
scene0003_02-scene0003_00,2,True,100,66,6,1.0,1.0,9.833333969116211,6.6666669845581055,0.8867924528301887,0.6757071953282952,6,0.53,0.11320754716981132
scene0003_02-scene0003_00,3,True,100,84,6,1.0,1.0,12.833333969116211,8.0,0.9117647058823529,0.5427224583993483,6,0.68,0.08823529411764706
scene0003_02-scene0003_00,4,True,100,90,6,1.0,1.0,14.5,9.5,0.9230769230769231,0.5529525884483946,6,0.78,0.07692307692307693
scene0003_02-scene0003_00,5,True,100,89,6,1.0,1.0,16.166667938232422,10.166666984558105,0.9302325581395349,0.5464857197738691,6,0.86,0.06976744186046512
scene0003_02-scene0003_00,6,True,100,96,6,1.0,1.0,15.5,11.5,0.9302325581395349,0.6156149443498297,6,0.86,0.06976744186046512
scene0003_02-scene0003_00,7,True,100,97,6,1.0,1.0,15.166666984558105,9.5,0.9240506329113924,0.5962497459835537,6,0.79,0.0759493670886076
scene0003_02-scene0003_00,8,True,100,97,6,1.0,1.0,15.333333969116211,11.0,0.9294117647058824,0.570082950303385,6,0.85,0.07058823529411765
scene0003_02-scene0003_00,9,True,100,97,6,1.0,1.0,16.0,12.5,0.9310344827586207,0.6282223434495646,6,0.87,0.06896551724137931
scene0003_02-scene0003_00,10,True,100,95,6,1.0,1.0,16.166667938232422,10.833333969116211,0.9318181818181818,0.5661952587751676,6,0.88,0.06818181818181818
scene0003_02-scene0003_00,11,True,100,97,6,1.0,1.0,15.833333969116211,9.5,0.926829268292683,0.5763839736365907,6,0.82,0.07317073170731707
scene0003_02-scene0003_00,12,False,100,97,6,1.0,1.0,15.5,10.166666984558105,0.9285714285714286,0.5523068745377555,6,0.84,0.07142857142857142
scene0003_03-scene0003_01,0,True,100,0,7,0.0,0.0,0.0,0.0,0.0,0.0,0,0.0,0.0
scene0003_03-scene0003_01,1,True,100,78,7,1.0,0.8571429252624512,9.428571701049805,6.142857551574707,0.8870967741935484,0.6494830198735543,7,0.62,0.11290322580645161
scene0003_03-scene0003_01,2,True,100,77,7,1.0,0.8571429252624512,8.285715103149414,4.857142925262451,0.8846153846153846,0.6050648192087045,7,0.52,0.1346153846153846
scene0003_03-scene0003_01,3,True,100,80,7,1.0,1.0,12.428571701049805,7.000000476837158,0.9027777777777778,0.6132705257061732,7,0.72,0.09722222222222222
scene0003_03-scene0003_01,4,True,100,89,7,1.0,1.0,13.428571701049805,8.714285850524902,0.9156626506024096,0.6005048681601557,7,0.83,0.08433734939759036
scene0003_03-scene0003_01,5,True,100,89,7,1.0,1.0,14.428571701049805,10.571429252624512,0.9186046511627907,0.6632814321736487,7,0.86,0.08139534883720931
scene0003_03-scene0003_01,6,True,100,95,7,1.0,1.0,14.428571701049805,10.428571701049805,0.9222222222222223,0.7015990018951268,7,0.9,0.07777777777777778
scene0003_03-scene0003_01,7,True,100,94,7,1.0,1.0,13.714286804199219,10.142857551574707,0.9156626506024096,0.6930799706543649,7,0.83,0.08433734939759036
scene0003_03-scene0003_01,8,True,100,95,7,1.0,1.0,14.428571701049805,9.85714340209961,0.9156626506024096,0.6726712621253627,7,0.83,0.08433734939759036
scene0003_03-scene0003_01,9,True,100,95,7,1.0,1.0,15.428571701049805,10.142857551574707,0.9222222222222223,0.6663891370401429,7,0.9,0.07777777777777778
scene0003_03-scene0003_01,10,True,100,96,7,1.0,1.0,16.0,11.285715103149414,0.9247311827956989,0.691423024771441,7,0.93,0.07526881720430108
scene0003_03-scene0003_01,11,True,100,93,7,1.0,1.0,13.714286804199219,9.428571701049805,0.9135802469135802,0.7089932167276968,7,0.81,0.08641975308641975
scene0003_03-scene0003_01,12,False,100,95,7,1.0,1.0,14.571429252624512,9.714285850524902,0.9195402298850575,0.6468274411348047,7,0.87,0.08045977011494253
scene0009_00-scene0009_02,0,True,100,100,14,0.0,0.0,0.0,0.0,0.0,0.0,0,0.0,0.0
scene0009_00-scene0009_02,1,True,100,74,14,0.8571429252624512,0.5714285969734192,6.0714287757873535,2.142857313156128,0.828125,0.5277666977726587,12,0.64,0.1875
scene0009_00-scene0009_02,2,True,100,88,14,0.8571429252624512,0.7142857313156128,6.285714626312256,2.5714287757873535,0.8333333333333334,0.5455167137178374,12,0.72,0.16666666666666666
scene0009_00-scene0009_02,3,True,100,87,14,0.8571429252624512,0.7142857313156128,6.0714287757873535,3.357142925262451,0.8378378378378378,0.6381099248925844,12,0.74,0.16216216216216217
scene0009_00-scene0009_02,4,True,100,95,14,0.8571429252624512,0.7142857313156128,7.000000476837158,4.0714287757873535,0.8604651162790697,0.6232688513429214,12,0.86,0.13953488372093023
scene0009_00-scene0009_02,5,True,100,94,14,0.8571429252624512,0.785714328289032,7.142857551574707,3.7857143878936768,0.8571428571428571,0.6476844448742329,12,0.84,0.14285714285714285
scene0009_00-scene0009_02,6,True,100,98,14,0.8571429252624512,0.6428571939468384,7.142857551574707,3.9285717010498047,0.8636363636363636,0.6772783344063689,12,0.88,0.13636363636363635
scene0009_00-scene0009_02,7,True,100,98,14,0.8571429252624512,0.7142857313156128,7.0714287757873535,3.500000238418579,0.8588235294117647,0.6488234256828054,12,0.85,0.1411764705882353
scene0009_00-scene0009_02,8,True,100,98,14,0.8571429252624512,0.785714328289032,7.142857551574707,4.0,0.8666666666666667,0.6702612206219988,12,0.9,0.13333333333333333
scene0009_00-scene0009_02,9,True,100,98,14,0.8571429252624512,0.7142857313156128,6.928571701049805,3.857142925262451,0.8588235294117647,0.6613231785829712,12,0.85,0.1411764705882353
scene0009_00-scene0009_02,10,True,100,99,14,0.8571429252624512,0.7142857313156128,7.214285850524902,4.142857551574707,0.8604651162790697,0.7461596982206926,12,0.86,0.13953488372093023
scene0009_00-scene0009_02,11,True,100,93,14,0.8571429252624512,0.8571429252624512,7.214285850524902,4.142857551574707,0.8536585365853658,0.7034441426383655,12,0.82,0.14634146341463414
scene0009_00-scene0009_02,12,False,100,98,14,0.8571429252624512,0.7142857313156128,7.500000476837158,4.285714626312256,0.8681318681318682,0.7180038250900886,12,0.91,0.13186813186813187
scene0009_01-scene0009_00,0,True,100,100,14,0.0,0.0,0.0,0.0,0.0,0.0,0,0.0,0.0
scene0009_01-scene0009_00,1,True,100,97,14,0.8571429252624512,0.5714285969734192,7.357143402099609,2.857142925262451,0.8604651162790697,0.6727779933507299,12,0.86,0.13953488372093023
scene0009_01-scene0009_00,2,True,100,99,14,0.8571429252624512,0.6428571939468384,7.5714287757873535,3.642857313156128,0.8723404255319149,0.6668117830620854,12,0.94,0.1276595744680851
scene0009_01-scene0009_00,3,True,100,95,14,0.8571429252624512,0.785714328289032,6.214285850524902,3.4285717010498047,0.8421052631578947,0.7025231897707302,12,0.76,0.15789473684210525
scene0009_01-scene0009_00,4,True,100,97,14,0.8571429252624512,0.785714328289032,6.428571701049805,4.642857551574707,0.8518518518518519,0.803889763273605,12,0.81,0.14814814814814814
scene0009_01-scene0009_00,5,True,100,98,14,0.8571429252624512,0.785714328289032,6.928571701049805,4.214285850524902,0.8588235294117647,0.70133066067095,12,0.85,0.1411764705882353
scene0009_01-scene0009_00,6,True,100,97,14,0.8571429252624512,0.785714328289032,7.428571701049805,4.642857551574707,0.8636363636363636,0.7745404491254262,12,0.88,0.13636363636363635
scene0009_01-scene0009_00,7,True,100,97,14,0.8571429252624512,0.785714328289032,7.5714287757873535,4.285714626312256,0.8636363636363636,0.7046026129093839,12,0.88,0.13636363636363635
scene0009_01-scene0009_00,8,True,100,97,14,0.8571429252624512,0.785714328289032,7.142857551574707,4.285714626312256,0.8651685393258427,0.7137149000408674,12,0.89,0.1348314606741573
scene0009_01-scene0009_00,9,True,100,97,14,0.8571429252624512,0.7142857313156128,7.142857551574707,4.214285850524902,0.8636363636363636,0.7023975227636342,12,0.88,0.13636363636363635
scene0009_01-scene0009_00,10,True,100,97,14,0.8571429252624512,0.785714328289032,7.142857551574707,4.5,0.8604651162790697,0.7715621298887361,12,0.86,0.13953488372093023
scene0009_01-scene0009_00,11,True,100,97,14,0.8571429252624512,0.785714328289032,7.142857551574707,4.785714626312256,0.8620689655172413,0.7933253048027692,12,0.87,0.13793103448275862
scene0009_01-scene0009_00,12,False,100,98,14,0.8571429252624512,0.785714328289032,7.142857551574707,4.357142925262451,0.8620689655172413,0.7267710714702155,12,0.87,0.13793103448275862
scene0009_02-scene0009_03,0,True,100,100,14,0.0,0.0,0.0,0.0,0.0,0.0,0,0.0,0.0
scene0009_02-scene0009_03,1,True,100,80,14,0.8571429252624512,0.6428571939468384,4.928571701049805,1.9285714626312256,0.8064516129032258,0.5788378628719714,12,0.62,0.1935483870967742
scene0009_02-scene0009_03,2,True,100,90,14,0.8571429252624512,0.7142857313156128,5.714285850524902,3.2857143878936768,0.8356164383561644,0.6322968080296495,12,0.73,0.1643835616438356
scene0009_02-scene0009_03,3,True,100,98,14,0.9285714626312256,0.785714328289032,5.928571701049805,4.142857551574707,0.8375,0.6502261639003329,13,0.8,0.1625
scene0009_02-scene0009_03,4,True,100,99,14,0.8571429252624512,0.8571429252624512,6.5714287757873535,4.428571701049805,0.8636363636363636,0.628409138142869,12,0.88,0.13636363636363635
scene0009_02-scene0009_03,5,True,100,100,14,0.8571429252624512,0.8571429252624512,6.714285850524902,4.428571701049805,0.8651685393258427,0.6265549967124212,12,0.89,0.1348314606741573
scene0009_02-scene0009_03,6,True,100,98,14,0.8571429252624512,0.8571429252624512,6.5714287757873535,4.285714626312256,0.8620689655172413,0.6400224421489037,12,0.87,0.13793103448275862
scene0009_02-scene0009_03,7,True,100,97,14,0.8571429252624512,0.785714328289032,6.142857551574707,4.928571701049805,0.8571428571428571,0.7451015169116995,12,0.84,0.14285714285714285
scene0009_02-scene0009_03,8,True,100,100,14,0.8571429252624512,0.8571429252624512,6.142857551574707,5.0714287757873535,0.8588235294117647,0.7628407634439922,12,0.85,0.1411764705882353
scene0009_02-scene0009_03,9,True,100,99,14,0.8571429252624512,0.8571429252624512,6.142857551574707,4.928571701049805,0.8571428571428571,0.7783941085924182,12,0.84,0.14285714285714285
scene0009_02-scene0009_03,10,True,100,100,14,0.8571429252624512,0.785714328289032,6.142857551574707,4.285714626312256,0.8571428571428571,0.7149512701142918,12,0.84,0.14285714285714285
scene0009_02-scene0009_03,11,True,100,100,14,0.8571429252624512,0.785714328289032,6.0714287757873535,4.785714626312256,0.8571428571428571,0.7740089494902576,12,0.84,0.14285714285714285
scene0009_02-scene0009_03,12,False,100,100,14,0.8571429252624512,0.8571429252624512,6.357142925262451,4.5714287757873535,0.8604651162790697,0.7236444830700318,12,0.86,0.13953488372093023
scene0009_03-scene0009_01,0,True,100,100,14,0.0,0.0,0.0,0.0,0.0,0.0,0,0.0,0.0
scene0009_03-scene0009_01,1,True,100,80,14,0.9285714626312256,0.785714328289032,5.642857551574707,2.9285714626312256,0.8088235294117647,0.5700250647829047,13,0.68,0.19117647058823528
scene0009_03-scene0009_01,2,True,100,88,14,0.9285714626312256,0.785714328289032,6.214285850524902,3.642857313156128,0.8289473684210527,0.6717100511217832,13,0.76,0.17105263157894737
scene0009_03-scene0009_01,3,True,100,91,14,0.8571429252624512,0.8571429252624512,6.214285850524902,4.5714287757873535,0.8481012658227848,0.7051618575337398,12,0.79,0.1518987341772152
scene0009_03-scene0009_01,4,True,100,98,14,0.8571429252624512,0.8571429252624512,6.214285850524902,4.857142925262451,0.8571428571428571,0.6871597154322499,12,0.84,0.14285714285714285
scene0009_03-scene0009_01,5,True,100,94,14,0.8571429252624512,0.8571429252624512,6.714285850524902,4.857142925262451,0.8604651162790697,0.6786874840604216,12,0.86,0.13953488372093023
scene0009_03-scene0009_01,6,True,100,97,14,0.8571429252624512,0.8571429252624512,6.714285850524902,5.142857551574707,0.8604651162790697,0.7169944518422247,12,0.86,0.13953488372093023
scene0009_03-scene0009_01,7,True,100,93,14,0.8571429252624512,0.8571429252624512,6.642857551574707,4.928571701049805,0.8588235294117647,0.7441655092414805,12,0.85,0.1411764705882353
scene0009_03-scene0009_01,8,True,100,97,14,0.8571429252624512,0.8571429252624512,6.357142925262451,5.0714287757873535,0.8554216867469879,0.740692588246137,12,0.83,0.14457831325301204
scene0009_03-scene0009_01,9,True,100,96,14,0.8571429252624512,0.8571429252624512,7.000000476837158,5.0,0.8636363636363636,0.7056740493145447,12,0.88,0.13636363636363635
scene0009_03-scene0009_01,10,True,100,98,14,0.8571429252624512,0.8571429252624512,6.5714287757873535,5.428571701049805,0.8620689655172413,0.7939951318988627,12,0.87,0.13793103448275862
scene0009_03-scene0009_01,11,True,100,97,14,0.9285714626312256,0.8571429252624512,6.857143402099609,5.5714287757873535,0.8555555555555555,0.7930506682854432,13,0.9,0.14444444444444443
scene0009_03-scene0009_01,12,False,100,97,14,0.8571429252624512,0.8571429252624512,6.714285850524902,5.0714287757873535,0.8651685393258427,0.7136873194103033,12,0.89,0.1348314606741573
scene0019_00-scene0019_02,0,True,100,100,27,0.0,0.0,0.0,0.0,0.0,0.0,0,0.0,0.0
scene0019_00-scene0019_02,1,True,100,84,27,0.8518518805503845,0.2222222238779068,3.0370371341705322,0.4444444477558136,0.6440677966101694,0.4995761076317114,23,0.59,0.3898305084745763
scene0019_00-scene0019_02,2,True,100,85,27,0.8888888955116272,0.29629629850387573,3.4814815521240234,0.7037037014961243,0.7121212121212122,0.6241769724931472,24,0.66,0.36363636363636365
scene0019_00-scene0019_02,3,True,100,100,27,1.0,0.5555555820465088,4.481481552124023,1.3703703880310059,0.7108433734939759,0.7107746100298276,27,0.83,0.3253012048192771
scene0019_00-scene0019_02,4,True,100,99,27,1.0,0.6666666865348816,4.888888835906982,1.4074074029922485,0.7472527472527473,0.6221450983582648,27,0.91,0.2967032967032967
scene0019_00-scene0019_02,5,True,100,95,27,1.0,0.40740740299224854,4.148148059844971,1.1111111640930176,0.7160493827160493,0.6124132436234504,27,0.81,0.3333333333333333
scene0019_00-scene0019_02,6,True,100,92,27,1.0,0.4444444477558136,4.0740742683410645,1.185185194015503,0.6842105263157895,0.7038246656915075,27,0.76,0.35526315789473684
scene0019_00-scene0019_02,7,True,100,98,27,1.0,0.5185185074806213,4.666666507720947,1.5555555820465088,0.7471264367816092,0.6828088359832764,27,0.87,0.3103448275862069
scene0019_00-scene0019_02,8,True,100,99,27,1.0,0.5555555820465088,4.592592716217041,1.5555555820465088,0.7444444444444445,0.6557445963808134,27,0.9,0.3
scene0019_00-scene0019_02,9,True,100,98,27,1.0,0.48148149251937866,4.259259223937988,1.4444444179534912,0.7380952380952381,0.6597938852994432,27,0.84,0.32142857142857145
scene0019_00-scene0019_02,10,True,100,98,27,1.0,0.6296296119689941,4.222222328186035,1.4444444179534912,0.7051282051282052,0.675832402287868,27,0.78,0.34615384615384615
scene0019_00-scene0019_02,11,True,100,100,27,1.0,0.5555555820465088,4.44444465637207,1.4074074029922485,0.7294117647058823,0.675080748895804,27,0.85,0.3176470588235294
scene0019_00-scene0019_02,12,False,100,98,27,1.0,0.6296296119689941,4.666666507720947,1.6296296119689941,0.735632183908046,0.7079001699067369,27,0.87,0.3103448275862069
scene0019_01-scene0019_00,0,True,100,0,19,0.0,0.0,0.0,0.0,0.0,0.0,0,0.0,0.0
scene0019_01-scene0019_00,1,True,100,91,19,1.0,0.21052631735801697,3.473684310913086,0.31578946113586426,0.6938775510204082,0.6395276422473661,19,0.49,0.3877551020408163
scene0019_01-scene0019_00,2,True,100,91,19,1.0,0.31578946113586426,4.842105388641357,0.3684210479259491,0.7419354838709677,0.5310944993460966,19,0.62,0.3064516129032258
scene0019_01-scene0019_00,3,True,100,93,19,1.0,0.4736842215061188,5.947368621826172,0.9473684430122375,0.76,0.591958418223761,19,0.75,0.25333333333333335
scene0019_01-scene0019_00,4,True,100,97,19,1.0,0.4736842215061188,5.8947367668151855,0.8947368264198303,0.7564102564102564,0.6409169438144041,19,0.78,0.24358974358974358
scene0019_01-scene0019_00,5,True,100,94,19,1.0,0.42105263471603394,5.684210777282715,1.0,0.7763157894736842,0.6218583312795133,19,0.76,0.25
scene0019_01-scene0019_00,6,True,100,97,19,1.0,0.3684210479259491,5.8947367668151855,0.8947368264198303,0.7733333333333333,0.6164666483444827,19,0.75,0.25333333333333335
scene0019_01-scene0019_00,7,True,100,96,19,1.0,0.3684210479259491,6.315789699554443,0.8421052694320679,0.7976190476190477,0.6658966275084486,19,0.84,0.2261904761904762
scene0019_01-scene0019_00,8,True,100,97,19,1.0,0.5263158082962036,6.263157844543457,1.0,0.7710843373493976,0.6709478522531962,19,0.83,0.2289156626506024
scene0019_01-scene0019_00,9,True,100,95,19,1.0,0.3684210479259491,5.8947367668151855,0.8421052694320679,0.7692307692307693,0.6406473759280976,19,0.78,0.24358974358974358
scene0019_01-scene0019_00,10,True,100,95,19,1.0,0.5263158082962036,6.052631855010986,1.0,0.7792207792207793,0.6209310562022634,19,0.77,0.24675324675324675
scene0019_01-scene0019_00,11,True,100,98,19,1.0,0.3684210479259491,6.315789699554443,0.7368420958518982,0.7777777777777778,0.6318746089716168,19,0.81,0.2345679012345679
scene0019_01-scene0019_00,12,False,100,97,19,1.0,0.3684210479259491,5.8947367668151855,0.7894737124443054,0.76,0.6565185072495765,19,0.75,0.25333333333333335
scene0019_02-scene0019_01,0,True,100,0,19,0.0,0.0,0.0,0.0,0.0,0.0,0,0.0,0.0
scene0019_02-scene0019_01,1,True,100,84,19,0.6842105388641357,0.2631579041481018,2.8947367668151855,0.8421052694320679,0.75,0.6305634845738057,13,0.44,0.29545454545454547
scene0019_02-scene0019_01,2,True,100,89,19,0.7368420958518982,0.31578946113586426,4.052631378173828,0.9473684430122375,0.796875,0.4958219583339103,14,0.64,0.21875
scene0019_02-scene0019_01,3,True,100,98,19,0.8947368264198303,0.42105263471603394,5.210526466369629,1.5263158082962036,0.8148148148148148,0.5255631118795121,17,0.81,0.20987654320987653
scene0019_02-scene0019_01,4,True,100,98,19,0.9473684430122375,0.3684210479259491,5.210526466369629,1.263157844543457,0.7976190476190477,0.49637076773980876,18,0.84,0.21428571428571427
scene0019_02-scene0019_01,5,True,100,98,19,0.9473684430122375,0.3684210479259491,5.315789699554443,1.4736841917037964,0.8160919540229885,0.5305494966527146,18,0.87,0.20689655172413793
scene0019_02-scene0019_01,6,True,100,99,19,0.9473684430122375,0.4736842215061188,5.263157844543457,1.736842155456543,0.7906976744186046,0.5657286569476128,18,0.86,0.20930232558139536
scene0019_02-scene0019_01,7,True,100,100,19,0.9473684430122375,0.5263158082962036,5.4210524559021,1.7894736528396606,0.8372093023255814,0.5679845577811428,18,0.86,0.20930232558139536
scene0019_02-scene0019_01,8,True,100,100,19,0.8947368264198303,0.42105263471603394,5.6315789222717285,1.3157894611358643,0.8181818181818182,0.5409080105804905,17,0.88,0.19318181818181818
scene0019_02-scene0019_01,9,True,100,100,19,0.8947368264198303,0.42105263471603394,5.3684210777282715,1.4736841917037964,0.8095238095238095,0.5435472603455402,17,0.84,0.20238095238095238
scene0019_02-scene0019_01,10,True,100,100,19,0.9473684430122375,0.4736842215061188,5.1052632331848145,1.6315789222717285,0.7875,0.5527890382643726,18,0.8,0.225
scene0019_02-scene0019_01,11,True,100,100,19,0.9473684430122375,0.4736842215061188,5.4210524559021,1.9473683834075928,0.8255813953488372,0.5988997628937276,18,0.86,0.20930232558139536
scene0019_02-scene0019_01,12,False,100,100,19,0.8947368264198303,0.4736842215061188,5.315789699554443,1.6842105388641357,0.8352941176470589,0.5869094367029474,17,0.85,0.2
scene0029_00-scene0029_01,0,True,100,100,12,0.0833333358168602,0.0833333358168602,8.333333969116211,8.333333969116211,0.99,1.0,1,1.0,0.01
scene0029_00-scene0029_01,1,True,100,79,12,0.6666666865348816,0.3333333432674408,7.083333492279053,1.75,0.8709677419354839,0.5895075310292023,8,0.62,0.12903225806451613
scene0029_00-scene0029_01,2,True,100,82,12,0.5833333730697632,0.3333333432674408,6.4166669845581055,2.75,0.8888888888888888,0.7542961522485271,7,0.54,0.12962962962962962
scene0029_00-scene0029_01,3,True,100,81,12,0.75,0.4166666865348816,6.6666669845581055,2.8333334922790527,0.8524590163934426,0.7791789512528982,9,0.61,0.14754098360655737
scene0029_00-scene0029_01,4,True,100,90,12,0.8333333730697632,0.4166666865348816,7.833333492279053,3.4166667461395264,0.8840579710144928,0.8275746316835284,10,0.69,0.14492753623188406
scene0029_00-scene0029_01,5,True,100,89,12,0.8333333730697632,0.4166666865348816,7.9166669845581055,3.25,0.8873239436619719,0.8077437118023707,10,0.71,0.14084507042253522
scene0029_00-scene0029_01,6,True,100,90,12,0.75,0.4166666865348816,7.1666669845581055,3.5,0.890625,0.8251308898131052,9,0.64,0.140625
scene0029_00-scene0029_01,7,True,100,86,12,0.75,0.5833333730697632,6.6666669845581055,3.6666667461395264,0.873015873015873,0.7295065993369606,9,0.63,0.14285714285714285
scene0029_00-scene0029_01,8,True,100,91,12,0.8333333730697632,0.5,7.6666669845581055,3.3333334922790527,0.8857142857142857,0.7986949626859781,10,0.7,0.14285714285714285
scene0029_00-scene0029_01,9,True,100,92,12,0.75,0.4166666865348816,7.4166669845581055,3.3333334922790527,0.8970588235294118,0.7983291086987877,9,0.68,0.1323529411764706
scene0029_00-scene0029_01,10,True,100,87,12,0.8333333730697632,0.5833333730697632,7.1666669845581055,3.6666667461395264,0.8787878787878788,0.8004739856554403,10,0.66,0.15151515151515152
scene0029_00-scene0029_01,11,True,100,92,12,0.75,0.5833333730697632,6.833333492279053,3.5,0.8769230769230769,0.7854052376218217,9,0.65,0.13846153846153847
scene0029_00-scene0029_01,12,False,100,94,12,0.75,0.4166666865348816,7.75,3.5,0.8873239436619719,0.803925924222259,9,0.71,0.1267605633802817
scene0029_01-scene0029_00,0,True,100,100,12,0.0833333358168602,0.0,8.333333969116211,0.0,0.99,1.0,1,1.0,0.01
scene0029_01-scene0029_00,1,True,100,66,12,0.5833333730697632,0.0833333358168602,3.3333334922790527,0.5833333730697632,0.8125,0.45602195669451484,7,0.32,0.21875
scene0029_01-scene0029_00,2,True,100,86,12,0.75,0.4166666865348816,5.833333492279053,3.1666667461395264,0.8771929824561403,0.6505618109187083,9,0.57,0.15789473684210525
scene0029_01-scene0029_00,3,True,100,80,12,0.8333333730697632,0.4166666865348816,5.9166669845581055,2.4166667461395264,0.8490566037735849,0.6642242843239773,10,0.53,0.18867924528301888
scene0029_01-scene0029_00,4,True,100,91,12,0.8333333730697632,0.5,7.1666669845581055,2.8333334922790527,0.8787878787878788,0.6712540934722011,10,0.66,0.15151515151515152
scene0029_01-scene0029_00,5,True,100,89,12,0.8333333730697632,0.4166666865348816,7.583333492279053,2.8333334922790527,0.8840579710144928,0.6704163003604913,10,0.69,0.14492753623188406
scene0029_01-scene0029_00,6,True,100,91,12,0.8333333730697632,0.3333333432674408,7.75,3.5,0.8985507246376812,0.7610896815018482,10,0.69,0.14492753623188406
scene0029_01-scene0029_00,7,True,100,90,12,0.8333333730697632,0.5,7.6666669845581055,2.8333334922790527,0.8636363636363636,0.6725657324342034,10,0.66,0.15151515151515152
scene0029_01-scene0029_00,8,True,100,93,12,0.8333333730697632,0.4166666865348816,7.75,3.0833334922790527,0.8695652173913043,0.7590913577329919,10,0.69,0.14492753623188406
scene0029_01-scene0029_00,9,True,100,94,12,0.8333333730697632,0.4166666865348816,7.75,2.6666667461395264,0.8823529411764706,0.7025423643328029,10,0.68,0.14705882352941177
scene0029_01-scene0029_00,10,True,100,92,12,0.75,0.5,7.4166669845581055,3.8333334922790527,0.8970588235294118,0.7625594212680538,9,0.68,0.1323529411764706
scene0029_01-scene0029_00,11,True,100,92,12,0.8333333730697632,0.5833333730697632,7.083333492279053,3.4166667461395264,0.859375,0.6880708904830675,10,0.64,0.15625
scene0029_01-scene0029_00,12,False,100,94,12,0.8333333730697632,0.5833333730697632,7.083333492279053,3.3333334922790527,0.8656716417910447,0.7940987751669721,10,0.67,0.14925373134328357
scene0039_00-scene0039_01,0,True,100,0,11,0.0,0.0,0.0,0.0,0.0,0.0,0,0.0,0.0
scene0039_00-scene0039_01,1,True,100,87,11,1.0,0.7272727489471436,6.2727274894714355,3.090909242630005,0.8,0.6636942141934445,11,0.55,0.2
scene0039_00-scene0039_01,2,True,100,90,11,0.9090909361839294,0.7272727489471436,5.727272987365723,4.090909004211426,0.8214285714285714,0.7627258410685742,10,0.56,0.17857142857142858
scene0039_00-scene0039_01,3,True,100,91,11,0.9090909361839294,0.9090909361839294,6.090909481048584,4.636363983154297,0.8360655737704918,0.7012421865859684,10,0.61,0.16393442622950818
scene0039_00-scene0039_01,4,True,100,89,11,0.9090909361839294,0.9090909361839294,5.636363983154297,4.363636493682861,0.8305084745762712,0.6990195666468765,10,0.59,0.1694915254237288
scene0039_00-scene0039_01,5,True,100,94,11,0.9090909361839294,0.9090909361839294,6.090909481048584,4.909090995788574,0.8412698412698413,0.7612559740880022,10,0.63,0.15873015873015872
scene0039_00-scene0039_01,6,True,100,90,11,0.9090909361839294,0.9090909361839294,5.090909004211426,3.909090995788574,0.8113207547169812,0.6565359833979661,10,0.53,0.18867924528301888
scene0039_00-scene0039_01,7,True,100,94,11,0.9090909361839294,0.9090909361839294,5.363636493682861,4.454545497894287,0.8148148148148148,0.7083980767499833,10,0.54,0.18518518518518517
scene0039_00-scene0039_01,8,True,100,95,11,0.9090909361839294,0.9090909361839294,6.090909481048584,4.727272987365723,0.84375,0.7212545569656078,10,0.64,0.15625
scene0039_00-scene0039_01,9,True,100,97,11,0.9090909361839294,0.9090909361839294,6.454545497894287,5.2727274894714355,0.8507462686567164,0.7917201474278432,10,0.67,0.14925373134328357
scene0039_00-scene0039_01,10,True,100,93,11,0.9090909361839294,0.9090909361839294,5.727272987365723,4.545454502105713,0.8333333333333334,0.7209890177428434,10,0.6,0.16666666666666666
scene0039_00-scene0039_01,11,True,100,96,11,0.9090909361839294,0.9090909361839294,5.636363983154297,4.0,0.8275862068965517,0.6138952758418486,10,0.58,0.1724137931034483
scene0039_00-scene0039_01,12,False,100,97,11,0.9090909361839294,0.9090909361839294,5.545454502105713,4.818181991577148,0.8305084745762712,0.7682365501151852,10,0.59,0.1694915254237288
scene0039_01-scene0039_00,0,True,100,0,11,0.0,0.0,0.0,0.0,0.0,0.0,0,0.0,0.0
scene0039_01-scene0039_00,1,True,100,90,11,1.0,0.9090909361839294,7.18181848526001,4.727272987365723,0.8611111111111112,0.6281498263245223,11,0.72,0.1527777777777778
scene0039_01-scene0039_00,2,True,100,92,11,1.0,0.7272727489471436,6.18181848526001,4.818181991577148,0.8615384615384616,0.7501205392582442,11,0.65,0.16923076923076924
scene0039_01-scene0039_00,3,True,100,94,11,0.9090909361839294,0.9090909361839294,6.636363983154297,5.18181848526001,0.855072463768116,0.6750647782445599,10,0.69,0.14492753623188406
scene0039_01-scene0039_00,4,True,100,96,11,0.9090909361839294,0.9090909361839294,6.0,4.909090995788574,0.8387096774193549,0.7458372649770835,10,0.62,0.16129032258064516
scene0039_01-scene0039_00,5,True,100,96,11,0.9090909361839294,0.9090909361839294,6.727272987365723,5.545454502105713,0.855072463768116,0.7785171293968935,10,0.69,0.14492753623188406
scene0039_01-scene0039_00,6,True,100,87,11,0.8181818723678589,0.8181818723678589,4.545454502105713,4.090909004211426,0.82,0.7084371191258841,9,0.5,0.18
scene0039_01-scene0039_00,7,True,100,92,11,0.9090909361839294,0.9090909361839294,5.454545497894287,4.2727274894714355,0.8245614035087719,0.7013485417044236,10,0.57,0.17543859649122806
scene0039_01-scene0039_00,8,True,100,95,11,1.0,1.0,6.454545497894287,5.363636493682861,0.8333333333333334,0.7299081636065582,11,0.66,0.16666666666666666
scene0039_01-scene0039_00,9,True,100,93,11,1.0,1.0,6.636363983154297,5.0,0.8333333333333334,0.7584705371922309,11,0.66,0.16666666666666666
scene0039_01-scene0039_00,10,True,100,93,11,0.9090909361839294,0.9090909361839294,4.818181991577148,4.454545497894287,0.8113207547169812,0.793728049913067,10,0.53,0.18867924528301888
scene0039_01-scene0039_00,11,True,100,95,11,0.9090909361839294,0.9090909361839294,5.636363983154297,4.636363983154297,0.8333333333333334,0.7017053354593271,10,0.6,0.16666666666666666
scene0039_01-scene0039_00,12,False,100,96,11,0.9090909361839294,0.9090909361839294,6.090909481048584,4.545454502105713,0.8412698412698413,0.7289263469859576,10,0.63,0.15873015873015872
scene0059_00-scene0059_01,0,True,100,100,13,0.0,0.0,0.0,0.0,0.0,0.0,0,0.0,0.0
scene0059_00-scene0059_01,1,True,100,75,13,0.692307710647583,0.3076923191547394,4.153846263885498,2.0,0.8367346938775511,0.5898649451418185,9,0.49,0.1836734693877551
scene0059_00-scene0059_01,2,True,100,86,13,0.5384615659713745,0.3076923191547394,4.384615421295166,2.846153974533081,0.8727272727272727,0.6236418042307426,7,0.55,0.12727272727272726
scene0059_00-scene0059_01,3,True,100,93,13,0.7692307829856873,0.3076923191547394,4.769230842590332,3.0,0.8333333333333334,0.6812241844985715,10,0.6,0.16666666666666666
scene0059_00-scene0059_01,4,True,100,96,13,0.692307710647583,0.38461539149284363,4.769230842590332,3.0,0.8620689655172413,0.6955570354540068,9,0.58,0.15517241379310345
scene0059_00-scene0059_01,5,True,100,94,13,0.692307710647583,0.3076923191547394,5.076923370361328,2.692307710647583,0.873015873015873,0.6114700875561279,9,0.63,0.14285714285714285
scene0059_00-scene0059_01,6,True,100,96,13,0.692307710647583,0.3076923191547394,5.0,3.153846263885498,0.8666666666666667,0.8017242917364152,9,0.6,0.15
scene0059_00-scene0059_01,7,True,100,96,13,0.7692307829856873,0.46153849363327026,5.615385055541992,3.384615421295166,0.855072463768116,0.7083502309645863,10,0.69,0.14492753623188406
scene0059_00-scene0059_01,8,True,100,98,13,0.692307710647583,0.38461539149284363,5.461538791656494,2.538461685180664,0.8615384615384616,0.68191627031784,9,0.65,0.13846153846153847
scene0059_00-scene0059_01,9,True,100,95,13,0.7692307829856873,0.38461539149284363,5.076923370361328,2.615384817123413,0.8548387096774194,0.6490447142365346,10,0.62,0.16129032258064516
scene0059_00-scene0059_01,10,True,100,98,13,0.692307710647583,0.38461539149284363,5.692307949066162,3.153846263885498,0.8636363636363636,0.7822318374038897,9,0.66,0.13636363636363635
scene0059_00-scene0059_01,11,True,100,97,13,0.692307710647583,0.46153849363327026,5.230769634246826,3.461538553237915,0.859375,0.7533757796305848,9,0.64,0.140625
scene0059_00-scene0059_01,12,False,100,98,13,0.692307710647583,0.38461539149284363,5.230769634246826,2.769230842590332,0.8636363636363636,0.7473577443398907,9,0.66,0.13636363636363635
scene0059_01-scene0059_00,0,True,100,100,14,0.0714285746216774,0.0714285746216774,7.142857551574707,7.142857551574707,0.99,1.0,1,1.0,0.01
scene0059_01-scene0059_00,1,True,100,71,14,0.0,0.0,0.0,0.0,0.0,0.0,0,0.0,0.0
scene0059_01-scene0059_00,2,True,100,62,14,0.4285714626312256,0.2857142984867096,4.428571701049805,2.142857313156128,0.8666666666666667,0.8397320649330167,6,0.45,0.13333333333333333
scene0059_01-scene0059_00,3,True,100,85,14,0.6428571939468384,0.4285714626312256,4.5714287757873535,2.5,0.864406779661017,0.6435668393788696,9,0.59,0.15254237288135594
scene0059_01-scene0059_00,4,True,100,89,14,0.7142857313156128,0.2857142984867096,5.142857551574707,2.642857313156128,0.8636363636363636,0.6395164032449508,10,0.66,0.15151515151515152
scene0059_01-scene0059_00,5,True,100,94,14,0.5714285969734192,0.3571428656578064,5.142857551574707,2.5,0.8823529411764706,0.6051344558404794,8,0.68,0.11764705882352941
scene0059_01-scene0059_00,6,True,100,93,14,0.6428571939468384,0.3571428656578064,5.857142925262451,3.2142858505249023,0.8933333333333333,0.654154421017824,9,0.75,0.12
scene0059_01-scene0059_00,7,True,100,97,14,0.6428571939468384,0.3571428656578064,5.500000476837158,3.2142858505249023,0.8767123287671232,0.7146526632251633,9,0.73,0.1232876712328767
scene0059_01-scene0059_00,8,True,100,93,14,0.7142857313156128,0.3571428656578064,5.285714626312256,3.2142858505249023,0.8656716417910447,0.7856602484833118,10,0.67,0.14925373134328357
scene0059_01-scene0059_00,9,True,100,92,14,0.7142857313156128,0.3571428656578064,5.0,3.000000238418579,0.8548387096774194,0.7248958197491202,10,0.62,0.16129032258064516
scene0059_01-scene0059_00,10,True,100,95,14,0.7142857313156128,0.2857142984867096,5.5714287757873535,3.2142858505249023,0.8783783783783784,0.6622410982002255,10,0.74,0.13513513513513514
scene0059_01-scene0059_00,11,True,100,93,14,0.6428571939468384,0.5714285969734192,5.5714287757873535,3.4285717010498047,0.8783783783783784,0.6723628364276403,9,0.74,0.12162162162162163
scene0059_01-scene0059_00,12,False,100,96,14,0.5714285969734192,0.3571428656578064,5.142857551574707,3.2857143878936768,0.8857142857142857,0.7046030557469318,8,0.7,0.11428571428571428
scene0069_00-scene0069_09,0,True,100,100,11,0.09090909361839294,0.09090909361839294,9.090909004211426,9.090909004211426,0.99,1.0,1,1.0,0.01
scene0069_00-scene0069_09,1,True,100,60,11,0.9090909361839294,0.8181818723678589,4.727272987365723,3.3636364936828613,0.7916666666666666,0.6818001636108104,10,0.48,0.20833333333333334
scene0069_00-scene0069_09,2,True,100,64,11,1.0,0.9090909361839294,5.2727274894714355,4.18181848526001,0.7843137254901961,0.7847469278927013,11,0.51,0.21568627450980393
scene0069_00-scene0069_09,3,True,100,86,11,1.0,1.0,7.454545497894287,5.636363983154297,0.8513513513513513,0.7267057310194659,11,0.74,0.14864864864864866
scene0069_00-scene0069_09,4,True,100,91,11,1.0,0.9090909361839294,7.727272987365723,6.454545497894287,0.8641975308641975,0.7107627390590433,11,0.81,0.13580246913580246
scene0069_00-scene0069_09,5,True,100,89,11,1.0,0.9090909361839294,8.181818008422852,6.363636493682861,0.8607594936708861,0.7417331160423983,11,0.79,0.13924050632911392
scene0069_00-scene0069_09,6,True,100,85,11,1.0,0.9090909361839294,7.090909481048584,6.090909481048584,0.8666666666666667,0.8181337989293612,11,0.75,0.14666666666666667
scene0069_00-scene0069_09,7,True,100,92,11,1.0,1.0,7.727272987365723,6.909090995788574,0.8674698795180723,0.8524074819228404,11,0.83,0.13253012048192772
scene0069_00-scene0069_09,8,True,100,92,11,1.0,0.9090909361839294,7.909090995788574,7.2727274894714355,0.8823529411764706,0.8255667666251632,11,0.85,0.12941176470588237
scene0069_00-scene0069_09,9,True,100,94,11,1.0,0.9090909361839294,8.181818008422852,7.454545497894287,0.8850574712643678,0.8231402824196634,11,0.87,0.12643678160919541
scene0069_00-scene0069_09,10,True,100,92,11,1.0,0.9090909361839294,7.545454978942871,7.18181848526001,0.8780487804878049,0.8741887909362496,11,0.82,0.13414634146341464
scene0069_00-scene0069_09,11,True,100,93,11,1.0,0.9090909361839294,7.18181848526001,6.545454978942871,0.8701298701298701,0.858097332254262,11,0.77,0.14285714285714285
scene0069_00-scene0069_09,12,False,100,94,11,1.0,0.9090909361839294,8.181818008422852,7.636363983154297,0.8863636363636364,0.8578513454984534,11,0.88,0.125
scene0069_01-scene0069_07,0,True,100,100,9,0.1111111119389534,0.0,11.111111640930176,0.0,0.99,1.0,1,1.0,0.01
scene0069_01-scene0069_07,1,True,100,88,9,0.8888888955116272,0.8888888955116272,8.44444465637207,4.333333492279053,0.8805970149253731,0.6405648760042573,8,0.67,0.11940298507462686
scene0069_01-scene0069_07,2,True,100,79,9,0.8888888955116272,0.8888888955116272,7.777777671813965,5.222222328186035,0.8805970149253731,0.6134517232552553,8,0.67,0.11940298507462686
scene0069_01-scene0069_07,3,True,100,93,9,1.0,0.8888888955116272,9.111111640930176,6.333333492279053,0.8860759493670886,0.5635540251620804,9,0.79,0.11392405063291139
scene0069_01-scene0069_07,4,True,100,94,9,1.0,0.8888888955116272,9.88888931274414,7.111111164093018,0.896551724137931,0.5789545136461154,9,0.87,0.10344827586206896
scene0069_01-scene0069_07,5,True,100,94,9,1.0,0.8888888955116272,10.111111640930176,7.333333492279053,0.8977272727272727,0.5806361837561806,9,0.88,0.10227272727272728
scene0069_01-scene0069_07,6,True,100,94,9,1.0,1.0,9.0,6.333333492279053,0.8860759493670886,0.5153372687930493,9,0.79,0.11392405063291139
scene0069_01-scene0069_07,7,True,100,94,9,1.0,0.8888888955116272,8.88888931274414,7.0,0.8860759493670886,0.5883017940474657,9,0.79,0.11392405063291139
scene0069_01-scene0069_07,8,True,100,95,9,1.0,1.0,10.0,7.333333492279053,0.896551724137931,0.5876523768676634,9,0.87,0.10344827586206896
scene0069_01-scene0069_07,9,True,100,92,9,1.0,1.0,9.55555534362793,8.333333015441895,0.8928571428571429,0.6325099446165366,9,0.84,0.10714285714285714
scene0069_01-scene0069_07,10,True,100,90,9,1.0,1.0,8.88888931274414,6.777777671813965,0.8846153846153846,0.6043135303345669,9,0.78,0.11538461538461539
scene0069_01-scene0069_07,11,True,100,93,9,1.0,0.8888888955116272,9.222222328186035,7.666666507720947,0.891566265060241,0.6514163110612807,9,0.83,0.10843373493975904
scene0069_01-scene0069_07,12,False,100,93,9,1.0,1.0,9.44444465637207,7.0,0.891566265060241,0.5867535582548639,9,0.83,0.10843373493975904
scene0069_02-scene0069_04,0,True,100,100,11,0.0,0.0,0.0,0.0,0.0,0.0,0,0.0,0.0
scene0069_02-scene0069_04,1,True,100,73,11,0.9090909361839294,0.8181818723678589,6.909090995788574,4.636363983154297,0.8484848484848485,0.7103595158550888,10,0.66,0.15151515151515152
scene0069_02-scene0069_04,2,True,100,74,11,0.9090909361839294,0.7272727489471436,6.090909481048584,4.545454502105713,0.8412698412698413,0.7094736558025804,10,0.63,0.15873015873015872
scene0069_02-scene0069_04,3,True,100,94,11,0.9090909361839294,0.7272727489471436,8.36363697052002,5.454545497894287,0.8837209302325582,0.6630350708211538,10,0.86,0.11627906976744186
scene0069_02-scene0069_04,4,True,100,93,11,1.0,0.9090909361839294,9.090909004211426,5.454545497894287,0.8735632183908046,0.7496523554824913,11,0.87,0.12643678160919541
scene0069_02-scene0069_04,5,True,100,94,11,1.0,0.8181818723678589,8.818181991577148,6.636363983154297,0.8777777777777778,0.7275377281271574,11,0.9,0.12222222222222222
scene0069_02-scene0069_04,6,True,100,86,11,1.0,0.8181818723678589,7.454545497894287,5.909090995788574,0.8589743589743589,0.7248528856219667,11,0.78,0.14102564102564102
scene0069_02-scene0069_04,7,True,100,94,11,1.0,0.9090909361839294,8.36363697052002,6.909090995788574,0.8735632183908046,0.762980015145094,11,0.87,0.12643678160919541
scene0069_02-scene0069_04,8,True,100,96,11,1.0,0.9090909361839294,8.636363983154297,5.909090995788574,0.875,0.7587745668275103,11,0.88,0.125
scene0069_02-scene0069_04,9,True,100,98,11,1.0,0.9090909361839294,8.727272987365723,6.818181991577148,0.8804347826086957,0.7297963147648422,11,0.92,0.11956521739130435
scene0069_02-scene0069_04,10,True,100,83,11,1.0,0.9090909361839294,7.363636493682861,5.545454502105713,0.8571428571428571,0.6874782753678469,11,0.77,0.14285714285714285
scene0069_02-scene0069_04,11,True,100,92,11,1.0,0.9090909361839294,9.181818008422852,7.090909481048584,0.8777777777777778,0.7438125147743067,11,0.9,0.12222222222222222
scene0069_02-scene0069_04,12,False,100,96,11,1.0,0.9090909361839294,9.0,6.545454978942871,0.8804347826086957,0.7346640280942854,11,0.92,0.11956521739130435
scene0069_03-scene0069_02,0,True,100,100,9,0.0,0.0,0.0,0.0,0.0,0.0,0,0.0,0.0
scene0069_03-scene0069_02,1,True,100,67,9,0.7777777910232544,0.7777777910232544,6.222222328186035,3.3333332538604736,0.86,0.5983022649390384,7,0.5,0.14
scene0069_03-scene0069_02,2,True,100,67,9,0.8888888955116272,0.7777777910232544,6.44444465637207,4.666666507720947,0.8545454545454545,0.6675226336511055,8,0.55,0.14545454545454545
scene0069_03-scene0069_02,3,True,100,80,9,0.8888888955116272,0.8888888955116272,8.333333015441895,5.777777671813965,0.8933333333333333,0.6661334916494275,8,0.75,0.10666666666666667
scene0069_03-scene0069_02,4,True,100,87,9,0.8888888955116272,0.7777777910232544,9.44444465637207,5.888888835906982,0.9047619047619048,0.7124824880374422,8,0.84,0.09523809523809523
scene0069_03-scene0069_02,5,True,100,91,9,0.8888888955116272,0.7777777910232544,9.666666984558105,7.0,0.9080459770114943,0.7589356061186135,8,0.87,0.09195402298850575
scene0069_03-scene0069_02,6,True,100,81,9,0.8888888955116272,0.6666666865348816,8.44444465637207,5.333333492279053,0.8933333333333333,0.6973397018172633,8,0.75,0.10666666666666667
scene0069_03-scene0069_02,7,True,100,94,9,0.8888888955116272,0.6666666865348816,9.777777671813965,6.111111164093018,0.9069767441860465,0.638208696002543,8,0.86,0.09302325581395349
scene0069_03-scene0069_02,8,True,100,92,9,0.8888888955116272,0.6666666865348816,9.44444465637207,6.0,0.9047619047619048,0.7608335985262927,8,0.84,0.09523809523809523
scene0069_03-scene0069_02,9,True,100,94,9,0.8888888955116272,0.7777777910232544,9.88888931274414,6.44444465637207,0.9090909090909091,0.7213202864222127,8,0.88,0.09090909090909091
scene0069_03-scene0069_02,10,True,100,90,9,0.8888888955116272,0.7777777910232544,9.333333015441895,5.888888835906982,0.9036144578313253,0.7203164357692003,8,0.83,0.0963855421686747
scene0069_03-scene0069_02,11,True,100,93,9,0.8888888955116272,0.6666666865348816,9.44444465637207,5.44444465637207,0.9058823529411765,0.6289921795584492,8,0.85,0.09411764705882353
scene0069_03-scene0069_02,12,False,100,91,9,0.8888888955116272,0.7777777910232544,9.222222328186035,5.555555820465088,0.9036144578313253,0.6917719658267262,8,0.83,0.0963855421686747
scene0069_04-scene0069_05,0,True,100,100,10,0.10000000149011612,0.0,10.0,0.0,0.99,1.0,1,1.0,0.01
scene0069_04-scene0069_05,1,True,100,71,10,0.800000011920929,0.800000011920929,6.099999904632568,3.700000047683716,0.8571428571428571,0.6127080016066225,8,0.56,0.14285714285714285
scene0069_04-scene0069_05,2,True,100,66,10,0.800000011920929,0.800000011920929,5.400000095367432,3.299999952316284,0.8461538461538461,0.6209369486003565,8,0.52,0.15384615384615385
scene0069_04-scene0069_05,3,True,100,89,10,0.9000000357627869,0.800000011920929,9.0,5.300000190734863,0.8860759493670886,0.6358934275713968,9,0.79,0.11392405063291139
scene0069_04-scene0069_05,4,True,100,92,10,0.9000000357627869,0.800000011920929,8.800000190734863,5.900000095367432,0.8875,0.7578587889804712,9,0.8,0.1125
scene0069_04-scene0069_05,5,True,100,92,10,0.9000000357627869,0.9000000357627869,8.800000190734863,6.400000095367432,0.8888888888888888,0.737663100441019,9,0.81,0.1111111111111111
scene0069_04-scene0069_05,6,True,100,90,10,0.9000000357627869,0.800000011920929,8.40000057220459,5.800000190734863,0.88,0.7261620338873139,9,0.75,0.12
scene0069_04-scene0069_05,7,True,100,89,10,0.9000000357627869,0.800000011920929,8.199999809265137,6.5,0.881578947368421,0.7920346200377721,9,0.76,0.11842105263157894
scene0069_04-scene0069_05,8,True,100,94,10,0.9000000357627869,0.9000000357627869,9.199999809265137,6.800000190734863,0.8928571428571429,0.7532997944268836,9,0.84,0.10714285714285714
scene0069_04-scene0069_05,9,True,100,94,10,0.9000000357627869,0.9000000357627869,9.100000381469727,6.099999904632568,0.8928571428571429,0.722594049109496,9,0.84,0.10714285714285714
scene0069_04-scene0069_05,10,True,100,91,10,0.9000000357627869,0.800000011920929,8.600000381469727,6.700000286102295,0.8875,0.7776851476531248,9,0.8,0.1125
scene0069_04-scene0069_05,11,True,100,91,10,0.9000000357627869,0.800000011920929,8.199999809265137,6.099999904632568,0.8831168831168831,0.7042714685363614,9,0.77,0.11688311688311688
scene0069_04-scene0069_05,12,False,100,96,10,0.9000000357627869,0.800000011920929,8.800000190734863,6.800000190734863,0.891566265060241,0.8430388778448105,9,0.83,0.10843373493975904
scene0069_05-scene0069_00,0,True,100,100,12,0.0833333358168602,0.0833333358168602,8.333333969116211,8.333333969116211,0.99,1.0,1,1.0,0.01
scene0069_05-scene0069_00,1,True,100,66,12,0.8333333730697632,0.75,5.083333492279053,3.0,0.8148148148148148,0.6815156556895651,10,0.54,0.18518518518518517
scene0069_05-scene0069_00,2,True,100,65,12,0.9166666865348816,0.8333333730697632,4.6666669845581055,3.8333334922790527,0.7962962962962963,0.7646265266700945,11,0.54,0.2037037037037037
scene0069_05-scene0069_00,3,True,100,83,12,0.9166666865348816,0.6666666865348816,7.25,4.333333492279053,0.8701298701298701,0.6303916022180037,11,0.77,0.14285714285714285
scene0069_05-scene0069_00,4,True,100,94,12,0.8333333730697632,0.75,8.583333969116211,5.6666669845581055,0.8888888888888888,0.6799073334560435,10,0.9,0.1111111111111111
scene0069_05-scene0069_00,5,True,100,92,12,0.8333333730697632,0.75,8.25,5.75,0.8888888888888888,0.6673784318248105,10,0.9,0.1111111111111111
scene0069_05-scene0069_00,6,True,100,85,12,0.8333333730697632,0.75,6.75,4.25,0.8648648648648649,0.6781786000356078,10,0.74,0.13513513513513514
scene0069_05-scene0069_00,7,True,100,93,12,0.8333333730697632,0.6666666865348816,8.166666984558105,4.6666669845581055,0.8850574712643678,0.6746354326974637,10,0.87,0.11494252873563218
scene0069_05-scene0069_00,8,True,100,94,12,0.9166666865348816,0.75,8.416666984558105,5.5,0.8924731182795699,0.698548665485884,11,0.93,0.11827956989247312
scene0069_05-scene0069_00,9,True,100,96,12,0.9166666865348816,0.75,8.416666984558105,5.583333492279053,0.8936170212765957,0.7146545678731941,11,0.94,0.11702127659574468
scene0069_05-scene0069_00,10,True,100,92,12,0.8333333730697632,0.75,7.583333492279053,5.1666669845581055,0.8837209302325582,0.7345577248636925,10,0.86,0.11627906976744186
scene0069_05-scene0069_00,11,True,100,89,12,0.9166666865348816,0.75,7.1666669845581055,5.083333492279053,0.875,0.6982255842472087,11,0.8,0.1375
scene0069_05-scene0069_00,12,False,100,96,12,0.9166666865348816,0.75,8.75,5.6666669845581055,0.8924731182795699,0.704290250914515,11,0.93,0.11827956989247312
scene0069_06-scene0069_08,0,True,100,100,9,0.0,0.0,0.0,0.0,0.0,0.0,0,0.0,0.0
scene0069_06-scene0069_08,1,True,100,83,9,0.8888888955116272,0.7777777910232544,6.333333492279053,4.888888835906982,0.8518518518518519,0.7978827138399256,8,0.54,0.14814814814814814
scene0069_06-scene0069_08,2,True,100,86,9,0.7777777910232544,0.7777777910232544,8.111111640930176,5.777777671813965,0.9014084507042254,0.7118457781335832,7,0.71,0.09859154929577464
scene0069_06-scene0069_08,3,True,100,93,9,0.7777777910232544,0.7777777910232544,9.111111640930176,7.0,0.9125,0.7042170986040412,7,0.8,0.0875
scene0069_06-scene0069_08,4,True,100,93,9,0.7777777910232544,0.7777777910232544,9.0,6.777777671813965,0.9135802469135802,0.6211653058536135,7,0.81,0.08641975308641975
scene0069_06-scene0069_08,5,True,100,96,9,0.7777777910232544,0.7777777910232544,9.666666984558105,7.555555820465088,0.9176470588235294,0.6651724291723566,7,0.85,0.08235294117647059
scene0069_06-scene0069_08,6,True,100,93,9,0.7777777910232544,0.7777777910232544,9.0,7.44444465637207,0.9135802469135802,0.7055348949347058,7,0.81,0.08641975308641975
scene0069_06-scene0069_08,7,True,100,95,9,0.7777777910232544,0.7777777910232544,9.222222328186035,6.888888835906982,0.9156626506024096,0.6809954301272803,7,0.83,0.08433734939759036
scene0069_06-scene0069_08,8,True,100,96,9,0.8888888955116272,0.7777777910232544,8.777777671813965,6.666666507720947,0.8987341772151899,0.7470551810182402,8,0.79,0.10126582278481013
scene0069_06-scene0069_08,9,True,100,98,9,0.8888888955116272,0.7777777910232544,9.55555534362793,7.0,0.9058823529411765,0.7110655178056168,8,0.85,0.09411764705882353
scene0069_06-scene0069_08,10,True,100,98,9,0.7777777910232544,0.7777777910232544,10.0,7.222222328186035,0.9213483146067416,0.6986067702056966,7,0.89,0.07865168539325842
scene0069_06-scene0069_08,11,True,100,95,9,0.8888888955116272,0.7777777910232544,9.111111640930176,7.222222328186035,0.9024390243902439,0.7348692175725354,8,0.82,0.0975609756097561
scene0069_06-scene0069_08,12,False,100,98,9,0.8888888955116272,0.7777777910232544,9.777777671813965,7.44444465637207,0.9090909090909091,0.7455404478381316,8,0.88,0.09090909090909091
scene0069_07-scene0069_06,0,True,100,100,8,0.125,0.125,12.5,12.5,0.99,1.0,1,1.0,0.01
scene0069_07-scene0069_06,1,True,100,47,8,0.875,0.875,5.125,3.375,0.8108108108108109,0.6234221706787745,7,0.37,0.1891891891891892
scene0069_07-scene0069_06,2,True,100,41,8,0.875,0.875,4.625,3.875,0.8055555555555556,0.6317526994601769,7,0.36,0.19444444444444445
scene0069_07-scene0069_06,3,True,100,82,8,0.875,0.875,11.75,5.875,0.9078947368421053,0.5186404364476719,7,0.76,0.09210526315789473
scene0069_07-scene0069_06,4,True,100,93,8,0.875,0.875,12.5,9.875,0.9230769230769231,0.6755471081500849,7,0.91,0.07692307692307693
scene0069_07-scene0069_06,5,True,100,85,8,0.875,0.875,10.5,8.375,0.9135802469135802,0.6360070227187219,7,0.81,0.08641975308641975
scene0069_07-scene0069_06,6,True,100,70,8,0.875,0.875,8.0,5.125,0.8833333333333333,0.5630893522042912,7,0.6,0.11666666666666667
scene0069_07-scene0069_06,7,True,100,88,8,0.875,0.875,12.5,7.875,0.9166666666666666,0.5708896490690557,7,0.84,0.08333333333333333
scene0069_07-scene0069_06,8,True,100,94,8,0.875,0.875,12.25,9.125,0.9230769230769231,0.6354207206398188,7,0.91,0.07692307692307693
scene0069_07-scene0069_06,9,True,100,89,8,0.875,0.875,11.25,8.5,0.9176470588235294,0.5978197592062394,7,0.85,0.08235294117647059
scene0069_07-scene0069_06,10,True,100,83,8,0.875,0.875,10.5,6.5,0.9078947368421053,0.5673843179785253,7,0.76,0.09210526315789473
scene0069_07-scene0069_06,11,True,100,90,8,0.875,0.875,11.75,9.375,0.9213483146067416,0.6294440005392173,7,0.89,0.07865168539325842
scene0069_07-scene0069_06,12,False,100,94,8,0.875,0.875,11.75,9.5,0.9239130434782609,0.64915668616416,7,0.92,0.07608695652173914
scene0069_08-scene0069_03,0,True,100,0,9,0.0,0.0,0.0,0.0,0.0,0.0,0,0.0,0.0
scene0069_08-scene0069_03,1,True,100,89,9,0.7777777910232544,0.6666666865348816,7.777777671813965,4.333333492279053,0.890625,0.6208577656525394,7,0.64,0.109375
scene0069_08-scene0069_03,2,True,100,94,9,0.7777777910232544,0.5555555820465088,8.666666984558105,5.44444465637207,0.9102564102564102,0.6388121353402892,7,0.78,0.08974358974358974
scene0069_08-scene0069_03,3,True,100,85,9,0.8888888955116272,0.7777777910232544,8.111111640930176,4.111111164093018,0.8873239436619719,0.6538998909196958,8,0.71,0.11267605633802817
scene0069_08-scene0069_03,4,True,100,91,9,0.8888888955116272,0.7777777910232544,9.222222328186035,5.222222328186035,0.9,0.5850726140734668,8,0.8,0.1
scene0069_08-scene0069_03,5,True,100,93,9,0.8888888955116272,0.7777777910232544,9.777777671813965,6.333333492279053,0.9058823529411765,0.6548229343269985,8,0.85,0.09411764705882353
scene0069_08-scene0069_03,6,True,100,93,9,1.0,0.7777777910232544,9.222222328186035,5.777777671813965,0.891566265060241,0.6108287205958064,9,0.83,0.10843373493975904
scene0069_08-scene0069_03,7,True,100,89,9,0.8888888955116272,0.6666666865348816,8.44444465637207,4.0,0.8888888888888888,0.619615425146616,8,0.72,0.1111111111111111
scene0069_08-scene0069_03,8,True,100,94,9,0.8888888955116272,0.7777777910232544,9.222222328186035,5.111111164093018,0.9012345679012346,0.6478937624579332,8,0.81,0.09876543209876543
scene0069_08-scene0069_03,9,True,100,97,9,0.8888888955116272,0.7777777910232544,9.666666984558105,6.111111164093018,0.9080459770114943,0.6336779733854473,8,0.87,0.09195402298850575
scene0069_08-scene0069_03,10,True,100,97,9,0.7777777910232544,0.7777777910232544,9.88888931274414,5.333333492279053,0.9186046511627907,0.598150809879387,7,0.86,0.08139534883720931
scene0069_08-scene0069_03,11,True,100,90,9,0.8888888955116272,0.6666666865348816,9.222222328186035,4.222222328186035,0.9,0.6249695537760196,8,0.8,0.1
scene0069_08-scene0069_03,12,False,100,94,9,0.8888888955116272,0.7777777910232544,9.222222328186035,4.777777671813965,0.9,0.6112300827715409,8,0.8,0.1
scene0069_09-scene0069_01,0,True,100,100,10,0.10000000149011612,0.10000000149011612,10.0,10.0,0.99,1.0,1,1.0,0.01
scene0069_09-scene0069_01,1,True,100,80,10,0.9000000357627869,0.800000011920929,6.599999904632568,4.800000190734863,0.8524590163934426,0.6889148885301785,9,0.61,0.14754098360655737
scene0069_09-scene0069_01,2,True,100,75,10,0.9000000357627869,0.800000011920929,6.099999904632568,4.599999904632568,0.8524590163934426,0.7290656856255026,9,0.61,0.14754098360655737
scene0069_09-scene0069_01,3,True,100,94,10,1.0,0.800000011920929,8.100000381469727,6.0,0.875,0.7128988509807228,10,0.8,0.125
scene0069_09-scene0069_01,4,True,100,94,10,1.0,0.9000000357627869,8.40000057220459,6.200000286102295,0.8795180722891566,0.6938447791433804,10,0.83,0.12048192771084337
scene0069_09-scene0069_01,5,True,100,93,10,1.0,0.800000011920929,8.5,5.800000190734863,0.8765432098765432,0.6964507182053923,10,0.81,0.12345679012345678
scene0069_09-scene0069_01,6,True,100,88,10,1.0,0.800000011920929,6.800000190734863,5.400000095367432,0.8529411764705882,0.7505010131701647,10,0.68,0.14705882352941177
scene0069_09-scene0069_01,7,True,100,92,10,1.0,0.800000011920929,7.900000095367432,5.900000095367432,0.8734177215189873,0.7309961814606606,10,0.79,0.12658227848101267
scene0069_09-scene0069_01,8,True,100,91,10,1.0,0.9000000357627869,8.100000381469727,6.5,0.8765432098765432,0.7605628767763978,10,0.81,0.12345679012345678
scene0069_09-scene0069_01,9,True,100,94,10,1.0,0.800000011920929,8.40000057220459,6.400000095367432,0.8809523809523809,0.723733728382556,10,0.84,0.11904761904761904
scene0069_09-scene0069_01,10,True,100,87,10,1.0,0.9000000357627869,7.300000190734863,5.700000286102295,0.863013698630137,0.7250640462811815,10,0.73,0.136986301369863
scene0069_09-scene0069_01,11,True,100,92,10,0.9000000357627869,0.9000000357627869,7.599999904632568,6.0,0.881578947368421,0.8041203759916841,9,0.76,0.11842105263157894
scene0069_09-scene0069_01,12,False,100,94,10,0.9000000357627869,0.9000000357627869,8.40000057220459,6.599999904632568,0.8928571428571429,0.8126951056171436,9,0.84,0.10714285714285714
scene0079_00-scene0079_02,0,True,100,100,21,0.0,0.0,0.0,0.0,0.0,0.0,0,0.0,0.0
scene0079_00-scene0079_02,1,True,100,87,21,0.7142857313156128,0.523809552192688,3.761904716491699,2.238095283508301,0.8082191780821918,0.5420278780437355,15,0.73,0.2054794520547945
scene0079_00-scene0079_02,2,True,100,84,21,0.761904776096344,0.5714285969734192,4.0,2.238095283508301,0.7972972972972973,0.6285515573264947,16,0.74,0.21621621621621623
scene0079_00-scene0079_02,3,True,100,88,21,0.8571428656578064,0.6666666865348816,4.0,2.4761905670166016,0.7837837837837838,0.6594293290767276,18,0.74,0.24324324324324326
scene0079_00-scene0079_02,4,True,100,91,21,0.8571428656578064,0.6666666865348816,4.428571701049805,3.0,0.813953488372093,0.6379294316228923,18,0.86,0.20930232558139536
scene0079_00-scene0079_02,5,True,100,90,21,0.8571428656578064,0.6190476417541504,4.238095283508301,2.904762029647827,0.8095238095238095,0.7527968867245101,18,0.84,0.21428571428571427
scene0079_00-scene0079_02,6,True,100,87,21,0.8095238208770752,0.6666666865348816,4.047619342803955,2.952380895614624,0.8,0.7428132690940843,17,0.8,0.2125
scene0079_00-scene0079_02,7,True,100,90,21,0.8095238208770752,0.6666666865348816,4.047619342803955,2.5714285373687744,0.8048780487804879,0.6023813128745293,17,0.82,0.2073170731707317
scene0079_00-scene0079_02,8,True,100,94,21,0.8571428656578064,0.6666666865348816,4.238095283508301,2.5714285373687744,0.8117647058823529,0.6054153534556356,18,0.85,0.21176470588235294
scene0079_00-scene0079_02,9,True,100,94,21,0.8095238208770752,0.6666666865348816,4.523809432983398,2.904762029647827,0.8222222222222222,0.6168032364768593,17,0.9,0.18888888888888888
scene0079_00-scene0079_02,10,True,100,93,21,0.8571428656578064,0.6190476417541504,4.238095283508301,3.047619104385376,0.8072289156626506,0.6911462201238718,18,0.83,0.21686746987951808
scene0079_00-scene0079_02,11,True,100,90,21,0.761904776096344,0.6666666865348816,3.952381134033203,2.7142858505249023,0.810126582278481,0.5775657702715283,16,0.79,0.20253164556962025
scene0079_00-scene0079_02,12,False,100,92,21,0.8571428656578064,0.6666666865348816,4.333333492279053,3.0,0.8117647058823529,0.6883704497112999,18,0.85,0.21176470588235294
scene0079_01-scene0079_05,0,True,100,100,21,0.0,0.0,0.0,0.0,0.0,0.0,0,0.0,0.0
scene0079_01-scene0079_05,1,True,100,88,21,0.9523809552192688,0.6666666865348816,4.714285850524902,3.095238208770752,0.7976190476190477,0.7073613573518404,20,0.84,0.23809523809523808
scene0079_01-scene0079_05,2,True,100,89,21,0.8571428656578064,0.5714285969734192,4.238095283508301,3.095238208770752,0.8170731707317073,0.771447763596226,18,0.82,0.21951219512195122
scene0079_01-scene0079_05,3,True,100,96,21,0.9523809552192688,0.6666666865348816,4.714285850524902,3.238095283508301,0.8152173913043478,0.7828657263240149,20,0.92,0.21739130434782608
scene0079_01-scene0079_05,4,True,100,97,21,0.9523809552192688,0.6666666865348816,5.0,3.238095283508301,0.8260869565217391,0.7485723952154631,20,0.92,0.21739130434782608
scene0079_01-scene0079_05,5,True,100,97,21,0.9523809552192688,0.5714285969734192,4.952381134033203,3.095238208770752,0.8222222222222222,0.6981162857663011,20,0.9,0.2222222222222222
scene0079_01-scene0079_05,6,True,100,94,21,0.8571428656578064,0.5714285969734192,4.61904764175415,3.0,0.8181818181818182,0.6656696043097444,18,0.88,0.20454545454545456
scene0079_01-scene0079_05,7,True,100,98,21,0.9047619104385376,0.6666666865348816,4.952381134033203,3.4285714626312256,0.8404255319148937,0.6762520606666576,19,0.94,0.20212765957446807
scene0079_01-scene0079_05,8,True,100,97,21,0.9523809552192688,0.5714285969734192,4.809524059295654,3.0,0.8152173913043478,0.6871394952628892,20,0.92,0.21739130434782608
scene0079_01-scene0079_05,9,True,100,98,21,0.9523809552192688,0.5714285969734192,4.857142925262451,3.238095283508301,0.8191489361702128,0.7296805746519321,20,0.94,0.2127659574468085
scene0079_01-scene0079_05,10,True,100,96,21,0.8095238208770752,0.6190476417541504,4.428571701049805,3.0,0.8295454545454546,0.7584046238496851,17,0.88,0.19318181818181818
scene0079_01-scene0079_05,11,True,100,97,21,0.9047619104385376,0.7142857313156128,4.38095235824585,3.3809523582458496,0.8068181818181818,0.7447432981785325,19,0.88,0.2159090909090909
scene0079_01-scene0079_05,12,False,100,98,21,0.9523809552192688,0.6666666865348816,4.38095235824585,2.952380895614624,0.8023255813953488,0.7400161494332833,20,0.86,0.23255813953488372
scene0079_02-scene0079_11,0,True,100,100,23,0.08695652335882187,0.0,8.69565200805664,0.0,0.99,1.0,2,1.0,0.02
scene0079_02-scene0079_11,1,True,100,82,23,0.47826087474823,0.3913043439388275,3.04347825050354,1.3478261232376099,0.8387096774193549,0.4527681489453905,11,0.62,0.1774193548387097
scene0079_02-scene0079_11,2,True,100,89,23,0.6086956858634949,0.3913043439388275,3.5652174949645996,1.8260869979858398,0.8208955223880597,0.6001909808959973,14,0.67,0.208955223880597
scene0079_02-scene0079_11,3,True,100,82,23,0.695652186870575,0.52173912525177,3.08695650100708,1.8695652484893799,0.7580645161290323,0.6453264281153679,16,0.62,0.25806451612903225
scene0079_02-scene0079_11,4,True,100,91,23,0.6521739363670349,0.52173912525177,3.82608699798584,2.0,0.8271604938271605,0.5397787362310598,15,0.81,0.18518518518518517
scene0079_02-scene0079_11,5,True,100,93,23,0.6521739363670349,0.43478262424468994,3.7391304969787598,2.2173912525177,0.8292682926829268,0.5478525652562919,15,0.82,0.18292682926829268
scene0079_02-scene0079_11,6,True,100,90,23,0.695652186870575,0.52173912525177,3.3043479919433594,2.13043475151062,0.7857142857142857,0.682543205839079,16,0.7,0.22857142857142856
scene0079_02-scene0079_11,7,True,100,88,23,0.739130437374115,0.52173912525177,3.5217392444610596,2.17391300201416,0.7945205479452054,0.5720307659121009,17,0.73,0.2328767123287671
scene0079_02-scene0079_11,8,True,100,93,23,0.739130437374115,0.52173912525177,3.4347827434539795,2.04347825050354,0.7746478873239436,0.5613866650905365,17,0.71,0.23943661971830985
scene0079_02-scene0079_11,9,True,100,95,23,0.782608687877655,0.47826087474823,3.7391304969787598,2.0,0.7948717948717948,0.5605868041635521,18,0.78,0.23076923076923078
scene0079_02-scene0079_11,10,True,100,95,23,0.6086956858634949,0.47826087474823,3.7826087474823,2.17391300201416,0.825,0.5912722597410456,14,0.8,0.175
scene0079_02-scene0079_11,11,True,100,87,23,0.6521739363670349,0.52173912525177,3.04347825050354,2.13043475151062,0.7878787878787878,0.6965366434138602,15,0.66,0.22727272727272727
scene0079_02-scene0079_11,12,False,100,93,23,0.6521739363670349,0.5652173757553101,3.3478262424468994,2.2608695030212402,0.8055555555555556,0.6106943042085665,15,0.72,0.20833333333333334
scene0079_03-scene0079_10,0,True,100,0,14,0.0,0.0,0.0,0.0,0.0,0.0,0,0.0,0.0
scene0079_03-scene0079_10,1,True,100,75,14,1.0,0.6428571939468384,5.0,2.5,0.8064516129032258,0.5641544042942662,14,0.62,0.22580645161290322
scene0079_03-scene0079_10,2,True,100,77,14,0.8571429252624512,0.5714285969734192,4.785714626312256,2.5714287757873535,0.8225806451612904,0.6093683635258371,12,0.62,0.1935483870967742
scene0079_03-scene0079_10,3,True,100,81,14,1.0,0.7142857313156128,5.5714287757873535,2.857142925262451,0.8208955223880597,0.5663002890530769,14,0.67,0.208955223880597
scene0079_03-scene0079_10,4,True,100,89,14,1.0,0.5714285969734192,6.0714287757873535,2.857142925262451,0.8356164383561644,0.5945343203981999,14,0.73,0.1917808219178082
scene0079_03-scene0079_10,5,True,100,91,14,1.0,0.6428571939468384,5.857142925262451,3.2142858505249023,0.8378378378378378,0.6110064932386658,14,0.74,0.1891891891891892
scene0079_03-scene0079_10,6,True,100,90,14,1.0,0.5714285969734192,6.000000476837158,3.0714287757873535,0.8421052631578947,0.572927838815177,14,0.76,0.18421052631578946
scene0079_03-scene0079_10,7,True,100,83,14,1.0,0.8571429252624512,5.285714626312256,2.7857143878936768,0.796875,0.6409512534165266,14,0.64,0.21875
scene0079_03-scene0079_10,8,True,100,93,14,1.0,0.6428571939468384,6.714285850524902,3.0714287757873535,0.8518518518518519,0.5599316338914269,14,0.81,0.1728395061728395
scene0079_03-scene0079_10,9,True,100,93,14,1.0,0.5714285969734192,6.714285850524902,3.7857143878936768,0.8705882352941177,0.6008475924111417,14,0.85,0.16470588235294117
scene0079_03-scene0079_10,10,True,100,91,14,1.0,0.5,5.785714626312256,3.9285717010498047,0.8571428571428571,0.6620939477493889,14,0.77,0.18181818181818182
scene0079_03-scene0079_10,11,True,100,80,14,1.0,0.5714285969734192,5.214285850524902,3.2857143878936768,0.8125,0.7676078313856982,14,0.64,0.21875
scene0079_03-scene0079_10,12,False,100,92,14,1.0,0.5714285969734192,6.5714287757873535,3.7142858505249023,0.8395061728395061,0.6131753638254067,14,0.81,0.1728395061728395
scene0079_04-scene0079_01,0,True,100,100,14,0.0,0.0,0.0,0.0,0.0,0.0,0,0.0,0.0
scene0079_04-scene0079_01,1,True,100,72,14,0.5,0.4285714626312256,5.714285850524902,2.7857143878936768,0.8833333333333333,0.6004834901194395,7,0.6,0.11666666666666667
scene0079_04-scene0079_01,2,True,100,87,14,0.785714328289032,0.6428571939468384,7.142857551574707,4.142857551574707,0.8658536585365854,0.6060301259884946,11,0.82,0.13414634146341464
scene0079_04-scene0079_01,3,True,100,84,14,0.8571429252624512,0.785714328289032,6.214285850524902,4.214285850524902,0.84,0.6785680713177702,12,0.75,0.16
scene0079_04-scene0079_01,4,True,100,91,14,1.0,0.785714328289032,7.142857551574707,4.642857551574707,0.8452380952380952,0.7021316497051848,14,0.84,0.16666666666666666
scene0079_04-scene0079_01,5,True,100,92,14,0.9285714626312256,0.7142857313156128,7.142857551574707,4.714285850524902,0.8620689655172413,0.6816284687591281,13,0.87,0.14942528735632185
scene0079_04-scene0079_01,6,True,100,94,14,0.8571429252624512,0.785714328289032,7.0714287757873535,4.857142925262451,0.8604651162790697,0.7508863033604039,12,0.86,0.13953488372093023
scene0079_04-scene0079_01,7,True,100,92,14,1.0,0.785714328289032,7.428571701049805,4.5714287757873535,0.8488372093023255,0.7039232005379976,14,0.86,0.16279069767441862
scene0079_04-scene0079_01,8,True,100,95,14,1.0,0.785714328289032,7.642857551574707,5.0714287757873535,0.8539325842696629,0.776766863999931,14,0.89,0.15730337078651685
scene0079_04-scene0079_01,9,True,100,96,14,0.9285714626312256,0.6428571939468384,7.500000476837158,4.928571701049805,0.8666666666666667,0.806924022257607,13,0.9,0.14444444444444443
scene0079_04-scene0079_01,10,True,100,97,14,0.8571429252624512,0.7142857313156128,7.714285850524902,5.500000476837158,0.8695652173913043,0.8555645353540227,12,0.92,0.13043478260869565
scene0079_04-scene0079_01,11,True,100,94,14,1.0,0.785714328289032,7.5714287757873535,4.714285850524902,0.8505747126436781,0.7650329793192526,14,0.87,0.16091954022988506
scene0079_04-scene0079_01,12,False,100,95,14,1.0,0.785714328289032,7.642857551574707,4.857142925262451,0.8539325842696629,0.7595623316144248,14,0.89,0.15730337078651685
scene0079_05-scene0079_09,0,True,100,100,20,0.05000000074505806,0.0,5.0,0.0,0.99,1.0,1,1.0,0.01
scene0079_05-scene0079_09,1,True,100,84,20,0.25,0.25,4.200000286102295,3.0,0.9342105263157895,0.6857038761808164,5,0.76,0.06578947368421052
scene0079_05-scene0079_09,2,True,100,100,20,0.5,0.30000001192092896,5.050000190734863,3.25,0.9090909090909091,0.7016944013120613,10,0.88,0.11363636363636363
scene0079_05-scene0079_09,3,True,100,81,20,0.75,0.5,3.549999952316284,2.3500001430511475,0.7941176470588235,0.6556356282818776,15,0.68,0.22058823529411764
scene0079_05-scene0079_09,4,True,100,93,20,0.6500000357627869,0.5,3.6000001430511475,2.450000047683716,0.8115942028985508,0.650245324187741,13,0.69,0.18840579710144928
scene0079_05-scene0079_09,5,True,100,94,20,0.699999988079071,0.550000011920929,3.950000047683716,2.450000047683716,0.8266666666666667,0.5874769216027569,14,0.75,0.18666666666666668
scene0079_05-scene0079_09,6,True,100,97,20,0.800000011920929,0.6000000238418579,4.75,2.9000000953674316,0.8426966292134831,0.6007411070972737,16,0.89,0.1797752808988764
scene0079_05-scene0079_09,7,True,100,94,20,0.800000011920929,0.6500000357627869,4.349999904632568,3.299999952316284,0.8170731707317073,0.7090841185626223,16,0.82,0.1951219512195122
scene0079_05-scene0079_09,8,True,100,92,20,0.800000011920929,0.6000000238418579,4.349999904632568,3.4000000953674316,0.8313253012048193,0.7177222724950587,16,0.83,0.1927710843373494
scene0079_05-scene0079_09,9,True,100,93,20,0.699999988079071,0.6000000238418579,4.349999904632568,3.3500001430511475,0.8433734939759037,0.7396921575829261,14,0.83,0.1686746987951807
scene0079_05-scene0079_09,10,True,100,96,20,0.75,0.6500000357627869,4.450000286102295,3.6000001430511475,0.8372093023255814,0.7061637789183469,15,0.86,0.1744186046511628
scene0079_05-scene0079_09,11,True,100,94,20,0.9000000357627869,0.6500000357627869,4.349999904632568,3.299999952316284,0.8148148148148148,0.7236181624093145,18,0.81,0.2222222222222222
scene0079_05-scene0079_09,12,False,100,97,20,0.8500000238418579,0.6500000357627869,4.450000286102295,3.25,0.8192771084337349,0.6979392593583236,17,0.83,0.20481927710843373
scene0079_06-scene0079_04,0,True,100,100,13,0.07692307978868484,0.0,7.692307949066162,0.0,0.99,1.0,1,1.0,0.01
scene0079_06-scene0079_04,1,True,100,86,13,0.6153846383094788,0.6153846383094788,6.384615421295166,3.461538553237915,0.8823529411764706,0.642216408309715,8,0.68,0.11764705882352941
scene0079_06-scene0079_04,2,True,100,84,13,0.692307710647583,0.6153846383094788,6.538461685180664,4.076923370361328,0.8783783783783784,0.6831922187749798,9,0.74,0.12162162162162163
scene0079_06-scene0079_04,3,True,100,91,13,0.692307710647583,0.6153846383094788,6.0,5.307692527770996,0.8961038961038961,0.764299497819773,9,0.77,0.11688311688311688
scene0079_06-scene0079_04,4,True,100,94,13,0.8461538553237915,0.692307710647583,7.076923370361328,5.615385055541992,0.8764044943820225,0.7419562988223318,11,0.89,0.12359550561797752
scene0079_06-scene0079_04,5,True,100,95,13,0.7692307829856873,0.692307710647583,7.84615421295166,5.769230842590332,0.8913043478260869,0.7224809179246304,10,0.92,0.10869565217391304
scene0079_06-scene0079_04,6,True,100,92,13,0.7692307829856873,0.692307710647583,6.92307710647583,5.92307710647583,0.896551724137931,0.7465917535605486,10,0.87,0.11494252873563218
scene0079_06-scene0079_04,7,True,100,94,13,0.8461538553237915,0.7692307829856873,6.769230842590332,5.84615421295166,0.8850574712643678,0.7723821918187025,11,0.87,0.12643678160919541
scene0079_06-scene0079_04,8,True,100,95,13,0.8461538553237915,0.7692307829856873,7.076923370361328,6.0,0.8863636363636364,0.8200965264065337,11,0.88,0.125
scene0079_06-scene0079_04,9,True,100,94,13,0.8461538553237915,0.7692307829856873,7.384615898132324,6.307692527770996,0.8913043478260869,0.7749671698792985,11,0.92,0.11956521739130435
scene0079_06-scene0079_04,10,True,100,93,13,0.7692307829856873,0.7692307829856873,7.307692527770996,6.307692527770996,0.8913043478260869,0.7852569483085603,10,0.92,0.10869565217391304
scene0079_06-scene0079_04,11,True,100,92,13,0.8461538553237915,0.7692307829856873,7.000000476837158,6.461538791656494,0.8863636363636364,0.8433441199941768,11,0.88,0.125
scene0079_06-scene0079_04,12,False,100,95,13,0.8461538553237915,0.7692307829856873,7.461538791656494,6.461538791656494,0.8924731182795699,0.8511344216794953,11,0.93,0.11827956989247312
scene0079_07-scene0079_08,0,True,100,100,10,0.10000000149011612,0.10000000149011612,10.0,10.0,0.99,1.0,1,1.0,0.01
scene0079_07-scene0079_08,1,True,100,63,10,1.0,0.800000011920929,8.800000190734863,2.799999952316284,0.8305084745762712,0.7019343041078583,10,0.59,0.1694915254237288
scene0079_07-scene0079_08,2,True,100,67,10,1.0,0.9000000357627869,7.599999904632568,4.700000286102295,0.8412698412698413,0.6393331221974733,10,0.63,0.15873015873015872
scene0079_07-scene0079_08,3,True,100,84,10,1.0,1.0,9.100000381469727,6.0,0.8734177215189873,0.6558003094529646,10,0.79,0.12658227848101267
scene0079_07-scene0079_08,4,True,100,89,10,1.0,1.0,9.800000190734863,7.0,0.8837209302325582,0.67664048090588,10,0.86,0.11627906976744186
scene0079_07-scene0079_08,5,True,100,87,10,1.0,1.0,9.699999809265137,6.800000190734863,0.8823529411764706,0.6661871069972333,10,0.85,0.11764705882352941
scene0079_07-scene0079_08,6,True,100,83,10,1.0,0.9000000357627869,8.5,5.800000190734863,0.8701298701298701,0.6527586536741709,10,0.77,0.12987012987012986
scene0079_07-scene0079_08,7,True,100,82,10,1.0,0.9000000357627869,8.199999809265137,6.700000286102295,0.8701298701298701,0.7167488377511556,10,0.77,0.12987012987012986
scene0079_07-scene0079_08,8,True,100,89,10,1.0,1.0,9.199999809265137,6.900000095367432,0.8795180722891566,0.7001037624926831,10,0.83,0.12048192771084337
scene0079_07-scene0079_08,9,True,100,89,10,1.0,1.0,9.40000057220459,6.900000095367432,0.8780487804878049,0.6947254976151609,10,0.82,0.12195121951219512
scene0079_07-scene0079_08,10,True,100,84,10,1.0,1.0,8.40000057220459,6.0,0.868421052631579,0.6732025319394076,10,0.76,0.13157894736842105
scene0079_07-scene0079_08,11,True,100,85,10,1.0,1.0,8.40000057220459,7.099999904632568,0.8701298701298701,0.7145098114770252,10,0.77,0.12987012987012986
scene0079_07-scene0079_08,12,False,100,88,10,1.0,1.0,9.100000381469727,6.700000286102295,0.8809523809523809,0.6840705243717125,10,0.84,0.11904761904761904
scene0079_08-scene0079_00,0,True,100,100,21,0.095238097012043,0.0,9.523809432983398,0.0,0.99,1.0,2,1.0,0.02
scene0079_08-scene0079_00,1,True,100,86,21,0.6666666865348816,0.4761904776096344,3.6666667461395264,2.0,0.8028169014084507,0.5573011398011324,14,0.71,0.19718309859154928
scene0079_08-scene0079_00,2,True,100,88,21,0.6666666865348816,0.523809552192688,3.809523820877075,2.142857074737549,0.8266666666666667,0.6577911308345695,14,0.75,0.18666666666666668
scene0079_08-scene0079_00,3,True,100,88,21,0.7142857313156128,0.5714285969734192,3.761904716491699,2.4761905670166016,0.8157894736842105,0.6564030732096491,15,0.76,0.19736842105263158
scene0079_08-scene0079_00,4,True,100,93,21,0.8095238208770752,0.5714285969734192,4.428571701049805,2.7142858505249023,0.8117647058823529,0.629139293014104,17,0.85,0.2
scene0079_08-scene0079_00,5,True,100,92,21,0.8095238208770752,0.6190476417541504,4.190476417541504,2.809523820877075,0.8,0.6878890859415807,17,0.8,0.2125
scene0079_08-scene0079_00,6,True,100,88,21,0.761904776096344,0.5714285969734192,4.285714149475098,2.6666667461395264,0.8192771084337349,0.6183835408848573,16,0.83,0.1927710843373494
scene0079_08-scene0079_00,7,True,100,89,21,0.8095238208770752,0.6190476417541504,4.047619342803955,2.904762029647827,0.8,0.6665090367562005,17,0.8,0.2125
scene0079_08-scene0079_00,8,True,100,93,21,0.8095238208770752,0.6190476417541504,4.38095235824585,2.857142925262451,0.813953488372093,0.6153137853536641,17,0.86,0.19767441860465115
scene0079_08-scene0079_00,9,True,100,93,21,0.8095238208770752,0.6190476417541504,4.476190567016602,3.047619104385376,0.8181818181818182,0.6290535129990994,17,0.88,0.19318181818181818
scene0079_08-scene0079_00,10,True,100,92,21,0.761904776096344,0.6666666865348816,4.428571701049805,2.761904716491699,0.8235294117647058,0.6073905793168852,16,0.85,0.18823529411764706
scene0079_08-scene0079_00,11,True,100,90,21,0.8571428656578064,0.6666666865348816,4.095238208770752,2.857142925262451,0.8048780487804879,0.6354063660627881,18,0.82,0.21951219512195122
scene0079_08-scene0079_00,12,False,100,91,21,0.8571428656578064,0.6190476417541504,4.38095235824585,2.857142925262451,0.8181818181818182,0.6331549901210938,18,0.88,0.20454545454545456
scene0079_09-scene0079_07,0,True,100,100,11,0.09090909361839294,0.09090909361839294,9.090909004211426,9.090909004211426,0.99,1.0,1,1.0,0.01
scene0079_09-scene0079_07,1,True,100,83,11,0.7272727489471436,0.7272727489471436,7.545454978942871,6.090909481048584,0.8947368421052632,0.742736115583468,8,0.76,0.10526315789473684
scene0079_09-scene0079_07,2,True,100,83,11,0.7272727489471436,0.6363636255264282,7.545454978942871,4.545454502105713,0.8873239436619719,0.694137321834929,8,0.71,0.11267605633802817
scene0079_09-scene0079_07,3,True,100,93,11,0.7272727489471436,0.7272727489471436,7.909090995788574,6.454545497894287,0.9047619047619048,0.7187423494005972,8,0.84,0.09523809523809523
scene0079_09-scene0079_07,4,True,100,95,11,0.8181818723678589,0.8181818723678589,8.0,5.818181991577148,0.8888888888888888,0.7691369755869418,9,0.81,0.1111111111111111
scene0079_09-scene0079_07,5,True,100,95,11,0.8181818723678589,0.8181818723678589,8.36363697052002,6.090909481048584,0.8941176470588236,0.6784833995893617,9,0.85,0.10588235294117647
scene0079_09-scene0079_07,6,True,100,93,11,0.8181818723678589,0.7272727489471436,8.181818008422852,6.363636493682861,0.8953488372093024,0.7037612238384572,9,0.86,0.10465116279069768
scene0079_09-scene0079_07,7,True,100,94,11,0.8181818723678589,0.8181818723678589,7.727272987365723,6.818181991577148,0.8888888888888888,0.8274957887492589,9,0.81,0.1111111111111111
scene0079_09-scene0079_07,8,True,100,96,11,0.8181818723678589,0.8181818723678589,8.272727966308594,6.727272987365723,0.8941176470588236,0.8207270042967029,9,0.85,0.10588235294117647
scene0079_09-scene0079_07,9,True,100,96,11,0.8181818723678589,0.8181818723678589,8.454545974731445,6.636363983154297,0.896551724137931,0.824759420103932,9,0.87,0.10344827586206896
scene0079_09-scene0079_07,10,True,100,93,11,0.9090909361839294,0.8181818723678589,8.090909004211426,6.545454978942871,0.8780487804878049,0.8311247594344119,10,0.82,0.12195121951219512
scene0079_09-scene0079_07,11,True,100,90,11,0.8181818723678589,0.8181818723678589,7.909090995788574,6.818181991577148,0.8888888888888888,0.8911934032129668,9,0.81,0.1111111111111111
scene0079_09-scene0079_07,12,False,100,95,11,0.8181818723678589,0.8181818723678589,8.36363697052002,6.909090995788574,0.8953488372093024,0.8557945500786711,9,0.86,0.10465116279069768
scene0079_10-scene0079_06,0,True,100,100,17,0.11764705926179886,0.0,11.764705657958984,0.0,0.99,1.0,2,1.0,0.02
scene0079_10-scene0079_06,1,True,100,80,17,0.8235294222831726,0.5882353186607361,5.294117450714111,2.2352941036224365,0.8378378378378378,0.6366653112243874,14,0.74,0.1891891891891892
scene0079_10-scene0079_06,2,True,100,88,17,0.8235294222831726,0.6470588445663452,5.470588207244873,3.2352941036224365,0.8481012658227848,0.675481833428055,14,0.79,0.17721518987341772
scene0079_10-scene0079_06,3,True,100,92,17,0.8235294222831726,0.7058823704719543,5.647058963775635,3.8235294818878174,0.8554216867469879,0.7310144107830424,14,0.83,0.1686746987951807
scene0079_10-scene0079_06,4,True,100,93,17,0.8235294222831726,0.7058823704719543,5.647058963775635,4.0,0.8620689655172413,0.6869738962378059,14,0.87,0.16091954022988506
scene0079_10-scene0079_06,5,True,100,93,17,0.8235294222831726,0.7058823704719543,5.588235378265381,4.176470756530762,0.8620689655172413,0.690478167219742,14,0.87,0.16091954022988506
scene0079_10-scene0079_06,6,True,100,88,17,0.8235294222831726,0.6470588445663452,5.176470756530762,4.117647171020508,0.85,0.7371861004725875,14,0.8,0.175
scene0079_10-scene0079_06,7,True,100,87,17,0.8823529481887817,0.7058823704719543,4.823529243469238,3.470588207244873,0.8243243243243243,0.7284258338566068,15,0.74,0.20270270270270271
scene0079_10-scene0079_06,8,True,100,93,17,0.8823529481887817,0.7058823704719543,5.235294342041016,3.6470587253570557,0.8414634146341463,0.6560099933614926,15,0.82,0.18292682926829268
scene0079_10-scene0079_06,9,True,100,94,17,0.8823529481887817,0.7058823704719543,5.647058963775635,4.117647171020508,0.8505747126436781,0.7269554376534747,15,0.87,0.1724137931034483
scene0079_10-scene0079_06,10,True,100,91,17,0.7647058963775635,0.6470588445663452,5.352941036224365,3.8823530673980713,0.8536585365853658,0.761810445561638,13,0.82,0.15853658536585366
scene0079_10-scene0079_06,11,True,100,91,17,0.9411764740943909,0.6470588445663452,5.352941036224365,3.3529412746429443,0.8354430379746836,0.7622451614494108,16,0.79,0.20253164556962025
scene0079_10-scene0079_06,12,False,100,95,17,0.9411764740943909,0.7647058963775635,6.058823585510254,3.7647058963775635,0.8539325842696629,0.6716450762673183,16,0.89,0.1797752808988764
scene0079_11-scene0079_03,0,True,100,100,22,0.09090909361839294,0.0,9.090909004211426,0.0,0.99,1.0,2,1.0,0.02
scene0079_11-scene0079_03,1,True,100,87,22,0.5909091234207153,0.40909093618392944,3.1818182468414307,1.3636363744735718,0.8,0.5395948932721064,13,0.6,0.21666666666666667
scene0079_11-scene0079_03,2,True,100,90,22,0.5909091234207153,0.4545454680919647,3.7272727489471436,1.954545497894287,0.8243243243243243,0.5806630478776507,13,0.74,0.17567567567567569
scene0079_11-scene0079_03,3,True,100,87,22,0.5909091234207153,0.5,3.6818182468414307,1.9090909957885742,0.821917808219178,0.5279161293491009,13,0.73,0.1780821917808219
scene0079_11-scene0079_03,4,True,100,92,22,0.6363636255264282,0.5,3.5,2.0,0.821917808219178,0.5197606071678584,14,0.73,0.1917808219178082
scene0079_11-scene0079_03,5,True,100,90,22,0.5909091234207153,0.5,3.3636364936828613,2.045454502105713,0.8285714285714286,0.5661116985545035,13,0.7,0.18571428571428572
scene0079_11-scene0079_03,6,True,100,89,22,0.6363636255264282,0.5,3.5,2.1363637447357178,0.8194444444444444,0.5595420106369248,14,0.72,0.19444444444444445
scene0079_11-scene0079_03,7,True,100,84,22,0.6818181872367859,0.4545454680919647,3.0,1.6818182468414307,0.7704918032786885,0.6110590911138127,15,0.61,0.2459016393442623
scene0079_11-scene0079_03,8,True,100,94,22,0.7272727489471436,0.5,3.7272727489471436,1.8636363744735718,0.8108108108108109,0.5437354278527018,16,0.74,0.21621621621621623
scene0079_11-scene0079_03,9,True,100,95,22,0.7272727489471436,0.4545454680919647,3.5,1.9090909957885742,0.8082191780821918,0.5460407365766813,16,0.73,0.2191780821917808
scene0079_11-scene0079_03,10,True,100,91,22,0.6818181872367859,0.5,3.454545497894287,2.1363637447357178,0.7971014492753623,0.5840184175176546,15,0.69,0.21739130434782608
scene0079_11-scene0079_03,11,True,100,84,22,0.6818181872367859,0.5,3.1363637447357178,1.772727370262146,0.7619047619047619,0.6372470330446959,15,0.63,0.23809523809523808
scene0079_11-scene0079_03,12,False,100,94,22,0.7272727489471436,0.5,3.8636364936828613,2.3181819915771484,0.8227848101265823,0.5946860432860244,16,0.79,0.20253164556962025
scene0089_00-scene0089_01,0,True,100,100,5,0.20000000298023224,0.20000000298023224,20.0,20.0,0.99,1.0,1,1.0,0.01
scene0089_00-scene0089_01,1,True,100,67,5,0.800000011920929,0.800000011920929,11.800000190734863,8.600000381469727,0.9322033898305084,0.7067367141003068,4,0.59,0.06779661016949153
scene0089_00-scene0089_01,2,True,100,87,5,0.800000011920929,0.800000011920929,13.199999809265137,11.600000381469727,0.9393939393939394,0.8140294118844843,4,0.66,0.06060606060606061
scene0089_00-scene0089_01,3,True,100,90,5,0.800000011920929,0.800000011920929,12.0,11.600000381469727,0.9333333333333333,0.910143291747634,4,0.6,0.06666666666666667
scene0089_00-scene0089_01,4,True,100,95,5,0.800000011920929,0.800000011920929,13.199999809265137,11.40000057220459,0.9393939393939394,0.8825996172594213,4,0.66,0.06060606060606061
scene0089_00-scene0089_01,5,True,100,96,5,0.800000011920929,0.800000011920929,13.199999809265137,12.800000190734863,0.9393939393939394,0.8896310471270206,4,0.66,0.06060606060606061
scene0089_00-scene0089_01,6,True,100,97,5,0.800000011920929,0.800000011920929,13.0,12.0,0.9384615384615385,0.9127192047967652,4,0.65,0.06153846153846154
scene0089_00-scene0089_01,7,True,100,95,5,0.800000011920929,0.800000011920929,12.600000381469727,12.600000381469727,0.9365079365079365,0.9682124067229114,4,0.63,0.06349206349206349
scene0089_00-scene0089_01,8,True,100,97,5,0.800000011920929,0.800000011920929,13.0,12.600000381469727,0.9384615384615385,0.944751309184426,4,0.65,0.06153846153846154
scene0089_00-scene0089_01,9,True,100,96,5,0.800000011920929,0.800000011920929,12.800000190734863,12.600000381469727,0.9375,0.9398240310668248,4,0.64,0.0625
scene0089_00-scene0089_01,10,True,100,96,5,0.800000011920929,0.800000011920929,13.199999809265137,12.800000190734863,0.9393939393939394,0.9432040582401584,4,0.66,0.06060606060606061
scene0089_00-scene0089_01,11,True,100,96,5,0.800000011920929,0.800000011920929,13.0,12.40000057220459,0.9384615384615385,0.9296919680174502,4,0.65,0.06153846153846154
scene0089_00-scene0089_01,12,False,100,96,5,0.800000011920929,0.800000011920929,13.0,12.600000381469727,0.9384615384615385,0.9404374804326942,4,0.65,0.06153846153846154
scene0089_01-scene0089_00,0,True,100,100,5,0.20000000298023224,0.20000000298023224,20.0,20.0,0.99,1.0,1,1.0,0.01
scene0089_01-scene0089_00,1,True,100,71,5,0.800000011920929,0.800000011920929,10.40000057220459,8.0,0.92,0.711438714245031,4,0.5,0.08
scene0089_01-scene0089_00,2,True,100,78,5,0.800000011920929,0.800000011920929,12.0,9.600000381469727,0.9310344827586207,0.7599475955963135,4,0.58,0.06896551724137931
scene0089_01-scene0089_00,3,True,100,87,5,0.800000011920929,0.800000011920929,11.40000057220459,10.600000381469727,0.9298245614035088,0.8689843984652585,4,0.57,0.07017543859649122
scene0089_01-scene0089_00,4,True,100,95,5,0.800000011920929,0.800000011920929,13.0,10.600000381469727,0.9384615384615385,0.7990849185178486,4,0.65,0.06153846153846154
scene0089_01-scene0089_00,5,True,100,92,5,0.800000011920929,0.800000011920929,13.600000381469727,12.0,0.9393939393939394,0.8515123377652153,4,0.66,0.06060606060606061
scene0089_01-scene0089_00,6,True,100,96,5,0.800000011920929,0.800000011920929,13.600000381469727,12.199999809265137,0.9402985074626866,0.8687008753729861,4,0.67,0.05970149253731343
scene0089_01-scene0089_00,7,True,100,95,5,0.800000011920929,0.800000011920929,13.600000381469727,12.600000381469727,0.9411764705882353,0.894629582037544,4,0.68,0.058823529411764705
scene0089_01-scene0089_00,8,True,100,96,5,0.800000011920929,0.800000011920929,13.40000057220459,12.40000057220459,0.9402985074626866,0.9258341872927003,4,0.67,0.05970149253731343
scene0089_01-scene0089_00,9,True,100,97,5,0.800000011920929,0.800000011920929,13.800000190734863,12.40000057220459,0.9402985074626866,0.9071840805810297,4,0.67,0.05970149253731343
scene0089_01-scene0089_00,10,True,100,96,5,0.800000011920929,0.800000011920929,13.40000057220459,12.600000381469727,0.9402985074626866,0.9284872082465995,4,0.67,0.05970149253731343
scene0089_01-scene0089_00,11,True,100,97,5,0.800000011920929,0.800000011920929,13.600000381469727,12.600000381469727,0.9411764705882353,0.9120431599474776,4,0.68,0.058823529411764705
scene0089_01-scene0089_00,12,False,100,97,5,0.800000011920929,0.800000011920929,13.800000190734863,13.0,0.9420289855072463,0.9343014075813523,4,0.69,0.057971014492753624
scene0099_00-scene0099_01,0,True,100,100,6,0.1666666716337204,0.1666666716337204,16.666667938232422,16.666667938232422,0.99,1.0,1,1.0,0.01
scene0099_00-scene0099_01,1,True,100,60,6,1.0,0.6666666865348816,8.166666984558105,6.6666669845581055,0.8936170212765957,0.6467487137591423,6,0.47,0.1276595744680851
scene0099_00-scene0099_01,2,True,100,62,6,0.8333333730697632,0.6666666865348816,10.0,7.833333492279053,0.9074074074074074,0.7185597929372091,5,0.54,0.09259259259259259
scene0099_00-scene0099_01,3,True,100,80,6,1.0,0.6666666865348816,12.0,8.0,0.927536231884058,0.8311728778758817,6,0.69,0.08695652173913043
scene0099_00-scene0099_01,4,True,100,88,6,0.8333333730697632,0.6666666865348816,13.166666984558105,6.5,0.9452054794520548,0.8112676575762154,5,0.73,0.0684931506849315
scene0099_00-scene0099_01,5,True,100,91,6,0.8333333730697632,0.6666666865348816,14.166666984558105,8.666666984558105,0.9487179487179487,0.795388138559912,5,0.78,0.0641025641025641
scene0099_00-scene0099_01,6,True,100,88,6,0.8333333730697632,0.6666666865348816,13.833333969116211,9.833333969116211,0.948051948051948,0.7961845869923893,5,0.77,0.06493506493506493
scene0099_00-scene0099_01,7,True,100,90,6,0.6666666865348816,0.6666666865348816,13.833333969116211,8.333333969116211,0.948051948051948,0.8725952405859518,4,0.77,0.05194805194805195
scene0099_00-scene0099_01,8,True,100,90,6,0.6666666865348816,0.6666666865348816,14.333333969116211,9.166666984558105,0.9493670886075949,0.8692149201507676,4,0.79,0.05063291139240506
scene0099_00-scene0099_01,9,True,100,92,6,0.6666666865348816,0.6666666865348816,14.5,9.166666984558105,0.9506172839506173,0.8680899805724621,4,0.81,0.04938271604938271
scene0099_00-scene0099_01,10,True,100,90,6,0.8333333730697632,0.6666666865348816,14.166666984558105,12.166666984558105,0.95,0.8268693243619525,5,0.8,0.0625
scene0099_00-scene0099_01,11,True,100,90,6,0.8333333730697632,0.6666666865348816,15.166666984558105,10.166666984558105,0.9382716049382716,0.85227597449163,5,0.81,0.06172839506172839
scene0099_00-scene0099_01,12,False,100,91,6,0.8333333730697632,0.6666666865348816,14.666666984558105,11.0,0.948051948051948,0.8699005019689652,5,0.77,0.06493506493506493
scene0099_01-scene0099_02,0,True,100,100,6,0.1666666716337204,0.1666666716337204,16.666667938232422,16.666667938232422,0.99,1.0,1,1.0,0.01
scene0099_01-scene0099_02,1,True,100,56,6,0.8333333730697632,0.8333333730697632,7.6666669845581055,6.5,0.8888888888888888,0.7055080185437801,5,0.45,0.1111111111111111
scene0099_01-scene0099_02,2,True,100,61,6,0.8333333730697632,0.6666666865348816,8.833333969116211,6.6666669845581055,0.9056603773584906,0.688246125455225,5,0.53,0.09433962264150944
scene0099_01-scene0099_02,3,True,100,81,6,0.6666666865348816,0.6666666865348816,13.0,9.0,0.9466666666666667,0.7599544261947623,4,0.75,0.05333333333333334
scene0099_01-scene0099_02,4,True,100,88,6,0.6666666865348816,0.6666666865348816,13.666666984558105,9.0,0.948051948051948,0.7518330198826795,4,0.77,0.05194805194805195
scene0099_01-scene0099_02,5,True,100,93,6,0.6666666865348816,0.6666666865348816,13.666666984558105,9.833333969116211,0.9493670886075949,0.7589666701799341,4,0.79,0.05063291139240506
scene0099_01-scene0099_02,6,True,100,90,6,0.8333333730697632,0.6666666865348816,13.833333969116211,10.333333969116211,0.9466666666666667,0.776466017951612,5,0.75,0.06666666666666667
scene0099_01-scene0099_02,7,True,100,90,6,0.6666666865348816,0.6666666865348816,14.833333969116211,9.166666984558105,0.9487179487179487,0.8325601786721585,4,0.78,0.05128205128205128
scene0099_01-scene0099_02,8,True,100,90,6,0.6666666865348816,0.6666666865348816,13.833333969116211,10.666666984558105,0.9487179487179487,0.8872870589867072,4,0.78,0.05128205128205128
scene0099_01-scene0099_02,9,True,100,92,6,0.6666666865348816,0.6666666865348816,13.833333969116211,11.333333969116211,0.9506172839506173,0.8523656770705702,4,0.81,0.04938271604938271
scene0099_01-scene0099_02,10,True,100,93,6,0.6666666865348816,0.6666666865348816,14.166666984558105,10.666666984558105,0.948051948051948,0.8655623640355311,4,0.77,0.05194805194805195
scene0099_01-scene0099_02,11,True,100,93,6,0.6666666865348816,0.6666666865348816,14.833333969116211,10.166666984558105,0.95,0.8631540254958998,4,0.8,0.05
scene0099_01-scene0099_02,12,False,100,94,6,0.8333333730697632,0.6666666865348816,14.5,10.666666984558105,0.9375,0.8831816161972994,5,0.8,0.0625
scene0099_02-scene0099_00,0,True,100,100,6,0.1666666716337204,0.1666666716337204,16.666667938232422,16.666667938232422,0.99,1.0,1,1.0,0.01
scene0099_02-scene0099_00,1,True,100,61,6,1.0,0.6666666865348816,9.0,8.0,0.8867924528301887,0.8725990686889216,6,0.53,0.11320754716981132
scene0099_02-scene0099_00,2,True,100,69,6,1.0,0.6666666865348816,11.166666984558105,9.5,0.9047619047619048,0.8372924985202748,6,0.63,0.09523809523809523
scene0099_02-scene0099_00,3,True,100,78,6,0.8333333730697632,0.6666666865348816,11.666666984558105,9.666666984558105,0.9253731343283582,0.7707758194833213,5,0.67,0.07462686567164178
scene0099_02-scene0099_00,4,True,100,88,6,0.6666666865348816,0.6666666865348816,13.5,9.0,0.9466666666666667,0.6778413003572419,4,0.75,0.05333333333333334
scene0099_02-scene0099_00,5,True,100,95,6,0.6666666865348816,0.6666666865348816,14.0,11.5,0.9493670886075949,0.7407047805371717,4,0.79,0.05063291139240506
scene0099_02-scene0099_00,6,True,100,93,6,0.6666666865348816,0.6666666865348816,14.5,12.666666984558105,0.9523809523809523,0.7586245245663359,4,0.84,0.047619047619047616
scene0099_02-scene0099_00,7,True,100,91,6,0.6666666865348816,0.6666666865348816,15.166666984558105,12.333333969116211,0.9506172839506173,0.8074712285898247,4,0.81,0.04938271604938271
scene0099_02-scene0099_00,8,True,100,91,6,0.6666666865348816,0.6666666865348816,15.5,12.333333969116211,0.9512195121951219,0.7871095904956261,4,0.82,0.04878048780487805
scene0099_02-scene0099_00,9,True,100,92,6,0.6666666865348816,0.6666666865348816,14.5,13.0,0.9512195121951219,0.8172510235435017,4,0.82,0.04878048780487805
scene0099_02-scene0099_00,10,True,100,91,6,0.6666666865348816,0.6666666865348816,14.166666984558105,12.666666984558105,0.9512195121951219,0.8108024762219025,4,0.82,0.04878048780487805
scene0099_02-scene0099_00,11,True,100,90,6,0.6666666865348816,0.6666666865348816,14.333333969116211,13.5,0.9512195121951219,0.8685205650971075,4,0.82,0.04878048780487805
scene0099_02-scene0099_00,12,False,100,88,6,0.8333333730697632,0.6666666865348816,13.666666984558105,11.666666984558105,0.9342105263157895,0.8602801078275553,5,0.76,0.06578947368421052
scene0109_00-scene0109_01,0,True,100,100,4,0.0,0.0,0.0,0.0,0.0,0.0,0,0.0,0.0
scene0109_00-scene0109_01,1,True,100,69,4,1.0,0.75,6.5,2.0,0.8461538461538461,0.675834151925427,4,0.26,0.15384615384615385
scene0109_00-scene0109_01,2,True,100,83,4,1.0,0.5,6.75,2.75,0.8518518518518519,0.6818089187145233,4,0.27,0.14814814814814814
scene0109_00-scene0109_01,3,True,100,93,4,1.0,0.75,9.75,3.5,0.8947368421052632,0.49973932766290596,4,0.38,0.10526315789473684
scene0109_00-scene0109_01,4,True,100,97,4,1.0,1.0,7.0,5.0,0.8571428571428571,0.6364876673656649,4,0.28,0.14285714285714285
scene0109_00-scene0109_01,5,True,100,95,4,1.0,1.0,8.0,3.25,0.8666666666666667,0.47739754008272517,4,0.3,0.13333333333333333
scene0109_00-scene0109_01,6,True,100,93,4,1.0,1.0,7.0,4.25,0.8518518518518519,0.5376957272009183,4,0.27,0.14814814814814814
scene0109_00-scene0109_01,7,True,100,95,4,1.0,1.0,8.25,4.75,0.8787878787878788,0.5648833375054462,4,0.33,0.12121212121212122
scene0109_00-scene0109_01,8,True,100,95,4,1.0,1.0,7.75,5.0,0.8666666666666667,0.5554794092047013,4,0.3,0.13333333333333333
scene0109_00-scene0109_01,9,True,100,95,4,1.0,0.75,7.5,3.0,0.8666666666666667,0.6824509257982884,4,0.3,0.13333333333333333
scene0109_00-scene0109_01,10,True,100,95,4,1.0,0.75,7.75,3.75,0.8709677419354839,0.5961714305151674,4,0.31,0.12903225806451613
scene0109_00-scene0109_01,11,True,100,96,4,1.0,0.75,7.25,5.25,0.8620689655172413,0.6794079966843128,4,0.29,0.13793103448275862
scene0109_00-scene0109_01,12,False,100,96,4,1.0,0.75,7.75,5.0,0.8666666666666667,0.6825093258680268,4,0.3,0.13333333333333333
scene0109_01-scene0109_00,0,True,100,100,4,0.0,0.0,0.0,0.0,0.0,0.0,0,0.0,0.0
scene0109_01-scene0109_00,1,True,100,59,4,1.0,0.75,6.0,1.75,0.8333333333333334,0.5108519674401091,4,0.24,0.16666666666666666
scene0109_01-scene0109_00,2,True,100,75,4,1.0,0.75,6.75,1.5,0.8518518518518519,0.5640549661486216,4,0.27,0.14814814814814814
scene0109_01-scene0109_00,3,True,100,89,4,1.0,0.75,8.5,3.75,0.8823529411764706,0.5899752203088001,4,0.34,0.11764705882352941
scene0109_01-scene0109_00,4,True,100,96,4,1.0,0.75,7.25,3.75,0.8620689655172413,0.6527002879690068,4,0.29,0.13793103448275862
scene0109_01-scene0109_00,5,True,100,98,4,1.0,0.75,9.0,5.25,0.8888888888888888,0.7288992223143578,4,0.36,0.1111111111111111
scene0109_01-scene0109_00,6,True,100,97,4,1.0,0.75,7.0,4.0,0.8571428571428571,0.7010484377463018,4,0.28,0.14285714285714285
scene0109_01-scene0109_00,7,True,100,97,4,1.0,0.75,6.75,4.0,0.8461538461538461,0.6137761967700153,4,0.26,0.15384615384615385
scene0109_01-scene0109_00,8,True,100,98,4,1.0,0.75,7.25,3.5,0.8620689655172413,0.6048792450875043,4,0.29,0.13793103448275862
scene0109_01-scene0109_00,9,True,100,98,4,1.0,0.75,7.75,3.0,0.8709677419354839,0.6953563291741454,4,0.31,0.12903225806451613
scene0109_01-scene0109_00,10,True,100,98,4,1.0,0.75,5.25,3.25,0.8095238095238095,0.6455201660074404,4,0.21,0.19047619047619047
scene0109_01-scene0109_00,11,True,100,95,4,1.0,0.75,7.0,4.0,0.8518518518518519,0.6639368610997354,4,0.27,0.14814814814814814
scene0109_01-scene0109_00,12,False,100,97,4,1.0,1.0,7.5,5.0,0.8620689655172413,0.6193232414791885,4,0.29,0.13793103448275862
scene0119_00-scene0119_02,0,True,100,100,19,0.05263157933950424,0.0,5.263157844543457,0.0,0.99,1.0,1,1.0,0.01
scene0119_00-scene0119_02,1,True,100,94,19,0.05263157933950424,0.0,0.5263158082962036,0.0,0.9,1.0,1,0.1,0.1
scene0119_00-scene0119_02,2,True,100,99,19,0.4736842215061188,0.15789473056793213,4.736842155456543,0.3684210479259491,0.8904109589041096,0.6389496682333373,9,0.73,0.1232876712328767
scene0119_00-scene0119_02,3,True,100,97,19,0.8421052694320679,0.6842105388641357,3.78947377204895,2.1578948497772217,0.7681159420289855,0.5702250220076868,16,0.69,0.2318840579710145
scene0119_00-scene0119_02,4,True,100,89,19,0.8421052694320679,0.7894737124443054,3.6842105388641357,3.0526316165924072,0.7647058823529411,0.7987116013534765,16,0.68,0.23529411764705882
scene0119_00-scene0119_02,5,True,100,89,19,0.8421052694320679,0.7894737124443054,3.526315927505493,2.8421053886413574,0.75,0.7369417006579729,16,0.64,0.25
scene0119_00-scene0119_02,6,True,100,83,19,0.8421052694320679,0.7894737124443054,3.263157844543457,2.736842155456543,0.75,0.8211211481819982,16,0.6,0.26666666666666666
scene0119_00-scene0119_02,7,True,100,90,19,0.8947368264198303,0.8421052694320679,3.736842155456543,3.21052622795105,0.7681159420289855,0.6934700547052282,17,0.69,0.2463768115942029
scene0119_00-scene0119_02,8,True,100,95,19,0.9473684430122375,0.8947368264198303,3.8947367668151855,3.263157844543457,0.7464788732394366,0.8202768280286694,18,0.71,0.2535211267605634
scene0119_00-scene0119_02,9,True,100,95,19,0.9473684430122375,0.8947368264198303,4.1052632331848145,3.3684210777282715,0.76,0.8056593373717376,18,0.75,0.24
scene0119_00-scene0119_02,10,True,100,91,19,0.8947368264198303,0.7894737124443054,3.6842105388641357,3.1052632331848145,0.7647058823529411,0.8431901194073341,17,0.68,0.25
scene0119_00-scene0119_02,11,True,100,93,19,0.9473684430122375,0.7894737124443054,3.6315789222717285,2.8947367668151855,0.7575757575757576,0.7777956429712787,18,0.66,0.2727272727272727
scene0119_00-scene0119_02,12,False,100,95,19,0.8947368264198303,0.8421052694320679,3.8947367668151855,3.0,0.7714285714285715,0.764755571685215,17,0.7,0.24285714285714285
scene0119_01-scene0119_03,0,True,100,100,13,0.0,0.0,0.0,0.0,0.0,0.0,0,0.0,0.0
scene0119_01-scene0119_03,1,True,100,100,13,0.07692307978868484,0.0,7.692307949066162,0.0,0.99,1.0,1,1.0,0.01
scene0119_01-scene0119_03,2,True,100,100,13,0.07692307978868484,0.07692307978868484,7.692307949066162,7.692307949066162,0.99,0.9987106600674716,1,1.0,0.01
scene0119_01-scene0119_03,3,True,100,94,13,0.38461539149284363,0.3076923191547394,6.0,4.230769157409668,0.935064935064935,0.6395469547102326,5,0.77,0.06493506493506493
scene0119_01-scene0119_03,4,True,100,100,13,0.6153846383094788,0.38461539149284363,7.000000476837158,5.461538791656494,0.9186046511627907,0.7571555682023366,8,0.86,0.09302325581395349
scene0119_01-scene0119_03,5,True,100,99,13,0.692307710647583,0.5384615659713745,7.384615898132324,5.384615421295166,0.898876404494382,0.6984369157653723,9,0.89,0.10112359550561797
scene0119_01-scene0119_03,6,True,100,82,13,0.9230769872665405,0.5384615659713745,5.692307949066162,3.461538553237915,0.8307692307692308,0.6009374974315526,12,0.65,0.18461538461538463
scene0119_01-scene0119_03,7,True,100,83,13,1.0,0.7692307829856873,5.538461685180664,3.384615421295166,0.8095238095238095,0.6768727789445178,13,0.63,0.20634920634920634
scene0119_01-scene0119_03,8,True,100,86,13,1.0,0.7692307829856873,5.692307949066162,4.076923370361328,0.8235294117647058,0.7643730742957002,13,0.68,0.19117647058823528
scene0119_01-scene0119_03,9,True,100,87,13,1.0,0.7692307829856873,5.538461685180664,3.92307710647583,0.803030303030303,0.7344313960115448,13,0.66,0.19696969696969696
scene0119_01-scene0119_03,10,True,100,82,13,0.9230769872665405,0.692307710647583,5.076923370361328,3.384615421295166,0.8103448275862069,0.7110689272967781,12,0.58,0.20689655172413793
scene0119_01-scene0119_03,11,True,100,92,13,0.9230769872665405,0.692307710647583,6.076923370361328,3.846153974533081,0.8405797101449275,0.6945721071034779,12,0.69,0.17391304347826086
scene0119_01-scene0119_03,12,False,100,92,13,0.9230769872665405,0.692307710647583,5.92307710647583,3.615384817123413,0.8333333333333334,0.7740748150524123,12,0.66,0.18181818181818182
scene0119_02-scene0119_01,0,True,100,100,12,0.0,0.0,0.0,0.0,0.0,0.0,0,0.0,0.0
scene0119_02-scene0119_01,1,True,100,83,12,0.8333333730697632,0.4166666865348816,5.333333492279053,4.0,0.8524590163934426,0.647187569403087,10,0.61,0.16393442622950818
scene0119_02-scene0119_01,2,True,100,71,12,0.8333333730697632,0.5,4.083333492279053,2.5,0.8,0.661220875948501,10,0.45,0.2222222222222222
scene0119_02-scene0119_01,3,True,100,88,12,0.9166666865348816,0.5833333730697632,5.5,3.5833334922790527,0.8387096774193549,0.5977567257929821,11,0.62,0.1774193548387097
scene0119_02-scene0119_01,4,True,100,88,12,0.9166666865348816,0.6666666865348816,5.5,3.3333334922790527,0.819672131147541,0.6020823741088059,11,0.61,0.18032786885245902
scene0119_02-scene0119_01,5,True,100,90,12,0.9166666865348816,0.6666666865348816,5.9166669845581055,3.8333334922790527,0.8484848484848485,0.6109397906909957,11,0.66,0.16666666666666666
scene0119_02-scene0119_01,6,True,100,82,12,0.8333333730697632,0.75,4.583333492279053,3.6666667461395264,0.8113207547169812,0.6277563714555332,10,0.53,0.18867924528301888
scene0119_02-scene0119_01,7,True,100,85,12,0.9166666865348816,0.6666666865348816,5.583333492279053,3.8333334922790527,0.828125,0.6577967639850534,11,0.64,0.171875
scene0119_02-scene0119_01,8,True,100,93,12,0.9166666865348816,0.75,5.833333492279053,4.4166669845581055,0.8484848484848485,0.7046932519505952,11,0.66,0.16666666666666666
scene0119_02-scene0119_01,9,True,100,92,12,0.9166666865348816,0.6666666865348816,6.083333492279053,4.083333492279053,0.8507462686567164,0.7079692051118734,11,0.67,0.16417910447761194
scene0119_02-scene0119_01,10,True,100,86,12,0.9166666865348816,0.75,5.5,4.083333492279053,0.8333333333333334,0.6987825646043913,11,0.6,0.18333333333333332
scene0119_02-scene0119_01,11,True,100,94,12,1.0,0.75,6.5,4.5,0.8333333333333334,0.7090849015106451,12,0.72,0.16666666666666666
scene0119_02-scene0119_01,12,False,100,96,12,0.9166666865348816,0.75,6.1666669845581055,4.5,0.8529411764705882,0.7361318210948188,11,0.68,0.16176470588235295
scene0119_03-scene0119_04,0,True,100,100,19,0.05263157933950424,0.0,5.263157844543457,0.0,0.99,1.0,1,1.0,0.01
scene0119_03-scene0119_04,1,True,100,100,19,0.05263157933950424,0.05263157933950424,5.263157844543457,5.263157844543457,0.99,1.0,1,1.0,0.01
scene0119_03-scene0119_04,2,True,100,100,19,0.21052631735801697,0.15789473056793213,5.263157844543457,1.3157894611358643,0.9540229885057471,0.6563621884853019,4,0.87,0.04597701149425287
scene0119_03-scene0119_04,3,True,100,91,19,0.42105263471603394,0.31578946113586426,3.6315789222717285,2.6315789222717285,0.8769230769230769,0.7488526060670904,8,0.65,0.12307692307692308
scene0119_03-scene0119_04,4,True,100,95,19,0.6842105388641357,0.5263158082962036,3.8421053886413574,2.6842105388641357,0.8169014084507042,0.8096932908899779,13,0.71,0.18309859154929578
scene0119_03-scene0119_04,5,True,100,93,19,0.7368420958518982,0.5789473652839661,4.0,2.21052622795105,0.8157894736842105,0.6531117120254282,14,0.76,0.18421052631578946
scene0119_03-scene0119_04,6,True,100,81,19,0.8421052694320679,0.6842105388641357,3.21052622795105,2.0526316165924072,0.7368421052631579,0.695691860857464,16,0.57,0.2807017543859649
scene0119_03-scene0119_04,7,True,100,92,19,0.8947368264198303,0.7368420958518982,4.157894611358643,2.78947377204895,0.7837837837837838,0.6575981138682947,17,0.74,0.22972972972972974
scene0119_03-scene0119_04,8,True,100,92,19,0.8947368264198303,0.7894737124443054,3.8947367668151855,2.6842105388641357,0.7714285714285715,0.7094812765717506,17,0.7,0.24285714285714285
scene0119_03-scene0119_04,9,True,100,91,19,0.9473684430122375,0.7894737124443054,3.9473683834075928,2.6315789222717285,0.7571428571428571,0.7065716433705705,18,0.7,0.2571428571428571
scene0119_03-scene0119_04,10,True,100,88,19,0.7894737124443054,0.7368420958518982,3.1578948497772217,2.5789473056793213,0.75,0.7727050392980307,15,0.6,0.25
scene0119_03-scene0119_04,11,True,100,94,19,0.8947368264198303,0.7894737124443054,4.157894611358643,2.8947367668151855,0.7866666666666666,0.6961362401352209,17,0.75,0.22666666666666666
scene0119_03-scene0119_04,12,False,100,95,19,0.8421052694320679,0.7894737124443054,3.9473683834075928,2.6842105388641357,0.7746478873239436,0.7214318111919883,16,0.71,0.22535211267605634
scene0119_04-scene0119_00,0,True,100,100,19,0.05263157933950424,0.0,5.263157844543457,0.0,0.99,1.0,1,1.0,0.01
scene0119_04-scene0119_00,1,True,100,98,19,0.21052631735801697,0.21052631735801697,2.1052632331848145,0.31578946113586426,0.9,0.7951525970110818,4,0.4,0.1
scene0119_04-scene0119_00,2,True,100,94,19,0.6315789222717285,0.3684210479259491,2.736842155456543,0.7368420958518982,0.7692307692307693,0.6612648723685012,12,0.52,0.23076923076923078
scene0119_04-scene0119_00,3,True,100,95,19,0.8421052694320679,0.6842105388641357,3.21052622795105,2.0,0.7321428571428571,0.6387026479892564,16,0.56,0.2857142857142857
scene0119_04-scene0119_00,4,True,100,96,19,0.8947368264198303,0.6315789222717285,3.3157894611358643,2.3684210777282715,0.7377049180327869,0.7178106074291868,17,0.61,0.2786885245901639
scene0119_04-scene0119_00,5,True,100,97,19,0.8421052694320679,0.6315789222717285,3.526315927505493,2.473684310913086,0.7692307692307693,0.7366092599172523,16,0.65,0.24615384615384617
scene0119_04-scene0119_00,6,True,100,89,19,0.7894737124443054,0.6315789222717285,3.21052622795105,2.263157844543457,0.75,0.7342973993938477,15,0.6,0.25
scene0119_04-scene0119_00,7,True,100,86,19,0.8421052694320679,0.6842105388641357,3.263157844543457,2.4210526943206787,0.7540983606557377,0.6676253036184366,16,0.61,0.26229508196721313
scene0119_04-scene0119_00,8,True,100,90,19,0.8421052694320679,0.6842105388641357,3.736842155456543,2.9473683834075928,0.7857142857142857,0.6985949535748202,16,0.7,0.22857142857142856
scene0119_04-scene0119_00,9,True,100,91,19,0.8421052694320679,0.6842105388641357,3.6315789222717285,2.6842105388641357,0.7794117647058824,0.7042579072478571,16,0.68,0.23529411764705882
scene0119_04-scene0119_00,10,True,100,86,19,0.7894737124443054,0.6842105388641357,3.21052622795105,2.78947377204895,0.7540983606557377,0.7483314542858689,15,0.61,0.2459016393442623
scene0119_04-scene0119_00,11,True,100,91,19,0.8421052694320679,0.7368420958518982,3.3157894611358643,2.5789473056793213,0.746031746031746,0.6940648957834881,16,0.63,0.25396825396825395
scene0119_04-scene0119_00,12,False,100,91,19,0.8947368264198303,0.7368420958518982,3.6315789222717285,3.0,0.7647058823529411,0.720745662106322,17,0.68,0.25
scene0129_00-scene0129_01,0,True,100,100,5,0.0,0.0,0.0,0.0,0.0,0.0,0,0.0,0.0
scene0129_00-scene0129_01,1,True,100,94,5,0.800000011920929,0.6000000238418579,12.600000381469727,8.199999809265137,0.9365079365079365,0.6184731642653545,4,0.63,0.06349206349206349
scene0129_00-scene0129_01,2,True,100,95,5,1.0,0.800000011920929,14.40000057220459,10.600000381469727,0.9305555555555556,0.742959275884106,5,0.72,0.06944444444444445
scene0129_00-scene0129_01,3,True,100,85,5,0.800000011920929,0.800000011920929,10.800000190734863,7.800000190734863,0.9259259259259259,0.8152542238420419,4,0.54,0.07407407407407407
scene0129_00-scene0129_01,4,True,100,98,5,1.0,0.6000000238418579,9.40000057220459,7.200000286102295,0.8936170212765957,0.7713752018022235,5,0.47,0.10638297872340426
scene0129_00-scene0129_01,5,True,100,98,5,1.0,0.800000011920929,11.199999809265137,8.199999809265137,0.9107142857142857,0.6903462683937202,5,0.56,0.08928571428571429
scene0129_00-scene0129_01,6,True,100,98,5,1.0,0.800000011920929,13.199999809265137,10.199999809265137,0.9242424242424242,0.8234358004320865,5,0.66,0.07575757575757576
scene0129_00-scene0129_01,7,True,100,97,5,1.0,1.0,12.199999809265137,8.800000190734863,0.9180327868852459,0.7604723971269958,5,0.61,0.08196721311475409
scene0129_00-scene0129_01,8,True,100,99,5,1.0,1.0,12.199999809265137,10.0,0.9180327868852459,0.7851062378585338,5,0.61,0.08196721311475409
scene0129_00-scene0129_01,9,True,100,99,5,1.0,1.0,12.199999809265137,8.199999809265137,0.9166666666666666,0.6677901415256764,5,0.6,0.08333333333333333
scene0129_00-scene0129_01,10,True,100,99,5,1.0,1.0,13.800000190734863,10.40000057220459,0.927536231884058,0.8252308009902706,5,0.69,0.07246376811594203
scene0129_00-scene0129_01,11,True,100,94,5,1.0,0.800000011920929,13.199999809265137,10.40000057220459,0.9242424242424242,0.7399651807508079,5,0.66,0.07575757575757576
scene0129_00-scene0129_01,12,False,100,98,5,0.800000011920929,0.800000011920929,11.199999809265137,9.0,0.9285714285714286,0.7054823078442737,4,0.56,0.07142857142857142
scene0129_01-scene0129_00,0,True,100,100,5,0.0,0.0,0.0,0.0,0.0,0.0,0,0.0,0.0
scene0129_01-scene0129_00,1,True,100,84,5,0.800000011920929,0.6000000238418579,11.0,8.40000057220459,0.9272727272727272,0.6807470084316949,4,0.55,0.07272727272727272
scene0129_01-scene0129_00,2,True,100,90,5,1.0,0.800000011920929,12.199999809265137,9.40000057220459,0.9180327868852459,0.7265749356316196,5,0.61,0.08196721311475409
scene0129_01-scene0129_00,3,True,100,84,5,1.0,0.800000011920929,8.800000190734863,6.800000190734863,0.8863636363636364,0.7197477979778607,5,0.44,0.11363636363636363
scene0129_01-scene0129_00,4,True,100,93,5,1.0,1.0,10.600000381469727,7.599999904632568,0.9056603773584906,0.7395036990018812,5,0.53,0.09433962264150944
scene0129_01-scene0129_00,5,True,100,96,5,1.0,1.0,10.40000057220459,8.199999809265137,0.9038461538461539,0.7580316638613634,5,0.52,0.09615384615384616
scene0129_01-scene0129_00,6,True,100,97,5,1.0,1.0,11.40000057220459,8.800000190734863,0.9122807017543859,0.8145017596294305,5,0.57,0.08771929824561403
scene0129_01-scene0129_00,7,True,100,90,5,1.0,1.0,10.800000190734863,8.40000057220459,0.9074074074074074,0.7612718023807806,5,0.54,0.09259259259259259
scene0129_01-scene0129_00,8,True,100,96,5,1.0,1.0,11.0,8.199999809265137,0.9090909090909091,0.7470626655086201,5,0.55,0.09090909090909091
scene0129_01-scene0129_00,9,True,100,96,5,1.0,1.0,10.600000381469727,8.40000057220459,0.9056603773584906,0.7451276227072801,5,0.53,0.09433962264150944
scene0129_01-scene0129_00,10,True,100,98,5,1.0,1.0,11.40000057220459,10.0,0.9122807017543859,0.8950348902679137,5,0.57,0.08771929824561403
scene0129_01-scene0129_00,11,True,100,95,5,1.0,1.0,12.0,9.800000190734863,0.9166666666666666,0.7740730480536034,5,0.6,0.08333333333333333
scene0129_01-scene0129_00,12,False,100,97,5,1.0,0.800000011920929,12.0,9.40000057220459,0.9166666666666666,0.7320823541330725,5,0.6,0.08333333333333333
scene0139_00-scene0139_02,0,True,100,100,23,0.043478261679410934,0.0,4.34782600402832,0.0,0.99,1.0,1,1.0,0.01
scene0139_00-scene0139_02,1,True,100,93,23,0.8260869979858398,0.3913043439388275,2.95652174949646,0.95652174949646,0.6607142857142857,0.6886804507714566,19,0.56,0.3392857142857143
scene0139_00-scene0139_02,2,True,100,86,23,0.695652186870575,0.47826087474823,3.4782609939575195,1.3043478727340698,0.7794117647058824,0.5837156591403424,16,0.68,0.23529411764705882
scene0139_00-scene0139_02,3,True,100,99,23,0.8260869979858398,0.52173912525177,4.0,1.6521739959716797,0.759493670886076,0.6088457098512938,19,0.79,0.24050632911392406
scene0139_00-scene0139_02,4,True,100,99,23,0.9130434989929199,0.5652173757553101,3.7826087474823,1.52173912525177,0.7435897435897436,0.6015929424587418,21,0.78,0.2692307692307692
scene0139_00-scene0139_02,5,True,100,96,23,0.95652174949646,0.6086956858634949,3.5217392444610596,1.47826087474823,0.7236842105263158,0.5617526205202198,22,0.76,0.2894736842105263
scene0139_00-scene0139_02,6,True,100,89,23,0.8260869979858398,0.6086956858634949,3.2173912525177,1.60869562625885,0.7352941176470589,0.6348998447607175,19,0.68,0.27941176470588236
scene0139_00-scene0139_02,7,True,100,90,23,0.8260869979858398,0.739130437374115,3.3478262424468994,1.8695652484893799,0.7361111111111112,0.6485322943531481,19,0.72,0.2638888888888889
scene0139_00-scene0139_02,8,True,100,96,23,0.95652174949646,0.6086956858634949,3.82608699798584,1.6956522464752197,0.7375,0.6033420324412703,22,0.8,0.275
scene0139_00-scene0139_02,9,True,100,97,23,1.0,0.739130437374115,3.91304349899292,1.60869562625885,0.725,0.6142180148430549,23,0.8,0.2875
scene0139_00-scene0139_02,10,True,100,95,23,0.9130434989929199,0.739130437374115,3.6521739959716797,1.7826087474822998,0.7236842105263158,0.6498728109391656,21,0.76,0.27631578947368424
scene0139_00-scene0139_02,11,True,100,94,23,0.8260869979858398,0.739130437374115,3.4347827434539795,1.7391304969787598,0.7361111111111112,0.6483259311341864,19,0.72,0.2638888888888889
scene0139_00-scene0139_02,12,False,100,96,23,1.0,0.739130437374115,3.6956522464752197,1.8260869979858398,0.7051282051282052,0.5645914181841142,23,0.78,0.2948717948717949
scene0139_01-scene0139_00,0,True,100,100,23,0.08695652335882187,0.0,8.69565200805664,0.0,0.99,1.0,2,1.0,0.02
scene0139_01-scene0139_00,1,True,100,94,23,0.8260869979858398,0.3913043439388275,3.6521739959716797,0.47826087474823,0.6896551724137931,0.5115823038478395,19,0.58,0.3275862068965517
scene0139_01-scene0139_00,2,True,100,93,23,0.8260869979858398,0.43478262424468994,3.95652174949646,0.8260869979858398,0.7647058823529411,0.4686321074478939,19,0.68,0.27941176470588236
scene0139_01-scene0139_00,3,True,100,99,23,0.8695652484893799,0.6086956858634949,3.6086957454681396,1.2173913717269897,0.6774193548387096,0.538417764448671,20,0.62,0.3225806451612903
scene0139_01-scene0139_00,4,True,100,97,23,0.9130434989929199,0.6521739363670349,3.91304349899292,1.56521737575531,0.7183098591549296,0.5700098096260002,21,0.71,0.29577464788732394
scene0139_01-scene0139_00,5,True,100,97,23,0.9130434989929199,0.6086956858634949,3.6956522464752197,1.43478262424469,0.7142857142857143,0.5619191734294873,21,0.7,0.3
scene0139_01-scene0139_00,6,True,100,91,23,0.8695652484893799,0.6086956858634949,3.5652174949645996,1.52173912525177,0.7014925373134329,0.5236436226075948,20,0.67,0.29850746268656714
scene0139_01-scene0139_00,7,True,100,96,23,0.9130434989929199,0.6086956858634949,3.5652174949645996,1.39130437374115,0.676923076923077,0.5937881051347806,21,0.65,0.3230769230769231
scene0139_01-scene0139_00,8,True,100,97,23,0.8695652484893799,0.6521739363670349,3.6521739959716797,1.52173912525177,0.7142857142857143,0.6341874060270033,20,0.7,0.2857142857142857
scene0139_01-scene0139_00,9,True,100,97,23,0.8695652484893799,0.695652186870575,3.6956522464752197,1.39130437374115,0.7101449275362319,0.5439017940002183,20,0.69,0.2898550724637681
scene0139_01-scene0139_00,10,True,100,96,23,0.9130434989929199,0.6086956858634949,3.5217392444610596,1.2173913717269897,0.676923076923077,0.5651086070025816,21,0.65,0.3230769230769231
scene0139_01-scene0139_00,11,True,100,97,23,0.9130434989929199,0.6521739363670349,3.91304349899292,1.1739131212234497,0.7101449275362319,0.5358466082242697,21,0.69,0.30434782608695654
scene0139_01-scene0139_00,12,False,100,98,23,0.9130434989929199,0.6521739363670349,3.4347827434539795,1.52173912525177,0.703125,0.5824091753391462,21,0.64,0.328125
scene0139_02-scene0139_01,0,True,100,100,24,0.0416666679084301,0.0,4.1666669845581055,0.0,0.99,1.0,1,1.0,0.01
scene0139_02-scene0139_01,1,True,100,95,24,0.75,0.2916666865348816,3.0,0.5833333730697632,0.6842105263157895,0.4745552000374748,18,0.57,0.3157894736842105
scene0139_02-scene0139_01,2,True,100,92,24,0.75,0.4166666865348816,3.0833334922790527,0.7916666865348816,0.7,0.5134493724232719,18,0.6,0.3
scene0139_02-scene0139_01,3,True,100,88,24,0.8333333730697632,0.5,2.9583334922790527,0.9166666865348816,0.6935483870967742,0.48827838581055405,20,0.62,0.3225806451612903
scene0139_02-scene0139_01,4,True,100,96,24,0.875,0.5833333730697632,3.0416667461395264,1.1666667461395264,0.6666666666666666,0.5729939865979176,21,0.63,0.3333333333333333
scene0139_02-scene0139_01,5,True,100,96,24,0.875,0.5416666865348816,3.4583334922790527,1.0833333730697632,0.7142857142857143,0.45965044133197097,21,0.7,0.3
scene0139_02-scene0139_01,6,True,100,95,24,0.7916666865348816,0.625,3.4166667461395264,1.25,0.7352941176470589,0.5767162931816918,19,0.68,0.27941176470588236
scene0139_02-scene0139_01,7,True,100,94,24,0.875,0.5833333730697632,3.5833334922790527,1.2916667461395264,0.7361111111111112,0.5284336322918535,21,0.72,0.2916666666666667
scene0139_02-scene0139_01,8,True,100,95,24,0.8333333730697632,0.625,3.375,1.625,0.7323943661971831,0.5920544439443836,20,0.71,0.28169014084507044
scene0139_02-scene0139_01,9,True,100,96,24,0.9166666865348816,0.625,3.4166667461395264,1.375,0.726027397260274,0.5519719316671006,22,0.73,0.3013698630136986
scene0139_02-scene0139_01,10,True,100,96,24,0.8333333730697632,0.5833333730697632,3.0416667461395264,1.5,0.7014925373134329,0.5731462876087633,20,0.67,0.29850746268656714
scene0139_02-scene0139_01,11,True,100,93,24,0.9166666865348816,0.625,3.0833334922790527,1.2916667461395264,0.6615384615384615,0.5581708608533849,22,0.65,0.3384615384615385
scene0139_02-scene0139_01,12,False,100,97,24,0.9166666865348816,0.625,3.25,1.3333333730697632,0.6857142857142857,0.5569649644372031,22,0.7,0.3142857142857143
scene0144_00-scene0144_02,0,True,100,100,7,0.0,0.0,0.0,0.0,0.0,0.0,0,0.0,0.0
scene0144_00-scene0144_02,1,True,100,93,7,0.7142857313156128,0.4285714626312256,3.2857143878936768,0.8571429252624512,0.8095238095238095,0.43884366534671987,5,0.21,0.23809523809523808
scene0144_00-scene0144_02,2,True,100,90,7,0.7142857313156128,0.5714285969734192,4.0,1.571428656578064,0.8,0.5593549015706983,5,0.25,0.2
scene0144_00-scene0144_02,3,True,100,92,7,0.8571429252624512,0.5714285969734192,4.714285850524902,2.0,0.8181818181818182,0.6210150600401396,6,0.33,0.18181818181818182
scene0144_00-scene0144_02,4,True,100,95,7,0.8571429252624512,0.5714285969734192,5.142857551574707,2.4285714626312256,0.8285714285714286,0.6707154283264898,6,0.35,0.17142857142857143
scene0144_00-scene0144_02,5,True,100,96,7,0.8571429252624512,0.5714285969734192,5.0,2.4285714626312256,0.8235294117647058,0.6770077379686492,6,0.34,0.17647058823529413
scene0144_00-scene0144_02,6,True,100,96,7,0.8571429252624512,0.5714285969734192,5.142857551574707,3.2857143878936768,0.8285714285714286,0.7440950630926618,6,0.35,0.17142857142857143
scene0144_00-scene0144_02,7,True,100,96,7,0.8571429252624512,0.5714285969734192,5.0,3.7142858505249023,0.8285714285714286,0.7457418659558663,6,0.35,0.17142857142857143
scene0144_00-scene0144_02,8,True,100,96,7,0.8571429252624512,0.5714285969734192,5.285714626312256,3.4285717010498047,0.8378378378378378,0.7099887232429215,6,0.37,0.16216216216216217
scene0144_00-scene0144_02,9,True,100,95,7,0.8571429252624512,0.7142857313156128,5.142857551574707,3.7142858505249023,0.8333333333333334,0.7467689916210355,6,0.36,0.16666666666666666
scene0144_00-scene0144_02,10,True,100,97,7,0.8571429252624512,0.5714285969734192,5.0,3.7142858505249023,0.8285714285714286,0.7816412481996748,6,0.35,0.17142857142857143
scene0144_00-scene0144_02,11,True,100,96,7,0.8571429252624512,0.5714285969734192,5.0,3.857142925262451,0.8285714285714286,0.7338654498259226,6,0.35,0.17142857142857143
scene0144_00-scene0144_02,12,False,100,96,7,0.8571429252624512,0.5714285969734192,4.857142925262451,3.4285717010498047,0.8235294117647058,0.7284139026071608,6,0.34,0.17647058823529413
scene0144_01-scene0144_00,0,True,100,100,7,0.1428571492433548,0.0,14.285715103149414,0.0,0.99,1.0,1,1.0,0.01
scene0144_01-scene0144_00,1,True,100,83,7,0.7142857313156128,0.5714285969734192,6.285714626312256,1.4285714626312256,0.8809523809523809,0.5091275368455196,5,0.42,0.11904761904761904
scene0144_01-scene0144_00,2,True,100,93,7,0.7142857313156128,0.5714285969734192,6.5714287757873535,2.857142925262451,0.8863636363636364,0.5392922479320656,5,0.44,0.11363636363636363
scene0144_01-scene0144_00,3,True,100,95,7,0.8571429252624512,0.5714285969734192,6.5714287757873535,3.2857143878936768,0.8666666666666667,0.5943901654237356,6,0.45,0.13333333333333333
scene0144_01-scene0144_00,4,True,100,97,7,0.8571429252624512,0.7142857313156128,6.5714287757873535,3.2857143878936768,0.8695652173913043,0.6296305622012295,6,0.46,0.13043478260869565
scene0144_01-scene0144_00,5,True,100,97,7,0.8571429252624512,0.7142857313156128,6.714285850524902,3.2857143878936768,0.8723404255319149,0.6654838739797987,6,0.47,0.1276595744680851
scene0144_01-scene0144_00,6,True,100,96,7,0.8571429252624512,0.7142857313156128,6.285714626312256,3.4285717010498047,0.8636363636363636,0.7823749168051614,6,0.44,0.13636363636363635
scene0144_01-scene0144_00,7,True,100,96,7,0.8571429252624512,0.8571429252624512,6.428571701049805,3.2857143878936768,0.8666666666666667,0.7332241072736937,6,0.45,0.13333333333333333
scene0144_01-scene0144_00,8,True,100,97,7,0.8571429252624512,0.8571429252624512,6.5714287757873535,4.5714287757873535,0.8695652173913043,0.7507857656286608,6,0.46,0.13043478260869565
scene0144_01-scene0144_00,9,True,100,97,7,0.8571429252624512,0.7142857313156128,6.285714626312256,3.857142925262451,0.8636363636363636,0.7826207305836139,6,0.44,0.13636363636363635
scene0144_01-scene0144_00,10,True,100,98,7,0.8571429252624512,0.7142857313156128,6.428571701049805,3.857142925262451,0.8666666666666667,0.7960708248946402,6,0.45,0.13333333333333333
scene0144_01-scene0144_00,11,True,100,98,7,0.8571429252624512,0.7142857313156128,6.714285850524902,3.857142925262451,0.8723404255319149,0.7723407184189939,6,0.47,0.1276595744680851
scene0144_01-scene0144_00,12,False,100,98,7,0.8571429252624512,0.7142857313156128,6.714285850524902,4.5714287757873535,0.8723404255319149,0.7526895573524677,6,0.47,0.1276595744680851
scene0144_02-scene0144_01,0,True,100,100,6,0.1666666716337204,0.0,16.666667938232422,0.0,0.99,1.0,1,1.0,0.01
scene0144_02-scene0144_01,1,True,100,99,6,0.8333333730697632,0.3333333432674408,8.0,3.3333334922790527,0.8958333333333334,0.6093430541749296,5,0.48,0.10416666666666667
scene0144_02-scene0144_01,2,True,100,98,6,0.6666666865348816,0.3333333432674408,5.0,2.3333334922790527,0.8666666666666667,0.5959325983877415,4,0.3,0.13333333333333333
scene0144_02-scene0144_01,3,True,100,99,6,0.8333333730697632,0.3333333432674408,5.6666669845581055,2.1666667461395264,0.8529411764705882,0.5986143383383751,5,0.34,0.14705882352941177
scene0144_02-scene0144_01,4,True,100,93,6,0.8333333730697632,0.5,4.5,1.1666667461395264,0.8148148148148148,0.5830587499045037,5,0.27,0.18518518518518517
scene0144_02-scene0144_01,5,True,100,98,6,0.8333333730697632,0.5,4.6666669845581055,1.5,0.8214285714285714,0.5571003766222433,5,0.28,0.17857142857142858
scene0144_02-scene0144_01,6,True,100,84,6,0.8333333730697632,0.5,4.833333492279053,2.0,0.8275862068965517,0.6328399961535958,5,0.29,0.1724137931034483
scene0144_02-scene0144_01,7,True,100,92,6,0.8333333730697632,0.5,5.1666669845581055,3.0,0.8387096774193549,0.7120311638961235,5,0.31,0.16129032258064516
scene0144_02-scene0144_01,8,True,100,99,6,0.8333333730697632,0.6666666865348816,5.5,2.8333334922790527,0.8484848484848485,0.6365888361930847,5,0.33,0.15151515151515152
scene0144_02-scene0144_01,9,True,100,95,6,0.8333333730697632,0.6666666865348816,5.333333492279053,3.0,0.84375,0.6204507444892917,5,0.32,0.15625
scene0144_02-scene0144_01,10,True,100,97,6,0.8333333730697632,0.5,5.333333492279053,2.6666667461395264,0.84375,0.6914271590087497,5,0.32,0.15625
scene0144_02-scene0144_01,11,True,100,97,6,0.6666666865348816,0.6666666865348816,5.1666669845581055,3.1666667461395264,0.8709677419354839,0.7199702742199103,4,0.31,0.12903225806451613
scene0144_02-scene0144_01,12,False,100,100,6,0.8333333730697632,0.6666666865348816,5.5,3.0,0.8484848484848485,0.6849582380007121,5,0.33,0.15151515151515152
scene0149_00-scene0149_01,0,True,100,100,3,0.3333333432674408,0.3333333432674408,33.333335876464844,33.333335876464844,0.99,1.0,1,1.0,0.01
scene0149_00-scene0149_01,1,True,100,46,3,1.0,1.0,14.666666984558105,14.333333969116211,0.9318181818181818,0.8688492513507422,3,0.44,0.06818181818181818
scene0149_00-scene0149_01,2,True,100,70,3,1.0,1.0,18.0,18.0,0.9444444444444444,0.8696691587623988,3,0.54,0.05555555555555555
scene0149_00-scene0149_01,3,True,100,74,3,1.0,1.0,20.33333396911621,18.666667938232422,0.9508196721311475,0.8269210395098359,3,0.61,0.04918032786885246
scene0149_00-scene0149_01,4,True,100,93,3,1.0,1.0,25.666667938232422,25.666667938232422,0.961038961038961,0.8598832013247326,3,0.77,0.03896103896103896
scene0149_00-scene0149_01,5,True,100,91,3,1.0,1.0,22.0,21.33333396911621,0.9545454545454546,0.8581247413482691,3,0.66,0.045454545454545456
scene0149_00-scene0149_01,6,True,100,96,3,1.0,1.0,26.666667938232422,25.33333396911621,0.9620253164556962,0.8654471571536456,3,0.79,0.0379746835443038
scene0149_00-scene0149_01,7,True,100,95,3,1.0,1.0,27.33333396911621,27.0,0.9634146341463414,0.9374965664376563,3,0.82,0.036585365853658534
scene0149_00-scene0149_01,8,True,100,96,3,1.0,1.0,27.33333396911621,27.0,0.9634146341463414,0.8991538216890413,3,0.82,0.036585365853658534
scene0149_00-scene0149_01,9,True,100,92,3,1.0,1.0,25.33333396911621,25.33333396911621,0.9605263157894737,0.9085241981003045,3,0.76,0.039473684210526314
scene0149_00-scene0149_01,10,True,100,93,3,1.0,1.0,26.0,25.666667938232422,0.9615384615384616,0.9020957593289424,3,0.78,0.038461538461538464
scene0149_00-scene0149_01,11,True,100,93,3,1.0,1.0,26.0,25.0,0.9615384615384616,0.9382297565442371,3,0.78,0.038461538461538464
scene0149_00-scene0149_01,12,False,100,93,3,1.0,1.0,26.0,26.0,0.9615384615384616,0.9086301010417174,3,0.78,0.038461538461538464
scene0149_01-scene0149_00,0,True,100,100,3,0.3333333432674408,0.3333333432674408,33.333335876464844,33.333335876464844,0.99,1.0,1,1.0,0.01
scene0149_01-scene0149_00,1,True,100,44,3,1.0,1.0,12.666666984558105,12.333333969116211,0.9210526315789473,0.8608010766298875,3,0.38,0.07894736842105263
scene0149_01-scene0149_00,2,True,100,66,3,1.0,1.0,19.0,18.666667938232422,0.9473684210526315,0.8602487641160231,3,0.57,0.05263157894736842
scene0149_01-scene0149_00,3,True,100,78,3,1.0,1.0,23.666667938232422,23.0,0.9577464788732394,0.8810942671743812,3,0.71,0.04225352112676056
scene0149_01-scene0149_00,4,True,100,93,3,1.0,1.0,26.33333396911621,26.33333396911621,0.9620253164556962,0.891867037814075,3,0.79,0.0379746835443038
scene0149_01-scene0149_00,5,True,100,94,3,1.0,1.0,24.0,23.666667938232422,0.9583333333333334,0.8905305389992215,3,0.72,0.041666666666666664
scene0149_01-scene0149_00,6,True,100,92,3,1.0,1.0,26.33333396911621,26.0,0.9620253164556962,0.9245625385036135,3,0.79,0.0379746835443038
scene0149_01-scene0149_00,7,True,100,92,3,1.0,1.0,26.33333396911621,26.0,0.9620253164556962,0.9213786203936754,3,0.79,0.0379746835443038
scene0149_01-scene0149_00,8,True,100,90,3,1.0,1.0,25.0,25.0,0.96,0.9137833991285074,3,0.75,0.04
scene0149_01-scene0149_00,9,True,100,91,3,1.0,1.0,25.33333396911621,24.666667938232422,0.9605263157894737,0.8701513294369129,3,0.76,0.039473684210526314
scene0149_01-scene0149_00,10,True,100,92,3,1.0,1.0,28.0,26.666667938232422,0.963855421686747,0.8935487412235917,3,0.83,0.03614457831325301
scene0149_01-scene0149_00,11,True,100,92,3,1.0,1.0,27.666667938232422,27.666667938232422,0.963855421686747,0.9415824852568319,3,0.83,0.03614457831325301
scene0149_01-scene0149_00,12,False,100,92,3,1.0,1.0,27.0,27.0,0.9629629629629629,0.9374136585105737,3,0.81,0.037037037037037035
scene0159_00-scene0159_03,0,True,100,100,7,0.1428571492433548,0.1428571492433548,14.285715103149414,14.285715103149414,0.99,1.0,1,1.0,0.01
scene0159_00-scene0159_03,1,True,100,67,7,0.7142857313156128,0.7142857313156128,7.857143402099609,5.0,0.8936170212765957,0.7061150692187358,5,0.47,0.10638297872340426
scene0159_00-scene0159_03,2,True,100,81,7,0.7142857313156128,0.7142857313156128,9.428571701049805,6.428571701049805,0.9137931034482759,0.7794042670914394,5,0.58,0.08620689655172414
scene0159_00-scene0159_03,3,True,100,81,7,0.7142857313156128,0.5714285969734192,10.85714340209961,4.0,0.9322033898305084,0.754314316749698,5,0.59,0.0847457627118644
scene0159_00-scene0159_03,4,True,100,96,7,0.7142857313156128,0.4285714626312256,14.285715103149414,6.142857551574707,0.95,0.655604382466327,5,0.8,0.0625
scene0159_00-scene0159_03,5,True,100,90,7,0.7142857313156128,0.4285714626312256,14.142857551574707,6.142857551574707,0.9487179487179487,0.624793490923766,5,0.78,0.0641025641025641
scene0159_00-scene0159_03,6,True,100,94,7,0.7142857313156128,0.5714285969734192,14.142857551574707,6.714285850524902,0.9390243902439024,0.6906019254612379,5,0.82,0.06097560975609756
scene0159_00-scene0159_03,7,True,100,81,7,0.7142857313156128,0.5714285969734192,10.571429252624512,3.2857143878936768,0.9090909090909091,0.7710993782553858,5,0.55,0.09090909090909091
scene0159_00-scene0159_03,8,True,100,97,7,0.8571429252624512,0.5714285969734192,13.285715103149414,6.5714287757873535,0.935064935064935,0.7334415660021442,6,0.77,0.07792207792207792
scene0159_00-scene0159_03,9,True,100,95,7,0.8571429252624512,0.5714285969734192,13.85714340209961,5.428571701049805,0.9358974358974359,0.6817049992644003,6,0.78,0.07692307692307693
scene0159_00-scene0159_03,10,True,100,96,7,0.8571429252624512,0.5714285969734192,14.000000953674316,5.857142925262451,0.9240506329113924,0.7300158721443106,6,0.79,0.0759493670886076
scene0159_00-scene0159_03,11,True,100,96,7,0.8571429252624512,0.5714285969734192,12.571429252624512,5.0,0.9285714285714286,0.7747462254687368,6,0.7,0.08571428571428572
scene0159_00-scene0159_03,12,False,100,95,7,0.8571429252624512,0.5714285969734192,13.285715103149414,5.714285850524902,0.9315068493150684,0.7844760541669253,6,0.73,0.0821917808219178
scene0159_01-scene0159_00,0,True,100,100,7,0.1428571492433548,0.1428571492433548,14.285715103149414,14.285715103149414,0.99,1.0,1,1.0,0.01
scene0159_01-scene0159_00,1,True,100,63,7,0.7142857313156128,0.5714285969734192,8.285715103149414,3.857142925262451,0.9,0.7192083153341498,5,0.5,0.1
scene0159_01-scene0159_00,2,True,100,91,7,0.7142857313156128,0.7142857313156128,10.85714340209961,6.000000476837158,0.9242424242424242,0.7931017941828762,5,0.66,0.07575757575757576
scene0159_01-scene0159_00,3,True,100,92,7,0.8571429252624512,0.5714285969734192,11.571429252624512,5.5714287757873535,0.9076923076923077,0.7914020383371366,6,0.65,0.09230769230769231
scene0159_01-scene0159_00,4,True,100,95,7,0.8571429252624512,0.5714285969734192,12.428571701049805,4.5714287757873535,0.9130434782608695,0.7274452973075443,6,0.69,0.08695652173913043
scene0159_01-scene0159_00,5,True,100,96,7,0.8571429252624512,0.7142857313156128,12.85714340209961,6.000000476837158,0.918918918918919,0.7326899139414833,6,0.74,0.08108108108108109
scene0159_01-scene0159_00,6,True,100,98,7,0.8571429252624512,0.5714285969734192,14.85714340209961,7.428571701049805,0.9285714285714286,0.7846580867716415,6,0.84,0.07142857142857142
scene0159_01-scene0159_00,7,True,100,97,7,0.7142857313156128,0.5714285969734192,13.571429252624512,6.142857551574707,0.9305555555555556,0.8242935400301209,5,0.72,0.06944444444444445
scene0159_01-scene0159_00,8,True,100,98,7,0.8571429252624512,0.5714285969734192,12.285715103149414,6.5714287757873535,0.9305555555555556,0.824533928614825,6,0.72,0.08333333333333333
scene0159_01-scene0159_00,9,True,100,99,7,0.8571429252624512,0.7142857313156128,13.714286804199219,6.428571701049805,0.9240506329113924,0.7998259893995672,6,0.79,0.0759493670886076
scene0159_01-scene0159_00,10,True,100,99,7,0.8571429252624512,0.4285714626312256,15.285715103149414,7.428571701049805,0.9310344827586207,0.7992059644238237,6,0.87,0.06896551724137931
scene0159_01-scene0159_00,11,True,100,96,7,0.8571429252624512,0.5714285969734192,13.714286804199219,6.857143402099609,0.92,0.8301746496075507,6,0.75,0.08
scene0159_01-scene0159_00,12,False,100,96,7,0.8571429252624512,0.5714285969734192,12.428571701049805,6.285714626312256,0.9315068493150684,0.819871097413543,6,0.73,0.0821917808219178
scene0159_02-scene0159_01,0,True,100,100,6,0.0,0.0,0.0,0.0,0.0,0.0,0,0.0,0.0
scene0159_02-scene0159_01,1,True,100,64,6,0.6666666865348816,0.5,9.333333969116211,3.1666667461395264,0.9,0.703717681503347,4,0.4,0.1
scene0159_02-scene0159_01,2,True,100,86,6,0.6666666865348816,0.5,11.333333969116211,4.6666669845581055,0.92,0.7294740810796811,4,0.5,0.08
scene0159_02-scene0159_01,3,True,100,75,6,0.6666666865348816,0.5,11.166666984558105,4.0,0.9148936170212766,0.8604566075183727,4,0.47,0.0851063829787234
scene0159_02-scene0159_01,4,True,100,95,6,0.6666666865348816,0.5,15.0,6.5,0.9411764705882353,0.8481775991856969,4,0.68,0.058823529411764705
scene0159_02-scene0159_01,5,True,100,95,6,0.6666666865348816,0.5,16.666667938232422,7.333333492279053,0.9493670886075949,0.7920291188083509,4,0.79,0.05063291139240506
scene0159_02-scene0159_01,6,True,100,97,6,0.6666666865348816,0.5,17.5,7.5,0.9512195121951219,0.7682695145960208,4,0.82,0.04878048780487805
scene0159_02-scene0159_01,7,True,100,93,6,0.6666666865348816,0.5,15.0,5.6666669845581055,0.9375,0.8506177474151958,4,0.64,0.0625
scene0159_02-scene0159_01,8,True,100,96,6,0.6666666865348816,0.3333333432674408,16.0,6.0,0.9411764705882353,0.900631553699998,4,0.68,0.058823529411764705
scene0159_02-scene0159_01,9,True,100,95,6,0.6666666865348816,0.3333333432674408,15.666666984558105,5.6666669845581055,0.9411764705882353,0.8395628596741729,4,0.68,0.058823529411764705
scene0159_02-scene0159_01,10,True,100,97,6,0.6666666865348816,0.5,16.166667938232422,6.6666669845581055,0.9436619718309859,0.8560400573960666,4,0.71,0.056338028169014086
scene0159_02-scene0159_01,11,True,100,95,6,0.6666666865348816,0.5,15.833333969116211,5.833333492279053,0.9411764705882353,0.8595379654338016,4,0.68,0.058823529411764705
scene0159_02-scene0159_01,12,False,100,96,6,0.6666666865348816,0.3333333432674408,16.5,5.833333492279053,0.9411764705882353,0.9267187142006068,4,0.68,0.058823529411764705
scene0159_03-scene0159_02,0,True,100,100,7,0.2857142984867096,0.1428571492433548,28.571430206298828,14.285715103149414,0.99,1.0,2,1.0,0.02
scene0159_03-scene0159_02,1,True,100,55,7,0.7142857313156128,0.5714285969734192,5.857142925262451,2.7142858505249023,0.8529411764705882,0.6105436606705189,5,0.34,0.14705882352941177
scene0159_03-scene0159_02,2,True,100,83,7,0.7142857313156128,0.5714285969734192,9.85714340209961,6.000000476837158,0.9137931034482759,0.7014856946145026,5,0.58,0.08620689655172414
scene0159_03-scene0159_02,3,True,100,80,7,0.7142857313156128,0.5714285969734192,9.571429252624512,6.000000476837158,0.9107142857142857,0.80183748204957,5,0.56,0.08928571428571429
scene0159_03-scene0159_02,4,True,100,95,7,0.7142857313156128,0.5714285969734192,15.142857551574707,8.571429252624512,0.9438202247191011,0.773670568575267,5,0.89,0.056179775280898875
scene0159_03-scene0159_02,5,True,100,92,7,0.7142857313156128,0.5714285969734192,15.571429252624512,8.0,0.9431818181818182,0.7588853735280664,5,0.88,0.056818181818181816
scene0159_03-scene0159_02,6,True,100,95,7,0.7142857313156128,0.5714285969734192,16.428571701049805,9.285715103149414,0.9456521739130435,0.8320444797957355,5,0.92,0.05434782608695652
scene0159_03-scene0159_02,7,True,100,87,7,0.7142857313156128,0.5714285969734192,13.000000953674316,5.714285850524902,0.927536231884058,0.7964842799297176,5,0.69,0.07246376811594203
scene0159_03-scene0159_02,8,True,100,96,7,0.7142857313156128,0.5714285969734192,14.571429252624512,7.857143402099609,0.9411764705882353,0.7937405243250928,5,0.85,0.058823529411764705
scene0159_03-scene0159_02,9,True,100,93,7,0.7142857313156128,0.5714285969734192,14.285715103149414,7.5714287757873535,0.9397590361445783,0.7466091976459776,5,0.83,0.060240963855421686
scene0159_03-scene0159_02,10,True,100,95,7,0.7142857313156128,0.5714285969734192,15.571429252624512,9.0,0.945054945054945,0.7964135562702691,5,0.91,0.054945054945054944
scene0159_03-scene0159_02,11,True,100,91,7,0.7142857313156128,0.5714285969734192,14.285715103149414,7.142857551574707,0.9375,0.8010097225285109,5,0.8,0.0625
scene0159_03-scene0159_02,12,False,100,95,7,0.7142857313156128,0.5714285969734192,13.85714340209961,7.428571701049805,0.9382716049382716,0.7924904602956264,5,0.81,0.06172839506172839
scene0160_00-scene0160_02,0,True,100,100,11,0.09090909361839294,0.0,9.090909004211426,0.0,0.99,1.0,1,1.0,0.01
scene0160_00-scene0160_02,1,True,100,98,11,1.0,0.8181818723678589,8.636363983154297,5.0,0.8837209302325582,0.5806938176862076,11,0.86,0.12790697674418605
scene0160_00-scene0160_02,2,True,100,88,11,1.0,0.9090909361839294,7.727272987365723,5.636363983154297,0.8625,0.6285055140621568,11,0.8,0.1375
scene0160_00-scene0160_02,3,True,100,94,11,1.0,0.9090909361839294,8.636363983154297,6.18181848526001,0.872093023255814,0.7064357466502663,11,0.86,0.12790697674418605
scene0160_00-scene0160_02,4,True,100,90,11,1.0,0.9090909361839294,8.909090995788574,6.2727274894714355,0.872093023255814,0.7415000280745111,11,0.86,0.12790697674418605
scene0160_00-scene0160_02,5,True,100,95,11,1.0,0.9090909361839294,9.090909004211426,6.454545497894287,0.875,0.7376335956230389,11,0.88,0.125
scene0160_00-scene0160_02,6,True,100,91,11,1.0,0.9090909361839294,8.272727966308594,6.2727274894714355,0.8658536585365854,0.7673437149635904,11,0.82,0.13414634146341464
scene0160_00-scene0160_02,7,True,100,95,11,1.0,0.9090909361839294,8.636363983154297,6.090909481048584,0.875,0.7771813968396456,11,0.88,0.125
scene0160_00-scene0160_02,8,True,100,97,11,1.0,0.9090909361839294,9.454545974731445,6.909090995788574,0.8804347826086957,0.779797493059915,11,0.92,0.11956521739130435
scene0160_00-scene0160_02,9,True,100,98,11,1.0,0.9090909361839294,9.454545974731445,7.090909481048584,0.8854166666666666,0.7703907795606821,11,0.96,0.11458333333333333
scene0160_00-scene0160_02,10,True,100,97,11,1.0,0.9090909361839294,8.909090995788574,7.2727274894714355,0.8804347826086957,0.7779345730598787,11,0.92,0.11956521739130435
scene0160_00-scene0160_02,11,True,100,97,11,1.0,0.9090909361839294,9.0,6.363636493682861,0.8777777777777778,0.7573297464149072,11,0.9,0.12222222222222222
scene0160_00-scene0160_02,12,False,100,95,11,1.0,1.0,9.36363697052002,6.727272987365723,0.8804347826086957,0.7606934519829573,11,0.92,0.11956521739130435
scene0160_01-scene0160_00,0,True,100,100,11,0.09090909361839294,0.0,9.090909004211426,0.0,0.99,1.0,1,1.0,0.01
scene0160_01-scene0160_00,1,True,100,94,11,1.0,0.8181818723678589,9.36363697052002,4.454545497894287,0.8735632183908046,0.5766391928811543,11,0.87,0.12643678160919541
scene0160_01-scene0160_00,2,True,100,84,11,1.0,1.0,7.727272987365723,4.636363983154297,0.8552631578947368,0.5572863296372816,11,0.76,0.14473684210526316
scene0160_01-scene0160_00,3,True,100,81,11,1.0,0.9090909361839294,8.36363697052002,5.2727274894714355,0.8589743589743589,0.65731153304724,11,0.78,0.14102564102564102
scene0160_01-scene0160_00,4,True,100,91,11,1.0,0.9090909361839294,8.727272987365723,6.0,0.8690476190476191,0.7751818223863323,11,0.84,0.13095238095238096
scene0160_01-scene0160_00,5,True,100,97,11,1.0,1.0,9.181818008422852,6.363636493682861,0.8777777777777778,0.7546864846946166,11,0.9,0.12222222222222222
scene0160_01-scene0160_00,6,True,100,95,11,1.0,0.9090909361839294,8.545454978942871,5.454545497894287,0.8690476190476191,0.7047278189339543,11,0.84,0.13095238095238096
scene0160_01-scene0160_00,7,True,100,95,11,1.0,0.9090909361839294,9.818181991577148,5.909090995788574,0.8764044943820225,0.675740533807409,11,0.89,0.12359550561797752
scene0160_01-scene0160_00,8,True,100,96,11,1.0,1.0,9.909090995788574,7.363636493682861,0.8829787234042553,0.7453217073123855,11,0.94,0.11702127659574468
scene0160_01-scene0160_00,9,True,100,97,11,1.0,1.0,9.454545974731445,7.454545497894287,0.8817204301075269,0.7394753974186231,11,0.93,0.11827956989247312
scene0160_01-scene0160_00,10,True,100,94,11,1.0,0.9090909361839294,9.36363697052002,5.909090995788574,0.875,0.721954057131277,11,0.88,0.125
scene0160_01-scene0160_00,11,True,100,94,11,1.0,0.9090909361839294,9.36363697052002,6.909090995788574,0.8791208791208791,0.7530338676727336,11,0.91,0.12087912087912088
scene0160_01-scene0160_00,12,False,100,97,11,1.0,1.0,9.36363697052002,7.363636493682861,0.8777777777777778,0.7746637190712823,11,0.9,0.12222222222222222
scene0160_02-scene0160_01,0,True,100,100,11,0.09090909361839294,0.0,9.090909004211426,0.0,0.99,1.0,1,1.0,0.01
scene0160_02-scene0160_01,1,True,100,90,11,1.0,0.9090909361839294,8.545454978942871,4.909090995788574,0.8625,0.6871908524775648,11,0.8,0.1375
scene0160_02-scene0160_01,2,True,100,73,11,1.0,0.9090909361839294,6.0,3.909090995788574,0.8166666666666667,0.672078367255762,11,0.6,0.18333333333333332
scene0160_02-scene0160_01,3,True,100,87,11,1.0,0.9090909361839294,7.545454978942871,5.18181848526001,0.8552631578947368,0.6773095183329437,11,0.76,0.14473684210526316
scene0160_02-scene0160_01,4,True,100,94,11,1.0,0.9090909361839294,8.636363983154297,6.727272987365723,0.8777777777777778,0.734617103005538,11,0.9,0.12222222222222222
scene0160_02-scene0160_01,5,True,100,93,11,1.0,0.9090909361839294,8.545454978942871,6.2727274894714355,0.875,0.7177268883077365,11,0.88,0.125
scene0160_02-scene0160_01,6,True,100,88,11,1.0,0.9090909361839294,7.18181848526001,5.727272987365723,0.8533333333333334,0.7124344496392937,11,0.75,0.14666666666666667
scene0160_02-scene0160_01,7,True,100,92,11,1.0,0.9090909361839294,8.0,5.909090995788574,0.8674698795180723,0.7085790319213942,11,0.83,0.13253012048192772
scene0160_02-scene0160_01,8,True,100,95,11,1.0,1.0,9.272727966308594,6.545454978942871,0.8791208791208791,0.7695188443075461,11,0.91,0.12087912087912088
scene0160_02-scene0160_01,9,True,100,97,11,1.0,1.0,9.545454978942871,6.454545497894287,0.8829787234042553,0.7159261322124965,11,0.94,0.11702127659574468
scene0160_02-scene0160_01,10,True,100,95,11,1.0,0.9090909361839294,7.545454978942871,5.909090995788574,0.8641975308641975,0.7703078036096745,11,0.81,0.13580246913580246
scene0160_02-scene0160_01,11,True,100,94,11,1.0,0.9090909361839294,8.454545974731445,6.2727274894714355,0.872093023255814,0.7878587893875582,11,0.86,0.12790697674418605
scene0160_02-scene0160_01,12,False,100,95,11,1.0,1.0,9.090909004211426,6.909090995788574,0.8817204301075269,0.8056275975095759,11,0.93,0.11827956989247312
scene0170_00-scene0170_01,0,True,100,100,19,0.0,0.0,0.0,0.0,0.0,0.0,0,0.0,0.0
scene0170_00-scene0170_01,1,True,100,87,19,0.9473684430122375,0.4736842215061188,3.473684310913086,1.1578947305679321,0.6785714285714286,0.6310663634052355,18,0.56,0.32142857142857145
scene0170_00-scene0170_01,2,True,100,84,19,0.8947368264198303,0.4736842215061188,3.0526316165924072,1.4210526943206787,0.6862745098039216,0.5547054562299887,17,0.51,0.3333333333333333
scene0170_00-scene0170_01,3,True,100,94,19,0.8947368264198303,0.6842105388641357,3.6842105388641357,1.5789474248886108,0.734375,0.565845824830182,17,0.64,0.265625
scene0170_00-scene0170_01,4,True,100,96,19,0.9473684430122375,0.6842105388641357,4.052631378173828,2.3157894611358643,0.7391304347826086,0.6107658222753402,18,0.69,0.2608695652173913
scene0170_00-scene0170_01,5,True,100,96,19,0.8947368264198303,0.7368420958518982,4.0,2.263157844543457,0.7681159420289855,0.6149745334767633,17,0.69,0.2463768115942029
scene0170_00-scene0170_01,6,True,100,94,19,0.8947368264198303,0.6842105388641357,3.5789473056793213,2.1052632331848145,0.7288135593220338,0.7203108471247458,17,0.59,0.288135593220339
scene0170_00-scene0170_01,7,True,100,97,19,0.9473684430122375,0.6315789222717285,3.8947367668151855,1.8421052694320679,0.7384615384615385,0.6972168516747805,18,0.65,0.27692307692307694
scene0170_00-scene0170_01,8,True,100,97,19,0.9473684430122375,0.6842105388641357,3.8947367668151855,1.9473683834075928,0.75,0.6806646363082819,18,0.68,0.2647058823529412
scene0170_00-scene0170_01,9,True,100,98,19,0.9473684430122375,0.6315789222717285,3.6842105388641357,2.0,0.7424242424242424,0.7149189592728132,18,0.66,0.2727272727272727
scene0170_00-scene0170_01,10,True,100,96,19,0.8947368264198303,0.6315789222717285,3.8421053886413574,1.9473683834075928,0.734375,0.6999482109038918,17,0.64,0.265625
scene0170_00-scene0170_01,11,True,100,98,19,0.8947368264198303,0.6842105388641357,3.78947377204895,2.0,0.75,0.7399358451898609,17,0.64,0.265625
scene0170_00-scene0170_01,12,False,100,98,19,0.8947368264198303,0.6842105388641357,3.9473683834075928,2.263157844543457,0.7647058823529411,0.7237676028045825,17,0.68,0.25
scene0170_01-scene0170_00,0,True,100,100,19,0.0,0.0,0.0,0.0,0.0,0.0,0,0.0,0.0
scene0170_01-scene0170_00,1,True,100,92,19,0.8421052694320679,0.5789473652839661,4.157894611358643,1.9473683834075928,0.7538461538461538,0.6327620606224444,16,0.65,0.24615384615384617
scene0170_01-scene0170_00,2,True,100,83,19,0.7368420958518982,0.5789473652839661,3.1578948497772217,1.8421052694320679,0.7777777777777778,0.5606097903896551,14,0.54,0.25925925925925924
scene0170_01-scene0170_00,3,True,100,97,19,0.8421052694320679,0.6842105388641357,4.210526466369629,2.4210526943206787,0.7894736842105263,0.6260721987148501,16,0.76,0.21052631578947367
scene0170_01-scene0170_00,4,True,100,98,19,0.8947368264198303,0.6315789222717285,4.684210777282715,2.5789473056793213,0.7848101265822784,0.6457438697129632,17,0.79,0.21518987341772153
scene0170_01-scene0170_00,5,True,100,99,19,0.9473684430122375,0.6842105388641357,4.4210524559021,2.6842105388641357,0.7692307692307693,0.632721189642325,18,0.78,0.23076923076923078
scene0170_01-scene0170_00,6,True,100,90,19,0.8947368264198303,0.6315789222717285,3.736842155456543,2.1578948497772217,0.7384615384615385,0.5755903163051184,17,0.65,0.26153846153846155
scene0170_01-scene0170_00,7,True,100,98,19,0.8947368264198303,0.6842105388641357,4.473684310913086,2.263157844543457,0.7792207792207793,0.5644199160630243,17,0.77,0.22077922077922077
scene0170_01-scene0170_00,8,True,100,97,19,0.8947368264198303,0.7368420958518982,4.5789475440979,2.4210526943206787,0.782051282051282,0.5919577812864667,17,0.78,0.21794871794871795
scene0170_01-scene0170_00,9,True,100,97,19,0.8947368264198303,0.6315789222717285,4.263157844543457,2.263157844543457,0.7792207792207793,0.5887618384963973,17,0.77,0.22077922077922077
scene0170_01-scene0170_00,10,True,100,97,19,0.8947368264198303,0.6842105388641357,4.0,2.3684210777282715,0.7571428571428571,0.5782054670705091,17,0.7,0.24285714285714285
scene0170_01-scene0170_00,11,True,100,98,19,0.8947368264198303,0.7368420958518982,4.263157844543457,2.3684210777282715,0.7671232876712328,0.6620907147598875,17,0.73,0.2328767123287671
scene0170_01-scene0170_00,12,False,100,98,19,0.8947368264198303,0.7368420958518982,4.6315789222717285,2.526315689086914,0.7792207792207793,0.6412594412079828,17,0.77,0.22077922077922077
scene0180_00-scene0180_01,0,True,100,100,7,0.1428571492433548,0.1428571492433548,14.285715103149414,14.285715103149414,0.99,1.0,1,1.0,0.01
scene0180_00-scene0180_01,1,True,100,90,7,1.0,0.8571429252624512,13.285715103149414,6.142857551574707,0.9156626506024096,0.5728184756655877,7,0.83,0.08433734939759036
scene0180_00-scene0180_01,2,True,100,92,7,1.0,1.0,14.571429252624512,8.285715103149414,0.9213483146067416,0.6523322435216857,7,0.89,0.07865168539325842
scene0180_00-scene0180_01,3,True,100,89,7,1.0,0.8571429252624512,13.571429252624512,6.5714287757873535,0.9156626506024096,0.6647589016624176,7,0.83,0.08433734939759036
scene0180_00-scene0180_01,4,True,100,94,7,1.0,0.8571429252624512,15.285715103149414,7.285714626312256,0.9222222222222223,0.7407537396112792,7,0.9,0.07777777777777778
scene0180_00-scene0180_01,5,True,100,94,7,1.0,0.8571429252624512,15.571429252624512,6.142857551574707,0.9195402298850575,0.7219153967322103,7,0.87,0.08045977011494253
scene0180_00-scene0180_01,6,True,100,93,7,1.0,1.0,14.571429252624512,7.142857551574707,0.9230769230769231,0.7902734959046747,7,0.91,0.07692307692307693
scene0180_00-scene0180_01,7,True,100,89,7,1.0,0.7142857313156128,13.142857551574707,7.000000476837158,0.9125,0.7824731130999971,7,0.8,0.0875
scene0180_00-scene0180_01,8,True,100,93,7,1.0,0.8571429252624512,13.428571701049805,7.714285850524902,0.9195402298850575,0.8468072419427004,7,0.87,0.08045977011494253
scene0180_00-scene0180_01,9,True,100,93,7,1.0,0.8571429252624512,14.571429252624512,7.5714287757873535,0.9186046511627907,0.819511923228528,7,0.86,0.08139534883720931
scene0180_00-scene0180_01,10,True,100,93,7,1.0,0.8571429252624512,14.428571701049805,7.5714287757873535,0.9230769230769231,0.8440954671453007,7,0.91,0.07692307692307693
scene0180_00-scene0180_01,11,True,100,90,7,1.0,0.8571429252624512,13.571429252624512,8.285715103149414,0.9195402298850575,0.8545606257897373,7,0.87,0.08045977011494253
scene0180_00-scene0180_01,12,False,100,92,7,1.0,0.8571429252624512,15.142857551574707,7.5714287757873535,0.9239130434782609,0.8383643681373067,7,0.92,0.07608695652173914
scene0180_01-scene0180_00,0,True,100,100,7,0.1428571492433548,0.1428571492433548,14.285715103149414,14.285715103149414,0.99,1.0,1,1.0,0.01
scene0180_01-scene0180_00,1,True,100,83,7,1.0,0.8571429252624512,11.285715103149414,5.857142925262451,0.9090909090909091,0.6279432165704794,7,0.77,0.09090909090909091
scene0180_01-scene0180_00,2,True,100,88,7,1.0,0.8571429252624512,12.142857551574707,6.857143402099609,0.9146341463414634,0.7545084210798534,7,0.82,0.08536585365853659
scene0180_01-scene0180_00,3,True,100,87,7,1.0,0.8571429252624512,11.142857551574707,7.285714626312256,0.9078947368421053,0.715930731948085,7,0.76,0.09210526315789473
scene0180_01-scene0180_00,4,True,100,90,7,1.0,0.8571429252624512,13.571429252624512,7.5714287757873535,0.9156626506024096,0.7587277252369048,7,0.83,0.08433734939759036
scene0180_01-scene0180_00,5,True,100,90,7,1.0,0.8571429252624512,13.142857551574707,7.5714287757873535,0.9113924050632911,0.6906195325749134,7,0.79,0.08860759493670886
scene0180_01-scene0180_00,6,True,100,93,7,1.0,0.8571429252624512,13.714286804199219,7.5714287757873535,0.9213483146067416,0.7951116910022972,7,0.89,0.07865168539325842
scene0180_01-scene0180_00,7,True,100,88,7,1.0,0.8571429252624512,11.428571701049805,7.285714626312256,0.9054054054054054,0.7603729544277478,7,0.74,0.0945945945945946
scene0180_01-scene0180_00,8,True,100,93,7,1.0,0.8571429252624512,14.142857551574707,7.285714626312256,0.9195402298850575,0.8096834286575166,7,0.87,0.08045977011494253
scene0180_01-scene0180_00,9,True,100,94,7,1.0,0.8571429252624512,14.285715103149414,7.428571701049805,0.9146341463414634,0.7906693779419516,7,0.82,0.08536585365853659
scene0180_01-scene0180_00,10,True,100,95,7,1.0,1.0,14.85714340209961,7.5714287757873535,0.9247311827956989,0.8058232387339466,7,0.93,0.07526881720430108
scene0180_01-scene0180_00,11,True,100,91,7,1.0,0.8571429252624512,11.85714340209961,8.285715103149414,0.9090909090909091,0.8594423339746338,7,0.77,0.09090909090909091
scene0180_01-scene0180_00,12,False,100,92,7,1.0,0.8571429252624512,13.714286804199219,7.714285850524902,0.9195402298850575,0.805780598861536,7,0.87,0.08045977011494253
scene0189_00-scene0189_03,0,True,100,100,13,0.0,0.0,0.0,0.0,0.0,0.0,0,0.0,0.0
scene0189_00-scene0189_03,1,True,100,76,13,0.6153846383094788,0.46153849363327026,2.92307710647583,1.769230842590332,0.8108108108108109,0.48623816588188123,8,0.37,0.21621621621621623
scene0189_00-scene0189_03,2,True,100,82,13,0.692307710647583,0.5384615659713745,3.846153974533081,2.461538553237915,0.8125,0.658098312731115,9,0.48,0.1875
scene0189_00-scene0189_03,3,True,100,91,13,0.7692307829856873,0.5384615659713745,4.307692527770996,2.692307710647583,0.8148148148148148,0.7083878746256232,10,0.54,0.18518518518518517
scene0189_00-scene0189_03,4,True,100,94,13,0.692307710647583,0.6153846383094788,5.076923370361328,3.538461685180664,0.8636363636363636,0.6971402641917978,9,0.66,0.13636363636363635
scene0189_00-scene0189_03,5,True,100,95,13,0.7692307829856873,0.6153846383094788,5.230769634246826,3.615384817123413,0.8484848484848485,0.7019475558952475,10,0.66,0.15151515151515152
scene0189_00-scene0189_03,6,True,100,96,13,0.8461538553237915,0.6153846383094788,5.230769634246826,3.846153974533081,0.8507462686567164,0.7161554139410234,11,0.67,0.16417910447761194
scene0189_00-scene0189_03,7,True,100,96,13,0.7692307829856873,0.6153846383094788,5.692307949066162,4.076923370361328,0.8732394366197183,0.746492400101036,10,0.71,0.14084507042253522
scene0189_00-scene0189_03,8,True,100,97,13,0.692307710647583,0.6153846383094788,5.615385055541992,4.0,0.875,0.725685977980822,9,0.72,0.125
scene0189_00-scene0189_03,9,True,100,95,13,0.692307710647583,0.6153846383094788,5.0,3.692307949066162,0.859375,0.7600688421135319,9,0.64,0.140625
scene0189_00-scene0189_03,10,True,100,93,13,0.7692307829856873,0.6153846383094788,5.076923370361328,3.846153974533081,0.859375,0.7123541918813419,10,0.64,0.15625
scene0189_00-scene0189_03,11,True,100,96,13,0.692307710647583,0.6153846383094788,5.615385055541992,3.846153974533081,0.8732394366197183,0.7408180323607985,9,0.71,0.1267605633802817
scene0189_00-scene0189_03,12,False,100,97,13,0.692307710647583,0.6153846383094788,5.384615421295166,4.0,0.8714285714285714,0.7303383717643427,9,0.7,0.12857142857142856
scene0189_01-scene0189_00,0,True,100,100,13,0.0,0.0,0.0,0.0,0.0,0.0,0,0.0,0.0
scene0189_01-scene0189_00,1,True,100,100,13,0.46153849363327026,0.1538461595773697,5.692307949066162,0.46153849363327026,0.9206349206349206,0.5128661845232884,6,0.63,0.09523809523809523
scene0189_01-scene0189_00,2,True,100,95,13,0.6153846383094788,0.38461539149284363,5.076923370361328,2.538461685180664,0.8688524590163934,0.6675512725575489,8,0.61,0.13114754098360656
scene0189_01-scene0189_00,3,True,100,95,13,0.7692307829856873,0.46153849363327026,5.384615421295166,3.615384817123413,0.8529411764705882,0.7714109120669065,10,0.68,0.14705882352941177
scene0189_01-scene0189_00,4,True,100,95,13,0.7692307829856873,0.46153849363327026,5.538461685180664,3.615384817123413,0.8591549295774648,0.7783378636330561,10,0.71,0.14084507042253522
scene0189_01-scene0189_00,5,True,100,95,13,0.7692307829856873,0.5384615659713745,5.692307949066162,3.307692527770996,0.8461538461538461,0.7161549630500105,10,0.65,0.15384615384615385
scene0189_01-scene0189_00,6,True,100,91,13,0.7692307829856873,0.5384615659713745,5.153846263885498,3.230769395828247,0.8461538461538461,0.7068835467876246,10,0.65,0.15384615384615385
scene0189_01-scene0189_00,7,True,100,94,13,0.7692307829856873,0.5384615659713745,5.461538791656494,3.538461685180664,0.855072463768116,0.6814966322374099,10,0.69,0.14492753623188406
scene0189_01-scene0189_00,8,True,100,95,13,0.7692307829856873,0.6153846383094788,5.307692527770996,3.692307949066162,0.8507462686567164,0.7747712912052079,10,0.67,0.14925373134328357
scene0189_01-scene0189_00,9,True,100,95,13,0.7692307829856873,0.5384615659713745,5.0,3.461538553237915,0.8360655737704918,0.7573021388846544,10,0.61,0.16393442622950818
scene0189_01-scene0189_00,10,True,100,94,13,0.7692307829856873,0.5384615659713745,5.0,3.153846263885498,0.84375,0.6783296482069007,10,0.64,0.15625
scene0189_01-scene0189_00,11,True,100,97,13,0.7692307829856873,0.46153849363327026,5.153846263885498,3.153846263885498,0.8484848484848485,0.7262758888671138,10,0.66,0.15151515151515152
scene0189_01-scene0189_00,12,False,100,97,13,0.8461538553237915,0.5384615659713745,5.615385055541992,3.384615421295166,0.8591549295774648,0.6938810768584579,11,0.71,0.15492957746478872
scene0189_02-scene0189_01,0,True,100,100,12,0.0,0.0,0.0,0.0,0.0,0.0,0,0.0,0.0
scene0189_02-scene0189_01,1,True,100,100,12,0.1666666716337204,0.0833333358168602,10.666666984558105,0.25,0.9887640449438202,0.571272779933431,2,0.89,0.02247191011235955
scene0189_02-scene0189_01,2,True,100,98,12,0.5833333730697632,0.5,6.0,3.0833334922790527,0.8955223880597015,0.5768624696215559,7,0.67,0.1044776119402985
scene0189_02-scene0189_01,3,True,100,94,12,0.8333333730697632,0.5833333730697632,6.083333492279053,4.25,0.8695652173913043,0.7520439484615238,10,0.69,0.14492753623188406
scene0189_02-scene0189_01,4,True,100,99,12,0.8333333730697632,0.6666666865348816,6.4166669845581055,4.6666669845581055,0.8666666666666667,0.7426446861025527,10,0.75,0.13333333333333333
scene0189_02-scene0189_01,5,True,100,97,12,0.8333333730697632,0.5,6.833333492279053,4.1666669845581055,0.855072463768116,0.6955763921635695,10,0.69,0.14492753623188406
scene0189_02-scene0189_01,6,True,100,97,12,0.8333333730697632,0.6666666865348816,5.75,3.6666667461395264,0.8461538461538461,0.7411501804259188,10,0.65,0.15384615384615385
scene0189_02-scene0189_01,7,True,100,98,12,0.8333333730697632,0.6666666865348816,5.833333492279053,4.1666669845581055,0.8529411764705882,0.7511368237774042,10,0.68,0.14705882352941177
scene0189_02-scene0189_01,8,True,100,99,12,0.8333333730697632,0.6666666865348816,5.9166669845581055,3.9166667461395264,0.8529411764705882,0.766327293316248,10,0.68,0.14705882352941177
scene0189_02-scene0189_01,9,True,100,95,12,0.8333333730697632,0.6666666865348816,6.083333492279053,3.6666667461395264,0.8507462686567164,0.6980469326102515,10,0.67,0.14925373134328357
scene0189_02-scene0189_01,10,True,100,98,12,0.8333333730697632,0.5833333730697632,6.083333492279053,3.6666667461395264,0.8591549295774648,0.6915347472265071,10,0.71,0.14084507042253522
scene0189_02-scene0189_01,11,True,100,99,12,0.8333333730697632,0.5,6.0,4.083333492279053,0.8591549295774648,0.7477680674441534,10,0.71,0.14084507042253522
scene0189_02-scene0189_01,12,False,100,100,12,0.8333333730697632,0.5833333730697632,5.9166669845581055,4.083333492279053,0.8529411764705882,0.778389041001598,10,0.68,0.14705882352941177
scene0189_03-scene0189_02,0,True,100,100,12,0.0,0.0,0.0,0.0,0.0,0.0,0,0.0,0.0
scene0189_03-scene0189_02,1,True,100,67,12,0.6666666865348816,0.5,3.25,1.75,0.7777777777777778,0.7037203758138895,8,0.36,0.2222222222222222
scene0189_03-scene0189_02,2,True,100,80,12,0.75,0.5,3.5,2.0,0.7804878048780488,0.6908776673674584,9,0.41,0.21951219512195122
scene0189_03-scene0189_02,3,True,100,98,12,0.75,0.6666666865348816,6.0,3.6666667461395264,0.8695652173913043,0.7248103216809572,9,0.69,0.13043478260869565
scene0189_03-scene0189_02,4,True,100,97,12,0.8333333730697632,0.5833333730697632,6.0,3.5,0.855072463768116,0.7454291221155371,10,0.69,0.14492753623188406
scene0189_03-scene0189_02,5,True,100,97,12,0.8333333730697632,0.6666666865348816,6.0,3.4166667461395264,0.8507462686567164,0.7035103033347034,10,0.67,0.14925373134328357
scene0189_03-scene0189_02,6,True,100,93,12,0.8333333730697632,0.5833333730697632,5.6666669845581055,3.4166667461395264,0.8461538461538461,0.7198981571629757,10,0.65,0.15384615384615385
scene0189_03-scene0189_02,7,True,100,98,12,0.8333333730697632,0.6666666865348816,6.1666669845581055,3.9166667461395264,0.8591549295774648,0.727378029665499,10,0.71,0.14084507042253522
scene0189_03-scene0189_02,8,True,100,97,12,0.8333333730697632,0.5833333730697632,6.1666669845581055,4.1666669845581055,0.8571428571428571,0.8113098870606938,10,0.7,0.14285714285714285
scene0189_03-scene0189_02,9,True,100,93,12,0.8333333730697632,0.6666666865348816,6.0,4.083333492279053,0.8529411764705882,0.7646668691020524,10,0.68,0.14705882352941177
scene0189_03-scene0189_02,10,True,100,91,12,0.75,0.5833333730697632,6.1666669845581055,3.75,0.8732394366197183,0.6746693498023667,9,0.71,0.1267605633802817
scene0189_03-scene0189_02,11,True,100,99,12,0.8333333730697632,0.6666666865348816,6.6666669845581055,4.583333492279053,0.8717948717948718,0.7135460356742068,10,0.78,0.1282051282051282
scene0189_03-scene0189_02,12,False,100,96,12,0.75,0.6666666865348816,6.1666669845581055,4.1666669845581055,0.8732394366197183,0.7622000676664439,9,0.71,0.1267605633802817
scene0199_00-scene0199_01,0,True,100,100,5,0.20000000298023224,0.20000000298023224,20.0,20.0,0.99,1.0,1,1.0,0.01
scene0199_00-scene0199_01,1,True,100,100,5,0.4000000059604645,0.4000000059604645,20.80000114440918,14.600000381469727,0.98,0.7826688317681876,2,1.0,0.02
scene0199_00-scene0199_01,2,True,100,91,5,1.0,0.800000011920929,20.0,8.40000057220459,0.9166666666666666,0.6489533695393871,5,0.6,0.08333333333333333
scene0199_00-scene0199_01,3,True,100,94,5,1.0,0.800000011920929,19.399999618530273,13.199999809265137,0.9358974358974359,0.700681797768676,5,0.78,0.0641025641025641
scene0199_00-scene0199_01,4,True,100,94,5,1.0,0.800000011920929,18.399999618530273,12.199999809265137,0.9324324324324325,0.7002903204587916,5,0.74,0.06756756756756757
scene0199_00-scene0199_01,5,True,100,96,5,1.0,0.800000011920929,19.600000381469727,14.199999809265137,0.9397590361445783,0.6907181519553246,5,0.83,0.060240963855421686
scene0199_00-scene0199_01,6,True,100,98,5,1.0,0.800000011920929,18.80000114440918,13.199999809265137,0.9411764705882353,0.7119104481817032,5,0.85,0.058823529411764705
scene0199_00-scene0199_01,7,True,100,96,5,1.0,1.0,15.0,7.400000095367432,0.9315068493150684,0.8138615147768103,5,0.73,0.0684931506849315
scene0199_00-scene0199_01,8,True,100,92,5,1.0,0.800000011920929,15.800000190734863,7.400000095367432,0.9342105263157895,0.7770630941145286,5,0.76,0.06578947368421052
scene0199_00-scene0199_01,9,True,100,98,5,1.0,0.800000011920929,17.80000114440918,9.40000057220459,0.9404761904761905,0.8030823972527888,5,0.84,0.05952380952380952
scene0199_00-scene0199_01,10,True,100,98,5,1.0,0.800000011920929,17.600000381469727,9.0,0.9397590361445783,0.8093798660589029,5,0.83,0.060240963855421686
scene0199_00-scene0199_01,11,True,100,93,5,1.0,0.800000011920929,16.399999618530273,6.800000190734863,0.935064935064935,0.807999915723491,5,0.77,0.06493506493506493
scene0199_00-scene0199_01,12,False,100,96,5,1.0,0.800000011920929,16.200000762939453,8.0,0.935064935064935,0.7565481816863369,5,0.77,0.06493506493506493
scene0199_01-scene0199_00,0,True,100,100,5,0.20000000298023224,0.20000000298023224,20.0,20.0,0.99,1.0,1,1.0,0.01
scene0199_01-scene0199_00,1,True,100,100,5,0.4000000059604645,0.4000000059604645,20.200000762939453,14.0,0.9797979797979798,0.7473427417391567,2,0.99,0.020202020202020204
scene0199_01-scene0199_00,2,True,100,65,5,1.0,0.800000011920929,19.80000114440918,5.800000190734863,0.9152542372881356,0.6858120322651645,5,0.59,0.0847457627118644
scene0199_01-scene0199_00,3,True,100,82,5,1.0,0.800000011920929,21.399999618530273,13.800000190734863,0.9367088607594937,0.7586319023290524,5,0.79,0.06329113924050633
scene0199_01-scene0199_00,4,True,100,94,5,1.0,0.800000011920929,20.80000114440918,15.800000190734863,0.9425287356321839,0.7907307844202973,5,0.87,0.05747126436781609
scene0199_01-scene0199_00,5,True,100,97,5,1.0,0.800000011920929,21.0,15.800000190734863,0.9431818181818182,0.7621024826271181,5,0.88,0.056818181818181816
scene0199_01-scene0199_00,6,True,100,98,5,1.0,0.800000011920929,19.600000381469727,16.0,0.9456521739130435,0.7792709678773628,5,0.92,0.05434782608695652
scene0199_01-scene0199_00,7,True,100,93,5,1.0,0.800000011920929,17.399999618530273,8.0,0.9397590361445783,0.6836057834172716,5,0.83,0.060240963855421686
scene0199_01-scene0199_00,8,True,100,97,5,1.0,0.800000011920929,17.600000381469727,10.199999809265137,0.9418604651162791,0.7253703735729623,5,0.86,0.05813953488372093
scene0199_01-scene0199_00,9,True,100,96,5,1.0,0.800000011920929,19.399999618530273,12.800000190734863,0.9444444444444444,0.7485954210336445,5,0.9,0.05555555555555555
scene0199_01-scene0199_00,10,True,100,97,5,1.0,0.800000011920929,19.399999618530273,12.40000057220459,0.9444444444444444,0.749112632554797,5,0.9,0.05555555555555555
scene0199_01-scene0199_00,11,True,100,92,5,1.0,0.800000011920929,16.80000114440918,9.600000381469727,0.9397590361445783,0.7437553039836613,5,0.83,0.060240963855421686
scene0199_01-scene0199_00,12,False,100,93,5,1.0,0.800000011920929,17.200000762939453,11.0,0.9404761904761905,0.8121815186357658,5,0.84,0.05952380952380952
scene0209_00-scene0209_01,0,True,100,100,15,0.0,0.0,0.0,0.0,0.0,0.0,0,0.0,0.0
scene0209_00-scene0209_01,1,True,100,84,15,0.8666667342185974,0.5333333611488342,4.400000095367432,1.4000000953674316,0.7857142857142857,0.4287789628317911,13,0.56,0.23214285714285715
scene0209_00-scene0209_01,2,True,100,87,15,0.8666667342185974,0.5333333611488342,4.333333492279053,2.4666666984558105,0.7868852459016393,0.6386043133542818,13,0.61,0.21311475409836064
scene0209_00-scene0209_01,3,True,100,86,15,0.8666667342185974,0.40000003576278687,4.800000190734863,1.2666667699813843,0.7931034482758621,0.5621547834016383,13,0.58,0.22413793103448276
scene0209_00-scene0209_01,4,True,100,93,15,0.9333333969116211,0.6000000238418579,5.000000476837158,1.8000000715255737,0.8,0.5875751978216263,14,0.65,0.2153846153846154
scene0209_00-scene0209_01,5,True,100,95,15,0.9333333969116211,0.7333333492279053,5.400000095367432,2.066666841506958,0.8,0.5770718162100701,14,0.7,0.2
scene0209_00-scene0209_01,6,True,100,93,15,0.8666667342185974,0.7333333492279053,5.000000476837158,2.133333444595337,0.8153846153846154,0.5441726369826599,13,0.65,0.2
scene0209_00-scene0209_01,7,True,100,88,15,0.9333333969116211,0.6666666865348816,5.200000286102295,1.4666666984558105,0.7704918032786885,0.5851681950131813,14,0.61,0.22950819672131148
scene0209_00-scene0209_01,8,True,100,95,15,0.9333333969116211,0.6666666865348816,5.600000381469727,1.8666667938232422,0.8142857142857143,0.6080109120096562,14,0.7,0.2
scene0209_00-scene0209_01,9,True,100,95,15,0.8666667342185974,0.6666666865348816,5.866666793823242,1.933333396911621,0.8194444444444444,0.5981474220521331,13,0.72,0.18055555555555555
scene0209_00-scene0209_01,10,True,100,93,15,0.9333333969116211,0.8000000715255737,5.933333873748779,2.3333334922790527,0.8194444444444444,0.6190020440534937,14,0.72,0.19444444444444445
scene0209_00-scene0209_01,11,True,100,88,15,0.9333333969116211,0.6666666865348816,5.133333683013916,1.2666667699813843,0.7833333333333333,0.6063139528754012,14,0.6,0.23333333333333334
scene0209_00-scene0209_01,12,False,100,94,15,0.9333333969116211,0.7333333492279053,5.733333587646484,2.0,0.8142857142857143,0.6171793015208096,14,0.7,0.2
scene0209_01-scene0209_00,0,True,100,100,15,0.0,0.0,0.0,0.0,0.0,0.0,0,0.0,0.0
scene0209_01-scene0209_00,1,True,100,100,15,0.06666667014360428,0.06666667014360428,6.6666669845581055,6.6666669845581055,0.99,1.0,1,1.0,0.01
scene0209_01-scene0209_00,2,True,100,78,15,0.20000001788139343,0.20000001788139343,2.266666889190674,0.8000000715255737,0.90625,0.5717822323329964,3,0.32,0.09375
scene0209_01-scene0209_00,3,True,100,76,15,0.5333333611488342,0.3333333432674408,5.533333778381348,2.066666841506958,0.9076923076923077,0.7564376707303734,8,0.65,0.12307692307692308
scene0209_01-scene0209_00,4,True,100,88,15,0.5333333611488342,0.40000003576278687,6.40000057220459,2.7333335876464844,0.9135802469135802,0.6362135291130336,8,0.81,0.09876543209876543
scene0209_01-scene0209_00,5,True,100,95,15,0.8666667342185974,0.3333333432674408,6.600000381469727,2.933333396911621,0.8809523809523809,0.6125037023444927,13,0.84,0.15476190476190477
scene0209_01-scene0209_00,6,True,100,88,15,0.8666667342185974,0.6000000238418579,5.933333873748779,2.6000001430511475,0.8378378378378378,0.6236589856587222,13,0.74,0.17567567567567569
scene0209_01-scene0209_00,7,True,100,86,15,0.9333333969116211,0.6000000238418579,6.000000476837158,1.933333396911621,0.8142857142857143,0.5733256557430247,14,0.7,0.2
scene0209_01-scene0209_00,8,True,100,92,15,0.8666667342185974,0.6000000238418579,6.133333683013916,2.133333444595337,0.8311688311688312,0.5446652871677488,13,0.77,0.16883116883116883
scene0209_01-scene0209_00,9,True,100,95,15,0.9333333969116211,0.6666666865348816,6.466667175292969,2.0,0.825,0.5690557159951899,14,0.8,0.175
scene0209_01-scene0209_00,10,True,100,92,15,0.9333333969116211,0.7333333492279053,6.066667079925537,2.0,0.8157894736842105,0.5479964027181268,14,0.76,0.18421052631578946
scene0209_01-scene0209_00,11,True,100,91,15,0.9333333969116211,0.6000000238418579,6.333333492279053,2.0,0.8157894736842105,0.5578123242890207,14,0.76,0.18421052631578946
scene0209_01-scene0209_00,12,False,100,95,15,0.9333333969116211,0.6666666865348816,6.000000476837158,2.4666666984558105,0.8227848101265823,0.5674207717930001,14,0.79,0.17721518987341772
scene0219_00-scene0219_02,0,True,100,100,10,0.10000000149011612,0.0,10.0,0.0,0.99,1.0,1,1.0,0.01
scene0219_00-scene0219_02,1,True,100,75,10,1.0,0.699999988079071,4.900000095367432,2.299999952316284,0.7872340425531915,0.5809294233348832,10,0.47,0.2127659574468085
scene0219_00-scene0219_02,2,True,100,70,10,1.0,0.699999988079071,4.800000190734863,2.200000047683716,0.7872340425531915,0.6213382637659318,10,0.47,0.2127659574468085
scene0219_00-scene0219_02,3,True,100,84,10,1.0,0.9000000357627869,7.5,3.4000000953674316,0.8571428571428571,0.5200499200627849,10,0.7,0.14285714285714285
scene0219_00-scene0219_02,4,True,100,92,10,1.0,0.9000000357627869,8.199999809265137,3.9000000953674316,0.8717948717948718,0.5126715193669437,10,0.78,0.1282051282051282
scene0219_00-scene0219_02,5,True,100,92,10,1.0,0.9000000357627869,8.0,4.099999904632568,0.8701298701298701,0.5395920222941077,10,0.77,0.12987012987012986
scene0219_00-scene0219_02,6,True,100,80,10,1.0,0.9000000357627869,6.099999904632568,3.1000001430511475,0.8305084745762712,0.5802593023032042,10,0.59,0.1694915254237288
scene0219_00-scene0219_02,7,True,100,87,10,1.0,0.9000000357627869,7.200000286102295,3.4000000953674316,0.855072463768116,0.5289501789526876,10,0.69,0.14492753623188406
scene0219_00-scene0219_02,8,True,100,91,10,1.0,0.800000011920929,8.100000381469727,4.0,0.8860759493670886,0.5592342727812843,10,0.79,0.12658227848101267
scene0219_00-scene0219_02,9,True,100,92,10,1.0,0.9000000357627869,7.900000095367432,4.200000286102295,0.8717948717948718,0.5316773609501662,10,0.78,0.1282051282051282
scene0219_00-scene0219_02,10,True,100,87,10,1.0,0.9000000357627869,7.0,3.5,0.855072463768116,0.499260586295956,10,0.69,0.14492753623188406
scene0219_00-scene0219_02,11,True,100,79,10,1.0,0.800000011920929,6.099999904632568,3.299999952316284,0.8305084745762712,0.5423470350538587,10,0.59,0.1694915254237288
scene0219_00-scene0219_02,12,False,100,93,10,1.0,0.9000000357627869,7.800000190734863,4.0,0.8666666666666667,0.5526077809165806,10,0.75,0.13333333333333333
scene0219_01-scene0219_03,0,True,100,100,10,0.20000000298023224,0.0,20.0,0.0,0.99,1.0,2,1.0,0.02
scene0219_01-scene0219_03,1,True,100,69,10,0.699999988079071,0.4000000059604645,4.099999904632568,1.7000000476837158,0.8205128205128205,0.5746602727070688,7,0.39,0.1794871794871795
scene0219_01-scene0219_03,2,True,100,64,10,0.9000000357627869,0.5,4.0,2.0,0.7631578947368421,0.6960469674771634,9,0.38,0.23684210526315788
scene0219_01-scene0219_03,3,True,100,91,10,1.0,0.699999988079071,7.599999904632568,3.799999952316284,0.8732394366197183,0.5894253291958381,10,0.71,0.14084507042253522
scene0219_01-scene0219_03,4,True,100,90,10,1.0,0.800000011920929,8.40000057220459,4.200000286102295,0.8888888888888888,0.5329940492978136,10,0.81,0.12345679012345678
scene0219_01-scene0219_03,5,True,100,92,10,1.0,0.800000011920929,8.5,4.5,0.8765432098765432,0.5260912681929627,10,0.81,0.12345679012345678
scene0219_01-scene0219_03,6,True,100,88,10,1.0,0.699999988079071,7.800000190734863,4.200000286102295,0.863013698630137,0.6100444629414526,10,0.73,0.136986301369863
scene0219_01-scene0219_03,7,True,100,89,10,1.0,0.6000000238418579,6.900000095367432,3.6000001430511475,0.8461538461538461,0.5761044404150163,10,0.65,0.15384615384615385
scene0219_01-scene0219_03,8,True,100,93,10,1.0,0.9000000357627869,8.300000190734863,4.200000286102295,0.8765432098765432,0.5624633338830501,10,0.81,0.12345679012345678
scene0219_01-scene0219_03,9,True,100,95,10,1.0,0.9000000357627869,8.699999809265137,4.0,0.8765432098765432,0.5546604985286873,10,0.81,0.12345679012345678
scene0219_01-scene0219_03,10,True,100,88,10,1.0,0.800000011920929,8.0,3.799999952316284,0.8648648648648649,0.5559739710424252,10,0.74,0.13513513513513514
scene0219_01-scene0219_03,11,True,100,89,10,1.0,0.699999988079071,7.200000286102295,3.6000001430511475,0.8714285714285714,0.5390069295469259,10,0.7,0.14285714285714285
scene0219_01-scene0219_03,12,False,100,92,10,1.0,0.800000011920929,8.40000057220459,3.700000047683716,0.8734177215189873,0.5234249438246159,10,0.79,0.12658227848101267
scene0219_02-scene0219_01,0,True,100,100,9,0.1111111119389534,0.0,11.111111640930176,0.0,0.99,1.0,1,1.0,0.01
scene0219_02-scene0219_01,1,True,100,68,9,1.0,0.6666666865348816,4.111111164093018,1.5555555820465088,0.7567567567567568,0.5103559211428677,9,0.37,0.24324324324324326
scene0219_02-scene0219_01,2,True,100,61,9,1.0,0.6666666865348816,4.777777671813965,1.888888955116272,0.7857142857142857,0.5050301776826381,9,0.42,0.21428571428571427
scene0219_02-scene0219_01,3,True,100,81,9,1.0,0.7777777910232544,8.0,2.8888888359069824,0.8656716417910447,0.4921287577391557,9,0.67,0.13432835820895522
scene0219_02-scene0219_01,4,True,100,90,9,1.0,0.8888888955116272,9.777777671813965,4.333333492279053,0.8941176470588236,0.5167674176686202,9,0.85,0.10588235294117647
scene0219_02-scene0219_01,5,True,100,90,9,1.0,0.8888888955116272,9.88888931274414,3.8888888359069824,0.8928571428571429,0.4858573166172858,9,0.84,0.10714285714285714
scene0219_02-scene0219_01,6,True,100,85,9,1.0,0.8888888955116272,7.44444465637207,2.8888888359069824,0.859375,0.5758555937791243,9,0.64,0.140625
scene0219_02-scene0219_01,7,True,100,89,9,1.0,0.7777777910232544,8.0,3.1111111640930176,0.8695652173913043,0.560106222341425,9,0.69,0.13043478260869565
scene0219_02-scene0219_01,8,True,100,95,9,1.0,0.8888888955116272,9.0,4.0,0.8846153846153846,0.5825223269429219,9,0.78,0.11538461538461539
scene0219_02-scene0219_01,9,True,100,93,9,1.0,0.8888888955116272,9.111111640930176,3.555555582046509,0.8860759493670886,0.5454690284821555,9,0.79,0.11392405063291139
scene0219_02-scene0219_01,10,True,100,87,9,1.0,0.7777777910232544,8.111111640930176,2.3333332538604736,0.875,0.5823319469716647,9,0.72,0.125
scene0219_02-scene0219_01,11,True,100,93,9,1.0,0.6666666865348816,8.222222328186035,2.777777910232544,0.875,0.5562071445040733,9,0.72,0.125
scene0219_02-scene0219_01,12,False,100,95,9,1.0,0.7777777910232544,9.111111640930176,3.222222328186035,0.8846153846153846,0.5593270248460087,9,0.78,0.11538461538461539
scene0219_03-scene0219_04,0,True,100,100,10,0.10000000149011612,0.10000000149011612,10.0,10.0,0.99,1.0,1,1.0,0.01
scene0219_03-scene0219_04,1,True,100,55,10,0.9000000357627869,0.6000000238418579,3.799999952316284,1.8000000715255737,0.7631578947368421,0.5796265810976347,9,0.38,0.23684210526315788
scene0219_03-scene0219_04,2,True,100,60,10,1.0,0.6000000238418579,3.700000047683716,1.5,0.7222222222222222,0.572430621056507,10,0.36,0.2777777777777778
scene0219_03-scene0219_04,3,True,100,85,10,1.0,0.9000000357627869,8.0,3.5,0.855072463768116,0.4985417337620893,10,0.69,0.14492753623188406
scene0219_03-scene0219_04,4,True,100,91,10,1.0,0.800000011920929,10.300000190734863,4.0,0.8837209302325582,0.5087243374681619,10,0.86,0.11627906976744186
scene0219_03-scene0219_04,5,True,100,89,10,1.0,0.9000000357627869,9.800000190734863,4.200000286102295,0.8875,0.5361745798503488,10,0.8,0.125
scene0219_03-scene0219_04,6,True,100,91,10,1.0,0.9000000357627869,8.600000381469727,4.0,0.875,0.5469496541785354,10,0.8,0.125
scene0219_03-scene0219_04,7,True,100,80,10,1.0,0.800000011920929,6.300000190734863,3.799999952316284,0.8333333333333334,0.6035733287197738,10,0.6,0.16666666666666666
scene0219_03-scene0219_04,8,True,100,93,10,1.0,0.9000000357627869,8.800000190734863,4.599999904632568,0.8902439024390244,0.5431305863751208,10,0.82,0.12195121951219512
scene0219_03-scene0219_04,9,True,100,97,10,1.0,0.9000000357627869,9.5,4.0,0.8888888888888888,0.5185475479089655,10,0.81,0.12345679012345678
scene0219_03-scene0219_04,10,True,100,91,10,1.0,0.9000000357627869,8.100000381469727,3.799999952316284,0.8666666666666667,0.5512104729442376,10,0.75,0.13333333333333333
scene0219_03-scene0219_04,11,True,100,91,10,1.0,0.800000011920929,7.900000095367432,4.300000190734863,0.8783783783783784,0.5577626291425524,10,0.74,0.13513513513513514
scene0219_03-scene0219_04,12,False,100,93,10,1.0,0.9000000357627869,8.90000057220459,4.5,0.8780487804878049,0.545085339548389,10,0.82,0.12195121951219512
scene0219_04-scene0219_00,0,True,100,100,10,0.10000000149011612,0.0,10.0,0.0,0.99,1.0,1,1.0,0.01
scene0219_04-scene0219_00,1,True,100,60,10,1.0,0.6000000238418579,4.300000190734863,2.0,0.75,0.5882861899102435,10,0.4,0.25
scene0219_04-scene0219_00,2,True,100,59,10,1.0,0.800000011920929,4.900000095367432,2.9000000953674316,0.7916666666666666,0.648168851301074,10,0.48,0.20833333333333334
scene0219_04-scene0219_00,3,True,100,90,10,1.0,0.9000000357627869,8.199999809265137,4.400000095367432,0.8591549295774648,0.5640676671898128,10,0.71,0.14084507042253522
scene0219_04-scene0219_00,4,True,100,89,10,1.0,0.9000000357627869,9.0,5.0,0.868421052631579,0.5710018005932216,10,0.76,0.13157894736842105
scene0219_04-scene0219_00,5,True,100,89,10,1.0,0.9000000357627869,8.5,4.400000095367432,0.8648648648648649,0.5469277258375634,10,0.74,0.13513513513513514
scene0219_04-scene0219_00,6,True,100,82,10,1.0,0.9000000357627869,6.400000095367432,3.9000000953674316,0.85,0.6201702127388368,10,0.6,0.16666666666666666
scene0219_04-scene0219_00,7,True,100,81,10,1.0,0.9000000357627869,7.0,5.0,0.8461538461538461,0.6568305383360437,10,0.65,0.15384615384615385
scene0219_04-scene0219_00,8,True,100,89,10,1.0,0.9000000357627869,8.5,5.0,0.8666666666666667,0.594912377830031,10,0.75,0.13333333333333333
scene0219_04-scene0219_00,9,True,100,89,10,1.0,0.9000000357627869,8.100000381469727,4.900000095367432,0.8591549295774648,0.5778106985906494,10,0.71,0.14084507042253522
scene0219_04-scene0219_00,10,True,100,82,10,1.0,0.699999988079071,7.300000190734863,4.200000286102295,0.8676470588235294,0.6113796830526147,10,0.68,0.14705882352941177
scene0219_04-scene0219_00,11,True,100,85,10,1.0,0.9000000357627869,7.700000286102295,5.200000286102295,0.8611111111111112,0.6521988674114316,10,0.72,0.1388888888888889
scene0219_04-scene0219_00,12,False,100,93,10,1.0,0.800000011920929,9.100000381469727,5.300000190734863,0.8765432098765432,0.6255061292334607,10,0.81,0.12345679012345678
scene0249_00-scene0249_03,0,True,100,100,7,0.1428571492433548,0.0,14.285715103149414,0.0,0.99,1.0,1,1.0,0.01
scene0249_00-scene0249_03,1,True,100,78,7,1.0,0.8571429252624512,9.285715103149414,4.714285850524902,0.8679245283018868,0.6541388916336136,7,0.53,0.1320754716981132
scene0249_00-scene0249_03,2,True,100,93,7,1.0,0.8571429252624512,9.85714340209961,6.5714287757873535,0.8870967741935484,0.7107154820173506,7,0.62,0.11290322580645161
scene0249_00-scene0249_03,3,True,100,96,7,1.0,0.8571429252624512,11.000000953674316,6.5714287757873535,0.8939393939393939,0.6923984502616967,7,0.66,0.10606060606060606
scene0249_00-scene0249_03,4,True,100,97,7,1.0,0.8571429252624512,9.285715103149414,6.142857551574707,0.8813559322033898,0.6996159515627205,7,0.59,0.11864406779661017
scene0249_00-scene0249_03,5,True,100,98,7,1.0,0.8571429252624512,9.571429252624512,6.285714626312256,0.8870967741935484,0.7037589056517488,7,0.62,0.11290322580645161
scene0249_00-scene0249_03,6,True,100,98,7,1.0,0.8571429252624512,10.428571701049805,7.285714626312256,0.8970588235294118,0.7698673696406299,7,0.68,0.10294117647058823
scene0249_00-scene0249_03,7,True,100,99,7,1.0,0.8571429252624512,10.428571701049805,8.428571701049805,0.8985507246376812,0.7332810947531565,7,0.69,0.10144927536231885
scene0249_00-scene0249_03,8,True,100,99,7,1.0,0.8571429252624512,9.571429252624512,7.428571701049805,0.890625,0.7203326759487391,7,0.64,0.109375
scene0249_00-scene0249_03,9,True,100,97,7,1.0,0.8571429252624512,10.85714340209961,8.142857551574707,0.8985507246376812,0.7156679671386192,7,0.69,0.10144927536231885
scene0249_00-scene0249_03,10,True,100,99,7,1.0,0.8571429252624512,10.714285850524902,8.0,0.8985507246376812,0.8082106841495879,7,0.69,0.10144927536231885
scene0249_00-scene0249_03,11,True,100,99,7,1.0,0.8571429252624512,11.285715103149414,8.285715103149414,0.9,0.794010590565832,7,0.7,0.1
scene0249_00-scene0249_03,12,False,100,100,7,1.0,0.8571429252624512,10.285715103149414,7.285714626312256,0.8955223880597015,0.7459240780021488,7,0.67,0.1044776119402985
scene0249_01-scene0249_02,0,True,100,100,6,0.0,0.0,0.0,0.0,0.0,0.0,0,0.0,0.0
scene0249_01-scene0249_02,1,True,100,80,6,0.8333333730697632,0.8333333730697632,8.833333969116211,6.5,0.8979591836734694,0.6800940748663044,5,0.49,0.10204081632653061
scene0249_01-scene0249_02,2,True,100,80,6,1.0,0.8333333730697632,6.333333492279053,4.5,0.8648648648648649,0.6737651801267207,6,0.37,0.16216216216216217
scene0249_01-scene0249_02,3,True,100,90,6,1.0,0.8333333730697632,9.0,6.0,0.8823529411764706,0.6653497685098934,6,0.51,0.11764705882352941
scene0249_01-scene0249_02,4,True,100,91,6,1.0,1.0,9.833333969116211,7.1666669845581055,0.896551724137931,0.5581938723932093,6,0.58,0.10344827586206896
scene0249_01-scene0249_02,5,True,100,89,6,1.0,1.0,10.166666984558105,6.833333492279053,0.8947368421052632,0.5254067479293605,6,0.57,0.10526315789473684
scene0249_01-scene0249_02,6,True,100,90,6,1.0,1.0,9.666666984558105,7.0,0.8947368421052632,0.561199062308597,6,0.57,0.10526315789473684
scene0249_01-scene0249_02,7,True,100,97,6,1.0,1.0,9.333333969116211,6.6666669845581055,0.8909090909090909,0.5728592923871033,6,0.55,0.10909090909090909
scene0249_01-scene0249_02,8,True,100,97,6,1.0,1.0,10.0,5.6666669845581055,0.8983050847457628,0.5025947793215743,6,0.59,0.1016949152542373
scene0249_01-scene0249_02,9,True,100,98,6,1.0,1.0,10.166666984558105,5.833333492279053,0.9,0.5121474316756977,6,0.6,0.1
scene0249_01-scene0249_02,10,True,100,97,6,1.0,1.0,10.0,6.6666669845581055,0.896551724137931,0.5619105036046836,6,0.58,0.10344827586206896
scene0249_01-scene0249_02,11,True,100,96,6,1.0,0.8333333730697632,9.166666984558105,6.833333492279053,0.8909090909090909,0.5778316309554206,6,0.55,0.10909090909090909
scene0249_01-scene0249_02,12,False,100,97,6,1.0,1.0,9.833333969116211,6.333333492279053,0.8983050847457628,0.50792148273465,6,0.59,0.1016949152542373
scene0249_02-scene0249_00,0,True,100,100,7,0.1428571492433548,0.0,14.285715103149414,0.0,0.99,1.0,1,1.0,0.01
scene0249_02-scene0249_00,1,True,100,88,7,1.0,1.0,7.857143402099609,4.142857551574707,0.8478260869565217,0.5991819321719649,7,0.46,0.15217391304347827
scene0249_02-scene0249_00,2,True,100,99,7,1.0,1.0,12.000000953674316,5.5714287757873535,0.890625,0.5639964179324277,7,0.64,0.109375
scene0249_02-scene0249_00,3,True,100,99,7,1.0,0.8571429252624512,10.85714340209961,5.857142925262451,0.9047619047619048,0.5545623981232464,7,0.63,0.1111111111111111
scene0249_02-scene0249_00,4,True,100,100,7,1.0,1.0,10.714285850524902,5.142857551574707,0.8923076923076924,0.4585687276858979,7,0.65,0.1076923076923077
scene0249_02-scene0249_00,5,True,100,99,7,1.0,1.0,10.142857551574707,6.000000476837158,0.8852459016393442,0.5432441796966639,7,0.61,0.11475409836065574
scene0249_02-scene0249_00,6,True,100,98,7,1.0,1.0,10.571429252624512,5.714285850524902,0.890625,0.517060176333717,7,0.64,0.109375
scene0249_02-scene0249_00,7,True,100,100,7,1.0,1.0,9.714285850524902,6.000000476837158,0.8870967741935484,0.5476596305246121,7,0.62,0.11290322580645161
scene0249_02-scene0249_00,8,True,100,100,7,1.0,1.0,10.142857551574707,7.142857551574707,0.8939393939393939,0.5689101600632667,7,0.66,0.10606060606060606
scene0249_02-scene0249_00,9,True,100,100,7,1.0,1.0,10.428571701049805,6.285714626312256,0.8939393939393939,0.560484270316374,7,0.66,0.10606060606060606
scene0249_02-scene0249_00,10,True,100,100,7,1.0,1.0,11.142857551574707,6.5714287757873535,0.8955223880597015,0.5729206184323337,7,0.67,0.1044776119402985
scene0249_02-scene0249_00,11,True,100,99,7,1.0,1.0,10.142857551574707,6.000000476837158,0.8888888888888888,0.5651010444724105,7,0.63,0.1111111111111111
scene0249_02-scene0249_00,12,False,100,100,7,1.0,1.0,9.714285850524902,7.000000476837158,0.8852459016393442,0.5891031350474805,7,0.61,0.11475409836065574
scene0249_03-scene0249_01,0,True,100,100,6,0.0,0.0,0.0,0.0,0.0,0.0,0,0.0,0.0
scene0249_03-scene0249_01,1,True,100,91,6,1.0,0.8333333730697632,6.6666669845581055,4.5,0.8285714285714286,0.6400258171407482,6,0.35,0.17142857142857143
scene0249_03-scene0249_01,2,True,100,98,6,1.0,0.8333333730697632,8.0,6.833333492279053,0.8809523809523809,0.8218594731868438,6,0.42,0.14285714285714285
scene0249_03-scene0249_01,3,True,100,98,6,1.0,1.0,9.666666984558105,8.5,0.8888888888888888,0.8242331507684882,6,0.54,0.1111111111111111
scene0249_03-scene0249_01,4,True,100,95,6,1.0,1.0,9.5,8.666666984558105,0.8888888888888888,0.8664693549141154,6,0.54,0.1111111111111111
scene0249_03-scene0249_01,5,True,100,93,6,1.0,1.0,9.333333969116211,8.333333969116211,0.8888888888888888,0.793190901544359,6,0.54,0.1111111111111111
scene0249_03-scene0249_01,6,True,100,89,6,1.0,1.0,8.5,7.333333492279053,0.8695652173913043,0.8045447106249848,6,0.46,0.13043478260869565
scene0249_03-scene0249_01,7,True,100,98,6,1.0,1.0,10.5,8.5,0.8909090909090909,0.81377208340168,6,0.55,0.10909090909090909
scene0249_03-scene0249_01,8,True,100,100,6,1.0,1.0,10.166666984558105,8.833333969116211,0.8928571428571429,0.8422401428458248,6,0.56,0.10714285714285714
scene0249_03-scene0249_01,9,True,100,99,6,1.0,1.0,9.833333969116211,8.833333969116211,0.8909090909090909,0.809236651683951,6,0.55,0.10909090909090909
scene0249_03-scene0249_01,10,True,100,95,6,1.0,1.0,9.0,8.5,0.8846153846153846,0.8500669962536972,6,0.52,0.11538461538461539
scene0249_03-scene0249_01,11,True,100,96,6,1.0,1.0,9.833333969116211,8.0,0.8846153846153846,0.8260692429105077,6,0.52,0.11538461538461539
scene0249_03-scene0249_01,12,False,100,96,6,1.0,1.0,9.833333969116211,8.666666984558105,0.8909090909090909,0.8498260343416792,6,0.55,0.10909090909090909
scene0259_00-scene0259_02,0,True,100,100,4,0.25,0.0,25.0,0.0,0.99,1.0,1,1.0,0.01
scene0259_00-scene0259_02,1,True,100,68,4,1.0,1.0,10.25,8.25,0.8974358974358975,0.6191018938035187,4,0.39,0.10256410256410256
scene0259_00-scene0259_02,2,True,100,64,4,1.0,1.0,11.5,9.25,0.9111111111111111,0.7234463663081104,4,0.45,0.08888888888888889
scene0259_00-scene0259_02,3,True,100,87,4,1.0,1.0,19.75,16.0,0.9444444444444444,0.769021506495389,4,0.72,0.05555555555555555
scene0259_00-scene0259_02,4,True,100,90,4,1.0,1.0,18.75,17.25,0.9444444444444444,0.8447264815253127,4,0.72,0.05555555555555555
scene0259_00-scene0259_02,5,True,100,90,4,1.0,1.0,19.5,18.0,0.9459459459459459,0.841763723388459,4,0.74,0.05405405405405406
scene0259_00-scene0259_02,6,True,100,88,4,1.0,1.0,19.0,17.25,0.9452054794520548,0.8022776330448687,4,0.73,0.0547945205479452
scene0259_00-scene0259_02,7,True,100,94,4,1.0,1.0,19.75,18.0,0.9473684210526315,0.8146097652874752,4,0.76,0.05263157894736842
scene0259_00-scene0259_02,8,True,100,94,4,1.0,1.0,19.75,19.25,0.9487179487179487,0.8772525938848654,4,0.78,0.05128205128205128
scene0259_00-scene0259_02,9,True,100,94,4,1.0,1.0,21.75,19.0,0.9487179487179487,0.8069126694960501,4,0.78,0.05128205128205128
scene0259_00-scene0259_02,10,True,100,93,4,1.0,1.0,19.25,17.75,0.9466666666666667,0.812897966379196,4,0.75,0.05333333333333334
scene0259_00-scene0259_02,11,True,100,96,4,1.0,1.0,21.75,18.5,0.9487179487179487,0.8345191523542032,4,0.78,0.05128205128205128
scene0259_00-scene0259_02,12,False,100,95,4,1.0,1.0,20.0,19.5,0.9493670886075949,0.9017390880170852,4,0.79,0.05063291139240506
scene0259_01-scene0259_00,0,True,100,100,4,0.5,0.0,50.0,0.0,0.99,1.0,2,1.0,0.02
scene0259_01-scene0259_00,1,True,100,65,4,1.0,1.0,10.5,7.5,0.9024390243902439,0.6721450361423195,4,0.41,0.0975609756097561
scene0259_01-scene0259_00,2,True,100,61,4,1.0,1.0,10.75,8.5,0.9069767441860465,0.7890670329037279,4,0.43,0.09302325581395349
scene0259_01-scene0259_00,3,True,100,87,4,1.0,1.0,19.5,13.0,0.9420289855072463,0.7383056638951964,4,0.69,0.057971014492753624
scene0259_01-scene0259_00,4,True,100,89,4,1.0,1.0,17.0,13.75,0.9393939393939394,0.8263688786540312,4,0.66,0.06060606060606061
scene0259_01-scene0259_00,5,True,100,87,4,1.0,1.0,15.0,13.5,0.9333333333333333,0.8917797442151711,4,0.6,0.06666666666666667
scene0259_01-scene0259_00,6,True,100,89,4,1.0,1.0,15.0,13.5,0.9333333333333333,0.8344285934748401,4,0.6,0.06666666666666667
scene0259_01-scene0259_00,7,True,100,93,4,1.0,1.0,17.25,12.5,0.9411764705882353,0.7460919601984547,4,0.68,0.058823529411764705
scene0259_01-scene0259_00,8,True,100,93,4,1.0,1.0,20.25,10.5,0.9402985074626866,0.703105021775461,4,0.67,0.05970149253731343
scene0259_01-scene0259_00,9,True,100,93,4,1.0,1.0,17.75,14.5,0.9436619718309859,0.7974127613538783,4,0.71,0.056338028169014086
scene0259_01-scene0259_00,10,True,100,89,4,1.0,1.0,16.0,14.0,0.9365079365079365,0.8014982124698944,4,0.63,0.06349206349206349
scene0259_01-scene0259_00,11,True,100,93,4,1.0,1.0,17.0,13.25,0.9393939393939394,0.7648092321458724,4,0.66,0.06060606060606061
scene0259_01-scene0259_00,12,False,100,94,4,1.0,1.0,17.25,11.0,0.9365079365079365,0.682715546957972,4,0.63,0.06349206349206349
scene0259_02-scene0259_01,0,True,100,100,4,0.25,0.0,25.0,0.0,0.99,1.0,1,1.0,0.01
scene0259_02-scene0259_01,1,True,100,63,4,1.0,1.0,7.5,5.25,0.8518518518518519,0.6336848115109391,4,0.27,0.14814814814814814
scene0259_02-scene0259_01,2,True,100,84,4,1.0,1.0,13.0,9.75,0.92,0.6257533703942427,4,0.5,0.08
scene0259_02-scene0259_01,3,True,100,96,4,1.0,1.0,17.0,9.75,0.9310344827586207,0.501477663598568,4,0.58,0.06896551724137931
scene0259_02-scene0259_01,4,True,100,94,4,1.0,1.0,12.5,10.75,0.92,0.732465598623553,4,0.5,0.08
scene0259_02-scene0259_01,5,True,100,93,4,1.0,1.0,14.75,10.75,0.9215686274509803,0.6333926403770158,4,0.51,0.0784313725490196
scene0259_02-scene0259_01,6,True,100,92,4,1.0,1.0,16.0,12.0,0.9259259259259259,0.6859232987837353,4,0.54,0.07407407407407407
scene0259_02-scene0259_01,7,True,100,99,4,1.0,1.0,16.25,12.75,0.9333333333333333,0.5859955635089013,4,0.6,0.06666666666666667
scene0259_02-scene0259_01,8,True,100,95,4,1.0,1.0,14.5,12.25,0.9310344827586207,0.6615391213878886,4,0.58,0.06896551724137931
scene0259_02-scene0259_01,9,True,100,99,4,1.0,1.0,16.0,11.75,0.9298245614035088,0.6559594313105694,4,0.57,0.07017543859649122
scene0259_02-scene0259_01,10,True,100,94,4,1.0,1.0,15.75,12.0,0.9285714285714286,0.7049331485300172,4,0.56,0.07142857142857142
scene0259_02-scene0259_01,11,True,100,99,4,1.0,1.0,16.5,12.25,0.9333333333333333,0.5958269304061956,4,0.6,0.06666666666666667
scene0259_02-scene0259_01,12,False,100,96,4,1.0,1.0,15.25,12.25,0.9322033898305084,0.7029190786200008,4,0.59,0.06779661016949153
scene0269_00-scene0269_02,0,True,100,100,5,0.20000000298023224,0.20000000298023224,20.0,20.0,0.99,1.0,1,1.0,0.01
scene0269_00-scene0269_02,1,True,100,81,5,1.0,0.800000011920929,9.600000381469727,6.800000190734863,0.8913043478260869,0.6498383295013389,5,0.46,0.10869565217391304
scene0269_00-scene0269_02,2,True,100,67,5,1.0,1.0,9.600000381469727,5.599999904632568,0.8837209302325582,0.6751729239310537,5,0.43,0.11627906976744186
scene0269_00-scene0269_02,3,True,100,68,5,1.0,1.0,8.199999809265137,6.200000286102295,0.8611111111111112,0.6770553385351328,5,0.36,0.1388888888888889
scene0269_00-scene0269_02,4,True,100,80,5,1.0,1.0,9.199999809265137,7.400000095367432,0.8888888888888888,0.6399335446742063,5,0.45,0.1111111111111111
scene0269_00-scene0269_02,5,True,100,87,5,1.0,1.0,10.0,7.400000095367432,0.8979591836734694,0.6907525283261007,5,0.49,0.10204081632653061
scene0269_00-scene0269_02,6,True,100,85,5,1.0,1.0,9.199999809265137,7.200000286102295,0.8809523809523809,0.7752356040616368,5,0.42,0.11904761904761904
scene0269_00-scene0269_02,7,True,100,80,5,1.0,1.0,9.600000381469727,7.0,0.8837209302325582,0.6713335796239528,5,0.43,0.11627906976744186
scene0269_00-scene0269_02,8,True,100,90,5,1.0,1.0,10.600000381469727,9.0,0.9038461538461539,0.7185118780739006,5,0.52,0.09615384615384616
scene0269_00-scene0269_02,9,True,100,89,5,1.0,1.0,11.0,8.600000381469727,0.9074074074074074,0.715097172606376,5,0.54,0.09259259259259259
scene0269_00-scene0269_02,10,True,100,89,5,1.0,1.0,10.0,8.800000190734863,0.8958333333333334,0.8737710126136479,5,0.48,0.10416666666666667
scene0269_00-scene0269_02,11,True,100,87,5,1.0,1.0,11.0,9.40000057220459,0.9056603773584906,0.7771098406360037,5,0.53,0.09433962264150944
scene0269_00-scene0269_02,12,False,100,91,5,1.0,1.0,11.40000057220459,10.0,0.9090909090909091,0.8200302510211865,5,0.55,0.09090909090909091
scene0269_01-scene0269_03,0,True,100,100,5,0.20000000298023224,0.20000000298023224,20.0,20.0,0.99,1.0,1,1.0,0.01
scene0269_01-scene0269_03,1,True,100,82,5,1.0,1.0,11.40000057220459,8.199999809265137,0.9019607843137255,0.6741493756848352,5,0.51,0.09803921568627451
scene0269_01-scene0269_03,2,True,100,87,5,1.0,1.0,10.600000381469727,8.40000057220459,0.9,0.6855192515850067,5,0.5,0.1
scene0269_01-scene0269_03,3,True,100,80,5,1.0,1.0,8.600000381469727,6.800000190734863,0.8780487804878049,0.6957987853370252,5,0.41,0.12195121951219512
scene0269_01-scene0269_03,4,True,100,88,5,1.0,1.0,11.199999809265137,8.800000190734863,0.9107142857142857,0.5870510268640721,5,0.56,0.08928571428571429
scene0269_01-scene0269_03,5,True,100,88,5,1.0,1.0,11.800000190734863,9.0,0.9137931034482759,0.6113384931240485,5,0.58,0.08620689655172414
scene0269_01-scene0269_03,6,True,100,86,5,1.0,1.0,10.800000190734863,7.400000095367432,0.9056603773584906,0.587046427956974,5,0.53,0.09433962264150944
scene0269_01-scene0269_03,7,True,100,86,5,1.0,1.0,11.0,8.199999809265137,0.9056603773584906,0.6494196507576829,5,0.53,0.09433962264150944
scene0269_01-scene0269_03,8,True,100,92,5,1.0,1.0,11.600000381469727,9.600000381469727,0.9137931034482759,0.6596445914856927,5,0.58,0.08620689655172414
scene0269_01-scene0269_03,9,True,100,93,5,1.0,1.0,13.0,10.199999809265137,0.921875,0.656595351640135,5,0.64,0.078125
scene0269_01-scene0269_03,10,True,100,91,5,1.0,1.0,13.0,9.40000057220459,0.9206349206349206,0.6197821369517083,5,0.63,0.07936507936507936
scene0269_01-scene0269_03,11,True,100,95,5,1.0,1.0,13.0,9.600000381469727,0.9166666666666666,0.6454857513638421,5,0.6,0.08333333333333333
scene0269_01-scene0269_03,12,False,100,94,5,1.0,1.0,13.40000057220459,10.40000057220459,0.9230769230769231,0.6459445829639475,5,0.65,0.07692307692307693
scene0269_02-scene0269_01,0,True,100,100,5,0.20000000298023224,0.20000000298023224,20.0,20.0,0.99,1.0,1,1.0,0.01
scene0269_02-scene0269_01,1,True,100,81,5,1.0,0.800000011920929,10.800000190734863,7.400000095367432,0.9019607843137255,0.6270300638771826,5,0.51,0.09803921568627451
scene0269_02-scene0269_01,2,True,100,77,5,1.0,1.0,9.800000190734863,6.800000190734863,0.8958333333333334,0.6879766531940978,5,0.48,0.10416666666666667
scene0269_02-scene0269_01,3,True,100,75,5,1.0,1.0,10.199999809265137,7.800000190734863,0.8979591836734694,0.6553570578362425,5,0.49,0.10204081632653061
scene0269_02-scene0269_01,4,True,100,89,5,1.0,1.0,10.600000381469727,8.0,0.9019607843137255,0.6510516002123791,5,0.51,0.09803921568627451
scene0269_02-scene0269_01,5,True,100,92,5,1.0,1.0,11.199999809265137,8.600000381469727,0.9056603773584906,0.6402453617776854,5,0.53,0.09433962264150944
scene0269_02-scene0269_01,6,True,100,86,5,1.0,1.0,9.800000190734863,7.599999904632568,0.8979591836734694,0.7189594908543911,5,0.49,0.10204081632653061
scene0269_02-scene0269_01,7,True,100,88,5,1.0,1.0,11.199999809265137,8.0,0.9038461538461539,0.6839228032278442,5,0.52,0.09615384615384616
scene0269_02-scene0269_01,8,True,100,98,5,1.0,1.0,13.40000057220459,10.0,0.9206349206349206,0.6808953692488915,5,0.63,0.07936507936507936
scene0269_02-scene0269_01,9,True,100,96,5,1.0,1.0,13.800000190734863,10.0,0.9206349206349206,0.6575553827944237,5,0.63,0.07936507936507936
scene0269_02-scene0269_01,10,True,100,93,5,1.0,1.0,11.800000190734863,9.199999809265137,0.9107142857142857,0.6938116276194736,5,0.56,0.08928571428571429
scene0269_02-scene0269_01,11,True,100,91,5,1.0,1.0,14.199999809265137,9.0,0.9230769230769231,0.5672991943878709,5,0.65,0.07692307692307693
scene0269_02-scene0269_01,12,False,100,96,5,1.0,1.0,13.199999809265137,9.800000190734863,0.9206349206349206,0.6950861925606102,5,0.63,0.07936507936507936
scene0269_03-scene0269_00,0,True,100,100,5,0.20000000298023224,0.20000000298023224,20.0,20.0,0.99,1.0,1,1.0,0.01
scene0269_03-scene0269_00,1,True,100,75,5,1.0,0.800000011920929,8.199999809265137,4.599999904632568,0.868421052631579,0.5771727744307551,5,0.38,0.13157894736842105
scene0269_03-scene0269_00,2,True,100,65,5,1.0,1.0,7.0,5.0,0.8529411764705882,0.6850247841293566,5,0.34,0.14705882352941177
scene0269_03-scene0269_00,3,True,100,72,5,1.0,1.0,8.800000190734863,7.0,0.8837209302325582,0.670132062849727,5,0.43,0.11627906976744186
scene0269_03-scene0269_00,4,True,100,88,5,1.0,1.0,10.199999809265137,8.0,0.9,0.7191689074860783,5,0.5,0.1
scene0269_03-scene0269_00,5,True,100,86,5,1.0,1.0,12.0,9.800000190734863,0.9137931034482759,0.7596517822514939,5,0.58,0.08620689655172414
scene0269_03-scene0269_00,6,True,100,90,5,1.0,1.0,9.800000190734863,8.40000057220459,0.8958333333333334,0.8026957643770538,5,0.48,0.10416666666666667
scene0269_03-scene0269_00,7,True,100,87,5,1.0,1.0,11.40000057220459,8.0,0.9090909090909091,0.6313543902741651,5,0.55,0.09090909090909091
scene0269_03-scene0269_00,8,True,100,92,5,1.0,1.0,11.199999809265137,9.600000381469727,0.9090909090909091,0.7232989634857077,5,0.55,0.09090909090909091
scene0269_03-scene0269_00,9,True,100,93,5,1.0,1.0,11.800000190734863,10.199999809265137,0.9137931034482759,0.7035990454777395,5,0.58,0.08620689655172414
scene0269_03-scene0269_00,10,True,100,86,5,1.0,1.0,9.800000190734863,8.600000381469727,0.8979591836734694,0.7268659076283849,5,0.49,0.10204081632653061
scene0269_03-scene0269_00,11,True,100,85,5,1.0,1.0,11.0,9.600000381469727,0.9056603773584906,0.7473500818527978,5,0.53,0.09433962264150944
scene0269_03-scene0269_00,12,False,100,93,5,1.0,1.0,12.199999809265137,10.800000190734863,0.9152542372881356,0.7590394484927286,5,0.59,0.0847457627118644
scene0279_00-scene0279_01,0,True,100,100,14,0.0714285746216774,0.0,7.142857551574707,0.0,0.99,1.0,1,1.0,0.01
scene0279_00-scene0279_01,1,True,100,99,14,0.4285714626312256,0.1428571492433548,4.785714626312256,1.1428571939468384,0.9245283018867925,0.702403754607225,6,0.53,0.11320754716981132
scene0279_00-scene0279_01,2,True,100,68,14,0.5714285969734192,0.2142857313156128,3.500000238418579,0.3571428656578064,0.7777777777777778,0.7561309703142028,8,0.36,0.2222222222222222
scene0279_00-scene0279_01,3,True,100,73,14,0.6428571939468384,0.4285714626312256,4.5714287757873535,1.2142857313156128,0.8490566037735849,0.6253847276683345,9,0.53,0.16981132075471697
scene0279_00-scene0279_01,4,True,100,80,14,0.6428571939468384,0.3571428656578064,5.285714626312256,1.5000001192092896,0.85,0.5319855620929911,9,0.6,0.15
scene0279_00-scene0279_01,5,True,100,82,14,0.7142857313156128,0.4285714626312256,4.785714626312256,1.7857143878936768,0.8214285714285714,0.5560009925790159,10,0.56,0.17857142857142858
scene0279_00-scene0279_01,6,True,100,85,14,0.7142857313156128,0.2857142984867096,4.5,1.571428656578064,0.8333333333333334,0.5161595782859743,10,0.54,0.18518518518518517
scene0279_00-scene0279_01,7,True,100,85,14,0.6428571939468384,0.3571428656578064,4.285714626312256,1.6428571939468384,0.8571428571428571,0.5109294442146515,9,0.56,0.16071428571428573
scene0279_00-scene0279_01,8,True,100,89,14,0.7142857313156128,0.3571428656578064,5.142857551574707,2.0714287757873535,0.84375,0.5134296579292624,10,0.64,0.15625
scene0279_00-scene0279_01,9,True,100,92,14,0.6428571939468384,0.4285714626312256,5.142857551574707,2.2857143878936768,0.875,0.5079658106312619,9,0.64,0.140625
scene0279_00-scene0279_01,10,True,100,93,14,0.6428571939468384,0.4285714626312256,4.5714287757873535,2.0714287757873535,0.8620689655172413,0.570011682016447,9,0.58,0.15517241379310345
scene0279_00-scene0279_01,11,True,100,88,14,0.7142857313156128,0.3571428656578064,4.214285850524902,1.8571429252624512,0.8363636363636363,0.5946935590821399,10,0.55,0.18181818181818182
scene0279_00-scene0279_01,12,False,100,92,14,0.7142857313156128,0.4285714626312256,4.5714287757873535,2.0,0.85,0.55510083007904,10,0.6,0.16666666666666666
scene0279_01-scene0279_00,0,True,100,100,14,0.0,0.0,0.0,0.0,0.0,0.0,0,0.0,0.0
scene0279_01-scene0279_00,1,True,100,91,14,0.4285714626312256,0.1428571492433548,5.285714626312256,1.071428656578064,0.927536231884058,0.6811746901664577,6,0.69,0.08695652173913043
scene0279_01-scene0279_00,2,True,100,63,14,0.5,0.2857142984867096,3.500000238418579,1.2142857313156128,0.8604651162790697,0.48127104599620696,7,0.43,0.16279069767441862
scene0279_01-scene0279_00,3,True,100,61,14,0.5714285969734192,0.3571428656578064,3.5714287757873535,1.2142857313156128,0.8444444444444444,0.4423667552166719,8,0.45,0.17777777777777778
scene0279_01-scene0279_00,4,True,100,77,14,0.5714285969734192,0.4285714626312256,4.785714626312256,1.8571429252624512,0.8709677419354839,0.4771667949574586,8,0.62,0.12903225806451613
scene0279_01-scene0279_00,5,True,100,76,14,0.6428571939468384,0.3571428656578064,4.428571701049805,1.8571429252624512,0.8392857142857143,0.45294017019704536,9,0.56,0.16071428571428573
scene0279_01-scene0279_00,6,True,100,82,14,0.6428571939468384,0.3571428656578064,4.142857551574707,1.7142858505249023,0.8727272727272727,0.48960620974816504,9,0.55,0.16363636363636364
scene0279_01-scene0279_00,7,True,100,71,14,0.6428571939468384,0.4285714626312256,3.000000238418579,1.6428571939468384,0.7857142857142857,0.5987380853193438,9,0.42,0.21428571428571427
scene0279_01-scene0279_00,8,True,100,87,14,0.6428571939468384,0.4285714626312256,4.357142925262451,1.9285714626312256,0.8448275862068966,0.470657516849394,9,0.58,0.15517241379310345
scene0279_01-scene0279_00,9,True,100,91,14,0.7142857313156128,0.4285714626312256,4.857142925262451,2.142857313156128,0.84375,0.46744541092180913,10,0.64,0.15625
scene0279_01-scene0279_00,10,True,100,88,14,0.5714285969734192,0.4285714626312256,4.428571701049805,2.2142858505249023,0.8709677419354839,0.49275948081057774,8,0.62,0.12903225806451613
scene0279_01-scene0279_00,11,True,100,84,14,0.6428571939468384,0.5,3.642857313156128,2.0,0.8235294117647058,0.5574732764835724,9,0.51,0.17647058823529413
scene0279_01-scene0279_00,12,False,100,86,14,0.7142857313156128,0.5,4.714285850524902,1.9285714626312256,0.8387096774193549,0.4448161647981568,10,0.62,0.16129032258064516
scene0289_00-scene0289_02,0,True,100,100,23,0.043478261679410934,0.043478261679410934,4.34782600402832,4.34782600402832,0.99,1.0,1,1.0,0.01
scene0289_00-scene0289_02,1,True,100,98,23,0.8260869979858398,0.5652173757553101,4.34782600402832,1.39130437374115,0.7901234567901234,0.5119922531753349,19,0.81,0.2345679012345679
scene0289_00-scene0289_02,2,True,100,99,23,0.8260869979858398,0.6086956858634949,4.043478488922119,1.8260869979858398,0.7857142857142857,0.4966275733812446,19,0.84,0.2261904761904762
scene0289_00-scene0289_02,3,True,100,98,23,0.8260869979858398,0.695652186870575,3.6956522464752197,1.95652174949646,0.7692307692307693,0.516576141704065,19,0.78,0.24358974358974358
scene0289_00-scene0289_02,4,True,100,98,23,0.8260869979858398,0.6521739363670349,3.7826087474823,2.04347825050354,0.7764705882352941,0.501335532364737,19,0.85,0.2235294117647059
scene0289_00-scene0289_02,5,True,100,98,23,0.8260869979858398,0.5652173757553101,3.86956524848938,1.7391304969787598,0.7857142857142857,0.45958152327963964,19,0.84,0.2261904761904762
scene0289_00-scene0289_02,6,True,100,95,23,0.8260869979858398,0.6086956858634949,3.6086957454681396,1.7391304969787598,0.7631578947368421,0.49783239963389236,19,0.76,0.25
scene0289_00-scene0289_02,7,True,100,94,23,0.9130434989929199,0.6086956858634949,3.91304349899292,1.7826087474822998,0.7710843373493976,0.4972043017814012,21,0.83,0.25301204819277107
scene0289_00-scene0289_02,8,True,100,95,23,0.9130434989929199,0.6086956858634949,3.7391304969787598,1.95652174949646,0.759493670886076,0.5537416954214375,21,0.79,0.26582278481012656
scene0289_00-scene0289_02,9,True,100,97,23,0.9130434989929199,0.6086956858634949,3.86956524848938,1.91304349899292,0.7654320987654321,0.5364092185385932,21,0.81,0.25925925925925924
scene0289_00-scene0289_02,10,True,100,96,23,0.9130434989929199,0.6086956858634949,3.86956524848938,1.91304349899292,0.7530864197530864,0.5497589548995588,21,0.81,0.25925925925925924
scene0289_00-scene0289_02,11,True,100,97,23,0.9130434989929199,0.6521739363670349,3.7826087474823,1.95652174949646,0.7625,0.5779103511280712,21,0.8,0.2625
scene0289_00-scene0289_02,12,False,100,97,23,0.9130434989929199,0.5652173757553101,3.6521739959716797,2.0,0.7654320987654321,0.5485624105650744,21,0.81,0.25925925925925924
scene0289_01-scene0289_00,0,True,100,100,24,0.0,0.0,0.0,0.0,0.0,0.0,0,0.0,0.0
scene0289_01-scene0289_00,1,True,100,96,24,0.6666666865348816,0.4166666865348816,4.208333492279053,1.125,0.7948717948717948,0.49454609771942815,16,0.78,0.20512820512820512
scene0289_01-scene0289_00,2,True,100,92,24,0.75,0.375,4.375,1.3333333730697632,0.788235294117647,0.5416543168081365,18,0.85,0.21176470588235294
scene0289_01-scene0289_00,3,True,100,93,24,0.7916666865348816,0.375,3.6666667461395264,1.125,0.7638888888888888,0.5815933048513464,19,0.72,0.2638888888888889
scene0289_01-scene0289_00,4,True,100,90,24,0.875,0.5416666865348816,3.9166667461395264,1.3333333730697632,0.75,0.5163148364763254,21,0.8,0.2625
scene0289_01-scene0289_00,5,True,100,91,24,0.875,0.625,3.4583334922790527,1.4166667461395264,0.726027397260274,0.6104757830434017,21,0.73,0.2876712328767123
scene0289_01-scene0289_00,6,True,100,91,24,0.8333333730697632,0.5,3.625,1.4583333730697632,0.75,0.5654835769110755,20,0.76,0.2631578947368421
scene0289_01-scene0289_00,7,True,100,93,24,0.875,0.5,3.5833334922790527,1.4166667461395264,0.7297297297297297,0.6459808304686757,21,0.74,0.28378378378378377
scene0289_01-scene0289_00,8,True,100,97,24,0.875,0.5,3.9583334922790527,1.5833333730697632,0.7590361445783133,0.6705126310711917,21,0.83,0.25301204819277107
scene0289_01-scene0289_00,9,True,100,96,24,0.875,0.5,3.9583334922790527,1.5833333730697632,0.7560975609756098,0.6218397114639995,21,0.82,0.25609756097560976
scene0289_01-scene0289_00,10,True,100,96,24,0.875,0.5416666865348816,3.9166667461395264,1.4583333730697632,0.7560975609756098,0.5535976137991787,21,0.82,0.25609756097560976
scene0289_01-scene0289_00,11,True,100,93,24,0.875,0.5416666865348816,3.9166667461395264,1.5,0.7654320987654321,0.6567729487031558,21,0.81,0.25925925925925924
scene0289_01-scene0289_00,12,False,100,96,24,0.875,0.5,3.9166667461395264,1.5833333730697632,0.7590361445783133,0.7056152016612822,21,0.83,0.25301204819277107
scene0289_02-scene0289_01,0,True,100,100,24,0.0,0.0,0.0,0.0,0.0,0.0,0,0.0,0.0
scene0289_02-scene0289_01,1,True,100,94,24,0.625,0.375,3.625,1.0416667461395264,0.8115942028985508,0.5082019408301609,15,0.69,0.21739130434782608
scene0289_02-scene0289_01,2,True,100,95,24,0.75,0.4166666865348816,4.1666669845581055,1.25,0.7777777777777778,0.4843225605528785,18,0.81,0.2222222222222222
scene0289_02-scene0289_01,3,True,100,95,24,0.9166666865348816,0.5,3.8333334922790527,1.5,0.717948717948718,0.5267419428233094,22,0.78,0.28205128205128205
scene0289_02-scene0289_01,4,True,100,96,24,0.9166666865348816,0.625,3.875,1.6666667461395264,0.7375,0.6550086820259308,22,0.8,0.275
scene0289_02-scene0289_01,5,True,100,96,24,0.9166666865348816,0.7083333730697632,3.625,1.7083333730697632,0.7375,0.5900881186808831,22,0.8,0.275
scene0289_02-scene0289_01,6,True,100,95,24,0.875,0.5833333730697632,3.4166667461395264,1.6666667461395264,0.7123287671232876,0.6873994180861548,21,0.73,0.2876712328767123
scene0289_02-scene0289_01,7,True,100,94,24,0.9166666865348816,0.6666666865348816,3.5833334922790527,1.6666667461395264,0.7236842105263158,0.6613081193647641,22,0.76,0.2894736842105263
scene0289_02-scene0289_01,8,True,100,98,24,0.9166666865348816,0.5416666865348816,3.5833334922790527,1.5416667461395264,0.7375,0.6305683195524051,22,0.8,0.275
scene0289_02-scene0289_01,9,True,100,98,24,0.9166666865348816,0.5,3.7916667461395264,1.4583333730697632,0.7375,0.6206446223006379,22,0.8,0.275
scene0289_02-scene0289_01,10,True,100,98,24,0.875,0.5,3.5833334922790527,1.6666667461395264,0.7468354430379747,0.5897413435188354,21,0.79,0.26582278481012656
scene0289_02-scene0289_01,11,True,100,96,24,0.9166666865348816,0.5,4.0,1.4583333730697632,0.7439024390243902,0.6794405896216631,22,0.82,0.2682926829268293
scene0289_02-scene0289_01,12,False,100,99,24,0.9166666865348816,0.5,3.75,1.625,0.7375,0.7159609633560579,22,0.8,0.275
scene0299_00-scene0299_01,0,True,100,100,6,0.0,0.0,0.0,0.0,0.0,0.0,0,0.0,0.0
scene0299_00-scene0299_01,1,True,100,77,6,0.8333333730697632,0.8333333730697632,8.166666984558105,5.6666669845581055,0.8837209302325582,0.6553586298424118,5,0.43,0.11627906976744186
scene0299_00-scene0299_01,2,True,100,81,6,0.8333333730697632,0.8333333730697632,8.666666984558105,6.5,0.8936170212765957,0.7992745821813604,5,0.47,0.10638297872340426
scene0299_00-scene0299_01,3,True,100,91,6,1.0,1.0,11.833333969116211,7.6666669845581055,0.8928571428571429,0.901101876081192,6,0.56,0.10714285714285714
scene0299_00-scene0299_01,4,True,100,95,6,1.0,1.0,13.0,8.5,0.90625,0.9115708349954964,6,0.64,0.09375
scene0299_00-scene0299_01,5,True,100,96,6,1.0,0.8333333730697632,13.666666984558105,9.166666984558105,0.9242424242424242,0.8964666797700575,6,0.66,0.09090909090909091
scene0299_00-scene0299_01,6,True,100,95,6,1.0,0.6666666865348816,15.0,8.5,0.9117647058823529,0.8940421026589982,6,0.68,0.08823529411764706
scene0299_00-scene0299_01,7,True,100,95,6,1.0,0.8333333730697632,15.166666984558105,8.666666984558105,0.9264705882352942,0.9120946888929432,6,0.68,0.08823529411764706
scene0299_00-scene0299_01,8,True,100,97,6,1.0,0.8333333730697632,15.0,8.666666984558105,0.9264705882352942,0.9602104692753823,6,0.68,0.08823529411764706
scene0299_00-scene0299_01,9,True,100,97,6,1.0,0.8333333730697632,15.5,11.0,0.9295774647887324,0.9216669460748161,6,0.71,0.08450704225352113
scene0299_00-scene0299_01,10,True,100,97,6,1.0,0.8333333730697632,16.666667938232422,8.833333969116211,0.9315068493150684,0.8859849320543416,6,0.73,0.0821917808219178
scene0299_00-scene0299_01,11,True,100,97,6,1.0,0.8333333730697632,16.666667938232422,9.666666984558105,0.9305555555555556,0.9124821943687059,6,0.72,0.08333333333333333
scene0299_00-scene0299_01,12,False,100,97,6,1.0,0.8333333730697632,15.5,9.333333969116211,0.9295774647887324,0.9416161249423849,6,0.71,0.08450704225352113
scene0299_01-scene0299_02,0,True,100,100,3,0.0,0.0,0.0,0.0,0.0,0.0,0,0.0,0.0
scene0299_01-scene0299_02,1,True,100,73,3,1.0,1.0,10.666666984558105,8.0,0.90625,0.7334007063491196,3,0.32,0.09375
scene0299_01-scene0299_02,2,True,100,90,3,1.0,1.0,12.333333969116211,10.666666984558105,0.918918918918919,0.7542348279961729,3,0.37,0.08108108108108109
scene0299_01-scene0299_02,3,True,100,90,3,1.0,1.0,15.666666984558105,13.333333969116211,0.9361702127659575,0.7254417930031779,3,0.47,0.06382978723404255
scene0299_01-scene0299_02,4,True,100,97,3,1.0,1.0,18.33333396911621,15.666666984558105,0.9454545454545454,0.8095912396844939,3,0.55,0.05454545454545454
scene0299_01-scene0299_02,5,True,100,97,3,1.0,1.0,20.666667938232422,17.33333396911621,0.9508196721311475,0.8236102509771128,3,0.61,0.04918032786885246
scene0299_01-scene0299_02,6,True,100,99,3,1.0,1.0,19.666667938232422,19.0,0.9491525423728814,0.9138855608536842,3,0.59,0.05084745762711865
scene0299_01-scene0299_02,7,True,100,92,3,1.0,1.0,19.666667938232422,19.33333396911621,0.9491525423728814,0.9220529605111066,3,0.59,0.05084745762711865
scene0299_01-scene0299_02,8,True,100,99,3,1.0,1.0,19.666667938232422,19.0,0.9491525423728814,0.9505688526212822,3,0.59,0.05084745762711865
scene0299_01-scene0299_02,9,True,100,99,3,1.0,1.0,20.666667938232422,20.33333396911621,0.9516129032258065,0.9225267757531963,3,0.62,0.04838709677419355
scene0299_01-scene0299_02,10,True,100,99,3,1.0,1.0,20.33333396911621,19.666667938232422,0.9508196721311475,0.9461362682520709,3,0.61,0.04918032786885246
scene0299_01-scene0299_02,11,True,100,97,3,1.0,1.0,20.0,19.666667938232422,0.95,0.9383154569147025,3,0.6,0.05
scene0299_01-scene0299_02,12,False,100,99,3,1.0,1.0,20.33333396911621,20.0,0.9508196721311475,0.9715752633328133,3,0.61,0.04918032786885246
scene0299_02-scene0299_00,0,True,100,100,6,0.0,0.0,0.0,0.0,0.0,0.0,0,0.0,0.0
scene0299_02-scene0299_00,1,True,100,89,6,0.6666666865348816,0.6666666865348816,17.5,10.0,0.9512195121951219,0.8057775946533804,4,0.82,0.04878048780487805
scene0299_02-scene0299_00,2,True,100,98,6,1.0,0.6666666865348816,16.83333396911621,8.5,0.922077922077922,0.7950499373206233,6,0.77,0.07792207792207792
scene0299_02-scene0299_00,3,True,100,98,6,1.0,0.8333333730697632,17.5,9.166666984558105,0.9324324324324325,0.8339851891792553,6,0.74,0.08108108108108109
scene0299_02-scene0299_00,4,True,100,98,6,1.0,0.8333333730697632,16.666667938232422,8.333333969116211,0.9264705882352942,0.8845152663743054,6,0.68,0.08823529411764706
scene0299_02-scene0299_00,5,True,100,99,6,1.0,0.6666666865348816,16.0,10.666666984558105,0.927536231884058,0.8854753433735897,6,0.69,0.08695652173913043
scene0299_02-scene0299_00,6,True,100,97,6,1.0,0.5,17.166667938232422,8.666666984558105,0.9295774647887324,0.8385641970231403,6,0.71,0.08450704225352113
scene0299_02-scene0299_00,7,True,100,96,6,1.0,0.6666666865348816,15.833333969116211,7.833333492279053,0.9253731343283582,0.9682519276748525,6,0.67,0.08955223880597014
scene0299_02-scene0299_00,8,True,100,98,6,1.0,0.8333333730697632,16.5,8.333333969116211,0.9285714285714286,0.9088611372929515,6,0.7,0.08571428571428572
scene0299_02-scene0299_00,9,True,100,97,6,1.0,0.8333333730697632,16.33333396911621,10.166666984558105,0.9285714285714286,0.9069610095486559,6,0.7,0.08571428571428572
scene0299_02-scene0299_00,10,True,100,98,6,1.0,0.6666666865348816,16.83333396911621,9.0,0.9295774647887324,0.8797349059615865,6,0.71,0.08450704225352113
scene0299_02-scene0299_00,11,True,100,96,6,1.0,0.6666666865348816,16.166667938232422,8.333333969116211,0.9411764705882353,0.9379110815253885,6,0.68,0.08823529411764706
scene0299_02-scene0299_00,12,False,100,97,6,1.0,0.6666666865348816,16.5,9.833333969116211,0.9420289855072463,0.9555225066236548,6,0.69,0.08695652173913043
scene0309_00-scene0309_02,0,True,100,100,23,0.08695652335882187,0.0,8.69565200805664,0.0,0.99,1.0,2,1.0,0.02
scene0309_00-scene0309_02,1,True,100,90,23,0.6086956858634949,0.3478260934352875,2.5217392444610596,0.782608687877655,0.7021276595744681,0.49947788855693875,14,0.47,0.2978723404255319
scene0309_00-scene0309_02,2,True,100,84,23,0.739130437374115,0.30434784293174744,2.6521739959716797,1.0,0.7272727272727273,0.5174696212305742,17,0.55,0.3090909090909091
scene0309_00-scene0309_02,3,True,100,96,23,0.9130434989929199,0.52173912525177,3.3913044929504395,1.3043478727340698,0.7313432835820896,0.5497166265694189,21,0.67,0.31343283582089554
scene0309_00-scene0309_02,4,True,100,97,23,0.8695652484893799,0.47826087474823,3.6956522464752197,1.52173912525177,0.75,0.5919704351622563,20,0.72,0.2777777777777778
scene0309_00-scene0309_02,5,True,100,97,23,0.8260869979858398,0.52173912525177,3.6086957454681396,1.39130437374115,0.7464788732394366,0.5681750019305739,19,0.71,0.2676056338028169
scene0309_00-scene0309_02,6,True,100,91,23,0.8260869979858398,0.43478262424468994,3.17391300201416,1.2608696222305298,0.7301587301587301,0.6203990811782498,19,0.63,0.30158730158730157
scene0309_00-scene0309_02,7,True,100,96,23,0.8695652484893799,0.47826087474823,3.6521739959716797,1.39130437374115,0.75,0.6138436882584183,20,0.68,0.29411764705882354
scene0309_00-scene0309_02,8,True,100,96,23,0.8260869979858398,0.52173912525177,3.3478262424468994,1.2608696222305298,0.71875,0.6567221405071633,19,0.64,0.296875
scene0309_00-scene0309_02,9,True,100,96,23,0.8260869979858398,0.6086956858634949,3.3478262424468994,1.52173912525177,0.7313432835820896,0.6206966544318403,19,0.67,0.2835820895522388
scene0309_00-scene0309_02,10,True,100,89,23,0.8695652484893799,0.47826087474823,3.0,1.2608696222305298,0.7,0.7030868333143493,20,0.6,0.3333333333333333
scene0309_00-scene0309_02,11,True,100,97,23,0.8260869979858398,0.43478262424468994,3.13043475151062,1.56521737575531,0.7419354838709677,0.6673763610995733,19,0.62,0.3064516129032258
scene0309_00-scene0309_02,12,False,100,98,23,0.8695652484893799,0.52173912525177,3.3913044929504395,1.56521737575531,0.7352941176470589,0.7062864535384707,20,0.68,0.29411764705882354
scene0309_01-scene0309_04,0,True,100,100,16,0.0625,0.0,6.25,0.0,0.99,1.0,1,1.0,0.01
scene0309_01-scene0309_04,1,True,100,74,16,0.625,0.5625,3.6875,1.5,0.8269230769230769,0.5668792339109698,10,0.52,0.19230769230769232
scene0309_01-scene0309_04,2,True,100,70,16,0.875,0.375,3.25,1.5625,0.7346938775510204,0.5861334124503778,14,0.49,0.2857142857142857
scene0309_01-scene0309_04,3,True,100,89,16,0.9375,0.6875,4.75,2.125,0.7878787878787878,0.6224628768861293,15,0.66,0.22727272727272727
scene0309_01-scene0309_04,4,True,100,90,16,0.9375,0.5625,4.875,2.3125,0.8055555555555556,0.6180157286149485,15,0.72,0.20833333333333334
scene0309_01-scene0309_04,5,True,100,90,16,0.8125,0.625,4.0625,2.1875,0.7868852459016393,0.6274007034368355,13,0.61,0.21311475409836064
scene0309_01-scene0309_04,6,True,100,81,16,0.8125,0.5625,4.0,2.0,0.7758620689655172,0.6525888247727349,13,0.58,0.22413793103448276
scene0309_01-scene0309_04,7,True,100,87,16,0.9375,0.625,4.625,2.25,0.7761194029850746,0.6177976210031831,15,0.67,0.22388059701492538
scene0309_01-scene0309_04,8,True,100,92,16,0.875,0.6875,4.875,2.5,0.8028169014084507,0.6029689252879549,14,0.71,0.19718309859154928
scene0309_01-scene0309_04,9,True,100,91,16,0.875,0.5625,4.5,2.25,0.7878787878787878,0.6427936769235674,14,0.66,0.21212121212121213
scene0309_01-scene0309_04,10,True,100,83,16,0.8125,0.625,4.375,2.1875,0.7936507936507936,0.6651243586093187,13,0.63,0.20634920634920634
scene0309_01-scene0309_04,11,True,100,86,16,0.875,0.625,4.75,2.375,0.7878787878787878,0.6035546353815023,14,0.66,0.21212121212121213
scene0309_01-scene0309_04,12,False,100,93,16,0.875,0.5625,5.0625,2.1875,0.8055555555555556,0.5906621009584457,14,0.72,0.19444444444444445
scene0309_02-scene0309_01,0,True,100,100,16,0.0625,0.0,6.25,0.0,0.99,1.0,1,1.0,0.01
scene0309_02-scene0309_01,1,True,100,80,16,0.8125,0.3125,3.0625,0.875,0.7045454545454546,0.4888961806402102,13,0.44,0.29545454545454547
scene0309_02-scene0309_01,2,True,100,83,16,0.8125,0.375,3.5625,1.25,0.7755102040816326,0.5772740413514219,13,0.49,0.2653061224489796
scene0309_02-scene0309_01,3,True,100,90,16,0.875,0.5,4.25,1.375,0.7846153846153846,0.5338903050899746,14,0.65,0.2153846153846154
scene0309_02-scene0309_01,4,True,100,92,16,0.875,0.5625,4.4375,1.75,0.7910447761194029,0.5559904232063202,14,0.67,0.208955223880597
scene0309_02-scene0309_01,5,True,100,91,16,0.875,0.6875,4.5,1.875,0.8059701492537313,0.5270637496092108,14,0.67,0.208955223880597
scene0309_02-scene0309_01,6,True,100,89,16,0.875,0.625,4.1875,1.75,0.796875,0.5421453527842566,14,0.64,0.21875
scene0309_02-scene0309_01,7,True,100,88,16,0.875,0.6875,4.0625,1.8125,0.7903225806451613,0.6038856198702822,14,0.62,0.22580645161290322
scene0309_02-scene0309_01,8,True,100,94,16,0.8125,0.6875,4.4375,2.6875,0.8260869565217391,0.6081562403123826,13,0.69,0.18840579710144928
scene0309_02-scene0309_01,9,True,100,96,16,0.8125,0.6875,4.375,2.25,0.8181818181818182,0.5715341168874875,13,0.66,0.19696969696969696
scene0309_02-scene0309_01,10,True,100,93,16,0.8125,0.6875,4.6875,2.3125,0.8333333333333334,0.5756389931378878,13,0.72,0.18055555555555555
scene0309_02-scene0309_01,11,True,100,94,16,0.875,0.625,4.4375,2.4375,0.7941176470588235,0.660736224825748,14,0.68,0.20588235294117646
scene0309_02-scene0309_01,12,False,100,95,16,0.875,0.625,4.4375,2.4375,0.8115942028985508,0.6210650124077527,14,0.69,0.2028985507246377
scene0309_03-scene0309_00,0,True,100,100,17,0.0,0.0,0.0,0.0,0.0,0.0,0,0.0,0.0
scene0309_03-scene0309_00,1,True,100,80,17,0.7647058963775635,0.47058823704719543,2.411764621734619,0.9411764740943909,0.6764705882352942,0.4864157358965566,13,0.34,0.38235294117647056
scene0309_03-scene0309_00,2,True,100,91,17,0.8823529481887817,0.5882353186607361,2.8235294818878174,1.2352941036224365,0.6818181818181818,0.4437627582181547,15,0.44,0.3409090909090909
scene0309_03-scene0309_00,3,True,100,92,17,0.8823529481887817,0.529411792755127,3.411764621734619,1.1764706373214722,0.72,0.5390164961751837,15,0.5,0.3
scene0309_03-scene0309_00,4,True,100,95,17,0.9411764740943909,0.7058823704719543,3.8823530673980713,1.470588207244873,0.7192982456140351,0.5006257039697274,16,0.57,0.2807017543859649
scene0309_03-scene0309_00,5,True,100,94,17,0.8823529481887817,0.6470588445663452,3.8823530673980713,1.5882352590560913,0.7457627118644068,0.5133203183251777,15,0.59,0.2542372881355932
scene0309_03-scene0309_00,6,True,100,92,17,0.9411764740943909,0.6470588445663452,3.2352941036224365,1.7647058963775635,0.7115384615384616,0.5419529814658494,16,0.52,0.3076923076923077
scene0309_03-scene0309_00,7,True,100,95,17,0.9411764740943909,0.7058823704719543,3.8235294818878174,1.7647058963775635,0.7272727272727273,0.6096215199648849,16,0.55,0.2909090909090909
scene0309_03-scene0309_00,8,True,100,98,17,0.9411764740943909,0.529411792755127,4.058823585510254,1.6470588445663452,0.7457627118644068,0.607988768088536,16,0.59,0.2711864406779661
scene0309_03-scene0309_00,9,True,100,97,17,0.8823529481887817,0.7058823704719543,3.8823530673980713,1.7647058963775635,0.7704918032786885,0.6059768353380374,15,0.61,0.2459016393442623
scene0309_03-scene0309_00,10,True,100,94,17,0.8823529481887817,0.6470588445663452,3.529411792755127,1.8235293626785278,0.7222222222222222,0.6537145533865052,15,0.54,0.2777777777777778
scene0309_03-scene0309_00,11,True,100,97,17,0.8823529481887817,0.6470588445663452,3.941176414489746,1.8823529481887817,0.7586206896551724,0.6203087471863803,15,0.58,0.25862068965517243
scene0309_03-scene0309_00,12,False,100,98,17,0.8823529481887817,0.529411792755127,4.058823585510254,1.7647058963775635,0.7666666666666667,0.6563387802013985,15,0.6,0.25
scene0309_04-scene0309_03,0,True,100,100,17,0.0,0.0,0.0,0.0,0.0,0.0,0,0.0,0.0
scene0309_04-scene0309_03,1,True,100,87,17,0.5882353186607361,0.4117647111415863,3.470588207244873,1.2941176891326904,0.82,0.5931948239360351,10,0.5,0.2
scene0309_04-scene0309_03,2,True,100,89,17,0.8235294222831726,0.529411792755127,3.8823530673980713,1.3529411554336548,0.7543859649122807,0.6968537298680255,14,0.57,0.24561403508771928
scene0309_04-scene0309_03,3,True,100,88,17,1.0,0.5882353186607361,4.352941036224365,1.529411792755127,0.734375,0.612331831695572,17,0.64,0.265625
scene0309_04-scene0309_03,4,True,100,91,17,0.9411764740943909,0.6470588445663452,4.176470756530762,1.8235293626785278,0.7419354838709677,0.6869109532525463,16,0.62,0.25806451612903225
scene0309_04-scene0309_03,5,True,100,92,17,0.9411764740943909,0.6470588445663452,3.6470587253570557,1.8823529481887817,0.7142857142857143,0.6358508717209573,16,0.56,0.2857142857142857
scene0309_04-scene0309_03,6,True,100,90,17,0.8235294222831726,0.529411792755127,3.7647058963775635,1.7647058963775635,0.7454545454545455,0.6427921684643695,14,0.55,0.2545454545454545
scene0309_04-scene0309_03,7,True,100,92,17,0.9411764740943909,0.7058823704719543,3.7647058963775635,1.7647058963775635,0.7142857142857143,0.6034873770707745,16,0.56,0.2857142857142857
scene0309_04-scene0309_03,8,True,100,95,17,0.9411764740943909,0.6470588445663452,3.7058823108673096,1.4117647409439087,0.7272727272727273,0.6074711048945052,16,0.55,0.2909090909090909
scene0309_04-scene0309_03,9,True,100,96,17,1.0,0.6470588445663452,4.294117450714111,1.7058823108673096,0.7384615384615385,0.5823022832765299,17,0.65,0.26153846153846155
scene0309_04-scene0309_03,10,True,100,97,17,0.8823529481887817,0.5882353186607361,3.7058823108673096,1.8823529481887817,0.7543859649122807,0.6770232438536014,15,0.57,0.2631578947368421
scene0309_04-scene0309_03,11,True,100,97,17,1.0,0.6470588445663452,4.117647171020508,1.8235293626785278,0.746031746031746,0.6909267491752044,17,0.63,0.2698412698412698
scene0309_04-scene0309_03,12,False,100,98,17,1.0,0.7058823704719543,3.7647058963775635,1.8823529481887817,0.7213114754098361,0.7482867943048477,17,0.61,0.2786885245901639
scene0319_00-scene0319_01,0,True,100,100,18,0.0555555559694767,0.0,5.555555820465088,0.0,0.99,1.0,1,1.0,0.01
scene0319_00-scene0319_01,1,True,100,76,18,0.5555555820465088,0.3333333432674408,2.8333332538604736,0.6666666865348816,0.8,0.6508333426003062,10,0.5,0.2
scene0319_00-scene0319_01,2,True,100,78,18,0.4444444477558136,0.3888888955116272,2.944444417953491,1.3333333730697632,0.8461538461538461,0.593902686498207,8,0.52,0.15384615384615385
scene0319_00-scene0319_01,3,True,100,89,18,0.7777777910232544,0.3333333432674408,3.5,1.3333333730697632,0.7796610169491526,0.5472752655747578,14,0.59,0.23728813559322035
scene0319_00-scene0319_01,4,True,100,92,18,0.8333333134651184,0.5,3.777777910232544,1.6111111640930176,0.75,0.5770366099523077,15,0.6,0.25
scene0319_00-scene0319_01,5,True,100,95,18,0.8888888955116272,0.5,4.0,1.6111111640930176,0.765625,0.5544400550659347,16,0.64,0.25
scene0319_00-scene0319_01,6,True,100,93,18,0.8888888955116272,0.5,3.722222328186035,1.6666666269302368,0.7377049180327869,0.5958829455681749,16,0.61,0.26229508196721313
scene0319_00-scene0319_01,7,True,100,92,18,0.8333333134651184,0.6666666865348816,3.277777910232544,1.7777777910232544,0.7368421052631579,0.6810929539923867,15,0.57,0.2631578947368421
scene0319_00-scene0319_01,8,True,100,93,18,0.8888888955116272,0.7222222089767456,3.555555582046509,1.9444444179534912,0.7333333333333333,0.6567855349183083,16,0.6,0.26666666666666666
scene0319_00-scene0319_01,9,True,100,94,18,0.8333333134651184,0.5555555820465088,3.6666667461395264,1.5555555820465088,0.7580645161290323,0.6552857317781048,15,0.62,0.24193548387096775
scene0319_00-scene0319_01,10,True,100,90,18,0.7222222089767456,0.5,3.222222328186035,1.6111111640930176,0.7592592592592593,0.6886208862775848,13,0.54,0.24074074074074073
scene0319_00-scene0319_01,11,True,100,95,18,0.7777777910232544,0.5,3.277777910232544,1.4444444179534912,0.7586206896551724,0.5826093078037535,14,0.58,0.2413793103448276
scene0319_00-scene0319_01,12,False,100,94,18,0.7777777910232544,0.6111111044883728,3.3888888359069824,1.888888955116272,0.7627118644067796,0.7248194703772184,14,0.59,0.23728813559322035
scene0319_01-scene0319_02,0,True,100,100,15,0.06666667014360428,0.06666667014360428,6.6666669845581055,6.6666669845581055,0.99,1.0,1,1.0,0.01
scene0319_01-scene0319_02,1,True,100,100,15,0.06666667014360428,0.06666667014360428,6.6666669845581055,6.6666669845581055,0.99,1.0,1,1.0,0.01
scene0319_01-scene0319_02,2,True,100,100,15,0.3333333432674408,0.20000001788139343,6.933333873748779,0.8666667342185974,0.956989247311828,0.6204019412484939,5,0.93,0.053763440860215055
scene0319_01-scene0319_02,3,True,100,98,15,0.6000000238418579,0.3333333432674408,5.533333778381348,3.6666667461395264,0.8974358974358975,0.7120899234228073,9,0.78,0.11538461538461539
scene0319_01-scene0319_02,4,True,100,87,15,0.6666666865348816,0.40000003576278687,5.600000381469727,3.000000238418579,0.88,0.7250223991085902,10,0.75,0.13333333333333333
scene0319_01-scene0319_02,5,True,100,89,15,0.6666666865348816,0.46666669845581055,5.200000286102295,3.000000238418579,0.84375,0.7752532727188535,10,0.64,0.15625
scene0319_01-scene0319_02,6,True,100,82,15,0.6000000238418579,0.40000003576278687,5.066667079925537,3.3333334922790527,0.8805970149253731,0.7991326000696173,9,0.67,0.13432835820895522
scene0319_01-scene0319_02,7,True,100,96,15,0.7333333492279053,0.6000000238418579,5.600000381469727,4.4666666984558105,0.8734177215189873,0.8023478230635325,11,0.79,0.13924050632911392
scene0319_01-scene0319_02,8,True,100,97,15,0.7333333492279053,0.6666666865348816,6.000000476837158,4.6666669845581055,0.8658536585365854,0.8251736392040511,11,0.82,0.13414634146341464
scene0319_01-scene0319_02,9,True,100,95,15,0.8000000715255737,0.7333333492279053,6.533333778381348,4.4666666984558105,0.8518518518518519,0.7859812051589999,12,0.81,0.14814814814814814
scene0319_01-scene0319_02,10,True,100,92,15,0.8000000715255737,0.46666669845581055,5.266666889190674,3.6666667461395264,0.84,0.8414549475012262,12,0.75,0.16
scene0319_01-scene0319_02,11,True,100,97,15,0.8000000715255737,0.6666666865348816,5.266666889190674,4.333333492279053,0.8513513513513513,0.8823387921787799,12,0.74,0.16216216216216217
scene0319_01-scene0319_02,12,False,100,99,15,0.8666667342185974,0.7333333492279053,5.933333873748779,4.533333778381348,0.8375,0.890242962408642,13,0.8,0.1625
scene0319_02-scene0319_00,0,True,100,100,18,0.0,0.0,0.0,0.0,0.0,0.0,0,0.0,0.0
scene0319_02-scene0319_00,1,True,100,88,18,0.6666666865348816,0.4444444477558136,3.555555582046509,1.5555555820465088,0.8103448275862069,0.5669208260957134,12,0.58,0.20689655172413793
scene0319_02-scene0319_00,2,True,100,90,18,0.8333333134651184,0.6666666865348816,4.222222328186035,2.3888888359069824,0.782608695652174,0.7068004698345536,15,0.69,0.21739130434782608
scene0319_02-scene0319_00,3,True,100,89,18,0.8888888955116272,0.7777777910232544,4.111111164093018,2.3333332538604736,0.7761194029850746,0.6492072044946682,16,0.67,0.23880597014925373
scene0319_02-scene0319_00,4,True,100,92,18,0.8888888955116272,0.7777777910232544,4.277777671813965,2.722222328186035,0.7714285714285715,0.7017474954916259,16,0.7,0.22857142857142856
scene0319_02-scene0319_00,5,True,100,92,18,0.8888888955116272,0.8333333134651184,4.388888835906982,2.6666667461395264,0.7837837837837838,0.6996614104751403,16,0.74,0.21621621621621623
scene0319_02-scene0319_00,6,True,100,92,18,0.8888888955116272,0.7777777910232544,4.277777671813965,2.444444417953491,0.7777777777777778,0.7073048345514179,16,0.72,0.2222222222222222
scene0319_02-scene0319_00,7,True,100,96,18,0.8888888955116272,0.8333333134651184,4.0,2.277777910232544,0.7575757575757576,0.7079609255636892,16,0.66,0.24242424242424243
scene0319_02-scene0319_00,8,True,100,96,18,0.8888888955116272,0.8333333134651184,4.333333492279053,2.722222328186035,0.7866666666666666,0.7159111926213224,16,0.75,0.21333333333333335
scene0319_02-scene0319_00,9,True,100,97,18,0.8888888955116272,0.8333333134651184,4.44444465637207,2.777777910232544,0.7866666666666666,0.7292972278027308,16,0.75,0.21333333333333335
scene0319_02-scene0319_00,10,True,100,94,18,0.8888888955116272,0.7777777910232544,4.111111164093018,2.6111111640930176,0.7777777777777778,0.7736346135373975,16,0.72,0.2222222222222222
scene0319_02-scene0319_00,11,True,100,92,18,0.8888888955116272,0.8333333134651184,3.944444417953491,2.3888888359069824,0.7575757575757576,0.7797572494317324,16,0.66,0.24242424242424243
scene0319_02-scene0319_00,12,False,100,96,18,0.8888888955116272,0.7777777910232544,4.055555820465088,2.444444417953491,0.7714285714285715,0.790486850517701,16,0.7,0.22857142857142856
scene0339_00-scene0339_01,0,True,100,100,8,0.125,0.125,12.5,12.5,0.99,1.0,1,1.0,0.01
scene0339_00-scene0339_01,1,True,100,42,8,0.75,0.625,5.5,3.125,0.8571428571428571,0.6455283901815153,6,0.35,0.17142857142857143
scene0339_00-scene0339_01,2,True,100,57,8,0.75,0.625,5.5,4.0,0.8611111111111112,0.7898210230711344,6,0.36,0.16666666666666666
scene0339_00-scene0339_01,3,True,100,84,8,0.75,0.75,10.5,6.5,0.9130434782608695,0.6098727920449821,6,0.69,0.08695652173913043
scene0339_00-scene0339_01,4,True,100,91,8,0.75,0.625,14.125,7.125,0.9285714285714286,0.6873081688560697,6,0.84,0.07142857142857142
scene0339_00-scene0339_01,5,True,100,87,8,0.75,0.625,12.375,5.625,0.9178082191780822,0.6294650614535512,6,0.73,0.0821917808219178
scene0339_00-scene0339_01,6,True,100,80,8,0.75,0.75,10.5,5.25,0.90625,0.6435734068319731,6,0.64,0.09375
scene0339_00-scene0339_01,7,True,100,80,8,0.75,0.625,11.875,6.25,0.9305555555555556,0.6838252509197961,6,0.72,0.08333333333333333
scene0339_00-scene0339_01,8,True,100,90,8,0.75,0.625,14.25,7.125,0.9382716049382716,0.7139897550102966,6,0.81,0.07407407407407407
scene0339_00-scene0339_01,9,True,100,91,8,0.75,0.625,12.875,6.75,0.9342105263157895,0.6616896811984213,6,0.76,0.07894736842105263
scene0339_00-scene0339_01,10,True,100,82,8,0.75,0.625,10.25,4.875,0.90625,0.6103568457770375,6,0.64,0.09375
scene0339_00-scene0339_01,11,True,100,83,8,0.75,0.625,12.625,6.625,0.9333333333333333,0.6687899093828438,6,0.75,0.08
scene0339_00-scene0339_01,12,False,100,94,8,0.75,0.5,14.25,7.375,0.9397590361445783,0.6968755877323939,6,0.83,0.07228915662650602
scene0339_01-scene0339_02,0,True,100,100,7,0.1428571492433548,0.0,14.285715103149414,0.0,0.99,1.0,1,1.0,0.01
scene0339_01-scene0339_02,1,True,100,35,7,0.8571429252624512,0.5714285969734192,3.7142858505249023,1.571428656578064,0.7222222222222222,0.7073313608284919,6,0.18,0.3333333333333333
scene0339_01-scene0339_02,2,True,100,49,7,0.8571429252624512,0.5714285969734192,6.000000476837158,2.4285714626312256,0.8387096774193549,0.636845110308217,6,0.31,0.1935483870967742
scene0339_01-scene0339_02,3,True,100,84,7,0.8571429252624512,0.7142857313156128,14.142857551574707,6.142857551574707,0.9342105263157895,0.6379356241434427,6,0.76,0.07894736842105263
scene0339_01-scene0339_02,4,True,100,92,7,0.8571429252624512,0.7142857313156128,16.428571701049805,6.000000476837158,0.925,0.722651419252383,6,0.8,0.075
scene0339_01-scene0339_02,5,True,100,79,7,0.8571429252624512,0.7142857313156128,11.428571701049805,5.5714287757873535,0.9,0.6463844454638404,6,0.6,0.1
scene0339_01-scene0339_02,6,True,100,80,7,0.8571429252624512,0.5714285969734192,14.142857551574707,4.714285850524902,0.9142857142857143,0.6127891019078913,6,0.7,0.08571428571428572
scene0339_01-scene0339_02,7,True,100,79,7,0.8571429252624512,0.5714285969734192,14.571429252624512,5.285714626312256,0.92,0.6416778251349171,6,0.75,0.08
scene0339_01-scene0339_02,8,True,100,85,7,0.8571429252624512,0.5714285969734192,15.428571701049805,6.285714626312256,0.926829268292683,0.6792507189499783,6,0.82,0.07317073170731707
scene0339_01-scene0339_02,9,True,100,78,7,0.8571429252624512,0.5714285969734192,11.142857551574707,4.857142925262451,0.921875,0.6264776749114727,6,0.64,0.09375
scene0339_01-scene0339_02,10,True,100,77,7,0.8571429252624512,0.5714285969734192,13.428571701049805,4.5714287757873535,0.9142857142857143,0.5874211188398776,6,0.7,0.08571428571428572
scene0339_01-scene0339_02,11,True,100,81,7,0.8571429252624512,0.5714285969734192,14.142857551574707,5.142857551574707,0.9324324324324325,0.6460463617443074,6,0.74,0.08108108108108109
scene0339_01-scene0339_02,12,False,100,91,7,0.8571429252624512,0.5714285969734192,15.714286804199219,6.285714626312256,0.9397590361445783,0.6205631592931488,6,0.83,0.07228915662650602
scene0339_02-scene0339_00,0,True,100,100,7,0.1428571492433548,0.0,14.285715103149414,0.0,0.99,1.0,1,1.0,0.01
scene0339_02-scene0339_00,1,True,100,43,7,0.8571429252624512,0.5714285969734192,7.428571701049805,2.4285714626312256,0.8333333333333334,0.7400260336937443,6,0.3,0.2
scene0339_02-scene0339_00,2,True,100,46,7,0.8571429252624512,0.5714285969734192,7.428571701049805,3.2857143878936768,0.8484848484848485,0.6896976137792827,6,0.33,0.18181818181818182
scene0339_02-scene0339_00,3,True,100,71,7,0.8571429252624512,0.5714285969734192,10.714285850524902,6.5714287757873535,0.8983050847457628,0.7430469599225231,6,0.59,0.1016949152542373
scene0339_02-scene0339_00,4,True,100,91,7,0.8571429252624512,0.7142857313156128,19.71428680419922,7.285714626312256,0.9318181818181818,0.701259015362196,6,0.88,0.06818181818181818
scene0339_02-scene0339_00,5,True,100,87,7,0.8571429252624512,0.5714285969734192,15.428571701049805,7.000000476837158,0.9210526315789473,0.6822719642446061,6,0.76,0.07894736842105263
scene0339_02-scene0339_00,6,True,100,83,7,0.8571429252624512,0.5714285969734192,13.85714340209961,6.714285850524902,0.9142857142857143,0.6600145559941086,6,0.7,0.08571428571428572
scene0339_02-scene0339_00,7,True,100,79,7,0.8571429252624512,0.5714285969734192,15.85714340209961,7.5714287757873535,0.9342105263157895,0.774241760005738,6,0.76,0.07894736842105263
scene0339_02-scene0339_00,8,True,100,89,7,0.8571429252624512,0.5714285969734192,15.85714340209961,7.714285850524902,0.925,0.7744844516276509,6,0.8,0.075
scene0339_02-scene0339_00,9,True,100,86,7,0.8571429252624512,0.5714285969734192,15.571429252624512,7.000000476837158,0.9240506329113924,0.7074894957566004,6,0.79,0.0759493670886076
scene0339_02-scene0339_00,10,True,100,84,7,0.8571429252624512,0.5714285969734192,15.000000953674316,6.428571701049805,0.92,0.6189376306391078,6,0.75,0.08
scene0339_02-scene0339_00,11,True,100,82,7,0.8571429252624512,0.5714285969734192,15.285715103149414,7.142857551574707,0.9240506329113924,0.7596628809107436,6,0.79,0.0759493670886076
scene0339_02-scene0339_00,12,False,100,94,7,0.8571429252624512,0.5714285969734192,16.0,8.85714340209961,0.9294117647058824,0.8465146991030035,6,0.85,0.07058823529411765
scene0347_00-scene0347_02,0,True,100,100,12,0.0,0.0,0.0,0.0,0.0,0.0,0,0.0,0.0
scene0347_00-scene0347_02,1,True,100,85,12,1.0,0.75,9.0,3.25,0.8571428571428571,0.6284731570745539,12,0.77,0.15584415584415584
scene0347_00-scene0347_02,2,True,100,89,12,1.0,0.9166666865348816,7.333333492279053,4.583333492279053,0.8533333333333334,0.6384126969536797,12,0.75,0.16
scene0347_00-scene0347_02,3,True,100,88,12,1.0,0.8333333730697632,7.75,4.25,0.8571428571428571,0.6543594376434787,12,0.77,0.15584415584415584
scene0347_00-scene0347_02,4,True,100,96,12,1.0,0.9166666865348816,9.916666984558105,5.5,0.8817204301075269,0.6072756194804289,12,0.93,0.12903225806451613
scene0347_00-scene0347_02,5,True,100,96,12,1.0,0.9166666865348816,9.583333969116211,4.833333492279053,0.8791208791208791,0.6309102081288477,12,0.91,0.13186813186813187
scene0347_00-scene0347_02,6,True,100,96,12,1.0,0.9166666865348816,9.333333969116211,5.083333492279053,0.8764044943820225,0.6412351105839779,12,0.89,0.1348314606741573
scene0347_00-scene0347_02,7,True,100,96,12,1.0,0.9166666865348816,8.166666984558105,5.1666669845581055,0.8636363636363636,0.6700184684052326,12,0.88,0.13636363636363635
scene0347_00-scene0347_02,8,True,100,97,12,1.0,0.9166666865348816,9.166666984558105,6.583333492279053,0.8709677419354839,0.7565938381280767,12,0.93,0.12903225806451613
scene0347_00-scene0347_02,9,True,100,97,12,1.0,0.9166666865348816,9.583333969116211,5.6666669845581055,0.8666666666666667,0.7414984309247562,12,0.9,0.13333333333333333
scene0347_00-scene0347_02,10,True,100,95,12,1.0,0.9166666865348816,8.25,5.583333492279053,0.8735632183908046,0.7815034396303486,12,0.87,0.13793103448275862
scene0347_00-scene0347_02,11,True,100,93,12,1.0,0.9166666865348816,7.6666669845581055,4.333333492279053,0.85,0.6924580474087663,12,0.8,0.15
scene0347_00-scene0347_02,12,False,100,94,12,1.0,0.9166666865348816,9.083333969116211,6.25,0.8777777777777778,0.7756298606652566,12,0.9,0.13333333333333333
scene0347_01-scene0347_03,0,True,100,0,11,0.0,0.0,0.0,0.0,0.0,0.0,0,0.0,0.0
scene0347_01-scene0347_03,1,True,100,77,11,1.0,0.7272727489471436,7.363636493682861,2.7272727489471436,0.828125,0.5275124108981948,11,0.64,0.171875
scene0347_01-scene0347_03,2,True,100,86,11,1.0,0.9090909361839294,9.090909004211426,4.545454502105713,0.8625,0.5572527342873193,11,0.8,0.1375
scene0347_01-scene0347_03,3,True,100,92,11,1.0,1.0,9.36363697052002,4.2727274894714355,0.8705882352941177,0.5345529326469223,11,0.85,0.12941176470588237
scene0347_01-scene0347_03,4,True,100,92,11,1.0,0.9090909361839294,8.818181991577148,5.454545497894287,0.872093023255814,0.6484791221765561,11,0.86,0.12790697674418605
scene0347_01-scene0347_03,5,True,100,92,11,1.0,0.9090909361839294,9.272727966308594,5.090909004211426,0.8705882352941177,0.6081244097029432,11,0.85,0.12941176470588237
scene0347_01-scene0347_03,6,True,100,92,11,1.0,0.8181818723678589,8.454545974731445,5.454545497894287,0.872093023255814,0.6847323492519003,11,0.86,0.12790697674418605
scene0347_01-scene0347_03,7,True,100,97,11,1.0,0.9090909361839294,9.545454978942871,5.909090995788574,0.8791208791208791,0.6395999972610792,11,0.91,0.12087912087912088
scene0347_01-scene0347_03,8,True,100,96,11,1.0,1.0,10.090909004211426,5.636363983154297,0.8842105263157894,0.6442179625130972,11,0.95,0.11578947368421053
scene0347_01-scene0347_03,9,True,100,93,11,1.0,0.9090909361839294,8.909090995788574,5.18181848526001,0.8674698795180723,0.6847090657920891,11,0.83,0.13253012048192772
scene0347_01-scene0347_03,10,True,100,88,11,1.0,0.8181818723678589,8.181818008422852,5.2727274894714355,0.8641975308641975,0.7012088436446927,11,0.81,0.13580246913580246
scene0347_01-scene0347_03,11,True,100,94,11,1.0,0.9090909361839294,9.090909004211426,5.727272987365723,0.8764044943820225,0.6615856103732206,11,0.89,0.12359550561797752
scene0347_01-scene0347_03,12,False,100,98,11,1.0,0.9090909361839294,10.090909004211426,6.0,0.8865979381443299,0.6681223694383702,11,0.97,0.1134020618556701
scene0347_02-scene0347_01,0,True,100,0,11,0.0,0.0,0.0,0.0,0.0,0.0,0,0.0,0.0
scene0347_02-scene0347_01,1,True,100,78,11,1.0,0.5454545617103577,8.090909004211426,2.6363637447357178,0.8225806451612904,0.604193577141716,11,0.62,0.1774193548387097
scene0347_02-scene0347_01,2,True,100,88,11,1.0,0.8181818723678589,8.272727966308594,4.090909004211426,0.8533333333333334,0.5725253059141912,11,0.75,0.14666666666666667
scene0347_02-scene0347_01,3,True,100,91,11,1.0,0.9090909361839294,8.36363697052002,5.18181848526001,0.8641975308641975,0.5521906815055344,11,0.81,0.13580246913580246
scene0347_02-scene0347_01,4,True,100,96,11,1.0,0.9090909361839294,9.181818008422852,5.2727274894714355,0.8764044943820225,0.5976892296497415,11,0.89,0.12359550561797752
scene0347_02-scene0347_01,5,True,100,94,11,1.0,0.9090909361839294,9.818181991577148,4.363636493682861,0.8735632183908046,0.5686177747887234,11,0.87,0.12643678160919541
scene0347_02-scene0347_01,6,True,100,93,11,1.0,0.9090909361839294,8.636363983154297,5.090909004211426,0.8641975308641975,0.6572844844508765,11,0.81,0.13580246913580246
scene0347_02-scene0347_01,7,True,100,92,11,1.0,0.9090909361839294,8.636363983154297,5.2727274894714355,0.8674698795180723,0.6053305298047161,11,0.83,0.13253012048192772
scene0347_02-scene0347_01,8,True,100,95,11,1.0,0.9090909361839294,9.36363697052002,5.545454502105713,0.875,0.6463849047208543,11,0.88,0.125
scene0347_02-scene0347_01,9,True,100,96,11,1.0,0.8181818723678589,9.36363697052002,4.909090995788574,0.8764044943820225,0.6210989126124803,11,0.89,0.12359550561797752
scene0347_02-scene0347_01,10,True,100,93,11,1.0,0.9090909361839294,8.272727966308594,5.363636493682861,0.8625,0.7244548691122468,11,0.8,0.1375
scene0347_02-scene0347_01,11,True,100,97,11,1.0,1.0,8.909090995788574,5.727272987365723,0.8777777777777778,0.6265674785004618,11,0.9,0.12222222222222222
scene0347_02-scene0347_01,12,False,100,96,11,1.0,0.9090909361839294,9.090909004211426,6.18181848526001,0.8777777777777778,0.7312048315479044,11,0.9,0.12222222222222222
scene0347_03-scene0347_00,0,True,100,0,12,0.0,0.0,0.0,0.0,0.0,0.0,0,0.0,0.0
scene0347_03-scene0347_00,1,True,100,82,12,1.0,0.9166666865348816,7.833333492279053,3.3333334922790527,0.8285714285714286,0.6009833128725897,12,0.7,0.17142857142857143
scene0347_03-scene0347_00,2,True,100,84,12,1.0,0.9166666865348816,7.1666669845581055,4.25,0.8260869565217391,0.6939674630655465,12,0.69,0.17391304347826086
scene0347_03-scene0347_00,3,True,100,86,12,1.0,0.9166666865348816,7.5,4.583333492279053,0.8378378378378378,0.6314552187808414,12,0.74,0.16216216216216217
scene0347_03-scene0347_00,4,True,100,94,12,1.0,0.9166666865348816,9.166666984558105,5.4166669845581055,0.8666666666666667,0.6455357755459119,12,0.9,0.13333333333333333
scene0347_03-scene0347_00,5,True,100,91,12,1.0,0.9166666865348816,9.416666984558105,4.5,0.8620689655172413,0.6206053856319638,12,0.87,0.13793103448275862
scene0347_03-scene0347_00,6,True,100,88,12,1.0,0.9166666865348816,8.583333969116211,5.083333492279053,0.8571428571428571,0.6363345580314522,12,0.84,0.14285714285714285
scene0347_03-scene0347_00,7,True,100,88,12,1.0,0.8333333730697632,8.0,4.75,0.85,0.6424328392842807,12,0.8,0.15
scene0347_03-scene0347_00,8,True,100,94,12,1.0,0.9166666865348816,9.083333969116211,5.75,0.8666666666666667,0.743438269209374,12,0.9,0.13333333333333333
scene0347_03-scene0347_00,9,True,100,94,12,1.0,0.9166666865348816,9.833333969116211,4.6666669845581055,0.8666666666666667,0.6786111874113742,12,0.9,0.13333333333333333
scene0347_03-scene0347_00,10,True,100,93,12,1.0,0.9166666865348816,9.0,5.9166669845581055,0.875,0.7474170658245401,12,0.88,0.13636363636363635
scene0347_03-scene0347_00,11,True,100,87,12,1.0,0.8333333730697632,8.333333969116211,4.75,0.8481012658227848,0.6691799432221538,12,0.79,0.1518987341772152
scene0347_03-scene0347_00,12,False,100,94,12,1.0,0.9166666865348816,9.25,5.4166669845581055,0.8681318681318682,0.7016071456535155,12,0.91,0.13186813186813187
scene0349_00-scene0349_01,0,True,100,100,4,0.25,0.25,25.0,25.0,0.99,1.0,1,1.0,0.01
scene0349_00-scene0349_01,1,True,100,86,4,1.0,0.75,17.25,7.25,0.9344262295081968,0.6889920800286509,4,0.61,0.06557377049180328
scene0349_00-scene0349_01,2,True,100,86,4,1.0,1.0,16.5,9.75,0.9354838709677419,0.679362193476207,4,0.62,0.06451612903225806
scene0349_00-scene0349_01,3,True,100,78,4,1.0,1.0,12.25,9.25,0.9166666666666666,0.7190250269554812,4,0.48,0.08333333333333333
scene0349_00-scene0349_01,4,True,100,91,4,1.0,1.0,16.5,9.25,0.9384615384615385,0.6320638032548247,4,0.65,0.06153846153846154
scene0349_00-scene0349_01,5,True,100,91,4,1.0,1.0,17.0,9.0,0.9384615384615385,0.625077137950103,4,0.65,0.06153846153846154
scene0349_00-scene0349_01,6,True,100,94,4,1.0,1.0,17.75,12.0,0.9402985074626866,0.6783831721693012,4,0.67,0.05970149253731343
scene0349_00-scene0349_01,7,True,100,95,4,1.0,1.0,15.5,14.25,0.9354838709677419,0.7691375176979707,4,0.62,0.06451612903225806
scene0349_00-scene0349_01,8,True,100,96,4,1.0,1.0,15.5,13.0,0.9354838709677419,0.7611400982250973,4,0.62,0.06451612903225806
scene0349_00-scene0349_01,9,True,100,95,4,1.0,1.0,14.75,11.5,0.9322033898305084,0.7010093132154115,4,0.59,0.06779661016949153
scene0349_00-scene0349_01,10,True,100,96,4,1.0,1.0,15.5,13.25,0.9354838709677419,0.78645354792898,4,0.62,0.06451612903225806
scene0349_00-scene0349_01,11,True,100,93,4,1.0,1.0,14.25,12.75,0.9298245614035088,0.7361574961569315,4,0.57,0.07017543859649122
scene0349_00-scene0349_01,12,False,100,96,4,1.0,1.0,15.5,12.75,0.9354838709677419,0.7465559923673566,4,0.62,0.06451612903225806
scene0349_01-scene0349_02,0,True,100,100,4,0.25,0.0,25.0,0.0,0.99,1.0,1,1.0,0.01
scene0349_01-scene0349_02,1,True,100,79,4,1.0,1.0,15.25,10.75,0.9322033898305084,0.6246403270942185,4,0.59,0.06779661016949153
scene0349_01-scene0349_02,2,True,100,82,4,1.0,1.0,16.5,11.75,0.9375,0.6118567542135139,4,0.64,0.0625
scene0349_01-scene0349_02,3,True,100,83,4,1.0,1.0,12.25,9.5,0.9183673469387755,0.6818137886729223,4,0.49,0.08163265306122448
scene0349_01-scene0349_02,4,True,100,95,4,1.0,1.0,15.5,11.5,0.9354838709677419,0.6284753293104803,4,0.62,0.06451612903225806
scene0349_01-scene0349_02,5,True,100,94,4,1.0,1.0,14.75,9.0,0.9298245614035088,0.6198741773400327,4,0.57,0.07017543859649122
scene0349_01-scene0349_02,6,True,100,95,4,1.0,1.0,16.25,13.5,0.9365079365079365,0.6954440135590568,4,0.63,0.06349206349206349
scene0349_01-scene0349_02,7,True,100,93,4,1.0,1.0,15.5,12.75,0.9354838709677419,0.7226138965969175,4,0.62,0.06451612903225806
scene0349_01-scene0349_02,8,True,100,96,4,1.0,1.0,17.0,13.25,0.9393939393939394,0.739315556710238,4,0.66,0.06060606060606061
scene0349_01-scene0349_02,9,True,100,95,4,1.0,1.0,16.0,11.5,0.9375,0.6752140035792245,4,0.64,0.0625
scene0349_01-scene0349_02,10,True,100,97,4,1.0,1.0,16.25,14.0,0.9384615384615385,0.7222413571730052,4,0.65,0.06153846153846154
scene0349_01-scene0349_02,11,True,100,96,4,1.0,1.0,15.5,12.5,0.9354838709677419,0.6783883553428748,4,0.62,0.06451612903225806
scene0349_01-scene0349_02,12,False,100,97,4,1.0,1.0,15.5,12.5,0.9354838709677419,0.7405393719125319,4,0.62,0.06451612903225806
scene0349_02-scene0349_00,0,True,100,100,4,0.25,0.0,25.0,0.0,0.99,1.0,1,1.0,0.01
scene0349_02-scene0349_00,1,True,100,74,4,1.0,0.75,11.25,7.75,0.9111111111111111,0.5367598192298354,4,0.45,0.08888888888888889
scene0349_02-scene0349_00,2,True,100,74,4,1.0,0.75,11.0,6.75,0.9090909090909091,0.6917746266484713,4,0.44,0.09090909090909091
scene0349_02-scene0349_00,3,True,100,90,4,1.0,0.75,12.0,8.25,0.9166666666666666,0.806278788976455,4,0.48,0.08333333333333333
scene0349_02-scene0349_00,4,True,100,95,4,1.0,0.75,14.5,7.25,0.9310344827586207,0.6811087044335685,4,0.58,0.06896551724137931
scene0349_02-scene0349_00,5,True,100,94,4,1.0,0.75,12.5,6.5,0.92,0.6816501405344091,4,0.5,0.08
scene0349_02-scene0349_00,6,True,100,95,4,1.0,0.75,14.25,8.75,0.9298245614035088,0.730111345771481,4,0.57,0.07017543859649122
scene0349_02-scene0349_00,7,True,100,93,4,1.0,0.75,16.0,10.5,0.9375,0.6938755389103908,4,0.64,0.0625
scene0349_02-scene0349_00,8,True,100,94,4,1.0,0.75,13.0,8.75,0.9230769230769231,0.7804350885992629,4,0.52,0.07692307692307693
scene0349_02-scene0349_00,9,True,100,95,4,1.0,0.75,13.75,7.0,0.9272727272727272,0.6917565830694843,4,0.55,0.07272727272727272
scene0349_02-scene0349_00,10,True,100,96,4,1.0,0.75,14.0,9.75,0.9285714285714286,0.7985457782015245,4,0.56,0.07142857142857142
scene0349_02-scene0349_00,11,True,100,94,4,1.0,0.75,15.0,9.0,0.9333333333333333,0.6373223215679463,4,0.6,0.06666666666666667
scene0349_02-scene0349_00,12,False,100,96,4,1.0,0.75,13.25,8.25,0.9245283018867925,0.6687919809871042,4,0.53,0.07547169811320754
scene0359_00-scene0359_01,0,True,100,100,6,0.0,0.0,0.0,0.0,0.0,0.0,0,0.0,0.0
scene0359_00-scene0359_01,1,True,100,57,6,1.0,1.0,9.5,4.333333492279053,0.85,0.529254128811536,6,0.4,0.15
scene0359_00-scene0359_01,2,True,100,46,6,1.0,1.0,6.333333492279053,4.1666669845581055,0.8181818181818182,0.567413233808781,6,0.33,0.18181818181818182
scene0359_00-scene0359_01,3,True,100,87,6,1.0,1.0,15.166666984558105,8.833333969116211,0.9142857142857143,0.5780222937276092,6,0.7,0.08571428571428572
scene0359_00-scene0359_01,4,True,100,96,6,1.0,1.0,12.833333969116211,9.333333969116211,0.9178082191780822,0.6287376620529238,6,0.73,0.0821917808219178
scene0359_00-scene0359_01,5,True,100,91,6,1.0,1.0,11.333333969116211,8.333333969116211,0.9090909090909091,0.6070954854491398,6,0.66,0.09090909090909091
scene0359_00-scene0359_01,6,True,100,85,6,1.0,1.0,10.5,6.6666669845581055,0.8947368421052632,0.5782072957034802,6,0.57,0.10526315789473684
scene0359_00-scene0359_01,7,True,100,95,6,1.0,1.0,12.833333969116211,9.166666984558105,0.9166666666666666,0.5933616257139614,6,0.72,0.08333333333333333
scene0359_00-scene0359_01,8,True,100,100,6,1.0,1.0,11.833333969116211,10.166666984558105,0.9154929577464789,0.6563347225253868,6,0.71,0.08450704225352113
scene0359_00-scene0359_01,9,True,100,97,6,1.0,1.0,11.0,8.833333969116211,0.9076923076923077,0.6484230598809754,6,0.65,0.09230769230769231
scene0359_00-scene0359_01,10,True,100,86,6,1.0,1.0,9.5,7.333333492279053,0.8888888888888888,0.610254253662033,6,0.54,0.1111111111111111
scene0359_00-scene0359_01,11,True,100,90,6,1.0,1.0,10.833333969116211,8.333333969116211,0.9032258064516129,0.6097567040320451,6,0.62,0.0967741935483871
scene0359_00-scene0359_01,12,False,100,98,6,1.0,1.0,11.5,10.0,0.9090909090909091,0.7331238112535349,6,0.66,0.09090909090909091
scene0359_01-scene0359_00,0,True,100,100,6,0.0,0.0,0.0,0.0,0.0,0.0,0,0.0,0.0
scene0359_01-scene0359_00,1,True,100,58,6,1.0,0.8333333730697632,9.0,4.6666669845581055,0.8636363636363636,0.5358660990005262,6,0.44,0.13636363636363635
scene0359_01-scene0359_00,2,True,100,48,6,1.0,1.0,7.6666669845581055,4.1666669845581055,0.8461538461538461,0.5298494514785962,6,0.39,0.15384615384615385
scene0359_01-scene0359_00,3,True,100,83,6,1.0,1.0,15.166666984558105,8.0,0.9104477611940298,0.5608419984894455,6,0.67,0.08955223880597014
scene0359_01-scene0359_00,4,True,100,92,6,1.0,1.0,12.0,8.333333969116211,0.9117647058823529,0.5762954322963345,6,0.68,0.08823529411764706
scene0359_01-scene0359_00,5,True,100,93,6,1.0,1.0,11.833333969116211,8.5,0.9130434782608695,0.5978430891211363,6,0.69,0.08695652173913043
scene0359_01-scene0359_00,6,True,100,79,6,1.0,1.0,9.5,6.1666669845581055,0.8846153846153846,0.5542343012222243,6,0.52,0.11538461538461539
scene0359_01-scene0359_00,7,True,100,93,6,1.0,1.0,13.666666984558105,9.0,0.9117647058823529,0.5326983580433028,6,0.68,0.08823529411764706
scene0359_01-scene0359_00,8,True,100,97,6,1.0,1.0,12.5,9.666666984558105,0.9142857142857143,0.6427204877010777,6,0.7,0.08571428571428572
scene0359_01-scene0359_00,9,True,100,97,6,1.0,1.0,12.666666984558105,8.5,0.9117647058823529,0.5442209784765687,6,0.68,0.08823529411764706
scene0359_01-scene0359_00,10,True,100,86,6,1.0,1.0,10.5,6.1666669845581055,0.8928571428571429,0.5613251006674906,6,0.56,0.10714285714285714
scene0359_01-scene0359_00,11,True,100,93,6,1.0,1.0,13.166666984558105,8.0,0.9130434782608695,0.5123321347352203,6,0.69,0.08695652173913043
scene0359_01-scene0359_00,12,False,100,96,6,1.0,1.0,12.0,8.5,0.9104477611940298,0.5710125431359554,6,0.67,0.08955223880597014
scene0369_00-scene0369_01,0,True,100,100,15,0.0,0.0,0.0,0.0,0.0,0.0,0,0.0,0.0
scene0369_00-scene0369_01,1,True,100,91,15,0.6666666865348816,0.40000003576278687,4.266666889190674,1.133333444595337,0.847457627118644,0.5977874684054949,10,0.59,0.1694915254237288
scene0369_00-scene0369_01,2,True,100,82,15,0.8666667342185974,0.6666666865348816,4.733333587646484,2.200000047683716,0.8225806451612904,0.5603298402544278,13,0.62,0.20967741935483872
scene0369_00-scene0369_01,3,True,100,87,15,0.8666667342185974,0.6666666865348816,5.066667079925537,2.4000000953674316,0.8181818181818182,0.699131653828768,13,0.66,0.19696969696969696
scene0369_00-scene0369_01,4,True,100,92,15,0.8666667342185974,0.7333333492279053,5.066667079925537,3.066666841506958,0.8088235294117647,0.7727459347512149,13,0.68,0.19117647058823528
scene0369_00-scene0369_01,5,True,100,97,15,0.8666667342185974,0.7333333492279053,5.533333778381348,3.266666889190674,0.8356164383561644,0.7265136097040441,13,0.73,0.1780821917808219
scene0369_00-scene0369_01,6,True,100,91,15,0.8666667342185974,0.7333333492279053,5.000000476837158,3.200000286102295,0.8125,0.7579476127971956,13,0.64,0.203125
scene0369_00-scene0369_01,7,True,100,92,15,0.8666667342185974,0.7333333492279053,4.800000190734863,3.000000238418579,0.8064516129032258,0.8162549730785732,13,0.62,0.20967741935483872
scene0369_00-scene0369_01,8,True,100,95,15,0.8666667342185974,0.8000000715255737,5.333333492279053,3.266666889190674,0.8285714285714286,0.8241137300025333,13,0.7,0.18571428571428572
scene0369_00-scene0369_01,9,True,100,96,15,0.8666667342185974,0.8000000715255737,5.6666669845581055,3.266666889190674,0.84,0.750839793960408,13,0.75,0.17333333333333334
scene0369_00-scene0369_01,10,True,100,94,15,0.8666667342185974,0.7333333492279053,5.200000286102295,3.066666841506958,0.8235294117647058,0.8129049888507804,13,0.68,0.19117647058823528
scene0369_00-scene0369_01,11,True,100,95,15,0.8666667342185974,0.7333333492279053,5.000000476837158,2.866666793823242,0.8153846153846154,0.7783297994339526,13,0.65,0.2
scene0369_00-scene0369_01,12,False,100,98,15,0.8666667342185974,0.7333333492279053,5.800000190734863,2.933333396911621,0.821917808219178,0.7244143669581057,13,0.73,0.1780821917808219
scene0369_01-scene0369_00,0,True,100,100,15,0.0,0.0,0.0,0.0,0.0,0.0,0,0.0,0.0
scene0369_01-scene0369_00,1,True,100,100,15,0.13333334028720856,0.06666667014360428,6.6666669845581055,3.066666841506958,0.98,0.7005488012855741,2,1.0,0.02
scene0369_01-scene0369_00,2,True,100,97,15,0.5333333611488342,0.20000001788139343,6.600000381469727,0.8000000715255737,0.9230769230769231,0.7438255667206747,8,0.91,0.08791208791208792
scene0369_01-scene0369_00,3,True,100,90,15,0.7333333492279053,0.6000000238418579,6.000000476837158,2.6000001430511475,0.8493150684931506,0.5837839238539144,11,0.73,0.1506849315068493
scene0369_01-scene0369_00,4,True,100,96,15,0.8666667342185974,0.6000000238418579,4.733333587646484,2.7333335876464844,0.8153846153846154,0.6901768857370252,13,0.65,0.2
scene0369_01-scene0369_00,5,True,100,92,15,0.8000000715255737,0.7333333492279053,4.800000190734863,3.000000238418579,0.7966101694915254,0.6228864074119029,12,0.59,0.2033898305084746
scene0369_01-scene0369_00,6,True,100,83,15,0.8666667342185974,0.6000000238418579,4.200000286102295,2.266666889190674,0.7592592592592593,0.6644957251025035,13,0.54,0.24074074074074073
scene0369_01-scene0369_00,7,True,100,93,15,0.8666667342185974,0.8000000715255737,5.200000286102295,2.933333396911621,0.8,0.6669073966362619,13,0.65,0.2
scene0369_01-scene0369_00,8,True,100,96,15,0.8666667342185974,0.8666667342185974,5.000000476837158,3.4666669368743896,0.803030303030303,0.732930190662543,13,0.66,0.19696969696969696
scene0369_01-scene0369_00,9,True,100,97,15,0.8666667342185974,0.7333333492279053,5.600000381469727,3.000000238418579,0.8142857142857143,0.6831453648897318,13,0.7,0.18571428571428572
scene0369_01-scene0369_00,10,True,100,93,15,0.8666667342185974,0.8000000715255737,5.6666669845581055,3.866666793823242,0.8169014084507042,0.7481317518774523,13,0.71,0.18309859154929578
scene0369_01-scene0369_00,11,True,100,96,15,0.8666667342185974,0.8666667342185974,4.933333396911621,2.933333396911621,0.7903225806451613,0.7489543093783821,13,0.62,0.20967741935483872
scene0369_01-scene0369_00,12,False,100,97,15,0.8666667342185974,0.8000000715255737,5.200000286102295,3.133333444595337,0.8,0.7553690164867375,13,0.65,0.2
scene0379_00-scene0379_01,0,True,100,0,6,0.0,0.0,0.0,0.0,0.0,0.0,0,0.0,0.0
scene0379_00-scene0379_01,1,True,100,77,6,0.6666666865348816,0.0,2.1666667461395264,0.0,0.75,0.4267355325045409,4,0.12,0.3333333333333333
scene0379_00-scene0379_01,2,True,100,73,6,0.5,0.1666666716337204,2.6666667461395264,0.6666666865348816,0.8666666666666667,0.5096948089413955,3,0.15,0.2
scene0379_00-scene0379_01,3,True,100,92,6,0.5,0.1666666716337204,3.0,0.3333333432674408,0.8571428571428571,0.6358802156715557,3,0.14,0.21428571428571427
scene0379_00-scene0379_01,4,True,100,98,6,0.5,0.1666666716337204,4.333333492279053,0.6666666865348816,0.875,0.4615040470950848,3,0.24,0.125
scene0379_00-scene0379_01,5,True,100,98,6,0.6666666865348816,0.1666666716337204,3.3333334922790527,0.5,0.8,0.4746508726024443,4,0.2,0.2
scene0379_00-scene0379_01,6,True,100,98,6,0.5,0.1666666716337204,4.1666669845581055,0.6666666865348816,0.8636363636363636,0.6206761805379453,3,0.22,0.13636363636363635
scene0379_00-scene0379_01,7,True,100,100,6,0.5,0.1666666716337204,5.0,0.3333333432674408,0.8695652173913043,0.4725435835959977,3,0.23,0.13043478260869565
scene0379_00-scene0379_01,8,True,100,100,6,0.6666666865348816,0.1666666716337204,5.6666669845581055,0.6666666865348816,0.8620689655172413,0.4633185013191341,4,0.29,0.13793103448275862
scene0379_00-scene0379_01,9,True,100,100,6,0.5,0.1666666716337204,4.1666669845581055,0.3333333432674408,0.8695652173913043,0.41370158521517825,3,0.23,0.13043478260869565
scene0379_00-scene0379_01,10,True,100,98,6,0.5,0.3333333432674408,4.5,1.3333333730697632,0.8695652173913043,0.6158588485909509,3,0.23,0.13043478260869565
scene0379_00-scene0379_01,11,True,100,97,6,0.5,0.1666666716337204,4.5,0.6666666865348816,0.85,0.6753968773501935,3,0.2,0.15
scene0379_00-scene0379_01,12,False,100,99,6,0.5,0.1666666716337204,5.6666669845581055,0.6666666865348816,0.8928571428571429,0.44639843712230265,3,0.28,0.10714285714285714
scene0379_01-scene0379_00,0,True,100,0,6,0.0,0.0,0.0,0.0,0.0,0.0,0,0.0,0.0
scene0379_01-scene0379_00,1,True,100,76,6,0.5,0.1666666716337204,3.0,0.1666666716337204,0.8333333333333334,0.47188852799053377,3,0.18,0.16666666666666666
scene0379_01-scene0379_00,2,True,100,73,6,0.6666666865348816,0.1666666716337204,2.6666667461395264,0.1666666716337204,0.75,0.5843530758175739,4,0.16,0.25
scene0379_01-scene0379_00,3,True,100,90,6,0.5,0.0,4.333333492279053,0.0,0.88,0.37295747343094865,3,0.25,0.12
scene0379_01-scene0379_00,4,True,100,97,6,0.5,0.0,5.333333492279053,0.0,0.8888888888888888,0.3872673372889199,3,0.27,0.1111111111111111
scene0379_01-scene0379_00,5,True,100,97,6,0.5,0.1666666716337204,5.5,0.1666666716337204,0.8888888888888888,0.3909249940181503,3,0.27,0.1111111111111111
scene0379_01-scene0379_00,6,True,100,96,6,0.5,0.1666666716337204,5.6666669845581055,0.5,0.8928571428571429,0.6230165075797301,3,0.28,0.10714285714285714
scene0379_01-scene0379_00,7,True,100,97,6,0.5,0.1666666716337204,5.5,0.1666666716337204,0.8846153846153846,0.49632059626609965,3,0.26,0.11538461538461539
scene0379_01-scene0379_00,8,True,100,98,6,0.5,0.1666666716337204,5.6666669845581055,0.3333333432674408,0.8846153846153846,0.502454086293087,3,0.26,0.11538461538461539
scene0379_01-scene0379_00,9,True,100,97,6,0.5,0.1666666716337204,5.0,0.3333333432674408,0.88,0.4526323600687882,3,0.25,0.12
scene0379_01-scene0379_00,10,True,100,97,6,0.5,0.1666666716337204,5.333333492279053,0.6666666865348816,0.8846153846153846,0.5067812663929485,3,0.26,0.11538461538461539
scene0379_01-scene0379_00,11,True,100,97,6,0.5,0.1666666716337204,6.0,0.5,0.8888888888888888,0.47294219971450757,3,0.27,0.1111111111111111
scene0379_01-scene0379_00,12,False,100,98,6,0.5,0.1666666716337204,7.0,0.1666666716337204,0.9,0.45897476517447183,3,0.3,0.1
scene0389_00-scene0389_02,0,True,100,100,5,0.0,0.0,0.0,0.0,0.0,0.0,0,0.0,0.0
scene0389_00-scene0389_02,1,True,100,100,5,0.20000000298023224,0.0,20.0,0.0,0.99,0.9998060162862142,1,1.0,0.01
scene0389_00-scene0389_02,2,True,100,97,5,0.6000000238418579,0.0,7.0,0.0,0.9142857142857143,0.4592254417130597,3,0.35,0.08571428571428572
scene0389_00-scene0389_02,3,True,100,99,5,0.800000011920929,0.20000000298023224,4.599999904632568,0.20000000298023224,0.8260869565217391,0.43636306364771343,4,0.23,0.17391304347826086
scene0389_00-scene0389_02,4,True,100,99,5,0.800000011920929,0.4000000059604645,4.400000095367432,1.0,0.8181818181818182,0.48874724450263574,4,0.22,0.18181818181818182
scene0389_00-scene0389_02,5,True,100,99,5,0.800000011920929,0.4000000059604645,5.0,1.2000000476837158,0.8333333333333334,0.5216975687151282,4,0.24,0.16666666666666666
scene0389_00-scene0389_02,6,True,100,99,5,0.800000011920929,0.20000000298023224,3.799999952316284,0.800000011920929,0.7894736842105263,0.4430324716063646,4,0.19,0.21052631578947367
scene0389_00-scene0389_02,7,True,100,96,5,0.800000011920929,0.4000000059604645,5.0,2.0,0.84,0.5735825903531981,4,0.25,0.16
scene0389_00-scene0389_02,8,True,100,100,5,0.800000011920929,0.20000000298023224,4.0,0.800000011920929,0.8,0.4588100138691164,4,0.2,0.2
scene0389_00-scene0389_02,9,True,100,98,5,1.0,0.20000000298023224,5.599999904632568,0.800000011920929,0.8214285714285714,0.3790454016114673,5,0.28,0.17857142857142858
scene0389_00-scene0389_02,10,True,100,99,5,1.0,0.20000000298023224,5.599999904632568,1.399999976158142,0.8214285714285714,0.5493255799885878,5,0.28,0.17857142857142858
scene0389_00-scene0389_02,11,True,100,98,5,1.0,0.4000000059604645,5.599999904632568,2.0,0.8214285714285714,0.5102407806552947,5,0.28,0.17857142857142858
scene0389_00-scene0389_02,12,False,100,97,5,0.800000011920929,0.4000000059604645,4.599999904632568,1.399999976158142,0.8260869565217391,0.44105952629383577,4,0.23,0.17391304347826086
scene0389_01-scene0389_00,0,True,100,100,6,0.0,0.0,0.0,0.0,0.0,0.0,0,0.0,0.0
scene0389_01-scene0389_00,1,True,100,86,6,0.6666666865348816,0.1666666716337204,3.0,0.1666666716337204,0.7777777777777778,0.5216992893980609,4,0.18,0.2222222222222222
scene0389_01-scene0389_00,2,True,100,89,6,0.8333333730697632,0.1666666716337204,2.5,0.1666666716337204,0.6666666666666666,0.5398115832358599,5,0.15,0.3333333333333333
scene0389_01-scene0389_00,3,True,100,91,6,1.0,0.3333333432674408,3.0,0.5,0.6666666666666666,0.5139381221749566,6,0.18,0.3333333333333333
scene0389_01-scene0389_00,4,True,100,94,6,0.8333333730697632,0.1666666716337204,4.833333492279053,0.6666666865348816,0.8275862068965517,0.4422460341512567,5,0.29,0.1724137931034483
scene0389_01-scene0389_00,5,True,100,95,6,0.8333333730697632,0.3333333432674408,4.6666669845581055,1.3333333730697632,0.8214285714285714,0.4419161596730964,5,0.28,0.17857142857142858
scene0389_01-scene0389_00,6,True,100,93,6,1.0,0.3333333432674408,4.5,1.3333333730697632,0.7777777777777778,0.5233257789164781,6,0.27,0.2222222222222222
scene0389_01-scene0389_00,7,True,100,95,6,1.0,0.3333333432674408,5.0,1.6666667461395264,0.8,0.5402875788023939,6,0.3,0.2
scene0389_01-scene0389_00,8,True,100,95,6,1.0,0.3333333432674408,5.6666669845581055,2.1666667461395264,0.8235294117647058,0.53911157559817,6,0.34,0.17647058823529413
scene0389_01-scene0389_00,9,True,100,95,6,1.0,0.3333333432674408,5.0,2.1666667461395264,0.8,0.5853695992620722,6,0.3,0.2
scene0389_01-scene0389_00,10,True,100,97,6,1.0,0.3333333432674408,5.0,2.1666667461395264,0.8,0.6568946613455718,6,0.3,0.2
scene0389_01-scene0389_00,11,True,100,97,6,1.0,0.5,5.333333492279053,2.6666667461395264,0.8125,0.6144782649118359,6,0.32,0.1875
scene0389_01-scene0389_00,12,False,100,96,6,0.6666666865348816,0.3333333432674408,4.6666669845581055,2.8333334922790527,0.8571428571428571,0.6809264872608514,4,0.28,0.14285714285714285
scene0389_02-scene0389_01,0,True,100,100,6,0.0,0.0,0.0,0.0,0.0,0.0,0,0.0,0.0
scene0389_02-scene0389_01,1,True,100,84,6,0.5,0.0,2.5,0.0,0.8,0.7052160881313623,3,0.15,0.2
scene0389_02-scene0389_01,2,True,100,87,6,0.6666666865348816,0.0,1.6666667461395264,0.0,0.6,0.5132191696992288,4,0.1,0.4
scene0389_02-scene0389_01,3,True,100,91,6,0.8333333730697632,0.0,3.0,0.0,0.7222222222222222,0.4274951844446121,5,0.18,0.2777777777777778
scene0389_02-scene0389_01,4,True,100,97,6,0.6666666865348816,0.1666666716337204,3.5,0.1666666716337204,0.8095238095238095,0.40190005778777793,4,0.21,0.19047619047619047
scene0389_02-scene0389_01,5,True,100,96,6,0.8333333730697632,0.3333333432674408,4.333333492279053,0.3333333432674408,0.8076923076923077,0.40461151499529274,5,0.26,0.19230769230769232
scene0389_02-scene0389_01,6,True,100,96,6,0.5,0.1666666716337204,2.3333334922790527,0.1666666716337204,0.7857142857142857,0.3817890903079196,3,0.14,0.21428571428571427
scene0389_02-scene0389_01,7,True,100,96,6,0.8333333730697632,0.5,4.333333492279053,0.8333333730697632,0.8076923076923077,0.4212205991582963,5,0.26,0.19230769230769232
scene0389_02-scene0389_01,8,True,100,96,6,0.6666666865348816,0.5,4.1666669845581055,0.8333333730697632,0.84,0.40544213280443425,4,0.25,0.16
scene0389_02-scene0389_01,9,True,100,97,6,0.8333333730697632,0.5,4.5,1.3333333730697632,0.8076923076923077,0.41853154588913183,5,0.26,0.19230769230769232
scene0389_02-scene0389_01,10,True,100,97,6,0.5,0.3333333432674408,3.3333334922790527,0.5,0.85,0.3607966303160148,3,0.2,0.15
scene0389_02-scene0389_01,11,True,100,97,6,0.8333333730697632,0.3333333432674408,4.333333492279053,0.8333333730697632,0.8076923076923077,0.41916503301523267,5,0.26,0.19230769230769232
scene0389_02-scene0389_01,12,False,100,97,6,0.6666666865348816,0.1666666716337204,4.5,1.0,0.8461538461538461,0.45086281647724386,4,0.26,0.15384615384615385
scene0399_00-scene0399_01,0,True,100,100,13,0.0,0.0,0.0,0.0,0.0,0.0,0,0.0,0.0
scene0399_00-scene0399_01,1,True,100,93,13,0.7692307829856873,0.692307710647583,5.0,2.538461685180664,0.8412698412698413,0.6372237362188682,10,0.63,0.15873015873015872
scene0399_00-scene0399_01,2,True,100,93,13,0.8461538553237915,0.692307710647583,5.384615421295166,3.153846263885498,0.8333333333333334,0.6741165371312128,11,0.66,0.16666666666666666
scene0399_00-scene0399_01,3,True,100,97,13,0.9230769872665405,0.7692307829856873,5.153846263885498,3.230769395828247,0.8181818181818182,0.6395231676330867,12,0.66,0.18181818181818182
scene0399_00-scene0399_01,4,True,100,98,13,1.0,0.7692307829856873,6.615385055541992,3.769230842590332,0.8433734939759037,0.6117899033127775,13,0.83,0.1566265060240964
scene0399_00-scene0399_01,5,True,100,97,13,1.0,0.7692307829856873,5.692307949066162,3.461538553237915,0.8194444444444444,0.6995867146652633,13,0.72,0.18055555555555555
scene0399_00-scene0399_01,6,True,100,97,13,1.0,0.7692307829856873,5.92307710647583,3.538461685180664,0.8378378378378378,0.7371939829659707,13,0.74,0.17567567567567569
scene0399_00-scene0399_01,7,True,100,100,13,1.0,0.692307710647583,6.461538791656494,3.615384817123413,0.8518518518518519,0.6432302497335306,13,0.81,0.16049382716049382
scene0399_00-scene0399_01,8,True,100,100,13,1.0,0.692307710647583,6.384615421295166,3.846153974533081,0.8395061728395061,0.6974822865148324,13,0.81,0.16049382716049382
scene0399_00-scene0399_01,9,True,100,99,13,1.0,0.692307710647583,6.615385055541992,3.846153974533081,0.8433734939759037,0.691841869960512,13,0.83,0.1566265060240964
scene0399_00-scene0399_01,10,True,100,99,13,0.9230769872665405,0.692307710647583,6.384615421295166,3.92307710647583,0.8658536585365854,0.680669681505086,12,0.82,0.14634146341463414
scene0399_00-scene0399_01,11,True,100,98,13,1.0,0.692307710647583,6.0,4.0,0.8441558441558441,0.6944617028016118,13,0.77,0.16883116883116883
scene0399_00-scene0399_01,12,False,100,99,13,1.0,0.692307710647583,6.384615421295166,3.92307710647583,0.8375,0.6901879431691846,13,0.8,0.1625
scene0399_01-scene0399_02,0,True,100,100,11,0.09090909361839294,0.09090909361839294,9.090909004211426,9.090909004211426,0.99,1.0,1,1.0,0.01
scene0399_01-scene0399_02,1,True,100,0,11,0.0,0.0,0.0,0.0,0.0,0.0,0,0.0,0.0
scene0399_01-scene0399_02,2,True,100,91,11,0.8181818723678589,0.3636363744735718,6.727272987365723,2.090909242630005,0.8615384615384616,0.5051623000290947,9,0.65,0.13846153846153847
scene0399_01-scene0399_02,3,True,100,97,11,1.0,0.8181818723678589,7.363636493682861,3.090909242630005,0.8513513513513513,0.49715286605745357,11,0.74,0.14864864864864866
scene0399_01-scene0399_02,4,True,100,98,11,1.0,0.7272727489471436,7.363636493682861,2.8181819915771484,0.8571428571428571,0.5181525470156952,11,0.77,0.14285714285714285
scene0399_01-scene0399_02,5,True,100,98,11,1.0,1.0,7.727272987365723,3.2727274894714355,0.8625,0.5292242637502517,11,0.8,0.1375
scene0399_01-scene0399_02,6,True,100,99,11,1.0,0.9090909361839294,7.18181848526001,3.3636364936828613,0.8589743589743589,0.5596677082087113,11,0.78,0.14102564102564102
scene0399_01-scene0399_02,7,True,100,98,11,1.0,1.0,7.363636493682861,3.2727274894714355,0.8589743589743589,0.5551668082428808,11,0.78,0.14102564102564102
scene0399_01-scene0399_02,8,True,100,98,11,1.0,0.8181818723678589,6.909090995788574,2.545454502105713,0.8533333333333334,0.5667439934078198,11,0.75,0.14666666666666667
scene0399_01-scene0399_02,9,True,100,97,11,1.0,0.7272727489471436,6.727272987365723,3.454545497894287,0.8428571428571429,0.6552945763925353,11,0.7,0.15714285714285714
scene0399_01-scene0399_02,10,True,100,97,11,1.0,0.8181818723678589,6.727272987365723,3.1818182468414307,0.8472222222222222,0.5925257839793658,11,0.72,0.1527777777777778
scene0399_01-scene0399_02,11,True,100,97,11,1.0,0.8181818723678589,7.18181848526001,3.3636364936828613,0.8607594936708861,0.5853157780639013,11,0.79,0.13924050632911392
scene0399_01-scene0399_02,12,False,100,98,11,1.0,0.8181818723678589,7.454545497894287,3.1818182468414307,0.8625,0.5581621317689618,11,0.8,0.1375
scene0399_02-scene0399_03,0,True,100,100,12,0.0833333358168602,0.0833333358168602,8.333333969116211,8.333333969116211,0.99,1.0,1,1.0,0.01
scene0399_02-scene0399_03,1,True,100,96,12,0.8333333730697632,0.5833333730697632,7.583333492279053,2.75,0.875,0.5910945517168595,10,0.8,0.125
scene0399_02-scene0399_03,2,True,100,93,12,0.75,0.5833333730697632,6.1666669845581055,2.75,0.8695652173913043,0.5706083684777602,9,0.69,0.13043478260869565
scene0399_02-scene0399_03,3,True,100,93,12,0.8333333730697632,0.8333333730697632,6.4166669845581055,3.5,0.8611111111111112,0.6161744366597258,10,0.72,0.1388888888888889
scene0399_02-scene0399_03,4,True,100,94,12,0.8333333730697632,0.75,5.583333492279053,3.5833334922790527,0.8484848484848485,0.6840091276086039,10,0.66,0.15151515151515152
scene0399_02-scene0399_03,5,True,100,94,12,0.8333333730697632,0.75,5.9166669845581055,3.5833334922790527,0.8591549295774648,0.6815600193725522,10,0.71,0.14084507042253522
scene0399_02-scene0399_03,6,True,100,95,12,0.8333333730697632,0.6666666865348816,5.583333492279053,3.5,0.8507462686567164,0.7415791558263269,10,0.67,0.14925373134328357
scene0399_02-scene0399_03,7,True,100,95,12,0.8333333730697632,0.6666666865348816,5.583333492279053,3.5833334922790527,0.8484848484848485,0.7898279095326013,10,0.66,0.15151515151515152
scene0399_02-scene0399_03,8,True,100,97,12,0.8333333730697632,0.75,5.75,3.6666667461395264,0.855072463768116,0.7175983133332773,10,0.69,0.14492753623188406
scene0399_02-scene0399_03,9,True,100,96,12,0.8333333730697632,0.75,5.5,3.3333334922790527,0.8484848484848485,0.7485233912155276,10,0.66,0.15151515151515152
scene0399_02-scene0399_03,10,True,100,92,12,0.8333333730697632,0.6666666865348816,5.833333492279053,3.3333334922790527,0.8571428571428571,0.669634082480936,10,0.7,0.14285714285714285
scene0399_02-scene0399_03,11,True,100,93,12,0.8333333730697632,0.6666666865348816,6.0,3.5833334922790527,0.8611111111111112,0.6725604080935367,10,0.72,0.1388888888888889
scene0399_02-scene0399_03,12,False,100,96,12,0.8333333730697632,0.6666666865348816,6.4166669845581055,4.1666669845581055,0.8701298701298701,0.6871195356443949,10,0.77,0.12987012987012986
scene0399_03-scene0399_00,0,True,100,100,14,0.0,0.0,0.0,0.0,0.0,0.0,0,0.0,0.0
scene0399_03-scene0399_00,1,True,100,95,14,0.6428571939468384,0.4285714626312256,4.714285850524902,2.2142858505249023,0.8596491228070176,0.6542442297774874,9,0.57,0.15789473684210525
scene0399_03-scene0399_00,2,True,100,90,14,0.7142857313156128,0.5,3.5714287757873535,2.2857143878936768,0.7872340425531915,0.7465006940327822,10,0.47,0.2127659574468085
scene0399_03-scene0399_00,3,True,100,93,14,0.785714328289032,0.5714285969734192,4.142857551574707,2.5714287757873535,0.8,0.7533395365661312,11,0.55,0.2
scene0399_03-scene0399_00,4,True,100,97,14,0.8571429252624512,0.6428571939468384,4.785714626312256,2.9285714626312256,0.828125,0.668176205655826,12,0.64,0.1875
scene0399_03-scene0399_00,5,True,100,94,14,0.785714328289032,0.6428571939468384,4.285714626312256,2.7857143878936768,0.8166666666666667,0.6526785358168918,11,0.6,0.18333333333333332
scene0399_03-scene0399_00,6,True,100,99,14,0.785714328289032,0.6428571939468384,4.785714626312256,2.642857313156128,0.8333333333333334,0.632641370342542,11,0.66,0.16666666666666666
scene0399_03-scene0399_00,7,True,100,95,14,0.785714328289032,0.6428571939468384,4.214285850524902,3.000000238418579,0.8103448275862069,0.687224907365938,11,0.58,0.1896551724137931
scene0399_03-scene0399_00,8,True,100,98,14,0.785714328289032,0.6428571939468384,4.642857551574707,3.000000238418579,0.828125,0.6811780189758444,11,0.64,0.171875
scene0399_03-scene0399_00,9,True,100,99,14,0.785714328289032,0.6428571939468384,4.214285850524902,2.7857143878936768,0.8103448275862069,0.6754174284733735,11,0.58,0.1896551724137931
scene0399_03-scene0399_00,10,True,100,96,14,0.785714328289032,0.6428571939468384,4.142857551574707,2.642857313156128,0.8103448275862069,0.6437519993596423,11,0.58,0.1896551724137931
scene0399_03-scene0399_00,11,True,100,97,14,0.785714328289032,0.6428571939468384,4.142857551574707,2.9285714626312256,0.8070175438596491,0.6784970971715191,11,0.57,0.19298245614035087
scene0399_03-scene0399_00,12,False,100,100,14,0.785714328289032,0.6428571939468384,4.857142925262451,3.000000238418579,0.8382352941176471,0.6117107774390695,11,0.68,0.16176470588235295
scene0409_00-scene0409_02,0,True,100,100,19,0.0,0.0,0.0,0.0,0.0,0.0,0,0.0,0.0
scene0409_00-scene0409_02,1,True,100,85,19,0.7894737124443054,0.5263158082962036,4.0,1.4736841917037964,0.8059701492537313,0.5550797999096222,15,0.67,0.22388059701492538
scene0409_00-scene0409_02,2,True,100,94,19,0.7368420958518982,0.5263158082962036,3.8947367668151855,2.0,0.803030303030303,0.5967539128399474,14,0.66,0.21212121212121213
scene0409_00-scene0409_02,3,True,100,95,19,0.8947368264198303,0.5263158082962036,4.3684210777282715,2.0,0.7671232876712328,0.6466787855467225,17,0.73,0.2328767123287671
scene0409_00-scene0409_02,4,True,100,96,19,0.8947368264198303,0.7368420958518982,4.3684210777282715,2.263157844543457,0.7638888888888888,0.6825452723555802,17,0.72,0.2361111111111111
scene0409_00-scene0409_02,5,True,100,97,19,0.8947368264198303,0.6842105388641357,4.157894611358643,1.8421052694320679,0.7575757575757576,0.6412860645250704,17,0.66,0.25757575757575757
scene0409_00-scene0409_02,6,True,100,95,19,0.9473684430122375,0.6315789222717285,4.263157844543457,2.21052622795105,0.7536231884057971,0.7700007854298474,18,0.69,0.2608695652173913
scene0409_00-scene0409_02,7,True,100,94,19,0.7894737124443054,0.6315789222717285,4.6315789222717285,2.4210526943206787,0.8133333333333334,0.6974118517057316,15,0.75,0.2
scene0409_00-scene0409_02,8,True,100,92,19,0.8421052694320679,0.6842105388641357,4.263157844543457,2.263157844543457,0.7777777777777778,0.639057326130569,16,0.72,0.2222222222222222
scene0409_00-scene0409_02,9,True,100,94,19,0.7894737124443054,0.6842105388641357,4.1052632331848145,2.1052632331848145,0.7794117647058824,0.6303841212573342,15,0.68,0.22058823529411764
scene0409_00-scene0409_02,10,True,100,92,19,0.7894737124443054,0.6315789222717285,4.315789699554443,2.0526316165924072,0.7887323943661971,0.7002617120742798,15,0.71,0.2112676056338028
scene0409_00-scene0409_02,11,True,100,94,19,0.7894737124443054,0.5789473652839661,4.5789475440979,2.4210526943206787,0.8,0.6866472949130604,15,0.75,0.2
scene0409_00-scene0409_02,12,False,100,95,19,0.8421052694320679,0.7368420958518982,4.263157844543457,2.4210526943206787,0.7681159420289855,0.6738064643842253,16,0.69,0.2318840579710145
scene0409_01-scene0409_00,0,True,100,100,19,0.0,0.0,0.0,0.0,0.0,0.0,0,0.0,0.0
scene0409_01-scene0409_00,1,True,100,92,19,0.6315789222717285,0.42105263471603394,4.210526466369629,1.1578947305679321,0.8529411764705882,0.6274413890197053,12,0.68,0.17647058823529413
scene0409_01-scene0409_00,2,True,100,94,19,0.8421052694320679,0.6315789222717285,4.736842155456543,2.0,0.7887323943661971,0.7018907371959928,16,0.71,0.22535211267605634
scene0409_01-scene0409_00,3,True,100,98,19,0.8947368264198303,0.5263158082962036,4.473684310913086,1.894736886024475,0.7671232876712328,0.6342675053170803,17,0.73,0.2328767123287671
scene0409_01-scene0409_00,4,True,100,95,19,0.8947368264198303,0.6315789222717285,4.157894611358643,2.3157894611358643,0.7777777777777778,0.6114909727540281,17,0.72,0.2361111111111111
scene0409_01-scene0409_00,5,True,100,92,19,0.8947368264198303,0.6315789222717285,3.6842105388641357,2.1052632331848145,0.7619047619047619,0.6806575427230318,17,0.63,0.2698412698412698
scene0409_01-scene0409_00,6,True,100,92,19,0.8947368264198303,0.6315789222717285,3.78947377204895,2.1052632331848145,0.7538461538461538,0.7143642568477878,17,0.65,0.26153846153846155
scene0409_01-scene0409_00,7,True,100,92,19,0.9473684430122375,0.7368420958518982,4.3684210777282715,2.0,0.7536231884057971,0.6595789252135617,18,0.69,0.2608695652173913
scene0409_01-scene0409_00,8,True,100,95,19,0.8947368264198303,0.6315789222717285,4.052631378173828,1.894736886024475,0.75,0.5720461280531965,17,0.68,0.25
scene0409_01-scene0409_00,9,True,100,96,19,0.8421052694320679,0.6315789222717285,4.052631378173828,2.0,0.7575757575757576,0.6516314314563847,16,0.66,0.24242424242424243
scene0409_01-scene0409_00,10,True,100,96,19,0.9473684430122375,0.6842105388641357,4.315789699554443,2.1578948497772217,0.7272727272727273,0.7471587645371308,18,0.66,0.2727272727272727
scene0409_01-scene0409_00,11,True,100,97,19,0.8947368264198303,0.6315789222717285,4.1052632331848145,2.263157844543457,0.7714285714285715,0.7102746073699867,17,0.7,0.24285714285714285
scene0409_01-scene0409_00,12,False,100,97,19,0.8947368264198303,0.6842105388641357,3.8947367668151855,2.0526316165924072,0.7575757575757576,0.6108486704126803,17,0.66,0.25757575757575757
scene0409_02-scene0409_01,0,True,100,100,19,0.0,0.0,0.0,0.0,0.0,0.0,0,0.0,0.0
scene0409_02-scene0409_01,1,True,100,84,19,0.7894737124443054,0.42105263471603394,4.526315689086914,1.736842155456543,0.8243243243243243,0.6571121598088664,15,0.74,0.20270270270270271
scene0409_02-scene0409_01,2,True,100,92,19,0.8947368264198303,0.5789473652839661,4.0,2.4210526943206787,0.7571428571428571,0.6882761563970635,17,0.7,0.24285714285714285
scene0409_02-scene0409_01,3,True,100,93,19,0.9473684430122375,0.6842105388641357,4.263157844543457,2.4210526943206787,0.7571428571428571,0.6413264005528807,18,0.7,0.2571428571428571
scene0409_02-scene0409_01,4,True,100,95,19,0.9473684430122375,0.6842105388641357,4.315789699554443,2.263157844543457,0.76,0.607011657591377,18,0.75,0.24
scene0409_02-scene0409_01,5,True,100,94,19,0.9473684430122375,0.6315789222717285,4.5789475440979,2.1578948497772217,0.7631578947368421,0.5878235337052805,18,0.76,0.23684210526315788
scene0409_02-scene0409_01,6,True,100,96,19,0.9473684430122375,0.7368420958518982,4.3684210777282715,2.4210526943206787,0.7567567567567568,0.674627108444624,18,0.74,0.24324324324324326
scene0409_02-scene0409_01,7,True,100,93,19,0.8947368264198303,0.6842105388641357,4.4210524559021,2.3157894611358643,0.7638888888888888,0.6697970807634213,17,0.72,0.2361111111111111
scene0409_02-scene0409_01,8,True,100,96,19,0.9473684430122375,0.6842105388641357,4.1052632331848145,2.1052632331848145,0.7428571428571429,0.6624118877308709,18,0.7,0.2571428571428571
scene0409_02-scene0409_01,9,True,100,95,19,0.8947368264198303,0.7894737124443054,4.263157844543457,2.21052622795105,0.7671232876712328,0.6406186043841546,17,0.73,0.2328767123287671
scene0409_02-scene0409_01,10,True,100,98,19,0.9473684430122375,0.7368420958518982,4.1052632331848145,2.3684210777282715,0.7428571428571429,0.6916631889434721,18,0.7,0.2571428571428571
scene0409_02-scene0409_01,11,True,100,97,19,0.8947368264198303,0.6842105388641357,4.526315689086914,2.473684310913086,0.7671232876712328,0.7358232700162464,17,0.73,0.2328767123287671
scene0409_02-scene0409_01,12,False,100,97,19,0.9473684430122375,0.6842105388641357,4.1052632331848145,2.6315789222717285,0.75,0.7230988174864331,18,0.72,0.25
scene0419_00-scene0419_02,0,True,100,100,8,0.0,0.0,0.0,0.0,0.0,0.0,0,0.0,0.0
scene0419_00-scene0419_02,1,True,100,93,8,0.875,0.625,11.375,6.5,0.9294117647058824,0.6212237066385189,7,0.85,0.08235294117647059
scene0419_00-scene0419_02,2,True,100,89,8,1.0,0.875,12.125,7.75,0.9146341463414634,0.7234709318068219,8,0.82,0.0975609756097561
scene0419_00-scene0419_02,3,True,100,84,8,1.0,0.875,9.625,6.5,0.8970588235294118,0.7168728989713332,8,0.68,0.11764705882352941
scene0419_00-scene0419_02,4,True,100,96,8,1.0,1.0,11.25,7.625,0.8974358974358975,0.6855841975759815,8,0.78,0.10256410256410256
scene0419_00-scene0419_02,5,True,100,96,8,1.0,1.0,11.625,7.375,0.8974358974358975,0.7192587171778273,8,0.78,0.10256410256410256
scene0419_00-scene0419_02,6,True,100,94,8,1.0,1.0,12.125,8.75,0.9036144578313253,0.8110276826613926,8,0.83,0.0963855421686747
scene0419_00-scene0419_02,7,True,100,94,8,1.0,1.0,10.5,6.75,0.8918918918918919,0.8045271784067154,8,0.74,0.10810810810810811
scene0419_00-scene0419_02,8,True,100,96,8,1.0,0.875,11.25,7.125,0.8974358974358975,0.7839678295304278,8,0.78,0.10256410256410256
scene0419_00-scene0419_02,9,True,100,93,8,1.0,1.0,11.875,7.375,0.9,0.7712649800499579,8,0.8,0.1
scene0419_00-scene0419_02,10,True,100,93,8,1.0,1.0,11.875,8.125,0.9012345679012346,0.8593291406876573,8,0.81,0.09876543209876543
scene0419_00-scene0419_02,11,True,100,98,8,1.0,0.875,10.625,6.5,0.8933333333333333,0.8120917015213955,8,0.75,0.10666666666666667
scene0419_00-scene0419_02,12,False,100,93,8,1.0,0.875,11.375,6.625,0.8961038961038961,0.7988103031196067,8,0.77,0.1038961038961039
scene0419_01-scene0419_00,0,True,100,100,8,0.125,0.0,12.5,0.0,0.99,1.0,1,1.0,0.01
scene0419_01-scene0419_00,1,True,100,88,8,0.875,0.75,7.75,4.75,0.8928571428571429,0.5871754154799477,7,0.56,0.125
scene0419_01-scene0419_00,2,True,100,90,8,1.0,0.875,9.875,6.75,0.8888888888888888,0.6872525458128282,8,0.72,0.1111111111111111
scene0419_01-scene0419_00,3,True,100,89,8,1.0,0.875,9.875,5.25,0.875,0.711887534944311,8,0.64,0.125
scene0419_01-scene0419_00,4,True,100,94,8,1.0,0.875,9.25,5.375,0.8620689655172413,0.7356716981199053,8,0.58,0.13793103448275862
scene0419_01-scene0419_00,5,True,100,93,8,1.0,0.875,9.0,4.5,0.8596491228070176,0.6502666925638914,8,0.57,0.14035087719298245
scene0419_01-scene0419_00,6,True,100,94,8,1.0,0.875,10.25,5.25,0.875,0.68761953970112,8,0.64,0.125
scene0419_01-scene0419_00,7,True,100,97,8,1.0,0.75,9.625,5.375,0.873015873015873,0.7696630994856053,8,0.63,0.12698412698412698
scene0419_01-scene0419_00,8,True,100,97,8,1.0,0.75,9.375,5.125,0.8688524590163934,0.7653630800664202,8,0.61,0.13114754098360656
scene0419_01-scene0419_00,9,True,100,96,8,1.0,0.75,9.0,5.125,0.8596491228070176,0.7807428398470682,8,0.57,0.14035087719298245
scene0419_01-scene0419_00,10,True,100,95,8,1.0,0.875,10.25,5.0,0.8787878787878788,0.7338711071227279,8,0.66,0.12121212121212122
scene0419_01-scene0419_00,11,True,100,99,8,1.0,0.75,9.625,5.625,0.875,0.7799360306150225,8,0.64,0.125
scene0419_01-scene0419_00,12,False,100,98,8,1.0,0.75,9.625,5.625,0.8769230769230769,0.7492009366688743,8,0.65,0.12307692307692308
scene0419_02-scene0419_01,0,True,100,100,8,0.0,0.0,0.0,0.0,0.0,0.0,0,0.0,0.0
scene0419_02-scene0419_01,1,True,100,91,8,0.75,0.625,9.625,6.5,0.918918918918919,0.6328054892685895,6,0.74,0.08108108108108109
scene0419_02-scene0419_01,2,True,100,92,8,0.875,0.875,10.5,7.875,0.9135802469135802,0.7809639348507785,7,0.81,0.08641975308641975
scene0419_02-scene0419_01,3,True,100,90,8,0.875,0.75,9.0,6.875,0.8970588235294118,0.7967754558927711,7,0.68,0.10294117647058823
scene0419_02-scene0419_01,4,True,100,98,8,1.0,0.875,9.625,6.875,0.8888888888888888,0.684644791774363,8,0.72,0.1111111111111111
scene0419_02-scene0419_01,5,True,100,98,8,1.0,0.875,9.25,7.0,0.8823529411764706,0.7082383123536905,8,0.68,0.11764705882352941
scene0419_02-scene0419_01,6,True,100,95,8,1.0,0.875,9.75,7.625,0.8873239436619719,0.7906975906297385,8,0.71,0.11267605633802817
scene0419_02-scene0419_01,7,True,100,96,8,1.0,0.875,7.875,5.75,0.8852459016393442,0.6942194002384778,8,0.61,0.13114754098360656
scene0419_02-scene0419_01,8,True,100,99,8,1.0,0.875,9.25,6.875,0.9014084507042254,0.7059156517927528,8,0.71,0.11267605633802817
scene0419_02-scene0419_01,9,True,100,99,8,1.0,0.875,9.125,7.5,0.8840579710144928,0.7819366460533927,8,0.69,0.11594202898550725
scene0419_02-scene0419_01,10,True,100,98,8,1.0,0.875,9.5,7.625,0.8857142857142857,0.8716618844779545,8,0.7,0.11428571428571428
scene0419_02-scene0419_01,11,True,100,98,8,1.0,0.875,9.125,6.875,0.8970588235294118,0.8293011577747692,8,0.68,0.11764705882352941
scene0419_02-scene0419_01,12,False,100,99,8,1.0,0.875,9.125,6.75,0.8955223880597015,0.717297080392931,8,0.67,0.11940298507462686
scene0429_00-scene0429_02,0,True,100,100,6,0.3333333432674408,0.0,33.333335876464844,0.0,0.99,1.0,2,1.0,0.02
scene0429_00-scene0429_02,1,True,100,78,6,0.8333333730697632,0.8333333730697632,10.166666984558105,7.333333492279053,0.9122807017543859,0.7095458898391924,5,0.57,0.08771929824561403
scene0429_00-scene0429_02,2,True,100,80,6,0.8333333730697632,0.8333333730697632,10.333333969116211,8.333333969116211,0.9152542372881356,0.7614661390148103,5,0.59,0.0847457627118644
scene0429_00-scene0429_02,3,True,100,69,6,0.8333333730697632,0.8333333730697632,7.833333492279053,7.5,0.8936170212765957,0.88644124987343,5,0.47,0.10638297872340426
scene0429_00-scene0429_02,4,True,100,87,6,0.8333333730697632,0.8333333730697632,11.166666984558105,9.666666984558105,0.9230769230769231,0.7893287823517097,5,0.65,0.07692307692307693
scene0429_00-scene0429_02,5,True,100,84,6,0.8333333730697632,0.8333333730697632,10.666666984558105,9.166666984558105,0.9152542372881356,0.7713615937417398,5,0.59,0.0847457627118644
scene0429_00-scene0429_02,6,True,100,89,6,0.8333333730697632,0.8333333730697632,12.666666984558105,10.0,0.9285714285714286,0.6827205656129017,5,0.7,0.07142857142857142
scene0429_00-scene0429_02,7,True,100,85,6,0.8333333730697632,0.8333333730697632,9.5,9.333333969116211,0.9122807017543859,0.9378569589101057,5,0.57,0.08771929824561403
scene0429_00-scene0429_02,8,True,100,92,6,0.8333333730697632,0.8333333730697632,11.833333969116211,11.0,0.9295774647887324,0.8972176844423467,5,0.71,0.07042253521126761
scene0429_00-scene0429_02,9,True,100,89,6,0.8333333730697632,0.8333333730697632,11.166666984558105,9.333333969116211,0.921875,0.7758164611246459,5,0.64,0.078125
scene0429_00-scene0429_02,10,True,100,89,6,0.8333333730697632,0.8333333730697632,11.666666984558105,10.166666984558105,0.9264705882352942,0.7689751536750085,5,0.68,0.07352941176470588
scene0429_00-scene0429_02,11,True,100,85,6,0.8333333730697632,0.8333333730697632,10.5,10.333333969116211,0.9206349206349206,0.9357061388556228,5,0.63,0.07936507936507936
scene0429_00-scene0429_02,12,False,100,93,6,0.8333333730697632,0.8333333730697632,11.333333969116211,11.0,0.9264705882352942,0.9270350500477227,5,0.68,0.07352941176470588
scene0429_01-scene0429_00,0,True,100,100,6,0.3333333432674408,0.0,33.333335876464844,0.0,0.99,1.0,2,1.0,0.02
scene0429_01-scene0429_00,1,True,100,75,6,0.8333333730697632,0.8333333730697632,9.333333969116211,5.833333492279053,0.9038461538461539,0.6857594724299261,5,0.52,0.09615384615384616
scene0429_01-scene0429_00,2,True,100,78,6,0.8333333730697632,0.8333333730697632,9.5,6.833333492279053,0.9074074074074074,0.7270247971094571,5,0.54,0.09259259259259259
scene0429_01-scene0429_00,3,True,100,86,6,0.8333333730697632,0.8333333730697632,8.0,7.0,0.8958333333333334,0.8384276469625852,5,0.48,0.10416666666666667
scene0429_01-scene0429_00,4,True,100,89,6,0.8333333730697632,0.8333333730697632,10.0,8.166666984558105,0.9166666666666666,0.8334023183380188,5,0.6,0.08333333333333333
scene0429_01-scene0429_00,5,True,100,88,6,0.8333333730697632,0.8333333730697632,11.333333969116211,8.666666984558105,0.9242424242424242,0.7759159426417267,5,0.66,0.07575757575757576
scene0429_01-scene0429_00,6,True,100,90,6,0.8333333730697632,0.8333333730697632,12.0,8.833333969116211,0.927536231884058,0.7938275696719239,5,0.69,0.07246376811594203
scene0429_01-scene0429_00,7,True,100,86,6,0.8333333730697632,0.8333333730697632,10.333333969116211,9.0,0.9193548387096774,0.8554131874306635,5,0.62,0.08064516129032258
scene0429_01-scene0429_00,8,True,100,94,6,0.8333333730697632,0.8333333730697632,11.833333969116211,11.333333969116211,0.9295774647887324,0.8584789381615373,5,0.71,0.07042253521126761
scene0429_01-scene0429_00,9,True,100,94,6,0.8333333730697632,0.8333333730697632,11.5,9.833333969116211,0.9253731343283582,0.7796739848221049,5,0.67,0.07462686567164178
scene0429_01-scene0429_00,10,True,100,96,6,0.8333333730697632,0.8333333730697632,12.333333969116211,11.166666984558105,0.9315068493150684,0.8084013371810741,5,0.73,0.0684931506849315
scene0429_01-scene0429_00,11,True,100,93,6,0.8333333730697632,0.8333333730697632,10.333333969116211,9.0,0.9193548387096774,0.8602755123608717,5,0.62,0.08064516129032258
scene0429_01-scene0429_00,12,False,100,94,6,0.8333333730697632,0.8333333730697632,11.5,10.833333969116211,0.927536231884058,0.9075521223312986,5,0.69,0.07246376811594203
scene0429_02-scene0429_01,0,True,100,100,6,0.1666666716337204,0.1666666716337204,16.666667938232422,16.666667938232422,0.99,1.0,1,1.0,0.01
scene0429_02-scene0429_01,1,True,100,84,6,0.8333333730697632,0.6666666865348816,13.166666984558105,11.166666984558105,0.9285714285714286,0.7860062986202666,5,0.7,0.07142857142857142
scene0429_02-scene0429_01,2,True,100,91,6,0.8333333730697632,0.6666666865348816,13.333333969116211,11.833333969116211,0.9358974358974359,0.7254431589180719,5,0.78,0.0641025641025641
scene0429_02-scene0429_01,3,True,100,77,6,0.8333333730697632,0.6666666865348816,10.333333969116211,9.0,0.9193548387096774,0.7941866415376598,5,0.62,0.08064516129032258
scene0429_02-scene0429_01,4,True,100,97,6,0.8333333730697632,0.6666666865348816,12.0,9.333333969116211,0.9305555555555556,0.8263612307908638,5,0.72,0.06944444444444445
scene0429_02-scene0429_01,5,True,100,91,6,0.8333333730697632,0.6666666865348816,10.333333969116211,8.0,0.9180327868852459,0.7960341650247574,5,0.61,0.08196721311475409
scene0429_02-scene0429_01,6,True,100,96,6,0.8333333730697632,0.6666666865348816,11.666666984558105,10.0,0.9285714285714286,0.8004812641791959,5,0.7,0.07142857142857142
scene0429_02-scene0429_01,7,True,100,91,6,0.8333333730697632,0.6666666865348816,10.5,8.333333969116211,0.9206349206349206,0.8310187970488604,5,0.63,0.07936507936507936
scene0429_02-scene0429_01,8,True,100,94,6,0.8333333730697632,0.6666666865348816,10.333333969116211,8.5,0.9193548387096774,0.9030967999826653,5,0.62,0.08064516129032258
scene0429_02-scene0429_01,9,True,100,88,6,0.8333333730697632,0.6666666865348816,9.5,7.5,0.9122807017543859,0.8709461044028121,5,0.57,0.08771929824561403
scene0429_02-scene0429_01,10,True,100,94,6,0.8333333730697632,0.6666666865348816,10.666666984558105,8.833333969116211,0.921875,0.8258659059038529,5,0.64,0.078125
scene0429_02-scene0429_01,11,True,100,92,6,0.8333333730697632,0.6666666865348816,10.333333969116211,8.666666984558105,0.9193548387096774,0.922682993552264,5,0.62,0.08064516129032258
scene0429_02-scene0429_01,12,False,100,96,6,0.8333333730697632,0.6666666865348816,10.833333969116211,9.0,0.9230769230769231,0.9552917258820653,5,0.65,0.07692307692307693
scene0449_00-scene0449_05,0,True,100,100,22,0.04545454680919647,0.0,4.545454502105713,0.0,0.99,1.0,1,1.0,0.01
scene0449_00-scene0449_05,1,True,100,91,22,0.8636363744735718,0.5,4.545454502105713,1.454545497894287,0.7702702702702703,0.6291734406621612,19,0.74,0.25675675675675674
scene0449_00-scene0449_05,2,True,100,87,22,0.9090909361839294,0.3636363744735718,3.909090995788574,1.454545497894287,0.7428571428571429,0.6680382463396812,20,0.7,0.2857142857142857
scene0449_00-scene0449_05,3,True,100,89,22,1.0,0.6363636255264282,3.7272727489471436,1.8636363744735718,0.6865671641791045,0.7367791000534506,22,0.67,0.3283582089552239
scene0449_00-scene0449_05,4,True,100,93,22,1.0,0.7272727489471436,3.8181819915771484,2.5,0.726027397260274,0.7421619986078422,22,0.73,0.3013698630136986
scene0449_00-scene0449_05,5,True,100,94,22,1.0,0.7727273106575012,3.8181819915771484,2.454545497894287,0.7083333333333334,0.7260071002148293,22,0.72,0.3055555555555556
scene0449_00-scene0449_05,6,True,100,95,22,1.0,0.7272727489471436,3.545454740524292,2.6363637447357178,0.7142857142857143,0.8004096329212189,22,0.7,0.3142857142857143
scene0449_00-scene0449_05,7,True,100,91,22,1.0,0.6818181872367859,3.7272727489471436,2.409090995788574,0.7083333333333334,0.8116371861052891,22,0.72,0.3055555555555556
scene0449_00-scene0449_05,8,True,100,93,22,1.0,0.7727273106575012,4.045454502105713,2.5,0.7368421052631579,0.777392123543208,22,0.76,0.2894736842105263
scene0449_00-scene0449_05,9,True,100,96,22,1.0,0.7727273106575012,4.045454502105713,2.3636364936828613,0.7272727272727273,0.705896333232522,22,0.77,0.2857142857142857
scene0449_00-scene0449_05,10,True,100,92,22,1.0,0.6363636255264282,3.454545497894287,2.1363637447357178,0.6911764705882353,0.8218537222128361,22,0.68,0.3235294117647059
scene0449_00-scene0449_05,11,True,100,91,22,0.9545454978942871,0.8181818723678589,3.545454740524292,2.1818182468414307,0.7101449275362319,0.7928429749749956,21,0.69,0.30434782608695654
scene0449_00-scene0449_05,12,False,100,95,22,1.0,0.8181818723678589,3.6818182468414307,2.409090995788574,0.7162162162162162,0.7750453256791637,22,0.74,0.2972972972972973
scene0449_01-scene0449_04,0,True,100,100,20,0.0,0.0,0.0,0.0,0.0,0.0,0,0.0,0.0
scene0449_01-scene0449_04,1,True,100,100,20,0.10000000149011612,0.05000000074505806,8.449999809265137,0.550000011920929,0.9797979797979798,0.7918543013966651,2,0.99,0.020202020202020204
scene0449_01-scene0449_04,2,True,100,93,20,0.800000011920929,0.25,3.4000000953674316,0.30000001192092896,0.7169811320754716,0.5120622840310846,16,0.53,0.3018867924528302
scene0449_01-scene0449_04,3,True,100,93,20,0.949999988079071,0.6500000357627869,3.8500001430511475,1.25,0.7258064516129032,0.6015831547685795,19,0.62,0.3064516129032258
scene0449_01-scene0449_04,4,True,100,94,20,0.9000000357627869,0.75,4.200000286102295,1.9500000476837158,0.7536231884057971,0.5922227279971475,18,0.69,0.2608695652173913
scene0449_01-scene0449_04,5,True,100,92,20,0.9000000357627869,0.6500000357627869,3.799999952316284,1.5500000715255737,0.7333333333333333,0.6100776845894015,18,0.6,0.3
scene0449_01-scene0449_04,6,True,100,91,20,0.949999988079071,0.6000000238418579,3.6000001430511475,1.5500000715255737,0.7301587301587301,0.5799734985030778,19,0.63,0.30158730158730157
scene0449_01-scene0449_04,7,True,100,94,20,0.949999988079071,0.6000000238418579,3.950000047683716,1.7000000476837158,0.746268656716418,0.6292492830547967,19,0.67,0.2835820895522388
scene0449_01-scene0449_04,8,True,100,96,20,1.0,0.699999988079071,4.349999904632568,1.75,0.7361111111111112,0.6408976760983933,20,0.72,0.2777777777777778
scene0449_01-scene0449_04,9,True,100,97,20,0.949999988079071,0.75,4.200000286102295,1.75,0.7534246575342466,0.6256530395183484,19,0.73,0.2602739726027397
scene0449_01-scene0449_04,10,True,100,96,20,0.949999988079071,0.6500000357627869,4.5,1.899999976158142,0.75,0.5672483522301683,19,0.76,0.25
scene0449_01-scene0449_04,11,True,100,94,20,1.0,0.6500000357627869,4.099999904632568,2.0,0.7246376811594203,0.6544235383174313,20,0.69,0.2898550724637681
scene0449_01-scene0449_04,12,False,100,96,20,0.949999988079071,0.75,4.349999904632568,2.049999952316284,0.7432432432432432,0.6065401585852813,19,0.74,0.25675675675675674
scene0449_02-scene0449_00,0,True,100,100,22,0.04545454680919647,0.0,4.545454502105713,0.0,0.99,1.0,1,1.0,0.01
scene0449_02-scene0449_00,1,True,100,98,22,0.7272727489471436,0.27272728085517883,5.636363983154297,1.2272727489471436,0.8863636363636364,0.5087462337350989,16,0.88,0.18181818181818182
scene0449_02-scene0449_00,2,True,100,90,22,0.9090909361839294,0.40909093618392944,4.545454502105713,1.7272727489471436,0.7792207792207793,0.5507458308356181,20,0.77,0.2597402597402597
scene0449_02-scene0449_00,3,True,100,91,22,0.9545454978942871,0.6818181872367859,5.18181848526001,2.1818182468414307,0.7590361445783133,0.6235138466855621,21,0.83,0.25301204819277107
scene0449_02-scene0449_00,4,True,100,88,22,0.9090909361839294,0.7272727489471436,4.454545497894287,2.3636364936828613,0.7532467532467533,0.6863159436918795,20,0.77,0.2597402597402597
scene0449_02-scene0449_00,5,True,100,92,22,0.9090909361839294,0.7727273106575012,4.454545497894287,2.2727272510528564,0.7631578947368421,0.6412092358396765,20,0.76,0.2631578947368421
scene0449_02-scene0449_00,6,True,100,88,22,0.9090909361839294,0.8181818723678589,4.136363983154297,2.1363637447357178,0.7361111111111112,0.5746868849850036,20,0.72,0.2777777777777778
scene0449_02-scene0449_00,7,True,100,91,22,0.9545454978942871,0.7727273106575012,4.227272987365723,2.454545497894287,0.75,0.6415682614964693,21,0.76,0.27631578947368424
scene0449_02-scene0449_00,8,True,100,94,22,0.9545454978942871,0.7727273106575012,4.590909004211426,2.5,0.7625,0.670114814132981,21,0.8,0.2625
scene0449_02-scene0449_00,9,True,100,97,22,0.9090909361839294,0.7727273106575012,4.227272987365723,2.3181819915771484,0.7402597402597403,0.6699444416474987,20,0.77,0.2597402597402597
scene0449_02-scene0449_00,10,True,100,94,22,0.9090909361839294,0.8181818723678589,3.954545497894287,2.454545497894287,0.7397260273972602,0.6390232589820888,20,0.73,0.273972602739726
scene0449_02-scene0449_00,11,True,100,93,22,0.9090909361839294,0.8181818723678589,3.954545497894287,2.2272727489471436,0.7333333333333333,0.609352247359661,20,0.75,0.26666666666666666
scene0449_02-scene0449_00,12,False,100,96,22,1.0,0.7727273106575012,4.5,2.409090995788574,0.7375,0.6079779060000102,22,0.8,0.275
scene0449_03-scene0449_01,0,True,100,0,16,0.0,0.0,0.0,0.0,0.0,0.0,0,0.0,0.0
scene0449_03-scene0449_01,1,True,100,95,16,0.8125,0.3125,4.8125,1.0,0.8225806451612904,0.49418920774048974,13,0.62,0.20967741935483872
scene0449_03-scene0449_01,2,True,100,96,16,0.9375,0.5625,5.1875,1.375,0.8169014084507042,0.48122018353420903,15,0.71,0.2112676056338028
scene0449_03-scene0449_01,3,True,100,97,16,0.875,0.5,5.625,1.875,0.8441558441558441,0.5271603264304773,14,0.77,0.18181818181818182
scene0449_03-scene0449_01,4,True,100,98,16,0.875,0.4375,5.5625,2.0625,0.8375,0.5878037468888195,14,0.8,0.175
scene0449_03-scene0449_01,5,True,100,94,16,0.9375,0.5,5.1875,2.0625,0.8082191780821918,0.5799445740096271,15,0.73,0.2054794520547945
scene0449_03-scene0449_01,6,True,100,90,16,0.9375,0.5,5.0625,2.25,0.821917808219178,0.5868336800737558,15,0.73,0.2054794520547945
scene0449_03-scene0449_01,7,True,100,97,16,0.9375,0.5,5.375,2.1875,0.8227848101265823,0.5819030787666514,15,0.79,0.189873417721519
scene0449_03-scene0449_01,8,True,100,98,16,0.9375,0.5625,5.5,2.375,0.825,0.6369321521999777,15,0.8,0.1875
scene0449_03-scene0449_01,9,True,100,98,16,0.9375,0.5625,5.375,2.3125,0.825,0.6086028989689096,15,0.8,0.1875
scene0449_03-scene0449_01,10,True,100,95,16,0.9375,0.5625,5.5625,2.125,0.8271604938271605,0.5356165794481226,15,0.81,0.18518518518518517
scene0449_03-scene0449_01,11,True,100,96,16,0.9375,0.5625,5.4375,2.0625,0.825,0.5572121323794651,15,0.8,0.1875
scene0449_03-scene0449_01,12,False,100,98,16,0.9375,0.5625,5.0625,2.1875,0.8157894736842105,0.6407967993257834,15,0.76,0.19736842105263158
scene0449_04-scene0449_02,0,True,100,100,18,0.0,0.0,0.0,0.0,0.0,0.0,0,0.0,0.0
scene0449_04-scene0449_02,1,True,100,88,18,0.8888888955116272,0.4444444477558136,3.8333332538604736,1.3333333730697632,0.7,0.5782918636169698,16,0.5,0.32
scene0449_04-scene0449_02,2,True,100,84,18,0.7777777910232544,0.4444444477558136,3.3888888359069824,1.2777777910232544,0.6976744186046512,0.6790774648320185,14,0.43,0.32558139534883723
scene0449_04-scene0449_02,3,True,100,94,18,0.944444477558136,0.5555555820465088,4.44444465637207,1.9444444179534912,0.7241379310344828,0.5989185737967491,17,0.58,0.29310344827586204
scene0449_04-scene0449_02,4,True,100,92,18,0.944444477558136,0.7222222089767456,4.111111164093018,1.9444444179534912,0.711864406779661,0.5173348969739416,17,0.59,0.288135593220339
scene0449_04-scene0449_02,5,True,100,93,18,0.944444477558136,0.7777777910232544,4.333333492279053,2.1111111640930176,0.7068965517241379,0.6065359443426133,17,0.58,0.29310344827586204
scene0449_04-scene0449_02,6,True,100,93,18,1.0,0.6666666865348816,4.166666507720947,1.9444444179534912,0.7017543859649122,0.5754610563785133,18,0.57,0.3157894736842105
scene0449_04-scene0449_02,7,True,100,90,18,1.0,0.7222222089767456,4.277777671813965,1.9444444179534912,0.6964285714285714,0.6525034958894333,18,0.56,0.32142857142857145
scene0449_04-scene0449_02,8,True,100,93,18,1.0,0.8333333134651184,3.8888888359069824,2.055555582046509,0.6896551724137931,0.6453165125243271,18,0.58,0.3103448275862069
scene0449_04-scene0449_02,9,True,100,94,18,1.0,0.8888888955116272,4.055555820465088,2.3333332538604736,0.7258064516129032,0.6132111069615757,18,0.62,0.2903225806451613
scene0449_04-scene0449_02,10,True,100,94,18,1.0,0.8888888955116272,4.44444465637207,2.6111111640930176,0.7096774193548387,0.7189892940223217,18,0.62,0.2903225806451613
scene0449_04-scene0449_02,11,True,100,90,18,0.944444477558136,0.8333333134651184,4.277777671813965,2.1111111640930176,0.7017543859649122,0.7271825163625181,17,0.57,0.2982456140350877
scene0449_04-scene0449_02,12,False,100,95,18,1.0,1.0,4.666666507720947,2.277777910232544,0.7142857142857143,0.6532803291783613,18,0.63,0.2857142857142857
scene0449_05-scene0449_03,0,True,100,100,19,0.0,0.0,0.0,0.0,0.0,0.0,0,0.0,0.0
scene0449_05-scene0449_03,1,True,100,94,19,0.5789473652839661,0.10526315867900848,4.473684310913086,0.21052631735801697,0.8648648648648649,0.6499311041534412,11,0.74,0.14864864864864866
scene0449_05-scene0449_03,2,True,100,95,19,0.8421052694320679,0.4736842215061188,5.210526466369629,1.4210526943206787,0.810126582278481,0.5515499004675436,16,0.79,0.20253164556962025
scene0449_05-scene0449_03,3,True,100,94,19,0.8947368264198303,0.7368420958518982,5.210526466369629,2.526315689086914,0.7901234567901234,0.639990121327542,17,0.81,0.20987654320987653
scene0449_05-scene0449_03,4,True,100,92,19,1.0,0.6842105388641357,4.789473533630371,2.473684310913086,0.7926829268292683,0.6096002860788272,19,0.82,0.23170731707317074
scene0449_05-scene0449_03,5,True,100,94,19,1.0,0.6315789222717285,4.8947367668151855,2.6315789222717285,0.7875,0.6536118462418189,19,0.8,0.2375
scene0449_05-scene0449_03,6,True,100,82,19,0.9473684430122375,0.5263158082962036,3.526315927505493,1.6842105388641357,0.7192982456140351,0.6754594526141353,18,0.57,0.3157894736842105
scene0449_05-scene0449_03,7,True,100,93,19,0.9473684430122375,0.6315789222717285,4.6315789222717285,2.1578948497772217,0.7866666666666666,0.643656450369068,18,0.75,0.24
scene0449_05-scene0449_03,8,True,100,95,19,0.9473684430122375,0.6842105388641357,5.052631378173828,2.1052632331848145,0.7894736842105263,0.6742302873195746,18,0.76,0.23684210526315788
scene0449_05-scene0449_03,9,True,100,94,19,0.9473684430122375,0.6842105388641357,4.789473533630371,2.3157894611358643,0.7702702702702703,0.6899252749749065,18,0.74,0.24324324324324326
scene0449_05-scene0449_03,10,True,100,87,19,0.9473684430122375,0.5263158082962036,4.736842155456543,1.6842105388641357,0.7605633802816901,0.6009197122057771,18,0.71,0.2535211267605634
scene0449_05-scene0449_03,11,True,100,92,19,0.9473684430122375,0.6842105388641357,4.3684210777282715,1.9473683834075928,0.7536231884057971,0.603051640610728,18,0.69,0.2608695652173913
scene0449_05-scene0449_03,12,False,100,95,19,0.9473684430122375,0.5789473652839661,4.6315789222717285,1.9473683834075928,0.7671232876712328,0.6571050252618089,18,0.73,0.2465753424657534
scene0459_00-scene0459_01,0,True,100,100,28,0.0,0.0,0.0,0.0,0.0,0.0,0,0.0,0.0
scene0459_00-scene0459_01,1,True,100,77,28,0.4285714626312256,0.2142857313156128,2.357142925262451,0.7142857313156128,0.8,0.6148920973558076,12,0.55,0.21818181818181817
scene0459_00-scene0459_01,2,True,100,95,28,0.6785714626312256,0.2857142984867096,2.4285714626312256,1.0,0.7213114754098361,0.5167739645267526,19,0.61,0.3114754098360656
scene0459_00-scene0459_01,3,True,100,91,28,0.8214285969734192,0.4285714626312256,3.3214287757873535,1.071428656578064,0.7123287671232876,0.5263511797912964,23,0.73,0.3150684931506849
scene0459_00-scene0459_01,4,True,100,95,28,0.785714328289032,0.535714328289032,2.642857313156128,1.4285714626312256,0.65625,0.6676113741665051,22,0.64,0.34375
scene0459_00-scene0459_01,5,True,100,94,28,0.8214285969734192,0.6071428656578064,2.7142858505249023,1.4285714626312256,0.6818181818181818,0.5686652340734278,23,0.66,0.3484848484848485
scene0459_00-scene0459_01,6,True,100,86,28,0.8214285969734192,0.5714285969734192,2.642857313156128,1.5000001192092896,0.6818181818181818,0.6588049389240218,23,0.66,0.3484848484848485
scene0459_00-scene0459_01,7,True,100,89,28,0.8214285969734192,0.6071428656578064,2.5357143878936768,1.25,0.6166666666666667,0.6414050466635011,23,0.6,0.38333333333333336
scene0459_00-scene0459_01,8,True,100,96,28,0.8571429252624512,0.6785714626312256,2.4642858505249023,1.7857143878936768,0.6417910447761194,0.6846123791486025,24,0.67,0.3582089552238806
scene0459_00-scene0459_01,9,True,100,97,28,0.8571429252624512,0.6785714626312256,2.4642858505249023,1.6785714626312256,0.6515151515151515,0.6307172309607267,24,0.66,0.36363636363636365
scene0459_00-scene0459_01,10,True,100,91,28,0.8571429252624512,0.6785714626312256,2.5714287757873535,1.321428656578064,0.6190476190476191,0.6662062575787674,24,0.63,0.38095238095238093
scene0459_00-scene0459_01,11,True,100,94,28,0.8571429252624512,0.7142857313156128,2.5,1.3928571939468384,0.6065573770491803,0.6804868140390941,24,0.61,0.39344262295081966
scene0459_00-scene0459_01,12,False,100,95,28,0.8928571939468384,0.7142857313156128,2.857142925262451,1.6071429252624512,0.6527777777777778,0.694747350903724,25,0.72,0.3472222222222222
scene0459_01-scene0459_00,0,True,100,100,28,0.0,0.0,0.0,0.0,0.0,0.0,0,0.0,0.0
scene0459_01-scene0459_00,1,True,100,82,28,0.4285714626312256,0.1428571492433548,2.642857313156128,0.392857164144516,0.7818181818181819,0.5211153856456973,12,0.55,0.21818181818181817
scene0459_01-scene0459_00,2,True,100,98,28,0.535714328289032,0.2857142984867096,2.9285714626312256,0.7500000596046448,0.7761194029850746,0.4783358259033833,15,0.67,0.22388059701492538
scene0459_01-scene0459_00,3,True,100,97,28,0.8214285969734192,0.4285714626312256,3.3214287757873535,1.321428656578064,0.7307692307692307,0.5717373045138371,23,0.78,0.2948717948717949
scene0459_01-scene0459_00,4,True,100,95,28,0.8571429252624512,0.6428571939468384,3.2142858505249023,1.6428571939468384,0.6973684210526315,0.5491899448598541,24,0.76,0.3157894736842105
scene0459_01-scene0459_00,5,True,100,94,28,0.8214285969734192,0.6785714626312256,2.8214287757873535,1.571428656578064,0.6805555555555556,0.5368532362490379,23,0.72,0.3194444444444444
scene0459_01-scene0459_00,6,True,100,90,28,0.785714328289032,0.6428571939468384,2.7857143878936768,1.571428656578064,0.6911764705882353,0.5684292645039638,22,0.68,0.3235294117647059
scene0459_01-scene0459_00,7,True,100,92,28,0.8214285969734192,0.7142857313156128,2.642857313156128,1.5000001192092896,0.640625,0.5869756192356969,23,0.64,0.359375
scene0459_01-scene0459_00,8,True,100,97,28,0.8571429252624512,0.7142857313156128,2.857142925262451,1.821428656578064,0.6619718309859155,0.6605171288724418,24,0.71,0.3380281690140845
scene0459_01-scene0459_00,9,True,100,97,28,0.8571429252624512,0.6785714626312256,2.857142925262451,1.6785714626312256,0.6805555555555556,0.6414485001826987,24,0.72,0.3333333333333333
scene0459_01-scene0459_00,10,True,100,95,28,0.8214285969734192,0.7142857313156128,2.8214287757873535,1.5000001192092896,0.6714285714285714,0.5763866506824527,23,0.7,0.32857142857142857
scene0459_01-scene0459_00,11,True,100,95,28,0.8214285969734192,0.7500000596046448,2.6785714626312256,1.6428571939468384,0.6515151515151515,0.574789757979043,23,0.66,0.3484848484848485
scene0459_01-scene0459_00,12,False,100,97,28,0.8571429252624512,0.7142857313156128,2.7142858505249023,1.5000001192092896,0.6470588235294118,0.5736658050024763,24,0.68,0.35294117647058826
scene0469_00-scene0469_01,0,True,100,100,4,0.0,0.0,0.0,0.0,0.0,0.0,0,0.0,0.0
scene0469_00-scene0469_01,1,True,100,74,4,1.0,1.0,12.25,9.25,0.9183673469387755,0.6726105154780616,4,0.49,0.08163265306122448
scene0469_00-scene0469_01,2,True,100,91,4,1.0,0.75,13.25,11.0,0.9245283018867925,0.7436768948329848,4,0.53,0.07547169811320754
scene0469_00-scene0469_01,3,True,100,97,4,1.0,0.75,13.25,10.25,0.9245283018867925,0.7750316628356105,4,0.53,0.07547169811320754
scene0469_00-scene0469_01,4,True,100,98,4,1.0,1.0,13.5,10.0,0.9259259259259259,0.7734209302828402,4,0.54,0.07407407407407407
scene0469_00-scene0469_01,5,True,100,98,4,1.0,1.0,14.0,10.75,0.9285714285714286,0.7407379363741831,4,0.56,0.07142857142857142
scene0469_00-scene0469_01,6,True,100,99,4,1.0,1.0,13.25,12.25,0.9245283018867925,0.7965623609787595,4,0.53,0.07547169811320754
scene0469_00-scene0469_01,7,True,100,97,4,1.0,1.0,15.75,9.25,0.9259259259259259,0.6575939092598005,4,0.54,0.07407407407407407
scene0469_00-scene0469_01,8,True,100,97,4,1.0,0.75,14.25,9.25,0.9259259259259259,0.6422007095296772,4,0.54,0.07407407407407407
scene0469_00-scene0469_01,9,True,100,97,4,1.0,1.0,15.25,10.5,0.9322033898305084,0.6879398089028642,4,0.59,0.06779661016949153
scene0469_00-scene0469_01,10,True,100,98,4,1.0,1.0,13.75,11.5,0.9259259259259259,0.7846373028961229,4,0.54,0.07407407407407407
scene0469_00-scene0469_01,11,True,100,96,4,1.0,1.0,14.5,9.5,0.9230769230769231,0.7072940681564454,4,0.52,0.07692307692307693
scene0469_00-scene0469_01,12,False,100,97,4,1.0,0.75,12.0,9.0,0.9148936170212766,0.6998171799030959,4,0.47,0.0851063829787234
scene0469_01-scene0469_00,0,True,100,100,4,0.0,0.0,0.0,0.0,0.0,0.0,0,0.0,0.0
scene0469_01-scene0469_00,1,True,100,73,4,1.0,1.0,13.0,10.5,0.9215686274509803,0.6931974420415221,4,0.51,0.0784313725490196
scene0469_01-scene0469_00,2,True,100,85,4,1.0,1.0,12.75,10.75,0.92,0.8035269421200419,4,0.5,0.08
scene0469_01-scene0469_00,3,True,100,86,4,1.0,1.0,13.0,9.0,0.9230769230769231,0.7406453257799148,4,0.52,0.07692307692307693
scene0469_01-scene0469_00,4,True,100,95,4,1.0,1.0,15.5,9.25,0.9310344827586207,0.7138467722531384,4,0.58,0.06896551724137931
scene0469_01-scene0469_00,5,True,100,97,4,1.0,1.0,16.0,11.5,0.9365079365079365,0.7308625949518329,4,0.63,0.06349206349206349
scene0469_01-scene0469_00,6,True,100,97,4,1.0,1.0,14.5,12.25,0.9310344827586207,0.7780222396584268,4,0.58,0.06896551724137931
scene0469_01-scene0469_00,7,True,100,95,4,1.0,0.75,16.5,10.75,0.9354838709677419,0.7035863767462086,4,0.62,0.06451612903225806
scene0469_01-scene0469_00,8,True,100,96,4,1.0,1.0,14.75,10.75,0.9298245614035088,0.705650813429552,4,0.57,0.07017543859649122
scene0469_01-scene0469_00,9,True,100,96,4,1.0,1.0,16.25,11.0,0.9344262295081968,0.7098323401330288,4,0.61,0.06557377049180328
scene0469_01-scene0469_00,10,True,100,94,4,1.0,1.0,15.0,13.5,0.9322033898305084,0.7637776818345575,4,0.59,0.06779661016949153
scene0469_01-scene0469_00,11,True,100,93,4,1.0,1.0,14.5,13.0,0.9310344827586207,0.8597018371129634,4,0.58,0.06896551724137931
scene0469_01-scene0469_00,12,False,100,94,4,1.0,1.0,14.5,12.75,0.9310344827586207,0.861886535571622,4,0.58,0.06896551724137931
