reference_scene_id,master_sequence_id,order_id,T,gt_id,gt_class,gt_point_count,official_valid,b4_best_any_iou,b4_best_class_compatible_iou,full_history_best_class_compatible_iou,no_candidate,mask_insufficient,class_change,full_history_success_b4_failure,fragmentation_event,merge_event,trajectory_worst_b4_iou,first_b4_below_0_25_T,first_b4_below_0_50_T,t1_cold_start_failure,t1_cold_start_contributes
10b17940-3938-2467-8a7a-958300ba83d3,scene0069_00-scene0069_02-scene0069_04-scene0069_03-scene0069_01,canonical,2,2,39,4489,True,0.8236601948738098,0.8236601948738098,0.8387814164161682,False,False,False,False,False,False,0.6132450103759766,,,False,False
10b17940-3938-2467-8a7a-958300ba83d3,scene0069_00-scene0069_02-scene0069_04-scene0069_03-scene0069_01,canonical,2,4,9,2144,True,0.735541045665741,0.735541045665741,0.735541045665741,False,False,False,False,False,False,0.5027095675468445,,,False,False
10b17940-3938-2467-8a7a-958300ba83d3,scene0069_00-scene0069_02-scene0069_04-scene0069_03-scene0069_01,canonical,2,7,8,1858,True,0.6626248359680176,0.6626248359680176,0.7200000286102295,False,False,False,False,False,False,0.5281212329864502,,,False,False
10b17940-3938-2467-8a7a-958300ba83d3,scene0069_00-scene0069_02-scene0069_04-scene0069_03-scene0069_01,canonical,2,10,16,17118,True,0.8656189441680908,0.8656189441680908,0.9246299266815186,False,False,False,False,False,False,0.8656189441680908,,,False,False
10b17940-3938-2467-8a7a-958300ba83d3,scene0069_00-scene0069_02-scene0069_04-scene0069_03-scene0069_01,canonical,2,11,9,420,True,0.3860759437084198,0.12142857164144516,0.12142857164144516,False,True,False,False,False,False,0.12142857164144516,2,2,False,False
10b17940-3938-2467-8a7a-958300ba83d3,scene0069_00-scene0069_02-scene0069_04-scene0069_03-scene0069_01,canonical,2,12,6,4288,True,0.43893298506736755,0.43893298506736755,0.769050657749176,False,True,False,True,False,False,0.43893298506736755,,2,False,False
10b17940-3938-2467-8a7a-958300ba83d3,scene0069_00-scene0069_02-scene0069_04-scene0069_03-scene0069_01,canonical,2,13,3,2438,True,0.8300701975822449,0.8300701975822449,0.8293313384056091,False,False,False,False,False,False,0.7794304490089417,,,False,False
10b17940-3938-2467-8a7a-958300ba83d3,scene0069_00-scene0069_02-scene0069_04-scene0069_03-scene0069_01,canonical,2,16,14,7979,True,0.8506084084510803,0.8506084084510803,0.8578464388847351,False,False,False,False,False,False,0.6721109747886658,,,False,False
10b17940-3938-2467-8a7a-958300ba83d3,scene0069_00-scene0069_02-scene0069_04-scene0069_03-scene0069_01,canonical,2,23,5,2322,True,0.948917031288147,0.948917031288147,0.948917031288147,False,False,False,False,False,False,0.9323427081108093,,,False,False
10b17940-3938-2467-8a7a-958300ba83d3,scene0069_00-scene0069_02-scene0069_04-scene0069_03-scene0069_01,canonical,2,24,7,1985,True,0.45390427112579346,0.4504152536392212,0.6562188863754272,False,True,False,True,False,False,0.4114675521850586,,2,True,True
10b17940-3938-2467-8a7a-958300ba83d3,scene0069_00-scene0069_02-scene0069_04-scene0069_03-scene0069_01,canonical,2,26,5,1360,True,0.9056603908538818,0.9056603908538818,0.908108115196228,False,False,False,False,False,False,0.9056603908538818,,,False,False
10b17940-3938-2467-8a7a-958300ba83d3,scene0069_00-scene0069_02-scene0069_04-scene0069_03-scene0069_01,canonical,2,29,39,319,True,0.299249529838562,0.299249529838562,0.7993730306625366,False,True,False,True,False,False,0.2411186695098877,5,2,True,True
10b17940-3938-2467-8a7a-958300ba83d3,scene0069_00-scene0069_02-scene0069_04-scene0069_03-scene0069_01,canonical,3,2,39,6032,True,0.6132450103759766,0.6132450103759766,0.7667272686958313,False,False,False,False,False,False,0.6132450103759766,,,False,False
10b17940-3938-2467-8a7a-958300ba83d3,scene0069_00-scene0069_02-scene0069_04-scene0069_03-scene0069_01,canonical,3,4,9,2144,True,0.5776556730270386,0.5776556730270386,0.735541045665741,False,False,False,False,False,False,0.5027095675468445,,,False,False
10b17940-3938-2467-8a7a-958300ba83d3,scene0069_00-scene0069_02-scene0069_04-scene0069_03-scene0069_01,canonical,3,7,8,5271,True,0.5281212329864502,0.5281212329864502,0.5718445181846619,False,False,False,False,False,False,0.5281212329864502,,,False,False
10b17940-3938-2467-8a7a-958300ba83d3,scene0069_00-scene0069_02-scene0069_04-scene0069_03-scene0069_01,canonical,3,10,16,22731,True,0.8769583702087402,0.8769583702087402,0.8766523599624634,False,False,False,False,False,False,0.8656189441680908,,,False,False
10b17940-3938-2467-8a7a-958300ba83d3,scene0069_00-scene0069_02-scene0069_04-scene0069_03-scene0069_01,canonical,3,11,9,1732,True,0.36431869864463806,0.36431869864463806,0.3937644362449646,False,True,False,False,False,False,0.12142857164144516,2,2,False,False
10b17940-3938-2467-8a7a-958300ba83d3,scene0069_00-scene0069_02-scene0069_04-scene0069_03-scene0069_01,canonical,3,12,6,6290,True,0.5827654004096985,0.5827654004096985,0.8050323724746704,False,False,False,False,False,False,0.43893298506736755,,2,False,False
10b17940-3938-2467-8a7a-958300ba83d3,scene0069_00-scene0069_02-scene0069_04-scene0069_03-scene0069_01,canonical,3,13,3,3514,True,0.8186624646186829,0.8186624646186829,0.7917333245277405,False,False,False,False,False,False,0.7794304490089417,,,False,False
10b17940-3938-2467-8a7a-958300ba83d3,scene0069_00-scene0069_02-scene0069_04-scene0069_03-scene0069_01,canonical,3,16,14,11892,True,0.7495845556259155,0.7495845556259155,0.7541549801826477,False,False,False,False,False,False,0.6721109747886658,,,False,False
10b17940-3938-2467-8a7a-958300ba83d3,scene0069_00-scene0069_02-scene0069_04-scene0069_03-scene0069_01,canonical,3,23,5,2949,True,0.9323427081108093,0.9323427081108093,0.9396358728408813,False,False,False,False,False,False,0.9323427081108093,,,False,False
10b17940-3938-2467-8a7a-958300ba83d3,scene0069_00-scene0069_02-scene0069_04-scene0069_03-scene0069_01,canonical,3,24,7,2710,True,0.5756183862686157,0.5756183862686157,0.35137084126472473,False,False,False,False,False,False,0.4114675521850586,,2,True,False
10b17940-3938-2467-8a7a-958300ba83d3,scene0069_00-scene0069_02-scene0069_04-scene0069_03-scene0069_01,canonical,3,26,5,2562,True,0.9075719714164734,0.9075719714164734,0.5027912259101868,False,False,False,False,False,False,0.9056603908538818,,,False,False
10b17940-3938-2467-8a7a-958300ba83d3,scene0069_00-scene0069_02-scene0069_04-scene0069_03-scene0069_01,canonical,3,29,39,319,True,0.299249529838562,0.299249529838562,0.26761746406555176,False,True,False,False,False,False,0.2411186695098877,5,2,True,True
10b17940-3938-2467-8a7a-958300ba83d3,scene0069_00-scene0069_02-scene0069_04-scene0069_03-scene0069_01,canonical,4,2,39,6032,True,0.6132450103759766,0.6132450103759766,0.8020815849304199,False,False,False,False,False,False,0.6132450103759766,,,False,False
10b17940-3938-2467-8a7a-958300ba83d3,scene0069_00-scene0069_02-scene0069_04-scene0069_03-scene0069_01,canonical,4,4,9,2144,True,0.5027095675468445,0.5027095675468445,0.735541045665741,False,False,False,False,False,False,0.5027095675468445,,,False,False
10b17940-3938-2467-8a7a-958300ba83d3,scene0069_00-scene0069_02-scene0069_04-scene0069_03-scene0069_01,canonical,4,7,8,5271,True,0.5281212329864502,0.5281212329864502,0.5715533494949341,False,False,False,False,False,False,0.5281212329864502,,,False,False
10b17940-3938-2467-8a7a-958300ba83d3,scene0069_00-scene0069_02-scene0069_04-scene0069_03-scene0069_01,canonical,4,10,16,30827,True,0.8691354393959045,0.8691354393959045,0.86893230676651,False,False,False,False,False,False,0.8656189441680908,,,False,False
10b17940-3938-2467-8a7a-958300ba83d3,scene0069_00-scene0069_02-scene0069_04-scene0069_03-scene0069_01,canonical,4,11,9,2943,True,0.3374108076095581,0.2196902632713318,0.4410465657711029,False,True,False,False,False,False,0.12142857164144516,2,2,False,False
10b17940-3938-2467-8a7a-958300ba83d3,scene0069_00-scene0069_02-scene0069_04-scene0069_03-scene0069_01,canonical,4,12,6,8204,True,0.6758151650428772,0.6758151650428772,0.8516830205917358,False,False,False,False,False,False,0.43893298506736755,,2,False,False
10b17940-3938-2467-8a7a-958300ba83d3,scene0069_00-scene0069_02-scene0069_04-scene0069_03-scene0069_01,canonical,4,13,3,3514,True,0.8186624646186829,0.8186624646186829,0.8297587037086487,False,False,False,False,False,False,0.7794304490089417,,,False,False
10b17940-3938-2467-8a7a-958300ba83d3,scene0069_00-scene0069_02-scene0069_04-scene0069_03-scene0069_01,canonical,4,16,14,16784,True,0.6721109747886658,0.6721109747886658,0.67771315574646,False,False,False,False,False,False,0.6721109747886658,,,False,False
10b17940-3938-2467-8a7a-958300ba83d3,scene0069_00-scene0069_02-scene0069_04-scene0069_03-scene0069_01,canonical,4,23,5,4027,True,0.9477524161338806,0.9477524161338806,0.9514492750167847,False,False,False,False,False,False,0.9323427081108093,,,False,False
10b17940-3938-2467-8a7a-958300ba83d3,scene0069_00-scene0069_02-scene0069_04-scene0069_03-scene0069_01,canonical,4,24,7,3839,True,0.4114675521850586,0.4114675521850586,0.26571962237358093,False,True,False,False,False,False,0.4114675521850586,,2,True,True
10b17940-3938-2467-8a7a-958300ba83d3,scene0069_00-scene0069_02-scene0069_04-scene0069_03-scene0069_01,canonical,4,26,5,2562,True,0.9075719714164734,0.9075719714164734,0.49944257736206055,False,False,False,False,False,False,0.9056603908538818,,,False,False
10b17940-3938-2467-8a7a-958300ba83d3,scene0069_00-scene0069_02-scene0069_04-scene0069_03-scene0069_01,canonical,4,29,39,319,True,0.299249529838562,0.299249529838562,0.4214002788066864,False,True,False,False,False,False,0.2411186695098877,5,2,True,True
10b17940-3938-2467-8a7a-958300ba83d3,scene0069_00-scene0069_02-scene0069_04-scene0069_03-scene0069_01,canonical,5,2,39,10356,True,0.7000192999839783,0.7000192999839783,0.8328996896743774,False,False,False,False,False,False,0.6132450103759766,,,False,False
10b17940-3938-2467-8a7a-958300ba83d3,scene0069_00-scene0069_02-scene0069_04-scene0069_03-scene0069_01,canonical,5,4,9,3781,True,0.6439757943153381,0.6439757943153381,0.790359616279602,False,False,False,False,False,False,0.5027095675468445,,,False,False
10b17940-3938-2467-8a7a-958300ba83d3,scene0069_00-scene0069_02-scene0069_04-scene0069_03-scene0069_01,canonical,5,7,8,6214,True,0.5764719843864441,0.5764719843864441,0.6463669538497925,False,False,False,False,False,False,0.5281212329864502,,,False,False
10b17940-3938-2467-8a7a-958300ba83d3,scene0069_00-scene0069_02-scene0069_04-scene0069_03-scene0069_01,canonical,5,10,16,41464,True,0.8805592060089111,0.8805592060089111,0.8858873248100281,False,False,False,False,False,False,0.8656189441680908,,,False,False
10b17940-3938-2467-8a7a-958300ba83d3,scene0069_00-scene0069_02-scene0069_04-scene0069_03-scene0069_01,canonical,5,11,9,4658,True,0.2518772780895233,0.2518772780895233,0.5214316248893738,False,True,False,True,False,False,0.12142857164144516,2,2,False,False
10b17940-3938-2467-8a7a-958300ba83d3,scene0069_00-scene0069_02-scene0069_04-scene0069_03-scene0069_01,canonical,5,12,6,11029,True,0.7560975551605225,0.7560975551605225,0.5888820886611938,False,False,False,False,False,False,0.43893298506736755,,2,False,False
10b17940-3938-2467-8a7a-958300ba83d3,scene0069_00-scene0069_02-scene0069_04-scene0069_03-scene0069_01,canonical,5,13,3,5195,True,0.7794304490089417,0.7794304490089417,0.7926146984100342,False,False,False,False,False,False,0.7794304490089417,,,False,False
10b17940-3938-2467-8a7a-958300ba83d3,scene0069_00-scene0069_02-scene0069_04-scene0069_03-scene0069_01,canonical,5,16,14,21706,True,0.6998869180679321,0.6998869180679321,0.7092936038970947,False,False,False,False,False,False,0.6721109747886658,,,False,False
10b17940-3938-2467-8a7a-958300ba83d3,scene0069_00-scene0069_02-scene0069_04-scene0069_03-scene0069_01,canonical,5,23,5,4027,True,0.9477524161338806,0.9477524161338806,0.9477524161338806,False,False,False,False,False,False,0.9323427081108093,,,False,False
10b17940-3938-2467-8a7a-958300ba83d3,scene0069_00-scene0069_02-scene0069_04-scene0069_03-scene0069_01,canonical,5,24,7,3839,True,0.4114675521850586,0.4114675521850586,0.5664532780647278,False,True,False,True,False,False,0.4114675521850586,,2,True,True
10b17940-3938-2467-8a7a-958300ba83d3,scene0069_00-scene0069_02-scene0069_04-scene0069_03-scene0069_01,canonical,5,26,5,2562,True,0.9075719714164734,0.9075719714164734,0.5003722906112671,False,False,False,False,False,False,0.9056603908538818,,,False,False
10b17940-3938-2467-8a7a-958300ba83d3,scene0069_00-scene0069_02-scene0069_04-scene0069_03-scene0069_01,canonical,5,29,39,319,True,0.2411186695098877,0.2411186695098877,0.3278520107269287,False,True,False,False,False,False,0.2411186695098877,5,2,True,True
10b17940-3938-2467-8a7a-958300ba83d3,scene0069_01-scene0069_06-scene0069_09-scene0069_05-scene0069_08,canonical,2,2,39,4324,True,0.8385754227638245,0.8385754227638245,0.8189176917076111,False,False,False,False,False,False,0.8385754227638245,,,False,False
10b17940-3938-2467-8a7a-958300ba83d3,scene0069_01-scene0069_06-scene0069_09-scene0069_05-scene0069_08,canonical,2,4,9,1637,True,0.9122276306152344,0.9122276306152344,0.8442577123641968,False,False,False,False,False,False,0.8695408701896667,,,False,False
10b17940-3938-2467-8a7a-958300ba83d3,scene0069_01-scene0069_06-scene0069_09-scene0069_05-scene0069_08,canonical,2,7,8,1815,True,0.8449720740318298,0.8449720740318298,0.82201087474823,False,False,False,False,False,False,0.42354658246040344,,5,False,False
10b17940-3938-2467-8a7a-958300ba83d3,scene0069_01-scene0069_06-scene0069_09-scene0069_05-scene0069_08,canonical,2,10,16,16727,True,0.9137833714485168,0.9137833714485168,0.9282992482185364,False,False,False,False,False,False,0.9119466543197632,,,False,False
10b17940-3938-2467-8a7a-958300ba83d3,scene0069_01-scene0069_06-scene0069_09-scene0069_05-scene0069_08,canonical,2,11,9,1801,True,0.8364744782447815,0.8364744782447815,0.8139158487319946,False,False,False,False,False,False,0.7444499135017395,,,False,False
10b17940-3938-2467-8a7a-958300ba83d3,scene0069_01-scene0069_06-scene0069_09-scene0069_05-scene0069_08,canonical,2,12,6,5644,True,0.9529266357421875,0.9529266357421875,0.9546416997909546,False,False,False,False,False,False,0.6391155123710632,,,False,False
10b17940-3938-2467-8a7a-958300ba83d3,scene0069_01-scene0069_06-scene0069_09-scene0069_05-scene0069_08,canonical,2,13,3,2438,True,0.5291515588760376,0.5291515588760376,0.7958604097366333,False,False,False,False,False,False,0.3431551456451416,,4,False,False
10b17940-3938-2467-8a7a-958300ba83d3,scene0069_01-scene0069_06-scene0069_09-scene0069_05-scene0069_08,canonical,2,16,14,9704,True,0.8069354295730591,0.8069354295730591,0.8148826956748962,False,False,False,False,False,False,0.6496075391769409,,,False,False
10b17940-3938-2467-8a7a-958300ba83d3,scene0069_01-scene0069_06-scene0069_09-scene0069_05-scene0069_08,canonical,2,23,5,763,True,0.7666666507720947,0.7666666507720947,0.7666666507720947,False,False,False,False,False,False,0.4832758903503418,,5,False,False
10b17940-3938-2467-8a7a-958300ba83d3,scene0069_01-scene0069_06-scene0069_09-scene0069_05-scene0069_08,canonical,3,2,39,4705,True,0.8516471982002258,0.8516471982002258,0.8350690603256226,False,False,False,False,False,False,0.8385754227638245,,,False,False
10b17940-3938-2467-8a7a-958300ba83d3,scene0069_01-scene0069_06-scene0069_09-scene0069_05-scene0069_08,canonical,3,4,9,1637,True,0.9122276306152344,0.9122276306152344,0.7614185810089111,False,False,False,False,False,False,0.8695408701896667,,,False,False
10b17940-3938-2467-8a7a-958300ba83d3,scene0069_01-scene0069_06-scene0069_09-scene0069_05-scene0069_08,canonical,3,7,8,2423,True,0.8791727423667908,0.8791727423667908,0.8504738211631775,False,False,False,False,False,False,0.42354658246040344,,5,False,False
10b17940-3938-2467-8a7a-958300ba83d3,scene0069_01-scene0069_06-scene0069_09-scene0069_05-scene0069_08,canonical,3,10,16,19384,True,0.9137254953384399,0.9137254953384399,0.9300223588943481,False,False,False,False,False,False,0.9119466543197632,,,False,False
10b17940-3938-2467-8a7a-958300ba83d3,scene0069_01-scene0069_06-scene0069_09-scene0069_05-scene0069_08,canonical,3,11,9,1801,True,0.8364744782447815,0.8364744782447815,0.7461197376251221,False,False,False,False,False,False,0.7444499135017395,,,False,False
10b17940-3938-2467-8a7a-958300ba83d3,scene0069_01-scene0069_06-scene0069_09-scene0069_05-scene0069_08,canonical,3,12,6,8201,True,0.6391155123710632,0.6391155123710632,0.6400426030158997,False,False,False,False,False,False,0.6391155123710632,,,False,False
10b17940-3938-2467-8a7a-958300ba83d3,scene0069_01-scene0069_06-scene0069_09-scene0069_05-scene0069_08,canonical,3,13,3,2438,True,0.5291515588760376,0.5291515588760376,0.7961399555206299,False,False,False,False,False,False,0.3431551456451416,,4,False,False
10b17940-3938-2467-8a7a-958300ba83d3,scene0069_01-scene0069_06-scene0069_09-scene0069_05-scene0069_08,canonical,3,16,14,13627,True,0.8078981637954712,0.8078981637954712,0.8111644387245178,False,False,False,False,False,False,0.6496075391769409,,,False,False
10b17940-3938-2467-8a7a-958300ba83d3,scene0069_01-scene0069_06-scene0069_09-scene0069_05-scene0069_08,canonical,3,23,5,2111,True,0.6069338321685791,0.6069338321685791,0.9156888127326965,False,False,False,False,True,False,0.4832758903503418,,5,False,False
10b17940-3938-2467-8a7a-958300ba83d3,scene0069_01-scene0069_06-scene0069_09-scene0069_05-scene0069_08,canonical,3,24,7,228,True,1.0,0.9382715821266174,0.23312883079051971,False,False,False,False,False,False,0.6964735388755798,,,False,False
10b17940-3938-2467-8a7a-958300ba83d3,scene0069_01-scene0069_06-scene0069_09-scene0069_05-scene0069_08,canonical,4,2,39,4844,True,0.8495045304298401,0.8495045304298401,0.8245251774787903,False,False,False,False,False,False,0.8385754227638245,,,False,False
10b17940-3938-2467-8a7a-958300ba83d3,scene0069_01-scene0069_06-scene0069_09-scene0069_05-scene0069_08,canonical,4,4,9,1637,True,0.9122276306152344,0.9122276306152344,0.7938375473022461,False,False,False,False,False,False,0.8695408701896667,,,False,False
10b17940-3938-2467-8a7a-958300ba83d3,scene0069_01-scene0069_06-scene0069_09-scene0069_05-scene0069_08,canonical,4,7,8,2423,True,0.8791727423667908,0.8791727423667908,0.9476377964019775,False,False,False,False,False,False,0.42354658246040344,,5,False,False
10b17940-3938-2467-8a7a-958300ba83d3,scene0069_01-scene0069_06-scene0069_09-scene0069_05-scene0069_08,canonical,4,10,16,23081,True,0.9119466543197632,0.9119466543197632,0.9239116907119751,False,False,False,False,False,False,0.9119466543197632,,,False,False
10b17940-3938-2467-8a7a-958300ba83d3,scene0069_01-scene0069_06-scene0069_09-scene0069_05-scene0069_08,canonical,4,11,9,2024,True,0.7444499135017395,0.7444499135017395,0.638381838798523,False,False,False,False,False,False,0.7444499135017395,,,False,False
10b17940-3938-2467-8a7a-958300ba83d3,scene0069_01-scene0069_06-scene0069_09-scene0069_05-scene0069_08,canonical,4,12,6,10348,True,0.6958690285682678,0.6958690285682678,0.701180636882782,False,False,False,False,False,False,0.6391155123710632,,,False,False
10b17940-3938-2467-8a7a-958300ba83d3,scene0069_01-scene0069_06-scene0069_09-scene0069_05-scene0069_08,canonical,4,13,3,3786,True,0.3431551456451416,0.3431551456451416,0.8097082376480103,False,True,False,True,False,False,0.3431551456451416,,4,False,False
10b17940-3938-2467-8a7a-958300ba83d3,scene0069_01-scene0069_06-scene0069_09-scene0069_05-scene0069_08,canonical,4,16,14,18184,True,0.7691092491149902,0.7691092491149902,0.7826147675514221,False,False,False,False,False,False,0.6496075391769409,,,False,False
10b17940-3938-2467-8a7a-958300ba83d3,scene0069_01-scene0069_06-scene0069_09-scene0069_05-scene0069_08,canonical,4,23,5,3268,True,0.6920174360275269,0.6920174360275269,0.8628169298171997,False,False,False,False,False,False,0.4832758903503418,,5,False,False
10b17940-3938-2467-8a7a-958300ba83d3,scene0069_01-scene0069_06-scene0069_09-scene0069_05-scene0069_08,canonical,4,24,7,794,True,0.6964735388755798,0.6964735388755798,0.6838235259056091,False,False,False,False,False,False,0.6964735388755798,,,False,False
10b17940-3938-2467-8a7a-958300ba83d3,scene0069_01-scene0069_06-scene0069_09-scene0069_05-scene0069_08,canonical,5,2,39,14790,True,0.8484110832214355,0.8484110832214355,0.888167679309845,False,False,False,False,False,False,0.8385754227638245,,,False,False
10b17940-3938-2467-8a7a-958300ba83d3,scene0069_01-scene0069_06-scene0069_09-scene0069_05-scene0069_08,canonical,5,4,9,1771,True,0.8695408701896667,0.8695408701896667,0.7720286846160889,False,False,False,False,False,False,0.8695408701896667,,,False,False
10b17940-3938-2467-8a7a-958300ba83d3,scene0069_01-scene0069_06-scene0069_09-scene0069_05-scene0069_08,canonical,5,7,8,5351,True,0.42354658246040344,0.42354658246040344,0.4470137655735016,False,True,False,False,False,False,0.42354658246040344,,5,False,False
10b17940-3938-2467-8a7a-958300ba83d3,scene0069_01-scene0069_06-scene0069_09-scene0069_05-scene0069_08,canonical,5,10,16,23939,True,0.9131283760070801,0.9131283760070801,0.9199731945991516,False,False,False,False,False,False,0.9119466543197632,,,False,False
10b17940-3938-2467-8a7a-958300ba83d3,scene0069_01-scene0069_06-scene0069_09-scene0069_05-scene0069_08,canonical,5,11,9,2024,True,0.7444499135017395,0.7444499135017395,0.6181548833847046,False,False,False,False,False,False,0.7444499135017395,,,False,False
10b17940-3938-2467-8a7a-958300ba83d3,scene0069_01-scene0069_06-scene0069_09-scene0069_05-scene0069_08,canonical,5,12,6,11703,True,0.7297748327255249,0.7297748327255249,0.7288503050804138,False,False,False,False,False,False,0.6391155123710632,,,False,False
10b17940-3938-2467-8a7a-958300ba83d3,scene0069_01-scene0069_06-scene0069_09-scene0069_05-scene0069_08,canonical,5,13,3,3786,True,0.3431551456451416,0.3431551456451416,0.8058227300643921,False,True,False,True,False,False,0.3431551456451416,,4,False,False
10b17940-3938-2467-8a7a-958300ba83d3,scene0069_01-scene0069_06-scene0069_09-scene0069_05-scene0069_08,canonical,5,16,14,22143,True,0.6704474091529846,0.6496075391769409,0.6710354685783386,False,False,False,False,False,False,0.6496075391769409,,,False,False
10b17940-3938-2467-8a7a-958300ba83d3,scene0069_01-scene0069_06-scene0069_09-scene0069_05-scene0069_08,canonical,5,23,5,4756,True,0.4832758903503418,0.4832758903503418,0.8703039288520813,False,True,False,True,False,False,0.4832758903503418,,5,False,False
10b17940-3938-2467-8a7a-958300ba83d3,scene0069_01-scene0069_06-scene0069_09-scene0069_05-scene0069_08,canonical,5,24,7,794,True,0.6964735388755798,0.6964735388755798,0.7027707695960999,False,False,False,False,False,False,0.6964735388755798,,,False,False
137a8158-1db5-2cc0-8003-31c12610471e,scene0079_00-scene0079_09-scene0079_05-scene0079_04-scene0079_03,canonical,2,3,8,2701,True,1.0,1.0,1.0,False,False,False,False,False,False,0.9694890975952148,,,False,False
137a8158-1db5-2cc0-8003-31c12610471e,scene0079_00-scene0079_09-scene0079_05-scene0079_04-scene0079_03,canonical,2,5,39,2172,True,0.8182509541511536,0.8182509541511536,0.8182509541511536,False,False,False,False,False,False,0.8182509541511536,,,False,False
137a8158-1db5-2cc0-8003-31c12610471e,scene0079_00-scene0079_09-scene0079_05-scene0079_04-scene0079_03,canonical,2,6,16,13167,True,0.966740071773529,0.966740071773529,0.9629223346710205,False,False,False,False,False,False,0.9534423351287842,,,False,False
137a8158-1db5-2cc0-8003-31c12610471e,scene0079_00-scene0079_09-scene0079_05-scene0079_04-scene0079_03,canonical,2,7,9,678,True,0.5800344347953796,0.41251057386398315,0.41366687417030334,False,True,True,False,False,False,0.41251057386398315,,2,True,True
137a8158-1db5-2cc0-8003-31c12610471e,scene0079_00-scene0079_09-scene0079_05-scene0079_04-scene0079_03,canonical,2,8,39,2393,True,0.6122449040412903,0.6122449040412903,0.6083357930183411,False,False,False,False,False,False,0.6122449040412903,,,False,False
137a8158-1db5-2cc0-8003-31c12610471e,scene0079_00-scene0079_09-scene0079_05-scene0079_04-scene0079_03,canonical,2,10,8,1301,True,0.6085832715034485,0.6085832715034485,0.8763326406478882,False,False,False,False,False,False,0.49894022941589355,,5,False,False
137a8158-1db5-2cc0-8003-31c12610471e,scene0079_00-scene0079_09-scene0079_05-scene0079_04-scene0079_03,canonical,2,12,3,937,True,0.3485863208770752,0.3485863208770752,0.35927915573120117,False,True,False,False,False,False,0.3485863208770752,,2,True,True
137a8158-1db5-2cc0-8003-31c12610471e,scene0079_00-scene0079_09-scene0079_05-scene0079_04-scene0079_03,canonical,2,13,3,1267,True,0.4713541567325592,0.4713541567325592,0.46875,False,True,False,False,False,False,0.3822130560874939,,2,True,True
137a8158-1db5-2cc0-8003-31c12610471e,scene0079_00-scene0079_09-scene0079_05-scene0079_04-scene0079_03,canonical,2,14,3,997,True,0.387034147977829,0.387034147977829,0.38509076833724976,False,True,False,False,False,False,0.3538942039012909,,2,True,True
137a8158-1db5-2cc0-8003-31c12610471e,scene0079_00-scene0079_09-scene0079_05-scene0079_04-scene0079_03,canonical,2,15,3,1213,True,0.47088509798049927,0.47088509798049927,0.4685206711292267,False,True,False,False,False,False,0.47088509798049927,,2,True,True
137a8158-1db5-2cc0-8003-31c12610471e,scene0079_00-scene0079_09-scene0079_05-scene0079_04-scene0079_03,canonical,2,16,3,3798,True,0.7465038895606995,0.7465038895606995,0.7082357406616211,False,False,False,False,False,False,0.5936452150344849,,,False,False
137a8158-1db5-2cc0-8003-31c12610471e,scene0079_00-scene0079_09-scene0079_05-scene0079_04-scene0079_03,canonical,2,20,39,1472,True,0.35597825050354004,0.0,0.0,False,False,False,False,False,False,0.0,2,2,True,True
137a8158-1db5-2cc0-8003-31c12610471e,scene0079_00-scene0079_09-scene0079_05-scene0079_04-scene0079_03,canonical,2,21,39,1006,True,0.49702969193458557,0.49702969193458557,0.49702969193458557,False,True,False,False,False,False,0.21226215362548828,5,2,False,False
137a8158-1db5-2cc0-8003-31c12610471e,scene0079_00-scene0079_09-scene0079_05-scene0079_04-scene0079_03,canonical,2,22,3,3538,True,0.6130653023719788,0.6130653023719788,0.5276073813438416,False,False,False,False,False,False,0.37986400723457336,,3,False,False
137a8158-1db5-2cc0-8003-31c12610471e,scene0079_00-scene0079_09-scene0079_05-scene0079_04-scene0079_03,canonical,2,23,11,122,True,0.0,0.0,0.0,True,False,False,False,False,False,0.0,2,2,True,True
137a8158-1db5-2cc0-8003-31c12610471e,scene0079_00-scene0079_09-scene0079_05-scene0079_04-scene0079_03,canonical,2,24,11,100,True,0.004636234138160944,0.0,0.0,False,False,False,False,False,False,0.0,2,2,True,True
137a8158-1db5-2cc0-8003-31c12610471e,scene0079_00-scene0079_09-scene0079_05-scene0079_04-scene0079_03,canonical,2,25,11,562,True,0.8567073345184326,0.8567073345184326,0.8567073345184326,False,False,False,False,False,False,0.6787439584732056,,,False,False
137a8158-1db5-2cc0-8003-31c12610471e,scene0079_00-scene0079_09-scene0079_05-scene0079_04-scene0079_03,canonical,2,29,11,101,True,0.5247524976730347,0.5247524976730347,0.2829131782054901,False,False,False,False,False,False,0.3977695107460022,,3,False,False
137a8158-1db5-2cc0-8003-31c12610471e,scene0079_00-scene0079_09-scene0079_05-scene0079_04-scene0079_03,canonical,2,30,6,19135,True,0.820310652256012,0.820310652256012,0.8261700868606567,False,False,False,False,False,False,0.7760829925537109,,,False,False
137a8158-1db5-2cc0-8003-31c12610471e,scene0079_00-scene0079_09-scene0079_05-scene0079_04-scene0079_03,canonical,2,31,7,2621,True,0.5694290399551392,0.5694290399551392,0.5873052477836609,False,False,False,False,False,False,0.5694290399551392,,,False,False
137a8158-1db5-2cc0-8003-31c12610471e,scene0079_00-scene0079_09-scene0079_05-scene0079_04-scene0079_03,canonical,2,45,11,67,False,1.0,1.0,1.0,False,False,False,False,False,False,1.0,,,False,False
137a8158-1db5-2cc0-8003-31c12610471e,scene0079_00-scene0079_09-scene0079_05-scene0079_04-scene0079_03,canonical,3,3,8,4135,True,0.9694890975952148,0.9694890975952148,0.9591546058654785,False,False,False,False,False,False,0.9694890975952148,,,False,False
137a8158-1db5-2cc0-8003-31c12610471e,scene0079_00-scene0079_09-scene0079_05-scene0079_04-scene0079_03,canonical,3,5,39,3718,True,0.8771551847457886,0.8771551847457886,0.8735385537147522,False,False,False,False,False,False,0.8182509541511536,,,False,False
137a8158-1db5-2cc0-8003-31c12610471e,scene0079_00-scene0079_09-scene0079_05-scene0079_04-scene0079_03,canonical,3,6,16,18519,True,0.9678582549095154,0.9678582549095154,0.9625259637832642,False,False,False,False,False,False,0.9534423351287842,,,False,False
137a8158-1db5-2cc0-8003-31c12610471e,scene0079_00-scene0079_09-scene0079_05-scene0079_04-scene0079_03,canonical,3,7,9,1191,True,0.45113635063171387,0.45113635063171387,0.4571976959705353,False,True,False,False,False,False,0.41251057386398315,,2,True,True
137a8158-1db5-2cc0-8003-31c12610471e,scene0079_00-scene0079_09-scene0079_05-scene0079_04-scene0079_03,canonical,3,8,39,4742,True,0.6158663630485535,0.6158663630485535,0.7324329018592834,False,False,False,False,False,False,0.6122449040412903,,,False,False
137a8158-1db5-2cc0-8003-31c12610471e,scene0079_00-scene0079_09-scene0079_05-scene0079_04-scene0079_03,canonical,3,10,8,1578,True,0.5323383212089539,0.5323383212089539,0.7394705414772034,False,False,False,False,False,False,0.49894022941589355,,5,False,False
137a8158-1db5-2cc0-8003-31c12610471e,scene0079_00-scene0079_09-scene0079_05-scene0079_04-scene0079_03,canonical,3,12,3,2211,True,0.40442654490470886,0.40442654490470886,0.44531720876693726,False,True,False,False,False,False,0.3485863208770752,,2,True,True
137a8158-1db5-2cc0-8003-31c12610471e,scene0079_00-scene0079_09-scene0079_05-scene0079_04-scene0079_03,canonical,3,13,3,2418,True,0.44044575095176697,0.44044575095176697,0.48491552472114563,False,True,False,False,False,False,0.3822130560874939,,2,True,True
137a8158-1db5-2cc0-8003-31c12610471e,scene0079_00-scene0079_09-scene0079_05-scene0079_04-scene0079_03,canonical,3,14,3,2049,True,0.361083447933197,0.361083447933197,0.38199561834335327,False,True,False,False,False,False,0.3538942039012909,,2,True,True
137a8158-1db5-2cc0-8003-31c12610471e,scene0079_00-scene0079_09-scene0079_05-scene0079_04-scene0079_03,canonical,3,15,3,2481,True,0.5184953212738037,0.5184953212738037,0.5491132140159607,False,False,False,False,False,False,0.47088509798049927,,2,True,False
137a8158-1db5-2cc0-8003-31c12610471e,scene0079_00-scene0079_09-scene0079_05-scene0079_04-scene0079_03,canonical,3,16,3,4539,True,0.6410598754882812,0.6410598754882812,0.6063492298126221,False,False,False,False,False,False,0.5936452150344849,,,False,False
137a8158-1db5-2cc0-8003-31c12610471e,scene0079_00-scene0079_09-scene0079_05-scene0079_04-scene0079_03,canonical,3,20,39,2120,True,0.2916516065597534,0.12134217470884323,0.0,False,True,False,False,False,False,0.0,2,2,True,True
137a8158-1db5-2cc0-8003-31c12610471e,scene0079_00-scene0079_09-scene0079_05-scene0079_04-scene0079_03,canonical,3,21,39,1584,True,0.3161208927631378,0.3161208927631378,0.37342569231987,False,True,False,False,False,False,0.21226215362548828,5,2,False,False
137a8158-1db5-2cc0-8003-31c12610471e,scene0079_00-scene0079_09-scene0079_05-scene0079_04-scene0079_03,canonical,3,22,3,6229,True,0.37986400723457336,0.37986400723457336,0.726388692855835,False,True,False,True,False,True,0.37986400723457336,,3,False,False
137a8158-1db5-2cc0-8003-31c12610471e,scene0079_00-scene0079_09-scene0079_05-scene0079_04-scene0079_03,canonical,3,23,11,244,True,0.16877637803554535,0.16877637803554535,0.24025973677635193,False,True,False,False,False,False,0.0,2,2,True,True
137a8158-1db5-2cc0-8003-31c12610471e,scene0079_00-scene0079_09-scene0079_05-scene0079_04-scene0079_03,canonical,3,24,11,177,True,0.11622276157140732,0.11622276157140732,0.06374502182006836,False,True,False,False,False,False,0.0,2,2,True,True
137a8158-1db5-2cc0-8003-31c12610471e,scene0079_00-scene0079_09-scene0079_05-scene0079_04-scene0079_03,canonical,3,25,11,734,True,0.6787439584732056,0.6787439584732056,0.6895705461502075,False,False,False,False,False,False,0.6787439584732056,,,False,False
137a8158-1db5-2cc0-8003-31c12610471e,scene0079_00-scene0079_09-scene0079_05-scene0079_04-scene0079_03,canonical,3,29,11,224,True,0.3977695107460022,0.3977695107460022,0.42105263471603394,False,True,False,False,False,False,0.3977695107460022,,3,False,False
137a8158-1db5-2cc0-8003-31c12610471e,scene0079_00-scene0079_09-scene0079_05-scene0079_04-scene0079_03,canonical,3,30,6,25523,True,0.8266994953155518,0.8266994953155518,0.8402202725410461,False,False,False,False,False,False,0.7760829925537109,,,False,False
137a8158-1db5-2cc0-8003-31c12610471e,scene0079_00-scene0079_09-scene0079_05-scene0079_04-scene0079_03,canonical,3,31,7,5391,True,0.7190207839012146,0.7190207839012146,0.4943424165248871,False,False,False,False,False,False,0.5694290399551392,,,False,False
137a8158-1db5-2cc0-8003-31c12610471e,scene0079_00-scene0079_09-scene0079_05-scene0079_04-scene0079_03,canonical,3,45,11,67,False,1.0,1.0,1.0,False,False,False,False,False,False,1.0,,,False,False
137a8158-1db5-2cc0-8003-31c12610471e,scene0079_00-scene0079_09-scene0079_05-scene0079_04-scene0079_03,canonical,4,3,8,4135,True,0.9694890975952148,0.9694890975952148,0.9591546058654785,False,False,False,False,False,False,0.9694890975952148,,,False,False
137a8158-1db5-2cc0-8003-31c12610471e,scene0079_00-scene0079_09-scene0079_05-scene0079_04-scene0079_03,canonical,4,5,39,3743,True,0.871935248374939,0.871935248374939,0.8689769506454468,False,False,False,False,False,False,0.8182509541511536,,,False,False
137a8158-1db5-2cc0-8003-31c12610471e,scene0079_00-scene0079_09-scene0079_05-scene0079_04-scene0079_03,canonical,4,6,16,20730,True,0.9567230939865112,0.9567230939865112,0.9609869718551636,False,False,False,False,False,False,0.9534423351287842,,,False,False
137a8158-1db5-2cc0-8003-31c12610471e,scene0079_00-scene0079_09-scene0079_05-scene0079_04-scene0079_03,canonical,4,7,9,1191,True,0.45113635063171387,0.45113635063171387,0.47981879115104675,False,True,False,False,False,False,0.41251057386398315,,2,True,True
137a8158-1db5-2cc0-8003-31c12610471e,scene0079_00-scene0079_09-scene0079_05-scene0079_04-scene0079_03,canonical,4,8,39,6546,True,0.7032574415206909,0.7032574415206909,0.7946023344993591,False,False,False,False,False,False,0.6122449040412903,,,False,False
137a8158-1db5-2cc0-8003-31c12610471e,scene0079_00-scene0079_09-scene0079_05-scene0079_04-scene0079_03,canonical,4,10,8,1578,True,0.5323383212089539,0.5323383212089539,0.7321852445602417,False,False,False,False,False,False,0.49894022941589355,,5,False,False
137a8158-1db5-2cc0-8003-31c12610471e,scene0079_00-scene0079_09-scene0079_05-scene0079_04-scene0079_03,canonical,4,12,3,2465,True,0.38647088408470154,0.38647088408470154,0.4213966429233551,False,True,False,False,False,False,0.3485863208770752,,2,True,True
137a8158-1db5-2cc0-8003-31c12610471e,scene0079_00-scene0079_09-scene0079_05-scene0079_04-scene0079_03,canonical,4,13,3,3252,True,0.3822130560874939,0.3822130560874939,0.4561510384082794,False,True,False,False,False,False,0.3822130560874939,,2,True,True
137a8158-1db5-2cc0-8003-31c12610471e,scene0079_00-scene0079_09-scene0079_05-scene0079_04-scene0079_03,canonical,4,14,3,2151,True,0.3538942039012909,0.3538942039012909,0.43775397539138794,False,True,False,False,False,False,0.3538942039012909,,2,True,True
137a8158-1db5-2cc0-8003-31c12610471e,scene0079_00-scene0079_09-scene0079_05-scene0079_04-scene0079_03,canonical,4,15,3,2481,True,0.5184953212738037,0.5184953212738037,0.5162296891212463,False,False,False,False,False,False,0.47088509798049927,,2,True,False
137a8158-1db5-2cc0-8003-31c12610471e,scene0079_00-scene0079_09-scene0079_05-scene0079_04-scene0079_03,canonical,4,16,3,4539,True,0.6410598754882812,0.6410598754882812,0.5701851844787598,False,False,False,False,False,False,0.5936452150344849,,,False,False
137a8158-1db5-2cc0-8003-31c12610471e,scene0079_00-scene0079_09-scene0079_05-scene0079_04-scene0079_03,canonical,4,20,39,2120,True,0.2916516065597534,0.12134217470884323,0.0,False,True,False,False,False,False,0.0,2,2,True,True
137a8158-1db5-2cc0-8003-31c12610471e,scene0079_00-scene0079_09-scene0079_05-scene0079_04-scene0079_03,canonical,4,21,39,1584,True,0.3161208927631378,0.3161208927631378,0.18497474491596222,False,True,False,False,False,False,0.21226215362548828,5,2,False,False
137a8158-1db5-2cc0-8003-31c12610471e,scene0079_00-scene0079_09-scene0079_05-scene0079_04-scene0079_03,canonical,4,22,3,6229,True,0.37986400723457336,0.37986400723457336,0.697731614112854,False,True,False,True,False,False,0.37986400723457336,,3,False,False
137a8158-1db5-2cc0-8003-31c12610471e,scene0079_00-scene0079_09-scene0079_05-scene0079_04-scene0079_03,canonical,4,23,11,244,True,0.16877637803554535,0.16877637803554535,0.2505219280719757,False,True,False,False,False,False,0.0,2,2,True,True
137a8158-1db5-2cc0-8003-31c12610471e,scene0079_00-scene0079_09-scene0079_05-scene0079_04-scene0079_03,canonical,4,24,11,177,True,0.11622276157140732,0.11622276157140732,0.09917355328798294,False,True,False,False,False,False,0.0,2,2,True,True
137a8158-1db5-2cc0-8003-31c12610471e,scene0079_00-scene0079_09-scene0079_05-scene0079_04-scene0079_03,canonical,4,25,11,734,True,0.6787439584732056,0.6787439584732056,0.6787439584732056,False,False,False,False,False,False,0.6787439584732056,,,False,False
137a8158-1db5-2cc0-8003-31c12610471e,scene0079_00-scene0079_09-scene0079_05-scene0079_04-scene0079_03,canonical,4,29,11,224,True,0.3977695107460022,0.3977695107460022,0.37310606241226196,False,True,False,False,False,False,0.3977695107460022,,3,False,False
137a8158-1db5-2cc0-8003-31c12610471e,scene0079_00-scene0079_09-scene0079_05-scene0079_04-scene0079_03,canonical,4,30,6,26085,True,0.8298251628875732,0.8298251628875732,0.845554530620575,False,False,False,False,False,False,0.7760829925537109,,,False,False
137a8158-1db5-2cc0-8003-31c12610471e,scene0079_00-scene0079_09-scene0079_05-scene0079_04-scene0079_03,canonical,4,31,7,6303,True,0.7498778700828552,0.7498778700828552,0.5640944242477417,False,False,False,False,False,False,0.5694290399551392,,,False,False
137a8158-1db5-2cc0-8003-31c12610471e,scene0079_00-scene0079_09-scene0079_05-scene0079_04-scene0079_03,canonical,4,45,11,67,False,1.0,1.0,1.0,False,False,False,False,False,False,1.0,,,False,False
137a8158-1db5-2cc0-8003-31c12610471e,scene0079_00-scene0079_09-scene0079_05-scene0079_04-scene0079_03,canonical,5,3,8,4135,True,0.9694890975952148,0.9694890975952148,0.9591546058654785,False,False,False,False,False,False,0.9694890975952148,,,False,False
137a8158-1db5-2cc0-8003-31c12610471e,scene0079_00-scene0079_09-scene0079_05-scene0079_04-scene0079_03,canonical,5,5,39,3743,True,0.8647308945655823,0.8647308945655823,0.8675355315208435,False,False,False,False,False,False,0.8182509541511536,,,False,False
137a8158-1db5-2cc0-8003-31c12610471e,scene0079_00-scene0079_09-scene0079_05-scene0079_04-scene0079_03,canonical,5,6,16,22478,True,0.9534423351287842,0.9534423351287842,0.9583778381347656,False,False,False,False,False,False,0.9534423351287842,,,False,False
137a8158-1db5-2cc0-8003-31c12610471e,scene0079_00-scene0079_09-scene0079_05-scene0079_04-scene0079_03,canonical,5,7,9,1191,True,0.45113635063171387,0.45113635063171387,0.4568469524383545,False,True,False,False,False,False,0.41251057386398315,,2,True,True
137a8158-1db5-2cc0-8003-31c12610471e,scene0079_00-scene0079_09-scene0079_05-scene0079_04-scene0079_03,canonical,5,8,39,8442,True,0.7493478059768677,0.7493478059768677,0.8317453861236572,False,False,False,False,False,False,0.6122449040412903,,,False,False
137a8158-1db5-2cc0-8003-31c12610471e,scene0079_00-scene0079_09-scene0079_05-scene0079_04-scene0079_03,canonical,5,10,8,1726,True,0.49894022941589355,0.49894022941589355,0.6774725317955017,False,True,False,True,False,False,0.49894022941589355,,5,False,False
137a8158-1db5-2cc0-8003-31c12610471e,scene0079_00-scene0079_09-scene0079_05-scene0079_04-scene0079_03,canonical,5,12,3,3308,True,0.41259118914604187,0.41259118914604187,0.43989360332489014,False,True,False,False,False,False,0.3485863208770752,,2,True,True
137a8158-1db5-2cc0-8003-31c12610471e,scene0079_00-scene0079_09-scene0079_05-scene0079_04-scene0079_03,canonical,5,13,3,4077,True,0.40154826641082764,0.40154826641082764,0.44036248326301575,False,True,False,False,False,False,0.3822130560874939,,2,True,True
137a8158-1db5-2cc0-8003-31c12610471e,scene0079_00-scene0079_09-scene0079_05-scene0079_04-scene0079_03,canonical,5,14,3,3077,True,0.38418322801589966,0.38418322801589966,0.40909090638160706,False,True,False,False,False,False,0.3538942039012909,,2,True,True
137a8158-1db5-2cc0-8003-31c12610471e,scene0079_00-scene0079_09-scene0079_05-scene0079_04-scene0079_03,canonical,5,15,3,3360,True,0.5143907070159912,0.5143907070159912,0.5000743865966797,False,False,False,False,False,False,0.47088509798049927,,2,True,False
137a8158-1db5-2cc0-8003-31c12610471e,scene0079_00-scene0079_09-scene0079_05-scene0079_04-scene0079_03,canonical,5,16,3,4958,True,0.5936452150344849,0.5936452150344849,0.5191702246665955,False,False,False,False,False,False,0.5936452150344849,,,False,False
137a8158-1db5-2cc0-8003-31c12610471e,scene0079_00-scene0079_09-scene0079_05-scene0079_04-scene0079_03,canonical,5,20,39,2769,True,0.23624122142791748,0.09682440757751465,0.37269771099090576,False,True,False,False,False,False,0.0,2,2,True,True
137a8158-1db5-2cc0-8003-31c12610471e,scene0079_00-scene0079_09-scene0079_05-scene0079_04-scene0079_03,canonical,5,21,39,2361,True,0.25031766295433044,0.21226215362548828,0.08079313486814499,False,True,False,False,False,False,0.21226215362548828,5,2,False,False
137a8158-1db5-2cc0-8003-31c12610471e,scene0079_00-scene0079_09-scene0079_05-scene0079_04-scene0079_03,canonical,5,22,3,8039,True,0.45119747519493103,0.45119747519493103,0.7507156729698181,False,True,False,True,False,False,0.37986400723457336,,3,False,False
137a8158-1db5-2cc0-8003-31c12610471e,scene0079_00-scene0079_09-scene0079_05-scene0079_04-scene0079_03,canonical,5,23,11,244,True,0.1629955917596817,0.1629955917596817,0.1711840182542801,False,True,False,False,False,False,0.0,2,2,True,True
137a8158-1db5-2cc0-8003-31c12610471e,scene0079_00-scene0079_09-scene0079_05-scene0079_04-scene0079_03,canonical,5,24,11,177,True,0.11622276157140732,0.11622276157140732,0.07981220632791519,False,True,False,False,False,False,0.0,2,2,True,True
137a8158-1db5-2cc0-8003-31c12610471e,scene0079_00-scene0079_09-scene0079_05-scene0079_04-scene0079_03,canonical,5,25,11,734,True,0.6787439584732056,0.6787439584732056,0.6787439584732056,False,False,False,False,False,False,0.6787439584732056,,,False,False
137a8158-1db5-2cc0-8003-31c12610471e,scene0079_00-scene0079_09-scene0079_05-scene0079_04-scene0079_03,canonical,5,29,11,224,True,0.3977695107460022,0.3977695107460022,0.39878541231155396,False,True,False,False,False,False,0.3977695107460022,,3,False,False
137a8158-1db5-2cc0-8003-31c12610471e,scene0079_00-scene0079_09-scene0079_05-scene0079_04-scene0079_03,canonical,5,30,6,29235,True,0.7760829925537109,0.7760829925537109,0.7681402564048767,False,False,False,False,False,False,0.7760829925537109,,,False,False
137a8158-1db5-2cc0-8003-31c12610471e,scene0079_00-scene0079_09-scene0079_05-scene0079_04-scene0079_03,canonical,5,31,7,8453,True,0.7651578783988953,0.7651578783988953,0.42682021856307983,False,False,False,False,False,False,0.5694290399551392,,,False,False
137a8158-1db5-2cc0-8003-31c12610471e,scene0079_00-scene0079_09-scene0079_05-scene0079_04-scene0079_03,canonical,5,45,11,67,False,1.0,1.0,1.0,False,False,False,False,False,False,1.0,,,False,False
137a8158-1db5-2cc0-8003-31c12610471e,scene0079_01-scene0079_06-scene0079_11-scene0079_10-scene0079_02,canonical,2,3,8,1003,True,0.8860424160957336,0.8860424160957336,0.8860424160957336,False,False,False,False,False,False,0.6185823678970337,,,False,False
137a8158-1db5-2cc0-8003-31c12610471e,scene0079_01-scene0079_06-scene0079_11-scene0079_10-scene0079_02,canonical,2,5,39,715,True,0.28629031777381897,0.28629031777381897,0.5542635917663574,False,True,False,True,False,True,0.24680578708648682,3,2,False,False
137a8158-1db5-2cc0-8003-31c12610471e,scene0079_01-scene0079_06-scene0079_11-scene0079_10-scene0079_02,canonical,2,6,16,8459,True,0.9846980571746826,0.9846980571746826,0.9846980571746826,False,False,False,False,False,False,0.8196086883544922,,,False,False
137a8158-1db5-2cc0-8003-31c12610471e,scene0079_01-scene0079_06-scene0079_11-scene0079_10-scene0079_02,canonical,2,8,39,2956,True,0.9481797218322754,0.9481797218322754,0.9519948363304138,False,False,False,False,False,False,0.33301687240600586,,4,False,False
137a8158-1db5-2cc0-8003-31c12610471e,scene0079_01-scene0079_06-scene0079_11-scene0079_10-scene0079_02,canonical,2,10,8,1362,True,0.8783783912658691,0.8783783912658691,0.7566666603088379,False,False,False,False,False,False,0.27163904905319214,,3,False,False
137a8158-1db5-2cc0-8003-31c12610471e,scene0079_01-scene0079_06-scene0079_11-scene0079_10-scene0079_02,canonical,2,12,3,1939,True,0.5750296711921692,0.5750296711921692,0.5750296711921692,False,False,False,False,False,False,0.21875505149364471,4,3,False,False
137a8158-1db5-2cc0-8003-31c12610471e,scene0079_01-scene0079_06-scene0079_11-scene0079_10-scene0079_02,canonical,2,13,3,1336,True,0.39289939403533936,0.39289939403533936,0.39289939403533936,False,True,False,False,False,False,0.17636102437973022,3,2,True,True
137a8158-1db5-2cc0-8003-31c12610471e,scene0079_01-scene0079_06-scene0079_11-scene0079_10-scene0079_02,canonical,2,14,3,1078,True,0.7922705411911011,0.7922705411911011,0.46266093850135803,False,False,False,False,False,False,0.20680958032608032,5,3,False,False
137a8158-1db5-2cc0-8003-31c12610471e,scene0079_01-scene0079_06-scene0079_11-scene0079_10-scene0079_02,canonical,2,15,3,1136,True,0.6399999856948853,0.6399999856948853,0.4875536561012268,False,False,False,False,False,False,0.21158502995967865,5,3,False,False
137a8158-1db5-2cc0-8003-31c12610471e,scene0079_01-scene0079_06-scene0079_11-scene0079_10-scene0079_02,canonical,2,16,3,1097,True,0.5045998096466064,0.5045998096466064,0.5111836194992065,False,False,False,False,False,False,0.4225432574748993,,4,False,False
137a8158-1db5-2cc0-8003-31c12610471e,scene0079_01-scene0079_06-scene0079_11-scene0079_10-scene0079_02,canonical,2,20,39,1835,True,0.6326975226402283,0.6326975226402283,0.6326975226402283,False,False,False,False,False,False,0.5415111780166626,,,False,False
137a8158-1db5-2cc0-8003-31c12610471e,scene0079_01-scene0079_06-scene0079_11-scene0079_10-scene0079_02,canonical,2,21,39,1399,True,0.5289492607116699,0.5289492607116699,0.5289492607116699,False,False,False,False,False,False,0.37204626202583313,,3,False,False
137a8158-1db5-2cc0-8003-31c12610471e,scene0079_01-scene0079_06-scene0079_11-scene0079_10-scene0079_02,canonical,2,22,3,756,True,0.8664020895957947,0.2879121005535126,0.2914997637271881,False,True,True,False,False,True,0.2879121005535126,,2,False,False
137a8158-1db5-2cc0-8003-31c12610471e,scene0079_01-scene0079_06-scene0079_11-scene0079_10-scene0079_02,canonical,2,25,11,865,True,0.8864809274673462,0.8864809274673462,0.8864809274673462,False,False,False,False,False,False,0.8864809274673462,,,False,False
137a8158-1db5-2cc0-8003-31c12610471e,scene0079_01-scene0079_06-scene0079_11-scene0079_10-scene0079_02,canonical,2,30,6,8807,True,0.8392402529716492,0.8392402529716492,0.8392402529716492,False,False,False,False,False,False,0.7693784236907959,,,False,False
137a8158-1db5-2cc0-8003-31c12610471e,scene0079_01-scene0079_06-scene0079_11-scene0079_10-scene0079_02,canonical,2,31,7,5,False,0.0005864414852112532,0.0,0.0,False,False,False,False,False,False,0.0,2,2,False,False
137a8158-1db5-2cc0-8003-31c12610471e,scene0079_01-scene0079_06-scene0079_11-scene0079_10-scene0079_02,canonical,2,45,11,100,True,1.0,1.0,1.0,False,False,False,False,False,False,0.4184100329875946,,5,False,False
137a8158-1db5-2cc0-8003-31c12610471e,scene0079_01-scene0079_06-scene0079_11-scene0079_10-scene0079_02,canonical,3,3,8,3660,True,0.8770780563354492,0.8770780563354492,0.864483654499054,False,False,False,False,False,False,0.6185823678970337,,,False,False
137a8158-1db5-2cc0-8003-31c12610471e,scene0079_01-scene0079_06-scene0079_11-scene0079_10-scene0079_02,canonical,3,5,39,1187,True,0.24680578708648682,0.24680578708648682,0.6184631586074829,False,True,False,True,False,False,0.24680578708648682,3,2,False,False
137a8158-1db5-2cc0-8003-31c12610471e,scene0079_01-scene0079_06-scene0079_11-scene0079_10-scene0079_02,canonical,3,6,16,23352,True,0.8196086883544922,0.8196086883544922,0.8899078965187073,False,False,False,False,False,False,0.8196086883544922,,,False,False
137a8158-1db5-2cc0-8003-31c12610471e,scene0079_01-scene0079_06-scene0079_11-scene0079_10-scene0079_02,canonical,3,7,9,138,True,0.020549582317471504,0.0,0.0,False,False,False,False,False,False,0.0,3,3,False,False
137a8158-1db5-2cc0-8003-31c12610471e,scene0079_01-scene0079_06-scene0079_11-scene0079_10-scene0079_02,canonical,3,8,39,5034,True,0.563877522945404,0.563877522945404,0.9478161931037903,False,False,False,False,True,False,0.33301687240600586,,4,False,False
137a8158-1db5-2cc0-8003-31c12610471e,scene0079_01-scene0079_06-scene0079_11-scene0079_10-scene0079_02,canonical,3,10,8,2920,True,0.4166666567325592,0.4166666567325592,0.5877541899681091,False,True,False,True,False,False,0.27163904905319214,,3,False,False
137a8158-1db5-2cc0-8003-31c12610471e,scene0079_01-scene0079_06-scene0079_11-scene0079_10-scene0079_02,canonical,3,12,3,2706,True,0.2697637379169464,0.2697637379169464,0.431716650724411,False,True,False,False,False,False,0.21875505149364471,4,3,False,False
137a8158-1db5-2cc0-8003-31c12610471e,scene0079_01-scene0079_06-scene0079_11-scene0079_10-scene0079_02,canonical,3,13,3,2094,True,0.20742879807949066,0.20742879807949066,0.3334396481513977,False,True,False,False,False,False,0.17636102437973022,3,2,True,True
137a8158-1db5-2cc0-8003-31c12610471e,scene0079_01-scene0079_06-scene0079_11-scene0079_10-scene0079_02,canonical,3,14,3,1952,True,0.4650283455848694,0.4650283455848694,0.3517117202281952,False,True,False,False,False,False,0.20680958032608032,5,3,False,False
137a8158-1db5-2cc0-8003-31c12610471e,scene0079_01-scene0079_06-scene0079_11-scene0079_10-scene0079_02,canonical,3,15,3,1944,True,0.4397986829280853,0.4397986829280853,0.35027027130126953,False,True,False,False,False,False,0.21158502995967865,5,3,False,False
137a8158-1db5-2cc0-8003-31c12610471e,scene0079_01-scene0079_06-scene0079_11-scene0079_10-scene0079_02,canonical,3,16,3,4143,True,0.6007728576660156,0.6007728576660156,0.6859126091003418,False,False,False,False,False,False,0.4225432574748993,,4,False,False
137a8158-1db5-2cc0-8003-31c12610471e,scene0079_01-scene0079_06-scene0079_11-scene0079_10-scene0079_02,canonical,3,20,39,2144,True,0.5415111780166626,0.5415111780166626,0.5415111780166626,False,False,False,False,False,False,0.5415111780166626,,,False,False
137a8158-1db5-2cc0-8003-31c12610471e,scene0079_01-scene0079_06-scene0079_11-scene0079_10-scene0079_02,canonical,3,21,39,1989,True,0.37204626202583313,0.37204626202583313,0.207884281873703,False,True,False,False,False,False,0.37204626202583313,,3,False,False
137a8158-1db5-2cc0-8003-31c12610471e,scene0079_01-scene0079_06-scene0079_11-scene0079_10-scene0079_02,canonical,3,22,3,4259,True,0.6110408902168274,0.6110408902168274,0.5157819390296936,False,False,False,False,False,False,0.2879121005535126,,2,False,False
137a8158-1db5-2cc0-8003-31c12610471e,scene0079_01-scene0079_06-scene0079_11-scene0079_10-scene0079_02,canonical,3,23,11,15,False,0.054347824305295944,0.054347824305295944,0.06578947603702545,False,True,False,False,False,False,0.054347824305295944,3,3,False,False
137a8158-1db5-2cc0-8003-31c12610471e,scene0079_01-scene0079_06-scene0079_11-scene0079_10-scene0079_02,canonical,3,25,11,1229,True,0.917479395866394,0.917479395866394,0.9230188727378845,False,False,False,False,False,False,0.8864809274673462,,,False,False
137a8158-1db5-2cc0-8003-31c12610471e,scene0079_01-scene0079_06-scene0079_11-scene0079_10-scene0079_02,canonical,3,29,11,170,True,0.5362775921821594,0.5362775921821594,0.3761062026023865,False,False,False,False,False,False,0.49059560894966125,,5,False,False
137a8158-1db5-2cc0-8003-31c12610471e,scene0079_01-scene0079_06-scene0079_11-scene0079_10-scene0079_02,canonical,3,30,6,14086,True,0.7693784236907959,0.7693784236907959,0.7806656956672668,False,False,False,False,False,False,0.7693784236907959,,,False,False
137a8158-1db5-2cc0-8003-31c12610471e,scene0079_01-scene0079_06-scene0079_11-scene0079_10-scene0079_02,canonical,3,31,7,852,True,0.5793721675872803,0.5793721675872803,0.5790408253669739,False,False,False,False,False,False,0.0,2,2,False,False
137a8158-1db5-2cc0-8003-31c12610471e,scene0079_01-scene0079_06-scene0079_11-scene0079_10-scene0079_02,canonical,3,45,11,100,True,1.0,1.0,0.4149377644062042,False,False,False,False,False,False,0.4184100329875946,,5,False,False
137a8158-1db5-2cc0-8003-31c12610471e,scene0079_01-scene0079_06-scene0079_11-scene0079_10-scene0079_02,canonical,3,46,11,107,True,0.06849315017461777,0.06849315017461777,0.5047169923782349,False,True,False,True,False,False,0.06849315017461777,3,3,False,False
137a8158-1db5-2cc0-8003-31c12610471e,scene0079_01-scene0079_06-scene0079_11-scene0079_10-scene0079_02,canonical,3,47,11,120,True,0.0,0.0,0.0,True,False,False,False,False,False,0.0,3,3,False,False
137a8158-1db5-2cc0-8003-31c12610471e,scene0079_01-scene0079_06-scene0079_11-scene0079_10-scene0079_02,canonical,3,48,11,132,True,0.17032967507839203,0.17032967507839203,0.0,False,True,False,False,False,False,0.17032967507839203,3,3,False,False
137a8158-1db5-2cc0-8003-31c12610471e,scene0079_01-scene0079_06-scene0079_11-scene0079_10-scene0079_02,canonical,4,3,8,3660,True,0.6185823678970337,0.6185823678970337,0.8741805553436279,False,False,False,False,False,False,0.6185823678970337,,,False,False
137a8158-1db5-2cc0-8003-31c12610471e,scene0079_01-scene0079_06-scene0079_11-scene0079_10-scene0079_02,canonical,4,5,39,1187,True,0.24680578708648682,0.24680578708648682,0.6184631586074829,False,True,False,True,False,False,0.24680578708648682,3,2,False,False
137a8158-1db5-2cc0-8003-31c12610471e,scene0079_01-scene0079_06-scene0079_11-scene0079_10-scene0079_02,canonical,4,6,16,34113,True,0.859889030456543,0.859889030456543,0.8865959048271179,False,False,False,False,False,False,0.8196086883544922,,,False,False
137a8158-1db5-2cc0-8003-31c12610471e,scene0079_01-scene0079_06-scene0079_11-scene0079_10-scene0079_02,canonical,4,7,9,138,True,0.020549582317471504,0.0,0.0,False,False,False,False,False,False,0.0,3,3,False,False
137a8158-1db5-2cc0-8003-31c12610471e,scene0079_01-scene0079_06-scene0079_11-scene0079_10-scene0079_02,canonical,4,8,39,7390,True,0.3863423764705658,0.3863423764705658,0.9348438382148743,False,True,False,True,True,False,0.33301687240600586,,4,False,False
137a8158-1db5-2cc0-8003-31c12610471e,scene0079_01-scene0079_06-scene0079_11-scene0079_10-scene0079_02,canonical,4,10,8,5056,True,0.3484937846660614,0.3484937846660614,0.5742835998535156,False,True,False,True,True,True,0.27163904905319214,,3,False,False
137a8158-1db5-2cc0-8003-31c12610471e,scene0079_01-scene0079_06-scene0079_11-scene0079_10-scene0079_02,canonical,4,12,3,4091,True,0.23703573644161224,0.23703573644161224,0.42508313059806824,False,True,False,False,False,False,0.21875505149364471,4,3,False,False
137a8158-1db5-2cc0-8003-31c12610471e,scene0079_01-scene0079_06-scene0079_11-scene0079_10-scene0079_02,canonical,4,13,3,3863,True,0.17636102437973022,0.17636102437973022,0.3997924327850342,False,True,False,False,False,False,0.17636102437973022,3,2,True,True
137a8158-1db5-2cc0-8003-31c12610471e,scene0079_01-scene0079_06-scene0079_11-scene0079_10-scene0079_02,canonical,4,14,3,3438,True,0.2731815576553345,0.2731815576553345,0.38679996132850647,False,True,False,False,False,False,0.20680958032608032,5,3,False,False
137a8158-1db5-2cc0-8003-31c12610471e,scene0079_01-scene0079_06-scene0079_11-scene0079_10-scene0079_02,canonical,4,15,3,3536,True,0.27209579944610596,0.27209579944610596,0.4031926989555359,False,True,False,False,False,True,0.21158502995967865,5,3,False,False
137a8158-1db5-2cc0-8003-31c12610471e,scene0079_01-scene0079_06-scene0079_11-scene0079_10-scene0079_02,canonical,4,16,3,6217,True,0.4225432574748993,0.4225432574748993,0.5067269802093506,False,True,False,True,True,True,0.4225432574748993,,4,False,False
137a8158-1db5-2cc0-8003-31c12610471e,scene0079_01-scene0079_06-scene0079_11-scene0079_10-scene0079_02,canonical,4,20,39,2144,True,0.5415111780166626,0.5415111780166626,0.4309576749801636,False,False,False,False,False,False,0.5415111780166626,,,False,False
137a8158-1db5-2cc0-8003-31c12610471e,scene0079_01-scene0079_06-scene0079_11-scene0079_10-scene0079_02,canonical,4,21,39,1989,True,0.37204626202583313,0.37204626202583313,0.37204626202583313,False,True,False,False,False,False,0.37204626202583313,,3,False,False
137a8158-1db5-2cc0-8003-31c12610471e,scene0079_01-scene0079_06-scene0079_11-scene0079_10-scene0079_02,canonical,4,22,3,4259,True,0.6110408902168274,0.6110408902168274,0.5282707214355469,False,False,False,False,False,False,0.2879121005535126,,2,False,False
137a8158-1db5-2cc0-8003-31c12610471e,scene0079_01-scene0079_06-scene0079_11-scene0079_10-scene0079_02,canonical,4,23,11,15,False,0.054347824305295944,0.054347824305295944,0.05988023802638054,False,True,False,False,False,False,0.054347824305295944,3,3,False,False
137a8158-1db5-2cc0-8003-31c12610471e,scene0079_01-scene0079_06-scene0079_11-scene0079_10-scene0079_02,canonical,4,25,11,1229,True,0.917479395866394,0.917479395866394,0.9210526347160339,False,False,False,False,False,False,0.8864809274673462,,,False,False
137a8158-1db5-2cc0-8003-31c12610471e,scene0079_01-scene0079_06-scene0079_11-scene0079_10-scene0079_02,canonical,4,29,11,170,True,0.5362775921821594,0.5362775921821594,0.42288556694984436,False,False,False,False,False,False,0.49059560894966125,,5,False,False
137a8158-1db5-2cc0-8003-31c12610471e,scene0079_01-scene0079_06-scene0079_11-scene0079_10-scene0079_02,canonical,4,30,6,14086,True,0.7693784236907959,0.7693784236907959,0.7382965683937073,False,False,False,False,False,False,0.7693784236907959,,,False,False
137a8158-1db5-2cc0-8003-31c12610471e,scene0079_01-scene0079_06-scene0079_11-scene0079_10-scene0079_02,canonical,4,31,7,852,True,0.5793721675872803,0.5793721675872803,0.5825155973434448,False,False,False,False,False,False,0.0,2,2,False,False
137a8158-1db5-2cc0-8003-31c12610471e,scene0079_01-scene0079_06-scene0079_11-scene0079_10-scene0079_02,canonical,4,45,11,176,True,0.5681818127632141,0.5681818127632141,0.5552050471305847,False,False,False,False,False,False,0.4184100329875946,,5,False,False
137a8158-1db5-2cc0-8003-31c12610471e,scene0079_01-scene0079_06-scene0079_11-scene0079_10-scene0079_02,canonical,4,46,11,107,True,0.06849315017461777,0.06849315017461777,0.6016949415206909,False,True,False,True,False,False,0.06849315017461777,3,3,False,False
137a8158-1db5-2cc0-8003-31c12610471e,scene0079_01-scene0079_06-scene0079_11-scene0079_10-scene0079_02,canonical,4,47,11,120,True,0.0,0.0,0.0,True,False,False,False,False,False,0.0,3,3,False,False
137a8158-1db5-2cc0-8003-31c12610471e,scene0079_01-scene0079_06-scene0079_11-scene0079_10-scene0079_02,canonical,4,48,11,132,True,0.17032967507839203,0.17032967507839203,0.23157894611358643,False,True,False,False,False,False,0.17032967507839203,3,3,False,False
137a8158-1db5-2cc0-8003-31c12610471e,scene0079_01-scene0079_06-scene0079_11-scene0079_10-scene0079_02,canonical,5,3,8,4477,True,0.6642459630966187,0.6642459630966187,0.8995165228843689,False,False,False,False,False,False,0.6185823678970337,,,False,False
137a8158-1db5-2cc0-8003-31c12610471e,scene0079_01-scene0079_06-scene0079_11-scene0079_10-scene0079_02,canonical,5,5,39,1667,True,0.30613020062446594,0.30613020062446594,0.6103174686431885,False,True,False,True,False,False,0.24680578708648682,3,2,False,False
137a8158-1db5-2cc0-8003-31c12610471e,scene0079_01-scene0079_06-scene0079_11-scene0079_10-scene0079_02,canonical,5,6,16,49721,True,0.8989928960800171,0.8989928960800171,0.929959237575531,False,False,False,False,False,False,0.8196086883544922,,,False,False
137a8158-1db5-2cc0-8003-31c12610471e,scene0079_01-scene0079_06-scene0079_11-scene0079_10-scene0079_02,canonical,5,7,9,138,True,0.020549582317471504,0.0,0.06646216660737991,False,False,False,False,False,False,0.0,3,3,False,False
137a8158-1db5-2cc0-8003-31c12610471e,scene0079_01-scene0079_06-scene0079_11-scene0079_10-scene0079_02,canonical,5,8,39,9759,True,0.33301687240600586,0.33301687240600586,0.9222543239593506,False,True,False,True,False,False,0.33301687240600586,,4,False,False
137a8158-1db5-2cc0-8003-31c12610471e,scene0079_01-scene0079_06-scene0079_11-scene0079_10-scene0079_02,canonical,5,10,8,6493,True,0.27163904905319214,0.27163904905319214,0.5165137648582458,False,True,False,True,False,False,0.27163904905319214,,3,False,False
137a8158-1db5-2cc0-8003-31c12610471e,scene0079_01-scene0079_06-scene0079_11-scene0079_10-scene0079_02,canonical,5,12,3,5045,True,0.21875505149364471,0.21875505149364471,0.4360791742801666,False,True,False,False,False,False,0.21875505149364471,4,3,False,False
137a8158-1db5-2cc0-8003-31c12610471e,scene0079_01-scene0079_06-scene0079_11-scene0079_10-scene0079_02,canonical,5,13,3,4728,True,0.20658612251281738,0.20658612251281738,0.40515607595443726,False,True,False,False,False,False,0.17636102437973022,3,2,True,True
137a8158-1db5-2cc0-8003-31c12610471e,scene0079_01-scene0079_06-scene0079_11-scene0079_10-scene0079_02,canonical,5,14,3,4594,True,0.20680958032608032,0.20680958032608032,0.41373366117477417,False,True,False,False,False,False,0.20680958032608032,5,3,False,False
137a8158-1db5-2cc0-8003-31c12610471e,scene0079_01-scene0079_06-scene0079_11-scene0079_10-scene0079_02,canonical,5,15,3,4730,True,0.21158502995967865,0.21158502995967865,0.4303520917892456,False,True,False,False,False,False,0.21158502995967865,5,3,False,False
137a8158-1db5-2cc0-8003-31c12610471e,scene0079_01-scene0079_06-scene0079_11-scene0079_10-scene0079_02,canonical,5,16,3,10415,True,0.48179444670677185,0.48179444670677185,0.6766794323921204,False,True,False,True,False,False,0.4225432574748993,,4,False,False
137a8158-1db5-2cc0-8003-31c12610471e,scene0079_01-scene0079_06-scene0079_11-scene0079_10-scene0079_02,canonical,5,20,39,2144,True,0.5415111780166626,0.5415111780166626,0.5032509565353394,False,False,False,False,False,False,0.5415111780166626,,,False,False
137a8158-1db5-2cc0-8003-31c12610471e,scene0079_01-scene0079_06-scene0079_11-scene0079_10-scene0079_02,canonical,5,21,39,1989,True,0.37204626202583313,0.37204626202583313,0.3685269057750702,False,True,False,False,False,False,0.37204626202583313,,3,False,False
137a8158-1db5-2cc0-8003-31c12610471e,scene0079_01-scene0079_06-scene0079_11-scene0079_10-scene0079_02,canonical,5,22,3,7568,True,0.4997081160545349,0.4997081160545349,0.811476469039917,False,True,False,True,False,False,0.2879121005535126,,2,False,False
137a8158-1db5-2cc0-8003-31c12610471e,scene0079_01-scene0079_06-scene0079_11-scene0079_10-scene0079_02,canonical,5,23,11,146,True,0.09149277955293655,0.09149277955293655,0.02958579920232296,False,True,False,False,False,False,0.054347824305295944,3,3,False,False
137a8158-1db5-2cc0-8003-31c12610471e,scene0079_01-scene0079_06-scene0079_11-scene0079_10-scene0079_02,canonical,5,24,11,105,True,0.10878661274909973,0.10878661274909973,0.08609271794557571,False,True,False,False,False,False,0.10878661274909973,5,5,False,False
137a8158-1db5-2cc0-8003-31c12610471e,scene0079_01-scene0079_06-scene0079_11-scene0079_10-scene0079_02,canonical,5,25,11,1229,True,0.917479395866394,0.917479395866394,0.9150375723838806,False,False,False,False,False,False,0.8864809274673462,,,False,False
137a8158-1db5-2cc0-8003-31c12610471e,scene0079_01-scene0079_06-scene0079_11-scene0079_10-scene0079_02,canonical,5,29,11,331,True,0.49059560894966125,0.49059560894966125,0.22249093651771545,False,True,False,False,False,False,0.49059560894966125,,5,False,False
137a8158-1db5-2cc0-8003-31c12610471e,scene0079_01-scene0079_06-scene0079_11-scene0079_10-scene0079_02,canonical,5,30,6,17953,True,0.7977038025856018,0.7977038025856018,0.7802730798721313,False,False,False,False,False,False,0.7693784236907959,,,False,False
137a8158-1db5-2cc0-8003-31c12610471e,scene0079_01-scene0079_06-scene0079_11-scene0079_10-scene0079_02,canonical,5,31,7,961,True,0.5277777910232544,0.5277777910232544,0.5349593758583069,False,False,False,False,False,False,0.0,2,2,False,False
137a8158-1db5-2cc0-8003-31c12610471e,scene0079_01-scene0079_06-scene0079_11-scene0079_10-scene0079_02,canonical,5,45,11,239,True,0.4184100329875946,0.4184100329875946,0.628947377204895,False,True,False,True,False,False,0.4184100329875946,,5,False,False
137a8158-1db5-2cc0-8003-31c12610471e,scene0079_01-scene0079_06-scene0079_11-scene0079_10-scene0079_02,canonical,5,46,11,107,True,0.06849315017461777,0.06849315017461777,0.1569230705499649,False,True,False,False,False,False,0.06849315017461777,3,3,False,False
137a8158-1db5-2cc0-8003-31c12610471e,scene0079_01-scene0079_06-scene0079_11-scene0079_10-scene0079_02,canonical,5,47,11,120,True,0.0,0.0,0.0,True,False,False,False,False,False,0.0,3,3,False,False
137a8158-1db5-2cc0-8003-31c12610471e,scene0079_01-scene0079_06-scene0079_11-scene0079_10-scene0079_02,canonical,5,48,11,132,True,0.17032967507839203,0.17032967507839203,0.0,False,True,False,False,False,False,0.17032967507839203,3,3,False,False
280d8ebb-6cc6-2788-9153-98959a2da801,scene0119_00-scene0119_02-scene0119_03-scene0119_01-scene0119_04,canonical,2,2,6,7094,True,0.8074482083320618,0.8074482083320618,0.8073515295982361,False,False,False,False,False,False,0.8074482083320618,,,False,False
280d8ebb-6cc6-2788-9153-98959a2da801,scene0119_00-scene0119_02-scene0119_03-scene0119_01-scene0119_04,canonical,2,5,16,2574,True,0.722841203212738,0.722841203212738,0.583434522151947,False,False,False,False,False,False,0.40938669443130493,,4,True,False
280d8ebb-6cc6-2788-9153-98959a2da801,scene0119_00-scene0119_02-scene0119_03-scene0119_01-scene0119_04,canonical,2,6,9,27437,True,0.8519585728645325,0.8519585728645325,0.8298925161361694,False,False,False,False,False,False,0.8089101910591125,,,False,False
280d8ebb-6cc6-2788-9153-98959a2da801,scene0119_00-scene0119_02-scene0119_03-scene0119_01-scene0119_04,canonical,2,10,7,1484,True,0.9674054980278015,0.9674054980278015,0.9674054980278015,False,False,False,False,False,False,0.9483960866928101,,,False,False
280d8ebb-6cc6-2788-9153-98959a2da801,scene0119_00-scene0119_02-scene0119_03-scene0119_01-scene0119_04,canonical,2,12,16,2888,True,0.9103295207023621,0.9103295207023621,0.9074777960777283,False,False,False,False,False,False,0.8081547021865845,,,False,False
280d8ebb-6cc6-2788-9153-98959a2da801,scene0119_00-scene0119_02-scene0119_03-scene0119_01-scene0119_04,canonical,2,13,9,8903,True,0.8116423487663269,0.8116423487663269,0.8103619813919067,False,False,False,False,False,False,0.8034541606903076,,,False,False
280d8ebb-6cc6-2788-9153-98959a2da801,scene0119_00-scene0119_02-scene0119_03-scene0119_01-scene0119_04,canonical,2,14,16,4019,True,0.8268317580223083,0.8268317580223083,0.8416736721992493,False,False,False,False,False,False,0.8046023845672607,,,False,False
280d8ebb-6cc6-2788-9153-98959a2da801,scene0119_00-scene0119_02-scene0119_03-scene0119_01-scene0119_04,canonical,2,15,5,2204,True,0.5068058371543884,0.5068058371543884,0.5385369062423706,False,False,False,False,False,False,0.5068058371543884,,,False,False
280d8ebb-6cc6-2788-9153-98959a2da801,scene0119_00-scene0119_02-scene0119_03-scene0119_01-scene0119_04,canonical,2,20,39,2923,True,0.46717989444732666,0.46717989444732666,0.39760974049568176,False,True,False,False,False,False,0.19612178206443787,5,2,False,False
280d8ebb-6cc6-2788-9153-98959a2da801,scene0119_00-scene0119_02-scene0119_03-scene0119_01-scene0119_04,canonical,2,23,5,1980,True,0.7337534427642822,0.7337534427642822,0.6959999799728394,False,False,False,False,False,False,0.5828555226325989,,,False,False
280d8ebb-6cc6-2788-9153-98959a2da801,scene0119_00-scene0119_02-scene0119_03-scene0119_01-scene0119_04,canonical,2,24,5,803,True,0.32713937759399414,0.32713937759399414,0.7213459610939026,False,True,False,True,False,False,0.28911834955215454,,2,True,True
280d8ebb-6cc6-2788-9153-98959a2da801,scene0119_00-scene0119_02-scene0119_03-scene0119_01-scene0119_04,canonical,2,27,5,697,True,0.8461538553237915,0.8461538553237915,0.8461538553237915,False,False,False,False,False,False,0.8461538553237915,,,False,False
280d8ebb-6cc6-2788-9153-98959a2da801,scene0119_00-scene0119_02-scene0119_03-scene0119_01-scene0119_04,canonical,2,29,3,940,True,0.8234714269638062,0.8234714269638062,0.8165680766105652,False,False,False,False,False,False,0.7669934630393982,,,False,False
280d8ebb-6cc6-2788-9153-98959a2da801,scene0119_00-scene0119_02-scene0119_03-scene0119_01-scene0119_04,canonical,2,30,3,4684,True,0.8236803412437439,0.8236803412437439,0.8534646034240723,False,False,False,False,False,False,0.8236803412437439,,,False,False
280d8ebb-6cc6-2788-9153-98959a2da801,scene0119_00-scene0119_02-scene0119_03-scene0119_01-scene0119_04,canonical,2,31,39,617,True,0.5533632040023804,0.0,0.0,False,False,True,False,False,False,0.0,2,2,True,True
280d8ebb-6cc6-2788-9153-98959a2da801,scene0119_00-scene0119_02-scene0119_03-scene0119_01-scene0119_04,canonical,2,32,7,761,True,0.4548022747039795,0.4548022747039795,0.8341968655586243,False,True,False,True,False,False,0.4548022747039795,,2,False,False
280d8ebb-6cc6-2788-9153-98959a2da801,scene0119_00-scene0119_02-scene0119_03-scene0119_01-scene0119_04,canonical,2,38,16,105,True,0.30434781312942505,0.30434781312942505,0.30434781312942505,False,True,False,False,False,False,0.30434781312942505,,2,True,True
280d8ebb-6cc6-2788-9153-98959a2da801,scene0119_00-scene0119_02-scene0119_03-scene0119_01-scene0119_04,canonical,2,39,16,242,True,0.1746031790971756,0.1746031790971756,0.06507125496864319,False,True,False,False,False,False,0.1703025996685028,2,2,True,True
280d8ebb-6cc6-2788-9153-98959a2da801,scene0119_00-scene0119_02-scene0119_03-scene0119_01-scene0119_04,canonical,2,41,11,142,True,0.6666666865348816,0.6666666865348816,0.6666666865348816,False,False,False,False,False,False,0.3130590319633484,,5,False,False
280d8ebb-6cc6-2788-9153-98959a2da801,scene0119_00-scene0119_02-scene0119_03-scene0119_01-scene0119_04,canonical,3,2,6,10835,True,0.8288834095001221,0.8288834095001221,0.8307619094848633,False,False,False,False,False,False,0.8074482083320618,,,False,False
280d8ebb-6cc6-2788-9153-98959a2da801,scene0119_00-scene0119_02-scene0119_03-scene0119_01-scene0119_04,canonical,3,5,16,4737,True,0.6096616983413696,0.6096616983413696,0.5821242928504944,False,False,False,False,False,False,0.40938669443130493,,4,True,False
280d8ebb-6cc6-2788-9153-98959a2da801,scene0119_00-scene0119_02-scene0119_03-scene0119_01-scene0119_04,canonical,3,6,9,38392,True,0.8089101910591125,0.8089101910591125,0.7695145606994629,False,False,False,False,False,False,0.8089101910591125,,,False,False
280d8ebb-6cc6-2788-9153-98959a2da801,scene0119_00-scene0119_02-scene0119_03-scene0119_01-scene0119_04,canonical,3,10,7,2599,True,0.9701381325721741,0.9701381325721741,0.9694144129753113,False,False,False,False,False,False,0.9483960866928101,,,False,False
280d8ebb-6cc6-2788-9153-98959a2da801,scene0119_00-scene0119_02-scene0119_03-scene0119_01-scene0119_04,canonical,3,12,16,4240,True,0.9210296869277954,0.9210296869277954,0.888357937335968,False,False,False,False,False,False,0.8081547021865845,,,False,False
280d8ebb-6cc6-2788-9153-98959a2da801,scene0119_00-scene0119_02-scene0119_03-scene0119_01-scene0119_04,canonical,3,13,9,13498,True,0.8454992175102234,0.8454992175102234,0.8531289100646973,False,False,False,False,False,False,0.8034541606903076,,,False,False
280d8ebb-6cc6-2788-9153-98959a2da801,scene0119_00-scene0119_02-scene0119_03-scene0119_01-scene0119_04,canonical,3,14,16,5920,True,0.8245967626571655,0.8245967626571655,0.8495976328849792,False,False,False,False,False,False,0.8046023845672607,,,False,False
280d8ebb-6cc6-2788-9153-98959a2da801,scene0119_00-scene0119_02-scene0119_03-scene0119_01-scene0119_04,canonical,3,15,5,3221,True,0.5074501633644104,0.5074501633644104,0.6534031629562378,False,False,False,False,False,False,0.5068058371543884,,,False,False
280d8ebb-6cc6-2788-9153-98959a2da801,scene0119_00-scene0119_02-scene0119_03-scene0119_01-scene0119_04,canonical,3,20,39,4404,True,0.35935795307159424,0.35935795307159424,0.5300377011299133,False,True,False,True,False,False,0.19612178206443787,5,2,False,False
280d8ebb-6cc6-2788-9153-98959a2da801,scene0119_00-scene0119_02-scene0119_03-scene0119_01-scene0119_04,canonical,3,23,5,1980,True,0.7337534427642822,0.7337534427642822,0.5557875633239746,False,False,False,False,False,False,0.5828555226325989,,,False,False
280d8ebb-6cc6-2788-9153-98959a2da801,scene0119_00-scene0119_02-scene0119_03-scene0119_01-scene0119_04,canonical,3,24,5,803,True,0.32713937759399414,0.32713937759399414,0.6705882549285889,False,True,False,True,False,False,0.28911834955215454,,2,True,True
280d8ebb-6cc6-2788-9153-98959a2da801,scene0119_00-scene0119_02-scene0119_03-scene0119_01-scene0119_04,canonical,3,27,5,697,True,0.8461538553237915,0.8461538553237915,0.921875,False,False,False,False,False,False,0.8461538553237915,,,False,False
280d8ebb-6cc6-2788-9153-98959a2da801,scene0119_00-scene0119_02-scene0119_03-scene0119_01-scene0119_04,canonical,3,29,3,940,True,0.8234714269638062,0.8234714269638062,0.8165680766105652,False,False,False,False,False,False,0.7669934630393982,,,False,False
280d8ebb-6cc6-2788-9153-98959a2da801,scene0119_00-scene0119_02-scene0119_03-scene0119_01-scene0119_04,canonical,3,30,3,4684,True,0.8236803412437439,0.8236803412437439,0.8291512727737427,False,False,False,False,False,False,0.8236803412437439,,,False,False
280d8ebb-6cc6-2788-9153-98959a2da801,scene0119_00-scene0119_02-scene0119_03-scene0119_01-scene0119_04,canonical,3,31,39,617,True,0.5533632040023804,0.0,0.0,False,False,True,False,False,False,0.0,2,2,True,True
280d8ebb-6cc6-2788-9153-98959a2da801,scene0119_00-scene0119_02-scene0119_03-scene0119_01-scene0119_04,canonical,3,32,7,761,True,0.4548022747039795,0.4548022747039795,0.6687434911727905,False,True,False,True,False,False,0.4548022747039795,,2,False,False
280d8ebb-6cc6-2788-9153-98959a2da801,scene0119_00-scene0119_02-scene0119_03-scene0119_01-scene0119_04,canonical,3,38,16,953,True,0.7801287770271301,0.7801287770271301,0.6297188997268677,False,False,False,False,False,False,0.30434781312942505,,2,True,False
280d8ebb-6cc6-2788-9153-98959a2da801,scene0119_00-scene0119_02-scene0119_03-scene0119_01-scene0119_04,canonical,3,39,16,277,True,0.1703025996685028,0.1703025996685028,0.04060392826795578,False,True,False,False,False,False,0.1703025996685028,2,2,True,True
280d8ebb-6cc6-2788-9153-98959a2da801,scene0119_00-scene0119_02-scene0119_03-scene0119_01-scene0119_04,canonical,3,41,11,175,True,0.7113820910453796,0.7113820910453796,1.0,False,False,False,False,False,False,0.3130590319633484,,5,False,False
280d8ebb-6cc6-2788-9153-98959a2da801,scene0119_00-scene0119_02-scene0119_03-scene0119_01-scene0119_04,canonical,4,2,6,14315,True,0.816408097743988,0.816408097743988,0.8109499216079712,False,False,False,False,False,False,0.8074482083320618,,,False,False
280d8ebb-6cc6-2788-9153-98959a2da801,scene0119_00-scene0119_02-scene0119_03-scene0119_01-scene0119_04,canonical,4,5,16,4737,True,0.4828016757965088,0.4828016757965088,0.4606523811817169,False,True,False,False,False,False,0.40938669443130493,,4,True,True
280d8ebb-6cc6-2788-9153-98959a2da801,scene0119_00-scene0119_02-scene0119_03-scene0119_01-scene0119_04,canonical,4,6,9,41906,True,0.8115680813789368,0.8115680813789368,0.7495441436767578,False,False,False,False,False,False,0.8089101910591125,,,False,False
280d8ebb-6cc6-2788-9153-98959a2da801,scene0119_00-scene0119_02-scene0119_03-scene0119_01-scene0119_04,canonical,4,10,7,3499,True,0.9514192342758179,0.9514192342758179,0.9579554796218872,False,False,False,False,False,False,0.9483960866928101,,,False,False
280d8ebb-6cc6-2788-9153-98959a2da801,scene0119_00-scene0119_02-scene0119_03-scene0119_01-scene0119_04,canonical,4,12,16,5548,True,0.8476269841194153,0.8476269841194153,0.8327736854553223,False,False,False,False,False,False,0.8081547021865845,,,False,False
280d8ebb-6cc6-2788-9153-98959a2da801,scene0119_00-scene0119_02-scene0119_03-scene0119_01-scene0119_04,canonical,4,13,9,18932,True,0.839268147945404,0.839268147945404,0.8521513938903809,False,False,False,False,False,False,0.8034541606903076,,,False,False
280d8ebb-6cc6-2788-9153-98959a2da801,scene0119_00-scene0119_02-scene0119_03-scene0119_01-scene0119_04,canonical,4,14,16,7340,True,0.8256016969680786,0.8256016969680786,0.8602317571640015,False,False,False,False,False,False,0.8046023845672607,,,False,False
280d8ebb-6cc6-2788-9153-98959a2da801,scene0119_00-scene0119_02-scene0119_03-scene0119_01-scene0119_04,canonical,4,15,5,4204,True,0.5827621817588806,0.5827621817588806,0.7564684748649597,False,False,False,False,False,False,0.5068058371543884,,,False,False
280d8ebb-6cc6-2788-9153-98959a2da801,scene0119_00-scene0119_02-scene0119_03-scene0119_01-scene0119_04,canonical,4,20,39,5971,True,0.34257128834724426,0.28882765769958496,0.5147567987442017,False,True,False,True,False,False,0.19612178206443787,5,2,False,False
280d8ebb-6cc6-2788-9153-98959a2da801,scene0119_00-scene0119_02-scene0119_03-scene0119_01-scene0119_04,canonical,4,23,5,1980,True,0.7337534427642822,0.7337534427642822,0.7624584436416626,False,False,False,False,False,False,0.5828555226325989,,,False,False
280d8ebb-6cc6-2788-9153-98959a2da801,scene0119_00-scene0119_02-scene0119_03-scene0119_01-scene0119_04,canonical,4,24,5,803,True,0.32713937759399414,0.32713937759399414,0.22719010710716248,False,True,False,False,False,False,0.28911834955215454,,2,True,True
280d8ebb-6cc6-2788-9153-98959a2da801,scene0119_00-scene0119_02-scene0119_03-scene0119_01-scene0119_04,canonical,4,27,5,697,True,0.8461538553237915,0.8461538553237915,0.921875,False,False,False,False,False,False,0.8461538553237915,,,False,False
280d8ebb-6cc6-2788-9153-98959a2da801,scene0119_00-scene0119_02-scene0119_03-scene0119_01-scene0119_04,canonical,4,29,3,940,True,0.8234714269638062,0.8234714269638062,0.8234714269638062,False,False,False,False,False,False,0.7669934630393982,,,False,False
280d8ebb-6cc6-2788-9153-98959a2da801,scene0119_00-scene0119_02-scene0119_03-scene0119_01-scene0119_04,canonical,4,30,3,4684,True,0.8236803412437439,0.8236803412437439,0.8823875784873962,False,False,False,False,False,False,0.8236803412437439,,,False,False
280d8ebb-6cc6-2788-9153-98959a2da801,scene0119_00-scene0119_02-scene0119_03-scene0119_01-scene0119_04,canonical,4,31,39,617,True,0.5533632040023804,0.0,0.0,False,False,True,False,False,False,0.0,2,2,True,True
280d8ebb-6cc6-2788-9153-98959a2da801,scene0119_00-scene0119_02-scene0119_03-scene0119_01-scene0119_04,canonical,4,32,7,761,True,0.4548022747039795,0.4548022747039795,0.6646026968955994,False,True,False,True,False,False,0.4548022747039795,,2,False,False
280d8ebb-6cc6-2788-9153-98959a2da801,scene0119_00-scene0119_02-scene0119_03-scene0119_01-scene0119_04,canonical,4,38,16,953,True,0.7801287770271301,0.7801287770271301,0.6891566514968872,False,False,False,False,False,False,0.30434781312942505,,2,True,False
280d8ebb-6cc6-2788-9153-98959a2da801,scene0119_00-scene0119_02-scene0119_03-scene0119_01-scene0119_04,canonical,4,39,16,1670,True,0.609055757522583,0.609055757522583,0.1941634714603424,False,False,False,False,False,True,0.1703025996685028,2,2,True,False
280d8ebb-6cc6-2788-9153-98959a2da801,scene0119_00-scene0119_02-scene0119_03-scene0119_01-scene0119_04,canonical,4,41,11,175,True,0.6205673813819885,0.6205673813819885,0.686274528503418,False,False,False,False,False,False,0.3130590319633484,,5,False,False
280d8ebb-6cc6-2788-9153-98959a2da801,scene0119_00-scene0119_02-scene0119_03-scene0119_01-scene0119_04,canonical,4,60,11,36,False,0.12765957415103912,0.12765957415103912,0.260869562625885,False,True,False,False,False,True,0.06185567006468773,4,4,False,False
280d8ebb-6cc6-2788-9153-98959a2da801,scene0119_00-scene0119_02-scene0119_03-scene0119_01-scene0119_04,canonical,5,2,6,18492,True,0.8214584589004517,0.8214584589004517,0.8101698160171509,False,False,False,False,False,False,0.8074482083320618,,,False,False
280d8ebb-6cc6-2788-9153-98959a2da801,scene0119_00-scene0119_02-scene0119_03-scene0119_01-scene0119_04,canonical,5,5,16,4773,True,0.40938669443130493,0.40938669443130493,0.4145621061325073,False,True,False,False,False,False,0.40938669443130493,,4,True,True
280d8ebb-6cc6-2788-9153-98959a2da801,scene0119_00-scene0119_02-scene0119_03-scene0119_01-scene0119_04,canonical,5,6,9,51737,True,0.8217952847480774,0.8217952847480774,0.7281916737556458,False,False,False,False,False,False,0.8089101910591125,,,False,False
280d8ebb-6cc6-2788-9153-98959a2da801,scene0119_00-scene0119_02-scene0119_03-scene0119_01-scene0119_04,canonical,5,10,7,4123,True,0.9483960866928101,0.9483960866928101,0.9600280523300171,False,False,False,False,False,False,0.9483960866928101,,,False,False
280d8ebb-6cc6-2788-9153-98959a2da801,scene0119_00-scene0119_02-scene0119_03-scene0119_01-scene0119_04,canonical,5,12,16,6963,True,0.8081547021865845,0.8081547021865845,0.7928664088249207,False,False,False,False,False,False,0.8081547021865845,,,False,False
280d8ebb-6cc6-2788-9153-98959a2da801,scene0119_00-scene0119_02-scene0119_03-scene0119_01-scene0119_04,canonical,5,13,9,21555,True,0.8034541606903076,0.8034541606903076,0.8012195229530334,False,False,False,False,False,False,0.8034541606903076,,,False,False
280d8ebb-6cc6-2788-9153-98959a2da801,scene0119_00-scene0119_02-scene0119_03-scene0119_01-scene0119_04,canonical,5,14,16,10072,True,0.8046023845672607,0.8046023845672607,0.8201547861099243,False,False,False,False,False,False,0.8046023845672607,,,False,False
280d8ebb-6cc6-2788-9153-98959a2da801,scene0119_00-scene0119_02-scene0119_03-scene0119_01-scene0119_04,canonical,5,15,5,4922,True,0.5189197659492493,0.5189197659492493,0.5744585990905762,False,False,False,False,False,False,0.5068058371543884,,,False,False
280d8ebb-6cc6-2788-9153-98959a2da801,scene0119_00-scene0119_02-scene0119_03-scene0119_01-scene0119_04,canonical,5,20,39,7886,True,0.2567692995071411,0.19612178206443787,0.44911375641822815,False,True,False,False,False,False,0.19612178206443787,5,2,False,False
280d8ebb-6cc6-2788-9153-98959a2da801,scene0119_00-scene0119_02-scene0119_03-scene0119_01-scene0119_04,canonical,5,23,5,4995,True,0.5828555226325989,0.5828555226325989,0.7014282941818237,False,False,False,False,True,False,0.5828555226325989,,,False,False
280d8ebb-6cc6-2788-9153-98959a2da801,scene0119_00-scene0119_02-scene0119_03-scene0119_01-scene0119_04,canonical,5,24,5,1211,True,0.28911834955215454,0.28911834955215454,0.12396693974733353,False,True,False,False,False,False,0.28911834955215454,,2,True,True
280d8ebb-6cc6-2788-9153-98959a2da801,scene0119_00-scene0119_02-scene0119_03-scene0119_01-scene0119_04,canonical,5,27,5,1602,True,0.8472145795822144,0.8472145795822144,0.8935427665710449,False,False,False,False,False,False,0.8461538553237915,,,False,False
280d8ebb-6cc6-2788-9153-98959a2da801,scene0119_00-scene0119_02-scene0119_03-scene0119_01-scene0119_04,canonical,5,29,3,2687,True,0.7669934630393982,0.7669934630393982,0.7758169770240784,False,False,False,False,False,False,0.7669934630393982,,,False,False
280d8ebb-6cc6-2788-9153-98959a2da801,scene0119_00-scene0119_02-scene0119_03-scene0119_01-scene0119_04,canonical,5,30,3,12312,True,0.8639397025108337,0.8639397025108337,0.8813658952713013,False,False,False,False,False,False,0.8236803412437439,,,False,False
280d8ebb-6cc6-2788-9153-98959a2da801,scene0119_00-scene0119_02-scene0119_03-scene0119_01-scene0119_04,canonical,5,31,39,1805,True,0.5662839412689209,0.5662839412689209,0.8638473153114319,False,False,False,False,False,True,0.0,2,2,True,False
280d8ebb-6cc6-2788-9153-98959a2da801,scene0119_00-scene0119_02-scene0119_03-scene0119_01-scene0119_04,canonical,5,32,7,2006,True,0.6096230149269104,0.6096230149269104,0.8409398794174194,False,False,False,False,False,False,0.4548022747039795,,2,False,False
280d8ebb-6cc6-2788-9153-98959a2da801,scene0119_00-scene0119_02-scene0119_03-scene0119_01-scene0119_04,canonical,5,38,16,1473,True,0.5276913642883301,0.5276913642883301,0.5550161600112915,False,False,False,False,False,False,0.30434781312942505,,2,True,False
280d8ebb-6cc6-2788-9153-98959a2da801,scene0119_00-scene0119_02-scene0119_03-scene0119_01-scene0119_04,canonical,5,39,16,3043,True,0.3706758916378021,0.3706758916378021,0.27637946605682373,False,True,False,False,False,False,0.1703025996685028,2,2,True,True
280d8ebb-6cc6-2788-9153-98959a2da801,scene0119_00-scene0119_02-scene0119_03-scene0119_01-scene0119_04,canonical,5,41,11,218,True,0.3130590319633484,0.3130590319633484,0.5369458198547363,False,True,False,True,True,False,0.3130590319633484,,5,False,False
280d8ebb-6cc6-2788-9153-98959a2da801,scene0119_00-scene0119_02-scene0119_03-scene0119_01-scene0119_04,canonical,5,60,11,102,True,0.06185567006468773,0.06185567006468773,0.1764705926179886,False,True,False,False,False,False,0.06185567006468773,4,4,False,False
280d8ebb-6cc6-2788-9153-98959a2da801,scene0119_01-scene0119_04-scene0119_00-scene0119_02-scene0119_03,canonical,2,2,6,7657,True,0.8134244680404663,0.8134244680404663,0.8093802332878113,False,False,False,False,False,False,0.8119454979896545,,,False,False
280d8ebb-6cc6-2788-9153-98959a2da801,scene0119_01-scene0119_04-scene0119_00-scene0119_02-scene0119_03,canonical,2,5,16,36,False,0.006962025538086891,0.006962025538086891,0.003345498815178871,False,True,False,False,False,False,0.006962025538086891,2,2,False,False
280d8ebb-6cc6-2788-9153-98959a2da801,scene0119_01-scene0119_04-scene0119_00-scene0119_02-scene0119_03,canonical,2,6,9,13345,True,0.8591027855873108,0.8591027855873108,0.866905927658081,False,False,False,False,False,False,0.80256187915802,,,False,False
280d8ebb-6cc6-2788-9153-98959a2da801,scene0119_01-scene0119_04-scene0119_00-scene0119_02-scene0119_03,canonical,2,10,7,1524,True,0.9149722456932068,0.9149722456932068,0.9266917109489441,False,False,False,False,False,False,0.9149722456932068,,,False,False
280d8ebb-6cc6-2788-9153-98959a2da801,scene0119_01-scene0119_04-scene0119_00-scene0119_02-scene0119_03,canonical,2,12,16,2723,True,0.7228426337242126,0.7228426337242126,0.6521150469779968,False,False,False,False,False,False,0.7228426337242126,,,False,False
280d8ebb-6cc6-2788-9153-98959a2da801,scene0119_01-scene0119_04-scene0119_00-scene0119_02-scene0119_03,canonical,2,13,9,8057,True,0.72469162940979,0.72469162940979,0.7368296384811401,False,False,False,False,True,False,0.6911342144012451,,,False,False
280d8ebb-6cc6-2788-9153-98959a2da801,scene0119_01-scene0119_04-scene0119_00-scene0119_02-scene0119_03,canonical,2,14,16,4152,True,0.7904284000396729,0.7904284000396729,0.7713747620582581,False,False,False,False,False,False,0.7868597507476807,,,False,False
280d8ebb-6cc6-2788-9153-98959a2da801,scene0119_01-scene0119_04-scene0119_00-scene0119_02-scene0119_03,canonical,2,15,5,1701,True,0.5544275045394897,0.23094822466373444,0.7744107842445374,False,True,True,True,False,False,0.23094822466373444,2,2,False,False
280d8ebb-6cc6-2788-9153-98959a2da801,scene0119_01-scene0119_04-scene0119_00-scene0119_02-scene0119_03,canonical,2,20,39,3482,True,0.428796648979187,0.428796648979187,0.428796648979187,False,True,False,False,False,False,0.189922034740448,4,2,False,False
280d8ebb-6cc6-2788-9153-98959a2da801,scene0119_01-scene0119_04-scene0119_00-scene0119_02-scene0119_03,canonical,2,23,5,3015,True,0.6863504648208618,0.6863504648208618,0.6863504648208618,False,False,False,False,False,True,0.5959720015525818,,,False,False
280d8ebb-6cc6-2788-9153-98959a2da801,scene0119_01-scene0119_04-scene0119_00-scene0119_02-scene0119_03,canonical,2,24,5,408,True,0.7982456088066101,0.7982456088066101,0.7982456088066101,False,False,False,False,False,False,0.28911834955215454,,3,False,False
280d8ebb-6cc6-2788-9153-98959a2da801,scene0119_01-scene0119_04-scene0119_00-scene0119_02-scene0119_03,canonical,2,27,5,905,True,0.8479923605918884,0.8479923605918884,0.8479923605918884,False,False,False,False,False,False,0.33299127221107483,,4,False,False
280d8ebb-6cc6-2788-9153-98959a2da801,scene0119_01-scene0119_04-scene0119_00-scene0119_02-scene0119_03,canonical,2,29,3,1747,True,0.5058547854423523,0.5058547854423523,0.7390029430389404,False,False,False,False,False,False,0.5058547854423523,,,False,False
280d8ebb-6cc6-2788-9153-98959a2da801,scene0119_01-scene0119_04-scene0119_00-scene0119_02-scene0119_03,canonical,2,30,3,7628,True,0.8898454904556274,0.8898454904556274,0.8898454904556274,False,False,False,False,False,False,0.8663020730018616,,,False,False
280d8ebb-6cc6-2788-9153-98959a2da801,scene0119_01-scene0119_04-scene0119_00-scene0119_02-scene0119_03,canonical,2,31,39,1188,True,0.835257887840271,0.835257887840271,0.835257887840271,False,False,False,False,False,False,0.5662839412689209,,,False,False
280d8ebb-6cc6-2788-9153-98959a2da801,scene0119_01-scene0119_04-scene0119_00-scene0119_02-scene0119_03,canonical,2,32,7,1245,True,0.9792828559875488,0.9792828559875488,0.9792828559875488,False,False,False,False,False,False,0.6096230149269104,,,False,False
280d8ebb-6cc6-2788-9153-98959a2da801,scene0119_01-scene0119_04-scene0119_00-scene0119_02-scene0119_03,canonical,2,38,16,520,True,0.3422103822231293,0.3422103822231293,0.3422103822231293,False,True,False,False,False,False,0.3257894814014435,,2,False,False
280d8ebb-6cc6-2788-9153-98959a2da801,scene0119_01-scene0119_04-scene0119_00-scene0119_02-scene0119_03,canonical,2,39,16,2766,True,0.6946914792060852,0.6946914792060852,0.6946914792060852,False,False,False,False,False,False,0.363707572221756,,4,False,False
280d8ebb-6cc6-2788-9153-98959a2da801,scene0119_01-scene0119_04-scene0119_00-scene0119_02-scene0119_03,canonical,2,41,11,43,False,0.26875001192092896,0.26875001192092896,0.26875001192092896,False,True,False,False,False,False,0.26875001192092896,,2,False,False
280d8ebb-6cc6-2788-9153-98959a2da801,scene0119_01-scene0119_04-scene0119_00-scene0119_02-scene0119_03,canonical,2,60,11,102,True,0.1071428582072258,0.1071428582072258,0.3529411852359772,False,True,False,False,False,False,0.045340050011873245,2,2,False,False
280d8ebb-6cc6-2788-9153-98959a2da801,scene0119_01-scene0119_04-scene0119_00-scene0119_02-scene0119_03,canonical,3,2,6,10840,True,0.8517035841941833,0.8517035841941833,0.8416048884391785,False,False,False,False,False,False,0.8119454979896545,,,False,False
280d8ebb-6cc6-2788-9153-98959a2da801,scene0119_01-scene0119_04-scene0119_00-scene0119_02-scene0119_03,canonical,3,5,16,326,True,0.20787084102630615,0.20787084102630615,0.2563380300998688,False,True,False,False,False,False,0.006962025538086891,2,2,False,False
280d8ebb-6cc6-2788-9153-98959a2da801,scene0119_01-scene0119_04-scene0119_00-scene0119_02-scene0119_03,canonical,3,6,9,27912,True,0.8088691234588623,0.8088691234588623,0.817475438117981,False,False,False,False,False,False,0.80256187915802,,,False,False
280d8ebb-6cc6-2788-9153-98959a2da801,scene0119_01-scene0119_04-scene0119_00-scene0119_02-scene0119_03,canonical,3,10,7,2057,True,0.9359925985336304,0.9359925985336304,0.9499072432518005,False,False,False,False,False,False,0.9149722456932068,,,False,False
280d8ebb-6cc6-2788-9153-98959a2da801,scene0119_01-scene0119_04-scene0119_00-scene0119_02-scene0119_03,canonical,3,12,16,3911,True,0.7648692727088928,0.7648692727088928,0.6464163661003113,False,False,False,False,False,False,0.7228426337242126,,,False,False
280d8ebb-6cc6-2788-9153-98959a2da801,scene0119_01-scene0119_04-scene0119_00-scene0119_02-scene0119_03,canonical,3,13,9,11872,True,0.6911342144012451,0.6911342144012451,0.68836510181427,False,False,False,False,False,False,0.6911342144012451,,,False,False
280d8ebb-6cc6-2788-9153-98959a2da801,scene0119_01-scene0119_04-scene0119_00-scene0119_02-scene0119_03,canonical,3,14,16,6647,True,0.7868597507476807,0.7868597507476807,0.7583343386650085,False,False,False,False,False,False,0.7868597507476807,,,False,False
280d8ebb-6cc6-2788-9153-98959a2da801,scene0119_01-scene0119_04-scene0119_00-scene0119_02-scene0119_03,canonical,3,15,5,2952,True,0.37838754057884216,0.37838754057884216,0.7421823143959045,False,True,False,True,True,False,0.23094822466373444,2,2,False,False
280d8ebb-6cc6-2788-9153-98959a2da801,scene0119_01-scene0119_04-scene0119_00-scene0119_02-scene0119_03,canonical,3,20,39,4907,True,0.29070180654525757,0.29070180654525757,0.47381946444511414,False,True,False,False,False,False,0.189922034740448,4,2,False,False
280d8ebb-6cc6-2788-9153-98959a2da801,scene0119_01-scene0119_04-scene0119_00-scene0119_02-scene0119_03,canonical,3,23,5,4995,True,0.5959720015525818,0.5959720015525818,0.6831781268119812,False,False,False,False,False,False,0.5959720015525818,,,False,False
280d8ebb-6cc6-2788-9153-98959a2da801,scene0119_01-scene0119_04-scene0119_00-scene0119_02-scene0119_03,canonical,3,24,5,1211,True,0.46661609411239624,0.28911834955215454,0.11946659535169601,False,True,False,False,False,False,0.28911834955215454,,3,False,False
280d8ebb-6cc6-2788-9153-98959a2da801,scene0119_01-scene0119_04-scene0119_00-scene0119_02-scene0119_03,canonical,3,27,5,1602,True,0.8777142763137817,0.8777142763137817,0.8692699670791626,False,False,False,False,False,False,0.33299127221107483,,4,False,False
280d8ebb-6cc6-2788-9153-98959a2da801,scene0119_01-scene0119_04-scene0119_00-scene0119_02-scene0119_03,canonical,3,29,3,2687,True,0.606545090675354,0.606545090675354,0.7477678656578064,False,False,False,False,False,False,0.5058547854423523,,,False,False
280d8ebb-6cc6-2788-9153-98959a2da801,scene0119_01-scene0119_04-scene0119_00-scene0119_02-scene0119_03,canonical,3,30,3,12312,True,0.8663020730018616,0.8663020730018616,0.8754181861877441,False,False,False,False,False,False,0.8663020730018616,,,False,False
280d8ebb-6cc6-2788-9153-98959a2da801,scene0119_01-scene0119_04-scene0119_00-scene0119_02-scene0119_03,canonical,3,31,39,1805,True,0.5662839412689209,0.5662839412689209,0.872430145740509,False,False,False,False,False,False,0.5662839412689209,,,False,False
280d8ebb-6cc6-2788-9153-98959a2da801,scene0119_01-scene0119_04-scene0119_00-scene0119_02-scene0119_03,canonical,3,32,7,2006,True,0.9190382957458496,0.9190382957458496,0.8225735425949097,False,False,False,False,False,False,0.6096230149269104,,,False,False
280d8ebb-6cc6-2788-9153-98959a2da801,scene0119_01-scene0119_04-scene0119_00-scene0119_02-scene0119_03,canonical,3,38,16,625,True,0.3257894814014435,0.3257894814014435,0.3888190984725952,False,True,False,False,False,False,0.3257894814014435,,2,False,False
280d8ebb-6cc6-2788-9153-98959a2da801,scene0119_01-scene0119_04-scene0119_00-scene0119_02-scene0119_03,canonical,3,39,16,3008,True,0.5597459077835083,0.5597459077835083,0.5537011623382568,False,False,False,False,False,False,0.363707572221756,,4,False,False
280d8ebb-6cc6-2788-9153-98959a2da801,scene0119_01-scene0119_04-scene0119_00-scene0119_02-scene0119_03,canonical,3,41,11,146,True,0.5551331043243408,0.5551331043243408,0.6460176706314087,False,False,False,False,False,False,0.26875001192092896,,2,False,False
280d8ebb-6cc6-2788-9153-98959a2da801,scene0119_01-scene0119_04-scene0119_00-scene0119_02-scene0119_03,canonical,3,60,11,102,True,0.045340050011873245,0.045340050011873245,0.1764705926179886,False,True,False,False,False,False,0.045340050011873245,2,2,False,False
280d8ebb-6cc6-2788-9153-98959a2da801,scene0119_01-scene0119_04-scene0119_00-scene0119_02-scene0119_03,canonical,4,2,6,14751,True,0.8119454979896545,0.8119454979896545,0.8093717694282532,False,False,False,False,False,False,0.8119454979896545,,,False,False
280d8ebb-6cc6-2788-9153-98959a2da801,scene0119_01-scene0119_04-scene0119_00-scene0119_02-scene0119_03,canonical,4,5,16,2610,True,0.7138926982879639,0.7138926982879639,0.31958216428756714,False,False,False,False,False,True,0.006962025538086891,2,2,False,False
280d8ebb-6cc6-2788-9153-98959a2da801,scene0119_01-scene0119_04-scene0119_00-scene0119_02-scene0119_03,canonical,4,6,9,40782,True,0.8296855688095093,0.8296855688095093,0.8508236408233643,False,False,False,False,False,False,0.80256187915802,,,False,False
280d8ebb-6cc6-2788-9153-98959a2da801,scene0119_01-scene0119_04-scene0119_00-scene0119_02-scene0119_03,canonical,4,10,7,3008,True,0.9404497742652893,0.9404497742652893,0.9694706201553345,False,False,False,False,False,False,0.9149722456932068,,,False,False
280d8ebb-6cc6-2788-9153-98959a2da801,scene0119_01-scene0119_04-scene0119_00-scene0119_02-scene0119_03,canonical,4,12,16,5611,True,0.8272546529769897,0.8272546529769897,0.7908179759979248,False,False,False,False,False,False,0.7228426337242126,,,False,False
280d8ebb-6cc6-2788-9153-98959a2da801,scene0119_01-scene0119_04-scene0119_00-scene0119_02-scene0119_03,canonical,4,13,9,16960,True,0.7678388953208923,0.7678388953208923,0.7899954319000244,False,False,False,False,False,False,0.6911342144012451,,,False,False
280d8ebb-6cc6-2788-9153-98959a2da801,scene0119_01-scene0119_04-scene0119_00-scene0119_02-scene0119_03,canonical,4,14,16,8171,True,0.8067536354064941,0.8067536354064941,0.8153299689292908,False,False,False,False,False,False,0.7868597507476807,,,False,False
280d8ebb-6cc6-2788-9153-98959a2da801,scene0119_01-scene0119_04-scene0119_00-scene0119_02-scene0119_03,canonical,4,15,5,3905,True,0.43045926094055176,0.43045926094055176,0.6254273653030396,False,True,False,True,False,False,0.23094822466373444,2,2,False,False
280d8ebb-6cc6-2788-9153-98959a2da801,scene0119_01-scene0119_04-scene0119_00-scene0119_02-scene0119_03,canonical,4,20,39,6405,True,0.22947131097316742,0.22947131097316742,0.37759941816329956,False,True,False,False,False,False,0.189922034740448,4,2,False,False
280d8ebb-6cc6-2788-9153-98959a2da801,scene0119_01-scene0119_04-scene0119_00-scene0119_02-scene0119_03,canonical,4,23,5,4995,True,0.5959720015525818,0.5959720015525818,0.69935542345047,False,False,False,False,False,False,0.5959720015525818,,,False,False
280d8ebb-6cc6-2788-9153-98959a2da801,scene0119_01-scene0119_04-scene0119_00-scene0119_02-scene0119_03,canonical,4,24,5,1211,True,0.46661609411239624,0.28911834955215454,0.17924803495407104,False,True,False,False,False,False,0.28911834955215454,,3,False,False
280d8ebb-6cc6-2788-9153-98959a2da801,scene0119_01-scene0119_04-scene0119_00-scene0119_02-scene0119_03,canonical,4,27,5,1602,True,0.35012537240982056,0.35012537240982056,0.8519134521484375,False,True,False,True,False,False,0.33299127221107483,,4,False,False
280d8ebb-6cc6-2788-9153-98959a2da801,scene0119_01-scene0119_04-scene0119_00-scene0119_02-scene0119_03,canonical,4,29,3,2687,True,0.606545090675354,0.606545090675354,0.7709150314331055,False,False,False,False,False,False,0.5058547854423523,,,False,False
280d8ebb-6cc6-2788-9153-98959a2da801,scene0119_01-scene0119_04-scene0119_00-scene0119_02-scene0119_03,canonical,4,30,3,12312,True,0.8663020730018616,0.8663020730018616,0.8728647232055664,False,False,False,False,False,False,0.8663020730018616,,,False,False
280d8ebb-6cc6-2788-9153-98959a2da801,scene0119_01-scene0119_04-scene0119_00-scene0119_02-scene0119_03,canonical,4,31,39,1805,True,0.5662839412689209,0.5662839412689209,0.5434083342552185,False,False,False,False,False,False,0.5662839412689209,,,False,False
280d8ebb-6cc6-2788-9153-98959a2da801,scene0119_01-scene0119_04-scene0119_00-scene0119_02-scene0119_03,canonical,4,32,7,2006,True,0.6096230149269104,0.6096230149269104,0.8105263113975525,False,False,False,False,False,False,0.6096230149269104,,,False,False
280d8ebb-6cc6-2788-9153-98959a2da801,scene0119_01-scene0119_04-scene0119_00-scene0119_02-scene0119_03,canonical,4,38,16,625,True,0.3257894814014435,0.3257894814014435,0.38542965054512024,False,True,False,False,False,False,0.3257894814014435,,2,False,False
280d8ebb-6cc6-2788-9153-98959a2da801,scene0119_01-scene0119_04-scene0119_00-scene0119_02-scene0119_03,canonical,4,39,16,3008,True,0.3708086907863617,0.3708086907863617,0.3789813220500946,False,True,False,False,False,False,0.363707572221756,,4,False,False
280d8ebb-6cc6-2788-9153-98959a2da801,scene0119_01-scene0119_04-scene0119_00-scene0119_02-scene0119_03,canonical,4,41,11,185,True,0.612582802772522,0.612582802772522,0.49597856402397156,False,False,False,False,False,False,0.26875001192092896,,2,False,False
280d8ebb-6cc6-2788-9153-98959a2da801,scene0119_01-scene0119_04-scene0119_00-scene0119_02-scene0119_03,canonical,4,60,11,102,True,0.045340050011873245,0.045340050011873245,0.1764705926179886,False,True,False,False,False,False,0.045340050011873245,2,2,False,False
280d8ebb-6cc6-2788-9153-98959a2da801,scene0119_01-scene0119_04-scene0119_00-scene0119_02-scene0119_03,canonical,5,2,6,18492,True,0.8236089944839478,0.8236089944839478,0.8149029612541199,False,False,False,False,False,False,0.8119454979896545,,,False,False
280d8ebb-6cc6-2788-9153-98959a2da801,scene0119_01-scene0119_04-scene0119_00-scene0119_02-scene0119_03,canonical,5,5,16,4773,True,0.40938669443130493,0.40938669443130493,0.39405274391174316,False,True,False,False,False,False,0.006962025538086891,2,2,False,False
280d8ebb-6cc6-2788-9153-98959a2da801,scene0119_01-scene0119_04-scene0119_00-scene0119_02-scene0119_03,canonical,5,6,9,51737,True,0.80256187915802,0.80256187915802,0.8188173174858093,False,False,False,False,False,False,0.80256187915802,,,False,False
280d8ebb-6cc6-2788-9153-98959a2da801,scene0119_01-scene0119_04-scene0119_00-scene0119_02-scene0119_03,canonical,5,10,7,4123,True,0.9493259191513062,0.9493259191513062,0.9607109427452087,False,False,False,False,False,False,0.9149722456932068,,,False,False
280d8ebb-6cc6-2788-9153-98959a2da801,scene0119_01-scene0119_04-scene0119_00-scene0119_02-scene0119_03,canonical,5,12,16,6963,True,0.8497319221496582,0.8497319221496582,0.8264734148979187,False,False,False,False,False,False,0.7228426337242126,,,False,False
280d8ebb-6cc6-2788-9153-98959a2da801,scene0119_01-scene0119_04-scene0119_00-scene0119_02-scene0119_03,canonical,5,13,9,21555,True,0.7976602911949158,0.7976602911949158,0.8033657073974609,False,False,False,False,False,False,0.6911342144012451,,,False,False
280d8ebb-6cc6-2788-9153-98959a2da801,scene0119_01-scene0119_04-scene0119_00-scene0119_02-scene0119_03,canonical,5,14,16,10072,True,0.8089470863342285,0.8089470863342285,0.8200694918632507,False,False,False,False,False,False,0.7868597507476807,,,False,False
280d8ebb-6cc6-2788-9153-98959a2da801,scene0119_01-scene0119_04-scene0119_00-scene0119_02-scene0119_03,canonical,5,15,5,4922,True,0.46458396315574646,0.46458396315574646,0.572534441947937,False,True,False,True,False,False,0.23094822466373444,2,2,False,False
280d8ebb-6cc6-2788-9153-98959a2da801,scene0119_01-scene0119_04-scene0119_00-scene0119_02-scene0119_03,canonical,5,20,39,7886,True,0.189922034740448,0.189922034740448,0.2872430384159088,False,True,False,False,False,False,0.189922034740448,4,2,False,False
280d8ebb-6cc6-2788-9153-98959a2da801,scene0119_01-scene0119_04-scene0119_00-scene0119_02-scene0119_03,canonical,5,23,5,4995,True,0.5959720015525818,0.5959720015525818,0.6820752024650574,False,False,False,False,False,False,0.5959720015525818,,,False,False
280d8ebb-6cc6-2788-9153-98959a2da801,scene0119_01-scene0119_04-scene0119_00-scene0119_02-scene0119_03,canonical,5,24,5,1211,True,0.46661609411239624,0.28911834955215454,0.37785017490386963,False,True,False,False,False,False,0.28911834955215454,,3,False,False
280d8ebb-6cc6-2788-9153-98959a2da801,scene0119_01-scene0119_04-scene0119_00-scene0119_02-scene0119_03,canonical,5,27,5,1602,True,0.33299127221107483,0.33299127221107483,0.8977206349372864,False,True,False,True,False,False,0.33299127221107483,,4,False,False
280d8ebb-6cc6-2788-9153-98959a2da801,scene0119_01-scene0119_04-scene0119_00-scene0119_02-scene0119_03,canonical,5,29,3,2687,True,0.606545090675354,0.606545090675354,0.7647058963775635,False,False,False,False,False,False,0.5058547854423523,,,False,False
280d8ebb-6cc6-2788-9153-98959a2da801,scene0119_01-scene0119_04-scene0119_00-scene0119_02-scene0119_03,canonical,5,30,3,12312,True,0.8663020730018616,0.8663020730018616,0.9031141996383667,False,False,False,False,False,False,0.8663020730018616,,,False,False
280d8ebb-6cc6-2788-9153-98959a2da801,scene0119_01-scene0119_04-scene0119_00-scene0119_02-scene0119_03,canonical,5,31,39,1805,True,0.5662839412689209,0.5662839412689209,0.5503017902374268,False,False,False,False,False,False,0.5662839412689209,,,False,False
280d8ebb-6cc6-2788-9153-98959a2da801,scene0119_01-scene0119_04-scene0119_00-scene0119_02-scene0119_03,canonical,5,32,7,2006,True,0.6096230149269104,0.6096230149269104,0.919266939163208,False,False,False,False,False,False,0.6096230149269104,,,False,False
280d8ebb-6cc6-2788-9153-98959a2da801,scene0119_01-scene0119_04-scene0119_00-scene0119_02-scene0119_03,canonical,5,38,16,1473,True,0.5276913642883301,0.5276913642883301,0.5877403616905212,False,False,False,False,False,False,0.3257894814014435,,2,False,False
280d8ebb-6cc6-2788-9153-98959a2da801,scene0119_01-scene0119_04-scene0119_00-scene0119_02-scene0119_03,canonical,5,39,16,3043,True,0.363707572221756,0.363707572221756,0.35607197880744934,False,True,False,False,False,False,0.363707572221756,,4,False,False
280d8ebb-6cc6-2788-9153-98959a2da801,scene0119_01-scene0119_04-scene0119_00-scene0119_02-scene0119_03,canonical,5,41,11,218,True,0.6507462859153748,0.6507462859153748,0.5369458198547363,False,False,False,False,False,False,0.26875001192092896,,2,False,False
280d8ebb-6cc6-2788-9153-98959a2da801,scene0119_01-scene0119_04-scene0119_00-scene0119_02-scene0119_03,canonical,5,60,11,102,True,0.045340050011873245,0.045340050011873245,0.17142857611179352,False,True,False,False,False,False,0.045340050011873245,2,2,False,False
5630cfcf-12bf-2860-8784-83d28a611a83,scene0219_00-scene0219_03-scene0219_02-scene0219_01-scene0219_04,canonical,2,7,3,24963,True,0.9770883321762085,0.9770883321762085,0.9768071174621582,False,False,False,False,False,False,0.9770883321762085,,,False,False
5630cfcf-12bf-2860-8784-83d28a611a83,scene0219_00-scene0219_03-scene0219_02-scene0219_01-scene0219_04,canonical,2,8,16,12237,True,0.4449305534362793,0.4449305534362793,0.44291990995407104,False,True,False,False,False,False,0.42435669898986816,,2,True,True
5630cfcf-12bf-2860-8784-83d28a611a83,scene0219_00-scene0219_03-scene0219_02-scene0219_01-scene0219_04,canonical,2,9,9,6935,True,0.5973478555679321,0.5973478555679321,0.5876225233078003,False,False,False,False,False,False,0.45543211698532104,,5,False,False
5630cfcf-12bf-2860-8784-83d28a611a83,scene0219_00-scene0219_03-scene0219_02-scene0219_01-scene0219_04,canonical,2,13,39,1623,True,0.8904429078102112,0.8904429078102112,0.9395734667778015,False,False,False,False,False,False,0.686956524848938,,,False,False
5630cfcf-12bf-2860-8784-83d28a611a83,scene0219_00-scene0219_03-scene0219_02-scene0219_01-scene0219_04,canonical,2,14,7,1421,True,0.5335707068443298,0.4535878896713257,0.7765823006629944,False,True,True,True,False,False,0.20146198570728302,5,2,False,False
5630cfcf-12bf-2860-8784-83d28a611a83,scene0219_00-scene0219_03-scene0219_02-scene0219_01-scene0219_04,canonical,2,16,5,1930,True,0.9285014867782593,0.9285014867782593,0.9484029412269592,False,False,False,False,False,False,0.7256027460098267,,,False,False
5630cfcf-12bf-2860-8784-83d28a611a83,scene0219_00-scene0219_03-scene0219_02-scene0219_01-scene0219_04,canonical,2,18,11,571,True,0.8311499357223511,0.8311499357223511,0.8409425616264343,False,False,False,False,False,False,0.8311499357223511,,,False,False
5630cfcf-12bf-2860-8784-83d28a611a83,scene0219_00-scene0219_03-scene0219_02-scene0219_01-scene0219_04,canonical,2,19,14,9348,True,0.3540022671222687,0.3540022671222687,0.5938473343849182,False,True,False,True,False,False,0.3540022671222687,,2,False,False
5630cfcf-12bf-2860-8784-83d28a611a83,scene0219_00-scene0219_03-scene0219_02-scene0219_01-scene0219_04,canonical,2,20,3,2215,True,0.4102390706539154,0.19083447754383087,0.0,False,True,False,False,False,False,0.19083447754383087,2,2,True,True
5630cfcf-12bf-2860-8784-83d28a611a83,scene0219_00-scene0219_03-scene0219_02-scene0219_01-scene0219_04,canonical,2,28,8,2596,True,0.7905276417732239,0.7905276417732239,0.7905276417732239,False,False,False,False,False,False,0.655407726764679,,,False,False
5630cfcf-12bf-2860-8784-83d28a611a83,scene0219_00-scene0219_03-scene0219_02-scene0219_01-scene0219_04,canonical,3,7,3,36540,True,0.982119083404541,0.982119083404541,0.9837331771850586,False,False,False,False,False,False,0.9770883321762085,,,False,False
5630cfcf-12bf-2860-8784-83d28a611a83,scene0219_00-scene0219_03-scene0219_02-scene0219_01-scene0219_04,canonical,3,8,16,18624,True,0.42435669898986816,0.42435669898986816,0.42482465505599976,False,True,False,False,False,False,0.42435669898986816,,2,True,True
5630cfcf-12bf-2860-8784-83d28a611a83,scene0219_00-scene0219_03-scene0219_02-scene0219_01-scene0219_04,canonical,3,9,9,9362,True,0.5942893624305725,0.5942893624305725,0.6120817065238953,False,False,False,False,False,False,0.45543211698532104,,5,False,False
5630cfcf-12bf-2860-8784-83d28a611a83,scene0219_00-scene0219_03-scene0219_02-scene0219_01-scene0219_04,canonical,3,13,39,2148,True,0.9161089062690735,0.9161089062690735,0.9084070920944214,False,False,False,False,False,False,0.686956524848938,,,False,False
5630cfcf-12bf-2860-8784-83d28a611a83,scene0219_00-scene0219_03-scene0219_02-scene0219_01-scene0219_04,canonical,3,14,7,2055,True,0.3548714518547058,0.32001858949661255,0.7663257122039795,False,True,False,True,False,False,0.20146198570728302,5,2,False,False
5630cfcf-12bf-2860-8784-83d28a611a83,scene0219_00-scene0219_03-scene0219_02-scene0219_01-scene0219_04,canonical,3,16,5,1930,True,0.9285014867782593,0.9285014867782593,0.927741289138794,False,False,False,False,False,False,0.7256027460098267,,,False,False
5630cfcf-12bf-2860-8784-83d28a611a83,scene0219_00-scene0219_03-scene0219_02-scene0219_01-scene0219_04,canonical,3,18,11,873,True,0.882709801197052,0.882709801197052,0.882709801197052,False,False,False,False,False,False,0.8311499357223511,,,False,False
5630cfcf-12bf-2860-8784-83d28a611a83,scene0219_00-scene0219_03-scene0219_02-scene0219_01-scene0219_04,canonical,3,19,14,13932,True,0.35443219542503357,0.35443219542503357,0.5029230117797852,False,True,False,True,False,False,0.3540022671222687,,2,False,False
5630cfcf-12bf-2860-8784-83d28a611a83,scene0219_00-scene0219_03-scene0219_02-scene0219_01-scene0219_04,canonical,3,20,3,3249,True,0.4569261372089386,0.31512293219566345,0.5597862601280212,False,True,False,True,False,False,0.19083447754383087,2,2,True,True
5630cfcf-12bf-2860-8784-83d28a611a83,scene0219_00-scene0219_03-scene0219_02-scene0219_01-scene0219_04,canonical,3,28,8,3739,True,0.6610817909240723,0.6610817909240723,0.6547554731369019,False,False,False,False,False,False,0.655407726764679,,,False,False
5630cfcf-12bf-2860-8784-83d28a611a83,scene0219_00-scene0219_03-scene0219_02-scene0219_01-scene0219_04,canonical,4,7,3,45453,True,0.9846977591514587,0.9846977591514587,0.987753689289093,False,False,False,False,False,False,0.9770883321762085,,,False,False
5630cfcf-12bf-2860-8784-83d28a611a83,scene0219_00-scene0219_03-scene0219_02-scene0219_01-scene0219_04,canonical,4,8,16,22330,True,0.42884770035743713,0.42884770035743713,0.4409128427505493,False,True,False,False,False,False,0.42435669898986816,,2,True,True
5630cfcf-12bf-2860-8784-83d28a611a83,scene0219_00-scene0219_03-scene0219_02-scene0219_01-scene0219_04,canonical,4,9,9,12154,True,0.5828136205673218,0.5828136205673218,0.5957759618759155,False,False,False,False,False,False,0.45543211698532104,,5,False,False
5630cfcf-12bf-2860-8784-83d28a611a83,scene0219_00-scene0219_03-scene0219_02-scene0219_01-scene0219_04,canonical,4,13,39,2676,True,0.8450704216957092,0.8450704216957092,0.7543041706085205,False,False,False,False,False,False,0.686956524848938,,,False,False
5630cfcf-12bf-2860-8784-83d28a611a83,scene0219_00-scene0219_03-scene0219_02-scene0219_01-scene0219_04,canonical,4,14,7,2609,True,0.2703608274459839,0.2545253038406372,0.5473447442054749,False,True,False,True,False,False,0.20146198570728302,5,2,False,False
5630cfcf-12bf-2860-8784-83d28a611a83,scene0219_00-scene0219_03-scene0219_02-scene0219_01-scene0219_04,canonical,4,16,5,1930,True,0.7256027460098267,0.7256027460098267,0.9438700079917908,False,False,False,False,False,False,0.7256027460098267,,,False,False
5630cfcf-12bf-2860-8784-83d28a611a83,scene0219_00-scene0219_03-scene0219_02-scene0219_01-scene0219_04,canonical,4,18,11,1097,True,0.9043693542480469,0.9043693542480469,0.9336169958114624,False,False,False,False,False,False,0.8311499357223511,,,False,False
5630cfcf-12bf-2860-8784-83d28a611a83,scene0219_00-scene0219_03-scene0219_02-scene0219_01-scene0219_04,canonical,4,19,14,18764,True,0.38389304280281067,0.38389304280281067,0.3732476532459259,False,True,False,False,False,False,0.3540022671222687,,2,False,False
5630cfcf-12bf-2860-8784-83d28a611a83,scene0219_00-scene0219_03-scene0219_02-scene0219_01-scene0219_04,canonical,4,20,3,4210,True,0.5036923289299011,0.4034067988395691,0.6274771094322205,False,True,True,True,False,False,0.19083447754383087,2,2,True,True
5630cfcf-12bf-2860-8784-83d28a611a83,scene0219_00-scene0219_03-scene0219_02-scene0219_01-scene0219_04,canonical,4,28,8,3951,True,0.655407726764679,0.655407726764679,0.6695727705955505,False,False,False,False,False,False,0.655407726764679,,,False,False
5630cfcf-12bf-2860-8784-83d28a611a83,scene0219_00-scene0219_03-scene0219_02-scene0219_01-scene0219_04,canonical,5,7,3,57967,True,0.9807137846946716,0.9807137846946716,0.9843488335609436,False,False,False,False,False,False,0.9770883321762085,,,False,False
5630cfcf-12bf-2860-8784-83d28a611a83,scene0219_00-scene0219_03-scene0219_02-scene0219_01-scene0219_04,canonical,5,8,16,28785,True,0.4389512240886688,0.4389512240886688,0.4374086558818817,False,True,False,False,False,False,0.42435669898986816,,2,True,True
5630cfcf-12bf-2860-8784-83d28a611a83,scene0219_00-scene0219_03-scene0219_02-scene0219_01-scene0219_04,canonical,5,9,9,18826,True,0.45543211698532104,0.45543211698532104,0.4448515474796295,False,True,False,False,False,False,0.45543211698532104,,5,False,False
5630cfcf-12bf-2860-8784-83d28a611a83,scene0219_00-scene0219_03-scene0219_02-scene0219_01-scene0219_04,canonical,5,13,39,4542,True,0.686956524848938,0.686956524848938,0.6367062330245972,False,False,False,False,False,False,0.686956524848938,,,False,False
5630cfcf-12bf-2860-8784-83d28a611a83,scene0219_00-scene0219_03-scene0219_02-scene0219_01-scene0219_04,canonical,5,14,7,3322,True,0.3195607662200928,0.20146198570728302,0.6150093078613281,False,True,False,True,False,False,0.20146198570728302,5,2,False,False
5630cfcf-12bf-2860-8784-83d28a611a83,scene0219_00-scene0219_03-scene0219_02-scene0219_01-scene0219_04,canonical,5,16,5,4115,True,0.8491038084030151,0.8491038084030151,0.9694602489471436,False,False,False,False,False,False,0.7256027460098267,,,False,False
5630cfcf-12bf-2860-8784-83d28a611a83,scene0219_00-scene0219_03-scene0219_02-scene0219_01-scene0219_04,canonical,5,18,11,1359,True,0.9213559031486511,0.9213559031486511,0.9213559031486511,False,False,False,False,False,False,0.8311499357223511,,,False,False
5630cfcf-12bf-2860-8784-83d28a611a83,scene0219_00-scene0219_03-scene0219_02-scene0219_01-scene0219_04,canonical,5,19,14,22968,True,0.39071986079216003,0.39071986079216003,0.39018356800079346,False,True,False,False,False,False,0.3540022671222687,,2,False,False
5630cfcf-12bf-2860-8784-83d28a611a83,scene0219_00-scene0219_03-scene0219_02-scene0219_01-scene0219_04,canonical,5,20,3,5347,True,0.42870238423347473,0.32854577898979187,0.40466803312301636,False,True,False,False,False,False,0.19083447754383087,2,2,True,True
5630cfcf-12bf-2860-8784-83d28a611a83,scene0219_00-scene0219_03-scene0219_02-scene0219_01-scene0219_04,canonical,5,28,8,5877,True,0.6909439563751221,0.6909439563751221,0.7152958512306213,False,False,False,False,False,False,0.655407726764679,,,False,False
5630cfcf-12bf-2860-8784-83d28a611a83,scene0219_01-scene0219_04-scene0219_00-scene0219_03-scene0219_02,canonical,2,7,3,21427,True,0.9782958030700684,0.9782958030700684,0.9772737622261047,False,False,False,False,False,False,0.6293912529945374,,,False,False
5630cfcf-12bf-2860-8784-83d28a611a83,scene0219_01-scene0219_04-scene0219_00-scene0219_03-scene0219_02,canonical,2,8,16,10161,True,0.49081340432167053,0.49081340432167053,0.4777846932411194,False,True,False,False,False,False,0.4406058192253113,,2,True,True
5630cfcf-12bf-2860-8784-83d28a611a83,scene0219_01-scene0219_04-scene0219_00-scene0219_03-scene0219_02,canonical,2,9,9,9464,True,0.5710793137550354,0.5710793137550354,0.6952548027038574,False,False,False,False,False,False,0.4388541579246521,,3,False,False
5630cfcf-12bf-2860-8784-83d28a611a83,scene0219_01-scene0219_04-scene0219_00-scene0219_03-scene0219_02,canonical,2,13,39,2394,True,0.48145049810409546,0.48145049810409546,0.5612972378730774,False,True,False,True,False,False,0.48145049810409546,,2,True,True
5630cfcf-12bf-2860-8784-83d28a611a83,scene0219_01-scene0219_04-scene0219_00-scene0219_03-scene0219_02,canonical,2,14,7,1267,True,0.40427154302597046,0.40427154302597046,0.3569023609161377,False,True,False,False,False,False,0.20146198570728302,4,2,False,False
5630cfcf-12bf-2860-8784-83d28a611a83,scene0219_01-scene0219_04-scene0219_00-scene0219_03-scene0219_02,canonical,2,16,5,2185,True,0.9967963099479675,0.9967963099479675,0.9967963099479675,False,False,False,False,False,False,0.971388041973114,,,False,False
5630cfcf-12bf-2860-8784-83d28a611a83,scene0219_01-scene0219_04-scene0219_00-scene0219_03-scene0219_02,canonical,2,18,11,486,True,0.5390946269035339,0.5390946269035339,1.0,False,False,False,False,False,False,0.5390946269035339,,,False,False
5630cfcf-12bf-2860-8784-83d28a611a83,scene0219_01-scene0219_04-scene0219_00-scene0219_03-scene0219_02,canonical,2,19,14,9036,True,0.37740013003349304,0.37740013003349304,0.47376856207847595,False,True,False,False,False,False,0.37740013003349304,,2,True,True
5630cfcf-12bf-2860-8784-83d28a611a83,scene0219_01-scene0219_04-scene0219_00-scene0219_03-scene0219_02,canonical,2,20,3,2098,True,0.5718804001808167,0.0,0.24690181016921997,False,False,True,False,False,False,0.0,2,2,True,True
5630cfcf-12bf-2860-8784-83d28a611a83,scene0219_01-scene0219_04-scene0219_00-scene0219_03-scene0219_02,canonical,2,28,8,2138,True,0.7483373880386353,0.7483373880386353,0.759502649307251,False,False,False,False,False,False,0.6739338636398315,,,False,False
5630cfcf-12bf-2860-8784-83d28a611a83,scene0219_01-scene0219_04-scene0219_00-scene0219_03-scene0219_02,canonical,3,7,3,33508,True,0.6293912529945374,0.6293912529945374,0.9729984402656555,False,False,False,False,False,False,0.6293912529945374,,,False,False
5630cfcf-12bf-2860-8784-83d28a611a83,scene0219_01-scene0219_04-scene0219_00-scene0219_03-scene0219_02,canonical,3,8,16,16470,True,0.46373701095581055,0.46373701095581055,0.4637087285518646,False,True,False,False,False,False,0.4406058192253113,,2,True,True
5630cfcf-12bf-2860-8784-83d28a611a83,scene0219_01-scene0219_04-scene0219_00-scene0219_03-scene0219_02,canonical,3,9,9,12614,True,0.44788384437561035,0.44788384437561035,0.6127228140830994,False,True,False,True,False,False,0.4388541579246521,,3,False,False
5630cfcf-12bf-2860-8784-83d28a611a83,scene0219_01-scene0219_04-scene0219_00-scene0219_03-scene0219_02,canonical,3,13,39,2929,True,0.5310993194580078,0.5310993194580078,0.6323004961013794,False,False,False,False,False,False,0.48145049810409546,,2,True,False
5630cfcf-12bf-2860-8784-83d28a611a83,scene0219_01-scene0219_04-scene0219_00-scene0219_03-scene0219_02,canonical,3,14,7,1999,True,0.3083372116088867,0.3083372116088867,0.5760967135429382,False,True,False,True,False,False,0.20146198570728302,4,2,False,False
5630cfcf-12bf-2860-8784-83d28a611a83,scene0219_01-scene0219_04-scene0219_00-scene0219_03-scene0219_02,canonical,3,16,5,3130,True,0.9786900877952576,0.9786900877952576,0.9802259802818298,False,False,False,False,False,False,0.971388041973114,,,False,False
5630cfcf-12bf-2860-8784-83d28a611a83,scene0219_01-scene0219_04-scene0219_00-scene0219_03-scene0219_02,canonical,3,18,11,774,True,0.7105942964553833,0.7105942964553833,1.0,False,False,False,False,False,False,0.5390946269035339,,,False,False
5630cfcf-12bf-2860-8784-83d28a611a83,scene0219_01-scene0219_04-scene0219_00-scene0219_03-scene0219_02,canonical,3,19,14,13893,True,0.45122039318084717,0.45122039318084717,0.5682816505432129,False,True,False,True,False,False,0.37740013003349304,,2,True,True
5630cfcf-12bf-2860-8784-83d28a611a83,scene0219_01-scene0219_04-scene0219_00-scene0219_03-scene0219_02,canonical,3,20,3,2858,True,0.5286080241203308,0.0,0.0,False,False,True,False,False,False,0.0,2,2,True,True
5630cfcf-12bf-2860-8784-83d28a611a83,scene0219_01-scene0219_04-scene0219_00-scene0219_03-scene0219_02,canonical,3,28,8,3557,True,0.7731524705886841,0.7731524705886841,0.6039937734603882,False,False,False,False,True,False,0.6739338636398315,,,False,False
5630cfcf-12bf-2860-8784-83d28a611a83,scene0219_01-scene0219_04-scene0219_00-scene0219_03-scene0219_02,canonical,4,7,3,46390,True,0.7293899059295654,0.7293899059295654,0.9815620183944702,False,False,False,False,False,False,0.6293912529945374,,,False,False
5630cfcf-12bf-2860-8784-83d28a611a83,scene0219_01-scene0219_04-scene0219_00-scene0219_03-scene0219_02,canonical,4,8,16,22398,True,0.4406058192253113,0.4406058192253113,0.4031972289085388,False,True,False,False,False,False,0.4406058192253113,,2,True,True
5630cfcf-12bf-2860-8784-83d28a611a83,scene0219_01-scene0219_04-scene0219_00-scene0219_03-scene0219_02,canonical,4,9,9,16399,True,0.4388541579246521,0.4388541579246521,0.5707176327705383,False,True,False,True,False,False,0.4388541579246521,,3,False,False
5630cfcf-12bf-2860-8784-83d28a611a83,scene0219_01-scene0219_04-scene0219_00-scene0219_03-scene0219_02,canonical,4,13,39,4017,True,0.6138464212417603,0.6138464212417603,0.6539027690887451,False,False,False,False,False,False,0.48145049810409546,,2,True,False
5630cfcf-12bf-2860-8784-83d28a611a83,scene0219_01-scene0219_04-scene0219_00-scene0219_03-scene0219_02,canonical,4,14,7,2688,True,0.3230503499507904,0.24730797111988068,0.69017094373703,False,True,False,True,False,False,0.20146198570728302,4,2,False,False
5630cfcf-12bf-2860-8784-83d28a611a83,scene0219_01-scene0219_04-scene0219_00-scene0219_03-scene0219_02,canonical,4,16,5,4115,True,0.971388041973114,0.971388041973114,0.92865389585495,False,False,False,False,False,False,0.971388041973114,,,False,False
5630cfcf-12bf-2860-8784-83d28a611a83,scene0219_01-scene0219_04-scene0219_00-scene0219_03-scene0219_02,canonical,4,18,11,1057,True,0.7101449370384216,0.7101449370384216,0.9072961211204529,False,False,False,False,False,False,0.5390946269035339,,,False,False
5630cfcf-12bf-2860-8784-83d28a611a83,scene0219_01-scene0219_04-scene0219_00-scene0219_03-scene0219_02,canonical,4,19,14,18384,True,0.40602317452430725,0.40602317452430725,0.5564631819725037,False,True,False,True,False,False,0.37740013003349304,,2,True,True
5630cfcf-12bf-2860-8784-83d28a611a83,scene0219_01-scene0219_04-scene0219_00-scene0219_03-scene0219_02,canonical,4,20,3,4313,True,0.48856058716773987,0.0,0.24534927308559418,False,False,False,False,False,False,0.0,2,2,True,True
5630cfcf-12bf-2860-8784-83d28a611a83,scene0219_01-scene0219_04-scene0219_00-scene0219_03-scene0219_02,canonical,4,28,8,4734,True,0.746793270111084,0.746793270111084,0.7994813919067383,False,False,False,False,False,False,0.6739338636398315,,,False,False
5630cfcf-12bf-2860-8784-83d28a611a83,scene0219_01-scene0219_04-scene0219_00-scene0219_03-scene0219_02,canonical,5,7,3,57967,True,0.781916081905365,0.781916081905365,0.9826552271842957,False,False,False,False,False,False,0.6293912529945374,,,False,False
5630cfcf-12bf-2860-8784-83d28a611a83,scene0219_01-scene0219_04-scene0219_00-scene0219_03-scene0219_02,canonical,5,8,16,28785,True,0.4407314360141754,0.4407314360141754,0.43921518325805664,False,True,False,False,False,False,0.4406058192253113,,2,True,True
5630cfcf-12bf-2860-8784-83d28a611a83,scene0219_01-scene0219_04-scene0219_00-scene0219_03-scene0219_02,canonical,5,9,9,18826,True,0.4564235806465149,0.4564235806465149,0.48420047760009766,False,True,False,False,False,False,0.4388541579246521,,3,False,False
5630cfcf-12bf-2860-8784-83d28a611a83,scene0219_01-scene0219_04-scene0219_00-scene0219_03-scene0219_02,canonical,5,13,39,4542,True,0.6486440300941467,0.6486440300941467,0.6494884490966797,False,False,False,False,False,False,0.48145049810409546,,2,True,False
5630cfcf-12bf-2860-8784-83d28a611a83,scene0219_01-scene0219_04-scene0219_00-scene0219_03-scene0219_02,canonical,5,14,7,3322,True,0.25961920619010925,0.20146198570728302,0.6136205792427063,False,True,False,True,False,False,0.20146198570728302,4,2,False,False
5630cfcf-12bf-2860-8784-83d28a611a83,scene0219_01-scene0219_04-scene0219_00-scene0219_03-scene0219_02,canonical,5,16,5,4115,True,0.971388041973114,0.971388041973114,0.9614736437797546,False,False,False,False,False,False,0.971388041973114,,,False,False
5630cfcf-12bf-2860-8784-83d28a611a83,scene0219_01-scene0219_04-scene0219_00-scene0219_03-scene0219_02,canonical,5,18,11,1359,True,0.7694915533065796,0.7694915533065796,0.9213559031486511,False,False,False,False,False,False,0.5390946269035339,,,False,False
5630cfcf-12bf-2860-8784-83d28a611a83,scene0219_01-scene0219_04-scene0219_00-scene0219_03-scene0219_02,canonical,5,19,14,22968,True,0.4024559557437897,0.4024559557437897,0.442543089389801,False,True,False,False,False,False,0.37740013003349304,,2,True,True
5630cfcf-12bf-2860-8784-83d28a611a83,scene0219_01-scene0219_04-scene0219_00-scene0219_03-scene0219_02,canonical,5,20,3,5347,True,0.5082266926765442,0.13127769529819489,0.0,False,True,True,False,False,False,0.0,2,2,True,True
5630cfcf-12bf-2860-8784-83d28a611a83,scene0219_01-scene0219_04-scene0219_00-scene0219_03-scene0219_02,canonical,5,28,8,5877,True,0.6739338636398315,0.6739338636398315,0.6906216144561768,False,False,False,False,False,False,0.6739338636398315,,,False,False
8eabc45f-5af7-2f32-8528-640861d2a135,scene0309_00-scene0309_02-scene0309_01-scene0309_04-scene0309_03,canonical,2,2,3,5322,True,0.22668373584747314,0.22668373584747314,0.3547395169734955,False,True,False,False,False,False,0.15061073005199432,2,2,True,True
8eabc45f-5af7-2f32-8528-640861d2a135,scene0309_00-scene0309_02-scene0309_01-scene0309_04-scene0309_03,canonical,2,3,3,2548,True,0.46380898356437683,0.46380898356437683,0.4825042188167572,False,True,False,False,False,False,0.336408406496048,,2,True,True
8eabc45f-5af7-2f32-8528-640861d2a135,scene0309_00-scene0309_02-scene0309_01-scene0309_04-scene0309_03,canonical,2,5,39,4070,True,0.7575539350509644,0.002087198430672288,0.0,False,True,True,False,False,False,0.002087198430672288,2,2,True,True
8eabc45f-5af7-2f32-8528-640861d2a135,scene0309_00-scene0309_02-scene0309_01-scene0309_04-scene0309_03,canonical,2,8,6,8365,True,0.7067686319351196,0.7067686319351196,0.7681048512458801,False,False,False,False,False,False,0.6844032406806946,,,False,False
8eabc45f-5af7-2f32-8528-640861d2a135,scene0309_00-scene0309_02-scene0309_01-scene0309_04-scene0309_03,canonical,2,10,7,2204,True,0.9433233141899109,0.9433233141899109,0.947799801826477,False,False,False,False,False,False,0.494708389043808,,3,False,False
8eabc45f-5af7-2f32-8528-640861d2a135,scene0309_00-scene0309_02-scene0309_01-scene0309_04-scene0309_03,canonical,2,20,39,2587,True,0.8664859533309937,0.8664859533309937,0.8756013512611389,False,False,False,False,False,False,0.4921739101409912,,5,False,False
8eabc45f-5af7-2f32-8528-640861d2a135,scene0309_00-scene0309_02-scene0309_01-scene0309_04-scene0309_03,canonical,2,40,3,1142,True,0.2928956151008606,0.2928956151008606,0.2898477017879486,False,True,False,False,False,False,0.2928956151008606,,2,True,True
8eabc45f-5af7-2f32-8528-640861d2a135,scene0309_00-scene0309_02-scene0309_01-scene0309_04-scene0309_03,canonical,2,41,11,114,True,1.0,1.0,0.32758620381355286,False,False,False,False,False,False,1.0,,,False,False
8eabc45f-5af7-2f32-8528-640861d2a135,scene0309_00-scene0309_02-scene0309_01-scene0309_04-scene0309_03,canonical,2,42,11,152,True,0.8941176533699036,0.8941176533699036,0.4367816150188446,False,False,False,False,False,False,0.4367816150188446,,4,False,False
8eabc45f-5af7-2f32-8528-640861d2a135,scene0309_00-scene0309_02-scene0309_01-scene0309_04-scene0309_03,canonical,2,45,8,2873,True,0.9004396796226501,0.9004396796226501,0.8906844258308411,False,False,False,False,False,False,0.9004396796226501,,,False,False
8eabc45f-5af7-2f32-8528-640861d2a135,scene0309_00-scene0309_02-scene0309_01-scene0309_04-scene0309_03,canonical,2,47,3,24176,True,0.46790027618408203,0.46790027618408203,0.5077029466629028,False,True,False,True,False,False,0.3269871175289154,,2,False,False
8eabc45f-5af7-2f32-8528-640861d2a135,scene0309_00-scene0309_02-scene0309_01-scene0309_04-scene0309_03,canonical,2,48,39,1423,True,0.6184117794036865,0.6184117794036865,0.7842586040496826,False,False,False,False,False,False,0.34039735794067383,,4,False,False
8eabc45f-5af7-2f32-8528-640861d2a135,scene0309_00-scene0309_02-scene0309_01-scene0309_04-scene0309_03,canonical,2,49,7,4542,True,0.5409334301948547,0.5409334301948547,0.3971833884716034,False,False,False,False,False,False,0.48998820781707764,,4,False,False
8eabc45f-5af7-2f32-8528-640861d2a135,scene0309_00-scene0309_02-scene0309_01-scene0309_04-scene0309_03,canonical,2,50,5,819,True,1.0,1.0,0.3355182409286499,False,False,False,False,False,False,0.4947494864463806,,4,False,False
8eabc45f-5af7-2f32-8528-640861d2a135,scene0309_00-scene0309_02-scene0309_01-scene0309_04-scene0309_03,canonical,2,51,5,1265,True,0.95652174949646,0.95652174949646,0.9095785617828369,False,False,False,False,False,False,0.6775436997413635,,,False,False
8eabc45f-5af7-2f32-8528-640861d2a135,scene0309_00-scene0309_02-scene0309_01-scene0309_04-scene0309_03,canonical,2,53,5,1411,True,0.8765347599983215,0.8765347599983215,0.8761062026023865,False,False,False,False,False,False,0.5734265446662903,,,False,False
8eabc45f-5af7-2f32-8528-640861d2a135,scene0309_00-scene0309_02-scene0309_01-scene0309_04-scene0309_03,canonical,2,55,3,9207,True,0.698914647102356,0.698914647102356,0.7084147334098816,False,False,False,False,False,False,0.2948939800262451,,3,False,False
8eabc45f-5af7-2f32-8528-640861d2a135,scene0309_00-scene0309_02-scene0309_01-scene0309_04-scene0309_03,canonical,2,81,34,890,True,0.4145319163799286,0.4145319163799286,0.4145319163799286,False,True,False,False,False,False,0.2588714361190796,,2,False,False
8eabc45f-5af7-2f32-8528-640861d2a135,scene0309_00-scene0309_02-scene0309_01-scene0309_04-scene0309_03,canonical,2,92,11,339,True,1.0,1.0,1.0,False,False,False,False,False,True,1.0,,,False,False
8eabc45f-5af7-2f32-8528-640861d2a135,scene0309_00-scene0309_02-scene0309_01-scene0309_04-scene0309_03,canonical,2,150,5,1586,True,0.7939979434013367,0.7939979434013367,0.7939979434013367,False,False,False,False,False,True,0.7939979434013367,,,False,False
8eabc45f-5af7-2f32-8528-640861d2a135,scene0309_00-scene0309_02-scene0309_01-scene0309_04-scene0309_03,canonical,2,151,5,1017,True,0.41868510842323303,0.41868510842323303,0.43330350518226624,False,True,False,False,False,True,0.24649859964847565,4,2,False,False
8eabc45f-5af7-2f32-8528-640861d2a135,scene0309_00-scene0309_02-scene0309_01-scene0309_04-scene0309_03,canonical,2,152,5,1375,True,0.8477188944816589,0.8477188944816589,0.5632937550544739,False,False,False,False,False,True,0.8477188944816589,,,False,False
8eabc45f-5af7-2f32-8528-640861d2a135,scene0309_00-scene0309_02-scene0309_01-scene0309_04-scene0309_03,canonical,2,490,7,5161,True,0.9014191031455994,0.9014191031455994,0.47638189792633057,False,False,False,False,False,True,0.9014191031455994,,,False,False
8eabc45f-5af7-2f32-8528-640861d2a135,scene0309_00-scene0309_02-scene0309_01-scene0309_04-scene0309_03,canonical,3,2,3,11392,True,0.2102869153022766,0.2026481032371521,0.30613237619400024,False,True,False,False,False,False,0.15061073005199432,2,2,True,True
8eabc45f-5af7-2f32-8528-640861d2a135,scene0309_00-scene0309_02-scene0309_01-scene0309_04-scene0309_03,canonical,3,3,3,4931,True,0.3620753884315491,0.3620753884315491,0.4957118332386017,False,True,False,False,False,False,0.336408406496048,,2,True,True
8eabc45f-5af7-2f32-8528-640861d2a135,scene0309_00-scene0309_02-scene0309_01-scene0309_04-scene0309_03,canonical,3,5,39,9526,True,0.4213704466819763,0.005827607121318579,0.009102996438741684,False,True,False,False,False,True,0.002087198430672288,2,2,True,True
8eabc45f-5af7-2f32-8528-640861d2a135,scene0309_00-scene0309_02-scene0309_01-scene0309_04-scene0309_03,canonical,3,8,6,13107,True,0.7250727415084839,0.7250727415084839,0.8121173977851868,False,False,False,False,False,False,0.6844032406806946,,,False,False
8eabc45f-5af7-2f32-8528-640861d2a135,scene0309_00-scene0309_02-scene0309_01-scene0309_04-scene0309_03,canonical,3,10,7,4089,True,0.494708389043808,0.494708389043808,0.8902934789657593,False,True,False,True,False,False,0.494708389043808,,3,False,False
8eabc45f-5af7-2f32-8528-640861d2a135,scene0309_00-scene0309_02-scene0309_01-scene0309_04-scene0309_03,canonical,3,20,39,3669,True,0.6340193152427673,0.6340193152427673,0.6465430855751038,False,False,False,False,False,False,0.4921739101409912,,5,False,False
8eabc45f-5af7-2f32-8528-640861d2a135,scene0309_00-scene0309_02-scene0309_01-scene0309_04-scene0309_03,canonical,3,40,3,1142,True,0.2928956151008606,0.2928956151008606,0.26725953817367554,False,True,False,False,False,False,0.2928956151008606,,2,True,True
8eabc45f-5af7-2f32-8528-640861d2a135,scene0309_00-scene0309_02-scene0309_01-scene0309_04-scene0309_03,canonical,3,41,11,114,True,1.0,1.0,0.35514017939567566,False,False,False,False,False,False,1.0,,,False,False
8eabc45f-5af7-2f32-8528-640861d2a135,scene0309_00-scene0309_02-scene0309_01-scene0309_04-scene0309_03,canonical,3,42,11,152,True,0.8941176533699036,0.8941176533699036,0.7307692170143127,False,False,False,False,False,False,0.4367816150188446,,4,False,False
8eabc45f-5af7-2f32-8528-640861d2a135,scene0309_00-scene0309_02-scene0309_01-scene0309_04-scene0309_03,canonical,3,45,8,2873,True,0.9004396796226501,0.9004396796226501,0.7885662317276001,False,False,False,False,False,False,0.9004396796226501,,,False,False
8eabc45f-5af7-2f32-8528-640861d2a135,scene0309_00-scene0309_02-scene0309_01-scene0309_04-scene0309_03,canonical,3,47,3,24176,True,0.46790027618408203,0.46790027618408203,0.5093702077865601,False,True,False,True,False,False,0.3269871175289154,,2,False,False
8eabc45f-5af7-2f32-8528-640861d2a135,scene0309_00-scene0309_02-scene0309_01-scene0309_04-scene0309_03,canonical,3,48,39,1423,True,0.6184117794036865,0.6184117794036865,0.8362613916397095,False,False,False,False,False,False,0.34039735794067383,,4,False,False
8eabc45f-5af7-2f32-8528-640861d2a135,scene0309_00-scene0309_02-scene0309_01-scene0309_04-scene0309_03,canonical,3,49,7,4542,True,0.5409334301948547,0.5409334301948547,0.40233439207077026,False,False,False,False,False,False,0.48998820781707764,,4,False,False
8eabc45f-5af7-2f32-8528-640861d2a135,scene0309_00-scene0309_02-scene0309_01-scene0309_04-scene0309_03,canonical,3,50,5,819,True,1.0,1.0,1.0,False,False,False,False,False,False,0.4947494864463806,,4,False,False
8eabc45f-5af7-2f32-8528-640861d2a135,scene0309_00-scene0309_02-scene0309_01-scene0309_04-scene0309_03,canonical,3,51,5,1265,True,0.95652174949646,0.95652174949646,0.5422598123550415,False,False,False,False,False,False,0.6775436997413635,,,False,False
8eabc45f-5af7-2f32-8528-640861d2a135,scene0309_00-scene0309_02-scene0309_01-scene0309_04-scene0309_03,canonical,3,53,5,1411,True,0.8765347599983215,0.8765347599983215,0.8700248599052429,False,False,False,False,False,False,0.5734265446662903,,,False,False
8eabc45f-5af7-2f32-8528-640861d2a135,scene0309_00-scene0309_02-scene0309_01-scene0309_04-scene0309_03,canonical,3,55,3,9207,True,0.4569765329360962,0.4440462589263916,0.6971603631973267,False,True,False,True,False,False,0.2948939800262451,,3,False,False
8eabc45f-5af7-2f32-8528-640861d2a135,scene0309_00-scene0309_02-scene0309_01-scene0309_04-scene0309_03,canonical,3,81,34,890,True,0.4145319163799286,0.4145319163799286,0.4082568883895874,False,True,False,False,False,False,0.2588714361190796,,2,False,False
8eabc45f-5af7-2f32-8528-640861d2a135,scene0309_00-scene0309_02-scene0309_01-scene0309_04-scene0309_03,canonical,3,92,11,339,True,1.0,1.0,1.0,False,False,False,False,False,False,1.0,,,False,False
8eabc45f-5af7-2f32-8528-640861d2a135,scene0309_00-scene0309_02-scene0309_01-scene0309_04-scene0309_03,canonical,3,150,5,1586,True,0.7939979434013367,0.7939979434013367,0.6932794451713562,False,False,False,False,False,False,0.7939979434013367,,,False,False
8eabc45f-5af7-2f32-8528-640861d2a135,scene0309_00-scene0309_02-scene0309_01-scene0309_04-scene0309_03,canonical,3,151,5,1017,True,0.41868510842323303,0.41868510842323303,0.41184210777282715,False,True,False,False,False,False,0.24649859964847565,4,2,False,False
8eabc45f-5af7-2f32-8528-640861d2a135,scene0309_00-scene0309_02-scene0309_01-scene0309_04-scene0309_03,canonical,3,152,5,1375,True,0.8477188944816589,0.8477188944816589,0.5644499063491821,False,False,False,False,False,False,0.8477188944816589,,,False,False
8eabc45f-5af7-2f32-8528-640861d2a135,scene0309_00-scene0309_02-scene0309_01-scene0309_04-scene0309_03,canonical,3,490,7,5161,True,0.9014191031455994,0.9014191031455994,0.5171573758125305,False,False,False,False,False,False,0.9014191031455994,,,False,False
8eabc45f-5af7-2f32-8528-640861d2a135,scene0309_00-scene0309_02-scene0309_01-scene0309_04-scene0309_03,canonical,4,2,3,11392,True,0.2102869153022766,0.19404307007789612,0.4190191924571991,False,True,False,False,False,False,0.15061073005199432,2,2,True,True
8eabc45f-5af7-2f32-8528-640861d2a135,scene0309_00-scene0309_02-scene0309_01-scene0309_04-scene0309_03,canonical,4,3,3,5042,True,0.336408406496048,0.336408406496048,0.4993401765823364,False,True,False,False,False,False,0.336408406496048,,2,True,True
8eabc45f-5af7-2f32-8528-640861d2a135,scene0309_00-scene0309_02-scene0309_01-scene0309_04-scene0309_03,canonical,4,5,39,9526,True,0.4213704466819763,0.005827607121318579,0.0,False,True,False,False,False,False,0.002087198430672288,2,2,True,True
8eabc45f-5af7-2f32-8528-640861d2a135,scene0309_00-scene0309_02-scene0309_01-scene0309_04-scene0309_03,canonical,4,8,6,16006,True,0.6844032406806946,0.6844032406806946,0.7413893342018127,False,False,False,False,False,False,0.6844032406806946,,,False,False
8eabc45f-5af7-2f32-8528-640861d2a135,scene0309_00-scene0309_02-scene0309_01-scene0309_04-scene0309_03,canonical,4,10,7,4089,True,0.494708389043808,0.494708389043808,0.8860045075416565,False,True,False,True,False,False,0.494708389043808,,3,False,False
8eabc45f-5af7-2f32-8528-640861d2a135,scene0309_00-scene0309_02-scene0309_01-scene0309_04-scene0309_03,canonical,4,20,39,4508,True,0.6944785118103027,0.6944785118103027,0.7021806836128235,False,False,False,False,False,False,0.4921739101409912,,5,False,False
8eabc45f-5af7-2f32-8528-640861d2a135,scene0309_00-scene0309_02-scene0309_01-scene0309_04-scene0309_03,canonical,4,40,3,1879,True,0.3863869905471802,0.3863869905471802,0.35817766189575195,False,True,False,False,False,False,0.2928956151008606,,2,True,True
8eabc45f-5af7-2f32-8528-640861d2a135,scene0309_00-scene0309_02-scene0309_01-scene0309_04-scene0309_03,canonical,4,41,11,114,True,1.0,1.0,0.32758620381355286,False,False,False,False,False,False,1.0,,,False,False
8eabc45f-5af7-2f32-8528-640861d2a135,scene0309_00-scene0309_02-scene0309_01-scene0309_04-scene0309_03,canonical,4,42,11,330,True,0.4367816150188446,0.4367816150188446,0.42339831590652466,False,True,False,False,False,False,0.4367816150188446,,4,False,False
8eabc45f-5af7-2f32-8528-640861d2a135,scene0309_00-scene0309_02-scene0309_01-scene0309_04-scene0309_03,canonical,4,45,8,4509,True,0.9082291126251221,0.9082291126251221,0.8406180143356323,False,False,False,False,False,False,0.9004396796226501,,,False,False
8eabc45f-5af7-2f32-8528-640861d2a135,scene0309_00-scene0309_02-scene0309_01-scene0309_04-scene0309_03,canonical,4,47,3,31204,True,0.3269871175289154,0.3269871175289154,0.47871777415275574,False,True,False,False,True,False,0.3269871175289154,,2,False,False
8eabc45f-5af7-2f32-8528-640861d2a135,scene0309_00-scene0309_02-scene0309_01-scene0309_04-scene0309_03,canonical,4,48,39,2235,True,0.39373600482940674,0.39373600482940674,0.8619779944419861,False,True,False,True,False,False,0.34039735794067383,,4,False,False
8eabc45f-5af7-2f32-8528-640861d2a135,scene0309_00-scene0309_02-scene0309_01-scene0309_04-scene0309_03,canonical,4,49,7,7039,True,0.48998820781707764,0.48998820781707764,0.4908144772052765,False,True,False,False,False,False,0.48998820781707764,,4,False,False
8eabc45f-5af7-2f32-8528-640861d2a135,scene0309_00-scene0309_02-scene0309_01-scene0309_04-scene0309_03,canonical,4,50,5,1661,True,0.4947494864463806,0.4947494864463806,0.5218631029129028,False,True,False,True,False,False,0.4947494864463806,,4,False,False
8eabc45f-5af7-2f32-8528-640861d2a135,scene0309_00-scene0309_02-scene0309_01-scene0309_04-scene0309_03,canonical,4,51,5,2651,True,0.6775436997413635,0.6775436997413635,0.7909035682678223,False,False,False,False,False,False,0.6775436997413635,,,False,False
8eabc45f-5af7-2f32-8528-640861d2a135,scene0309_00-scene0309_02-scene0309_01-scene0309_04-scene0309_03,canonical,4,53,5,2706,True,0.5734265446662903,0.5734265446662903,0.849513053894043,False,False,False,False,False,False,0.5734265446662903,,,False,False
8eabc45f-5af7-2f32-8528-640861d2a135,scene0309_00-scene0309_02-scene0309_01-scene0309_04-scene0309_03,canonical,4,55,3,16110,True,0.3901589810848236,0.32298576831817627,0.6710643172264099,False,True,False,True,True,True,0.2948939800262451,,3,False,False
8eabc45f-5af7-2f32-8528-640861d2a135,scene0309_00-scene0309_02-scene0309_01-scene0309_04-scene0309_03,canonical,4,68,34,783,True,0.4242788553237915,0.4242788553237915,0.19792543351650238,False,True,False,False,False,False,0.4242788553237915,,4,False,False
8eabc45f-5af7-2f32-8528-640861d2a135,scene0309_00-scene0309_02-scene0309_01-scene0309_04-scene0309_03,canonical,4,81,34,890,True,0.2588714361190796,0.2588714361190796,0.2550143301486969,False,True,False,False,False,False,0.2588714361190796,,2,False,False
8eabc45f-5af7-2f32-8528-640861d2a135,scene0309_00-scene0309_02-scene0309_01-scene0309_04-scene0309_03,canonical,4,92,11,339,True,1.0,1.0,1.0,False,False,False,False,False,False,1.0,,,False,False
8eabc45f-5af7-2f32-8528-640861d2a135,scene0309_00-scene0309_02-scene0309_01-scene0309_04-scene0309_03,canonical,4,150,5,1586,True,0.7939979434013367,0.7939979434013367,0.8680516481399536,False,False,False,False,False,False,0.7939979434013367,,,False,False
8eabc45f-5af7-2f32-8528-640861d2a135,scene0309_00-scene0309_02-scene0309_01-scene0309_04-scene0309_03,canonical,4,151,5,1017,True,0.24649859964847565,0.24649859964847565,0.2526795268058777,False,True,False,False,False,False,0.24649859964847565,4,2,False,False
8eabc45f-5af7-2f32-8528-640861d2a135,scene0309_00-scene0309_02-scene0309_01-scene0309_04-scene0309_03,canonical,4,152,5,1375,True,0.8477188944816589,0.8477188944816589,0.5387275218963623,False,False,False,False,False,False,0.8477188944816589,,,False,False
8eabc45f-5af7-2f32-8528-640861d2a135,scene0309_00-scene0309_02-scene0309_01-scene0309_04-scene0309_03,canonical,4,490,7,5161,True,0.9014191031455994,0.9014191031455994,0.390597939491272,False,False,False,False,False,False,0.9014191031455994,,,False,False
8eabc45f-5af7-2f32-8528-640861d2a135,scene0309_00-scene0309_02-scene0309_01-scene0309_04-scene0309_03,canonical,5,2,3,14547,True,0.16480427980422974,0.15061073005199432,0.3277848958969116,False,True,False,False,False,False,0.15061073005199432,2,2,True,True
8eabc45f-5af7-2f32-8528-640861d2a135,scene0309_00-scene0309_02-scene0309_01-scene0309_04-scene0309_03,canonical,5,3,3,7058,True,0.37841710448265076,0.37841710448265076,0.49243348836898804,False,True,False,False,False,False,0.336408406496048,,2,True,True
8eabc45f-5af7-2f32-8528-640861d2a135,scene0309_00-scene0309_02-scene0309_01-scene0309_04-scene0309_03,canonical,5,5,39,13876,True,0.4518144428730011,0.004227929748594761,0.0,False,True,False,False,False,False,0.002087198430672288,2,2,True,True
8eabc45f-5af7-2f32-8528-640861d2a135,scene0309_00-scene0309_02-scene0309_01-scene0309_04-scene0309_03,canonical,5,8,6,19769,True,0.7309965491294861,0.7309965491294861,0.8091811537742615,False,False,False,False,False,False,0.6844032406806946,,,False,False
8eabc45f-5af7-2f32-8528-640861d2a135,scene0309_00-scene0309_02-scene0309_01-scene0309_04-scene0309_03,canonical,5,10,7,5616,True,0.6015676856040955,0.6015676856040955,0.9282511472702026,False,False,False,False,False,False,0.494708389043808,,3,False,False
8eabc45f-5af7-2f32-8528-640861d2a135,scene0309_00-scene0309_02-scene0309_01-scene0309_04-scene0309_03,canonical,5,20,39,6518,True,0.4921739101409912,0.4921739101409912,0.5075457692146301,False,True,False,True,True,True,0.4921739101409912,,5,False,False
8eabc45f-5af7-2f32-8528-640861d2a135,scene0309_00-scene0309_02-scene0309_01-scene0309_04-scene0309_03,canonical,5,40,3,1879,True,0.3863869905471802,0.3863869905471802,0.3718101978302002,False,True,False,False,False,False,0.2928956151008606,,2,True,True
8eabc45f-5af7-2f32-8528-640861d2a135,scene0309_00-scene0309_02-scene0309_01-scene0309_04-scene0309_03,canonical,5,41,11,114,True,1.0,1.0,0.251655638217926,False,False,False,False,False,False,1.0,,,False,False
8eabc45f-5af7-2f32-8528-640861d2a135,scene0309_00-scene0309_02-scene0309_01-scene0309_04-scene0309_03,canonical,5,42,11,330,True,0.4367816150188446,0.4367816150188446,0.5555555820465088,False,True,False,True,False,False,0.4367816150188446,,4,False,False
8eabc45f-5af7-2f32-8528-640861d2a135,scene0309_00-scene0309_02-scene0309_01-scene0309_04-scene0309_03,canonical,5,45,8,4509,True,0.9082291126251221,0.9082291126251221,0.8057810068130493,False,False,False,False,False,False,0.9004396796226501,,,False,False
8eabc45f-5af7-2f32-8528-640861d2a135,scene0309_00-scene0309_02-scene0309_01-scene0309_04-scene0309_03,canonical,5,47,3,31204,True,0.3269871175289154,0.3269871175289154,0.5065480470657349,False,True,False,True,False,False,0.3269871175289154,,2,False,False
8eabc45f-5af7-2f32-8528-640861d2a135,scene0309_00-scene0309_02-scene0309_01-scene0309_04-scene0309_03,canonical,5,48,39,2235,True,0.34039735794067383,0.34039735794067383,0.7536231875419617,False,True,False,True,False,False,0.34039735794067383,,4,False,False
8eabc45f-5af7-2f32-8528-640861d2a135,scene0309_00-scene0309_02-scene0309_01-scene0309_04-scene0309_03,canonical,5,49,7,7596,True,0.49347779154777527,0.49347779154777527,0.5109779238700867,False,True,False,True,False,False,0.48998820781707764,,4,False,False
8eabc45f-5af7-2f32-8528-640861d2a135,scene0309_00-scene0309_02-scene0309_01-scene0309_04-scene0309_03,canonical,5,50,5,1661,True,0.4947494864463806,0.4947494864463806,0.5218631029129028,False,True,False,True,False,False,0.4947494864463806,,4,False,False
8eabc45f-5af7-2f32-8528-640861d2a135,scene0309_00-scene0309_02-scene0309_01-scene0309_04-scene0309_03,canonical,5,51,5,2651,True,0.6775436997413635,0.6775436997413635,0.584348201751709,False,False,False,False,False,False,0.6775436997413635,,,False,False
8eabc45f-5af7-2f32-8528-640861d2a135,scene0309_00-scene0309_02-scene0309_01-scene0309_04-scene0309_03,canonical,5,53,5,2706,True,0.5734265446662903,0.5734265446662903,0.500557005405426,False,False,False,False,False,False,0.5734265446662903,,,False,False
8eabc45f-5af7-2f32-8528-640861d2a135,scene0309_00-scene0309_02-scene0309_01-scene0309_04-scene0309_03,canonical,5,55,3,16110,True,0.356862336397171,0.2948939800262451,0.6625509858131409,False,True,False,True,False,False,0.2948939800262451,,3,False,False
8eabc45f-5af7-2f32-8528-640861d2a135,scene0309_00-scene0309_02-scene0309_01-scene0309_04-scene0309_03,canonical,5,68,34,783,True,0.4242788553237915,0.4242788553237915,0.19742728769779205,False,True,False,False,False,False,0.4242788553237915,,4,False,False
8eabc45f-5af7-2f32-8528-640861d2a135,scene0309_00-scene0309_02-scene0309_01-scene0309_04-scene0309_03,canonical,5,81,34,890,True,0.2588714361190796,0.2588714361190796,0.2543583810329437,False,True,False,False,False,False,0.2588714361190796,,2,False,False
8eabc45f-5af7-2f32-8528-640861d2a135,scene0309_00-scene0309_02-scene0309_01-scene0309_04-scene0309_03,canonical,5,92,11,339,True,1.0,1.0,0.748344361782074,False,False,False,False,False,False,1.0,,,False,False
8eabc45f-5af7-2f32-8528-640861d2a135,scene0309_00-scene0309_02-scene0309_01-scene0309_04-scene0309_03,canonical,5,150,5,1586,True,0.7939979434013367,0.7939979434013367,0.5633345246315002,False,False,False,False,False,False,0.7939979434013367,,,False,False
8eabc45f-5af7-2f32-8528-640861d2a135,scene0309_00-scene0309_02-scene0309_01-scene0309_04-scene0309_03,canonical,5,151,5,1017,True,0.24649859964847565,0.24649859964847565,0.16513943672180176,False,True,False,False,False,False,0.24649859964847565,4,2,False,False
8eabc45f-5af7-2f32-8528-640861d2a135,scene0309_00-scene0309_02-scene0309_01-scene0309_04-scene0309_03,canonical,5,152,5,1375,True,0.8477188944816589,0.8477188944816589,0.41628822684288025,False,False,False,False,False,False,0.8477188944816589,,,False,False
8eabc45f-5af7-2f32-8528-640861d2a135,scene0309_00-scene0309_02-scene0309_01-scene0309_04-scene0309_03,canonical,5,490,7,5161,True,0.9014191031455994,0.9014191031455994,0.3629305064678192,False,False,False,False,False,False,0.9014191031455994,,,False,False
8eabc45f-5af7-2f32-8528-640861d2a135,scene0309_01-scene0309_04-scene0309_03-scene0309_00-scene0309_02,canonical,2,3,3,2494,True,0.5289677977561951,0.5289677977561951,0.26270532608032227,False,False,False,False,False,False,0.34407666325569153,,3,False,False
8eabc45f-5af7-2f32-8528-640861d2a135,scene0309_01-scene0309_04-scene0309_03-scene0309_00-scene0309_02,canonical,2,5,3,5456,True,0.6058277487754822,0.6058277487754822,0.6902257800102234,False,False,False,False,False,False,0.2728163003921509,,3,False,False
8eabc45f-5af7-2f32-8528-640861d2a135,scene0309_01-scene0309_04-scene0309_03-scene0309_00-scene0309_02,canonical,2,8,6,7641,True,0.7538074254989624,0.7538074254989624,0.7613977789878845,False,False,False,False,False,False,0.7538074254989624,,,False,False
8eabc45f-5af7-2f32-8528-640861d2a135,scene0309_01-scene0309_04-scene0309_03-scene0309_00-scene0309_02,canonical,2,10,7,1885,True,0.8866415619850159,0.8866415619850159,0.8374707102775574,False,False,False,False,False,False,0.5160142183303833,,,False,False
8eabc45f-5af7-2f32-8528-640861d2a135,scene0309_01-scene0309_04-scene0309_03-scene0309_00-scene0309_02,canonical,2,20,39,1921,True,0.5451300144195557,0.43269726634025574,0.4194999933242798,False,True,True,False,False,False,0.23173896968364716,4,2,False,False
8eabc45f-5af7-2f32-8528-640861d2a135,scene0309_01-scene0309_04-scene0309_03-scene0309_00-scene0309_02,canonical,2,40,3,737,True,0.8037077188491821,0.8037077188491821,0.8037077188491821,False,False,False,False,False,False,0.3579407334327698,,4,False,False
8eabc45f-5af7-2f32-8528-640861d2a135,scene0309_01-scene0309_04-scene0309_03-scene0309_00-scene0309_02,canonical,2,42,11,178,True,0.0,0.0,0.0,True,False,False,False,False,False,0.0,2,2,False,False
8eabc45f-5af7-2f32-8528-640861d2a135,scene0309_01-scene0309_04-scene0309_03-scene0309_00-scene0309_02,canonical,2,45,8,1636,True,0.9476162195205688,0.9476162195205688,0.9476162195205688,False,False,False,False,False,False,0.9047619104385376,,,False,False
8eabc45f-5af7-2f32-8528-640861d2a135,scene0309_01-scene0309_04-scene0309_03-scene0309_00-scene0309_02,canonical,2,47,3,7028,True,0.6461288332939148,0.6461288332939148,0.6461288332939148,False,False,False,False,False,False,0.35441163182258606,,4,False,False
8eabc45f-5af7-2f32-8528-640861d2a135,scene0309_01-scene0309_04-scene0309_03-scene0309_00-scene0309_02,canonical,2,48,39,812,True,0.9156769514083862,0.9156769514083862,0.9156769514083862,False,False,False,False,False,False,0.34039735794067383,,4,False,False
8eabc45f-5af7-2f32-8528-640861d2a135,scene0309_01-scene0309_04-scene0309_03-scene0309_00-scene0309_02,canonical,2,49,7,2497,True,0.8517946600914001,0.8517946600914001,0.8517946600914001,False,False,False,False,False,True,0.49670249223709106,,5,False,False
8eabc45f-5af7-2f32-8528-640861d2a135,scene0309_01-scene0309_04-scene0309_03-scene0309_00-scene0309_02,canonical,2,50,5,842,True,0.9529276490211487,0.9529276490211487,0.9529276490211487,False,False,False,False,False,False,0.4947494864463806,,5,False,False
8eabc45f-5af7-2f32-8528-640861d2a135,scene0309_01-scene0309_04-scene0309_03-scene0309_00-scene0309_02,canonical,2,51,5,1386,True,0.9264069199562073,0.9264069199562073,0.9264069199562073,False,False,False,False,False,False,0.6660668253898621,,,False,False
8eabc45f-5af7-2f32-8528-640861d2a135,scene0309_01-scene0309_04-scene0309_03-scene0309_00-scene0309_02,canonical,2,53,5,1295,True,0.9343434572219849,0.9343434572219849,0.9343434572219849,False,False,False,False,False,False,0.5657922625541687,,,False,False
8eabc45f-5af7-2f32-8528-640861d2a135,scene0309_01-scene0309_04-scene0309_03-scene0309_00-scene0309_02,canonical,2,55,3,6903,True,0.7017567157745361,0.6393918395042419,0.6393918395042419,False,False,False,False,False,False,0.32098251581192017,,3,False,False
8eabc45f-5af7-2f32-8528-640861d2a135,scene0309_01-scene0309_04-scene0309_03-scene0309_00-scene0309_02,canonical,2,68,34,783,True,0.5160818696022034,0.5160818696022034,0.5160818696022034,False,False,False,False,False,False,0.4242788553237915,,5,False,False
8eabc45f-5af7-2f32-8528-640861d2a135,scene0309_01-scene0309_04-scene0309_03-scene0309_00-scene0309_02,canonical,3,2,3,3155,True,0.05936743691563606,0.05936743691563606,0.07419642060995102,False,True,False,False,False,False,0.05936743691563606,3,3,False,False
8eabc45f-5af7-2f32-8528-640861d2a135,scene0309_01-scene0309_04-scene0309_03-scene0309_00-scene0309_02,canonical,3,3,3,4510,True,0.3654347360134125,0.3654347360134125,0.5299999713897705,False,True,False,True,False,True,0.34407666325569153,,3,False,False
8eabc45f-5af7-2f32-8528-640861d2a135,scene0309_01-scene0309_04-scene0309_03-scene0309_00-scene0309_02,canonical,3,5,3,9806,True,0.37153270840644836,0.37153270840644836,0.6642218828201294,False,True,False,True,False,False,0.2728163003921509,,3,False,False
8eabc45f-5af7-2f32-8528-640861d2a135,scene0309_01-scene0309_04-scene0309_03-scene0309_00-scene0309_02,canonical,3,8,6,11404,True,0.8166638612747192,0.8166638612747192,0.8058512806892395,False,False,False,False,False,False,0.7538074254989624,,,False,False
8eabc45f-5af7-2f32-8528-640861d2a135,scene0309_01-scene0309_04-scene0309_03-scene0309_00-scene0309_02,canonical,3,10,7,3412,True,0.5160142183303833,0.5160142183303833,0.8441910743713379,False,False,False,False,True,True,0.5160142183303833,,,False,False
8eabc45f-5af7-2f32-8528-640861d2a135,scene0309_01-scene0309_04-scene0309_03-scene0309_00-scene0309_02,canonical,3,20,39,3931,True,0.2945815324783325,0.2945815324783325,0.4559493660926819,False,True,False,False,True,False,0.23173896968364716,4,2,False,False
8eabc45f-5af7-2f32-8528-640861d2a135,scene0309_01-scene0309_04-scene0309_03-scene0309_00-scene0309_02,canonical,3,40,3,737,True,0.8037077188491821,0.8037077188491821,0.8037077188491821,False,False,False,False,False,False,0.3579407334327698,,4,False,False
8eabc45f-5af7-2f32-8528-640861d2a135,scene0309_01-scene0309_04-scene0309_03-scene0309_00-scene0309_02,canonical,3,42,11,178,True,0.0,0.0,0.0,True,False,False,False,False,False,0.0,2,2,False,False
8eabc45f-5af7-2f32-8528-640861d2a135,scene0309_01-scene0309_04-scene0309_03-scene0309_00-scene0309_02,canonical,3,45,8,1636,True,0.9476162195205688,0.9476162195205688,0.9465020298957825,False,False,False,False,False,False,0.9047619104385376,,,False,False
8eabc45f-5af7-2f32-8528-640861d2a135,scene0309_01-scene0309_04-scene0309_03-scene0309_00-scene0309_02,canonical,3,47,3,7028,True,0.5870142579078674,0.5870142579078674,0.660027801990509,False,False,False,False,False,False,0.35441163182258606,,4,False,False
8eabc45f-5af7-2f32-8528-640861d2a135,scene0309_01-scene0309_04-scene0309_03-scene0309_00-scene0309_02,canonical,3,48,39,812,True,0.9156769514083862,0.9156769514083862,0.6139917969703674,False,False,False,False,False,False,0.34039735794067383,,4,False,False
8eabc45f-5af7-2f32-8528-640861d2a135,scene0309_01-scene0309_04-scene0309_03-scene0309_00-scene0309_02,canonical,3,49,7,3054,True,0.7010800242424011,0.7010800242424011,0.7821552753448486,False,False,False,False,False,False,0.49670249223709106,,5,False,False
8eabc45f-5af7-2f32-8528-640861d2a135,scene0309_01-scene0309_04-scene0309_03-scene0309_00-scene0309_02,canonical,3,50,5,842,True,0.9529276490211487,0.9529276490211487,0.9506314396858215,False,False,False,False,False,False,0.4947494864463806,,5,False,False
8eabc45f-5af7-2f32-8528-640861d2a135,scene0309_01-scene0309_04-scene0309_03-scene0309_00-scene0309_02,canonical,3,51,5,1386,True,0.9264069199562073,0.9264069199562073,0.9898989796638489,False,False,False,False,False,False,0.6660668253898621,,,False,False
8eabc45f-5af7-2f32-8528-640861d2a135,scene0309_01-scene0309_04-scene0309_03-scene0309_00-scene0309_02,canonical,3,53,5,1295,True,0.9343434572219849,0.9343434572219849,0.9024389982223511,False,False,False,False,False,False,0.5657922625541687,,,False,False
8eabc45f-5af7-2f32-8528-640861d2a135,scene0309_01-scene0309_04-scene0309_03-scene0309_00-scene0309_02,canonical,3,55,3,6903,True,0.7017567157745361,0.4795273244380951,0.6441999673843384,False,True,True,True,False,False,0.32098251581192017,,3,False,False
8eabc45f-5af7-2f32-8528-640861d2a135,scene0309_01-scene0309_04-scene0309_03-scene0309_00-scene0309_02,canonical,3,68,34,783,True,0.5160818696022034,0.5160818696022034,0.47831979393959045,False,False,False,False,False,False,0.4242788553237915,,5,False,False
8eabc45f-5af7-2f32-8528-640861d2a135,scene0309_01-scene0309_04-scene0309_03-scene0309_00-scene0309_02,canonical,4,2,3,7345,True,0.22967198491096497,0.22967198491096497,0.23716208338737488,False,True,False,False,False,True,0.05936743691563606,3,3,False,False
8eabc45f-5af7-2f32-8528-640861d2a135,scene0309_01-scene0309_04-scene0309_03-scene0309_00-scene0309_02,canonical,4,3,3,6527,True,0.34407666325569153,0.34407666325569153,0.4185144901275635,False,True,False,False,False,False,0.34407666325569153,,3,False,False
8eabc45f-5af7-2f32-8528-640861d2a135,scene0309_01-scene0309_04-scene0309_03-scene0309_00-scene0309_02,canonical,4,5,3,13876,True,0.2728163003921509,0.2728163003921509,0.6119069457054138,False,True,False,True,False,False,0.2728163003921509,,3,False,False
8eabc45f-5af7-2f32-8528-640861d2a135,scene0309_01-scene0309_04-scene0309_03-scene0309_00-scene0309_02,canonical,4,8,6,17803,True,0.843087375164032,0.843087375164032,0.843896210193634,False,False,False,False,False,False,0.7538074254989624,,,False,False
8eabc45f-5af7-2f32-8528-640861d2a135,scene0309_01-scene0309_04-scene0309_03-scene0309_00-scene0309_02,canonical,4,10,7,5616,True,0.59470134973526,0.59470134973526,0.9184900522232056,False,False,False,False,False,False,0.5160142183303833,,,False,False
8eabc45f-5af7-2f32-8528-640861d2a135,scene0309_01-scene0309_04-scene0309_03-scene0309_00-scene0309_02,canonical,4,20,39,5334,True,0.23173896968364716,0.23173896968364716,0.3992707431316376,False,True,False,False,True,False,0.23173896968364716,4,2,False,False
8eabc45f-5af7-2f32-8528-640861d2a135,scene0309_01-scene0309_04-scene0309_03-scene0309_00-scene0309_02,canonical,4,40,3,1376,True,0.47365039587020874,0.47365039587020874,0.6420798301696777,False,True,False,True,False,False,0.3579407334327698,,4,False,False
8eabc45f-5af7-2f32-8528-640861d2a135,scene0309_01-scene0309_04-scene0309_03-scene0309_00-scene0309_02,canonical,4,41,11,114,True,0.8142856955528259,0.8142856955528259,0.8976377844810486,False,False,False,False,False,False,0.8142856955528259,,,False,False
8eabc45f-5af7-2f32-8528-640861d2a135,scene0309_01-scene0309_04-scene0309_03-scene0309_00-scene0309_02,canonical,4,42,11,330,True,0.393782377243042,0.393782377243042,0.5242424011230469,False,True,False,True,False,False,0.0,2,2,False,False
8eabc45f-5af7-2f32-8528-640861d2a135,scene0309_01-scene0309_04-scene0309_03-scene0309_00-scene0309_02,canonical,4,45,8,3212,True,0.9264493584632874,0.9264493584632874,0.8836662769317627,False,False,False,False,False,False,0.9047619104385376,,,False,False
8eabc45f-5af7-2f32-8528-640861d2a135,scene0309_01-scene0309_04-scene0309_03-scene0309_00-scene0309_02,canonical,4,47,3,12120,True,0.35441163182258606,0.35441163182258606,0.6278921961784363,False,True,False,True,True,False,0.35441163182258606,,4,False,False
8eabc45f-5af7-2f32-8528-640861d2a135,scene0309_01-scene0309_04-scene0309_03-scene0309_00-scene0309_02,canonical,4,48,39,2235,True,0.34039735794067383,0.34039735794067383,0.8378734588623047,False,True,False,True,False,True,0.34039735794067383,,4,False,False
8eabc45f-5af7-2f32-8528-640861d2a135,scene0309_01-scene0309_04-scene0309_03-scene0309_00-scene0309_02,canonical,4,49,7,7596,True,0.627792239189148,0.627792239189148,0.7770664095878601,False,False,False,False,False,False,0.49670249223709106,,5,False,False
8eabc45f-5af7-2f32-8528-640861d2a135,scene0309_01-scene0309_04-scene0309_03-scene0309_00-scene0309_02,canonical,4,50,5,1661,True,0.9757396578788757,0.9757396578788757,0.9745562076568604,False,False,False,False,False,False,0.4947494864463806,,5,False,False
8eabc45f-5af7-2f32-8528-640861d2a135,scene0309_01-scene0309_04-scene0309_03-scene0309_00-scene0309_02,canonical,4,51,5,2651,True,0.8953006267547607,0.8953006267547607,0.9351510405540466,False,False,False,False,False,False,0.6660668253898621,,,False,False
8eabc45f-5af7-2f32-8528-640861d2a135,scene0309_01-scene0309_04-scene0309_03-scene0309_00-scene0309_02,canonical,4,53,5,2706,True,0.9135886430740356,0.9135886430740356,0.9188612103462219,False,False,False,False,False,False,0.5657922625541687,,,False,False
8eabc45f-5af7-2f32-8528-640861d2a135,scene0309_01-scene0309_04-scene0309_03-scene0309_00-scene0309_02,canonical,4,55,3,9860,True,0.5035813450813293,0.32098251581192017,0.7010582089424133,False,True,True,True,True,False,0.32098251581192017,,3,False,False
8eabc45f-5af7-2f32-8528-640861d2a135,scene0309_01-scene0309_04-scene0309_03-scene0309_00-scene0309_02,canonical,4,68,34,783,True,0.5160818696022034,0.5160818696022034,0.5455950498580933,False,False,False,False,False,False,0.4242788553237915,,5,False,False
8eabc45f-5af7-2f32-8528-640861d2a135,scene0309_01-scene0309_04-scene0309_03-scene0309_00-scene0309_02,canonical,5,2,3,8477,True,0.22445148229599,0.22445148229599,0.19453303515911102,False,True,False,False,False,False,0.05936743691563606,3,3,False,False
8eabc45f-5af7-2f32-8528-640861d2a135,scene0309_01-scene0309_04-scene0309_03-scene0309_00-scene0309_02,canonical,5,3,3,7058,True,0.3501875698566437,0.3501875698566437,0.48576581478118896,False,True,False,False,False,False,0.34407666325569153,,3,False,False
8eabc45f-5af7-2f32-8528-640861d2a135,scene0309_01-scene0309_04-scene0309_03-scene0309_00-scene0309_02,canonical,5,5,3,13876,True,0.2728163003921509,0.2728163003921509,0.6312212944030762,False,True,False,True,False,False,0.2728163003921509,,3,False,False
8eabc45f-5af7-2f32-8528-640861d2a135,scene0309_01-scene0309_04-scene0309_03-scene0309_00-scene0309_02,canonical,5,8,6,19769,True,0.7599582672119141,0.7599582672119141,0.8243778347969055,False,False,False,False,False,False,0.7538074254989624,,,False,False
8eabc45f-5af7-2f32-8528-640861d2a135,scene0309_01-scene0309_04-scene0309_03-scene0309_00-scene0309_02,canonical,5,10,7,5616,True,0.59470134973526,0.59470134973526,0.9235626459121704,False,False,False,False,False,False,0.5160142183303833,,,False,False
8eabc45f-5af7-2f32-8528-640861d2a135,scene0309_01-scene0309_04-scene0309_03-scene0309_00-scene0309_02,canonical,5,20,39,6518,True,0.35936808586120605,0.35936808586120605,0.4936487078666687,False,True,False,False,False,False,0.23173896968364716,4,2,False,False
8eabc45f-5af7-2f32-8528-640861d2a135,scene0309_01-scene0309_04-scene0309_03-scene0309_00-scene0309_02,canonical,5,40,3,1879,True,0.3579407334327698,0.3579407334327698,0.5263900756835938,False,True,False,True,False,False,0.3579407334327698,,4,False,False
8eabc45f-5af7-2f32-8528-640861d2a135,scene0309_01-scene0309_04-scene0309_03-scene0309_00-scene0309_02,canonical,5,41,11,114,True,0.8142856955528259,0.8142856955528259,0.32758620381355286,False,False,False,False,False,False,0.8142856955528259,,,False,False
8eabc45f-5af7-2f32-8528-640861d2a135,scene0309_01-scene0309_04-scene0309_03-scene0309_00-scene0309_02,canonical,5,42,11,330,True,0.393782377243042,0.393782377243042,0.41304346919059753,False,True,False,False,False,False,0.0,2,2,False,False
8eabc45f-5af7-2f32-8528-640861d2a135,scene0309_01-scene0309_04-scene0309_03-scene0309_00-scene0309_02,canonical,5,45,8,4509,True,0.9047619104385376,0.9047619104385376,0.8474135994911194,False,False,False,False,False,False,0.9047619104385376,,,False,False
8eabc45f-5af7-2f32-8528-640861d2a135,scene0309_01-scene0309_04-scene0309_03-scene0309_00-scene0309_02,canonical,5,47,3,31204,True,0.37631919980049133,0.37631919980049133,0.4885607063770294,False,True,False,False,False,False,0.35441163182258606,,4,False,False
8eabc45f-5af7-2f32-8528-640861d2a135,scene0309_01-scene0309_04-scene0309_03-scene0309_00-scene0309_02,canonical,5,48,39,2235,True,0.34039735794067383,0.34039735794067383,0.7753446698188782,False,True,False,True,False,False,0.34039735794067383,,4,False,False
8eabc45f-5af7-2f32-8528-640861d2a135,scene0309_01-scene0309_04-scene0309_03-scene0309_00-scene0309_02,canonical,5,49,7,7596,True,0.49670249223709106,0.49670249223709106,0.5050475597381592,False,True,False,True,False,False,0.49670249223709106,,5,False,False
8eabc45f-5af7-2f32-8528-640861d2a135,scene0309_01-scene0309_04-scene0309_03-scene0309_00-scene0309_02,canonical,5,50,5,1661,True,0.4947494864463806,0.4947494864463806,0.530605673789978,False,True,False,True,False,False,0.4947494864463806,,5,False,False
8eabc45f-5af7-2f32-8528-640861d2a135,scene0309_01-scene0309_04-scene0309_03-scene0309_00-scene0309_02,canonical,5,51,5,2651,True,0.6660668253898621,0.6660668253898621,0.9145945906639099,False,False,False,False,False,False,0.6660668253898621,,,False,False
8eabc45f-5af7-2f32-8528-640861d2a135,scene0309_01-scene0309_04-scene0309_03-scene0309_00-scene0309_02,canonical,5,53,5,2706,True,0.5657922625541687,0.5657922625541687,0.6887248754501343,False,False,False,False,False,False,0.5657922625541687,,,False,False
8eabc45f-5af7-2f32-8528-640861d2a135,scene0309_01-scene0309_04-scene0309_03-scene0309_00-scene0309_02,canonical,5,55,3,16110,True,0.4453790485858917,0.4453790485858917,0.6645320057868958,False,True,False,True,False,False,0.32098251581192017,,3,False,False
8eabc45f-5af7-2f32-8528-640861d2a135,scene0309_01-scene0309_04-scene0309_03-scene0309_00-scene0309_02,canonical,5,68,34,783,True,0.4242788553237915,0.4242788553237915,0.2143290787935257,False,True,False,False,False,False,0.4242788553237915,,5,False,False
8eabc45f-5af7-2f32-8528-640861d2a135,scene0309_01-scene0309_04-scene0309_03-scene0309_00-scene0309_02,canonical,5,81,34,890,True,0.2588714361190796,0.2588714361190796,0.27665525674819946,False,True,False,False,False,False,0.2588714361190796,,5,False,False
8eabc45f-5af7-2f32-8528-640861d2a135,scene0309_01-scene0309_04-scene0309_03-scene0309_00-scene0309_02,canonical,5,92,11,339,True,1.0,1.0,1.0,False,False,False,False,False,True,1.0,,,False,False
8eabc45f-5af7-2f32-8528-640861d2a135,scene0309_01-scene0309_04-scene0309_03-scene0309_00-scene0309_02,canonical,5,150,5,1586,True,0.7939979434013367,0.7939979434013367,0.5227025151252747,False,False,False,False,False,True,0.7939979434013367,,,False,False
8eabc45f-5af7-2f32-8528-640861d2a135,scene0309_01-scene0309_04-scene0309_03-scene0309_00-scene0309_02,canonical,5,151,5,1017,True,0.24954885244369507,0.24954885244369507,0.2971715033054352,False,True,False,False,False,True,0.24954885244369507,5,5,False,False
8eabc45f-5af7-2f32-8528-640861d2a135,scene0309_01-scene0309_04-scene0309_03-scene0309_00-scene0309_02,canonical,5,152,5,1375,True,0.8477188944816589,0.8477188944816589,0.39500144124031067,False,False,False,False,False,True,0.8477188944816589,,,False,False
8eabc45f-5af7-2f32-8528-640861d2a135,scene0309_01-scene0309_04-scene0309_03-scene0309_00-scene0309_02,canonical,5,490,7,5161,True,0.9014191031455994,0.9014191031455994,0.3623828887939453,False,False,False,False,False,True,0.9014191031455994,,,False,False
ddc73797-765b-241a-9e2c-097c5989baf6,scene0449_00-scene0449_04-scene0449_05-scene0449_03-scene0449_01,canonical,2,6,16,5599,True,0.6144322752952576,0.6144322752952576,0.9300035238265991,False,False,False,False,False,False,0.3900400698184967,,3,False,False
ddc73797-765b-241a-9e2c-097c5989baf6,scene0449_00-scene0449_04-scene0449_05-scene0449_03-scene0449_01,canonical,2,7,16,4798,True,0.4470383822917938,0.4470383822917938,0.7899191975593567,False,True,False,True,False,False,0.3572154641151428,,2,True,True
ddc73797-765b-241a-9e2c-097c5989baf6,scene0449_00-scene0449_04-scene0449_05-scene0449_03-scene0449_01,canonical,2,8,9,3720,True,0.404199481010437,0.404199481010437,0.23521225154399872,False,True,False,False,False,False,0.3219365179538727,,2,False,False
ddc73797-765b-241a-9e2c-097c5989baf6,scene0449_00-scene0449_04-scene0449_05-scene0449_03-scene0449_01,canonical,2,9,7,5181,True,0.9302013516426086,0.9302013516426086,0.9311600923538208,False,False,False,False,False,False,0.8961198329925537,,,False,False
ddc73797-765b-241a-9e2c-097c5989baf6,scene0449_00-scene0449_04-scene0449_05-scene0449_03-scene0449_01,canonical,2,10,39,2173,True,0.6464425921440125,0.6464425921440125,0.709297239780426,False,False,False,False,False,False,0.6203749179840088,,,False,False
ddc73797-765b-241a-9e2c-097c5989baf6,scene0449_00-scene0449_04-scene0449_05-scene0449_03-scene0449_01,canonical,2,11,5,3104,True,0.7885744571685791,0.7885744571685791,0.5717788338661194,False,False,False,False,False,False,0.6569214463233948,,,False,False
ddc73797-765b-241a-9e2c-097c5989baf6,scene0449_00-scene0449_04-scene0449_05-scene0449_03-scene0449_01,canonical,2,12,5,3142,True,0.924691379070282,0.924691379070282,0.904629647731781,False,False,False,False,False,False,0.649009644985199,,,False,False
ddc73797-765b-241a-9e2c-097c5989baf6,scene0449_00-scene0449_04-scene0449_05-scene0449_03-scene0449_01,canonical,2,14,6,8232,True,0.727660059928894,0.727660059928894,0.7511126399040222,False,False,False,False,False,False,0.6287344098091125,,,False,False
ddc73797-765b-241a-9e2c-097c5989baf6,scene0449_00-scene0449_04-scene0449_05-scene0449_03-scene0449_01,canonical,2,15,7,6883,True,0.8994988203048706,0.8994988203048706,0.9000263810157776,False,False,False,False,False,False,0.6690036654472351,,,False,False
ddc73797-765b-241a-9e2c-097c5989baf6,scene0449_00-scene0449_04-scene0449_05-scene0449_03-scene0449_01,canonical,2,16,7,1689,True,0.5006328821182251,0.5006328821182251,0.6346633434295654,False,False,False,False,False,False,0.443509966135025,,5,False,False
ddc73797-765b-241a-9e2c-097c5989baf6,scene0449_00-scene0449_04-scene0449_05-scene0449_03-scene0449_01,canonical,2,17,7,1037,True,0.45844385027885437,0.45844385027885437,0.5258620977401733,False,True,False,True,False,False,0.45783665776252747,,2,True,True
ddc73797-765b-241a-9e2c-097c5989baf6,scene0449_00-scene0449_04-scene0449_05-scene0449_03-scene0449_01,canonical,2,18,7,875,True,0.386825829744339,0.386825829744339,0.4437119662761688,False,True,False,False,False,False,0.386825829744339,,2,True,True
ddc73797-765b-241a-9e2c-097c5989baf6,scene0449_00-scene0449_04-scene0449_05-scene0449_03-scene0449_01,canonical,2,19,14,4398,True,0.47252747416496277,0.47252747416496277,0.8173813223838806,False,True,False,True,False,False,0.3923635184764862,,2,False,False
ddc73797-765b-241a-9e2c-097c5989baf6,scene0449_00-scene0449_04-scene0449_05-scene0449_03-scene0449_01,canonical,2,20,5,2698,True,0.8537521958351135,0.8537521958351135,0.8506107926368713,False,False,False,False,False,False,0.36442193388938904,,3,False,False
ddc73797-765b-241a-9e2c-097c5989baf6,scene0449_00-scene0449_04-scene0449_05-scene0449_03-scene0449_01,canonical,2,21,3,4241,True,0.47772639989852905,0.47772639989852905,0.4813089370727539,False,True,False,False,False,False,0.36162522435188293,,2,True,True
ddc73797-765b-241a-9e2c-097c5989baf6,scene0449_00-scene0449_04-scene0449_05-scene0449_03-scene0449_01,canonical,2,22,3,4145,True,0.46310460567474365,0.46310460567474365,0.46649396419525146,False,True,False,False,False,False,0.3224637806415558,,2,False,False
ddc73797-765b-241a-9e2c-097c5989baf6,scene0449_00-scene0449_04-scene0449_05-scene0449_03-scene0449_01,canonical,2,23,39,2986,True,0.9836339354515076,0.9836339354515076,0.9830169677734375,False,False,False,False,False,False,0.7062740325927734,,,False,False
ddc73797-765b-241a-9e2c-097c5989baf6,scene0449_00-scene0449_04-scene0449_05-scene0449_03-scene0449_01,canonical,2,25,3,1981,True,0.9615758657455444,0.9615758657455444,0.9714987874031067,False,False,False,False,False,False,0.9386985301971436,,,False,False
ddc73797-765b-241a-9e2c-097c5989baf6,scene0449_00-scene0449_04-scene0449_05-scene0449_03-scene0449_01,canonical,2,28,3,1791,True,0.8425672054290771,0.8425672054290771,0.8387273550033569,False,False,False,False,False,False,0.8425672054290771,,,False,False
ddc73797-765b-241a-9e2c-097c5989baf6,scene0449_00-scene0449_04-scene0449_05-scene0449_03-scene0449_01,canonical,2,34,39,2614,True,0.9139249920845032,0.15251879394054413,0.25124266743659973,False,True,True,False,False,False,0.12673451006412506,2,2,True,True
ddc73797-765b-241a-9e2c-097c5989baf6,scene0449_00-scene0449_04-scene0449_05-scene0449_03-scene0449_01,canonical,2,35,3,3939,True,0.7742005586624146,0.7742005586624146,0.7848597168922424,False,False,False,False,False,False,0.45484259724617004,,4,False,False
ddc73797-765b-241a-9e2c-097c5989baf6,scene0449_00-scene0449_04-scene0449_05-scene0449_03-scene0449_01,canonical,3,6,16,8453,True,0.43319663405418396,0.43319663405418396,0.8183373808860779,False,True,False,True,False,False,0.3900400698184967,,3,False,False
ddc73797-765b-241a-9e2c-097c5989baf6,scene0449_00-scene0449_04-scene0449_05-scene0449_03-scene0449_01,canonical,3,7,16,7258,True,0.3572154641151428,0.3572154641151428,0.5355191230773926,False,True,False,True,False,False,0.3572154641151428,,2,True,True
ddc73797-765b-241a-9e2c-097c5989baf6,scene0449_00-scene0449_04-scene0449_05-scene0449_03-scene0449_01,canonical,3,8,9,5863,True,0.3219365179538727,0.3219365179538727,0.39695873856544495,False,True,False,False,False,False,0.3219365179538727,,2,False,False
ddc73797-765b-241a-9e2c-097c5989baf6,scene0449_00-scene0449_04-scene0449_05-scene0449_03-scene0449_01,canonical,3,9,7,8218,True,0.907670259475708,0.907670259475708,0.916577160358429,False,False,False,False,False,False,0.8961198329925537,,,False,False
ddc73797-765b-241a-9e2c-097c5989baf6,scene0449_00-scene0449_04-scene0449_05-scene0449_03-scene0449_01,canonical,3,10,39,3925,True,0.6203749179840088,0.6203749179840088,0.68243408203125,False,False,False,False,False,False,0.6203749179840088,,,False,False
ddc73797-765b-241a-9e2c-097c5989baf6,scene0449_00-scene0449_04-scene0449_05-scene0449_03-scene0449_01,canonical,3,11,5,5036,True,0.7411545515060425,0.7411545515060425,0.4939114451408386,False,False,False,False,False,False,0.6569214463233948,,,False,False
ddc73797-765b-241a-9e2c-097c5989baf6,scene0449_00-scene0449_04-scene0449_05-scene0449_03-scene0449_01,canonical,3,12,5,4588,True,0.8384549617767334,0.8384549617767334,0.6033964157104492,False,False,False,False,False,False,0.649009644985199,,,False,False
ddc73797-765b-241a-9e2c-097c5989baf6,scene0449_00-scene0449_04-scene0449_05-scene0449_03-scene0449_01,canonical,3,14,6,11628,True,0.6926400065422058,0.6926400065422058,0.6931174993515015,False,False,False,False,False,False,0.6287344098091125,,,False,False
ddc73797-765b-241a-9e2c-097c5989baf6,scene0449_00-scene0449_04-scene0449_05-scene0449_03-scene0449_01,canonical,3,15,7,9729,True,0.9200230240821838,0.9200230240821838,0.919735312461853,False,False,False,False,False,False,0.6690036654472351,,,False,False
ddc73797-765b-241a-9e2c-097c5989baf6,scene0449_00-scene0449_04-scene0449_05-scene0449_03-scene0449_01,canonical,3,16,7,1689,True,0.5006328821182251,0.5006328821182251,0.5814211964607239,False,False,False,False,False,False,0.443509966135025,,5,False,False
ddc73797-765b-241a-9e2c-097c5989baf6,scene0449_00-scene0449_04-scene0449_05-scene0449_03-scene0449_01,canonical,3,17,7,1037,True,0.45844385027885437,0.45844385027885437,0.4877704679965973,False,True,False,False,False,False,0.45783665776252747,,2,True,True
ddc73797-765b-241a-9e2c-097c5989baf6,scene0449_00-scene0449_04-scene0449_05-scene0449_03-scene0449_01,canonical,3,18,7,875,True,0.386825829744339,0.386825829744339,0.41157102584838867,False,True,False,False,False,False,0.386825829744339,,2,True,True
ddc73797-765b-241a-9e2c-097c5989baf6,scene0449_00-scene0449_04-scene0449_05-scene0449_03-scene0449_01,canonical,3,19,14,6681,True,0.45231544971466064,0.45231544971466064,0.7205811738967896,False,True,False,True,False,False,0.3923635184764862,,2,False,False
ddc73797-765b-241a-9e2c-097c5989baf6,scene0449_00-scene0449_04-scene0449_05-scene0449_03-scene0449_01,canonical,3,20,5,3551,True,0.4069206416606903,0.4069206416606903,0.6504064798355103,False,True,False,True,True,False,0.36442193388938904,,3,False,False
ddc73797-765b-241a-9e2c-097c5989baf6,scene0449_00-scene0449_04-scene0449_05-scene0449_03-scene0449_01,canonical,3,21,3,4241,True,0.37101319432258606,0.37101319432258606,0.28029951453208923,False,True,False,False,False,False,0.36162522435188293,,2,True,True
ddc73797-765b-241a-9e2c-097c5989baf6,scene0449_00-scene0449_04-scene0449_05-scene0449_03-scene0449_01,canonical,3,22,3,4145,True,0.3224637806415558,0.3224637806415558,0.27461379766464233,False,True,False,False,False,False,0.3224637806415558,,2,False,False
ddc73797-765b-241a-9e2c-097c5989baf6,scene0449_00-scene0449_04-scene0449_05-scene0449_03-scene0449_01,canonical,3,23,39,4847,True,0.9788761138916016,0.9788761138916016,0.957037627696991,False,False,False,False,False,False,0.7062740325927734,,,False,False
ddc73797-765b-241a-9e2c-097c5989baf6,scene0449_00-scene0449_04-scene0449_05-scene0449_03-scene0449_01,canonical,3,25,3,3068,True,0.9386985301971436,0.9386985301971436,0.9449366927146912,False,False,False,False,False,False,0.9386985301971436,,,False,False
ddc73797-765b-241a-9e2c-097c5989baf6,scene0449_00-scene0449_04-scene0449_05-scene0449_03-scene0449_01,canonical,3,28,3,3726,True,0.8925729393959045,0.8925729393959045,0.8973262310028076,False,False,False,False,False,False,0.8425672054290771,,,False,False
ddc73797-765b-241a-9e2c-097c5989baf6,scene0449_00-scene0449_04-scene0449_05-scene0449_03-scene0449_01,canonical,3,34,39,3345,True,0.8840059638023376,0.12673451006412506,0.0,False,True,True,False,False,False,0.12673451006412506,2,2,True,True
ddc73797-765b-241a-9e2c-097c5989baf6,scene0449_00-scene0449_04-scene0449_05-scene0449_03-scene0449_01,canonical,3,35,3,3939,True,0.56351238489151,0.56351238489151,0.4046577513217926,False,False,False,False,False,False,0.45484259724617004,,4,False,False
ddc73797-765b-241a-9e2c-097c5989baf6,scene0449_00-scene0449_04-scene0449_05-scene0449_03-scene0449_01,canonical,3,416,5,3135,True,0.8452413082122803,0.6352583765983582,0.6527170538902283,False,False,False,False,False,False,0.5114192366600037,,,False,False
ddc73797-765b-241a-9e2c-097c5989baf6,scene0449_00-scene0449_04-scene0449_05-scene0449_03-scene0449_01,canonical,4,6,16,11336,True,0.3900400698184967,0.3900400698184967,0.7894774675369263,False,True,False,True,False,False,0.3900400698184967,,3,False,False
ddc73797-765b-241a-9e2c-097c5989baf6,scene0449_00-scene0449_04-scene0449_05-scene0449_03-scene0449_01,canonical,4,7,16,8768,True,0.37571799755096436,0.37571799755096436,0.5291411876678467,False,True,False,True,False,False,0.3572154641151428,,2,True,True
ddc73797-765b-241a-9e2c-097c5989baf6,scene0449_00-scene0449_04-scene0449_05-scene0449_03-scene0449_01,canonical,4,8,9,8937,True,0.43416789174079895,0.43416789174079895,0.3128473460674286,False,True,False,False,False,False,0.3219365179538727,,2,False,False
ddc73797-765b-241a-9e2c-097c5989baf6,scene0449_00-scene0449_04-scene0449_05-scene0449_03-scene0449_01,canonical,4,9,7,11641,True,0.9248120188713074,0.9248120188713074,0.9211652874946594,False,False,False,False,False,False,0.8961198329925537,,,False,False
ddc73797-765b-241a-9e2c-097c5989baf6,scene0449_00-scene0449_04-scene0449_05-scene0449_03-scene0449_01,canonical,4,10,39,5263,True,0.6455672979354858,0.6455672979354858,0.6496661901473999,False,False,False,False,False,False,0.6203749179840088,,,False,False
ddc73797-765b-241a-9e2c-097c5989baf6,scene0449_00-scene0449_04-scene0449_05-scene0449_03-scene0449_01,canonical,4,11,5,6326,True,0.7696011066436768,0.7696011066436768,0.38543832302093506,False,False,False,False,False,False,0.6569214463233948,,,False,False
ddc73797-765b-241a-9e2c-097c5989baf6,scene0449_00-scene0449_04-scene0449_05-scene0449_03-scene0449_01,canonical,4,12,5,6733,True,0.8170418739318848,0.8170418739318848,0.4969857335090637,False,False,False,False,False,False,0.649009644985199,,,False,False
ddc73797-765b-241a-9e2c-097c5989baf6,scene0449_00-scene0449_04-scene0449_05-scene0449_03-scene0449_01,canonical,4,14,6,11628,True,0.6926400065422058,0.6926400065422058,0.670842707157135,False,False,False,False,False,False,0.6287344098091125,,,False,False
ddc73797-765b-241a-9e2c-097c5989baf6,scene0449_00-scene0449_04-scene0449_05-scene0449_03-scene0449_01,canonical,4,15,7,9729,True,0.9200230240821838,0.9200230240821838,0.9125431776046753,False,False,False,False,False,False,0.6690036654472351,,,False,False
ddc73797-765b-241a-9e2c-097c5989baf6,scene0449_00-scene0449_04-scene0449_05-scene0449_03-scene0449_01,canonical,4,16,7,1689,True,0.5006328821182251,0.5006328821182251,0.6548562049865723,False,False,False,False,False,False,0.443509966135025,,5,False,False
ddc73797-765b-241a-9e2c-097c5989baf6,scene0449_00-scene0449_04-scene0449_05-scene0449_03-scene0449_01,canonical,4,17,7,1037,True,0.45844385027885437,0.45844385027885437,0.5259674191474915,False,True,False,True,False,False,0.45783665776252747,,2,True,True
ddc73797-765b-241a-9e2c-097c5989baf6,scene0449_00-scene0449_04-scene0449_05-scene0449_03-scene0449_01,canonical,4,18,7,875,True,0.386825829744339,0.386825829744339,0.4464285671710968,False,True,False,False,False,False,0.386825829744339,,2,True,True
ddc73797-765b-241a-9e2c-097c5989baf6,scene0449_00-scene0449_04-scene0449_05-scene0449_03-scene0449_01,canonical,4,19,14,6681,True,0.45231544971466064,0.45231544971466064,0.7247979044914246,False,True,False,True,False,False,0.3923635184764862,,2,False,False
ddc73797-765b-241a-9e2c-097c5989baf6,scene0449_00-scene0449_04-scene0449_05-scene0449_03-scene0449_01,canonical,4,20,5,3551,True,0.4069206416606903,0.4069206416606903,0.6543176770210266,False,True,False,True,False,False,0.36442193388938904,,3,False,False
ddc73797-765b-241a-9e2c-097c5989baf6,scene0449_00-scene0449_04-scene0449_05-scene0449_03-scene0449_01,canonical,4,21,3,4241,True,0.37101319432258606,0.37101319432258606,0.2785159945487976,False,True,False,False,False,False,0.36162522435188293,,2,True,True
ddc73797-765b-241a-9e2c-097c5989baf6,scene0449_00-scene0449_04-scene0449_05-scene0449_03-scene0449_01,canonical,4,22,3,4145,True,0.3224637806415558,0.3224637806415558,0.628110408782959,False,True,False,True,False,False,0.3224637806415558,,2,False,False
ddc73797-765b-241a-9e2c-097c5989baf6,scene0449_00-scene0449_04-scene0449_05-scene0449_03-scene0449_01,canonical,4,23,39,4847,True,0.9788761138916016,0.9788761138916016,0.9508097171783447,False,False,False,False,False,False,0.7062740325927734,,,False,False
ddc73797-765b-241a-9e2c-097c5989baf6,scene0449_00-scene0449_04-scene0449_05-scene0449_03-scene0449_01,canonical,4,25,3,3068,True,0.9386985301971436,0.9386985301971436,0.9449366927146912,False,False,False,False,False,False,0.9386985301971436,,,False,False
ddc73797-765b-241a-9e2c-097c5989baf6,scene0449_00-scene0449_04-scene0449_05-scene0449_03-scene0449_01,canonical,4,28,3,3726,True,0.8925729393959045,0.8925729393959045,0.9211651682853699,False,False,False,False,False,False,0.8425672054290771,,,False,False
ddc73797-765b-241a-9e2c-097c5989baf6,scene0449_00-scene0449_04-scene0449_05-scene0449_03-scene0449_01,canonical,4,34,39,4436,True,0.853922426700592,0.1873309314250946,0.0,False,True,True,False,False,False,0.12673451006412506,2,2,True,True
ddc73797-765b-241a-9e2c-097c5989baf6,scene0449_00-scene0449_04-scene0449_05-scene0449_03-scene0449_01,canonical,4,35,3,4979,True,0.4612700641155243,0.4612700641155243,0.4387710988521576,False,True,False,False,False,False,0.45484259724617004,,4,False,False
ddc73797-765b-241a-9e2c-097c5989baf6,scene0449_00-scene0449_04-scene0449_05-scene0449_03-scene0449_01,canonical,4,416,5,3135,True,0.8452413082122803,0.6352583765983582,0.6399264931678772,False,False,False,False,False,False,0.5114192366600037,,,False,False
ddc73797-765b-241a-9e2c-097c5989baf6,scene0449_00-scene0449_04-scene0449_05-scene0449_03-scene0449_01,canonical,5,6,16,11336,True,0.3900400698184967,0.3900400698184967,0.8054126501083374,False,True,False,True,False,False,0.3900400698184967,,3,False,False
ddc73797-765b-241a-9e2c-097c5989baf6,scene0449_00-scene0449_04-scene0449_05-scene0449_03-scene0449_01,canonical,5,7,16,8768,True,0.37571799755096436,0.37571799755096436,0.543123722076416,False,True,False,True,False,False,0.3572154641151428,,2,True,True
ddc73797-765b-241a-9e2c-097c5989baf6,scene0449_00-scene0449_04-scene0449_05-scene0449_03-scene0449_01,canonical,5,8,9,9041,True,0.42977938055992126,0.42977938055992126,0.3128584027290344,False,True,False,False,False,False,0.3219365179538727,,2,False,False
ddc73797-765b-241a-9e2c-097c5989baf6,scene0449_00-scene0449_04-scene0449_05-scene0449_03-scene0449_01,canonical,5,9,7,11838,True,0.8961198329925537,0.8961198329925537,0.9069728851318359,False,False,False,False,False,False,0.8961198329925537,,,False,False
ddc73797-765b-241a-9e2c-097c5989baf6,scene0449_00-scene0449_04-scene0449_05-scene0449_03-scene0449_01,canonical,5,10,39,5263,True,0.6455672979354858,0.6455672979354858,0.6639465689659119,False,False,False,False,False,False,0.6203749179840088,,,False,False
ddc73797-765b-241a-9e2c-097c5989baf6,scene0449_00-scene0449_04-scene0449_05-scene0449_03-scene0449_01,canonical,5,11,5,7573,True,0.6569214463233948,0.6569214463233948,0.4868779480457306,False,False,False,False,False,False,0.6569214463233948,,,False,False
ddc73797-765b-241a-9e2c-097c5989baf6,scene0449_00-scene0449_04-scene0449_05-scene0449_03-scene0449_01,canonical,5,12,5,8046,True,0.649009644985199,0.649009644985199,0.36728471517562866,False,False,False,False,False,False,0.649009644985199,,,False,False
ddc73797-765b-241a-9e2c-097c5989baf6,scene0449_00-scene0449_04-scene0449_05-scene0449_03-scene0449_01,canonical,5,14,6,12922,True,0.6287344098091125,0.6287344098091125,0.6299439072608948,False,False,False,False,False,False,0.6287344098091125,,,False,False
ddc73797-765b-241a-9e2c-097c5989baf6,scene0449_00-scene0449_04-scene0449_05-scene0449_03-scene0449_01,canonical,5,15,7,14027,True,0.6690036654472351,0.6690036654472351,0.6550027132034302,False,False,False,False,False,False,0.6690036654472351,,,False,False
ddc73797-765b-241a-9e2c-097c5989baf6,scene0449_00-scene0449_04-scene0449_05-scene0449_03-scene0449_01,canonical,5,16,7,2096,True,0.443509966135025,0.443509966135025,0.4965607523918152,False,True,False,False,False,False,0.443509966135025,,5,False,False
ddc73797-765b-241a-9e2c-097c5989baf6,scene0449_00-scene0449_04-scene0449_05-scene0449_03-scene0449_01,canonical,5,17,7,1040,True,0.45783665776252747,0.45783665776252747,0.4244897961616516,False,True,False,False,False,False,0.45783665776252747,,2,True,True
ddc73797-765b-241a-9e2c-097c5989baf6,scene0449_00-scene0449_04-scene0449_05-scene0449_03-scene0449_01,canonical,5,18,7,875,True,0.386825829744339,0.386825829744339,0.4135160744190216,False,True,False,False,False,False,0.386825829744339,,2,True,True
ddc73797-765b-241a-9e2c-097c5989baf6,scene0449_00-scene0449_04-scene0449_05-scene0449_03-scene0449_01,canonical,5,19,14,8014,True,0.3923635184764862,0.3923635184764862,0.6116885542869568,False,True,False,True,False,False,0.3923635184764862,,2,False,False
ddc73797-765b-241a-9e2c-097c5989baf6,scene0449_00-scene0449_04-scene0449_05-scene0449_03-scene0449_01,canonical,5,20,5,3551,True,0.36442193388938904,0.36442193388938904,0.6371704936027527,False,True,False,True,False,False,0.36442193388938904,,3,False,False
ddc73797-765b-241a-9e2c-097c5989baf6,scene0449_00-scene0449_04-scene0449_05-scene0449_03-scene0449_01,canonical,5,21,3,4416,True,0.36162522435188293,0.36162522435188293,0.28947368264198303,False,True,False,False,False,False,0.36162522435188293,,2,True,True
ddc73797-765b-241a-9e2c-097c5989baf6,scene0449_00-scene0449_04-scene0449_05-scene0449_03-scene0449_01,canonical,5,22,3,4145,True,0.3224637806415558,0.3224637806415558,0.2721066176891327,False,True,False,False,False,False,0.3224637806415558,,2,False,False
ddc73797-765b-241a-9e2c-097c5989baf6,scene0449_00-scene0449_04-scene0449_05-scene0449_03-scene0449_01,canonical,5,23,39,5370,True,0.7062740325927734,0.7062740325927734,0.8598596453666687,False,False,False,False,False,False,0.7062740325927734,,,False,False
ddc73797-765b-241a-9e2c-097c5989baf6,scene0449_00-scene0449_04-scene0449_05-scene0449_03-scene0449_01,canonical,5,25,3,3068,True,0.9386985301971436,0.9386985301971436,0.9449366927146912,False,False,False,False,False,False,0.9386985301971436,,,False,False
ddc73797-765b-241a-9e2c-097c5989baf6,scene0449_00-scene0449_04-scene0449_05-scene0449_03-scene0449_01,canonical,5,28,3,3726,True,0.8925729393959045,0.8925729393959045,0.886309027671814,False,False,False,False,False,False,0.8425672054290771,,,False,False
ddc73797-765b-241a-9e2c-097c5989baf6,scene0449_00-scene0449_04-scene0449_05-scene0449_03-scene0449_01,canonical,5,34,39,4436,True,0.853922426700592,0.1873309314250946,0.1837240755558014,False,True,True,False,False,False,0.12673451006412506,2,2,True,True
ddc73797-765b-241a-9e2c-097c5989baf6,scene0449_00-scene0449_04-scene0449_05-scene0449_03-scene0449_01,canonical,5,35,3,5060,True,0.45484259724617004,0.45484259724617004,0.42398399114608765,False,True,False,False,False,False,0.45484259724617004,,4,False,False
ddc73797-765b-241a-9e2c-097c5989baf6,scene0449_00-scene0449_04-scene0449_05-scene0449_03-scene0449_01,canonical,5,416,5,3135,True,0.8452413082122803,0.5114192366600037,0.7428910136222839,False,False,False,False,False,False,0.5114192366600037,,,False,False
ddc73797-765b-241a-9e2c-097c5989baf6,scene0449_01-scene0449_02-scene0449_00-scene0449_04-scene0449_05,canonical,2,6,16,3160,True,0.9127283096313477,0.9127283096313477,0.9127283096313477,False,False,False,False,False,False,0.4623451828956604,,4,False,False
ddc73797-765b-241a-9e2c-097c5989baf6,scene0449_01-scene0449_02-scene0449_00-scene0449_04-scene0449_05,canonical,2,7,16,1249,True,0.780624508857727,0.780624508857727,0.780624508857727,False,False,False,False,False,False,0.3861801028251648,,4,False,False
ddc73797-765b-241a-9e2c-097c5989baf6,scene0449_01-scene0449_02-scene0449_00-scene0449_04-scene0449_05,canonical,2,8,9,1673,True,0.08318478614091873,0.08318478614091873,0.08318478614091873,False,True,False,False,False,False,0.08318478614091873,2,2,True,True
ddc73797-765b-241a-9e2c-097c5989baf6,scene0449_01-scene0449_02-scene0449_00-scene0449_04-scene0449_05,canonical,2,9,7,2957,True,0.7628968358039856,0.7628968358039856,0.7628968358039856,False,False,False,False,False,False,0.7628968358039856,,,True,False
ddc73797-765b-241a-9e2c-097c5989baf6,scene0449_01-scene0449_02-scene0449_00-scene0449_04-scene0449_05,canonical,2,10,39,841,True,0.7257142663002014,0.7257142663002014,0.7257142663002014,False,False,False,False,False,False,0.4185149371623993,,3,False,False
ddc73797-765b-241a-9e2c-097c5989baf6,scene0449_01-scene0449_02-scene0449_00-scene0449_04-scene0449_05,canonical,2,11,5,2830,True,0.35661080479621887,0.35661080479621887,0.35661080479621887,False,True,False,False,False,False,0.3458697199821472,,2,True,True
ddc73797-765b-241a-9e2c-097c5989baf6,scene0449_01-scene0449_02-scene0449_00-scene0449_04-scene0449_05,canonical,2,12,5,2454,True,0.43710190057754517,0.43710190057754517,0.43710190057754517,False,True,False,False,False,False,0.43710190057754517,,2,True,True
ddc73797-765b-241a-9e2c-097c5989baf6,scene0449_01-scene0449_02-scene0449_00-scene0449_04-scene0449_05,canonical,2,14,6,3284,True,0.49015316367149353,0.43888071179389954,0.4663354158401489,False,True,False,False,False,False,0.43888071179389954,,2,True,True
ddc73797-765b-241a-9e2c-097c5989baf6,scene0449_01-scene0449_02-scene0449_00-scene0449_04-scene0449_05,canonical,2,15,7,6203,True,0.30935928225517273,0.30935928225517273,0.3185196816921234,False,True,False,False,False,False,0.30935928225517273,,2,True,True
ddc73797-765b-241a-9e2c-097c5989baf6,scene0449_01-scene0449_02-scene0449_00-scene0449_04-scene0449_05,canonical,2,16,7,407,True,0.8454746007919312,0.0,0.0,False,False,True,False,False,False,0.0,2,2,True,True
ddc73797-765b-241a-9e2c-097c5989baf6,scene0449_01-scene0449_02-scene0449_00-scene0449_04-scene0449_05,canonical,2,17,7,3,False,0.006342494860291481,0.0,0.0,False,False,False,False,False,False,0.0,2,2,True,True
ddc73797-765b-241a-9e2c-097c5989baf6,scene0449_01-scene0449_02-scene0449_00-scene0449_04-scene0449_05,canonical,2,19,14,3982,True,0.6109632849693298,0.5570727586746216,0.5964298844337463,False,False,False,False,False,False,0.5570727586746216,,,True,False
ddc73797-765b-241a-9e2c-097c5989baf6,scene0449_01-scene0449_02-scene0449_00-scene0449_04-scene0449_05,canonical,2,20,5,1179,True,0.3805640637874603,0.3805640637874603,0.3805640637874603,False,True,False,False,False,False,0.3523598313331604,,2,False,False
ddc73797-765b-241a-9e2c-097c5989baf6,scene0449_01-scene0449_02-scene0449_00-scene0449_04-scene0449_05,canonical,2,21,3,175,True,0.4299754202365875,0.25071632862091064,0.3404669165611267,False,True,False,False,False,False,0.25071632862091064,,2,True,True
ddc73797-765b-241a-9e2c-097c5989baf6,scene0449_01-scene0449_02-scene0449_00-scene0449_04-scene0449_05,canonical,2,23,39,523,True,0.7492836713790894,0.7492836713790894,0.1347053349018097,False,False,False,False,False,False,0.7385910749435425,,,False,False
ddc73797-765b-241a-9e2c-097c5989baf6,scene0449_01-scene0449_02-scene0449_00-scene0449_04-scene0449_05,canonical,2,25,3,1809,True,0.7765027284622192,0.7765027284622192,0.7765027284622192,False,False,False,False,False,False,0.7765027284622192,,,False,False
ddc73797-765b-241a-9e2c-097c5989baf6,scene0449_01-scene0449_02-scene0449_00-scene0449_04-scene0449_05,canonical,2,34,39,986,True,0.8275862336158752,0.0,0.0,False,False,True,False,False,False,0.0,2,2,False,False
ddc73797-765b-241a-9e2c-097c5989baf6,scene0449_01-scene0449_02-scene0449_00-scene0449_04-scene0449_05,canonical,2,35,3,2728,True,0.9413489699363708,0.9413489699363708,0.9413489699363708,False,False,False,False,False,False,0.5326923131942749,,,True,False
ddc73797-765b-241a-9e2c-097c5989baf6,scene0449_01-scene0449_02-scene0449_00-scene0449_04-scene0449_05,canonical,2,64,3,335,True,0.0,0.0,0.0,True,False,False,False,False,False,0.0,2,2,False,False
ddc73797-765b-241a-9e2c-097c5989baf6,scene0449_01-scene0449_02-scene0449_00-scene0449_04-scene0449_05,canonical,3,6,16,5126,True,0.688476026058197,0.688476026058197,0.5886907577514648,False,False,False,False,False,False,0.4623451828956604,,4,False,False
ddc73797-765b-241a-9e2c-097c5989baf6,scene0449_01-scene0449_02-scene0449_00-scene0449_04-scene0449_05,canonical,3,7,16,3038,True,0.5290964841842651,0.5290964841842651,0.3180667459964752,False,False,False,False,False,False,0.3861801028251648,,4,False,False
ddc73797-765b-241a-9e2c-097c5989baf6,scene0449_01-scene0449_02-scene0449_00-scene0449_04-scene0449_05,canonical,3,8,9,3718,True,0.12693443894386292,0.12693443894386292,0.07504034787416458,False,True,False,False,False,False,0.08318478614091873,2,2,True,True
ddc73797-765b-241a-9e2c-097c5989baf6,scene0449_01-scene0449_02-scene0449_00-scene0449_04-scene0449_05,canonical,3,9,7,5487,True,0.807672917842865,0.807672917842865,0.8324190378189087,False,False,False,False,False,False,0.7628968358039856,,,True,False
ddc73797-765b-241a-9e2c-097c5989baf6,scene0449_01-scene0449_02-scene0449_00-scene0449_04-scene0449_05,canonical,3,10,39,2139,True,0.4185149371623993,0.4185149371623993,0.6698629856109619,False,True,False,True,False,False,0.4185149371623993,,3,False,False
ddc73797-765b-241a-9e2c-097c5989baf6,scene0449_01-scene0449_02-scene0449_00-scene0449_04-scene0449_05,canonical,3,11,5,4390,True,0.3458697199821472,0.3458697199821472,0.37764889001846313,False,True,False,False,False,False,0.3458697199821472,,2,True,True
ddc73797-765b-241a-9e2c-097c5989baf6,scene0449_01-scene0449_02-scene0449_00-scene0449_04-scene0449_05,canonical,3,12,5,3931,True,0.5330396294593811,0.5330396294593811,0.6089034080505371,False,False,False,False,False,False,0.43710190057754517,,2,True,False
ddc73797-765b-241a-9e2c-097c5989baf6,scene0449_01-scene0449_02-scene0449_00-scene0449_04-scene0449_05,canonical,3,14,6,6754,True,0.44108474254608154,0.44108474254608154,0.5309317708015442,False,True,False,True,False,False,0.43888071179389954,,2,True,True
ddc73797-765b-241a-9e2c-097c5989baf6,scene0449_01-scene0449_02-scene0449_00-scene0449_04-scene0449_05,canonical,3,15,7,8352,True,0.4640626907348633,0.4640626907348633,0.4456757605075836,False,True,False,False,False,False,0.30935928225517273,,2,True,True
ddc73797-765b-241a-9e2c-097c5989baf6,scene0449_01-scene0449_02-scene0449_00-scene0449_04-scene0449_05,canonical,3,16,7,1290,True,0.4279683232307434,0.4279683232307434,0.4915151596069336,False,True,False,False,False,False,0.0,2,2,True,True
ddc73797-765b-241a-9e2c-097c5989baf6,scene0449_01-scene0449_02-scene0449_00-scene0449_04-scene0449_05,canonical,3,17,7,508,True,0.5648769736289978,0.5648769736289978,0.44571933150291443,False,False,False,False,False,False,0.0,2,2,True,False
ddc73797-765b-241a-9e2c-097c5989baf6,scene0449_01-scene0449_02-scene0449_00-scene0449_04-scene0449_05,canonical,3,18,7,334,True,0.3748597204685211,0.3748597204685211,0.29557523131370544,False,True,False,False,False,False,0.3748597204685211,,3,False,False
ddc73797-765b-241a-9e2c-097c5989baf6,scene0449_01-scene0449_02-scene0449_00-scene0449_04-scene0449_05,canonical,3,19,14,6312,True,0.6758686304092407,0.6502549052238464,0.6732971668243408,False,False,False,False,False,False,0.5570727586746216,,,True,False
ddc73797-765b-241a-9e2c-097c5989baf6,scene0449_01-scene0449_02-scene0449_00-scene0449_04-scene0449_05,canonical,3,20,5,2623,True,0.48519614338874817,0.48519614338874817,0.8177603483200073,False,True,False,True,False,False,0.3523598313331604,,2,False,False
ddc73797-765b-241a-9e2c-097c5989baf6,scene0449_01-scene0449_02-scene0449_00-scene0449_04-scene0449_05,canonical,3,21,3,1915,True,0.8445419073104858,0.42783379554748535,0.4215404987335205,False,True,True,False,False,False,0.25071632862091064,,2,True,True
ddc73797-765b-241a-9e2c-097c5989baf6,scene0449_01-scene0449_02-scene0449_00-scene0449_04-scene0449_05,canonical,3,22,3,1958,True,0.5037303566932678,0.5037303566932678,0.6527383327484131,False,False,False,False,False,False,0.3223575949668884,,4,False,False
ddc73797-765b-241a-9e2c-097c5989baf6,scene0449_01-scene0449_02-scene0449_00-scene0449_04-scene0449_05,canonical,3,23,39,2254,True,0.7385910749435425,0.7385910749435425,0.674182116985321,False,False,False,False,False,False,0.7385910749435425,,,False,False
ddc73797-765b-241a-9e2c-097c5989baf6,scene0449_01-scene0449_02-scene0449_00-scene0449_04-scene0449_05,canonical,3,25,3,2826,True,0.7928876280784607,0.7928876280784607,0.9449760913848877,False,False,False,False,False,False,0.7765027284622192,,,False,False
ddc73797-765b-241a-9e2c-097c5989baf6,scene0449_01-scene0449_02-scene0449_00-scene0449_04-scene0449_05,canonical,3,28,3,1545,True,0.9438271522521973,0.9438271522521973,0.96138995885849,False,False,False,False,False,False,0.8193997740745544,,,False,False
ddc73797-765b-241a-9e2c-097c5989baf6,scene0449_01-scene0449_02-scene0449_00-scene0449_04-scene0449_05,canonical,3,34,39,2037,True,0.8610702157020569,0.0,0.0,False,False,True,False,False,False,0.0,2,2,False,False
ddc73797-765b-241a-9e2c-097c5989baf6,scene0449_01-scene0449_02-scene0449_00-scene0449_04-scene0449_05,canonical,3,35,3,3634,True,0.9334067106246948,0.9334067106246948,0.9667033553123474,False,False,False,False,False,False,0.5326923131942749,,,True,False
ddc73797-765b-241a-9e2c-097c5989baf6,scene0449_01-scene0449_02-scene0449_00-scene0449_04-scene0449_05,canonical,3,64,3,335,True,0.0,0.0,0.0,True,False,False,False,False,False,0.0,2,2,False,False
ddc73797-765b-241a-9e2c-097c5989baf6,scene0449_01-scene0449_02-scene0449_00-scene0449_04-scene0449_05,canonical,4,6,16,8759,True,0.4623451828956604,0.4623451828956604,0.8465265035629272,False,True,False,True,False,False,0.4623451828956604,,4,False,False
ddc73797-765b-241a-9e2c-097c5989baf6,scene0449_01-scene0449_02-scene0449_00-scene0449_04-scene0449_05,canonical,4,7,16,6047,True,0.45632219314575195,0.45632219314575195,0.8441023826599121,False,True,False,True,False,False,0.3861801028251648,,4,False,False
ddc73797-765b-241a-9e2c-097c5989baf6,scene0449_01-scene0449_02-scene0449_00-scene0449_04-scene0449_05,canonical,4,8,9,5393,True,0.16226604580879211,0.16226604580879211,0.13462208211421967,False,True,False,False,False,False,0.08318478614091873,2,2,True,True
ddc73797-765b-241a-9e2c-097c5989baf6,scene0449_01-scene0449_02-scene0449_00-scene0449_04-scene0449_05,canonical,4,9,7,8138,True,0.8354400992393494,0.8354400992393494,0.8583627939224243,False,False,False,False,False,False,0.7628968358039856,,,True,False
ddc73797-765b-241a-9e2c-097c5989baf6,scene0449_01-scene0449_02-scene0449_00-scene0449_04-scene0449_05,canonical,4,10,39,3014,True,0.503654956817627,0.503654956817627,0.6662329435348511,False,False,False,False,False,False,0.4185149371623993,,3,False,False
ddc73797-765b-241a-9e2c-097c5989baf6,scene0449_01-scene0449_02-scene0449_00-scene0449_04-scene0449_05,canonical,4,11,5,5934,True,0.4670012295246124,0.4670012295246124,0.476705402135849,False,True,False,False,False,False,0.3458697199821472,,2,True,True
ddc73797-765b-241a-9e2c-097c5989baf6,scene0449_01-scene0449_02-scene0449_00-scene0449_04-scene0449_05,canonical,4,12,5,5596,True,0.6400126814842224,0.6400126814842224,0.6856791973114014,False,False,False,False,False,False,0.43710190057754517,,2,True,False
ddc73797-765b-241a-9e2c-097c5989baf6,scene0449_01-scene0449_02-scene0449_00-scene0449_04-scene0449_05,canonical,4,14,6,11516,True,0.5363732576370239,0.5363732576370239,0.6125860214233398,False,False,False,False,False,False,0.43888071179389954,,2,True,False
ddc73797-765b-241a-9e2c-097c5989baf6,scene0449_01-scene0449_02-scene0449_00-scene0449_04-scene0449_05,canonical,4,15,7,13086,True,0.6289605498313904,0.6289605498313904,0.6095156073570251,False,False,False,False,False,False,0.30935928225517273,,2,True,False
ddc73797-765b-241a-9e2c-097c5989baf6,scene0449_01-scene0449_02-scene0449_00-scene0449_04-scene0449_05,canonical,4,16,7,2096,True,0.4914569854736328,0.4914569854736328,0.5259308218955994,False,True,False,True,False,False,0.0,2,2,True,True
ddc73797-765b-241a-9e2c-097c5989baf6,scene0449_01-scene0449_02-scene0449_00-scene0449_04-scene0449_05,canonical,4,17,7,1040,True,0.45244327187538147,0.45244327187538147,0.3858473002910614,False,True,False,False,False,False,0.0,2,2,True,True
ddc73797-765b-241a-9e2c-097c5989baf6,scene0449_01-scene0449_02-scene0449_00-scene0449_04-scene0449_05,canonical,4,18,7,875,True,0.3823321461677551,0.3823321461677551,0.3263707458972931,False,True,False,False,False,False,0.3748597204685211,,3,False,False
ddc73797-765b-241a-9e2c-097c5989baf6,scene0449_01-scene0449_02-scene0449_00-scene0449_04-scene0449_05,canonical,4,19,14,8380,True,0.699111819267273,0.6823680996894836,0.6932753920555115,False,False,False,False,False,False,0.5570727586746216,,,True,False
ddc73797-765b-241a-9e2c-097c5989baf6,scene0449_01-scene0449_02-scene0449_00-scene0449_04-scene0449_05,canonical,4,20,5,3877,True,0.5161004662513733,0.5161004662513733,0.5663240551948547,False,False,False,False,False,False,0.3523598313331604,,2,False,False
ddc73797-765b-241a-9e2c-097c5989baf6,scene0449_01-scene0449_02-scene0449_00-scene0449_04-scene0449_05,canonical,4,21,3,4416,True,0.46471619606018066,0.46471619606018066,0.4415857493877411,False,True,False,False,False,False,0.25071632862091064,,2,True,True
ddc73797-765b-241a-9e2c-097c5989baf6,scene0449_01-scene0449_02-scene0449_00-scene0449_04-scene0449_05,canonical,4,22,3,4145,True,0.46307674050331116,0.46307674050331116,0.4151642620563507,False,True,False,False,False,False,0.3223575949668884,,4,False,False
ddc73797-765b-241a-9e2c-097c5989baf6,scene0449_01-scene0449_02-scene0449_00-scene0449_04-scene0449_05,canonical,4,23,39,3509,True,0.8225760459899902,0.8225760459899902,0.830078125,False,False,False,False,False,False,0.7385910749435425,,,False,False
ddc73797-765b-241a-9e2c-097c5989baf6,scene0449_01-scene0449_02-scene0449_00-scene0449_04-scene0449_05,canonical,4,25,3,3790,True,0.8357843160629272,0.8357843160629272,0.9437018036842346,False,False,False,False,False,False,0.7765027284622192,,,False,False
ddc73797-765b-241a-9e2c-097c5989baf6,scene0449_01-scene0449_02-scene0449_00-scene0449_04-scene0449_05,canonical,4,28,3,1791,True,0.8193997740745544,0.8193997740745544,0.8533333539962769,False,False,False,False,False,False,0.8193997740745544,,,False,False
ddc73797-765b-241a-9e2c-097c5989baf6,scene0449_01-scene0449_02-scene0449_00-scene0449_04-scene0449_05,canonical,4,34,39,3600,True,0.8894444704055786,0.11967678368091583,0.0,False,True,True,False,False,False,0.0,2,2,False,False
ddc73797-765b-241a-9e2c-097c5989baf6,scene0449_01-scene0449_02-scene0449_00-scene0449_04-scene0449_05,canonical,4,35,3,6667,True,0.8319454193115234,0.8319454193115234,0.8720318675041199,False,False,False,False,False,False,0.5326923131942749,,,True,False
ddc73797-765b-241a-9e2c-097c5989baf6,scene0449_01-scene0449_02-scene0449_00-scene0449_04-scene0449_05,canonical,4,64,3,335,True,0.0,0.0,0.0,True,False,False,False,False,False,0.0,2,2,False,False
ddc73797-765b-241a-9e2c-097c5989baf6,scene0449_01-scene0449_02-scene0449_00-scene0449_04-scene0449_05,canonical,5,6,16,11613,True,0.4944235384464264,0.4944235384464264,0.8704033493995667,False,True,False,True,False,False,0.4623451828956604,,4,False,False
ddc73797-765b-241a-9e2c-097c5989baf6,scene0449_01-scene0449_02-scene0449_00-scene0449_04-scene0449_05,canonical,5,7,16,8507,True,0.3861801028251648,0.3861801028251648,0.4977608621120453,False,True,False,False,True,False,0.3861801028251648,,4,False,False
ddc73797-765b-241a-9e2c-097c5989baf6,scene0449_01-scene0449_02-scene0449_00-scene0449_04-scene0449_05,canonical,5,8,9,7536,True,0.25955525040626526,0.25955525040626526,0.2694108486175537,False,True,False,False,False,False,0.08318478614091873,2,2,True,True
ddc73797-765b-241a-9e2c-097c5989baf6,scene0449_01-scene0449_02-scene0449_00-scene0449_04-scene0449_05,canonical,5,9,7,11175,True,0.8448817133903503,0.8448817133903503,0.817699134349823,False,False,False,False,False,False,0.7628968358039856,,,True,False
ddc73797-765b-241a-9e2c-097c5989baf6,scene0449_01-scene0449_02-scene0449_00-scene0449_04-scene0449_05,canonical,5,10,39,4766,True,0.5285494923591614,0.5285494923591614,0.6514020562171936,False,False,False,False,False,False,0.4185149371623993,,3,False,False
ddc73797-765b-241a-9e2c-097c5989baf6,scene0449_01-scene0449_02-scene0449_00-scene0449_04-scene0449_05,canonical,5,11,5,7866,True,0.5144786834716797,0.5144786834716797,0.3898027837276459,False,False,False,False,False,False,0.3458697199821472,,2,True,False
ddc73797-765b-241a-9e2c-097c5989baf6,scene0449_01-scene0449_02-scene0449_00-scene0449_04-scene0449_05,canonical,5,12,5,7042,True,0.640985906124115,0.640985906124115,0.5717086791992188,False,False,False,False,False,False,0.43710190057754517,,2,True,False
ddc73797-765b-241a-9e2c-097c5989baf6,scene0449_01-scene0449_02-scene0449_00-scene0449_04-scene0449_05,canonical,5,14,6,14912,True,0.5539559125900269,0.5539559125900269,0.6023318767547607,False,False,False,False,False,False,0.43888071179389954,,2,True,False
ddc73797-765b-241a-9e2c-097c5989baf6,scene0449_01-scene0449_02-scene0449_00-scene0449_04-scene0449_05,canonical,5,15,7,15932,True,0.6875446438789368,0.6875446438789368,0.6735745072364807,False,False,False,False,False,False,0.30935928225517273,,2,True,False
ddc73797-765b-241a-9e2c-097c5989baf6,scene0449_01-scene0449_02-scene0449_00-scene0449_04-scene0449_05,canonical,5,16,7,2096,True,0.4914569854736328,0.4914569854736328,0.4609557092189789,False,True,False,False,False,False,0.0,2,2,True,True
ddc73797-765b-241a-9e2c-097c5989baf6,scene0449_01-scene0449_02-scene0449_00-scene0449_04-scene0449_05,canonical,5,17,7,1040,True,0.45244327187538147,0.45244327187538147,0.37754660844802856,False,True,False,False,False,False,0.0,2,2,True,True
ddc73797-765b-241a-9e2c-097c5989baf6,scene0449_01-scene0449_02-scene0449_00-scene0449_04-scene0449_05,canonical,5,18,7,875,True,0.3823321461677551,0.3823321461677551,0.40926098823547363,False,True,False,False,False,False,0.3748597204685211,,3,False,False
ddc73797-765b-241a-9e2c-097c5989baf6,scene0449_01-scene0449_02-scene0449_00-scene0449_04-scene0449_05,canonical,5,19,14,10663,True,0.650493323802948,0.6349653601646423,0.6659970283508301,False,False,False,False,False,False,0.5570727586746216,,,True,False
ddc73797-765b-241a-9e2c-097c5989baf6,scene0449_01-scene0449_02-scene0449_00-scene0449_04-scene0449_05,canonical,5,20,5,4730,True,0.3523598313331604,0.3523598313331604,0.6525785326957703,False,True,False,True,True,False,0.3523598313331604,,2,False,False
ddc73797-765b-241a-9e2c-097c5989baf6,scene0449_01-scene0449_02-scene0449_00-scene0449_04-scene0449_05,canonical,5,21,3,4416,True,0.38062816858291626,0.36162522435188293,0.2776098847389221,False,True,False,False,False,False,0.25071632862091064,,2,True,True
ddc73797-765b-241a-9e2c-097c5989baf6,scene0449_01-scene0449_02-scene0449_00-scene0449_04-scene0449_05,canonical,5,22,3,4145,True,0.3223575949668884,0.3223575949668884,0.2611023485660553,False,True,False,False,False,False,0.3223575949668884,,4,False,False
ddc73797-765b-241a-9e2c-097c5989baf6,scene0449_01-scene0449_02-scene0449_00-scene0449_04-scene0449_05,canonical,5,23,39,5370,True,0.8744211792945862,0.8744211792945862,0.8463810682296753,False,False,False,False,False,False,0.7385910749435425,,,False,False
ddc73797-765b-241a-9e2c-097c5989baf6,scene0449_01-scene0449_02-scene0449_00-scene0449_04-scene0449_05,canonical,5,25,3,4877,True,0.8480313420295715,0.8480313420295715,0.9312064051628113,False,False,False,False,False,False,0.7765027284622192,,,False,False
ddc73797-765b-241a-9e2c-097c5989baf6,scene0449_01-scene0449_02-scene0449_00-scene0449_04-scene0449_05,canonical,5,28,3,3726,True,0.8753910064697266,0.8753910064697266,0.89570552110672,False,False,False,False,False,False,0.8193997740745544,,,False,False
ddc73797-765b-241a-9e2c-097c5989baf6,scene0449_01-scene0449_02-scene0449_00-scene0449_04-scene0449_05,canonical,5,34,39,4331,True,0.8704687356948853,0.10320150852203369,0.0,False,True,True,False,False,False,0.0,2,2,False,False
ddc73797-765b-241a-9e2c-097c5989baf6,scene0449_01-scene0449_02-scene0449_00-scene0449_04-scene0449_05,canonical,5,35,3,6667,True,0.5326923131942749,0.5326923131942749,0.5428929328918457,False,False,False,False,False,False,0.5326923131942749,,,True,False
ddc73797-765b-241a-9e2c-097c5989baf6,scene0449_01-scene0449_02-scene0449_00-scene0449_04-scene0449_05,canonical,5,64,3,335,True,0.0,0.0,0.0,True,False,False,False,False,False,0.0,2,2,False,False
ddc73797-765b-241a-9e2c-097c5989baf6,scene0449_01-scene0449_02-scene0449_00-scene0449_04-scene0449_05,canonical,5,416,5,3135,True,0.8452413082122803,0.6352583765983582,0.582713782787323,False,False,False,False,False,False,0.6352583765983582,,,False,False
