reference_id,scan_id,raw_scan_uuid,source_split,role,processed_reference,processed_readable,instance_gt_reference,instance_gt_readable,canonical_instance_mapping_available
02b33dfb-be2b-2d54-92d2-cd012b2b3c40,scene0001_00,02b33dfb-be2b-2d54-92d2-cd012b2b3c40,train,adaptation,external:data_root/processed/rio/train/0001_00.npy,True,external:data_root/processed/rio/instance_gt/train/scene0001_00.txt,True,True
02b33dfb-be2b-2d54-92d2-cd012b2b3c40,scene0001_01,fcf66d9e-622d-291c-84c2-bb23dfe31327,train,adaptation,external:data_root/processed/rio/train/0001_01.npy,True,external:data_root/processed/rio/instance_gt/train/scene0001_01.txt,True,True
02b33dfb-be2b-2d54-92d2-cd012b2b3c40,scene0001_02,02b33df9-be2b-2d54-9062-1253be3ce186,train,adaptation,external:data_root/processed/rio/train/0001_02.npy,True,external:data_root/processed/rio/instance_gt/train/scene0001_02.txt,True,True
02b33dfb-be2b-2d54-92d2-cd012b2b3c40,scene0001_03,02b33dfd-be2b-2d54-91d2-55454852009e,train,adaptation,external:data_root/processed/rio/train/0001_03.npy,True,external:data_root/processed/rio/instance_gt/train/scene0001_03.txt,True,True
02b33e01-be2b-2d54-93fb-4145a709cec5,scene0002_00,02b33e01-be2b-2d54-93fb-4145a709cec5,train,adaptation,external:data_root/processed/rio/train/0002_00.npy,True,external:data_root/processed/rio/instance_gt/train/scene0002_00.txt,True,True
02b33e01-be2b-2d54-93fb-4145a709cec5,scene0002_01,fcf66d8a-622d-291c-8429-0e1109c6bb26,train,adaptation,external:data_root/processed/rio/train/0002_01.npy,True,external:data_root/processed/rio/instance_gt/train/scene0002_01.txt,True,True
02b33e01-be2b-2d54-93fb-4145a709cec5,scene0002_02,fcf66d88-622d-291c-871f-699b2d063630,train,adaptation,external:data_root/processed/rio/train/0002_02.npy,True,external:data_root/processed/rio/instance_gt/train/scene0002_02.txt,True,True
02b33e01-be2b-2d54-93fb-4145a709cec5,scene0002_03,02b33e03-be2b-2d54-9129-5d28efdd68fa,train,adaptation,external:data_root/processed/rio/train/0002_03.npy,True,external:data_root/processed/rio/instance_gt/train/scene0002_03.txt,True,True
095821f7-e2c2-2de1-9568-b9ce59920e29,scene0003_00,095821f7-e2c2-2de1-9568-b9ce59920e29,validation,additional_native_refs,external:data_root/processed/rio/validation/0003_00.npy,True,external:data_root/processed/rio/instance_gt/validation/scene0003_00.txt,True,True
095821f7-e2c2-2de1-9568-b9ce59920e29,scene0003_01,2e369567-e133-204c-909a-c5da44bb58df,validation,additional_native_refs,external:data_root/processed/rio/validation/0003_01.npy,True,external:data_root/processed/rio/instance_gt/validation/scene0003_01.txt,True,True
095821f7-e2c2-2de1-9568-b9ce59920e29,scene0003_02,095821f9-e2c2-2de1-9707-8f735cd1c148,validation,additional_native_refs,external:data_root/processed/rio/validation/0003_02.npy,True,external:data_root/processed/rio/instance_gt/validation/scene0003_02.txt,True,True
095821f7-e2c2-2de1-9568-b9ce59920e29,scene0003_03,095821fb-e2c2-2de1-94df-20f2cb423bcb,validation,additional_native_refs,external:data_root/processed/rio/validation/0003_03.npy,True,external:data_root/processed/rio/instance_gt/validation/scene0003_03.txt,True,True
0958220d-e2c2-2de1-9710-c37018da1883,scene0004_00,0958220d-e2c2-2de1-9710-c37018da1883,train,adaptation,external:data_root/processed/rio/train/0004_00.npy,True,external:data_root/processed/rio/instance_gt/train/scene0004_00.txt,True,True
0958220d-e2c2-2de1-9710-c37018da1883,scene0004_01,0958220b-e2c2-2de1-96bc-739f09c1e8f8,train,adaptation,external:data_root/processed/rio/train/0004_01.npy,True,external:data_root/processed/rio/instance_gt/train/scene0004_01.txt,True,True
0958220d-e2c2-2de1-9710-c37018da1883,scene0004_02,09582205-e2c2-2de1-9475-1cdac7639e60,train,adaptation,external:data_root/processed/rio/train/0004_02.npy,True,external:data_root/processed/rio/instance_gt/train/scene0004_02.txt,True,True
0958220d-e2c2-2de1-9710-c37018da1883,scene0004_03,09582207-e2c2-2de1-972c-225d968c2ab4,train,adaptation,external:data_root/processed/rio/train/0004_03.npy,True,external:data_root/processed/rio/instance_gt/train/scene0004_03.txt,True,True
0958220d-e2c2-2de1-9710-c37018da1883,scene0004_04,09582209-e2c2-2de1-9610-08baed932919,train,adaptation,external:data_root/processed/rio/train/0004_04.npy,True,external:data_root/processed/rio/instance_gt/train/scene0004_04.txt,True,True
09582212-e2c2-2de1-9700-fa44b14fbded,scene0005_00,09582212-e2c2-2de1-9700-fa44b14fbded,train,adaptation,external:data_root/processed/rio/train/0005_00.npy,True,external:data_root/processed/rio/instance_gt/train/scene0005_00.txt,True,True
09582212-e2c2-2de1-9700-fa44b14fbded,scene0005_01,0958221b-e2c2-2de1-96b1-6233099811a0,train,adaptation,external:data_root/processed/rio/train/0005_01.npy,True,external:data_root/processed/rio/instance_gt/train/scene0005_01.txt,True,True
09582212-e2c2-2de1-9700-fa44b14fbded,scene0005_02,09582214-e2c2-2de1-956a-64d8da4ba7cc,train,adaptation,external:data_root/processed/rio/train/0005_02.npy,True,external:data_root/processed/rio/instance_gt/train/scene0005_02.txt,True,True
09582212-e2c2-2de1-9700-fa44b14fbded,scene0005_03,09582216-e2c2-2de1-97de-efcab1ef9c43,train,adaptation,external:data_root/processed/rio/train/0005_03.npy,True,external:data_root/processed/rio/instance_gt/train/scene0005_03.txt,True,True
09582212-e2c2-2de1-9700-fa44b14fbded,scene0005_04,09582219-e2c2-2de1-9534-519142703037,train,adaptation,external:data_root/processed/rio/train/0005_04.npy,True,external:data_root/processed/rio/instance_gt/train/scene0005_04.txt,True,True
09582225-e2c2-2de1-9564-f6681ef5e511,scene0006_00,09582225-e2c2-2de1-9564-f6681ef5e511,train,adaptation,external:data_root/processed/rio/train/0006_00.npy,True,external:data_root/processed/rio/instance_gt/train/scene0006_00.txt,True,True
09582225-e2c2-2de1-9564-f6681ef5e511,scene0006_01,0958222a-e2c2-2de1-9474-35e601b3682a,train,adaptation,external:data_root/processed/rio/train/0006_01.npy,True,external:data_root/processed/rio/instance_gt/train/scene0006_01.txt,True,True
09582225-e2c2-2de1-9564-f6681ef5e511,scene0006_02,0958222d-e2c2-2de1-9732-e2fb990692ef,train,adaptation,external:data_root/processed/rio/train/0006_02.npy,True,external:data_root/processed/rio/instance_gt/train/scene0006_02.txt,True,True
09582225-e2c2-2de1-9564-f6681ef5e511,scene0006_03,09582223-e2c2-2de1-94b6-750684b4f80a,train,adaptation,external:data_root/processed/rio/train/0006_03.npy,True,external:data_root/processed/rio/instance_gt/train/scene0006_03.txt,True,True
09582225-e2c2-2de1-9564-f6681ef5e511,scene0006_04,09582228-e2c2-2de1-953d-f6f1ee4b3699,train,adaptation,external:data_root/processed/rio/train/0006_04.npy,True,external:data_root/processed/rio/instance_gt/train/scene0006_04.txt,True,True
09582244-e2c2-2de1-956c-357092d949d1,scene0007_00,09582244-e2c2-2de1-956c-357092d949d1,train,development,external:data_root/processed/rio/train/0007_00.npy,True,external:data_root/processed/rio/instance_gt/train/scene0007_00.txt,True,True
09582244-e2c2-2de1-956c-357092d949d1,scene0007_01,0958222f-e2c2-2de1-94fd-986561908cee,train,development,external:data_root/processed/rio/train/0007_01.npy,True,external:data_root/processed/rio/instance_gt/train/scene0007_01.txt,True,True
09582244-e2c2-2de1-956c-357092d949d1,scene0007_02,0958223d-e2c2-2de1-9683-a76a4276d84c,train,development,external:data_root/processed/rio/train/0007_02.npy,True,external:data_root/processed/rio/instance_gt/train/scene0007_02.txt,True,True
09582244-e2c2-2de1-956c-357092d949d1,scene0007_03,09582237-e2c2-2de1-9758-862dc7a3d009,train,development,external:data_root/processed/rio/train/0007_03.npy,True,external:data_root/processed/rio/instance_gt/train/scene0007_03.txt,True,True
09582244-e2c2-2de1-956c-357092d949d1,scene0007_04,09582242-e2c2-2de1-942f-d1001cbff56b,train,development,external:data_root/processed/rio/train/0007_04.npy,True,external:data_root/processed/rio/instance_gt/train/scene0007_04.txt,True,True
0958224e-e2c2-2de1-943b-38e36345e2e7,scene0008_00,0958224e-e2c2-2de1-943b-38e36345e2e7,train,adaptation,external:data_root/processed/rio/train/0008_00.npy,True,external:data_root/processed/rio/instance_gt/train/scene0008_00.txt,True,True
0958224e-e2c2-2de1-943b-38e36345e2e7,scene0008_01,09582250-e2c2-2de1-9541-3efcbdc2dca4,train,adaptation,external:data_root/processed/rio/train/0008_01.npy,True,external:data_root/processed/rio/instance_gt/train/scene0008_01.txt,True,True
0958224e-e2c2-2de1-943b-38e36345e2e7,scene0008_02,09582252-e2c2-2de1-96bf-d41dd0362f39,train,adaptation,external:data_root/processed/rio/train/0008_02.npy,True,external:data_root/processed/rio/instance_gt/train/scene0008_02.txt,True,True
0958224e-e2c2-2de1-943b-38e36345e2e7,scene0008_03,09582254-e2c2-2de1-9434-162187eb819e,train,adaptation,external:data_root/processed/rio/train/0008_03.npy,True,external:data_root/processed/rio/instance_gt/train/scene0008_03.txt,True,True
0958224e-e2c2-2de1-943b-38e36345e2e7,scene0008_04,09582256-e2c2-2de1-9662-c4bc7ca7c497,train,adaptation,external:data_root/processed/rio/train/0008_04.npy,True,external:data_root/processed/rio/instance_gt/train/scene0008_04.txt,True,True
0988ea72-eb32-2e61-8344-99e2283c2728,scene0009_00,0988ea72-eb32-2e61-8344-99e2283c2728,validation,additional_native_refs,external:data_root/processed/rio/validation/0009_00.npy,True,external:data_root/processed/rio/instance_gt/validation/scene0009_00.txt,True,True
0988ea72-eb32-2e61-8344-99e2283c2728,scene0009_01,9766cbe5-6321-2e2f-8040-4e5b7a5d8ba1,validation,additional_native_refs,external:data_root/processed/rio/validation/0009_01.npy,True,external:data_root/processed/rio/instance_gt/validation/scene0009_01.txt,True,True
0988ea72-eb32-2e61-8344-99e2283c2728,scene0009_02,9766cbf5-6321-2e2f-8131-78c4e204635d,validation,additional_native_refs,external:data_root/processed/rio/validation/0009_02.npy,True,external:data_root/processed/rio/instance_gt/validation/scene0009_02.txt,True,True
0988ea72-eb32-2e61-8344-99e2283c2728,scene0009_03,9766cbf7-6321-2e2f-81e1-2b46533c64dd,validation,additional_native_refs,external:data_root/processed/rio/validation/0009_03.npy,True,external:data_root/processed/rio/instance_gt/validation/scene0009_03.txt,True,True
0ad2d382-79e2-2212-98b3-641bf9d552c1,scene0011_00,0ad2d382-79e2-2212-98b3-641bf9d552c1,train,adaptation,external:data_root/processed/rio/train/0011_00.npy,True,external:data_root/processed/rio/instance_gt/train/scene0011_00.txt,True,True
0ad2d382-79e2-2212-98b3-641bf9d552c1,scene0011_01,dcb6a329-5526-23f1-9d81-7718f682269c,train,adaptation,external:data_root/processed/rio/train/0011_01.npy,True,external:data_root/processed/rio/instance_gt/train/scene0011_01.txt,True,True
0ad2d382-79e2-2212-98b3-641bf9d552c1,scene0011_02,dcb6a32b-5526-23f1-9cbc-3d257a8096fa,train,adaptation,external:data_root/processed/rio/train/0011_02.npy,True,external:data_root/processed/rio/instance_gt/train/scene0011_02.txt,True,True
0ad2d386-79e2-2212-9b40-43d081db442a,scene0012_00,0ad2d386-79e2-2212-9b40-43d081db442a,train,adaptation,external:data_root/processed/rio/train/0012_00.npy,True,external:data_root/processed/rio/instance_gt/train/scene0012_00.txt,True,True
0ad2d386-79e2-2212-9b40-43d081db442a,scene0012_01,0ad2d389-79e2-2212-9b0a-5f0e6f4982b5,train,adaptation,external:data_root/processed/rio/train/0012_01.npy,True,external:data_root/processed/rio/instance_gt/train/scene0012_01.txt,True,True
0ad2d38f-79e2-2212-98d2-9b5060e5e9b5,scene0013_00,0ad2d38f-79e2-2212-98d2-9b5060e5e9b5,train,adaptation,external:data_root/processed/rio/train/0013_00.npy,True,external:data_root/processed/rio/instance_gt/train/scene0013_00.txt,True,True
0ad2d38f-79e2-2212-98d2-9b5060e5e9b5,scene0013_01,0ad2d391-79e2-2212-98a3-7e2440884395,train,adaptation,external:data_root/processed/rio/train/0013_01.npy,True,external:data_root/processed/rio/instance_gt/train/scene0013_01.txt,True,True
0ad2d399-79e2-2212-99cf-7a3512734bd7,scene0014_00,0ad2d399-79e2-2212-99cf-7a3512734bd7,train,adaptation,external:data_root/processed/rio/train/0014_00.npy,True,external:data_root/processed/rio/instance_gt/train/scene0014_00.txt,True,True
0ad2d399-79e2-2212-99cf-7a3512734bd7,scene0014_01,0ad2d384-79e2-2212-9b18-72b44eb5463f,train,adaptation,external:data_root/processed/rio/train/0014_01.npy,True,external:data_root/processed/rio/instance_gt/train/scene0014_01.txt,True,True
0ad2d399-79e2-2212-99cf-7a3512734bd7,scene0014_02,0ad2d395-79e2-2212-9b89-83581fad7390,train,adaptation,external:data_root/processed/rio/train/0014_02.npy,True,external:data_root/processed/rio/instance_gt/train/scene0014_02.txt,True,True
0ad2d39b-79e2-2212-99ae-830c292cd079,scene0015_00,0ad2d39b-79e2-2212-99ae-830c292cd079,train,adaptation,external:data_root/processed/rio/train/0015_00.npy,True,external:data_root/processed/rio/instance_gt/train/scene0015_00.txt,True,True
0ad2d39b-79e2-2212-99ae-830c292cd079,scene0015_01,0ad2d3a1-79e2-2212-9b99-a96495d9f7fe,train,adaptation,external:data_root/processed/rio/train/0015_01.npy,True,external:data_root/processed/rio/instance_gt/train/scene0015_01.txt,True,True
0ad2d39b-79e2-2212-99ae-830c292cd079,scene0015_02,0ad2d39d-79e2-2212-99aa-1e95c5b94289,train,adaptation,external:data_root/processed/rio/train/0015_02.npy,True,external:data_root/processed/rio/instance_gt/train/scene0015_02.txt,True,True
0ad2d3a3-79e2-2212-9a51-9094be707ec2,scene0016_00,0ad2d3a3-79e2-2212-9a51-9094be707ec2,train,adaptation,external:data_root/processed/rio/train/0016_00.npy,True,external:data_root/processed/rio/instance_gt/train/scene0016_00.txt,True,True
0ad2d3a3-79e2-2212-9a51-9094be707ec2,scene0016_01,0ad2d3a5-79e2-2212-9a9e-2502a05fa678,train,adaptation,external:data_root/processed/rio/train/0016_01.npy,True,external:data_root/processed/rio/instance_gt/train/scene0016_01.txt,True,True
0ad2d3a3-79e2-2212-9a51-9094be707ec2,scene0016_02,0ad2d3a7-79e2-2212-9a1b-8737842a24e2,train,adaptation,external:data_root/processed/rio/train/0016_02.npy,True,external:data_root/processed/rio/instance_gt/train/scene0016_02.txt,True,True
0cac7536-8d6f-2d13-8dc2-2f9d7aa62dc4,scene0017_00,0cac7536-8d6f-2d13-8dc2-2f9d7aa62dc4,train,adaptation,external:data_root/processed/rio/train/0017_00.npy,True,external:data_root/processed/rio/instance_gt/train/scene0017_00.txt,True,True
0cac7536-8d6f-2d13-8dc2-2f9d7aa62dc4,scene0017_01,dc42b36c-8d5c-2d2a-86aa-19a8929361fd,train,adaptation,external:data_root/processed/rio/train/0017_01.npy,True,external:data_root/processed/rio/instance_gt/train/scene0017_01.txt,True,True
0cac7536-8d6f-2d13-8dc2-2f9d7aa62dc4,scene0017_02,0cac7538-8d6f-2d13-8c23-d635c21d0f17,train,adaptation,external:data_root/processed/rio/train/0017_02.npy,True,external:data_root/processed/rio/instance_gt/train/scene0017_02.txt,True,True
0cac753c-8d6f-2d13-8e27-e0664fc33bb9,scene0018_00,0cac753c-8d6f-2d13-8e27-e0664fc33bb9,train,adaptation,external:data_root/processed/rio/train/0018_00.npy,True,external:data_root/processed/rio/instance_gt/train/scene0018_00.txt,True,True
0cac753c-8d6f-2d13-8e27-e0664fc33bb9,scene0018_01,0cac753a-8d6f-2d13-8f04-2073b87af440,train,adaptation,external:data_root/processed/rio/train/0018_01.npy,True,external:data_root/processed/rio/instance_gt/train/scene0018_01.txt,True,True
0cac7540-8d6f-2d13-8eee-36ba2a428e3f,scene0019_00,0cac7540-8d6f-2d13-8eee-36ba2a428e3f,validation,additional_native_refs,external:data_root/processed/rio/validation/0019_00.npy,True,external:data_root/processed/rio/instance_gt/validation/scene0019_00.txt,True,True
0cac7540-8d6f-2d13-8eee-36ba2a428e3f,scene0019_01,0cac7532-8d6f-2d13-8cea-1e70d5ae4856,validation,additional_native_refs,external:data_root/processed/rio/validation/0019_01.npy,True,external:data_root/processed/rio/instance_gt/validation/scene0019_01.txt,True,True
0cac7540-8d6f-2d13-8eee-36ba2a428e3f,scene0019_02,0cac7534-8d6f-2d13-8de7-8a915ed90050,validation,additional_native_refs,external:data_root/processed/rio/validation/0019_02.npy,True,external:data_root/processed/rio/instance_gt/validation/scene0019_02.txt,True,True
0cac7549-8d6f-2d13-8d56-b895956f571a,scene0021_00,0cac7549-8d6f-2d13-8d56-b895956f571a,train,adaptation,external:data_root/processed/rio/train/0021_00.npy,True,external:data_root/processed/rio/instance_gt/train/scene0021_00.txt,True,True
0cac7549-8d6f-2d13-8d56-b895956f571a,scene0021_01,dc42b378-8d5c-2d2a-8477-c1f077da4e56,train,adaptation,external:data_root/processed/rio/train/0021_01.npy,True,external:data_root/processed/rio/instance_gt/train/scene0021_01.txt,True,True
0cac7558-8d6f-2d13-8fe1-c8af0362735d,scene0022_00,0cac7558-8d6f-2d13-8fe1-c8af0362735d,train,adaptation,external:data_root/processed/rio/train/0022_00.npy,True,external:data_root/processed/rio/instance_gt/train/scene0022_00.txt,True,True
0cac7558-8d6f-2d13-8fe1-c8af0362735d,scene0022_01,baf67393-8e94-22f8-8198-961bc5ea7f20,train,adaptation,external:data_root/processed/rio/train/0022_01.npy,True,external:data_root/processed/rio/instance_gt/train/scene0022_01.txt,True,True
0cac755a-8d6f-2d13-8fed-b1be02f4ef77,scene0023_00,0cac755a-8d6f-2d13-8fed-b1be02f4ef77,train,adaptation,external:data_root/processed/rio/train/0023_00.npy,True,external:data_root/processed/rio/instance_gt/train/scene0023_00.txt,True,True
0cac755a-8d6f-2d13-8fed-b1be02f4ef77,scene0023_01,baf673a1-8e94-22f8-824b-1139a8fc8bda,train,adaptation,external:data_root/processed/rio/train/0023_01.npy,True,external:data_root/processed/rio/instance_gt/train/scene0023_01.txt,True,True
0cac755a-8d6f-2d13-8fed-b1be02f4ef77,scene0023_02,baf67399-8e94-22f8-81b1-900b40b196d7,train,adaptation,external:data_root/processed/rio/train/0023_02.npy,True,external:data_root/processed/rio/instance_gt/train/scene0023_02.txt,True,True
0cac755e-8d6f-2d13-8c6a-c0979ca34a4f,scene0024_00,0cac755e-8d6f-2d13-8c6a-c0979ca34a4f,train,adaptation,external:data_root/processed/rio/train/0024_00.npy,True,external:data_root/processed/rio/instance_gt/train/scene0024_00.txt,True,True
0cac755e-8d6f-2d13-8c6a-c0979ca34a4f,scene0024_01,baf6739f-8e94-22f8-82fd-b0cc4f4da8ae,train,adaptation,external:data_root/processed/rio/train/0024_01.npy,True,external:data_root/processed/rio/instance_gt/train/scene0024_01.txt,True,True
0cac7564-8d6f-2d13-8cb2-8b01c0a1b3d5,scene0025_00,0cac7564-8d6f-2d13-8cb2-8b01c0a1b3d5,train,adaptation,external:data_root/processed/rio/train/0025_00.npy,True,external:data_root/processed/rio/instance_gt/train/scene0025_00.txt,True,True
0cac7564-8d6f-2d13-8cb2-8b01c0a1b3d5,scene0025_01,baf673b0-8e94-22f8-8136-0b6b5028de14,train,adaptation,external:data_root/processed/rio/train/0025_01.npy,True,external:data_root/processed/rio/instance_gt/train/scene0025_01.txt,True,True
0cac7574-8d6f-2d13-8db6-4304f437e6d5,scene0026_00,0cac7574-8d6f-2d13-8db6-4304f437e6d5,train,adaptation,external:data_root/processed/rio/train/0026_00.npy,True,external:data_root/processed/rio/instance_gt/train/scene0026_00.txt,True,True
0cac7574-8d6f-2d13-8db6-4304f437e6d5,scene0026_01,2451c03f-fae8-24f6-90ac-6ba38cab8c92,train,adaptation,external:data_root/processed/rio/train/0026_01.npy,True,external:data_root/processed/rio/instance_gt/train/scene0026_01.txt,True,True
0cac7574-8d6f-2d13-8db6-4304f437e6d5,scene0026_02,0cac7576-8d6f-2d13-8f3c-f01f8f14022c,train,adaptation,external:data_root/processed/rio/train/0026_02.npy,True,external:data_root/processed/rio/instance_gt/train/scene0026_02.txt,True,True
0cac7578-8d6f-2d13-8c2d-bfa7a04f8af3,scene0027_00,0cac7578-8d6f-2d13-8c2d-bfa7a04f8af3,train,adaptation,external:data_root/processed/rio/train/0027_00.npy,True,external:data_root/processed/rio/instance_gt/train/scene0027_00.txt,True,True
0cac7578-8d6f-2d13-8c2d-bfa7a04f8af3,scene0027_01,2451c041-fae8-24f6-9213-b8b6af8d86c1,train,adaptation,external:data_root/processed/rio/train/0027_01.npy,True,external:data_root/processed/rio/instance_gt/train/scene0027_01.txt,True,True
0cac7578-8d6f-2d13-8c2d-bfa7a04f8af3,scene0027_02,ddc73793-765b-241a-9ecd-b0cebb7cf916,train,adaptation,external:data_root/processed/rio/train/0027_02.npy,True,external:data_root/processed/rio/instance_gt/train/scene0027_02.txt,True,True
0cac7578-8d6f-2d13-8c2d-bfa7a04f8af3,scene0027_03,ddc73795-765b-241a-9c5d-b97744afe077,train,adaptation,external:data_root/processed/rio/train/0027_03.npy,True,external:data_root/processed/rio/instance_gt/train/scene0027_03.txt,True,True
0cac7580-8d6f-2d13-8c9d-d45247b5244b,scene0028_00,0cac7580-8d6f-2d13-8c9d-d45247b5244b,train,adaptation,external:data_root/processed/rio/train/0028_00.npy,True,external:data_root/processed/rio/instance_gt/train/scene0028_00.txt,True,True
0cac7580-8d6f-2d13-8c9d-d45247b5244b,scene0028_01,0cac757e-8d6f-2d13-8f1d-ef6123d53655,train,adaptation,external:data_root/processed/rio/train/0028_01.npy,True,external:data_root/processed/rio/instance_gt/train/scene0028_01.txt,True,True
0cac7580-8d6f-2d13-8c9d-d45247b5244b,scene0028_02,c7895f0f-339c-2d13-807d-cb2e7fe646fd,train,adaptation,external:data_root/processed/rio/train/0028_02.npy,True,external:data_root/processed/rio/instance_gt/train/scene0028_02.txt,True,True
0cac7584-8d6f-2d13-8df8-c05e4307b418,scene0029_00,0cac7584-8d6f-2d13-8df8-c05e4307b418,validation,additional_native_refs,external:data_root/processed/rio/validation/0029_00.npy,True,external:data_root/processed/rio/instance_gt/validation/scene0029_00.txt,True,True
0cac7584-8d6f-2d13-8df8-c05e4307b418,scene0029_01,0cac7582-8d6f-2d13-8d4b-e4041cb166c4,validation,additional_native_refs,external:data_root/processed/rio/validation/0029_01.npy,True,external:data_root/processed/rio/instance_gt/validation/scene0029_01.txt,True,True
0cac7597-8d6f-2d13-8c9c-6f8542021d5c,scene0031_00,0cac7597-8d6f-2d13-8c9c-6f8542021d5c,train,adaptation,external:data_root/processed/rio/train/0031_00.npy,True,external:data_root/processed/rio/instance_gt/train/scene0031_00.txt,True,True
0cac7597-8d6f-2d13-8c9c-6f8542021d5c,scene0031_01,0cac7595-8d6f-2d13-8cad-f51af4c9aba2,train,adaptation,external:data_root/processed/rio/train/0031_01.npy,True,external:data_root/processed/rio/instance_gt/train/scene0031_01.txt,True,True
0cac759b-8d6f-2d13-8e3b-2e3bc1ee1158,scene0032_00,0cac759b-8d6f-2d13-8e3b-2e3bc1ee1158,train,adaptation,external:data_root/processed/rio/train/0032_00.npy,True,external:data_root/processed/rio/instance_gt/train/scene0032_00.txt,True,True
0cac759b-8d6f-2d13-8e3b-2e3bc1ee1158,scene0032_01,b05fdd68-fca0-2d4f-895a-2f40f6b4aca9,train,adaptation,external:data_root/processed/rio/train/0032_01.npy,True,external:data_root/processed/rio/instance_gt/train/scene0032_01.txt,True,True
0cac759b-8d6f-2d13-8e3b-2e3bc1ee1158,scene0032_02,0cac759d-8d6f-2d13-8e8b-c3730d9fe563,train,adaptation,external:data_root/processed/rio/train/0032_02.npy,True,external:data_root/processed/rio/instance_gt/train/scene0032_02.txt,True,True
0cac759b-8d6f-2d13-8e3b-2e3bc1ee1158,scene0032_03,0cac7599-8d6f-2d13-8e7f-4217750a64cc,train,adaptation,external:data_root/processed/rio/train/0032_03.npy,True,external:data_root/processed/rio/instance_gt/train/scene0032_03.txt,True,True
0cac75a7-8d6f-2d13-8fdc-083ff44d10fb,scene0033_00,0cac75a7-8d6f-2d13-8fdc-083ff44d10fb,train,adaptation,external:data_root/processed/rio/train/0033_00.npy,True,external:data_root/processed/rio/instance_gt/train/scene0033_00.txt,True,True
0cac75a7-8d6f-2d13-8fdc-083ff44d10fb,scene0033_01,2451c053-fae8-24f6-91f0-6bebca1fe741,train,adaptation,external:data_root/processed/rio/train/0033_01.npy,True,external:data_root/processed/rio/instance_gt/train/scene0033_01.txt,True,True
0cac75ad-8d6f-2d13-8c74-5de4dfc4affc,scene0034_00,0cac75ad-8d6f-2d13-8c74-5de4dfc4affc,train,adaptation,external:data_root/processed/rio/train/0034_00.npy,True,external:data_root/processed/rio/instance_gt/train/scene0034_00.txt,True,True
0cac75ad-8d6f-2d13-8c74-5de4dfc4affc,scene0034_01,2451c057-fae8-24f6-92b8-df89e0429f6e,train,adaptation,external:data_root/processed/rio/train/0034_01.npy,True,external:data_root/processed/rio/instance_gt/train/scene0034_01.txt,True,True
0cac75ad-8d6f-2d13-8c74-5de4dfc4affc,scene0034_02,0cac75ab-8d6f-2d13-8fea-b1eb7e9bf6e7,train,adaptation,external:data_root/processed/rio/train/0034_02.npy,True,external:data_root/processed/rio/instance_gt/train/scene0034_02.txt,True,True
0cac75ad-8d6f-2d13-8c74-5de4dfc4affc,scene0034_03,0cac75af-8d6f-2d13-8f9e-ed3f62665aed,train,adaptation,external:data_root/processed/rio/train/0034_03.npy,True,external:data_root/processed/rio/instance_gt/train/scene0034_03.txt,True,True
0cac75b1-8d6f-2d13-8c17-9099db8915bc,scene0035_00,0cac75b1-8d6f-2d13-8c17-9099db8915bc,train,adaptation,external:data_root/processed/rio/train/0035_00.npy,True,external:data_root/processed/rio/instance_gt/train/scene0035_00.txt,True,True
0cac75b1-8d6f-2d13-8c17-9099db8915bc,scene0035_01,0cac75b3-8d6f-2d13-8f4b-3d74070429df,train,adaptation,external:data_root/processed/rio/train/0035_01.npy,True,external:data_root/processed/rio/instance_gt/train/scene0035_01.txt,True,True
0cac75c4-8d6f-2d13-8c37-fcfaf141ae5a,scene0036_00,0cac75c4-8d6f-2d13-8c37-fcfaf141ae5a,train,adaptation,external:data_root/processed/rio/train/0036_00.npy,True,external:data_root/processed/rio/instance_gt/train/scene0036_00.txt,True,True
0cac75c4-8d6f-2d13-8c37-fcfaf141ae5a,scene0036_01,0cac75c6-8d6f-2d13-8d35-f0128b4fb7a9,train,adaptation,external:data_root/processed/rio/train/0036_01.npy,True,external:data_root/processed/rio/instance_gt/train/scene0036_01.txt,True,True
0cac75c8-8d6f-2d13-8c08-b3c40c58e0f7,scene0037_00,0cac75c8-8d6f-2d13-8c08-b3c40c58e0f7,train,adaptation,external:data_root/processed/rio/train/0037_00.npy,True,external:data_root/processed/rio/instance_gt/train/scene0037_00.txt,True,True
0cac75c8-8d6f-2d13-8c08-b3c40c58e0f7,scene0037_01,0cac75ca-8d6f-2d13-8dfc-9932bfbb834d,train,adaptation,external:data_root/processed/rio/train/0037_01.npy,True,external:data_root/processed/rio/instance_gt/train/scene0037_01.txt,True,True
0cac75c8-8d6f-2d13-8c08-b3c40c58e0f7,scene0037_02,0cac75cc-8d6f-2d13-8ddf-7b3c05e8709c,train,adaptation,external:data_root/processed/rio/train/0037_02.npy,True,external:data_root/processed/rio/instance_gt/train/scene0037_02.txt,True,True
0cac75d0-8d6f-2d13-8c26-d771a31c3f50,scene0038_00,0cac75d0-8d6f-2d13-8c26-d771a31c3f50,train,adaptation,external:data_root/processed/rio/train/0038_00.npy,True,external:data_root/processed/rio/instance_gt/train/scene0038_00.txt,True,True
0cac75d0-8d6f-2d13-8c26-d771a31c3f50,scene0038_01,0cac75ce-8d6f-2d13-8cf1-add4e795b9b0,train,adaptation,external:data_root/processed/rio/train/0038_01.npy,True,external:data_root/processed/rio/instance_gt/train/scene0038_01.txt,True,True
0cac75dc-8d6f-2d13-8d08-9c497bd6acdc,scene0039_00,0cac75dc-8d6f-2d13-8d08-9c497bd6acdc,validation,additional_native_refs,external:data_root/processed/rio/validation/0039_00.npy,True,external:data_root/processed/rio/instance_gt/validation/scene0039_00.txt,True,True
0cac75dc-8d6f-2d13-8d08-9c497bd6acdc,scene0039_01,0cac75de-8d6f-2d13-8e1a-b574569c3885,validation,additional_native_refs,external:data_root/processed/rio/validation/0039_01.npy,True,external:data_root/processed/rio/instance_gt/validation/scene0039_01.txt,True,True
0cac75f0-8d6f-2d13-8d86-371deca33bb4,scene0041_00,0cac75f0-8d6f-2d13-8d86-371deca33bb4,train,adaptation,external:data_root/processed/rio/train/0041_00.npy,True,external:data_root/processed/rio/instance_gt/train/scene0041_00.txt,True,True
0cac75f0-8d6f-2d13-8d86-371deca33bb4,scene0041_01,dbeb4d06-faf9-2324-9bca-4df3f194818e,train,adaptation,external:data_root/processed/rio/train/0041_01.npy,True,external:data_root/processed/rio/instance_gt/train/scene0041_01.txt,True,True
0cac75f0-8d6f-2d13-8d86-371deca33bb4,scene0041_02,0cac75ee-8d6f-2d13-8f1f-5f13d3b59ce3,train,adaptation,external:data_root/processed/rio/train/0041_02.npy,True,external:data_root/processed/rio/instance_gt/train/scene0041_02.txt,True,True
0cac75f4-8d6f-2d13-8c10-ce688f7ac0af,scene0042_00,0cac75f4-8d6f-2d13-8c10-ce688f7ac0af,train,adaptation,external:data_root/processed/rio/train/0042_00.npy,True,external:data_root/processed/rio/instance_gt/train/scene0042_00.txt,True,True
0cac75f4-8d6f-2d13-8c10-ce688f7ac0af,scene0042_01,0cac75f2-8d6f-2d13-8f0f-f00e880b4e7b,train,adaptation,external:data_root/processed/rio/train/0042_01.npy,True,external:data_root/processed/rio/instance_gt/train/scene0042_01.txt,True,True
0cac75f6-8d6f-2d13-8d7b-dc01a394149c,scene0043_00,0cac75f6-8d6f-2d13-8d7b-dc01a394149c,train,adaptation,external:data_root/processed/rio/train/0043_00.npy,True,external:data_root/processed/rio/instance_gt/train/scene0043_00.txt,True,True
0cac75f6-8d6f-2d13-8d7b-dc01a394149c,scene0043_01,0cac75f8-8d6f-2d13-8f8a-30d9464cad6e,train,adaptation,external:data_root/processed/rio/train/0043_01.npy,True,external:data_root/processed/rio/instance_gt/train/scene0043_01.txt,True,True
0cac75fc-8d6f-2d13-8c59-13d52e366f38,scene0044_00,0cac75fc-8d6f-2d13-8c59-13d52e366f38,train,adaptation,external:data_root/processed/rio/train/0044_00.npy,True,external:data_root/processed/rio/instance_gt/train/scene0044_00.txt,True,True
0cac75fc-8d6f-2d13-8c59-13d52e366f38,scene0044_01,0cac75fe-8d6f-2d13-8dd8-87c100e95f4d,train,adaptation,external:data_root/processed/rio/train/0044_01.npy,True,external:data_root/processed/rio/instance_gt/train/scene0044_01.txt,True,True
0cac7602-8d6f-2d13-8ca7-c26866c2e42f,scene0045_00,0cac7602-8d6f-2d13-8ca7-c26866c2e42f,train,adaptation,external:data_root/processed/rio/train/0045_00.npy,True,external:data_root/processed/rio/instance_gt/train/scene0045_00.txt,True,True
0cac7602-8d6f-2d13-8ca7-c26866c2e42f,scene0045_01,0cac7604-8d6f-2d13-8e39-784396ee3b8c,train,adaptation,external:data_root/processed/rio/train/0045_01.npy,True,external:data_root/processed/rio/instance_gt/train/scene0045_01.txt,True,True
0cac760f-8d6f-2d13-8d9d-2d8df8f8cb6e,scene0046_00,0cac760f-8d6f-2d13-8d9d-2d8df8f8cb6e,train,adaptation,external:data_root/processed/rio/train/0046_00.npy,True,external:data_root/processed/rio/instance_gt/train/scene0046_00.txt,True,True
0cac760f-8d6f-2d13-8d9d-2d8df8f8cb6e,scene0046_01,0cac760d-8d6f-2d13-8ea2-109ce4da9ac9,train,adaptation,external:data_root/processed/rio/train/0046_01.npy,True,external:data_root/processed/rio/instance_gt/train/scene0046_01.txt,True,True
0cac7623-8d6f-2d13-8da0-462e7fc0bea2,scene0047_00,0cac7623-8d6f-2d13-8da0-462e7fc0bea2,train,adaptation,external:data_root/processed/rio/train/0047_00.npy,True,external:data_root/processed/rio/instance_gt/train/scene0047_00.txt,True,True
0cac7623-8d6f-2d13-8da0-462e7fc0bea2,scene0047_01,dbeb4d0b-faf9-2324-99bf-259c104b313b,train,adaptation,external:data_root/processed/rio/train/0047_01.npy,True,external:data_root/processed/rio/instance_gt/train/scene0047_01.txt,True,True
0cac7623-8d6f-2d13-8da0-462e7fc0bea2,scene0047_02,0cac7621-8d6f-2d13-8cb1-ac43b90f4141,train,adaptation,external:data_root/processed/rio/train/0047_02.npy,True,external:data_root/processed/rio/instance_gt/train/scene0047_02.txt,True,True
0cac7627-8d6f-2d13-8eac-41764b5f2c5b,scene0048_00,0cac7627-8d6f-2d13-8eac-41764b5f2c5b,train,adaptation,external:data_root/processed/rio/train/0048_00.npy,True,external:data_root/processed/rio/instance_gt/train/scene0048_00.txt,True,True
0cac7627-8d6f-2d13-8eac-41764b5f2c5b,scene0048_01,0cac7625-8d6f-2d13-8f72-9672f2345ef9,train,adaptation,external:data_root/processed/rio/train/0048_01.npy,True,external:data_root/processed/rio/instance_gt/train/scene0048_01.txt,True,True
0cac7627-8d6f-2d13-8eac-41764b5f2c5b,scene0048_02,0cac7629-8d6f-2d13-8e5a-9f17681451c8,train,adaptation,external:data_root/processed/rio/train/0048_02.npy,True,external:data_root/processed/rio/instance_gt/train/scene0048_02.txt,True,True
0cac762b-8d6f-2d13-8de2-832a3c07864b,scene0049_00,0cac762b-8d6f-2d13-8de2-832a3c07864b,train,adaptation,external:data_root/processed/rio/train/0049_00.npy,True,external:data_root/processed/rio/instance_gt/train/scene0049_00.txt,True,True
0cac762b-8d6f-2d13-8de2-832a3c07864b,scene0049_01,0cac762d-8d6f-2d13-8c70-b523afdf6989,train,adaptation,external:data_root/processed/rio/train/0049_01.npy,True,external:data_root/processed/rio/instance_gt/train/scene0049_01.txt,True,True
0cac762b-8d6f-2d13-8de2-832a3c07864b,scene0049_02,0cac762f-8d6f-2d13-8e48-ed83163799fb,train,adaptation,external:data_root/processed/rio/train/0049_02.npy,True,external:data_root/processed/rio/instance_gt/train/scene0049_02.txt,True,True
0cac7635-8d6f-2d13-8ea5-25f4dc197d1d,scene0051_00,0cac7635-8d6f-2d13-8ea5-25f4dc197d1d,train,adaptation,external:data_root/processed/rio/train/0051_00.npy,True,external:data_root/processed/rio/instance_gt/train/scene0051_00.txt,True,True
0cac7635-8d6f-2d13-8ea5-25f4dc197d1d,scene0051_01,0cac7637-8d6f-2d13-8e6f-f79dce250314,train,adaptation,external:data_root/processed/rio/train/0051_01.npy,True,external:data_root/processed/rio/instance_gt/train/scene0051_01.txt,True,True
0cac763b-8d6f-2d13-8c67-de3d97b48d39,scene0052_00,0cac763b-8d6f-2d13-8c67-de3d97b48d39,train,adaptation,external:data_root/processed/rio/train/0052_00.npy,True,external:data_root/processed/rio/instance_gt/train/scene0052_00.txt,True,True
0cac763b-8d6f-2d13-8c67-de3d97b48d39,scene0052_01,0cac7640-8d6f-2d13-8d50-e374f145f2b6,train,adaptation,external:data_root/processed/rio/train/0052_01.npy,True,external:data_root/processed/rio/instance_gt/train/scene0052_01.txt,True,True
0cac7642-8d6f-2d13-8f9f-eb19016049fa,scene0053_00,0cac7642-8d6f-2d13-8f9f-eb19016049fa,train,adaptation,external:data_root/processed/rio/train/0053_00.npy,True,external:data_root/processed/rio/instance_gt/train/scene0053_00.txt,True,True
0cac7642-8d6f-2d13-8f9f-eb19016049fa,scene0053_01,0cac7644-8d6f-2d13-8e31-4a5219d710b9,train,adaptation,external:data_root/processed/rio/train/0053_01.npy,True,external:data_root/processed/rio/instance_gt/train/scene0053_01.txt,True,True
0cac7648-8d6f-2d13-8e30-76663c19baa4,scene0054_00,0cac7648-8d6f-2d13-8e30-76663c19baa4,train,adaptation,external:data_root/processed/rio/train/0054_00.npy,True,external:data_root/processed/rio/instance_gt/train/scene0054_00.txt,True,True
0cac7648-8d6f-2d13-8e30-76663c19baa4,scene0054_01,0cac7646-8d6f-2d13-8d24-1bc724028d31,train,adaptation,external:data_root/processed/rio/train/0054_01.npy,True,external:data_root/processed/rio/instance_gt/train/scene0054_01.txt,True,True
0cac764c-8d6f-2d13-8fec-15edfc3e53ad,scene0055_00,0cac764c-8d6f-2d13-8fec-15edfc3e53ad,train,adaptation,external:data_root/processed/rio/train/0055_00.npy,True,external:data_root/processed/rio/instance_gt/train/scene0055_00.txt,True,True
0cac764c-8d6f-2d13-8fec-15edfc3e53ad,scene0055_01,0cac764a-8d6f-2d13-8fbd-2966f09c65d0,train,adaptation,external:data_root/processed/rio/train/0055_01.npy,True,external:data_root/processed/rio/instance_gt/train/scene0055_01.txt,True,True
0cac7654-8d6f-2d13-8e68-ddd1767454ad,scene0056_00,0cac7654-8d6f-2d13-8e68-ddd1767454ad,train,adaptation,external:data_root/processed/rio/train/0056_00.npy,True,external:data_root/processed/rio/instance_gt/train/scene0056_00.txt,True,True
0cac7654-8d6f-2d13-8e68-ddd1767454ad,scene0056_01,0cac7652-8d6f-2d13-8f0e-a1dd07a8a847,train,adaptation,external:data_root/processed/rio/train/0056_01.npy,True,external:data_root/processed/rio/instance_gt/train/scene0056_01.txt,True,True
0cac7664-8d6f-2d13-8e1d-b97c9ab20b12,scene0057_00,0cac7664-8d6f-2d13-8e1d-b97c9ab20b12,train,adaptation,external:data_root/processed/rio/train/0057_00.npy,True,external:data_root/processed/rio/instance_gt/train/scene0057_00.txt,True,True
0cac7664-8d6f-2d13-8e1d-b97c9ab20b12,scene0057_01,dbeb4d1f-faf9-2324-98d1-605c3c0c0658,train,adaptation,external:data_root/processed/rio/train/0057_01.npy,True,external:data_root/processed/rio/instance_gt/train/scene0057_01.txt,True,True
0cac7664-8d6f-2d13-8e1d-b97c9ab20b12,scene0057_02,0cac7662-8d6f-2d13-8e2c-189aab269bae,train,adaptation,external:data_root/processed/rio/train/0057_02.npy,True,external:data_root/processed/rio/instance_gt/train/scene0057_02.txt,True,True
0cac766c-8d6f-2d13-8cde-44c997b5e8a7,scene0058_00,0cac766c-8d6f-2d13-8cde-44c997b5e8a7,train,adaptation,external:data_root/processed/rio/train/0058_00.npy,True,external:data_root/processed/rio/instance_gt/train/scene0058_00.txt,True,True
0cac766c-8d6f-2d13-8cde-44c997b5e8a7,scene0058_01,75c259b9-9ca2-2844-9473-43d990560f90,train,adaptation,external:data_root/processed/rio/train/0058_01.npy,True,external:data_root/processed/rio/instance_gt/train/scene0058_01.txt,True,True
0cac766c-8d6f-2d13-8cde-44c997b5e8a7,scene0058_02,dbeb4d67-faf9-2324-9960-d9db614caeff,train,adaptation,external:data_root/processed/rio/train/0058_02.npy,True,external:data_root/processed/rio/instance_gt/train/scene0058_02.txt,True,True
0cac7676-8d6f-2d13-8f3a-d7bf7f03e721,scene0059_00,0cac7676-8d6f-2d13-8f3a-d7bf7f03e721,validation,additional_native_refs,external:data_root/processed/rio/validation/0059_00.npy,True,external:data_root/processed/rio/instance_gt/validation/scene0059_00.txt,True,True
0cac7676-8d6f-2d13-8f3a-d7bf7f03e721,scene0059_01,7272e17c-a01b-20f6-8b2f-e659331ae41a,validation,additional_native_refs,external:data_root/processed/rio/validation/0059_01.npy,True,external:data_root/processed/rio/instance_gt/validation/scene0059_01.txt,True,True
0cac767c-8d6f-2d13-8e22-50ba98af68e6,scene0061_00,0cac767c-8d6f-2d13-8e22-50ba98af68e6,train,adaptation,external:data_root/processed/rio/train/0061_00.npy,True,external:data_root/processed/rio/instance_gt/train/scene0061_00.txt,True,True
0cac767c-8d6f-2d13-8e22-50ba98af68e6,scene0061_01,19f1a892-a988-2bf8-8c91-0705cf396888,train,adaptation,external:data_root/processed/rio/train/0061_01.npy,True,external:data_root/processed/rio/instance_gt/train/scene0061_01.txt,True,True
0cac767c-8d6f-2d13-8e22-50ba98af68e6,scene0061_02,6a36053f-fa53-2915-9579-3938283bc154,train,adaptation,external:data_root/processed/rio/train/0061_02.npy,True,external:data_root/processed/rio/instance_gt/train/scene0061_02.txt,True,True
0cac767e-8d6f-2d13-8d1a-d5e9b184df15,scene0062_00,0cac767e-8d6f-2d13-8d1a-d5e9b184df15,train,adaptation,external:data_root/processed/rio/train/0062_00.npy,True,external:data_root/processed/rio/instance_gt/train/scene0062_00.txt,True,True
0cac767e-8d6f-2d13-8d1a-d5e9b184df15,scene0062_01,7272e189-a01b-20f6-8a2e-05b6c8395143,train,adaptation,external:data_root/processed/rio/train/0062_01.npy,True,external:data_root/processed/rio/instance_gt/train/scene0062_01.txt,True,True
0cac767e-8d6f-2d13-8d1a-d5e9b184df15,scene0062_02,6a360541-fa53-2915-9432-e4b7e065aa73,train,adaptation,external:data_root/processed/rio/train/0062_02.npy,True,external:data_root/processed/rio/instance_gt/train/scene0062_02.txt,True,True
0cac7680-8d6f-2d13-8e05-f6da6172d239,scene0063_00,0cac7680-8d6f-2d13-8e05-f6da6172d239,train,adaptation,external:data_root/processed/rio/train/0063_00.npy,True,external:data_root/processed/rio/instance_gt/train/scene0063_00.txt,True,True
0cac7680-8d6f-2d13-8e05-f6da6172d239,scene0063_01,19f1a897-a988-2bf8-8f8d-f3b64da81c2a,train,adaptation,external:data_root/processed/rio/train/0063_01.npy,True,external:data_root/processed/rio/instance_gt/train/scene0063_01.txt,True,True
0cac7680-8d6f-2d13-8e05-f6da6172d239,scene0063_02,6a360549-fa53-2915-97ad-3853a1cb460c,train,adaptation,external:data_root/processed/rio/train/0063_02.npy,True,external:data_root/processed/rio/instance_gt/train/scene0063_02.txt,True,True
0cac768c-8d6f-2d13-8cc8-7ace156fc3e7,scene0064_00,0cac768c-8d6f-2d13-8cc8-7ace156fc3e7,train,adaptation,external:data_root/processed/rio/train/0064_00.npy,True,external:data_root/processed/rio/instance_gt/train/scene0064_00.txt,True,True
0cac768c-8d6f-2d13-8cc8-7ace156fc3e7,scene0064_01,0cac768a-8d6f-2d13-8dd3-3cbb7d916641,train,adaptation,external:data_root/processed/rio/train/0064_01.npy,True,external:data_root/processed/rio/instance_gt/train/scene0064_01.txt,True,True
0cf75f4b-564d-23f5-899f-ff97701d3f3b,scene0065_00,0cf75f4b-564d-23f5-899f-ff97701d3f3b,train,adaptation,external:data_root/processed/rio/train/0065_00.npy,True,external:data_root/processed/rio/instance_gt/train/scene0065_00.txt,True,True
0cf75f4b-564d-23f5-899f-ff97701d3f3b,scene0065_01,0cf75f4e-564d-23f5-8a9a-3ceecab0afe1,train,adaptation,external:data_root/processed/rio/train/0065_01.npy,True,external:data_root/processed/rio/instance_gt/train/scene0065_01.txt,True,True
0cf75f4b-564d-23f5-899f-ff97701d3f3b,scene0065_02,0cf75f50-564d-23f5-8a6b-cf1f98afcbce,train,adaptation,external:data_root/processed/rio/train/0065_02.npy,True,external:data_root/processed/rio/instance_gt/train/scene0065_02.txt,True,True
0f2f2711-b736-2f71-8c6a-245a9d820a8c,scene0066_00,0f2f2711-b736-2f71-8c6a-245a9d820a8c,train,development,external:data_root/processed/rio/train/0066_00.npy,True,external:data_root/processed/rio/instance_gt/train/scene0066_00.txt,True,True
0f2f2711-b736-2f71-8c6a-245a9d820a8c,scene0066_01,0f2f2713-b736-2f71-8c10-dcecbef587f9,train,development,external:data_root/processed/rio/train/0066_01.npy,True,external:data_root/processed/rio/instance_gt/train/scene0066_01.txt,True,True
0f2f2711-b736-2f71-8c6a-245a9d820a8c,scene0066_02,0f2f2717-b736-2f71-8d6a-28817c01a17f,train,development,external:data_root/processed/rio/train/0066_02.npy,True,external:data_root/processed/rio/instance_gt/train/scene0066_02.txt,True,True
0f2f2711-b736-2f71-8c6a-245a9d820a8c,scene0066_03,7ab2a9c3-ebc6-2056-8965-ecbce808b905,train,development,external:data_root/processed/rio/train/0066_03.npy,True,external:data_root/processed/rio/instance_gt/train/scene0066_03.txt,True,True
0f2f2711-b736-2f71-8c6a-245a9d820a8c,scene0066_04,8eabc405-5af7-2f32-86d2-d757fa7b019d,train,development,external:data_root/processed/rio/train/0066_04.npy,True,external:data_root/processed/rio/instance_gt/train/scene0066_04.txt,True,True
0f2f271b-b736-2f71-8f3a-e9265463abcb,scene0067_00,0f2f271b-b736-2f71-8f3a-e9265463abcb,train,adaptation,external:data_root/processed/rio/train/0067_00.npy,True,external:data_root/processed/rio/instance_gt/train/scene0067_00.txt,True,True
0f2f271b-b736-2f71-8f3a-e9265463abcb,scene0067_01,0f2f271d-b736-2f71-8d77-dfc428e30c1e,train,adaptation,external:data_root/processed/rio/train/0067_01.npy,True,external:data_root/processed/rio/instance_gt/train/scene0067_01.txt,True,True
0f2f271b-b736-2f71-8f3a-e9265463abcb,scene0067_02,0f2f271f-b736-2f71-8f74-15fd679c80d5,train,adaptation,external:data_root/processed/rio/train/0067_02.npy,True,external:data_root/processed/rio/instance_gt/train/scene0067_02.txt,True,True
0f2f271b-b736-2f71-8f3a-e9265463abcb,scene0067_03,0f2f2721-b736-2f71-8cd7-8f86d4bd0437,train,adaptation,external:data_root/processed/rio/train/0067_03.npy,True,external:data_root/processed/rio/instance_gt/train/scene0067_03.txt,True,True
10b17936-3938-2467-88ba-ba5fe2debf14,scene0068_00,10b17936-3938-2467-88ba-ba5fe2debf14,train,development,external:data_root/processed/rio/train/0068_00.npy,True,external:data_root/processed/rio/instance_gt/train/scene0068_00.txt,True,True
10b17936-3938-2467-88ba-ba5fe2debf14,scene0068_01,c92fb580-f771-2064-866d-8aeb53e8360d,train,development,external:data_root/processed/rio/train/0068_01.npy,True,external:data_root/processed/rio/instance_gt/train/scene0068_01.txt,True,True
10b17936-3938-2467-88ba-ba5fe2debf14,scene0068_02,c92fb582-f771-2064-86b3-52c04298e4e6,train,development,external:data_root/processed/rio/train/0068_02.npy,True,external:data_root/processed/rio/instance_gt/train/scene0068_02.txt,True,True
10b17936-3938-2467-88ba-ba5fe2debf14,scene0068_03,c92fb5b1-f771-2064-8492-1233552bf94d,train,development,external:data_root/processed/rio/train/0068_03.npy,True,external:data_root/processed/rio/instance_gt/train/scene0068_03.txt,True,True
10b17936-3938-2467-88ba-ba5fe2debf14,scene0068_04,c92fb5af-f771-2064-8476-871572e38970,train,development,external:data_root/processed/rio/train/0068_04.npy,True,external:data_root/processed/rio/instance_gt/train/scene0068_04.txt,True,True
10b17936-3938-2467-88ba-ba5fe2debf14,scene0068_05,10b17938-3938-2467-8a37-21820ba7efc8,train,development,external:data_root/processed/rio/train/0068_05.npy,True,external:data_root/processed/rio/instance_gt/train/scene0068_05.txt,True,True
10b17940-3938-2467-8a7a-958300ba83d3,scene0069_00,10b17940-3938-2467-8a7a-958300ba83d3,validation,protocol_b_final,external:data_root/processed/rio/validation/0069_00.npy,True,external:data_root/processed/rio/instance_gt/validation/scene0069_00.txt,True,True
10b17940-3938-2467-8a7a-958300ba83d3,scene0069_01,c2d9933f-1947-2fbf-807f-c44bc1aed269,validation,protocol_b_final,external:data_root/processed/rio/validation/0069_01.npy,True,external:data_root/processed/rio/instance_gt/validation/scene0069_01.txt,True,True
10b17940-3938-2467-8a7a-958300ba83d3,scene0069_02,c2d9933d-1947-2fbf-81fa-c8a7f9625eea,validation,protocol_b_final,external:data_root/processed/rio/validation/0069_02.npy,True,external:data_root/processed/rio/instance_gt/validation/scene0069_02.txt,True,True
10b17940-3938-2467-8a7a-958300ba83d3,scene0069_03,5630cfe7-12bf-2860-8710-52729dc36cc6,validation,protocol_b_final,external:data_root/processed/rio/validation/0069_03.npy,True,external:data_root/processed/rio/instance_gt/validation/scene0069_03.txt,True,True
10b17940-3938-2467-8a7a-958300ba83d3,scene0069_04,c2d99349-1947-2fbf-837e-a0bd5e027c52,validation,protocol_b_final,external:data_root/processed/rio/validation/0069_04.npy,True,external:data_root/processed/rio/instance_gt/validation/scene0069_04.txt,True,True
10b17940-3938-2467-8a7a-958300ba83d3,scene0069_05,c2d99347-1947-2fbf-834b-f95790c125dd,validation,protocol_b_final,external:data_root/processed/rio/validation/0069_05.npy,True,external:data_root/processed/rio/instance_gt/validation/scene0069_05.txt,True,True
10b17940-3938-2467-8a7a-958300ba83d3,scene0069_06,c2d99345-1947-2fbf-818d-90ea82acef29,validation,protocol_b_final,external:data_root/processed/rio/validation/0069_06.npy,True,external:data_root/processed/rio/instance_gt/validation/scene0069_06.txt,True,True
10b17940-3938-2467-8a7a-958300ba83d3,scene0069_07,c2d99343-1947-2fbf-808f-92dbb7d47aa5,validation,protocol_b_final,external:data_root/processed/rio/validation/0069_07.npy,True,external:data_root/processed/rio/instance_gt/validation/scene0069_07.txt,True,True
10b17940-3938-2467-8a7a-958300ba83d3,scene0069_08,c2d99341-1947-2fbf-817a-5aa9b44f724f,validation,protocol_b_final,external:data_root/processed/rio/validation/0069_08.npy,True,external:data_root/processed/rio/instance_gt/validation/scene0069_08.txt,True,True
10b17940-3938-2467-8a7a-958300ba83d3,scene0069_09,6e67e55f-1209-2cd0-8194-8c6278434c80,validation,protocol_b_final,external:data_root/processed/rio/validation/0069_09.npy,True,external:data_root/processed/rio/instance_gt/validation/scene0069_09.txt,True,True
10b1795b-3938-2467-88fe-b10cad8913f8,scene0071_00,10b1795b-3938-2467-88fe-b10cad8913f8,train,adaptation,external:data_root/processed/rio/train/0071_00.npy,True,external:data_root/processed/rio/instance_gt/train/scene0071_00.txt,True,True
10b1795b-3938-2467-88fe-b10cad8913f8,scene0071_01,9c27de56-6184-2cda-8196-591957b6387d,train,adaptation,external:data_root/processed/rio/train/0071_01.npy,True,external:data_root/processed/rio/instance_gt/train/scene0071_01.txt,True,True
10b1795b-3938-2467-88fe-b10cad8913f8,scene0071_02,1d2f8510-d757-207c-8c48-3684433860e1,train,adaptation,external:data_root/processed/rio/train/0071_02.npy,True,external:data_root/processed/rio/instance_gt/train/scene0071_02.txt,True,True
10b1795f-3938-2467-8aa6-c985377d32fb,scene0072_00,10b1795f-3938-2467-8aa6-c985377d32fb,train,adaptation,external:data_root/processed/rio/train/0072_00.npy,True,external:data_root/processed/rio/instance_gt/train/scene0072_00.txt,True,True
10b1795f-3938-2467-8aa6-c985377d32fb,scene0072_01,fcf66d79-622d-291c-84dd-a88fa9c4e664,train,adaptation,external:data_root/processed/rio/train/0072_01.npy,True,external:data_root/processed/rio/instance_gt/train/scene0072_01.txt,True,True
10b1795f-3938-2467-8aa6-c985377d32fb,scene0072_02,1d2f850e-d757-207c-8eea-5d41656673f4,train,adaptation,external:data_root/processed/rio/train/0072_02.npy,True,external:data_root/processed/rio/instance_gt/train/scene0072_02.txt,True,True
10b17971-3938-2467-8a86-2b42613aa7ec,scene0073_00,10b17971-3938-2467-8a86-2b42613aa7ec,train,adaptation,external:data_root/processed/rio/train/0073_00.npy,True,external:data_root/processed/rio/instance_gt/train/scene0073_00.txt,True,True
10b17971-3938-2467-8a86-2b42613aa7ec,scene0073_01,10b17973-3938-2467-8906-5ba39b48458d,train,adaptation,external:data_root/processed/rio/train/0073_01.npy,True,external:data_root/processed/rio/instance_gt/train/scene0073_01.txt,True,True
13124cad-cec3-27a6-857f-914a832a87c3,scene0074_00,13124cad-cec3-27a6-857f-914a832a87c3,train,adaptation,external:data_root/processed/rio/train/0074_00.npy,True,external:data_root/processed/rio/instance_gt/train/scene0074_00.txt,True,True
13124cad-cec3-27a6-857f-914a832a87c3,scene0074_01,6a360551-fa53-2915-9739-7b7c1857bed3,train,adaptation,external:data_root/processed/rio/train/0074_01.npy,True,external:data_root/processed/rio/instance_gt/train/scene0074_01.txt,True,True
13124cb2-cec3-27a6-8583-cc0a9d6d1a9a,scene0075_00,13124cb2-cec3-27a6-8583-cc0a9d6d1a9a,train,adaptation,external:data_root/processed/rio/train/0075_00.npy,True,external:data_root/processed/rio/instance_gt/train/scene0075_00.txt,True,True
13124cb2-cec3-27a6-8583-cc0a9d6d1a9a,scene0075_01,6a36055f-fa53-2915-9432-786820630ea7,train,adaptation,external:data_root/processed/rio/train/0075_01.npy,True,external:data_root/processed/rio/instance_gt/train/scene0075_01.txt,True,True
13124cbe-cec3-27a6-8745-6e02a03494d2,scene0076_00,13124cbe-cec3-27a6-8745-6e02a03494d2,train,adaptation,external:data_root/processed/rio/train/0076_00.npy,True,external:data_root/processed/rio/instance_gt/train/scene0076_00.txt,True,True
13124cbe-cec3-27a6-8745-6e02a03494d2,scene0076_01,6a360545-fa53-2915-9484-a3de8990a423,train,adaptation,external:data_root/processed/rio/train/0076_01.npy,True,external:data_root/processed/rio/instance_gt/train/scene0076_01.txt,True,True
13124cbe-cec3-27a6-8745-6e02a03494d2,scene0076_02,6a360547-fa53-2915-9606-a90f1c737290,train,adaptation,external:data_root/processed/rio/train/0076_02.npy,True,external:data_root/processed/rio/instance_gt/train/scene0076_02.txt,True,True
13124cc0-cec3-27a6-84bd-1f56cb6d11a8,scene0077_00,13124cc0-cec3-27a6-84bd-1f56cb6d11a8,train,adaptation,external:data_root/processed/rio/train/0077_00.npy,True,external:data_root/processed/rio/instance_gt/train/scene0077_00.txt,True,True
13124cc0-cec3-27a6-84bd-1f56cb6d11a8,scene0077_01,7272e190-a01b-20f6-8bde-769bcd548633,train,adaptation,external:data_root/processed/rio/train/0077_01.npy,True,external:data_root/processed/rio/instance_gt/train/scene0077_01.txt,True,True
13124cc0-cec3-27a6-84bd-1f56cb6d11a8,scene0077_02,6a360543-fa53-2915-95a7-697af24d1d25,train,adaptation,external:data_root/processed/rio/train/0077_02.npy,True,external:data_root/processed/rio/instance_gt/train/scene0077_02.txt,True,True
13124cc2-cec3-27a6-86ad-946fe3a73493,scene0078_00,13124cc2-cec3-27a6-86ad-946fe3a73493,train,adaptation,external:data_root/processed/rio/train/0078_00.npy,True,external:data_root/processed/rio/instance_gt/train/scene0078_00.txt,True,True
13124cc2-cec3-27a6-86ad-946fe3a73493,scene0078_01,7272e182-a01b-20f6-89b8-3bdec0091c89,train,adaptation,external:data_root/processed/rio/train/0078_01.npy,True,external:data_root/processed/rio/instance_gt/train/scene0078_01.txt,True,True
13124cc2-cec3-27a6-86ad-946fe3a73493,scene0078_02,6a36053b-fa53-2915-9716-6b5361c7791a,train,adaptation,external:data_root/processed/rio/train/0078_02.npy,True,external:data_root/processed/rio/instance_gt/train/scene0078_02.txt,True,True
137a8158-1db5-2cc0-8003-31c12610471e,scene0079_00,137a8158-1db5-2cc0-8003-31c12610471e,validation,protocol_b_final,external:data_root/processed/rio/validation/0079_00.npy,True,external:data_root/processed/rio/instance_gt/validation/scene0079_00.txt,True,True
137a8158-1db5-2cc0-8003-31c12610471e,scene0079_01,5630cfd3-12bf-2860-8749-9dacb499fb14,validation,protocol_b_final,external:data_root/processed/rio/validation/0079_01.npy,True,external:data_root/processed/rio/instance_gt/validation/scene0079_01.txt,True,True
137a8158-1db5-2cc0-8003-31c12610471e,scene0079_02,c92fb5b7-f771-2064-87a9-31c819832405,validation,protocol_b_final,external:data_root/processed/rio/validation/0079_02.npy,True,external:data_root/processed/rio/instance_gt/validation/scene0079_02.txt,True,True
137a8158-1db5-2cc0-8003-31c12610471e,scene0079_03,f2c76ff1-2239-29d0-87f5-8a0346584384,validation,protocol_b_final,external:data_root/processed/rio/validation/0079_03.npy,True,external:data_root/processed/rio/instance_gt/validation/scene0079_03.txt,True,True
137a8158-1db5-2cc0-8003-31c12610471e,scene0079_04,f2c76fed-2239-29d0-8598-9ed42cec9dc5,validation,protocol_b_final,external:data_root/processed/rio/validation/0079_04.npy,True,external:data_root/processed/rio/instance_gt/validation/scene0079_04.txt,True,True
137a8158-1db5-2cc0-8003-31c12610471e,scene0079_05,f2c76feb-2239-29d0-8418-72b6051fc144,validation,protocol_b_final,external:data_root/processed/rio/validation/0079_05.npy,True,external:data_root/processed/rio/instance_gt/validation/scene0079_05.txt,True,True
137a8158-1db5-2cc0-8003-31c12610471e,scene0079_06,f2c76fe9-2239-29d0-87ec-f2c7ced812c1,validation,protocol_b_final,external:data_root/processed/rio/validation/0079_06.npy,True,external:data_root/processed/rio/instance_gt/validation/scene0079_06.txt,True,True
137a8158-1db5-2cc0-8003-31c12610471e,scene0079_07,f2c76fe7-2239-29d0-84f5-144c30fd7451,validation,protocol_b_final,external:data_root/processed/rio/validation/0079_07.npy,True,external:data_root/processed/rio/instance_gt/validation/scene0079_07.txt,True,True
137a8158-1db5-2cc0-8003-31c12610471e,scene0079_08,f2c76fe5-2239-29d0-8593-1a2555125595,validation,protocol_b_final,external:data_root/processed/rio/validation/0079_08.npy,True,external:data_root/processed/rio/instance_gt/validation/scene0079_08.txt,True,True
137a8158-1db5-2cc0-8003-31c12610471e,scene0079_09,d04eb40f-1d53-27ea-8a41-47892bde7017,validation,protocol_b_final,external:data_root/processed/rio/validation/0079_09.npy,True,external:data_root/processed/rio/instance_gt/validation/scene0079_09.txt,True,True
137a8158-1db5-2cc0-8003-31c12610471e,scene0079_10,6e67e550-1209-2cd0-8294-7cc2564cf82c,validation,protocol_b_final,external:data_root/processed/rio/validation/0079_10.npy,True,external:data_root/processed/rio/instance_gt/validation/scene0079_10.txt,True,True
137a8158-1db5-2cc0-8003-31c12610471e,scene0079_11,10b1792a-3938-2467-8b4e-a93da27a0985,validation,protocol_b_final,external:data_root/processed/rio/validation/0079_11.npy,True,external:data_root/processed/rio/instance_gt/validation/scene0079_11.txt,True,True
1713f852-5300-2104-8658-73b77b66af61,scene0081_00,1713f852-5300-2104-8658-73b77b66af61,train,adaptation,external:data_root/processed/rio/train/0081_00.npy,True,external:data_root/processed/rio/instance_gt/train/scene0081_00.txt,True,True
1713f852-5300-2104-8658-73b77b66af61,scene0081_01,1713f857-5300-2104-85c7-5e6e0b50713c,train,adaptation,external:data_root/processed/rio/train/0081_01.npy,True,external:data_root/processed/rio/instance_gt/train/scene0081_01.txt,True,True
1713f852-5300-2104-8658-73b77b66af61,scene0081_02,1713f859-5300-2104-841c-c60e88ded469,train,adaptation,external:data_root/processed/rio/train/0081_02.npy,True,external:data_root/processed/rio/instance_gt/train/scene0081_02.txt,True,True
1776ad7c-4db7-2333-88b3-edb7a9803f6f,scene0082_00,1776ad7c-4db7-2333-88b3-edb7a9803f6f,train,adaptation,external:data_root/processed/rio/train/0082_00.npy,True,external:data_root/processed/rio/instance_gt/train/scene0082_00.txt,True,True
1776ad7c-4db7-2333-88b3-edb7a9803f6f,scene0082_01,1776ad78-4db7-2333-887f-d6b6a617255a,train,adaptation,external:data_root/processed/rio/train/0082_01.npy,True,external:data_root/processed/rio/instance_gt/train/scene0082_01.txt,True,True
1776ad7c-4db7-2333-88b3-edb7a9803f6f,scene0082_02,1776ad76-4db7-2333-8ab2-6de6191f3d11,train,adaptation,external:data_root/processed/rio/train/0082_02.npy,True,external:data_root/processed/rio/instance_gt/train/scene0082_02.txt,True,True
1776ad7c-4db7-2333-88b3-edb7a9803f6f,scene0082_03,1776ad7a-4db7-2333-8afa-5fb5440b2edc,train,adaptation,external:data_root/processed/rio/train/0082_03.npy,True,external:data_root/processed/rio/instance_gt/train/scene0082_03.txt,True,True
1776ad7e-4db7-2333-89e1-66854e82170c,scene0083_00,1776ad7e-4db7-2333-89e1-66854e82170c,train,development,external:data_root/processed/rio/train/0083_00.npy,True,external:data_root/processed/rio/instance_gt/train/scene0083_00.txt,True,True
1776ad7e-4db7-2333-89e1-66854e82170c,scene0083_01,1776ad82-4db7-2333-89e4-d73159ac81d0,train,development,external:data_root/processed/rio/train/0083_01.npy,True,external:data_root/processed/rio/instance_gt/train/scene0083_01.txt,True,True
1776ad7e-4db7-2333-89e1-66854e82170c,scene0083_02,1776ad86-4db7-2333-8935-240e44ccb16d,train,development,external:data_root/processed/rio/train/0083_02.npy,True,external:data_root/processed/rio/instance_gt/train/scene0083_02.txt,True,True
1776ad7e-4db7-2333-89e1-66854e82170c,scene0083_03,1776ad80-4db7-2333-8b18-f02ef42f3569,train,development,external:data_root/processed/rio/train/0083_03.npy,True,external:data_root/processed/rio/instance_gt/train/scene0083_03.txt,True,True
1776ad7e-4db7-2333-89e1-66854e82170c,scene0083_04,1776ad84-4db7-2333-8aa7-2cc9126d5f71,train,development,external:data_root/processed/rio/train/0083_04.npy,True,external:data_root/processed/rio/instance_gt/train/scene0083_04.txt,True,True
185d7423-3698-223c-8879-80ad9339afce,scene0084_00,185d7423-3698-223c-8879-80ad9339afce,train,adaptation,external:data_root/processed/rio/train/0084_00.npy,True,external:data_root/processed/rio/instance_gt/train/scene0084_00.txt,True,True
185d7423-3698-223c-8879-80ad9339afce,scene0084_01,185d7425-3698-223c-8ac8-78643cbdc3d1,train,adaptation,external:data_root/processed/rio/train/0084_01.npy,True,external:data_root/processed/rio/instance_gt/train/scene0084_01.txt,True,True
185d7423-3698-223c-8879-80ad9339afce,scene0084_02,185d7427-3698-223c-8996-74a451349121,train,adaptation,external:data_root/processed/rio/train/0084_02.npy,True,external:data_root/processed/rio/instance_gt/train/scene0084_02.txt,True,True
185d7423-3698-223c-8879-80ad9339afce,scene0084_03,185d7429-3698-223c-8a42-8c2d18d51531,train,adaptation,external:data_root/processed/rio/train/0084_03.npy,True,external:data_root/processed/rio/instance_gt/train/scene0084_03.txt,True,True
18d4d91f-7eb5-280e-8757-1eb6f43ecfd2,scene0085_00,18d4d91f-7eb5-280e-8757-1eb6f43ecfd2,train,adaptation,external:data_root/processed/rio/train/0085_00.npy,True,external:data_root/processed/rio/instance_gt/train/scene0085_00.txt,True,True
18d4d91f-7eb5-280e-8757-1eb6f43ecfd2,scene0085_01,6ed38504-7db9-2d45-81b6-b57de59a603b,train,adaptation,external:data_root/processed/rio/train/0085_01.npy,True,external:data_root/processed/rio/instance_gt/train/scene0085_01.txt,True,True
18d4d91f-7eb5-280e-8757-1eb6f43ecfd2,scene0085_02,6ed38506-7db9-2d45-826e-645bbd9614e6,train,adaptation,external:data_root/processed/rio/train/0085_02.npy,True,external:data_root/processed/rio/instance_gt/train/scene0085_02.txt,True,True
18d4d922-7eb5-280e-87bb-af3229fb1f13,scene0086_00,18d4d922-7eb5-280e-87bb-af3229fb1f13,train,adaptation,external:data_root/processed/rio/train/0086_00.npy,True,external:data_root/processed/rio/instance_gt/train/scene0086_00.txt,True,True
18d4d922-7eb5-280e-87bb-af3229fb1f13,scene0086_01,18d4d924-7eb5-280e-8764-f9654f215144,train,adaptation,external:data_root/processed/rio/train/0086_01.npy,True,external:data_root/processed/rio/instance_gt/train/scene0086_01.txt,True,True
18d4d926-7eb5-280e-87df-199e66f2babd,scene0087_00,18d4d926-7eb5-280e-87df-199e66f2babd,train,adaptation,external:data_root/processed/rio/train/0087_00.npy,True,external:data_root/processed/rio/instance_gt/train/scene0087_00.txt,True,True
18d4d926-7eb5-280e-87df-199e66f2babd,scene0087_01,b3d355dd-7f5b-2091-86d0-b81f777eb9c1,train,adaptation,external:data_root/processed/rio/train/0087_01.npy,True,external:data_root/processed/rio/instance_gt/train/scene0087_01.txt,True,True
1c211546-f201-2d25-862b-6323518ec6e1,scene0088_00,1c211546-f201-2d25-862b-6323518ec6e1,train,adaptation,external:data_root/processed/rio/train/0088_00.npy,True,external:data_root/processed/rio/instance_gt/train/scene0088_00.txt,True,True
1c211546-f201-2d25-862b-6323518ec6e1,scene0088_01,d63767c1-3205-226c-9a47-70f388b93739,train,adaptation,external:data_root/processed/rio/train/0088_01.npy,True,external:data_root/processed/rio/instance_gt/train/scene0088_01.txt,True,True
1c211546-f201-2d25-862b-6323518ec6e1,scene0088_02,1c21154a-f201-2d25-8573-d3e22ddfe900,train,adaptation,external:data_root/processed/rio/train/0088_02.npy,True,external:data_root/processed/rio/instance_gt/train/scene0088_02.txt,True,True
1c211546-f201-2d25-862b-6323518ec6e1,scene0088_03,1c211548-f201-2d25-8686-8e8069116451,train,adaptation,external:data_root/processed/rio/train/0088_03.npy,True,external:data_root/processed/rio/instance_gt/train/scene0088_03.txt,True,True
1d233fe8-e280-2b1a-8fac-c3646a1cd64a,scene0089_00,1d233fe8-e280-2b1a-8fac-c3646a1cd64a,validation,additional_native_refs,external:data_root/processed/rio/validation/0089_00.npy,True,external:data_root/processed/rio/instance_gt/validation/scene0089_00.txt,True,True
1d233fe8-e280-2b1a-8fac-c3646a1cd64a,scene0089_01,1d233fe6-e280-2b1a-8caf-eb0d13a59ad6,validation,additional_native_refs,external:data_root/processed/rio/validation/0089_01.npy,True,external:data_root/processed/rio/instance_gt/validation/scene0089_01.txt,True,True
1d233ff6-e280-2b1a-8ed5-3eec62f9bb3f,scene0091_00,1d233ff6-e280-2b1a-8ed5-3eec62f9bb3f,train,adaptation,external:data_root/processed/rio/train/0091_00.npy,True,external:data_root/processed/rio/instance_gt/train/scene0091_00.txt,True,True
1d233ff6-e280-2b1a-8ed5-3eec62f9bb3f,scene0091_01,1d233fec-e280-2b1a-8e12-986a9af880f0,train,adaptation,external:data_root/processed/rio/train/0091_01.npy,True,external:data_root/processed/rio/instance_gt/train/scene0091_01.txt,True,True
1d233ff6-e280-2b1a-8ed5-3eec62f9bb3f,scene0091_02,1d233fea-e280-2b1a-8f15-cd60d12ae197,train,adaptation,external:data_root/processed/rio/train/0091_02.npy,True,external:data_root/processed/rio/instance_gt/train/scene0091_02.txt,True,True
1d233ffe-e280-2b1a-8f1e-7ddb66c98d36,scene0092_00,1d233ffe-e280-2b1a-8f1e-7ddb66c98d36,train,adaptation,external:data_root/processed/rio/train/0092_00.npy,True,external:data_root/processed/rio/instance_gt/train/scene0092_00.txt,True,True
1d233ffe-e280-2b1a-8f1e-7ddb66c98d36,scene0092_01,1d233ffc-e280-2b1a-8c3a-af74ca2b0cea,train,adaptation,external:data_root/processed/rio/train/0092_01.npy,True,external:data_root/processed/rio/instance_gt/train/scene0092_01.txt,True,True
1d233ffe-e280-2b1a-8f1e-7ddb66c98d36,scene0092_02,1d233ffa-e280-2b1a-8e92-2540f61e5501,train,adaptation,external:data_root/processed/rio/train/0092_02.npy,True,external:data_root/processed/rio/instance_gt/train/scene0092_02.txt,True,True
1d234002-e280-2b1a-8c8d-6aafb5b35a24,scene0093_00,1d234002-e280-2b1a-8c8d-6aafb5b35a24,train,adaptation,external:data_root/processed/rio/train/0093_00.npy,True,external:data_root/processed/rio/instance_gt/train/scene0093_00.txt,True,True
1d234002-e280-2b1a-8c8d-6aafb5b35a24,scene0093_01,1d234000-e280-2b1a-8d5e-bd2403a8dbfa,train,adaptation,external:data_root/processed/rio/train/0093_01.npy,True,external:data_root/processed/rio/instance_gt/train/scene0093_01.txt,True,True
1d234004-e280-2b1a-8ec8-560046b9fc96,scene0094_00,1d234004-e280-2b1a-8ec8-560046b9fc96,train,adaptation,external:data_root/processed/rio/train/0094_00.npy,True,external:data_root/processed/rio/instance_gt/train/scene0094_00.txt,True,True
1d234004-e280-2b1a-8ec8-560046b9fc96,scene0094_01,1d233fee-e280-2b1a-8e0d-1dc297439839,train,adaptation,external:data_root/processed/rio/train/0094_01.npy,True,external:data_root/processed/rio/instance_gt/train/scene0094_01.txt,True,True
1d234006-e280-2b1a-8e34-b2f670259e8d,scene0095_00,1d234006-e280-2b1a-8e34-b2f670259e8d,train,adaptation,external:data_root/processed/rio/train/0095_00.npy,True,external:data_root/processed/rio/instance_gt/train/scene0095_00.txt,True,True
1d234006-e280-2b1a-8e34-b2f670259e8d,scene0095_01,1d23400a-e280-2b1a-8e83-f7344ba74475,train,adaptation,external:data_root/processed/rio/train/0095_01.npy,True,external:data_root/processed/rio/instance_gt/train/scene0095_01.txt,True,True
1d234006-e280-2b1a-8e34-b2f670259e8d,scene0095_02,1d234008-e280-2b1a-8cc9-c573097cd272,train,adaptation,external:data_root/processed/rio/train/0095_02.npy,True,external:data_root/processed/rio/instance_gt/train/scene0095_02.txt,True,True
1d234010-e280-2b1a-8da8-205855a16b6b,scene0096_00,1d234010-e280-2b1a-8da8-205855a16b6b,train,adaptation,external:data_root/processed/rio/train/0096_00.npy,True,external:data_root/processed/rio/instance_gt/train/scene0096_00.txt,True,True
1d234010-e280-2b1a-8da8-205855a16b6b,scene0096_01,1d23400e-e280-2b1a-8dec-67a551146c3a,train,adaptation,external:data_root/processed/rio/train/0096_01.npy,True,external:data_root/processed/rio/instance_gt/train/scene0096_01.txt,True,True
1d234010-e280-2b1a-8da8-205855a16b6b,scene0096_02,1d23400c-e280-2b1a-8d36-1f20202baaf9,train,adaptation,external:data_root/processed/rio/train/0096_02.npy,True,external:data_root/processed/rio/instance_gt/train/scene0096_02.txt,True,True
1d234018-e280-2b1a-8f22-da2b997865e8,scene0097_00,1d234018-e280-2b1a-8f22-da2b997865e8,train,adaptation,external:data_root/processed/rio/train/0097_00.npy,True,external:data_root/processed/rio/instance_gt/train/scene0097_00.txt,True,True
1d234018-e280-2b1a-8f22-da2b997865e8,scene0097_01,1d23401c-e280-2b1a-8ecd-1d677f57530e,train,adaptation,external:data_root/processed/rio/train/0097_01.npy,True,external:data_root/processed/rio/instance_gt/train/scene0097_01.txt,True,True
1d234018-e280-2b1a-8f22-da2b997865e8,scene0097_02,1d234012-e280-2b1a-8dea-0d1d53e0572d,train,adaptation,external:data_root/processed/rio/train/0097_02.npy,True,external:data_root/processed/rio/instance_gt/train/scene0097_02.txt,True,True
1d23401e-e280-2b1a-8cef-f28df9df2618,scene0098_00,1d23401e-e280-2b1a-8cef-f28df9df2618,train,adaptation,external:data_root/processed/rio/train/0098_00.npy,True,external:data_root/processed/rio/instance_gt/train/scene0098_00.txt,True,True
1d23401e-e280-2b1a-8cef-f28df9df2618,scene0098_01,1d234016-e280-2b1a-8c7c-ce441e1ebb0f,train,adaptation,external:data_root/processed/rio/train/0098_01.npy,True,external:data_root/processed/rio/instance_gt/train/scene0098_01.txt,True,True
1d23401e-e280-2b1a-8cef-f28df9df2618,scene0098_02,1d234014-e280-2b1a-8eab-fe44989693aa,train,adaptation,external:data_root/processed/rio/train/0098_02.npy,True,external:data_root/processed/rio/instance_gt/train/scene0098_02.txt,True,True
1d234022-e280-2b1a-8cec-e9787bb0d7b2,scene0099_00,1d234022-e280-2b1a-8cec-e9787bb0d7b2,validation,additional_native_refs,external:data_root/processed/rio/validation/0099_00.npy,True,external:data_root/processed/rio/instance_gt/validation/scene0099_00.txt,True,True
1d234022-e280-2b1a-8cec-e9787bb0d7b2,scene0099_01,1d234026-e280-2b1a-8fe1-713e28269f4d,validation,additional_native_refs,external:data_root/processed/rio/validation/0099_01.npy,True,external:data_root/processed/rio/instance_gt/validation/scene0099_01.txt,True,True
1d234022-e280-2b1a-8cec-e9787bb0d7b2,scene0099_02,1d234024-e280-2b1a-8c28-2743fefed020,validation,additional_native_refs,external:data_root/processed/rio/validation/0099_02.npy,True,external:data_root/processed/rio/instance_gt/validation/scene0099_02.txt,True,True
1d2f8514-d757-207c-8e40-377957df6f67,scene0101_00,1d2f8514-d757-207c-8e40-377957df6f67,train,adaptation,external:data_root/processed/rio/train/0101_00.npy,True,external:data_root/processed/rio/instance_gt/train/scene0101_00.txt,True,True
1d2f8514-d757-207c-8e40-377957df6f67,scene0101_01,bf9a3df1-45a5-2e80-8198-0652e415e289,train,adaptation,external:data_root/processed/rio/train/0101_01.npy,True,external:data_root/processed/rio/instance_gt/train/scene0101_01.txt,True,True
1d2f8514-d757-207c-8e40-377957df6f67,scene0101_02,bf9a3def-45a5-2e80-83f8-65c351d6169b,train,adaptation,external:data_root/processed/rio/train/0101_02.npy,True,external:data_root/processed/rio/instance_gt/train/scene0101_02.txt,True,True
1d2f8514-d757-207c-8e40-377957df6f67,scene0101_03,ea31825e-0a4c-2749-91f9-1cc45973a0f6,train,adaptation,external:data_root/processed/rio/train/0101_03.npy,True,external:data_root/processed/rio/instance_gt/train/scene0101_03.txt,True,True
1d2f8516-d757-207c-8e08-5fef80bf34d8,scene0102_00,1d2f8516-d757-207c-8e08-5fef80bf34d8,train,adaptation,external:data_root/processed/rio/train/0102_00.npy,True,external:data_root/processed/rio/instance_gt/train/scene0102_00.txt,True,True
1d2f8516-d757-207c-8e08-5fef80bf34d8,scene0102_01,10b17967-3938-2467-88c5-a299519f9ad7,train,adaptation,external:data_root/processed/rio/train/0102_01.npy,True,external:data_root/processed/rio/instance_gt/train/scene0102_01.txt,True,True
1dd7209f-2ba0-22d9-8b9e-b5e270b2580f,scene0103_00,1dd7209f-2ba0-22d9-8b9e-b5e270b2580f,train,adaptation,external:data_root/processed/rio/train/0103_00.npy,True,external:data_root/processed/rio/instance_gt/train/scene0103_00.txt,True,True
1dd7209f-2ba0-22d9-8b9e-b5e270b2580f,scene0103_01,1dd720a1-2ba0-22d9-8b6e-bb00c888a414,train,adaptation,external:data_root/processed/rio/train/0103_01.npy,True,external:data_root/processed/rio/instance_gt/train/scene0103_01.txt,True,True
1e0ccbe6-9783-2bd7-8d51-ca9e9226bf35,scene0104_00,1e0ccbe6-9783-2bd7-8d51-ca9e9226bf35,train,adaptation,external:data_root/processed/rio/train/0104_00.npy,True,external:data_root/processed/rio/instance_gt/train/scene0104_00.txt,True,True
1e0ccbe6-9783-2bd7-8d51-ca9e9226bf35,scene0104_01,42384916-60a7-271e-9c1f-6722abc6495d,train,adaptation,external:data_root/processed/rio/train/0104_01.npy,True,external:data_root/processed/rio/instance_gt/train/scene0104_01.txt,True,True
1e0ccbe6-9783-2bd7-8d51-ca9e9226bf35,scene0104_02,42384914-60a7-271e-9c5f-f0e1eee114ae,train,adaptation,external:data_root/processed/rio/train/0104_02.npy,True,external:data_root/processed/rio/instance_gt/train/scene0104_02.txt,True,True
1e0ccbe6-9783-2bd7-8d51-ca9e9226bf35,scene0104_03,1d2f8518-d757-207c-8d4a-b2f43254c68f,train,adaptation,external:data_root/processed/rio/train/0104_03.npy,True,external:data_root/processed/rio/instance_gt/train/scene0104_03.txt,True,True
20c99392-698f-29c5-8439-54bec948ecb1,scene0105_00,20c99392-698f-29c5-8439-54bec948ecb1,train,adaptation,external:data_root/processed/rio/train/0105_00.npy,True,external:data_root/processed/rio/instance_gt/train/scene0105_00.txt,True,True
20c99392-698f-29c5-8439-54bec948ecb1,scene0105_01,20c99397-698f-29c5-8534-5304111c28af,train,adaptation,external:data_root/processed/rio/train/0105_01.npy,True,external:data_root/processed/rio/instance_gt/train/scene0105_01.txt,True,True
20c99392-698f-29c5-8439-54bec948ecb1,scene0105_02,35788e22-696e-2374-8898-bc5d06109906,train,adaptation,external:data_root/processed/rio/train/0105_02.npy,True,external:data_root/processed/rio/instance_gt/train/scene0105_02.txt,True,True
20c993a1-698f-29c5-8716-5a937fdd879a,scene0106_00,20c993a1-698f-29c5-8716-5a937fdd879a,train,adaptation,external:data_root/processed/rio/train/0106_00.npy,True,external:data_root/processed/rio/instance_gt/train/scene0106_00.txt,True,True
20c993a1-698f-29c5-8716-5a937fdd879a,scene0106_01,20c993a3-698f-29c5-86ee-4e979740ea56,train,adaptation,external:data_root/processed/rio/train/0106_01.npy,True,external:data_root/processed/rio/instance_gt/train/scene0106_01.txt,True,True
20c993af-698f-29c5-84b2-972451f94cfb,scene0107_00,20c993af-698f-29c5-84b2-972451f94cfb,train,adaptation,external:data_root/processed/rio/train/0107_00.npy,True,external:data_root/processed/rio/instance_gt/train/scene0107_00.txt,True,True
20c993af-698f-29c5-84b2-972451f94cfb,scene0107_01,8e0f1c24-9e28-2339-840c-7e135addd26b,train,adaptation,external:data_root/processed/rio/train/0107_01.npy,True,external:data_root/processed/rio/instance_gt/train/scene0107_01.txt,True,True
20c993af-698f-29c5-84b2-972451f94cfb,scene0107_02,8e0f1c26-9e28-2339-8799-53c13e81d9ff,train,adaptation,external:data_root/processed/rio/train/0107_02.npy,True,external:data_root/processed/rio/instance_gt/train/scene0107_02.txt,True,True
20c993b1-698f-29c5-865d-3a86c19acb3b,scene0108_00,20c993b1-698f-29c5-865d-3a86c19acb3b,train,adaptation,external:data_root/processed/rio/train/0108_00.npy,True,external:data_root/processed/rio/instance_gt/train/scene0108_00.txt,True,True
20c993b1-698f-29c5-865d-3a86c19acb3b,scene0108_01,f62fd5fa-9a3f-2f44-8b04-9c754f6a5a8d,train,adaptation,external:data_root/processed/rio/train/0108_01.npy,True,external:data_root/processed/rio/instance_gt/train/scene0108_01.txt,True,True
20c993b1-698f-29c5-865d-3a86c19acb3b,scene0108_02,20c993ad-698f-29c5-8580-879f93258149,train,adaptation,external:data_root/processed/rio/train/0108_02.npy,True,external:data_root/processed/rio/instance_gt/train/scene0108_02.txt,True,True
20c993b1-698f-29c5-865d-3a86c19acb3b,scene0108_03,20c993b5-698f-29c5-85a5-12b8deae78fb,train,adaptation,external:data_root/processed/rio/train/0108_03.npy,True,external:data_root/processed/rio/instance_gt/train/scene0108_03.txt,True,True
20c993b7-698f-29c5-847d-c8cb8a685f5a,scene0109_00,20c993b7-698f-29c5-847d-c8cb8a685f5a,validation,additional_native_refs,external:data_root/processed/rio/validation/0109_00.npy,True,external:data_root/processed/rio/instance_gt/validation/scene0109_00.txt,True,True
20c993b7-698f-29c5-847d-c8cb8a685f5a,scene0109_01,20c993b3-698f-29c5-859c-dca8ddecf220,validation,additional_native_refs,external:data_root/processed/rio/validation/0109_01.npy,True,external:data_root/processed/rio/instance_gt/validation/scene0109_01.txt,True,True
20c993c1-698f-29c5-86b8-50a2a0907e2b,scene0111_00,20c993c1-698f-29c5-86b8-50a2a0907e2b,train,adaptation,external:data_root/processed/rio/train/0111_00.npy,True,external:data_root/processed/rio/instance_gt/train/scene0111_00.txt,True,True
20c993c1-698f-29c5-86b8-50a2a0907e2b,scene0111_01,8e0f1c2f-9e28-2339-85ae-05fc50d1a3a7,train,adaptation,external:data_root/processed/rio/train/0111_01.npy,True,external:data_root/processed/rio/instance_gt/train/scene0111_01.txt,True,True
20c993c5-698f-29c5-8604-3248ede4091f,scene0112_00,20c993c5-698f-29c5-8604-3248ede4091f,train,adaptation,external:data_root/processed/rio/train/0112_00.npy,True,external:data_root/processed/rio/instance_gt/train/scene0112_00.txt,True,True
20c993c5-698f-29c5-8604-3248ede4091f,scene0112_01,20c993c7-698f-29c5-8685-0d1a2a4a3496,train,adaptation,external:data_root/processed/rio/train/0112_01.npy,True,external:data_root/processed/rio/instance_gt/train/scene0112_01.txt,True,True
20c993c9-698f-29c5-850e-2a93df894437,scene0113_00,20c993c9-698f-29c5-850e-2a93df894437,train,adaptation,external:data_root/processed/rio/train/0113_00.npy,True,external:data_root/processed/rio/instance_gt/train/scene0113_00.txt,True,True
20c993c9-698f-29c5-850e-2a93df894437,scene0113_01,20c993cb-698f-29c5-86fd-1a409a569219,train,adaptation,external:data_root/processed/rio/train/0113_01.npy,True,external:data_root/processed/rio/instance_gt/train/scene0113_01.txt,True,True
20c993cd-698f-29c5-8575-6a18e0e920cc,scene0114_00,20c993cd-698f-29c5-8575-6a18e0e920cc,train,adaptation,external:data_root/processed/rio/train/0114_00.npy,True,external:data_root/processed/rio/instance_gt/train/scene0114_00.txt,True,True
20c993cd-698f-29c5-8575-6a18e0e920cc,scene0114_01,20c993cf-698f-29c5-86c7-e2ee784936a1,train,adaptation,external:data_root/processed/rio/train/0114_01.npy,True,external:data_root/processed/rio/instance_gt/train/scene0114_01.txt,True,True
210cdba9-9e8d-2832-862b-b37293fcc0e1,scene0115_00,210cdba9-9e8d-2832-862b-b37293fcc0e1,train,adaptation,external:data_root/processed/rio/train/0115_00.npy,True,external:data_root/processed/rio/instance_gt/train/scene0115_00.txt,True,True
210cdba9-9e8d-2832-862b-b37293fcc0e1,scene0115_01,210cdbc5-9e8d-2832-853e-137542cf1a9b,train,adaptation,external:data_root/processed/rio/train/0115_01.npy,True,external:data_root/processed/rio/instance_gt/train/scene0115_01.txt,True,True
210cdbab-9e8d-2832-85fa-87d12badb00e,scene0116_00,210cdbab-9e8d-2832-85fa-87d12badb00e,train,adaptation,external:data_root/processed/rio/train/0116_00.npy,True,external:data_root/processed/rio/instance_gt/train/scene0116_00.txt,True,True
210cdbab-9e8d-2832-85fa-87d12badb00e,scene0116_01,210cdbc9-9e8d-2832-849c-9a10b4c87123,train,adaptation,external:data_root/processed/rio/train/0116_01.npy,True,external:data_root/processed/rio/instance_gt/train/scene0116_01.txt,True,True
210cdbab-9e8d-2832-85fa-87d12badb00e,scene0116_02,0958224a-e2c2-2de1-950b-a53ea2cb660d,train,adaptation,external:data_root/processed/rio/train/0116_02.npy,True,external:data_root/processed/rio/instance_gt/train/scene0116_02.txt,True,True
210cdbab-9e8d-2832-85fa-87d12badb00e,scene0116_03,0958224c-e2c2-2de1-948b-4417ac5f2711,train,adaptation,external:data_root/processed/rio/train/0116_03.npy,True,external:data_root/processed/rio/instance_gt/train/scene0116_03.txt,True,True
210cdbab-9e8d-2832-85fa-87d12badb00e,scene0116_04,09582246-e2c2-2de1-95ae-2afbd2e21231,train,adaptation,external:data_root/processed/rio/train/0116_04.npy,True,external:data_root/processed/rio/instance_gt/train/scene0116_04.txt,True,True
210cdbab-9e8d-2832-85fa-87d12badb00e,scene0116_05,09582248-e2c2-2de1-94ff-edbe78c9c0b4,train,adaptation,external:data_root/processed/rio/train/0116_05.npy,True,external:data_root/processed/rio/instance_gt/train/scene0116_05.txt,True,True
210cdbb2-9e8d-2832-87e5-7e474cf621ea,scene0117_00,210cdbb2-9e8d-2832-87e5-7e474cf621ea,train,adaptation,external:data_root/processed/rio/train/0117_00.npy,True,external:data_root/processed/rio/instance_gt/train/scene0117_00.txt,True,True
210cdbb2-9e8d-2832-87e5-7e474cf621ea,scene0117_01,210cdbbd-9e8d-2832-87c1-a1a2c71cde80,train,adaptation,external:data_root/processed/rio/train/0117_01.npy,True,external:data_root/processed/rio/instance_gt/train/scene0117_01.txt,True,True
22312382-b828-2c09-9267-bad5dd60ac79,scene0118_00,22312382-b828-2c09-9267-bad5dd60ac79,train,adaptation,external:data_root/processed/rio/train/0118_00.npy,True,external:data_root/processed/rio/instance_gt/train/scene0118_00.txt,True,True
22312382-b828-2c09-9267-bad5dd60ac79,scene0118_01,22312380-b828-2c09-92f8-061e80aafe34,train,adaptation,external:data_root/processed/rio/train/0118_01.npy,True,external:data_root/processed/rio/instance_gt/train/scene0118_01.txt,True,True
280d8ebb-6cc6-2788-9153-98959a2da801,scene0119_00,280d8ebb-6cc6-2788-9153-98959a2da801,validation,protocol_b_final,external:data_root/processed/rio/validation/0119_00.npy,True,external:data_root/processed/rio/instance_gt/validation/scene0119_00.txt,True,True
280d8ebb-6cc6-2788-9153-98959a2da801,scene0119_01,4731976c-f9f7-2a1a-95cc-31c4d1751d0b,validation,protocol_b_final,external:data_root/processed/rio/validation/0119_01.npy,True,external:data_root/processed/rio/instance_gt/validation/scene0119_01.txt,True,True
280d8ebb-6cc6-2788-9153-98959a2da801,scene0119_02,1d2f850c-d757-207c-8fba-60b90a7d4691,validation,protocol_b_final,external:data_root/processed/rio/validation/0119_02.npy,True,external:data_root/processed/rio/instance_gt/validation/scene0119_02.txt,True,True
280d8ebb-6cc6-2788-9153-98959a2da801,scene0119_03,ea318260-0a4c-2749-9389-4c16c782c4b1,validation,protocol_b_final,external:data_root/processed/rio/validation/0119_03.npy,True,external:data_root/processed/rio/instance_gt/validation/scene0119_03.txt,True,True
280d8ebb-6cc6-2788-9153-98959a2da801,scene0119_04,10b17957-3938-2467-88a5-9e9254930dad,validation,protocol_b_final,external:data_root/processed/rio/validation/0119_04.npy,True,external:data_root/processed/rio/instance_gt/validation/scene0119_04.txt,True,True
283ccff5-107c-24d5-886c-1d3a1319186a,scene0121_00,283ccff5-107c-24d5-886c-1d3a1319186a,train,adaptation,external:data_root/processed/rio/train/0121_00.npy,True,external:data_root/processed/rio/instance_gt/train/scene0121_00.txt,True,True
283ccff5-107c-24d5-886c-1d3a1319186a,scene0121_01,283ccfed-107c-24d5-8b72-5f6004ef4f94,train,adaptation,external:data_root/processed/rio/train/0121_01.npy,True,external:data_root/processed/rio/instance_gt/train/scene0121_01.txt,True,True
283ccff5-107c-24d5-886c-1d3a1319186a,scene0121_02,ab835f8e-54c6-29a1-9aeb-3973d3d59915,train,adaptation,external:data_root/processed/rio/train/0121_02.npy,True,external:data_root/processed/rio/instance_gt/train/scene0121_02.txt,True,True
2a7f9476-080c-26f9-86e9-c7ce1c76fc07,scene0122_00,2a7f9476-080c-26f9-86e9-c7ce1c76fc07,train,adaptation,external:data_root/processed/rio/train/0122_00.npy,True,external:data_root/processed/rio/instance_gt/train/scene0122_00.txt,True,True
2a7f9476-080c-26f9-86e9-c7ce1c76fc07,scene0122_01,0d7054f5-4c6e-2ab6-844f-c1328fe572bf,train,adaptation,external:data_root/processed/rio/train/0122_01.npy,True,external:data_root/processed/rio/instance_gt/train/scene0122_01.txt,True,True
2a7f9476-080c-26f9-86e9-c7ce1c76fc07,scene0122_02,ee527b51-0df9-2dae-829e-a0543a6e4074,train,adaptation,external:data_root/processed/rio/train/0122_02.npy,True,external:data_root/processed/rio/instance_gt/train/scene0122_02.txt,True,True
2e36952b-e133-204c-911e-7644cb34e8b2,scene0123_00,2e36952b-e133-204c-911e-7644cb34e8b2,train,development,external:data_root/processed/rio/train/0123_00.npy,True,external:data_root/processed/rio/instance_gt/train/scene0123_00.txt,True,True
2e36952b-e133-204c-911e-7644cb34e8b2,scene0123_01,2e369523-e133-204c-91f9-6f3deaa8e11e,train,development,external:data_root/processed/rio/train/0123_01.npy,True,external:data_root/processed/rio/instance_gt/train/scene0123_01.txt,True,True
2e36952b-e133-204c-911e-7644cb34e8b2,scene0123_02,2e369525-e133-204c-93ab-2b23ce5ef16e,train,development,external:data_root/processed/rio/train/0123_02.npy,True,external:data_root/processed/rio/instance_gt/train/scene0123_02.txt,True,True
2e36952b-e133-204c-911e-7644cb34e8b2,scene0123_03,2e369527-e133-204c-91cc-bb874b8fd4ae,train,development,external:data_root/processed/rio/train/0123_03.npy,True,external:data_root/processed/rio/instance_gt/train/scene0123_03.txt,True,True
2e36952b-e133-204c-911e-7644cb34e8b2,scene0123_04,2e369529-e133-204c-91f5-6ab463d511c1,train,development,external:data_root/processed/rio/train/0123_04.npy,True,external:data_root/processed/rio/instance_gt/train/scene0123_04.txt,True,True
2e36953b-e133-204c-931b-a2cf0f93fed6,scene0124_00,2e36953b-e133-204c-931b-a2cf0f93fed6,train,adaptation,external:data_root/processed/rio/train/0124_00.npy,True,external:data_root/processed/rio/instance_gt/train/scene0124_00.txt,True,True
2e36953b-e133-204c-931b-a2cf0f93fed6,scene0124_01,2e36953d-e133-204c-9045-d52ab9f09dcb,train,adaptation,external:data_root/processed/rio/train/0124_01.npy,True,external:data_root/processed/rio/instance_gt/train/scene0124_01.txt,True,True
2e36954b-e133-204c-92ad-1a66c6f63e1a,scene0125_00,2e36954b-e133-204c-92ad-1a66c6f63e1a,train,adaptation,external:data_root/processed/rio/train/0125_00.npy,True,external:data_root/processed/rio/instance_gt/train/scene0125_00.txt,True,True
2e36954b-e133-204c-92ad-1a66c6f63e1a,scene0125_01,2e36954d-e133-204c-92aa-5cf8c2f8b46f,train,adaptation,external:data_root/processed/rio/train/0125_01.npy,True,external:data_root/processed/rio/instance_gt/train/scene0125_01.txt,True,True
2e36954b-e133-204c-92ad-1a66c6f63e1a,scene0125_02,2e36954f-e133-204c-9320-34d52370eb4d,train,adaptation,external:data_root/processed/rio/train/0125_02.npy,True,external:data_root/processed/rio/instance_gt/train/scene0125_02.txt,True,True
2e36954b-e133-204c-92ad-1a66c6f63e1a,scene0125_03,2e369549-e133-204c-91af-a19767a23bf2,train,adaptation,external:data_root/processed/rio/train/0125_03.npy,True,external:data_root/processed/rio/instance_gt/train/scene0125_03.txt,True,True
2e36955d-e133-204c-90da-122ae14d42a3,scene0126_00,2e36955d-e133-204c-90da-122ae14d42a3,train,adaptation,external:data_root/processed/rio/train/0126_00.npy,True,external:data_root/processed/rio/instance_gt/train/scene0126_00.txt,True,True
2e36955d-e133-204c-90da-122ae14d42a3,scene0126_01,2e36955f-e133-204c-9372-e883fa503f74,train,adaptation,external:data_root/processed/rio/train/0126_01.npy,True,external:data_root/processed/rio/instance_gt/train/scene0126_01.txt,True,True
2e4a3964-d452-21a0-9de5-4f7895499143,scene0127_00,2e4a3964-d452-21a0-9de5-4f7895499143,train,adaptation,external:data_root/processed/rio/train/0127_00.npy,True,external:data_root/processed/rio/instance_gt/train/scene0127_00.txt,True,True
2e4a3964-d452-21a0-9de5-4f7895499143,scene0127_01,2e4a3966-d452-21a0-9c4b-c021c4b66ce3,train,adaptation,external:data_root/processed/rio/train/0127_01.npy,True,external:data_root/processed/rio/instance_gt/train/scene0127_01.txt,True,True
2e4a3964-d452-21a0-9de5-4f7895499143,scene0127_02,ba6fdaa6-a4c1-2dca-8137-f7b371e665f4,train,adaptation,external:data_root/processed/rio/train/0127_02.npy,True,external:data_root/processed/rio/instance_gt/train/scene0127_02.txt,True,True
2e4a3964-d452-21a0-9de5-4f7895499143,scene0127_03,ba6fdaa8-a4c1-2dca-814b-4dd6cf0ed226,train,adaptation,external:data_root/processed/rio/train/0127_03.npy,True,external:data_root/processed/rio/instance_gt/train/scene0127_03.txt,True,True
2ea047d1-aeca-2021-8a44-8ca8d08fe50b,scene0128_00,2ea047d1-aeca-2021-8a44-8ca8d08fe50b,train,adaptation,external:data_root/processed/rio/train/0128_00.npy,True,external:data_root/processed/rio/instance_gt/train/scene0128_00.txt,True,True
2ea047d1-aeca-2021-8a44-8ca8d08fe50b,scene0128_01,2ea047cd-aeca-2021-8b73-675adae64f19,train,adaptation,external:data_root/processed/rio/train/0128_01.npy,True,external:data_root/processed/rio/instance_gt/train/scene0128_01.txt,True,True
321c8680-a5a8-2a84-85c2-816a26d59516,scene0129_00,321c8680-a5a8-2a84-85c2-816a26d59516,validation,additional_native_refs,external:data_root/processed/rio/validation/0129_00.npy,True,external:data_root/processed/rio/instance_gt/validation/scene0129_00.txt,True,True
321c8680-a5a8-2a84-85c2-816a26d59516,scene0129_01,321c867e-a5a8-2a84-851a-818df115be05,validation,additional_native_refs,external:data_root/processed/rio/validation/0129_01.npy,True,external:data_root/processed/rio/instance_gt/validation/scene0129_01.txt,True,True
352e9c36-69fb-27a7-889f-69b450a22b74,scene0131_00,352e9c36-69fb-27a7-889f-69b450a22b74,train,adaptation,external:data_root/processed/rio/train/0131_00.npy,True,external:data_root/processed/rio/instance_gt/train/scene0131_00.txt,True,True
352e9c36-69fb-27a7-889f-69b450a22b74,scene0131_01,74ef846e-9dce-2d66-83d5-294aac7b1b0f,train,adaptation,external:data_root/processed/rio/train/0131_01.npy,True,external:data_root/processed/rio/instance_gt/train/scene0131_01.txt,True,True
352e9c36-69fb-27a7-889f-69b450a22b74,scene0131_02,352e9c3a-69fb-27a7-897c-83e7341b28eb,train,adaptation,external:data_root/processed/rio/train/0131_02.npy,True,external:data_root/processed/rio/instance_gt/train/scene0131_02.txt,True,True
352e9c3e-69fb-27a7-8976-a6860f84f876,scene0132_00,352e9c3e-69fb-27a7-8976-a6860f84f876,train,adaptation,external:data_root/processed/rio/train/0132_00.npy,True,external:data_root/processed/rio/instance_gt/train/scene0132_00.txt,True,True
352e9c3e-69fb-27a7-8976-a6860f84f876,scene0132_01,8e0f1c37-9e28-2339-85b0-6a08741718f7,train,adaptation,external:data_root/processed/rio/train/0132_01.npy,True,external:data_root/processed/rio/instance_gt/train/scene0132_01.txt,True,True
352e9c40-69fb-27a7-8a6d-d2ca32644e09,scene0133_00,352e9c40-69fb-27a7-8a6d-d2ca32644e09,train,adaptation,external:data_root/processed/rio/train/0133_00.npy,True,external:data_root/processed/rio/instance_gt/train/scene0133_00.txt,True,True
352e9c40-69fb-27a7-8a6d-d2ca32644e09,scene0133_01,8e0f1c39-9e28-2339-8432-ca5ca8653c58,train,adaptation,external:data_root/processed/rio/train/0133_01.npy,True,external:data_root/processed/rio/instance_gt/train/scene0133_01.txt,True,True
352e9c46-69fb-27a7-8b1d-bc83c253c676,scene0134_00,352e9c46-69fb-27a7-8b1d-bc83c253c676,train,adaptation,external:data_root/processed/rio/train/0134_00.npy,True,external:data_root/processed/rio/instance_gt/train/scene0134_00.txt,True,True
352e9c46-69fb-27a7-8b1d-bc83c253c676,scene0134_01,352e9c48-69fb-27a7-8a35-3dbf699637c8,train,adaptation,external:data_root/processed/rio/train/0134_01.npy,True,external:data_root/processed/rio/instance_gt/train/scene0134_01.txt,True,True
352e9c57-69fb-27a7-8bc7-4cf12e417e21,scene0135_00,352e9c57-69fb-27a7-8bc7-4cf12e417e21,train,adaptation,external:data_root/processed/rio/train/0135_00.npy,True,external:data_root/processed/rio/instance_gt/train/scene0135_00.txt,True,True
352e9c57-69fb-27a7-8bc7-4cf12e417e21,scene0135_01,8e0f1c42-9e28-2339-861e-2d29caae3f9a,train,adaptation,external:data_root/processed/rio/train/0135_01.npy,True,external:data_root/processed/rio/instance_gt/train/scene0135_01.txt,True,True
355465d0-d29b-29f9-94f2-7707ac505bae,scene0136_00,355465d0-d29b-29f9-94f2-7707ac505bae,train,adaptation,external:data_root/processed/rio/train/0136_00.npy,True,external:data_root/processed/rio/instance_gt/train/scene0136_00.txt,True,True
355465d0-d29b-29f9-94f2-7707ac505bae,scene0136_01,355465d2-d29b-29f9-9460-4c597924ac63,train,adaptation,external:data_root/processed/rio/train/0136_01.npy,True,external:data_root/processed/rio/instance_gt/train/scene0136_01.txt,True,True
355465d4-d29b-29f9-9550-e366a10d6924,scene0137_00,355465d4-d29b-29f9-9550-e366a10d6924,train,adaptation,external:data_root/processed/rio/train/0137_00.npy,True,external:data_root/processed/rio/instance_gt/train/scene0137_00.txt,True,True
355465d4-d29b-29f9-9550-e366a10d6924,scene0137_01,355465d6-d29b-29f9-957c-e9ebbb5751ec,train,adaptation,external:data_root/processed/rio/train/0137_01.npy,True,external:data_root/processed/rio/instance_gt/train/scene0137_01.txt,True,True
38770c9d-86d7-27b8-869e-4f713b04f290,scene0138_00,38770c9d-86d7-27b8-869e-4f713b04f290,train,adaptation,external:data_root/processed/rio/train/0138_00.npy,True,external:data_root/processed/rio/instance_gt/train/scene0138_00.txt,True,True
38770c9d-86d7-27b8-869e-4f713b04f290,scene0138_01,38770c95-86d7-27b8-8717-3485b411ddc7,train,adaptation,external:data_root/processed/rio/train/0138_01.npy,True,external:data_root/processed/rio/instance_gt/train/scene0138_01.txt,True,True
38770c9d-86d7-27b8-869e-4f713b04f290,scene0138_02,38770c99-86d7-27b8-85c7-2a09ba38e105,train,adaptation,external:data_root/processed/rio/train/0138_02.npy,True,external:data_root/processed/rio/instance_gt/train/scene0138_02.txt,True,True
38770ca1-86d7-27b8-8619-ab66f67d9adf,scene0139_00,38770ca1-86d7-27b8-8619-ab66f67d9adf,validation,additional_native_refs,external:data_root/processed/rio/validation/0139_00.npy,True,external:data_root/processed/rio/instance_gt/validation/scene0139_00.txt,True,True
38770ca1-86d7-27b8-8619-ab66f67d9adf,scene0139_01,38770ca3-86d7-27b8-85a7-7d840ffdec6a,validation,additional_native_refs,external:data_root/processed/rio/validation/0139_01.npy,True,external:data_root/processed/rio/instance_gt/validation/scene0139_01.txt,True,True
38770ca1-86d7-27b8-8619-ab66f67d9adf,scene0139_02,38770ca5-86d7-27b8-871c-57fdbfe87905,validation,additional_native_refs,external:data_root/processed/rio/validation/0139_02.npy,True,external:data_root/processed/rio/instance_gt/validation/scene0139_02.txt,True,True
3b7b33a9-1b11-283e-9b02-e8f35f6ba24c,scene0141_00,3b7b33a9-1b11-283e-9b02-e8f35f6ba24c,train,adaptation,external:data_root/processed/rio/train/0141_00.npy,True,external:data_root/processed/rio/instance_gt/train/scene0141_00.txt,True,True
3b7b33a9-1b11-283e-9b02-e8f35f6ba24c,scene0141_01,634d11d9-6833-255d-8fa2-ce325873192d,train,adaptation,external:data_root/processed/rio/train/0141_01.npy,True,external:data_root/processed/rio/instance_gt/train/scene0141_01.txt,True,True
3b7b33a9-1b11-283e-9b02-e8f35f6ba24c,scene0141_02,28298cd1-15b5-24be-8a19-49c0bf7c55b3,train,adaptation,external:data_root/processed/rio/train/0141_02.npy,True,external:data_root/processed/rio/instance_gt/train/scene0141_02.txt,True,True
3b7b33a9-1b11-283e-9b02-e8f35f6ba24c,scene0141_03,28298cd3-15b5-24be-89cc-1ed5870c1f57,train,adaptation,external:data_root/processed/rio/train/0141_03.npy,True,external:data_root/processed/rio/instance_gt/train/scene0141_03.txt,True,True
3b7b33af-1b11-283e-9abd-170c6329c0e6,scene0142_00,3b7b33af-1b11-283e-9abd-170c6329c0e6,train,adaptation,external:data_root/processed/rio/train/0142_00.npy,True,external:data_root/processed/rio/instance_gt/train/scene0142_00.txt,True,True
3b7b33af-1b11-283e-9abd-170c6329c0e6,scene0142_01,80b8588d-4a8d-222f-84c5-8c51b9af1c2f,train,adaptation,external:data_root/processed/rio/train/0142_01.npy,True,external:data_root/processed/rio/instance_gt/train/scene0142_01.txt,True,True
3b7b33af-1b11-283e-9abd-170c6329c0e6,scene0142_02,80b85893-4a8d-222f-8519-a9d06c205653,train,adaptation,external:data_root/processed/rio/train/0142_02.npy,True,external:data_root/processed/rio/instance_gt/train/scene0142_02.txt,True,True
41385827-a238-2435-8320-d8d3eb507f5e,scene0143_00,41385827-a238-2435-8320-d8d3eb507f5e,train,adaptation,external:data_root/processed/rio/train/0143_00.npy,True,external:data_root/processed/rio/instance_gt/train/scene0143_00.txt,True,True
41385827-a238-2435-8320-d8d3eb507f5e,scene0143_01,5341b79b-8a66-2cdd-84cd-d6dfbb614837,train,adaptation,external:data_root/processed/rio/train/0143_01.npy,True,external:data_root/processed/rio/instance_gt/train/scene0143_01.txt,True,True
41385827-a238-2435-8320-d8d3eb507f5e,scene0143_02,8eabc443-5af7-2f32-866f-bd64e5df6196,train,adaptation,external:data_root/processed/rio/train/0143_02.npy,True,external:data_root/processed/rio/instance_gt/train/scene0143_02.txt,True,True
4138582f-a238-2435-8332-6902542c2823,scene0144_00,4138582f-a238-2435-8332-6902542c2823,validation,additional_native_refs,external:data_root/processed/rio/validation/0144_00.npy,True,external:data_root/processed/rio/instance_gt/validation/scene0144_00.txt,True,True
4138582f-a238-2435-8332-6902542c2823,scene0144_01,5341b7a5-8a66-2cdd-8751-70b98263cb8d,validation,additional_native_refs,external:data_root/processed/rio/validation/0144_01.npy,True,external:data_root/processed/rio/instance_gt/validation/scene0144_01.txt,True,True
4138582f-a238-2435-8332-6902542c2823,scene0144_02,8eabc445-5af7-2f32-85ae-90deb8eb1b0b,validation,additional_native_refs,external:data_root/processed/rio/validation/0144_02.npy,True,external:data_root/processed/rio/instance_gt/validation/scene0144_02.txt,True,True
41385847-a238-2435-838b-61864922c518,scene0145_00,41385847-a238-2435-838b-61864922c518,train,adaptation,external:data_root/processed/rio/train/0145_00.npy,True,external:data_root/processed/rio/instance_gt/train/scene0145_00.txt,True,True
41385847-a238-2435-838b-61864922c518,scene0145_01,5341b7b5-8a66-2cdd-841d-805bfa2c44b5,train,adaptation,external:data_root/processed/rio/train/0145_01.npy,True,external:data_root/processed/rio/instance_gt/train/scene0145_01.txt,True,True
41385847-a238-2435-838b-61864922c518,scene0145_02,8eabc45c-5af7-2f32-85b8-7cb0efc7372d,train,adaptation,external:data_root/processed/rio/train/0145_02.npy,True,external:data_root/processed/rio/instance_gt/train/scene0145_02.txt,True,True
4138584b-a238-2435-8128-a939fb07c1c8,scene0146_00,4138584b-a238-2435-8128-a939fb07c1c8,train,adaptation,external:data_root/processed/rio/train/0146_00.npy,True,external:data_root/processed/rio/instance_gt/train/scene0146_00.txt,True,True
4138584b-a238-2435-8128-a939fb07c1c8,scene0146_01,75c2598b-9ca2-2844-967d-a16c92acf4ea,train,adaptation,external:data_root/processed/rio/train/0146_01.npy,True,external:data_root/processed/rio/instance_gt/train/scene0146_01.txt,True,True
41385851-a238-2435-8056-b7d662a97c93,scene0147_00,41385851-a238-2435-8056-b7d662a97c93,train,adaptation,external:data_root/processed/rio/train/0147_00.npy,True,external:data_root/processed/rio/instance_gt/train/scene0147_00.txt,True,True
41385851-a238-2435-8056-b7d662a97c93,scene0147_01,5341b7c7-8a66-2cdd-86f4-c9dadf37c419,train,adaptation,external:data_root/processed/rio/train/0147_01.npy,True,external:data_root/processed/rio/instance_gt/train/scene0147_01.txt,True,True
422885af-192d-25fc-8651-420062adb475,scene0148_00,422885af-192d-25fc-8651-420062adb475,train,adaptation,external:data_root/processed/rio/train/0148_00.npy,True,external:data_root/processed/rio/instance_gt/train/scene0148_00.txt,True,True
422885af-192d-25fc-8651-420062adb475,scene0148_01,422885c1-192d-25fc-8798-e8a7aab48121,train,adaptation,external:data_root/processed/rio/train/0148_01.npy,True,external:data_root/processed/rio/instance_gt/train/scene0148_01.txt,True,True
422885b3-192d-25fc-84c9-9b80eea1752d,scene0149_00,422885b3-192d-25fc-84c9-9b80eea1752d,validation,additional_native_refs,external:data_root/processed/rio/validation/0149_00.npy,True,external:data_root/processed/rio/instance_gt/validation/scene0149_00.txt,True,True
422885b3-192d-25fc-84c9-9b80eea1752d,scene0149_01,422885c5-192d-25fc-85e6-12a3d65c8e7b,validation,additional_native_refs,external:data_root/processed/rio/validation/0149_01.npy,True,external:data_root/processed/rio/instance_gt/validation/scene0149_01.txt,True,True
422885bd-192d-25fc-8571-abff2237f383,scene0151_00,422885bd-192d-25fc-8571-abff2237f383,train,adaptation,external:data_root/processed/rio/train/0151_00.npy,True,external:data_root/processed/rio/instance_gt/train/scene0151_00.txt,True,True
422885bd-192d-25fc-8571-abff2237f383,scene0151_01,422885ab-192d-25fc-8448-e7f34c7b5eea,train,adaptation,external:data_root/processed/rio/train/0151_01.npy,True,external:data_root/processed/rio/instance_gt/train/scene0151_01.txt,True,True
422885bf-192d-25fc-8509-1fd7def9cc19,scene0152_00,422885bf-192d-25fc-8509-1fd7def9cc19,train,adaptation,external:data_root/processed/rio/train/0152_00.npy,True,external:data_root/processed/rio/instance_gt/train/scene0152_00.txt,True,True
422885bf-192d-25fc-8509-1fd7def9cc19,scene0152_01,422885ad-192d-25fc-8631-c3a978a9d3d4,train,adaptation,external:data_root/processed/rio/train/0152_01.npy,True,external:data_root/processed/rio/instance_gt/train/scene0152_01.txt,True,True
422885c3-192d-25fc-844a-645180810bfd,scene0153_00,422885c3-192d-25fc-844a-645180810bfd,train,adaptation,external:data_root/processed/rio/train/0153_00.npy,True,external:data_root/processed/rio/instance_gt/train/scene0153_00.txt,True,True
422885c3-192d-25fc-844a-645180810bfd,scene0153_01,422885b1-192d-25fc-868c-110216f86479,train,adaptation,external:data_root/processed/rio/train/0153_01.npy,True,external:data_root/processed/rio/instance_gt/train/scene0153_01.txt,True,True
422885c7-192d-25fc-85f5-67ba0d80ade5,scene0154_00,422885c7-192d-25fc-85f5-67ba0d80ade5,train,adaptation,external:data_root/processed/rio/train/0154_00.npy,True,external:data_root/processed/rio/instance_gt/train/scene0154_00.txt,True,True
422885c7-192d-25fc-85f5-67ba0d80ade5,scene0154_01,422885b7-192d-25fc-86da-e1beaae7c8ba,train,adaptation,external:data_root/processed/rio/train/0154_01.npy,True,external:data_root/processed/rio/instance_gt/train/scene0154_01.txt,True,True
422885ce-192d-25fc-851a-df2d675a6559,scene0155_00,422885ce-192d-25fc-851a-df2d675a6559,train,adaptation,external:data_root/processed/rio/train/0155_00.npy,True,external:data_root/processed/rio/instance_gt/train/scene0155_00.txt,True,True
422885ce-192d-25fc-851a-df2d675a6559,scene0155_01,1c211556-f201-2d25-87f8-b0ac6ffb74fe,train,adaptation,external:data_root/processed/rio/train/0155_01.npy,True,external:data_root/processed/rio/instance_gt/train/scene0155_01.txt,True,True
422885ce-192d-25fc-851a-df2d675a6559,scene0155_02,1c211554-f201-2d25-8680-513a91547c2f,train,adaptation,external:data_root/processed/rio/train/0155_02.npy,True,external:data_root/processed/rio/instance_gt/train/scene0155_02.txt,True,True
422885e0-192d-25fc-844a-62e395291839,scene0156_00,422885e0-192d-25fc-844a-62e395291839,train,adaptation,external:data_root/processed/rio/train/0156_00.npy,True,external:data_root/processed/rio/instance_gt/train/scene0156_00.txt,True,True
422885e0-192d-25fc-844a-62e395291839,scene0156_01,422885e2-192d-25fc-86cd-076ee5f2b412,train,adaptation,external:data_root/processed/rio/train/0156_01.npy,True,external:data_root/processed/rio/instance_gt/train/scene0156_01.txt,True,True
422885e5-192d-25fc-871f-83fa4d7af432,scene0157_00,422885e5-192d-25fc-871f-83fa4d7af432,train,adaptation,external:data_root/processed/rio/train/0157_00.npy,True,external:data_root/processed/rio/instance_gt/train/scene0157_00.txt,True,True
422885e5-192d-25fc-871f-83fa4d7af432,scene0157_01,422885e7-192d-25fc-8767-177a507a913c,train,adaptation,external:data_root/processed/rio/train/0157_01.npy,True,external:data_root/processed/rio/instance_gt/train/scene0157_01.txt,True,True
422885e9-192d-25fc-87a9-7013fe4114f2,scene0158_00,422885e9-192d-25fc-87a9-7013fe4114f2,train,adaptation,external:data_root/processed/rio/train/0158_00.npy,True,external:data_root/processed/rio/instance_gt/train/scene0158_00.txt,True,True
422885e9-192d-25fc-87a9-7013fe4114f2,scene0158_01,422885d9-192d-25fc-85de-b954f526b2ac,train,adaptation,external:data_root/processed/rio/train/0158_01.npy,True,external:data_root/processed/rio/instance_gt/train/scene0158_01.txt,True,True
422885e9-192d-25fc-87a9-7013fe4114f2,scene0158_02,422885de-192d-25fc-8753-c094c3aaae0b,train,adaptation,external:data_root/processed/rio/train/0158_02.npy,True,external:data_root/processed/rio/instance_gt/train/scene0158_02.txt,True,True
422885e9-192d-25fc-87a9-7013fe4114f2,scene0158_03,422885dc-192d-25fc-857a-0c4af3695e4b,train,adaptation,external:data_root/processed/rio/train/0158_03.npy,True,external:data_root/processed/rio/instance_gt/train/scene0158_03.txt,True,True
422885e9-192d-25fc-87a9-7013fe4114f2,scene0158_04,422885d4-192d-25fc-862e-b0cc5a8c13e1,train,adaptation,external:data_root/processed/rio/train/0158_04.npy,True,external:data_root/processed/rio/instance_gt/train/scene0158_04.txt,True,True
4238490c-60a7-271e-9f38-3c651e3b3912,scene0159_00,4238490c-60a7-271e-9f38-3c651e3b3912,validation,additional_native_refs,external:data_root/processed/rio/validation/0159_00.npy,True,external:data_root/processed/rio/instance_gt/validation/scene0159_00.txt,True,True
4238490c-60a7-271e-9f38-3c651e3b3912,scene0159_01,4238490a-60a7-271e-9c04-3846221dc354,validation,additional_native_refs,external:data_root/processed/rio/validation/0159_01.npy,True,external:data_root/processed/rio/instance_gt/validation/scene0159_01.txt,True,True
4238490c-60a7-271e-9f38-3c651e3b3912,scene0159_02,42384908-60a7-271e-9c46-01e562c8974c,validation,additional_native_refs,external:data_root/processed/rio/validation/0159_02.npy,True,external:data_root/processed/rio/instance_gt/validation/scene0159_02.txt,True,True
4238490c-60a7-271e-9f38-3c651e3b3912,scene0159_03,10b17963-3938-2467-8a48-0d4af350ce92,validation,additional_native_refs,external:data_root/processed/rio/validation/0159_03.npy,True,external:data_root/processed/rio/instance_gt/validation/scene0159_03.txt,True,True
43b8cae1-6678-2e38-9865-c19c07c25015,scene0160_00,43b8cae1-6678-2e38-9865-c19c07c25015,validation,additional_native_refs,external:data_root/processed/rio/validation/0160_00.npy,True,external:data_root/processed/rio/instance_gt/validation/scene0160_00.txt,True,True
43b8cae1-6678-2e38-9865-c19c07c25015,scene0160_01,43b8cadf-6678-2e38-9920-064144c99406,validation,additional_native_refs,external:data_root/processed/rio/validation/0160_01.npy,True,external:data_root/processed/rio/instance_gt/validation/scene0160_01.txt,True,True
43b8cae1-6678-2e38-9865-c19c07c25015,scene0160_02,43b8cae3-6678-2e38-9b67-5905de29f6d7,validation,additional_native_refs,external:data_root/processed/rio/validation/0160_02.npy,True,external:data_root/processed/rio/instance_gt/validation/scene0160_02.txt,True,True
43b8cae9-6678-2e38-9bc2-8c31ab832242,scene0161_00,43b8cae9-6678-2e38-9bc2-8c31ab832242,train,adaptation,external:data_root/processed/rio/train/0161_00.npy,True,external:data_root/processed/rio/instance_gt/train/scene0161_00.txt,True,True
43b8cae9-6678-2e38-9bc2-8c31ab832242,scene0161_01,43b8cae5-6678-2e38-98db-a2d49b1ecdfb,train,adaptation,external:data_root/processed/rio/train/0161_01.npy,True,external:data_root/processed/rio/instance_gt/train/scene0161_01.txt,True,True
43b8cae9-6678-2e38-9bc2-8c31ab832242,scene0161_02,43b8cae7-6678-2e38-9986-dc6f18ac7bb0,train,adaptation,external:data_root/processed/rio/train/0161_02.npy,True,external:data_root/processed/rio/instance_gt/train/scene0161_02.txt,True,True
43b8caed-6678-2e38-98f8-a76f51ef79af,scene0162_00,43b8caed-6678-2e38-98f8-a76f51ef79af,train,adaptation,external:data_root/processed/rio/train/0162_00.npy,True,external:data_root/processed/rio/instance_gt/train/scene0162_00.txt,True,True
43b8caed-6678-2e38-98f8-a76f51ef79af,scene0162_01,43b8caeb-6678-2e38-9933-b351784e8750,train,adaptation,external:data_root/processed/rio/train/0162_01.npy,True,external:data_root/processed/rio/instance_gt/train/scene0162_01.txt,True,True
43b8caf3-6678-2e38-99da-2aeb70cf8e95,scene0163_00,43b8caf3-6678-2e38-99da-2aeb70cf8e95,train,adaptation,external:data_root/processed/rio/train/0163_00.npy,True,external:data_root/processed/rio/instance_gt/train/scene0163_00.txt,True,True
43b8caf3-6678-2e38-99da-2aeb70cf8e95,scene0163_01,43b8caf1-6678-2e38-9ab4-0bdde7337aac,train,adaptation,external:data_root/processed/rio/train/0163_01.npy,True,external:data_root/processed/rio/instance_gt/train/scene0163_01.txt,True,True
4731976a-f9f7-2a1a-9737-305b709ca37f,scene0164_00,4731976a-f9f7-2a1a-9737-305b709ca37f,train,adaptation,external:data_root/processed/rio/train/0164_00.npy,True,external:data_root/processed/rio/instance_gt/train/scene0164_00.txt,True,True
4731976a-f9f7-2a1a-9737-305b709ca37f,scene0164_01,4238491e-60a7-271e-9fe8-eb04b4209883,train,adaptation,external:data_root/processed/rio/train/0164_01.npy,True,external:data_root/processed/rio/instance_gt/train/scene0164_01.txt,True,True
4731976a-f9f7-2a1a-9737-305b709ca37f,scene0164_02,47319768-f9f7-2a1a-97ba-25a4f441e010,train,adaptation,external:data_root/processed/rio/train/0164_02.npy,True,external:data_root/processed/rio/instance_gt/train/scene0164_02.txt,True,True
4731976a-f9f7-2a1a-9737-305b709ca37f,scene0164_03,f4f315fe-8408-2255-974c-e485355f9f9d,train,adaptation,external:data_root/processed/rio/train/0164_03.npy,True,external:data_root/processed/rio/instance_gt/train/scene0164_03.txt,True,True
4731976a-f9f7-2a1a-9737-305b709ca37f,scene0164_04,10b17969-3938-2467-8b12-9a43fea68e63,train,adaptation,external:data_root/processed/rio/train/0164_04.npy,True,external:data_root/processed/rio/instance_gt/train/scene0164_04.txt,True,True
47319770-f9f7-2a1a-9583-5aa0374a4d35,scene0165_00,47319770-f9f7-2a1a-9583-5aa0374a4d35,train,adaptation,external:data_root/processed/rio/train/0165_00.npy,True,external:data_root/processed/rio/instance_gt/train/scene0165_00.txt,True,True
47319770-f9f7-2a1a-9583-5aa0374a4d35,scene0165_01,47319772-f9f7-2a1a-9768-108df4f37ab9,train,adaptation,external:data_root/processed/rio/train/0165_01.npy,True,external:data_root/processed/rio/instance_gt/train/scene0165_01.txt,True,True
47319774-f9f7-2a1a-9412-d4a1c89c8aa3,scene0166_00,47319774-f9f7-2a1a-9412-d4a1c89c8aa3,train,adaptation,external:data_root/processed/rio/train/0166_00.npy,True,external:data_root/processed/rio/instance_gt/train/scene0166_00.txt,True,True
47319774-f9f7-2a1a-9412-d4a1c89c8aa3,scene0166_01,47319776-f9f7-2a1a-9461-d2e201735263,train,adaptation,external:data_root/processed/rio/train/0166_01.npy,True,external:data_root/processed/rio/instance_gt/train/scene0166_01.txt,True,True
47319774-f9f7-2a1a-9412-d4a1c89c8aa3,scene0166_02,47319778-f9f7-2a1a-9684-445309ac8cf9,train,adaptation,external:data_root/processed/rio/train/0166_02.npy,True,external:data_root/processed/rio/instance_gt/train/scene0166_02.txt,True,True
4731977c-f9f7-2a1a-976c-34c48a84405c,scene0167_00,4731977c-f9f7-2a1a-976c-34c48a84405c,train,adaptation,external:data_root/processed/rio/train/0167_00.npy,True,external:data_root/processed/rio/instance_gt/train/scene0167_00.txt,True,True
4731977c-f9f7-2a1a-976c-34c48a84405c,scene0167_01,4731977a-f9f7-2a1a-97ae-97ad06041da5,train,adaptation,external:data_root/processed/rio/train/0167_01.npy,True,external:data_root/processed/rio/instance_gt/train/scene0167_01.txt,True,True
4731977c-f9f7-2a1a-976c-34c48a84405c,scene0167_02,4731977e-f9f7-2a1a-955d-8cdd12ec7337,train,adaptation,external:data_root/processed/rio/train/0167_02.npy,True,external:data_root/processed/rio/instance_gt/train/scene0167_02.txt,True,True
48005c65-7d67-29ec-85e0-6a925eb15a27,scene0168_00,48005c65-7d67-29ec-85e0-6a925eb15a27,train,adaptation,external:data_root/processed/rio/train/0168_00.npy,True,external:data_root/processed/rio/instance_gt/train/scene0168_00.txt,True,True
48005c65-7d67-29ec-85e0-6a925eb15a27,scene0168_01,48005c67-7d67-29ec-85e7-ad30a2aac1e0,train,adaptation,external:data_root/processed/rio/train/0168_01.npy,True,external:data_root/processed/rio/instance_gt/train/scene0168_01.txt,True,True
48699c02-d4a2-2f10-81c3-552d06ffcbb8,scene0169_00,48699c02-d4a2-2f10-81c3-552d06ffcbb8,train,adaptation,external:data_root/processed/rio/train/0169_00.npy,True,external:data_root/processed/rio/instance_gt/train/scene0169_00.txt,True,True
48699c02-d4a2-2f10-81c3-552d06ffcbb8,scene0169_01,a7616234-a0aa-2dea-80e1-69c253cfa9b2,train,adaptation,external:data_root/processed/rio/train/0169_01.npy,True,external:data_root/processed/rio/instance_gt/train/scene0169_01.txt,True,True
48699c02-d4a2-2f10-81c3-552d06ffcbb8,scene0169_02,f24d4c1d-6e46-207b-858d-0aec6dfe1c14,train,adaptation,external:data_root/processed/rio/train/0169_02.npy,True,external:data_root/processed/rio/instance_gt/train/scene0169_02.txt,True,True
4a9a43d2-7736-2874-874d-d0fad0570e19,scene0170_00,4a9a43d2-7736-2874-874d-d0fad0570e19,validation,additional_native_refs,external:data_root/processed/rio/validation/0170_00.npy,True,external:data_root/processed/rio/instance_gt/validation/scene0170_00.txt,True,True
4a9a43d2-7736-2874-874d-d0fad0570e19,scene0170_01,4a9a43d4-7736-2874-87a6-0c3089281af8,validation,additional_native_refs,external:data_root/processed/rio/validation/0170_01.npy,True,external:data_root/processed/rio/instance_gt/validation/scene0170_01.txt,True,True
4a9a43d6-7736-2874-84c3-86ec156a3b2d,scene0171_00,4a9a43d6-7736-2874-84c3-86ec156a3b2d,train,adaptation,external:data_root/processed/rio/train/0171_00.npy,True,external:data_root/processed/rio/instance_gt/train/scene0171_00.txt,True,True
4a9a43d6-7736-2874-84c3-86ec156a3b2d,scene0171_01,4a9a43d8-7736-2874-86fc-098deb94c868,train,adaptation,external:data_root/processed/rio/train/0171_01.npy,True,external:data_root/processed/rio/instance_gt/train/scene0171_01.txt,True,True
4a9a43d6-7736-2874-84c3-86ec156a3b2d,scene0171_02,198aaa74-0ba3-26f6-8792-66b6388b17ca,train,adaptation,external:data_root/processed/rio/train/0171_02.npy,True,external:data_root/processed/rio/instance_gt/train/scene0171_02.txt,True,True
4a9a43d6-7736-2874-84c3-86ec156a3b2d,scene0171_03,198aaa76-0ba3-26f6-84de-6c13263a60bc,train,adaptation,external:data_root/processed/rio/train/0171_03.npy,True,external:data_root/processed/rio/instance_gt/train/scene0171_03.txt,True,True
4a9a43e0-7736-2874-87ac-c589da4d0f00,scene0172_00,4a9a43e0-7736-2874-87ac-c589da4d0f00,train,adaptation,external:data_root/processed/rio/train/0172_00.npy,True,external:data_root/processed/rio/instance_gt/train/scene0172_00.txt,True,True
4a9a43e0-7736-2874-87ac-c589da4d0f00,scene0172_01,4a9a43e2-7736-2874-841a-f239715be4c6,train,adaptation,external:data_root/processed/rio/train/0172_01.npy,True,external:data_root/processed/rio/instance_gt/train/scene0172_01.txt,True,True
4a9a43e4-7736-2874-8479-0e81135ccdb0,scene0173_00,4a9a43e4-7736-2874-8479-0e81135ccdb0,train,adaptation,external:data_root/processed/rio/train/0173_00.npy,True,external:data_root/processed/rio/instance_gt/train/scene0173_00.txt,True,True
4a9a43e4-7736-2874-8479-0e81135ccdb0,scene0173_01,4a9a43e6-7736-2874-8723-08ae98eccd16,train,adaptation,external:data_root/processed/rio/train/0173_01.npy,True,external:data_root/processed/rio/instance_gt/train/scene0173_01.txt,True,True
4a9a43e4-7736-2874-8479-0e81135ccdb0,scene0173_02,4a9a43e8-7736-2874-8519-29915757c372,train,adaptation,external:data_root/processed/rio/train/0173_02.npy,True,external:data_root/processed/rio/instance_gt/train/scene0173_02.txt,True,True
4acaebba-6c10-2a2a-8650-34c2f160db99,scene0174_00,4acaebba-6c10-2a2a-8650-34c2f160db99,train,development,external:data_root/processed/rio/train/0174_00.npy,True,external:data_root/processed/rio/instance_gt/train/scene0174_00.txt,True,True
4acaebba-6c10-2a2a-8650-34c2f160db99,scene0174_01,4acaebbe-6c10-2a2a-866a-f0e58185caf7,train,development,external:data_root/processed/rio/train/0174_01.npy,True,external:data_root/processed/rio/instance_gt/train/scene0174_01.txt,True,True
4acaebba-6c10-2a2a-8650-34c2f160db99,scene0174_02,531cff12-0021-28f6-8d9c-2001f6dbbe05,train,development,external:data_root/processed/rio/train/0174_02.npy,True,external:data_root/processed/rio/instance_gt/train/scene0174_02.txt,True,True
4acaebba-6c10-2a2a-8650-34c2f160db99,scene0174_03,d73fd1da-8aae-2838-81c0-a7482e6a76f5,train,development,external:data_root/processed/rio/train/0174_03.npy,True,external:data_root/processed/rio/instance_gt/train/scene0174_03.txt,True,True
4acaebba-6c10-2a2a-8650-34c2f160db99,scene0174_04,3544f968-0327-249b-909d-83e3fb0f7bfc,train,development,external:data_root/processed/rio/train/0174_04.npy,True,external:data_root/processed/rio/instance_gt/train/scene0174_04.txt,True,True
4acaebba-6c10-2a2a-8650-34c2f160db99,scene0174_05,185d741d-3698-223c-8837-9dafd682c7f0,train,development,external:data_root/processed/rio/train/0174_05.npy,True,external:data_root/processed/rio/instance_gt/train/scene0174_05.txt,True,True
4acaebba-6c10-2a2a-8650-34c2f160db99,scene0174_06,1abf0914-a3da-2be8-8014-c0e3f94d64f0,train,development,external:data_root/processed/rio/train/0174_06.npy,True,external:data_root/processed/rio/instance_gt/train/scene0174_06.txt,True,True
4acaebc0-6c10-2a2a-852e-0226d6539299,scene0175_00,4acaebc0-6c10-2a2a-852e-0226d6539299,train,development,external:data_root/processed/rio/train/0175_00.npy,True,external:data_root/processed/rio/instance_gt/train/scene0175_00.txt,True,True
4acaebc0-6c10-2a2a-852e-0226d6539299,scene0175_01,4acaebc8-6c10-2a2a-8525-fe9c4b7f4b25,train,development,external:data_root/processed/rio/train/0175_01.npy,True,external:data_root/processed/rio/instance_gt/train/scene0175_01.txt,True,True
4acaebc0-6c10-2a2a-852e-0226d6539299,scene0175_02,f3d7fa58-2835-2805-83bc-d2c583045bb4,train,development,external:data_root/processed/rio/train/0175_02.npy,True,external:data_root/processed/rio/instance_gt/train/scene0175_02.txt,True,True
4acaebc0-6c10-2a2a-852e-0226d6539299,scene0175_03,e2847ff5-a506-2b60-8767-25c70c889de3,train,development,external:data_root/processed/rio/train/0175_03.npy,True,external:data_root/processed/rio/instance_gt/train/scene0175_03.txt,True,True
4acaebc0-6c10-2a2a-852e-0226d6539299,scene0175_04,185d741b-3698-223c-8ba0-48db6ecbe220,train,development,external:data_root/processed/rio/train/0175_04.npy,True,external:data_root/processed/rio/instance_gt/train/scene0175_04.txt,True,True
4acaebc0-6c10-2a2a-852e-0226d6539299,scene0175_05,55551095-36f1-29c0-8832-90e4ea43176b,train,development,external:data_root/processed/rio/train/0175_05.npy,True,external:data_root/processed/rio/instance_gt/train/scene0175_05.txt,True,True
4acaebc0-6c10-2a2a-852e-0226d6539299,scene0175_06,55551097-36f1-29c0-88fe-2fb72427887a,train,development,external:data_root/processed/rio/train/0175_06.npy,True,external:data_root/processed/rio/instance_gt/train/scene0175_06.txt,True,True
4acaebc0-6c10-2a2a-852e-0226d6539299,scene0175_07,ffa41874-6f78-2040-85a8-8056ac60c764,train,development,external:data_root/processed/rio/train/0175_07.npy,True,external:data_root/processed/rio/instance_gt/train/scene0175_07.txt,True,True
4acaebcc-6c10-2a2a-858b-29c7e4fb410d,scene0176_00,4acaebcc-6c10-2a2a-858b-29c7e4fb410d,train,adaptation,external:data_root/processed/rio/train/0176_00.npy,True,external:data_root/processed/rio/instance_gt/train/scene0176_00.txt,True,True
4acaebcc-6c10-2a2a-858b-29c7e4fb410d,scene0176_01,50e7c0b1-0730-2a5f-8471-b240fa51b1d7,train,adaptation,external:data_root/processed/rio/train/0176_01.npy,True,external:data_root/processed/rio/instance_gt/train/scene0176_01.txt,True,True
4acaebcc-6c10-2a2a-858b-29c7e4fb410d,scene0176_02,4acaebce-6c10-2a2a-852f-98c6902bcc88,train,adaptation,external:data_root/processed/rio/train/0176_02.npy,True,external:data_root/processed/rio/instance_gt/train/scene0176_02.txt,True,True
4acaebcc-6c10-2a2a-858b-29c7e4fb410d,scene0176_03,531cfefe-0021-28f6-8c6c-35ae26d2158f,train,adaptation,external:data_root/processed/rio/train/0176_03.npy,True,external:data_root/processed/rio/instance_gt/train/scene0176_03.txt,True,True
4acaebcc-6c10-2a2a-858b-29c7e4fb410d,scene0176_04,754e884c-ea24-2175-8b34-cead19d4198d,train,adaptation,external:data_root/processed/rio/train/0176_04.npy,True,external:data_root/processed/rio/instance_gt/train/scene0176_04.txt,True,True
4acaebcc-6c10-2a2a-858b-29c7e4fb410d,scene0176_05,8eabc401-5af7-2f32-85fe-77e22d8d97f8,train,adaptation,external:data_root/processed/rio/train/0176_05.npy,True,external:data_root/processed/rio/instance_gt/train/scene0176_05.txt,True,True
4acaebcc-6c10-2a2a-858b-29c7e4fb410d,scene0176_06,8eabc403-5af7-2f32-84aa-ecb06ef26b8b,train,adaptation,external:data_root/processed/rio/train/0176_06.npy,True,external:data_root/processed/rio/instance_gt/train/scene0176_06.txt,True,True
4acaebcc-6c10-2a2a-858b-29c7e4fb410d,scene0176_07,0f2f2719-b736-2f71-8e3e-46490f5fe5fe,train,adaptation,external:data_root/processed/rio/train/0176_07.npy,True,external:data_root/processed/rio/instance_gt/train/scene0176_07.txt,True,True
4d3d829e-8cf4-2e04-8318-b76f02d91c93,scene0177_00,4d3d829e-8cf4-2e04-8318-b76f02d91c93,train,adaptation,external:data_root/processed/rio/train/0177_00.npy,True,external:data_root/processed/rio/instance_gt/train/scene0177_00.txt,True,True
4d3d829e-8cf4-2e04-8318-b76f02d91c93,scene0177_01,4d3d82a0-8cf4-2e04-800f-97deb20e860b,train,adaptation,external:data_root/processed/rio/train/0177_01.npy,True,external:data_root/processed/rio/instance_gt/train/scene0177_01.txt,True,True
4d3d82a2-8cf4-2e04-810b-7634c83eed98,scene0178_00,4d3d82a2-8cf4-2e04-810b-7634c83eed98,train,adaptation,external:data_root/processed/rio/train/0178_00.npy,True,external:data_root/processed/rio/instance_gt/train/scene0178_00.txt,True,True
4d3d82a2-8cf4-2e04-810b-7634c83eed98,scene0178_01,4d3d82a4-8cf4-2e04-8144-95d355266160,train,adaptation,external:data_root/processed/rio/train/0178_01.npy,True,external:data_root/processed/rio/instance_gt/train/scene0178_01.txt,True,True
4d3d82a6-8cf4-2e04-828b-ceb5235b58a8,scene0179_00,4d3d82a6-8cf4-2e04-828b-ceb5235b58a8,train,adaptation,external:data_root/processed/rio/train/0179_00.npy,True,external:data_root/processed/rio/instance_gt/train/scene0179_00.txt,True,True
4d3d82a6-8cf4-2e04-828b-ceb5235b58a8,scene0179_01,4d3d82a8-8cf4-2e04-8025-48aca980e0be,train,adaptation,external:data_root/processed/rio/train/0179_01.npy,True,external:data_root/processed/rio/instance_gt/train/scene0179_01.txt,True,True
4d3d82b0-8cf4-2e04-80a8-c955ea964c2f,scene0180_00,4d3d82b0-8cf4-2e04-80a8-c955ea964c2f,validation,additional_native_refs,external:data_root/processed/rio/validation/0180_00.npy,True,external:data_root/processed/rio/instance_gt/validation/scene0180_00.txt,True,True
4d3d82b0-8cf4-2e04-80a8-c955ea964c2f,scene0180_01,4d3d82ae-8cf4-2e04-80de-20f96c814d9c,validation,additional_native_refs,external:data_root/processed/rio/validation/0180_01.npy,True,external:data_root/processed/rio/instance_gt/validation/scene0180_01.txt,True,True
4d3d82b6-8cf4-2e04-830a-4303fa0e79c7,scene0181_00,4d3d82b6-8cf4-2e04-830a-4303fa0e79c7,train,adaptation,external:data_root/processed/rio/train/0181_00.npy,True,external:data_root/processed/rio/instance_gt/train/scene0181_00.txt,True,True
4d3d82b6-8cf4-2e04-830a-4303fa0e79c7,scene0181_01,4d3d82b8-8cf4-2e04-803d-3091a545e57a,train,adaptation,external:data_root/processed/rio/train/0181_01.npy,True,external:data_root/processed/rio/instance_gt/train/scene0181_01.txt,True,True
4d3d82bc-8cf4-2e04-8007-e2f7fe679737,scene0182_00,4d3d82bc-8cf4-2e04-8007-e2f7fe679737,train,adaptation,external:data_root/processed/rio/train/0182_00.npy,True,external:data_root/processed/rio/instance_gt/train/scene0182_00.txt,True,True
4d3d82bc-8cf4-2e04-8007-e2f7fe679737,scene0182_01,4d3d82ba-8cf4-2e04-8218-432a802344be,train,adaptation,external:data_root/processed/rio/train/0182_01.npy,True,external:data_root/processed/rio/instance_gt/train/scene0182_01.txt,True,True
4e858c81-fd93-2cb4-8469-d9226116b5de,scene0183_00,4e858c81-fd93-2cb4-8469-d9226116b5de,train,adaptation,external:data_root/processed/rio/train/0183_00.npy,True,external:data_root/processed/rio/instance_gt/train/scene0183_00.txt,True,True
4e858c81-fd93-2cb4-8469-d9226116b5de,scene0183_01,4e858c89-fd93-2cb4-8459-7542184fd2ad,train,adaptation,external:data_root/processed/rio/train/0183_01.npy,True,external:data_root/processed/rio/instance_gt/train/scene0183_01.txt,True,True
4e858c81-fd93-2cb4-8469-d9226116b5de,scene0183_02,4e858c85-fd93-2cb4-87e4-8d8ff1f31652,train,adaptation,external:data_root/processed/rio/train/0183_02.npy,True,external:data_root/processed/rio/instance_gt/train/scene0183_02.txt,True,True
4e858c81-fd93-2cb4-8469-d9226116b5de,scene0183_03,4e858c83-fd93-2cb4-864f-f127e87e0783,train,adaptation,external:data_root/processed/rio/train/0183_03.npy,True,external:data_root/processed/rio/instance_gt/train/scene0183_03.txt,True,True
4e858c8f-fd93-2cb4-8676-36cea7ef23cc,scene0184_00,4e858c8f-fd93-2cb4-8676-36cea7ef23cc,train,adaptation,external:data_root/processed/rio/train/0184_00.npy,True,external:data_root/processed/rio/instance_gt/train/scene0184_00.txt,True,True
4e858c8f-fd93-2cb4-8676-36cea7ef23cc,scene0184_01,4e858c91-fd93-2cb4-85e4-02c198efe788,train,adaptation,external:data_root/processed/rio/train/0184_01.npy,True,external:data_root/processed/rio/instance_gt/train/scene0184_01.txt,True,True
4e858c93-fd93-2cb4-86d6-12f652012a40,scene0185_00,4e858c93-fd93-2cb4-86d6-12f652012a40,train,adaptation,external:data_root/processed/rio/train/0185_00.npy,True,external:data_root/processed/rio/instance_gt/train/scene0185_00.txt,True,True
4e858c93-fd93-2cb4-86d6-12f652012a40,scene0185_01,4e858c97-fd93-2cb4-8773-ac1f3171f4d1,train,adaptation,external:data_root/processed/rio/train/0185_01.npy,True,external:data_root/processed/rio/instance_gt/train/scene0185_01.txt,True,True
4e858c93-fd93-2cb4-86d6-12f652012a40,scene0185_02,4e858c95-fd93-2cb4-853e-1233ae90402a,train,adaptation,external:data_root/processed/rio/train/0185_02.npy,True,external:data_root/processed/rio/instance_gt/train/scene0185_02.txt,True,True
4e858ca1-fd93-2cb4-84b6-490997979830,scene0186_00,4e858ca1-fd93-2cb4-84b6-490997979830,train,adaptation,external:data_root/processed/rio/train/0186_00.npy,True,external:data_root/processed/rio/instance_gt/train/scene0186_00.txt,True,True
4e858ca1-fd93-2cb4-84b6-490997979830,scene0186_01,4e858c9f-fd93-2cb4-8427-8d729dcc80ae,train,adaptation,external:data_root/processed/rio/train/0186_01.npy,True,external:data_root/processed/rio/instance_gt/train/scene0186_01.txt,True,True
4e858ca1-fd93-2cb4-84b6-490997979830,scene0186_02,4e858c9d-fd93-2cb4-859e-c508af1e5449,train,adaptation,external:data_root/processed/rio/train/0186_02.npy,True,external:data_root/processed/rio/instance_gt/train/scene0186_02.txt,True,True
4e858ca1-fd93-2cb4-84b6-490997979830,scene0186_03,4e858c9b-fd93-2cb4-851f-b65dcef6e6e1,train,adaptation,external:data_root/processed/rio/train/0186_03.npy,True,external:data_root/processed/rio/instance_gt/train/scene0186_03.txt,True,True
4e858ca1-fd93-2cb4-84b6-490997979830,scene0186_04,4e858c99-fd93-2cb4-8781-d0e7fc86003a,train,adaptation,external:data_root/processed/rio/train/0186_04.npy,True,external:data_root/processed/rio/instance_gt/train/scene0186_04.txt,True,True
4fbad314-465b-2a5d-8445-9d021f278c1e,scene0187_00,4fbad314-465b-2a5d-8445-9d021f278c1e,train,adaptation,external:data_root/processed/rio/train/0187_00.npy,True,external:data_root/processed/rio/instance_gt/train/scene0187_00.txt,True,True
4fbad314-465b-2a5d-8445-9d021f278c1e,scene0187_01,752cc57a-920c-26f5-8ce3-828413bc3cd4,train,adaptation,external:data_root/processed/rio/train/0187_01.npy,True,external:data_root/processed/rio/instance_gt/train/scene0187_01.txt,True,True
4fbad314-465b-2a5d-8445-9d021f278c1e,scene0187_02,752cc57d-920c-26f5-8db9-9831c97088fe,train,adaptation,external:data_root/processed/rio/train/0187_02.npy,True,external:data_root/processed/rio/instance_gt/train/scene0187_02.txt,True,True
4fbad314-465b-2a5d-8445-9d021f278c1e,scene0187_03,752cc576-920c-26f5-8f6b-040d544069b2,train,adaptation,external:data_root/processed/rio/train/0187_03.npy,True,external:data_root/processed/rio/instance_gt/train/scene0187_03.txt,True,True
4fbad314-465b-2a5d-8445-9d021f278c1e,scene0187_04,752cc578-920c-26f5-8d8d-8a4239658074,train,adaptation,external:data_root/processed/rio/train/0187_04.npy,True,external:data_root/processed/rio/instance_gt/train/scene0187_04.txt,True,True
4fbad31a-465b-2a5d-8566-f4e4845c1a78,scene0188_00,4fbad31a-465b-2a5d-8566-f4e4845c1a78,train,adaptation,external:data_root/processed/rio/train/0188_00.npy,True,external:data_root/processed/rio/instance_gt/train/scene0188_00.txt,True,True
4fbad31a-465b-2a5d-8566-f4e4845c1a78,scene0188_01,752cc5a3-920c-26f5-8ff3-49518eff94c6,train,adaptation,external:data_root/processed/rio/train/0188_01.npy,True,external:data_root/processed/rio/instance_gt/train/scene0188_01.txt,True,True
4fbad31a-465b-2a5d-8566-f4e4845c1a78,scene0188_02,752cc5a1-920c-26f5-8e94-4711ff3be870,train,adaptation,external:data_root/processed/rio/train/0188_02.npy,True,external:data_root/processed/rio/instance_gt/train/scene0188_02.txt,True,True
4fbad31a-465b-2a5d-8566-f4e4845c1a78,scene0188_03,752cc5a5-920c-26f5-8ef1-aac2937ab135,train,adaptation,external:data_root/processed/rio/train/0188_03.npy,True,external:data_root/processed/rio/instance_gt/train/scene0188_03.txt,True,True
4fbad31e-465b-2a5d-84b7-c0ddea978db4,scene0189_00,4fbad31e-465b-2a5d-84b7-c0ddea978db4,validation,additional_native_refs,external:data_root/processed/rio/validation/0189_00.npy,True,external:data_root/processed/rio/instance_gt/validation/scene0189_00.txt,True,True
4fbad31e-465b-2a5d-84b7-c0ddea978db4,scene0189_01,4fbad32f-465b-2a5d-8408-146ab1d72808,validation,additional_native_refs,external:data_root/processed/rio/validation/0189_01.npy,True,external:data_root/processed/rio/instance_gt/validation/scene0189_01.txt,True,True
4fbad31e-465b-2a5d-84b7-c0ddea978db4,scene0189_02,4fbad331-465b-2a5d-8488-852fcda9513c,validation,additional_native_refs,external:data_root/processed/rio/validation/0189_02.npy,True,external:data_root/processed/rio/instance_gt/validation/scene0189_02.txt,True,True
4fbad31e-465b-2a5d-84b7-c0ddea978db4,scene0189_03,9af05c68-5794-2e19-8c5a-979f448da545,validation,additional_native_refs,external:data_root/processed/rio/validation/0189_03.npy,True,external:data_root/processed/rio/instance_gt/validation/scene0189_03.txt,True,True
4fbad329-465b-2a5d-8401-a3f550ef3de5,scene0191_00,4fbad329-465b-2a5d-8401-a3f550ef3de5,train,adaptation,external:data_root/processed/rio/train/0191_00.npy,True,external:data_root/processed/rio/instance_gt/train/scene0191_00.txt,True,True
4fbad329-465b-2a5d-8401-a3f550ef3de5,scene0191_01,185d7421-3698-223c-8b02-a4befeb2dab9,train,adaptation,external:data_root/processed/rio/train/0191_01.npy,True,external:data_root/processed/rio/instance_gt/train/scene0191_01.txt,True,True
4fbad32b-465b-2a5d-8499-85100e88f454,scene0192_00,4fbad32b-465b-2a5d-8499-85100e88f454,train,adaptation,external:data_root/processed/rio/train/0192_00.npy,True,external:data_root/processed/rio/instance_gt/train/scene0192_00.txt,True,True
4fbad32b-465b-2a5d-8499-85100e88f454,scene0192_01,c12890e0-d3df-2d0d-87f7-9b8b04f663a5,train,adaptation,external:data_root/processed/rio/train/0192_01.npy,True,external:data_root/processed/rio/instance_gt/train/scene0192_01.txt,True,True
501ebf0b-a3bb-263f-86fd-7ef000a19588,scene0193_00,501ebf0b-a3bb-263f-86fd-7ef000a19588,train,adaptation,external:data_root/processed/rio/train/0193_00.npy,True,external:data_root/processed/rio/instance_gt/train/scene0193_00.txt,True,True
501ebf0b-a3bb-263f-86fd-7ef000a19588,scene0193_01,501ebf0f-a3bb-263f-867d-7c2af21b54d0,train,adaptation,external:data_root/processed/rio/train/0193_01.npy,True,external:data_root/processed/rio/instance_gt/train/scene0193_01.txt,True,True
50e7c0ad-0730-2a5f-8635-252404ee82e0,scene0194_00,50e7c0ad-0730-2a5f-8635-252404ee82e0,train,development,external:data_root/processed/rio/train/0194_00.npy,True,external:data_root/processed/rio/instance_gt/train/scene0194_00.txt,True,True
50e7c0ad-0730-2a5f-8635-252404ee82e0,scene0194_01,531cff04-0021-28f6-8d49-e51826f43468,train,development,external:data_root/processed/rio/train/0194_01.npy,True,external:data_root/processed/rio/instance_gt/train/scene0194_01.txt,True,True
50e7c0ad-0730-2a5f-8635-252404ee82e0,scene0194_02,55551073-36f1-29c0-8a7d-91902bdddb1f,train,development,external:data_root/processed/rio/train/0194_02.npy,True,external:data_root/processed/rio/instance_gt/train/scene0194_02.txt,True,True
50e7c0ad-0730-2a5f-8635-252404ee82e0,scene0194_03,7ab2a9c1-ebc6-2056-896d-09dd5328b781,train,development,external:data_root/processed/rio/train/0194_03.npy,True,external:data_root/processed/rio/instance_gt/train/scene0194_03.txt,True,True
50e7c0ad-0730-2a5f-8635-252404ee82e0,scene0194_04,8eabc409-5af7-2f32-85b1-54d9794543c9,train,development,external:data_root/processed/rio/train/0194_04.npy,True,external:data_root/processed/rio/instance_gt/train/scene0194_04.txt,True,True
50e7c0ad-0730-2a5f-8635-252404ee82e0,scene0194_05,ca653994-dbf9-207c-91a3-9085f4f169c8,train,development,external:data_root/processed/rio/train/0194_05.npy,True,external:data_root/processed/rio/instance_gt/train/scene0194_05.txt,True,True
5104a9c7-adc4-2a85-9026-45557dcf9a87,scene0195_00,5104a9c7-adc4-2a85-9026-45557dcf9a87,train,adaptation,external:data_root/processed/rio/train/0195_00.npy,True,external:data_root/processed/rio/instance_gt/train/scene0195_00.txt,True,True
5104a9c7-adc4-2a85-9026-45557dcf9a87,scene0195_01,5104a9c9-adc4-2a85-917e-92cb27d635fb,train,adaptation,external:data_root/processed/rio/train/0195_01.npy,True,external:data_root/processed/rio/instance_gt/train/scene0195_01.txt,True,True
5104a9c7-adc4-2a85-9026-45557dcf9a87,scene0195_02,5104a9cd-adc4-2a85-91f5-8030e69ee955,train,adaptation,external:data_root/processed/rio/train/0195_02.npy,True,external:data_root/processed/rio/instance_gt/train/scene0195_02.txt,True,True
531cff02-0021-28f6-8deb-a71f6c628346,scene0196_00,531cff02-0021-28f6-8deb-a71f6c628346,train,adaptation,external:data_root/processed/rio/train/0196_00.npy,True,external:data_root/processed/rio/instance_gt/train/scene0196_00.txt,True,True
531cff02-0021-28f6-8deb-a71f6c628346,scene0196_01,531cff00-0021-28f6-8f9c-d0fe2a031f9e,train,adaptation,external:data_root/processed/rio/train/0196_01.npy,True,external:data_root/processed/rio/instance_gt/train/scene0196_01.txt,True,True
531cff02-0021-28f6-8deb-a71f6c628346,scene0196_02,55551071-36f1-29c0-8a92-6c77b608161f,train,adaptation,external:data_root/processed/rio/train/0196_02.npy,True,external:data_root/processed/rio/instance_gt/train/scene0196_02.txt,True,True
531cff02-0021-28f6-8deb-a71f6c628346,scene0196_03,7ab2a9bf-ebc6-2056-8bd5-903a96eb7e99,train,adaptation,external:data_root/processed/rio/train/0196_03.npy,True,external:data_root/processed/rio/instance_gt/train/scene0196_03.txt,True,True
531cff02-0021-28f6-8deb-a71f6c628346,scene0196_04,8eabc407-5af7-2f32-86af-6e962fa7cebd,train,adaptation,external:data_root/processed/rio/train/0196_04.npy,True,external:data_root/processed/rio/instance_gt/train/scene0196_04.txt,True,True
531cff06-0021-28f6-8ce2-e13a4801e5a8,scene0197_00,531cff06-0021-28f6-8ce2-e13a4801e5a8,train,adaptation,external:data_root/processed/rio/train/0197_00.npy,True,external:data_root/processed/rio/instance_gt/train/scene0197_00.txt,True,True
531cff06-0021-28f6-8ce2-e13a4801e5a8,scene0197_01,e83fe655-2171-26c8-8eb2-b89a89af4928,train,adaptation,external:data_root/processed/rio/train/0197_01.npy,True,external:data_root/processed/rio/instance_gt/train/scene0197_01.txt,True,True
531cff06-0021-28f6-8ce2-e13a4801e5a8,scene0197_02,aa20278a-8bc8-2c5b-9c90-fec1272e21f7,train,adaptation,external:data_root/processed/rio/train/0197_02.npy,True,external:data_root/processed/rio/instance_gt/train/scene0197_02.txt,True,True
531cff06-0021-28f6-8ce2-e13a4801e5a8,scene0197_03,185d7417-3698-223c-8a26-b3a5fce593d4,train,adaptation,external:data_root/processed/rio/train/0197_03.npy,True,external:data_root/processed/rio/instance_gt/train/scene0197_03.txt,True,True
531cff06-0021-28f6-8ce2-e13a4801e5a8,scene0197_04,185d7419-3698-223c-8b18-2dccc08c66d9,train,adaptation,external:data_root/processed/rio/train/0197_04.npy,True,external:data_root/processed/rio/instance_gt/train/scene0197_04.txt,True,True
531cff06-0021-28f6-8ce2-e13a4801e5a8,scene0197_05,55551093-36f1-29c0-8b29-f80bcfdcc5df,train,adaptation,external:data_root/processed/rio/train/0197_05.npy,True,external:data_root/processed/rio/instance_gt/train/scene0197_05.txt,True,True
531cff06-0021-28f6-8ce2-e13a4801e5a8,scene0197_06,ffa41872-6f78-2040-8600-7b90c9a0fa89,train,adaptation,external:data_root/processed/rio/train/0197_06.npy,True,external:data_root/processed/rio/instance_gt/train/scene0197_06.txt,True,True
531cff08-0021-28f6-8e08-ba2eeb945e09,scene0198_00,531cff08-0021-28f6-8e08-ba2eeb945e09,train,adaptation,external:data_root/processed/rio/train/0198_00.npy,True,external:data_root/processed/rio/instance_gt/train/scene0198_00.txt,True,True
531cff08-0021-28f6-8e08-ba2eeb945e09,scene0198_01,531cff10-0021-28f6-8f94-80db8fdbbbee,train,adaptation,external:data_root/processed/rio/train/0198_01.npy,True,external:data_root/processed/rio/instance_gt/train/scene0198_01.txt,True,True
531cff08-0021-28f6-8e08-ba2eeb945e09,scene0198_02,19eda6f4-55aa-29a0-8893-8eac3a4d8193,train,adaptation,external:data_root/processed/rio/train/0198_02.npy,True,external:data_root/processed/rio/instance_gt/train/scene0198_02.txt,True,True
531cff08-0021-28f6-8e08-ba2eeb945e09,scene0198_03,e2847ff3-a506-2b60-876a-e16960aa5fb2,train,adaptation,external:data_root/processed/rio/train/0198_03.npy,True,external:data_root/processed/rio/instance_gt/train/scene0198_03.txt,True,True
531cff08-0021-28f6-8e08-ba2eeb945e09,scene0198_04,e2847ff7-a506-2b60-869c-2780e8694ae0,train,adaptation,external:data_root/processed/rio/train/0198_04.npy,True,external:data_root/processed/rio/instance_gt/train/scene0198_04.txt,True,True
531cff08-0021-28f6-8e08-ba2eeb945e09,scene0198_05,754e884e-ea24-2175-88bf-5fd89d996e36,train,adaptation,external:data_root/processed/rio/train/0198_05.npy,True,external:data_root/processed/rio/instance_gt/train/scene0198_05.txt,True,True
531cff08-0021-28f6-8e08-ba2eeb945e09,scene0198_06,aa20278c-8bc8-2c5b-9d18-016312e4463a,train,adaptation,external:data_root/processed/rio/train/0198_06.npy,True,external:data_root/processed/rio/instance_gt/train/scene0198_06.txt,True,True
531cff08-0021-28f6-8e08-ba2eeb945e09,scene0198_07,55551091-36f1-29c0-8bae-687acbf664a0,train,adaptation,external:data_root/processed/rio/train/0198_07.npy,True,external:data_root/processed/rio/instance_gt/train/scene0198_07.txt,True,True
5341b79f-8a66-2cdd-84d5-6dba6525dd75,scene0199_00,5341b79f-8a66-2cdd-84d5-6dba6525dd75,validation,additional_native_refs,external:data_root/processed/rio/validation/0199_00.npy,True,external:data_root/processed/rio/instance_gt/validation/scene0199_00.txt,True,True
5341b79f-8a66-2cdd-84d5-6dba6525dd75,scene0199_01,7272e16c-a01b-20f6-8961-a0927b4a7629,validation,additional_native_refs,external:data_root/processed/rio/validation/0199_01.npy,True,external:data_root/processed/rio/instance_gt/validation/scene0199_01.txt,True,True
5341b7bf-8a66-2cdd-8794-026113b7c312,scene0201_00,5341b7bf-8a66-2cdd-8794-026113b7c312,train,adaptation,external:data_root/processed/rio/train/0201_00.npy,True,external:data_root/processed/rio/instance_gt/train/scene0201_00.txt,True,True
5341b7bf-8a66-2cdd-8794-026113b7c312,scene0201_01,4138584f-a238-2435-8242-4c9b86032127,train,adaptation,external:data_root/processed/rio/train/0201_01.npy,True,external:data_root/processed/rio/instance_gt/train/scene0201_01.txt,True,True
5341b7c1-8a66-2cdd-853b-598d8f2780ce,scene0202_00,5341b7c1-8a66-2cdd-853b-598d8f2780ce,train,adaptation,external:data_root/processed/rio/train/0202_00.npy,True,external:data_root/processed/rio/instance_gt/train/scene0202_00.txt,True,True
5341b7c1-8a66-2cdd-853b-598d8f2780ce,scene0202_01,75c2599b-9ca2-2844-9683-a503346d840a,train,adaptation,external:data_root/processed/rio/train/0202_01.npy,True,external:data_root/processed/rio/instance_gt/train/scene0202_01.txt,True,True
5341b7c1-8a66-2cdd-853b-598d8f2780ce,scene0202_02,8eabc465-5af7-2f32-840a-96fb8ac605cf,train,adaptation,external:data_root/processed/rio/train/0202_02.npy,True,external:data_root/processed/rio/instance_gt/train/scene0202_02.txt,True,True
5341b7c3-8a66-2cdd-8651-225a7489523a,scene0203_00,5341b7c3-8a66-2cdd-8651-225a7489523a,train,adaptation,external:data_root/processed/rio/train/0203_00.npy,True,external:data_root/processed/rio/instance_gt/train/scene0203_00.txt,True,True
5341b7c3-8a66-2cdd-8651-225a7489523a,scene0203_01,75c25999-9ca2-2844-9761-7642c9829210,train,adaptation,external:data_root/processed/rio/train/0203_01.npy,True,external:data_root/processed/rio/instance_gt/train/scene0203_01.txt,True,True
5341b7d3-8a66-2cdd-8633-0a3da632befa,scene0204_00,5341b7d3-8a66-2cdd-8633-0a3da632befa,train,adaptation,external:data_root/processed/rio/train/0204_00.npy,True,external:data_root/processed/rio/instance_gt/train/scene0204_00.txt,True,True
5341b7d3-8a66-2cdd-8633-0a3da632befa,scene0204_01,8eabc46d-5af7-2f32-85bd-f957e754c064,train,adaptation,external:data_root/processed/rio/train/0204_01.npy,True,external:data_root/processed/rio/instance_gt/train/scene0204_01.txt,True,True
5341b7d9-8a66-2cdd-844b-cfdadb69ed63,scene0205_00,5341b7d9-8a66-2cdd-844b-cfdadb69ed63,train,adaptation,external:data_root/processed/rio/train/0205_00.npy,True,external:data_root/processed/rio/instance_gt/train/scene0205_00.txt,True,True
5341b7d9-8a66-2cdd-844b-cfdadb69ed63,scene0205_01,6a360525-fa53-2915-97f3-1be9b98cddb3,train,adaptation,external:data_root/processed/rio/train/0205_01.npy,True,external:data_root/processed/rio/instance_gt/train/scene0205_01.txt,True,True
5341b7d9-8a66-2cdd-844b-cfdadb69ed63,scene0205_02,6a360527-fa53-2915-9649-f5c6c7eeeb01,train,adaptation,external:data_root/processed/rio/train/0205_02.npy,True,external:data_root/processed/rio/instance_gt/train/scene0205_02.txt,True,True
5341b7db-8a66-2cdd-85c5-66dbe881bd5f,scene0206_00,5341b7db-8a66-2cdd-85c5-66dbe881bd5f,train,adaptation,external:data_root/processed/rio/train/0206_00.npy,True,external:data_root/processed/rio/instance_gt/train/scene0206_00.txt,True,True
5341b7db-8a66-2cdd-85c5-66dbe881bd5f,scene0206_01,6a360521-fa53-2915-94f6-8c3b9d084ee7,train,adaptation,external:data_root/processed/rio/train/0206_01.npy,True,external:data_root/processed/rio/instance_gt/train/scene0206_01.txt,True,True
5341b7dd-8a66-2cdd-8789-886081e65f53,scene0207_00,5341b7dd-8a66-2cdd-8789-886081e65f53,train,adaptation,external:data_root/processed/rio/train/0207_00.npy,True,external:data_root/processed/rio/instance_gt/train/scene0207_00.txt,True,True
5341b7dd-8a66-2cdd-8789-886081e65f53,scene0207_01,6a36052b-fa53-2915-94fe-f6c908e61c52,train,adaptation,external:data_root/processed/rio/train/0207_01.npy,True,external:data_root/processed/rio/instance_gt/train/scene0207_01.txt,True,True
5341b7e1-8a66-2cdd-87a3-02aad508ff86,scene0208_00,5341b7e1-8a66-2cdd-87a3-02aad508ff86,train,adaptation,external:data_root/processed/rio/train/0208_00.npy,True,external:data_root/processed/rio/instance_gt/train/scene0208_00.txt,True,True
5341b7e1-8a66-2cdd-87a3-02aad508ff86,scene0208_01,75c259a5-9ca2-2844-9441-d72912c1e696,train,adaptation,external:data_root/processed/rio/train/0208_01.npy,True,external:data_root/processed/rio/instance_gt/train/scene0208_01.txt,True,True
5341b7e3-8a66-2cdd-8709-66a2159f0017,scene0209_00,5341b7e3-8a66-2cdd-8709-66a2159f0017,validation,additional_native_refs,external:data_root/processed/rio/validation/0209_00.npy,True,external:data_root/processed/rio/instance_gt/validation/scene0209_00.txt,True,True
5341b7e3-8a66-2cdd-8709-66a2159f0017,scene0209_01,4138585b-a238-2435-810b-9728fc989b2f,validation,additional_native_refs,external:data_root/processed/rio/validation/0209_01.npy,True,external:data_root/processed/rio/instance_gt/validation/scene0209_01.txt,True,True
5341b7e9-8a66-2cdd-86a9-62cf7da55c0a,scene0211_00,5341b7e9-8a66-2cdd-86a9-62cf7da55c0a,train,adaptation,external:data_root/processed/rio/train/0211_00.npy,True,external:data_root/processed/rio/instance_gt/train/scene0211_00.txt,True,True
5341b7e9-8a66-2cdd-86a9-62cf7da55c0a,scene0211_01,41385867-a238-2435-8152-dc84ef14eae1,train,adaptation,external:data_root/processed/rio/train/0211_01.npy,True,external:data_root/processed/rio/instance_gt/train/scene0211_01.txt,True,True
54b263a3-0199-2df4-87db-40539528902d,scene0212_00,54b263a3-0199-2df4-87db-40539528902d,train,adaptation,external:data_root/processed/rio/train/0212_00.npy,True,external:data_root/processed/rio/instance_gt/train/scene0212_00.txt,True,True
54b263a3-0199-2df4-87db-40539528902d,scene0212_01,82def5da-25ba-20f9-8810-71be905b83db,train,adaptation,external:data_root/processed/rio/train/0212_01.npy,True,external:data_root/processed/rio/instance_gt/train/scene0212_01.txt,True,True
54b263a3-0199-2df4-87db-40539528902d,scene0212_02,82def5dc-25ba-20f9-8ba3-3bb706799abd,train,adaptation,external:data_root/processed/rio/train/0212_02.npy,True,external:data_root/processed/rio/instance_gt/train/scene0212_02.txt,True,True
55551077-36f1-29c0-89ec-2e7690991cb2,scene0213_00,55551077-36f1-29c0-89ec-2e7690991cb2,train,adaptation,external:data_root/processed/rio/train/0213_00.npy,True,external:data_root/processed/rio/instance_gt/train/scene0213_00.txt,True,True
55551077-36f1-29c0-89ec-2e7690991cb2,scene0213_01,55551079-36f1-29c0-8bcf-aa3b2450b9c5,train,adaptation,external:data_root/processed/rio/train/0213_01.npy,True,external:data_root/processed/rio/instance_gt/train/scene0213_01.txt,True,True
5555107f-36f1-29c0-8903-9b66fb2301d0,scene0214_00,5555107f-36f1-29c0-8903-9b66fb2301d0,train,adaptation,external:data_root/processed/rio/train/0214_00.npy,True,external:data_root/processed/rio/instance_gt/train/scene0214_00.txt,True,True
5555107f-36f1-29c0-8903-9b66fb2301d0,scene0214_01,5555107d-36f1-29c0-896a-5c8ccfb81965,train,adaptation,external:data_root/processed/rio/train/0214_01.npy,True,external:data_root/processed/rio/instance_gt/train/scene0214_01.txt,True,True
5555108d-36f1-29c0-8b37-5efa2bef59d4,scene0215_00,5555108d-36f1-29c0-8b37-5efa2bef59d4,train,adaptation,external:data_root/processed/rio/train/0215_00.npy,True,external:data_root/processed/rio/instance_gt/train/scene0215_00.txt,True,True
5555108d-36f1-29c0-8b37-5efa2bef59d4,scene0215_01,5555108b-36f1-29c0-8bdd-1e94534bc134,train,adaptation,external:data_root/processed/rio/train/0215_01.npy,True,external:data_root/processed/rio/instance_gt/train/scene0215_01.txt,True,True
5555108d-36f1-29c0-8b37-5efa2bef59d4,scene0215_02,5555108f-36f1-29c0-8b75-21a0bb8b1833,train,adaptation,external:data_root/processed/rio/train/0215_02.npy,True,external:data_root/processed/rio/instance_gt/train/scene0215_02.txt,True,True
5630cfc9-12bf-2860-84ed-5bb189f0e94e,scene0216_00,5630cfc9-12bf-2860-84ed-5bb189f0e94e,train,adaptation,external:data_root/processed/rio/train/0216_00.npy,True,external:data_root/processed/rio/instance_gt/train/scene0216_00.txt,True,True
5630cfc9-12bf-2860-84ed-5bb189f0e94e,scene0216_01,c92fb592-f771-2064-8446-c2605c0202e9,train,adaptation,external:data_root/processed/rio/train/0216_01.npy,True,external:data_root/processed/rio/instance_gt/train/scene0216_01.txt,True,True
5630cfc9-12bf-2860-84ed-5bb189f0e94e,scene0216_02,bf9a3daa-45a5-2e80-8162-9bf768132559,train,adaptation,external:data_root/processed/rio/train/0216_02.npy,True,external:data_root/processed/rio/instance_gt/train/scene0216_02.txt,True,True
5630cfc9-12bf-2860-84ed-5bb189f0e94e,scene0216_03,10b17946-3938-2467-8bd9-0cc6be6dff91,train,adaptation,external:data_root/processed/rio/train/0216_03.npy,True,external:data_root/processed/rio/instance_gt/train/scene0216_03.txt,True,True
5630cfc9-12bf-2860-84ed-5bb189f0e94e,scene0216_04,d7d40d66-7a5d-2b36-941c-8c8d61e4e0ab,train,adaptation,external:data_root/processed/rio/train/0216_04.npy,True,external:data_root/processed/rio/instance_gt/train/scene0216_04.txt,True,True
5630cfc9-12bf-2860-84ed-5bb189f0e94e,scene0216_05,d7d40d68-7a5d-2b36-9671-6d4fcab1912a,train,adaptation,external:data_root/processed/rio/train/0216_05.npy,True,external:data_root/processed/rio/instance_gt/train/scene0216_05.txt,True,True
5630cfcb-12bf-2860-87ee-b4e4a5bf0cb0,scene0217_00,5630cfcb-12bf-2860-87ee-b4e4a5bf0cb0,train,adaptation,external:data_root/processed/rio/train/0217_00.npy,True,external:data_root/processed/rio/instance_gt/train/scene0217_00.txt,True,True
5630cfcb-12bf-2860-87ee-b4e4a5bf0cb0,scene0217_01,cdcaf5b9-ddd8-2ed6-9407-e5600914b733,train,adaptation,external:data_root/processed/rio/train/0217_01.npy,True,external:data_root/processed/rio/instance_gt/train/scene0217_01.txt,True,True
5630cfcb-12bf-2860-87ee-b4e4a5bf0cb0,scene0217_02,10b17948-3938-2467-8bb9-fcd621974410,train,adaptation,external:data_root/processed/rio/train/0217_02.npy,True,external:data_root/processed/rio/instance_gt/train/scene0217_02.txt,True,True
5630cfcb-12bf-2860-87ee-b4e4a5bf0cb0,scene0217_03,d7d40d70-7a5d-2b36-960f-ddf3159cb360,train,adaptation,external:data_root/processed/rio/train/0217_03.npy,True,external:data_root/processed/rio/instance_gt/train/scene0217_03.txt,True,True
5630cfcb-12bf-2860-87ee-b4e4a5bf0cb0,scene0217_04,d7d40d73-7a5d-2b36-9709-0be87127a141,train,adaptation,external:data_root/processed/rio/train/0217_04.npy,True,external:data_root/processed/rio/instance_gt/train/scene0217_04.txt,True,True
5630cfcb-12bf-2860-87ee-b4e4a5bf0cb0,scene0217_05,d7d40d75-7a5d-2b36-9746-3e807d3e7558,train,adaptation,external:data_root/processed/rio/train/0217_05.npy,True,external:data_root/processed/rio/instance_gt/train/scene0217_05.txt,True,True
5630cfcd-12bf-2860-87f0-65937859709c,scene0218_00,5630cfcd-12bf-2860-87f0-65937859709c,train,adaptation,external:data_root/processed/rio/train/0218_00.npy,True,external:data_root/processed/rio/instance_gt/train/scene0218_00.txt,True,True
5630cfcd-12bf-2860-87f0-65937859709c,scene0218_01,cdcaf5bb-ddd8-2ed6-9714-55394577db57,train,adaptation,external:data_root/processed/rio/train/0218_01.npy,True,external:data_root/processed/rio/instance_gt/train/scene0218_01.txt,True,True
5630cfcd-12bf-2860-87f0-65937859709c,scene0218_02,d7d40d77-7a5d-2b36-9576-25354ef37dd9,train,adaptation,external:data_root/processed/rio/train/0218_02.npy,True,external:data_root/processed/rio/instance_gt/train/scene0218_02.txt,True,True
5630cfcd-12bf-2860-87f0-65937859709c,scene0218_03,d7d40d79-7a5d-2b36-9740-15f8e687b25c,train,adaptation,external:data_root/processed/rio/train/0218_03.npy,True,external:data_root/processed/rio/instance_gt/train/scene0218_03.txt,True,True
5630cfcf-12bf-2860-8784-83d28a611a83,scene0219_00,5630cfcf-12bf-2860-8784-83d28a611a83,validation,protocol_b_final,external:data_root/processed/rio/validation/0219_00.npy,True,external:data_root/processed/rio/instance_gt/validation/scene0219_00.txt,True,True
5630cfcf-12bf-2860-8784-83d28a611a83,scene0219_01,5630cfd1-12bf-2860-86b2-e7a96bc32c19,validation,protocol_b_final,external:data_root/processed/rio/validation/0219_01.npy,True,external:data_root/processed/rio/instance_gt/validation/scene0219_01.txt,True,True
5630cfcf-12bf-2860-8784-83d28a611a83,scene0219_02,bf9a3d9e-45a5-2e80-83c6-4e427c5586a2,validation,protocol_b_final,external:data_root/processed/rio/validation/0219_02.npy,True,external:data_root/processed/rio/instance_gt/validation/scene0219_02.txt,True,True
5630cfcf-12bf-2860-8784-83d28a611a83,scene0219_03,10b1792e-3938-2467-8bb3-172148ae5a67,validation,protocol_b_final,external:data_root/processed/rio/validation/0219_03.npy,True,external:data_root/processed/rio/instance_gt/validation/scene0219_03.txt,True,True
5630cfcf-12bf-2860-8784-83d28a611a83,scene0219_04,10b17944-3938-2467-8bac-5552375e4467,validation,protocol_b_final,external:data_root/processed/rio/validation/0219_04.npy,True,external:data_root/processed/rio/instance_gt/validation/scene0219_04.txt,True,True
569d8f05-72aa-2f24-899c-58b243c8189d,scene0221_00,569d8f05-72aa-2f24-899c-58b243c8189d,train,adaptation,external:data_root/processed/rio/train/0221_00.npy,True,external:data_root/processed/rio/instance_gt/train/scene0221_00.txt,True,True
569d8f05-72aa-2f24-899c-58b243c8189d,scene0221_01,569d8f01-72aa-2f24-88fe-19788529b4a4,train,adaptation,external:data_root/processed/rio/train/0221_01.npy,True,external:data_root/processed/rio/instance_gt/train/scene0221_01.txt,True,True
569d8f05-72aa-2f24-899c-58b243c8189d,scene0221_02,569d8f03-72aa-2f24-882f-1ce08cc072e6,train,adaptation,external:data_root/processed/rio/train/0221_02.npy,True,external:data_root/processed/rio/instance_gt/train/scene0221_02.txt,True,True
569d8f09-72aa-2f24-887c-26497a35f26a,scene0222_00,569d8f09-72aa-2f24-887c-26497a35f26a,train,adaptation,external:data_root/processed/rio/train/0222_00.npy,True,external:data_root/processed/rio/instance_gt/train/scene0222_00.txt,True,True
569d8f09-72aa-2f24-887c-26497a35f26a,scene0222_01,569d8f0b-72aa-2f24-8bfb-8159cfb5e7f4,train,adaptation,external:data_root/processed/rio/train/0222_01.npy,True,external:data_root/processed/rio/instance_gt/train/scene0222_01.txt,True,True
569d8f09-72aa-2f24-887c-26497a35f26a,scene0222_02,569d8f07-72aa-2f24-8b3d-47a4ceb4b966,train,adaptation,external:data_root/processed/rio/train/0222_02.npy,True,external:data_root/processed/rio/instance_gt/train/scene0222_02.txt,True,True
569d8f0d-72aa-2f24-8ac6-c6ee8d927c4b,scene0223_00,569d8f0d-72aa-2f24-8ac6-c6ee8d927c4b,train,adaptation,external:data_root/processed/rio/train/0223_00.npy,True,external:data_root/processed/rio/instance_gt/train/scene0223_00.txt,True,True
569d8f0d-72aa-2f24-8ac6-c6ee8d927c4b,scene0223_01,569d8f0f-72aa-2f24-89a6-77f8b8779ae9,train,adaptation,external:data_root/processed/rio/train/0223_01.npy,True,external:data_root/processed/rio/instance_gt/train/scene0223_01.txt,True,True
569d8f0d-72aa-2f24-8ac6-c6ee8d927c4b,scene0223_02,569d8f11-72aa-2f24-88ea-bd6aa4f1d84c,train,adaptation,external:data_root/processed/rio/train/0223_02.npy,True,external:data_root/processed/rio/instance_gt/train/scene0223_02.txt,True,True
569d8f13-72aa-2f24-8b64-3bde3b0603ab,scene0224_00,569d8f13-72aa-2f24-8b64-3bde3b0603ab,train,adaptation,external:data_root/processed/rio/train/0224_00.npy,True,external:data_root/processed/rio/instance_gt/train/scene0224_00.txt,True,True
569d8f13-72aa-2f24-8b64-3bde3b0603ab,scene0224_01,569d8f15-72aa-2f24-8b0a-2a9bbe4c9a3d,train,adaptation,external:data_root/processed/rio/train/0224_01.npy,True,external:data_root/processed/rio/instance_gt/train/scene0224_01.txt,True,True
569d8f13-72aa-2f24-8b64-3bde3b0603ab,scene0224_02,569d8f18-72aa-2f24-8bb2-fb8211412783,train,adaptation,external:data_root/processed/rio/train/0224_02.npy,True,external:data_root/processed/rio/instance_gt/train/scene0224_02.txt,True,True
569d8f1e-72aa-2f24-8a3e-837f59c9e1dc,scene0225_00,569d8f1e-72aa-2f24-8a3e-837f59c9e1dc,train,adaptation,external:data_root/processed/rio/train/0225_00.npy,True,external:data_root/processed/rio/instance_gt/train/scene0225_00.txt,True,True
569d8f1e-72aa-2f24-8a3e-837f59c9e1dc,scene0225_01,569d8f1c-72aa-2f24-89bb-0df7a0653c26,train,adaptation,external:data_root/processed/rio/train/0225_01.npy,True,external:data_root/processed/rio/instance_gt/train/scene0225_01.txt,True,True
569d8f1e-72aa-2f24-8a3e-837f59c9e1dc,scene0225_02,569d8f20-72aa-2f24-8a85-2d43d390ff9d,train,adaptation,external:data_root/processed/rio/train/0225_02.npy,True,external:data_root/processed/rio/instance_gt/train/scene0225_02.txt,True,True
56d957ed-0184-2301-8f4f-616c3b537e45,scene0226_00,56d957ed-0184-2301-8f4f-616c3b537e45,train,adaptation,external:data_root/processed/rio/train/0226_00.npy,True,external:data_root/processed/rio/instance_gt/train/scene0226_00.txt,True,True
56d957ed-0184-2301-8f4f-616c3b537e45,scene0226_01,56d957e9-0184-2301-8c3e-ff1c86c6b50c,train,adaptation,external:data_root/processed/rio/train/0226_01.npy,True,external:data_root/processed/rio/instance_gt/train/scene0226_01.txt,True,True
5ed77dd8-c4f5-27a0-85c7-c9cfc4feb6dd,scene0227_00,5ed77dd8-c4f5-27a0-85c7-c9cfc4feb6dd,train,adaptation,external:data_root/processed/rio/train/0227_00.npy,True,external:data_root/processed/rio/instance_gt/train/scene0227_00.txt,True,True
5ed77dd8-c4f5-27a0-85c7-c9cfc4feb6dd,scene0227_01,5ed77dd4-c4f5-27a0-8476-f3048ea53ef5,train,adaptation,external:data_root/processed/rio/train/0227_01.npy,True,external:data_root/processed/rio/instance_gt/train/scene0227_01.txt,True,True
634b2181-f5d0-2fb7-8547-fd27b0795137,scene0228_00,634b2181-f5d0-2fb7-8547-fd27b0795137,train,adaptation,external:data_root/processed/rio/train/0228_00.npy,True,external:data_root/processed/rio/instance_gt/train/scene0228_00.txt,True,True
634b2181-f5d0-2fb7-8547-fd27b0795137,scene0228_01,e83fe657-2171-26c8-8c64-199f0871f98d,train,adaptation,external:data_root/processed/rio/train/0228_01.npy,True,external:data_root/processed/rio/instance_gt/train/scene0228_01.txt,True,True
634b2181-f5d0-2fb7-8547-fd27b0795137,scene0228_02,aa20278e-8bc8-2c5b-9cfe-01db71781ed4,train,adaptation,external:data_root/processed/rio/train/0228_02.npy,True,external:data_root/processed/rio/instance_gt/train/scene0228_02.txt,True,True
634b2181-f5d0-2fb7-8547-fd27b0795137,scene0228_03,aa202790-8bc8-2c5b-9d03-129b42efee05,train,adaptation,external:data_root/processed/rio/train/0228_03.npy,True,external:data_root/processed/rio/instance_gt/train/scene0228_03.txt,True,True
634b2181-f5d0-2fb7-8547-fd27b0795137,scene0228_04,185d741f-3698-223c-8a4c-5e77f82f9251,train,adaptation,external:data_root/processed/rio/train/0228_04.npy,True,external:data_root/processed/rio/instance_gt/train/scene0228_04.txt,True,True
634b2181-f5d0-2fb7-8547-fd27b0795137,scene0228_05,55551068-36f1-29c0-8896-0fa81b7a1fe7,train,adaptation,external:data_root/processed/rio/train/0228_05.npy,True,external:data_root/processed/rio/instance_gt/train/scene0228_05.txt,True,True
634b2181-f5d0-2fb7-8547-fd27b0795137,scene0228_06,55551099-36f1-29c0-88f9-114729f2705a,train,adaptation,external:data_root/processed/rio/train/0228_06.npy,True,external:data_root/processed/rio/instance_gt/train/scene0228_06.txt,True,True
634d11d3-6833-255d-8cb0-12c4fb3ea031,scene0231_00,634d11d3-6833-255d-8cb0-12c4fb3ea031,train,adaptation,external:data_root/processed/rio/train/0231_00.npy,True,external:data_root/processed/rio/instance_gt/train/scene0231_00.txt,True,True
634d11d3-6833-255d-8cb0-12c4fb3ea031,scene0231_01,634d11cb-6833-255d-8ff4-b1812575e7dd,train,adaptation,external:data_root/processed/rio/train/0231_01.npy,True,external:data_root/processed/rio/instance_gt/train/scene0231_01.txt,True,True
634d11d5-6833-255d-8d0a-c0da83387d01,scene0232_00,634d11d5-6833-255d-8d0a-c0da83387d01,train,adaptation,external:data_root/processed/rio/train/0232_00.npy,True,external:data_root/processed/rio/instance_gt/train/scene0232_00.txt,True,True
634d11d5-6833-255d-8d0a-c0da83387d01,scene0232_01,634d11d7-6833-255d-8c1e-2a0af54ac101,train,adaptation,external:data_root/processed/rio/train/0232_01.npy,True,external:data_root/processed/rio/instance_gt/train/scene0232_01.txt,True,True
63b87cf1-ef3f-28f2-871a-c1551f129ce6,scene0233_00,63b87cf1-ef3f-28f2-871a-c1551f129ce6,train,adaptation,external:data_root/processed/rio/train/0233_00.npy,True,external:data_root/processed/rio/instance_gt/train/scene0233_00.txt,True,True
63b87cf1-ef3f-28f2-871a-c1551f129ce6,scene0233_01,63b87cef-ef3f-28f2-87a7-81c3fffbfa2d,train,adaptation,external:data_root/processed/rio/train/0233_01.npy,True,external:data_root/processed/rio/instance_gt/train/scene0233_01.txt,True,True
68bae76e-3567-2f7c-82bd-a09641695364,scene0234_00,68bae76e-3567-2f7c-82bd-a09641695364,train,adaptation,external:data_root/processed/rio/train/0234_00.npy,True,external:data_root/processed/rio/instance_gt/train/scene0234_00.txt,True,True
68bae76e-3567-2f7c-82bd-a09641695364,scene0234_01,68bae762-3567-2f7c-80f8-2d44a8d24782,train,adaptation,external:data_root/processed/rio/train/0234_01.npy,True,external:data_root/processed/rio/instance_gt/train/scene0234_01.txt,True,True
68bae76e-3567-2f7c-82bd-a09641695364,scene0234_02,68bae766-3567-2f7c-825a-f0522da62564,train,adaptation,external:data_root/processed/rio/train/0234_02.npy,True,external:data_root/processed/rio/instance_gt/train/scene0234_02.txt,True,True
68bae76e-3567-2f7c-82bd-a09641695364,scene0234_03,68bae76c-3567-2f7c-827d-373035a2d942,train,adaptation,external:data_root/processed/rio/train/0234_03.npy,True,external:data_root/processed/rio/instance_gt/train/scene0234_03.txt,True,True
68bae76e-3567-2f7c-82bd-a09641695364,scene0234_04,68bae76a-3567-2f7c-8143-f70365deb0f7,train,adaptation,external:data_root/processed/rio/train/0234_04.npy,True,external:data_root/processed/rio/instance_gt/train/scene0234_04.txt,True,True
68bae76e-3567-2f7c-82bd-a09641695364,scene0234_05,1776ad8a-4db7-2333-8909-97b950726515,train,adaptation,external:data_root/processed/rio/train/0234_05.npy,True,external:data_root/processed/rio/instance_gt/train/scene0234_05.txt,True,True
68bae76e-3567-2f7c-82bd-a09641695364,scene0234_06,1776ad88-4db7-2333-887f-8be533122e06,train,adaptation,external:data_root/processed/rio/train/0234_06.npy,True,external:data_root/processed/rio/instance_gt/train/scene0234_06.txt,True,True
68bae772-3567-2f7c-804c-d77a47cdc508,scene0235_00,68bae772-3567-2f7c-804c-d77a47cdc508,train,adaptation,external:data_root/processed/rio/train/0235_00.npy,True,external:data_root/processed/rio/instance_gt/train/scene0235_00.txt,True,True
68bae772-3567-2f7c-804c-d77a47cdc508,scene0235_01,05c6ede7-2e69-23b1-8b27-c1cb868f1938,train,adaptation,external:data_root/processed/rio/train/0235_01.npy,True,external:data_root/processed/rio/instance_gt/train/scene0235_01.txt,True,True
68bae772-3567-2f7c-804c-d77a47cdc508,scene0235_02,68bae770-3567-2f7c-80b4-0ff21a8fee10,train,adaptation,external:data_root/processed/rio/train/0235_02.npy,True,external:data_root/processed/rio/instance_gt/train/scene0235_02.txt,True,True
6993478e-1286-2e5b-82d0-eb36d75214de,scene0236_00,6993478e-1286-2e5b-82d0-eb36d75214de,train,adaptation,external:data_root/processed/rio/train/0236_00.npy,True,external:data_root/processed/rio/instance_gt/train/scene0236_00.txt,True,True
6993478e-1286-2e5b-82d0-eb36d75214de,scene0236_01,6993478c-1286-2e5b-8023-181d6efc14f9,train,adaptation,external:data_root/processed/rio/train/0236_01.npy,True,external:data_root/processed/rio/instance_gt/train/scene0236_01.txt,True,True
6a360523-fa53-2915-9506-4b95fa02cc56,scene0237_00,6a360523-fa53-2915-9506-4b95fa02cc56,train,adaptation,external:data_root/processed/rio/train/0237_00.npy,True,external:data_root/processed/rio/instance_gt/train/scene0237_00.txt,True,True
6a360523-fa53-2915-9506-4b95fa02cc56,scene0237_01,5341b7d7-8a66-2cdd-8413-00cf17af67ba,train,adaptation,external:data_root/processed/rio/train/0237_01.npy,True,external:data_root/processed/rio/instance_gt/train/scene0237_01.txt,True,True
6a360523-fa53-2915-9506-4b95fa02cc56,scene0237_02,6a36051f-fa53-2915-9497-19bbbf3df0c4,train,adaptation,external:data_root/processed/rio/train/0237_02.npy,True,external:data_root/processed/rio/instance_gt/train/scene0237_02.txt,True,True
6a36052d-fa53-2915-9764-30d81b2cc2b5,scene0238_00,6a36052d-fa53-2915-9764-30d81b2cc2b5,train,adaptation,external:data_root/processed/rio/train/0238_00.npy,True,external:data_root/processed/rio/instance_gt/train/scene0238_00.txt,True,True
6a36052d-fa53-2915-9764-30d81b2cc2b5,scene0238_01,6a36052f-fa53-2915-9400-831b60c63077,train,adaptation,external:data_root/processed/rio/train/0238_01.npy,True,external:data_root/processed/rio/instance_gt/train/scene0238_01.txt,True,True
6a36054b-fa53-2915-946e-4ec15f811f6e,scene0239_00,6a36054b-fa53-2915-946e-4ec15f811f6e,train,adaptation,external:data_root/processed/rio/train/0239_00.npy,True,external:data_root/processed/rio/instance_gt/train/scene0239_00.txt,True,True
6a36054b-fa53-2915-946e-4ec15f811f6e,scene0239_01,6a36054d-fa53-2915-94a6-7e44f4f7a6cf,train,adaptation,external:data_root/processed/rio/train/0239_01.npy,True,external:data_root/processed/rio/instance_gt/train/scene0239_01.txt,True,True
6a360567-fa53-2915-9617-da8aa432752d,scene0241_00,6a360567-fa53-2915-9617-da8aa432752d,train,adaptation,external:data_root/processed/rio/train/0241_00.npy,True,external:data_root/processed/rio/instance_gt/train/scene0241_00.txt,True,True
6a360567-fa53-2915-9617-da8aa432752d,scene0241_01,6a360565-fa53-2915-974c-3a8844e1a451,train,adaptation,external:data_root/processed/rio/train/0241_01.npy,True,external:data_root/processed/rio/instance_gt/train/scene0241_01.txt,True,True
6bde6043-9162-246f-8e11-613aba0df55c,scene0242_00,6bde6043-9162-246f-8e11-613aba0df55c,train,adaptation,external:data_root/processed/rio/train/0242_00.npy,True,external:data_root/processed/rio/instance_gt/train/scene0242_00.txt,True,True
6bde6043-9162-246f-8e11-613aba0df55c,scene0242_01,6bde603f-9162-246f-8ca4-5bb5c9fe9974,train,adaptation,external:data_root/processed/rio/train/0242_01.npy,True,external:data_root/processed/rio/instance_gt/train/scene0242_01.txt,True,True
6bde6043-9162-246f-8e11-613aba0df55c,scene0242_02,6bde6041-9162-246f-8e57-11444a314136,train,adaptation,external:data_root/processed/rio/train/0242_02.npy,True,external:data_root/processed/rio/instance_gt/train/scene0242_02.txt,True,True
6bde604b-9162-246f-8fb2-2dea80e7fb4c,scene0243_00,6bde604b-9162-246f-8fb2-2dea80e7fb4c,train,adaptation,external:data_root/processed/rio/train/0243_00.npy,True,external:data_root/processed/rio/instance_gt/train/scene0243_00.txt,True,True
6bde604b-9162-246f-8fb2-2dea80e7fb4c,scene0243_01,6bde6045-9162-246f-8dff-b27ff180a6ae,train,adaptation,external:data_root/processed/rio/train/0243_01.npy,True,external:data_root/processed/rio/instance_gt/train/scene0243_01.txt,True,True
6bde604b-9162-246f-8fb2-2dea80e7fb4c,scene0243_02,6bde6047-9162-246f-8f57-9da22a267db0,train,adaptation,external:data_root/processed/rio/train/0243_02.npy,True,external:data_root/processed/rio/instance_gt/train/scene0243_02.txt,True,True
6bde604b-9162-246f-8fb2-2dea80e7fb4c,scene0243_03,6bde6049-9162-246f-8c0e-25e1e80c0a45,train,adaptation,external:data_root/processed/rio/train/0243_03.npy,True,external:data_root/processed/rio/instance_gt/train/scene0243_03.txt,True,True
6bde6053-9162-246f-8d5d-54e5e3dd721d,scene0244_00,6bde6053-9162-246f-8d5d-54e5e3dd721d,train,adaptation,external:data_root/processed/rio/train/0244_00.npy,True,external:data_root/processed/rio/instance_gt/train/scene0244_00.txt,True,True
6bde6053-9162-246f-8d5d-54e5e3dd721d,scene0244_01,6bde604d-9162-246f-8d7d-631c1e992162,train,adaptation,external:data_root/processed/rio/train/0244_01.npy,True,external:data_root/processed/rio/instance_gt/train/scene0244_01.txt,True,True
6bde6053-9162-246f-8d5d-54e5e3dd721d,scene0244_02,6bde6051-9162-246f-8fa1-c88a8a60a97e,train,adaptation,external:data_root/processed/rio/train/0244_02.npy,True,external:data_root/processed/rio/instance_gt/train/scene0244_02.txt,True,True
6bde6055-9162-246f-8f44-e3efc21c9e14,scene0245_00,6bde6055-9162-246f-8f44-e3efc21c9e14,train,adaptation,external:data_root/processed/rio/train/0245_00.npy,True,external:data_root/processed/rio/instance_gt/train/scene0245_00.txt,True,True
6bde6055-9162-246f-8f44-e3efc21c9e14,scene0245_01,6bde6057-9162-246f-8d07-dfba45622e09,train,adaptation,external:data_root/processed/rio/train/0245_01.npy,True,external:data_root/processed/rio/instance_gt/train/scene0245_01.txt,True,True
6bde6055-9162-246f-8f44-e3efc21c9e14,scene0245_02,6bde6059-9162-246f-8f04-3dc6f8624ad2,train,adaptation,external:data_root/processed/rio/train/0245_02.npy,True,external:data_root/processed/rio/instance_gt/train/scene0245_02.txt,True,True
6bde605b-9162-246f-8f73-3a0e3627db01,scene0246_00,6bde605b-9162-246f-8f73-3a0e3627db01,train,adaptation,external:data_root/processed/rio/train/0246_00.npy,True,external:data_root/processed/rio/instance_gt/train/scene0246_00.txt,True,True
6bde605b-9162-246f-8f73-3a0e3627db01,scene0246_01,6bde605d-9162-246f-8c75-fb2f7781bc40,train,adaptation,external:data_root/processed/rio/train/0246_01.npy,True,external:data_root/processed/rio/instance_gt/train/scene0246_01.txt,True,True
6bde605b-9162-246f-8f73-3a0e3627db01,scene0246_02,6bde605f-9162-246f-8d03-644a980c1cbb,train,adaptation,external:data_root/processed/rio/train/0246_02.npy,True,external:data_root/processed/rio/instance_gt/train/scene0246_02.txt,True,True
6bde605b-9162-246f-8f73-3a0e3627db01,scene0246_03,6bde6061-9162-246f-8d02-8c10ae9f10aa,train,adaptation,external:data_root/processed/rio/train/0246_03.npy,True,external:data_root/processed/rio/instance_gt/train/scene0246_03.txt,True,True
6bde605b-9162-246f-8f73-3a0e3627db01,scene0246_04,6bde6063-9162-246f-8fea-cf3292226c38,train,adaptation,external:data_root/processed/rio/train/0246_04.npy,True,external:data_root/processed/rio/instance_gt/train/scene0246_04.txt,True,True
6bde605b-9162-246f-8f73-3a0e3627db01,scene0246_05,6bde6065-9162-246f-8d78-827bb6cbd6fe,train,adaptation,external:data_root/processed/rio/train/0246_05.npy,True,external:data_root/processed/rio/instance_gt/train/scene0246_05.txt,True,True
6bde6070-9162-246f-8ea9-c8bbe5d7133a,scene0247_00,6bde6070-9162-246f-8ea9-c8bbe5d7133a,train,adaptation,external:data_root/processed/rio/train/0247_00.npy,True,external:data_root/processed/rio/instance_gt/train/scene0247_00.txt,True,True
6bde6070-9162-246f-8ea9-c8bbe5d7133a,scene0247_01,6bde606a-9162-246f-8d00-6f12f032e27d,train,adaptation,external:data_root/processed/rio/train/0247_01.npy,True,external:data_root/processed/rio/instance_gt/train/scene0247_01.txt,True,True
6bde6070-9162-246f-8ea9-c8bbe5d7133a,scene0247_02,6bde606c-9162-246f-8dbf-b0334f524501,train,adaptation,external:data_root/processed/rio/train/0247_02.npy,True,external:data_root/processed/rio/instance_gt/train/scene0247_02.txt,True,True
6bde6070-9162-246f-8ea9-c8bbe5d7133a,scene0247_03,6bde6072-9162-246f-8fa1-71ec9bc5ebeb,train,adaptation,external:data_root/processed/rio/train/0247_03.npy,True,external:data_root/processed/rio/instance_gt/train/scene0247_03.txt,True,True
6bde6079-9162-246f-8fad-d8f2358bd413,scene0248_00,6bde6079-9162-246f-8fad-d8f2358bd413,train,adaptation,external:data_root/processed/rio/train/0248_00.npy,True,external:data_root/processed/rio/instance_gt/train/scene0248_00.txt,True,True
6bde6079-9162-246f-8fad-d8f2358bd413,scene0248_01,6bde6077-9162-246f-8c20-c85ea2964342,train,adaptation,external:data_root/processed/rio/train/0248_01.npy,True,external:data_root/processed/rio/instance_gt/train/scene0248_01.txt,True,True
6bde6079-9162-246f-8fad-d8f2358bd413,scene0248_02,6bde6074-9162-246f-8d34-5d8a64c07009,train,adaptation,external:data_root/processed/rio/train/0248_02.npy,True,external:data_root/processed/rio/instance_gt/train/scene0248_02.txt,True,True
6bde6081-9162-246f-8c4e-ffaf709d17b1,scene0249_00,6bde6081-9162-246f-8c4e-ffaf709d17b1,validation,additional_native_refs,external:data_root/processed/rio/validation/0249_00.npy,True,external:data_root/processed/rio/instance_gt/validation/scene0249_00.txt,True,True
6bde6081-9162-246f-8c4e-ffaf709d17b1,scene0249_01,6bde607b-9162-246f-8e65-76e3ef265504,validation,additional_native_refs,external:data_root/processed/rio/validation/0249_01.npy,True,external:data_root/processed/rio/instance_gt/validation/scene0249_01.txt,True,True
6bde6081-9162-246f-8c4e-ffaf709d17b1,scene0249_02,6bde607d-9162-246f-8f84-98cf7ac2374c,validation,additional_native_refs,external:data_root/processed/rio/validation/0249_02.npy,True,external:data_root/processed/rio/instance_gt/validation/scene0249_02.txt,True,True
6bde6081-9162-246f-8c4e-ffaf709d17b1,scene0249_03,6bde6083-9162-246f-8c9c-e170212059b2,validation,additional_native_refs,external:data_root/processed/rio/validation/0249_03.npy,True,external:data_root/processed/rio/instance_gt/validation/scene0249_03.txt,True,True
6bde608d-9162-246f-8dde-3f158d134d50,scene0251_00,6bde608d-9162-246f-8dde-3f158d134d50,train,adaptation,external:data_root/processed/rio/train/0251_00.npy,True,external:data_root/processed/rio/instance_gt/train/scene0251_00.txt,True,True
6bde608d-9162-246f-8dde-3f158d134d50,scene0251_01,6bde60ad-9162-246f-8cc8-71bfdd742b43,train,adaptation,external:data_root/processed/rio/train/0251_01.npy,True,external:data_root/processed/rio/instance_gt/train/scene0251_01.txt,True,True
6bde608d-9162-246f-8dde-3f158d134d50,scene0251_02,6bde60af-9162-246f-8f0e-7b3e8cb00aaf,train,adaptation,external:data_root/processed/rio/train/0251_02.npy,True,external:data_root/processed/rio/instance_gt/train/scene0251_02.txt,True,True
6bde6091-9162-246f-8ea8-fdfd6c0a7f77,scene0252_00,6bde6091-9162-246f-8ea8-fdfd6c0a7f77,train,adaptation,external:data_root/processed/rio/train/0252_00.npy,True,external:data_root/processed/rio/instance_gt/train/scene0252_00.txt,True,True
6bde6091-9162-246f-8ea8-fdfd6c0a7f77,scene0252_01,6bde608f-9162-246f-8e28-7c487fbbdfa1,train,adaptation,external:data_root/processed/rio/train/0252_01.npy,True,external:data_root/processed/rio/instance_gt/train/scene0252_01.txt,True,True
6bde609b-9162-246f-8f90-c3d2444a5ab8,scene0253_00,6bde609b-9162-246f-8f90-c3d2444a5ab8,train,adaptation,external:data_root/processed/rio/train/0253_00.npy,True,external:data_root/processed/rio/instance_gt/train/scene0253_00.txt,True,True
6bde609b-9162-246f-8f90-c3d2444a5ab8,scene0253_01,6bde6097-9162-246f-8d95-70c71505f2e3,train,adaptation,external:data_root/processed/rio/train/0253_01.npy,True,external:data_root/processed/rio/instance_gt/train/scene0253_01.txt,True,True
6bde609b-9162-246f-8f90-c3d2444a5ab8,scene0253_02,6bde6099-9162-246f-8d20-43caaaf32911,train,adaptation,external:data_root/processed/rio/train/0253_02.npy,True,external:data_root/processed/rio/instance_gt/train/scene0253_02.txt,True,True
6bde609d-9162-246f-8e6e-a3f462f77042,scene0254_00,6bde609d-9162-246f-8e6e-a3f462f77042,train,adaptation,external:data_root/processed/rio/train/0254_00.npy,True,external:data_root/processed/rio/instance_gt/train/scene0254_00.txt,True,True
6bde609d-9162-246f-8e6e-a3f462f77042,scene0254_01,6bde609f-9162-246f-8c79-3b26507f2ffd,train,adaptation,external:data_root/processed/rio/train/0254_01.npy,True,external:data_root/processed/rio/instance_gt/train/scene0254_01.txt,True,True
6bde60a3-9162-246f-8ca3-48f7e86e95b8,scene0255_00,6bde60a3-9162-246f-8ca3-48f7e86e95b8,train,adaptation,external:data_root/processed/rio/train/0255_00.npy,True,external:data_root/processed/rio/instance_gt/train/scene0255_00.txt,True,True
6bde60a3-9162-246f-8ca3-48f7e86e95b8,scene0255_01,6bde60a1-9162-246f-8c51-a147225db6bd,train,adaptation,external:data_root/processed/rio/train/0255_01.npy,True,external:data_root/processed/rio/instance_gt/train/scene0255_01.txt,True,True
6bde60a9-9162-246f-8f1a-2441db12c4d1,scene0256_00,6bde60a9-9162-246f-8f1a-2441db12c4d1,train,adaptation,external:data_root/processed/rio/train/0256_00.npy,True,external:data_root/processed/rio/instance_gt/train/scene0256_00.txt,True,True
6bde60a9-9162-246f-8f1a-2441db12c4d1,scene0256_01,6bde60a7-9162-246f-8c6b-2f431eb7cb26,train,adaptation,external:data_root/processed/rio/train/0256_01.npy,True,external:data_root/processed/rio/instance_gt/train/scene0256_01.txt,True,True
6bde60ba-9162-246f-8eaf-b462f3cf6234,scene0257_00,6bde60ba-9162-246f-8eaf-b462f3cf6234,train,adaptation,external:data_root/processed/rio/train/0257_00.npy,True,external:data_root/processed/rio/instance_gt/train/scene0257_00.txt,True,True
6bde60ba-9162-246f-8eaf-b462f3cf6234,scene0257_01,6bde60b7-9162-246f-8e93-2738e71ccafd,train,adaptation,external:data_root/processed/rio/train/0257_01.npy,True,external:data_root/processed/rio/instance_gt/train/scene0257_01.txt,True,True
6bde60ba-9162-246f-8eaf-b462f3cf6234,scene0257_02,6bde60bc-9162-246f-8e50-ca5054c79322,train,adaptation,external:data_root/processed/rio/train/0257_02.npy,True,external:data_root/processed/rio/instance_gt/train/scene0257_02.txt,True,True
6bde60ba-9162-246f-8eaf-b462f3cf6234,scene0257_03,6bde60be-9162-246f-8e66-adb6a3511e6e,train,adaptation,external:data_root/processed/rio/train/0257_03.npy,True,external:data_root/processed/rio/instance_gt/train/scene0257_03.txt,True,True
6bde60c0-9162-246f-8d1f-32543babecfb,scene0258_00,6bde60c0-9162-246f-8d1f-32543babecfb,train,adaptation,external:data_root/processed/rio/train/0258_00.npy,True,external:data_root/processed/rio/instance_gt/train/scene0258_00.txt,True,True
6bde60c0-9162-246f-8d1f-32543babecfb,scene0258_01,6bde60c6-9162-246f-8d25-4df09330450c,train,adaptation,external:data_root/processed/rio/train/0258_01.npy,True,external:data_root/processed/rio/instance_gt/train/scene0258_01.txt,True,True
6bde60c0-9162-246f-8d1f-32543babecfb,scene0258_02,6bde60c2-9162-246f-8e01-7b0b9b12cca4,train,adaptation,external:data_root/processed/rio/train/0258_02.npy,True,external:data_root/processed/rio/instance_gt/train/scene0258_02.txt,True,True
6bde60c0-9162-246f-8d1f-32543babecfb,scene0258_03,6bde60c4-9162-246f-8c1e-b0c518544104,train,adaptation,external:data_root/processed/rio/train/0258_03.npy,True,external:data_root/processed/rio/instance_gt/train/scene0258_03.txt,True,True
6bde60cb-9162-246f-8cf5-d04f7426e56f,scene0259_00,6bde60cb-9162-246f-8cf5-d04f7426e56f,validation,additional_native_refs,external:data_root/processed/rio/validation/0259_00.npy,True,external:data_root/processed/rio/instance_gt/validation/scene0259_00.txt,True,True
6bde60cb-9162-246f-8cf5-d04f7426e56f,scene0259_01,6bde60cd-9162-246f-8fad-fca80b4d6ad8,validation,additional_native_refs,external:data_root/processed/rio/validation/0259_01.npy,True,external:data_root/processed/rio/instance_gt/validation/scene0259_01.txt,True,True
6bde60cb-9162-246f-8cf5-d04f7426e56f,scene0259_02,6bde60cf-9162-246f-8f98-6355d75494c2,validation,additional_native_refs,external:data_root/processed/rio/validation/0259_02.npy,True,external:data_root/processed/rio/instance_gt/validation/scene0259_02.txt,True,True
6bde60d8-9162-246f-8f11-834bec23f91e,scene0261_00,6bde60d8-9162-246f-8f11-834bec23f91e,train,adaptation,external:data_root/processed/rio/train/0261_00.npy,True,external:data_root/processed/rio/instance_gt/train/scene0261_00.txt,True,True
6bde60d8-9162-246f-8f11-834bec23f91e,scene0261_01,6bde60da-9162-246f-8ec0-a5f4760ef7b8,train,adaptation,external:data_root/processed/rio/train/0261_01.npy,True,external:data_root/processed/rio/instance_gt/train/scene0261_01.txt,True,True
6bde60d8-9162-246f-8f11-834bec23f91e,scene0261_02,6bde60dc-9162-246f-8c8c-9403300d2636,train,adaptation,external:data_root/processed/rio/train/0261_02.npy,True,external:data_root/processed/rio/instance_gt/train/scene0261_02.txt,True,True
6bde60e0-9162-246f-8df9-b07dc8fa8ddf,scene0262_00,6bde60e0-9162-246f-8df9-b07dc8fa8ddf,train,adaptation,external:data_root/processed/rio/train/0262_00.npy,True,external:data_root/processed/rio/instance_gt/train/scene0262_00.txt,True,True
6bde60e0-9162-246f-8df9-b07dc8fa8ddf,scene0262_01,6bde60de-9162-246f-8cb4-87b39c9ac5e7,train,adaptation,external:data_root/processed/rio/train/0262_01.npy,True,external:data_root/processed/rio/instance_gt/train/scene0262_01.txt,True,True
6bde60e6-9162-246f-8d7f-823d12b5e358,scene0263_00,6bde60e6-9162-246f-8d7f-823d12b5e358,train,adaptation,external:data_root/processed/rio/train/0263_00.npy,True,external:data_root/processed/rio/instance_gt/train/scene0263_00.txt,True,True
6bde60e6-9162-246f-8d7f-823d12b5e358,scene0263_01,6bde60ec-9162-246f-8d34-324b01605c9c,train,adaptation,external:data_root/processed/rio/train/0263_01.npy,True,external:data_root/processed/rio/instance_gt/train/scene0263_01.txt,True,True
6bde60e6-9162-246f-8d7f-823d12b5e358,scene0263_02,6bde60e8-9162-246f-8f82-83326a675ee0,train,adaptation,external:data_root/processed/rio/train/0263_02.npy,True,external:data_root/processed/rio/instance_gt/train/scene0263_02.txt,True,True
6bde60e6-9162-246f-8d7f-823d12b5e358,scene0263_03,6bde60ea-9162-246f-8e87-899570bd80e6,train,adaptation,external:data_root/processed/rio/train/0263_03.npy,True,external:data_root/processed/rio/instance_gt/train/scene0263_03.txt,True,True
6ed38500-7db9-2d45-810c-865e82827b54,scene0264_00,6ed38500-7db9-2d45-810c-865e82827b54,train,adaptation,external:data_root/processed/rio/train/0264_00.npy,True,external:data_root/processed/rio/instance_gt/train/scene0264_00.txt,True,True
6ed38500-7db9-2d45-810c-865e82827b54,scene0264_01,6ed384fe-7db9-2d45-8086-01bab3279730,train,adaptation,external:data_root/processed/rio/train/0264_01.npy,True,external:data_root/processed/rio/instance_gt/train/scene0264_01.txt,True,True
6ed38500-7db9-2d45-810c-865e82827b54,scene0264_02,6ed38502-7db9-2d45-8219-6521d44b8025,train,adaptation,external:data_root/processed/rio/train/0264_02.npy,True,external:data_root/processed/rio/instance_gt/train/scene0264_02.txt,True,True
7272e161-a01b-20f6-8b5a-0b97efeb6545,scene0265_00,7272e161-a01b-20f6-8b5a-0b97efeb6545,train,adaptation,external:data_root/processed/rio/train/0265_00.npy,True,external:data_root/processed/rio/instance_gt/train/scene0265_00.txt,True,True
7272e161-a01b-20f6-8b5a-0b97efeb6545,scene0265_01,5341b79d-8a66-2cdd-85e0-e95b96563cd3,train,adaptation,external:data_root/processed/rio/train/0265_01.npy,True,external:data_root/processed/rio/instance_gt/train/scene0265_01.txt,True,True
7272e161-a01b-20f6-8b5a-0b97efeb6545,scene0265_02,8eabc441-5af7-2f32-85e5-f1bd241503de,train,adaptation,external:data_root/processed/rio/train/0265_02.npy,True,external:data_root/processed/rio/instance_gt/train/scene0265_02.txt,True,True
73315a27-185c-2c8a-848a-46d989c1112a,scene0266_00,73315a27-185c-2c8a-848a-46d989c1112a,train,adaptation,external:data_root/processed/rio/train/0266_00.npy,True,external:data_root/processed/rio/instance_gt/train/scene0266_00.txt,True,True
73315a27-185c-2c8a-848a-46d989c1112a,scene0266_01,f6f1d5ae-a401-23c0-89ad-8ddea9ae5a6c,train,adaptation,external:data_root/processed/rio/train/0266_01.npy,True,external:data_root/processed/rio/instance_gt/train/scene0266_01.txt,True,True
73315a2b-185c-2c8a-8772-fe23ddd2f531,scene0267_00,73315a2b-185c-2c8a-8772-fe23ddd2f531,train,adaptation,external:data_root/processed/rio/train/0267_00.npy,True,external:data_root/processed/rio/instance_gt/train/scene0267_00.txt,True,True
73315a2b-185c-2c8a-8772-fe23ddd2f531,scene0267_01,73315a29-185c-2c8a-860a-e0303d3dd492,train,adaptation,external:data_root/processed/rio/train/0267_01.npy,True,external:data_root/processed/rio/instance_gt/train/scene0267_01.txt,True,True
73315a2d-185c-2c8a-87e9-d8dfe07ae3cb,scene0268_00,73315a2d-185c-2c8a-87e9-d8dfe07ae3cb,train,adaptation,external:data_root/processed/rio/train/0268_00.npy,True,external:data_root/processed/rio/instance_gt/train/scene0268_00.txt,True,True
73315a2d-185c-2c8a-87e9-d8dfe07ae3cb,scene0268_01,73315a33-185c-2c8a-87a3-7915ecadfa45,train,adaptation,external:data_root/processed/rio/train/0268_01.npy,True,external:data_root/processed/rio/instance_gt/train/scene0268_01.txt,True,True
73315a2d-185c-2c8a-87e9-d8dfe07ae3cb,scene0268_02,73315a31-185c-2c8a-8559-79c05e1e8b6f,train,adaptation,external:data_root/processed/rio/train/0268_02.npy,True,external:data_root/processed/rio/instance_gt/train/scene0268_02.txt,True,True
742e8f15-be0a-294e-9ebb-6c72dbcb9662,scene0269_00,742e8f15-be0a-294e-9ebb-6c72dbcb9662,validation,additional_native_refs,external:data_root/processed/rio/validation/0269_00.npy,True,external:data_root/processed/rio/instance_gt/validation/scene0269_00.txt,True,True
742e8f15-be0a-294e-9ebb-6c72dbcb9662,scene0269_01,68bae75f-3567-2f7c-829d-7422117729f3,validation,additional_native_refs,external:data_root/processed/rio/validation/0269_01.npy,True,external:data_root/processed/rio/instance_gt/validation/scene0269_01.txt,True,True
742e8f15-be0a-294e-9ebb-6c72dbcb9662,scene0269_02,742e8f17-be0a-294e-9dd3-52492d308e2b,validation,additional_native_refs,external:data_root/processed/rio/validation/0269_02.npy,True,external:data_root/processed/rio/instance_gt/validation/scene0269_02.txt,True,True
742e8f15-be0a-294e-9ebb-6c72dbcb9662,scene0269_03,742e8f19-be0a-294e-9eb6-50dc474b110e,validation,additional_native_refs,external:data_root/processed/rio/validation/0269_03.npy,True,external:data_root/processed/rio/instance_gt/validation/scene0269_03.txt,True,True
751a559f-fe61-2c3b-8cec-258075450954,scene0271_00,751a559f-fe61-2c3b-8cec-258075450954,train,adaptation,external:data_root/processed/rio/train/0271_00.npy,True,external:data_root/processed/rio/instance_gt/train/scene0271_00.txt,True,True
751a559f-fe61-2c3b-8cec-258075450954,scene0271_01,751a5594-fe61-2c3b-8d40-d10f380079b3,train,adaptation,external:data_root/processed/rio/train/0271_01.npy,True,external:data_root/processed/rio/instance_gt/train/scene0271_01.txt,True,True
751a55a1-fe61-2c3b-8df5-925bfeac2496,scene0272_00,751a55a1-fe61-2c3b-8df5-925bfeac2496,train,adaptation,external:data_root/processed/rio/train/0272_00.npy,True,external:data_root/processed/rio/instance_gt/train/scene0272_00.txt,True,True
751a55a1-fe61-2c3b-8df5-925bfeac2496,scene0272_01,751a557f-fe61-2c3b-8f60-a1ba913060c4,train,adaptation,external:data_root/processed/rio/train/0272_01.npy,True,external:data_root/processed/rio/instance_gt/train/scene0272_01.txt,True,True
751a55a1-fe61-2c3b-8df5-925bfeac2496,scene0272_02,751a558c-fe61-2c3b-8f4e-340ddb43b8bd,train,adaptation,external:data_root/processed/rio/train/0272_02.npy,True,external:data_root/processed/rio/instance_gt/train/scene0272_02.txt,True,True
751a55a3-fe61-2c3b-8d1b-daad80d1af30,scene0273_00,751a55a3-fe61-2c3b-8d1b-daad80d1af30,train,adaptation,external:data_root/processed/rio/train/0273_00.npy,True,external:data_root/processed/rio/instance_gt/train/scene0273_00.txt,True,True
751a55a3-fe61-2c3b-8d1b-daad80d1af30,scene0273_01,751a5581-fe61-2c3b-8cac-76cacfb277e0,train,adaptation,external:data_root/processed/rio/train/0273_01.npy,True,external:data_root/processed/rio/instance_gt/train/scene0273_01.txt,True,True
751a55a3-fe61-2c3b-8d1b-daad80d1af30,scene0273_02,751a558a-fe61-2c3b-8f24-9c288e5fca94,train,adaptation,external:data_root/processed/rio/train/0273_02.npy,True,external:data_root/processed/rio/instance_gt/train/scene0273_02.txt,True,True
751a55a5-fe61-2c3b-8d49-350e8169e05e,scene0274_00,751a55a5-fe61-2c3b-8d49-350e8169e05e,train,adaptation,external:data_root/processed/rio/train/0274_00.npy,True,external:data_root/processed/rio/instance_gt/train/scene0274_00.txt,True,True
751a55a5-fe61-2c3b-8d49-350e8169e05e,scene0274_01,751a5584-fe61-2c3b-8eb1-cfbcd57469dc,train,adaptation,external:data_root/processed/rio/train/0274_01.npy,True,external:data_root/processed/rio/instance_gt/train/scene0274_01.txt,True,True
751a55a5-fe61-2c3b-8d49-350e8169e05e,scene0274_02,751a558e-fe61-2c3b-8d62-3b2ddfeb7758,train,adaptation,external:data_root/processed/rio/train/0274_02.npy,True,external:data_root/processed/rio/instance_gt/train/scene0274_02.txt,True,True
751a55a7-fe61-2c3b-8caa-1aa9dfb86ece,scene0275_00,751a55a7-fe61-2c3b-8caa-1aa9dfb86ece,train,adaptation,external:data_root/processed/rio/train/0275_00.npy,True,external:data_root/processed/rio/instance_gt/train/scene0275_00.txt,True,True
751a55a7-fe61-2c3b-8caa-1aa9dfb86ece,scene0275_01,751a5588-fe61-2c3b-8f6d-1e454269dd55,train,adaptation,external:data_root/processed/rio/train/0275_01.npy,True,external:data_root/processed/rio/instance_gt/train/scene0275_01.txt,True,True
751a55a7-fe61-2c3b-8caa-1aa9dfb86ece,scene0275_02,751a5590-fe61-2c3b-8dd8-414f615e5a97,train,adaptation,external:data_root/processed/rio/train/0275_02.npy,True,external:data_root/processed/rio/instance_gt/train/scene0275_02.txt,True,True
752cc57f-920c-26f5-8e8d-1f9d567cffd7,scene0276_00,752cc57f-920c-26f5-8e8d-1f9d567cffd7,train,adaptation,external:data_root/processed/rio/train/0276_00.npy,True,external:data_root/processed/rio/instance_gt/train/scene0276_00.txt,True,True
752cc57f-920c-26f5-8e8d-1f9d567cffd7,scene0276_01,752cc581-920c-26f5-8e51-9520e8441118,train,adaptation,external:data_root/processed/rio/train/0276_01.npy,True,external:data_root/processed/rio/instance_gt/train/scene0276_01.txt,True,True
752cc57f-920c-26f5-8e8d-1f9d567cffd7,scene0276_02,752cc583-920c-26f5-8fcc-02c767693c60,train,adaptation,external:data_root/processed/rio/train/0276_02.npy,True,external:data_root/processed/rio/instance_gt/train/scene0276_02.txt,True,True
752cc57f-920c-26f5-8e8d-1f9d567cffd7,scene0276_03,752cc585-920c-26f5-8e40-9e37e31cc861,train,adaptation,external:data_root/processed/rio/train/0276_03.npy,True,external:data_root/processed/rio/instance_gt/train/scene0276_03.txt,True,True
752cc57f-920c-26f5-8e8d-1f9d567cffd7,scene0276_04,752cc589-920c-26f5-8ffe-8166547078c1,train,adaptation,external:data_root/processed/rio/train/0276_04.npy,True,external:data_root/processed/rio/instance_gt/train/scene0276_04.txt,True,True
752cc595-920c-26f5-8d66-d08f8f111c92,scene0277_00,752cc595-920c-26f5-8d66-d08f8f111c92,train,adaptation,external:data_root/processed/rio/train/0277_00.npy,True,external:data_root/processed/rio/instance_gt/train/scene0277_00.txt,True,True
752cc595-920c-26f5-8d66-d08f8f111c92,scene0277_01,752cc597-920c-26f5-8c1b-a8a5c90a21d7,train,adaptation,external:data_root/processed/rio/train/0277_01.npy,True,external:data_root/processed/rio/instance_gt/train/scene0277_01.txt,True,True
752cc595-920c-26f5-8d66-d08f8f111c92,scene0277_02,752cc59b-920c-26f5-8cbc-2b014d7b351c,train,adaptation,external:data_root/processed/rio/train/0277_02.npy,True,external:data_root/processed/rio/instance_gt/train/scene0277_02.txt,True,True
752cc595-920c-26f5-8d66-d08f8f111c92,scene0277_03,752cc59d-920c-26f5-8d45-d78b49fe63f3,train,adaptation,external:data_root/processed/rio/train/0277_03.npy,True,external:data_root/processed/rio/instance_gt/train/scene0277_03.txt,True,True
752cc595-920c-26f5-8d66-d08f8f111c92,scene0277_04,55551081-36f1-29c0-88ad-9518e9fd2f4f,train,adaptation,external:data_root/processed/rio/train/0277_04.npy,True,external:data_root/processed/rio/instance_gt/train/scene0277_04.txt,True,True
752cc595-920c-26f5-8d66-d08f8f111c92,scene0277_05,55551083-36f1-29c0-8876-7e0b46d7996d,train,adaptation,external:data_root/processed/rio/train/0277_05.npy,True,external:data_root/processed/rio/instance_gt/train/scene0277_05.txt,True,True
752cc595-920c-26f5-8d66-d08f8f111c92,scene0277_06,8eabc41a-5af7-2f32-8677-c1e3f9b04e62,train,adaptation,external:data_root/processed/rio/train/0277_06.npy,True,external:data_root/processed/rio/instance_gt/train/scene0277_06.txt,True,True
752cc595-920c-26f5-8d66-d08f8f111c92,scene0277_07,8eabc418-5af7-2f32-85a1-a2709b29c46d,train,adaptation,external:data_root/processed/rio/train/0277_07.npy,True,external:data_root/processed/rio/instance_gt/train/scene0277_07.txt,True,True
75c25973-9ca2-2844-96f4-90cd531364ac,scene0278_00,75c25973-9ca2-2844-96f4-90cd531364ac,train,adaptation,external:data_root/processed/rio/train/0278_00.npy,True,external:data_root/processed/rio/instance_gt/train/scene0278_00.txt,True,True
75c25973-9ca2-2844-96f4-90cd531364ac,scene0278_01,5341b7ab-8a66-2cdd-865a-c27c4263d24a,train,adaptation,external:data_root/processed/rio/train/0278_01.npy,True,external:data_root/processed/rio/instance_gt/train/scene0278_01.txt,True,True
75c25973-9ca2-2844-96f4-90cd531364ac,scene0278_02,8eabc449-5af7-2f32-8669-f776ccecc6fa,train,adaptation,external:data_root/processed/rio/train/0278_02.npy,True,external:data_root/processed/rio/instance_gt/train/scene0278_02.txt,True,True
75c25975-9ca2-2844-9769-84677f46d4cf,scene0279_00,75c25975-9ca2-2844-9769-84677f46d4cf,validation,additional_native_refs,external:data_root/processed/rio/validation/0279_00.npy,True,external:data_root/processed/rio/instance_gt/validation/scene0279_00.txt,True,True
75c25975-9ca2-2844-9769-84677f46d4cf,scene0279_01,8eabc455-5af7-2f32-8606-a0bdbe6c537d,validation,additional_native_refs,external:data_root/processed/rio/validation/0279_01.npy,True,external:data_root/processed/rio/instance_gt/validation/scene0279_01.txt,True,True
77361fbc-d054-2a22-8bd1-20da69ee28dc,scene0281_00,77361fbc-d054-2a22-8bd1-20da69ee28dc,train,adaptation,external:data_root/processed/rio/train/0281_00.npy,True,external:data_root/processed/rio/instance_gt/train/scene0281_00.txt,True,True
77361fbc-d054-2a22-8bd1-20da69ee28dc,scene0281_01,77361fbe-d054-2a22-885b-a5437892d854,train,adaptation,external:data_root/processed/rio/train/0281_01.npy,True,external:data_root/processed/rio/instance_gt/train/scene0281_01.txt,True,True
77361fc2-d054-2a22-8ae5-c56022c5e974,scene0282_00,77361fc2-d054-2a22-8ae5-c56022c5e974,train,adaptation,external:data_root/processed/rio/train/0282_00.npy,True,external:data_root/processed/rio/instance_gt/train/scene0282_00.txt,True,True
77361fc2-d054-2a22-8ae5-c56022c5e974,scene0282_01,77361fb6-d054-2a22-8bc5-f4f1a2f34cfb,train,adaptation,external:data_root/processed/rio/train/0282_01.npy,True,external:data_root/processed/rio/instance_gt/train/scene0282_01.txt,True,True
77361fc6-d054-2a22-8971-e4faf5504a44,scene0283_00,77361fc6-d054-2a22-8971-e4faf5504a44,train,adaptation,external:data_root/processed/rio/train/0283_00.npy,True,external:data_root/processed/rio/instance_gt/train/scene0283_00.txt,True,True
77361fc6-d054-2a22-8971-e4faf5504a44,scene0283_01,77361fc4-d054-2a22-899f-58d6462c9d6a,train,adaptation,external:data_root/processed/rio/train/0283_01.npy,True,external:data_root/processed/rio/instance_gt/train/scene0283_01.txt,True,True
77361fca-d054-2a22-8974-547ca1fbb90f,scene0284_00,77361fca-d054-2a22-8974-547ca1fbb90f,train,adaptation,external:data_root/processed/rio/train/0284_00.npy,True,external:data_root/processed/rio/instance_gt/train/scene0284_00.txt,True,True
77361fca-d054-2a22-8974-547ca1fbb90f,scene0284_01,77361fc8-d054-2a22-8868-c3de4283fff7,train,adaptation,external:data_root/processed/rio/train/0284_01.npy,True,external:data_root/processed/rio/instance_gt/train/scene0284_01.txt,True,True
77361fce-d054-2a22-8bb2-a870ab051854,scene0285_00,77361fce-d054-2a22-8bb2-a870ab051854,train,adaptation,external:data_root/processed/rio/train/0285_00.npy,True,external:data_root/processed/rio/instance_gt/train/scene0285_00.txt,True,True
77361fce-d054-2a22-8bb2-a870ab051854,scene0285_01,77361fcc-d054-2a22-89ce-6bc2aa429596,train,adaptation,external:data_root/processed/rio/train/0285_01.npy,True,external:data_root/processed/rio/instance_gt/train/scene0285_01.txt,True,True
77361fd0-d054-2a22-8b5a-9d2acada2031,scene0286_00,77361fd0-d054-2a22-8b5a-9d2acada2031,train,adaptation,external:data_root/processed/rio/train/0286_00.npy,True,external:data_root/processed/rio/instance_gt/train/scene0286_00.txt,True,True
77361fd0-d054-2a22-8b5a-9d2acada2031,scene0286_01,77361fd2-d054-2a22-88bd-8b14f5969890,train,adaptation,external:data_root/processed/rio/train/0286_01.npy,True,external:data_root/processed/rio/instance_gt/train/scene0286_01.txt,True,True
7747a506-9431-24e8-87d9-37a5654d41f4,scene0287_00,7747a506-9431-24e8-87d9-37a5654d41f4,train,adaptation,external:data_root/processed/rio/train/0287_00.npy,True,external:data_root/processed/rio/instance_gt/train/scene0287_00.txt,True,True
7747a506-9431-24e8-87d9-37a5654d41f4,scene0287_01,7747a4ee-9431-24e8-87be-433088b665c2,train,adaptation,external:data_root/processed/rio/train/0287_01.npy,True,external:data_root/processed/rio/instance_gt/train/scene0287_01.txt,True,True
7747a506-9431-24e8-87d9-37a5654d41f4,scene0287_02,7747a500-9431-24e8-8705-84f904e3bc57,train,adaptation,external:data_root/processed/rio/train/0287_02.npy,True,external:data_root/processed/rio/instance_gt/train/scene0287_02.txt,True,True
7747a506-9431-24e8-87d9-37a5654d41f4,scene0287_03,7747a502-9431-24e8-8456-5c6bc3e2eea3,train,adaptation,external:data_root/processed/rio/train/0287_03.npy,True,external:data_root/processed/rio/instance_gt/train/scene0287_03.txt,True,True
7747a506-9431-24e8-87d9-37a5654d41f4,scene0287_04,7747a504-9431-24e8-8587-7e4443481e6c,train,adaptation,external:data_root/processed/rio/train/0287_04.npy,True,external:data_root/processed/rio/instance_gt/train/scene0287_04.txt,True,True
7747a50a-9431-24e8-85c6-3488c128ac26,scene0288_00,7747a50a-9431-24e8-85c6-3488c128ac26,train,adaptation,external:data_root/processed/rio/train/0288_00.npy,True,external:data_root/processed/rio/instance_gt/train/scene0288_00.txt,True,True
7747a50a-9431-24e8-85c6-3488c128ac26,scene0288_01,7747a508-9431-24e8-863c-c53906506d8b,train,adaptation,external:data_root/processed/rio/train/0288_01.npy,True,external:data_root/processed/rio/instance_gt/train/scene0288_01.txt,True,True
7747a50c-9431-24e8-877d-e60c3a341cc2,scene0289_00,7747a50c-9431-24e8-877d-e60c3a341cc2,validation,additional_native_refs,external:data_root/processed/rio/validation/0289_00.npy,True,external:data_root/processed/rio/instance_gt/validation/scene0289_00.txt,True,True
7747a50c-9431-24e8-877d-e60c3a341cc2,scene0289_01,7747a4ec-9431-24e8-848f-897279a1e9fe,validation,additional_native_refs,external:data_root/processed/rio/validation/0289_01.npy,True,external:data_root/processed/rio/instance_gt/validation/scene0289_01.txt,True,True
7747a50c-9431-24e8-877d-e60c3a341cc2,scene0289_02,7747a510-9431-24e8-8705-907ee78be2a2,validation,additional_native_refs,external:data_root/processed/rio/validation/0289_02.npy,True,external:data_root/processed/rio/instance_gt/validation/scene0289_02.txt,True,True
7747a51f-9431-24e8-8720-19e267b3b828,scene0291_00,7747a51f-9431-24e8-8720-19e267b3b828,train,adaptation,external:data_root/processed/rio/train/0291_00.npy,True,external:data_root/processed/rio/instance_gt/train/scene0291_00.txt,True,True
7747a51f-9431-24e8-8720-19e267b3b828,scene0291_01,7747a521-9431-24e8-84e7-7e01eaee08c4,train,adaptation,external:data_root/processed/rio/train/0291_01.npy,True,external:data_root/processed/rio/instance_gt/train/scene0291_01.txt,True,True
7747a51f-9431-24e8-8720-19e267b3b828,scene0291_02,7747a523-9431-24e8-86ca-377091c35f6e,train,adaptation,external:data_root/processed/rio/train/0291_02.npy,True,external:data_root/processed/rio/instance_gt/train/scene0291_02.txt,True,True
77941460-cfdf-29cb-86c7-1f60e2ecd07a,scene0292_00,77941460-cfdf-29cb-86c7-1f60e2ecd07a,train,adaptation,external:data_root/processed/rio/train/0292_00.npy,True,external:data_root/processed/rio/instance_gt/train/scene0292_00.txt,True,True
77941460-cfdf-29cb-86c7-1f60e2ecd07a,scene0292_01,7794146a-cfdf-29cb-8705-f3f89d9ed3ae,train,adaptation,external:data_root/processed/rio/train/0292_01.npy,True,external:data_root/processed/rio/instance_gt/train/scene0292_01.txt,True,True
77941460-cfdf-29cb-86c7-1f60e2ecd07a,scene0292_02,77941462-cfdf-29cb-85a6-eb23498f9206,train,adaptation,external:data_root/processed/rio/train/0292_02.npy,True,external:data_root/processed/rio/instance_gt/train/scene0292_02.txt,True,True
77941460-cfdf-29cb-86c7-1f60e2ecd07a,scene0292_03,77941466-cfdf-29cb-865f-0e2fcea3af87,train,adaptation,external:data_root/processed/rio/train/0292_03.npy,True,external:data_root/processed/rio/instance_gt/train/scene0292_03.txt,True,True
77941460-cfdf-29cb-86c7-1f60e2ecd07a,scene0292_04,77941464-cfdf-29cb-87f4-0465d3b9ab00,train,adaptation,external:data_root/processed/rio/train/0292_04.npy,True,external:data_root/processed/rio/instance_gt/train/scene0292_04.txt,True,True
7ab2a9c9-ebc6-2056-89b6-c78dbb4290d3,scene0293_00,7ab2a9c9-ebc6-2056-89b6-c78dbb4290d3,train,adaptation,external:data_root/processed/rio/train/0293_00.npy,True,external:data_root/processed/rio/instance_gt/train/scene0293_00.txt,True,True
7ab2a9c9-ebc6-2056-89b6-c78dbb4290d3,scene0293_01,7ab2a9cb-ebc6-2056-8ba2-7835e43d47d3,train,adaptation,external:data_root/processed/rio/train/0293_01.npy,True,external:data_root/processed/rio/instance_gt/train/scene0293_01.txt,True,True
7ab2a9d1-ebc6-2056-8880-07b5c7404d58,scene0294_00,7ab2a9d1-ebc6-2056-8880-07b5c7404d58,train,adaptation,external:data_root/processed/rio/train/0294_00.npy,True,external:data_root/processed/rio/instance_gt/train/scene0294_00.txt,True,True
7ab2a9d1-ebc6-2056-8880-07b5c7404d58,scene0294_01,7ab2a9cd-ebc6-2056-88a0-7f85836edb91,train,adaptation,external:data_root/processed/rio/train/0294_01.npy,True,external:data_root/processed/rio/instance_gt/train/scene0294_01.txt,True,True
7ab2a9d1-ebc6-2056-8880-07b5c7404d58,scene0294_02,7ab2a9cf-ebc6-2056-88d4-865e66cc1940,train,adaptation,external:data_root/processed/rio/train/0294_02.npy,True,external:data_root/processed/rio/instance_gt/train/scene0294_02.txt,True,True
7ab2a9d1-ebc6-2056-8880-07b5c7404d58,scene0294_03,7ab2a9d3-ebc6-2056-8afd-e80dc7e1558f,train,adaptation,external:data_root/processed/rio/train/0294_03.npy,True,external:data_root/processed/rio/instance_gt/train/scene0294_03.txt,True,True
7f30f368-42f9-27ed-852b-e6cfc067acea,scene0295_00,7f30f368-42f9-27ed-852b-e6cfc067acea,train,adaptation,external:data_root/processed/rio/train/0295_00.npy,True,external:data_root/processed/rio/instance_gt/train/scene0295_00.txt,True,True
7f30f368-42f9-27ed-852b-e6cfc067acea,scene0295_01,fa79392d-7766-2d5c-87c0-b444b76eb266,train,adaptation,external:data_root/processed/rio/train/0295_01.npy,True,external:data_root/processed/rio/instance_gt/train/scene0295_01.txt,True,True
7f30f368-42f9-27ed-852b-e6cfc067acea,scene0295_02,c54c6eff-7124-2bf6-88ba-a46f4e2e76b1,train,adaptation,external:data_root/processed/rio/train/0295_02.npy,True,external:data_root/processed/rio/instance_gt/train/scene0295_02.txt,True,True
7f30f368-42f9-27ed-852b-e6cfc067acea,scene0295_03,fa79392f-7766-2d5c-869a-f5d6cfb62fc6,train,adaptation,external:data_root/processed/rio/train/0295_03.npy,True,external:data_root/processed/rio/instance_gt/train/scene0295_03.txt,True,True
80b8588f-4a8d-222f-8712-eaa02a5450a9,scene0296_00,80b8588f-4a8d-222f-8712-eaa02a5450a9,train,adaptation,external:data_root/processed/rio/train/0296_00.npy,True,external:data_root/processed/rio/instance_gt/train/scene0296_00.txt,True,True
80b8588f-4a8d-222f-8712-eaa02a5450a9,scene0296_01,3b7b33b1-1b11-283e-9ac0-8843e072d7d5,train,adaptation,external:data_root/processed/rio/train/0296_01.npy,True,external:data_root/processed/rio/instance_gt/train/scene0296_01.txt,True,True
80b8588f-4a8d-222f-8712-eaa02a5450a9,scene0296_02,80b85891-4a8d-222f-85d0-2b8bf16d79a8,train,adaptation,external:data_root/processed/rio/train/0296_02.npy,True,external:data_root/processed/rio/instance_gt/train/scene0296_02.txt,True,True
87e6cf71-9d1a-289f-8510-bddeda7aaad8,scene0297_00,87e6cf71-9d1a-289f-8510-bddeda7aaad8,train,adaptation,external:data_root/processed/rio/train/0297_00.npy,True,external:data_root/processed/rio/instance_gt/train/scene0297_00.txt,True,True
87e6cf71-9d1a-289f-8510-bddeda7aaad8,scene0297_01,87e6cf6f-9d1a-289f-8693-db8b73a4c4f4,train,adaptation,external:data_root/processed/rio/train/0297_01.npy,True,external:data_root/processed/rio/instance_gt/train/scene0297_01.txt,True,True
87e6cf7b-9d1a-289f-8692-57e5757dac99,scene0298_00,87e6cf7b-9d1a-289f-8692-57e5757dac99,train,adaptation,external:data_root/processed/rio/train/0298_00.npy,True,external:data_root/processed/rio/instance_gt/train/scene0298_00.txt,True,True
87e6cf7b-9d1a-289f-8692-57e5757dac99,scene0298_01,87e6cf79-9d1a-289f-845c-abe4deb8642f,train,adaptation,external:data_root/processed/rio/train/0298_01.npy,True,external:data_root/processed/rio/instance_gt/train/scene0298_01.txt,True,True
87e6cf7b-9d1a-289f-8692-57e5757dac99,scene0298_02,20c9939b-698f-29c5-85a4-68c286bd7053,train,adaptation,external:data_root/processed/rio/train/0298_02.npy,True,external:data_root/processed/rio/instance_gt/train/scene0298_02.txt,True,True
8e0f1c28-9e28-2339-8584-ff06ff93c341,scene0299_00,8e0f1c28-9e28-2339-8584-ff06ff93c341,validation,additional_native_refs,external:data_root/processed/rio/validation/0299_00.npy,True,external:data_root/processed/rio/instance_gt/validation/scene0299_00.txt,True,True
8e0f1c28-9e28-2339-8584-ff06ff93c341,scene0299_01,20c993bd-698f-29c5-8494-5556ba7d3fe9,validation,additional_native_refs,external:data_root/processed/rio/validation/0299_01.npy,True,external:data_root/processed/rio/instance_gt/validation/scene0299_01.txt,True,True
8e0f1c28-9e28-2339-8584-ff06ff93c341,scene0299_02,20c993bf-698f-29c5-8549-a69fd169c1e1,validation,additional_native_refs,external:data_root/processed/rio/validation/0299_02.npy,True,external:data_root/processed/rio/instance_gt/validation/scene0299_02.txt,True,True
8eabc414-5af7-2f32-8797-72769173455b,scene0301_00,8eabc414-5af7-2f32-8797-72769173455b,train,adaptation,external:data_root/processed/rio/train/0301_00.npy,True,external:data_root/processed/rio/instance_gt/train/scene0301_00.txt,True,True
8eabc414-5af7-2f32-8797-72769173455b,scene0301_01,8eabc416-5af7-2f32-862f-bc1a368d2932,train,adaptation,external:data_root/processed/rio/train/0301_01.npy,True,external:data_root/processed/rio/instance_gt/train/scene0301_01.txt,True,True
8eabc426-5af7-2f32-87bb-a16609b099e3,scene0302_00,8eabc426-5af7-2f32-87bb-a16609b099e3,train,adaptation,external:data_root/processed/rio/train/0302_00.npy,True,external:data_root/processed/rio/instance_gt/train/scene0302_00.txt,True,True
8eabc426-5af7-2f32-87bb-a16609b099e3,scene0302_01,8eabc422-5af7-2f32-860b-db7caac59e10,train,adaptation,external:data_root/processed/rio/train/0302_01.npy,True,external:data_root/processed/rio/instance_gt/train/scene0302_01.txt,True,True
8eabc426-5af7-2f32-87bb-a16609b099e3,scene0302_02,8eabc424-5af7-2f32-8624-5cba04f952bc,train,adaptation,external:data_root/processed/rio/train/0302_02.npy,True,external:data_root/processed/rio/instance_gt/train/scene0302_02.txt,True,True
8eabc42c-5af7-2f32-87c4-bf646779aa62,scene0303_00,8eabc42c-5af7-2f32-87c4-bf646779aa62,train,adaptation,external:data_root/processed/rio/train/0303_00.npy,True,external:data_root/processed/rio/instance_gt/train/scene0303_00.txt,True,True
8eabc42c-5af7-2f32-87c4-bf646779aa62,scene0303_01,8eabc42a-5af7-2f32-855e-f114989e7025,train,adaptation,external:data_root/processed/rio/train/0303_01.npy,True,external:data_root/processed/rio/instance_gt/train/scene0303_01.txt,True,True
8eabc42c-5af7-2f32-87c4-bf646779aa62,scene0303_02,8eabc428-5af7-2f32-8659-97a21d90a06b,train,adaptation,external:data_root/processed/rio/train/0303_02.npy,True,external:data_root/processed/rio/instance_gt/train/scene0303_02.txt,True,True
8eabc435-5af7-2f32-85c3-163c1fa6e280,scene0304_00,8eabc435-5af7-2f32-85c3-163c1fa6e280,train,adaptation,external:data_root/processed/rio/train/0304_00.npy,True,external:data_root/processed/rio/instance_gt/train/scene0304_00.txt,True,True
8eabc435-5af7-2f32-85c3-163c1fa6e280,scene0304_01,8eabc430-5af7-2f32-84da-1b01b293f2d3,train,adaptation,external:data_root/processed/rio/train/0304_01.npy,True,external:data_root/processed/rio/instance_gt/train/scene0304_01.txt,True,True
8eabc435-5af7-2f32-85c3-163c1fa6e280,scene0304_02,8eabc42e-5af7-2f32-862f-b120deba1f93,train,adaptation,external:data_root/processed/rio/train/0304_02.npy,True,external:data_root/processed/rio/instance_gt/train/scene0304_02.txt,True,True
8eabc43a-5af7-2f32-85d7-b62167a48e58,scene0305_00,8eabc43a-5af7-2f32-85d7-b62167a48e58,train,adaptation,external:data_root/processed/rio/train/0305_00.npy,True,external:data_root/processed/rio/instance_gt/train/scene0305_00.txt,True,True
8eabc43a-5af7-2f32-85d7-b62167a48e58,scene0305_01,8eabc43e-5af7-2f32-84f8-4bb45c0d6460,train,adaptation,external:data_root/processed/rio/train/0305_01.npy,True,external:data_root/processed/rio/instance_gt/train/scene0305_01.txt,True,True
8eabc43a-5af7-2f32-85d7-b62167a48e58,scene0305_02,8eabc437-5af7-2f32-8703-8e6aeb65db26,train,adaptation,external:data_root/processed/rio/train/0305_02.npy,True,external:data_root/processed/rio/instance_gt/train/scene0305_02.txt,True,True
8eabc44b-5af7-2f32-8553-18fd693ab49f,scene0306_00,8eabc44b-5af7-2f32-8553-18fd693ab49f,train,adaptation,external:data_root/processed/rio/train/0306_00.npy,True,external:data_root/processed/rio/instance_gt/train/scene0306_00.txt,True,True
8eabc44b-5af7-2f32-8553-18fd693ab49f,scene0306_01,75c25977-9ca2-2844-97ba-92479480fc00,train,adaptation,external:data_root/processed/rio/train/0306_01.npy,True,external:data_root/processed/rio/instance_gt/train/scene0306_01.txt,True,True
8eabc44b-5af7-2f32-8553-18fd693ab49f,scene0306_02,8eabc44d-5af7-2f32-8529-ab5255a6ae7f,train,adaptation,external:data_root/processed/rio/train/0306_02.npy,True,external:data_root/processed/rio/instance_gt/train/scene0306_02.txt,True,True
8eabc44b-5af7-2f32-8553-18fd693ab49f,scene0306_03,8eabc44f-5af7-2f32-87af-ff14de136a7c,train,adaptation,external:data_root/processed/rio/train/0306_03.npy,True,external:data_root/processed/rio/instance_gt/train/scene0306_03.txt,True,True
8eabc451-5af7-2f32-87b5-026aa18e3190,scene0307_00,8eabc451-5af7-2f32-87b5-026aa18e3190,train,adaptation,external:data_root/processed/rio/train/0307_00.npy,True,external:data_root/processed/rio/instance_gt/train/scene0307_00.txt,True,True
8eabc451-5af7-2f32-87b5-026aa18e3190,scene0307_01,4138583f-a238-2435-8304-d0ccada0d1c6,train,adaptation,external:data_root/processed/rio/train/0307_01.npy,True,external:data_root/processed/rio/instance_gt/train/scene0307_01.txt,True,True
8eabc451-5af7-2f32-87b5-026aa18e3190,scene0307_02,8eabc453-5af7-2f32-859d-405eb6a2e0d0,train,adaptation,external:data_root/processed/rio/train/0307_02.npy,True,external:data_root/processed/rio/instance_gt/train/scene0307_02.txt,True,True
8eabc45a-5af7-2f32-85ed-572ae21920df,scene0308_00,8eabc45a-5af7-2f32-85ed-572ae21920df,train,adaptation,external:data_root/processed/rio/train/0308_00.npy,True,external:data_root/processed/rio/instance_gt/train/scene0308_00.txt,True,True
8eabc45a-5af7-2f32-85ed-572ae21920df,scene0308_01,5341b7a7-8a66-2cdd-86e5-6b641b0004d2,train,adaptation,external:data_root/processed/rio/train/0308_01.npy,True,external:data_root/processed/rio/instance_gt/train/scene0308_01.txt,True,True
8eabc45a-5af7-2f32-85ed-572ae21920df,scene0308_02,8eabc447-5af7-2f32-8712-301083e291b3,train,adaptation,external:data_root/processed/rio/train/0308_02.npy,True,external:data_root/processed/rio/instance_gt/train/scene0308_02.txt,True,True
8eabc45f-5af7-2f32-8528-640861d2a135,scene0309_00,8eabc45f-5af7-2f32-8528-640861d2a135,validation,protocol_b_final,external:data_root/processed/rio/validation/0309_00.npy,True,external:data_root/processed/rio/instance_gt/validation/scene0309_00.txt,True,True
8eabc45f-5af7-2f32-8528-640861d2a135,scene0309_01,75c25989-9ca2-2844-97b4-31b81f7554b8,validation,protocol_b_final,external:data_root/processed/rio/validation/0309_01.npy,True,external:data_root/processed/rio/instance_gt/validation/scene0309_01.txt,True,True
8eabc45f-5af7-2f32-8528-640861d2a135,scene0309_02,41385849-a238-2435-81d0-ceb0eba4541a,validation,protocol_b_final,external:data_root/processed/rio/validation/0309_02.npy,True,external:data_root/processed/rio/instance_gt/validation/scene0309_02.txt,True,True
8eabc45f-5af7-2f32-8528-640861d2a135,scene0309_03,5341b7b3-8a66-2cdd-856d-9d70e194568b,validation,protocol_b_final,external:data_root/processed/rio/validation/0309_03.npy,True,external:data_root/processed/rio/instance_gt/validation/scene0309_03.txt,True,True
8eabc45f-5af7-2f32-8528-640861d2a135,scene0309_04,8eabc461-5af7-2f32-8663-ce5a10fd97b3,validation,protocol_b_final,external:data_root/processed/rio/validation/0309_04.npy,True,external:data_root/processed/rio/instance_gt/validation/scene0309_04.txt,True,True
8eabc469-5af7-2f32-840f-c1be88e46c62,scene0311_00,8eabc469-5af7-2f32-840f-c1be88e46c62,train,adaptation,external:data_root/processed/rio/train/0311_00.npy,True,external:data_root/processed/rio/instance_gt/train/scene0311_00.txt,True,True
8eabc469-5af7-2f32-840f-c1be88e46c62,scene0311_01,8eabc46b-5af7-2f32-84ce-53d68eca91fb,train,adaptation,external:data_root/processed/rio/train/0311_01.npy,True,external:data_root/processed/rio/instance_gt/train/scene0311_01.txt,True,True
8f0f1437-55de-28ce-828e-dbf210a7f472,scene0312_00,8f0f1437-55de-28ce-828e-dbf210a7f472,train,adaptation,external:data_root/processed/rio/train/0312_00.npy,True,external:data_root/processed/rio/instance_gt/train/scene0312_00.txt,True,True
8f0f1437-55de-28ce-828e-dbf210a7f472,scene0312_01,8f0f142a-55de-28ce-81f2-5d5c683204b8,train,adaptation,external:data_root/processed/rio/train/0312_01.npy,True,external:data_root/processed/rio/instance_gt/train/scene0312_01.txt,True,True
8f0f1437-55de-28ce-828e-dbf210a7f472,scene0312_02,8f0f142e-55de-28ce-8073-1629a4573a6a,train,adaptation,external:data_root/processed/rio/train/0312_02.npy,True,external:data_root/processed/rio/instance_gt/train/scene0312_02.txt,True,True
8f0f1437-55de-28ce-828e-dbf210a7f472,scene0312_03,8f0f1434-55de-28ce-80ee-1f84b796e1cc,train,adaptation,external:data_root/processed/rio/train/0312_03.npy,True,external:data_root/processed/rio/instance_gt/train/scene0312_03.txt,True,True
8f0f144b-55de-28ce-8053-2828b87a0cc9,scene0313_00,8f0f144b-55de-28ce-8053-2828b87a0cc9,train,adaptation,external:data_root/processed/rio/train/0313_00.npy,True,external:data_root/processed/rio/instance_gt/train/scene0313_00.txt,True,True
8f0f144b-55de-28ce-8053-2828b87a0cc9,scene0313_01,8f0f144d-55de-28ce-8075-69a0a3b631b5,train,adaptation,external:data_root/processed/rio/train/0313_01.npy,True,external:data_root/processed/rio/instance_gt/train/scene0313_01.txt,True,True
8f0f144b-55de-28ce-8053-2828b87a0cc9,scene0313_02,8f0f1447-55de-28ce-83c5-092887498eea,train,adaptation,external:data_root/processed/rio/train/0313_02.npy,True,external:data_root/processed/rio/instance_gt/train/scene0313_02.txt,True,True
8f0f144b-55de-28ce-8053-2828b87a0cc9,scene0313_03,8f0f1455-55de-28ce-832d-d58f1c6c398d,train,adaptation,external:data_root/processed/rio/train/0313_03.npy,True,external:data_root/processed/rio/instance_gt/train/scene0313_03.txt,True,True
8f0f1467-55de-28ce-8331-b670a7274af9,scene0314_00,8f0f1467-55de-28ce-8331-b670a7274af9,train,adaptation,external:data_root/processed/rio/train/0314_00.npy,True,external:data_root/processed/rio/instance_gt/train/scene0314_00.txt,True,True
8f0f1467-55de-28ce-8331-b670a7274af9,scene0314_01,8f0f145e-55de-28ce-8203-45b4e2bb36d9,train,adaptation,external:data_root/processed/rio/train/0314_01.npy,True,external:data_root/processed/rio/instance_gt/train/scene0314_01.txt,True,True
8f0f1467-55de-28ce-8331-b670a7274af9,scene0314_02,8f0f1461-55de-28ce-821c-d2eeaa217cc1,train,adaptation,external:data_root/processed/rio/train/0314_02.npy,True,external:data_root/processed/rio/instance_gt/train/scene0314_02.txt,True,True
8f0f1467-55de-28ce-8331-b670a7274af9,scene0314_03,8f0f1463-55de-28ce-80e5-d3294f7795ba,train,adaptation,external:data_root/processed/rio/train/0314_03.npy,True,external:data_root/processed/rio/instance_gt/train/scene0314_03.txt,True,True
8f0f1467-55de-28ce-8331-b670a7274af9,scene0314_04,8f0f1469-55de-28ce-81e1-3777a48d711e,train,adaptation,external:data_root/processed/rio/train/0314_04.npy,True,external:data_root/processed/rio/instance_gt/train/scene0314_04.txt,True,True
95be45d9-a558-22da-9d6f-3d380c02f40e,scene0315_00,95be45d9-a558-22da-9d6f-3d380c02f40e,train,adaptation,external:data_root/processed/rio/train/0315_00.npy,True,external:data_root/processed/rio/instance_gt/train/scene0315_00.txt,True,True
95be45d9-a558-22da-9d6f-3d380c02f40e,scene0315_01,95be45d7-a558-22da-9c39-ea7e57c68be5,train,adaptation,external:data_root/processed/rio/train/0315_01.npy,True,external:data_root/processed/rio/instance_gt/train/scene0315_01.txt,True,True
95be45db-a558-22da-9eac-5cea5debfcd8,scene0316_00,95be45db-a558-22da-9eac-5cea5debfcd8,train,adaptation,external:data_root/processed/rio/train/0316_00.npy,True,external:data_root/processed/rio/instance_gt/train/scene0316_00.txt,True,True
95be45db-a558-22da-9eac-5cea5debfcd8,scene0316_01,95be45dd-a558-22da-9de4-002d61e13deb,train,adaptation,external:data_root/processed/rio/train/0316_01.npy,True,external:data_root/processed/rio/instance_gt/train/scene0316_01.txt,True,True
9c27de4d-6184-2cda-80c6-174eddb07154,scene0317_00,9c27de4d-6184-2cda-80c6-174eddb07154,train,adaptation,external:data_root/processed/rio/train/0317_00.npy,True,external:data_root/processed/rio/instance_gt/train/scene0317_00.txt,True,True
9c27de4d-6184-2cda-80c6-174eddb07154,scene0317_01,9c27de4b-6184-2cda-8293-fa3e68da0041,train,adaptation,external:data_root/processed/rio/train/0317_01.npy,True,external:data_root/processed/rio/instance_gt/train/scene0317_01.txt,True,True
9c27de4d-6184-2cda-80c6-174eddb07154,scene0317_02,1d2f851e-d757-207c-8c3f-db6373d91f11,train,adaptation,external:data_root/processed/rio/train/0317_02.npy,True,external:data_root/processed/rio/instance_gt/train/scene0317_02.txt,True,True
9c27de4d-6184-2cda-80c6-174eddb07154,scene0317_03,10b17965-3938-2467-8997-5dabffaa41a9,train,adaptation,external:data_root/processed/rio/train/0317_03.npy,True,external:data_root/processed/rio/instance_gt/train/scene0317_03.txt,True,True
9c27de4f-6184-2cda-81d6-9c806607918e,scene0318_00,9c27de4f-6184-2cda-81d6-9c806607918e,train,adaptation,external:data_root/processed/rio/train/0318_00.npy,True,external:data_root/processed/rio/instance_gt/train/scene0318_00.txt,True,True
9c27de4f-6184-2cda-81d6-9c806607918e,scene0318_01,1d2f8512-d757-207c-8c76-9ce179890827,train,adaptation,external:data_root/processed/rio/train/0318_01.npy,True,external:data_root/processed/rio/instance_gt/train/scene0318_01.txt,True,True
9c27de4f-6184-2cda-81d6-9c806607918e,scene0318_02,10a993b0-b1ad-2404-85b7-3eac1e66b413,train,adaptation,external:data_root/processed/rio/train/0318_02.npy,True,external:data_root/processed/rio/instance_gt/train/scene0318_02.txt,True,True
9c27de4f-6184-2cda-81d6-9c806607918e,scene0318_03,10b1795d-3938-2467-887f-fedbef4df869,train,adaptation,external:data_root/processed/rio/train/0318_03.npy,True,external:data_root/processed/rio/instance_gt/train/scene0318_03.txt,True,True
a0905fd9-66f7-2272-9dfb-0483fdcc54c7,scene0319_00,a0905fd9-66f7-2272-9dfb-0483fdcc54c7,validation,additional_native_refs,external:data_root/processed/rio/validation/0319_00.npy,True,external:data_root/processed/rio/instance_gt/validation/scene0319_00.txt,True,True
a0905fd9-66f7-2272-9dfb-0483fdcc54c7,scene0319_01,a0905fdb-66f7-2272-9fc5-7c0008d5e87b,validation,additional_native_refs,external:data_root/processed/rio/validation/0319_01.npy,True,external:data_root/processed/rio/instance_gt/validation/scene0319_01.txt,True,True
a0905fd9-66f7-2272-9dfb-0483fdcc54c7,scene0319_02,a0905fdd-66f7-2272-9cdb-89360888ea67,validation,additional_native_refs,external:data_root/processed/rio/validation/0319_02.npy,True,external:data_root/processed/rio/instance_gt/validation/scene0319_02.txt,True,True
a0905fea-66f7-2272-9d2c-15612116fe96,scene0321_00,a0905fea-66f7-2272-9d2c-15612116fe96,train,adaptation,external:data_root/processed/rio/train/0321_00.npy,True,external:data_root/processed/rio/instance_gt/train/scene0321_00.txt,True,True
a0905fea-66f7-2272-9d2c-15612116fe96,scene0321_01,a0905fe8-66f7-2272-9e46-073291573af6,train,adaptation,external:data_root/processed/rio/train/0321_01.npy,True,external:data_root/processed/rio/instance_gt/train/scene0321_01.txt,True,True
a0905fee-66f7-2272-9d07-032a9a4e7cc9,scene0322_00,a0905fee-66f7-2272-9d07-032a9a4e7cc9,train,adaptation,external:data_root/processed/rio/train/0322_00.npy,True,external:data_root/processed/rio/instance_gt/train/scene0322_00.txt,True,True
a0905fee-66f7-2272-9d07-032a9a4e7cc9,scene0322_01,a0905fec-66f7-2272-9d99-205da6e213fe,train,adaptation,external:data_root/processed/rio/train/0322_01.npy,True,external:data_root/processed/rio/instance_gt/train/scene0322_01.txt,True,True
a0905ff2-66f7-2272-9ec9-303aefe3713c,scene0323_00,a0905ff2-66f7-2272-9ec9-303aefe3713c,train,adaptation,external:data_root/processed/rio/train/0323_00.npy,True,external:data_root/processed/rio/instance_gt/train/scene0323_00.txt,True,True
a0905ff2-66f7-2272-9ec9-303aefe3713c,scene0323_01,a0905fdf-66f7-2272-9c4c-e2390af0546d,train,adaptation,external:data_root/processed/rio/train/0323_01.npy,True,external:data_root/processed/rio/instance_gt/train/scene0323_01.txt,True,True
a0905ffa-66f7-2272-9ca9-24c7ec00f34f,scene0324_00,a0905ffa-66f7-2272-9ca9-24c7ec00f34f,train,adaptation,external:data_root/processed/rio/train/0324_00.npy,True,external:data_root/processed/rio/instance_gt/train/scene0324_00.txt,True,True
a0905ffa-66f7-2272-9ca9-24c7ec00f34f,scene0324_01,a0905ff4-66f7-2272-9e2c-823789eb613a,train,adaptation,external:data_root/processed/rio/train/0324_01.npy,True,external:data_root/processed/rio/instance_gt/train/scene0324_01.txt,True,True
a0905ffa-66f7-2272-9ca9-24c7ec00f34f,scene0324_02,a0905ff8-66f7-2272-9f85-f2fd1396d445,train,adaptation,external:data_root/processed/rio/train/0324_02.npy,True,external:data_root/processed/rio/instance_gt/train/scene0324_02.txt,True,True
a0905ffc-66f7-2272-9f05-966bab3ce8ad,scene0325_00,a0905ffc-66f7-2272-9f05-966bab3ce8ad,train,adaptation,external:data_root/processed/rio/train/0325_00.npy,True,external:data_root/processed/rio/instance_gt/train/scene0325_00.txt,True,True
a0905ffc-66f7-2272-9f05-966bab3ce8ad,scene0325_01,a0905ffe-66f7-2272-9c39-02f47d8bbb0f,train,adaptation,external:data_root/processed/rio/train/0325_01.npy,True,external:data_root/processed/rio/instance_gt/train/scene0325_01.txt,True,True
a0905ffc-66f7-2272-9f05-966bab3ce8ad,scene0325_02,a0906000-66f7-2272-9dcf-c57990d8eab4,train,adaptation,external:data_root/processed/rio/train/0325_02.npy,True,external:data_root/processed/rio/instance_gt/train/scene0325_02.txt,True,True
a0906006-66f7-2272-9e46-51000ffe6623,scene0326_00,a0906006-66f7-2272-9e46-51000ffe6623,train,adaptation,external:data_root/processed/rio/train/0326_00.npy,True,external:data_root/processed/rio/instance_gt/train/scene0326_00.txt,True,True
a0906006-66f7-2272-9e46-51000ffe6623,scene0326_01,c8b34d04-5ea0-2d69-9284-486dc8fab63f,train,adaptation,external:data_root/processed/rio/train/0326_01.npy,True,external:data_root/processed/rio/instance_gt/train/scene0326_01.txt,True,True
a0906006-66f7-2272-9e46-51000ffe6623,scene0326_02,c8b34d02-5ea0-2d69-9179-be3dfe72d97b,train,adaptation,external:data_root/processed/rio/train/0326_02.npy,True,external:data_root/processed/rio/instance_gt/train/scene0326_02.txt,True,True
a0906006-66f7-2272-9e46-51000ffe6623,scene0326_03,a0906008-66f7-2272-9e70-748b317145dd,train,adaptation,external:data_root/processed/rio/train/0326_03.npy,True,external:data_root/processed/rio/instance_gt/train/scene0326_03.txt,True,True
a090600e-66f7-2272-9cfe-63b80d55da17,scene0327_00,a090600e-66f7-2272-9cfe-63b80d55da17,train,adaptation,external:data_root/processed/rio/train/0327_00.npy,True,external:data_root/processed/rio/instance_gt/train/scene0327_00.txt,True,True
a090600e-66f7-2272-9cfe-63b80d55da17,scene0327_01,87e6cf6d-9d1a-289f-879a-543d3fa7ba74,train,adaptation,external:data_root/processed/rio/train/0327_01.npy,True,external:data_root/processed/rio/instance_gt/train/scene0327_01.txt,True,True
a090600e-66f7-2272-9cfe-63b80d55da17,scene0327_02,20c99399-698f-29c5-863d-607d5c927cbe,train,adaptation,external:data_root/processed/rio/train/0327_02.npy,True,external:data_root/processed/rio/instance_gt/train/scene0327_02.txt,True,True
a090600e-66f7-2272-9cfe-63b80d55da17,scene0327_03,c6942e7f-695b-27bf-8145-4b47b41edad6,train,adaptation,external:data_root/processed/rio/train/0327_03.npy,True,external:data_root/processed/rio/instance_gt/train/scene0327_03.txt,True,True
a38a57d8-8a91-2e91-9237-0f8c220feef5,scene0328_00,a38a57d8-8a91-2e91-9237-0f8c220feef5,train,adaptation,external:data_root/processed/rio/train/0328_00.npy,True,external:data_root/processed/rio/instance_gt/train/scene0328_00.txt,True,True
a38a57d8-8a91-2e91-9237-0f8c220feef5,scene0328_01,a38a57d6-8a91-2e91-9090-e2625e960187,train,adaptation,external:data_root/processed/rio/train/0328_01.npy,True,external:data_root/processed/rio/instance_gt/train/scene0328_01.txt,True,True
a38a57d8-8a91-2e91-9237-0f8c220feef5,scene0328_02,a38a57da-8a91-2e91-93eb-0b7f675da4ba,train,adaptation,external:data_root/processed/rio/train/0328_02.npy,True,external:data_root/processed/rio/instance_gt/train/scene0328_02.txt,True,True
a38a57de-8a91-2e91-90b2-910244171e92,scene0329_00,a38a57de-8a91-2e91-90b2-910244171e92,train,adaptation,external:data_root/processed/rio/train/0329_00.npy,True,external:data_root/processed/rio/instance_gt/train/scene0329_00.txt,True,True
a38a57de-8a91-2e91-90b2-910244171e92,scene0329_01,a38a57dc-8a91-2e91-937b-fac2c2e4949f,train,adaptation,external:data_root/processed/rio/train/0329_01.npy,True,external:data_root/processed/rio/instance_gt/train/scene0329_01.txt,True,True
a38a57de-8a91-2e91-90b2-910244171e92,scene0329_02,a38a57e0-8a91-2e91-9349-9a2e62dbda62,train,adaptation,external:data_root/processed/rio/train/0329_02.npy,True,external:data_root/processed/rio/instance_gt/train/scene0329_02.txt,True,True
a644cb97-0ee5-2f66-9cc7-3ecaa29c19df,scene0331_00,a644cb97-0ee5-2f66-9cc7-3ecaa29c19df,train,adaptation,external:data_root/processed/rio/train/0331_00.npy,True,external:data_root/processed/rio/instance_gt/train/scene0331_00.txt,True,True
a644cb97-0ee5-2f66-9cc7-3ecaa29c19df,scene0331_01,a644cb91-0ee5-2f66-9da1-5edabca2f13d,train,adaptation,external:data_root/processed/rio/train/0331_01.npy,True,external:data_root/processed/rio/instance_gt/train/scene0331_01.txt,True,True
a644cb97-0ee5-2f66-9cc7-3ecaa29c19df,scene0331_02,a644cb93-0ee5-2f66-9efb-b16adfb14eff,train,adaptation,external:data_root/processed/rio/train/0331_02.npy,True,external:data_root/processed/rio/instance_gt/train/scene0331_02.txt,True,True
a644cb9b-0ee5-2f66-9ee4-52027f9ba7d5,scene0332_00,a644cb9b-0ee5-2f66-9ee4-52027f9ba7d5,train,adaptation,external:data_root/processed/rio/train/0332_00.npy,True,external:data_root/processed/rio/instance_gt/train/scene0332_00.txt,True,True
a644cb9b-0ee5-2f66-9ee4-52027f9ba7d5,scene0332_01,634d11c7-6833-255d-8d76-86fe90beafdc,train,adaptation,external:data_root/processed/rio/train/0332_01.npy,True,external:data_root/processed/rio/instance_gt/train/scene0332_01.txt,True,True
a895258d-9035-254b-8e61-2307a9926e62,scene0333_00,a895258d-9035-254b-8e61-2307a9926e62,train,adaptation,external:data_root/processed/rio/train/0333_00.npy,True,external:data_root/processed/rio/instance_gt/train/scene0333_00.txt,True,True
a895258d-9035-254b-8e61-2307a9926e62,scene0333_01,a8952591-9035-254b-8f0a-d23a65253b5f,train,adaptation,external:data_root/processed/rio/train/0333_01.npy,True,external:data_root/processed/rio/instance_gt/train/scene0333_01.txt,True,True
a8952595-9035-254b-8c74-9c22ced19216,scene0334_00,a8952595-9035-254b-8c74-9c22ced19216,train,adaptation,external:data_root/processed/rio/train/0334_00.npy,True,external:data_root/processed/rio/instance_gt/train/scene0334_00.txt,True,True
a8952595-9035-254b-8c74-9c22ced19216,scene0334_01,a8952593-9035-254b-8f40-bc82e6bcbbb1,train,adaptation,external:data_root/processed/rio/train/0334_01.npy,True,external:data_root/processed/rio/instance_gt/train/scene0334_01.txt,True,True
ab835f7d-54c6-29a1-9aae-bf97735dd235,scene0335_00,ab835f7d-54c6-29a1-9aae-bf97735dd235,train,adaptation,external:data_root/processed/rio/train/0335_00.npy,True,external:data_root/processed/rio/instance_gt/train/scene0335_00.txt,True,True
ab835f7d-54c6-29a1-9aae-bf97735dd235,scene0335_01,283ccff1-107c-24d5-8b6f-9bd3a42ca380,train,adaptation,external:data_root/processed/rio/train/0335_01.npy,True,external:data_root/processed/rio/instance_gt/train/scene0335_01.txt,True,True
ab835f7d-54c6-29a1-9aae-bf97735dd235,scene0335_02,ab835f98-54c6-29a1-9b55-b33723227477,train,adaptation,external:data_root/processed/rio/train/0335_02.npy,True,external:data_root/processed/rio/instance_gt/train/scene0335_02.txt,True,True
ab835f92-54c6-29a1-99eb-63169a21d553,scene0336_00,ab835f92-54c6-29a1-99eb-63169a21d553,train,adaptation,external:data_root/processed/rio/train/0336_00.npy,True,external:data_root/processed/rio/instance_gt/train/scene0336_00.txt,True,True
ab835f92-54c6-29a1-99eb-63169a21d553,scene0336_01,ab835f8b-54c6-29a1-9a7a-4770a0eb74ff,train,adaptation,external:data_root/processed/rio/train/0336_01.npy,True,external:data_root/processed/rio/instance_gt/train/scene0336_01.txt,True,True
ab835f92-54c6-29a1-99eb-63169a21d553,scene0336_02,ab835f94-54c6-29a1-9872-210a98f12c12,train,adaptation,external:data_root/processed/rio/train/0336_02.npy,True,external:data_root/processed/rio/instance_gt/train/scene0336_02.txt,True,True
ab835f9d-54c6-29a1-9aa1-f481b67b4a6d,scene0337_00,ab835f9d-54c6-29a1-9aa1-f481b67b4a6d,train,adaptation,external:data_root/processed/rio/train/0337_00.npy,True,external:data_root/processed/rio/instance_gt/train/scene0337_00.txt,True,True
ab835f9d-54c6-29a1-9aa1-f481b67b4a6d,scene0337_01,ab835fa1-54c6-29a1-9982-116396773f00,train,adaptation,external:data_root/processed/rio/train/0337_01.npy,True,external:data_root/processed/rio/instance_gt/train/scene0337_01.txt,True,True
ab835f9d-54c6-29a1-9aa1-f481b67b4a6d,scene0337_02,ab835f9f-54c6-29a1-9bd1-878814fe22f7,train,adaptation,external:data_root/processed/rio/train/0337_02.npy,True,external:data_root/processed/rio/instance_gt/train/scene0337_02.txt,True,True
ab835f9d-54c6-29a1-9aa1-f481b67b4a6d,scene0337_03,ab835fa3-54c6-29a1-9a47-92dbaf9eb4b9,train,adaptation,external:data_root/processed/rio/train/0337_03.npy,True,external:data_root/processed/rio/instance_gt/train/scene0337_03.txt,True,True
ab835fa7-54c6-29a1-997b-3804159c15ea,scene0338_00,ab835fa7-54c6-29a1-997b-3804159c15ea,train,adaptation,external:data_root/processed/rio/train/0338_00.npy,True,external:data_root/processed/rio/instance_gt/train/scene0338_00.txt,True,True
ab835fa7-54c6-29a1-997b-3804159c15ea,scene0338_01,283ccfef-107c-24d5-8aa6-c570e923c134,train,adaptation,external:data_root/processed/rio/train/0338_01.npy,True,external:data_root/processed/rio/instance_gt/train/scene0338_01.txt,True,True
ab835fa7-54c6-29a1-997b-3804159c15ea,scene0338_02,501ebf0d-a3bb-263f-8483-2f0bc7e44767,train,adaptation,external:data_root/processed/rio/train/0338_02.npy,True,external:data_root/processed/rio/instance_gt/train/scene0338_02.txt,True,True
ab835fae-54c6-29a1-995e-b06cfc555786,scene0339_00,ab835fae-54c6-29a1-995e-b06cfc555786,validation,additional_native_refs,external:data_root/processed/rio/validation/0339_00.npy,True,external:data_root/processed/rio/instance_gt/validation/scene0339_00.txt,True,True
ab835fae-54c6-29a1-995e-b06cfc555786,scene0339_01,ab835faa-54c6-29a1-9b55-1a5217fcba19,validation,additional_native_refs,external:data_root/processed/rio/validation/0339_01.npy,True,external:data_root/processed/rio/instance_gt/validation/scene0339_01.txt,True,True
ab835fae-54c6-29a1-995e-b06cfc555786,scene0339_02,d7dc987e-a34a-2794-85c8-f75389b27532,validation,additional_native_refs,external:data_root/processed/rio/validation/0339_02.npy,True,external:data_root/processed/rio/instance_gt/validation/scene0339_02.txt,True,True
ad408c8f-84db-2095-8a45-03100fbc4f86,scene0341_00,ad408c8f-84db-2095-8a45-03100fbc4f86,train,adaptation,external:data_root/processed/rio/train/0341_00.npy,True,external:data_root/processed/rio/instance_gt/train/scene0341_00.txt,True,True
ad408c8f-84db-2095-8a45-03100fbc4f86,scene0341_01,ad408c8b-84db-2095-8b87-5c3079e807fe,train,adaptation,external:data_root/processed/rio/train/0341_01.npy,True,external:data_root/processed/rio/instance_gt/train/scene0341_01.txt,True,True
ad408c8f-84db-2095-8a45-03100fbc4f86,scene0341_02,ad408c8d-84db-2095-8963-4570e5546cbd,train,adaptation,external:data_root/processed/rio/train/0341_02.npy,True,external:data_root/processed/rio/instance_gt/train/scene0341_02.txt,True,True
ad408c8f-84db-2095-8a45-03100fbc4f86,scene0341_03,ad408c93-84db-2095-8829-6100d1b70d80,train,adaptation,external:data_root/processed/rio/train/0341_03.npy,True,external:data_root/processed/rio/instance_gt/train/scene0341_03.txt,True,True
ad408c99-84db-2095-8b23-0a011526b47b,scene0342_00,ad408c99-84db-2095-8b23-0a011526b47b,train,adaptation,external:data_root/processed/rio/train/0342_00.npy,True,external:data_root/processed/rio/instance_gt/train/scene0342_00.txt,True,True
ad408c99-84db-2095-8b23-0a011526b47b,scene0342_01,ad408c95-84db-2095-8af5-735ff2eb50f5,train,adaptation,external:data_root/processed/rio/train/0342_01.npy,True,external:data_root/processed/rio/instance_gt/train/scene0342_01.txt,True,True
ad408c99-84db-2095-8b23-0a011526b47b,scene0342_02,ad408c97-84db-2095-88e0-de11e52a06ef,train,adaptation,external:data_root/processed/rio/train/0342_02.npy,True,external:data_root/processed/rio/instance_gt/train/scene0342_02.txt,True,True
ad408c9d-84db-2095-89c7-8a54f6260252,scene0343_00,ad408c9d-84db-2095-89c7-8a54f6260252,train,adaptation,external:data_root/processed/rio/train/0343_00.npy,True,external:data_root/processed/rio/instance_gt/train/scene0343_00.txt,True,True
ad408c9d-84db-2095-89c7-8a54f6260252,scene0343_01,ad408c9f-84db-2095-8acf-bdfbe88fbf78,train,adaptation,external:data_root/processed/rio/train/0343_01.npy,True,external:data_root/processed/rio/instance_gt/train/scene0343_01.txt,True,True
ad408c9d-84db-2095-89c7-8a54f6260252,scene0343_02,ad408ca1-84db-2095-8970-40e09dac6ed0,train,adaptation,external:data_root/processed/rio/train/0343_02.npy,True,external:data_root/processed/rio/instance_gt/train/scene0343_02.txt,True,True
ad408c9d-84db-2095-89c7-8a54f6260252,scene0343_03,ad408ca5-84db-2095-884e-e84bf0bb16d7,train,adaptation,external:data_root/processed/rio/train/0343_03.npy,True,external:data_root/processed/rio/instance_gt/train/scene0343_03.txt,True,True
ad408c9d-84db-2095-89c7-8a54f6260252,scene0343_04,ad408ca7-84db-2095-898d-5a3449578bb2,train,adaptation,external:data_root/processed/rio/train/0343_04.npy,True,external:data_root/processed/rio/instance_gt/train/scene0343_04.txt,True,True
ad408c9d-84db-2095-89c7-8a54f6260252,scene0343_05,ad408ca3-84db-2095-89cf-05d249a54412,train,adaptation,external:data_root/processed/rio/train/0343_05.npy,True,external:data_root/processed/rio/instance_gt/train/scene0343_05.txt,True,True
ad408c9d-84db-2095-89c7-8a54f6260252,scene0343_06,ad408ca9-84db-2095-8afa-cc17150ea346,train,adaptation,external:data_root/processed/rio/train/0343_06.npy,True,external:data_root/processed/rio/instance_gt/train/scene0343_06.txt,True,True
ad408c9d-84db-2095-89c7-8a54f6260252,scene0343_07,ad408cab-84db-2095-89c7-4a7d5aead447,train,adaptation,external:data_root/processed/rio/train/0343_07.npy,True,external:data_root/processed/rio/instance_gt/train/scene0343_07.txt,True,True
ad408cb3-84db-2095-8930-d8244e349008,scene0344_00,ad408cb3-84db-2095-8930-d8244e349008,train,adaptation,external:data_root/processed/rio/train/0344_00.npy,True,external:data_root/processed/rio/instance_gt/train/scene0344_00.txt,True,True
ad408cb3-84db-2095-8930-d8244e349008,scene0344_01,ad408caf-84db-2095-88ac-c955accacd31,train,adaptation,external:data_root/processed/rio/train/0344_01.npy,True,external:data_root/processed/rio/instance_gt/train/scene0344_01.txt,True,True
ad408cb3-84db-2095-8930-d8244e349008,scene0344_02,ad408cb1-84db-2095-8a03-942866890a31,train,adaptation,external:data_root/processed/rio/train/0344_02.npy,True,external:data_root/processed/rio/instance_gt/train/scene0344_02.txt,True,True
ad408cb3-84db-2095-8930-d8244e349008,scene0344_03,ad408cad-84db-2095-8be8-68c0f94d8d14,train,adaptation,external:data_root/processed/rio/train/0344_03.npy,True,external:data_root/processed/rio/instance_gt/train/scene0344_03.txt,True,True
ae73fa17-5a60-2398-86e8-aa1145c0c9b7,scene0345_00,ae73fa17-5a60-2398-86e8-aa1145c0c9b7,train,adaptation,external:data_root/processed/rio/train/0345_00.npy,True,external:data_root/processed/rio/instance_gt/train/scene0345_00.txt,True,True
ae73fa17-5a60-2398-86e8-aa1145c0c9b7,scene0345_01,ae73fa15-5a60-2398-8646-dd46c46a9a3d,train,adaptation,external:data_root/processed/rio/train/0345_01.npy,True,external:data_root/processed/rio/instance_gt/train/scene0345_01.txt,True,True
b05fdd66-fca0-2d4f-88bb-210da4439475,scene0346_00,b05fdd66-fca0-2d4f-88bb-210da4439475,train,adaptation,external:data_root/processed/rio/train/0346_00.npy,True,external:data_root/processed/rio/instance_gt/train/scene0346_00.txt,True,True
b05fdd66-fca0-2d4f-88bb-210da4439475,scene0346_01,0cac75a1-8d6f-2d13-8dab-0ecc3b317dc7,train,adaptation,external:data_root/processed/rio/train/0346_01.npy,True,external:data_root/processed/rio/instance_gt/train/scene0346_01.txt,True,True
b05fdd8a-fca0-2d4f-8ac5-f6ae697787f5,scene0347_00,b05fdd8a-fca0-2d4f-8ac5-f6ae697787f5,validation,additional_native_refs,external:data_root/processed/rio/validation/0347_00.npy,True,external:data_root/processed/rio/instance_gt/validation/scene0347_00.txt,True,True
b05fdd8a-fca0-2d4f-8ac5-f6ae697787f5,scene0347_01,0cac75e8-8d6f-2d13-8fc4-acdbf00437c8,validation,additional_native_refs,external:data_root/processed/rio/validation/0347_01.npy,True,external:data_root/processed/rio/instance_gt/validation/scene0347_01.txt,True,True
b05fdd8a-fca0-2d4f-8ac5-f6ae697787f5,scene0347_02,0cac75ea-8d6f-2d13-8e50-c5faf0159e32,validation,additional_native_refs,external:data_root/processed/rio/validation/0347_02.npy,True,external:data_root/processed/rio/instance_gt/validation/scene0347_02.txt,True,True
b05fdd8a-fca0-2d4f-8ac5-f6ae697787f5,scene0347_03,c7895f63-339c-2d13-81a3-0b07b1eb23b4,validation,additional_native_refs,external:data_root/processed/rio/validation/0347_03.npy,True,external:data_root/processed/rio/instance_gt/validation/scene0347_03.txt,True,True
b05fdd92-fca0-2d4f-89dd-723db1a8d78c,scene0348_00,b05fdd92-fca0-2d4f-89dd-723db1a8d78c,train,adaptation,external:data_root/processed/rio/train/0348_00.npy,True,external:data_root/processed/rio/instance_gt/train/scene0348_00.txt,True,True
b05fdd92-fca0-2d4f-89dd-723db1a8d78c,scene0348_01,0cac7611-8d6f-2d13-8f47-8ec4a6375ac3,train,adaptation,external:data_root/processed/rio/train/0348_01.npy,True,external:data_root/processed/rio/instance_gt/train/scene0348_01.txt,True,True
b05fdd92-fca0-2d4f-89dd-723db1a8d78c,scene0348_02,0cac7613-8d6f-2d13-8d92-487a50d40794,train,adaptation,external:data_root/processed/rio/train/0348_02.npy,True,external:data_root/processed/rio/instance_gt/train/scene0348_02.txt,True,True
b05fdd96-fca0-2d4f-88c3-d9dfda85c00e,scene0349_00,b05fdd96-fca0-2d4f-88c3-d9dfda85c00e,validation,additional_native_refs,external:data_root/processed/rio/validation/0349_00.npy,True,external:data_root/processed/rio/instance_gt/validation/scene0349_00.txt,True,True
b05fdd96-fca0-2d4f-88c3-d9dfda85c00e,scene0349_01,0cac761b-8d6f-2d13-8f16-23a7d73c54fe,validation,additional_native_refs,external:data_root/processed/rio/validation/0349_01.npy,True,external:data_root/processed/rio/instance_gt/validation/scene0349_01.txt,True,True
b05fdd96-fca0-2d4f-88c3-d9dfda85c00e,scene0349_02,0cac7619-8d6f-2d13-8f36-ac562ec9a4de,validation,additional_native_refs,external:data_root/processed/rio/validation/0349_02.npy,True,external:data_root/processed/rio/instance_gt/validation/scene0349_02.txt,True,True
b05fdda6-fca0-2d4f-8973-9f8a5cdac3ad,scene0351_00,b05fdda6-fca0-2d4f-8973-9f8a5cdac3ad,train,adaptation,external:data_root/processed/rio/train/0351_00.npy,True,external:data_root/processed/rio/instance_gt/train/scene0351_00.txt,True,True
b05fdda6-fca0-2d4f-8973-9f8a5cdac3ad,scene0351_01,5341b790-8a66-2cdd-8472-90e738e30995,train,adaptation,external:data_root/processed/rio/train/0351_01.npy,True,external:data_root/processed/rio/instance_gt/train/scene0351_01.txt,True,True
b05fdda6-fca0-2d4f-8973-9f8a5cdac3ad,scene0351_02,5341b797-8a66-2cdd-8456-9d0e8ec333ec,train,adaptation,external:data_root/processed/rio/train/0351_02.npy,True,external:data_root/processed/rio/instance_gt/train/scene0351_02.txt,True,True
b05fddcf-fca0-2d4f-8a01-c6bdcc9fba8d,scene0352_00,b05fddcf-fca0-2d4f-8a01-c6bdcc9fba8d,train,adaptation,external:data_root/processed/rio/train/0352_00.npy,True,external:data_root/processed/rio/instance_gt/train/scene0352_00.txt,True,True
b05fddcf-fca0-2d4f-8a01-c6bdcc9fba8d,scene0352_01,0cac7672-8d6f-2d13-8d84-a0418e452bb7,train,adaptation,external:data_root/processed/rio/train/0352_01.npy,True,external:data_root/processed/rio/instance_gt/train/scene0352_01.txt,True,True
b05fddcf-fca0-2d4f-8a01-c6bdcc9fba8d,scene0352_02,13124cc6-cec3-27a6-86dc-7f23b894c85c,train,adaptation,external:data_root/processed/rio/train/0352_02.npy,True,external:data_root/processed/rio/instance_gt/train/scene0352_02.txt,True,True
b05fddcf-fca0-2d4f-8a01-c6bdcc9fba8d,scene0352_03,13124cc8-cec3-27a6-87e6-11de5c4a40dd,train,adaptation,external:data_root/processed/rio/train/0352_03.npy,True,external:data_root/processed/rio/instance_gt/train/scene0352_03.txt,True,True
b05fddd1-fca0-2d4f-8ab9-ecffab72e046,scene0353_00,b05fddd1-fca0-2d4f-8ab9-ecffab72e046,train,adaptation,external:data_root/processed/rio/train/0353_00.npy,True,external:data_root/processed/rio/instance_gt/train/scene0353_00.txt,True,True
b05fddd1-fca0-2d4f-8ab9-ecffab72e046,scene0353_01,7272e196-a01b-20f6-880f-dbca4564e4a5,train,adaptation,external:data_root/processed/rio/train/0353_01.npy,True,external:data_root/processed/rio/instance_gt/train/scene0353_01.txt,True,True
b05fddd1-fca0-2d4f-8ab9-ecffab72e046,scene0353_02,7272e198-a01b-20f6-8a8b-6688d9ac044e,train,adaptation,external:data_root/processed/rio/train/0353_02.npy,True,external:data_root/processed/rio/instance_gt/train/scene0353_02.txt,True,True
b05fddd9-fca0-2d4f-8904-936aa0b678e6,scene0354_00,b05fddd9-fca0-2d4f-8904-936aa0b678e6,train,adaptation,external:data_root/processed/rio/train/0354_00.npy,True,external:data_root/processed/rio/instance_gt/train/scene0354_00.txt,True,True
b05fddd9-fca0-2d4f-8904-936aa0b678e6,scene0354_01,7272e1a0-a01b-20f6-8b34-1fdc43d1f911,train,adaptation,external:data_root/processed/rio/train/0354_01.npy,True,external:data_root/processed/rio/instance_gt/train/scene0354_01.txt,True,True
b05fddd9-fca0-2d4f-8904-936aa0b678e6,scene0354_02,13124cb4-cec3-27a6-848c-7599f34ef5a8,train,adaptation,external:data_root/processed/rio/train/0354_02.npy,True,external:data_root/processed/rio/instance_gt/train/scene0354_02.txt,True,True
b05fddd9-fca0-2d4f-8904-936aa0b678e6,scene0354_03,6a360561-fa53-2915-94d5-2b7d2ce9b169,train,adaptation,external:data_root/processed/rio/train/0354_03.npy,True,external:data_root/processed/rio/instance_gt/train/scene0354_03.txt,True,True
b1cf9968-9fdd-2189-97dd-d5f0d48bf70a,scene0355_00,b1cf9968-9fdd-2189-97dd-d5f0d48bf70a,train,adaptation,external:data_root/processed/rio/train/0355_00.npy,True,external:data_root/processed/rio/instance_gt/train/scene0355_00.txt,True,True
b1cf9968-9fdd-2189-97dd-d5f0d48bf70a,scene0355_01,b1cf996a-9fdd-2189-95b2-2a97331daf35,train,adaptation,external:data_root/processed/rio/train/0355_01.npy,True,external:data_root/processed/rio/instance_gt/train/scene0355_01.txt,True,True
b1d87fae-e72e-2c8c-9cf3-c927fdb7c685,scene0356_00,b1d87fae-e72e-2c8c-9cf3-c927fdb7c685,train,adaptation,external:data_root/processed/rio/train/0356_00.npy,True,external:data_root/processed/rio/instance_gt/train/scene0356_00.txt,True,True
b1d87fae-e72e-2c8c-9cf3-c927fdb7c685,scene0356_01,b1d87fb6-e72e-2c8c-9eb0-c7a40f6f4877,train,adaptation,external:data_root/processed/rio/train/0356_01.npy,True,external:data_root/processed/rio/instance_gt/train/scene0356_01.txt,True,True
b1d87fae-e72e-2c8c-9cf3-c927fdb7c685,scene0356_02,b1d87fb8-e72e-2c8c-9eda-712d51a0175f,train,adaptation,external:data_root/processed/rio/train/0356_02.npy,True,external:data_root/processed/rio/instance_gt/train/scene0356_02.txt,True,True
b1d87fae-e72e-2c8c-9cf3-c927fdb7c685,scene0356_03,b1d87fb4-e72e-2c8c-9ddc-75cf44f9984c,train,adaptation,external:data_root/processed/rio/train/0356_03.npy,True,external:data_root/processed/rio/instance_gt/train/scene0356_03.txt,True,True
b1d87fb0-e72e-2c8c-9f01-25dafeddf472,scene0357_00,b1d87fb0-e72e-2c8c-9f01-25dafeddf472,train,adaptation,external:data_root/processed/rio/train/0357_00.npy,True,external:data_root/processed/rio/instance_gt/train/scene0357_00.txt,True,True
b1d87fb0-e72e-2c8c-9f01-25dafeddf472,scene0357_01,b1d87fac-e72e-2c8c-9ef9-82e3277c3c35,train,adaptation,external:data_root/processed/rio/train/0357_01.npy,True,external:data_root/processed/rio/instance_gt/train/scene0357_01.txt,True,True
b1d87fb0-e72e-2c8c-9f01-25dafeddf472,scene0357_02,b1d87fb2-e72e-2c8c-9f82-ce7e4b3808e2,train,adaptation,external:data_root/processed/rio/train/0357_02.npy,True,external:data_root/processed/rio/instance_gt/train/scene0357_02.txt,True,True
b1f23305-d255-2761-95c6-9d89279ef29e,scene0358_00,b1f23305-d255-2761-95c6-9d89279ef29e,train,adaptation,external:data_root/processed/rio/train/0358_00.npy,True,external:data_root/processed/rio/instance_gt/train/scene0358_00.txt,True,True
b1f23305-d255-2761-95c6-9d89279ef29e,scene0358_01,b1f23303-d255-2761-9622-61de85559f99,train,adaptation,external:data_root/processed/rio/train/0358_01.npy,True,external:data_root/processed/rio/instance_gt/train/scene0358_01.txt,True,True
b1f23308-d255-2761-94da-981d962c6bf8,scene0359_00,b1f23308-d255-2761-94da-981d962c6bf8,validation,additional_native_refs,external:data_root/processed/rio/validation/0359_00.npy,True,external:data_root/processed/rio/instance_gt/validation/scene0359_00.txt,True,True
b1f23308-d255-2761-94da-981d962c6bf8,scene0359_01,77361fd4-d054-2a22-88c4-b5b404f904ca,validation,additional_native_refs,external:data_root/processed/rio/validation/0359_01.npy,True,external:data_root/processed/rio/instance_gt/validation/scene0359_01.txt,True,True
b8837e16-57ec-29c6-89c3-0e8b7d668f56,scene0361_00,b8837e16-57ec-29c6-89c3-0e8b7d668f56,train,adaptation,external:data_root/processed/rio/train/0361_00.npy,True,external:data_root/processed/rio/instance_gt/train/scene0361_00.txt,True,True
b8837e16-57ec-29c6-89c3-0e8b7d668f56,scene0361_01,b8837e1a-57ec-29c6-8a01-dec1dcb87460,train,adaptation,external:data_root/processed/rio/train/0361_01.npy,True,external:data_root/processed/rio/instance_gt/train/scene0361_01.txt,True,True
b8837e16-57ec-29c6-89c3-0e8b7d668f56,scene0361_02,b8837e1c-57ec-29c6-8900-ce1eaa76e959,train,adaptation,external:data_root/processed/rio/train/0361_02.npy,True,external:data_root/processed/rio/instance_gt/train/scene0361_02.txt,True,True
b8837e16-57ec-29c6-89c3-0e8b7d668f56,scene0361_03,b8837e1f-57ec-29c6-88ad-4c19a5afbf36,train,adaptation,external:data_root/processed/rio/train/0361_03.npy,True,external:data_root/processed/rio/instance_gt/train/scene0361_03.txt,True,True
b8837e16-57ec-29c6-89c3-0e8b7d668f56,scene0361_04,b8837e18-57ec-29c6-8919-d767d4811461,train,adaptation,external:data_root/processed/rio/train/0361_04.npy,True,external:data_root/processed/rio/instance_gt/train/scene0361_04.txt,True,True
b8837e28-57ec-29c6-89cf-e1768353440f,scene0362_00,b8837e28-57ec-29c6-89cf-e1768353440f,train,adaptation,external:data_root/processed/rio/train/0362_00.npy,True,external:data_root/processed/rio/instance_gt/train/scene0362_00.txt,True,True
b8837e28-57ec-29c6-89cf-e1768353440f,scene0362_01,b8837e2c-57ec-29c6-89f3-98eb20a959bb,train,adaptation,external:data_root/processed/rio/train/0362_01.npy,True,external:data_root/processed/rio/instance_gt/train/scene0362_01.txt,True,True
b8837e28-57ec-29c6-89cf-e1768353440f,scene0362_02,b8837e21-57ec-29c6-891b-6b94255462c3,train,adaptation,external:data_root/processed/rio/train/0362_02.npy,True,external:data_root/processed/rio/instance_gt/train/scene0362_02.txt,True,True
b8837e28-57ec-29c6-89cf-e1768353440f,scene0362_03,b8837e26-57ec-29c6-8912-0cf70aa80f98,train,adaptation,external:data_root/processed/rio/train/0362_03.npy,True,external:data_root/processed/rio/instance_gt/train/scene0362_03.txt,True,True
b8837e34-57ec-29c6-8b50-775098de406a,scene0363_00,b8837e34-57ec-29c6-8b50-775098de406a,train,adaptation,external:data_root/processed/rio/train/0363_00.npy,True,external:data_root/processed/rio/instance_gt/train/scene0363_00.txt,True,True
b8837e34-57ec-29c6-8b50-775098de406a,scene0363_01,b8837e2e-57ec-29c6-8896-de41de986b5d,train,adaptation,external:data_root/processed/rio/train/0363_01.npy,True,external:data_root/processed/rio/instance_gt/train/scene0363_01.txt,True,True
b8837e34-57ec-29c6-8b50-775098de406a,scene0363_02,b8837e32-57ec-29c6-893c-77fce535b159,train,adaptation,external:data_root/processed/rio/train/0363_02.npy,True,external:data_root/processed/rio/instance_gt/train/scene0363_02.txt,True,True
b8837e3a-57ec-29c6-8b54-d440ca79a11f,scene0364_00,b8837e3a-57ec-29c6-8b54-d440ca79a11f,train,adaptation,external:data_root/processed/rio/train/0364_00.npy,True,external:data_root/processed/rio/instance_gt/train/scene0364_00.txt,True,True
b8837e3a-57ec-29c6-8b54-d440ca79a11f,scene0364_01,b8837e3c-57ec-29c6-881d-aa1c1c08679e,train,adaptation,external:data_root/processed/rio/train/0364_01.npy,True,external:data_root/processed/rio/instance_gt/train/scene0364_01.txt,True,True
b8837e3a-57ec-29c6-8b54-d440ca79a11f,scene0364_02,b8837e3f-57ec-29c6-89a2-b2417e091d50,train,adaptation,external:data_root/processed/rio/train/0364_02.npy,True,external:data_root/processed/rio/instance_gt/train/scene0364_02.txt,True,True
b8837e3a-57ec-29c6-8b54-d440ca79a11f,scene0364_03,b8837e38-57ec-29c6-88a0-58602a876ed0,train,adaptation,external:data_root/processed/rio/train/0364_03.npy,True,external:data_root/processed/rio/instance_gt/train/scene0364_03.txt,True,True
b8837e3a-57ec-29c6-8b54-d440ca79a11f,scene0364_04,b8837e41-57ec-29c6-8a7e-3cf8b52de8b6,train,adaptation,external:data_root/processed/rio/train/0364_04.npy,True,external:data_root/processed/rio/instance_gt/train/scene0364_04.txt,True,True
b901681d-e754-293c-8cb3-22aae72dbd42,scene0365_00,b901681d-e754-293c-8cb3-22aae72dbd42,train,adaptation,external:data_root/processed/rio/train/0365_00.npy,True,external:data_root/processed/rio/instance_gt/train/scene0365_00.txt,True,True
b901681d-e754-293c-8cb3-22aae72dbd42,scene0365_01,b901681b-e754-293c-8c97-c988f204f2b6,train,adaptation,external:data_root/processed/rio/train/0365_01.npy,True,external:data_root/processed/rio/instance_gt/train/scene0365_01.txt,True,True
b901681d-e754-293c-8cb3-22aae72dbd42,scene0365_02,b9016821-e754-293c-8f2b-832f5cb6f0db,train,adaptation,external:data_root/processed/rio/train/0365_02.npy,True,external:data_root/processed/rio/instance_gt/train/scene0365_02.txt,True,True
ba6fda9c-a4c1-2dca-8185-456923749a4e,scene0366_00,ba6fda9c-a4c1-2dca-8185-456923749a4e,train,adaptation,external:data_root/processed/rio/train/0366_00.npy,True,external:data_root/processed/rio/instance_gt/train/scene0366_00.txt,True,True
ba6fda9c-a4c1-2dca-8185-456923749a4e,scene0366_01,2e4a395e-d452-21a0-9e17-3e0b72d47337,train,adaptation,external:data_root/processed/rio/train/0366_01.npy,True,external:data_root/processed/rio/instance_gt/train/scene0366_01.txt,True,True
ba6fda9c-a4c1-2dca-8185-456923749a4e,scene0366_02,ba6fda9a-a4c1-2dca-8264-792c15aa9ef9,train,adaptation,external:data_root/processed/rio/train/0366_02.npy,True,external:data_root/processed/rio/instance_gt/train/scene0366_02.txt,True,True
ba6fda9c-a4c1-2dca-8185-456923749a4e,scene0366_03,ba6fda96-a4c1-2dca-8248-86e771ef875a,train,adaptation,external:data_root/processed/rio/train/0366_03.npy,True,external:data_root/processed/rio/instance_gt/train/scene0366_03.txt,True,True
ba6fda9c-a4c1-2dca-8185-456923749a4e,scene0366_04,ba6fda98-a4c1-2dca-8230-bce60f5a0f85,train,adaptation,external:data_root/processed/rio/train/0366_04.npy,True,external:data_root/processed/rio/instance_gt/train/scene0366_04.txt,True,True
ba6fda9e-a4c1-2dca-8381-c08ad16a6170,scene0367_00,ba6fda9e-a4c1-2dca-8381-c08ad16a6170,train,adaptation,external:data_root/processed/rio/train/0367_00.npy,True,external:data_root/processed/rio/instance_gt/train/scene0367_00.txt,True,True
ba6fda9e-a4c1-2dca-8381-c08ad16a6170,scene0367_01,ba6fdaa0-a4c1-2dca-80a9-df196c04fcc8,train,adaptation,external:data_root/processed/rio/train/0367_01.npy,True,external:data_root/processed/rio/instance_gt/train/scene0367_01.txt,True,True
ba6fdaa2-a4c1-2dca-81a8-2aacd785edd7,scene0368_00,ba6fdaa2-a4c1-2dca-81a8-2aacd785edd7,train,adaptation,external:data_root/processed/rio/train/0368_00.npy,True,external:data_root/processed/rio/instance_gt/train/scene0368_00.txt,True,True
ba6fdaa2-a4c1-2dca-81a8-2aacd785edd7,scene0368_01,2e4a3960-d452-21a0-9f23-4b5f2548b05f,train,adaptation,external:data_root/processed/rio/train/0368_01.npy,True,external:data_root/processed/rio/instance_gt/train/scene0368_01.txt,True,True
ba6fdaaa-a4c1-2dca-8163-a52b18bf6b64,scene0369_00,ba6fdaaa-a4c1-2dca-8163-a52b18bf6b64,validation,additional_native_refs,external:data_root/processed/rio/validation/0369_00.npy,True,external:data_root/processed/rio/instance_gt/validation/scene0369_00.txt,True,True
ba6fdaaa-a4c1-2dca-8163-a52b18bf6b64,scene0369_01,ba6fdaac-a4c1-2dca-8380-f16765679fd7,validation,additional_native_refs,external:data_root/processed/rio/validation/0369_01.npy,True,external:data_root/processed/rio/instance_gt/validation/scene0369_01.txt,True,True
ba6fdab4-a4c1-2dca-83e2-f5878fdf688a,scene0371_00,ba6fdab4-a4c1-2dca-83e2-f5878fdf688a,train,adaptation,external:data_root/processed/rio/train/0371_00.npy,True,external:data_root/processed/rio/instance_gt/train/scene0371_00.txt,True,True
ba6fdab4-a4c1-2dca-83e2-f5878fdf688a,scene0371_01,2e4a3962-d452-21a0-9fd2-7a325c600a49,train,adaptation,external:data_root/processed/rio/train/0371_01.npy,True,external:data_root/processed/rio/instance_gt/train/scene0371_01.txt,True,True
ba6fdab4-a4c1-2dca-83e2-f5878fdf688a,scene0371_02,ba6fdab2-a4c1-2dca-8159-a5da9cccb8ab,train,adaptation,external:data_root/processed/rio/train/0371_02.npy,True,external:data_root/processed/rio/instance_gt/train/scene0371_02.txt,True,True
baf0a8f0-26d4-2033-8948-52ae41fdd30f,scene0372_00,baf0a8f0-26d4-2033-8948-52ae41fdd30f,train,adaptation,external:data_root/processed/rio/train/0372_00.npy,True,external:data_root/processed/rio/instance_gt/train/scene0372_00.txt,True,True
baf0a8f0-26d4-2033-8948-52ae41fdd30f,scene0372_01,baf0a8e8-26d4-2033-8bbb-975c6002fbb7,train,adaptation,external:data_root/processed/rio/train/0372_01.npy,True,external:data_root/processed/rio/instance_gt/train/scene0372_01.txt,True,True
baf0a8f0-26d4-2033-8948-52ae41fdd30f,scene0372_02,baf0a8f2-26d4-2033-890f-b1b42adeac06,train,adaptation,external:data_root/processed/rio/train/0372_02.npy,True,external:data_root/processed/rio/instance_gt/train/scene0372_02.txt,True,True
baf0a8f0-26d4-2033-8948-52ae41fdd30f,scene0372_03,baf0a8f4-26d4-2033-896f-27e7fa6a3c6d,train,adaptation,external:data_root/processed/rio/train/0372_03.npy,True,external:data_root/processed/rio/instance_gt/train/scene0372_03.txt,True,True
baf67389-8e94-22f8-8055-1d869ecfede9,scene0373_00,baf67389-8e94-22f8-8055-1d869ecfede9,train,adaptation,external:data_root/processed/rio/train/0373_00.npy,True,external:data_root/processed/rio/instance_gt/train/scene0373_00.txt,True,True
baf67389-8e94-22f8-8055-1d869ecfede9,scene0373_01,baf6739d-8e94-22f8-8147-feefe48f828b,train,adaptation,external:data_root/processed/rio/train/0373_01.npy,True,external:data_root/processed/rio/instance_gt/train/scene0373_01.txt,True,True
baf6738b-8e94-22f8-8085-24c4e5ef5220,scene0374_00,baf6738b-8e94-22f8-8085-24c4e5ef5220,train,adaptation,external:data_root/processed/rio/train/0374_00.npy,True,external:data_root/processed/rio/instance_gt/train/scene0374_00.txt,True,True
baf6738b-8e94-22f8-8085-24c4e5ef5220,scene0374_01,dc42b382-8d5c-2d2a-8424-d19d7bc2eec3,train,adaptation,external:data_root/processed/rio/train/0374_01.npy,True,external:data_root/processed/rio/instance_gt/train/scene0374_01.txt,True,True
baf6738b-8e94-22f8-8085-24c4e5ef5220,scene0374_02,baf6738d-8e94-22f8-83db-20528ddbef86,train,adaptation,external:data_root/processed/rio/train/0374_02.npy,True,external:data_root/processed/rio/instance_gt/train/scene0374_02.txt,True,True
baf67395-8e94-22f8-8100-9c9d7ce1c2b7,scene0375_00,baf67395-8e94-22f8-8100-9c9d7ce1c2b7,train,adaptation,external:data_root/processed/rio/train/0375_00.npy,True,external:data_root/processed/rio/instance_gt/train/scene0375_00.txt,True,True
baf67395-8e94-22f8-8100-9c9d7ce1c2b7,scene0375_01,0cac7554-8d6f-2d13-8f1f-5f6fcf08f931,train,adaptation,external:data_root/processed/rio/train/0375_01.npy,True,external:data_root/processed/rio/instance_gt/train/scene0375_01.txt,True,True
baf67395-8e94-22f8-8100-9c9d7ce1c2b7,scene0375_02,baf67397-8e94-22f8-8066-c32fbe984412,train,adaptation,external:data_root/processed/rio/train/0375_02.npy,True,external:data_root/processed/rio/instance_gt/train/scene0375_02.txt,True,True
baf673a6-8e94-22f8-8047-575f7de04f21,scene0376_00,baf673a6-8e94-22f8-8047-575f7de04f21,train,adaptation,external:data_root/processed/rio/train/0376_00.npy,True,external:data_root/processed/rio/instance_gt/train/scene0376_00.txt,True,True
baf673a6-8e94-22f8-8047-575f7de04f21,scene0376_01,baf673a4-8e94-22f8-83af-b4e879365685,train,adaptation,external:data_root/processed/rio/train/0376_01.npy,True,external:data_root/processed/rio/instance_gt/train/scene0376_01.txt,True,True
baf673a8-8e94-22f8-837d-d39420725d90,scene0377_00,baf673a8-8e94-22f8-837d-d39420725d90,train,adaptation,external:data_root/processed/rio/train/0377_00.npy,True,external:data_root/processed/rio/instance_gt/train/scene0377_00.txt,True,True
baf673a8-8e94-22f8-837d-d39420725d90,scene0377_01,baf673aa-8e94-22f8-815f-0a3f3d250071,train,adaptation,external:data_root/processed/rio/train/0377_01.npy,True,external:data_root/processed/rio/instance_gt/train/scene0377_01.txt,True,True
baf673ac-8e94-22f8-83d4-31a21cc201af,scene0378_00,baf673ac-8e94-22f8-83d4-31a21cc201af,train,adaptation,external:data_root/processed/rio/train/0378_00.npy,True,external:data_root/processed/rio/instance_gt/train/scene0378_00.txt,True,True
baf673ac-8e94-22f8-83d4-31a21cc201af,scene0378_01,baf673ae-8e94-22f8-82be-ce30b52711a4,train,adaptation,external:data_root/processed/rio/train/0378_01.npy,True,external:data_root/processed/rio/instance_gt/train/scene0378_01.txt,True,True
bcb0fe06-4f39-2c70-9c24-a8dd7496c2f8,scene0379_00,bcb0fe06-4f39-2c70-9c24-a8dd7496c2f8,validation,additional_native_refs,external:data_root/processed/rio/validation/0379_00.npy,True,external:data_root/processed/rio/instance_gt/validation/scene0379_00.txt,True,True
bcb0fe06-4f39-2c70-9c24-a8dd7496c2f8,scene0379_01,bcb0fe04-4f39-2c70-9f03-d0eec592de24,validation,additional_native_refs,external:data_root/processed/rio/validation/0379_01.npy,True,external:data_root/processed/rio/instance_gt/validation/scene0379_01.txt,True,True
bcb0fe0e-4f39-2c70-9e02-22b2f980cc35,scene0381_00,bcb0fe0e-4f39-2c70-9e02-22b2f980cc35,train,adaptation,external:data_root/processed/rio/train/0381_00.npy,True,external:data_root/processed/rio/instance_gt/train/scene0381_00.txt,True,True
bcb0fe0e-4f39-2c70-9e02-22b2f980cc35,scene0381_01,bcb0fe15-4f39-2c70-9f48-a26b76dfe042,train,adaptation,external:data_root/processed/rio/train/0381_01.npy,True,external:data_root/processed/rio/instance_gt/train/scene0381_01.txt,True,True
bcb0fe10-4f39-2c70-9c4e-602f1186d2e9,scene0382_00,bcb0fe10-4f39-2c70-9c4e-602f1186d2e9,train,adaptation,external:data_root/processed/rio/train/0382_00.npy,True,external:data_root/processed/rio/instance_gt/train/scene0382_00.txt,True,True
bcb0fe10-4f39-2c70-9c4e-602f1186d2e9,scene0382_01,bcb0fe13-4f39-2c70-9fdd-eff98a9fbf7e,train,adaptation,external:data_root/processed/rio/train/0382_01.npy,True,external:data_root/processed/rio/instance_gt/train/scene0382_01.txt,True,True
bcb0fe17-4f39-2c70-9d19-dafd03e967d8,scene0383_00,bcb0fe17-4f39-2c70-9d19-dafd03e967d8,train,adaptation,external:data_root/processed/rio/train/0383_00.npy,True,external:data_root/processed/rio/instance_gt/train/scene0383_00.txt,True,True
bcb0fe17-4f39-2c70-9d19-dafd03e967d8,scene0383_01,bcb0fe19-4f39-2c70-9cb7-a6993671cc91,train,adaptation,external:data_root/processed/rio/train/0383_01.npy,True,external:data_root/processed/rio/instance_gt/train/scene0383_01.txt,True,True
bcb0fe1b-4f39-2c70-9f8c-2256ea9752ab,scene0384_00,bcb0fe1b-4f39-2c70-9f8c-2256ea9752ab,train,adaptation,external:data_root/processed/rio/train/0384_00.npy,True,external:data_root/processed/rio/instance_gt/train/scene0384_00.txt,True,True
bcb0fe1b-4f39-2c70-9f8c-2256ea9752ab,scene0384_01,bcb0fe1d-4f39-2c70-9e89-5c098ed27d6d,train,adaptation,external:data_root/processed/rio/train/0384_01.npy,True,external:data_root/processed/rio/instance_gt/train/scene0384_01.txt,True,True
bcb0fe1f-4f39-2c70-9e7f-a9d783c159fc,scene0385_00,bcb0fe1f-4f39-2c70-9e7f-a9d783c159fc,train,adaptation,external:data_root/processed/rio/train/0385_00.npy,True,external:data_root/processed/rio/instance_gt/train/scene0385_00.txt,True,True
bcb0fe1f-4f39-2c70-9e7f-a9d783c159fc,scene0385_01,bcb0fe23-4f39-2c70-9d69-698c5ff4435c,train,adaptation,external:data_root/processed/rio/train/0385_01.npy,True,external:data_root/processed/rio/instance_gt/train/scene0385_01.txt,True,True
bcb0fe27-4f39-2c70-9dae-5c8625b3553d,scene0386_00,bcb0fe27-4f39-2c70-9dae-5c8625b3553d,train,adaptation,external:data_root/processed/rio/train/0386_00.npy,True,external:data_root/processed/rio/instance_gt/train/scene0386_00.txt,True,True
bcb0fe27-4f39-2c70-9dae-5c8625b3553d,scene0386_01,bcb0fe29-4f39-2c70-9f18-79507a4e9a30,train,adaptation,external:data_root/processed/rio/train/0386_01.npy,True,external:data_root/processed/rio/instance_gt/train/scene0386_01.txt,True,True
bcb0fe2d-4f39-2c70-9d1a-49a4a6868d7d,scene0387_00,bcb0fe2d-4f39-2c70-9d1a-49a4a6868d7d,train,adaptation,external:data_root/processed/rio/train/0387_00.npy,True,external:data_root/processed/rio/instance_gt/train/scene0387_00.txt,True,True
bcb0fe2d-4f39-2c70-9d1a-49a4a6868d7d,scene0387_01,bcb0fe2b-4f39-2c70-9d6b-5e92d634ac35,train,adaptation,external:data_root/processed/rio/train/0387_01.npy,True,external:data_root/processed/rio/instance_gt/train/scene0387_01.txt,True,True
bcb0fe33-4f39-2c70-9cb1-081014d8a9b8,scene0388_00,bcb0fe33-4f39-2c70-9cb1-081014d8a9b8,train,adaptation,external:data_root/processed/rio/train/0388_00.npy,True,external:data_root/processed/rio/instance_gt/train/scene0388_00.txt,True,True
bcb0fe33-4f39-2c70-9cb1-081014d8a9b8,scene0388_01,bcb0fe2f-4f39-2c70-9eaf-a074d1b3e47b,train,adaptation,external:data_root/processed/rio/train/0388_01.npy,True,external:data_root/processed/rio/instance_gt/train/scene0388_01.txt,True,True
bf9a3da2-45a5-2e80-8219-1f0a216399fe,scene0389_00,bf9a3da2-45a5-2e80-8219-1f0a216399fe,validation,additional_native_refs,external:data_root/processed/rio/validation/0389_00.npy,True,external:data_root/processed/rio/instance_gt/validation/scene0389_00.txt,True,True
bf9a3da2-45a5-2e80-8219-1f0a216399fe,scene0389_01,cdcaf5bd-ddd8-2ed6-97c3-489e105e4dde,validation,additional_native_refs,external:data_root/processed/rio/validation/0389_01.npy,True,external:data_root/processed/rio/instance_gt/validation/scene0389_01.txt,True,True
bf9a3da2-45a5-2e80-8219-1f0a216399fe,scene0389_02,10b1794e-3938-2467-89a7-ebc89e84cf88,validation,additional_native_refs,external:data_root/processed/rio/validation/0389_02.npy,True,external:data_root/processed/rio/instance_gt/validation/scene0389_02.txt,True,True
bf9a3dac-45a5-2e80-8073-0fe4e80c0e99,scene0391_00,bf9a3dac-45a5-2e80-8073-0fe4e80c0e99,train,adaptation,external:data_root/processed/rio/train/0391_00.npy,True,external:data_root/processed/rio/instance_gt/train/scene0391_00.txt,True,True
bf9a3dac-45a5-2e80-8073-0fe4e80c0e99,scene0391_01,bf9a3db4-45a5-2e80-80d9-a1842899ef45,train,adaptation,external:data_root/processed/rio/train/0391_01.npy,True,external:data_root/processed/rio/instance_gt/train/scene0391_01.txt,True,True
bf9a3db6-45a5-2e80-825a-e599db74ba26,scene0392_00,bf9a3db6-45a5-2e80-825a-e599db74ba26,train,adaptation,external:data_root/processed/rio/train/0392_00.npy,True,external:data_root/processed/rio/instance_gt/train/scene0392_00.txt,True,True
bf9a3db6-45a5-2e80-825a-e599db74ba26,scene0392_01,bf9a3db8-45a5-2e80-8112-d2c2429fdb79,train,adaptation,external:data_root/processed/rio/train/0392_01.npy,True,external:data_root/processed/rio/instance_gt/train/scene0392_01.txt,True,True
bf9a3dba-45a5-2e80-8282-0ee19d0447c7,scene0393_00,bf9a3dba-45a5-2e80-8282-0ee19d0447c7,train,adaptation,external:data_root/processed/rio/train/0393_00.npy,True,external:data_root/processed/rio/instance_gt/train/scene0393_00.txt,True,True
bf9a3dba-45a5-2e80-8282-0ee19d0447c7,scene0393_01,bf9a3dbc-45a5-2e80-80d0-6dc2f6a6f1e9,train,adaptation,external:data_root/processed/rio/train/0393_01.npy,True,external:data_root/processed/rio/instance_gt/train/scene0393_01.txt,True,True
bf9a3dc9-45a5-2e80-80cc-29579f2928e6,scene0394_00,bf9a3dc9-45a5-2e80-80cc-29579f2928e6,train,adaptation,external:data_root/processed/rio/train/0394_00.npy,True,external:data_root/processed/rio/instance_gt/train/scene0394_00.txt,True,True
bf9a3dc9-45a5-2e80-80cc-29579f2928e6,scene0394_01,bf9a3dc5-45a5-2e80-8068-91ac8398b4cd,train,adaptation,external:data_root/processed/rio/train/0394_01.npy,True,external:data_root/processed/rio/instance_gt/train/scene0394_01.txt,True,True
bf9a3dc9-45a5-2e80-80cc-29579f2928e6,scene0394_02,bf9a3dc3-45a5-2e80-832d-842aa34cc859,train,adaptation,external:data_root/processed/rio/train/0394_02.npy,True,external:data_root/processed/rio/instance_gt/train/scene0394_02.txt,True,True
bf9a3dc9-45a5-2e80-80cc-29579f2928e6,scene0394_03,bf9a3dbe-45a5-2e80-80ee-f78c2b525234,train,adaptation,external:data_root/processed/rio/train/0394_03.npy,True,external:data_root/processed/rio/instance_gt/train/scene0394_03.txt,True,True
bf9a3dcb-45a5-2e80-83df-181fa8da160f,scene0395_00,bf9a3dcb-45a5-2e80-83df-181fa8da160f,train,adaptation,external:data_root/processed/rio/train/0395_00.npy,True,external:data_root/processed/rio/instance_gt/train/scene0395_00.txt,True,True
bf9a3dcb-45a5-2e80-83df-181fa8da160f,scene0395_01,bf9a3dcf-45a5-2e80-8196-c38271d91bcf,train,adaptation,external:data_root/processed/rio/train/0395_01.npy,True,external:data_root/processed/rio/instance_gt/train/scene0395_01.txt,True,True
bf9a3dcb-45a5-2e80-83df-181fa8da160f,scene0395_02,bf9a3dcd-45a5-2e80-8071-e4eeb6596460,train,adaptation,external:data_root/processed/rio/train/0395_02.npy,True,external:data_root/processed/rio/instance_gt/train/scene0395_02.txt,True,True
bf9a3dd3-45a5-2e80-8163-8a5b2573aca4,scene0396_00,bf9a3dd3-45a5-2e80-8163-8a5b2573aca4,train,adaptation,external:data_root/processed/rio/train/0396_00.npy,True,external:data_root/processed/rio/instance_gt/train/scene0396_00.txt,True,True
bf9a3dd3-45a5-2e80-8163-8a5b2573aca4,scene0396_01,bf9a3dd5-45a5-2e80-8306-ccbca5eea15a,train,adaptation,external:data_root/processed/rio/train/0396_01.npy,True,external:data_root/processed/rio/instance_gt/train/scene0396_01.txt,True,True
bf9a3dd7-45a5-2e80-8330-58904c51c1a9,scene0397_00,bf9a3dd7-45a5-2e80-8330-58904c51c1a9,train,adaptation,external:data_root/processed/rio/train/0397_00.npy,True,external:data_root/processed/rio/instance_gt/train/scene0397_00.txt,True,True
bf9a3dd7-45a5-2e80-8330-58904c51c1a9,scene0397_01,bf9a3deb-45a5-2e80-8291-f0039d671ea1,train,adaptation,external:data_root/processed/rio/train/0397_01.npy,True,external:data_root/processed/rio/instance_gt/train/scene0397_01.txt,True,True
bf9a3de7-45a5-2e80-81a4-fd6126f6417b,scene0398_00,bf9a3de7-45a5-2e80-81a4-fd6126f6417b,train,adaptation,external:data_root/processed/rio/train/0398_00.npy,True,external:data_root/processed/rio/instance_gt/train/scene0398_00.txt,True,True
bf9a3de7-45a5-2e80-81a4-fd6126f6417b,scene0398_01,bf9a3de5-45a5-2e80-80ff-056b013f1064,train,adaptation,external:data_root/processed/rio/train/0398_01.npy,True,external:data_root/processed/rio/instance_gt/train/scene0398_01.txt,True,True
bf9a3de7-45a5-2e80-81a4-fd6126f6417b,scene0398_02,bf9a3de3-45a5-2e80-82fc-a5d0db3138c6,train,adaptation,external:data_root/processed/rio/train/0398_02.npy,True,external:data_root/processed/rio/instance_gt/train/scene0398_02.txt,True,True
bf9a3de7-45a5-2e80-81a4-fd6126f6417b,scene0398_03,bf9a3de1-45a5-2e80-8325-6cf2b519d40c,train,adaptation,external:data_root/processed/rio/train/0398_03.npy,True,external:data_root/processed/rio/instance_gt/train/scene0398_03.txt,True,True
bf9a3de9-45a5-2e80-8022-277108d67404,scene0399_00,bf9a3de9-45a5-2e80-8022-277108d67404,validation,additional_native_refs,external:data_root/processed/rio/validation/0399_00.npy,True,external:data_root/processed/rio/instance_gt/validation/scene0399_00.txt,True,True
bf9a3de9-45a5-2e80-8022-277108d67404,scene0399_01,bf9a3ddf-45a5-2e80-8007-8e9e7f323e52,validation,additional_native_refs,external:data_root/processed/rio/validation/0399_01.npy,True,external:data_root/processed/rio/instance_gt/validation/scene0399_01.txt,True,True
bf9a3de9-45a5-2e80-8022-277108d67404,scene0399_02,bf9a3ddd-45a5-2e80-80bc-647365c7ca08,validation,additional_native_refs,external:data_root/processed/rio/validation/0399_02.npy,True,external:data_root/processed/rio/instance_gt/validation/scene0399_02.txt,True,True
bf9a3de9-45a5-2e80-8022-277108d67404,scene0399_03,bf9a3dd9-45a5-2e80-817c-f918e193231b,validation,additional_native_refs,external:data_root/processed/rio/validation/0399_03.npy,True,external:data_root/processed/rio/instance_gt/validation/scene0399_03.txt,True,True
c12890cc-d3df-2d0d-85cd-eebc3e1c4b62,scene0401_00,c12890cc-d3df-2d0d-85cd-eebc3e1c4b62,train,adaptation,external:data_root/processed/rio/train/0401_00.npy,True,external:data_root/processed/rio/instance_gt/train/scene0401_00.txt,True,True
c12890cc-d3df-2d0d-85cd-eebc3e1c4b62,scene0401_01,c12890d5-d3df-2d0d-86d3-b8dac6bea6a9,train,adaptation,external:data_root/processed/rio/train/0401_01.npy,True,external:data_root/processed/rio/instance_gt/train/scene0401_01.txt,True,True
c12890cc-d3df-2d0d-85cd-eebc3e1c4b62,scene0401_02,c12890cf-d3df-2d0d-876d-f774cb9d9861,train,adaptation,external:data_root/processed/rio/train/0401_02.npy,True,external:data_root/processed/rio/instance_gt/train/scene0401_02.txt,True,True
c12890d8-d3df-2d0d-87cc-da303a47b893,scene0402_00,c12890d8-d3df-2d0d-87cc-da303a47b893,train,adaptation,external:data_root/processed/rio/train/0402_00.npy,True,external:data_root/processed/rio/instance_gt/train/scene0402_00.txt,True,True
c12890d8-d3df-2d0d-87cc-da303a47b893,scene0402_01,c12890c7-d3df-2d0d-8541-a72f5bc6a668,train,adaptation,external:data_root/processed/rio/train/0402_01.npy,True,external:data_root/processed/rio/instance_gt/train/scene0402_01.txt,True,True
c12890d8-d3df-2d0d-87cc-da303a47b893,scene0402_02,c12890d1-d3df-2d0d-868c-f9a62ca423f7,train,adaptation,external:data_root/processed/rio/train/0402_02.npy,True,external:data_root/processed/rio/instance_gt/train/scene0402_02.txt,True,True
c12890da-d3df-2d0d-862f-db6f9df19711,scene0403_00,c12890da-d3df-2d0d-862f-db6f9df19711,train,adaptation,external:data_root/processed/rio/train/0403_00.npy,True,external:data_root/processed/rio/instance_gt/train/scene0403_00.txt,True,True
c12890da-d3df-2d0d-862f-db6f9df19711,scene0403_01,c12890dc-d3df-2d0d-87b5-90e9596c3de4,train,adaptation,external:data_root/processed/rio/train/0403_01.npy,True,external:data_root/processed/rio/instance_gt/train/scene0403_01.txt,True,True
c12890da-d3df-2d0d-862f-db6f9df19711,scene0403_02,c12890de-d3df-2d0d-85bf-b248e7c3431d,train,adaptation,external:data_root/processed/rio/train/0403_02.npy,True,external:data_root/processed/rio/instance_gt/train/scene0403_02.txt,True,True
c12890da-d3df-2d0d-862f-db6f9df19711,scene0403_03,c12890e3-d3df-2d0d-87cf-a5510bc39c3a,train,adaptation,external:data_root/processed/rio/train/0403_03.npy,True,external:data_root/processed/rio/instance_gt/train/scene0403_03.txt,True,True
c12890da-d3df-2d0d-862f-db6f9df19711,scene0403_04,717ad1f3-b350-2996-8897-3c57a14e3d05,train,adaptation,external:data_root/processed/rio/train/0403_04.npy,True,external:data_root/processed/rio/instance_gt/train/scene0403_04.txt,True,True
c12890da-d3df-2d0d-862f-db6f9df19711,scene0403_05,55551075-36f1-29c0-8b64-97a4e71b90ba,train,adaptation,external:data_root/processed/rio/train/0403_05.npy,True,external:data_root/processed/rio/instance_gt/train/scene0403_05.txt,True,True
c12890da-d3df-2d0d-862f-db6f9df19711,scene0403_06,7ab2a9c7-ebc6-2056-8973-f34c559f7e0d,train,adaptation,external:data_root/processed/rio/train/0403_06.npy,True,external:data_root/processed/rio/instance_gt/train/scene0403_06.txt,True,True
c6707938-2ecb-2de2-811c-69f6f7a0e638,scene0404_00,c6707938-2ecb-2de2-811c-69f6f7a0e638,train,adaptation,external:data_root/processed/rio/train/0404_00.npy,True,external:data_root/processed/rio/instance_gt/train/scene0404_00.txt,True,True
c6707938-2ecb-2de2-811c-69f6f7a0e638,scene0404_01,c670793a-2ecb-2de2-8276-7d00f11b8f69,train,adaptation,external:data_root/processed/rio/train/0404_01.npy,True,external:data_root/processed/rio/instance_gt/train/scene0404_01.txt,True,True
c6707938-2ecb-2de2-811c-69f6f7a0e638,scene0404_02,c670793d-2ecb-2de2-81fe-76776e342133,train,adaptation,external:data_root/processed/rio/train/0404_02.npy,True,external:data_root/processed/rio/instance_gt/train/scene0404_02.txt,True,True
c6707938-2ecb-2de2-811c-69f6f7a0e638,scene0404_03,c6707941-2ecb-2de2-8236-13d2d850cf65,train,adaptation,external:data_root/processed/rio/train/0404_03.npy,True,external:data_root/processed/rio/instance_gt/train/scene0404_03.txt,True,True
c6707946-2ecb-2de2-8381-d5eae12243ee,scene0405_00,c6707946-2ecb-2de2-8381-d5eae12243ee,train,adaptation,external:data_root/processed/rio/train/0405_00.npy,True,external:data_root/processed/rio/instance_gt/train/scene0405_00.txt,True,True
c6707946-2ecb-2de2-8381-d5eae12243ee,scene0405_01,c6707944-2ecb-2de2-8369-bd291653f5c3,train,adaptation,external:data_root/processed/rio/train/0405_01.npy,True,external:data_root/processed/rio/instance_gt/train/scene0405_01.txt,True,True
c7895f0d-339c-2d13-837c-6e5d8b7be7a8,scene0406_00,c7895f0d-339c-2d13-837c-6e5d8b7be7a8,train,adaptation,external:data_root/processed/rio/train/0406_00.npy,True,external:data_root/processed/rio/instance_gt/train/scene0406_00.txt,True,True
c7895f0d-339c-2d13-837c-6e5d8b7be7a8,scene0406_01,c7895f0b-339c-2d13-80e2-1d2aa04aa528,train,adaptation,external:data_root/processed/rio/train/0406_01.npy,True,external:data_root/processed/rio/instance_gt/train/scene0406_01.txt,True,True
c7895f0d-339c-2d13-837c-6e5d8b7be7a8,scene0406_02,c7895f09-339c-2d13-830d-e150ff0df2b3,train,adaptation,external:data_root/processed/rio/train/0406_02.npy,True,external:data_root/processed/rio/instance_gt/train/scene0406_02.txt,True,True
c7895f1d-339c-2d13-820f-f998ab956707,scene0407_00,c7895f1d-339c-2d13-820f-f998ab956707,train,adaptation,external:data_root/processed/rio/train/0407_00.npy,True,external:data_root/processed/rio/instance_gt/train/scene0407_00.txt,True,True
c7895f1d-339c-2d13-820f-f998ab956707,scene0407_01,c7895f1f-339c-2d13-8172-b32de97f8cce,train,adaptation,external:data_root/processed/rio/train/0407_01.npy,True,external:data_root/processed/rio/instance_gt/train/scene0407_01.txt,True,True
c7895f1d-339c-2d13-820f-f998ab956707,scene0407_02,c7895f1b-339c-2d13-8348-d178c1c4b687,train,adaptation,external:data_root/processed/rio/train/0407_02.npy,True,external:data_root/processed/rio/instance_gt/train/scene0407_02.txt,True,True
c7895f1d-339c-2d13-820f-f998ab956707,scene0407_03,c7895f21-339c-2d13-8376-d703f09e7b3b,train,adaptation,external:data_root/processed/rio/train/0407_03.npy,True,external:data_root/processed/rio/instance_gt/train/scene0407_03.txt,True,True
c7895f23-339c-2d13-818e-2375ea0ba6d6,scene0408_00,c7895f23-339c-2d13-818e-2375ea0ba6d6,train,adaptation,external:data_root/processed/rio/train/0408_00.npy,True,external:data_root/processed/rio/instance_gt/train/scene0408_00.txt,True,True
c7895f23-339c-2d13-818e-2375ea0ba6d6,scene0408_01,c7895f25-339c-2d13-820a-5cfc7d4d3359,train,adaptation,external:data_root/processed/rio/train/0408_01.npy,True,external:data_root/processed/rio/instance_gt/train/scene0408_01.txt,True,True
c7895f27-339c-2d13-836b-c12dca280261,scene0409_00,c7895f27-339c-2d13-836b-c12dca280261,validation,additional_native_refs,external:data_root/processed/rio/validation/0409_00.npy,True,external:data_root/processed/rio/instance_gt/validation/scene0409_00.txt,True,True
c7895f27-339c-2d13-836b-c12dca280261,scene0409_01,c7895f2b-339c-2d13-8248-b0507e050314,validation,additional_native_refs,external:data_root/processed/rio/validation/0409_01.npy,True,external:data_root/processed/rio/instance_gt/validation/scene0409_01.txt,True,True
c7895f27-339c-2d13-836b-c12dca280261,scene0409_02,c7895f29-339c-2d13-83e9-90dbe61fa8be,validation,additional_native_refs,external:data_root/processed/rio/validation/0409_02.npy,True,external:data_root/processed/rio/instance_gt/validation/scene0409_02.txt,True,True
c7895f35-339c-2d13-805c-47570e126422,scene0411_00,c7895f35-339c-2d13-805c-47570e126422,train,adaptation,external:data_root/processed/rio/train/0411_00.npy,True,external:data_root/processed/rio/instance_gt/train/scene0411_00.txt,True,True
c7895f35-339c-2d13-805c-47570e126422,scene0411_01,0cac75d6-8d6f-2d13-8dd7-26f14b02c0e7,train,adaptation,external:data_root/processed/rio/train/0411_01.npy,True,external:data_root/processed/rio/instance_gt/train/scene0411_01.txt,True,True
c7895f35-339c-2d13-805c-47570e126422,scene0411_02,c7895f33-339c-2d13-83d1-720cfdc0c4b1,train,adaptation,external:data_root/processed/rio/train/0411_02.npy,True,external:data_root/processed/rio/instance_gt/train/scene0411_02.txt,True,True
c7895f3e-339c-2d13-832a-b3636f113063,scene0412_00,c7895f3e-339c-2d13-832a-b3636f113063,train,adaptation,external:data_root/processed/rio/train/0412_00.npy,True,external:data_root/processed/rio/instance_gt/train/scene0412_00.txt,True,True
c7895f3e-339c-2d13-832a-b3636f113063,scene0412_01,c7895f39-339c-2d13-81c3-261003fc3b01,train,adaptation,external:data_root/processed/rio/train/0412_01.npy,True,external:data_root/processed/rio/instance_gt/train/scene0412_01.txt,True,True
c7895f42-339c-2d13-814f-994062b318b0,scene0413_00,c7895f42-339c-2d13-814f-994062b318b0,train,adaptation,external:data_root/processed/rio/train/0413_00.npy,True,external:data_root/processed/rio/instance_gt/train/scene0413_00.txt,True,True
c7895f42-339c-2d13-814f-994062b318b0,scene0413_01,c7895f44-339c-2d13-8103-3e9dcc3be375,train,adaptation,external:data_root/processed/rio/train/0413_01.npy,True,external:data_root/processed/rio/instance_gt/train/scene0413_01.txt,True,True
c7895f42-339c-2d13-814f-994062b318b0,scene0413_02,c7895f40-339c-2d13-82c7-8a2810cdf02e,train,adaptation,external:data_root/processed/rio/train/0413_02.npy,True,external:data_root/processed/rio/instance_gt/train/scene0413_02.txt,True,True
c7895f46-339c-2d13-81c6-395674134ef2,scene0414_00,c7895f46-339c-2d13-81c6-395674134ef2,train,adaptation,external:data_root/processed/rio/train/0414_00.npy,True,external:data_root/processed/rio/instance_gt/train/scene0414_00.txt,True,True
c7895f46-339c-2d13-81c6-395674134ef2,scene0414_01,c7895f4c-339c-2d13-8383-527f405b18c3,train,adaptation,external:data_root/processed/rio/train/0414_01.npy,True,external:data_root/processed/rio/instance_gt/train/scene0414_01.txt,True,True
c7895f4e-339c-2d13-80d3-90eaa1403a25,scene0415_00,c7895f4e-339c-2d13-80d3-90eaa1403a25,train,adaptation,external:data_root/processed/rio/train/0415_00.npy,True,external:data_root/processed/rio/instance_gt/train/scene0415_00.txt,True,True
c7895f4e-339c-2d13-80d3-90eaa1403a25,scene0415_01,c7895f50-339c-2d13-828c-1d01eab90a00,train,adaptation,external:data_root/processed/rio/train/0415_01.npy,True,external:data_root/processed/rio/instance_gt/train/scene0415_01.txt,True,True
c7895f5f-339c-2d13-82db-e99a08b5f679,scene0416_00,c7895f5f-339c-2d13-82db-e99a08b5f679,train,adaptation,external:data_root/processed/rio/train/0416_00.npy,True,external:data_root/processed/rio/instance_gt/train/scene0416_00.txt,True,True
c7895f5f-339c-2d13-82db-e99a08b5f679,scene0416_01,c7895f5d-339c-2d13-8003-0763dfb1b23c,train,adaptation,external:data_root/processed/rio/train/0416_01.npy,True,external:data_root/processed/rio/instance_gt/train/scene0416_01.txt,True,True
c7895f5f-339c-2d13-82db-e99a08b5f679,scene0416_02,c7895f61-339c-2d13-8004-3cbebf317f21,train,adaptation,external:data_root/processed/rio/train/0416_02.npy,True,external:data_root/processed/rio/instance_gt/train/scene0416_02.txt,True,True
c7895f6f-339c-2d13-830a-81f71c3bfb78,scene0417_00,c7895f6f-339c-2d13-830a-81f71c3bfb78,train,adaptation,external:data_root/processed/rio/train/0417_00.npy,True,external:data_root/processed/rio/instance_gt/train/scene0417_00.txt,True,True
c7895f6f-339c-2d13-830a-81f71c3bfb78,scene0417_01,c7895f6d-339c-2d13-8078-90c61bd6f685,train,adaptation,external:data_root/processed/rio/train/0417_01.npy,True,external:data_root/processed/rio/instance_gt/train/scene0417_01.txt,True,True
c7895f74-339c-2d13-8030-f7f2f8504589,scene0418_00,c7895f74-339c-2d13-8030-f7f2f8504589,train,adaptation,external:data_root/processed/rio/train/0418_00.npy,True,external:data_root/processed/rio/instance_gt/train/scene0418_00.txt,True,True
c7895f74-339c-2d13-8030-f7f2f8504589,scene0418_01,c7895f76-339c-2d13-8291-06be5ae81d2e,train,adaptation,external:data_root/processed/rio/train/0418_01.npy,True,external:data_root/processed/rio/instance_gt/train/scene0418_01.txt,True,True
c7895f7c-339c-2d13-819f-3bb0b26c91f6,scene0419_00,c7895f7c-339c-2d13-819f-3bb0b26c91f6,validation,additional_native_refs,external:data_root/processed/rio/validation/0419_00.npy,True,external:data_root/processed/rio/instance_gt/validation/scene0419_00.txt,True,True
c7895f7c-339c-2d13-819f-3bb0b26c91f6,scene0419_01,c7895f7a-339c-2d13-82ac-09ef1c9001ba,validation,additional_native_refs,external:data_root/processed/rio/validation/0419_01.npy,True,external:data_root/processed/rio/instance_gt/validation/scene0419_01.txt,True,True
c7895f7c-339c-2d13-819f-3bb0b26c91f6,scene0419_02,c7895f78-339c-2d13-82bb-cc990cbbc90f,validation,additional_native_refs,external:data_root/processed/rio/validation/0419_02.npy,True,external:data_root/processed/rio/instance_gt/validation/scene0419_02.txt,True,True
c7895f86-339c-2d13-82c8-3976988cd327,scene0421_00,c7895f86-339c-2d13-82c8-3976988cd327,train,adaptation,external:data_root/processed/rio/train/0421_00.npy,True,external:data_root/processed/rio/instance_gt/train/scene0421_00.txt,True,True
c7895f86-339c-2d13-82c8-3976988cd327,scene0421_01,c7895f8a-339c-2d13-82a6-bc530140d95d,train,adaptation,external:data_root/processed/rio/train/0421_01.npy,True,external:data_root/processed/rio/instance_gt/train/scene0421_01.txt,True,True
c7895f86-339c-2d13-82c8-3976988cd327,scene0421_02,c7895f88-339c-2d13-80f8-a904e8f2fff0,train,adaptation,external:data_root/processed/rio/train/0421_02.npy,True,external:data_root/processed/rio/instance_gt/train/scene0421_02.txt,True,True
c7895f8f-339c-2d13-81a3-84bc18b475b5,scene0422_00,c7895f8f-339c-2d13-81a3-84bc18b475b5,train,adaptation,external:data_root/processed/rio/train/0422_00.npy,True,external:data_root/processed/rio/instance_gt/train/scene0422_00.txt,True,True
c7895f8f-339c-2d13-81a3-84bc18b475b5,scene0422_01,c7895f91-339c-2d13-8095-ca529bcb8be5,train,adaptation,external:data_root/processed/rio/train/0422_01.npy,True,external:data_root/processed/rio/instance_gt/train/scene0422_01.txt,True,True
c92fb576-f771-2064-845a-a52a44a9539f,scene0423_00,c92fb576-f771-2064-845a-a52a44a9539f,train,adaptation,external:data_root/processed/rio/train/0423_00.npy,True,external:data_root/processed/rio/instance_gt/train/scene0423_00.txt,True,True
c92fb576-f771-2064-845a-a52a44a9539f,scene0423_01,c92fb570-f771-2064-8700-e44ec1355c49,train,adaptation,external:data_root/processed/rio/train/0423_01.npy,True,external:data_root/processed/rio/instance_gt/train/scene0423_01.txt,True,True
c92fb576-f771-2064-845a-a52a44a9539f,scene0423_02,c92fb573-f771-2064-87cc-2fd7faae29e0,train,adaptation,external:data_root/processed/rio/train/0423_02.npy,True,external:data_root/processed/rio/instance_gt/train/scene0423_02.txt,True,True
c92fb576-f771-2064-845a-a52a44a9539f,scene0423_03,c92fb57c-f771-2064-8536-7d7f40cfdf51,train,adaptation,external:data_root/processed/rio/train/0423_03.npy,True,external:data_root/processed/rio/instance_gt/train/scene0423_03.txt,True,True
c92fb576-f771-2064-845a-a52a44a9539f,scene0423_04,c92fb57e-f771-2064-86e4-5f4c7c77a8c7,train,adaptation,external:data_root/processed/rio/train/0423_04.npy,True,external:data_root/processed/rio/instance_gt/train/scene0423_04.txt,True,True
c92fb576-f771-2064-845a-a52a44a9539f,scene0423_05,c92fb578-f771-2064-85fc-485dbfba73df,train,adaptation,external:data_root/processed/rio/train/0423_05.npy,True,external:data_root/processed/rio/instance_gt/train/scene0423_05.txt,True,True
c92fb576-f771-2064-845a-a52a44a9539f,scene0423_06,5630cfda-12bf-2860-8511-9baf30eec4ad,train,adaptation,external:data_root/processed/rio/train/0423_06.npy,True,external:data_root/processed/rio/instance_gt/train/scene0423_06.txt,True,True
c92fb576-f771-2064-845a-a52a44a9539f,scene0423_07,5630cfd5-12bf-2860-857e-914ddf3d09f5,train,adaptation,external:data_root/processed/rio/train/0423_07.npy,True,external:data_root/processed/rio/instance_gt/train/scene0423_07.txt,True,True
c92fb576-f771-2064-845a-a52a44a9539f,scene0423_08,c92fb5ad-f771-2064-8720-947242f8d474,train,adaptation,external:data_root/processed/rio/train/0423_08.npy,True,external:data_root/processed/rio/instance_gt/train/scene0423_08.txt,True,True
c92fb576-f771-2064-845a-a52a44a9539f,scene0423_09,c92fb598-f771-2064-876d-327776fda299,train,adaptation,external:data_root/processed/rio/train/0423_09.npy,True,external:data_root/processed/rio/instance_gt/train/scene0423_09.txt,True,True
c92fb576-f771-2064-845a-a52a44a9539f,scene0423_10,c92fb596-f771-2064-86ba-d429f869e52f,train,adaptation,external:data_root/processed/rio/train/0423_10.npy,True,external:data_root/processed/rio/instance_gt/train/scene0423_10.txt,True,True
c92fb576-f771-2064-845a-a52a44a9539f,scene0423_11,10b1792c-3938-2467-8b57-bc0b18bc6b13,train,adaptation,external:data_root/processed/rio/train/0423_11.npy,True,external:data_root/processed/rio/instance_gt/train/scene0423_11.txt,True,True
c92fb586-f771-2064-8678-a16eca03ac79,scene0424_00,c92fb586-f771-2064-8678-a16eca03ac79,train,adaptation,external:data_root/processed/rio/train/0424_00.npy,True,external:data_root/processed/rio/instance_gt/train/scene0424_00.txt,True,True
c92fb586-f771-2064-8678-a16eca03ac79,scene0424_01,c92fb58c-f771-2064-8496-688a5baaf5c6,train,adaptation,external:data_root/processed/rio/train/0424_01.npy,True,external:data_root/processed/rio/instance_gt/train/scene0424_01.txt,True,True
c92fb586-f771-2064-8678-a16eca03ac79,scene0424_02,c92fb58a-f771-2064-8432-02b46f2b3e49,train,adaptation,external:data_root/processed/rio/train/0424_02.npy,True,external:data_root/processed/rio/instance_gt/train/scene0424_02.txt,True,True
c92fb586-f771-2064-8678-a16eca03ac79,scene0424_03,c92fb588-f771-2064-840a-17748e8c20ad,train,adaptation,external:data_root/processed/rio/train/0424_03.npy,True,external:data_root/processed/rio/instance_gt/train/scene0424_03.txt,True,True
c92fb586-f771-2064-8678-a16eca03ac79,scene0424_04,10b17932-3938-2467-8b89-08efc4dc9924,train,adaptation,external:data_root/processed/rio/train/0424_04.npy,True,external:data_root/processed/rio/instance_gt/train/scene0424_04.txt,True,True
c92fb586-f771-2064-8678-a16eca03ac79,scene0424_05,d7d40d64-7a5d-2b36-9760-5e432257897d,train,adaptation,external:data_root/processed/rio/train/0424_05.npy,True,external:data_root/processed/rio/instance_gt/train/scene0424_05.txt,True,True
c92fb58e-f771-2064-85ec-a3446ebee692,scene0425_00,c92fb58e-f771-2064-85ec-a3446ebee692,train,adaptation,external:data_root/processed/rio/train/0425_00.npy,True,external:data_root/processed/rio/instance_gt/train/scene0425_00.txt,True,True
c92fb58e-f771-2064-85ec-a3446ebee692,scene0425_01,c92fb590-f771-2064-8665-19d71d08c0ef,train,adaptation,external:data_root/processed/rio/train/0425_01.npy,True,external:data_root/processed/rio/instance_gt/train/scene0425_01.txt,True,True
c92fb58e-f771-2064-85ec-a3446ebee692,scene0425_02,10b1794c-3938-2467-8b2b-4e5c91cc5cc3,train,adaptation,external:data_root/processed/rio/train/0425_02.npy,True,external:data_root/processed/rio/instance_gt/train/scene0425_02.txt,True,True
c92fb594-f771-2064-879b-cc598a9dabe5,scene0426_00,c92fb594-f771-2064-879b-cc598a9dabe5,train,adaptation,external:data_root/processed/rio/train/0426_00.npy,True,external:data_root/processed/rio/instance_gt/train/scene0426_00.txt,True,True
c92fb594-f771-2064-879b-cc598a9dabe5,scene0426_01,5630cfd8-12bf-2860-8773-e3dde9da2aff,train,adaptation,external:data_root/processed/rio/train/0426_01.npy,True,external:data_root/processed/rio/instance_gt/train/scene0426_01.txt,True,True
c92fb594-f771-2064-879b-cc598a9dabe5,scene0426_02,bf9a3da0-45a5-2e80-8099-e46f3ec15e14,train,adaptation,external:data_root/processed/rio/train/0426_02.npy,True,external:data_root/processed/rio/instance_gt/train/scene0426_02.txt,True,True
c92fb594-f771-2064-879b-cc598a9dabe5,scene0426_03,c92fb5ab-f771-2064-842c-c342564aabcc,train,adaptation,external:data_root/processed/rio/train/0426_03.npy,True,external:data_root/processed/rio/instance_gt/train/scene0426_03.txt,True,True
c92fb594-f771-2064-879b-cc598a9dabe5,scene0426_04,c92fb5a9-f771-2064-86fc-ae25bdd558c4,train,adaptation,external:data_root/processed/rio/train/0426_04.npy,True,external:data_root/processed/rio/instance_gt/train/scene0426_04.txt,True,True
c92fb594-f771-2064-879b-cc598a9dabe5,scene0426_05,c92fb5a7-f771-2064-8766-1200dca296ac,train,adaptation,external:data_root/processed/rio/train/0426_05.npy,True,external:data_root/processed/rio/instance_gt/train/scene0426_05.txt,True,True
c92fb594-f771-2064-879b-cc598a9dabe5,scene0426_06,c92fb5a4-f771-2064-87c5-f2d2162ceae7,train,adaptation,external:data_root/processed/rio/train/0426_06.npy,True,external:data_root/processed/rio/instance_gt/train/scene0426_06.txt,True,True
c92fb594-f771-2064-879b-cc598a9dabe5,scene0426_07,10b17951-3938-2467-881b-3bcb3b80bad3,train,adaptation,external:data_root/processed/rio/train/0426_07.npy,True,external:data_root/processed/rio/instance_gt/train/scene0426_07.txt,True,True
c92fb59e-f771-2064-8431-6a20d3396067,scene0427_00,c92fb59e-f771-2064-8431-6a20d3396067,train,adaptation,external:data_root/processed/rio/train/0427_00.npy,True,external:data_root/processed/rio/instance_gt/train/scene0427_00.txt,True,True
c92fb59e-f771-2064-8431-6a20d3396067,scene0427_01,c92fb5a0-f771-2064-8631-ec197369e100,train,adaptation,external:data_root/processed/rio/train/0427_01.npy,True,external:data_root/processed/rio/instance_gt/train/scene0427_01.txt,True,True
c92fb59e-f771-2064-8431-6a20d3396067,scene0427_02,c92fb5a2-f771-2064-8557-1dcf9c0e31a8,train,adaptation,external:data_root/processed/rio/train/0427_02.npy,True,external:data_root/processed/rio/instance_gt/train/scene0427_02.txt,True,True
c92fb59e-f771-2064-8431-6a20d3396067,scene0427_03,137a8156-1db5-2cc0-80ff-73ceef09cc7c,train,adaptation,external:data_root/processed/rio/train/0427_03.npy,True,external:data_root/processed/rio/instance_gt/train/scene0427_03.txt,True,True
c92fb59e-f771-2064-8431-6a20d3396067,scene0427_04,10b17934-3938-2467-8959-93297ad1b22d,train,adaptation,external:data_root/processed/rio/train/0427_04.npy,True,external:data_root/processed/rio/instance_gt/train/scene0427_04.txt,True,True
c92fb5b3-f771-2064-86f2-f14da264bfcf,scene0428_00,c92fb5b3-f771-2064-86f2-f14da264bfcf,train,adaptation,external:data_root/processed/rio/train/0428_00.npy,True,external:data_root/processed/rio/instance_gt/train/scene0428_00.txt,True,True
c92fb5b3-f771-2064-86f2-f14da264bfcf,scene0428_01,bf9a3d9c-45a5-2e80-832c-618e55d4e705,train,adaptation,external:data_root/processed/rio/train/0428_01.npy,True,external:data_root/processed/rio/instance_gt/train/scene0428_01.txt,True,True
c92fb5b3-f771-2064-86f2-f14da264bfcf,scene0428_02,cdcaf5bf-ddd8-2ed6-971c-d8e07f06e98f,train,adaptation,external:data_root/processed/rio/train/0428_02.npy,True,external:data_root/processed/rio/instance_gt/train/scene0428_02.txt,True,True
c92fb5b3-f771-2064-86f2-f14da264bfcf,scene0428_03,10b1793a-3938-2467-8a84-eb8c081481b8,train,adaptation,external:data_root/processed/rio/train/0428_03.npy,True,external:data_root/processed/rio/instance_gt/train/scene0428_03.txt,True,True
c92fb5b5-f771-2064-8570-dbe16cb33764,scene0429_00,c92fb5b5-f771-2064-8570-dbe16cb33764,validation,additional_native_refs,external:data_root/processed/rio/validation/0429_00.npy,True,external:data_root/processed/rio/instance_gt/validation/scene0429_00.txt,True,True
c92fb5b5-f771-2064-8570-dbe16cb33764,scene0429_01,5630cfde-12bf-2860-8563-d68bdd98fab0,validation,additional_native_refs,external:data_root/processed/rio/validation/0429_01.npy,True,external:data_root/processed/rio/instance_gt/validation/scene0429_01.txt,True,True
c92fb5b5-f771-2064-8570-dbe16cb33764,scene0429_02,10b1793e-3938-2467-8b92-f56541e7ef9e,validation,additional_native_refs,external:data_root/processed/rio/validation/0429_02.npy,True,external:data_root/processed/rio/instance_gt/validation/scene0429_02.txt,True,True
c9fb7aa5-2a5b-2cf7-902e-42a0339c7242,scene0431_00,c9fb7aa5-2a5b-2cf7-902e-42a0339c7242,train,adaptation,external:data_root/processed/rio/train/0431_00.npy,True,external:data_root/processed/rio/instance_gt/train/scene0431_00.txt,True,True
c9fb7aa5-2a5b-2cf7-902e-42a0339c7242,scene0431_01,c9fb7aa7-2a5b-2cf7-916d-d38eeeeda87f,train,adaptation,external:data_root/processed/rio/train/0431_01.npy,True,external:data_root/processed/rio/instance_gt/train/scene0431_01.txt,True,True
cdcaf5c1-ddd8-2ed6-9553-bcaa06ad43da,scene0432_00,cdcaf5c1-ddd8-2ed6-9553-bcaa06ad43da,train,adaptation,external:data_root/processed/rio/train/0432_00.npy,True,external:data_root/processed/rio/instance_gt/train/scene0432_00.txt,True,True
cdcaf5c1-ddd8-2ed6-9553-bcaa06ad43da,scene0432_01,5630cfe9-12bf-2860-840b-7363340dd0c4,train,adaptation,external:data_root/processed/rio/train/0432_01.npy,True,external:data_root/processed/rio/instance_gt/train/scene0432_01.txt,True,True
cdcaf5c1-ddd8-2ed6-9553-bcaa06ad43da,scene0432_02,c2d9934b-1947-2fbf-8133-76cf48000d74,train,adaptation,external:data_root/processed/rio/train/0432_02.npy,True,external:data_root/processed/rio/instance_gt/train/scene0432_02.txt,True,True
cdcaf5c1-ddd8-2ed6-9553-bcaa06ad43da,scene0432_03,10b1793c-3938-2467-897f-85961a4b3677,train,adaptation,external:data_root/processed/rio/train/0432_03.npy,True,external:data_root/processed/rio/instance_gt/train/scene0432_03.txt,True,True
cf00577c-b8f0-2aa8-869e-175d8b655d12,scene0433_00,cf00577c-b8f0-2aa8-869e-175d8b655d12,train,adaptation,external:data_root/processed/rio/train/0433_00.npy,True,external:data_root/processed/rio/instance_gt/train/scene0433_00.txt,True,True
cf00577c-b8f0-2aa8-869e-175d8b655d12,scene0433_01,7f30f36c-42f9-27ed-87c6-23ceb65f1f9b,train,adaptation,external:data_root/processed/rio/train/0433_01.npy,True,external:data_root/processed/rio/instance_gt/train/scene0433_01.txt,True,True
cf00577c-b8f0-2aa8-869e-175d8b655d12,scene0433_02,9766cbfd-6321-2e2f-8348-7da212a30beb,train,adaptation,external:data_root/processed/rio/train/0433_02.npy,True,external:data_root/processed/rio/instance_gt/train/scene0433_02.txt,True,True
cf00577c-b8f0-2aa8-869e-175d8b655d12,scene0433_03,cf00577e-b8f0-2aa8-8751-be34df30341f,train,adaptation,external:data_root/processed/rio/train/0433_03.npy,True,external:data_root/processed/rio/instance_gt/train/scene0433_03.txt,True,True
d63767be-3205-226c-9a89-3a27969053a7,scene0434_00,d63767be-3205-226c-9a89-3a27969053a7,train,adaptation,external:data_root/processed/rio/train/0434_00.npy,True,external:data_root/processed/rio/instance_gt/train/scene0434_00.txt,True,True
d63767be-3205-226c-9a89-3a27969053a7,scene0434_01,d63767bc-3205-226c-9b7c-72e4a9c0a79f,train,adaptation,external:data_root/processed/rio/train/0434_01.npy,True,external:data_root/processed/rio/instance_gt/train/scene0434_01.txt,True,True
d63767be-3205-226c-9a89-3a27969053a7,scene0434_02,1c211552-f201-2d25-87ce-81e360c07b4a,train,adaptation,external:data_root/processed/rio/train/0434_02.npy,True,external:data_root/processed/rio/instance_gt/train/scene0434_02.txt,True,True
d63767c3-3205-226c-98c2-fdccc047d36e,scene0435_00,d63767c3-3205-226c-98c2-fdccc047d36e,train,adaptation,external:data_root/processed/rio/train/0435_00.npy,True,external:data_root/processed/rio/instance_gt/train/scene0435_00.txt,True,True
d63767c3-3205-226c-98c2-fdccc047d36e,scene0435_01,1c21154e-f201-2d25-8794-7746336ad397,train,adaptation,external:data_root/processed/rio/train/0435_01.npy,True,external:data_root/processed/rio/instance_gt/train/scene0435_01.txt,True,True
d63767c3-3205-226c-98c2-fdccc047d36e,scene0435_02,1c211544-f201-2d25-85bb-7569eac370e9,train,adaptation,external:data_root/processed/rio/train/0435_02.npy,True,external:data_root/processed/rio/instance_gt/train/scene0435_02.txt,True,True
d63767c3-3205-226c-98c2-fdccc047d36e,scene0435_03,1c21154c-f201-2d25-875c-01ab18e03231,train,adaptation,external:data_root/processed/rio/train/0435_03.npy,True,external:data_root/processed/rio/instance_gt/train/scene0435_03.txt,True,True
d7d40d39-7a5d-2b36-972e-a7c800ca7bbf,scene0436_00,d7d40d39-7a5d-2b36-972e-a7c800ca7bbf,train,adaptation,external:data_root/processed/rio/train/0436_00.npy,True,external:data_root/processed/rio/instance_gt/train/scene0436_00.txt,True,True
d7d40d39-7a5d-2b36-972e-a7c800ca7bbf,scene0436_01,d7d40d35-7a5d-2b36-9739-6072a7a25907,train,adaptation,external:data_root/processed/rio/train/0436_01.npy,True,external:data_root/processed/rio/instance_gt/train/scene0436_01.txt,True,True
d7d40d39-7a5d-2b36-972e-a7c800ca7bbf,scene0436_02,d7d40d37-7a5d-2b36-97cc-108f3c8e07f9,train,adaptation,external:data_root/processed/rio/train/0436_02.npy,True,external:data_root/processed/rio/instance_gt/train/scene0436_02.txt,True,True
d7d40d3e-7a5d-2b36-97b3-dd11abc0e876,scene0437_00,d7d40d3e-7a5d-2b36-97b3-dd11abc0e876,train,adaptation,external:data_root/processed/rio/train/0437_00.npy,True,external:data_root/processed/rio/instance_gt/train/scene0437_00.txt,True,True
d7d40d3e-7a5d-2b36-97b3-dd11abc0e876,scene0437_01,d7d40d40-7a5d-2b36-977c-4e35fdd5f03a,train,adaptation,external:data_root/processed/rio/train/0437_01.npy,True,external:data_root/processed/rio/instance_gt/train/scene0437_01.txt,True,True
d7d40d3e-7a5d-2b36-97b3-dd11abc0e876,scene0437_02,d7d40d42-7a5d-2b36-9602-71e348ded22e,train,adaptation,external:data_root/processed/rio/train/0437_02.npy,True,external:data_root/processed/rio/instance_gt/train/scene0437_02.txt,True,True
d7d40d48-7a5d-2b36-97ad-692c9b56b508,scene0438_00,d7d40d48-7a5d-2b36-97ad-692c9b56b508,train,adaptation,external:data_root/processed/rio/train/0438_00.npy,True,external:data_root/processed/rio/instance_gt/train/scene0438_00.txt,True,True
d7d40d48-7a5d-2b36-97ad-692c9b56b508,scene0438_01,d7d40d44-7a5d-2b36-96d7-23cb75af862f,train,adaptation,external:data_root/processed/rio/train/0438_01.npy,True,external:data_root/processed/rio/instance_gt/train/scene0438_01.txt,True,True
d7d40d48-7a5d-2b36-97ad-692c9b56b508,scene0438_02,d7d40d46-7a5d-2b36-9734-659bccb1c202,train,adaptation,external:data_root/processed/rio/train/0438_02.npy,True,external:data_root/processed/rio/instance_gt/train/scene0438_02.txt,True,True
d7d40d4e-7a5d-2b36-97e7-34324c52ac42,scene0439_00,d7d40d4e-7a5d-2b36-97e7-34324c52ac42,validation,additional_native_refs,external:data_root/processed/rio/validation/0439_00.npy,True,external:data_root/processed/rio/instance_gt/validation/scene0439_00.txt,True,True
d7d40d4e-7a5d-2b36-97e7-34324c52ac42,scene0439_01,d7d40d4c-7a5d-2b36-95c1-5f6c9147caf0,validation,additional_native_refs,external:data_root/processed/rio/validation/0439_01.npy,True,external:data_root/processed/rio/instance_gt/validation/scene0439_01.txt,True,True
d7d40d4e-7a5d-2b36-97e7-34324c52ac42,scene0439_02,d7d40d50-7a5d-2b36-9446-7d636174329f,validation,additional_native_refs,external:data_root/processed/rio/validation/0439_02.npy,True,external:data_root/processed/rio/instance_gt/validation/scene0439_02.txt,True,True
d7d40d5c-7a5d-2b36-9433-ee98b893988d,scene0441_00,d7d40d5c-7a5d-2b36-9433-ee98b893988d,train,adaptation,external:data_root/processed/rio/train/0441_00.npy,True,external:data_root/processed/rio/instance_gt/train/scene0441_00.txt,True,True
d7d40d5c-7a5d-2b36-9433-ee98b893988d,scene0441_01,d7d40d56-7a5d-2b36-970b-9aad70998d20,train,adaptation,external:data_root/processed/rio/train/0441_01.npy,True,external:data_root/processed/rio/instance_gt/train/scene0441_01.txt,True,True
d7d40d5c-7a5d-2b36-9433-ee98b893988d,scene0441_02,0f2f2723-b736-2f71-8c94-f692cca76661,train,adaptation,external:data_root/processed/rio/train/0441_02.npy,True,external:data_root/processed/rio/instance_gt/train/scene0441_02.txt,True,True
d7d40d62-7a5d-2b36-955e-86a394caeabb,scene0442_00,d7d40d62-7a5d-2b36-955e-86a394caeabb,train,adaptation,external:data_root/processed/rio/train/0442_00.npy,True,external:data_root/processed/rio/instance_gt/train/scene0442_00.txt,True,True
d7d40d62-7a5d-2b36-955e-86a394caeabb,scene0442_01,4a9a43eb-7736-2874-862e-a4c23d88831f,train,adaptation,external:data_root/processed/rio/train/0442_01.npy,True,external:data_root/processed/rio/instance_gt/train/scene0442_01.txt,True,True
d7d40d62-7a5d-2b36-955e-86a394caeabb,scene0442_02,5555106a-36f1-29c0-8913-df1ba3c3cfd5,train,adaptation,external:data_root/processed/rio/train/0442_02.npy,True,external:data_root/processed/rio/instance_gt/train/scene0442_02.txt,True,True
d7d40d62-7a5d-2b36-955e-86a394caeabb,scene0442_03,d7d40d60-7a5d-2b36-9573-5d5fe8bae949,train,adaptation,external:data_root/processed/rio/train/0442_03.npy,True,external:data_root/processed/rio/instance_gt/train/scene0442_03.txt,True,True
d7d40d62-7a5d-2b36-955e-86a394caeabb,scene0442_04,7ab2a9c5-ebc6-2056-89c7-920e98f0cf5a,train,adaptation,external:data_root/processed/rio/train/0442_04.npy,True,external:data_root/processed/rio/instance_gt/train/scene0442_04.txt,True,True
d7d40d6c-7a5d-2b36-9674-c435fa58a2d1,scene0443_00,d7d40d6c-7a5d-2b36-9674-c435fa58a2d1,train,adaptation,external:data_root/processed/rio/train/0443_00.npy,True,external:data_root/processed/rio/instance_gt/train/scene0443_00.txt,True,True
d7d40d6c-7a5d-2b36-9674-c435fa58a2d1,scene0443_01,d7d40d6a-7a5d-2b36-954e-6faa597aea5f,train,adaptation,external:data_root/processed/rio/train/0443_01.npy,True,external:data_root/processed/rio/instance_gt/train/scene0443_01.txt,True,True
d7d40d6c-7a5d-2b36-9674-c435fa58a2d1,scene0443_02,d7d40d6e-7a5d-2b36-9548-8c19e9b50063,train,adaptation,external:data_root/processed/rio/train/0443_02.npy,True,external:data_root/processed/rio/instance_gt/train/scene0443_02.txt,True,True
d9725be1-7513-2d91-8723-770169ff5b75,scene0444_00,d9725be1-7513-2d91-8723-770169ff5b75,train,adaptation,external:data_root/processed/rio/train/0444_00.npy,True,external:data_root/processed/rio/instance_gt/train/scene0444_00.txt,True,True
d9725be1-7513-2d91-8723-770169ff5b75,scene0444_01,d9725be3-7513-2d91-853f-22df440e48a3,train,adaptation,external:data_root/processed/rio/train/0444_01.npy,True,external:data_root/processed/rio/instance_gt/train/scene0444_01.txt,True,True
d9725be1-7513-2d91-8723-770169ff5b75,scene0444_02,baf0a8f8-26d4-2033-8af4-9d0603924ce1,train,adaptation,external:data_root/processed/rio/train/0444_02.npy,True,external:data_root/processed/rio/instance_gt/train/scene0444_02.txt,True,True
d9725be1-7513-2d91-8723-770169ff5b75,scene0444_03,baf0a8fb-26d4-2033-8a28-2001356bbb9a,train,adaptation,external:data_root/processed/rio/train/0444_03.npy,True,external:data_root/processed/rio/instance_gt/train/scene0444_03.txt,True,True
d9725be1-7513-2d91-8723-770169ff5b75,scene0444_04,d9725be5-7513-2d91-8518-d324d081f19c,train,adaptation,external:data_root/processed/rio/train/0444_04.npy,True,external:data_root/processed/rio/instance_gt/train/scene0444_04.txt,True,True
dbeb4cee-faf9-2324-991e-79c1f7e0b908,scene0445_00,dbeb4cee-faf9-2324-991e-79c1f7e0b908,train,adaptation,external:data_root/processed/rio/train/0445_00.npy,True,external:data_root/processed/rio/instance_gt/train/scene0445_00.txt,True,True
dbeb4cee-faf9-2324-991e-79c1f7e0b908,scene0445_01,2451c046-fae8-24f6-91fb-c25185c51c7b,train,adaptation,external:data_root/processed/rio/train/0445_01.npy,True,external:data_root/processed/rio/instance_gt/train/scene0445_01.txt,True,True
dbeb4d09-faf9-2324-9b85-dabd70dba4d0,scene0446_00,dbeb4d09-faf9-2324-9b85-dabd70dba4d0,train,adaptation,external:data_root/processed/rio/train/0446_00.npy,True,external:data_root/processed/rio/instance_gt/train/scene0446_00.txt,True,True
dbeb4d09-faf9-2324-9b85-dabd70dba4d0,scene0446_01,0cac761d-8d6f-2d13-8f35-2364ee20f2a9,train,adaptation,external:data_root/processed/rio/train/0446_01.npy,True,external:data_root/processed/rio/instance_gt/train/scene0446_01.txt,True,True
dbeb4d09-faf9-2324-9b85-dabd70dba4d0,scene0446_02,0cac761f-8d6f-2d13-8c29-90f19c5f65c6,train,adaptation,external:data_root/processed/rio/train/0446_02.npy,True,external:data_root/processed/rio/instance_gt/train/scene0446_02.txt,True,True
dbeb4d1b-faf9-2324-9ac8-cbad7aa51d12,scene0447_00,dbeb4d1b-faf9-2324-9ac8-cbad7aa51d12,train,adaptation,external:data_root/processed/rio/train/0447_00.npy,True,external:data_root/processed/rio/instance_gt/train/scene0447_00.txt,True,True
dbeb4d1b-faf9-2324-9ac8-cbad7aa51d12,scene0447_01,0cac765e-8d6f-2d13-8d01-8f28e99c016c,train,adaptation,external:data_root/processed/rio/train/0447_01.npy,True,external:data_root/processed/rio/instance_gt/train/scene0447_01.txt,True,True
dbeb4d1b-faf9-2324-9ac8-cbad7aa51d12,scene0447_02,0cac7660-8d6f-2d13-8ecb-3e29d78a7718,train,adaptation,external:data_root/processed/rio/train/0447_02.npy,True,external:data_root/processed/rio/instance_gt/train/scene0447_02.txt,True,True
dc42b37a-8d5c-2d2a-84dd-83aff10e0abe,scene0448_00,dc42b37a-8d5c-2d2a-84dd-83aff10e0abe,train,adaptation,external:data_root/processed/rio/train/0448_00.npy,True,external:data_root/processed/rio/instance_gt/train/scene0448_00.txt,True,True
dc42b37a-8d5c-2d2a-84dd-83aff10e0abe,scene0448_01,0cac754d-8d6f-2d13-8c81-d134a19b0045,train,adaptation,external:data_root/processed/rio/train/0448_01.npy,True,external:data_root/processed/rio/instance_gt/train/scene0448_01.txt,True,True
ddc73797-765b-241a-9e2c-097c5989baf6,scene0449_00,ddc73797-765b-241a-9e2c-097c5989baf6,validation,protocol_b_final,external:data_root/processed/rio/validation/0449_00.npy,True,external:data_root/processed/rio/instance_gt/validation/scene0449_00.txt,True,True
ddc73797-765b-241a-9e2c-097c5989baf6,scene0449_01,2451c048-fae8-24f6-9043-f1604dbada2c,validation,protocol_b_final,external:data_root/processed/rio/validation/0449_01.npy,True,external:data_root/processed/rio/instance_gt/validation/scene0449_01.txt,True,True
ddc73797-765b-241a-9e2c-097c5989baf6,scene0449_02,ddc7379b-765b-241a-9f45-c37e41608726,validation,protocol_b_final,external:data_root/processed/rio/validation/0449_02.npy,True,external:data_root/processed/rio/instance_gt/validation/scene0449_02.txt,True,True
ddc73797-765b-241a-9e2c-097c5989baf6,scene0449_03,ddc73799-765b-241a-9c30-f75dcb7627d4,validation,protocol_b_final,external:data_root/processed/rio/validation/0449_03.npy,True,external:data_root/processed/rio/instance_gt/validation/scene0449_03.txt,True,True
ddc73797-765b-241a-9e2c-097c5989baf6,scene0449_04,0cac75b7-8d6f-2d13-8cb2-0b4e06913140,validation,protocol_b_final,external:data_root/processed/rio/validation/0449_04.npy,True,external:data_root/processed/rio/instance_gt/validation/scene0449_04.txt,True,True
ddc73797-765b-241a-9e2c-097c5989baf6,scene0449_05,c7895f07-339c-2d13-8176-7418b6e8d7ce,validation,protocol_b_final,external:data_root/processed/rio/validation/0449_05.npy,True,external:data_root/processed/rio/instance_gt/validation/scene0449_05.txt,True,True
ddc737a5-765b-241a-9cd2-c6e7a89aa43d,scene0451_00,ddc737a5-765b-241a-9cd2-c6e7a89aa43d,train,adaptation,external:data_root/processed/rio/train/0451_00.npy,True,external:data_root/processed/rio/instance_gt/train/scene0451_00.txt,True,True
ddc737a5-765b-241a-9cd2-c6e7a89aa43d,scene0451_01,ddc737a3-765b-241a-9c99-f98a3c126686,train,adaptation,external:data_root/processed/rio/train/0451_01.npy,True,external:data_root/processed/rio/instance_gt/train/scene0451_01.txt,True,True
ddc737a7-765b-241a-9f27-0958b929deb5,scene0452_00,ddc737a7-765b-241a-9f27-0958b929deb5,train,adaptation,external:data_root/processed/rio/train/0452_00.npy,True,external:data_root/processed/rio/instance_gt/train/scene0452_00.txt,True,True
ddc737a7-765b-241a-9f27-0958b929deb5,scene0452_01,ddc737a9-765b-241a-9dd7-bf14079f4804,train,adaptation,external:data_root/processed/rio/train/0452_01.npy,True,external:data_root/processed/rio/instance_gt/train/scene0452_01.txt,True,True
ddc737a7-765b-241a-9f27-0958b929deb5,scene0452_02,ddc737ab-765b-241a-9c5d-cf3cd8838f28,train,adaptation,external:data_root/processed/rio/train/0452_02.npy,True,external:data_root/processed/rio/instance_gt/train/scene0452_02.txt,True,True
ddc737ad-765b-241a-9d9f-1f19fab18318,scene0453_00,ddc737ad-765b-241a-9d9f-1f19fab18318,train,adaptation,external:data_root/processed/rio/train/0453_00.npy,True,external:data_root/processed/rio/instance_gt/train/scene0453_00.txt,True,True
ddc737ad-765b-241a-9d9f-1f19fab18318,scene0453_01,ddc737af-765b-241a-9ea5-0a02dc0876f2,train,adaptation,external:data_root/processed/rio/train/0453_01.npy,True,external:data_root/processed/rio/instance_gt/train/scene0453_01.txt,True,True
ddc737b1-765b-241a-9c21-a4e2674b2853,scene0454_00,ddc737b1-765b-241a-9c21-a4e2674b2853,train,adaptation,external:data_root/processed/rio/train/0454_00.npy,True,external:data_root/processed/rio/instance_gt/train/scene0454_00.txt,True,True
ddc737b1-765b-241a-9c21-a4e2674b2853,scene0454_01,b05fdd5a-fca0-2d4f-89fd-d54bd26a115b,train,adaptation,external:data_root/processed/rio/train/0454_01.npy,True,external:data_root/processed/rio/instance_gt/train/scene0454_01.txt,True,True
ddc737b1-765b-241a-9c21-a4e2674b2853,scene0454_02,b05fdd58-fca0-2d4f-8bd7-e80abe1ddb4c,train,adaptation,external:data_root/processed/rio/train/0454_02.npy,True,external:data_root/processed/rio/instance_gt/train/scene0454_02.txt,True,True
ddc737b1-765b-241a-9c21-a4e2674b2853,scene0454_03,ddc737b3-765b-241a-9c35-6b7662c04fc9,train,adaptation,external:data_root/processed/rio/train/0454_03.npy,True,external:data_root/processed/rio/instance_gt/train/scene0454_03.txt,True,True
ddc737b1-765b-241a-9c21-a4e2674b2853,scene0454_04,ddc737b5-765b-241a-9efa-a3356768562d,train,adaptation,external:data_root/processed/rio/train/0454_04.npy,True,external:data_root/processed/rio/instance_gt/train/scene0454_04.txt,True,True
def7fbc1-48c2-2895-91d9-cb5e6f3e3589,scene0455_00,def7fbc1-48c2-2895-91d9-cb5e6f3e3589,train,adaptation,external:data_root/processed/rio/train/0455_00.npy,True,external:data_root/processed/rio/instance_gt/train/scene0455_00.txt,True,True
def7fbc1-48c2-2895-91d9-cb5e6f3e3589,scene0455_01,def7fbb9-48c2-2895-9249-16ce01ca2e59,train,adaptation,external:data_root/processed/rio/train/0455_01.npy,True,external:data_root/processed/rio/instance_gt/train/scene0455_01.txt,True,True
e3004a81-9f2a-2778-874e-fa76b0e67096,scene0456_00,e3004a81-9f2a-2778-874e-fa76b0e67096,train,adaptation,external:data_root/processed/rio/train/0456_00.npy,True,external:data_root/processed/rio/instance_gt/train/scene0456_00.txt,True,True
e3004a81-9f2a-2778-874e-fa76b0e67096,scene0456_01,8e0f1c53-9e28-2339-8588-2b24d9e9f3e8,train,adaptation,external:data_root/processed/rio/train/0456_01.npy,True,external:data_root/processed/rio/instance_gt/train/scene0456_01.txt,True,True
e44d238f-52a2-2879-88ec-e383a4d9abf3,scene0457_00,e44d238f-52a2-2879-88ec-e383a4d9abf3,train,adaptation,external:data_root/processed/rio/train/0457_00.npy,True,external:data_root/processed/rio/instance_gt/train/scene0457_00.txt,True,True
e44d238f-52a2-2879-88ec-e383a4d9abf3,scene0457_01,e44d238c-52a2-2879-89d9-a29ba04436e0,train,adaptation,external:data_root/processed/rio/train/0457_01.npy,True,external:data_root/processed/rio/instance_gt/train/scene0457_01.txt,True,True
e48c48f4-8b2f-2858-88c2-fd5e4c33f5b8,scene0458_00,e48c48f4-8b2f-2858-88c2-fd5e4c33f5b8,train,adaptation,external:data_root/processed/rio/train/0458_00.npy,True,external:data_root/processed/rio/instance_gt/train/scene0458_00.txt,True,True
e48c48f4-8b2f-2858-88c2-fd5e4c33f5b8,scene0458_01,e48c48f8-8b2f-2858-89d1-36e9b49a06b0,train,adaptation,external:data_root/processed/rio/train/0458_01.npy,True,external:data_root/processed/rio/instance_gt/train/scene0458_01.txt,True,True
e48c48f4-8b2f-2858-88c2-fd5e4c33f5b8,scene0458_02,e48c48fb-8b2f-2858-890d-fb49b3db5573,train,adaptation,external:data_root/processed/rio/train/0458_02.npy,True,external:data_root/processed/rio/instance_gt/train/scene0458_02.txt,True,True
e61b0e04-bada-2f31-82d6-72831a602ba7,scene0459_00,e61b0e04-bada-2f31-82d6-72831a602ba7,validation,additional_native_refs,external:data_root/processed/rio/validation/0459_00.npy,True,external:data_root/processed/rio/instance_gt/validation/scene0459_00.txt,True,True
e61b0e04-bada-2f31-82d6-72831a602ba7,scene0459_01,e61b0e02-bada-2f31-82d0-80fc5c70bd6f,validation,additional_native_refs,external:data_root/processed/rio/validation/0459_01.npy,True,external:data_root/processed/rio/instance_gt/validation/scene0459_01.txt,True,True
ebc42044-82a4-2113-8789-1c8c8bb7cbcd,scene0461_00,ebc42044-82a4-2113-8789-1c8c8bb7cbcd,train,adaptation,external:data_root/processed/rio/train/0461_00.npy,True,external:data_root/processed/rio/instance_gt/train/scene0461_00.txt,True,True
ebc42044-82a4-2113-8789-1c8c8bb7cbcd,scene0461_01,ebc4204c-82a4-2113-85cb-529a884b1629,train,adaptation,external:data_root/processed/rio/train/0461_01.npy,True,external:data_root/processed/rio/instance_gt/train/scene0461_01.txt,True,True
ebc42044-82a4-2113-8789-1c8c8bb7cbcd,scene0461_02,ebc4204e-82a4-2113-8726-a494a47ce349,train,adaptation,external:data_root/processed/rio/train/0461_02.npy,True,external:data_root/processed/rio/instance_gt/train/scene0461_02.txt,True,True
eee5b056-ee2d-28f4-9bbe-f7ddf37895a6,scene0462_00,eee5b056-ee2d-28f4-9bbe-f7ddf37895a6,train,adaptation,external:data_root/processed/rio/train/0462_00.npy,True,external:data_root/processed/rio/instance_gt/train/scene0462_00.txt,True,True
eee5b056-ee2d-28f4-9bbe-f7ddf37895a6,scene0462_01,eee5b052-ee2d-28f4-99fd-c3c5380db25e,train,adaptation,external:data_root/processed/rio/train/0462_01.npy,True,external:data_root/processed/rio/instance_gt/train/scene0462_01.txt,True,True
f38169c7-378c-2a65-8543-3c7481e856fe,scene0463_00,f38169c7-378c-2a65-8543-3c7481e856fe,train,adaptation,external:data_root/processed/rio/train/0463_00.npy,True,external:data_root/processed/rio/instance_gt/train/scene0463_00.txt,True,True
f38169c7-378c-2a65-8543-3c7481e856fe,scene0463_01,0a4b8ef6-a83a-21f2-8672-dce34dd0d7ca,train,adaptation,external:data_root/processed/rio/train/0463_01.npy,True,external:data_root/processed/rio/instance_gt/train/scene0463_01.txt,True,True
f38169c7-378c-2a65-8543-3c7481e856fe,scene0463_02,f38169cf-378c-2a65-855f-05d491a3f26e,train,adaptation,external:data_root/processed/rio/train/0463_02.npy,True,external:data_root/processed/rio/instance_gt/train/scene0463_02.txt,True,True
f4f31600-8408-2255-971c-b8c20605563a,scene0464_00,f4f31600-8408-2255-971c-b8c20605563a,train,adaptation,external:data_root/processed/rio/train/0464_00.npy,True,external:data_root/processed/rio/instance_gt/train/scene0464_00.txt,True,True
f4f31600-8408-2255-971c-b8c20605563a,scene0464_01,1d2f851a-d757-207c-8faa-3625b6dda1e5,train,adaptation,external:data_root/processed/rio/train/0464_01.npy,True,external:data_root/processed/rio/instance_gt/train/scene0464_01.txt,True,True
f4f31600-8408-2255-971c-b8c20605563a,scene0464_02,10b1796b-3938-2467-88bc-c224c21bc91c,train,adaptation,external:data_root/processed/rio/train/0464_02.npy,True,external:data_root/processed/rio/instance_gt/train/scene0464_02.txt,True,True
f62fd5f4-9a3f-2f44-8b81-246b93170189,scene0465_00,f62fd5f4-9a3f-2f44-8b81-246b93170189,train,adaptation,external:data_root/processed/rio/train/0465_00.npy,True,external:data_root/processed/rio/instance_gt/train/scene0465_00.txt,True,True
f62fd5f4-9a3f-2f44-8b81-246b93170189,scene0465_01,87e6cf6b-9d1a-289f-866c-b90904d9487d,train,adaptation,external:data_root/processed/rio/train/0465_01.npy,True,external:data_root/processed/rio/instance_gt/train/scene0465_01.txt,True,True
f62fd5f4-9a3f-2f44-8b81-246b93170189,scene0465_02,a090600c-66f7-2272-9d26-5a98b70d30c5,train,adaptation,external:data_root/processed/rio/train/0465_02.npy,True,external:data_root/processed/rio/instance_gt/train/scene0465_02.txt,True,True
f62fd5f8-9a3f-2f44-8b1e-1289a3a61e26,scene0466_00,f62fd5f8-9a3f-2f44-8b1e-1289a3a61e26,train,adaptation,external:data_root/processed/rio/train/0466_00.npy,True,external:data_root/processed/rio/instance_gt/train/scene0466_00.txt,True,True
f62fd5f8-9a3f-2f44-8b1e-1289a3a61e26,scene0466_01,20c9939d-698f-29c5-85c6-3c618e00061f,train,adaptation,external:data_root/processed/rio/train/0466_01.npy,True,external:data_root/processed/rio/instance_gt/train/scene0466_01.txt,True,True
f62fd5f8-9a3f-2f44-8b1e-1289a3a61e26,scene0466_02,20c9939f-698f-29c5-86fa-653fe33ff6fc,train,adaptation,external:data_root/processed/rio/train/0466_02.npy,True,external:data_root/processed/rio/instance_gt/train/scene0466_02.txt,True,True
f62fd5fd-9a3f-2f44-883a-1e5cf819608e,scene0467_00,f62fd5fd-9a3f-2f44-883a-1e5cf819608e,train,adaptation,external:data_root/processed/rio/train/0467_00.npy,True,external:data_root/processed/rio/instance_gt/train/scene0467_00.txt,True,True
f62fd5fd-9a3f-2f44-883a-1e5cf819608e,scene0467_01,74ef8470-9dce-2d66-8339-4b51b8406cef,train,adaptation,external:data_root/processed/rio/train/0467_01.npy,True,external:data_root/processed/rio/instance_gt/train/scene0467_01.txt,True,True
f62fd5fd-9a3f-2f44-883a-1e5cf819608e,scene0467_02,74ef8474-9dce-2d66-82e5-309429937089,train,adaptation,external:data_root/processed/rio/train/0467_02.npy,True,external:data_root/processed/rio/instance_gt/train/scene0467_02.txt,True,True
f62fd5fd-9a3f-2f44-883a-1e5cf819608e,scene0467_03,20c993a5-698f-29c5-8565-40e064af0fc4,train,adaptation,external:data_root/processed/rio/train/0467_03.npy,True,external:data_root/processed/rio/instance_gt/train/scene0467_03.txt,True,True
f62fd5ff-9a3f-2f44-894c-462b3997d695,scene0468_00,f62fd5ff-9a3f-2f44-894c-462b3997d695,train,adaptation,external:data_root/processed/rio/train/0468_00.npy,True,external:data_root/processed/rio/instance_gt/train/scene0468_00.txt,True,True
f62fd5ff-9a3f-2f44-894c-462b3997d695,scene0468_01,352e9c55-69fb-27a7-8bac-3b46e5b77c10,train,adaptation,external:data_root/processed/rio/train/0468_01.npy,True,external:data_root/processed/rio/instance_gt/train/scene0468_01.txt,True,True
fcf66d7b-622d-291c-86b8-7db96aebcee3,scene0469_00,fcf66d7b-622d-291c-86b8-7db96aebcee3,validation,additional_native_refs,external:data_root/processed/rio/validation/0469_00.npy,True,external:data_root/processed/rio/instance_gt/validation/scene0469_00.txt,True,True
fcf66d7b-622d-291c-86b8-7db96aebcee3,scene0469_01,787ed58c-9d98-2c97-83b9-b48a609ace15,validation,additional_native_refs,external:data_root/processed/rio/validation/0469_01.npy,True,external:data_root/processed/rio/instance_gt/validation/scene0469_01.txt,True,True
fcf66d94-622d-291c-85fc-284b68d64c81,scene0471_00,fcf66d94-622d-291c-85fc-284b68d64c81,train,adaptation,external:data_root/processed/rio/train/0471_00.npy,True,external:data_root/processed/rio/instance_gt/train/scene0471_00.txt,True,True
fcf66d94-622d-291c-85fc-284b68d64c81,scene0471_01,fcf66d98-622d-291c-851a-a16c117a91bb,train,adaptation,external:data_root/processed/rio/train/0471_01.npy,True,external:data_root/processed/rio/instance_gt/train/scene0471_01.txt,True,True
fcf66d94-622d-291c-85fc-284b68d64c81,scene0471_02,fcf66d96-622d-291c-842c-836d61a13779,train,adaptation,external:data_root/processed/rio/train/0471_02.npy,True,external:data_root/processed/rio/instance_gt/train/scene0471_02.txt,True,True
fcf66d94-622d-291c-85fc-284b68d64c81,scene0471_03,fcf66d82-622d-291c-87be-78d421381146,train,adaptation,external:data_root/processed/rio/train/0471_03.npy,True,external:data_root/processed/rio/instance_gt/train/scene0471_03.txt,True,True
fcf66da6-622d-291c-8685-46cd96a8af4e,scene0472_00,fcf66da6-622d-291c-8685-46cd96a8af4e,train,adaptation,external:data_root/processed/rio/train/0472_00.npy,True,external:data_root/processed/rio/instance_gt/train/scene0472_00.txt,True,True
fcf66da6-622d-291c-8685-46cd96a8af4e,scene0472_01,fcf66da8-622d-291c-8565-c44cf20e39b9,train,adaptation,external:data_root/processed/rio/train/0472_01.npy,True,external:data_root/processed/rio/instance_gt/train/scene0472_01.txt,True,True
fcf66da6-622d-291c-8685-46cd96a8af4e,scene0472_02,fcf66da4-622d-291c-8642-c11ea83a329c,train,adaptation,external:data_root/processed/rio/train/0472_02.npy,True,external:data_root/processed/rio/instance_gt/train/scene0472_02.txt,True,True
fcf66da6-622d-291c-8685-46cd96a8af4e,scene0472_03,170725d4-9f1b-2d87-812a-b126916caa9f,train,adaptation,external:data_root/processed/rio/train/0472_03.npy,True,external:data_root/processed/rio/instance_gt/train/scene0472_03.txt,True,True
fcf66da6-622d-291c-8685-46cd96a8af4e,scene0472_04,170725d2-9f1b-2d87-803b-c3210c0d30ff,train,adaptation,external:data_root/processed/rio/train/0472_04.npy,True,external:data_root/processed/rio/instance_gt/train/scene0472_04.txt,True,True
fcf66daa-622d-291c-8548-a1163ee299b4,scene0473_00,fcf66daa-622d-291c-8548-a1163ee299b4,train,adaptation,external:data_root/processed/rio/train/0473_00.npy,True,external:data_root/processed/rio/instance_gt/train/scene0473_00.txt,True,True
fcf66daa-622d-291c-8548-a1163ee299b4,scene0473_01,787ed58a-9d98-2c97-826e-8e98355c30d7,train,adaptation,external:data_root/processed/rio/train/0473_01.npy,True,external:data_root/processed/rio/instance_gt/train/scene0473_01.txt,True,True
fcf66daa-622d-291c-8548-a1163ee299b4,scene0473_02,787ed580-9d98-2c97-8167-6d3b445da2c0,train,adaptation,external:data_root/processed/rio/train/0473_02.npy,True,external:data_root/processed/rio/instance_gt/train/scene0473_02.txt,True,True
fcf66daa-622d-291c-8548-a1163ee299b4,scene0473_03,fcf66d7d-622d-291c-8542-f708b096b45f,train,adaptation,external:data_root/processed/rio/train/0473_03.npy,True,external:data_root/processed/rio/instance_gt/train/scene0473_03.txt,True,True
fcf66dac-622d-291c-8542-d108fb4a91f5,scene0474_00,fcf66dac-622d-291c-8542-d108fb4a91f5,train,adaptation,external:data_root/processed/rio/train/0474_00.npy,True,external:data_root/processed/rio/instance_gt/train/scene0474_00.txt,True,True
fcf66dac-622d-291c-8542-d108fb4a91f5,scene0474_01,fcf66db0-622d-291c-8734-2a41fae7deb2,train,adaptation,external:data_root/processed/rio/train/0474_01.npy,True,external:data_root/processed/rio/instance_gt/train/scene0474_01.txt,True,True
fcf66dac-622d-291c-8542-d108fb4a91f5,scene0474_02,fcf66dae-622d-291c-862d-dc03f6f1d562,train,adaptation,external:data_root/processed/rio/train/0474_02.npy,True,external:data_root/processed/rio/instance_gt/train/scene0474_02.txt,True,True
fcf66db2-622d-291c-8493-4f2517282f3f,scene0475_00,fcf66db2-622d-291c-8493-4f2517282f3f,train,adaptation,external:data_root/processed/rio/train/0475_00.npy,True,external:data_root/processed/rio/instance_gt/train/scene0475_00.txt,True,True
fcf66db2-622d-291c-8493-4f2517282f3f,scene0475_01,fcf66db8-622d-291c-8502-863b391b9ef1,train,adaptation,external:data_root/processed/rio/train/0475_01.npy,True,external:data_root/processed/rio/instance_gt/train/scene0475_01.txt,True,True
fcf66db2-622d-291c-8493-4f2517282f3f,scene0475_02,fcf66db6-622d-291c-8740-9e40c21de689,train,adaptation,external:data_root/processed/rio/train/0475_02.npy,True,external:data_root/processed/rio/instance_gt/train/scene0475_02.txt,True,True
fcf66db2-622d-291c-8493-4f2517282f3f,scene0475_03,fcf66db4-622d-291c-8720-d0a6bbd17846,train,adaptation,external:data_root/processed/rio/train/0475_03.npy,True,external:data_root/processed/rio/instance_gt/train/scene0475_03.txt,True,True
fcf66dba-622d-291c-8537-1ab5313bc52a,scene0476_00,fcf66dba-622d-291c-8537-1ab5313bc52a,train,adaptation,external:data_root/processed/rio/train/0476_00.npy,True,external:data_root/processed/rio/instance_gt/train/scene0476_00.txt,True,True
fcf66dba-622d-291c-8537-1ab5313bc52a,scene0476_01,fcf66dbe-622d-291c-8790-49f1fe8a02e5,train,adaptation,external:data_root/processed/rio/train/0476_01.npy,True,external:data_root/processed/rio/instance_gt/train/scene0476_01.txt,True,True
fcf66dba-622d-291c-8537-1ab5313bc52a,scene0476_02,fcf66dbc-622d-291c-8481-6e8761c93e21,train,adaptation,external:data_root/processed/rio/train/0476_02.npy,True,external:data_root/processed/rio/instance_gt/train/scene0476_02.txt,True,True
feefd90b-9d00-2ce5-8119-b936443cc39b,scene0477_00,feefd90b-9d00-2ce5-8119-b936443cc39b,train,adaptation,external:data_root/processed/rio/train/0477_00.npy,True,external:data_root/processed/rio/instance_gt/train/scene0477_00.txt,True,True
feefd90b-9d00-2ce5-8119-b936443cc39b,scene0477_01,787ed590-9d98-2c97-80db-89baaa605049,train,adaptation,external:data_root/processed/rio/train/0477_01.npy,True,external:data_root/processed/rio/instance_gt/train/scene0477_01.txt,True,True
