tracker,score_reducer,reference_scene_id,order_id,horizon,sequence_count,causal_prefix_t_mAP,causal_prefix_t_mAP50,causal_prefix_t_mAP25,causal_prefix_t_REC,causal_prefix_t_REC50,causal_prefix_t_REC25,trajectory_current_slice_AP,trajectory_current_slice_AP50,trajectory_current_slice_AP25,trajectory_current_slice_REC,local_current_AP,local_current_AP50,local_current_AP25,local_current_REC,inference_unit
B2,latest,10b17940-3938-2467-8a7a-958300ba83d3,canonical,2,10,0.3624708950519562,0.5286058783531189,0.5542689561843872,0.5463483929634094,0.6961400508880615,0.7262986898422241,0.556598961353302,0.7414668202400208,0.7678972482681274,0.7352715730667114,0.556598961353302,0.7414668202400208,0.7678972482681274,0.7352715730667114,reference_scene_id
B2,latest,137a8158-1db5-2cc0-8003-31c12610471e,canonical,2,12,0.273318886756897,0.46149054169654846,0.528888463973999,0.42203962802886963,0.5948969125747681,0.6485943794250488,0.43916022777557373,0.6590098142623901,0.756643533706665,0.5646557807922363,0.43916022777557373,0.6590098142623901,0.756643533706665,0.5646557807922363,reference_scene_id
B2,latest,280d8ebb-6cc6-2788-9153-98959a2da801,canonical,2,5,0.3172210454940796,0.5130375027656555,0.6243455410003662,0.36858969926834106,0.573693037033081,0.6931288838386536,0.5483886003494263,0.7878963947296143,0.9180539846420288,0.6228996515274048,0.5483886003494263,0.7878963947296143,0.9180539846420288,0.6228996515274048,reference_scene_id
B2,latest,5630cfcf-12bf-2860-8784-83d28a611a83,canonical,2,5,0.25014087557792664,0.38229188323020935,0.6649087071418762,0.3203703463077545,0.4888888895511627,0.7777777910232544,0.4240644872188568,0.6305913329124451,0.8853012919425964,0.5172839760780334,0.4240644872188568,0.6305913329124451,0.8853012919425964,0.5172839760780334,reference_scene_id
B2,latest,8eabc45f-5af7-2f32-8528-640861d2a135,canonical,2,5,0.26915135979652405,0.36500319838523865,0.5514289140701294,0.4538649916648865,0.6193958520889282,0.7599116563796997,0.512006402015686,0.6815729141235352,0.8832219839096069,0.58858722448349,0.512006402015686,0.6815729141235352,0.8832219839096069,0.58858722448349,reference_scene_id
B2,latest,ddc73797-765b-241a-9e2c-097c5989baf6,canonical,2,6,0.17445515096187592,0.335271954536438,0.44791561365127563,0.2704974114894867,0.4594576060771942,0.6059186458587646,0.3218107521533966,0.5354750156402588,0.6925543546676636,0.4312182664871216,0.3218107521533966,0.5354750156402588,0.6925543546676636,0.4312182664871216,reference_scene_id
B2,latest,10b17940-3938-2467-8a7a-958300ba83d3,canonical,3,10,0.24400252103805542,0.3430399000644684,0.3477371633052826,0.435933381319046,0.5569023489952087,0.5741863250732422,0.5380901098251343,0.7222356796264648,0.7486612200737,0.7352715730667114,0.556598961353302,0.7414668202400208,0.7678972482681274,0.7352715730667114,reference_scene_id
B2,latest,137a8158-1db5-2cc0-8003-31c12610471e,canonical,3,12,0.11473490297794342,0.20390677452087402,0.25945478677749634,0.27776896953582764,0.3952809274196625,0.43868371844291687,0.43916022777557373,0.6590098142623901,0.756643533706665,0.5646557807922363,0.43916022777557373,0.6590098142623901,0.756643533706665,0.5646557807922363,reference_scene_id
B2,latest,280d8ebb-6cc6-2788-9153-98959a2da801,canonical,3,5,0.25957462191581726,0.4307507276535034,0.5437416434288025,0.30323076248168945,0.4910539388656616,0.5913235545158386,0.5483886003494263,0.7878963947296143,0.9180539846420288,0.6228996515274048,0.5483886003494263,0.7878963947296143,0.9180539846420288,0.6228996515274048,reference_scene_id
B2,latest,5630cfcf-12bf-2860-8784-83d28a611a83,canonical,3,5,0.20995883643627167,0.3459259271621704,0.6427513957023621,0.24938271939754486,0.4000000059604645,0.7111111283302307,0.4240644872188568,0.6305913329124451,0.8853012919425964,0.5172839760780334,0.4240644872188568,0.6305913329124451,0.8853012919425964,0.5172839760780334,reference_scene_id
B2,latest,8eabc45f-5af7-2f32-8528-640861d2a135,canonical,3,5,0.11730894446372986,0.1640075296163559,0.3242320418357849,0.30884531140327454,0.40849927067756653,0.5461416840553284,0.5113039016723633,0.6789547204971313,0.8800172209739685,0.586394190788269,0.512006402015686,0.6815729141235352,0.8832219839096069,0.58858722448349,reference_scene_id
B2,latest,ddc73797-765b-241a-9e2c-097c5989baf6,canonical,3,6,0.07836738973855972,0.16693590581417084,0.2577216923236847,0.18101079761981964,0.3175208568572998,0.43335941433906555,0.3218107521533966,0.5354750156402588,0.6925543546676636,0.4312182664871216,0.3218107521533966,0.5354750156402588,0.6925543546676636,0.4312182664871216,reference_scene_id
B2,latest,10b17940-3938-2467-8a7a-958300ba83d3,canonical,4,10,0.15205010771751404,0.22321073710918427,0.22533999383449554,0.29434192180633545,0.3864996135234833,0.3920551538467407,0.5491343140602112,0.7312366962432861,0.7573943138122559,0.7211623191833496,0.556598961353302,0.7414668202400208,0.7678972482681274,0.7352715730667114,reference_scene_id
B2,latest,137a8158-1db5-2cc0-8003-31c12610471e,canonical,4,12,0.04439406096935272,0.08373571932315826,0.12936238944530487,0.18118387460708618,0.24866069853305817,0.28338295221328735,0.43916022777557373,0.6590098142623901,0.756643533706665,0.5646557807922363,0.43916022777557373,0.6590098142623901,0.756643533706665,0.5646557807922363,reference_scene_id
B2,latest,280d8ebb-6cc6-2788-9153-98959a2da801,canonical,4,5,0.22969664633274078,0.38988494873046875,0.49695301055908203,0.2663888931274414,0.45124998688697815,0.5462499856948853,0.5483886003494263,0.7878963947296143,0.9180539846420288,0.6228996515274048,0.5483886003494263,0.7878963947296143,0.9180539846420288,0.6228996515274048,reference_scene_id
B2,latest,5630cfcf-12bf-2860-8784-83d28a611a83,canonical,4,5,0.08676954358816147,0.19333334267139435,0.5096032023429871,0.1876543015241623,0.35555556416511536,0.6444444060325623,0.4240644872188568,0.6305913329124451,0.8853012919425964,0.5172839760780334,0.4240644872188568,0.6305913329124451,0.8853012919425964,0.5172839760780334,reference_scene_id
B2,latest,8eabc45f-5af7-2f32-8528-640861d2a135,canonical,4,5,0.0526202991604805,0.06753227859735489,0.21861883997917175,0.18924008309841156,0.24331121146678925,0.37947192788124084,0.5173856019973755,0.6861041188240051,0.8905990123748779,0.5923721790313721,0.512006402015686,0.6815729141235352,0.8832219839096069,0.58858722448349,reference_scene_id
B2,latest,ddc73797-765b-241a-9e2c-097c5989baf6,canonical,4,6,0.028139851987361908,0.07023822516202927,0.12443319708108902,0.1151445060968399,0.18704907596111298,0.2948683500289917,0.3218107521533966,0.5354750156402588,0.6925543546676636,0.4312182664871216,0.3218107521533966,0.5354750156402588,0.6925543546676636,0.4312182664871216,reference_scene_id
B2,latest,10b17940-3938-2467-8a7a-958300ba83d3,canonical,5,10,0.12010424584150314,0.18383583426475525,0.18384818732738495,0.23848003149032593,0.31080129742622375,0.31080129742622375,0.5760762691497803,0.7652198076248169,0.7913774251937866,0.7355655431747437,0.556598961353302,0.7414668202400208,0.7678972482681274,0.7352715730667114,reference_scene_id
B2,latest,137a8158-1db5-2cc0-8003-31c12610471e,canonical,5,12,0.021996714174747467,0.043762050569057465,0.08781891316175461,0.1116797924041748,0.16851550340652466,0.21191829442977905,0.43916022777557373,0.6590098142623901,0.756643533706665,0.5646557807922363,0.43916022777557373,0.6590098142623901,0.756643533706665,0.5646557807922363,reference_scene_id
B2,latest,280d8ebb-6cc6-2788-9153-98959a2da801,canonical,5,5,0.12878994643688202,0.24152013659477234,0.3082892596721649,0.1852777600288391,0.33500000834465027,0.4475000202655792,0.5483886003494263,0.7878963947296143,0.9180539846420288,0.6228996515274048,0.5483886003494263,0.7878963947296143,0.9180539846420288,0.6228996515274048,reference_scene_id
B2,latest,5630cfcf-12bf-2860-8784-83d28a611a83,canonical,5,5,0.07193415611982346,0.20222224295139313,0.47552913427352905,0.14814816415309906,0.31111109256744385,0.5777777433395386,0.4240644872188568,0.6305913329124451,0.8853012919425964,0.5172839760780334,0.4240644872188568,0.6305913329124451,0.8853012919425964,0.5172839760780334,reference_scene_id
B2,latest,8eabc45f-5af7-2f32-8528-640861d2a135,canonical,5,5,0.029673777520656586,0.032140832394361496,0.17949412763118744,0.13148148357868195,0.15000000596046448,0.2958333492279053,0.5113039016723633,0.6789547204971313,0.8793554306030273,0.586394190788269,0.512006402015686,0.6815729141235352,0.8832219839096069,0.58858722448349,reference_scene_id
B2,latest,ddc73797-765b-241a-9e2c-097c5989baf6,canonical,5,6,0.008791787549853325,0.026234976947307587,0.0646216943860054,0.06309597194194794,0.10356635600328445,0.20177073776721954,0.3218107521533966,0.5354750156402588,0.6925543546676636,0.4312182664871216,0.3218107521533966,0.5354750156402588,0.6925543546676636,0.4312182664871216,reference_scene_id
B2,latest,10b17940-3938-2467-8a7a-958300ba83d3,reverse,2,10,0.33457282185554504,0.46176257729530334,0.5017473101615906,0.490796834230423,0.6304833889007568,0.6808441877365112,0.5698769092559814,0.7052192091941833,0.7748087644577026,0.7370067834854126,0.5698769092559814,0.7052192091941833,0.7748087644577026,0.7370067834854126,reference_scene_id
B2,latest,137a8158-1db5-2cc0-8003-31c12610471e,reverse,2,12,0.27790477871894836,0.48663562536239624,0.5580365061759949,0.40702760219573975,0.6264941096305847,0.6763721704483032,0.44865015149116516,0.6767132878303528,0.765070378780365,0.5412804484367371,0.44865015149116516,0.6767132878303528,0.765070378780365,0.5412804484367371,reference_scene_id
B2,latest,280d8ebb-6cc6-2788-9153-98959a2da801,reverse,2,5,0.3229948878288269,0.49701809883117676,0.5528308153152466,0.46879953145980835,0.6910160183906555,0.7756433486938477,0.46210023760795593,0.702285647392273,0.7861071825027466,0.6348447203636169,0.46210023760795593,0.702285647392273,0.7861071825027466,0.6348447203636169,reference_scene_id
B2,latest,5630cfcf-12bf-2860-8784-83d28a611a83,reverse,2,5,0.26305556297302246,0.3580092787742615,0.6611519455909729,0.3314814865589142,0.4777778089046478,0.7444444298744202,0.43646499514579773,0.5996549129486084,0.8403284549713135,0.5209876298904419,0.43646499514579773,0.5996549129486084,0.8403284549713135,0.5209876298904419,reference_scene_id
B2,latest,8eabc45f-5af7-2f32-8528-640861d2a135,reverse,2,5,0.25749725103378296,0.3585328459739685,0.5720503330230713,0.4469815492630005,0.6267385482788086,0.7799437046051025,0.48918405175209045,0.7060542702674866,0.8988305926322937,0.5651194453239441,0.48918405175209045,0.7060542702674866,0.8988305926322937,0.5651194453239441,reference_scene_id
B2,latest,ddc73797-765b-241a-9e2c-097c5989baf6,reverse,2,6,0.1695539504289627,0.3479476571083069,0.44947782158851624,0.2633574306964874,0.4629298448562622,0.6080203056335449,0.3428148031234741,0.5776262879371643,0.7006441354751587,0.4830830991268158,0.3428148031234741,0.5776262879371643,0.7006441354751587,0.4830830991268158,reference_scene_id
B2,latest,10b17940-3938-2467-8a7a-958300ba83d3,reverse,3,10,0.18982946872711182,0.2519227862358093,0.27325376868247986,0.34295424818992615,0.43647587299346924,0.48237937688827515,0.5545385479927063,0.6868122816085815,0.7529590129852295,0.7408280372619629,0.5698769092559814,0.7052192091941833,0.7748087644577026,0.7370067834854126,reference_scene_id
B2,latest,137a8158-1db5-2cc0-8003-31c12610471e,reverse,3,12,0.12043837457895279,0.23215770721435547,0.3038133680820465,0.25458580255508423,0.42250630259513855,0.47719383239746094,0.44865015149116516,0.6767132878303528,0.765070378780365,0.5412804484367371,0.44865015149116516,0.6767132878303528,0.765070378780365,0.5412804484367371,reference_scene_id
B2,latest,280d8ebb-6cc6-2788-9153-98959a2da801,reverse,3,5,0.2699606418609619,0.4275445342063904,0.46832889318466187,0.4050441086292267,0.6294304132461548,0.6783193349838257,0.46210023760795593,0.702285647392273,0.7861071825027466,0.6348447203636169,0.46210023760795593,0.702285647392273,0.7861071825027466,0.6348447203636169,reference_scene_id
B2,latest,5630cfcf-12bf-2860-8784-83d28a611a83,reverse,3,5,0.1555349975824356,0.23629631102085114,0.5777513384819031,0.2074074000120163,0.3333333432674408,0.6222221851348877,0.43646499514579773,0.5996549129486084,0.8403284549713135,0.5209876298904419,0.43646499514579773,0.5996549129486084,0.8403284549713135,0.5209876298904419,reference_scene_id
B2,latest,8eabc45f-5af7-2f32-8528-640861d2a135,reverse,3,5,0.08457733690738678,0.1229075938463211,0.2865334749221802,0.2852855324745178,0.4009818136692047,0.559778094291687,0.48960670828819275,0.7075757384300232,0.8960521817207336,0.5673124194145203,0.48918405175209045,0.7060542702674866,0.8988305926322937,0.5651194453239441,reference_scene_id
B2,latest,ddc73797-765b-241a-9e2c-097c5989baf6,reverse,3,6,0.06676190346479416,0.17320644855499268,0.22888579964637756,0.15952660143375397,0.32527050375938416,0.43565404415130615,0.3428148031234741,0.5776262879371643,0.7006441354751587,0.4830830991268158,0.3428148031234741,0.5776262879371643,0.7006441354751587,0.4830830991268158,reference_scene_id
B2,latest,10b17940-3938-2467-8a7a-958300ba83d3,reverse,4,10,0.10929783433675766,0.13737531006336212,0.14834752678871155,0.2128647416830063,0.2712121605873108,0.3150738477706909,0.5471948981285095,0.6763690710067749,0.7442126274108887,0.7370067834854126,0.5698769092559814,0.7052192091941833,0.7748087644577026,0.7370067834854126,reference_scene_id
B2,latest,137a8158-1db5-2cc0-8003-31c12610471e,reverse,4,12,0.04364687204360962,0.10832463204860687,0.15963272750377655,0.14869378507137299,0.28276291489601135,0.31624504923820496,0.44865015149116516,0.6767132878303528,0.765070378780365,0.5412804484367371,0.44865015149116516,0.6767132878303528,0.765070378780365,0.5412804484367371,reference_scene_id
B2,latest,280d8ebb-6cc6-2788-9153-98959a2da801,reverse,4,5,0.2477535456418991,0.3957333266735077,0.4222536087036133,0.36625003814697266,0.5785714387893677,0.618571400642395,0.46210023760795593,0.702285647392273,0.7861071825027466,0.6348447203636169,0.46210023760795593,0.702285647392273,0.7861071825027466,0.6348447203636169,reference_scene_id
B2,latest,5630cfcf-12bf-2860-8784-83d28a611a83,reverse,4,5,0.09440329670906067,0.20037037134170532,0.5223809480667114,0.1308642029762268,0.2666666805744171,0.5555555820465088,0.43646499514579773,0.5996549129486084,0.8403284549713135,0.5209876298904419,0.43646499514579773,0.5996549129486084,0.8403284549713135,0.5209876298904419,reference_scene_id
B2,latest,8eabc45f-5af7-2f32-8528-640861d2a135,reverse,4,5,0.027568312361836433,0.0396098829805851,0.1728583425283432,0.15680891275405884,0.20833970606327057,0.34271472692489624,0.4963708519935608,0.715186357498169,0.9086170792579651,0.5738426446914673,0.48918405175209045,0.7060542702674866,0.8988305926322937,0.5651194453239441,reference_scene_id
B2,latest,ddc73797-765b-241a-9e2c-097c5989baf6,reverse,4,6,0.03119085170328617,0.07726889103651047,0.11125767230987549,0.09696169197559357,0.20797258615493774,0.3107864260673523,0.3428148031234741,0.5776262879371643,0.7006441354751587,0.4830830991268158,0.3428148031234741,0.5776262879371643,0.7006441354751587,0.4830830991268158,reference_scene_id
B2,latest,10b17940-3938-2467-8a7a-958300ba83d3,reverse,5,10,0.0832897499203682,0.10132995247840881,0.10708392411470413,0.16625075042247772,0.20421868562698364,0.23120278120040894,0.5545385479927063,0.6868122816085815,0.7529590129852295,0.7408280372619629,0.5698769092559814,0.7052192091941833,0.7748087644577026,0.7370067834854126,reference_scene_id
B2,latest,137a8158-1db5-2cc0-8003-31c12610471e,reverse,5,12,0.01986384391784668,0.05480078607797623,0.09523281455039978,0.09712201356887817,0.19964149594306946,0.22245894372463226,0.44865015149116516,0.6767132878303528,0.765070378780365,0.5412804484367371,0.44865015149116516,0.6767132878303528,0.765070378780365,0.5412804484367371,reference_scene_id
B2,latest,280d8ebb-6cc6-2788-9153-98959a2da801,reverse,5,5,0.15161941945552826,0.2634337544441223,0.27310919761657715,0.2904687523841858,0.48571428656578064,0.5057142972946167,0.46210023760795593,0.702285647392273,0.7861071825027466,0.6348447203636169,0.46210023760795593,0.702285647392273,0.7861071825027466,0.6348447203636169,reference_scene_id
B2,latest,5630cfcf-12bf-2860-8784-83d28a611a83,reverse,5,5,0.07553498446941376,0.21314814686775208,0.47775131464004517,0.08641975373029709,0.24444444477558136,0.5111110806465149,0.43646499514579773,0.5996549129486084,0.8403284549713135,0.5209876298904419,0.43646499514579773,0.5996549129486084,0.8403284549713135,0.5209876298904419,reference_scene_id
B2,latest,8eabc45f-5af7-2f32-8528-640861d2a135,reverse,5,5,0.012355971150100231,0.016123464331030846,0.14548885822296143,0.10462962836027145,0.13750000298023224,0.25,0.4887538552284241,0.7042747139930725,0.896995484828949,0.5629264116287231,0.48918405175209045,0.7060542702674866,0.8988305926322937,0.5651194453239441,reference_scene_id
B2,latest,ddc73797-765b-241a-9e2c-097c5989baf6,reverse,5,6,0.00986696220934391,0.022484606131911278,0.03943211957812309,0.05415719747543335,0.09821327775716782,0.1961299479007721,0.3428148031234741,0.5776262879371643,0.7006441354751587,0.4830830991268158,0.3428148031234741,0.5776262879371643,0.7006441354751587,0.4830830991268158,reference_scene_id
B2,latest,10b17940-3938-2467-8a7a-958300ba83d3,sha256_seed45,2,10,0.3898482322692871,0.525521457195282,0.5529996752738953,0.5127279758453369,0.6423838138580322,0.7053467631340027,0.5121320486068726,0.6820292472839355,0.7724541425704956,0.6455222368240356,0.5121320486068726,0.6820292472839355,0.7724541425704956,0.6455222368240356,reference_scene_id
B2,latest,137a8158-1db5-2cc0-8003-31c12610471e,sha256_seed45,2,12,0.33955061435699463,0.5498676300048828,0.578157901763916,0.4357694387435913,0.6543108224868774,0.676506519317627,0.5218499302864075,0.6875860691070557,0.7716923952102661,0.5830585956573486,0.5218499302864075,0.6875860691070557,0.7716923952102661,0.5830585956573486,reference_scene_id
B2,latest,280d8ebb-6cc6-2788-9153-98959a2da801,sha256_seed45,2,5,0.33459410071372986,0.4849330484867096,0.5598958134651184,0.4404761791229248,0.6428571343421936,0.7285714149475098,0.5308642387390137,0.8333333134651184,1.0,0.5648148059844971,0.5308642387390137,0.8333333134651184,1.0,0.5648148059844971,reference_scene_id
B2,latest,5630cfcf-12bf-2860-8784-83d28a611a83,sha256_seed45,2,5,0.40740740299224854,0.5555555820465088,0.7777777910232544,0.40740740299224854,0.5555555820465088,0.7777777910232544,0.5469135642051697,0.7777777910232544,0.9768518805503845,0.5802469253540039,0.5469135642051697,0.7777777910232544,0.9768518805503845,0.5802469253540039,reference_scene_id
B2,latest,8eabc45f-5af7-2f32-8528-640861d2a135,sha256_seed45,2,5,0.28333336114883423,0.4121527671813965,0.53025883436203,0.37222227454185486,0.6291666626930237,0.6541666984558105,0.4027777910232544,0.625,0.75,0.4027777910232544,0.4027777910232544,0.625,0.75,0.4027777910232544,reference_scene_id
B2,latest,ddc73797-765b-241a-9e2c-097c5989baf6,sha256_seed45,2,6,0.06565918028354645,0.09608002007007599,0.25007325410842896,0.20330287516117096,0.31199750304222107,0.5454030632972717,0.2940201759338379,0.372346431016922,0.4991859197616577,0.39844363927841187,0.2940201759338379,0.372346431016922,0.4991859197616577,0.39844363927841187,reference_scene_id
B2,latest,10b17940-3938-2467-8a7a-958300ba83d3,sha256_seed45,3,10,0.2121543139219284,0.2750815451145172,0.2923986315727234,0.3715830445289612,0.46439462900161743,0.5072517991065979,0.526994526386261,0.6850413084030151,0.7361992001533508,0.7767489552497864,0.526994526386261,0.6850413084030151,0.7361992001533508,0.7767489552497864,reference_scene_id
B2,latest,137a8158-1db5-2cc0-8003-31c12610471e,sha256_seed45,3,12,0.15732447803020477,0.37324684858322144,0.3874700963497162,0.28388574719429016,0.508380651473999,0.5307765007019043,0.5347914099693298,0.7707216739654541,0.8400074243545532,0.6064261794090271,0.5347914099693298,0.7707216739654541,0.8400074243545532,0.6064261794090271,reference_scene_id
B2,latest,280d8ebb-6cc6-2788-9153-98959a2da801,sha256_seed45,3,5,0.342438280582428,0.5079861283302307,0.5856770873069763,0.4404761791229248,0.6428571343421936,0.7285714149475098,0.6177983283996582,1.0,1.0,0.6820988059043884,0.6177983283996582,1.0,1.0,0.6820988059043884,reference_scene_id
B2,latest,5630cfcf-12bf-2860-8784-83d28a611a83,sha256_seed45,3,5,0.2530864179134369,0.4722222089767456,0.6944444179534912,0.3086419701576233,0.5555555820465088,0.7777777910232544,0.39178240299224854,0.7239583730697632,0.9739583730697632,0.4722222089767456,0.39178240299224854,0.7239583730697632,0.9739583730697632,0.4722222089767456,reference_scene_id
B2,latest,8eabc45f-5af7-2f32-8528-640861d2a135,sha256_seed45,3,5,0.2799968719482422,0.4095486104488373,0.5278724431991577,0.3638889193534851,0.6291666626930237,0.6541666984558105,0.48043981194496155,0.5260416269302368,0.5685763955116272,0.5555555820465088,0.48043981194496155,0.5260416269302368,0.5685763955116272,0.5555555820465088,reference_scene_id
B2,latest,ddc73797-765b-241a-9e2c-097c5989baf6,sha256_seed45,3,6,0.040436577051877975,0.0670354962348938,0.1875632405281067,0.09592436254024506,0.15496991574764252,0.30267539620399475,0.39620086550712585,0.5903145670890808,0.655419111251831,0.4834766387939453,0.39620086550712585,0.5903145670890808,0.655419111251831,0.4834766387939453,reference_scene_id
B2,latest,10b17940-3938-2467-8a7a-958300ba83d3,sha256_seed45,4,10,0.13277727365493774,0.18002735078334808,0.1828862428665161,0.22344151139259338,0.2848640978336334,0.33301225304603577,0.5642074942588806,0.6871211528778076,0.7289514541625977,0.7341532707214355,0.5642074942588806,0.6871211528778076,0.7289514541625977,0.7341532707214355,reference_scene_id
B2,latest,137a8158-1db5-2cc0-8003-31c12610471e,sha256_seed45,4,12,0.03812221437692642,0.1045435443520546,0.1540311872959137,0.1736508011817932,0.3032817542552948,0.30773526430130005,0.47949516773223877,0.7584185600280762,0.7979655265808105,0.6132815480232239,0.47949516773223877,0.7584185600280762,0.7979655265808105,0.6132815480232239,reference_scene_id
B2,latest,280d8ebb-6cc6-2788-9153-98959a2da801,sha256_seed45,4,5,0.1284722238779068,0.265625,0.2718749940395355,0.1597222238779068,0.3125,0.3857142925262451,0.3735119104385376,0.6190476417541504,0.8824405074119568,0.4404761791229248,0.3735119104385376,0.6190476417541504,0.8824405074119568,0.4404761791229248,reference_scene_id
B2,latest,5630cfcf-12bf-2860-8784-83d28a611a83,sha256_seed45,4,5,0.17901234328746796,0.3611111044883728,0.5833333134651184,0.23456789553165436,0.4444444477558136,0.6666666865348816,0.2864583432674408,0.5989583730697632,0.8489583730697632,0.460317462682724,0.2864583432674408,0.5989583730697632,0.8489583730697632,0.460317462682724,reference_scene_id
B2,latest,8eabc45f-5af7-2f32-8528-640861d2a135,sha256_seed45,4,5,0.1533574014902115,0.2700892686843872,0.3906249701976776,0.2361111342906952,0.3958333432674408,0.4583333432674408,0.48701566457748413,0.7526785731315613,0.992968738079071,0.5868055820465088,0.48701566457748413,0.7526785731315613,0.992968738079071,0.5868055820465088,reference_scene_id
B2,latest,ddc73797-765b-241a-9e2c-097c5989baf6,sha256_seed45,4,6,0.012200546450912952,0.025893816724419594,0.15491662919521332,0.05029502511024475,0.1039215698838234,0.24105392396450043,0.4771590828895569,0.737598180770874,0.8262032270431519,0.5863610506057739,0.4771590828895569,0.737598180770874,0.8262032270431519,0.5863610506057739,reference_scene_id
B2,latest,10b17940-3938-2467-8a7a-958300ba83d3,sha256_seed45,5,10,0.09930827468633652,0.13791850209236145,0.14071029424667358,0.17992010712623596,0.2330065369606018,0.2700435519218445,0.6436281204223633,0.7474701404571533,0.7613590359687805,0.7120370268821716,0.6436281204223633,0.7474701404571533,0.7613590359687805,0.7120370268821716,reference_scene_id
B2,latest,137a8158-1db5-2cc0-8003-31c12610471e,sha256_seed45,5,12,0.0168333537876606,0.06708116084337234,0.09353384375572205,0.09106013178825378,0.20327772200107574,0.20327772200107574,0.3350999057292938,0.5326281785964966,0.658012866973877,0.44462764263153076,0.3350999057292938,0.5326281785964966,0.658012866973877,0.44462764263153076,reference_scene_id
B2,latest,280d8ebb-6cc6-2788-9153-98959a2da801,sha256_seed45,5,5,0.1284722238779068,0.265625,0.265625,0.1597222238779068,0.3125,0.3571428656578064,0.6697531342506409,0.7824074625968933,0.9518518447875977,0.7160494327545166,0.6697531342506409,0.7824074625968933,0.9518518447875977,0.7160494327545166,reference_scene_id
B2,latest,5630cfcf-12bf-2860-8784-83d28a611a83,sha256_seed45,5,5,0.12345679104328156,0.3333333432674408,0.5555555820465088,0.12345679104328156,0.3333333432674408,0.5555555820465088,0.5010287761688232,0.7407407760620117,0.9351851940155029,0.5679012537002563,0.5010287761688232,0.7407407760620117,0.9351851940155029,0.5679012537002563,reference_scene_id
B2,latest,8eabc45f-5af7-2f32-8528-640861d2a135,sha256_seed45,5,5,0.00930301658809185,0.01766173727810383,0.1420394480228424,0.08564814925193787,0.1666666716337204,0.2291666716337204,0.5741534233093262,0.726190447807312,0.9085034132003784,0.6216931343078613,0.5741534233093262,0.726190447807312,0.9085034132003784,0.6216931343078613,reference_scene_id
B2,latest,ddc73797-765b-241a-9e2c-097c5989baf6,sha256_seed45,5,6,0.01328977569937706,0.035772904753685,0.1512846201658249,0.053455453366041183,0.09988988935947418,0.23334577679634094,0.35635247826576233,0.6369386911392212,0.8660841584205627,0.43932539224624634,0.35635247826576233,0.6369386911392212,0.8660841584205627,0.43932539224624634,reference_scene_id
B2,max,10b17940-3938-2467-8a7a-958300ba83d3,canonical,2,10,0.3584309220314026,0.5322296619415283,0.5631736516952515,0.5463483929634094,0.6961400508880615,0.7262986898422241,0.5275519490242004,0.7151755094528198,0.7491113543510437,0.7352715730667114,0.556598961353302,0.7414668202400208,0.7678972482681274,0.7352715730667114,reference_scene_id
B2,max,137a8158-1db5-2cc0-8003-31c12610471e,canonical,2,12,0.2731699049472809,0.463228702545166,0.5292225480079651,0.42203962802886963,0.5948969125747681,0.6485943794250488,0.43806663155555725,0.6646063327789307,0.758931040763855,0.5646557807922363,0.43916022777557373,0.6590098142623901,0.756643533706665,0.5646557807922363,reference_scene_id
B2,max,280d8ebb-6cc6-2788-9153-98959a2da801,canonical,2,5,0.30100634694099426,0.48583918809890747,0.6188592910766602,0.36858969926834106,0.573693037033081,0.6931288838386536,0.5107805728912354,0.7456799745559692,0.8877651691436768,0.6228996515274048,0.5483886003494263,0.7878963947296143,0.9180539846420288,0.6228996515274048,reference_scene_id
B2,max,5630cfcf-12bf-2860-8784-83d28a611a83,canonical,2,5,0.2629292905330658,0.39392679929733276,0.6881595253944397,0.3203703463077545,0.4888888895511627,0.7777777910232544,0.4255158603191376,0.6137125492095947,0.8851118683815002,0.5172839760780334,0.4240644872188568,0.6305913329124451,0.8853012919425964,0.5172839760780334,reference_scene_id
B2,max,8eabc45f-5af7-2f32-8528-640861d2a135,canonical,2,5,0.2732875943183899,0.3685527443885803,0.5584222078323364,0.4538649916648865,0.6193958520889282,0.7599116563796997,0.48424726724624634,0.6506813764572144,0.8615012764930725,0.58858722448349,0.512006402015686,0.6815729141235352,0.8832219839096069,0.58858722448349,reference_scene_id
B2,max,ddc73797-765b-241a-9e2c-097c5989baf6,canonical,2,6,0.1711570769548416,0.3392865061759949,0.45315542817115784,0.2704974114894867,0.4594576060771942,0.6059186458587646,0.3044931888580322,0.5353617668151855,0.6957222819328308,0.4312182664871216,0.3218107521533966,0.5354750156402588,0.6925543546676636,0.4312182664871216,reference_scene_id
B2,max,10b17940-3938-2467-8a7a-958300ba83d3,canonical,3,10,0.2435256391763687,0.3639984130859375,0.374081552028656,0.435933381319046,0.5569023489952087,0.5741863250732422,0.511273205280304,0.6973227262496948,0.7367997765541077,0.7352715730667114,0.556598961353302,0.7414668202400208,0.7678972482681274,0.7352715730667114,reference_scene_id
B2,max,137a8158-1db5-2cc0-8003-31c12610471e,canonical,3,12,0.1416071057319641,0.2456638365983963,0.303048312664032,0.27776896953582764,0.3952809274196625,0.43868371844291687,0.43312010169029236,0.6656590104103088,0.7610310912132263,0.5646557807922363,0.43916022777557373,0.6590098142623901,0.756643533706665,0.5646557807922363,reference_scene_id
B2,max,280d8ebb-6cc6-2788-9153-98959a2da801,canonical,3,5,0.247770756483078,0.4139783978462219,0.5443570017814636,0.30323076248168945,0.4910539388656616,0.5913235545158386,0.49261581897735596,0.7548699975013733,0.8985992670059204,0.6228996515274048,0.5483886003494263,0.7878963947296143,0.9180539846420288,0.6228996515274048,reference_scene_id
B2,max,5630cfcf-12bf-2860-8784-83d28a611a83,canonical,3,5,0.20965023338794708,0.3557407557964325,0.6576058268547058,0.24938271939754486,0.4000000059604645,0.7111111283302307,0.39923202991485596,0.6356878280639648,0.8809451460838318,0.5172839760780334,0.4240644872188568,0.6305913329124451,0.8853012919425964,0.5172839760780334,reference_scene_id
B2,max,8eabc45f-5af7-2f32-8528-640861d2a135,canonical,3,5,0.10613102465867996,0.1505623459815979,0.3138505220413208,0.30884531140327454,0.40849927067756653,0.5461416840553284,0.46297487616539,0.618890643119812,0.8348395824432373,0.586394190788269,0.512006402015686,0.6815729141235352,0.8832219839096069,0.58858722448349,reference_scene_id
B2,max,ddc73797-765b-241a-9e2c-097c5989baf6,canonical,3,6,0.08862308412790298,0.19669710099697113,0.28410306572914124,0.18101079761981964,0.3175208568572998,0.43335941433906555,0.31485503911972046,0.5378907918930054,0.6903857588768005,0.4312182664871216,0.3218107521533966,0.5354750156402588,0.6925543546676636,0.4312182664871216,reference_scene_id
B2,max,10b17940-3938-2467-8a7a-958300ba83d3,canonical,4,10,0.16937850415706635,0.26024848222732544,0.2623676359653473,0.29434192180633545,0.3864996135234833,0.3920551538467407,0.5141651630401611,0.6938544511795044,0.7302104830741882,0.7211623191833496,0.556598961353302,0.7414668202400208,0.7678972482681274,0.7352715730667114,reference_scene_id
B2,max,137a8158-1db5-2cc0-8003-31c12610471e,canonical,4,12,0.061702385544776917,0.10578038543462753,0.17766351997852325,0.18118387460708618,0.24866069853305817,0.28338295221328735,0.41973257064819336,0.6388441920280457,0.7565751671791077,0.5646557807922363,0.43916022777557373,0.6590098142623901,0.756643533706665,0.5646557807922363,reference_scene_id
B2,max,280d8ebb-6cc6-2788-9153-98959a2da801,canonical,4,5,0.2228555977344513,0.3793494403362274,0.4996844232082367,0.2663888931274414,0.45124998688697815,0.5462499856948853,0.5113246440887451,0.7735336422920227,0.8899107575416565,0.6228996515274048,0.5483886003494263,0.7878963947296143,0.9180539846420288,0.6228996515274048,reference_scene_id
B2,max,5630cfcf-12bf-2860-8784-83d28a611a83,canonical,4,5,0.13078190386295319,0.277222216129303,0.5661728382110596,0.1876543015241623,0.35555556416511536,0.6444444060325623,0.40257441997528076,0.6664638519287109,0.8764081597328186,0.5172839760780334,0.4240644872188568,0.6305913329124451,0.8853012919425964,0.5172839760780334,reference_scene_id
B2,max,8eabc45f-5af7-2f32-8528-640861d2a135,canonical,4,5,0.0429111123085022,0.054405804723501205,0.20388981699943542,0.18924008309841156,0.24331121146678925,0.37947192788124084,0.4867279827594757,0.6637952327728271,0.8817750215530396,0.5923721790313721,0.512006402015686,0.6815729141235352,0.8832219839096069,0.58858722448349,reference_scene_id
B2,max,ddc73797-765b-241a-9e2c-097c5989baf6,canonical,4,6,0.03764135390520096,0.08395438641309738,0.1414252668619156,0.1151445060968399,0.18704907596111298,0.2948683500289917,0.3088553845882416,0.5328425765037537,0.6811341643333435,0.4312182664871216,0.3218107521533966,0.5354750156402588,0.6925543546676636,0.4312182664871216,reference_scene_id
B2,max,10b17940-3938-2467-8a7a-958300ba83d3,canonical,5,10,0.12483742833137512,0.19532915949821472,0.19534151256084442,0.23848003149032593,0.31080129742622375,0.31080129742622375,0.5405890941619873,0.7249732613563538,0.7667725086212158,0.7355655431747437,0.556598961353302,0.7414668202400208,0.7678972482681274,0.7352715730667114,reference_scene_id
B2,max,137a8158-1db5-2cc0-8003-31c12610471e,canonical,5,12,0.02918512374162674,0.05336020886898041,0.11623075604438782,0.1116797924041748,0.16851550340652466,0.21191829442977905,0.4335193634033203,0.6680232882499695,0.7572945952415466,0.5646557807922363,0.43916022777557373,0.6590098142623901,0.756643533706665,0.5646557807922363,reference_scene_id
B2,max,280d8ebb-6cc6-2788-9153-98959a2da801,canonical,5,5,0.14396873116493225,0.2651669979095459,0.3495587110519409,0.1852777600288391,0.33500000834465027,0.4475000202655792,0.5013315677642822,0.7376092672348022,0.8775101900100708,0.6228996515274048,0.5483886003494263,0.7878963947296143,0.9180539846420288,0.6228996515274048,reference_scene_id
B2,max,5630cfcf-12bf-2860-8784-83d28a611a83,canonical,5,5,0.10845679044723511,0.2516666650772095,0.5355556011199951,0.14814816415309906,0.31111109256744385,0.5777777433395386,0.42271149158477783,0.6203527450561523,0.9171754121780396,0.5172839760780334,0.4240644872188568,0.6305913329124451,0.8853012919425964,0.5172839760780334,reference_scene_id
B2,max,8eabc45f-5af7-2f32-8528-640861d2a135,canonical,5,5,0.026430681347846985,0.028868742287158966,0.1762220412492752,0.13148148357868195,0.15000000596046448,0.2958333492279053,0.4950973689556122,0.6540589332580566,0.8521116375923157,0.586394190788269,0.512006402015686,0.6815729141235352,0.8832219839096069,0.58858722448349,reference_scene_id
B2,max,ddc73797-765b-241a-9e2c-097c5989baf6,canonical,5,6,0.009680078364908695,0.027683675289154053,0.0666772872209549,0.06309597194194794,0.10356635600328445,0.20177073776721954,0.3037572205066681,0.5286375284194946,0.6807196140289307,0.4312182664871216,0.3218107521533966,0.5354750156402588,0.6925543546676636,0.4312182664871216,reference_scene_id
B2,max,10b17940-3938-2467-8a7a-958300ba83d3,reverse,2,10,0.32090574502944946,0.44197142124176025,0.4802895188331604,0.490796834230423,0.6304833889007568,0.6808441877365112,0.5579260587692261,0.7048422694206238,0.7623187899589539,0.7370067834854126,0.5698769092559814,0.7052192091941833,0.7748087644577026,0.7370067834854126,reference_scene_id
B2,max,137a8158-1db5-2cc0-8003-31c12610471e,reverse,2,12,0.2766404449939728,0.48276135325431824,0.5573548674583435,0.40702760219573975,0.6264941096305847,0.6763721704483032,0.43128547072410583,0.6492675542831421,0.7550485134124756,0.5412804484367371,0.44865015149116516,0.6767132878303528,0.765070378780365,0.5412804484367371,reference_scene_id
B2,max,280d8ebb-6cc6-2788-9153-98959a2da801,reverse,2,5,0.30890506505966187,0.502227783203125,0.5557903051376343,0.46879953145980835,0.6910160183906555,0.7756433486938477,0.4438549280166626,0.6938631534576416,0.7613431215286255,0.6348447203636169,0.46210023760795593,0.702285647392273,0.7861071825027466,0.6348447203636169,reference_scene_id
B2,max,5630cfcf-12bf-2860-8784-83d28a611a83,reverse,2,5,0.24983759224414825,0.4088558554649353,0.6761519908905029,0.3314814865589142,0.4777778089046478,0.7444444298744202,0.3943295478820801,0.6132439374923706,0.8295260667800903,0.5209876298904419,0.43646499514579773,0.5996549129486084,0.8403284549713135,0.5209876298904419,reference_scene_id
B2,max,8eabc45f-5af7-2f32-8528-640861d2a135,reverse,2,5,0.23546379804611206,0.33299851417541504,0.5443766117095947,0.4469815492630005,0.6267385482788086,0.7799437046051025,0.4869846701622009,0.7090757489204407,0.9010682106018066,0.5651194453239441,0.48918405175209045,0.7060542702674866,0.8988305926322937,0.5651194453239441,reference_scene_id
B2,max,ddc73797-765b-241a-9e2c-097c5989baf6,reverse,2,6,0.1728239208459854,0.3542957305908203,0.45857828855514526,0.2633574306964874,0.4629298448562622,0.6080203056335449,0.32762202620506287,0.5755622982978821,0.7030372619628906,0.4830830991268158,0.3428148031234741,0.5776262879371643,0.7006441354751587,0.4830830991268158,reference_scene_id
B2,max,10b17940-3938-2467-8a7a-958300ba83d3,reverse,3,10,0.18454501032829285,0.23959459364414215,0.26204609870910645,0.34295424818992615,0.43647587299346924,0.48237937688827515,0.5504310131072998,0.7007558345794678,0.7596709728240967,0.7408280372619629,0.5698769092559814,0.7052192091941833,0.7748087644577026,0.7370067834854126,reference_scene_id
B2,max,137a8158-1db5-2cc0-8003-31c12610471e,reverse,3,12,0.1375146508216858,0.27193665504455566,0.34902769327163696,0.25458580255508423,0.42250630259513855,0.47719383239746094,0.41668084263801575,0.6607029438018799,0.7561258673667908,0.5412804484367371,0.44865015149116516,0.6767132878303528,0.765070378780365,0.5412804484367371,reference_scene_id
B2,max,280d8ebb-6cc6-2788-9153-98959a2da801,reverse,3,5,0.2616840600967407,0.43170833587646484,0.4759643077850342,0.4050441086292267,0.6294304132461548,0.6783193349838257,0.4308851659297943,0.6903262734413147,0.7649490833282471,0.6348447203636169,0.46210023760795593,0.702285647392273,0.7861071825027466,0.6348447203636169,reference_scene_id
B2,max,5630cfcf-12bf-2860-8784-83d28a611a83,reverse,3,5,0.16743387281894684,0.29222220182418823,0.5835317373275757,0.2074074000120163,0.3333333432674408,0.6222221851348877,0.3843667209148407,0.6316390037536621,0.8183311820030212,0.5209876298904419,0.43646499514579773,0.5996549129486084,0.8403284549713135,0.5209876298904419,reference_scene_id
B2,max,8eabc45f-5af7-2f32-8528-640861d2a135,reverse,3,5,0.07995706796646118,0.11397197842597961,0.27588844299316406,0.2852855324745178,0.4009818136692047,0.559778094291687,0.48674237728118896,0.697904109954834,0.8816519379615784,0.5673124194145203,0.48918405175209045,0.7060542702674866,0.8988305926322937,0.5651194453239441,reference_scene_id
B2,max,ddc73797-765b-241a-9e2c-097c5989baf6,reverse,3,6,0.07113542407751083,0.17275497317314148,0.23834878206253052,0.15952660143375397,0.32527050375938416,0.43565404415130615,0.32809484004974365,0.5743957757949829,0.7027548551559448,0.4830830991268158,0.3428148031234741,0.5776262879371643,0.7006441354751587,0.4830830991268158,reference_scene_id
B2,max,10b17940-3938-2467-8a7a-958300ba83d3,reverse,4,10,0.10268290340900421,0.12693904340267181,0.13551580905914307,0.2128647416830063,0.2712121605873108,0.3150738477706909,0.5440113544464111,0.6997266411781311,0.7533132433891296,0.7370067834854126,0.5698769092559814,0.7052192091941833,0.7748087644577026,0.7370067834854126,reference_scene_id
B2,max,137a8158-1db5-2cc0-8003-31c12610471e,reverse,4,12,0.05225774273276329,0.14781637489795685,0.1997607797384262,0.14869378507137299,0.28276291489601135,0.31624504923820496,0.3824220299720764,0.6369255781173706,0.7260522246360779,0.5412804484367371,0.44865015149116516,0.6767132878303528,0.765070378780365,0.5412804484367371,reference_scene_id
B2,max,280d8ebb-6cc6-2788-9153-98959a2da801,reverse,4,5,0.24464911222457886,0.3879989981651306,0.4388604760169983,0.36625003814697266,0.5785714387893677,0.618571400642395,0.42915090918540955,0.6872488856315613,0.7756170034408569,0.6348447203636169,0.46210023760795593,0.702285647392273,0.7861071825027466,0.6348447203636169,reference_scene_id
B2,max,5630cfcf-12bf-2860-8784-83d28a611a83,reverse,4,5,0.09909074008464813,0.24277779459953308,0.5385802388191223,0.1308642029762268,0.2666666805744171,0.5555555820465088,0.3698742687702179,0.5943771004676819,0.8336420059204102,0.5209876298904419,0.43646499514579773,0.5996549129486084,0.8403284549713135,0.5209876298904419,reference_scene_id
B2,max,8eabc45f-5af7-2f32-8528-640861d2a135,reverse,4,5,0.02632102742791176,0.034556616097688675,0.16780507564544678,0.15680891275405884,0.20833970606327057,0.34271472692489624,0.4979908764362335,0.7194110751152039,0.9079799652099609,0.5738426446914673,0.48918405175209045,0.7060542702674866,0.8988305926322937,0.5651194453239441,reference_scene_id
B2,max,ddc73797-765b-241a-9e2c-097c5989baf6,reverse,4,6,0.033882200717926025,0.07831589132547379,0.12778958678245544,0.09696169197559357,0.20797258615493774,0.3107864260673523,0.33300623297691345,0.5703586935997009,0.7004305720329285,0.4830830991268158,0.3428148031234741,0.5776262879371643,0.7006441354751587,0.4830830991268158,reference_scene_id
B2,max,10b17940-3938-2467-8a7a-958300ba83d3,reverse,5,10,0.07435934990644455,0.08822643756866455,0.09096013009548187,0.16625075042247772,0.20421868562698364,0.23120278120040894,0.5835511088371277,0.7436639666557312,0.7957826852798462,0.7408280372619629,0.5698769092559814,0.7052192091941833,0.7748087644577026,0.7370067834854126,reference_scene_id
B2,max,137a8158-1db5-2cc0-8003-31c12610471e,reverse,5,12,0.02811270020902157,0.09798569232225418,0.13802529871463776,0.09712201356887817,0.19964149594306946,0.22245894372463226,0.38705670833587646,0.6275508999824524,0.7131226658821106,0.5412804484367371,0.44865015149116516,0.6767132878303528,0.765070378780365,0.5412804484367371,reference_scene_id
B2,max,280d8ebb-6cc6-2788-9153-98959a2da801,reverse,5,5,0.18869873881340027,0.30456382036209106,0.31331172585487366,0.2904687523841858,0.48571428656578064,0.5057142972946167,0.44498974084854126,0.6786993741989136,0.7516360282897949,0.6348447203636169,0.46210023760795593,0.702285647392273,0.7861071825027466,0.6348447203636169,reference_scene_id
B2,max,5630cfcf-12bf-2860-8784-83d28a611a83,reverse,5,5,0.07666667550802231,0.22333335876464844,0.5027778148651123,0.08641975373029709,0.24444444477558136,0.5111110806465149,0.38521626591682434,0.5848400592803955,0.8375771641731262,0.5209876298904419,0.43646499514579773,0.5996549129486084,0.8403284549713135,0.5209876298904419,reference_scene_id
B2,max,8eabc45f-5af7-2f32-8528-640861d2a135,reverse,5,5,0.01195597741752863,0.015665875747799873,0.14503125846385956,0.10462962836027145,0.13750000298023224,0.25,0.49290990829467773,0.7109934687614441,0.8985965251922607,0.5629264116287231,0.48918405175209045,0.7060542702674866,0.8988305926322937,0.5651194453239441,reference_scene_id
B2,max,ddc73797-765b-241a-9e2c-097c5989baf6,reverse,5,6,0.009260555729269981,0.029455142095685005,0.05628817528486252,0.05415719747543335,0.09821327775716782,0.1961299479007721,0.33478987216949463,0.5756210088729858,0.7056803107261658,0.4830830991268158,0.3428148031234741,0.5776262879371643,0.7006441354751587,0.4830830991268158,reference_scene_id
B2,max,10b17940-3938-2467-8a7a-958300ba83d3,sha256_seed45,2,10,0.37942901253700256,0.5118396878242493,0.5398931503295898,0.5127279758453369,0.6423838138580322,0.7053467631340027,0.5109285712242126,0.6890313625335693,0.7791000008583069,0.6455222368240356,0.5121320486068726,0.6820292472839355,0.7724541425704956,0.6455222368240356,reference_scene_id
B2,max,137a8158-1db5-2cc0-8003-31c12610471e,sha256_seed45,2,12,0.3282298445701599,0.5375711917877197,0.5650815367698669,0.4357694387435913,0.6543108224868774,0.676506519317627,0.5104379057884216,0.6909571886062622,0.774606466293335,0.5830585956573486,0.5218499302864075,0.6875860691070557,0.7716923952102661,0.5830585956573486,reference_scene_id
B2,max,280d8ebb-6cc6-2788-9153-98959a2da801,sha256_seed45,2,5,0.33459410071372986,0.4849330484867096,0.567187488079071,0.4404761791229248,0.6428571343421936,0.7285714149475098,0.5312500596046448,0.8333333134651184,1.0,0.5648148059844971,0.5308642387390137,0.8333333134651184,1.0,0.5648148059844971,reference_scene_id
B2,max,5630cfcf-12bf-2860-8784-83d28a611a83,sha256_seed45,2,5,0.40740740299224854,0.5555555820465088,0.7777777910232544,0.40740740299224854,0.5555555820465088,0.7777777910232544,0.5469135642051697,0.7777777910232544,0.9768518805503845,0.5802469253540039,0.5469135642051697,0.7777777910232544,0.9768518805503845,0.5802469253540039,reference_scene_id
B2,max,8eabc45f-5af7-2f32-8528-640861d2a135,sha256_seed45,2,5,0.28333336114883423,0.4121527671813965,0.53025883436203,0.37222227454185486,0.6291666626930237,0.6541666984558105,0.3506944477558136,0.4375,0.5625,0.4027777910232544,0.4027777910232544,0.625,0.75,0.4027777910232544,reference_scene_id
B2,max,ddc73797-765b-241a-9e2c-097c5989baf6,sha256_seed45,2,6,0.06328370422124863,0.09243743866682053,0.24739587306976318,0.20330287516117096,0.31199750304222107,0.5454030632972717,0.2520652413368225,0.34327831864356995,0.47662824392318726,0.39844363927841187,0.2940201759338379,0.372346431016922,0.4991859197616577,0.39844363927841187,reference_scene_id
B2,max,10b17940-3938-2467-8a7a-958300ba83d3,sha256_seed45,3,10,0.20965394377708435,0.2843396067619324,0.30165669322013855,0.3715830445289612,0.46439462900161743,0.5072517991065979,0.5046772956848145,0.6726218461990356,0.7186356782913208,0.7767489552497864,0.526994526386261,0.6850413084030151,0.7361992001533508,0.7767489552497864,reference_scene_id
B2,max,137a8158-1db5-2cc0-8003-31c12610471e,sha256_seed45,3,12,0.16521602869033813,0.37249836325645447,0.38564959168434143,0.28388574719429016,0.508380651473999,0.5307765007019043,0.5226550698280334,0.7788095474243164,0.8465114831924438,0.6064261794090271,0.5347914099693298,0.7707216739654541,0.8400074243545532,0.6064261794090271,reference_scene_id
B2,max,280d8ebb-6cc6-2788-9153-98959a2da801,sha256_seed45,3,5,0.342438280582428,0.5079861283302307,0.5929687023162842,0.4404761791229248,0.6428571343421936,0.7285714149475098,0.6177983283996582,1.0,1.0,0.6820988059043884,0.6177983283996582,1.0,1.0,0.6820988059043884,reference_scene_id
B2,max,5630cfcf-12bf-2860-8784-83d28a611a83,sha256_seed45,3,5,0.3086419701576233,0.5555555820465088,0.7777777910232544,0.3086419701576233,0.5555555820465088,0.7777777910232544,0.39178240299224854,0.7239583730697632,0.9739583730697632,0.4722222089767456,0.39178240299224854,0.7239583730697632,0.9739583730697632,0.4722222089767456,reference_scene_id
B2,max,8eabc45f-5af7-2f32-8528-640861d2a135,sha256_seed45,3,5,0.2799968719482422,0.4095486104488373,0.5278724431991577,0.3638889193534851,0.6291666626930237,0.6541666984558105,0.48043981194496155,0.5260416269302368,0.5685763955116272,0.5555555820465088,0.48043981194496155,0.5260416269302368,0.5685763955116272,0.5555555820465088,reference_scene_id
B2,max,ddc73797-765b-241a-9e2c-097c5989baf6,sha256_seed45,3,6,0.034952014684677124,0.07077620923519135,0.18710310757160187,0.09592436254024506,0.15496991574764252,0.30267539620399475,0.3733261823654175,0.590183436870575,0.659247875213623,0.4834766387939453,0.39620086550712585,0.5903145670890808,0.655419111251831,0.4834766387939453,reference_scene_id
B2,max,10b17940-3938-2467-8a7a-958300ba83d3,sha256_seed45,4,10,0.12713207304477692,0.16905145347118378,0.1723921298980713,0.22344151139259338,0.2848640978336334,0.33301225304603577,0.568103015422821,0.711037814617157,0.7384424209594727,0.7341532707214355,0.5642074942588806,0.6871211528778076,0.7289514541625977,0.7341532707214355,reference_scene_id
B2,max,137a8158-1db5-2cc0-8003-31c12610471e,sha256_seed45,4,12,0.06167849525809288,0.15042296051979065,0.19988635182380676,0.1736508011817932,0.3032817542552948,0.30773526430130005,0.4482160210609436,0.7557749152183533,0.7967259287834167,0.6132815480232239,0.47949516773223877,0.7584185600280762,0.7979655265808105,0.6132815480232239,reference_scene_id
B2,max,280d8ebb-6cc6-2788-9153-98959a2da801,sha256_seed45,4,5,0.1128472238779068,0.265625,0.2718749940395355,0.1597222238779068,0.3125,0.3857142925262451,0.3258928656578064,0.6190476417541504,0.8824405074119568,0.4404761791229248,0.3735119104385376,0.6190476417541504,0.8824405074119568,0.4404761791229248,reference_scene_id
B2,max,5630cfcf-12bf-2860-8784-83d28a611a83,sha256_seed45,4,5,0.23456789553165436,0.4444444477558136,0.6666666865348816,0.23456789553165436,0.4444444477558136,0.6666666865348816,0.2864583432674408,0.5989583730697632,0.8489583730697632,0.460317462682724,0.2864583432674408,0.5989583730697632,0.8489583730697632,0.460317462682724,reference_scene_id
B2,max,8eabc45f-5af7-2f32-8528-640861d2a135,sha256_seed45,4,5,0.1533574014902115,0.2700892686843872,0.3906249701976776,0.2361111342906952,0.3958333432674408,0.4583333432674408,0.4922240078449249,0.7526785731315613,0.992968738079071,0.5868055820465088,0.48701566457748413,0.7526785731315613,0.992968738079071,0.5868055820465088,reference_scene_id
B2,max,ddc73797-765b-241a-9e2c-097c5989baf6,sha256_seed45,4,6,0.013487575575709343,0.04383128508925438,0.15405020117759705,0.05029502511024475,0.1039215698838234,0.24105392396450043,0.5007244348526001,0.7558248043060303,0.8406639099121094,0.5863610506057739,0.4771590828895569,0.737598180770874,0.8262032270431519,0.5863610506057739,reference_scene_id
B2,max,10b17940-3938-2467-8a7a-958300ba83d3,sha256_seed45,5,10,0.10454516857862473,0.14436785876750946,0.1469980925321579,0.17992010712623596,0.2330065369606018,0.2700435519218445,0.5924849510192871,0.6847488880157471,0.6986377239227295,0.7120370268821716,0.6436281204223633,0.7474701404571533,0.7613590359687805,0.7120370268821716,reference_scene_id
B2,max,137a8158-1db5-2cc0-8003-31c12610471e,sha256_seed45,5,12,0.028862370178103447,0.1021624431014061,0.12862545251846313,0.09106013178825378,0.20327772200107574,0.20327772200107574,0.3338233530521393,0.5505810976028442,0.642177164554596,0.44462764263153076,0.3350999057292938,0.5326281785964966,0.658012866973877,0.44462764263153076,reference_scene_id
B2,max,280d8ebb-6cc6-2788-9153-98959a2da801,sha256_seed45,5,5,0.1284722238779068,0.265625,0.265625,0.1597222238779068,0.3125,0.3571428656578064,0.6327160596847534,0.7407407760620117,0.9101851582527161,0.7160494327545166,0.6697531342506409,0.7824074625968933,0.9518518447875977,0.7160494327545166,reference_scene_id
B2,max,5630cfcf-12bf-2860-8784-83d28a611a83,sha256_seed45,5,5,0.12345679104328156,0.3333333432674408,0.5555555820465088,0.12345679104328156,0.3333333432674408,0.5555555820465088,0.5010287761688232,0.7407407760620117,0.9351851940155029,0.5679012537002563,0.5010287761688232,0.7407407760620117,0.9351851940155029,0.5679012537002563,reference_scene_id
B2,max,8eabc45f-5af7-2f32-8528-640861d2a135,sha256_seed45,5,5,0.00930301658809185,0.01766173727810383,0.1420394480228424,0.08564814925193787,0.1666666716337204,0.2291666716337204,0.5828835964202881,0.7595238089561462,0.9085034132003784,0.6216931343078613,0.5741534233093262,0.726190447807312,0.9085034132003784,0.6216931343078613,reference_scene_id
B2,max,ddc73797-765b-241a-9e2c-097c5989baf6,sha256_seed45,5,6,0.015775088220834732,0.04138985648751259,0.15747976303100586,0.053455453366041183,0.09988988935947418,0.23334577679634094,0.3458811938762665,0.647637665271759,0.881877601146698,0.43932539224624634,0.35635247826576233,0.6369386911392212,0.8660841584205627,0.43932539224624634,reference_scene_id
B2,mean,10b17940-3938-2467-8a7a-958300ba83d3,canonical,2,10,0.35849374532699585,0.5271307826042175,0.549732506275177,0.5463483929634094,0.6961400508880615,0.7262986898422241,0.5457904934883118,0.7316709160804749,0.7669227719306946,0.7352715730667114,0.556598961353302,0.7414668202400208,0.7678972482681274,0.7352715730667114,reference_scene_id
B2,mean,137a8158-1db5-2cc0-8003-31c12610471e,canonical,2,12,0.2839776277542114,0.47922900319099426,0.5483017563819885,0.42203962802886963,0.5948969125747681,0.6485943794250488,0.423360675573349,0.6480449438095093,0.7553536295890808,0.5646557807922363,0.43916022777557373,0.6590098142623901,0.756643533706665,0.5646557807922363,reference_scene_id
B2,mean,280d8ebb-6cc6-2788-9153-98959a2da801,canonical,2,5,0.32083094120025635,0.5094568133354187,0.615204930305481,0.36858969926834106,0.573693037033081,0.6931288838386536,0.5438188314437866,0.7909188270568848,0.9210600852966309,0.6228996515274048,0.5483886003494263,0.7878963947296143,0.9180539846420288,0.6228996515274048,reference_scene_id
B2,mean,5630cfcf-12bf-2860-8784-83d28a611a83,canonical,2,5,0.23097798228263855,0.3486284017562866,0.649183988571167,0.3203703463077545,0.4888888895511627,0.7777777910232544,0.42752060294151306,0.6113448143005371,0.8814213871955872,0.5172839760780334,0.4240644872188568,0.6305913329124451,0.8853012919425964,0.5172839760780334,reference_scene_id
B2,mean,8eabc45f-5af7-2f32-8528-640861d2a135,canonical,2,5,0.2850290536880493,0.37975120544433594,0.5739552974700928,0.4538649916648865,0.6193958520889282,0.7599116563796997,0.49519026279449463,0.6621469855308533,0.867719292640686,0.58858722448349,0.512006402015686,0.6815729141235352,0.8832219839096069,0.58858722448349,reference_scene_id
B2,mean,ddc73797-765b-241a-9e2c-097c5989baf6,canonical,2,6,0.18322141468524933,0.3403850495815277,0.46265438199043274,0.2704974114894867,0.4594576060771942,0.6059186458587646,0.31612735986709595,0.5285235047340393,0.6958598494529724,0.4312182664871216,0.3218107521533966,0.5354750156402588,0.6925543546676636,0.4312182664871216,reference_scene_id
B2,mean,10b17940-3938-2467-8a7a-958300ba83d3,canonical,3,10,0.2210255116224289,0.3195837438106537,0.3304077982902527,0.435933381319046,0.5569023489952087,0.5741863250732422,0.5246925354003906,0.7180404663085938,0.7596662044525146,0.7352715730667114,0.556598961353302,0.7414668202400208,0.7678972482681274,0.7352715730667114,reference_scene_id
B2,mean,137a8158-1db5-2cc0-8003-31c12610471e,canonical,3,12,0.1260158121585846,0.21479381620883942,0.27789562940597534,0.27776896953582764,0.3952809274196625,0.43868371844291687,0.4358232915401459,0.644302487373352,0.7556350827217102,0.5646557807922363,0.43916022777557373,0.6590098142623901,0.756643533706665,0.5646557807922363,reference_scene_id
B2,mean,280d8ebb-6cc6-2788-9153-98959a2da801,canonical,3,5,0.2645995020866394,0.4370080828666687,0.5510849356651306,0.30323076248168945,0.4910539388656616,0.5913235545158386,0.5320782661437988,0.7969450354576111,0.9244065880775452,0.6228996515274048,0.5483886003494263,0.7878963947296143,0.9180539846420288,0.6228996515274048,reference_scene_id
B2,mean,5630cfcf-12bf-2860-8784-83d28a611a83,canonical,3,5,0.1881481409072876,0.31462961435317993,0.6357407569885254,0.24938271939754486,0.4000000059604645,0.7111111283302307,0.40598222613334656,0.5945348143577576,0.894443929195404,0.5172839760780334,0.4240644872188568,0.6305913329124451,0.8853012919425964,0.5172839760780334,reference_scene_id
B2,mean,8eabc45f-5af7-2f32-8528-640861d2a135,canonical,3,5,0.11423741281032562,0.15671859681606293,0.3292430341243744,0.30884531140327454,0.40849927067756653,0.5461416840553284,0.5059661269187927,0.6780034303665161,0.8852300643920898,0.586394190788269,0.512006402015686,0.6815729141235352,0.8832219839096069,0.58858722448349,reference_scene_id
B2,mean,ddc73797-765b-241a-9e2c-097c5989baf6,canonical,3,6,0.08876261115074158,0.1866053193807602,0.25806012749671936,0.18101079761981964,0.3175208568572998,0.43335941433906555,0.31681400537490845,0.5413850545883179,0.6901248097419739,0.4312182664871216,0.3218107521533966,0.5354750156402588,0.6925543546676636,0.4312182664871216,reference_scene_id
B2,mean,10b17940-3938-2467-8a7a-958300ba83d3,canonical,4,10,0.1469600647687912,0.21781836450099945,0.21993768215179443,0.29434192180633545,0.3864996135234833,0.3920551538467407,0.5157456398010254,0.6919901371002197,0.7370960116386414,0.7211623191833496,0.556598961353302,0.7414668202400208,0.7678972482681274,0.7352715730667114,reference_scene_id
B2,mean,137a8158-1db5-2cc0-8003-31c12610471e,canonical,4,12,0.04736144095659256,0.08470133692026138,0.14082510769367218,0.18118387460708618,0.24866069853305817,0.28338295221328735,0.4357583224773407,0.6393698453903198,0.7554039359092712,0.5646557807922363,0.43916022777557373,0.6590098142623901,0.756643533706665,0.5646557807922363,reference_scene_id
B2,mean,280d8ebb-6cc6-2788-9153-98959a2da801,canonical,4,5,0.23908410966396332,0.41178178787231445,0.5061548948287964,0.2663888931274414,0.45124998688697815,0.5462499856948853,0.525824785232544,0.7929784655570984,0.9203776121139526,0.6228996515274048,0.5483886003494263,0.7878963947296143,0.9180539846420288,0.6228996515274048,reference_scene_id
B2,mean,5630cfcf-12bf-2860-8784-83d28a611a83,canonical,4,5,0.09179012477397919,0.20537036657333374,0.5366666316986084,0.1876543015241623,0.35555556416511536,0.6444444060325623,0.3993682265281677,0.6062522530555725,0.8828102946281433,0.5172839760780334,0.4240644872188568,0.6305913329124451,0.8853012919425964,0.5172839760780334,reference_scene_id
B2,mean,8eabc45f-5af7-2f32-8528-640861d2a135,canonical,4,5,0.04940561205148697,0.06255805492401123,0.21404147148132324,0.18924008309841156,0.24331121146678925,0.37947192788124084,0.5077846050262451,0.6785547733306885,0.8941682577133179,0.5923721790313721,0.512006402015686,0.6815729141235352,0.8832219839096069,0.58858722448349,reference_scene_id
B2,mean,ddc73797-765b-241a-9e2c-097c5989baf6,canonical,4,6,0.03309499844908714,0.06250687688589096,0.10813166201114655,0.1151445060968399,0.18704907596111298,0.2948683500289917,0.3198350965976715,0.5260519981384277,0.6751036047935486,0.4312182664871216,0.3218107521533966,0.5354750156402588,0.6925543546676636,0.4312182664871216,reference_scene_id
B2,mean,10b17940-3938-2467-8a7a-958300ba83d3,canonical,5,10,0.11228299140930176,0.1745663285255432,0.17457880079746246,0.23848003149032593,0.31080129742622375,0.31080129742622375,0.551425576210022,0.7238518595695496,0.7639448046684265,0.7355655431747437,0.556598961353302,0.7414668202400208,0.7678972482681274,0.7352715730667114,reference_scene_id
B2,mean,137a8158-1db5-2cc0-8003-31c12610471e,canonical,5,12,0.016856053844094276,0.03587280958890915,0.08594626188278198,0.1116797924041748,0.16851550340652466,0.21191829442977905,0.43545758724212646,0.6440904140472412,0.7547979950904846,0.5646557807922363,0.43916022777557373,0.6590098142623901,0.756643533706665,0.5646557807922363,reference_scene_id
B2,mean,280d8ebb-6cc6-2788-9153-98959a2da801,canonical,5,5,0.14358139038085938,0.266175776720047,0.3294539451599121,0.1852777600288391,0.33500000834465027,0.4475000202655792,0.519088625907898,0.7825509309768677,0.9188973903656006,0.6228996515274048,0.5483886003494263,0.7878963947296143,0.9180539846420288,0.6228996515274048,reference_scene_id
B2,mean,5630cfcf-12bf-2860-8784-83d28a611a83,canonical,5,5,0.06358907371759415,0.1923545002937317,0.48476192355155945,0.14814816415309906,0.31111109256744385,0.5777777433395386,0.40253016352653503,0.6210669875144958,0.9087362289428711,0.5172839760780334,0.4240644872188568,0.6305913329124451,0.8853012919425964,0.5172839760780334,reference_scene_id
B2,mean,8eabc45f-5af7-2f32-8528-640861d2a135,canonical,5,5,0.029637476429343224,0.032098907977342606,0.17945221066474915,0.13148148357868195,0.15000000596046448,0.2958333492279053,0.49924972653388977,0.6660551428794861,0.8772954940795898,0.586394190788269,0.512006402015686,0.6815729141235352,0.8832219839096069,0.58858722448349,reference_scene_id
B2,mean,ddc73797-765b-241a-9e2c-097c5989baf6,canonical,5,6,0.008771456778049469,0.0173965934664011,0.04287444055080414,0.06309597194194794,0.10356635600328445,0.20177073776721954,0.3035160303115845,0.5195369720458984,0.6691577434539795,0.4312182664871216,0.3218107521533966,0.5354750156402588,0.6925543546676636,0.4312182664871216,reference_scene_id
B2,mean,10b17940-3938-2467-8a7a-958300ba83d3,reverse,2,10,0.3252454698085785,0.44617483019828796,0.4852600693702698,0.490796834230423,0.6304833889007568,0.6808441877365112,0.5678431987762451,0.708867073059082,0.7735582590103149,0.7370067834854126,0.5698769092559814,0.7052192091941833,0.7748087644577026,0.7370067834854126,reference_scene_id
B2,mean,137a8158-1db5-2cc0-8003-31c12610471e,reverse,2,12,0.2877238988876343,0.49762028455734253,0.570271372795105,0.40702760219573975,0.6264941096305847,0.6763721704483032,0.44357672333717346,0.6678962111473083,0.7647807002067566,0.5412804484367371,0.44865015149116516,0.6767132878303528,0.765070378780365,0.5412804484367371,reference_scene_id
B2,mean,280d8ebb-6cc6-2788-9153-98959a2da801,reverse,2,5,0.32304930686950684,0.5109713673591614,0.5678456425666809,0.46879953145980835,0.6910160183906555,0.7756433486938477,0.46036195755004883,0.703103244304657,0.7806861400604248,0.6348447203636169,0.46210023760795593,0.702285647392273,0.7861071825027466,0.6348447203636169,reference_scene_id
B2,mean,5630cfcf-12bf-2860-8784-83d28a611a83,reverse,2,5,0.26989197731018066,0.39261317253112793,0.6596401929855347,0.3314814865589142,0.4777778089046478,0.7444444298744202,0.43543270230293274,0.6316497921943665,0.8398290872573853,0.5209876298904419,0.43646499514579773,0.5996549129486084,0.8403284549713135,0.5209876298904419,reference_scene_id
B2,mean,8eabc45f-5af7-2f32-8528-640861d2a135,reverse,2,5,0.26697269082069397,0.3698278069496155,0.5838655829429626,0.4469815492630005,0.6267385482788086,0.7799437046051025,0.4784499704837799,0.7151279449462891,0.9044386148452759,0.5651194453239441,0.48918405175209045,0.7060542702674866,0.8988305926322937,0.5651194453239441,reference_scene_id
B2,mean,ddc73797-765b-241a-9e2c-097c5989baf6,reverse,2,6,0.18428625166416168,0.369671493768692,0.4747265875339508,0.2633574306964874,0.4629298448562622,0.6080203056335449,0.3417651951313019,0.5823051929473877,0.7067392468452454,0.4830830991268158,0.3428148031234741,0.5776262879371643,0.7006441354751587,0.4830830991268158,reference_scene_id
B2,mean,10b17940-3938-2467-8a7a-958300ba83d3,reverse,3,10,0.1737111657857895,0.2217814177274704,0.24817609786987305,0.34295424818992615,0.43647587299346924,0.48237937688827515,0.5535082221031189,0.7021780014038086,0.755821943283081,0.7408280372619629,0.5698769092559814,0.7052192091941833,0.7748087644577026,0.7370067834854126,reference_scene_id
B2,mean,137a8158-1db5-2cc0-8003-31c12610471e,reverse,3,12,0.13239111006259918,0.2509084939956665,0.3237980306148529,0.25458580255508423,0.42250630259513855,0.47719383239746094,0.44071751832962036,0.6684662103652954,0.7625276446342468,0.5412804484367371,0.44865015149116516,0.6767132878303528,0.765070378780365,0.5412804484367371,reference_scene_id
B2,mean,280d8ebb-6cc6-2788-9153-98959a2da801,reverse,3,5,0.2650628387928009,0.42154884338378906,0.46236521005630493,0.4050441086292267,0.6294304132461548,0.6783193349838257,0.4418085217475891,0.691118061542511,0.7836246490478516,0.6348447203636169,0.46210023760795593,0.702285647392273,0.7861071825027466,0.6348447203636169,reference_scene_id
B2,mean,5630cfcf-12bf-2860-8784-83d28a611a83,reverse,3,5,0.19020576775074005,0.29185187816619873,0.5821957588195801,0.2074074000120163,0.3333333432674408,0.6222221851348877,0.4420822858810425,0.6739141941070557,0.8438470363616943,0.5209876298904419,0.43646499514579773,0.5996549129486084,0.8403284549713135,0.5209876298904419,reference_scene_id
B2,mean,8eabc45f-5af7-2f32-8528-640861d2a135,reverse,3,5,0.09396996349096298,0.13557223975658417,0.29966670274734497,0.2852855324745178,0.4009818136692047,0.559778094291687,0.48927509784698486,0.7040889859199524,0.8889362215995789,0.5673124194145203,0.48918405175209045,0.7060542702674866,0.8988305926322937,0.5651194453239441,reference_scene_id
B2,mean,ddc73797-765b-241a-9e2c-097c5989baf6,reverse,3,6,0.07041220366954803,0.17124336957931519,0.23733019828796387,0.15952660143375397,0.32527050375938416,0.43565404415130615,0.3310873210430145,0.5846784710884094,0.7110527157783508,0.4830830991268158,0.3428148031234741,0.5776262879371643,0.7006441354751587,0.4830830991268158,reference_scene_id
B2,mean,10b17940-3938-2467-8a7a-958300ba83d3,reverse,4,10,0.09817470610141754,0.12340184301137924,0.1359846144914627,0.2128647416830063,0.2712121605873108,0.3150738477706909,0.5596637725830078,0.7258439660072327,0.7781683206558228,0.7370067834854126,0.5698769092559814,0.7052192091941833,0.7748087644577026,0.7370067834854126,reference_scene_id
B2,mean,137a8158-1db5-2cc0-8003-31c12610471e,reverse,4,12,0.052829742431640625,0.12326889485120773,0.1724744290113449,0.14869378507137299,0.28276291489601135,0.31624504923820496,0.44562864303588867,0.6703100204467773,0.7648761868476868,0.5412804484367371,0.44865015149116516,0.6767132878303528,0.765070378780365,0.5412804484367371,reference_scene_id
B2,mean,280d8ebb-6cc6-2788-9153-98959a2da801,reverse,4,5,0.24859635531902313,0.39120519161224365,0.4181630611419678,0.36625003814697266,0.5785714387893677,0.618571400642395,0.43757200241088867,0.6974741220474243,0.7885088920593262,0.6348447203636169,0.46210023760795593,0.702285647392273,0.7861071825027466,0.6348447203636169,reference_scene_id
B2,mean,5630cfcf-12bf-2860-8784-83d28a611a83,reverse,4,5,0.08637860417366028,0.19388890266418457,0.50812166929245,0.1308642029762268,0.2666666805744171,0.5555555820465088,0.4188332259654999,0.6309908628463745,0.8650352954864502,0.5209876298904419,0.43646499514579773,0.5996549129486084,0.8403284549713135,0.5209876298904419,reference_scene_id
B2,mean,8eabc45f-5af7-2f32-8528-640861d2a135,reverse,4,5,0.029150042682886124,0.037349406629800797,0.17790479958057404,0.15680891275405884,0.20833970606327057,0.34271472692489624,0.49664661288261414,0.7131820917129517,0.903327226638794,0.5738426446914673,0.48918405175209045,0.7060542702674866,0.8988305926322937,0.5651194453239441,reference_scene_id
B2,mean,ddc73797-765b-241a-9e2c-097c5989baf6,reverse,4,6,0.02862401492893696,0.07317501306533813,0.11907931417226791,0.09696169197559357,0.20797258615493774,0.3107864260673523,0.34119221568107605,0.589120626449585,0.7193614840507507,0.4830830991268158,0.3428148031234741,0.5776262879371643,0.7006441354751587,0.4830830991268158,reference_scene_id
B2,mean,10b17940-3938-2467-8a7a-958300ba83d3,reverse,5,10,0.0674271434545517,0.08239582180976868,0.08962687104940414,0.16625075042247772,0.20421868562698364,0.23120278120040894,0.5837390422821045,0.7512261271476746,0.8012352585792542,0.7408280372619629,0.5698769092559814,0.7052192091941833,0.7748087644577026,0.7370067834854126,reference_scene_id
B2,mean,137a8158-1db5-2cc0-8003-31c12610471e,reverse,5,12,0.02585771307349205,0.06696557253599167,0.10361185669898987,0.09712201356887817,0.19964149594306946,0.22245894372463226,0.44137272238731384,0.6603091955184937,0.7630549669265747,0.5412804484367371,0.44865015149116516,0.6767132878303528,0.765070378780365,0.5412804484367371,reference_scene_id
B2,mean,280d8ebb-6cc6-2788-9153-98959a2da801,reverse,5,5,0.15964290499687195,0.26704472303390503,0.2751953899860382,0.2904687523841858,0.48571428656578064,0.5057142972946167,0.44279658794403076,0.6825072765350342,0.7798594236373901,0.6348447203636169,0.46210023760795593,0.702285647392273,0.7861071825027466,0.6348447203636169,reference_scene_id
B2,mean,5630cfcf-12bf-2860-8784-83d28a611a83,reverse,5,5,0.03588477894663811,0.12740741670131683,0.46888890862464905,0.08641975373029709,0.24444444477558136,0.5111110806465149,0.413801372051239,0.6255387663841248,0.8648555278778076,0.5209876298904419,0.43646499514579773,0.5996549129486084,0.8403284549713135,0.5209876298904419,reference_scene_id
B2,mean,8eabc45f-5af7-2f32-8528-640861d2a135,reverse,5,5,0.013803353533148766,0.017488354817032814,0.15296484529972076,0.10462962836027145,0.13750000298023224,0.25,0.4938654899597168,0.7059492468833923,0.8957849144935608,0.5629264116287231,0.48918405175209045,0.7060542702674866,0.8988305926322937,0.5651194453239441,reference_scene_id
B2,mean,ddc73797-765b-241a-9e2c-097c5989baf6,reverse,5,6,0.01098434254527092,0.025553230196237564,0.05327470600605011,0.05415719747543335,0.09821327775716782,0.1961299479007721,0.3388742506504059,0.5831782221794128,0.7226826548576355,0.4830830991268158,0.3428148031234741,0.5776262879371643,0.7006441354751587,0.4830830991268158,reference_scene_id
B2,mean,10b17940-3938-2467-8a7a-958300ba83d3,sha256_seed45,2,10,0.3916589319705963,0.5242809057235718,0.5518906116485596,0.5127279758453369,0.6423838138580322,0.7053467631340027,0.5117009878158569,0.679552435874939,0.7681689858436584,0.6455222368240356,0.5121320486068726,0.6820292472839355,0.7724541425704956,0.6455222368240356,reference_scene_id
B2,mean,137a8158-1db5-2cc0-8003-31c12610471e,sha256_seed45,2,12,0.3332253694534302,0.5416738986968994,0.5809803605079651,0.4357694387435913,0.6543108224868774,0.676506519317627,0.49927806854248047,0.6695282459259033,0.7737528681755066,0.5830585956573486,0.5218499302864075,0.6875860691070557,0.7716923952102661,0.5830585956573486,reference_scene_id
B2,mean,280d8ebb-6cc6-2788-9153-98959a2da801,sha256_seed45,2,5,0.31954777240753174,0.4380580484867096,0.520312488079071,0.4404761791229248,0.6428571343421936,0.7285714149475098,0.5034722685813904,0.8333333134651184,1.0,0.5648148059844971,0.5308642387390137,0.8333333134651184,1.0,0.5648148059844971,reference_scene_id
B2,mean,5630cfcf-12bf-2860-8784-83d28a611a83,sha256_seed45,2,5,0.40740740299224854,0.5555555820465088,0.7777777910232544,0.40740740299224854,0.5555555820465088,0.7777777910232544,0.5469135642051697,0.7777777910232544,0.9768518805503845,0.5802469253540039,0.5469135642051697,0.7777777910232544,0.9768518805503845,0.5802469253540039,reference_scene_id
B2,mean,8eabc45f-5af7-2f32-8528-640861d2a135,sha256_seed45,2,5,0.28333336114883423,0.4121527671813965,0.53025883436203,0.37222227454185486,0.6291666626930237,0.6541666984558105,0.3923611044883728,0.53125,0.65625,0.4027777910232544,0.4027777910232544,0.625,0.75,0.4027777910232544,reference_scene_id
B2,mean,ddc73797-765b-241a-9e2c-097c5989baf6,sha256_seed45,2,6,0.06269285827875137,0.09324643760919571,0.24826686084270477,0.20330287516117096,0.31199750304222107,0.5454030632972717,0.27996504306793213,0.35530513525009155,0.4869333505630493,0.39844363927841187,0.2940201759338379,0.372346431016922,0.4991859197616577,0.39844363927841187,reference_scene_id
B2,mean,10b17940-3938-2467-8a7a-958300ba83d3,sha256_seed45,3,10,0.21712623536586761,0.287436842918396,0.30592572689056396,0.3715830445289612,0.46439462900161743,0.5072517991065979,0.5215237140655518,0.680767297744751,0.7267811894416809,0.7767489552497864,0.526994526386261,0.6850413084030151,0.7361992001533508,0.7767489552497864,reference_scene_id
B2,mean,137a8158-1db5-2cc0-8003-31c12610471e,sha256_seed45,3,12,0.15837427973747253,0.3700160086154938,0.3839031159877777,0.28388574719429016,0.508380651473999,0.5307765007019043,0.5310924053192139,0.7717592120170593,0.8425855040550232,0.6064261794090271,0.5347914099693298,0.7707216739654541,0.8400074243545532,0.6064261794090271,reference_scene_id
B2,mean,280d8ebb-6cc6-2788-9153-98959a2da801,sha256_seed45,3,5,0.3331789970397949,0.4819444715976715,0.5669270753860474,0.4404761791229248,0.6428571343421936,0.7285714149475098,0.6177983283996582,1.0,1.0,0.6820988059043884,0.6177983283996582,1.0,1.0,0.6820988059043884,reference_scene_id
B2,mean,5630cfcf-12bf-2860-8784-83d28a611a83,sha256_seed45,3,5,0.3086419701576233,0.5555555820465088,0.7777777910232544,0.3086419701576233,0.5555555820465088,0.7777777910232544,0.38831016421318054,0.7135416269302368,0.9635416269302368,0.4722222089767456,0.39178240299224854,0.7239583730697632,0.9739583730697632,0.4722222089767456,reference_scene_id
B2,mean,8eabc45f-5af7-2f32-8528-640861d2a135,sha256_seed45,3,5,0.2799968719482422,0.4095486104488373,0.5278724431991577,0.3638889193534851,0.6291666626930237,0.6541666984558105,0.48043981194496155,0.5260416269302368,0.5685763955116272,0.5555555820465088,0.48043981194496155,0.5260416269302368,0.5685763955116272,0.5555555820465088,reference_scene_id
B2,mean,ddc73797-765b-241a-9e2c-097c5989baf6,sha256_seed45,3,6,0.05000954493880272,0.09112875163555145,0.20695796608924866,0.09592436254024506,0.15496991574764252,0.30267539620399475,0.3685854375362396,0.5885389447212219,0.662321925163269,0.4834766387939453,0.39620086550712585,0.5903145670890808,0.655419111251831,0.4834766387939453,reference_scene_id
B2,mean,10b17940-3938-2467-8a7a-958300ba83d3,sha256_seed45,4,10,0.1366911232471466,0.1874750852584839,0.19096770882606506,0.22344151139259338,0.2848640978336334,0.33301225304603577,0.5609955191612244,0.6949800252914429,0.7227768898010254,0.7341532707214355,0.5642074942588806,0.6871211528778076,0.7289514541625977,0.7341532707214355,reference_scene_id
B2,mean,137a8158-1db5-2cc0-8003-31c12610471e,sha256_seed45,4,12,0.03546031564474106,0.0954529345035553,0.14522314071655273,0.1736508011817932,0.3032817542552948,0.30773526430130005,0.457025408744812,0.7510738968849182,0.7918123006820679,0.6132815480232239,0.47949516773223877,0.7584185600280762,0.7979655265808105,0.6132815480232239,reference_scene_id
B2,mean,280d8ebb-6cc6-2788-9153-98959a2da801,sha256_seed45,4,5,0.1128472238779068,0.265625,0.2718749940395355,0.1597222238779068,0.3125,0.3857142925262451,0.3258928656578064,0.6190476417541504,0.867559552192688,0.4404761791229248,0.3735119104385376,0.6190476417541504,0.8824405074119568,0.4404761791229248,reference_scene_id
B2,mean,5630cfcf-12bf-2860-8784-83d28a611a83,sha256_seed45,4,5,0.23456789553165436,0.4444444477558136,0.6666666865348816,0.23456789553165436,0.4444444477558136,0.6666666865348816,0.2864583432674408,0.5989583730697632,0.8489583730697632,0.460317462682724,0.2864583432674408,0.5989583730697632,0.8489583730697632,0.460317462682724,reference_scene_id
B2,mean,8eabc45f-5af7-2f32-8528-640861d2a135,sha256_seed45,4,5,0.1533574014902115,0.2700892686843872,0.3906249701976776,0.2361111342906952,0.3958333432674408,0.4583333432674408,0.48701566457748413,0.7526785731315613,0.992968738079071,0.5868055820465088,0.48701566457748413,0.7526785731315613,0.992968738079071,0.5868055820465088,reference_scene_id
B2,mean,ddc73797-765b-241a-9e2c-097c5989baf6,sha256_seed45,4,6,0.01748894713819027,0.05227505788207054,0.16197150945663452,0.05029502511024475,0.1039215698838234,0.24105392396450043,0.4969889223575592,0.7477904558181763,0.835205614566803,0.5863610506057739,0.4771590828895569,0.737598180770874,0.8262032270431519,0.5863610506057739,reference_scene_id
B2,mean,10b17940-3938-2467-8a7a-958300ba83d3,sha256_seed45,5,10,0.107014499604702,0.14937719702720642,0.1523492932319641,0.17992010712623596,0.2330065369606018,0.2700435519218445,0.6048885583877563,0.7121402621269226,0.7260291576385498,0.7120370268821716,0.6436281204223633,0.7474701404571533,0.7613590359687805,0.7120370268821716,reference_scene_id
B2,mean,137a8158-1db5-2cc0-8003-31c12610471e,sha256_seed45,5,12,0.014544417150318623,0.05449637770652771,0.08098427951335907,0.09106013178825378,0.20327772200107574,0.20327772200107574,0.3402996063232422,0.5304535627365112,0.6451638340950012,0.44462764263153076,0.3350999057292938,0.5326281785964966,0.658012866973877,0.44462764263153076,reference_scene_id
B2,mean,280d8ebb-6cc6-2788-9153-98959a2da801,sha256_seed45,5,5,0.1284722238779068,0.265625,0.265625,0.1597222238779068,0.3125,0.3571428656578064,0.6296296119689941,0.7453703880310059,0.9009259343147278,0.7160494327545166,0.6697531342506409,0.7824074625968933,0.9518518447875977,0.7160494327545166,reference_scene_id
B2,mean,5630cfcf-12bf-2860-8784-83d28a611a83,sha256_seed45,5,5,0.12345679104328156,0.3333333432674408,0.5555555820465088,0.12345679104328156,0.3333333432674408,0.5555555820465088,0.5010287761688232,0.7407407760620117,0.9351851940155029,0.5679012537002563,0.5010287761688232,0.7407407760620117,0.9351851940155029,0.5679012537002563,reference_scene_id
B2,mean,8eabc45f-5af7-2f32-8528-640861d2a135,sha256_seed45,5,5,0.00930301658809185,0.01766173727810383,0.1420394480228424,0.08564814925193787,0.1666666716337204,0.2291666716337204,0.5769312381744385,0.7595238089561462,0.9085034132003784,0.6216931343078613,0.5741534233093262,0.726190447807312,0.9085034132003784,0.6216931343078613,reference_scene_id
B2,mean,ddc73797-765b-241a-9e2c-097c5989baf6,sha256_seed45,5,6,0.017148250713944435,0.0494946651160717,0.15689228475093842,0.053455453366041183,0.09988988935947418,0.23334577679634094,0.3318648934364319,0.6417511701583862,0.875312328338623,0.43932539224624634,0.35635247826576233,0.6369386911392212,0.8660841584205627,0.43932539224624634,reference_scene_id
B3,latest,10b17940-3938-2467-8a7a-958300ba83d3,canonical,2,10,0.3624708950519562,0.5286058783531189,0.5542689561843872,0.5463483929634094,0.6961400508880615,0.7262986898422241,0.556598961353302,0.7414668202400208,0.7678972482681274,0.7352715730667114,0.556598961353302,0.7414668202400208,0.7678972482681274,0.7352715730667114,reference_scene_id
B3,latest,137a8158-1db5-2cc0-8003-31c12610471e,canonical,2,12,0.273318886756897,0.46149054169654846,0.528888463973999,0.42203962802886963,0.5948969125747681,0.6485943794250488,0.43916022777557373,0.6590098142623901,0.756643533706665,0.5646557807922363,0.43916022777557373,0.6590098142623901,0.756643533706665,0.5646557807922363,reference_scene_id
B3,latest,280d8ebb-6cc6-2788-9153-98959a2da801,canonical,2,5,0.3172210454940796,0.5130375027656555,0.6243455410003662,0.36858969926834106,0.573693037033081,0.6931288838386536,0.5483886003494263,0.7878963947296143,0.9180539846420288,0.6228996515274048,0.5483886003494263,0.7878963947296143,0.9180539846420288,0.6228996515274048,reference_scene_id
B3,latest,5630cfcf-12bf-2860-8784-83d28a611a83,canonical,2,5,0.25014087557792664,0.38229188323020935,0.6649087071418762,0.3203703463077545,0.4888888895511627,0.7777777910232544,0.4240644872188568,0.6305913329124451,0.8853012919425964,0.5172839760780334,0.4240644872188568,0.6305913329124451,0.8853012919425964,0.5172839760780334,reference_scene_id
B3,latest,8eabc45f-5af7-2f32-8528-640861d2a135,canonical,2,5,0.26915135979652405,0.36500319838523865,0.5514289140701294,0.4538649916648865,0.6193958520889282,0.7599116563796997,0.512006402015686,0.6815729141235352,0.8832219839096069,0.58858722448349,0.512006402015686,0.6815729141235352,0.8832219839096069,0.58858722448349,reference_scene_id
B3,latest,ddc73797-765b-241a-9e2c-097c5989baf6,canonical,2,6,0.17445515096187592,0.335271954536438,0.44791561365127563,0.2704974114894867,0.4594576060771942,0.6059186458587646,0.3218107521533966,0.5354750156402588,0.6925543546676636,0.4312182664871216,0.3218107521533966,0.5354750156402588,0.6925543546676636,0.4312182664871216,reference_scene_id
B3,latest,10b17940-3938-2467-8a7a-958300ba83d3,canonical,3,10,0.24400252103805542,0.3430399000644684,0.3477371633052826,0.435933381319046,0.5569023489952087,0.5741863250732422,0.5380901098251343,0.7222356796264648,0.7486612200737,0.7352715730667114,0.556598961353302,0.7414668202400208,0.7678972482681274,0.7352715730667114,reference_scene_id
B3,latest,137a8158-1db5-2cc0-8003-31c12610471e,canonical,3,12,0.11427630484104156,0.20114123821258545,0.25698238611221313,0.27719029784202576,0.39267680048942566,0.4360795319080353,0.43916022777557373,0.6590098142623901,0.756643533706665,0.5646557807922363,0.43916022777557373,0.6590098142623901,0.756643533706665,0.5646557807922363,reference_scene_id
B3,latest,280d8ebb-6cc6-2788-9153-98959a2da801,canonical,3,5,0.2597930431365967,0.43210023641586304,0.5591555833816528,0.3037863075733185,0.4910539388656616,0.605212390422821,0.5483886003494263,0.7878963947296143,0.9180539846420288,0.6228996515274048,0.5483886003494263,0.7878963947296143,0.9180539846420288,0.6228996515274048,reference_scene_id
B3,latest,5630cfcf-12bf-2860-8784-83d28a611a83,canonical,3,5,0.20995883643627167,0.3459259271621704,0.6427513957023621,0.24938271939754486,0.4000000059604645,0.7111111283302307,0.4240644872188568,0.6305913329124451,0.8853012919425964,0.5172839760780334,0.4240644872188568,0.6305913329124451,0.8853012919425964,0.5172839760780334,reference_scene_id
B3,latest,8eabc45f-5af7-2f32-8528-640861d2a135,canonical,3,5,0.11733678728342056,0.16410516202449799,0.3244594931602478,0.30884531140327454,0.40849927067756653,0.5461416840553284,0.5113039016723633,0.6789547204971313,0.8800172209739685,0.586394190788269,0.512006402015686,0.6815729141235352,0.8832219839096069,0.58858722448349,reference_scene_id
B3,latest,ddc73797-765b-241a-9e2c-097c5989baf6,canonical,3,6,0.07891902327537537,0.16797484457492828,0.242184579372406,0.18101079761981964,0.3175208568572998,0.41252607107162476,0.3218107521533966,0.5354750156402588,0.6925543546676636,0.4312182664871216,0.3218107521533966,0.5354750156402588,0.6925543546676636,0.4312182664871216,reference_scene_id
B3,latest,10b17940-3938-2467-8a7a-958300ba83d3,canonical,4,10,0.15502434968948364,0.23761241137981415,0.23974363505840302,0.29906976222991943,0.4007672965526581,0.4063228368759155,0.5491343140602112,0.7312366962432861,0.7573943138122559,0.7211623191833496,0.556598961353302,0.7414668202400208,0.7678972482681274,0.7352715730667114,reference_scene_id
B3,latest,137a8158-1db5-2cc0-8003-31c12610471e,canonical,4,12,0.04438910260796547,0.0836298018693924,0.12943550944328308,0.18118387460708618,0.24866069853305817,0.28338295221328735,0.43916022777557373,0.6590098142623901,0.756643533706665,0.5646557807922363,0.43916022777557373,0.6590098142623901,0.756643533706665,0.5646557807922363,reference_scene_id
B3,latest,280d8ebb-6cc6-2788-9153-98959a2da801,canonical,4,5,0.23003830015659332,0.39109349250793457,0.5048292279243469,0.26750001311302185,0.45124998688697815,0.5587500333786011,0.5483886003494263,0.7878963947296143,0.9180539846420288,0.6228996515274048,0.5483886003494263,0.7878963947296143,0.9180539846420288,0.6228996515274048,reference_scene_id
B3,latest,5630cfcf-12bf-2860-8784-83d28a611a83,canonical,4,5,0.08676954358816147,0.19333334267139435,0.5096032023429871,0.1876543015241623,0.35555556416511536,0.6444444060325623,0.4240644872188568,0.6305913329124451,0.8853012919425964,0.5172839760780334,0.4240644872188568,0.6305913329124451,0.8853012919425964,0.5172839760780334,reference_scene_id
B3,latest,8eabc45f-5af7-2f32-8528-640861d2a135,canonical,4,5,0.05262317508459091,0.06753775477409363,0.21864831447601318,0.18924008309841156,0.24331121146678925,0.37947192788124084,0.5173856019973755,0.6861041188240051,0.8905990123748779,0.5923721790313721,0.512006402015686,0.6815729141235352,0.8832219839096069,0.58858722448349,reference_scene_id
B3,latest,ddc73797-765b-241a-9e2c-097c5989baf6,canonical,4,6,0.025259513407945633,0.06734969466924667,0.10213053971529007,0.11009400337934494,0.18704907596111298,0.2740350067615509,0.3218107521533966,0.5354750156402588,0.6925543546676636,0.4312182664871216,0.3218107521533966,0.5354750156402588,0.6925543546676636,0.4312182664871216,reference_scene_id
B3,latest,10b17940-3938-2467-8a7a-958300ba83d3,canonical,5,10,0.13552722334861755,0.22224153578281403,0.22225509583950043,0.24928084015846252,0.3365885615348816,0.3365885615348816,0.5760762691497803,0.7652198076248169,0.7913774251937866,0.7355655431747437,0.556598961353302,0.7414668202400208,0.7678972482681274,0.7352715730667114,reference_scene_id
B3,latest,137a8158-1db5-2cc0-8003-31c12610471e,canonical,5,12,0.021981365978717804,0.04368924722075462,0.08770883828401566,0.1116797924041748,0.16851550340652466,0.21191829442977905,0.43916022777557373,0.6590098142623901,0.756643533706665,0.5646557807922363,0.43916022777557373,0.6590098142623901,0.756643533706665,0.5646557807922363,reference_scene_id
B3,latest,280d8ebb-6cc6-2788-9153-98959a2da801,canonical,5,5,0.1291268914937973,0.24200358986854553,0.3152729570865631,0.18638888001441956,0.33500000834465027,0.46000000834465027,0.5483886003494263,0.7878963947296143,0.9180539846420288,0.6228996515274048,0.5483886003494263,0.7878963947296143,0.9180539846420288,0.6228996515274048,reference_scene_id
B3,latest,5630cfcf-12bf-2860-8784-83d28a611a83,canonical,5,5,0.07098177820444107,0.20068782567977905,0.47399473190307617,0.14814816415309906,0.31111109256744385,0.5777777433395386,0.4240644872188568,0.6305913329124451,0.8853012919425964,0.5172839760780334,0.4240644872188568,0.6305913329124451,0.8853012919425964,0.5172839760780334,reference_scene_id
B3,latest,8eabc45f-5af7-2f32-8528-640861d2a135,canonical,5,5,0.029673777520656586,0.032140832394361496,0.17949412763118744,0.13148148357868195,0.15000000596046448,0.2958333492279053,0.5113039016723633,0.6789547204971313,0.8793554306030273,0.586394190788269,0.512006402015686,0.6815729141235352,0.8832219839096069,0.58858722448349,reference_scene_id
B3,latest,ddc73797-765b-241a-9e2c-097c5989baf6,canonical,5,6,0.008660946972668171,0.02651594951748848,0.05331345647573471,0.06218819320201874,0.10683432966470718,0.18420538306236267,0.3218107521533966,0.5354750156402588,0.6925543546676636,0.4312182664871216,0.3218107521533966,0.5354750156402588,0.6925543546676636,0.4312182664871216,reference_scene_id
B3,latest,10b17940-3938-2467-8a7a-958300ba83d3,reverse,2,10,0.33457282185554504,0.46176257729530334,0.5017473101615906,0.490796834230423,0.6304833889007568,0.6808441877365112,0.5698769092559814,0.7052192091941833,0.7748087644577026,0.7370067834854126,0.5698769092559814,0.7052192091941833,0.7748087644577026,0.7370067834854126,reference_scene_id
B3,latest,137a8158-1db5-2cc0-8003-31c12610471e,reverse,2,12,0.27790477871894836,0.48663562536239624,0.5580365061759949,0.40702760219573975,0.6264941096305847,0.6763721704483032,0.44865015149116516,0.6767132878303528,0.765070378780365,0.5412804484367371,0.44865015149116516,0.6767132878303528,0.765070378780365,0.5412804484367371,reference_scene_id
B3,latest,280d8ebb-6cc6-2788-9153-98959a2da801,reverse,2,5,0.3229948878288269,0.49701809883117676,0.5528308153152466,0.46879953145980835,0.6910160183906555,0.7756433486938477,0.46210023760795593,0.702285647392273,0.7861071825027466,0.6348447203636169,0.46210023760795593,0.702285647392273,0.7861071825027466,0.6348447203636169,reference_scene_id
B3,latest,5630cfcf-12bf-2860-8784-83d28a611a83,reverse,2,5,0.26305556297302246,0.3580092787742615,0.6611519455909729,0.3314814865589142,0.4777778089046478,0.7444444298744202,0.43646499514579773,0.5996549129486084,0.8403284549713135,0.5209876298904419,0.43646499514579773,0.5996549129486084,0.8403284549713135,0.5209876298904419,reference_scene_id
B3,latest,8eabc45f-5af7-2f32-8528-640861d2a135,reverse,2,5,0.25749725103378296,0.3585328459739685,0.5720503330230713,0.4469815492630005,0.6267385482788086,0.7799437046051025,0.48918405175209045,0.7060542702674866,0.8988305926322937,0.5651194453239441,0.48918405175209045,0.7060542702674866,0.8988305926322937,0.5651194453239441,reference_scene_id
B3,latest,ddc73797-765b-241a-9e2c-097c5989baf6,reverse,2,6,0.1695539504289627,0.3479476571083069,0.44947782158851624,0.2633574306964874,0.4629298448562622,0.6080203056335449,0.3428148031234741,0.5776262879371643,0.7006441354751587,0.4830830991268158,0.3428148031234741,0.5776262879371643,0.7006441354751587,0.4830830991268158,reference_scene_id
B3,latest,10b17940-3938-2467-8a7a-958300ba83d3,reverse,3,10,0.21068674325942993,0.27781808376312256,0.29748281836509705,0.3472191095352173,0.4374859929084778,0.4833894371986389,0.5545385479927063,0.6868122816085815,0.7529590129852295,0.7408280372619629,0.5698769092559814,0.7052192091941833,0.7748087644577026,0.7370067834854126,reference_scene_id
B3,latest,137a8158-1db5-2cc0-8003-31c12610471e,reverse,3,12,0.12625572085380554,0.2408837378025055,0.3142876625061035,0.26153022050857544,0.43292295932769775,0.48761045932769775,0.44865015149116516,0.6767132878303528,0.765070378780365,0.5412804484367371,0.44865015149116516,0.6767132878303528,0.765070378780365,0.5412804484367371,reference_scene_id
B3,latest,280d8ebb-6cc6-2788-9153-98959a2da801,reverse,3,5,0.2694721519947052,0.42532145977020264,0.4628293514251709,0.403774231672287,0.6237161755561829,0.672605037689209,0.46210023760795593,0.702285647392273,0.7861071825027466,0.6348447203636169,0.46210023760795593,0.702285647392273,0.7861071825027466,0.6348447203636169,reference_scene_id
B3,latest,5630cfcf-12bf-2860-8784-83d28a611a83,reverse,3,5,0.15362142026424408,0.2190740704536438,0.5555291175842285,0.20493824779987335,0.31111109256744385,0.6000000238418579,0.43646499514579773,0.5996549129486084,0.8403284549713135,0.5209876298904419,0.43646499514579773,0.5996549129486084,0.8403284549713135,0.5209876298904419,reference_scene_id
B3,latest,8eabc45f-5af7-2f32-8528-640861d2a135,reverse,3,5,0.08490745723247528,0.12350045144557953,0.2872529625892639,0.2852855324745178,0.4009818136692047,0.559778094291687,0.48960670828819275,0.7075757384300232,0.8960521817207336,0.5673124194145203,0.48918405175209045,0.7060542702674866,0.8988305926322937,0.5651194453239441,reference_scene_id
B3,latest,ddc73797-765b-241a-9e2c-097c5989baf6,reverse,3,6,0.06736618280410767,0.17185354232788086,0.22632263600826263,0.16335803270339966,0.3295808732509613,0.4355000853538513,0.3428148031234741,0.5776262879371643,0.7006441354751587,0.4830830991268158,0.3428148031234741,0.5776262879371643,0.7006441354751587,0.4830830991268158,reference_scene_id
B3,latest,10b17940-3938-2467-8a7a-958300ba83d3,reverse,4,10,0.1382652372121811,0.17370447516441345,0.18355004489421844,0.22700618207454681,0.28333336114883423,0.32719504833221436,0.5471948981285095,0.6763690710067749,0.7442126274108887,0.7370067834854126,0.5698769092559814,0.7052192091941833,0.7748087644577026,0.7370067834854126,reference_scene_id
B3,latest,137a8158-1db5-2cc0-8003-31c12610471e,reverse,4,12,0.046356286853551865,0.11238875985145569,0.1644781529903412,0.15563823282718658,0.29317957162857056,0.32666170597076416,0.44865015149116516,0.6767132878303528,0.765070378780365,0.5412804484367371,0.44865015149116516,0.6767132878303528,0.765070378780365,0.5412804484367371,reference_scene_id
B3,latest,280d8ebb-6cc6-2788-9153-98959a2da801,reverse,4,5,0.24448789656162262,0.38932502269744873,0.419620156288147,0.35640624165534973,0.5600000023841858,0.6057142615318298,0.46210023760795593,0.702285647392273,0.7861071825027466,0.6348447203636169,0.46210023760795593,0.702285647392273,0.7861071825027466,0.6348447203636169,reference_scene_id
B3,latest,5630cfcf-12bf-2860-8784-83d28a611a83,reverse,4,5,0.09197530895471573,0.17851853370666504,0.4936772584915161,0.12839506566524506,0.24444444477558136,0.5333333015441895,0.43646499514579773,0.5996549129486084,0.8403284549713135,0.5209876298904419,0.43646499514579773,0.5996549129486084,0.8403284549713135,0.5209876298904419,reference_scene_id
B3,latest,8eabc45f-5af7-2f32-8528-640861d2a135,reverse,4,5,0.028693338856101036,0.041450385004282,0.17472240328788757,0.16474542021751404,0.21726827323436737,0.35164326429367065,0.4963708519935608,0.715186357498169,0.9086170792579651,0.5738426446914673,0.48918405175209045,0.7060542702674866,0.8988305926322937,0.5651194453239441,reference_scene_id
B3,latest,ddc73797-765b-241a-9e2c-097c5989baf6,reverse,4,6,0.02653673104941845,0.06655886769294739,0.09195724129676819,0.09212161600589752,0.19850288331508636,0.2804833948612213,0.3428148031234741,0.5776262879371643,0.7006441354751587,0.4830830991268158,0.3428148031234741,0.5776262879371643,0.7006441354751587,0.4830830991268158,reference_scene_id
B3,latest,10b17940-3938-2467-8a7a-958300ba83d3,reverse,5,10,0.1187136247754097,0.1497957706451416,0.15554973483085632,0.18779954314231873,0.22745098173618317,0.25443509221076965,0.5545385479927063,0.6868122816085815,0.7529590129852295,0.7408280372619629,0.5698769092559814,0.7052192091941833,0.7748087644577026,0.7370067834854126,reference_scene_id
B3,latest,137a8158-1db5-2cc0-8003-31c12610471e,reverse,5,12,0.021475180983543396,0.05752039700746536,0.10103866457939148,0.09943684190511703,0.20484983921051025,0.23808395862579346,0.44865015149116516,0.6767132878303528,0.765070378780365,0.5412804484367371,0.44865015149116516,0.6767132878303528,0.765070378780365,0.5412804484367371,reference_scene_id
B3,latest,280d8ebb-6cc6-2788-9153-98959a2da801,reverse,5,5,0.14900964498519897,0.2575403153896332,0.2672877907752991,0.28062501549720764,0.46714285016059875,0.4871428310871124,0.46210023760795593,0.702285647392273,0.7861071825027466,0.6348447203636169,0.46210023760795593,0.702285647392273,0.7861071825027466,0.6348447203636169,reference_scene_id
B3,latest,5630cfcf-12bf-2860-8784-83d28a611a83,reverse,5,5,0.06981482356786728,0.16166667640209198,0.4166402220726013,0.08395061641931534,0.2222222238779068,0.4888888895511627,0.43646499514579773,0.5996549129486084,0.8403284549713135,0.5209876298904419,0.43646499514579773,0.5996549129486084,0.8403284549713135,0.5209876298904419,reference_scene_id
B3,latest,8eabc45f-5af7-2f32-8528-640861d2a135,reverse,5,5,0.013620570302009583,0.018248645588755608,0.14761300384998322,0.11574074625968933,0.15416666865348816,0.2666666507720947,0.4887538552284241,0.7042747139930725,0.896995484828949,0.5629264116287231,0.48918405175209045,0.7060542702674866,0.8988305926322937,0.5651194453239441,reference_scene_id
B3,latest,ddc73797-765b-241a-9e2c-097c5989baf6,reverse,5,6,0.007885710336267948,0.01751723885536194,0.029657689854502678,0.052345603704452515,0.09277849644422531,0.1698618233203888,0.3428148031234741,0.5776262879371643,0.7006441354751587,0.4830830991268158,0.3428148031234741,0.5776262879371643,0.7006441354751587,0.4830830991268158,reference_scene_id
B3,latest,10b17940-3938-2467-8a7a-958300ba83d3,sha256_seed45,2,10,0.3898482322692871,0.525521457195282,0.5529996752738953,0.5127279758453369,0.6423838138580322,0.7053467631340027,0.5121320486068726,0.6820292472839355,0.7724541425704956,0.6455222368240356,0.5121320486068726,0.6820292472839355,0.7724541425704956,0.6455222368240356,reference_scene_id
B3,latest,137a8158-1db5-2cc0-8003-31c12610471e,sha256_seed45,2,12,0.33955061435699463,0.5498676300048828,0.578157901763916,0.4357694387435913,0.6543108224868774,0.676506519317627,0.5218499302864075,0.6875860691070557,0.7716923952102661,0.5830585956573486,0.5218499302864075,0.6875860691070557,0.7716923952102661,0.5830585956573486,reference_scene_id
B3,latest,280d8ebb-6cc6-2788-9153-98959a2da801,sha256_seed45,2,5,0.33459410071372986,0.4849330484867096,0.5598958134651184,0.4404761791229248,0.6428571343421936,0.7285714149475098,0.5308642387390137,0.8333333134651184,1.0,0.5648148059844971,0.5308642387390137,0.8333333134651184,1.0,0.5648148059844971,reference_scene_id
B3,latest,5630cfcf-12bf-2860-8784-83d28a611a83,sha256_seed45,2,5,0.40740740299224854,0.5555555820465088,0.7777777910232544,0.40740740299224854,0.5555555820465088,0.7777777910232544,0.5469135642051697,0.7777777910232544,0.9768518805503845,0.5802469253540039,0.5469135642051697,0.7777777910232544,0.9768518805503845,0.5802469253540039,reference_scene_id
B3,latest,8eabc45f-5af7-2f32-8528-640861d2a135,sha256_seed45,2,5,0.28333336114883423,0.4121527671813965,0.53025883436203,0.37222227454185486,0.6291666626930237,0.6541666984558105,0.4027777910232544,0.625,0.75,0.4027777910232544,0.4027777910232544,0.625,0.75,0.4027777910232544,reference_scene_id
B3,latest,ddc73797-765b-241a-9e2c-097c5989baf6,sha256_seed45,2,6,0.06565918028354645,0.09608002007007599,0.25007325410842896,0.20330287516117096,0.31199750304222107,0.5454030632972717,0.2940201759338379,0.372346431016922,0.4991859197616577,0.39844363927841187,0.2940201759338379,0.372346431016922,0.4991859197616577,0.39844363927841187,reference_scene_id
B3,latest,10b17940-3938-2467-8a7a-958300ba83d3,sha256_seed45,3,10,0.2121543139219284,0.2750815451145172,0.2923986315727234,0.3715830445289612,0.46439462900161743,0.5072517991065979,0.526994526386261,0.6850413084030151,0.7361992001533508,0.7767489552497864,0.526994526386261,0.6850413084030151,0.7361992001533508,0.7767489552497864,reference_scene_id
B3,latest,137a8158-1db5-2cc0-8003-31c12610471e,sha256_seed45,3,12,0.15735524892807007,0.3732805848121643,0.3875185549259186,0.28388574719429016,0.508380651473999,0.5307765007019043,0.5347914099693298,0.7707216739654541,0.8400074243545532,0.6064261794090271,0.5347914099693298,0.7707216739654541,0.8400074243545532,0.6064261794090271,reference_scene_id
B3,latest,280d8ebb-6cc6-2788-9153-98959a2da801,sha256_seed45,3,5,0.342438280582428,0.5079861283302307,0.5679687261581421,0.4404761791229248,0.6428571343421936,0.699999988079071,0.6177983283996582,1.0,1.0,0.6820988059043884,0.6177983283996582,1.0,1.0,0.6820988059043884,reference_scene_id
B3,latest,5630cfcf-12bf-2860-8784-83d28a611a83,sha256_seed45,3,5,0.3086419701576233,0.5555555820465088,0.7777777910232544,0.3086419701576233,0.5555555820465088,0.7777777910232544,0.39178240299224854,0.7239583730697632,0.9739583730697632,0.4722222089767456,0.39178240299224854,0.7239583730697632,0.9739583730697632,0.4722222089767456,reference_scene_id
B3,latest,8eabc45f-5af7-2f32-8528-640861d2a135,sha256_seed45,3,5,0.28287041187286377,0.4121527671813965,0.5320391654968262,0.37222227454185486,0.6291666626930237,0.6541666984558105,0.48043981194496155,0.5260416269302368,0.5685763955116272,0.5555555820465088,0.48043981194496155,0.5260416269302368,0.5685763955116272,0.5555555820465088,reference_scene_id
B3,latest,ddc73797-765b-241a-9e2c-097c5989baf6,sha256_seed45,3,6,0.020113319158554077,0.043499723076820374,0.07979076355695724,0.09189210087060928,0.15496991574764252,0.20892538130283356,0.39620086550712585,0.5903145670890808,0.655419111251831,0.4834766387939453,0.39620086550712585,0.5903145670890808,0.655419111251831,0.4834766387939453,reference_scene_id
B3,latest,10b17940-3938-2467-8a7a-958300ba83d3,sha256_seed45,4,10,0.1328318864107132,0.18009379506111145,0.18487650156021118,0.22344151139259338,0.2848640978336334,0.33301225304603577,0.5642074942588806,0.6871211528778076,0.7289514541625977,0.7341532707214355,0.5642074942588806,0.6871211528778076,0.7289514541625977,0.7341532707214355,reference_scene_id
B3,latest,137a8158-1db5-2cc0-8003-31c12610471e,sha256_seed45,4,12,0.03799997270107269,0.10430098325014114,0.15403449535369873,0.1736508011817932,0.3032817542552948,0.30773526430130005,0.47949516773223877,0.7584185600280762,0.7979655265808105,0.6132815480232239,0.47949516773223877,0.7584185600280762,0.7979655265808105,0.6132815480232239,reference_scene_id
B3,latest,280d8ebb-6cc6-2788-9153-98959a2da801,sha256_seed45,4,5,0.1284722238779068,0.265625,0.2718749940395355,0.1597222238779068,0.3125,0.3857142925262451,0.3735119104385376,0.6190476417541504,0.8824405074119568,0.4404761791229248,0.3735119104385376,0.6190476417541504,0.8824405074119568,0.4404761791229248,reference_scene_id
B3,latest,5630cfcf-12bf-2860-8784-83d28a611a83,sha256_seed45,4,5,0.16049382090568542,0.3333333432674408,0.5555555820465088,0.16049382090568542,0.3333333432674408,0.5555555820465088,0.2864583432674408,0.5989583730697632,0.8489583730697632,0.460317462682724,0.2864583432674408,0.5989583730697632,0.8489583730697632,0.460317462682724,reference_scene_id
B3,latest,8eabc45f-5af7-2f32-8528-640861d2a135,sha256_seed45,4,5,0.1533574014902115,0.2700892686843872,0.3906249701976776,0.2361111342906952,0.3958333432674408,0.4583333432674408,0.48701566457748413,0.7526785731315613,0.992968738079071,0.5868055820465088,0.48701566457748413,0.7526785731315613,0.992968738079071,0.5868055820465088,reference_scene_id
B3,latest,ddc73797-765b-241a-9e2c-097c5989baf6,sha256_seed45,4,6,0.01192428544163704,0.025428753346204758,0.03539159893989563,0.047844044864177704,0.10024509578943253,0.14362744987010956,0.4771590828895569,0.737598180770874,0.8262032270431519,0.5863610506057739,0.4771590828895569,0.737598180770874,0.8262032270431519,0.5863610506057739,reference_scene_id
B3,latest,10b17940-3938-2467-8a7a-958300ba83d3,sha256_seed45,5,10,0.10944054275751114,0.15143699944019318,0.1546020358800888,0.1885620802640915,0.24411766231060028,0.29226580262184143,0.6436281204223633,0.7474701404571533,0.7613590359687805,0.7120370268821716,0.6436281204223633,0.7474701404571533,0.7613590359687805,0.7120370268821716,reference_scene_id
B3,latest,137a8158-1db5-2cc0-8003-31c12610471e,sha256_seed45,5,12,0.016793882474303246,0.06701530516147614,0.0935119241476059,0.09106013178825378,0.20327772200107574,0.20327772200107574,0.3350999057292938,0.5326281785964966,0.658012866973877,0.44462764263153076,0.3350999057292938,0.5326281785964966,0.658012866973877,0.44462764263153076,reference_scene_id
B3,latest,280d8ebb-6cc6-2788-9153-98959a2da801,sha256_seed45,5,5,0.1284722238779068,0.265625,0.265625,0.1597222238779068,0.3125,0.3571428656578064,0.6697531342506409,0.7824074625968933,0.9518518447875977,0.7160494327545166,0.6697531342506409,0.7824074625968933,0.9518518447875977,0.7160494327545166,reference_scene_id
B3,latest,5630cfcf-12bf-2860-8784-83d28a611a83,sha256_seed45,5,5,0.04938271641731262,0.2222222238779068,0.4444444477558136,0.04938271641731262,0.2222222238779068,0.4444444477558136,0.5010287761688232,0.7407407760620117,0.9351851940155029,0.5679012537002563,0.5010287761688232,0.7407407760620117,0.9351851940155029,0.5679012537002563,reference_scene_id
B3,latest,8eabc45f-5af7-2f32-8528-640861d2a135,sha256_seed45,5,5,0.00930301658809185,0.01766173727810383,0.1420394480228424,0.08564814925193787,0.1666666716337204,0.2291666716337204,0.5741534233093262,0.726190447807312,0.9085034132003784,0.6216931343078613,0.5741534233093262,0.726190447807312,0.9085034132003784,0.6216931343078613,reference_scene_id
B3,latest,ddc73797-765b-241a-9e2c-097c5989baf6,sha256_seed45,5,6,0.013305041939020157,0.03601129725575447,0.05765273794531822,0.05100446939468384,0.09621341526508331,0.14633597433567047,0.35635247826576233,0.6369386911392212,0.8660841584205627,0.43932539224624634,0.35635247826576233,0.6369386911392212,0.8660841584205627,0.43932539224624634,reference_scene_id
B3,max,10b17940-3938-2467-8a7a-958300ba83d3,canonical,2,10,0.3584309220314026,0.5322296619415283,0.5631736516952515,0.5463483929634094,0.6961400508880615,0.7262986898422241,0.5275519490242004,0.7151755094528198,0.7491113543510437,0.7352715730667114,0.556598961353302,0.7414668202400208,0.7678972482681274,0.7352715730667114,reference_scene_id
B3,max,137a8158-1db5-2cc0-8003-31c12610471e,canonical,2,12,0.2731699049472809,0.463228702545166,0.5292225480079651,0.42203962802886963,0.5948969125747681,0.6485943794250488,0.43806663155555725,0.6646063327789307,0.758931040763855,0.5646557807922363,0.43916022777557373,0.6590098142623901,0.756643533706665,0.5646557807922363,reference_scene_id
B3,max,280d8ebb-6cc6-2788-9153-98959a2da801,canonical,2,5,0.30100634694099426,0.48583918809890747,0.6188592910766602,0.36858969926834106,0.573693037033081,0.6931288838386536,0.5107805728912354,0.7456799745559692,0.8877651691436768,0.6228996515274048,0.5483886003494263,0.7878963947296143,0.9180539846420288,0.6228996515274048,reference_scene_id
B3,max,5630cfcf-12bf-2860-8784-83d28a611a83,canonical,2,5,0.2629292905330658,0.39392679929733276,0.6881595253944397,0.3203703463077545,0.4888888895511627,0.7777777910232544,0.4255158603191376,0.6137125492095947,0.8851118683815002,0.5172839760780334,0.4240644872188568,0.6305913329124451,0.8853012919425964,0.5172839760780334,reference_scene_id
B3,max,8eabc45f-5af7-2f32-8528-640861d2a135,canonical,2,5,0.2732875943183899,0.3685527443885803,0.5584222078323364,0.4538649916648865,0.6193958520889282,0.7599116563796997,0.48424726724624634,0.6506813764572144,0.8615012764930725,0.58858722448349,0.512006402015686,0.6815729141235352,0.8832219839096069,0.58858722448349,reference_scene_id
B3,max,ddc73797-765b-241a-9e2c-097c5989baf6,canonical,2,6,0.1711570769548416,0.3392865061759949,0.45315542817115784,0.2704974114894867,0.4594576060771942,0.6059186458587646,0.3044931888580322,0.5353617668151855,0.6957222819328308,0.4312182664871216,0.3218107521533966,0.5354750156402588,0.6925543546676636,0.4312182664871216,reference_scene_id
B3,max,10b17940-3938-2467-8a7a-958300ba83d3,canonical,3,10,0.2435256391763687,0.3639984130859375,0.374081552028656,0.435933381319046,0.5569023489952087,0.5741863250732422,0.511273205280304,0.6973227262496948,0.7367997765541077,0.7352715730667114,0.556598961353302,0.7414668202400208,0.7678972482681274,0.7352715730667114,reference_scene_id
B3,max,137a8158-1db5-2cc0-8003-31c12610471e,canonical,3,12,0.1399216651916504,0.23826120793819427,0.2959456443786621,0.27719029784202576,0.39267680048942566,0.4360795319080353,0.43689385056495667,0.6674115061759949,0.7614281177520752,0.5646557807922363,0.43916022777557373,0.6590098142623901,0.756643533706665,0.5646557807922363,reference_scene_id
B3,max,280d8ebb-6cc6-2788-9153-98959a2da801,canonical,3,5,0.2476746290922165,0.413840651512146,0.5575029253959656,0.3037863075733185,0.4910539388656616,0.605212390422821,0.4970201849937439,0.7548112869262695,0.9005478620529175,0.6228996515274048,0.5483886003494263,0.7878963947296143,0.9180539846420288,0.6228996515274048,reference_scene_id
B3,max,5630cfcf-12bf-2860-8784-83d28a611a83,canonical,3,5,0.20965023338794708,0.3557407557964325,0.6576058268547058,0.24938271939754486,0.4000000059604645,0.7111111283302307,0.39923202991485596,0.6356878280639648,0.8809451460838318,0.5172839760780334,0.4240644872188568,0.6305913329124451,0.8853012919425964,0.5172839760780334,reference_scene_id
B3,max,8eabc45f-5af7-2f32-8528-640861d2a135,canonical,3,5,0.10615276545286179,0.15060485899448395,0.3140779733657837,0.30884531140327454,0.40849927067756653,0.5461416840553284,0.463569700717926,0.6211991310119629,0.8348591327667236,0.586394190788269,0.512006402015686,0.6815729141235352,0.8832219839096069,0.58858722448349,reference_scene_id
B3,max,ddc73797-765b-241a-9e2c-097c5989baf6,canonical,3,6,0.08881401270627975,0.19726286828517914,0.2682356536388397,0.18101079761981964,0.3175208568572998,0.41252607107162476,0.3141075074672699,0.5378884077072144,0.6902511119842529,0.4312182664871216,0.3218107521533966,0.5354750156402588,0.6925543546676636,0.4312182664871216,reference_scene_id
B3,max,10b17940-3938-2467-8a7a-958300ba83d3,canonical,4,10,0.16597580909729004,0.2695886492729187,0.2717097997665405,0.29906976222991943,0.4007672965526581,0.4063228368759155,0.5309357643127441,0.7120610475540161,0.7481457591056824,0.7211623191833496,0.556598961353302,0.7414668202400208,0.7678972482681274,0.7352715730667114,reference_scene_id
B3,max,137a8158-1db5-2cc0-8003-31c12610471e,canonical,4,12,0.06161593645811081,0.10555224865674973,0.17376449704170227,0.18118387460708618,0.24866069853305817,0.28338295221328735,0.421019583940506,0.6404110789299011,0.7574813365936279,0.5646557807922363,0.43916022777557373,0.6590098142623901,0.756643533706665,0.5646557807922363,reference_scene_id
B3,max,280d8ebb-6cc6-2788-9153-98959a2da801,canonical,4,5,0.2227664738893509,0.3789486587047577,0.5219218730926514,0.26750001311302185,0.45124998688697815,0.5587500333786011,0.5115740299224854,0.7721229195594788,0.8927996754646301,0.6228996515274048,0.5483886003494263,0.7878963947296143,0.9180539846420288,0.6228996515274048,reference_scene_id
B3,max,5630cfcf-12bf-2860-8784-83d28a611a83,canonical,4,5,0.13078190386295319,0.277222216129303,0.5661728382110596,0.1876543015241623,0.35555556416511536,0.6444444060325623,0.40257441997528076,0.6664638519287109,0.8764081597328186,0.5172839760780334,0.4240644872188568,0.6305913329124451,0.8853012919425964,0.5172839760780334,reference_scene_id
B3,max,8eabc45f-5af7-2f32-8528-640861d2a135,canonical,4,5,0.04291398823261261,0.054411277174949646,0.20391926169395447,0.18924008309841156,0.24331121146678925,0.37947192788124084,0.48675960302352905,0.6639136075973511,0.8711551427841187,0.5923721790313721,0.512006402015686,0.6815729141235352,0.8832219839096069,0.58858722448349,reference_scene_id
B3,max,ddc73797-765b-241a-9e2c-097c5989baf6,canonical,4,6,0.035026926547288895,0.08171907812356949,0.12219274044036865,0.11009400337934494,0.18704907596111298,0.2740350067615509,0.3144010305404663,0.5414708852767944,0.6915910840034485,0.4312182664871216,0.3218107521533966,0.5354750156402588,0.6925543546676636,0.4312182664871216,reference_scene_id
B3,max,10b17940-3938-2467-8a7a-958300ba83d3,canonical,5,10,0.13992156088352203,0.24117261171340942,0.24118617177009583,0.24928084015846252,0.3365885615348816,0.3365885615348816,0.5754877924919128,0.7593407034873962,0.8007657527923584,0.7355655431747437,0.556598961353302,0.7414668202400208,0.7678972482681274,0.7352715730667114,reference_scene_id
B3,max,137a8158-1db5-2cc0-8003-31c12610471e,canonical,5,12,0.029123935848474503,0.05321864038705826,0.11581388115882874,0.1116797924041748,0.16851550340652466,0.21191829442977905,0.43579134345054626,0.6687992811203003,0.7581313252449036,0.5646557807922363,0.43916022777557373,0.6590098142623901,0.756643533706665,0.5646557807922363,reference_scene_id
B3,max,280d8ebb-6cc6-2788-9153-98959a2da801,canonical,5,5,0.14431606233119965,0.2655395269393921,0.3690779209136963,0.18638888001441956,0.33500000834465027,0.46000000834465027,0.507854700088501,0.7466309070587158,0.8920525312423706,0.6228996515274048,0.5483886003494263,0.7878963947296143,0.9180539846420288,0.6228996515274048,reference_scene_id
B3,max,5630cfcf-12bf-2860-8784-83d28a611a83,canonical,5,5,0.10845679044723511,0.2516666650772095,0.5355556011199951,0.14814816415309906,0.31111109256744385,0.5777777433395386,0.4252423942089081,0.6214638948440552,0.9138420820236206,0.5172839760780334,0.4240644872188568,0.6305913329124451,0.8853012919425964,0.5172839760780334,reference_scene_id
B3,max,8eabc45f-5af7-2f32-8528-640861d2a135,canonical,5,5,0.026430681347846985,0.028868742287158966,0.1762220412492752,0.13148148357868195,0.15000000596046448,0.2958333492279053,0.4949420690536499,0.6531632542610168,0.8486837148666382,0.586394190788269,0.512006402015686,0.6815729141235352,0.8832219839096069,0.58858722448349,reference_scene_id
B3,max,ddc73797-765b-241a-9e2c-097c5989baf6,canonical,5,6,0.009286757558584213,0.027534209191799164,0.05513618513941765,0.06218819320201874,0.10683432966470718,0.18420538306236267,0.29606714844703674,0.5201278924942017,0.6788960695266724,0.4312182664871216,0.3218107521533966,0.5354750156402588,0.6925543546676636,0.4312182664871216,reference_scene_id
B3,max,10b17940-3938-2467-8a7a-958300ba83d3,reverse,2,10,0.32090574502944946,0.44197142124176025,0.4802895188331604,0.490796834230423,0.6304833889007568,0.6808441877365112,0.5579260587692261,0.7048422694206238,0.7623187899589539,0.7370067834854126,0.5698769092559814,0.7052192091941833,0.7748087644577026,0.7370067834854126,reference_scene_id
B3,max,137a8158-1db5-2cc0-8003-31c12610471e,reverse,2,12,0.2766404449939728,0.48276135325431824,0.5573548674583435,0.40702760219573975,0.6264941096305847,0.6763721704483032,0.43128547072410583,0.6492675542831421,0.7550485134124756,0.5412804484367371,0.44865015149116516,0.6767132878303528,0.765070378780365,0.5412804484367371,reference_scene_id
B3,max,280d8ebb-6cc6-2788-9153-98959a2da801,reverse,2,5,0.30890506505966187,0.502227783203125,0.5557903051376343,0.46879953145980835,0.6910160183906555,0.7756433486938477,0.4438549280166626,0.6938631534576416,0.7613431215286255,0.6348447203636169,0.46210023760795593,0.702285647392273,0.7861071825027466,0.6348447203636169,reference_scene_id
B3,max,5630cfcf-12bf-2860-8784-83d28a611a83,reverse,2,5,0.24983759224414825,0.4088558554649353,0.6761519908905029,0.3314814865589142,0.4777778089046478,0.7444444298744202,0.3943295478820801,0.6132439374923706,0.8295260667800903,0.5209876298904419,0.43646499514579773,0.5996549129486084,0.8403284549713135,0.5209876298904419,reference_scene_id
B3,max,8eabc45f-5af7-2f32-8528-640861d2a135,reverse,2,5,0.23546379804611206,0.33299851417541504,0.5443766117095947,0.4469815492630005,0.6267385482788086,0.7799437046051025,0.4869846701622009,0.7090757489204407,0.9010682106018066,0.5651194453239441,0.48918405175209045,0.7060542702674866,0.8988305926322937,0.5651194453239441,reference_scene_id
B3,max,ddc73797-765b-241a-9e2c-097c5989baf6,reverse,2,6,0.1728239208459854,0.3542957305908203,0.45857828855514526,0.2633574306964874,0.4629298448562622,0.6080203056335449,0.32762202620506287,0.5755622982978821,0.7030372619628906,0.4830830991268158,0.3428148031234741,0.5776262879371643,0.7006441354751587,0.4830830991268158,reference_scene_id
B3,max,10b17940-3938-2467-8a7a-958300ba83d3,reverse,3,10,0.2044702023267746,0.26373812556266785,0.2844785153865814,0.3472191095352173,0.4374859929084778,0.4833894371986389,0.5409358739852905,0.6877707839012146,0.7463966012001038,0.7408280372619629,0.5698769092559814,0.7052192091941833,0.7748087644577026,0.7370067834854126,reference_scene_id
B3,max,137a8158-1db5-2cc0-8003-31c12610471e,reverse,3,12,0.14281943440437317,0.27989381551742554,0.3593817353248596,0.26153022050857544,0.43292295932769775,0.48761045932769775,0.42084696888923645,0.6651970148086548,0.7618131041526794,0.5412804484367371,0.44865015149116516,0.6767132878303528,0.765070378780365,0.5412804484367371,reference_scene_id
B3,max,280d8ebb-6cc6-2788-9153-98959a2da801,reverse,3,5,0.26148128509521484,0.4304168224334717,0.47332704067230225,0.403774231672287,0.6237161755561829,0.672605037689209,0.43193668127059937,0.6924237012863159,0.7778842449188232,0.6348447203636169,0.46210023760795593,0.702285647392273,0.7861071825027466,0.6348447203636169,reference_scene_id
B3,max,5630cfcf-12bf-2860-8784-83d28a611a83,reverse,3,5,0.16152852773666382,0.23907406628131866,0.523902177810669,0.20493824779987335,0.31111109256744385,0.6000000238418579,0.37975773215293884,0.5901575088500977,0.7768496870994568,0.5209876298904419,0.43646499514579773,0.5996549129486084,0.8403284549713135,0.5209876298904419,reference_scene_id
B3,max,8eabc45f-5af7-2f32-8528-640861d2a135,reverse,3,5,0.08021435141563416,0.11443372070789337,0.27647680044174194,0.2852855324745178,0.4009818136692047,0.559778094291687,0.48674237728118896,0.697904109954834,0.8816519379615784,0.5673124194145203,0.48918405175209045,0.7060542702674866,0.8988305926322937,0.5651194453239441,reference_scene_id
B3,max,ddc73797-765b-241a-9e2c-097c5989baf6,reverse,3,6,0.07221842557191849,0.17335057258605957,0.23670579493045807,0.16335803270339966,0.3295808732509613,0.4355000853538513,0.32513099908828735,0.5715938210487366,0.7011328935623169,0.4830830991268158,0.3428148031234741,0.5776262879371643,0.7006441354751587,0.4830830991268158,reference_scene_id
B3,max,10b17940-3938-2467-8a7a-958300ba83d3,reverse,4,10,0.14896178245544434,0.18512947857379913,0.19249573349952698,0.22700618207454681,0.28333336114883423,0.32719504833221436,0.5408665537834167,0.6951311230659485,0.7462776899337769,0.7370067834854126,0.5698769092559814,0.7052192091941833,0.7748087644577026,0.7370067834854126,reference_scene_id
B3,max,137a8158-1db5-2cc0-8003-31c12610471e,reverse,4,12,0.05522525683045387,0.1522676646709442,0.205067977309227,0.15563823282718658,0.29317957162857056,0.32666170597076416,0.39167195558547974,0.6464945673942566,0.7309942841529846,0.5412804484367371,0.44865015149116516,0.6767132878303528,0.765070378780365,0.5412804484367371,reference_scene_id
B3,max,280d8ebb-6cc6-2788-9153-98959a2da801,reverse,4,5,0.23998087644577026,0.378807008266449,0.4373193383216858,0.35640624165534973,0.5600000023841858,0.6057142615318298,0.42437878251075745,0.6738515496253967,0.770946204662323,0.6348447203636169,0.46210023760795593,0.702285647392273,0.7861071825027466,0.6348447203636169,reference_scene_id
B3,max,5630cfcf-12bf-2860-8784-83d28a611a83,reverse,4,5,0.0930825024843216,0.188703715801239,0.47858020663261414,0.12839506566524506,0.24444444477558136,0.5333333015441895,0.37359851598739624,0.5890067219734192,0.8184568285942078,0.5209876298904419,0.43646499514579773,0.5996549129486084,0.8403284549713135,0.5209876298904419,reference_scene_id
B3,max,8eabc45f-5af7-2f32-8528-640861d2a135,reverse,4,5,0.02662620320916176,0.03532565012574196,0.16859766840934753,0.16474542021751404,0.21726827323436737,0.35164326429367065,0.4950191080570221,0.7179450392723083,0.9065139293670654,0.5738426446914673,0.48918405175209045,0.7060542702674866,0.8988305926322937,0.5651194453239441,reference_scene_id
B3,max,ddc73797-765b-241a-9e2c-097c5989baf6,reverse,4,6,0.029445167630910873,0.06832416355609894,0.1082485020160675,0.09212161600589752,0.19850288331508636,0.2804833948612213,0.3162684142589569,0.5440230369567871,0.6693375706672668,0.4830830991268158,0.3428148031234741,0.5776262879371643,0.7006441354751587,0.4830830991268158,reference_scene_id
B3,max,10b17940-3938-2467-8a7a-958300ba83d3,reverse,5,10,0.13038399815559387,0.16058866679668427,0.1630612462759018,0.18779954314231873,0.22745098173618317,0.25443509221076965,0.5501306056976318,0.6988833546638489,0.7463999390602112,0.7408280372619629,0.5698769092559814,0.7052192091941833,0.7748087644577026,0.7370067834854126,reference_scene_id
B3,max,137a8158-1db5-2cc0-8003-31c12610471e,reverse,5,12,0.03273285552859306,0.10555191338062286,0.1492559015750885,0.09943684190511703,0.20484983921051025,0.23808395862579346,0.38614925742149353,0.6447634100914001,0.7313573360443115,0.5412804484367371,0.44865015149116516,0.6767132878303528,0.765070378780365,0.5412804484367371,reference_scene_id
B3,max,280d8ebb-6cc6-2788-9153-98959a2da801,reverse,5,5,0.18556565046310425,0.2988290786743164,0.30766046047210693,0.28062501549720764,0.46714285016059875,0.4871428310871124,0.4409448206424713,0.6693952083587646,0.7545387744903564,0.6348447203636169,0.46210023760795593,0.702285647392273,0.7861071825027466,0.6348447203636169,reference_scene_id
B3,max,5630cfcf-12bf-2860-8784-83d28a611a83,reverse,5,5,0.07065844535827637,0.16925926506519318,0.4427777826786041,0.08395061641931534,0.2222222238779068,0.4888888895511627,0.38850846886634827,0.5857660174369812,0.8375771641731262,0.5209876298904419,0.43646499514579773,0.5996549129486084,0.8403284549713135,0.5209876298904419,reference_scene_id
B3,max,8eabc45f-5af7-2f32-8528-640861d2a135,reverse,5,5,0.014011136256158352,0.018992865458130836,0.14835721254348755,0.11574074625968933,0.15416666865348816,0.2666666507720947,0.4995220899581909,0.7109934687614441,0.8985965251922607,0.5629264116287231,0.48918405175209045,0.7060542702674866,0.8988305926322937,0.5651194453239441,reference_scene_id
B3,max,ddc73797-765b-241a-9e2c-097c5989baf6,reverse,5,6,0.008652003481984138,0.027862166985869408,0.0495506152510643,0.052345603704452515,0.09277849644422531,0.1698618233203888,0.34830841422080994,0.5973773002624512,0.7232838273048401,0.4830830991268158,0.3428148031234741,0.5776262879371643,0.7006441354751587,0.4830830991268158,reference_scene_id
B3,max,10b17940-3938-2467-8a7a-958300ba83d3,sha256_seed45,2,10,0.37942901253700256,0.5118396878242493,0.5398931503295898,0.5127279758453369,0.6423838138580322,0.7053467631340027,0.5109285712242126,0.6890313625335693,0.7791000008583069,0.6455222368240356,0.5121320486068726,0.6820292472839355,0.7724541425704956,0.6455222368240356,reference_scene_id
B3,max,137a8158-1db5-2cc0-8003-31c12610471e,sha256_seed45,2,12,0.3282298445701599,0.5375711917877197,0.5650815367698669,0.4357694387435913,0.6543108224868774,0.676506519317627,0.5104379057884216,0.6909571886062622,0.774606466293335,0.5830585956573486,0.5218499302864075,0.6875860691070557,0.7716923952102661,0.5830585956573486,reference_scene_id
B3,max,280d8ebb-6cc6-2788-9153-98959a2da801,sha256_seed45,2,5,0.33459410071372986,0.4849330484867096,0.567187488079071,0.4404761791229248,0.6428571343421936,0.7285714149475098,0.5312500596046448,0.8333333134651184,1.0,0.5648148059844971,0.5308642387390137,0.8333333134651184,1.0,0.5648148059844971,reference_scene_id
B3,max,5630cfcf-12bf-2860-8784-83d28a611a83,sha256_seed45,2,5,0.40740740299224854,0.5555555820465088,0.7777777910232544,0.40740740299224854,0.5555555820465088,0.7777777910232544,0.5469135642051697,0.7777777910232544,0.9768518805503845,0.5802469253540039,0.5469135642051697,0.7777777910232544,0.9768518805503845,0.5802469253540039,reference_scene_id
B3,max,8eabc45f-5af7-2f32-8528-640861d2a135,sha256_seed45,2,5,0.28333336114883423,0.4121527671813965,0.53025883436203,0.37222227454185486,0.6291666626930237,0.6541666984558105,0.3506944477558136,0.4375,0.5625,0.4027777910232544,0.4027777910232544,0.625,0.75,0.4027777910232544,reference_scene_id
B3,max,ddc73797-765b-241a-9e2c-097c5989baf6,sha256_seed45,2,6,0.06328370422124863,0.09243743866682053,0.24739587306976318,0.20330287516117096,0.31199750304222107,0.5454030632972717,0.2520652413368225,0.34327831864356995,0.47662824392318726,0.39844363927841187,0.2940201759338379,0.372346431016922,0.4991859197616577,0.39844363927841187,reference_scene_id
B3,max,10b17940-3938-2467-8a7a-958300ba83d3,sha256_seed45,3,10,0.20965394377708435,0.2843396067619324,0.30165669322013855,0.3715830445289612,0.46439462900161743,0.5072517991065979,0.5046772956848145,0.6726218461990356,0.7186356782913208,0.7767489552497864,0.526994526386261,0.6850413084030151,0.7361992001533508,0.7767489552497864,reference_scene_id
B3,max,137a8158-1db5-2cc0-8003-31c12610471e,sha256_seed45,3,12,0.165180504322052,0.3724327087402344,0.38559862971305847,0.28388574719429016,0.508380651473999,0.5307765007019043,0.5227133631706238,0.7788095474243164,0.8465114831924438,0.6064261794090271,0.5347914099693298,0.7707216739654541,0.8400074243545532,0.6064261794090271,reference_scene_id
B3,max,280d8ebb-6cc6-2788-9153-98959a2da801,sha256_seed45,3,5,0.342438280582428,0.5079861283302307,0.5679687261581421,0.4404761791229248,0.6428571343421936,0.699999988079071,0.6177983283996582,1.0,1.0,0.6820988059043884,0.6177983283996582,1.0,1.0,0.6820988059043884,reference_scene_id
B3,max,5630cfcf-12bf-2860-8784-83d28a611a83,sha256_seed45,3,5,0.3086419701576233,0.5555555820465088,0.7777777910232544,0.3086419701576233,0.5555555820465088,0.7777777910232544,0.39178240299224854,0.7239583730697632,0.9739583730697632,0.4722222089767456,0.39178240299224854,0.7239583730697632,0.9739583730697632,0.4722222089767456,reference_scene_id
B3,max,8eabc45f-5af7-2f32-8528-640861d2a135,sha256_seed45,3,5,0.28287041187286377,0.4121527671813965,0.5320391654968262,0.37222227454185486,0.6291666626930237,0.6541666984558105,0.48043981194496155,0.5260416269302368,0.5685763955116272,0.5555555820465088,0.48043981194496155,0.5260416269302368,0.5685763955116272,0.5555555820465088,reference_scene_id
B3,max,ddc73797-765b-241a-9e2c-097c5989baf6,sha256_seed45,3,6,0.022578580304980278,0.053471796214580536,0.08451955765485764,0.09189210087060928,0.15496991574764252,0.20892538130283356,0.3728865385055542,0.5895423889160156,0.6586524248123169,0.4834766387939453,0.39620086550712585,0.5903145670890808,0.655419111251831,0.4834766387939453,reference_scene_id
B3,max,10b17940-3938-2467-8a7a-958300ba83d3,sha256_seed45,4,10,0.12717480957508087,0.16910406947135925,0.1742035448551178,0.22344151139259338,0.2848640978336334,0.33301225304603577,0.5487521290779114,0.6966277956962585,0.7195881009101868,0.7341532707214355,0.5642074942588806,0.6871211528778076,0.7289514541625977,0.7341532707214355,reference_scene_id
B3,max,137a8158-1db5-2cc0-8003-31c12610471e,sha256_seed45,4,12,0.061567265540361404,0.15021759271621704,0.19992855191230774,0.1736508011817932,0.3032817542552948,0.30773526430130005,0.44716036319732666,0.7486969828605652,0.789365828037262,0.6132815480232239,0.47949516773223877,0.7584185600280762,0.7979655265808105,0.6132815480232239,reference_scene_id
B3,max,280d8ebb-6cc6-2788-9153-98959a2da801,sha256_seed45,4,5,0.1128472238779068,0.265625,0.2718749940395355,0.1597222238779068,0.3125,0.3857142925262451,0.3273809254169464,0.625,0.8928571343421936,0.4404761791229248,0.3735119104385376,0.6190476417541504,0.8824405074119568,0.4404761791229248,reference_scene_id
B3,max,5630cfcf-12bf-2860-8784-83d28a611a83,sha256_seed45,4,5,0.16049382090568542,0.3333333432674408,0.5555555820465088,0.16049382090568542,0.3333333432674408,0.5555555820465088,0.2864583432674408,0.5989583730697632,0.8489583730697632,0.460317462682724,0.2864583432674408,0.5989583730697632,0.8489583730697632,0.460317462682724,reference_scene_id
B3,max,8eabc45f-5af7-2f32-8528-640861d2a135,sha256_seed45,4,5,0.1533574014902115,0.2700892686843872,0.3906249701976776,0.2361111342906952,0.3958333432674408,0.4583333432674408,0.48701566457748413,0.7526785731315613,0.992968738079071,0.5868055820465088,0.48701566457748413,0.7526785731315613,0.992968738079071,0.5868055820465088,reference_scene_id
B3,max,ddc73797-765b-241a-9e2c-097c5989baf6,sha256_seed45,4,6,0.011033985763788223,0.038746364414691925,0.05503828451037407,0.047844044864177704,0.10024509578943253,0.14362744987010956,0.499783456325531,0.75395667552948,0.8389745950698853,0.5863610506057739,0.4771590828895569,0.737598180770874,0.8262032270431519,0.5863610506057739,reference_scene_id
B3,max,10b17940-3938-2467-8a7a-958300ba83d3,sha256_seed45,5,10,0.11519996076822281,0.15859025716781616,0.16173121333122253,0.1885620802640915,0.24411766231060028,0.29226580262184143,0.5526357293128967,0.6481906771659851,0.6620795726776123,0.7120370268821716,0.6436281204223633,0.7474701404571533,0.7613590359687805,0.7120370268821716,reference_scene_id
B3,max,137a8158-1db5-2cc0-8003-31c12610471e,sha256_seed45,5,12,0.028813255950808525,0.10200978070497513,0.12851673364639282,0.09106013178825378,0.20327772200107574,0.20327772200107574,0.3333812952041626,0.5491979122161865,0.6416137218475342,0.44462764263153076,0.3350999057292938,0.5326281785964966,0.658012866973877,0.44462764263153076,reference_scene_id
B3,max,280d8ebb-6cc6-2788-9153-98959a2da801,sha256_seed45,5,5,0.1284722238779068,0.265625,0.265625,0.1597222238779068,0.3125,0.3571428656578064,0.6327160596847534,0.7407407760620117,0.9101851582527161,0.7160494327545166,0.6697531342506409,0.7824074625968933,0.9518518447875977,0.7160494327545166,reference_scene_id
B3,max,5630cfcf-12bf-2860-8784-83d28a611a83,sha256_seed45,5,5,0.04938271641731262,0.2222222238779068,0.4444444477558136,0.04938271641731262,0.2222222238779068,0.4444444477558136,0.5010287761688232,0.7407407760620117,0.9351851940155029,0.5679012537002563,0.5010287761688232,0.7407407760620117,0.9351851940155029,0.5679012537002563,reference_scene_id
B3,max,8eabc45f-5af7-2f32-8528-640861d2a135,sha256_seed45,5,5,0.00930301658809185,0.01766173727810383,0.1420394480228424,0.08564814925193787,0.1666666716337204,0.2291666716337204,0.5757407546043396,0.7595238089561462,0.9085034132003784,0.6216931343078613,0.5741534233093262,0.726190447807312,0.9085034132003784,0.6216931343078613,reference_scene_id
B3,max,ddc73797-765b-241a-9e2c-097c5989baf6,sha256_seed45,5,6,0.01393875852227211,0.03767264261841774,0.059862252324819565,0.05100446939468384,0.09621341526508331,0.14633597433567047,0.34125226736068726,0.6445509791374207,0.8786484003067017,0.43932539224624634,0.35635247826576233,0.6369386911392212,0.8660841584205627,0.43932539224624634,reference_scene_id
B3,mean,10b17940-3938-2467-8a7a-958300ba83d3,canonical,2,10,0.35849374532699585,0.5271307826042175,0.549732506275177,0.5463483929634094,0.6961400508880615,0.7262986898422241,0.5457904934883118,0.7316709160804749,0.7669227719306946,0.7352715730667114,0.556598961353302,0.7414668202400208,0.7678972482681274,0.7352715730667114,reference_scene_id
B3,mean,137a8158-1db5-2cc0-8003-31c12610471e,canonical,2,12,0.2839776277542114,0.47922900319099426,0.5483017563819885,0.42203962802886963,0.5948969125747681,0.6485943794250488,0.423360675573349,0.6480449438095093,0.7553536295890808,0.5646557807922363,0.43916022777557373,0.6590098142623901,0.756643533706665,0.5646557807922363,reference_scene_id
B3,mean,280d8ebb-6cc6-2788-9153-98959a2da801,canonical,2,5,0.32083094120025635,0.5094568133354187,0.615204930305481,0.36858969926834106,0.573693037033081,0.6931288838386536,0.5438188314437866,0.7909188270568848,0.9210600852966309,0.6228996515274048,0.5483886003494263,0.7878963947296143,0.9180539846420288,0.6228996515274048,reference_scene_id
B3,mean,5630cfcf-12bf-2860-8784-83d28a611a83,canonical,2,5,0.23097798228263855,0.3486284017562866,0.649183988571167,0.3203703463077545,0.4888888895511627,0.7777777910232544,0.42752060294151306,0.6113448143005371,0.8814213871955872,0.5172839760780334,0.4240644872188568,0.6305913329124451,0.8853012919425964,0.5172839760780334,reference_scene_id
B3,mean,8eabc45f-5af7-2f32-8528-640861d2a135,canonical,2,5,0.2850290536880493,0.37975120544433594,0.5739552974700928,0.4538649916648865,0.6193958520889282,0.7599116563796997,0.49519026279449463,0.6621469855308533,0.867719292640686,0.58858722448349,0.512006402015686,0.6815729141235352,0.8832219839096069,0.58858722448349,reference_scene_id
B3,mean,ddc73797-765b-241a-9e2c-097c5989baf6,canonical,2,6,0.18322141468524933,0.3403850495815277,0.46265438199043274,0.2704974114894867,0.4594576060771942,0.6059186458587646,0.31612735986709595,0.5285235047340393,0.6958598494529724,0.4312182664871216,0.3218107521533966,0.5354750156402588,0.6925543546676636,0.4312182664871216,reference_scene_id
B3,mean,10b17940-3938-2467-8a7a-958300ba83d3,canonical,3,10,0.2210255116224289,0.3195837438106537,0.3304077982902527,0.435933381319046,0.5569023489952087,0.5741863250732422,0.5246925354003906,0.7180404663085938,0.7596662044525146,0.7352715730667114,0.556598961353302,0.7414668202400208,0.7678972482681274,0.7352715730667114,reference_scene_id
B3,mean,137a8158-1db5-2cc0-8003-31c12610471e,canonical,3,12,0.1257304549217224,0.2100633829832077,0.27360954880714417,0.27719029784202576,0.39267680048942566,0.4360795319080353,0.4364892244338989,0.6454631686210632,0.7562658190727234,0.5646557807922363,0.43916022777557373,0.6590098142623901,0.756643533706665,0.5646557807922363,reference_scene_id
B3,mean,280d8ebb-6cc6-2788-9153-98959a2da801,canonical,3,5,0.26499366760253906,0.440018892288208,0.5709456205368042,0.3037863075733185,0.4910539388656616,0.605212390422821,0.5316019654273987,0.7956712245941162,0.9244065880775452,0.6228996515274048,0.5483886003494263,0.7878963947296143,0.9180539846420288,0.6228996515274048,reference_scene_id
B3,mean,5630cfcf-12bf-2860-8784-83d28a611a83,canonical,3,5,0.1881481409072876,0.31462961435317993,0.6357407569885254,0.24938271939754486,0.4000000059604645,0.7111111283302307,0.40598222613334656,0.5945348143577576,0.894443929195404,0.5172839760780334,0.4240644872188568,0.6305913329124451,0.8853012919425964,0.5172839760780334,reference_scene_id
B3,mean,8eabc45f-5af7-2f32-8528-640861d2a135,canonical,3,5,0.11426374316215515,0.1568024605512619,0.3255738914012909,0.30884531140327454,0.40849927067756653,0.5461416840553284,0.5080552101135254,0.6865605711936951,0.8852300643920898,0.586394190788269,0.512006402015686,0.6815729141235352,0.8832219839096069,0.58858722448349,reference_scene_id
B3,mean,ddc73797-765b-241a-9e2c-097c5989baf6,canonical,3,6,0.09048045426607132,0.18982568383216858,0.24920830130577087,0.18101079761981964,0.3175208568572998,0.41252607107162476,0.31519216299057007,0.5415380001068115,0.6906271576881409,0.4312182664871216,0.3218107521533966,0.5354750156402588,0.6925543546676636,0.4312182664871216,reference_scene_id
B3,mean,10b17940-3938-2467-8a7a-958300ba83d3,canonical,4,10,0.1474227011203766,0.22755415737628937,0.2296755015850067,0.29906976222991943,0.4007672965526581,0.4063228368759155,0.5182114839553833,0.696528971195221,0.7413058876991272,0.7211623191833496,0.556598961353302,0.7414668202400208,0.7678972482681274,0.7352715730667114,reference_scene_id
B3,mean,137a8158-1db5-2cc0-8003-31c12610471e,canonical,4,12,0.048377614468336105,0.0861998200416565,0.14058144390583038,0.18118387460708618,0.24866069853305817,0.28338295221328735,0.43549129366874695,0.6394472122192383,0.7554039359092712,0.5646557807922363,0.43916022777557373,0.6590098142623901,0.756643533706665,0.5646557807922363,reference_scene_id
B3,mean,280d8ebb-6cc6-2788-9153-98959a2da801,canonical,4,5,0.23856987059116364,0.41055572032928467,0.522575318813324,0.26750001311302185,0.45124998688697815,0.5587500333786011,0.5227369070053101,0.7976590394973755,0.9198895692825317,0.6228996515274048,0.5483886003494263,0.7878963947296143,0.9180539846420288,0.6228996515274048,reference_scene_id
B3,mean,5630cfcf-12bf-2860-8784-83d28a611a83,canonical,4,5,0.09179012477397919,0.20537036657333374,0.5366666316986084,0.1876543015241623,0.35555556416511536,0.6444444060325623,0.3992241621017456,0.6049559116363525,0.8828102946281433,0.5172839760780334,0.4240644872188568,0.6305913329124451,0.8853012919425964,0.5172839760780334,reference_scene_id
B3,mean,8eabc45f-5af7-2f32-8528-640861d2a135,canonical,4,5,0.04940848797559738,0.06256353110074997,0.21407091617584229,0.18924008309841156,0.24331121146678925,0.37947192788124084,0.5014895796775818,0.6658040881156921,0.8829888701438904,0.5923721790313721,0.512006402015686,0.6815729141235352,0.8832219839096069,0.58858722448349,reference_scene_id
B3,mean,ddc73797-765b-241a-9e2c-097c5989baf6,canonical,4,6,0.030474066734313965,0.060828473418951035,0.09802590310573578,0.11009400337934494,0.18704907596111298,0.2740350067615509,0.3242884576320648,0.5412584543228149,0.6928054690361023,0.4312182664871216,0.3218107521533966,0.5354750156402588,0.6925543546676636,0.4312182664871216,reference_scene_id
B3,mean,10b17940-3938-2467-8a7a-958300ba83d3,canonical,5,10,0.13196592032909393,0.21223756670951843,0.21225126087665558,0.24928084015846252,0.3365885615348816,0.3365885615348816,0.5481548309326172,0.7271120548248291,0.7673044800758362,0.7355655431747437,0.556598961353302,0.7414668202400208,0.7678972482681274,0.7352715730667114,reference_scene_id
B3,mean,137a8158-1db5-2cc0-8003-31c12610471e,canonical,5,12,0.01679486408829689,0.0357312373816967,0.08577652275562286,0.1116797924041748,0.16851550340652466,0.21191829442977905,0.43550512194633484,0.644425094127655,0.7547052502632141,0.5646557807922363,0.43916022777557373,0.6590098142623901,0.756643533706665,0.5646557807922363,reference_scene_id
B3,mean,280d8ebb-6cc6-2788-9153-98959a2da801,canonical,5,5,0.14497917890548706,0.2706562578678131,0.3459528982639313,0.18638888001441956,0.33500000834465027,0.46000000834465027,0.5086512565612793,0.7559044361114502,0.9002023935317993,0.6228996515274048,0.5483886003494263,0.7878963947296143,0.9180539846420288,0.6228996515274048,reference_scene_id
B3,mean,5630cfcf-12bf-2860-8784-83d28a611a83,canonical,5,5,0.06161376088857651,0.18939153850078583,0.4817989766597748,0.14814816415309906,0.31111109256744385,0.5777777433395386,0.3917276859283447,0.6210669875144958,0.9087362289428711,0.5172839760780334,0.4240644872188568,0.6305913329124451,0.8853012919425964,0.5172839760780334,reference_scene_id
B3,mean,8eabc45f-5af7-2f32-8528-640861d2a135,canonical,5,5,0.029637476429343224,0.032098907977342606,0.17945221066474915,0.13148148357868195,0.15000000596046448,0.2958333492279053,0.49748241901397705,0.6648832559585571,0.8739725947380066,0.586394190788269,0.512006402015686,0.6815729141235352,0.8832219839096069,0.58858722448349,reference_scene_id
B3,mean,ddc73797-765b-241a-9e2c-097c5989baf6,canonical,5,6,0.00861617922782898,0.01794024370610714,0.03401479125022888,0.06218819320201874,0.10683432966470718,0.18420538306236267,0.3059316873550415,0.52129065990448,0.6743382215499878,0.4312182664871216,0.3218107521533966,0.5354750156402588,0.6925543546676636,0.4312182664871216,reference_scene_id
B3,mean,10b17940-3938-2467-8a7a-958300ba83d3,reverse,2,10,0.3252454698085785,0.44617483019828796,0.4852600693702698,0.490796834230423,0.6304833889007568,0.6808441877365112,0.5678431987762451,0.708867073059082,0.7735582590103149,0.7370067834854126,0.5698769092559814,0.7052192091941833,0.7748087644577026,0.7370067834854126,reference_scene_id
B3,mean,137a8158-1db5-2cc0-8003-31c12610471e,reverse,2,12,0.2877238988876343,0.49762028455734253,0.570271372795105,0.40702760219573975,0.6264941096305847,0.6763721704483032,0.44357672333717346,0.6678962111473083,0.7647807002067566,0.5412804484367371,0.44865015149116516,0.6767132878303528,0.765070378780365,0.5412804484367371,reference_scene_id
B3,mean,280d8ebb-6cc6-2788-9153-98959a2da801,reverse,2,5,0.32304930686950684,0.5109713673591614,0.5678456425666809,0.46879953145980835,0.6910160183906555,0.7756433486938477,0.46036195755004883,0.703103244304657,0.7806861400604248,0.6348447203636169,0.46210023760795593,0.702285647392273,0.7861071825027466,0.6348447203636169,reference_scene_id
B3,mean,5630cfcf-12bf-2860-8784-83d28a611a83,reverse,2,5,0.26989197731018066,0.39261317253112793,0.6596401929855347,0.3314814865589142,0.4777778089046478,0.7444444298744202,0.43543270230293274,0.6316497921943665,0.8398290872573853,0.5209876298904419,0.43646499514579773,0.5996549129486084,0.8403284549713135,0.5209876298904419,reference_scene_id
B3,mean,8eabc45f-5af7-2f32-8528-640861d2a135,reverse,2,5,0.26697269082069397,0.3698278069496155,0.5838655829429626,0.4469815492630005,0.6267385482788086,0.7799437046051025,0.4784499704837799,0.7151279449462891,0.9044386148452759,0.5651194453239441,0.48918405175209045,0.7060542702674866,0.8988305926322937,0.5651194453239441,reference_scene_id
B3,mean,ddc73797-765b-241a-9e2c-097c5989baf6,reverse,2,6,0.18428625166416168,0.369671493768692,0.4747265875339508,0.2633574306964874,0.4629298448562622,0.6080203056335449,0.3417651951313019,0.5823051929473877,0.7067392468452454,0.4830830991268158,0.3428148031234741,0.5776262879371643,0.7006441354751587,0.4830830991268158,reference_scene_id
B3,mean,10b17940-3938-2467-8a7a-958300ba83d3,reverse,3,10,0.2022809386253357,0.2545276880264282,0.2797272801399231,0.3472191095352173,0.4374859929084778,0.4833894371986389,0.5373592376708984,0.6815032958984375,0.7330970764160156,0.7408280372619629,0.5698769092559814,0.7052192091941833,0.7748087644577026,0.7370067834854126,reference_scene_id
B3,mean,137a8158-1db5-2cc0-8003-31c12610471e,reverse,3,12,0.13769590854644775,0.25886568427085876,0.33349737524986267,0.26153022050857544,0.43292295932769775,0.48761045932769775,0.44071751832962036,0.6684662103652954,0.7625276446342468,0.5412804484367371,0.44865015149116516,0.6767132878303528,0.765070378780365,0.5412804484367371,reference_scene_id
B3,mean,280d8ebb-6cc6-2788-9153-98959a2da801,reverse,3,5,0.2652381360530853,0.4211643636226654,0.4601875841617584,0.403774231672287,0.6237161755561829,0.672605037689209,0.44586896896362305,0.6985947489738464,0.7824360132217407,0.6348447203636169,0.46210023760795593,0.702285647392273,0.7861071825027466,0.6348447203636169,reference_scene_id
B3,mean,5630cfcf-12bf-2860-8784-83d28a611a83,reverse,3,5,0.18829217553138733,0.2746296525001526,0.5599735379219055,0.20493824779987335,0.31111109256744385,0.6000000238418579,0.4452509880065918,0.6698400974273682,0.8397729396820068,0.5209876298904419,0.43646499514579773,0.5996549129486084,0.8403284549713135,0.5209876298904419,reference_scene_id
B3,mean,8eabc45f-5af7-2f32-8528-640861d2a135,reverse,3,5,0.09436077624559402,0.13627436757087708,0.300495445728302,0.2852855324745178,0.4009818136692047,0.559778094291687,0.48927509784698486,0.7040889859199524,0.8889362215995789,0.5673124194145203,0.48918405175209045,0.7060542702674866,0.8988305926322937,0.5651194453239441,reference_scene_id
B3,mean,ddc73797-765b-241a-9e2c-097c5989baf6,reverse,3,6,0.08088085055351257,0.179862380027771,0.2406531274318695,0.16335803270339966,0.3295808732509613,0.4355000853538513,0.32906967401504517,0.576033890247345,0.7067911624908447,0.4830830991268158,0.3428148031234741,0.5776262879371643,0.7006441354751587,0.4830830991268158,reference_scene_id
B3,mean,10b17940-3938-2467-8a7a-958300ba83d3,reverse,4,10,0.1387947052717209,0.17338982224464417,0.18528516590595245,0.22700618207454681,0.28333336114883423,0.32719504833221436,0.5478873252868652,0.7116971611976624,0.7628745436668396,0.7370067834854126,0.5698769092559814,0.7052192091941833,0.7748087644577026,0.7370067834854126,reference_scene_id
B3,mean,137a8158-1db5-2cc0-8003-31c12610471e,reverse,4,12,0.054386213421821594,0.1261327564716339,0.17605799436569214,0.15563823282718658,0.29317957162857056,0.32666170597076416,0.4478141963481903,0.6740695238113403,0.7655439376831055,0.5412804484367371,0.44865015149116516,0.6767132878303528,0.765070378780365,0.5412804484367371,reference_scene_id
B3,mean,280d8ebb-6cc6-2788-9153-98959a2da801,reverse,4,5,0.2445560246706009,0.3831971287727356,0.418337345123291,0.35640624165534973,0.5600000023841858,0.6057142615318298,0.43760448694229126,0.7080578207969666,0.7898514866828918,0.6348447203636169,0.46210023760795593,0.702285647392273,0.7861071825027466,0.6348447203636169,reference_scene_id
B3,mean,5630cfcf-12bf-2860-8784-83d28a611a83,reverse,4,5,0.08446501940488815,0.17666667699813843,0.4858994483947754,0.12839506566524506,0.24444444477558136,0.5333333015441895,0.4223105311393738,0.647657573223114,0.8650352954864502,0.5209876298904419,0.43646499514579773,0.5996549129486084,0.8403284549713135,0.5209876298904419,reference_scene_id
B3,mean,8eabc45f-5af7-2f32-8528-640861d2a135,reverse,4,5,0.029291322454810143,0.03788458928465843,0.17846353352069855,0.16474542021751404,0.21726827323436737,0.35164326429367065,0.49463197588920593,0.7131820917129517,0.903327226638794,0.5738426446914673,0.48918405175209045,0.7060542702674866,0.8988305926322937,0.5651194453239441,reference_scene_id
B3,mean,ddc73797-765b-241a-9e2c-097c5989baf6,reverse,4,6,0.02606523036956787,0.06464575976133347,0.10287752747535706,0.09212161600589752,0.19850288331508636,0.2804833948612213,0.34275275468826294,0.5824472904205322,0.7234301567077637,0.4830830991268158,0.3428148031234741,0.5776262879371643,0.7006441354751587,0.4830830991268158,reference_scene_id
B3,mean,10b17940-3938-2467-8a7a-958300ba83d3,reverse,5,10,0.11583709716796875,0.144078329205513,0.15130937099456787,0.18779954314231873,0.22745098173618317,0.25443509221076965,0.5627856254577637,0.7241840362548828,0.7708480358123779,0.7408280372619629,0.5698769092559814,0.7052192091941833,0.7748087644577026,0.7370067834854126,reference_scene_id
B3,mean,137a8158-1db5-2cc0-8003-31c12610471e,reverse,5,12,0.02559325098991394,0.06763080507516861,0.10773977637290955,0.09943684190511703,0.20484983921051025,0.23808395862579346,0.44147396087646484,0.6630030870437622,0.7639140486717224,0.5412804484367371,0.44865015149116516,0.6767132878303528,0.765070378780365,0.5412804484367371,reference_scene_id
B3,mean,280d8ebb-6cc6-2788-9153-98959a2da801,reverse,5,5,0.15731030702590942,0.2624480426311493,0.2713484764099121,0.28062501549720764,0.46714285016059875,0.4871428310871124,0.4448913037776947,0.6820412278175354,0.7702986001968384,0.6348447203636169,0.46210023760795593,0.702285647392273,0.7861071825027466,0.6348447203636169,reference_scene_id
B3,mean,5630cfcf-12bf-2860-8784-83d28a611a83,reverse,5,5,0.03397119790315628,0.11018519848585129,0.4466666579246521,0.08395061641931534,0.2222222238779068,0.4888888895511627,0.4145421087741852,0.6255387663841248,0.8648555278778076,0.5209876298904419,0.43646499514579773,0.5996549129486084,0.8403284549713135,0.5209876298904419,reference_scene_id
B3,mean,8eabc45f-5af7-2f32-8528-640861d2a135,reverse,5,5,0.01467241533100605,0.01902693882584572,0.15450240671634674,0.11574074625968933,0.15416666865348816,0.2666666507720947,0.49547135829925537,0.7059492468833923,0.8957849144935608,0.5629264116287231,0.48918405175209045,0.7060542702674866,0.8988305926322937,0.5651194453239441,reference_scene_id
B3,mean,ddc73797-765b-241a-9e2c-097c5989baf6,reverse,5,6,0.011958785355091095,0.025921544060111046,0.04821019619703293,0.052345603704452515,0.09277849644422531,0.1698618233203888,0.34058186411857605,0.5884976387023926,0.7205867171287537,0.4830830991268158,0.3428148031234741,0.5776262879371643,0.7006441354751587,0.4830830991268158,reference_scene_id
B3,mean,10b17940-3938-2467-8a7a-958300ba83d3,sha256_seed45,2,10,0.3916589319705963,0.5242809057235718,0.5518906116485596,0.5127279758453369,0.6423838138580322,0.7053467631340027,0.5117009878158569,0.679552435874939,0.7681689858436584,0.6455222368240356,0.5121320486068726,0.6820292472839355,0.7724541425704956,0.6455222368240356,reference_scene_id
B3,mean,137a8158-1db5-2cc0-8003-31c12610471e,sha256_seed45,2,12,0.3332253694534302,0.5416738986968994,0.5809803605079651,0.4357694387435913,0.6543108224868774,0.676506519317627,0.49927806854248047,0.6695282459259033,0.7737528681755066,0.5830585956573486,0.5218499302864075,0.6875860691070557,0.7716923952102661,0.5830585956573486,reference_scene_id
B3,mean,280d8ebb-6cc6-2788-9153-98959a2da801,sha256_seed45,2,5,0.31954777240753174,0.4380580484867096,0.520312488079071,0.4404761791229248,0.6428571343421936,0.7285714149475098,0.5034722685813904,0.8333333134651184,1.0,0.5648148059844971,0.5308642387390137,0.8333333134651184,1.0,0.5648148059844971,reference_scene_id
B3,mean,5630cfcf-12bf-2860-8784-83d28a611a83,sha256_seed45,2,5,0.40740740299224854,0.5555555820465088,0.7777777910232544,0.40740740299224854,0.5555555820465088,0.7777777910232544,0.5469135642051697,0.7777777910232544,0.9768518805503845,0.5802469253540039,0.5469135642051697,0.7777777910232544,0.9768518805503845,0.5802469253540039,reference_scene_id
B3,mean,8eabc45f-5af7-2f32-8528-640861d2a135,sha256_seed45,2,5,0.28333336114883423,0.4121527671813965,0.53025883436203,0.37222227454185486,0.6291666626930237,0.6541666984558105,0.3923611044883728,0.53125,0.65625,0.4027777910232544,0.4027777910232544,0.625,0.75,0.4027777910232544,reference_scene_id
B3,mean,ddc73797-765b-241a-9e2c-097c5989baf6,sha256_seed45,2,6,0.06269285827875137,0.09324643760919571,0.24826686084270477,0.20330287516117096,0.31199750304222107,0.5454030632972717,0.27996504306793213,0.35530513525009155,0.4869333505630493,0.39844363927841187,0.2940201759338379,0.372346431016922,0.4991859197616577,0.39844363927841187,reference_scene_id
B3,mean,10b17940-3938-2467-8a7a-958300ba83d3,sha256_seed45,3,10,0.21712623536586761,0.287436842918396,0.30592572689056396,0.3715830445289612,0.46439462900161743,0.5072517991065979,0.5215237140655518,0.680767297744751,0.7267811894416809,0.7767489552497864,0.526994526386261,0.6850413084030151,0.7361992001533508,0.7767489552497864,reference_scene_id
B3,mean,137a8158-1db5-2cc0-8003-31c12610471e,sha256_seed45,3,12,0.15840505063533783,0.37004977464675903,0.3839515745639801,0.28388574719429016,0.508380651473999,0.5307765007019043,0.5314559936523438,0.7717592120170593,0.8425855040550232,0.6064261794090271,0.5347914099693298,0.7707216739654541,0.8400074243545532,0.6064261794090271,reference_scene_id
B3,mean,280d8ebb-6cc6-2788-9153-98959a2da801,sha256_seed45,3,5,0.3331789970397949,0.4819444715976715,0.5419270396232605,0.4404761791229248,0.6428571343421936,0.699999988079071,0.6177983283996582,1.0,1.0,0.6820988059043884,0.6177983283996582,1.0,1.0,0.6820988059043884,reference_scene_id
B3,mean,5630cfcf-12bf-2860-8784-83d28a611a83,sha256_seed45,3,5,0.3086419701576233,0.5555555820465088,0.7777777910232544,0.3086419701576233,0.5555555820465088,0.7777777910232544,0.38831016421318054,0.7135416269302368,0.9635416269302368,0.4722222089767456,0.39178240299224854,0.7239583730697632,0.9739583730697632,0.4722222089767456,reference_scene_id
B3,mean,8eabc45f-5af7-2f32-8528-640861d2a135,sha256_seed45,3,5,0.28287041187286377,0.4121527671813965,0.5320391654968262,0.37222227454185486,0.6291666626930237,0.6541666984558105,0.48043981194496155,0.5260416269302368,0.5685763955116272,0.5555555820465088,0.48043981194496155,0.5260416269302368,0.5685763955116272,0.5555555820465088,reference_scene_id
B3,mean,ddc73797-765b-241a-9e2c-097c5989baf6,sha256_seed45,3,6,0.03696654736995697,0.0817265659570694,0.11328525096178055,0.09189210087060928,0.15496991574764252,0.20892538130283356,0.3563832938671112,0.5788357853889465,0.6542664170265198,0.4834766387939453,0.39620086550712585,0.5903145670890808,0.655419111251831,0.4834766387939453,reference_scene_id
B3,mean,10b17940-3938-2467-8a7a-958300ba83d3,sha256_seed45,4,10,0.13673555850982666,0.18752962350845337,0.19292490184307098,0.22344151139259338,0.2848640978336334,0.33301225304603577,0.555810272693634,0.6928298473358154,0.7195149660110474,0.7341532707214355,0.5642074942588806,0.6871211528778076,0.7289514541625977,0.7341532707214355,reference_scene_id
B3,mean,137a8158-1db5-2cc0-8003-31c12610471e,sha256_seed45,4,12,0.035392843186855316,0.09527520090341568,0.14531591534614563,0.1736508011817932,0.3032817542552948,0.30773526430130005,0.4557258188724518,0.7452977299690247,0.7868499159812927,0.6132815480232239,0.47949516773223877,0.7584185600280762,0.7979655265808105,0.6132815480232239,reference_scene_id
B3,mean,280d8ebb-6cc6-2788-9153-98959a2da801,sha256_seed45,4,5,0.1128472238779068,0.265625,0.2718749940395355,0.1597222238779068,0.3125,0.3857142925262451,0.33068785071372986,0.6398810148239136,0.8824405074119568,0.4404761791229248,0.3735119104385376,0.6190476417541504,0.8824405074119568,0.4404761791229248,reference_scene_id
B3,mean,5630cfcf-12bf-2860-8784-83d28a611a83,sha256_seed45,4,5,0.16049382090568542,0.3333333432674408,0.5555555820465088,0.16049382090568542,0.3333333432674408,0.5555555820465088,0.2864583432674408,0.5989583730697632,0.8489583730697632,0.460317462682724,0.2864583432674408,0.5989583730697632,0.8489583730697632,0.460317462682724,reference_scene_id
B3,mean,8eabc45f-5af7-2f32-8528-640861d2a135,sha256_seed45,4,5,0.1533574014902115,0.2700892686843872,0.3906249701976776,0.2361111342906952,0.3958333432674408,0.4583333432674408,0.48701566457748413,0.7526785731315613,0.992968738079071,0.5868055820465088,0.48701566457748413,0.7526785731315613,0.992968738079071,0.5868055820465088,reference_scene_id
B3,mean,ddc73797-765b-241a-9e2c-097c5989baf6,sha256_seed45,4,6,0.017964430153369904,0.0531221441924572,0.07842709124088287,0.047844044864177704,0.10024509578943253,0.14362744987010956,0.49512094259262085,0.7442010641098022,0.8317950963973999,0.5863610506057739,0.4771590828895569,0.737598180770874,0.8262032270431519,0.5863610506057739,reference_scene_id
B3,mean,10b17940-3938-2467-8a7a-958300ba83d3,sha256_seed45,5,10,0.1274304986000061,0.17940178513526917,0.18272680044174194,0.1885620802640915,0.24411766231060028,0.29226580262184143,0.6078110933303833,0.7159121036529541,0.7298009991645813,0.7120370268821716,0.6436281204223633,0.7474701404571533,0.7613590359687805,0.7120370268821716,reference_scene_id
B3,mean,137a8158-1db5-2cc0-8003-31c12610471e,sha256_seed45,5,12,0.0144953029230237,0.05434372276067734,0.08087555319070816,0.09106013178825378,0.20327772200107574,0.20327772200107574,0.35479265451431274,0.5374853610992432,0.6473533511161804,0.44462764263153076,0.3350999057292938,0.5326281785964966,0.658012866973877,0.44462764263153076,reference_scene_id
B3,mean,280d8ebb-6cc6-2788-9153-98959a2da801,sha256_seed45,5,5,0.1284722238779068,0.265625,0.265625,0.1597222238779068,0.3125,0.3571428656578064,0.6296296119689941,0.7453703880310059,0.9009259343147278,0.7160494327545166,0.6697531342506409,0.7824074625968933,0.9518518447875977,0.7160494327545166,reference_scene_id
B3,mean,5630cfcf-12bf-2860-8784-83d28a611a83,sha256_seed45,5,5,0.04938271641731262,0.2222222238779068,0.4444444477558136,0.04938271641731262,0.2222222238779068,0.4444444477558136,0.5010287761688232,0.7407407760620117,0.9351851940155029,0.5679012537002563,0.5010287761688232,0.7407407760620117,0.9351851940155029,0.5679012537002563,reference_scene_id
B3,mean,8eabc45f-5af7-2f32-8528-640861d2a135,sha256_seed45,5,5,0.00930301658809185,0.01766173727810383,0.1420394480228424,0.08564814925193787,0.1666666716337204,0.2291666716337204,0.56978839635849,0.7595238089561462,0.9085034132003784,0.6216931343078613,0.5741534233093262,0.726190447807312,0.9085034132003784,0.6216931343078613,reference_scene_id
B3,mean,ddc73797-765b-241a-9e2c-097c5989baf6,sha256_seed45,5,6,0.017164267599582672,0.04983650520443916,0.07404972612857819,0.05100446939468384,0.09621341526508331,0.14633597433567047,0.33607152104377747,0.6442307829856873,0.8768370747566223,0.43932539224624634,0.35635247826576233,0.6369386911392212,0.8660841584205627,0.43932539224624634,reference_scene_id
B4,latest,10b17940-3938-2467-8a7a-958300ba83d3,canonical,2,10,0.3608621060848236,0.5260916352272034,0.5632796883583069,0.5463483929634094,0.6961400508880615,0.7363997101783752,0.556598961353302,0.7414668202400208,0.7678972482681274,0.7352715730667114,0.556598961353302,0.7414668202400208,0.7678972482681274,0.7352715730667114,reference_scene_id
B4,latest,137a8158-1db5-2cc0-8003-31c12610471e,canonical,2,12,0.26800936460494995,0.45239725708961487,0.5199720859527588,0.4160597026348114,0.5879524946212769,0.6416499018669128,0.43916022777557373,0.6590098142623901,0.756643533706665,0.5646557807922363,0.43916022777557373,0.6590098142623901,0.756643533706665,0.5646557807922363,reference_scene_id
B4,latest,280d8ebb-6cc6-2788-9153-98959a2da801,canonical,2,5,0.3172210454940796,0.5130375027656555,0.6243455410003662,0.36858969926834106,0.573693037033081,0.6931288838386536,0.5483886003494263,0.7878963947296143,0.9180539846420288,0.6228996515274048,0.5483886003494263,0.7878963947296143,0.9180539846420288,0.6228996515274048,reference_scene_id
B4,latest,5630cfcf-12bf-2860-8784-83d28a611a83,canonical,2,5,0.2476717233657837,0.37858816981315613,0.6612050533294678,0.3203703463077545,0.4888888895511627,0.7777777910232544,0.4240644872188568,0.6305913329124451,0.8853012919425964,0.5172839760780334,0.4240644872188568,0.6305913329124451,0.8853012919425964,0.5172839760780334,reference_scene_id
B4,latest,8eabc45f-5af7-2f32-8528-640861d2a135,canonical,2,5,0.27286550402641296,0.3717457056045532,0.5472894310951233,0.4469205439090729,0.612451434135437,0.7529671788215637,0.512006402015686,0.6815729141235352,0.8832219839096069,0.58858722448349,0.512006402015686,0.6815729141235352,0.8832219839096069,0.58858722448349,reference_scene_id
B4,latest,ddc73797-765b-241a-9e2c-097c5989baf6,canonical,2,6,0.16760104894638062,0.31982699036598206,0.4296915829181671,0.2646494507789612,0.4462997615337372,0.5927608013153076,0.3218107521533966,0.5354750156402588,0.6925543546676636,0.4312182664871216,0.3218107521533966,0.5354750156402588,0.6925543546676636,0.4312182664871216,reference_scene_id
B4,latest,10b17940-3938-2467-8a7a-958300ba83d3,canonical,3,10,0.27515923976898193,0.4332820475101471,0.44630515575408936,0.45642220973968506,0.6036475896835327,0.6301907896995544,0.5380901098251343,0.7222356796264648,0.7486612200737,0.7352715730667114,0.556598961353302,0.7414668202400208,0.7678972482681274,0.7352715730667114,reference_scene_id
B4,latest,137a8158-1db5-2cc0-8003-31c12610471e,canonical,3,12,0.169603168964386,0.32547813653945923,0.37307021021842957,0.2982165217399597,0.4456281363964081,0.4907670319080353,0.43916022777557373,0.6590098142623901,0.756643533706665,0.5646557807922363,0.43916022777557373,0.6590098142623901,0.756643533706665,0.5646557807922363,reference_scene_id
B4,latest,280d8ebb-6cc6-2788-9153-98959a2da801,canonical,3,5,0.2564181387424469,0.4279271364212036,0.5374740958213806,0.301923543214798,0.49605393409729004,0.596323549747467,0.5483886003494263,0.7878963947296143,0.9180539846420288,0.6228996515274048,0.5483886003494263,0.7878963947296143,0.9180539846420288,0.6228996515274048,reference_scene_id
B4,latest,5630cfcf-12bf-2860-8784-83d28a611a83,canonical,3,5,0.20711934566497803,0.341481477022171,0.6383069157600403,0.24938271939754486,0.4000000059604645,0.7111111283302307,0.4240644872188568,0.6305913329124451,0.8853012919425964,0.5172839760780334,0.4240644872188568,0.6305913329124451,0.8853012919425964,0.5172839760780334,reference_scene_id
B4,latest,8eabc45f-5af7-2f32-8528-640861d2a135,canonical,3,5,0.15147732198238373,0.2364826500415802,0.402679443359375,0.33685457706451416,0.4637075960636139,0.6013500690460205,0.5113039016723633,0.6789547204971313,0.8800172209739685,0.586394190788269,0.512006402015686,0.6815729141235352,0.8832219839096069,0.58858722448349,reference_scene_id
B4,latest,ddc73797-765b-241a-9e2c-097c5989baf6,canonical,3,6,0.08899757266044617,0.18231485784053802,0.3070048391819,0.1753891110420227,0.3125605583190918,0.45964908599853516,0.3218107521533966,0.5354750156402588,0.6925543546676636,0.4312182664871216,0.3218107521533966,0.5354750156402588,0.6925543546676636,0.4312182664871216,reference_scene_id
B4,latest,10b17940-3938-2467-8a7a-958300ba83d3,canonical,4,10,0.1933591365814209,0.3441255986690521,0.3517039716243744,0.34537360072135925,0.49618297815322876,0.5102855563163757,0.5491343140602112,0.7312366962432861,0.7573943138122559,0.7211623191833496,0.556598961353302,0.7414668202400208,0.7678972482681274,0.7352715730667114,reference_scene_id
B4,latest,137a8158-1db5-2cc0-8003-31c12610471e,canonical,4,12,0.1250777244567871,0.25678664445877075,0.29155129194259644,0.23145116865634918,0.36009424924850464,0.38787204027175903,0.43916022777557373,0.6590098142623901,0.756643533706665,0.5646557807922363,0.43916022777557373,0.6590098142623901,0.756643533706665,0.5646557807922363,reference_scene_id
B4,latest,280d8ebb-6cc6-2788-9153-98959a2da801,canonical,4,5,0.22666113078594208,0.38643842935562134,0.48640167713165283,0.2629166841506958,0.45124998688697815,0.5512500405311584,0.5483886003494263,0.7878963947296143,0.9180539846420288,0.6228996515274048,0.5483886003494263,0.7878963947296143,0.9180539846420288,0.6228996515274048,reference_scene_id
B4,latest,5630cfcf-12bf-2860-8784-83d28a611a83,canonical,4,5,0.1850617378950119,0.30759260058403015,0.6238624453544617,0.20987653732299805,0.3777777850627899,0.6666666269302368,0.4240644872188568,0.6305913329124451,0.8853012919425964,0.5172839760780334,0.4240644872188568,0.6305913329124451,0.8853012919425964,0.5172839760780334,reference_scene_id
B4,latest,8eabc45f-5af7-2f32-8528-640861d2a135,canonical,4,5,0.11293421685695648,0.21055079996585846,0.35611963272094727,0.25154730677604675,0.37111443281173706,0.5072751045227051,0.5173856019973755,0.6861041188240051,0.8905990123748779,0.5923721790313721,0.512006402015686,0.6815729141235352,0.8832219839096069,0.58858722448349,reference_scene_id
B4,latest,ddc73797-765b-241a-9e2c-097c5989baf6,canonical,4,6,0.04768981412053108,0.10654402524232864,0.1914747804403305,0.10974326729774475,0.19462482631206512,0.32327744364738464,0.3218107521533966,0.5354750156402588,0.6925543546676636,0.4312182664871216,0.3218107521533966,0.5354750156402588,0.6925543546676636,0.4312182664871216,reference_scene_id
B4,latest,10b17940-3938-2467-8a7a-958300ba83d3,canonical,5,10,0.1606835275888443,0.29947134852409363,0.29947489500045776,0.3064374029636383,0.45055171847343445,0.45055171847343445,0.5760762691497803,0.7652198076248169,0.7913774251937866,0.7355655431747437,0.556598961353302,0.7414668202400208,0.7678972482681274,0.7352715730667114,reference_scene_id
B4,latest,137a8158-1db5-2cc0-8003-31c12610471e,canonical,5,12,0.0978257954120636,0.2102227509021759,0.25223782658576965,0.1700436919927597,0.2916441261768341,0.3263663351535797,0.43916022777557373,0.6590098142623901,0.756643533706665,0.5646557807922363,0.43916022777557373,0.6590098142623901,0.756643533706665,0.5646557807922363,reference_scene_id
B4,latest,280d8ebb-6cc6-2788-9153-98959a2da801,canonical,5,5,0.17547976970672607,0.30185389518737793,0.4102795422077179,0.20888887345790863,0.3787500262260437,0.4962500035762787,0.5483886003494263,0.7878963947296143,0.9180539846420288,0.6228996515274048,0.5483886003494263,0.7878963947296143,0.9180539846420288,0.6228996515274048,reference_scene_id
B4,latest,5630cfcf-12bf-2860-8784-83d28a611a83,canonical,5,5,0.14761316776275635,0.2800000011920929,0.5533068776130676,0.19012346863746643,0.35555556416511536,0.6222221851348877,0.4240644872188568,0.6305913329124451,0.8853012919425964,0.5172839760780334,0.4240644872188568,0.6305913329124451,0.8853012919425964,0.5172839760780334,reference_scene_id
B4,latest,8eabc45f-5af7-2f32-8528-640861d2a135,canonical,5,5,0.07885816693305969,0.17318211495876312,0.3209773600101471,0.18981480598449707,0.30416667461395264,0.44999998807907104,0.5113039016723633,0.6789547204971313,0.8793554306030273,0.586394190788269,0.512006402015686,0.6815729141235352,0.8832219839096069,0.58858722448349,reference_scene_id
B4,latest,ddc73797-765b-241a-9e2c-097c5989baf6,canonical,5,6,0.024936124682426453,0.06025243178009987,0.13560983538627625,0.057688817381858826,0.11368997395038605,0.24314434826374054,0.3218107521533966,0.5354750156402588,0.6925543546676636,0.4312182664871216,0.3218107521533966,0.5354750156402588,0.6925543546676636,0.4312182664871216,reference_scene_id
B4,latest,10b17940-3938-2467-8a7a-958300ba83d3,reverse,2,10,0.33457282185554504,0.46176257729530334,0.5017473101615906,0.490796834230423,0.6304833889007568,0.6808441877365112,0.5698769092559814,0.7052192091941833,0.7748087644577026,0.7370067834854126,0.5698769092559814,0.7052192091941833,0.7748087644577026,0.7370067834854126,reference_scene_id
B4,latest,137a8158-1db5-2cc0-8003-31c12610471e,reverse,2,12,0.27790477871894836,0.48663562536239624,0.5580365061759949,0.40702760219573975,0.6264941096305847,0.6763721704483032,0.44865015149116516,0.6767132878303528,0.765070378780365,0.5412804484367371,0.44865015149116516,0.6767132878303528,0.765070378780365,0.5412804484367371,reference_scene_id
B4,latest,280d8ebb-6cc6-2788-9153-98959a2da801,reverse,2,5,0.3231530487537384,0.4977297782897949,0.5528308153152466,0.46879953145980835,0.6910160183906555,0.7756433486938477,0.46210023760795593,0.702285647392273,0.7861071825027466,0.6348447203636169,0.46210023760795593,0.702285647392273,0.7861071825027466,0.6348447203636169,reference_scene_id
B4,latest,5630cfcf-12bf-2860-8784-83d28a611a83,reverse,2,5,0.26305556297302246,0.3580092787742615,0.6611519455909729,0.3314814865589142,0.4777778089046478,0.7444444298744202,0.43646499514579773,0.5996549129486084,0.8403284549713135,0.5209876298904419,0.43646499514579773,0.5996549129486084,0.8403284549713135,0.5209876298904419,reference_scene_id
B4,latest,8eabc45f-5af7-2f32-8528-640861d2a135,reverse,2,5,0.2311239242553711,0.3142201602458954,0.5297055840492249,0.44677114486694336,0.618847131729126,0.7720522880554199,0.48918405175209045,0.7060542702674866,0.8988305926322937,0.5651194453239441,0.48918405175209045,0.7060542702674866,0.8988305926322937,0.5651194453239441,reference_scene_id
B4,latest,ddc73797-765b-241a-9e2c-097c5989baf6,reverse,2,6,0.17918409407138824,0.36166059970855713,0.47790274024009705,0.2722140848636627,0.4735729694366455,0.6240981817245483,0.3428148031234741,0.5776262879371643,0.7006441354751587,0.4830830991268158,0.3428148031234741,0.5776262879371643,0.7006441354751587,0.4830830991268158,reference_scene_id
B4,latest,10b17940-3938-2467-8a7a-958300ba83d3,reverse,3,10,0.24550765752792358,0.33762478828430176,0.3640148341655731,0.37697967886924744,0.5029742121696472,0.5488776564598083,0.5545385479927063,0.6868122816085815,0.7529590129852295,0.7408280372619629,0.5698769092559814,0.7052192091941833,0.7748087644577026,0.7370067834854126,reference_scene_id
B4,latest,137a8158-1db5-2cc0-8003-31c12610471e,reverse,3,12,0.15350930392742157,0.3358044922351837,0.426609069108963,0.27966296672821045,0.48066601157188416,0.5501104593276978,0.44865015149116516,0.6767132878303528,0.765070378780365,0.5412804484367371,0.44865015149116516,0.6767132878303528,0.765070378780365,0.5412804484367371,reference_scene_id
B4,latest,280d8ebb-6cc6-2788-9153-98959a2da801,reverse,3,5,0.2645728588104248,0.41792821884155273,0.4562501907348633,0.3913372755050659,0.6126236915588379,0.6615126729011536,0.46210023760795593,0.702285647392273,0.7861071825027466,0.6348447203636169,0.46210023760795593,0.702285647392273,0.7861071825027466,0.6348447203636169,reference_scene_id
B4,latest,5630cfcf-12bf-2860-8784-83d28a611a83,reverse,3,5,0.1554115265607834,0.23722225427627563,0.578677237033844,0.2074074000120163,0.3333333432674408,0.6222221851348877,0.43646499514579773,0.5996549129486084,0.8403284549713135,0.5209876298904419,0.43646499514579773,0.5996549129486084,0.8403284549713135,0.5209876298904419,reference_scene_id
B4,latest,8eabc45f-5af7-2f32-8528-640861d2a135,reverse,3,5,0.1268848329782486,0.19817481935024261,0.38943207263946533,0.3050351142883301,0.45364055037498474,0.60817551612854,0.48960670828819275,0.7075757384300232,0.8960521817207336,0.5673124194145203,0.48918405175209045,0.7060542702674866,0.8988305926322937,0.5651194453239441,reference_scene_id
B4,latest,ddc73797-765b-241a-9e2c-097c5989baf6,reverse,3,6,0.08034256845712662,0.20256155729293823,0.26278090476989746,0.16666489839553833,0.3355332314968109,0.4459167718887329,0.3428148031234741,0.5776262879371643,0.7006441354751587,0.4830830991268158,0.3428148031234741,0.5776262879371643,0.7006441354751587,0.4830830991268158,reference_scene_id
B4,latest,10b17940-3938-2467-8a7a-958300ba83d3,reverse,4,10,0.18304310739040375,0.2505454421043396,0.2669617533683777,0.28016382455825806,0.39655205607414246,0.4404137432575226,0.5471948981285095,0.6763690710067749,0.7442126274108887,0.7370067834854126,0.5698769092559814,0.7052192091941833,0.7748087644577026,0.7370067834854126,reference_scene_id
B4,latest,137a8158-1db5-2cc0-8003-31c12610471e,reverse,4,12,0.08799050003290176,0.2547798454761505,0.3651818037033081,0.18921957910060883,0.390724241733551,0.46165674924850464,0.44865015149116516,0.6767132878303528,0.765070378780365,0.5412804484367371,0.44865015149116516,0.6767132878303528,0.765070378780365,0.5412804484367371,reference_scene_id
B4,latest,280d8ebb-6cc6-2788-9153-98959a2da801,reverse,4,5,0.2285429686307907,0.3664613962173462,0.3926953971385956,0.3296875059604645,0.5300000309944153,0.5814285278320312,0.46210023760795593,0.702285647392273,0.7861071825027466,0.6348447203636169,0.46210023760795593,0.702285647392273,0.7861071825027466,0.6348447203636169,reference_scene_id
B4,latest,5630cfcf-12bf-2860-8784-83d28a611a83,reverse,4,5,0.1232098862528801,0.2307407557964325,0.5527513027191162,0.15308642387390137,0.2888888716697693,0.5777777433395386,0.43646499514579773,0.5996549129486084,0.8403284549713135,0.5209876298904419,0.43646499514579773,0.5996549129486084,0.8403284549713135,0.5209876298904419,reference_scene_id
B4,latest,8eabc45f-5af7-2f32-8528-640861d2a135,reverse,4,5,0.05793939158320427,0.08717812597751617,0.28484806418418884,0.19977572560310364,0.2747010886669159,0.43744149804115295,0.4963708519935608,0.715186357498169,0.9086170792579651,0.5738426446914673,0.48918405175209045,0.7060542702674866,0.8988305926322937,0.5651194453239441,reference_scene_id
B4,latest,ddc73797-765b-241a-9e2c-097c5989baf6,reverse,4,6,0.04064559191465378,0.1018749549984932,0.19064109027385712,0.10180175304412842,0.21744228899478912,0.33662518858909607,0.3428148031234741,0.5776262879371643,0.7006441354751587,0.4830830991268158,0.3428148031234741,0.5776262879371643,0.7006441354751587,0.4830830991268158,reference_scene_id
B4,latest,10b17940-3938-2467-8a7a-958300ba83d3,reverse,5,10,0.16469867527484894,0.2194051593542099,0.2270778864622116,0.23105564713478088,0.3237670660018921,0.3608521819114685,0.5545385479927063,0.6868122816085815,0.7529590129852295,0.7408280372619629,0.5698769092559814,0.7052192091941833,0.7748087644577026,0.7370067834854126,reference_scene_id
B4,latest,137a8158-1db5-2cc0-8003-31c12610471e,reverse,5,12,0.058908555656671524,0.18586643040180206,0.31943896412849426,0.13696739077568054,0.3253742456436157,0.4022591710090637,0.44865015149116516,0.6767132878303528,0.765070378780365,0.5412804484367371,0.44865015149116516,0.6767132878303528,0.765070378780365,0.5412804484367371,reference_scene_id
B4,latest,280d8ebb-6cc6-2788-9153-98959a2da801,reverse,5,5,0.20895418524742126,0.32951635122299194,0.33956533670425415,0.28593751788139343,0.4814285635948181,0.5071429014205933,0.46210023760795593,0.702285647392273,0.7861071825027466,0.6348447203636169,0.46210023760795593,0.702285647392273,0.7861071825027466,0.6348447203636169,reference_scene_id
B4,latest,5630cfcf-12bf-2860-8784-83d28a611a83,reverse,5,5,0.12393003702163696,0.26592594385147095,0.5305291414260864,0.12839505076408386,0.2888888716697693,0.5555555820465088,0.43646499514579773,0.5996549129486084,0.8403284549713135,0.5209876298904419,0.43646499514579773,0.5996549129486084,0.8403284549713135,0.5209876298904419,reference_scene_id
B4,latest,8eabc45f-5af7-2f32-8528-640861d2a135,reverse,5,5,0.017323048785328865,0.025709399953484535,0.19884473085403442,0.12129630148410797,0.17916667461395264,0.3166666626930237,0.4887538552284241,0.7042747139930725,0.896995484828949,0.5629264116287231,0.48918405175209045,0.7060542702674866,0.8988305926322937,0.5651194453239441,reference_scene_id
B4,latest,ddc73797-765b-241a-9e2c-097c5989baf6,reverse,5,6,0.018164705485105515,0.04038374871015549,0.10917548835277557,0.06044448912143707,0.11100099980831146,0.2422509789466858,0.3428148031234741,0.5776262879371643,0.7006441354751587,0.4830830991268158,0.3428148031234741,0.5776262879371643,0.7006441354751587,0.4830830991268158,reference_scene_id
B4,latest,10b17940-3938-2467-8a7a-958300ba83d3,sha256_seed45,2,10,0.444503515958786,0.5804108381271362,0.6099258661270142,0.5543946623802185,0.684050440788269,0.7470133900642395,0.5121320486068726,0.6820292472839355,0.7724541425704956,0.6455222368240356,0.5121320486068726,0.6820292472839355,0.7724541425704956,0.6455222368240356,reference_scene_id
B4,latest,137a8158-1db5-2cc0-8003-31c12610471e,sha256_seed45,2,12,0.3411112427711487,0.5533126592636108,0.583361029624939,0.4422248601913452,0.6648741960525513,0.6870698928833008,0.5218499302864075,0.6875860691070557,0.7716923952102661,0.5830585956573486,0.5218499302864075,0.6875860691070557,0.7716923952102661,0.5830585956573486,reference_scene_id
B4,latest,280d8ebb-6cc6-2788-9153-98959a2da801,sha256_seed45,2,5,0.338975727558136,0.4947916567325592,0.5625,0.4404761791229248,0.6428571343421936,0.7285714149475098,0.5308642387390137,0.8333333134651184,1.0,0.5648148059844971,0.5308642387390137,0.8333333134651184,1.0,0.5648148059844971,reference_scene_id
B4,latest,5630cfcf-12bf-2860-8784-83d28a611a83,sha256_seed45,2,5,0.40740740299224854,0.5555555820465088,0.7777777910232544,0.40740740299224854,0.5555555820465088,0.7777777910232544,0.5469135642051697,0.7777777910232544,0.9768518805503845,0.5802469253540039,0.5469135642051697,0.7777777910232544,0.9768518805503845,0.5802469253540039,reference_scene_id
B4,latest,8eabc45f-5af7-2f32-8528-640861d2a135,sha256_seed45,2,5,0.28333336114883423,0.4121527671813965,0.53025883436203,0.37222227454185486,0.6291666626930237,0.6541666984558105,0.4027777910232544,0.625,0.75,0.4027777910232544,0.4027777910232544,0.625,0.75,0.4027777910232544,reference_scene_id
B4,latest,ddc73797-765b-241a-9e2c-097c5989baf6,sha256_seed45,2,6,0.06566492468118668,0.09613175690174103,0.25023382902145386,0.20330287516117096,0.31199750304222107,0.5454030632972717,0.2940201759338379,0.372346431016922,0.4991859197616577,0.39844363927841187,0.2940201759338379,0.372346431016922,0.4991859197616577,0.39844363927841187,reference_scene_id
B4,latest,10b17940-3938-2467-8a7a-958300ba83d3,sha256_seed45,3,10,0.24679188430309296,0.3375158905982971,0.348941445350647,0.3977510333061218,0.517117977142334,0.5520386099815369,0.526994526386261,0.6850413084030151,0.7361992001533508,0.7767489552497864,0.526994526386261,0.6850413084030151,0.7361992001533508,0.7767489552497864,reference_scene_id
B4,latest,137a8158-1db5-2cc0-8003-31c12610471e,sha256_seed45,3,12,0.23272697627544403,0.4832504689693451,0.4967411160469055,0.31952860951423645,0.5509942770004272,0.5768623352050781,0.5347914099693298,0.7707216739654541,0.8400074243545532,0.6064261794090271,0.5347914099693298,0.7707216739654541,0.8400074243545532,0.6064261794090271,reference_scene_id
B4,latest,280d8ebb-6cc6-2788-9153-98959a2da801,sha256_seed45,3,5,0.35729163885116577,0.5414062738418579,0.6171875,0.4404761791229248,0.6428571343421936,0.7285714149475098,0.6177983283996582,1.0,1.0,0.6820988059043884,0.6177983283996582,1.0,1.0,0.6820988059043884,reference_scene_id
B4,latest,5630cfcf-12bf-2860-8784-83d28a611a83,sha256_seed45,3,5,0.3086419701576233,0.5555555820465088,0.7777777910232544,0.3086419701576233,0.5555555820465088,0.7777777910232544,0.39178240299224854,0.7239583730697632,0.9739583730697632,0.4722222089767456,0.39178240299224854,0.7239583730697632,0.9739583730697632,0.4722222089767456,reference_scene_id
B4,latest,8eabc45f-5af7-2f32-8528-640861d2a135,sha256_seed45,3,5,0.28287041187286377,0.4121527671813965,0.5320391654968262,0.37222227454185486,0.6291666626930237,0.6541666984558105,0.48043981194496155,0.5260416269302368,0.5685763955116272,0.5555555820465088,0.48043981194496155,0.5260416269302368,0.5685763955116272,0.5555555820465088,reference_scene_id
B4,latest,ddc73797-765b-241a-9e2c-097c5989baf6,sha256_seed45,3,6,0.02049724943935871,0.04430583119392395,0.0967276468873024,0.09189210087060928,0.15496991574764252,0.25059205293655396,0.39620086550712585,0.5903145670890808,0.655419111251831,0.4834766387939453,0.39620086550712585,0.5903145670890808,0.655419111251831,0.4834766387939453,reference_scene_id
B4,latest,10b17940-3938-2467-8a7a-958300ba83d3,sha256_seed45,4,10,0.1938030868768692,0.27179861068725586,0.27472421526908875,0.28501060605049133,0.3838092088699341,0.42454993724823,0.5642074942588806,0.6871211528778076,0.7289514541625977,0.7341532707214355,0.5642074942588806,0.6871211528778076,0.7289514541625977,0.7341532707214355,reference_scene_id
B4,latest,137a8158-1db5-2cc0-8003-31c12610471e,sha256_seed45,4,12,0.15030527114868164,0.3878847360610962,0.3917335271835327,0.2591207027435303,0.47189968824386597,0.48080670833587646,0.47949516773223877,0.7584185600280762,0.7979655265808105,0.6132815480232239,0.47949516773223877,0.7584185600280762,0.7979655265808105,0.6132815480232239,reference_scene_id
B4,latest,280d8ebb-6cc6-2788-9153-98959a2da801,sha256_seed45,4,5,0.21875,0.390625,0.4156250059604645,0.25,0.4375,0.5285714268684387,0.3735119104385376,0.6190476417541504,0.8824405074119568,0.4404761791229248,0.3735119104385376,0.6190476417541504,0.8824405074119568,0.4404761791229248,reference_scene_id
B4,latest,5630cfcf-12bf-2860-8784-83d28a611a83,sha256_seed45,4,5,0.17901234328746796,0.3611111044883728,0.5833333134651184,0.23456789553165436,0.4444444477558136,0.6666666865348816,0.2864583432674408,0.5989583730697632,0.8489583730697632,0.460317462682724,0.2864583432674408,0.5989583730697632,0.8489583730697632,0.460317462682724,reference_scene_id
B4,latest,8eabc45f-5af7-2f32-8528-640861d2a135,sha256_seed45,4,5,0.021267235279083252,0.048744142055511475,0.15805897116661072,0.11574074625968933,0.2708333432674408,0.2916666865348816,0.48701566457748413,0.7526785731315613,0.992968738079071,0.5868055820465088,0.48701566457748413,0.7526785731315613,0.992968738079071,0.5868055820465088,reference_scene_id
B4,latest,ddc73797-765b-241a-9e2c-097c5989baf6,sha256_seed45,4,6,0.01304342970252037,0.02765662409365177,0.052463989704847336,0.05401688441634178,0.10718954354524612,0.19640523195266724,0.4771590828895569,0.737598180770874,0.8262032270431519,0.5863610506057739,0.4771590828895569,0.737598180770874,0.8262032270431519,0.5863610506057739,reference_scene_id
B4,latest,10b17940-3938-2467-8a7a-958300ba83d3,sha256_seed45,5,10,0.16500531136989594,0.23175817728042603,0.23359179496765137,0.25973132252693176,0.35915032029151917,0.39989104866981506,0.6436281204223633,0.7474701404571533,0.7613590359687805,0.7120370268821716,0.6436281204223633,0.7474701404571533,0.7613590359687805,0.7120370268821716,reference_scene_id
B4,latest,137a8158-1db5-2cc0-8003-31c12610471e,sha256_seed45,5,12,0.1264532208442688,0.32679617404937744,0.3390817642211914,0.18908166885375977,0.37883371114730835,0.38432204723358154,0.3350999057292938,0.5326281785964966,0.658012866973877,0.44462764263153076,0.3350999057292938,0.5326281785964966,0.658012866973877,0.44462764263153076,reference_scene_id
B4,latest,280d8ebb-6cc6-2788-9153-98959a2da801,sha256_seed45,5,5,0.21875,0.390625,0.390625,0.25,0.4375,0.5,0.6697531342506409,0.7824074625968933,0.9518518447875977,0.7160494327545166,0.6697531342506409,0.7824074625968933,0.9518518447875977,0.7160494327545166,reference_scene_id
B4,latest,5630cfcf-12bf-2860-8784-83d28a611a83,sha256_seed45,5,5,0.23456789553165436,0.4444444477558136,0.6666666865348816,0.23456789553165436,0.4444444477558136,0.6666666865348816,0.5010287761688232,0.7407407760620117,0.9351851940155029,0.5679012537002563,0.5010287761688232,0.7407407760620117,0.9351851940155029,0.5679012537002563,reference_scene_id
B4,latest,8eabc45f-5af7-2f32-8528-640861d2a135,sha256_seed45,5,5,0.039678677916526794,0.061230555176734924,0.15462331473827362,0.11342594027519226,0.2083333432674408,0.2083333432674408,0.5741534233093262,0.726190447807312,0.9085034132003784,0.6216931343078613,0.5741534233093262,0.726190447807312,0.9085034132003784,0.6216931343078613,reference_scene_id
B4,latest,ddc73797-765b-241a-9e2c-097c5989baf6,sha256_seed45,5,6,0.01635156199336052,0.04002465307712555,0.0881727784872055,0.046307746320962906,0.0922882929444313,0.17782750725746155,0.35635247826576233,0.6369386911392212,0.8660841584205627,0.43932539224624634,0.35635247826576233,0.6369386911392212,0.8660841584205627,0.43932539224624634,reference_scene_id
B4,max,10b17940-3938-2467-8a7a-958300ba83d3,canonical,2,10,0.3584226965904236,0.5322296619415283,0.5747137069702148,0.5463483929634094,0.6961400508880615,0.7363997101783752,0.5474475622177124,0.7385865449905396,0.7725222706794739,0.7352715730667114,0.556598961353302,0.7414668202400208,0.7678972482681274,0.7352715730667114,reference_scene_id
B4,max,137a8158-1db5-2cc0-8003-31c12610471e,canonical,2,12,0.25543779134750366,0.4359774589538574,0.5030930042266846,0.4160597026348114,0.5879524946212769,0.6416499018669128,0.4235316216945648,0.6440319418907166,0.7376384735107422,0.5646557807922363,0.43916022777557373,0.6590098142623901,0.756643533706665,0.5646557807922363,reference_scene_id
B4,max,280d8ebb-6cc6-2788-9153-98959a2da801,canonical,2,5,0.30100634694099426,0.48583918809890747,0.6188592910766602,0.36858969926834106,0.573693037033081,0.6931288838386536,0.5107805728912354,0.7456799745559692,0.8877651691436768,0.6228996515274048,0.5483886003494263,0.7878963947296143,0.9180539846420288,0.6228996515274048,reference_scene_id
B4,max,5630cfcf-12bf-2860-8784-83d28a611a83,canonical,2,5,0.26046016812324524,0.39022311568260193,0.6844558119773865,0.3203703463077545,0.4888888895511627,0.7777777910232544,0.4255158603191376,0.6137125492095947,0.8851118683815002,0.5172839760780334,0.4240644872188568,0.6305913329124451,0.8853012919425964,0.5172839760780334,reference_scene_id
B4,max,8eabc45f-5af7-2f32-8528-640861d2a135,canonical,2,5,0.27127307653427124,0.3692992925643921,0.5482867360115051,0.4469205439090729,0.612451434135437,0.7529671788215637,0.48239171504974365,0.6506813764572144,0.8615012764930725,0.58858722448349,0.512006402015686,0.6815729141235352,0.8832219839096069,0.58858722448349,reference_scene_id
B4,max,ddc73797-765b-241a-9e2c-097c5989baf6,canonical,2,6,0.16646260023117065,0.32863861322402954,0.44314536452293396,0.2646494507789612,0.4462997615337372,0.5927608013153076,0.3066911995410919,0.5360023975372314,0.6957222819328308,0.4312182664871216,0.3218107521533966,0.5354750156402588,0.6925543546676636,0.4312182664871216,reference_scene_id
B4,max,10b17940-3938-2467-8a7a-958300ba83d3,canonical,3,10,0.26372185349464417,0.42505234479904175,0.4437781274318695,0.45642220973968506,0.6036475896835327,0.6301907896995544,0.4917502701282501,0.6772484183311462,0.7167162895202637,0.7352715730667114,0.556598961353302,0.7414668202400208,0.7678972482681274,0.7352715730667114,reference_scene_id
B4,max,137a8158-1db5-2cc0-8003-31c12610471e,canonical,3,12,0.17562860250473022,0.32729482650756836,0.3745898902416229,0.2982165217399597,0.4456281363964081,0.4907670319080353,0.4331916272640228,0.6613383889198303,0.7571536302566528,0.5646557807922363,0.43916022777557373,0.6590098142623901,0.756643533706665,0.5646557807922363,reference_scene_id
B4,max,280d8ebb-6cc6-2788-9153-98959a2da801,canonical,3,5,0.24836331605911255,0.4169084429740906,0.5447531938552856,0.301923543214798,0.49605393409729004,0.596323549747467,0.4943805932998657,0.7588110566139221,0.8983452916145325,0.6228996515274048,0.5483886003494263,0.7878963947296143,0.9180539846420288,0.6228996515274048,reference_scene_id
B4,max,5630cfcf-12bf-2860-8784-83d28a611a83,canonical,3,5,0.2074691653251648,0.3522222340106964,0.6540873050689697,0.24938271939754486,0.4000000059604645,0.7111111283302307,0.3977917432785034,0.6356878280639648,0.8809451460838318,0.5172839760780334,0.4240644872188568,0.6305913329124451,0.8853012919425964,0.5172839760780334,reference_scene_id
B4,max,8eabc45f-5af7-2f32-8528-640861d2a135,canonical,3,5,0.12442970275878906,0.2258252203464508,0.38084328174591064,0.33685457706451416,0.4637075960636139,0.6013500690460205,0.43341195583343506,0.618890643119812,0.8348395824432373,0.586394190788269,0.512006402015686,0.6815729141235352,0.8832219839096069,0.58858722448349,reference_scene_id
B4,max,ddc73797-765b-241a-9e2c-097c5989baf6,canonical,3,6,0.08769852668046951,0.19654908776283264,0.3213411569595337,0.1753891110420227,0.3125605583190918,0.45964908599853516,0.2951503098011017,0.513154149055481,0.67064368724823,0.4312182664871216,0.3218107521533966,0.5354750156402588,0.6925543546676636,0.4312182664871216,reference_scene_id
B4,max,10b17940-3938-2467-8a7a-958300ba83d3,canonical,4,10,0.20718753337860107,0.3628848195075989,0.36976727843284607,0.34537360072135925,0.49618297815322876,0.5102855563163757,0.5084139704704285,0.6878418326377869,0.7240577340126038,0.7211623191833496,0.556598961353302,0.7414668202400208,0.7678972482681274,0.7352715730667114,reference_scene_id
B4,max,137a8158-1db5-2cc0-8003-31c12610471e,canonical,4,12,0.13265235722064972,0.2582676112651825,0.307447224855423,0.23145116865634918,0.36009424924850464,0.38787204027175903,0.4215431213378906,0.6368508338928223,0.7592633366584778,0.5646557807922363,0.43916022777557373,0.6590098142623901,0.756643533706665,0.5646557807922363,reference_scene_id
B4,max,280d8ebb-6cc6-2788-9153-98959a2da801,canonical,4,5,0.22199642658233643,0.3778626024723053,0.5033629536628723,0.2629166841506958,0.45124998688697815,0.5512500405311584,0.509829580783844,0.7619200348854065,0.8988150954246521,0.6228996515274048,0.5483886003494263,0.7878963947296143,0.9180539846420288,0.6228996515274048,reference_scene_id
B4,max,5630cfcf-12bf-2860-8784-83d28a611a83,canonical,4,5,0.18205763399600983,0.33481481671333313,0.6237654089927673,0.20987653732299805,0.3777777850627899,0.6666666269302368,0.40020817518234253,0.6664638519287109,0.8743579387664795,0.5172839760780334,0.4240644872188568,0.6305913329124451,0.8853012919425964,0.5172839760780334,reference_scene_id
B4,max,8eabc45f-5af7-2f32-8528-640861d2a135,canonical,4,5,0.09868520498275757,0.2022305130958557,0.34842434525489807,0.25154730677604675,0.37111443281173706,0.5072751045227051,0.48159128427505493,0.6637952327728271,0.883441686630249,0.5923721790313721,0.512006402015686,0.6815729141235352,0.8832219839096069,0.58858722448349,reference_scene_id
B4,max,ddc73797-765b-241a-9e2c-097c5989baf6,canonical,4,6,0.040950942784547806,0.09404061734676361,0.16757969558238983,0.10974326729774475,0.19462482631206512,0.32327744364738464,0.2880334258079529,0.49217119812965393,0.6669599413871765,0.4312182664871216,0.3218107521533966,0.5354750156402588,0.6925543546676636,0.4312182664871216,reference_scene_id
B4,max,10b17940-3938-2467-8a7a-958300ba83d3,canonical,5,10,0.17452475428581238,0.31758952140808105,0.31785762310028076,0.3064374029636383,0.45055171847343445,0.45055171847343445,0.5522893071174622,0.7421228885650635,0.7834025621414185,0.7355655431747437,0.556598961353302,0.7414668202400208,0.7678972482681274,0.7352715730667114,reference_scene_id
B4,max,137a8158-1db5-2cc0-8003-31c12610471e,canonical,5,12,0.10122883319854736,0.20108476281166077,0.24944829940795898,0.1700436919927597,0.2916441261768341,0.3263663351535797,0.42008912563323975,0.6369590759277344,0.7430328726768494,0.5646557807922363,0.43916022777557373,0.6590098142623901,0.756643533706665,0.5646557807922363,reference_scene_id
B4,max,280d8ebb-6cc6-2788-9153-98959a2da801,canonical,5,5,0.18093419075012207,0.3127976059913635,0.4390135109424591,0.20888887345790863,0.3787500262260437,0.4962500035762787,0.5018777251243591,0.749057412147522,0.8919750452041626,0.6228996515274048,0.5483886003494263,0.7878963947296143,0.9180539846420288,0.6228996515274048,reference_scene_id
B4,max,5630cfcf-12bf-2860-8784-83d28a611a83,canonical,5,5,0.17006172239780426,0.3172222375869751,0.601111114025116,0.19012346863746643,0.35555556416511536,0.6222221851348877,0.4166707992553711,0.61847984790802,0.9109001159667969,0.5172839760780334,0.4240644872188568,0.6305913329124451,0.8853012919425964,0.5172839760780334,reference_scene_id
B4,max,8eabc45f-5af7-2f32-8528-640861d2a135,canonical,5,5,0.07985427975654602,0.18087390065193176,0.32578885555267334,0.18981480598449707,0.30416667461395264,0.44999998807907104,0.48585638403892517,0.6540589332580566,0.8537783026695251,0.586394190788269,0.512006402015686,0.6815729141235352,0.8832219839096069,0.58858722448349,reference_scene_id
B4,max,ddc73797-765b-241a-9e2c-097c5989baf6,canonical,5,6,0.01898299530148506,0.05043318495154381,0.10344921797513962,0.057688817381858826,0.11368997395038605,0.24314434826374054,0.2801969349384308,0.47788986563682556,0.6768267750740051,0.4312182664871216,0.3218107521533966,0.5354750156402588,0.6925543546676636,0.4312182664871216,reference_scene_id
B4,max,10b17940-3938-2467-8a7a-958300ba83d3,reverse,2,10,0.32090574502944946,0.44197142124176025,0.4802895188331604,0.490796834230423,0.6304833889007568,0.6808441877365112,0.5579260587692261,0.7048422694206238,0.7623187899589539,0.7370067834854126,0.5698769092559814,0.7052192091941833,0.7748087644577026,0.7370067834854126,reference_scene_id
B4,max,137a8158-1db5-2cc0-8003-31c12610471e,reverse,2,12,0.2766404449939728,0.48276135325431824,0.5573548674583435,0.40702760219573975,0.6264941096305847,0.6763721704483032,0.43128547072410583,0.6492675542831421,0.7550485134124756,0.5412804484367371,0.44865015149116516,0.6767132878303528,0.765070378780365,0.5412804484367371,reference_scene_id
B4,max,280d8ebb-6cc6-2788-9153-98959a2da801,reverse,2,5,0.30880823731422424,0.5012585520744324,0.5547233819961548,0.46879953145980835,0.6910160183906555,0.7756433486938477,0.44372087717056274,0.6927962303161621,0.760276198387146,0.6348447203636169,0.46210023760795593,0.702285647392273,0.7861071825027466,0.6348447203636169,reference_scene_id
B4,max,5630cfcf-12bf-2860-8784-83d28a611a83,reverse,2,5,0.24983759224414825,0.4088558554649353,0.6761519908905029,0.3314814865589142,0.4777778089046478,0.7444444298744202,0.3943295478820801,0.6132439374923706,0.8295260667800903,0.5209876298904419,0.43646499514579773,0.5996549129486084,0.8403284549713135,0.5209876298904419,reference_scene_id
B4,max,8eabc45f-5af7-2f32-8528-640861d2a135,reverse,2,5,0.21087202429771423,0.2890664339065552,0.5024124383926392,0.44677114486694336,0.618847131729126,0.7720522880554199,0.4907195270061493,0.7090757489204407,0.9010682106018066,0.5651194453239441,0.48918405175209045,0.7060542702674866,0.8988305926322937,0.5651194453239441,reference_scene_id
B4,max,ddc73797-765b-241a-9e2c-097c5989baf6,reverse,2,6,0.18182411789894104,0.3695497214794159,0.4863828122615814,0.2722140848636627,0.4735729694366455,0.6240981817245483,0.3297603130340576,0.5778826475143433,0.7053576707839966,0.4830830991268158,0.3428148031234741,0.5776262879371643,0.7006441354751587,0.4830830991268158,reference_scene_id
B4,max,10b17940-3938-2467-8a7a-958300ba83d3,reverse,3,10,0.21766412258148193,0.32149988412857056,0.34833914041519165,0.37697967886924744,0.5029742121696472,0.5488776564598083,0.5379790663719177,0.7132713198661804,0.7741000652313232,0.7408280372619629,0.5698769092559814,0.7052192091941833,0.7748087644577026,0.7370067834854126,reference_scene_id
B4,max,137a8158-1db5-2cc0-8003-31c12610471e,reverse,3,12,0.16653861105442047,0.3733193874359131,0.45463234186172485,0.27966296672821045,0.48066601157188416,0.5501104593276978,0.4090729355812073,0.6664160490036011,0.759669303894043,0.5412804484367371,0.44865015149116516,0.6767132878303528,0.765070378780365,0.5412804484367371,reference_scene_id
B4,max,280d8ebb-6cc6-2788-9153-98959a2da801,reverse,3,5,0.25616610050201416,0.42189422249794006,0.4648542106151581,0.3913372755050659,0.6126236915588379,0.6615126729011536,0.43197908997535706,0.6924237012863159,0.7778842449188232,0.6348447203636169,0.46210023760795593,0.702285647392273,0.7861071825027466,0.6348447203636169,reference_scene_id
B4,max,5630cfcf-12bf-2860-8784-83d28a611a83,reverse,3,5,0.16709290444850922,0.29222220182418823,0.5835317373275757,0.2074074000120163,0.3333333432674408,0.6222221851348877,0.38683590292930603,0.6316390037536621,0.8183311820030212,0.5209876298904419,0.43646499514579773,0.5996549129486084,0.8403284549713135,0.5209876298904419,reference_scene_id
B4,max,8eabc45f-5af7-2f32-8528-640861d2a135,reverse,3,5,0.10451436787843704,0.18572106957435608,0.3626789450645447,0.3050351142883301,0.45364055037498474,0.60817551612854,0.4792112708091736,0.7145251631736755,0.8816519379615784,0.5673124194145203,0.48918405175209045,0.7060542702674866,0.8988305926322937,0.5651194453239441,reference_scene_id
B4,max,ddc73797-765b-241a-9e2c-097c5989baf6,reverse,3,6,0.0745324194431305,0.178777277469635,0.24545222520828247,0.16666489839553833,0.3355332314968109,0.4459167718887329,0.3075113296508789,0.5426270961761475,0.7000857591629028,0.4830830991268158,0.3428148031234741,0.5776262879371643,0.7006441354751587,0.4830830991268158,reference_scene_id
B4,max,10b17940-3938-2467-8a7a-958300ba83d3,reverse,4,10,0.17168186604976654,0.2602807879447937,0.27348339557647705,0.28016382455825806,0.39655205607414246,0.4404137432575226,0.532414972782135,0.7191827297210693,0.7743420600891113,0.7370067834854126,0.5698769092559814,0.7052192091941833,0.7748087644577026,0.7370067834854126,reference_scene_id
B4,max,137a8158-1db5-2cc0-8003-31c12610471e,reverse,4,12,0.09276918321847916,0.2813764214515686,0.3580249547958374,0.18921957910060883,0.390724241733551,0.46165674924850464,0.37170228362083435,0.6276543140411377,0.7134880423545837,0.5412804484367371,0.44865015149116516,0.6767132878303528,0.765070378780365,0.5412804484367371,reference_scene_id
B4,max,280d8ebb-6cc6-2788-9153-98959a2da801,reverse,4,5,0.23273931443691254,0.36817097663879395,0.41100096702575684,0.3296875059604645,0.5300000309944153,0.5814285278320312,0.41977784037590027,0.6583773493766785,0.7518021464347839,0.6348447203636169,0.46210023760795593,0.702285647392273,0.7861071825027466,0.6348447203636169,reference_scene_id
B4,max,5630cfcf-12bf-2860-8784-83d28a611a83,reverse,4,5,0.12613071501255035,0.2714814841747284,0.5672839283943176,0.15308642387390137,0.2888888716697693,0.5777777433395386,0.37954506278038025,0.6113524436950684,0.8506173491477966,0.5209876298904419,0.43646499514579773,0.5996549129486084,0.8403284549713135,0.5209876298904419,reference_scene_id
B4,max,8eabc45f-5af7-2f32-8528-640861d2a135,reverse,4,5,0.04415374994277954,0.059081852436065674,0.25889384746551514,0.19977572560310364,0.2747010886669159,0.43744149804115295,0.4774644672870636,0.687476634979248,0.9079799652099609,0.5738426446914673,0.48918405175209045,0.7060542702674866,0.8988305926322937,0.5651194453239441,reference_scene_id
B4,max,ddc73797-765b-241a-9e2c-097c5989baf6,reverse,4,6,0.03681669384241104,0.08484041690826416,0.16826793551445007,0.10180175304412842,0.21744228899478912,0.33662518858909607,0.3217100203037262,0.5536487698554993,0.7089350819587708,0.4830830991268158,0.3428148031234741,0.5776262879371643,0.7006441354751587,0.4830830991268158,reference_scene_id
B4,max,10b17940-3938-2467-8a7a-958300ba83d3,reverse,5,10,0.1546257585287094,0.21574796736240387,0.22131754457950592,0.23105564713478088,0.3237670660018921,0.3608521819114685,0.5601587295532227,0.7344764471054077,0.7859668135643005,0.7408280372619629,0.5698769092559814,0.7052192091941833,0.7748087644577026,0.7370067834854126,reference_scene_id
B4,max,137a8158-1db5-2cc0-8003-31c12610471e,reverse,5,12,0.06172913312911987,0.22345897555351257,0.30443066358566284,0.13696739077568054,0.3253742456436157,0.4022591710090637,0.3683265149593353,0.6207378506660461,0.7058925628662109,0.5412804484367371,0.44865015149116516,0.6767132878303528,0.765070378780365,0.5412804484367371,reference_scene_id
B4,max,280d8ebb-6cc6-2788-9153-98959a2da801,reverse,5,5,0.2197912633419037,0.34443923830986023,0.3532294034957886,0.28593751788139343,0.4814285635948181,0.5071429014205933,0.44070175290107727,0.660835325717926,0.7339965105056763,0.6348447203636169,0.46210023760795593,0.702285647392273,0.7861071825027466,0.6348447203636169,reference_scene_id
B4,max,5630cfcf-12bf-2860-8784-83d28a611a83,reverse,5,5,0.1254938244819641,0.2761111259460449,0.5555555820465088,0.12839505076408386,0.2888888716697693,0.5555555820465088,0.40986594557762146,0.6126178503036499,0.8653549551963806,0.5209876298904419,0.43646499514579773,0.5996549129486084,0.8403284549713135,0.5209876298904419,reference_scene_id
B4,max,8eabc45f-5af7-2f32-8528-640861d2a135,reverse,5,5,0.016303928568959236,0.024359291419386864,0.1949053406715393,0.12129630148410797,0.17916667461395264,0.3166666626930237,0.49836233258247375,0.7276873588562012,0.899366557598114,0.5629264116287231,0.48918405175209045,0.7060542702674866,0.8988305926322937,0.5651194453239441,reference_scene_id
B4,max,ddc73797-765b-241a-9e2c-097c5989baf6,reverse,5,6,0.014842938631772995,0.04188961908221245,0.12422463297843933,0.06044448912143707,0.11100099980831146,0.2422509789466858,0.30939409136772156,0.5395715832710266,0.6902247071266174,0.4830830991268158,0.3428148031234741,0.5776262879371643,0.7006441354751587,0.4830830991268158,reference_scene_id
B4,max,10b17940-3938-2467-8a7a-958300ba83d3,sha256_seed45,2,10,0.4340842366218567,0.5667291283607483,0.5977230072021484,0.5543946623802185,0.684050440788269,0.7470133900642395,0.5109285712242126,0.6890313625335693,0.7809019088745117,0.6455222368240356,0.5121320486068726,0.6820292472839355,0.7724541425704956,0.6455222368240356,reference_scene_id
B4,max,137a8158-1db5-2cc0-8003-31c12610471e,sha256_seed45,2,12,0.3300982117652893,0.541587233543396,0.5715644955635071,0.4422248601913452,0.6648741960525513,0.6870698928833008,0.5105087757110596,0.6909561157226562,0.7746062278747559,0.5830585956573486,0.5218499302864075,0.6875860691070557,0.7716923952102661,0.5830585956573486,reference_scene_id
B4,max,280d8ebb-6cc6-2788-9153-98959a2da801,sha256_seed45,2,5,0.338975727558136,0.4947916567325592,0.5697916150093079,0.4404761791229248,0.6428571343421936,0.7285714149475098,0.5312500596046448,0.8333333134651184,1.0,0.5648148059844971,0.5308642387390137,0.8333333134651184,1.0,0.5648148059844971,reference_scene_id
B4,max,5630cfcf-12bf-2860-8784-83d28a611a83,sha256_seed45,2,5,0.40740740299224854,0.5555555820465088,0.7777777910232544,0.40740740299224854,0.5555555820465088,0.7777777910232544,0.5469135642051697,0.7777777910232544,0.9768518805503845,0.5802469253540039,0.5469135642051697,0.7777777910232544,0.9768518805503845,0.5802469253540039,reference_scene_id
B4,max,8eabc45f-5af7-2f32-8528-640861d2a135,sha256_seed45,2,5,0.28333336114883423,0.4121527671813965,0.53025883436203,0.37222227454185486,0.6291666626930237,0.6541666984558105,0.3506944477558136,0.4375,0.5625,0.4027777910232544,0.4027777910232544,0.625,0.75,0.4027777910232544,reference_scene_id
B4,max,ddc73797-765b-241a-9e2c-097c5989baf6,sha256_seed45,2,6,0.06328944861888885,0.09248917549848557,0.2495228350162506,0.20330287516117096,0.31199750304222107,0.5454030632972717,0.2573828101158142,0.34312114119529724,0.47647106647491455,0.39844363927841187,0.2940201759338379,0.372346431016922,0.4991859197616577,0.39844363927841187,reference_scene_id
B4,max,10b17940-3938-2467-8a7a-958300ba83d3,sha256_seed45,3,10,0.2338000386953354,0.3383861184120178,0.34981170296669006,0.3977510333061218,0.517117977142334,0.5520386099815369,0.5013316869735718,0.7178124189376831,0.763951301574707,0.7767489552497864,0.526994526386261,0.6850413084030151,0.7361992001533508,0.7767489552497864,reference_scene_id
B4,max,137a8158-1db5-2cc0-8003-31c12610471e,sha256_seed45,3,12,0.22997993230819702,0.46935808658599854,0.4821677803993225,0.31952860951423645,0.5509942770004272,0.5768623352050781,0.5241864323616028,0.7780884504318237,0.8456467390060425,0.6064261794090271,0.5347914099693298,0.7707216739654541,0.8400074243545532,0.6064261794090271,reference_scene_id
B4,max,280d8ebb-6cc6-2788-9153-98959a2da801,sha256_seed45,3,5,0.34687498211860657,0.5179687738418579,0.6244791746139526,0.4404761791229248,0.6428571343421936,0.7285714149475098,0.6177983283996582,1.0,1.0,0.6820988059043884,0.6177983283996582,1.0,1.0,0.6820988059043884,reference_scene_id
B4,max,5630cfcf-12bf-2860-8784-83d28a611a83,sha256_seed45,3,5,0.3086419701576233,0.5555555820465088,0.7777777910232544,0.3086419701576233,0.5555555820465088,0.7777777910232544,0.39178240299224854,0.7239583730697632,0.9739583730697632,0.4722222089767456,0.39178240299224854,0.7239583730697632,0.9739583730697632,0.4722222089767456,reference_scene_id
B4,max,8eabc45f-5af7-2f32-8528-640861d2a135,sha256_seed45,3,5,0.28287041187286377,0.4121527671813965,0.5320391654968262,0.37222227454185486,0.6291666626930237,0.6541666984558105,0.48043981194496155,0.5260416269302368,0.5685763955116272,0.5555555820465088,0.48043981194496155,0.5260416269302368,0.5685763955116272,0.5555555820465088,reference_scene_id
B4,max,ddc73797-765b-241a-9e2c-097c5989baf6,sha256_seed45,3,6,0.02271398901939392,0.053718727082014084,0.10258273035287857,0.09189210087060928,0.15496991574764252,0.25059205293655396,0.3705289363861084,0.5862271785736084,0.646635890007019,0.4834766387939453,0.39620086550712585,0.5903145670890808,0.655419111251831,0.4834766387939453,reference_scene_id
B4,max,10b17940-3938-2467-8a7a-958300ba83d3,sha256_seed45,4,10,0.17283670604228973,0.2483573704957962,0.2517540752887726,0.28501060605049133,0.3838092088699341,0.42454993724823,0.573931097984314,0.7308878898620605,0.7536985874176025,0.7341532707214355,0.5642074942588806,0.6871211528778076,0.7289514541625977,0.7341532707214355,reference_scene_id
B4,max,137a8158-1db5-2cc0-8003-31c12610471e,sha256_seed45,4,12,0.16266846656799316,0.4125654697418213,0.41631191968917847,0.2591207027435303,0.47189968824386597,0.48080670833587646,0.4448334276676178,0.7478858232498169,0.788175642490387,0.6132815480232239,0.47949516773223877,0.7584185600280762,0.7979655265808105,0.6132815480232239,reference_scene_id
B4,max,280d8ebb-6cc6-2788-9153-98959a2da801,sha256_seed45,4,5,0.203125,0.390625,0.3968749940395355,0.25,0.4375,0.5285714268684387,0.3229166567325592,0.5922619104385376,0.8824405074119568,0.4404761791229248,0.3735119104385376,0.6190476417541504,0.8824405074119568,0.4404761791229248,reference_scene_id
B4,max,5630cfcf-12bf-2860-8784-83d28a611a83,sha256_seed45,4,5,0.23456789553165436,0.4444444477558136,0.6666666865348816,0.23456789553165436,0.4444444477558136,0.6666666865348816,0.2864583432674408,0.5989583730697632,0.8489583730697632,0.460317462682724,0.2864583432674408,0.5989583730697632,0.8489583730697632,0.460317462682724,reference_scene_id
B4,max,8eabc45f-5af7-2f32-8528-640861d2a135,sha256_seed45,4,5,0.021267235279083252,0.048744142055511475,0.15805897116661072,0.11574074625968933,0.2708333432674408,0.2916666865348816,0.4889446794986725,0.7526785731315613,0.992968738079071,0.5868055820465088,0.48701566457748413,0.7526785731315613,0.992968738079071,0.5868055820465088,reference_scene_id
B4,max,ddc73797-765b-241a-9e2c-097c5989baf6,sha256_seed45,4,6,0.017404181882739067,0.0464634895324707,0.07748492807149887,0.05401688441634178,0.10718954354524612,0.19640523195266724,0.5010040402412415,0.7503787279129028,0.8354290127754211,0.5863610506057739,0.4771590828895569,0.737598180770874,0.8262032270431519,0.5863610506057739,reference_scene_id
B4,max,10b17940-3938-2467-8a7a-958300ba83d3,sha256_seed45,5,10,0.15726277232170105,0.23511791229248047,0.237004816532135,0.25973132252693176,0.35915032029151917,0.39989104866981506,0.6256155967712402,0.75077223777771,0.7687121033668518,0.7120370268821716,0.6436281204223633,0.7474701404571533,0.7613590359687805,0.7120370268821716,reference_scene_id
B4,max,137a8158-1db5-2cc0-8003-31c12610471e,sha256_seed45,5,12,0.12258413434028625,0.3261491060256958,0.33248332142829895,0.18908166885375977,0.37883371114730835,0.38432204723358154,0.3374870717525482,0.5505596399307251,0.6605798602104187,0.44462764263153076,0.3350999057292938,0.5326281785964966,0.658012866973877,0.44462764263153076,reference_scene_id
B4,max,280d8ebb-6cc6-2788-9153-98959a2da801,sha256_seed45,5,5,0.21875,0.390625,0.390625,0.25,0.4375,0.5,0.6594650149345398,0.7824074625968933,0.9518518447875977,0.7160494327545166,0.6697531342506409,0.7824074625968933,0.9518518447875977,0.7160494327545166,reference_scene_id
B4,max,5630cfcf-12bf-2860-8784-83d28a611a83,sha256_seed45,5,5,0.23456789553165436,0.4444444477558136,0.6666666865348816,0.23456789553165436,0.4444444477558136,0.6666666865348816,0.5010287761688232,0.7407407760620117,0.9351851940155029,0.5679012537002563,0.5010287761688232,0.7407407760620117,0.9351851940155029,0.5679012537002563,reference_scene_id
B4,max,8eabc45f-5af7-2f32-8528-640861d2a135,sha256_seed45,5,5,0.018845342099666595,0.029980551451444626,0.12337331473827362,0.11342594027519226,0.2083333432674408,0.2083333432674408,0.5757407546043396,0.7595238089561462,0.9085034132003784,0.6216931343078613,0.5741534233093262,0.726190447807312,0.9085034132003784,0.6216931343078613,reference_scene_id
B4,max,ddc73797-765b-241a-9e2c-097c5989baf6,sha256_seed45,5,6,0.016746405512094498,0.04115110635757446,0.08997055143117905,0.046307746320962906,0.0922882929444313,0.17782750725746155,0.3469190299510956,0.6480391621589661,0.8821365833282471,0.43932539224624634,0.35635247826576233,0.6369386911392212,0.8660841584205627,0.43932539224624634,reference_scene_id
B4,mean,10b17940-3938-2467-8a7a-958300ba83d3,canonical,2,10,0.3569594621658325,0.524817943572998,0.5590115189552307,0.5463483929634094,0.6961400508880615,0.7363997101783752,0.54652339220047,0.7332742214202881,0.7686784267425537,0.7352715730667114,0.556598961353302,0.7414668202400208,0.7678972482681274,0.7352715730667114,reference_scene_id
B4,mean,137a8158-1db5-2cc0-8003-31c12610471e,canonical,2,12,0.2782541513442993,0.4698997735977173,0.5392288565635681,0.4160597026348114,0.5879524946212769,0.6416499018669128,0.42222970724105835,0.6475126147270203,0.7545938491821289,0.5646557807922363,0.43916022777557373,0.6590098142623901,0.756643533706665,0.5646557807922363,reference_scene_id
B4,mean,280d8ebb-6cc6-2788-9153-98959a2da801,canonical,2,5,0.32083094120025635,0.5094568133354187,0.615204930305481,0.36858969926834106,0.573693037033081,0.6931288838386536,0.5438188314437866,0.7909188270568848,0.9210600852966309,0.6228996515274048,0.5483886003494263,0.7878963947296143,0.9180539846420288,0.6228996515274048,reference_scene_id
B4,mean,5630cfcf-12bf-2860-8784-83d28a611a83,canonical,2,5,0.23097798228263855,0.3486284017562866,0.649183988571167,0.3203703463077545,0.4888888895511627,0.7777777910232544,0.42752060294151306,0.6113448143005371,0.8814213871955872,0.5172839760780334,0.4240644872188568,0.6305913329124451,0.8853012919425964,0.5172839760780334,reference_scene_id
B4,mean,8eabc45f-5af7-2f32-8528-640861d2a135,canonical,2,5,0.288722962141037,0.3864719271659851,0.5697940587997437,0.4469205439090729,0.612451434135437,0.7529671788215637,0.49628204107284546,0.6621469855308533,0.867719292640686,0.58858722448349,0.512006402015686,0.6815729141235352,0.8832219839096069,0.58858722448349,reference_scene_id
B4,mean,ddc73797-765b-241a-9e2c-097c5989baf6,canonical,2,6,0.17722733318805695,0.3266782760620117,0.44614264369010925,0.2646494507789612,0.4462997615337372,0.5927608013153076,0.3163173496723175,0.5285235047340393,0.6958598494529724,0.4312182664871216,0.3218107521533966,0.5354750156402588,0.6925543546676636,0.4312182664871216,reference_scene_id
B4,mean,10b17940-3938-2467-8a7a-958300ba83d3,canonical,3,10,0.2654317021369934,0.4230462312698364,0.44412416219711304,0.45642220973968506,0.6036475896835327,0.6301907896995544,0.5323193073272705,0.7266942262649536,0.7683994770050049,0.7352715730667114,0.556598961353302,0.7414668202400208,0.7678972482681274,0.7352715730667114,reference_scene_id
B4,mean,137a8158-1db5-2cc0-8003-31c12610471e,canonical,3,12,0.18612140417099,0.3380429148674011,0.39552417397499084,0.2982165217399597,0.4456281363964081,0.4907670319080353,0.43915408849716187,0.643772304058075,0.754842221736908,0.5646557807922363,0.43916022777557373,0.6590098142623901,0.756643533706665,0.5646557807922363,reference_scene_id
B4,mean,280d8ebb-6cc6-2788-9153-98959a2da801,canonical,3,5,0.26154521107673645,0.43502455949783325,0.5387340188026428,0.301923543214798,0.49605393409729004,0.596323549747467,0.5295082330703735,0.7963201999664307,0.9235274195671082,0.6228996515274048,0.5483886003494263,0.7878963947296143,0.9180539846420288,0.6228996515274048,reference_scene_id
B4,mean,5630cfcf-12bf-2860-8784-83d28a611a83,canonical,3,5,0.18835389614105225,0.31462961435317993,0.6357407569885254,0.24938271939754486,0.4000000059604645,0.7111111283302307,0.40598222613334656,0.5945348143577576,0.894443929195404,0.5172839760780334,0.4240644872188568,0.6305913329124451,0.8853012919425964,0.5172839760780334,reference_scene_id
B4,mean,8eabc45f-5af7-2f32-8528-640861d2a135,canonical,3,5,0.15685933828353882,0.2340504676103592,0.40404069423675537,0.33685457706451416,0.4637075960636139,0.6013500690460205,0.4965585172176361,0.6780034303665161,0.8852300643920898,0.586394190788269,0.512006402015686,0.6815729141235352,0.8832219839096069,0.58858722448349,reference_scene_id
B4,mean,ddc73797-765b-241a-9e2c-097c5989baf6,canonical,3,6,0.10234231501817703,0.21488188207149506,0.32647526264190674,0.1753891110420227,0.3125605583190918,0.45964908599853516,0.3135874569416046,0.5398622155189514,0.6885766386985779,0.4312182664871216,0.3218107521533966,0.5354750156402588,0.6925543546676636,0.4312182664871216,reference_scene_id
B4,mean,10b17940-3938-2467-8a7a-958300ba83d3,canonical,4,10,0.2062976211309433,0.35809603333473206,0.3671812415122986,0.34537360072135925,0.49618297815322876,0.5102855563163757,0.5281857252120972,0.7115493416786194,0.7565524578094482,0.7211623191833496,0.556598961353302,0.7414668202400208,0.7678972482681274,0.7352715730667114,reference_scene_id
B4,mean,137a8158-1db5-2cc0-8003-31c12610471e,canonical,4,12,0.14108528196811676,0.260891854763031,0.32590222358703613,0.23145116865634918,0.36009424924850464,0.38787204027175903,0.432979941368103,0.6283267140388489,0.7547378540039062,0.5646557807922363,0.43916022777557373,0.6590098142623901,0.756643533706665,0.5646557807922363,reference_scene_id
B4,mean,280d8ebb-6cc6-2788-9153-98959a2da801,canonical,4,5,0.23390191793441772,0.4003582000732422,0.4986545443534851,0.2629166841506958,0.45124998688697815,0.5512500405311584,0.5336047410964966,0.7992851734161377,0.9212567806243896,0.6228996515274048,0.5483886003494263,0.7878963947296143,0.9180539846420288,0.6228996515274048,reference_scene_id
B4,mean,5630cfcf-12bf-2860-8784-83d28a611a83,canonical,4,5,0.1586419641971588,0.27407407760620117,0.6053703427314758,0.20987653732299805,0.3777777850627899,0.6666666269302368,0.4005410373210907,0.6062522530555725,0.8828102946281433,0.5172839760780334,0.4240644872188568,0.6305913329124451,0.8853012919425964,0.5172839760780334,reference_scene_id
B4,mean,8eabc45f-5af7-2f32-8528-640861d2a135,canonical,4,5,0.10322445631027222,0.18128417432308197,0.35154852271080017,0.25154730677604675,0.37111443281173706,0.5072751045227051,0.4909273386001587,0.6518620848655701,0.8726839423179626,0.5923721790313721,0.512006402015686,0.6815729141235352,0.8832219839096069,0.58858722448349,reference_scene_id
B4,mean,ddc73797-765b-241a-9e2c-097c5989baf6,canonical,4,6,0.06002010777592659,0.11759462207555771,0.20027373731136322,0.10974326729774475,0.19462482631206512,0.32327744364738464,0.31483662128448486,0.5228056907653809,0.6851780414581299,0.4312182664871216,0.3218107521533966,0.5354750156402588,0.6925543546676636,0.4312182664871216,reference_scene_id
B4,mean,10b17940-3938-2467-8a7a-958300ba83d3,canonical,5,10,0.17204198241233826,0.3209860324859619,0.32098954916000366,0.3064374029636383,0.45055171847343445,0.45055171847343445,0.5712007880210876,0.7495919466018677,0.7891652584075928,0.7355655431747437,0.556598961353302,0.7414668202400208,0.7678972482681274,0.7352715730667114,reference_scene_id
B4,mean,137a8158-1db5-2cc0-8003-31c12610471e,canonical,5,12,0.10559797286987305,0.20220474898815155,0.2780021131038666,0.1700436919927597,0.2916441261768341,0.3263663351535797,0.4214305281639099,0.629130482673645,0.756449282169342,0.5646557807922363,0.43916022777557373,0.6590098142623901,0.756643533706665,0.5646557807922363,reference_scene_id
B4,mean,280d8ebb-6cc6-2788-9153-98959a2da801,canonical,5,5,0.1841025948524475,0.3196335732936859,0.4271235466003418,0.20888887345790863,0.3787500262260437,0.4962500035762787,0.5071399211883545,0.7691890001296997,0.9188973903656006,0.6228996515274048,0.5483886003494263,0.7878963947296143,0.9180539846420288,0.6228996515274048,reference_scene_id
B4,mean,5630cfcf-12bf-2860-8784-83d28a611a83,canonical,5,5,0.15061728656291962,0.28611111640930176,0.5785185694694519,0.19012346863746643,0.35555556416511536,0.6222221851348877,0.4019913375377655,0.6193991303443909,0.9053378701210022,0.5172839760780334,0.4240644872188568,0.6305913329124451,0.8853012919425964,0.5172839760780334,reference_scene_id
B4,mean,8eabc45f-5af7-2f32-8528-640861d2a135,canonical,5,5,0.06157715991139412,0.12613515555858612,0.31752827763557434,0.18981480598449707,0.30416667461395264,0.44999998807907104,0.45686832070350647,0.6148567199707031,0.825926661491394,0.586394190788269,0.512006402015686,0.6815729141235352,0.8832219839096069,0.58858722448349,reference_scene_id
B4,mean,ddc73797-765b-241a-9e2c-097c5989baf6,canonical,5,6,0.025407973676919937,0.05120433494448662,0.1233474463224411,0.057688817381858826,0.11368997395038605,0.24314434826374054,0.28577420115470886,0.48759907484054565,0.6785739660263062,0.4312182664871216,0.3218107521533966,0.5354750156402588,0.6925543546676636,0.4312182664871216,reference_scene_id
B4,mean,10b17940-3938-2467-8a7a-958300ba83d3,reverse,2,10,0.3252454698085785,0.44617483019828796,0.4852600693702698,0.490796834230423,0.6304833889007568,0.6808441877365112,0.5678431987762451,0.708867073059082,0.7735582590103149,0.7370067834854126,0.5698769092559814,0.7052192091941833,0.7748087644577026,0.7370067834854126,reference_scene_id
B4,mean,137a8158-1db5-2cc0-8003-31c12610471e,reverse,2,12,0.2877238988876343,0.49762028455734253,0.570271372795105,0.40702760219573975,0.6264941096305847,0.6763721704483032,0.44357672333717346,0.6678962111473083,0.7647807002067566,0.5412804484367371,0.44865015149116516,0.6767132878303528,0.765070378780365,0.5412804484367371,reference_scene_id
B4,mean,280d8ebb-6cc6-2788-9153-98959a2da801,reverse,2,5,0.3230037987232208,0.5102331638336182,0.5667787194252014,0.46879953145980835,0.6910160183906555,0.7756433486938477,0.460227906703949,0.7020363211631775,0.7796192169189453,0.6348447203636169,0.46210023760795593,0.702285647392273,0.7861071825027466,0.6348447203636169,reference_scene_id
B4,mean,5630cfcf-12bf-2860-8784-83d28a611a83,reverse,2,5,0.26989197731018066,0.39261317253112793,0.6596401929855347,0.3314814865589142,0.4777778089046478,0.7444444298744202,0.43543270230293274,0.6316497921943665,0.8398290872573853,0.5209876298904419,0.43646499514579773,0.5996549129486084,0.8403284549713135,0.5209876298904419,reference_scene_id
B4,mean,8eabc45f-5af7-2f32-8528-640861d2a135,reverse,2,5,0.22685091197490692,0.31493085622787476,0.531295657157898,0.44677114486694336,0.618847131729126,0.7720522880554199,0.4839968681335449,0.7130066752433777,0.9044386148452759,0.5651194453239441,0.48918405175209045,0.7060542702674866,0.8988305926322937,0.5651194453239441,reference_scene_id
B4,mean,ddc73797-765b-241a-9e2c-097c5989baf6,reverse,2,6,0.19528181850910187,0.3864327669143677,0.5054941773414612,0.2722140848636627,0.4735729694366455,0.6240981817245483,0.34186041355133057,0.5814133882522583,0.705847442150116,0.4830830991268158,0.3428148031234741,0.5776262879371643,0.7006441354751587,0.4830830991268158,reference_scene_id
B4,mean,10b17940-3938-2467-8a7a-958300ba83d3,reverse,3,10,0.23175588250160217,0.3258426785469055,0.35776522755622864,0.37697967886924744,0.5029742121696472,0.5488776564598083,0.5430887341499329,0.7106863856315613,0.7641096115112305,0.7408280372619629,0.5698769092559814,0.7052192091941833,0.7748087644577026,0.7370067834854126,reference_scene_id
B4,mean,137a8158-1db5-2cc0-8003-31c12610471e,reverse,3,12,0.19353240728378296,0.3904644846916199,0.46033477783203125,0.27966296672821045,0.48066601157188416,0.5501104593276978,0.4225594997406006,0.6633513569831848,0.7611069679260254,0.5412804484367371,0.44865015149116516,0.6767132878303528,0.765070378780365,0.5412804484367371,reference_scene_id
B4,mean,280d8ebb-6cc6-2788-9153-98959a2da801,reverse,3,5,0.260601669549942,0.4143204092979431,0.45408231019973755,0.3913372755050659,0.6126236915588379,0.6615126729011536,0.44657114148139954,0.7004140615463257,0.784409761428833,0.6348447203636169,0.46210023760795593,0.702285647392273,0.7861071825027466,0.6348447203636169,reference_scene_id
B4,mean,5630cfcf-12bf-2860-8784-83d28a611a83,reverse,3,5,0.19144032895565033,0.29370370507240295,0.5840476155281067,0.2074074000120163,0.3333333432674408,0.6222221851348877,0.43570369482040405,0.6739141941070557,0.8438470363616943,0.5209876298904419,0.43646499514579773,0.5996549129486084,0.8403284549713135,0.5209876298904419,reference_scene_id
B4,mean,8eabc45f-5af7-2f32-8528-640861d2a135,reverse,3,5,0.13328373432159424,0.20138972997665405,0.4020369052886963,0.3050351142883301,0.45364055037498474,0.60817551612854,0.47444596886634827,0.7207295894622803,0.8884726762771606,0.5673124194145203,0.48918405175209045,0.7060542702674866,0.8988305926322937,0.5651194453239441,reference_scene_id
B4,mean,ddc73797-765b-241a-9e2c-097c5989baf6,reverse,3,6,0.09064655750989914,0.20708398520946503,0.2736552655696869,0.16666489839553833,0.3355332314968109,0.4459167718887329,0.3209646940231323,0.5751112103462219,0.7168911695480347,0.4830830991268158,0.3428148031234741,0.5776262879371643,0.7006441354751587,0.4830830991268158,reference_scene_id
B4,mean,10b17940-3938-2467-8a7a-958300ba83d3,reverse,4,10,0.2004065066576004,0.28882935643196106,0.31748145818710327,0.28016382455825806,0.39655205607414246,0.4404137432575226,0.554256021976471,0.741167426109314,0.7955684065818787,0.7370067834854126,0.5698769092559814,0.7052192091941833,0.7748087644577026,0.7370067834854126,reference_scene_id
B4,mean,137a8158-1db5-2cc0-8003-31c12610471e,reverse,4,12,0.1435479074716568,0.32738178968429565,0.3948502540588379,0.18921957910060883,0.390724241733551,0.46165674924850464,0.44695866107940674,0.682893693447113,0.7641429901123047,0.5412804484367371,0.44865015149116516,0.6767132878303528,0.765070378780365,0.5412804484367371,reference_scene_id
B4,mean,280d8ebb-6cc6-2788-9153-98959a2da801,reverse,4,5,0.2295127958059311,0.36270660161972046,0.3959341049194336,0.3296875059604645,0.5300000309944153,0.5814285278320312,0.4359665811061859,0.6849197745323181,0.7864565253257751,0.6348447203636169,0.46210023760795593,0.702285647392273,0.7861071825027466,0.6348447203636169,reference_scene_id
B4,mean,5630cfcf-12bf-2860-8784-83d28a611a83,reverse,4,5,0.14534980058670044,0.2566666603088379,0.5708994269371033,0.15308642387390137,0.2888888716697693,0.5777777433395386,0.41029414534568787,0.6309908628463745,0.8650352954864502,0.5209876298904419,0.43646499514579773,0.5996549129486084,0.8403284549713135,0.5209876298904419,reference_scene_id
B4,mean,8eabc45f-5af7-2f32-8528-640861d2a135,reverse,4,5,0.048988863825798035,0.06586888432502747,0.2630206346511841,0.19977572560310364,0.2747010886669159,0.43744149804115295,0.5073497295379639,0.712856113910675,0.903327226638794,0.5738426446914673,0.48918405175209045,0.7060542702674866,0.8988305926322937,0.5651194453239441,reference_scene_id
B4,mean,ddc73797-765b-241a-9e2c-097c5989baf6,reverse,4,6,0.04973658174276352,0.11844214797019958,0.18095317482948303,0.10180175304412842,0.21744228899478912,0.33662518858909607,0.326619416475296,0.5625788569450378,0.7200681567192078,0.4830830991268158,0.3428148031234741,0.5776262879371643,0.7006441354751587,0.4830830991268158,reference_scene_id
B4,mean,10b17940-3938-2467-8a7a-958300ba83d3,reverse,5,10,0.17022335529327393,0.253942608833313,0.2733170986175537,0.23105564713478088,0.3237670660018921,0.3608521819114685,0.5308340787887573,0.7317244410514832,0.7894575595855713,0.7408280372619629,0.5698769092559814,0.7052192091941833,0.7748087644577026,0.7370067834854126,reference_scene_id
B4,mean,137a8158-1db5-2cc0-8003-31c12610471e,reverse,5,12,0.102815181016922,0.2615991234779358,0.3389524221420288,0.13696739077568054,0.3253742456436157,0.4022591710090637,0.42364707589149475,0.6625051498413086,0.7564285397529602,0.5412804484367371,0.44865015149116516,0.6767132878303528,0.765070378780365,0.5412804484367371,reference_scene_id
B4,mean,280d8ebb-6cc6-2788-9153-98959a2da801,reverse,5,5,0.21494300663471222,0.33221879601478577,0.3432760238647461,0.28593751788139343,0.4814285635948181,0.5071429014205933,0.4430963695049286,0.6727474331855774,0.7742541432380676,0.6348447203636169,0.46210023760795593,0.702285647392273,0.7861071825027466,0.6348447203636169,reference_scene_id
B4,mean,5630cfcf-12bf-2860-8784-83d28a611a83,reverse,5,5,0.11582303792238235,0.21407407522201538,0.5555555820465088,0.12839505076408386,0.2888888716697693,0.5555555820465088,0.4076211750507355,0.6255387663841248,0.8648555278778076,0.5209876298904419,0.43646499514579773,0.5996549129486084,0.8403284549713135,0.5209876298904419,reference_scene_id
B4,mean,8eabc45f-5af7-2f32-8528-640861d2a135,reverse,5,5,0.01486984733492136,0.02185102365911007,0.17727802693843842,0.12129630148410797,0.17916667461395264,0.3166666626930237,0.4844447672367096,0.7056440711021423,0.8962200880050659,0.5629264116287231,0.48918405175209045,0.7060542702674866,0.8988305926322937,0.5651194453239441,reference_scene_id
B4,mean,ddc73797-765b-241a-9e2c-097c5989baf6,reverse,5,6,0.02275232784450054,0.0474013015627861,0.10501199215650558,0.06044448912143707,0.11100099980831146,0.2422509789466858,0.3099342882633209,0.5377683043479919,0.6984037160873413,0.4830830991268158,0.3428148031234741,0.5776262879371643,0.7006441354751587,0.4830830991268158,reference_scene_id
B4,mean,10b17940-3938-2467-8a7a-958300ba83d3,sha256_seed45,2,10,0.4372864365577698,0.5701425075531006,0.6011364459991455,0.5543946623802185,0.684050440788269,0.7470133900642395,0.5117009878158569,0.679552435874939,0.7714229226112366,0.6455222368240356,0.5121320486068726,0.6820292472839355,0.7724541425704956,0.6455222368240356,reference_scene_id
B4,mean,137a8158-1db5-2cc0-8003-31c12610471e,sha256_seed45,2,12,0.3354274034500122,0.5459845066070557,0.5871217846870422,0.4422248601913452,0.6648741960525513,0.6870698928833008,0.5019382238388062,0.6729311347007751,0.7765470743179321,0.5830585956573486,0.5218499302864075,0.6875860691070557,0.7716923952102661,0.5830585956573486,reference_scene_id
B4,mean,280d8ebb-6cc6-2788-9153-98959a2da801,sha256_seed45,2,5,0.32392942905426025,0.4479166567325592,0.5229166150093079,0.4404761791229248,0.6428571343421936,0.7285714149475098,0.5034722685813904,0.8333333134651184,1.0,0.5648148059844971,0.5308642387390137,0.8333333134651184,1.0,0.5648148059844971,reference_scene_id
B4,mean,5630cfcf-12bf-2860-8784-83d28a611a83,sha256_seed45,2,5,0.40740740299224854,0.5555555820465088,0.7777777910232544,0.40740740299224854,0.5555555820465088,0.7777777910232544,0.5469135642051697,0.7777777910232544,0.9768518805503845,0.5802469253540039,0.5469135642051697,0.7777777910232544,0.9768518805503845,0.5802469253540039,reference_scene_id
B4,mean,8eabc45f-5af7-2f32-8528-640861d2a135,sha256_seed45,2,5,0.28333336114883423,0.4121527671813965,0.53025883436203,0.37222227454185486,0.6291666626930237,0.6541666984558105,0.3923611044883728,0.53125,0.65625,0.4027777910232544,0.4027777910232544,0.625,0.75,0.4027777910232544,reference_scene_id
B4,mean,ddc73797-765b-241a-9e2c-097c5989baf6,sha256_seed45,2,6,0.0626986101269722,0.09329817444086075,0.24842742085456848,0.20330287516117096,0.31199750304222107,0.5454030632972717,0.27920830249786377,0.3552471697330475,0.48687535524368286,0.39844363927841187,0.2940201759338379,0.372346431016922,0.4991859197616577,0.39844363927841187,reference_scene_id
B4,mean,10b17940-3938-2467-8a7a-958300ba83d3,sha256_seed45,3,10,0.2671715021133423,0.3756974935531616,0.3882315754890442,0.3977510333061218,0.517117977142334,0.5520386099815369,0.5403072237968445,0.7159340977668762,0.753791093826294,0.7767489552497864,0.526994526386261,0.6850413084030151,0.7361992001533508,0.7767489552497864,reference_scene_id
B4,mean,137a8158-1db5-2cc0-8003-31c12610471e,sha256_seed45,3,12,0.23249149322509766,0.48390114307403564,0.4976610243320465,0.31952860951423645,0.5509942770004272,0.5768623352050781,0.5242356061935425,0.7702360153198242,0.8441142439842224,0.6064261794090271,0.5347914099693298,0.7707216739654541,0.8400074243545532,0.6064261794090271,reference_scene_id
B4,mean,280d8ebb-6cc6-2788-9153-98959a2da801,sha256_seed45,3,5,0.3376157581806183,0.4919270873069763,0.598437488079071,0.4404761791229248,0.6428571343421936,0.7285714149475098,0.6177983283996582,1.0,1.0,0.6820988059043884,0.6177983283996582,1.0,1.0,0.6820988059043884,reference_scene_id
B4,mean,5630cfcf-12bf-2860-8784-83d28a611a83,sha256_seed45,3,5,0.3086419701576233,0.5555555820465088,0.7777777910232544,0.3086419701576233,0.5555555820465088,0.7777777910232544,0.38831016421318054,0.7135416269302368,0.9635416269302368,0.4722222089767456,0.39178240299224854,0.7239583730697632,0.9739583730697632,0.4722222089767456,reference_scene_id
B4,mean,8eabc45f-5af7-2f32-8528-640861d2a135,sha256_seed45,3,5,0.28287041187286377,0.4121527671813965,0.5320391654968262,0.37222227454185486,0.6291666626930237,0.6541666984558105,0.48043981194496155,0.5260416269302368,0.5685763955116272,0.5555555820465088,0.48043981194496155,0.5260416269302368,0.5685763955116272,0.5555555820465088,reference_scene_id
B4,mean,ddc73797-765b-241a-9e2c-097c5989baf6,sha256_seed45,3,6,0.03513430804014206,0.07615937292575836,0.12350168079137802,0.09189210087060928,0.15496991574764252,0.25059205293655396,0.3582879900932312,0.5814645886421204,0.6538907885551453,0.4834766387939453,0.39620086550712585,0.5903145670890808,0.655419111251831,0.4834766387939453,reference_scene_id
B4,mean,10b17940-3938-2467-8a7a-958300ba83d3,sha256_seed45,4,10,0.20593224465847015,0.29120686650276184,0.29499614238739014,0.28501060605049133,0.3838092088699341,0.42454993724823,0.5744218230247498,0.7138553857803345,0.7429248690605164,0.7341532707214355,0.5642074942588806,0.6871211528778076,0.7289514541625977,0.7341532707214355,reference_scene_id
B4,mean,137a8158-1db5-2cc0-8003-31c12610471e,sha256_seed45,4,12,0.1440127044916153,0.3902660310268402,0.3942139446735382,0.2591207027435303,0.47189968824386597,0.48080670833587646,0.4565022885799408,0.7427379488945007,0.7838321924209595,0.6132815480232239,0.47949516773223877,0.7584185600280762,0.7979655265808105,0.6132815480232239,reference_scene_id
B4,mean,280d8ebb-6cc6-2788-9153-98959a2da801,sha256_seed45,4,5,0.203125,0.390625,0.3968749940395355,0.25,0.4375,0.5285714268684387,0.3229166567325592,0.5922619104385376,0.8824405074119568,0.4404761791229248,0.3735119104385376,0.6190476417541504,0.8824405074119568,0.4404761791229248,reference_scene_id
B4,mean,5630cfcf-12bf-2860-8784-83d28a611a83,sha256_seed45,4,5,0.23456789553165436,0.4444444477558136,0.6666666865348816,0.23456789553165436,0.4444444477558136,0.6666666865348816,0.2864583432674408,0.5989583730697632,0.8489583730697632,0.460317462682724,0.2864583432674408,0.5989583730697632,0.8489583730697632,0.460317462682724,reference_scene_id
B4,mean,8eabc45f-5af7-2f32-8528-640861d2a135,sha256_seed45,4,5,0.021267235279083252,0.048744142055511475,0.15805897116661072,0.11574074625968933,0.2708333432674408,0.2916666865348816,0.48701566457748413,0.7526785731315613,0.992968738079071,0.5868055820465088,0.48701566457748413,0.7526785731315613,0.992968738079071,0.5868055820465088,reference_scene_id
B4,mean,ddc73797-765b-241a-9e2c-097c5989baf6,sha256_seed45,4,6,0.019228041172027588,0.05528566613793373,0.09774760901927948,0.05401688441634178,0.10718954354524612,0.19640523195266724,0.48391565680503845,0.7384922504425049,0.8259111642837524,0.5863610506057739,0.4771590828895569,0.737598180770874,0.8262032270431519,0.5863610506057739,reference_scene_id
B4,mean,10b17940-3938-2467-8a7a-958300ba83d3,sha256_seed45,5,10,0.17716814577579498,0.2545347213745117,0.25655239820480347,0.25973132252693176,0.35915032029151917,0.39989104866981506,0.6489846706390381,0.7712613344192505,0.7851502299308777,0.7120370268821716,0.6436281204223633,0.7474701404571533,0.7613590359687805,0.7120370268821716,reference_scene_id
B4,mean,137a8158-1db5-2cc0-8003-31c12610471e,sha256_seed45,5,12,0.12328939884901047,0.3300570845603943,0.3416132926940918,0.18908166885375977,0.37883371114730835,0.38432204723358154,0.35905563831329346,0.5426908731460571,0.6578459143638611,0.44462764263153076,0.3350999057292938,0.5326281785964966,0.658012866973877,0.44462764263153076,reference_scene_id
B4,mean,280d8ebb-6cc6-2788-9153-98959a2da801,sha256_seed45,5,5,0.21875,0.390625,0.390625,0.25,0.4375,0.5,0.6625514030456543,0.7962962985038757,0.9518518447875977,0.7160494327545166,0.6697531342506409,0.7824074625968933,0.9518518447875977,0.7160494327545166,reference_scene_id
B4,mean,5630cfcf-12bf-2860-8784-83d28a611a83,sha256_seed45,5,5,0.23456789553165436,0.4444444477558136,0.6666666865348816,0.23456789553165436,0.4444444477558136,0.6666666865348816,0.5010287761688232,0.7407407760620117,0.9351851940155029,0.5679012537002563,0.5010287761688232,0.7407407760620117,0.9351851940155029,0.5679012537002563,reference_scene_id
B4,mean,8eabc45f-5af7-2f32-8528-640861d2a135,sha256_seed45,5,5,0.018845342099666595,0.029980551451444626,0.12337331473827362,0.11342594027519226,0.2083333432674408,0.2083333432674408,0.5757407546043396,0.7595238089561462,0.9085034132003784,0.6216931343078613,0.5741534233093262,0.726190447807312,0.9085034132003784,0.6216931343078613,reference_scene_id
B4,mean,ddc73797-765b-241a-9e2c-097c5989baf6,sha256_seed45,5,6,0.022382570430636406,0.05590638145804405,0.0930459275841713,0.046307746320962906,0.0922882929444313,0.17782750725746155,0.33910852670669556,0.6440480351448059,0.8776092529296875,0.43932539224624634,0.35635247826576233,0.6369386911392212,0.8660841584205627,0.43932539224624634,reference_scene_id
