method,reference_id,master_sequence_id,order_id,T,scope,repeat,state_snapshot_sha256,latency_ms,loaded_model_allocated_bytes,peak_allocated_bytes,incremental_peak_bytes,peak_reserved_bytes,cpu_state_bytes,visual_state_bytes,lag1_buffer_bytes,archive_bytes,point_count,superpoint_count,occupied_count,query_count,precision,source_commit
M3-V-CORE,10b17940-3938-2467-8a7a-958300ba83d3,scene0069_00-scene0069_02-scene0069_04-scene0069_03-scene0069_01,canonical,2,model_update,0,068491dca9eaa9b9f54afc46f9b240a172c9988eb3ef25c7511d62198ba8ccc7,1025.010464,559363072,1517428736,958065664,2162163712,62616,427200,1798826,5183072,65164,1955,10,100,torch.float32,1f7c14ad5e7d7457222d5254d3d8d0a695d97954
M3-V-CORE,10b17940-3938-2467-8a7a-958300ba83d3,scene0069_00-scene0069_02-scene0069_04-scene0069_03-scene0069_01,canonical,2,model_update,1,068491dca9eaa9b9f54afc46f9b240a172c9988eb3ef25c7511d62198ba8ccc7,1078.40199,559363072,1517392384,958029312,2162163712,62616,427200,1798826,5183072,65164,1955,10,100,torch.float32,1f7c14ad5e7d7457222d5254d3d8d0a695d97954
M3-V-CORE,10b17940-3938-2467-8a7a-958300ba83d3,scene0069_00-scene0069_02-scene0069_04-scene0069_03-scene0069_01,canonical,2,model_update,2,068491dca9eaa9b9f54afc46f9b240a172c9988eb3ef25c7511d62198ba8ccc7,1028.960226,559363072,1517410304,958047232,2162163712,62616,427200,1798826,5183072,65164,1955,10,100,torch.float32,1f7c14ad5e7d7457222d5254d3d8d0a695d97954
M3-V-CORE,10b17940-3938-2467-8a7a-958300ba83d3,scene0069_00-scene0069_02-scene0069_04-scene0069_03-scene0069_01,canonical,2,model_update,3,068491dca9eaa9b9f54afc46f9b240a172c9988eb3ef25c7511d62198ba8ccc7,1049.493471,559363072,1517489152,958126080,2162163712,62616,427200,1798826,5183072,65164,1955,10,100,torch.float32,1f7c14ad5e7d7457222d5254d3d8d0a695d97954
M3-V-CORE,10b17940-3938-2467-8a7a-958300ba83d3,scene0069_00-scene0069_02-scene0069_04-scene0069_03-scene0069_01,canonical,2,model_update,4,068491dca9eaa9b9f54afc46f9b240a172c9988eb3ef25c7511d62198ba8ccc7,1038.030659,559363072,1517479424,958116352,2162163712,62616,427200,1798826,5183072,65164,1955,10,100,torch.float32,1f7c14ad5e7d7457222d5254d3d8d0a695d97954
M3-V-CORE,10b17940-3938-2467-8a7a-958300ba83d3,scene0069_00-scene0069_02-scene0069_04-scene0069_03-scene0069_01,canonical,2,model_update,5,068491dca9eaa9b9f54afc46f9b240a172c9988eb3ef25c7511d62198ba8ccc7,1071.377286,559363072,1517420032,958056960,2162163712,62616,427200,1798826,5183072,65164,1955,10,100,torch.float32,1f7c14ad5e7d7457222d5254d3d8d0a695d97954
M3-V-CORE,10b17940-3938-2467-8a7a-958300ba83d3,scene0069_00-scene0069_02-scene0069_04-scene0069_03-scene0069_01,canonical,2,model_update,6,068491dca9eaa9b9f54afc46f9b240a172c9988eb3ef25c7511d62198ba8ccc7,1022.352718,559363072,1517393920,958030848,2162163712,62616,427200,1798826,5183072,65164,1955,10,100,torch.float32,1f7c14ad5e7d7457222d5254d3d8d0a695d97954
M3-V-CORE,10b17940-3938-2467-8a7a-958300ba83d3,scene0069_00-scene0069_02-scene0069_04-scene0069_03-scene0069_01,canonical,2,model_update,7,068491dca9eaa9b9f54afc46f9b240a172c9988eb3ef25c7511d62198ba8ccc7,1033.553043,559363072,1517428736,958065664,2162163712,62616,427200,1798826,5183072,65164,1955,10,100,torch.float32,1f7c14ad5e7d7457222d5254d3d8d0a695d97954
M3-V-CORE,10b17940-3938-2467-8a7a-958300ba83d3,scene0069_00-scene0069_02-scene0069_04-scene0069_03-scene0069_01,canonical,2,model_update,8,068491dca9eaa9b9f54afc46f9b240a172c9988eb3ef25c7511d62198ba8ccc7,1031.791745,559363072,1517454848,958091776,2162163712,62616,427200,1798826,5183072,65164,1955,10,100,torch.float32,1f7c14ad5e7d7457222d5254d3d8d0a695d97954
M3-V-CORE,10b17940-3938-2467-8a7a-958300ba83d3,scene0069_00-scene0069_02-scene0069_04-scene0069_03-scene0069_01,canonical,2,model_update,9,068491dca9eaa9b9f54afc46f9b240a172c9988eb3ef25c7511d62198ba8ccc7,1021.25615,559363072,1517506048,958142976,2162163712,62616,427200,1798826,5183072,65164,1955,10,100,torch.float32,1f7c14ad5e7d7457222d5254d3d8d0a695d97954
M3-V-CORE,10b17940-3938-2467-8a7a-958300ba83d3,scene0069_00-scene0069_02-scene0069_04-scene0069_03-scene0069_01,canonical,2,end_to_end_update,0,068491dca9eaa9b9f54afc46f9b240a172c9988eb3ef25c7511d62198ba8ccc7,1210.13003,559363072,1517420032,958056960,2162163712,62616,427200,1798826,5183072,65164,1955,10,100,torch.float32,1f7c14ad5e7d7457222d5254d3d8d0a695d97954
M3-V-CORE,10b17940-3938-2467-8a7a-958300ba83d3,scene0069_00-scene0069_02-scene0069_04-scene0069_03-scene0069_01,canonical,2,end_to_end_update,1,068491dca9eaa9b9f54afc46f9b240a172c9988eb3ef25c7511d62198ba8ccc7,1198.890731,559363072,1517463040,958099968,2162163712,62616,427200,1798826,5183072,65164,1955,10,100,torch.float32,1f7c14ad5e7d7457222d5254d3d8d0a695d97954
M3-V-CORE,10b17940-3938-2467-8a7a-958300ba83d3,scene0069_00-scene0069_02-scene0069_04-scene0069_03-scene0069_01,canonical,2,end_to_end_update,2,068491dca9eaa9b9f54afc46f9b240a172c9988eb3ef25c7511d62198ba8ccc7,1205.670712,559363072,1517420032,958056960,2162163712,62616,427200,1798826,5183072,65164,1955,10,100,torch.float32,1f7c14ad5e7d7457222d5254d3d8d0a695d97954
M3-V-CORE,10b17940-3938-2467-8a7a-958300ba83d3,scene0069_00-scene0069_02-scene0069_04-scene0069_03-scene0069_01,canonical,2,end_to_end_update,3,068491dca9eaa9b9f54afc46f9b240a172c9988eb3ef25c7511d62198ba8ccc7,1250.578887,559363072,1517463040,958099968,2162163712,62616,427200,1798826,5183072,65164,1955,10,100,torch.float32,1f7c14ad5e7d7457222d5254d3d8d0a695d97954
M3-V-CORE,10b17940-3938-2467-8a7a-958300ba83d3,scene0069_00-scene0069_02-scene0069_04-scene0069_03-scene0069_01,canonical,2,end_to_end_update,4,068491dca9eaa9b9f54afc46f9b240a172c9988eb3ef25c7511d62198ba8ccc7,1232.786975,559363072,1517453312,958090240,2162163712,62616,427200,1798826,5183072,65164,1955,10,100,torch.float32,1f7c14ad5e7d7457222d5254d3d8d0a695d97954
M3-V-CORE,10b17940-3938-2467-8a7a-958300ba83d3,scene0069_00-scene0069_02-scene0069_04-scene0069_03-scene0069_01,canonical,2,end_to_end_update,5,068491dca9eaa9b9f54afc46f9b240a172c9988eb3ef25c7511d62198ba8ccc7,1253.973245,559363072,1517428736,958065664,2162163712,62616,427200,1798826,5183072,65164,1955,10,100,torch.float32,1f7c14ad5e7d7457222d5254d3d8d0a695d97954
M3-V-CORE,10b17940-3938-2467-8a7a-958300ba83d3,scene0069_00-scene0069_02-scene0069_04-scene0069_03-scene0069_01,canonical,2,end_to_end_update,6,068491dca9eaa9b9f54afc46f9b240a172c9988eb3ef25c7511d62198ba8ccc7,1228.530785,559363072,1517487616,958124544,2162163712,62616,427200,1798826,5183072,65164,1955,10,100,torch.float32,1f7c14ad5e7d7457222d5254d3d8d0a695d97954
M3-V-CORE,10b17940-3938-2467-8a7a-958300ba83d3,scene0069_00-scene0069_02-scene0069_04-scene0069_03-scene0069_01,canonical,2,end_to_end_update,7,068491dca9eaa9b9f54afc46f9b240a172c9988eb3ef25c7511d62198ba8ccc7,1204.801313,559363072,1517420032,958056960,2162163712,62616,427200,1798826,5183072,65164,1955,10,100,torch.float32,1f7c14ad5e7d7457222d5254d3d8d0a695d97954
M3-V-CORE,10b17940-3938-2467-8a7a-958300ba83d3,scene0069_00-scene0069_02-scene0069_04-scene0069_03-scene0069_01,canonical,2,end_to_end_update,8,068491dca9eaa9b9f54afc46f9b240a172c9988eb3ef25c7511d62198ba8ccc7,1234.443224,559363072,1517454848,958091776,2162163712,62616,427200,1798826,5183072,65164,1955,10,100,torch.float32,1f7c14ad5e7d7457222d5254d3d8d0a695d97954
M3-V-CORE,10b17940-3938-2467-8a7a-958300ba83d3,scene0069_00-scene0069_02-scene0069_04-scene0069_03-scene0069_01,canonical,2,end_to_end_update,9,068491dca9eaa9b9f54afc46f9b240a172c9988eb3ef25c7511d62198ba8ccc7,1270.727474,559363072,1517384192,958021120,2162163712,62616,427200,1798826,5183072,65164,1955,10,100,torch.float32,1f7c14ad5e7d7457222d5254d3d8d0a695d97954
M3-V-CORE,10b17940-3938-2467-8a7a-958300ba83d3,scene0069_00-scene0069_02-scene0069_04-scene0069_03-scene0069_01,canonical,2,output_materialization,0,068491dca9eaa9b9f54afc46f9b240a172c9988eb3ef25c7511d62198ba8ccc7,3.970056,559363072,592923648,33560576,2162163712,62616,427200,1798826,5183072,65164,1955,10,100,torch.float32,1f7c14ad5e7d7457222d5254d3d8d0a695d97954
M3-V-CORE,10b17940-3938-2467-8a7a-958300ba83d3,scene0069_00-scene0069_02-scene0069_04-scene0069_03-scene0069_01,canonical,2,output_materialization,1,068491dca9eaa9b9f54afc46f9b240a172c9988eb3ef25c7511d62198ba8ccc7,3.943018,559363072,592923648,33560576,2162163712,62616,427200,1798826,5183072,65164,1955,10,100,torch.float32,1f7c14ad5e7d7457222d5254d3d8d0a695d97954
M3-V-CORE,10b17940-3938-2467-8a7a-958300ba83d3,scene0069_00-scene0069_02-scene0069_04-scene0069_03-scene0069_01,canonical,2,output_materialization,2,068491dca9eaa9b9f54afc46f9b240a172c9988eb3ef25c7511d62198ba8ccc7,3.914573,559363072,592923648,33560576,2162163712,62616,427200,1798826,5183072,65164,1955,10,100,torch.float32,1f7c14ad5e7d7457222d5254d3d8d0a695d97954
M3-V-CORE,10b17940-3938-2467-8a7a-958300ba83d3,scene0069_00-scene0069_02-scene0069_04-scene0069_03-scene0069_01,canonical,2,output_materialization,3,068491dca9eaa9b9f54afc46f9b240a172c9988eb3ef25c7511d62198ba8ccc7,3.91249,559363072,592923648,33560576,2162163712,62616,427200,1798826,5183072,65164,1955,10,100,torch.float32,1f7c14ad5e7d7457222d5254d3d8d0a695d97954
M3-V-CORE,10b17940-3938-2467-8a7a-958300ba83d3,scene0069_00-scene0069_02-scene0069_04-scene0069_03-scene0069_01,canonical,2,output_materialization,4,068491dca9eaa9b9f54afc46f9b240a172c9988eb3ef25c7511d62198ba8ccc7,3.917713,559363072,592923648,33560576,2162163712,62616,427200,1798826,5183072,65164,1955,10,100,torch.float32,1f7c14ad5e7d7457222d5254d3d8d0a695d97954
M3-V-CORE,10b17940-3938-2467-8a7a-958300ba83d3,scene0069_00-scene0069_02-scene0069_04-scene0069_03-scene0069_01,canonical,2,output_materialization,5,068491dca9eaa9b9f54afc46f9b240a172c9988eb3ef25c7511d62198ba8ccc7,3.902036,559363072,592923648,33560576,2162163712,62616,427200,1798826,5183072,65164,1955,10,100,torch.float32,1f7c14ad5e7d7457222d5254d3d8d0a695d97954
M3-V-CORE,10b17940-3938-2467-8a7a-958300ba83d3,scene0069_00-scene0069_02-scene0069_04-scene0069_03-scene0069_01,canonical,2,output_materialization,6,068491dca9eaa9b9f54afc46f9b240a172c9988eb3ef25c7511d62198ba8ccc7,3.90188,559363072,592923648,33560576,2162163712,62616,427200,1798826,5183072,65164,1955,10,100,torch.float32,1f7c14ad5e7d7457222d5254d3d8d0a695d97954
M3-V-CORE,10b17940-3938-2467-8a7a-958300ba83d3,scene0069_00-scene0069_02-scene0069_04-scene0069_03-scene0069_01,canonical,2,output_materialization,7,068491dca9eaa9b9f54afc46f9b240a172c9988eb3ef25c7511d62198ba8ccc7,3.868046,559363072,592923648,33560576,2162163712,62616,427200,1798826,5183072,65164,1955,10,100,torch.float32,1f7c14ad5e7d7457222d5254d3d8d0a695d97954
M3-V-CORE,10b17940-3938-2467-8a7a-958300ba83d3,scene0069_00-scene0069_02-scene0069_04-scene0069_03-scene0069_01,canonical,2,output_materialization,8,068491dca9eaa9b9f54afc46f9b240a172c9988eb3ef25c7511d62198ba8ccc7,3.952725,559363072,592923648,33560576,2162163712,62616,427200,1798826,5183072,65164,1955,10,100,torch.float32,1f7c14ad5e7d7457222d5254d3d8d0a695d97954
M3-V-CORE,10b17940-3938-2467-8a7a-958300ba83d3,scene0069_00-scene0069_02-scene0069_04-scene0069_03-scene0069_01,canonical,2,output_materialization,9,068491dca9eaa9b9f54afc46f9b240a172c9988eb3ef25c7511d62198ba8ccc7,5.124137,559363072,592923648,33560576,2162163712,62616,427200,1798826,5183072,65164,1955,10,100,torch.float32,1f7c14ad5e7d7457222d5254d3d8d0a695d97954
M3-V-CORE,10b17940-3938-2467-8a7a-958300ba83d3,scene0069_00-scene0069_02-scene0069_04-scene0069_03-scene0069_01,canonical,2,cumulative_T1_to_T,0,3f354f12741e8d8e7a579fafe8bbf3e7808a357d25486423ecd99639983796c8,2584.653109,559363072,1517100544,957737472,2164260864,62616,427200,1798826,5183072,65164,1955,10,100,torch.float32,1f7c14ad5e7d7457222d5254d3d8d0a695d97954
M3-V-CORE,10b17940-3938-2467-8a7a-958300ba83d3,scene0069_00-scene0069_02-scene0069_04-scene0069_03-scene0069_01,canonical,2,cumulative_T1_to_T,1,3f354f12741e8d8e7a579fafe8bbf3e7808a357d25486423ecd99639983796c8,2506.462685,559363072,1517058048,957694976,2164260864,62616,427200,1798826,5183072,65164,1955,10,100,torch.float32,1f7c14ad5e7d7457222d5254d3d8d0a695d97954
M3-V-CORE,10b17940-3938-2467-8a7a-958300ba83d3,scene0069_00-scene0069_02-scene0069_04-scene0069_03-scene0069_01,canonical,2,cumulative_T1_to_T,2,3f354f12741e8d8e7a579fafe8bbf3e7808a357d25486423ecd99639983796c8,2599.58759,559363072,1517013504,957650432,2164260864,62616,427200,1798826,5183072,65164,1955,10,100,torch.float32,1f7c14ad5e7d7457222d5254d3d8d0a695d97954
M3-V-CORE,10b17940-3938-2467-8a7a-958300ba83d3,scene0069_00-scene0069_02-scene0069_04-scene0069_03-scene0069_01,canonical,2,cumulative_T1_to_T,3,3f354f12741e8d8e7a579fafe8bbf3e7808a357d25486423ecd99639983796c8,2581.450476,559363072,1516988928,957625856,2164260864,62616,427200,1798826,5183072,65164,1955,10,100,torch.float32,1f7c14ad5e7d7457222d5254d3d8d0a695d97954
M3-V-CORE,10b17940-3938-2467-8a7a-958300ba83d3,scene0069_00-scene0069_02-scene0069_04-scene0069_03-scene0069_01,canonical,2,cumulative_T1_to_T,4,3f354f12741e8d8e7a579fafe8bbf3e7808a357d25486423ecd99639983796c8,2549.221705,559363072,1517058048,957694976,2164260864,62616,427200,1798826,5183072,65164,1955,10,100,torch.float32,1f7c14ad5e7d7457222d5254d3d8d0a695d97954
M3-V-CORE,10b17940-3938-2467-8a7a-958300ba83d3,scene0069_00-scene0069_02-scene0069_04-scene0069_03-scene0069_01,canonical,2,cumulative_T1_to_T,5,3f354f12741e8d8e7a579fafe8bbf3e7808a357d25486423ecd99639983796c8,3180.91252,559363072,1517118976,957755904,2164260864,62616,427200,1798826,5183072,65164,1955,10,100,torch.float32,1f7c14ad5e7d7457222d5254d3d8d0a695d97954
M3-V-CORE,10b17940-3938-2467-8a7a-958300ba83d3,scene0069_00-scene0069_02-scene0069_04-scene0069_03-scene0069_01,canonical,2,cumulative_T1_to_T,6,3f354f12741e8d8e7a579fafe8bbf3e7808a357d25486423ecd99639983796c8,2580.59656,559363072,1516988928,957625856,2164260864,62616,427200,1798826,5183072,65164,1955,10,100,torch.float32,1f7c14ad5e7d7457222d5254d3d8d0a695d97954
M3-V-CORE,10b17940-3938-2467-8a7a-958300ba83d3,scene0069_00-scene0069_02-scene0069_04-scene0069_03-scene0069_01,canonical,2,cumulative_T1_to_T,7,3f354f12741e8d8e7a579fafe8bbf3e7808a357d25486423ecd99639983796c8,2557.349547,559363072,1517110272,957747200,2164260864,62616,427200,1798826,5183072,65164,1955,10,100,torch.float32,1f7c14ad5e7d7457222d5254d3d8d0a695d97954
M3-V-CORE,10b17940-3938-2467-8a7a-958300ba83d3,scene0069_00-scene0069_02-scene0069_04-scene0069_03-scene0069_01,canonical,2,cumulative_T1_to_T,8,3f354f12741e8d8e7a579fafe8bbf3e7808a357d25486423ecd99639983796c8,2627.654266,559363072,1517075968,957712896,2164260864,62616,427200,1798826,5183072,65164,1955,10,100,torch.float32,1f7c14ad5e7d7457222d5254d3d8d0a695d97954
M3-V-CORE,10b17940-3938-2467-8a7a-958300ba83d3,scene0069_00-scene0069_02-scene0069_04-scene0069_03-scene0069_01,canonical,2,cumulative_T1_to_T,9,3f354f12741e8d8e7a579fafe8bbf3e7808a357d25486423ecd99639983796c8,2791.125894,559363072,1517169664,957806592,2164260864,62616,427200,1798826,5183072,65164,1955,10,100,torch.float32,1f7c14ad5e7d7457222d5254d3d8d0a695d97954
M3-V-CORE,10b17940-3938-2467-8a7a-958300ba83d3,scene0069_00-scene0069_02-scene0069_04-scene0069_03-scene0069_01,canonical,3,model_update,0,a5666236bf3881d108ab852776ee8659c7a884711a3c687eb2782a1aab9c33e0,1263.088122,559363072,1315592192,756229120,2164260864,62616,427200,1467013,4230624,50920,1823,11,100,torch.float32,1f7c14ad5e7d7457222d5254d3d8d0a695d97954
M3-V-CORE,10b17940-3938-2467-8a7a-958300ba83d3,scene0069_00-scene0069_02-scene0069_04-scene0069_03-scene0069_01,canonical,3,model_update,1,a5666236bf3881d108ab852776ee8659c7a884711a3c687eb2782a1aab9c33e0,1204.510708,559363072,1315557376,756194304,2164260864,62616,427200,1467013,4230624,50920,1823,11,100,torch.float32,1f7c14ad5e7d7457222d5254d3d8d0a695d97954
M3-V-CORE,10b17940-3938-2467-8a7a-958300ba83d3,scene0069_00-scene0069_02-scene0069_04-scene0069_03-scene0069_01,canonical,3,model_update,2,a5666236bf3881d108ab852776ee8659c7a884711a3c687eb2782a1aab9c33e0,1232.194952,559363072,1315661312,756298240,2164260864,62616,427200,1467013,4230624,50920,1823,11,100,torch.float32,1f7c14ad5e7d7457222d5254d3d8d0a695d97954
M3-V-CORE,10b17940-3938-2467-8a7a-958300ba83d3,scene0069_00-scene0069_02-scene0069_04-scene0069_03-scene0069_01,canonical,3,model_update,3,a5666236bf3881d108ab852776ee8659c7a884711a3c687eb2782a1aab9c33e0,1180.257653,559363072,1315627008,756263936,2164260864,62616,427200,1467013,4230624,50920,1823,11,100,torch.float32,1f7c14ad5e7d7457222d5254d3d8d0a695d97954
M3-V-CORE,10b17940-3938-2467-8a7a-958300ba83d3,scene0069_00-scene0069_02-scene0069_04-scene0069_03-scene0069_01,canonical,3,model_update,4,a5666236bf3881d108ab852776ee8659c7a884711a3c687eb2782a1aab9c33e0,1179.652993,559363072,1315616768,756253696,2164260864,62616,427200,1467013,4230624,50920,1823,11,100,torch.float32,1f7c14ad5e7d7457222d5254d3d8d0a695d97954
M3-V-CORE,10b17940-3938-2467-8a7a-958300ba83d3,scene0069_00-scene0069_02-scene0069_04-scene0069_03-scene0069_01,canonical,3,model_update,5,a5666236bf3881d108ab852776ee8659c7a884711a3c687eb2782a1aab9c33e0,1263.52191,559363072,1315566080,756203008,2164260864,62616,427200,1467013,4230624,50920,1823,11,100,torch.float32,1f7c14ad5e7d7457222d5254d3d8d0a695d97954
M3-V-CORE,10b17940-3938-2467-8a7a-958300ba83d3,scene0069_00-scene0069_02-scene0069_04-scene0069_03-scene0069_01,canonical,3,model_update,6,a5666236bf3881d108ab852776ee8659c7a884711a3c687eb2782a1aab9c33e0,1241.941083,559363072,1315590656,756227584,2164260864,62616,427200,1467013,4230624,50920,1823,11,100,torch.float32,1f7c14ad5e7d7457222d5254d3d8d0a695d97954
M3-V-CORE,10b17940-3938-2467-8a7a-958300ba83d3,scene0069_00-scene0069_02-scene0069_04-scene0069_03-scene0069_01,canonical,3,model_update,7,a5666236bf3881d108ab852776ee8659c7a884711a3c687eb2782a1aab9c33e0,1231.203099,559363072,1315608576,756245504,2164260864,62616,427200,1467013,4230624,50920,1823,11,100,torch.float32,1f7c14ad5e7d7457222d5254d3d8d0a695d97954
M3-V-CORE,10b17940-3938-2467-8a7a-958300ba83d3,scene0069_00-scene0069_02-scene0069_04-scene0069_03-scene0069_01,canonical,3,model_update,8,a5666236bf3881d108ab852776ee8659c7a884711a3c687eb2782a1aab9c33e0,1236.04943,559363072,1315608576,756245504,2164260864,62616,427200,1467013,4230624,50920,1823,11,100,torch.float32,1f7c14ad5e7d7457222d5254d3d8d0a695d97954
M3-V-CORE,10b17940-3938-2467-8a7a-958300ba83d3,scene0069_00-scene0069_02-scene0069_04-scene0069_03-scene0069_01,canonical,3,model_update,9,a5666236bf3881d108ab852776ee8659c7a884711a3c687eb2782a1aab9c33e0,1662.684203,559363072,1315618304,756255232,2164260864,62616,427200,1467013,4230624,50920,1823,11,100,torch.float32,1f7c14ad5e7d7457222d5254d3d8d0a695d97954
M3-V-CORE,10b17940-3938-2467-8a7a-958300ba83d3,scene0069_00-scene0069_02-scene0069_04-scene0069_03-scene0069_01,canonical,3,end_to_end_update,0,a5666236bf3881d108ab852776ee8659c7a884711a3c687eb2782a1aab9c33e0,1446.342223,559363072,1315635200,756272128,2164260864,62616,427200,1467013,4230624,50920,1823,11,100,torch.float32,1f7c14ad5e7d7457222d5254d3d8d0a695d97954
M3-V-CORE,10b17940-3938-2467-8a7a-958300ba83d3,scene0069_00-scene0069_02-scene0069_04-scene0069_03-scene0069_01,canonical,3,end_to_end_update,1,a5666236bf3881d108ab852776ee8659c7a884711a3c687eb2782a1aab9c33e0,1308.483125,559363072,1315590656,756227584,2164260864,62616,427200,1467013,4230624,50920,1823,11,100,torch.float32,1f7c14ad5e7d7457222d5254d3d8d0a695d97954
M3-V-CORE,10b17940-3938-2467-8a7a-958300ba83d3,scene0069_00-scene0069_02-scene0069_04-scene0069_03-scene0069_01,canonical,3,end_to_end_update,2,a5666236bf3881d108ab852776ee8659c7a884711a3c687eb2782a1aab9c33e0,1309.228452,559363072,1315653120,756290048,2164260864,62616,427200,1467013,4230624,50920,1823,11,100,torch.float32,1f7c14ad5e7d7457222d5254d3d8d0a695d97954
M3-V-CORE,10b17940-3938-2467-8a7a-958300ba83d3,scene0069_00-scene0069_02-scene0069_04-scene0069_03-scene0069_01,canonical,3,end_to_end_update,3,a5666236bf3881d108ab852776ee8659c7a884711a3c687eb2782a1aab9c33e0,1357.156778,559363072,1315653120,756290048,2164260864,62616,427200,1467013,4230624,50920,1823,11,100,torch.float32,1f7c14ad5e7d7457222d5254d3d8d0a695d97954
M3-V-CORE,10b17940-3938-2467-8a7a-958300ba83d3,scene0069_00-scene0069_02-scene0069_04-scene0069_03-scene0069_01,canonical,3,end_to_end_update,4,a5666236bf3881d108ab852776ee8659c7a884711a3c687eb2782a1aab9c33e0,1371.957292,559363072,1315627008,756263936,2164260864,62616,427200,1467013,4230624,50920,1823,11,100,torch.float32,1f7c14ad5e7d7457222d5254d3d8d0a695d97954
M3-V-CORE,10b17940-3938-2467-8a7a-958300ba83d3,scene0069_00-scene0069_02-scene0069_04-scene0069_03-scene0069_01,canonical,3,end_to_end_update,5,a5666236bf3881d108ab852776ee8659c7a884711a3c687eb2782a1aab9c33e0,1342.144194,559363072,1315566080,756203008,2164260864,62616,427200,1467013,4230624,50920,1823,11,100,torch.float32,1f7c14ad5e7d7457222d5254d3d8d0a695d97954
M3-V-CORE,10b17940-3938-2467-8a7a-958300ba83d3,scene0069_00-scene0069_02-scene0069_04-scene0069_03-scene0069_01,canonical,3,end_to_end_update,6,a5666236bf3881d108ab852776ee8659c7a884711a3c687eb2782a1aab9c33e0,1409.052696,559363072,1315677696,756314624,2164260864,62616,427200,1467013,4230624,50920,1823,11,100,torch.float32,1f7c14ad5e7d7457222d5254d3d8d0a695d97954
M3-V-CORE,10b17940-3938-2467-8a7a-958300ba83d3,scene0069_00-scene0069_02-scene0069_04-scene0069_03-scene0069_01,canonical,3,end_to_end_update,7,a5666236bf3881d108ab852776ee8659c7a884711a3c687eb2782a1aab9c33e0,1403.541083,559363072,1315592192,756229120,2164260864,62616,427200,1467013,4230624,50920,1823,11,100,torch.float32,1f7c14ad5e7d7457222d5254d3d8d0a695d97954
M3-V-CORE,10b17940-3938-2467-8a7a-958300ba83d3,scene0069_00-scene0069_02-scene0069_04-scene0069_03-scene0069_01,canonical,3,end_to_end_update,8,a5666236bf3881d108ab852776ee8659c7a884711a3c687eb2782a1aab9c33e0,1308.360984,559363072,1315582464,756219392,2164260864,62616,427200,1467013,4230624,50920,1823,11,100,torch.float32,1f7c14ad5e7d7457222d5254d3d8d0a695d97954
M3-V-CORE,10b17940-3938-2467-8a7a-958300ba83d3,scene0069_00-scene0069_02-scene0069_04-scene0069_03-scene0069_01,canonical,3,end_to_end_update,9,a5666236bf3881d108ab852776ee8659c7a884711a3c687eb2782a1aab9c33e0,1425.691593,559363072,1315555840,756192768,2164260864,62616,427200,1467013,4230624,50920,1823,11,100,torch.float32,1f7c14ad5e7d7457222d5254d3d8d0a695d97954
M3-V-CORE,10b17940-3938-2467-8a7a-958300ba83d3,scene0069_00-scene0069_02-scene0069_04-scene0069_03-scene0069_01,canonical,3,output_materialization,0,a5666236bf3881d108ab852776ee8659c7a884711a3c687eb2782a1aab9c33e0,3.121266,559363072,592923648,33560576,2164260864,62616,427200,1467013,4230624,50920,1823,11,100,torch.float32,1f7c14ad5e7d7457222d5254d3d8d0a695d97954
M3-V-CORE,10b17940-3938-2467-8a7a-958300ba83d3,scene0069_00-scene0069_02-scene0069_04-scene0069_03-scene0069_01,canonical,3,output_materialization,1,a5666236bf3881d108ab852776ee8659c7a884711a3c687eb2782a1aab9c33e0,3.132194,559363072,592923648,33560576,2164260864,62616,427200,1467013,4230624,50920,1823,11,100,torch.float32,1f7c14ad5e7d7457222d5254d3d8d0a695d97954
M3-V-CORE,10b17940-3938-2467-8a7a-958300ba83d3,scene0069_00-scene0069_02-scene0069_04-scene0069_03-scene0069_01,canonical,3,output_materialization,2,a5666236bf3881d108ab852776ee8659c7a884711a3c687eb2782a1aab9c33e0,3.119858,559363072,592923648,33560576,2164260864,62616,427200,1467013,4230624,50920,1823,11,100,torch.float32,1f7c14ad5e7d7457222d5254d3d8d0a695d97954
M3-V-CORE,10b17940-3938-2467-8a7a-958300ba83d3,scene0069_00-scene0069_02-scene0069_04-scene0069_03-scene0069_01,canonical,3,output_materialization,3,a5666236bf3881d108ab852776ee8659c7a884711a3c687eb2782a1aab9c33e0,3.259394,559363072,592923648,33560576,2164260864,62616,427200,1467013,4230624,50920,1823,11,100,torch.float32,1f7c14ad5e7d7457222d5254d3d8d0a695d97954
M3-V-CORE,10b17940-3938-2467-8a7a-958300ba83d3,scene0069_00-scene0069_02-scene0069_04-scene0069_03-scene0069_01,canonical,3,output_materialization,4,a5666236bf3881d108ab852776ee8659c7a884711a3c687eb2782a1aab9c33e0,3.190171,559363072,592923648,33560576,2164260864,62616,427200,1467013,4230624,50920,1823,11,100,torch.float32,1f7c14ad5e7d7457222d5254d3d8d0a695d97954
M3-V-CORE,10b17940-3938-2467-8a7a-958300ba83d3,scene0069_00-scene0069_02-scene0069_04-scene0069_03-scene0069_01,canonical,3,output_materialization,5,a5666236bf3881d108ab852776ee8659c7a884711a3c687eb2782a1aab9c33e0,3.152594,559363072,592923648,33560576,2164260864,62616,427200,1467013,4230624,50920,1823,11,100,torch.float32,1f7c14ad5e7d7457222d5254d3d8d0a695d97954
M3-V-CORE,10b17940-3938-2467-8a7a-958300ba83d3,scene0069_00-scene0069_02-scene0069_04-scene0069_03-scene0069_01,canonical,3,output_materialization,6,a5666236bf3881d108ab852776ee8659c7a884711a3c687eb2782a1aab9c33e0,3.163682,559363072,592923648,33560576,2164260864,62616,427200,1467013,4230624,50920,1823,11,100,torch.float32,1f7c14ad5e7d7457222d5254d3d8d0a695d97954
M3-V-CORE,10b17940-3938-2467-8a7a-958300ba83d3,scene0069_00-scene0069_02-scene0069_04-scene0069_03-scene0069_01,canonical,3,output_materialization,7,a5666236bf3881d108ab852776ee8659c7a884711a3c687eb2782a1aab9c33e0,3.188285,559363072,592923648,33560576,2164260864,62616,427200,1467013,4230624,50920,1823,11,100,torch.float32,1f7c14ad5e7d7457222d5254d3d8d0a695d97954
M3-V-CORE,10b17940-3938-2467-8a7a-958300ba83d3,scene0069_00-scene0069_02-scene0069_04-scene0069_03-scene0069_01,canonical,3,output_materialization,8,a5666236bf3881d108ab852776ee8659c7a884711a3c687eb2782a1aab9c33e0,3.121094,559363072,592923648,33560576,2164260864,62616,427200,1467013,4230624,50920,1823,11,100,torch.float32,1f7c14ad5e7d7457222d5254d3d8d0a695d97954
M3-V-CORE,10b17940-3938-2467-8a7a-958300ba83d3,scene0069_00-scene0069_02-scene0069_04-scene0069_03-scene0069_01,canonical,3,output_materialization,9,a5666236bf3881d108ab852776ee8659c7a884711a3c687eb2782a1aab9c33e0,4.114293,559363072,592923648,33560576,2164260864,62616,427200,1467013,4230624,50920,1823,11,100,torch.float32,1f7c14ad5e7d7457222d5254d3d8d0a695d97954
M3-V-CORE,10b17940-3938-2467-8a7a-958300ba83d3,scene0069_00-scene0069_02-scene0069_04-scene0069_03-scene0069_01,canonical,3,cumulative_T1_to_T,0,3f354f12741e8d8e7a579fafe8bbf3e7808a357d25486423ecd99639983796c8,3974.079968,559363072,1517066240,957703168,2164260864,62616,427200,1467013,4230624,50920,1823,11,100,torch.float32,1f7c14ad5e7d7457222d5254d3d8d0a695d97954
M3-V-CORE,10b17940-3938-2467-8a7a-958300ba83d3,scene0069_00-scene0069_02-scene0069_04-scene0069_03-scene0069_01,canonical,3,cumulative_T1_to_T,1,3f354f12741e8d8e7a579fafe8bbf3e7808a357d25486423ecd99639983796c8,4178.001371,559363072,1517092352,957729280,2164260864,62616,427200,1467013,4230624,50920,1823,11,100,torch.float32,1f7c14ad5e7d7457222d5254d3d8d0a695d97954
M3-V-CORE,10b17940-3938-2467-8a7a-958300ba83d3,scene0069_00-scene0069_02-scene0069_04-scene0069_03-scene0069_01,canonical,3,cumulative_T1_to_T,2,3f354f12741e8d8e7a579fafe8bbf3e7808a357d25486423ecd99639983796c8,4193.213921,559363072,1517084160,957721088,2164260864,62616,427200,1467013,4230624,50920,1823,11,100,torch.float32,1f7c14ad5e7d7457222d5254d3d8d0a695d97954
M3-V-CORE,10b17940-3938-2467-8a7a-958300ba83d3,scene0069_00-scene0069_02-scene0069_04-scene0069_03-scene0069_01,canonical,3,cumulative_T1_to_T,3,3f354f12741e8d8e7a579fafe8bbf3e7808a357d25486423ecd99639983796c8,4183.159591,559363072,1517074432,957711360,2164260864,62616,427200,1467013,4230624,50920,1823,11,100,torch.float32,1f7c14ad5e7d7457222d5254d3d8d0a695d97954
M3-V-CORE,10b17940-3938-2467-8a7a-958300ba83d3,scene0069_00-scene0069_02-scene0069_04-scene0069_03-scene0069_01,canonical,3,cumulative_T1_to_T,4,3f354f12741e8d8e7a579fafe8bbf3e7808a357d25486423ecd99639983796c8,4230.556663,559363072,1517005312,957642240,2164260864,62616,427200,1467013,4230624,50920,1823,11,100,torch.float32,1f7c14ad5e7d7457222d5254d3d8d0a695d97954
M3-V-CORE,10b17940-3938-2467-8a7a-958300ba83d3,scene0069_00-scene0069_02-scene0069_04-scene0069_03-scene0069_01,canonical,3,cumulative_T1_to_T,5,3f354f12741e8d8e7a579fafe8bbf3e7808a357d25486423ecd99639983796c8,4184.460528,559363072,1517066240,957703168,2164260864,62616,427200,1467013,4230624,50920,1823,11,100,torch.float32,1f7c14ad5e7d7457222d5254d3d8d0a695d97954
M3-V-CORE,10b17940-3938-2467-8a7a-958300ba83d3,scene0069_00-scene0069_02-scene0069_04-scene0069_03-scene0069_01,canonical,3,cumulative_T1_to_T,6,3f354f12741e8d8e7a579fafe8bbf3e7808a357d25486423ecd99639983796c8,4058.531205,559363072,1517100544,957737472,2164260864,62616,427200,1467013,4230624,50920,1823,11,100,torch.float32,1f7c14ad5e7d7457222d5254d3d8d0a695d97954
M3-V-CORE,10b17940-3938-2467-8a7a-958300ba83d3,scene0069_00-scene0069_02-scene0069_04-scene0069_03-scene0069_01,canonical,3,cumulative_T1_to_T,7,3f354f12741e8d8e7a579fafe8bbf3e7808a357d25486423ecd99639983796c8,5110.241546,559363072,1517084160,957721088,2164260864,62616,427200,1467013,4230624,50920,1823,11,100,torch.float32,1f7c14ad5e7d7457222d5254d3d8d0a695d97954
M3-V-CORE,10b17940-3938-2467-8a7a-958300ba83d3,scene0069_00-scene0069_02-scene0069_04-scene0069_03-scene0069_01,canonical,3,cumulative_T1_to_T,8,3f354f12741e8d8e7a579fafe8bbf3e7808a357d25486423ecd99639983796c8,4229.632681,559363072,1517058048,957694976,2164260864,62616,427200,1467013,4230624,50920,1823,11,100,torch.float32,1f7c14ad5e7d7457222d5254d3d8d0a695d97954
M3-V-CORE,10b17940-3938-2467-8a7a-958300ba83d3,scene0069_00-scene0069_02-scene0069_04-scene0069_03-scene0069_01,canonical,3,cumulative_T1_to_T,9,3f354f12741e8d8e7a579fafe8bbf3e7808a357d25486423ecd99639983796c8,4182.057944,559363072,1517127168,957764096,2164260864,62616,427200,1467013,4230624,50920,1823,11,100,torch.float32,1f7c14ad5e7d7457222d5254d3d8d0a695d97954
M3-V-CORE,10b17940-3938-2467-8a7a-958300ba83d3,scene0069_00-scene0069_02-scene0069_04-scene0069_03-scene0069_01,canonical,4,model_update,0,f075ff563d7d4002254679086ea46e63f6bb3e1a913f5f5618a5eeab18e1e840,899.453114,559363072,1251612160,692249088,2164260864,62616,427200,1370868,3920288,46465,1784,12,100,torch.float32,1f7c14ad5e7d7457222d5254d3d8d0a695d97954
M3-V-CORE,10b17940-3938-2467-8a7a-958300ba83d3,scene0069_00-scene0069_02-scene0069_04-scene0069_03-scene0069_01,canonical,4,model_update,1,f075ff563d7d4002254679086ea46e63f6bb3e1a913f5f5618a5eeab18e1e840,867.228122,559363072,1251515904,692152832,2164260864,62616,427200,1370868,3920288,46465,1784,12,100,torch.float32,1f7c14ad5e7d7457222d5254d3d8d0a695d97954
M3-V-CORE,10b17940-3938-2467-8a7a-958300ba83d3,scene0069_00-scene0069_02-scene0069_04-scene0069_03-scene0069_01,canonical,4,model_update,2,f075ff563d7d4002254679086ea46e63f6bb3e1a913f5f5618a5eeab18e1e840,854.81643,559363072,1251515904,692152832,2164260864,62616,427200,1370868,3920288,46465,1784,12,100,torch.float32,1f7c14ad5e7d7457222d5254d3d8d0a695d97954
M3-V-CORE,10b17940-3938-2467-8a7a-958300ba83d3,scene0069_00-scene0069_02-scene0069_04-scene0069_03-scene0069_01,canonical,4,model_update,3,f075ff563d7d4002254679086ea46e63f6bb3e1a913f5f5618a5eeab18e1e840,925.094045,559363072,1251551744,692188672,2164260864,62616,427200,1370868,3920288,46465,1784,12,100,torch.float32,1f7c14ad5e7d7457222d5254d3d8d0a695d97954
M3-V-CORE,10b17940-3938-2467-8a7a-958300ba83d3,scene0069_00-scene0069_02-scene0069_04-scene0069_03-scene0069_01,canonical,4,model_update,4,f075ff563d7d4002254679086ea46e63f6bb3e1a913f5f5618a5eeab18e1e840,857.678656,559363072,1251473408,692110336,2164260864,62616,427200,1370868,3920288,46465,1784,12,100,torch.float32,1f7c14ad5e7d7457222d5254d3d8d0a695d97954
M3-V-CORE,10b17940-3938-2467-8a7a-958300ba83d3,scene0069_00-scene0069_02-scene0069_04-scene0069_03-scene0069_01,canonical,4,model_update,5,f075ff563d7d4002254679086ea46e63f6bb3e1a913f5f5618a5eeab18e1e840,854.16635,559363072,1251515904,692152832,2164260864,62616,427200,1370868,3920288,46465,1784,12,100,torch.float32,1f7c14ad5e7d7457222d5254d3d8d0a695d97954
M3-V-CORE,10b17940-3938-2467-8a7a-958300ba83d3,scene0069_00-scene0069_02-scene0069_04-scene0069_03-scene0069_01,canonical,4,model_update,6,f075ff563d7d4002254679086ea46e63f6bb3e1a913f5f5618a5eeab18e1e840,924.785043,559363072,1251542016,692178944,2164260864,62616,427200,1370868,3920288,46465,1784,12,100,torch.float32,1f7c14ad5e7d7457222d5254d3d8d0a695d97954
M3-V-CORE,10b17940-3938-2467-8a7a-958300ba83d3,scene0069_00-scene0069_02-scene0069_04-scene0069_03-scene0069_01,canonical,4,model_update,7,f075ff563d7d4002254679086ea46e63f6bb3e1a913f5f5618a5eeab18e1e840,907.715806,559363072,1251507712,692144640,2164260864,62616,427200,1370868,3920288,46465,1784,12,100,torch.float32,1f7c14ad5e7d7457222d5254d3d8d0a695d97954
M3-V-CORE,10b17940-3938-2467-8a7a-958300ba83d3,scene0069_00-scene0069_02-scene0069_04-scene0069_03-scene0069_01,canonical,4,model_update,8,f075ff563d7d4002254679086ea46e63f6bb3e1a913f5f5618a5eeab18e1e840,861.471344,559363072,1251533824,692170752,2164260864,62616,427200,1370868,3920288,46465,1784,12,100,torch.float32,1f7c14ad5e7d7457222d5254d3d8d0a695d97954
M3-V-CORE,10b17940-3938-2467-8a7a-958300ba83d3,scene0069_00-scene0069_02-scene0069_04-scene0069_03-scene0069_01,canonical,4,model_update,9,f075ff563d7d4002254679086ea46e63f6bb3e1a913f5f5618a5eeab18e1e840,1129.945612,559363072,1251559936,692196864,2164260864,62616,427200,1370868,3920288,46465,1784,12,100,torch.float32,1f7c14ad5e7d7457222d5254d3d8d0a695d97954
M3-V-CORE,10b17940-3938-2467-8a7a-958300ba83d3,scene0069_00-scene0069_02-scene0069_04-scene0069_03-scene0069_01,canonical,4,end_to_end_update,0,f075ff563d7d4002254679086ea46e63f6bb3e1a913f5f5618a5eeab18e1e840,1044.243273,559363072,1251568128,692205056,2164260864,62616,427200,1370868,3920288,46465,1784,12,100,torch.float32,1f7c14ad5e7d7457222d5254d3d8d0a695d97954
M3-V-CORE,10b17940-3938-2467-8a7a-958300ba83d3,scene0069_00-scene0069_02-scene0069_04-scene0069_03-scene0069_01,canonical,4,end_to_end_update,1,f075ff563d7d4002254679086ea46e63f6bb3e1a913f5f5618a5eeab18e1e840,1048.605995,559363072,1251515904,692152832,2164260864,62616,427200,1370868,3920288,46465,1784,12,100,torch.float32,1f7c14ad5e7d7457222d5254d3d8d0a695d97954
M3-V-CORE,10b17940-3938-2467-8a7a-958300ba83d3,scene0069_00-scene0069_02-scene0069_04-scene0069_03-scene0069_01,canonical,4,end_to_end_update,2,f075ff563d7d4002254679086ea46e63f6bb3e1a913f5f5618a5eeab18e1e840,1013.140903,559363072,1251576320,692213248,2164260864,62616,427200,1370868,3920288,46465,1784,12,100,torch.float32,1f7c14ad5e7d7457222d5254d3d8d0a695d97954
M3-V-CORE,10b17940-3938-2467-8a7a-958300ba83d3,scene0069_00-scene0069_02-scene0069_04-scene0069_03-scene0069_01,canonical,4,end_to_end_update,3,f075ff563d7d4002254679086ea46e63f6bb3e1a913f5f5618a5eeab18e1e840,1040.96379,559363072,1251576320,692213248,2164260864,62616,427200,1370868,3920288,46465,1784,12,100,torch.float32,1f7c14ad5e7d7457222d5254d3d8d0a695d97954
M3-V-CORE,10b17940-3938-2467-8a7a-958300ba83d3,scene0069_00-scene0069_02-scene0069_04-scene0069_03-scene0069_01,canonical,4,end_to_end_update,4,f075ff563d7d4002254679086ea46e63f6bb3e1a913f5f5618a5eeab18e1e840,1001.20476,559363072,1251568128,692205056,2164260864,62616,427200,1370868,3920288,46465,1784,12,100,torch.float32,1f7c14ad5e7d7457222d5254d3d8d0a695d97954
M3-V-CORE,10b17940-3938-2467-8a7a-958300ba83d3,scene0069_00-scene0069_02-scene0069_04-scene0069_03-scene0069_01,canonical,4,end_to_end_update,5,f075ff563d7d4002254679086ea46e63f6bb3e1a913f5f5618a5eeab18e1e840,1008.261803,559363072,1251559936,692196864,2164260864,62616,427200,1370868,3920288,46465,1784,12,100,torch.float32,1f7c14ad5e7d7457222d5254d3d8d0a695d97954
M3-V-CORE,10b17940-3938-2467-8a7a-958300ba83d3,scene0069_00-scene0069_02-scene0069_04-scene0069_03-scene0069_01,canonical,4,end_to_end_update,6,f075ff563d7d4002254679086ea46e63f6bb3e1a913f5f5618a5eeab18e1e840,984.859416,559363072,1251576320,692213248,2164260864,62616,427200,1370868,3920288,46465,1784,12,100,torch.float32,1f7c14ad5e7d7457222d5254d3d8d0a695d97954
M3-V-CORE,10b17940-3938-2467-8a7a-958300ba83d3,scene0069_00-scene0069_02-scene0069_04-scene0069_03-scene0069_01,canonical,4,end_to_end_update,7,f075ff563d7d4002254679086ea46e63f6bb3e1a913f5f5618a5eeab18e1e840,961.780295,559363072,1251586048,692222976,2164260864,62616,427200,1370868,3920288,46465,1784,12,100,torch.float32,1f7c14ad5e7d7457222d5254d3d8d0a695d97954
M3-V-CORE,10b17940-3938-2467-8a7a-958300ba83d3,scene0069_00-scene0069_02-scene0069_04-scene0069_03-scene0069_01,canonical,4,end_to_end_update,8,f075ff563d7d4002254679086ea46e63f6bb3e1a913f5f5618a5eeab18e1e840,1000.080186,559363072,1251499520,692136448,2164260864,62616,427200,1370868,3920288,46465,1784,12,100,torch.float32,1f7c14ad5e7d7457222d5254d3d8d0a695d97954
M3-V-CORE,10b17940-3938-2467-8a7a-958300ba83d3,scene0069_00-scene0069_02-scene0069_04-scene0069_03-scene0069_01,canonical,4,end_to_end_update,9,f075ff563d7d4002254679086ea46e63f6bb3e1a913f5f5618a5eeab18e1e840,1009.335018,559363072,1251507712,692144640,2164260864,62616,427200,1370868,3920288,46465,1784,12,100,torch.float32,1f7c14ad5e7d7457222d5254d3d8d0a695d97954
M3-V-CORE,10b17940-3938-2467-8a7a-958300ba83d3,scene0069_00-scene0069_02-scene0069_04-scene0069_03-scene0069_01,canonical,4,output_materialization,0,f075ff563d7d4002254679086ea46e63f6bb3e1a913f5f5618a5eeab18e1e840,3.462634,559363072,592923648,33560576,2164260864,62616,427200,1370868,3920288,46465,1784,12,100,torch.float32,1f7c14ad5e7d7457222d5254d3d8d0a695d97954
M3-V-CORE,10b17940-3938-2467-8a7a-958300ba83d3,scene0069_00-scene0069_02-scene0069_04-scene0069_03-scene0069_01,canonical,4,output_materialization,1,f075ff563d7d4002254679086ea46e63f6bb3e1a913f5f5618a5eeab18e1e840,3.455978,559363072,592923648,33560576,2164260864,62616,427200,1370868,3920288,46465,1784,12,100,torch.float32,1f7c14ad5e7d7457222d5254d3d8d0a695d97954
M3-V-CORE,10b17940-3938-2467-8a7a-958300ba83d3,scene0069_00-scene0069_02-scene0069_04-scene0069_03-scene0069_01,canonical,4,output_materialization,2,f075ff563d7d4002254679086ea46e63f6bb3e1a913f5f5618a5eeab18e1e840,3.456266,559363072,592923648,33560576,2164260864,62616,427200,1370868,3920288,46465,1784,12,100,torch.float32,1f7c14ad5e7d7457222d5254d3d8d0a695d97954
M3-V-CORE,10b17940-3938-2467-8a7a-958300ba83d3,scene0069_00-scene0069_02-scene0069_04-scene0069_03-scene0069_01,canonical,4,output_materialization,3,f075ff563d7d4002254679086ea46e63f6bb3e1a913f5f5618a5eeab18e1e840,3.489656,559363072,592923648,33560576,2164260864,62616,427200,1370868,3920288,46465,1784,12,100,torch.float32,1f7c14ad5e7d7457222d5254d3d8d0a695d97954
M3-V-CORE,10b17940-3938-2467-8a7a-958300ba83d3,scene0069_00-scene0069_02-scene0069_04-scene0069_03-scene0069_01,canonical,4,output_materialization,4,f075ff563d7d4002254679086ea46e63f6bb3e1a913f5f5618a5eeab18e1e840,3.479349,559363072,592923648,33560576,2164260864,62616,427200,1370868,3920288,46465,1784,12,100,torch.float32,1f7c14ad5e7d7457222d5254d3d8d0a695d97954
M3-V-CORE,10b17940-3938-2467-8a7a-958300ba83d3,scene0069_00-scene0069_02-scene0069_04-scene0069_03-scene0069_01,canonical,4,output_materialization,5,f075ff563d7d4002254679086ea46e63f6bb3e1a913f5f5618a5eeab18e1e840,3.505242,559363072,592923648,33560576,2164260864,62616,427200,1370868,3920288,46465,1784,12,100,torch.float32,1f7c14ad5e7d7457222d5254d3d8d0a695d97954
M3-V-CORE,10b17940-3938-2467-8a7a-958300ba83d3,scene0069_00-scene0069_02-scene0069_04-scene0069_03-scene0069_01,canonical,4,output_materialization,6,f075ff563d7d4002254679086ea46e63f6bb3e1a913f5f5618a5eeab18e1e840,3.465786,559363072,592923648,33560576,2164260864,62616,427200,1370868,3920288,46465,1784,12,100,torch.float32,1f7c14ad5e7d7457222d5254d3d8d0a695d97954
M3-V-CORE,10b17940-3938-2467-8a7a-958300ba83d3,scene0069_00-scene0069_02-scene0069_04-scene0069_03-scene0069_01,canonical,4,output_materialization,7,f075ff563d7d4002254679086ea46e63f6bb3e1a913f5f5618a5eeab18e1e840,3.491477,559363072,592923648,33560576,2164260864,62616,427200,1370868,3920288,46465,1784,12,100,torch.float32,1f7c14ad5e7d7457222d5254d3d8d0a695d97954
M3-V-CORE,10b17940-3938-2467-8a7a-958300ba83d3,scene0069_00-scene0069_02-scene0069_04-scene0069_03-scene0069_01,canonical,4,output_materialization,8,f075ff563d7d4002254679086ea46e63f6bb3e1a913f5f5618a5eeab18e1e840,3.441083,559363072,592923648,33560576,2164260864,62616,427200,1370868,3920288,46465,1784,12,100,torch.float32,1f7c14ad5e7d7457222d5254d3d8d0a695d97954
M3-V-CORE,10b17940-3938-2467-8a7a-958300ba83d3,scene0069_00-scene0069_02-scene0069_04-scene0069_03-scene0069_01,canonical,4,output_materialization,9,f075ff563d7d4002254679086ea46e63f6bb3e1a913f5f5618a5eeab18e1e840,4.612507,559363072,592923648,33560576,2164260864,62616,427200,1370868,3920288,46465,1784,12,100,torch.float32,1f7c14ad5e7d7457222d5254d3d8d0a695d97954
M3-V-CORE,10b17940-3938-2467-8a7a-958300ba83d3,scene0069_00-scene0069_02-scene0069_04-scene0069_03-scene0069_01,canonical,4,cumulative_T1_to_T,0,3f354f12741e8d8e7a579fafe8bbf3e7808a357d25486423ecd99639983796c8,5184.485805,559363072,1517074432,957711360,2164260864,62616,427200,1370868,3920288,46465,1784,12,100,torch.float32,1f7c14ad5e7d7457222d5254d3d8d0a695d97954
M3-V-CORE,10b17940-3938-2467-8a7a-958300ba83d3,scene0069_00-scene0069_02-scene0069_04-scene0069_03-scene0069_01,canonical,4,cumulative_T1_to_T,1,3f354f12741e8d8e7a579fafe8bbf3e7808a357d25486423ecd99639983796c8,5655.712456,559363072,1517145088,957782016,2164260864,62616,427200,1370868,3920288,46465,1784,12,100,torch.float32,1f7c14ad5e7d7457222d5254d3d8d0a695d97954
M3-V-CORE,10b17940-3938-2467-8a7a-958300ba83d3,scene0069_00-scene0069_02-scene0069_04-scene0069_03-scene0069_01,canonical,4,cumulative_T1_to_T,2,3f354f12741e8d8e7a579fafe8bbf3e7808a357d25486423ecd99639983796c8,4962.283172,559363072,1517058048,957694976,2164260864,62616,427200,1370868,3920288,46465,1784,12,100,torch.float32,1f7c14ad5e7d7457222d5254d3d8d0a695d97954
M3-V-CORE,10b17940-3938-2467-8a7a-958300ba83d3,scene0069_00-scene0069_02-scene0069_04-scene0069_03-scene0069_01,canonical,4,cumulative_T1_to_T,3,3f354f12741e8d8e7a579fafe8bbf3e7808a357d25486423ecd99639983796c8,4933.500799,559363072,1517084160,957721088,2164260864,62616,427200,1370868,3920288,46465,1784,12,100,torch.float32,1f7c14ad5e7d7457222d5254d3d8d0a695d97954
M3-V-CORE,10b17940-3938-2467-8a7a-958300ba83d3,scene0069_00-scene0069_02-scene0069_04-scene0069_03-scene0069_01,canonical,4,cumulative_T1_to_T,4,3f354f12741e8d8e7a579fafe8bbf3e7808a357d25486423ecd99639983796c8,5093.039786,559363072,1517058048,957694976,2164260864,62616,427200,1370868,3920288,46465,1784,12,100,torch.float32,1f7c14ad5e7d7457222d5254d3d8d0a695d97954
M3-V-CORE,10b17940-3938-2467-8a7a-958300ba83d3,scene0069_00-scene0069_02-scene0069_04-scene0069_03-scene0069_01,canonical,4,cumulative_T1_to_T,5,3f354f12741e8d8e7a579fafe8bbf3e7808a357d25486423ecd99639983796c8,5372.565191,559363072,1517015040,957651968,2164260864,62616,427200,1370868,3920288,46465,1784,12,100,torch.float32,1f7c14ad5e7d7457222d5254d3d8d0a695d97954
M3-V-CORE,10b17940-3938-2467-8a7a-958300ba83d3,scene0069_00-scene0069_02-scene0069_04-scene0069_03-scene0069_01,canonical,4,cumulative_T1_to_T,6,3f354f12741e8d8e7a579fafe8bbf3e7808a357d25486423ecd99639983796c8,6757.727787,559363072,1517041152,957678080,2164260864,62616,427200,1370868,3920288,46465,1784,12,100,torch.float32,1f7c14ad5e7d7457222d5254d3d8d0a695d97954
M3-V-CORE,10b17940-3938-2467-8a7a-958300ba83d3,scene0069_00-scene0069_02-scene0069_04-scene0069_03-scene0069_01,canonical,4,cumulative_T1_to_T,7,3f354f12741e8d8e7a579fafe8bbf3e7808a357d25486423ecd99639983796c8,5268.175787,559363072,1517039616,957676544,2164260864,62616,427200,1370868,3920288,46465,1784,12,100,torch.float32,1f7c14ad5e7d7457222d5254d3d8d0a695d97954
M3-V-CORE,10b17940-3938-2467-8a7a-958300ba83d3,scene0069_00-scene0069_02-scene0069_04-scene0069_03-scene0069_01,canonical,4,cumulative_T1_to_T,8,3f354f12741e8d8e7a579fafe8bbf3e7808a357d25486423ecd99639983796c8,5880.806264,559363072,1517041152,957678080,2164260864,62616,427200,1370868,3920288,46465,1784,12,100,torch.float32,1f7c14ad5e7d7457222d5254d3d8d0a695d97954
M3-V-CORE,10b17940-3938-2467-8a7a-958300ba83d3,scene0069_00-scene0069_02-scene0069_04-scene0069_03-scene0069_01,canonical,4,cumulative_T1_to_T,9,3f354f12741e8d8e7a579fafe8bbf3e7808a357d25486423ecd99639983796c8,4927.837235,559363072,1517136896,957773824,2164260864,62616,427200,1370868,3920288,46465,1784,12,100,torch.float32,1f7c14ad5e7d7457222d5254d3d8d0a695d97954
M3-V-CORE,10b17940-3938-2467-8a7a-958300ba83d3,scene0069_00-scene0069_02-scene0069_04-scene0069_03-scene0069_01,canonical,5,model_update,0,95d3a6469a3c021f7d9f29e0fade8319329d2d3439fb4f74a17895cd124e0602,1236.33545,559363072,1403046912,843683840,2164260864,62616,427200,1630357,4706592,57788,1798,14,100,torch.float32,1f7c14ad5e7d7457222d5254d3d8d0a695d97954
M3-V-CORE,10b17940-3938-2467-8a7a-958300ba83d3,scene0069_00-scene0069_02-scene0069_04-scene0069_03-scene0069_01,canonical,5,model_update,1,95d3a6469a3c021f7d9f29e0fade8319329d2d3439fb4f74a17895cd124e0602,1229.541529,559363072,1402985472,843622400,2164260864,62616,427200,1630357,4706592,57788,1798,14,100,torch.float32,1f7c14ad5e7d7457222d5254d3d8d0a695d97954
M3-V-CORE,10b17940-3938-2467-8a7a-958300ba83d3,scene0069_00-scene0069_02-scene0069_04-scene0069_03-scene0069_01,canonical,5,model_update,2,95d3a6469a3c021f7d9f29e0fade8319329d2d3439fb4f74a17895cd124e0602,1182.274731,559363072,1403073024,843709952,2164260864,62616,427200,1630357,4706592,57788,1798,14,100,torch.float32,1f7c14ad5e7d7457222d5254d3d8d0a695d97954
M3-V-CORE,10b17940-3938-2467-8a7a-958300ba83d3,scene0069_00-scene0069_02-scene0069_04-scene0069_03-scene0069_01,canonical,5,model_update,3,95d3a6469a3c021f7d9f29e0fade8319329d2d3439fb4f74a17895cd124e0602,1227.458712,559363072,1403001856,843638784,2164260864,62616,427200,1630357,4706592,57788,1798,14,100,torch.float32,1f7c14ad5e7d7457222d5254d3d8d0a695d97954
M3-V-CORE,10b17940-3938-2467-8a7a-958300ba83d3,scene0069_00-scene0069_02-scene0069_04-scene0069_03-scene0069_01,canonical,5,model_update,4,95d3a6469a3c021f7d9f29e0fade8319329d2d3439fb4f74a17895cd124e0602,1190.967991,559363072,1402993664,843630592,2164260864,62616,427200,1630357,4706592,57788,1798,14,100,torch.float32,1f7c14ad5e7d7457222d5254d3d8d0a695d97954
M3-V-CORE,10b17940-3938-2467-8a7a-958300ba83d3,scene0069_00-scene0069_02-scene0069_04-scene0069_03-scene0069_01,canonical,5,model_update,5,95d3a6469a3c021f7d9f29e0fade8319329d2d3439fb4f74a17895cd124e0602,1213.108538,559363072,1403038720,843675648,2164260864,62616,427200,1630357,4706592,57788,1798,14,100,torch.float32,1f7c14ad5e7d7457222d5254d3d8d0a695d97954
M3-V-CORE,10b17940-3938-2467-8a7a-958300ba83d3,scene0069_00-scene0069_02-scene0069_04-scene0069_03-scene0069_01,canonical,5,model_update,6,95d3a6469a3c021f7d9f29e0fade8319329d2d3439fb4f74a17895cd124e0602,1195.759184,559363072,1403097600,843734528,2164260864,62616,427200,1630357,4706592,57788,1798,14,100,torch.float32,1f7c14ad5e7d7457222d5254d3d8d0a695d97954
M3-V-CORE,10b17940-3938-2467-8a7a-958300ba83d3,scene0069_00-scene0069_02-scene0069_04-scene0069_03-scene0069_01,canonical,5,model_update,7,95d3a6469a3c021f7d9f29e0fade8319329d2d3439fb4f74a17895cd124e0602,1229.963605,559363072,1403038720,843675648,2164260864,62616,427200,1630357,4706592,57788,1798,14,100,torch.float32,1f7c14ad5e7d7457222d5254d3d8d0a695d97954
M3-V-CORE,10b17940-3938-2467-8a7a-958300ba83d3,scene0069_00-scene0069_02-scene0069_04-scene0069_03-scene0069_01,canonical,5,model_update,8,95d3a6469a3c021f7d9f29e0fade8319329d2d3439fb4f74a17895cd124e0602,1218.908809,559363072,1403029504,843666432,2164260864,62616,427200,1630357,4706592,57788,1798,14,100,torch.float32,1f7c14ad5e7d7457222d5254d3d8d0a695d97954
M3-V-CORE,10b17940-3938-2467-8a7a-958300ba83d3,scene0069_00-scene0069_02-scene0069_04-scene0069_03-scene0069_01,canonical,5,model_update,9,95d3a6469a3c021f7d9f29e0fade8319329d2d3439fb4f74a17895cd124e0602,1223.753669,559363072,1403038720,843675648,2164260864,62616,427200,1630357,4706592,57788,1798,14,100,torch.float32,1f7c14ad5e7d7457222d5254d3d8d0a695d97954
M3-V-CORE,10b17940-3938-2467-8a7a-958300ba83d3,scene0069_00-scene0069_02-scene0069_04-scene0069_03-scene0069_01,canonical,5,end_to_end_update,0,95d3a6469a3c021f7d9f29e0fade8319329d2d3439fb4f74a17895cd124e0602,1377.56643,559363072,1403097600,843734528,2164260864,62616,427200,1630357,4706592,57788,1798,14,100,torch.float32,1f7c14ad5e7d7457222d5254d3d8d0a695d97954
M3-V-CORE,10b17940-3938-2467-8a7a-958300ba83d3,scene0069_00-scene0069_02-scene0069_04-scene0069_03-scene0069_01,canonical,5,end_to_end_update,1,95d3a6469a3c021f7d9f29e0fade8319329d2d3439fb4f74a17895cd124e0602,1401.341082,559363072,1403038720,843675648,2164260864,62616,427200,1630357,4706592,57788,1798,14,100,torch.float32,1f7c14ad5e7d7457222d5254d3d8d0a695d97954
M3-V-CORE,10b17940-3938-2467-8a7a-958300ba83d3,scene0069_00-scene0069_02-scene0069_04-scene0069_03-scene0069_01,canonical,5,end_to_end_update,2,95d3a6469a3c021f7d9f29e0fade8319329d2d3439fb4f74a17895cd124e0602,1365.888675,559363072,1403089408,843726336,2164260864,62616,427200,1630357,4706592,57788,1798,14,100,torch.float32,1f7c14ad5e7d7457222d5254d3d8d0a695d97954
M3-V-CORE,10b17940-3938-2467-8a7a-958300ba83d3,scene0069_00-scene0069_02-scene0069_04-scene0069_03-scene0069_01,canonical,5,end_to_end_update,3,95d3a6469a3c021f7d9f29e0fade8319329d2d3439fb4f74a17895cd124e0602,1419.973187,559363072,1403055104,843692032,2164260864,62616,427200,1630357,4706592,57788,1798,14,100,torch.float32,1f7c14ad5e7d7457222d5254d3d8d0a695d97954
M3-V-CORE,10b17940-3938-2467-8a7a-958300ba83d3,scene0069_00-scene0069_02-scene0069_04-scene0069_03-scene0069_01,canonical,5,end_to_end_update,4,95d3a6469a3c021f7d9f29e0fade8319329d2d3439fb4f74a17895cd124e0602,1350.623204,559363072,1403055104,843692032,2164260864,62616,427200,1630357,4706592,57788,1798,14,100,torch.float32,1f7c14ad5e7d7457222d5254d3d8d0a695d97954
M3-V-CORE,10b17940-3938-2467-8a7a-958300ba83d3,scene0069_00-scene0069_02-scene0069_04-scene0069_03-scene0069_01,canonical,5,end_to_end_update,5,95d3a6469a3c021f7d9f29e0fade8319329d2d3439fb4f74a17895cd124e0602,1380.074851,559363072,1403073024,843709952,2164260864,62616,427200,1630357,4706592,57788,1798,14,100,torch.float32,1f7c14ad5e7d7457222d5254d3d8d0a695d97954
M3-V-CORE,10b17940-3938-2467-8a7a-958300ba83d3,scene0069_00-scene0069_02-scene0069_04-scene0069_03-scene0069_01,canonical,5,end_to_end_update,6,95d3a6469a3c021f7d9f29e0fade8319329d2d3439fb4f74a17895cd124e0602,1402.289296,559363072,1402977280,843614208,2164260864,62616,427200,1630357,4706592,57788,1798,14,100,torch.float32,1f7c14ad5e7d7457222d5254d3d8d0a695d97954
M3-V-CORE,10b17940-3938-2467-8a7a-958300ba83d3,scene0069_00-scene0069_02-scene0069_04-scene0069_03-scene0069_01,canonical,5,end_to_end_update,7,95d3a6469a3c021f7d9f29e0fade8319329d2d3439fb4f74a17895cd124e0602,1354.711061,559363072,1402977280,843614208,2164260864,62616,427200,1630357,4706592,57788,1798,14,100,torch.float32,1f7c14ad5e7d7457222d5254d3d8d0a695d97954
M3-V-CORE,10b17940-3938-2467-8a7a-958300ba83d3,scene0069_00-scene0069_02-scene0069_04-scene0069_03-scene0069_01,canonical,5,end_to_end_update,8,95d3a6469a3c021f7d9f29e0fade8319329d2d3439fb4f74a17895cd124e0602,1403.282602,559363072,1403073024,843709952,2164260864,62616,427200,1630357,4706592,57788,1798,14,100,torch.float32,1f7c14ad5e7d7457222d5254d3d8d0a695d97954
M3-V-CORE,10b17940-3938-2467-8a7a-958300ba83d3,scene0069_00-scene0069_02-scene0069_04-scene0069_03-scene0069_01,canonical,5,end_to_end_update,9,95d3a6469a3c021f7d9f29e0fade8319329d2d3439fb4f74a17895cd124e0602,1410.964105,559363072,1403003392,843640320,2164260864,62616,427200,1630357,4706592,57788,1798,14,100,torch.float32,1f7c14ad5e7d7457222d5254d3d8d0a695d97954
M3-V-CORE,10b17940-3938-2467-8a7a-958300ba83d3,scene0069_00-scene0069_02-scene0069_04-scene0069_03-scene0069_01,canonical,5,output_materialization,0,95d3a6469a3c021f7d9f29e0fade8319329d2d3439fb4f74a17895cd124e0602,3.069082,559363072,592923648,33560576,2164260864,62616,427200,1630357,4706592,57788,1798,14,100,torch.float32,1f7c14ad5e7d7457222d5254d3d8d0a695d97954
M3-V-CORE,10b17940-3938-2467-8a7a-958300ba83d3,scene0069_00-scene0069_02-scene0069_04-scene0069_03-scene0069_01,canonical,5,output_materialization,1,95d3a6469a3c021f7d9f29e0fade8319329d2d3439fb4f74a17895cd124e0602,3.089826,559363072,592923648,33560576,2164260864,62616,427200,1630357,4706592,57788,1798,14,100,torch.float32,1f7c14ad5e7d7457222d5254d3d8d0a695d97954
M3-V-CORE,10b17940-3938-2467-8a7a-958300ba83d3,scene0069_00-scene0069_02-scene0069_04-scene0069_03-scene0069_01,canonical,5,output_materialization,2,95d3a6469a3c021f7d9f29e0fade8319329d2d3439fb4f74a17895cd124e0602,3.060237,559363072,592923648,33560576,2164260864,62616,427200,1630357,4706592,57788,1798,14,100,torch.float32,1f7c14ad5e7d7457222d5254d3d8d0a695d97954
M3-V-CORE,10b17940-3938-2467-8a7a-958300ba83d3,scene0069_00-scene0069_02-scene0069_04-scene0069_03-scene0069_01,canonical,5,output_materialization,3,95d3a6469a3c021f7d9f29e0fade8319329d2d3439fb4f74a17895cd124e0602,3.048398,559363072,592923648,33560576,2164260864,62616,427200,1630357,4706592,57788,1798,14,100,torch.float32,1f7c14ad5e7d7457222d5254d3d8d0a695d97954
M3-V-CORE,10b17940-3938-2467-8a7a-958300ba83d3,scene0069_00-scene0069_02-scene0069_04-scene0069_03-scene0069_01,canonical,5,output_materialization,4,95d3a6469a3c021f7d9f29e0fade8319329d2d3439fb4f74a17895cd124e0602,3.081178,559363072,592923648,33560576,2164260864,62616,427200,1630357,4706592,57788,1798,14,100,torch.float32,1f7c14ad5e7d7457222d5254d3d8d0a695d97954
M3-V-CORE,10b17940-3938-2467-8a7a-958300ba83d3,scene0069_00-scene0069_02-scene0069_04-scene0069_03-scene0069_01,canonical,5,output_materialization,5,95d3a6469a3c021f7d9f29e0fade8319329d2d3439fb4f74a17895cd124e0602,3.058532,559363072,592923648,33560576,2164260864,62616,427200,1630357,4706592,57788,1798,14,100,torch.float32,1f7c14ad5e7d7457222d5254d3d8d0a695d97954
M3-V-CORE,10b17940-3938-2467-8a7a-958300ba83d3,scene0069_00-scene0069_02-scene0069_04-scene0069_03-scene0069_01,canonical,5,output_materialization,6,95d3a6469a3c021f7d9f29e0fade8319329d2d3439fb4f74a17895cd124e0602,3.057071,559363072,592923648,33560576,2164260864,62616,427200,1630357,4706592,57788,1798,14,100,torch.float32,1f7c14ad5e7d7457222d5254d3d8d0a695d97954
M3-V-CORE,10b17940-3938-2467-8a7a-958300ba83d3,scene0069_00-scene0069_02-scene0069_04-scene0069_03-scene0069_01,canonical,5,output_materialization,7,95d3a6469a3c021f7d9f29e0fade8319329d2d3439fb4f74a17895cd124e0602,3.029409,559363072,592923648,33560576,2164260864,62616,427200,1630357,4706592,57788,1798,14,100,torch.float32,1f7c14ad5e7d7457222d5254d3d8d0a695d97954
M3-V-CORE,10b17940-3938-2467-8a7a-958300ba83d3,scene0069_00-scene0069_02-scene0069_04-scene0069_03-scene0069_01,canonical,5,output_materialization,8,95d3a6469a3c021f7d9f29e0fade8319329d2d3439fb4f74a17895cd124e0602,3.043073,559363072,592923648,33560576,2164260864,62616,427200,1630357,4706592,57788,1798,14,100,torch.float32,1f7c14ad5e7d7457222d5254d3d8d0a695d97954
M3-V-CORE,10b17940-3938-2467-8a7a-958300ba83d3,scene0069_00-scene0069_02-scene0069_04-scene0069_03-scene0069_01,canonical,5,output_materialization,9,95d3a6469a3c021f7d9f29e0fade8319329d2d3439fb4f74a17895cd124e0602,4.269801,559363072,592923648,33560576,2164260864,62616,427200,1630357,4706592,57788,1798,14,100,torch.float32,1f7c14ad5e7d7457222d5254d3d8d0a695d97954
M3-V-CORE,10b17940-3938-2467-8a7a-958300ba83d3,scene0069_00-scene0069_02-scene0069_04-scene0069_03-scene0069_01,canonical,5,cumulative_T1_to_T,0,3f354f12741e8d8e7a579fafe8bbf3e7808a357d25486423ecd99639983796c8,6450.084561,559363072,1517074432,957711360,2164260864,62616,427200,1630357,4706592,57788,1798,14,100,torch.float32,1f7c14ad5e7d7457222d5254d3d8d0a695d97954
M3-V-CORE,10b17940-3938-2467-8a7a-958300ba83d3,scene0069_00-scene0069_02-scene0069_04-scene0069_03-scene0069_01,canonical,5,cumulative_T1_to_T,1,3f354f12741e8d8e7a579fafe8bbf3e7808a357d25486423ecd99639983796c8,6411.575555,559363072,1517058048,957694976,2164260864,62616,427200,1630357,4706592,57788,1798,14,100,torch.float32,1f7c14ad5e7d7457222d5254d3d8d0a695d97954
M3-V-CORE,10b17940-3938-2467-8a7a-958300ba83d3,scene0069_00-scene0069_02-scene0069_04-scene0069_03-scene0069_01,canonical,5,cumulative_T1_to_T,2,3f354f12741e8d8e7a579fafe8bbf3e7808a357d25486423ecd99639983796c8,6868.687702,559363072,1516997120,957634048,2164260864,62616,427200,1630357,4706592,57788,1798,14,100,torch.float32,1f7c14ad5e7d7457222d5254d3d8d0a695d97954
M3-V-CORE,10b17940-3938-2467-8a7a-958300ba83d3,scene0069_00-scene0069_02-scene0069_04-scene0069_03-scene0069_01,canonical,5,cumulative_T1_to_T,3,3f354f12741e8d8e7a579fafe8bbf3e7808a357d25486423ecd99639983796c8,6947.624408,559363072,1517084160,957721088,2164260864,62616,427200,1630357,4706592,57788,1798,14,100,torch.float32,1f7c14ad5e7d7457222d5254d3d8d0a695d97954
M3-V-CORE,10b17940-3938-2467-8a7a-958300ba83d3,scene0069_00-scene0069_02-scene0069_04-scene0069_03-scene0069_01,canonical,5,cumulative_T1_to_T,4,3f354f12741e8d8e7a579fafe8bbf3e7808a357d25486423ecd99639983796c8,6747.38915,559363072,1517049856,957686784,2164260864,62616,427200,1630357,4706592,57788,1798,14,100,torch.float32,1f7c14ad5e7d7457222d5254d3d8d0a695d97954
M3-V-CORE,10b17940-3938-2467-8a7a-958300ba83d3,scene0069_00-scene0069_02-scene0069_04-scene0069_03-scene0069_01,canonical,5,cumulative_T1_to_T,5,3f354f12741e8d8e7a579fafe8bbf3e7808a357d25486423ecd99639983796c8,7686.37786,559363072,1517023232,957660160,2164260864,62616,427200,1630357,4706592,57788,1798,14,100,torch.float32,1f7c14ad5e7d7457222d5254d3d8d0a695d97954
M3-V-CORE,10b17940-3938-2467-8a7a-958300ba83d3,scene0069_00-scene0069_02-scene0069_04-scene0069_03-scene0069_01,canonical,5,cumulative_T1_to_T,6,3f354f12741e8d8e7a579fafe8bbf3e7808a357d25486423ecd99639983796c8,6402.863415,559363072,1517075968,957712896,2164260864,62616,427200,1630357,4706592,57788,1798,14,100,torch.float32,1f7c14ad5e7d7457222d5254d3d8d0a695d97954
M3-V-CORE,10b17940-3938-2467-8a7a-958300ba83d3,scene0069_00-scene0069_02-scene0069_04-scene0069_03-scene0069_01,canonical,5,cumulative_T1_to_T,7,3f354f12741e8d8e7a579fafe8bbf3e7808a357d25486423ecd99639983796c8,6296.904094,559363072,1517110272,957747200,2164260864,62616,427200,1630357,4706592,57788,1798,14,100,torch.float32,1f7c14ad5e7d7457222d5254d3d8d0a695d97954
M3-V-CORE,10b17940-3938-2467-8a7a-958300ba83d3,scene0069_00-scene0069_02-scene0069_04-scene0069_03-scene0069_01,canonical,5,cumulative_T1_to_T,8,3f354f12741e8d8e7a579fafe8bbf3e7808a357d25486423ecd99639983796c8,7848.586652,559363072,1516954624,957591552,2164260864,62616,427200,1630357,4706592,57788,1798,14,100,torch.float32,1f7c14ad5e7d7457222d5254d3d8d0a695d97954
M3-V-CORE,10b17940-3938-2467-8a7a-958300ba83d3,scene0069_00-scene0069_02-scene0069_04-scene0069_03-scene0069_01,canonical,5,cumulative_T1_to_T,9,3f354f12741e8d8e7a579fafe8bbf3e7808a357d25486423ecd99639983796c8,8201.355843,559363072,1517041152,957678080,2164260864,62616,427200,1630357,4706592,57788,1798,14,100,torch.float32,1f7c14ad5e7d7457222d5254d3d8d0a695d97954
M3-V-CORE,137a8158-1db5-2cc0-8003-31c12610471e,scene0079_00-scene0079_09-scene0079_05-scene0079_04-scene0079_03,canonical,2,model_update,0,3dcd5888b0894be7d28c587774ce3290f67931e9e2c4e1bf12eb2de022cb4c99,1030.041074,559363072,1824540672,1265177600,3523215360,62616,427200,2335085,6714208,85754,2694,19,100,torch.float32,1f7c14ad5e7d7457222d5254d3d8d0a695d97954
M3-V-CORE,137a8158-1db5-2cc0-8003-31c12610471e,scene0079_00-scene0079_09-scene0079_05-scene0079_04-scene0079_03,canonical,2,model_update,1,3dcd5888b0894be7d28c587774ce3290f67931e9e2c4e1bf12eb2de022cb4c99,1087.400904,559363072,1824540160,1265177088,3523215360,62616,427200,2335085,6714208,85754,2694,19,100,torch.float32,1f7c14ad5e7d7457222d5254d3d8d0a695d97954
M3-V-CORE,137a8158-1db5-2cc0-8003-31c12610471e,scene0079_00-scene0079_09-scene0079_05-scene0079_04-scene0079_03,canonical,2,model_update,2,3dcd5888b0894be7d28c587774ce3290f67931e9e2c4e1bf12eb2de022cb4c99,1083.705762,559363072,1824540672,1265177600,3523215360,62616,427200,2335085,6714208,85754,2694,19,100,torch.float32,1f7c14ad5e7d7457222d5254d3d8d0a695d97954
M3-V-CORE,137a8158-1db5-2cc0-8003-31c12610471e,scene0079_00-scene0079_09-scene0079_05-scene0079_04-scene0079_03,canonical,2,model_update,3,3dcd5888b0894be7d28c587774ce3290f67931e9e2c4e1bf12eb2de022cb4c99,1079.181363,559363072,1824539648,1265176576,3523215360,62616,427200,2335085,6714208,85754,2694,19,100,torch.float32,1f7c14ad5e7d7457222d5254d3d8d0a695d97954
M3-V-CORE,137a8158-1db5-2cc0-8003-31c12610471e,scene0079_00-scene0079_09-scene0079_05-scene0079_04-scene0079_03,canonical,2,model_update,4,3dcd5888b0894be7d28c587774ce3290f67931e9e2c4e1bf12eb2de022cb4c99,1080.240535,559363072,1824540160,1265177088,3523215360,62616,427200,2335085,6714208,85754,2694,19,100,torch.float32,1f7c14ad5e7d7457222d5254d3d8d0a695d97954
M3-V-CORE,137a8158-1db5-2cc0-8003-31c12610471e,scene0079_00-scene0079_09-scene0079_05-scene0079_04-scene0079_03,canonical,2,model_update,5,3dcd5888b0894be7d28c587774ce3290f67931e9e2c4e1bf12eb2de022cb4c99,1079.414308,559363072,1824540672,1265177600,3523215360,62616,427200,2335085,6714208,85754,2694,19,100,torch.float32,1f7c14ad5e7d7457222d5254d3d8d0a695d97954
M3-V-CORE,137a8158-1db5-2cc0-8003-31c12610471e,scene0079_00-scene0079_09-scene0079_05-scene0079_04-scene0079_03,canonical,2,model_update,6,3dcd5888b0894be7d28c587774ce3290f67931e9e2c4e1bf12eb2de022cb4c99,1010.041473,559363072,1824540672,1265177600,3523215360,62616,427200,2335085,6714208,85754,2694,19,100,torch.float32,1f7c14ad5e7d7457222d5254d3d8d0a695d97954
M3-V-CORE,137a8158-1db5-2cc0-8003-31c12610471e,scene0079_00-scene0079_09-scene0079_05-scene0079_04-scene0079_03,canonical,2,model_update,7,3dcd5888b0894be7d28c587774ce3290f67931e9e2c4e1bf12eb2de022cb4c99,1017.970298,559363072,1824540160,1265177088,3523215360,62616,427200,2335085,6714208,85754,2694,19,100,torch.float32,1f7c14ad5e7d7457222d5254d3d8d0a695d97954
M3-V-CORE,137a8158-1db5-2cc0-8003-31c12610471e,scene0079_00-scene0079_09-scene0079_05-scene0079_04-scene0079_03,canonical,2,model_update,8,3dcd5888b0894be7d28c587774ce3290f67931e9e2c4e1bf12eb2de022cb4c99,1089.554543,559363072,1824540672,1265177600,3523215360,62616,427200,2335085,6714208,85754,2694,19,100,torch.float32,1f7c14ad5e7d7457222d5254d3d8d0a695d97954
M3-V-CORE,137a8158-1db5-2cc0-8003-31c12610471e,scene0079_00-scene0079_09-scene0079_05-scene0079_04-scene0079_03,canonical,2,model_update,9,3dcd5888b0894be7d28c587774ce3290f67931e9e2c4e1bf12eb2de022cb4c99,1079.194345,559363072,1824540672,1265177600,3523215360,62616,427200,2335085,6714208,85754,2694,19,100,torch.float32,1f7c14ad5e7d7457222d5254d3d8d0a695d97954
M3-V-CORE,137a8158-1db5-2cc0-8003-31c12610471e,scene0079_00-scene0079_09-scene0079_05-scene0079_04-scene0079_03,canonical,2,end_to_end_update,0,3dcd5888b0894be7d28c587774ce3290f67931e9e2c4e1bf12eb2de022cb4c99,1401.068499,559363072,1824540672,1265177600,3523215360,62616,427200,2335085,6714208,85754,2694,19,100,torch.float32,1f7c14ad5e7d7457222d5254d3d8d0a695d97954
M3-V-CORE,137a8158-1db5-2cc0-8003-31c12610471e,scene0079_00-scene0079_09-scene0079_05-scene0079_04-scene0079_03,canonical,2,end_to_end_update,1,3dcd5888b0894be7d28c587774ce3290f67931e9e2c4e1bf12eb2de022cb4c99,1301.329504,559363072,1824540160,1265177088,3523215360,62616,427200,2335085,6714208,85754,2694,19,100,torch.float32,1f7c14ad5e7d7457222d5254d3d8d0a695d97954
M3-V-CORE,137a8158-1db5-2cc0-8003-31c12610471e,scene0079_00-scene0079_09-scene0079_05-scene0079_04-scene0079_03,canonical,2,end_to_end_update,2,3dcd5888b0894be7d28c587774ce3290f67931e9e2c4e1bf12eb2de022cb4c99,1403.822319,559363072,1824540672,1265177600,3523215360,62616,427200,2335085,6714208,85754,2694,19,100,torch.float32,1f7c14ad5e7d7457222d5254d3d8d0a695d97954
M3-V-CORE,137a8158-1db5-2cc0-8003-31c12610471e,scene0079_00-scene0079_09-scene0079_05-scene0079_04-scene0079_03,canonical,2,end_to_end_update,3,3dcd5888b0894be7d28c587774ce3290f67931e9e2c4e1bf12eb2de022cb4c99,1224.963169,559363072,1824540160,1265177088,3523215360,62616,427200,2335085,6714208,85754,2694,19,100,torch.float32,1f7c14ad5e7d7457222d5254d3d8d0a695d97954
M3-V-CORE,137a8158-1db5-2cc0-8003-31c12610471e,scene0079_00-scene0079_09-scene0079_05-scene0079_04-scene0079_03,canonical,2,end_to_end_update,4,3dcd5888b0894be7d28c587774ce3290f67931e9e2c4e1bf12eb2de022cb4c99,1367.70434,559363072,1824540160,1265177088,3523215360,62616,427200,2335085,6714208,85754,2694,19,100,torch.float32,1f7c14ad5e7d7457222d5254d3d8d0a695d97954
M3-V-CORE,137a8158-1db5-2cc0-8003-31c12610471e,scene0079_00-scene0079_09-scene0079_05-scene0079_04-scene0079_03,canonical,2,end_to_end_update,5,3dcd5888b0894be7d28c587774ce3290f67931e9e2c4e1bf12eb2de022cb4c99,1340.464179,559363072,1824540160,1265177088,3523215360,62616,427200,2335085,6714208,85754,2694,19,100,torch.float32,1f7c14ad5e7d7457222d5254d3d8d0a695d97954
M3-V-CORE,137a8158-1db5-2cc0-8003-31c12610471e,scene0079_00-scene0079_09-scene0079_05-scene0079_04-scene0079_03,canonical,2,end_to_end_update,6,3dcd5888b0894be7d28c587774ce3290f67931e9e2c4e1bf12eb2de022cb4c99,1310.095891,559363072,1824540672,1265177600,3523215360,62616,427200,2335085,6714208,85754,2694,19,100,torch.float32,1f7c14ad5e7d7457222d5254d3d8d0a695d97954
M3-V-CORE,137a8158-1db5-2cc0-8003-31c12610471e,scene0079_00-scene0079_09-scene0079_05-scene0079_04-scene0079_03,canonical,2,end_to_end_update,7,3dcd5888b0894be7d28c587774ce3290f67931e9e2c4e1bf12eb2de022cb4c99,1231.840722,559363072,1824539648,1265176576,3523215360,62616,427200,2335085,6714208,85754,2694,19,100,torch.float32,1f7c14ad5e7d7457222d5254d3d8d0a695d97954
M3-V-CORE,137a8158-1db5-2cc0-8003-31c12610471e,scene0079_00-scene0079_09-scene0079_05-scene0079_04-scene0079_03,canonical,2,end_to_end_update,8,3dcd5888b0894be7d28c587774ce3290f67931e9e2c4e1bf12eb2de022cb4c99,1349.206813,559363072,1824540672,1265177600,3523215360,62616,427200,2335085,6714208,85754,2694,19,100,torch.float32,1f7c14ad5e7d7457222d5254d3d8d0a695d97954
M3-V-CORE,137a8158-1db5-2cc0-8003-31c12610471e,scene0079_00-scene0079_09-scene0079_05-scene0079_04-scene0079_03,canonical,2,end_to_end_update,9,3dcd5888b0894be7d28c587774ce3290f67931e9e2c4e1bf12eb2de022cb4c99,1263.11109,559363072,1824540160,1265177088,3523215360,62616,427200,2335085,6714208,85754,2694,19,100,torch.float32,1f7c14ad5e7d7457222d5254d3d8d0a695d97954
M3-V-CORE,137a8158-1db5-2cc0-8003-31c12610471e,scene0079_00-scene0079_09-scene0079_05-scene0079_04-scene0079_03,canonical,2,output_materialization,0,3dcd5888b0894be7d28c587774ce3290f67931e9e2c4e1bf12eb2de022cb4c99,6.034991,559363072,592923648,33560576,3523215360,62616,427200,2335085,6714208,85754,2694,19,100,torch.float32,1f7c14ad5e7d7457222d5254d3d8d0a695d97954
M3-V-CORE,137a8158-1db5-2cc0-8003-31c12610471e,scene0079_00-scene0079_09-scene0079_05-scene0079_04-scene0079_03,canonical,2,output_materialization,1,3dcd5888b0894be7d28c587774ce3290f67931e9e2c4e1bf12eb2de022cb4c99,5.983116,559363072,592923648,33560576,3523215360,62616,427200,2335085,6714208,85754,2694,19,100,torch.float32,1f7c14ad5e7d7457222d5254d3d8d0a695d97954
M3-V-CORE,137a8158-1db5-2cc0-8003-31c12610471e,scene0079_00-scene0079_09-scene0079_05-scene0079_04-scene0079_03,canonical,2,output_materialization,2,3dcd5888b0894be7d28c587774ce3290f67931e9e2c4e1bf12eb2de022cb4c99,5.848742,559363072,592923648,33560576,3523215360,62616,427200,2335085,6714208,85754,2694,19,100,torch.float32,1f7c14ad5e7d7457222d5254d3d8d0a695d97954
M3-V-CORE,137a8158-1db5-2cc0-8003-31c12610471e,scene0079_00-scene0079_09-scene0079_05-scene0079_04-scene0079_03,canonical,2,output_materialization,3,3dcd5888b0894be7d28c587774ce3290f67931e9e2c4e1bf12eb2de022cb4c99,6.011172,559363072,592923648,33560576,3523215360,62616,427200,2335085,6714208,85754,2694,19,100,torch.float32,1f7c14ad5e7d7457222d5254d3d8d0a695d97954
M3-V-CORE,137a8158-1db5-2cc0-8003-31c12610471e,scene0079_00-scene0079_09-scene0079_05-scene0079_04-scene0079_03,canonical,2,output_materialization,4,3dcd5888b0894be7d28c587774ce3290f67931e9e2c4e1bf12eb2de022cb4c99,5.950722,559363072,592923648,33560576,3523215360,62616,427200,2335085,6714208,85754,2694,19,100,torch.float32,1f7c14ad5e7d7457222d5254d3d8d0a695d97954
M3-V-CORE,137a8158-1db5-2cc0-8003-31c12610471e,scene0079_00-scene0079_09-scene0079_05-scene0079_04-scene0079_03,canonical,2,output_materialization,5,3dcd5888b0894be7d28c587774ce3290f67931e9e2c4e1bf12eb2de022cb4c99,5.979204,559363072,592923648,33560576,3523215360,62616,427200,2335085,6714208,85754,2694,19,100,torch.float32,1f7c14ad5e7d7457222d5254d3d8d0a695d97954
M3-V-CORE,137a8158-1db5-2cc0-8003-31c12610471e,scene0079_00-scene0079_09-scene0079_05-scene0079_04-scene0079_03,canonical,2,output_materialization,6,3dcd5888b0894be7d28c587774ce3290f67931e9e2c4e1bf12eb2de022cb4c99,5.952832,559363072,592923648,33560576,3523215360,62616,427200,2335085,6714208,85754,2694,19,100,torch.float32,1f7c14ad5e7d7457222d5254d3d8d0a695d97954
M3-V-CORE,137a8158-1db5-2cc0-8003-31c12610471e,scene0079_00-scene0079_09-scene0079_05-scene0079_04-scene0079_03,canonical,2,output_materialization,7,3dcd5888b0894be7d28c587774ce3290f67931e9e2c4e1bf12eb2de022cb4c99,5.952641,559363072,592923648,33560576,3523215360,62616,427200,2335085,6714208,85754,2694,19,100,torch.float32,1f7c14ad5e7d7457222d5254d3d8d0a695d97954
M3-V-CORE,137a8158-1db5-2cc0-8003-31c12610471e,scene0079_00-scene0079_09-scene0079_05-scene0079_04-scene0079_03,canonical,2,output_materialization,8,3dcd5888b0894be7d28c587774ce3290f67931e9e2c4e1bf12eb2de022cb4c99,5.966157,559363072,592923648,33560576,3523215360,62616,427200,2335085,6714208,85754,2694,19,100,torch.float32,1f7c14ad5e7d7457222d5254d3d8d0a695d97954
M3-V-CORE,137a8158-1db5-2cc0-8003-31c12610471e,scene0079_00-scene0079_09-scene0079_05-scene0079_04-scene0079_03,canonical,2,output_materialization,9,3dcd5888b0894be7d28c587774ce3290f67931e9e2c4e1bf12eb2de022cb4c99,6.993701,559363072,592923648,33560576,3523215360,62616,427200,2335085,6714208,85754,2694,19,100,torch.float32,1f7c14ad5e7d7457222d5254d3d8d0a695d97954
M3-V-CORE,137a8158-1db5-2cc0-8003-31c12610471e,scene0079_00-scene0079_09-scene0079_05-scene0079_04-scene0079_03,canonical,2,cumulative_T1_to_T,0,3f354f12741e8d8e7a579fafe8bbf3e7808a357d25486423ecd99639983796c8,3464.788744,559363072,1824779264,1265416192,3523215360,62616,427200,2335085,6714208,85754,2694,19,100,torch.float32,1f7c14ad5e7d7457222d5254d3d8d0a695d97954
M3-V-CORE,137a8158-1db5-2cc0-8003-31c12610471e,scene0079_00-scene0079_09-scene0079_05-scene0079_04-scene0079_03,canonical,2,cumulative_T1_to_T,1,3f354f12741e8d8e7a579fafe8bbf3e7808a357d25486423ecd99639983796c8,3740.917737,559363072,1824779264,1265416192,3523215360,62616,427200,2335085,6714208,85754,2694,19,100,torch.float32,1f7c14ad5e7d7457222d5254d3d8d0a695d97954
M3-V-CORE,137a8158-1db5-2cc0-8003-31c12610471e,scene0079_00-scene0079_09-scene0079_05-scene0079_04-scene0079_03,canonical,2,cumulative_T1_to_T,2,3f354f12741e8d8e7a579fafe8bbf3e7808a357d25486423ecd99639983796c8,4652.848981,559363072,1824779264,1265416192,3523215360,62616,427200,2335085,6714208,85754,2694,19,100,torch.float32,1f7c14ad5e7d7457222d5254d3d8d0a695d97954
M3-V-CORE,137a8158-1db5-2cc0-8003-31c12610471e,scene0079_00-scene0079_09-scene0079_05-scene0079_04-scene0079_03,canonical,2,cumulative_T1_to_T,3,3f354f12741e8d8e7a579fafe8bbf3e7808a357d25486423ecd99639983796c8,5102.006188,559363072,1824780288,1265417216,3523215360,62616,427200,2335085,6714208,85754,2694,19,100,torch.float32,1f7c14ad5e7d7457222d5254d3d8d0a695d97954
M3-V-CORE,137a8158-1db5-2cc0-8003-31c12610471e,scene0079_00-scene0079_09-scene0079_05-scene0079_04-scene0079_03,canonical,2,cumulative_T1_to_T,4,3f354f12741e8d8e7a579fafe8bbf3e7808a357d25486423ecd99639983796c8,3588.144495,559363072,1824779776,1265416704,3523215360,62616,427200,2335085,6714208,85754,2694,19,100,torch.float32,1f7c14ad5e7d7457222d5254d3d8d0a695d97954
M3-V-CORE,137a8158-1db5-2cc0-8003-31c12610471e,scene0079_00-scene0079_09-scene0079_05-scene0079_04-scene0079_03,canonical,2,cumulative_T1_to_T,5,3f354f12741e8d8e7a579fafe8bbf3e7808a357d25486423ecd99639983796c8,3425.022076,559363072,1824779776,1265416704,3523215360,62616,427200,2335085,6714208,85754,2694,19,100,torch.float32,1f7c14ad5e7d7457222d5254d3d8d0a695d97954
M3-V-CORE,137a8158-1db5-2cc0-8003-31c12610471e,scene0079_00-scene0079_09-scene0079_05-scene0079_04-scene0079_03,canonical,2,cumulative_T1_to_T,6,3f354f12741e8d8e7a579fafe8bbf3e7808a357d25486423ecd99639983796c8,3798.585705,559363072,1824779776,1265416704,3523215360,62616,427200,2335085,6714208,85754,2694,19,100,torch.float32,1f7c14ad5e7d7457222d5254d3d8d0a695d97954
M3-V-CORE,137a8158-1db5-2cc0-8003-31c12610471e,scene0079_00-scene0079_09-scene0079_05-scene0079_04-scene0079_03,canonical,2,cumulative_T1_to_T,7,3f354f12741e8d8e7a579fafe8bbf3e7808a357d25486423ecd99639983796c8,3540.721205,559363072,1824779264,1265416192,3523215360,62616,427200,2335085,6714208,85754,2694,19,100,torch.float32,1f7c14ad5e7d7457222d5254d3d8d0a695d97954
M3-V-CORE,137a8158-1db5-2cc0-8003-31c12610471e,scene0079_00-scene0079_09-scene0079_05-scene0079_04-scene0079_03,canonical,2,cumulative_T1_to_T,8,3f354f12741e8d8e7a579fafe8bbf3e7808a357d25486423ecd99639983796c8,3513.381333,559363072,1824779776,1265416704,3523215360,62616,427200,2335085,6714208,85754,2694,19,100,torch.float32,1f7c14ad5e7d7457222d5254d3d8d0a695d97954
M3-V-CORE,137a8158-1db5-2cc0-8003-31c12610471e,scene0079_00-scene0079_09-scene0079_05-scene0079_04-scene0079_03,canonical,2,cumulative_T1_to_T,9,3f354f12741e8d8e7a579fafe8bbf3e7808a357d25486423ecd99639983796c8,3459.009972,559363072,1824779776,1265416704,3523215360,62616,427200,2335085,6714208,85754,2694,19,100,torch.float32,1f7c14ad5e7d7457222d5254d3d8d0a695d97954
M3-V-CORE,137a8158-1db5-2cc0-8003-31c12610471e,scene0079_00-scene0079_09-scene0079_05-scene0079_04-scene0079_03,canonical,3,model_update,0,915d2d2c712ef0bb5caf75b497e70684a4da923e7a10636880c3ac30ce3df8a9,1779.994236,559363072,1519046656,959683584,3523215360,62616,427200,1756001,5187232,64388,2091,25,100,torch.float32,1f7c14ad5e7d7457222d5254d3d8d0a695d97954
M3-V-CORE,137a8158-1db5-2cc0-8003-31c12610471e,scene0079_00-scene0079_09-scene0079_05-scene0079_04-scene0079_03,canonical,3,model_update,1,915d2d2c712ef0bb5caf75b497e70684a4da923e7a10636880c3ac30ce3df8a9,1919.226109,559363072,1518995456,959632384,3523215360,62616,427200,1756001,5187232,64388,2091,25,100,torch.float32,1f7c14ad5e7d7457222d5254d3d8d0a695d97954
M3-V-CORE,137a8158-1db5-2cc0-8003-31c12610471e,scene0079_00-scene0079_09-scene0079_05-scene0079_04-scene0079_03,canonical,3,model_update,2,915d2d2c712ef0bb5caf75b497e70684a4da923e7a10636880c3ac30ce3df8a9,2633.434919,559363072,1519054336,959691264,3523215360,62616,427200,1756001,5187232,64388,2091,25,100,torch.float32,1f7c14ad5e7d7457222d5254d3d8d0a695d97954
M3-V-CORE,137a8158-1db5-2cc0-8003-31c12610471e,scene0079_00-scene0079_09-scene0079_05-scene0079_04-scene0079_03,canonical,3,model_update,3,915d2d2c712ef0bb5caf75b497e70684a4da923e7a10636880c3ac30ce3df8a9,2056.707519,559363072,1519025152,959662080,3523215360,62616,427200,1756001,5187232,64388,2091,25,100,torch.float32,1f7c14ad5e7d7457222d5254d3d8d0a695d97954
M3-V-CORE,137a8158-1db5-2cc0-8003-31c12610471e,scene0079_00-scene0079_09-scene0079_05-scene0079_04-scene0079_03,canonical,3,model_update,4,915d2d2c712ef0bb5caf75b497e70684a4da923e7a10636880c3ac30ce3df8a9,1839.057115,559363072,1519010304,959647232,3523215360,62616,427200,1756001,5187232,64388,2091,25,100,torch.float32,1f7c14ad5e7d7457222d5254d3d8d0a695d97954
M3-V-CORE,137a8158-1db5-2cc0-8003-31c12610471e,scene0079_00-scene0079_09-scene0079_05-scene0079_04-scene0079_03,canonical,3,model_update,5,915d2d2c712ef0bb5caf75b497e70684a4da923e7a10636880c3ac30ce3df8a9,1868.989753,559363072,1519075840,959712768,3523215360,62616,427200,1756001,5187232,64388,2091,25,100,torch.float32,1f7c14ad5e7d7457222d5254d3d8d0a695d97954
M3-V-CORE,137a8158-1db5-2cc0-8003-31c12610471e,scene0079_00-scene0079_09-scene0079_05-scene0079_04-scene0079_03,canonical,3,model_update,6,915d2d2c712ef0bb5caf75b497e70684a4da923e7a10636880c3ac30ce3df8a9,2578.429687,559363072,1519054336,959691264,3523215360,62616,427200,1756001,5187232,64388,2091,25,100,torch.float32,1f7c14ad5e7d7457222d5254d3d8d0a695d97954
M3-V-CORE,137a8158-1db5-2cc0-8003-31c12610471e,scene0079_00-scene0079_09-scene0079_05-scene0079_04-scene0079_03,canonical,3,model_update,7,915d2d2c712ef0bb5caf75b497e70684a4da923e7a10636880c3ac30ce3df8a9,2716.060777,559363072,1519666688,960303616,3523215360,62616,427200,1756001,5187232,64388,2091,25,100,torch.float32,1f7c14ad5e7d7457222d5254d3d8d0a695d97954
M3-V-CORE,137a8158-1db5-2cc0-8003-31c12610471e,scene0079_00-scene0079_09-scene0079_05-scene0079_04-scene0079_03,canonical,3,model_update,8,915d2d2c712ef0bb5caf75b497e70684a4da923e7a10636880c3ac30ce3df8a9,2623.468833,559363072,1518921216,959558144,3523215360,62616,427200,1756001,5187232,64388,2091,25,100,torch.float32,1f7c14ad5e7d7457222d5254d3d8d0a695d97954
M3-V-CORE,137a8158-1db5-2cc0-8003-31c12610471e,scene0079_00-scene0079_09-scene0079_05-scene0079_04-scene0079_03,canonical,3,model_update,9,915d2d2c712ef0bb5caf75b497e70684a4da923e7a10636880c3ac30ce3df8a9,2792.723385,559363072,1518972928,959609856,3523215360,62616,427200,1756001,5187232,64388,2091,25,100,torch.float32,1f7c14ad5e7d7457222d5254d3d8d0a695d97954
M3-V-CORE,137a8158-1db5-2cc0-8003-31c12610471e,scene0079_00-scene0079_09-scene0079_05-scene0079_04-scene0079_03,canonical,3,end_to_end_update,0,915d2d2c712ef0bb5caf75b497e70684a4da923e7a10636880c3ac30ce3df8a9,2625.080403,559363072,1519046656,959683584,3523215360,62616,427200,1756001,5187232,64388,2091,25,100,torch.float32,1f7c14ad5e7d7457222d5254d3d8d0a695d97954
M3-V-CORE,137a8158-1db5-2cc0-8003-31c12610471e,scene0079_00-scene0079_09-scene0079_05-scene0079_04-scene0079_03,canonical,3,end_to_end_update,1,915d2d2c712ef0bb5caf75b497e70684a4da923e7a10636880c3ac30ce3df8a9,2882.123841,559363072,1519645184,960282112,3523215360,62616,427200,1756001,5187232,64388,2091,25,100,torch.float32,1f7c14ad5e7d7457222d5254d3d8d0a695d97954
M3-V-CORE,137a8158-1db5-2cc0-8003-31c12610471e,scene0079_00-scene0079_09-scene0079_05-scene0079_04-scene0079_03,canonical,3,end_to_end_update,2,915d2d2c712ef0bb5caf75b497e70684a4da923e7a10636880c3ac30ce3df8a9,2265.101933,559363072,1519017472,959654400,3523215360,62616,427200,1756001,5187232,64388,2091,25,100,torch.float32,1f7c14ad5e7d7457222d5254d3d8d0a695d97954
M3-V-CORE,137a8158-1db5-2cc0-8003-31c12610471e,scene0079_00-scene0079_09-scene0079_05-scene0079_04-scene0079_03,canonical,3,end_to_end_update,3,915d2d2c712ef0bb5caf75b497e70684a4da923e7a10636880c3ac30ce3df8a9,2095.538568,559363072,1519025152,959662080,3523215360,62616,427200,1756001,5187232,64388,2091,25,100,torch.float32,1f7c14ad5e7d7457222d5254d3d8d0a695d97954
M3-V-CORE,137a8158-1db5-2cc0-8003-31c12610471e,scene0079_00-scene0079_09-scene0079_05-scene0079_04-scene0079_03,canonical,3,end_to_end_update,4,915d2d2c712ef0bb5caf75b497e70684a4da923e7a10636880c3ac30ce3df8a9,2072.946785,559363072,1519068672,959705600,3523215360,62616,427200,1756001,5187232,64388,2091,25,100,torch.float32,1f7c14ad5e7d7457222d5254d3d8d0a695d97954
M3-V-CORE,137a8158-1db5-2cc0-8003-31c12610471e,scene0079_00-scene0079_09-scene0079_05-scene0079_04-scene0079_03,canonical,3,end_to_end_update,5,915d2d2c712ef0bb5caf75b497e70684a4da923e7a10636880c3ac30ce3df8a9,2682.335562,559363072,1519652352,960289280,3523215360,62616,427200,1756001,5187232,64388,2091,25,100,torch.float32,1f7c14ad5e7d7457222d5254d3d8d0a695d97954
M3-V-CORE,137a8158-1db5-2cc0-8003-31c12610471e,scene0079_00-scene0079_09-scene0079_05-scene0079_04-scene0079_03,canonical,3,end_to_end_update,6,915d2d2c712ef0bb5caf75b497e70684a4da923e7a10636880c3ac30ce3df8a9,2277.463287,559363072,1519053824,959690752,3523215360,62616,427200,1756001,5187232,64388,2091,25,100,torch.float32,1f7c14ad5e7d7457222d5254d3d8d0a695d97954
M3-V-CORE,137a8158-1db5-2cc0-8003-31c12610471e,scene0079_00-scene0079_09-scene0079_05-scene0079_04-scene0079_03,canonical,3,end_to_end_update,7,915d2d2c712ef0bb5caf75b497e70684a4da923e7a10636880c3ac30ce3df8a9,2247.339039,559363072,1519054336,959691264,3523215360,62616,427200,1756001,5187232,64388,2091,25,100,torch.float32,1f7c14ad5e7d7457222d5254d3d8d0a695d97954
M3-V-CORE,137a8158-1db5-2cc0-8003-31c12610471e,scene0079_00-scene0079_09-scene0079_05-scene0079_04-scene0079_03,canonical,3,end_to_end_update,8,915d2d2c712ef0bb5caf75b497e70684a4da923e7a10636880c3ac30ce3df8a9,2687.190884,559363072,1519673856,960310784,3523215360,62616,427200,1756001,5187232,64388,2091,25,100,torch.float32,1f7c14ad5e7d7457222d5254d3d8d0a695d97954
M3-V-CORE,137a8158-1db5-2cc0-8003-31c12610471e,scene0079_00-scene0079_09-scene0079_05-scene0079_04-scene0079_03,canonical,3,end_to_end_update,9,915d2d2c712ef0bb5caf75b497e70684a4da923e7a10636880c3ac30ce3df8a9,2876.458278,559363072,1518972928,959609856,3523215360,62616,427200,1756001,5187232,64388,2091,25,100,torch.float32,1f7c14ad5e7d7457222d5254d3d8d0a695d97954
M3-V-CORE,137a8158-1db5-2cc0-8003-31c12610471e,scene0079_00-scene0079_09-scene0079_05-scene0079_04-scene0079_03,canonical,3,output_materialization,0,915d2d2c712ef0bb5caf75b497e70684a4da923e7a10636880c3ac30ce3df8a9,7.951793,559363072,592923648,33560576,3523215360,62616,427200,1756001,5187232,64388,2091,25,100,torch.float32,1f7c14ad5e7d7457222d5254d3d8d0a695d97954
M3-V-CORE,137a8158-1db5-2cc0-8003-31c12610471e,scene0079_00-scene0079_09-scene0079_05-scene0079_04-scene0079_03,canonical,3,output_materialization,1,915d2d2c712ef0bb5caf75b497e70684a4da923e7a10636880c3ac30ce3df8a9,7.749649,559363072,592923648,33560576,3523215360,62616,427200,1756001,5187232,64388,2091,25,100,torch.float32,1f7c14ad5e7d7457222d5254d3d8d0a695d97954
M3-V-CORE,137a8158-1db5-2cc0-8003-31c12610471e,scene0079_00-scene0079_09-scene0079_05-scene0079_04-scene0079_03,canonical,3,output_materialization,2,915d2d2c712ef0bb5caf75b497e70684a4da923e7a10636880c3ac30ce3df8a9,8.087713,559363072,592923648,33560576,3523215360,62616,427200,1756001,5187232,64388,2091,25,100,torch.float32,1f7c14ad5e7d7457222d5254d3d8d0a695d97954
M3-V-CORE,137a8158-1db5-2cc0-8003-31c12610471e,scene0079_00-scene0079_09-scene0079_05-scene0079_04-scene0079_03,canonical,3,output_materialization,3,915d2d2c712ef0bb5caf75b497e70684a4da923e7a10636880c3ac30ce3df8a9,8.016279,559363072,592923648,33560576,3523215360,62616,427200,1756001,5187232,64388,2091,25,100,torch.float32,1f7c14ad5e7d7457222d5254d3d8d0a695d97954
M3-V-CORE,137a8158-1db5-2cc0-8003-31c12610471e,scene0079_00-scene0079_09-scene0079_05-scene0079_04-scene0079_03,canonical,3,output_materialization,4,915d2d2c712ef0bb5caf75b497e70684a4da923e7a10636880c3ac30ce3df8a9,7.771528,559363072,592923648,33560576,3523215360,62616,427200,1756001,5187232,64388,2091,25,100,torch.float32,1f7c14ad5e7d7457222d5254d3d8d0a695d97954
M3-V-CORE,137a8158-1db5-2cc0-8003-31c12610471e,scene0079_00-scene0079_09-scene0079_05-scene0079_04-scene0079_03,canonical,3,output_materialization,5,915d2d2c712ef0bb5caf75b497e70684a4da923e7a10636880c3ac30ce3df8a9,7.918917,559363072,592923648,33560576,3523215360,62616,427200,1756001,5187232,64388,2091,25,100,torch.float32,1f7c14ad5e7d7457222d5254d3d8d0a695d97954
M3-V-CORE,137a8158-1db5-2cc0-8003-31c12610471e,scene0079_00-scene0079_09-scene0079_05-scene0079_04-scene0079_03,canonical,3,output_materialization,6,915d2d2c712ef0bb5caf75b497e70684a4da923e7a10636880c3ac30ce3df8a9,8.029505,559363072,592923648,33560576,3523215360,62616,427200,1756001,5187232,64388,2091,25,100,torch.float32,1f7c14ad5e7d7457222d5254d3d8d0a695d97954
M3-V-CORE,137a8158-1db5-2cc0-8003-31c12610471e,scene0079_00-scene0079_09-scene0079_05-scene0079_04-scene0079_03,canonical,3,output_materialization,7,915d2d2c712ef0bb5caf75b497e70684a4da923e7a10636880c3ac30ce3df8a9,8.245977,559363072,592923648,33560576,3523215360,62616,427200,1756001,5187232,64388,2091,25,100,torch.float32,1f7c14ad5e7d7457222d5254d3d8d0a695d97954
M3-V-CORE,137a8158-1db5-2cc0-8003-31c12610471e,scene0079_00-scene0079_09-scene0079_05-scene0079_04-scene0079_03,canonical,3,output_materialization,8,915d2d2c712ef0bb5caf75b497e70684a4da923e7a10636880c3ac30ce3df8a9,7.959481,559363072,592923648,33560576,3523215360,62616,427200,1756001,5187232,64388,2091,25,100,torch.float32,1f7c14ad5e7d7457222d5254d3d8d0a695d97954
M3-V-CORE,137a8158-1db5-2cc0-8003-31c12610471e,scene0079_00-scene0079_09-scene0079_05-scene0079_04-scene0079_03,canonical,3,output_materialization,9,915d2d2c712ef0bb5caf75b497e70684a4da923e7a10636880c3ac30ce3df8a9,8.242017,559363072,592923648,33560576,3523215360,62616,427200,1756001,5187232,64388,2091,25,100,torch.float32,1f7c14ad5e7d7457222d5254d3d8d0a695d97954
M3-V-CORE,137a8158-1db5-2cc0-8003-31c12610471e,scene0079_00-scene0079_09-scene0079_05-scene0079_04-scene0079_03,canonical,3,cumulative_T1_to_T,0,3f354f12741e8d8e7a579fafe8bbf3e7808a357d25486423ecd99639983796c8,6221.165708,559363072,1824779776,1265416704,3523215360,62616,427200,1756001,5187232,64388,2091,25,100,torch.float32,1f7c14ad5e7d7457222d5254d3d8d0a695d97954
M3-V-CORE,137a8158-1db5-2cc0-8003-31c12610471e,scene0079_00-scene0079_09-scene0079_05-scene0079_04-scene0079_03,canonical,3,cumulative_T1_to_T,1,3f354f12741e8d8e7a579fafe8bbf3e7808a357d25486423ecd99639983796c8,5967.820411,559363072,1824779264,1265416192,3523215360,62616,427200,1756001,5187232,64388,2091,25,100,torch.float32,1f7c14ad5e7d7457222d5254d3d8d0a695d97954
M3-V-CORE,137a8158-1db5-2cc0-8003-31c12610471e,scene0079_00-scene0079_09-scene0079_05-scene0079_04-scene0079_03,canonical,3,cumulative_T1_to_T,2,3f354f12741e8d8e7a579fafe8bbf3e7808a357d25486423ecd99639983796c8,6508.312211,559363072,1824779776,1265416704,3523215360,62616,427200,1756001,5187232,64388,2091,25,100,torch.float32,1f7c14ad5e7d7457222d5254d3d8d0a695d97954
M3-V-CORE,137a8158-1db5-2cc0-8003-31c12610471e,scene0079_00-scene0079_09-scene0079_05-scene0079_04-scene0079_03,canonical,3,cumulative_T1_to_T,3,3f354f12741e8d8e7a579fafe8bbf3e7808a357d25486423ecd99639983796c8,7952.897448,559363072,1824779776,1265416704,3523215360,62616,427200,1756001,5187232,64388,2091,25,100,torch.float32,1f7c14ad5e7d7457222d5254d3d8d0a695d97954
M3-V-CORE,137a8158-1db5-2cc0-8003-31c12610471e,scene0079_00-scene0079_09-scene0079_05-scene0079_04-scene0079_03,canonical,3,cumulative_T1_to_T,4,3f354f12741e8d8e7a579fafe8bbf3e7808a357d25486423ecd99639983796c8,7832.754622,559363072,1824780288,1265417216,3523215360,62616,427200,1756001,5187232,64388,2091,25,100,torch.float32,1f7c14ad5e7d7457222d5254d3d8d0a695d97954
M3-V-CORE,137a8158-1db5-2cc0-8003-31c12610471e,scene0079_00-scene0079_09-scene0079_05-scene0079_04-scene0079_03,canonical,3,cumulative_T1_to_T,5,3f354f12741e8d8e7a579fafe8bbf3e7808a357d25486423ecd99639983796c8,6295.942454,559363072,1824779776,1265416704,3523215360,62616,427200,1756001,5187232,64388,2091,25,100,torch.float32,1f7c14ad5e7d7457222d5254d3d8d0a695d97954
M3-V-CORE,137a8158-1db5-2cc0-8003-31c12610471e,scene0079_00-scene0079_09-scene0079_05-scene0079_04-scene0079_03,canonical,3,cumulative_T1_to_T,6,3f354f12741e8d8e7a579fafe8bbf3e7808a357d25486423ecd99639983796c8,7219.784143,559363072,1824779264,1265416192,3523215360,62616,427200,1756001,5187232,64388,2091,25,100,torch.float32,1f7c14ad5e7d7457222d5254d3d8d0a695d97954
M3-V-CORE,137a8158-1db5-2cc0-8003-31c12610471e,scene0079_00-scene0079_09-scene0079_05-scene0079_04-scene0079_03,canonical,3,cumulative_T1_to_T,7,3f354f12741e8d8e7a579fafe8bbf3e7808a357d25486423ecd99639983796c8,5899.888518,559363072,1824779776,1265416704,3523215360,62616,427200,1756001,5187232,64388,2091,25,100,torch.float32,1f7c14ad5e7d7457222d5254d3d8d0a695d97954
M3-V-CORE,137a8158-1db5-2cc0-8003-31c12610471e,scene0079_00-scene0079_09-scene0079_05-scene0079_04-scene0079_03,canonical,3,cumulative_T1_to_T,8,3f354f12741e8d8e7a579fafe8bbf3e7808a357d25486423ecd99639983796c8,6787.39164,559363072,1824779776,1265416704,3523215360,62616,427200,1756001,5187232,64388,2091,25,100,torch.float32,1f7c14ad5e7d7457222d5254d3d8d0a695d97954
M3-V-CORE,137a8158-1db5-2cc0-8003-31c12610471e,scene0079_00-scene0079_09-scene0079_05-scene0079_04-scene0079_03,canonical,3,cumulative_T1_to_T,9,3f354f12741e8d8e7a579fafe8bbf3e7808a357d25486423ecd99639983796c8,5948.65215,559363072,1824779264,1265416192,3523215360,62616,427200,1756001,5187232,64388,2091,25,100,torch.float32,1f7c14ad5e7d7457222d5254d3d8d0a695d97954
M3-V-CORE,137a8158-1db5-2cc0-8003-31c12610471e,scene0079_00-scene0079_09-scene0079_05-scene0079_04-scene0079_03,canonical,4,model_update,0,9a973e632a543da25ecc3d53d57179ce74ef46914d8e0e5a29dd4594b1d80deb,787.971219,559363072,1410349056,850985984,3523215360,62616,427200,1567155,4502496,56976,1997,25,100,torch.float32,1f7c14ad5e7d7457222d5254d3d8d0a695d97954
M3-V-CORE,137a8158-1db5-2cc0-8003-31c12610471e,scene0079_00-scene0079_09-scene0079_05-scene0079_04-scene0079_03,canonical,4,model_update,1,9a973e632a543da25ecc3d53d57179ce74ef46914d8e0e5a29dd4594b1d80deb,853.218965,559363072,1410252800,850889728,3523215360,62616,427200,1567155,4502496,56976,1997,25,100,torch.float32,1f7c14ad5e7d7457222d5254d3d8d0a695d97954
M3-V-CORE,137a8158-1db5-2cc0-8003-31c12610471e,scene0079_00-scene0079_09-scene0079_05-scene0079_04-scene0079_03,canonical,4,model_update,2,9a973e632a543da25ecc3d53d57179ce74ef46914d8e0e5a29dd4594b1d80deb,1101.704518,559363072,1410339328,850976256,3523215360,62616,427200,1567155,4502496,56976,1997,25,100,torch.float32,1f7c14ad5e7d7457222d5254d3d8d0a695d97954
M3-V-CORE,137a8158-1db5-2cc0-8003-31c12610471e,scene0079_00-scene0079_09-scene0079_05-scene0079_04-scene0079_03,canonical,4,model_update,3,9a973e632a543da25ecc3d53d57179ce74ef46914d8e0e5a29dd4594b1d80deb,1233.356531,559363072,1410313216,850950144,3523215360,62616,427200,1567155,4502496,56976,1997,25,100,torch.float32,1f7c14ad5e7d7457222d5254d3d8d0a695d97954
M3-V-CORE,137a8158-1db5-2cc0-8003-31c12610471e,scene0079_00-scene0079_09-scene0079_05-scene0079_04-scene0079_03,canonical,4,model_update,4,9a973e632a543da25ecc3d53d57179ce74ef46914d8e0e5a29dd4594b1d80deb,1172.453522,559363072,1410262528,850899456,3523215360,62616,427200,1567155,4502496,56976,1997,25,100,torch.float32,1f7c14ad5e7d7457222d5254d3d8d0a695d97954
M3-V-CORE,137a8158-1db5-2cc0-8003-31c12610471e,scene0079_00-scene0079_09-scene0079_05-scene0079_04-scene0079_03,canonical,4,model_update,5,9a973e632a543da25ecc3d53d57179ce74ef46914d8e0e5a29dd4594b1d80deb,1170.517157,559363072,1410339328,850976256,3523215360,62616,427200,1567155,4502496,56976,1997,25,100,torch.float32,1f7c14ad5e7d7457222d5254d3d8d0a695d97954
M3-V-CORE,137a8158-1db5-2cc0-8003-31c12610471e,scene0079_00-scene0079_09-scene0079_05-scene0079_04-scene0079_03,canonical,4,model_update,6,9a973e632a543da25ecc3d53d57179ce74ef46914d8e0e5a29dd4594b1d80deb,1022.857509,559363072,1410365440,851002368,3523215360,62616,427200,1567155,4502496,56976,1997,25,100,torch.float32,1f7c14ad5e7d7457222d5254d3d8d0a695d97954
M3-V-CORE,137a8158-1db5-2cc0-8003-31c12610471e,scene0079_00-scene0079_09-scene0079_05-scene0079_04-scene0079_03,canonical,4,model_update,7,9a973e632a543da25ecc3d53d57179ce74ef46914d8e0e5a29dd4594b1d80deb,856.141283,559363072,1410313216,850950144,3523215360,62616,427200,1567155,4502496,56976,1997,25,100,torch.float32,1f7c14ad5e7d7457222d5254d3d8d0a695d97954
M3-V-CORE,137a8158-1db5-2cc0-8003-31c12610471e,scene0079_00-scene0079_09-scene0079_05-scene0079_04-scene0079_03,canonical,4,model_update,8,9a973e632a543da25ecc3d53d57179ce74ef46914d8e0e5a29dd4594b1d80deb,800.828563,559363072,1410347520,850984448,3523215360,62616,427200,1567155,4502496,56976,1997,25,100,torch.float32,1f7c14ad5e7d7457222d5254d3d8d0a695d97954
M3-V-CORE,137a8158-1db5-2cc0-8003-31c12610471e,scene0079_00-scene0079_09-scene0079_05-scene0079_04-scene0079_03,canonical,4,model_update,9,9a973e632a543da25ecc3d53d57179ce74ef46914d8e0e5a29dd4594b1d80deb,837.699683,559363072,1410287104,850924032,3523215360,62616,427200,1567155,4502496,56976,1997,25,100,torch.float32,1f7c14ad5e7d7457222d5254d3d8d0a695d97954
M3-V-CORE,137a8158-1db5-2cc0-8003-31c12610471e,scene0079_00-scene0079_09-scene0079_05-scene0079_04-scene0079_03,canonical,4,end_to_end_update,0,9a973e632a543da25ecc3d53d57179ce74ef46914d8e0e5a29dd4594b1d80deb,1049.483553,559363072,1410314752,850951680,3523215360,62616,427200,1567155,4502496,56976,1997,25,100,torch.float32,1f7c14ad5e7d7457222d5254d3d8d0a695d97954
M3-V-CORE,137a8158-1db5-2cc0-8003-31c12610471e,scene0079_00-scene0079_09-scene0079_05-scene0079_04-scene0079_03,canonical,4,end_to_end_update,1,9a973e632a543da25ecc3d53d57179ce74ef46914d8e0e5a29dd4594b1d80deb,1091.591949,559363072,1410349056,850985984,3523215360,62616,427200,1567155,4502496,56976,1997,25,100,torch.float32,1f7c14ad5e7d7457222d5254d3d8d0a695d97954
M3-V-CORE,137a8158-1db5-2cc0-8003-31c12610471e,scene0079_00-scene0079_09-scene0079_05-scene0079_04-scene0079_03,canonical,4,end_to_end_update,2,9a973e632a543da25ecc3d53d57179ce74ef46914d8e0e5a29dd4594b1d80deb,1056.651201,559363072,1410270720,850907648,3523215360,62616,427200,1567155,4502496,56976,1997,25,100,torch.float32,1f7c14ad5e7d7457222d5254d3d8d0a695d97954
M3-V-CORE,137a8158-1db5-2cc0-8003-31c12610471e,scene0079_00-scene0079_09-scene0079_05-scene0079_04-scene0079_03,canonical,4,end_to_end_update,3,9a973e632a543da25ecc3d53d57179ce74ef46914d8e0e5a29dd4594b1d80deb,965.726096,559363072,1410322944,850959872,3523215360,62616,427200,1567155,4502496,56976,1997,25,100,torch.float32,1f7c14ad5e7d7457222d5254d3d8d0a695d97954
M3-V-CORE,137a8158-1db5-2cc0-8003-31c12610471e,scene0079_00-scene0079_09-scene0079_05-scene0079_04-scene0079_03,canonical,4,end_to_end_update,4,9a973e632a543da25ecc3d53d57179ce74ef46914d8e0e5a29dd4594b1d80deb,934.369559,559363072,1410314752,850951680,3523215360,62616,427200,1567155,4502496,56976,1997,25,100,torch.float32,1f7c14ad5e7d7457222d5254d3d8d0a695d97954
M3-V-CORE,137a8158-1db5-2cc0-8003-31c12610471e,scene0079_00-scene0079_09-scene0079_05-scene0079_04-scene0079_03,canonical,4,end_to_end_update,5,9a973e632a543da25ecc3d53d57179ce74ef46914d8e0e5a29dd4594b1d80deb,1079.984324,559363072,1410254336,850891264,3523215360,62616,427200,1567155,4502496,56976,1997,25,100,torch.float32,1f7c14ad5e7d7457222d5254d3d8d0a695d97954
M3-V-CORE,137a8158-1db5-2cc0-8003-31c12610471e,scene0079_00-scene0079_09-scene0079_05-scene0079_04-scene0079_03,canonical,4,end_to_end_update,6,9a973e632a543da25ecc3d53d57179ce74ef46914d8e0e5a29dd4594b1d80deb,1007.073932,559363072,1410254336,850891264,3523215360,62616,427200,1567155,4502496,56976,1997,25,100,torch.float32,1f7c14ad5e7d7457222d5254d3d8d0a695d97954
M3-V-CORE,137a8158-1db5-2cc0-8003-31c12610471e,scene0079_00-scene0079_09-scene0079_05-scene0079_04-scene0079_03,canonical,4,end_to_end_update,7,9a973e632a543da25ecc3d53d57179ce74ef46914d8e0e5a29dd4594b1d80deb,938.026475,559363072,1410270720,850907648,3523215360,62616,427200,1567155,4502496,56976,1997,25,100,torch.float32,1f7c14ad5e7d7457222d5254d3d8d0a695d97954
M3-V-CORE,137a8158-1db5-2cc0-8003-31c12610471e,scene0079_00-scene0079_09-scene0079_05-scene0079_04-scene0079_03,canonical,4,end_to_end_update,8,9a973e632a543da25ecc3d53d57179ce74ef46914d8e0e5a29dd4594b1d80deb,1006.38206,559363072,1410244096,850881024,3523215360,62616,427200,1567155,4502496,56976,1997,25,100,torch.float32,1f7c14ad5e7d7457222d5254d3d8d0a695d97954
M3-V-CORE,137a8158-1db5-2cc0-8003-31c12610471e,scene0079_00-scene0079_09-scene0079_05-scene0079_04-scene0079_03,canonical,4,end_to_end_update,9,9a973e632a543da25ecc3d53d57179ce74ef46914d8e0e5a29dd4594b1d80deb,1077.928868,559363072,1410252800,850889728,3523215360,62616,427200,1567155,4502496,56976,1997,25,100,torch.float32,1f7c14ad5e7d7457222d5254d3d8d0a695d97954
M3-V-CORE,137a8158-1db5-2cc0-8003-31c12610471e,scene0079_00-scene0079_09-scene0079_05-scene0079_04-scene0079_03,canonical,4,output_materialization,0,9a973e632a543da25ecc3d53d57179ce74ef46914d8e0e5a29dd4594b1d80deb,3.871987,559363072,592923648,33560576,3523215360,62616,427200,1567155,4502496,56976,1997,25,100,torch.float32,1f7c14ad5e7d7457222d5254d3d8d0a695d97954
M3-V-CORE,137a8158-1db5-2cc0-8003-31c12610471e,scene0079_00-scene0079_09-scene0079_05-scene0079_04-scene0079_03,canonical,4,output_materialization,1,9a973e632a543da25ecc3d53d57179ce74ef46914d8e0e5a29dd4594b1d80deb,3.828269,559363072,592923648,33560576,3523215360,62616,427200,1567155,4502496,56976,1997,25,100,torch.float32,1f7c14ad5e7d7457222d5254d3d8d0a695d97954
M3-V-CORE,137a8158-1db5-2cc0-8003-31c12610471e,scene0079_00-scene0079_09-scene0079_05-scene0079_04-scene0079_03,canonical,4,output_materialization,2,9a973e632a543da25ecc3d53d57179ce74ef46914d8e0e5a29dd4594b1d80deb,3.830417,559363072,592923648,33560576,3523215360,62616,427200,1567155,4502496,56976,1997,25,100,torch.float32,1f7c14ad5e7d7457222d5254d3d8d0a695d97954
M3-V-CORE,137a8158-1db5-2cc0-8003-31c12610471e,scene0079_00-scene0079_09-scene0079_05-scene0079_04-scene0079_03,canonical,4,output_materialization,3,9a973e632a543da25ecc3d53d57179ce74ef46914d8e0e5a29dd4594b1d80deb,3.833079,559363072,592923648,33560576,3523215360,62616,427200,1567155,4502496,56976,1997,25,100,torch.float32,1f7c14ad5e7d7457222d5254d3d8d0a695d97954
M3-V-CORE,137a8158-1db5-2cc0-8003-31c12610471e,scene0079_00-scene0079_09-scene0079_05-scene0079_04-scene0079_03,canonical,4,output_materialization,4,9a973e632a543da25ecc3d53d57179ce74ef46914d8e0e5a29dd4594b1d80deb,3.836092,559363072,592923648,33560576,3523215360,62616,427200,1567155,4502496,56976,1997,25,100,torch.float32,1f7c14ad5e7d7457222d5254d3d8d0a695d97954
M3-V-CORE,137a8158-1db5-2cc0-8003-31c12610471e,scene0079_00-scene0079_09-scene0079_05-scene0079_04-scene0079_03,canonical,4,output_materialization,5,9a973e632a543da25ecc3d53d57179ce74ef46914d8e0e5a29dd4594b1d80deb,3.885957,559363072,592923648,33560576,3523215360,62616,427200,1567155,4502496,56976,1997,25,100,torch.float32,1f7c14ad5e7d7457222d5254d3d8d0a695d97954
M3-V-CORE,137a8158-1db5-2cc0-8003-31c12610471e,scene0079_00-scene0079_09-scene0079_05-scene0079_04-scene0079_03,canonical,4,output_materialization,6,9a973e632a543da25ecc3d53d57179ce74ef46914d8e0e5a29dd4594b1d80deb,3.750099,559363072,592923648,33560576,3523215360,62616,427200,1567155,4502496,56976,1997,25,100,torch.float32,1f7c14ad5e7d7457222d5254d3d8d0a695d97954
M3-V-CORE,137a8158-1db5-2cc0-8003-31c12610471e,scene0079_00-scene0079_09-scene0079_05-scene0079_04-scene0079_03,canonical,4,output_materialization,7,9a973e632a543da25ecc3d53d57179ce74ef46914d8e0e5a29dd4594b1d80deb,3.645573,559363072,592923648,33560576,3523215360,62616,427200,1567155,4502496,56976,1997,25,100,torch.float32,1f7c14ad5e7d7457222d5254d3d8d0a695d97954
M3-V-CORE,137a8158-1db5-2cc0-8003-31c12610471e,scene0079_00-scene0079_09-scene0079_05-scene0079_04-scene0079_03,canonical,4,output_materialization,8,9a973e632a543da25ecc3d53d57179ce74ef46914d8e0e5a29dd4594b1d80deb,3.671616,559363072,592923648,33560576,3523215360,62616,427200,1567155,4502496,56976,1997,25,100,torch.float32,1f7c14ad5e7d7457222d5254d3d8d0a695d97954
M3-V-CORE,137a8158-1db5-2cc0-8003-31c12610471e,scene0079_00-scene0079_09-scene0079_05-scene0079_04-scene0079_03,canonical,4,output_materialization,9,9a973e632a543da25ecc3d53d57179ce74ef46914d8e0e5a29dd4594b1d80deb,3.579724,559363072,592923648,33560576,3523215360,62616,427200,1567155,4502496,56976,1997,25,100,torch.float32,1f7c14ad5e7d7457222d5254d3d8d0a695d97954
M3-V-CORE,137a8158-1db5-2cc0-8003-31c12610471e,scene0079_00-scene0079_09-scene0079_05-scene0079_04-scene0079_03,canonical,4,cumulative_T1_to_T,0,3f354f12741e8d8e7a579fafe8bbf3e7808a357d25486423ecd99639983796c8,6693.638016,559363072,1824780288,1265417216,3523215360,62616,427200,1567155,4502496,56976,1997,25,100,torch.float32,1f7c14ad5e7d7457222d5254d3d8d0a695d97954
M3-V-CORE,137a8158-1db5-2cc0-8003-31c12610471e,scene0079_00-scene0079_09-scene0079_05-scene0079_04-scene0079_03,canonical,4,cumulative_T1_to_T,1,3f354f12741e8d8e7a579fafe8bbf3e7808a357d25486423ecd99639983796c8,6441.033733,559363072,1824780288,1265417216,3523215360,62616,427200,1567155,4502496,56976,1997,25,100,torch.float32,1f7c14ad5e7d7457222d5254d3d8d0a695d97954
M3-V-CORE,137a8158-1db5-2cc0-8003-31c12610471e,scene0079_00-scene0079_09-scene0079_05-scene0079_04-scene0079_03,canonical,4,cumulative_T1_to_T,2,3f354f12741e8d8e7a579fafe8bbf3e7808a357d25486423ecd99639983796c8,6436.722375,559363072,1824779776,1265416704,3523215360,62616,427200,1567155,4502496,56976,1997,25,100,torch.float32,1f7c14ad5e7d7457222d5254d3d8d0a695d97954
M3-V-CORE,137a8158-1db5-2cc0-8003-31c12610471e,scene0079_00-scene0079_09-scene0079_05-scene0079_04-scene0079_03,canonical,4,cumulative_T1_to_T,3,3f354f12741e8d8e7a579fafe8bbf3e7808a357d25486423ecd99639983796c8,6594.79982,559363072,1824780288,1265417216,3523215360,62616,427200,1567155,4502496,56976,1997,25,100,torch.float32,1f7c14ad5e7d7457222d5254d3d8d0a695d97954
M3-V-CORE,137a8158-1db5-2cc0-8003-31c12610471e,scene0079_00-scene0079_09-scene0079_05-scene0079_04-scene0079_03,canonical,4,cumulative_T1_to_T,4,3f354f12741e8d8e7a579fafe8bbf3e7808a357d25486423ecd99639983796c8,6925.171034,559363072,1824779264,1265416192,3523215360,62616,427200,1567155,4502496,56976,1997,25,100,torch.float32,1f7c14ad5e7d7457222d5254d3d8d0a695d97954
M3-V-CORE,137a8158-1db5-2cc0-8003-31c12610471e,scene0079_00-scene0079_09-scene0079_05-scene0079_04-scene0079_03,canonical,4,cumulative_T1_to_T,5,3f354f12741e8d8e7a579fafe8bbf3e7808a357d25486423ecd99639983796c8,8442.51608,559363072,1824780288,1265417216,3523215360,62616,427200,1567155,4502496,56976,1997,25,100,torch.float32,1f7c14ad5e7d7457222d5254d3d8d0a695d97954
M3-V-CORE,137a8158-1db5-2cc0-8003-31c12610471e,scene0079_00-scene0079_09-scene0079_05-scene0079_04-scene0079_03,canonical,4,cumulative_T1_to_T,6,3f354f12741e8d8e7a579fafe8bbf3e7808a357d25486423ecd99639983796c8,6665.312318,559363072,1824780288,1265417216,3523215360,62616,427200,1567155,4502496,56976,1997,25,100,torch.float32,1f7c14ad5e7d7457222d5254d3d8d0a695d97954
M3-V-CORE,137a8158-1db5-2cc0-8003-31c12610471e,scene0079_00-scene0079_09-scene0079_05-scene0079_04-scene0079_03,canonical,4,cumulative_T1_to_T,7,3f354f12741e8d8e7a579fafe8bbf3e7808a357d25486423ecd99639983796c8,6683.670612,559363072,1824780288,1265417216,3523215360,62616,427200,1567155,4502496,56976,1997,25,100,torch.float32,1f7c14ad5e7d7457222d5254d3d8d0a695d97954
M3-V-CORE,137a8158-1db5-2cc0-8003-31c12610471e,scene0079_00-scene0079_09-scene0079_05-scene0079_04-scene0079_03,canonical,4,cumulative_T1_to_T,8,3f354f12741e8d8e7a579fafe8bbf3e7808a357d25486423ecd99639983796c8,6826.928617,559363072,1824779776,1265416704,3523215360,62616,427200,1567155,4502496,56976,1997,25,100,torch.float32,1f7c14ad5e7d7457222d5254d3d8d0a695d97954
M3-V-CORE,137a8158-1db5-2cc0-8003-31c12610471e,scene0079_00-scene0079_09-scene0079_05-scene0079_04-scene0079_03,canonical,4,cumulative_T1_to_T,9,3f354f12741e8d8e7a579fafe8bbf3e7808a357d25486423ecd99639983796c8,6819.582149,559363072,1824779264,1265416192,3523215360,62616,427200,1567155,4502496,56976,1997,25,100,torch.float32,1f7c14ad5e7d7457222d5254d3d8d0a695d97954
M3-V-CORE,137a8158-1db5-2cc0-8003-31c12610471e,scene0079_00-scene0079_09-scene0079_05-scene0079_04-scene0079_03,canonical,5,model_update,0,577da521f5cfaafb26b0ec7c9532143cf60a5778f24bb8897b99e419d94a40fd,1610.711146,559363072,1118879232,559516160,3523215360,62616,427200,1006726,2940512,36561,1312,25,100,torch.float32,1f7c14ad5e7d7457222d5254d3d8d0a695d97954
M3-V-CORE,137a8158-1db5-2cc0-8003-31c12610471e,scene0079_00-scene0079_09-scene0079_05-scene0079_04-scene0079_03,canonical,5,model_update,1,577da521f5cfaafb26b0ec7c9532143cf60a5778f24bb8897b99e419d94a40fd,1152.7213,559363072,1118871040,559507968,3523215360,62616,427200,1006726,2940512,36561,1312,25,100,torch.float32,1f7c14ad5e7d7457222d5254d3d8d0a695d97954
M3-V-CORE,137a8158-1db5-2cc0-8003-31c12610471e,scene0079_00-scene0079_09-scene0079_05-scene0079_04-scene0079_03,canonical,5,model_update,2,577da521f5cfaafb26b0ec7c9532143cf60a5778f24bb8897b99e419d94a40fd,1288.747531,559363072,1118844416,559481344,3523215360,62616,427200,1006726,2940512,36561,1312,25,100,torch.float32,1f7c14ad5e7d7457222d5254d3d8d0a695d97954
M3-V-CORE,137a8158-1db5-2cc0-8003-31c12610471e,scene0079_00-scene0079_09-scene0079_05-scene0079_04-scene0079_03,canonical,5,model_update,3,577da521f5cfaafb26b0ec7c9532143cf60a5778f24bb8897b99e419d94a40fd,1184.393974,559363072,1118852608,559489536,3523215360,62616,427200,1006726,2940512,36561,1312,25,100,torch.float32,1f7c14ad5e7d7457222d5254d3d8d0a695d97954
M3-V-CORE,137a8158-1db5-2cc0-8003-31c12610471e,scene0079_00-scene0079_09-scene0079_05-scene0079_04-scene0079_03,canonical,5,model_update,4,577da521f5cfaafb26b0ec7c9532143cf60a5778f24bb8897b99e419d94a40fd,1261.742011,559363072,1118871040,559507968,3523215360,62616,427200,1006726,2940512,36561,1312,25,100,torch.float32,1f7c14ad5e7d7457222d5254d3d8d0a695d97954
M3-V-CORE,137a8158-1db5-2cc0-8003-31c12610471e,scene0079_00-scene0079_09-scene0079_05-scene0079_04-scene0079_03,canonical,5,model_update,5,577da521f5cfaafb26b0ec7c9532143cf60a5778f24bb8897b99e419d94a40fd,1256.534735,559363072,1118844416,559481344,3523215360,62616,427200,1006726,2940512,36561,1312,25,100,torch.float32,1f7c14ad5e7d7457222d5254d3d8d0a695d97954
M3-V-CORE,137a8158-1db5-2cc0-8003-31c12610471e,scene0079_00-scene0079_09-scene0079_05-scene0079_04-scene0079_03,canonical,5,model_update,6,577da521f5cfaafb26b0ec7c9532143cf60a5778f24bb8897b99e419d94a40fd,1291.331605,559363072,1118889472,559526400,3523215360,62616,427200,1006726,2940512,36561,1312,25,100,torch.float32,1f7c14ad5e7d7457222d5254d3d8d0a695d97954
M3-V-CORE,137a8158-1db5-2cc0-8003-31c12610471e,scene0079_00-scene0079_09-scene0079_05-scene0079_04-scene0079_03,canonical,5,model_update,7,577da521f5cfaafb26b0ec7c9532143cf60a5778f24bb8897b99e419d94a40fd,1749.144722,559363072,1118836224,559473152,3523215360,62616,427200,1006726,2940512,36561,1312,25,100,torch.float32,1f7c14ad5e7d7457222d5254d3d8d0a695d97954
M3-V-CORE,137a8158-1db5-2cc0-8003-31c12610471e,scene0079_00-scene0079_09-scene0079_05-scene0079_04-scene0079_03,canonical,5,model_update,8,577da521f5cfaafb26b0ec7c9532143cf60a5778f24bb8897b99e419d94a40fd,1722.381333,559363072,1118889472,559526400,3523215360,62616,427200,1006726,2940512,36561,1312,25,100,torch.float32,1f7c14ad5e7d7457222d5254d3d8d0a695d97954
M3-V-CORE,137a8158-1db5-2cc0-8003-31c12610471e,scene0079_00-scene0079_09-scene0079_05-scene0079_04-scene0079_03,canonical,5,model_update,9,577da521f5cfaafb26b0ec7c9532143cf60a5778f24bb8897b99e419d94a40fd,1697.267731,559363072,1118879232,559516160,3523215360,62616,427200,1006726,2940512,36561,1312,25,100,torch.float32,1f7c14ad5e7d7457222d5254d3d8d0a695d97954
M3-V-CORE,137a8158-1db5-2cc0-8003-31c12610471e,scene0079_00-scene0079_09-scene0079_05-scene0079_04-scene0079_03,canonical,5,end_to_end_update,0,577da521f5cfaafb26b0ec7c9532143cf60a5778f24bb8897b99e419d94a40fd,1466.19654,559363072,1118862848,559499776,3523215360,62616,427200,1006726,2940512,36561,1312,25,100,torch.float32,1f7c14ad5e7d7457222d5254d3d8d0a695d97954
M3-V-CORE,137a8158-1db5-2cc0-8003-31c12610471e,scene0079_00-scene0079_09-scene0079_05-scene0079_04-scene0079_03,canonical,5,end_to_end_update,1,577da521f5cfaafb26b0ec7c9532143cf60a5778f24bb8897b99e419d94a40fd,1504.897676,559363072,1118871040,559507968,3523215360,62616,427200,1006726,2940512,36561,1312,25,100,torch.float32,1f7c14ad5e7d7457222d5254d3d8d0a695d97954
M3-V-CORE,137a8158-1db5-2cc0-8003-31c12610471e,scene0079_00-scene0079_09-scene0079_05-scene0079_04-scene0079_03,canonical,5,end_to_end_update,2,577da521f5cfaafb26b0ec7c9532143cf60a5778f24bb8897b99e419d94a40fd,1879.261931,559363072,1118852608,559489536,3523215360,62616,427200,1006726,2940512,36561,1312,25,100,torch.float32,1f7c14ad5e7d7457222d5254d3d8d0a695d97954
M3-V-CORE,137a8158-1db5-2cc0-8003-31c12610471e,scene0079_00-scene0079_09-scene0079_05-scene0079_04-scene0079_03,canonical,5,end_to_end_update,3,577da521f5cfaafb26b0ec7c9532143cf60a5778f24bb8897b99e419d94a40fd,1951.102588,559363072,1118905856,559542784,3523215360,62616,427200,1006726,2940512,36561,1312,25,100,torch.float32,1f7c14ad5e7d7457222d5254d3d8d0a695d97954
M3-V-CORE,137a8158-1db5-2cc0-8003-31c12610471e,scene0079_00-scene0079_09-scene0079_05-scene0079_04-scene0079_03,canonical,5,end_to_end_update,4,577da521f5cfaafb26b0ec7c9532143cf60a5778f24bb8897b99e419d94a40fd,2003.742182,559363072,1118818304,559455232,3523215360,62616,427200,1006726,2940512,36561,1312,25,100,torch.float32,1f7c14ad5e7d7457222d5254d3d8d0a695d97954
M3-V-CORE,137a8158-1db5-2cc0-8003-31c12610471e,scene0079_00-scene0079_09-scene0079_05-scene0079_04-scene0079_03,canonical,5,end_to_end_update,5,577da521f5cfaafb26b0ec7c9532143cf60a5778f24bb8897b99e419d94a40fd,1935.575917,559363072,1118828032,559464960,3523215360,62616,427200,1006726,2940512,36561,1312,25,100,torch.float32,1f7c14ad5e7d7457222d5254d3d8d0a695d97954
M3-V-CORE,137a8158-1db5-2cc0-8003-31c12610471e,scene0079_00-scene0079_09-scene0079_05-scene0079_04-scene0079_03,canonical,5,end_to_end_update,6,577da521f5cfaafb26b0ec7c9532143cf60a5778f24bb8897b99e419d94a40fd,1537.180194,559363072,1118801920,559438848,3523215360,62616,427200,1006726,2940512,36561,1312,25,100,torch.float32,1f7c14ad5e7d7457222d5254d3d8d0a695d97954
M3-V-CORE,137a8158-1db5-2cc0-8003-31c12610471e,scene0079_00-scene0079_09-scene0079_05-scene0079_04-scene0079_03,canonical,5,end_to_end_update,7,577da521f5cfaafb26b0ec7c9532143cf60a5778f24bb8897b99e419d94a40fd,1515.858432,559363072,1118879232,559516160,3523215360,62616,427200,1006726,2940512,36561,1312,25,100,torch.float32,1f7c14ad5e7d7457222d5254d3d8d0a695d97954
M3-V-CORE,137a8158-1db5-2cc0-8003-31c12610471e,scene0079_00-scene0079_09-scene0079_05-scene0079_04-scene0079_03,canonical,5,end_to_end_update,8,577da521f5cfaafb26b0ec7c9532143cf60a5778f24bb8897b99e419d94a40fd,1308.620397,559363072,1118879232,559516160,3523215360,62616,427200,1006726,2940512,36561,1312,25,100,torch.float32,1f7c14ad5e7d7457222d5254d3d8d0a695d97954
M3-V-CORE,137a8158-1db5-2cc0-8003-31c12610471e,scene0079_00-scene0079_09-scene0079_05-scene0079_04-scene0079_03,canonical,5,end_to_end_update,9,577da521f5cfaafb26b0ec7c9532143cf60a5778f24bb8897b99e419d94a40fd,1513.875364,559363072,1118828032,559464960,3523215360,62616,427200,1006726,2940512,36561,1312,25,100,torch.float32,1f7c14ad5e7d7457222d5254d3d8d0a695d97954
M3-V-CORE,137a8158-1db5-2cc0-8003-31c12610471e,scene0079_00-scene0079_09-scene0079_05-scene0079_04-scene0079_03,canonical,5,output_materialization,0,577da521f5cfaafb26b0ec7c9532143cf60a5778f24bb8897b99e419d94a40fd,2.888147,559363072,592923648,33560576,3523215360,62616,427200,1006726,2940512,36561,1312,25,100,torch.float32,1f7c14ad5e7d7457222d5254d3d8d0a695d97954
M3-V-CORE,137a8158-1db5-2cc0-8003-31c12610471e,scene0079_00-scene0079_09-scene0079_05-scene0079_04-scene0079_03,canonical,5,output_materialization,1,577da521f5cfaafb26b0ec7c9532143cf60a5778f24bb8897b99e419d94a40fd,2.848417,559363072,592923648,33560576,3523215360,62616,427200,1006726,2940512,36561,1312,25,100,torch.float32,1f7c14ad5e7d7457222d5254d3d8d0a695d97954
M3-V-CORE,137a8158-1db5-2cc0-8003-31c12610471e,scene0079_00-scene0079_09-scene0079_05-scene0079_04-scene0079_03,canonical,5,output_materialization,2,577da521f5cfaafb26b0ec7c9532143cf60a5778f24bb8897b99e419d94a40fd,2.767952,559363072,592923648,33560576,3523215360,62616,427200,1006726,2940512,36561,1312,25,100,torch.float32,1f7c14ad5e7d7457222d5254d3d8d0a695d97954
M3-V-CORE,137a8158-1db5-2cc0-8003-31c12610471e,scene0079_00-scene0079_09-scene0079_05-scene0079_04-scene0079_03,canonical,5,output_materialization,3,577da521f5cfaafb26b0ec7c9532143cf60a5778f24bb8897b99e419d94a40fd,2.761612,559363072,592923648,33560576,3523215360,62616,427200,1006726,2940512,36561,1312,25,100,torch.float32,1f7c14ad5e7d7457222d5254d3d8d0a695d97954
M3-V-CORE,137a8158-1db5-2cc0-8003-31c12610471e,scene0079_00-scene0079_09-scene0079_05-scene0079_04-scene0079_03,canonical,5,output_materialization,4,577da521f5cfaafb26b0ec7c9532143cf60a5778f24bb8897b99e419d94a40fd,2.72509,559363072,592923648,33560576,3523215360,62616,427200,1006726,2940512,36561,1312,25,100,torch.float32,1f7c14ad5e7d7457222d5254d3d8d0a695d97954
M3-V-CORE,137a8158-1db5-2cc0-8003-31c12610471e,scene0079_00-scene0079_09-scene0079_05-scene0079_04-scene0079_03,canonical,5,output_materialization,5,577da521f5cfaafb26b0ec7c9532143cf60a5778f24bb8897b99e419d94a40fd,2.683303,559363072,592923648,33560576,3523215360,62616,427200,1006726,2940512,36561,1312,25,100,torch.float32,1f7c14ad5e7d7457222d5254d3d8d0a695d97954
M3-V-CORE,137a8158-1db5-2cc0-8003-31c12610471e,scene0079_00-scene0079_09-scene0079_05-scene0079_04-scene0079_03,canonical,5,output_materialization,6,577da521f5cfaafb26b0ec7c9532143cf60a5778f24bb8897b99e419d94a40fd,2.684824,559363072,592923648,33560576,3523215360,62616,427200,1006726,2940512,36561,1312,25,100,torch.float32,1f7c14ad5e7d7457222d5254d3d8d0a695d97954
M3-V-CORE,137a8158-1db5-2cc0-8003-31c12610471e,scene0079_00-scene0079_09-scene0079_05-scene0079_04-scene0079_03,canonical,5,output_materialization,7,577da521f5cfaafb26b0ec7c9532143cf60a5778f24bb8897b99e419d94a40fd,2.704876,559363072,592923648,33560576,3523215360,62616,427200,1006726,2940512,36561,1312,25,100,torch.float32,1f7c14ad5e7d7457222d5254d3d8d0a695d97954
M3-V-CORE,137a8158-1db5-2cc0-8003-31c12610471e,scene0079_00-scene0079_09-scene0079_05-scene0079_04-scene0079_03,canonical,5,output_materialization,8,577da521f5cfaafb26b0ec7c9532143cf60a5778f24bb8897b99e419d94a40fd,2.99927,559363072,592923648,33560576,3523215360,62616,427200,1006726,2940512,36561,1312,25,100,torch.float32,1f7c14ad5e7d7457222d5254d3d8d0a695d97954
M3-V-CORE,137a8158-1db5-2cc0-8003-31c12610471e,scene0079_00-scene0079_09-scene0079_05-scene0079_04-scene0079_03,canonical,5,output_materialization,9,577da521f5cfaafb26b0ec7c9532143cf60a5778f24bb8897b99e419d94a40fd,2.77974,559363072,592923648,33560576,3523215360,62616,427200,1006726,2940512,36561,1312,25,100,torch.float32,1f7c14ad5e7d7457222d5254d3d8d0a695d97954
M3-V-CORE,137a8158-1db5-2cc0-8003-31c12610471e,scene0079_00-scene0079_09-scene0079_05-scene0079_04-scene0079_03,canonical,5,cumulative_T1_to_T,0,3f354f12741e8d8e7a579fafe8bbf3e7808a357d25486423ecd99639983796c8,8378.328616,559363072,1824779776,1265416704,3523215360,62616,427200,1006726,2940512,36561,1312,25,100,torch.float32,1f7c14ad5e7d7457222d5254d3d8d0a695d97954
M3-V-CORE,137a8158-1db5-2cc0-8003-31c12610471e,scene0079_00-scene0079_09-scene0079_05-scene0079_04-scene0079_03,canonical,5,cumulative_T1_to_T,1,3f354f12741e8d8e7a579fafe8bbf3e7808a357d25486423ecd99639983796c8,7964.677237,559363072,1824779264,1265416192,3523215360,62616,427200,1006726,2940512,36561,1312,25,100,torch.float32,1f7c14ad5e7d7457222d5254d3d8d0a695d97954
M3-V-CORE,137a8158-1db5-2cc0-8003-31c12610471e,scene0079_00-scene0079_09-scene0079_05-scene0079_04-scene0079_03,canonical,5,cumulative_T1_to_T,2,3f354f12741e8d8e7a579fafe8bbf3e7808a357d25486423ecd99639983796c8,9143.33988,559363072,1824779264,1265416192,3523215360,62616,427200,1006726,2940512,36561,1312,25,100,torch.float32,1f7c14ad5e7d7457222d5254d3d8d0a695d97954
M3-V-CORE,137a8158-1db5-2cc0-8003-31c12610471e,scene0079_00-scene0079_09-scene0079_05-scene0079_04-scene0079_03,canonical,5,cumulative_T1_to_T,3,3f354f12741e8d8e7a579fafe8bbf3e7808a357d25486423ecd99639983796c8,7863.796384,559363072,1824780288,1265417216,3523215360,62616,427200,1006726,2940512,36561,1312,25,100,torch.float32,1f7c14ad5e7d7457222d5254d3d8d0a695d97954
M3-V-CORE,137a8158-1db5-2cc0-8003-31c12610471e,scene0079_00-scene0079_09-scene0079_05-scene0079_04-scene0079_03,canonical,5,cumulative_T1_to_T,4,3f354f12741e8d8e7a579fafe8bbf3e7808a357d25486423ecd99639983796c8,7967.842905,559363072,1824780288,1265417216,3523215360,62616,427200,1006726,2940512,36561,1312,25,100,torch.float32,1f7c14ad5e7d7457222d5254d3d8d0a695d97954
M3-V-CORE,137a8158-1db5-2cc0-8003-31c12610471e,scene0079_00-scene0079_09-scene0079_05-scene0079_04-scene0079_03,canonical,5,cumulative_T1_to_T,5,3f354f12741e8d8e7a579fafe8bbf3e7808a357d25486423ecd99639983796c8,7987.867144,559363072,1824780288,1265417216,3523215360,62616,427200,1006726,2940512,36561,1312,25,100,torch.float32,1f7c14ad5e7d7457222d5254d3d8d0a695d97954
M3-V-CORE,137a8158-1db5-2cc0-8003-31c12610471e,scene0079_00-scene0079_09-scene0079_05-scene0079_04-scene0079_03,canonical,5,cumulative_T1_to_T,6,3f354f12741e8d8e7a579fafe8bbf3e7808a357d25486423ecd99639983796c8,7989.160134,559363072,1824780288,1265417216,3523215360,62616,427200,1006726,2940512,36561,1312,25,100,torch.float32,1f7c14ad5e7d7457222d5254d3d8d0a695d97954
M3-V-CORE,137a8158-1db5-2cc0-8003-31c12610471e,scene0079_00-scene0079_09-scene0079_05-scene0079_04-scene0079_03,canonical,5,cumulative_T1_to_T,7,3f354f12741e8d8e7a579fafe8bbf3e7808a357d25486423ecd99639983796c8,8878.076356,559363072,1824779776,1265416704,3523215360,62616,427200,1006726,2940512,36561,1312,25,100,torch.float32,1f7c14ad5e7d7457222d5254d3d8d0a695d97954
M3-V-CORE,137a8158-1db5-2cc0-8003-31c12610471e,scene0079_00-scene0079_09-scene0079_05-scene0079_04-scene0079_03,canonical,5,cumulative_T1_to_T,8,3f354f12741e8d8e7a579fafe8bbf3e7808a357d25486423ecd99639983796c8,7770.011095,559363072,1824779776,1265416704,3523215360,62616,427200,1006726,2940512,36561,1312,25,100,torch.float32,1f7c14ad5e7d7457222d5254d3d8d0a695d97954
M3-V-CORE,137a8158-1db5-2cc0-8003-31c12610471e,scene0079_00-scene0079_09-scene0079_05-scene0079_04-scene0079_03,canonical,5,cumulative_T1_to_T,9,3f354f12741e8d8e7a579fafe8bbf3e7808a357d25486423ecd99639983796c8,8082.203699,559363072,1824780288,1265417216,3523215360,62616,427200,1006726,2940512,36561,1312,25,100,torch.float32,1f7c14ad5e7d7457222d5254d3d8d0a695d97954
M3-V-CORE,280d8ebb-6cc6-2788-9153-98959a2da801,scene0119_00-scene0119_02-scene0119_03-scene0119_01-scene0119_04,canonical,2,model_update,0,43084b1c116e8379ad0447ccea1a237d473f007f292020fa6ec961a051b1820f,1995.033541,559363072,2404982272,1845619200,5024776192,62616,427200,3778367,10857056,128276,5598,27,100,torch.float32,1f7c14ad5e7d7457222d5254d3d8d0a695d97954
M3-V-CORE,280d8ebb-6cc6-2788-9153-98959a2da801,scene0119_00-scene0119_02-scene0119_03-scene0119_01-scene0119_04,canonical,2,model_update,1,43084b1c116e8379ad0447ccea1a237d473f007f292020fa6ec961a051b1820f,1893.623061,559363072,2404993024,1845629952,5024776192,62616,427200,3778367,10857056,128276,5598,27,100,torch.float32,1f7c14ad5e7d7457222d5254d3d8d0a695d97954
M3-V-CORE,280d8ebb-6cc6-2788-9153-98959a2da801,scene0119_00-scene0119_02-scene0119_03-scene0119_01-scene0119_04,canonical,2,model_update,2,43084b1c116e8379ad0447ccea1a237d473f007f292020fa6ec961a051b1820f,1974.821261,559363072,2405003264,1845640192,5024776192,62616,427200,3778367,10857056,128276,5598,27,100,torch.float32,1f7c14ad5e7d7457222d5254d3d8d0a695d97954
M3-V-CORE,280d8ebb-6cc6-2788-9153-98959a2da801,scene0119_00-scene0119_02-scene0119_03-scene0119_01-scene0119_04,canonical,2,model_update,3,43084b1c116e8379ad0447ccea1a237d473f007f292020fa6ec961a051b1820f,2050.784415,559363072,2404993024,1845629952,5024776192,62616,427200,3778367,10857056,128276,5598,27,100,torch.float32,1f7c14ad5e7d7457222d5254d3d8d0a695d97954
M3-V-CORE,280d8ebb-6cc6-2788-9153-98959a2da801,scene0119_00-scene0119_02-scene0119_03-scene0119_01-scene0119_04,canonical,2,model_update,4,43084b1c116e8379ad0447ccea1a237d473f007f292020fa6ec961a051b1820f,2021.885913,559363072,2405122048,1845758976,5024776192,62616,427200,3778367,10857056,128276,5598,27,100,torch.float32,1f7c14ad5e7d7457222d5254d3d8d0a695d97954
M3-V-CORE,280d8ebb-6cc6-2788-9153-98959a2da801,scene0119_00-scene0119_02-scene0119_03-scene0119_01-scene0119_04,canonical,2,model_update,5,43084b1c116e8379ad0447ccea1a237d473f007f292020fa6ec961a051b1820f,2019.521475,559363072,2405074944,1845711872,5024776192,62616,427200,3778367,10857056,128276,5598,27,100,torch.float32,1f7c14ad5e7d7457222d5254d3d8d0a695d97954
M3-V-CORE,280d8ebb-6cc6-2788-9153-98959a2da801,scene0119_00-scene0119_02-scene0119_03-scene0119_01-scene0119_04,canonical,2,model_update,6,43084b1c116e8379ad0447ccea1a237d473f007f292020fa6ec961a051b1820f,2006.796509,559363072,2405013504,1845650432,5024776192,62616,427200,3778367,10857056,128276,5598,27,100,torch.float32,1f7c14ad5e7d7457222d5254d3d8d0a695d97954
M3-V-CORE,280d8ebb-6cc6-2788-9153-98959a2da801,scene0119_00-scene0119_02-scene0119_03-scene0119_01-scene0119_04,canonical,2,model_update,7,43084b1c116e8379ad0447ccea1a237d473f007f292020fa6ec961a051b1820f,1936.564495,559363072,2405059584,1845696512,5024776192,62616,427200,3778367,10857056,128276,5598,27,100,torch.float32,1f7c14ad5e7d7457222d5254d3d8d0a695d97954
M3-V-CORE,280d8ebb-6cc6-2788-9153-98959a2da801,scene0119_00-scene0119_02-scene0119_03-scene0119_01-scene0119_04,canonical,2,model_update,8,43084b1c116e8379ad0447ccea1a237d473f007f292020fa6ec961a051b1820f,2301.799917,559363072,2405023744,1845660672,5024776192,62616,427200,3778367,10857056,128276,5598,27,100,torch.float32,1f7c14ad5e7d7457222d5254d3d8d0a695d97954
M3-V-CORE,280d8ebb-6cc6-2788-9153-98959a2da801,scene0119_00-scene0119_02-scene0119_03-scene0119_01-scene0119_04,canonical,2,model_update,9,43084b1c116e8379ad0447ccea1a237d473f007f292020fa6ec961a051b1820f,2496.837194,559363072,2405003264,1845640192,5024776192,62616,427200,3778367,10857056,128276,5598,27,100,torch.float32,1f7c14ad5e7d7457222d5254d3d8d0a695d97954
M3-V-CORE,280d8ebb-6cc6-2788-9153-98959a2da801,scene0119_00-scene0119_02-scene0119_03-scene0119_01-scene0119_04,canonical,2,end_to_end_update,0,43084b1c116e8379ad0447ccea1a237d473f007f292020fa6ec961a051b1820f,2566.86725,559363072,2405039104,1845676032,5024776192,62616,427200,3778367,10857056,128276,5598,27,100,torch.float32,1f7c14ad5e7d7457222d5254d3d8d0a695d97954
M3-V-CORE,280d8ebb-6cc6-2788-9153-98959a2da801,scene0119_00-scene0119_02-scene0119_03-scene0119_01-scene0119_04,canonical,2,end_to_end_update,1,43084b1c116e8379ad0447ccea1a237d473f007f292020fa6ec961a051b1820f,2376.648686,559363072,2405039104,1845676032,5024776192,62616,427200,3778367,10857056,128276,5598,27,100,torch.float32,1f7c14ad5e7d7457222d5254d3d8d0a695d97954
M3-V-CORE,280d8ebb-6cc6-2788-9153-98959a2da801,scene0119_00-scene0119_02-scene0119_03-scene0119_01-scene0119_04,canonical,2,end_to_end_update,2,43084b1c116e8379ad0447ccea1a237d473f007f292020fa6ec961a051b1820f,2583.373654,559363072,2405095936,1845732864,5024776192,62616,427200,3778367,10857056,128276,5598,27,100,torch.float32,1f7c14ad5e7d7457222d5254d3d8d0a695d97954
M3-V-CORE,280d8ebb-6cc6-2788-9153-98959a2da801,scene0119_00-scene0119_02-scene0119_03-scene0119_01-scene0119_04,canonical,2,end_to_end_update,3,43084b1c116e8379ad0447ccea1a237d473f007f292020fa6ec961a051b1820f,2432.4573,559363072,2405033984,1845670912,5024776192,62616,427200,3778367,10857056,128276,5598,27,100,torch.float32,1f7c14ad5e7d7457222d5254d3d8d0a695d97954
M3-V-CORE,280d8ebb-6cc6-2788-9153-98959a2da801,scene0119_00-scene0119_02-scene0119_03-scene0119_01-scene0119_04,canonical,2,end_to_end_update,4,43084b1c116e8379ad0447ccea1a237d473f007f292020fa6ec961a051b1820f,2283.690579,559363072,2404972032,1845608960,5024776192,62616,427200,3778367,10857056,128276,5598,27,100,torch.float32,1f7c14ad5e7d7457222d5254d3d8d0a695d97954
M3-V-CORE,280d8ebb-6cc6-2788-9153-98959a2da801,scene0119_00-scene0119_02-scene0119_03-scene0119_01-scene0119_04,canonical,2,end_to_end_update,5,43084b1c116e8379ad0447ccea1a237d473f007f292020fa6ec961a051b1820f,2453.201901,559363072,2405069824,1845706752,5024776192,62616,427200,3778367,10857056,128276,5598,27,100,torch.float32,1f7c14ad5e7d7457222d5254d3d8d0a695d97954
M3-V-CORE,280d8ebb-6cc6-2788-9153-98959a2da801,scene0119_00-scene0119_02-scene0119_03-scene0119_01-scene0119_04,canonical,2,end_to_end_update,6,43084b1c116e8379ad0447ccea1a237d473f007f292020fa6ec961a051b1820f,2477.485651,559363072,2405069824,1845706752,5024776192,62616,427200,3778367,10857056,128276,5598,27,100,torch.float32,1f7c14ad5e7d7457222d5254d3d8d0a695d97954
M3-V-CORE,280d8ebb-6cc6-2788-9153-98959a2da801,scene0119_00-scene0119_02-scene0119_03-scene0119_01-scene0119_04,canonical,2,end_to_end_update,7,43084b1c116e8379ad0447ccea1a237d473f007f292020fa6ec961a051b1820f,2630.526216,559363072,2405039104,1845676032,5024776192,62616,427200,3778367,10857056,128276,5598,27,100,torch.float32,1f7c14ad5e7d7457222d5254d3d8d0a695d97954
M3-V-CORE,280d8ebb-6cc6-2788-9153-98959a2da801,scene0119_00-scene0119_02-scene0119_03-scene0119_01-scene0119_04,canonical,2,end_to_end_update,8,43084b1c116e8379ad0447ccea1a237d473f007f292020fa6ec961a051b1820f,2362.852353,559363072,2405054464,1845691392,5024776192,62616,427200,3778367,10857056,128276,5598,27,100,torch.float32,1f7c14ad5e7d7457222d5254d3d8d0a695d97954
M3-V-CORE,280d8ebb-6cc6-2788-9153-98959a2da801,scene0119_00-scene0119_02-scene0119_03-scene0119_01-scene0119_04,canonical,2,end_to_end_update,9,43084b1c116e8379ad0447ccea1a237d473f007f292020fa6ec961a051b1820f,2406.430521,559363072,2405033984,1845670912,5024776192,62616,427200,3778367,10857056,128276,5598,27,100,torch.float32,1f7c14ad5e7d7457222d5254d3d8d0a695d97954
M3-V-CORE,280d8ebb-6cc6-2788-9153-98959a2da801,scene0119_00-scene0119_02-scene0119_03-scene0119_01-scene0119_04,canonical,2,output_materialization,0,43084b1c116e8379ad0447ccea1a237d473f007f292020fa6ec961a051b1820f,9.452715,559363072,592923648,33560576,5024776192,62616,427200,3778367,10857056,128276,5598,27,100,torch.float32,1f7c14ad5e7d7457222d5254d3d8d0a695d97954
M3-V-CORE,280d8ebb-6cc6-2788-9153-98959a2da801,scene0119_00-scene0119_02-scene0119_03-scene0119_01-scene0119_04,canonical,2,output_materialization,1,43084b1c116e8379ad0447ccea1a237d473f007f292020fa6ec961a051b1820f,9.563996,559363072,592923648,33560576,5024776192,62616,427200,3778367,10857056,128276,5598,27,100,torch.float32,1f7c14ad5e7d7457222d5254d3d8d0a695d97954
M3-V-CORE,280d8ebb-6cc6-2788-9153-98959a2da801,scene0119_00-scene0119_02-scene0119_03-scene0119_01-scene0119_04,canonical,2,output_materialization,2,43084b1c116e8379ad0447ccea1a237d473f007f292020fa6ec961a051b1820f,9.499917,559363072,592923648,33560576,5024776192,62616,427200,3778367,10857056,128276,5598,27,100,torch.float32,1f7c14ad5e7d7457222d5254d3d8d0a695d97954
M3-V-CORE,280d8ebb-6cc6-2788-9153-98959a2da801,scene0119_00-scene0119_02-scene0119_03-scene0119_01-scene0119_04,canonical,2,output_materialization,3,43084b1c116e8379ad0447ccea1a237d473f007f292020fa6ec961a051b1820f,9.473959,559363072,592923648,33560576,5024776192,62616,427200,3778367,10857056,128276,5598,27,100,torch.float32,1f7c14ad5e7d7457222d5254d3d8d0a695d97954
M3-V-CORE,280d8ebb-6cc6-2788-9153-98959a2da801,scene0119_00-scene0119_02-scene0119_03-scene0119_01-scene0119_04,canonical,2,output_materialization,4,43084b1c116e8379ad0447ccea1a237d473f007f292020fa6ec961a051b1820f,9.532859,559363072,592923648,33560576,5024776192,62616,427200,3778367,10857056,128276,5598,27,100,torch.float32,1f7c14ad5e7d7457222d5254d3d8d0a695d97954
M3-V-CORE,280d8ebb-6cc6-2788-9153-98959a2da801,scene0119_00-scene0119_02-scene0119_03-scene0119_01-scene0119_04,canonical,2,output_materialization,5,43084b1c116e8379ad0447ccea1a237d473f007f292020fa6ec961a051b1820f,9.487279,559363072,592923648,33560576,5024776192,62616,427200,3778367,10857056,128276,5598,27,100,torch.float32,1f7c14ad5e7d7457222d5254d3d8d0a695d97954
M3-V-CORE,280d8ebb-6cc6-2788-9153-98959a2da801,scene0119_00-scene0119_02-scene0119_03-scene0119_01-scene0119_04,canonical,2,output_materialization,6,43084b1c116e8379ad0447ccea1a237d473f007f292020fa6ec961a051b1820f,9.559688,559363072,592923648,33560576,5024776192,62616,427200,3778367,10857056,128276,5598,27,100,torch.float32,1f7c14ad5e7d7457222d5254d3d8d0a695d97954
M3-V-CORE,280d8ebb-6cc6-2788-9153-98959a2da801,scene0119_00-scene0119_02-scene0119_03-scene0119_01-scene0119_04,canonical,2,output_materialization,7,43084b1c116e8379ad0447ccea1a237d473f007f292020fa6ec961a051b1820f,9.436975,559363072,592923648,33560576,5024776192,62616,427200,3778367,10857056,128276,5598,27,100,torch.float32,1f7c14ad5e7d7457222d5254d3d8d0a695d97954
M3-V-CORE,280d8ebb-6cc6-2788-9153-98959a2da801,scene0119_00-scene0119_02-scene0119_03-scene0119_01-scene0119_04,canonical,2,output_materialization,8,43084b1c116e8379ad0447ccea1a237d473f007f292020fa6ec961a051b1820f,9.517136,559363072,592923648,33560576,5024776192,62616,427200,3778367,10857056,128276,5598,27,100,torch.float32,1f7c14ad5e7d7457222d5254d3d8d0a695d97954
M3-V-CORE,280d8ebb-6cc6-2788-9153-98959a2da801,scene0119_00-scene0119_02-scene0119_03-scene0119_01-scene0119_04,canonical,2,output_materialization,9,43084b1c116e8379ad0447ccea1a237d473f007f292020fa6ec961a051b1820f,9.482136,559363072,592923648,33560576,5024776192,62616,427200,3778367,10857056,128276,5598,27,100,torch.float32,1f7c14ad5e7d7457222d5254d3d8d0a695d97954
M3-V-CORE,280d8ebb-6cc6-2788-9153-98959a2da801,scene0119_00-scene0119_02-scene0119_03-scene0119_01-scene0119_04,canonical,2,cumulative_T1_to_T,0,3f354f12741e8d8e7a579fafe8bbf3e7808a357d25486423ecd99639983796c8,4748.798466,559363072,2405616640,1846253568,5024776192,62616,427200,3778367,10857056,128276,5598,27,100,torch.float32,1f7c14ad5e7d7457222d5254d3d8d0a695d97954
M3-V-CORE,280d8ebb-6cc6-2788-9153-98959a2da801,scene0119_00-scene0119_02-scene0119_03-scene0119_01-scene0119_04,canonical,2,cumulative_T1_to_T,1,3f354f12741e8d8e7a579fafe8bbf3e7808a357d25486423ecd99639983796c8,5105.086202,559363072,2405588992,1846225920,5024776192,62616,427200,3778367,10857056,128276,5598,27,100,torch.float32,1f7c14ad5e7d7457222d5254d3d8d0a695d97954
M3-V-CORE,280d8ebb-6cc6-2788-9153-98959a2da801,scene0119_00-scene0119_02-scene0119_03-scene0119_01-scene0119_04,canonical,2,cumulative_T1_to_T,2,3f354f12741e8d8e7a579fafe8bbf3e7808a357d25486423ecd99639983796c8,5149.865827,559363072,2405598208,1846235136,5024776192,62616,427200,3778367,10857056,128276,5598,27,100,torch.float32,1f7c14ad5e7d7457222d5254d3d8d0a695d97954
M3-V-CORE,280d8ebb-6cc6-2788-9153-98959a2da801,scene0119_00-scene0119_02-scene0119_03-scene0119_01-scene0119_04,canonical,2,cumulative_T1_to_T,3,3f354f12741e8d8e7a579fafe8bbf3e7808a357d25486423ecd99639983796c8,4776.36462,559363072,2405576192,1846213120,5024776192,62616,427200,3778367,10857056,128276,5598,27,100,torch.float32,1f7c14ad5e7d7457222d5254d3d8d0a695d97954
M3-V-CORE,280d8ebb-6cc6-2788-9153-98959a2da801,scene0119_00-scene0119_02-scene0119_03-scene0119_01-scene0119_04,canonical,2,cumulative_T1_to_T,4,3f354f12741e8d8e7a579fafe8bbf3e7808a357d25486423ecd99639983796c8,6299.616855,559363072,2405610496,1846247424,5024776192,62616,427200,3778367,10857056,128276,5598,27,100,torch.float32,1f7c14ad5e7d7457222d5254d3d8d0a695d97954
M3-V-CORE,280d8ebb-6cc6-2788-9153-98959a2da801,scene0119_00-scene0119_02-scene0119_03-scene0119_01-scene0119_04,canonical,2,cumulative_T1_to_T,5,3f354f12741e8d8e7a579fafe8bbf3e7808a357d25486423ecd99639983796c8,5653.716885,559363072,2405619712,1846256640,5024776192,62616,427200,3778367,10857056,128276,5598,27,100,torch.float32,1f7c14ad5e7d7457222d5254d3d8d0a695d97954
M3-V-CORE,280d8ebb-6cc6-2788-9153-98959a2da801,scene0119_00-scene0119_02-scene0119_03-scene0119_01-scene0119_04,canonical,2,cumulative_T1_to_T,6,3f354f12741e8d8e7a579fafe8bbf3e7808a357d25486423ecd99639983796c8,4586.274926,559363072,2405592064,1846228992,5024776192,62616,427200,3778367,10857056,128276,5598,27,100,torch.float32,1f7c14ad5e7d7457222d5254d3d8d0a695d97954
M3-V-CORE,280d8ebb-6cc6-2788-9153-98959a2da801,scene0119_00-scene0119_02-scene0119_03-scene0119_01-scene0119_04,canonical,2,cumulative_T1_to_T,7,3f354f12741e8d8e7a579fafe8bbf3e7808a357d25486423ecd99639983796c8,6218.709316,559363072,2405632000,1846268928,5024776192,62616,427200,3778367,10857056,128276,5598,27,100,torch.float32,1f7c14ad5e7d7457222d5254d3d8d0a695d97954
M3-V-CORE,280d8ebb-6cc6-2788-9153-98959a2da801,scene0119_00-scene0119_02-scene0119_03-scene0119_01-scene0119_04,canonical,2,cumulative_T1_to_T,8,3f354f12741e8d8e7a579fafe8bbf3e7808a357d25486423ecd99639983796c8,5475.121103,559363072,2405592064,1846228992,5024776192,62616,427200,3778367,10857056,128276,5598,27,100,torch.float32,1f7c14ad5e7d7457222d5254d3d8d0a695d97954
M3-V-CORE,280d8ebb-6cc6-2788-9153-98959a2da801,scene0119_00-scene0119_02-scene0119_03-scene0119_01-scene0119_04,canonical,2,cumulative_T1_to_T,9,3f354f12741e8d8e7a579fafe8bbf3e7808a357d25486423ecd99639983796c8,4993.679722,559363072,2405613568,1846250496,5024776192,62616,427200,3778367,10857056,128276,5598,27,100,torch.float32,1f7c14ad5e7d7457222d5254d3d8d0a695d97954
M3-V-CORE,280d8ebb-6cc6-2788-9153-98959a2da801,scene0119_00-scene0119_02-scene0119_03-scene0119_01-scene0119_04,canonical,3,model_update,0,bfeefe7f3290ac5def52e992c63204e21cc3183595c82cc8a2b9da015cb38d1d,2151.250947,559363072,2236587008,1677223936,5024776192,62616,427200,3428084,9874144,116239,4926,31,100,torch.float32,1f7c14ad5e7d7457222d5254d3d8d0a695d97954
M3-V-CORE,280d8ebb-6cc6-2788-9153-98959a2da801,scene0119_00-scene0119_02-scene0119_03-scene0119_01-scene0119_04,canonical,3,model_update,1,bfeefe7f3290ac5def52e992c63204e21cc3183595c82cc8a2b9da015cb38d1d,2205.921242,559363072,2236622336,1677259264,5024776192,62616,427200,3428084,9874144,116239,4926,31,100,torch.float32,1f7c14ad5e7d7457222d5254d3d8d0a695d97954
M3-V-CORE,280d8ebb-6cc6-2788-9153-98959a2da801,scene0119_00-scene0119_02-scene0119_03-scene0119_01-scene0119_04,canonical,3,model_update,2,bfeefe7f3290ac5def52e992c63204e21cc3183595c82cc8a2b9da015cb38d1d,3275.968977,559363072,2234610176,1675247104,5024776192,62616,427200,3428084,9874144,116239,4926,31,100,torch.float32,1f7c14ad5e7d7457222d5254d3d8d0a695d97954
M3-V-CORE,280d8ebb-6cc6-2788-9153-98959a2da801,scene0119_00-scene0119_02-scene0119_03-scene0119_01-scene0119_04,canonical,3,model_update,3,bfeefe7f3290ac5def52e992c63204e21cc3183595c82cc8a2b9da015cb38d1d,3266.271279,559363072,2234610176,1675247104,5024776192,62616,427200,3428084,9874144,116239,4926,31,100,torch.float32,1f7c14ad5e7d7457222d5254d3d8d0a695d97954
M3-V-CORE,280d8ebb-6cc6-2788-9153-98959a2da801,scene0119_00-scene0119_02-scene0119_03-scene0119_01-scene0119_04,canonical,3,model_update,4,bfeefe7f3290ac5def52e992c63204e21cc3183595c82cc8a2b9da015cb38d1d,2317.481235,559363072,2236614144,1677251072,5024776192,62616,427200,3428084,9874144,116239,4926,31,100,torch.float32,1f7c14ad5e7d7457222d5254d3d8d0a695d97954
M3-V-CORE,280d8ebb-6cc6-2788-9153-98959a2da801,scene0119_00-scene0119_02-scene0119_03-scene0119_01-scene0119_04,canonical,3,model_update,5,bfeefe7f3290ac5def52e992c63204e21cc3183595c82cc8a2b9da015cb38d1d,2413.470292,559363072,2236614144,1677251072,5024776192,62616,427200,3428084,9874144,116239,4926,31,100,torch.float32,1f7c14ad5e7d7457222d5254d3d8d0a695d97954
M3-V-CORE,280d8ebb-6cc6-2788-9153-98959a2da801,scene0119_00-scene0119_02-scene0119_03-scene0119_01-scene0119_04,canonical,3,model_update,6,bfeefe7f3290ac5def52e992c63204e21cc3183595c82cc8a2b9da015cb38d1d,2158.636028,559363072,2236614144,1677251072,5024776192,62616,427200,3428084,9874144,116239,4926,31,100,torch.float32,1f7c14ad5e7d7457222d5254d3d8d0a695d97954
M3-V-CORE,280d8ebb-6cc6-2788-9153-98959a2da801,scene0119_00-scene0119_02-scene0119_03-scene0119_01-scene0119_04,canonical,3,model_update,7,bfeefe7f3290ac5def52e992c63204e21cc3183595c82cc8a2b9da015cb38d1d,2164.872155,559363072,2236606464,1677243392,5024776192,62616,427200,3428084,9874144,116239,4926,31,100,torch.float32,1f7c14ad5e7d7457222d5254d3d8d0a695d97954
M3-V-CORE,280d8ebb-6cc6-2788-9153-98959a2da801,scene0119_00-scene0119_02-scene0119_03-scene0119_01-scene0119_04,canonical,3,model_update,8,bfeefe7f3290ac5def52e992c63204e21cc3183595c82cc8a2b9da015cb38d1d,2311.101602,559363072,2236603392,1677240320,5024776192,62616,427200,3428084,9874144,116239,4926,31,100,torch.float32,1f7c14ad5e7d7457222d5254d3d8d0a695d97954
M3-V-CORE,280d8ebb-6cc6-2788-9153-98959a2da801,scene0119_00-scene0119_02-scene0119_03-scene0119_01-scene0119_04,canonical,3,model_update,9,bfeefe7f3290ac5def52e992c63204e21cc3183595c82cc8a2b9da015cb38d1d,2304.256479,559363072,2236633088,1677270016,5024776192,62616,427200,3428084,9874144,116239,4926,31,100,torch.float32,1f7c14ad5e7d7457222d5254d3d8d0a695d97954
M3-V-CORE,280d8ebb-6cc6-2788-9153-98959a2da801,scene0119_00-scene0119_02-scene0119_03-scene0119_01-scene0119_04,canonical,3,end_to_end_update,0,bfeefe7f3290ac5def52e992c63204e21cc3183595c82cc8a2b9da015cb38d1d,3515.642963,559363072,2236590080,1677227008,5024776192,62616,427200,3428084,9874144,116239,4926,31,100,torch.float32,1f7c14ad5e7d7457222d5254d3d8d0a695d97954
M3-V-CORE,280d8ebb-6cc6-2788-9153-98959a2da801,scene0119_00-scene0119_02-scene0119_03-scene0119_01-scene0119_04,canonical,3,end_to_end_update,1,bfeefe7f3290ac5def52e992c63204e21cc3183595c82cc8a2b9da015cb38d1d,3913.680432,559363072,2236600832,1677237760,5024776192,62616,427200,3428084,9874144,116239,4926,31,100,torch.float32,1f7c14ad5e7d7457222d5254d3d8d0a695d97954
M3-V-CORE,280d8ebb-6cc6-2788-9153-98959a2da801,scene0119_00-scene0119_02-scene0119_03-scene0119_01-scene0119_04,canonical,3,end_to_end_update,2,bfeefe7f3290ac5def52e992c63204e21cc3183595c82cc8a2b9da015cb38d1d,2569.770269,559363072,2236609024,1677245952,5024776192,62616,427200,3428084,9874144,116239,4926,31,100,torch.float32,1f7c14ad5e7d7457222d5254d3d8d0a695d97954
M3-V-CORE,280d8ebb-6cc6-2788-9153-98959a2da801,scene0119_00-scene0119_02-scene0119_03-scene0119_01-scene0119_04,canonical,3,end_to_end_update,3,bfeefe7f3290ac5def52e992c63204e21cc3183595c82cc8a2b9da015cb38d1d,3421.524631,559363072,2236598272,1677235200,5024776192,62616,427200,3428084,9874144,116239,4926,31,100,torch.float32,1f7c14ad5e7d7457222d5254d3d8d0a695d97954
M3-V-CORE,280d8ebb-6cc6-2788-9153-98959a2da801,scene0119_00-scene0119_02-scene0119_03-scene0119_01-scene0119_04,canonical,3,end_to_end_update,4,bfeefe7f3290ac5def52e992c63204e21cc3183595c82cc8a2b9da015cb38d1d,3065.201517,559363072,2236617216,1677254144,5024776192,62616,427200,3428084,9874144,116239,4926,31,100,torch.float32,1f7c14ad5e7d7457222d5254d3d8d0a695d97954
M3-V-CORE,280d8ebb-6cc6-2788-9153-98959a2da801,scene0119_00-scene0119_02-scene0119_03-scene0119_01-scene0119_04,canonical,3,end_to_end_update,5,bfeefe7f3290ac5def52e992c63204e21cc3183595c82cc8a2b9da015cb38d1d,2751.581394,559363072,2236606464,1677243392,5024776192,62616,427200,3428084,9874144,116239,4926,31,100,torch.float32,1f7c14ad5e7d7457222d5254d3d8d0a695d97954
M3-V-CORE,280d8ebb-6cc6-2788-9153-98959a2da801,scene0119_00-scene0119_02-scene0119_03-scene0119_01-scene0119_04,canonical,3,end_to_end_update,6,bfeefe7f3290ac5def52e992c63204e21cc3183595c82cc8a2b9da015cb38d1d,2647.045843,559363072,2236611584,1677248512,5024776192,62616,427200,3428084,9874144,116239,4926,31,100,torch.float32,1f7c14ad5e7d7457222d5254d3d8d0a695d97954
M3-V-CORE,280d8ebb-6cc6-2788-9153-98959a2da801,scene0119_00-scene0119_02-scene0119_03-scene0119_01-scene0119_04,canonical,3,end_to_end_update,7,bfeefe7f3290ac5def52e992c63204e21cc3183595c82cc8a2b9da015cb38d1d,2844.089457,559363072,2236614144,1677251072,5024776192,62616,427200,3428084,9874144,116239,4926,31,100,torch.float32,1f7c14ad5e7d7457222d5254d3d8d0a695d97954
M3-V-CORE,280d8ebb-6cc6-2788-9153-98959a2da801,scene0119_00-scene0119_02-scene0119_03-scene0119_01-scene0119_04,canonical,3,end_to_end_update,8,bfeefe7f3290ac5def52e992c63204e21cc3183595c82cc8a2b9da015cb38d1d,2514.193712,559363072,2234606592,1675243520,5024776192,62616,427200,3428084,9874144,116239,4926,31,100,torch.float32,1f7c14ad5e7d7457222d5254d3d8d0a695d97954
M3-V-CORE,280d8ebb-6cc6-2788-9153-98959a2da801,scene0119_00-scene0119_02-scene0119_03-scene0119_01-scene0119_04,canonical,3,end_to_end_update,9,bfeefe7f3290ac5def52e992c63204e21cc3183595c82cc8a2b9da015cb38d1d,2753.035592,559363072,2236611584,1677248512,5024776192,62616,427200,3428084,9874144,116239,4926,31,100,torch.float32,1f7c14ad5e7d7457222d5254d3d8d0a695d97954
M3-V-CORE,280d8ebb-6cc6-2788-9153-98959a2da801,scene0119_00-scene0119_02-scene0119_03-scene0119_01-scene0119_04,canonical,3,output_materialization,0,bfeefe7f3290ac5def52e992c63204e21cc3183595c82cc8a2b9da015cb38d1d,8.903773,559363072,592923648,33560576,5024776192,62616,427200,3428084,9874144,116239,4926,31,100,torch.float32,1f7c14ad5e7d7457222d5254d3d8d0a695d97954
M3-V-CORE,280d8ebb-6cc6-2788-9153-98959a2da801,scene0119_00-scene0119_02-scene0119_03-scene0119_01-scene0119_04,canonical,3,output_materialization,1,bfeefe7f3290ac5def52e992c63204e21cc3183595c82cc8a2b9da015cb38d1d,8.927569,559363072,592923648,33560576,5024776192,62616,427200,3428084,9874144,116239,4926,31,100,torch.float32,1f7c14ad5e7d7457222d5254d3d8d0a695d97954
M3-V-CORE,280d8ebb-6cc6-2788-9153-98959a2da801,scene0119_00-scene0119_02-scene0119_03-scene0119_01-scene0119_04,canonical,3,output_materialization,2,bfeefe7f3290ac5def52e992c63204e21cc3183595c82cc8a2b9da015cb38d1d,8.957378,559363072,592923648,33560576,5024776192,62616,427200,3428084,9874144,116239,4926,31,100,torch.float32,1f7c14ad5e7d7457222d5254d3d8d0a695d97954
M3-V-CORE,280d8ebb-6cc6-2788-9153-98959a2da801,scene0119_00-scene0119_02-scene0119_03-scene0119_01-scene0119_04,canonical,3,output_materialization,3,bfeefe7f3290ac5def52e992c63204e21cc3183595c82cc8a2b9da015cb38d1d,8.938881,559363072,592923648,33560576,5024776192,62616,427200,3428084,9874144,116239,4926,31,100,torch.float32,1f7c14ad5e7d7457222d5254d3d8d0a695d97954
M3-V-CORE,280d8ebb-6cc6-2788-9153-98959a2da801,scene0119_00-scene0119_02-scene0119_03-scene0119_01-scene0119_04,canonical,3,output_materialization,4,bfeefe7f3290ac5def52e992c63204e21cc3183595c82cc8a2b9da015cb38d1d,8.889892,559363072,592923648,33560576,5024776192,62616,427200,3428084,9874144,116239,4926,31,100,torch.float32,1f7c14ad5e7d7457222d5254d3d8d0a695d97954
M3-V-CORE,280d8ebb-6cc6-2788-9153-98959a2da801,scene0119_00-scene0119_02-scene0119_03-scene0119_01-scene0119_04,canonical,3,output_materialization,5,bfeefe7f3290ac5def52e992c63204e21cc3183595c82cc8a2b9da015cb38d1d,9.31942,559363072,592923648,33560576,5024776192,62616,427200,3428084,9874144,116239,4926,31,100,torch.float32,1f7c14ad5e7d7457222d5254d3d8d0a695d97954
M3-V-CORE,280d8ebb-6cc6-2788-9153-98959a2da801,scene0119_00-scene0119_02-scene0119_03-scene0119_01-scene0119_04,canonical,3,output_materialization,6,bfeefe7f3290ac5def52e992c63204e21cc3183595c82cc8a2b9da015cb38d1d,8.821741,559363072,592923648,33560576,5024776192,62616,427200,3428084,9874144,116239,4926,31,100,torch.float32,1f7c14ad5e7d7457222d5254d3d8d0a695d97954
M3-V-CORE,280d8ebb-6cc6-2788-9153-98959a2da801,scene0119_00-scene0119_02-scene0119_03-scene0119_01-scene0119_04,canonical,3,output_materialization,7,bfeefe7f3290ac5def52e992c63204e21cc3183595c82cc8a2b9da015cb38d1d,8.793218,559363072,592923648,33560576,5024776192,62616,427200,3428084,9874144,116239,4926,31,100,torch.float32,1f7c14ad5e7d7457222d5254d3d8d0a695d97954
M3-V-CORE,280d8ebb-6cc6-2788-9153-98959a2da801,scene0119_00-scene0119_02-scene0119_03-scene0119_01-scene0119_04,canonical,3,output_materialization,8,bfeefe7f3290ac5def52e992c63204e21cc3183595c82cc8a2b9da015cb38d1d,8.799132,559363072,592923648,33560576,5024776192,62616,427200,3428084,9874144,116239,4926,31,100,torch.float32,1f7c14ad5e7d7457222d5254d3d8d0a695d97954
M3-V-CORE,280d8ebb-6cc6-2788-9153-98959a2da801,scene0119_00-scene0119_02-scene0119_03-scene0119_01-scene0119_04,canonical,3,output_materialization,9,bfeefe7f3290ac5def52e992c63204e21cc3183595c82cc8a2b9da015cb38d1d,8.879356,559363072,592923648,33560576,5024776192,62616,427200,3428084,9874144,116239,4926,31,100,torch.float32,1f7c14ad5e7d7457222d5254d3d8d0a695d97954
M3-V-CORE,280d8ebb-6cc6-2788-9153-98959a2da801,scene0119_00-scene0119_02-scene0119_03-scene0119_01-scene0119_04,canonical,3,cumulative_T1_to_T,0,3f354f12741e8d8e7a579fafe8bbf3e7808a357d25486423ecd99639983796c8,7382.744893,559363072,2405654528,1846291456,5024776192,62616,427200,3428084,9874144,116239,4926,31,100,torch.float32,1f7c14ad5e7d7457222d5254d3d8d0a695d97954
M3-V-CORE,280d8ebb-6cc6-2788-9153-98959a2da801,scene0119_00-scene0119_02-scene0119_03-scene0119_01-scene0119_04,canonical,3,cumulative_T1_to_T,1,3f354f12741e8d8e7a579fafe8bbf3e7808a357d25486423ecd99639983796c8,9499.798825,559363072,2405610496,1846247424,5024776192,62616,427200,3428084,9874144,116239,4926,31,100,torch.float32,1f7c14ad5e7d7457222d5254d3d8d0a695d97954
M3-V-CORE,280d8ebb-6cc6-2788-9153-98959a2da801,scene0119_00-scene0119_02-scene0119_03-scene0119_01-scene0119_04,canonical,3,cumulative_T1_to_T,2,3f354f12741e8d8e7a579fafe8bbf3e7808a357d25486423ecd99639983796c8,7538.749298,559363072,2405585920,1846222848,5024776192,62616,427200,3428084,9874144,116239,4926,31,100,torch.float32,1f7c14ad5e7d7457222d5254d3d8d0a695d97954
M3-V-CORE,280d8ebb-6cc6-2788-9153-98959a2da801,scene0119_00-scene0119_02-scene0119_03-scene0119_01-scene0119_04,canonical,3,cumulative_T1_to_T,3,3f354f12741e8d8e7a579fafe8bbf3e7808a357d25486423ecd99639983796c8,7334.082091,559363072,2405632000,1846268928,5024776192,62616,427200,3428084,9874144,116239,4926,31,100,torch.float32,1f7c14ad5e7d7457222d5254d3d8d0a695d97954
M3-V-CORE,280d8ebb-6cc6-2788-9153-98959a2da801,scene0119_00-scene0119_02-scene0119_03-scene0119_01-scene0119_04,canonical,3,cumulative_T1_to_T,4,3f354f12741e8d8e7a579fafe8bbf3e7808a357d25486423ecd99639983796c8,7288.760511,559363072,2405579264,1846216192,5024776192,62616,427200,3428084,9874144,116239,4926,31,100,torch.float32,1f7c14ad5e7d7457222d5254d3d8d0a695d97954
M3-V-CORE,280d8ebb-6cc6-2788-9153-98959a2da801,scene0119_00-scene0119_02-scene0119_03-scene0119_01-scene0119_04,canonical,3,cumulative_T1_to_T,5,3f354f12741e8d8e7a579fafe8bbf3e7808a357d25486423ecd99639983796c8,8716.781023,559363072,2405582848,1846219776,5024776192,62616,427200,3428084,9874144,116239,4926,31,100,torch.float32,1f7c14ad5e7d7457222d5254d3d8d0a695d97954
M3-V-CORE,280d8ebb-6cc6-2788-9153-98959a2da801,scene0119_00-scene0119_02-scene0119_03-scene0119_01-scene0119_04,canonical,3,cumulative_T1_to_T,6,3f354f12741e8d8e7a579fafe8bbf3e7808a357d25486423ecd99639983796c8,8076.543949,559363072,2405607424,1846244352,5024776192,62616,427200,3428084,9874144,116239,4926,31,100,torch.float32,1f7c14ad5e7d7457222d5254d3d8d0a695d97954
M3-V-CORE,280d8ebb-6cc6-2788-9153-98959a2da801,scene0119_00-scene0119_02-scene0119_03-scene0119_01-scene0119_04,canonical,3,cumulative_T1_to_T,7,3f354f12741e8d8e7a579fafe8bbf3e7808a357d25486423ecd99639983796c8,8586.551869,559363072,2405619712,1846256640,5024776192,62616,427200,3428084,9874144,116239,4926,31,100,torch.float32,1f7c14ad5e7d7457222d5254d3d8d0a695d97954
M3-V-CORE,280d8ebb-6cc6-2788-9153-98959a2da801,scene0119_00-scene0119_02-scene0119_03-scene0119_01-scene0119_04,canonical,3,cumulative_T1_to_T,8,3f354f12741e8d8e7a579fafe8bbf3e7808a357d25486423ecd99639983796c8,8107.763999,559363072,2405604352,1846241280,5024776192,62616,427200,3428084,9874144,116239,4926,31,100,torch.float32,1f7c14ad5e7d7457222d5254d3d8d0a695d97954
M3-V-CORE,280d8ebb-6cc6-2788-9153-98959a2da801,scene0119_00-scene0119_02-scene0119_03-scene0119_01-scene0119_04,canonical,3,cumulative_T1_to_T,9,3f354f12741e8d8e7a579fafe8bbf3e7808a357d25486423ecd99639983796c8,7966.055527,559363072,2405607424,1846244352,5024776192,62616,427200,3428084,9874144,116239,4926,31,100,torch.float32,1f7c14ad5e7d7457222d5254d3d8d0a695d97954
M3-V-CORE,280d8ebb-6cc6-2788-9153-98959a2da801,scene0119_00-scene0119_02-scene0119_03-scene0119_01-scene0119_04,canonical,4,model_update,0,01a85527962e9a34732de598bea871e3d41c462a6511c394000e754854e8e668,1717.827057,559363072,2014573568,1455210496,5024776192,62616,427200,2919499,8394784,100742,4190,40,100,torch.float32,1f7c14ad5e7d7457222d5254d3d8d0a695d97954
M3-V-CORE,280d8ebb-6cc6-2788-9153-98959a2da801,scene0119_00-scene0119_02-scene0119_03-scene0119_01-scene0119_04,canonical,4,model_update,1,01a85527962e9a34732de598bea871e3d41c462a6511c394000e754854e8e668,1895.361438,559363072,2014592512,1455229440,5024776192,62616,427200,2919499,8394784,100742,4190,40,100,torch.float32,1f7c14ad5e7d7457222d5254d3d8d0a695d97954
M3-V-CORE,280d8ebb-6cc6-2788-9153-98959a2da801,scene0119_00-scene0119_02-scene0119_03-scene0119_01-scene0119_04,canonical,4,model_update,2,01a85527962e9a34732de598bea871e3d41c462a6511c394000e754854e8e668,1651.031612,559363072,2014557696,1455194624,5024776192,62616,427200,2919499,8394784,100742,4190,40,100,torch.float32,1f7c14ad5e7d7457222d5254d3d8d0a695d97954
M3-V-CORE,280d8ebb-6cc6-2788-9153-98959a2da801,scene0119_00-scene0119_02-scene0119_03-scene0119_01-scene0119_04,canonical,4,model_update,3,01a85527962e9a34732de598bea871e3d41c462a6511c394000e754854e8e668,1664.26919,559363072,2014573568,1455210496,5024776192,62616,427200,2919499,8394784,100742,4190,40,100,torch.float32,1f7c14ad5e7d7457222d5254d3d8d0a695d97954
M3-V-CORE,280d8ebb-6cc6-2788-9153-98959a2da801,scene0119_00-scene0119_02-scene0119_03-scene0119_01-scene0119_04,canonical,4,model_update,4,01a85527962e9a34732de598bea871e3d41c462a6511c394000e754854e8e668,1605.605607,559363072,2014609408,1455246336,5024776192,62616,427200,2919499,8394784,100742,4190,40,100,torch.float32,1f7c14ad5e7d7457222d5254d3d8d0a695d97954
M3-V-CORE,280d8ebb-6cc6-2788-9153-98959a2da801,scene0119_00-scene0119_02-scene0119_03-scene0119_01-scene0119_04,canonical,4,model_update,5,01a85527962e9a34732de598bea871e3d41c462a6511c394000e754854e8e668,2388.183195,559363072,2014589952,1455226880,5024776192,62616,427200,2919499,8394784,100742,4190,40,100,torch.float32,1f7c14ad5e7d7457222d5254d3d8d0a695d97954
M3-V-CORE,280d8ebb-6cc6-2788-9153-98959a2da801,scene0119_00-scene0119_02-scene0119_03-scene0119_01-scene0119_04,canonical,4,model_update,6,01a85527962e9a34732de598bea871e3d41c462a6511c394000e754854e8e668,1611.470743,559363072,2014571008,1455207936,5024776192,62616,427200,2919499,8394784,100742,4190,40,100,torch.float32,1f7c14ad5e7d7457222d5254d3d8d0a695d97954
M3-V-CORE,280d8ebb-6cc6-2788-9153-98959a2da801,scene0119_00-scene0119_02-scene0119_03-scene0119_01-scene0119_04,canonical,4,model_update,7,01a85527962e9a34732de598bea871e3d41c462a6511c394000e754854e8e668,1667.626981,559363072,2014573568,1455210496,5024776192,62616,427200,2919499,8394784,100742,4190,40,100,torch.float32,1f7c14ad5e7d7457222d5254d3d8d0a695d97954
M3-V-CORE,280d8ebb-6cc6-2788-9153-98959a2da801,scene0119_00-scene0119_02-scene0119_03-scene0119_01-scene0119_04,canonical,4,model_update,8,01a85527962e9a34732de598bea871e3d41c462a6511c394000e754854e8e668,1839.014287,559363072,2014579200,1455216128,5024776192,62616,427200,2919499,8394784,100742,4190,40,100,torch.float32,1f7c14ad5e7d7457222d5254d3d8d0a695d97954
M3-V-CORE,280d8ebb-6cc6-2788-9153-98959a2da801,scene0119_00-scene0119_02-scene0119_03-scene0119_01-scene0119_04,canonical,4,model_update,9,01a85527962e9a34732de598bea871e3d41c462a6511c394000e754854e8e668,1700.947754,559363072,2014614528,1455251456,5024776192,62616,427200,2919499,8394784,100742,4190,40,100,torch.float32,1f7c14ad5e7d7457222d5254d3d8d0a695d97954
M3-V-CORE,280d8ebb-6cc6-2788-9153-98959a2da801,scene0119_00-scene0119_02-scene0119_03-scene0119_01-scene0119_04,canonical,4,end_to_end_update,0,01a85527962e9a34732de598bea871e3d41c462a6511c394000e754854e8e668,2019.527602,559363072,2014574080,1455211008,5024776192,62616,427200,2919499,8394784,100742,4190,40,100,torch.float32,1f7c14ad5e7d7457222d5254d3d8d0a695d97954
M3-V-CORE,280d8ebb-6cc6-2788-9153-98959a2da801,scene0119_00-scene0119_02-scene0119_03-scene0119_01-scene0119_04,canonical,4,end_to_end_update,1,01a85527962e9a34732de598bea871e3d41c462a6511c394000e754854e8e668,2165.209922,559363072,2014565888,1455202816,5024776192,62616,427200,2919499,8394784,100742,4190,40,100,torch.float32,1f7c14ad5e7d7457222d5254d3d8d0a695d97954
M3-V-CORE,280d8ebb-6cc6-2788-9153-98959a2da801,scene0119_00-scene0119_02-scene0119_03-scene0119_01-scene0119_04,canonical,4,end_to_end_update,2,01a85527962e9a34732de598bea871e3d41c462a6511c394000e754854e8e668,2167.842899,559363072,2014574080,1455211008,5024776192,62616,427200,2919499,8394784,100742,4190,40,100,torch.float32,1f7c14ad5e7d7457222d5254d3d8d0a695d97954
M3-V-CORE,280d8ebb-6cc6-2788-9153-98959a2da801,scene0119_00-scene0119_02-scene0119_03-scene0119_01-scene0119_04,canonical,4,end_to_end_update,3,01a85527962e9a34732de598bea871e3d41c462a6511c394000e754854e8e668,1909.928102,559363072,2014579200,1455216128,5024776192,62616,427200,2919499,8394784,100742,4190,40,100,torch.float32,1f7c14ad5e7d7457222d5254d3d8d0a695d97954
M3-V-CORE,280d8ebb-6cc6-2788-9153-98959a2da801,scene0119_00-scene0119_02-scene0119_03-scene0119_01-scene0119_04,canonical,4,end_to_end_update,4,01a85527962e9a34732de598bea871e3d41c462a6511c394000e754854e8e668,2268.544897,559363072,2014592512,1455229440,5024776192,62616,427200,2919499,8394784,100742,4190,40,100,torch.float32,1f7c14ad5e7d7457222d5254d3d8d0a695d97954
M3-V-CORE,280d8ebb-6cc6-2788-9153-98959a2da801,scene0119_00-scene0119_02-scene0119_03-scene0119_01-scene0119_04,canonical,4,end_to_end_update,5,01a85527962e9a34732de598bea871e3d41c462a6511c394000e754854e8e668,1943.749451,559363072,2014548992,1455185920,5024776192,62616,427200,2919499,8394784,100742,4190,40,100,torch.float32,1f7c14ad5e7d7457222d5254d3d8d0a695d97954
M3-V-CORE,280d8ebb-6cc6-2788-9153-98959a2da801,scene0119_00-scene0119_02-scene0119_03-scene0119_01-scene0119_04,canonical,4,end_to_end_update,6,01a85527962e9a34732de598bea871e3d41c462a6511c394000e754854e8e668,1946.099537,559363072,2014581760,1455218688,5024776192,62616,427200,2919499,8394784,100742,4190,40,100,torch.float32,1f7c14ad5e7d7457222d5254d3d8d0a695d97954
M3-V-CORE,280d8ebb-6cc6-2788-9153-98959a2da801,scene0119_00-scene0119_02-scene0119_03-scene0119_01-scene0119_04,canonical,4,end_to_end_update,7,01a85527962e9a34732de598bea871e3d41c462a6511c394000e754854e8e668,1929.696266,559363072,2014589952,1455226880,5024776192,62616,427200,2919499,8394784,100742,4190,40,100,torch.float32,1f7c14ad5e7d7457222d5254d3d8d0a695d97954
M3-V-CORE,280d8ebb-6cc6-2788-9153-98959a2da801,scene0119_00-scene0119_02-scene0119_03-scene0119_01-scene0119_04,canonical,4,end_to_end_update,8,01a85527962e9a34732de598bea871e3d41c462a6511c394000e754854e8e668,2096.213966,559363072,2014557696,1455194624,5024776192,62616,427200,2919499,8394784,100742,4190,40,100,torch.float32,1f7c14ad5e7d7457222d5254d3d8d0a695d97954
M3-V-CORE,280d8ebb-6cc6-2788-9153-98959a2da801,scene0119_00-scene0119_02-scene0119_03-scene0119_01-scene0119_04,canonical,4,end_to_end_update,9,01a85527962e9a34732de598bea871e3d41c462a6511c394000e754854e8e668,2297.889485,559363072,2014581760,1455218688,5024776192,62616,427200,2919499,8394784,100742,4190,40,100,torch.float32,1f7c14ad5e7d7457222d5254d3d8d0a695d97954
M3-V-CORE,280d8ebb-6cc6-2788-9153-98959a2da801,scene0119_00-scene0119_02-scene0119_03-scene0119_01-scene0119_04,canonical,4,output_materialization,0,01a85527962e9a34732de598bea871e3d41c462a6511c394000e754854e8e668,9.320373,559363072,592923648,33560576,5024776192,62616,427200,2919499,8394784,100742,4190,40,100,torch.float32,1f7c14ad5e7d7457222d5254d3d8d0a695d97954
M3-V-CORE,280d8ebb-6cc6-2788-9153-98959a2da801,scene0119_00-scene0119_02-scene0119_03-scene0119_01-scene0119_04,canonical,4,output_materialization,1,01a85527962e9a34732de598bea871e3d41c462a6511c394000e754854e8e668,9.303311,559363072,592923648,33560576,5024776192,62616,427200,2919499,8394784,100742,4190,40,100,torch.float32,1f7c14ad5e7d7457222d5254d3d8d0a695d97954
M3-V-CORE,280d8ebb-6cc6-2788-9153-98959a2da801,scene0119_00-scene0119_02-scene0119_03-scene0119_01-scene0119_04,canonical,4,output_materialization,2,01a85527962e9a34732de598bea871e3d41c462a6511c394000e754854e8e668,9.692817,559363072,592923648,33560576,5024776192,62616,427200,2919499,8394784,100742,4190,40,100,torch.float32,1f7c14ad5e7d7457222d5254d3d8d0a695d97954
M3-V-CORE,280d8ebb-6cc6-2788-9153-98959a2da801,scene0119_00-scene0119_02-scene0119_03-scene0119_01-scene0119_04,canonical,4,output_materialization,3,01a85527962e9a34732de598bea871e3d41c462a6511c394000e754854e8e668,9.145396,559363072,592923648,33560576,5024776192,62616,427200,2919499,8394784,100742,4190,40,100,torch.float32,1f7c14ad5e7d7457222d5254d3d8d0a695d97954
M3-V-CORE,280d8ebb-6cc6-2788-9153-98959a2da801,scene0119_00-scene0119_02-scene0119_03-scene0119_01-scene0119_04,canonical,4,output_materialization,4,01a85527962e9a34732de598bea871e3d41c462a6511c394000e754854e8e668,9.235032,559363072,592923648,33560576,5024776192,62616,427200,2919499,8394784,100742,4190,40,100,torch.float32,1f7c14ad5e7d7457222d5254d3d8d0a695d97954
M3-V-CORE,280d8ebb-6cc6-2788-9153-98959a2da801,scene0119_00-scene0119_02-scene0119_03-scene0119_01-scene0119_04,canonical,4,output_materialization,5,01a85527962e9a34732de598bea871e3d41c462a6511c394000e754854e8e668,9.272191,559363072,592923648,33560576,5024776192,62616,427200,2919499,8394784,100742,4190,40,100,torch.float32,1f7c14ad5e7d7457222d5254d3d8d0a695d97954
M3-V-CORE,280d8ebb-6cc6-2788-9153-98959a2da801,scene0119_00-scene0119_02-scene0119_03-scene0119_01-scene0119_04,canonical,4,output_materialization,6,01a85527962e9a34732de598bea871e3d41c462a6511c394000e754854e8e668,9.504688,559363072,592923648,33560576,5024776192,62616,427200,2919499,8394784,100742,4190,40,100,torch.float32,1f7c14ad5e7d7457222d5254d3d8d0a695d97954
M3-V-CORE,280d8ebb-6cc6-2788-9153-98959a2da801,scene0119_00-scene0119_02-scene0119_03-scene0119_01-scene0119_04,canonical,4,output_materialization,7,01a85527962e9a34732de598bea871e3d41c462a6511c394000e754854e8e668,9.125316,559363072,592923648,33560576,5024776192,62616,427200,2919499,8394784,100742,4190,40,100,torch.float32,1f7c14ad5e7d7457222d5254d3d8d0a695d97954
M3-V-CORE,280d8ebb-6cc6-2788-9153-98959a2da801,scene0119_00-scene0119_02-scene0119_03-scene0119_01-scene0119_04,canonical,4,output_materialization,8,01a85527962e9a34732de598bea871e3d41c462a6511c394000e754854e8e668,8.410382,559363072,592923648,33560576,5024776192,62616,427200,2919499,8394784,100742,4190,40,100,torch.float32,1f7c14ad5e7d7457222d5254d3d8d0a695d97954
M3-V-CORE,280d8ebb-6cc6-2788-9153-98959a2da801,scene0119_00-scene0119_02-scene0119_03-scene0119_01-scene0119_04,canonical,4,output_materialization,9,01a85527962e9a34732de598bea871e3d41c462a6511c394000e754854e8e668,8.579367,559363072,592923648,33560576,5024776192,62616,427200,2919499,8394784,100742,4190,40,100,torch.float32,1f7c14ad5e7d7457222d5254d3d8d0a695d97954
M3-V-CORE,280d8ebb-6cc6-2788-9153-98959a2da801,scene0119_00-scene0119_02-scene0119_03-scene0119_01-scene0119_04,canonical,4,cumulative_T1_to_T,0,3f354f12741e8d8e7a579fafe8bbf3e7808a357d25486423ecd99639983796c8,10875.849886,559363072,2405628928,1846265856,5024776192,62616,427200,2919499,8394784,100742,4190,40,100,torch.float32,1f7c14ad5e7d7457222d5254d3d8d0a695d97954
M3-V-CORE,280d8ebb-6cc6-2788-9153-98959a2da801,scene0119_00-scene0119_02-scene0119_03-scene0119_01-scene0119_04,canonical,4,cumulative_T1_to_T,1,3f354f12741e8d8e7a579fafe8bbf3e7808a357d25486423ecd99639983796c8,10096.442524,559363072,2405616640,1846253568,5024776192,62616,427200,2919499,8394784,100742,4190,40,100,torch.float32,1f7c14ad5e7d7457222d5254d3d8d0a695d97954
M3-V-CORE,280d8ebb-6cc6-2788-9153-98959a2da801,scene0119_00-scene0119_02-scene0119_03-scene0119_01-scene0119_04,canonical,4,cumulative_T1_to_T,2,3f354f12741e8d8e7a579fafe8bbf3e7808a357d25486423ecd99639983796c8,10542.994501,559363072,2405644800,1846281728,5024776192,62616,427200,2919499,8394784,100742,4190,40,100,torch.float32,1f7c14ad5e7d7457222d5254d3d8d0a695d97954
M3-V-CORE,280d8ebb-6cc6-2788-9153-98959a2da801,scene0119_00-scene0119_02-scene0119_03-scene0119_01-scene0119_04,canonical,4,cumulative_T1_to_T,3,3f354f12741e8d8e7a579fafe8bbf3e7808a357d25486423ecd99639983796c8,9406.553818,559363072,2405598208,1846235136,5024776192,62616,427200,2919499,8394784,100742,4190,40,100,torch.float32,1f7c14ad5e7d7457222d5254d3d8d0a695d97954
M3-V-CORE,280d8ebb-6cc6-2788-9153-98959a2da801,scene0119_00-scene0119_02-scene0119_03-scene0119_01-scene0119_04,canonical,4,cumulative_T1_to_T,4,3f354f12741e8d8e7a579fafe8bbf3e7808a357d25486423ecd99639983796c8,9273.861078,559363072,2405573120,1846210048,5024776192,62616,427200,2919499,8394784,100742,4190,40,100,torch.float32,1f7c14ad5e7d7457222d5254d3d8d0a695d97954
M3-V-CORE,280d8ebb-6cc6-2788-9153-98959a2da801,scene0119_00-scene0119_02-scene0119_03-scene0119_01-scene0119_04,canonical,4,cumulative_T1_to_T,5,3f354f12741e8d8e7a579fafe8bbf3e7808a357d25486423ecd99639983796c8,11149.493939,559363072,2405644800,1846281728,5024776192,62616,427200,2919499,8394784,100742,4190,40,100,torch.float32,1f7c14ad5e7d7457222d5254d3d8d0a695d97954
M3-V-CORE,280d8ebb-6cc6-2788-9153-98959a2da801,scene0119_00-scene0119_02-scene0119_03-scene0119_01-scene0119_04,canonical,4,cumulative_T1_to_T,6,3f354f12741e8d8e7a579fafe8bbf3e7808a357d25486423ecd99639983796c8,10074.568083,559363072,2404502016,1845138944,5024776192,62616,427200,2919499,8394784,100742,4190,40,100,torch.float32,1f7c14ad5e7d7457222d5254d3d8d0a695d97954
M3-V-CORE,280d8ebb-6cc6-2788-9153-98959a2da801,scene0119_00-scene0119_02-scene0119_03-scene0119_01-scene0119_04,canonical,4,cumulative_T1_to_T,7,3f354f12741e8d8e7a579fafe8bbf3e7808a357d25486423ecd99639983796c8,9479.223607,559363072,2405588992,1846225920,5024776192,62616,427200,2919499,8394784,100742,4190,40,100,torch.float32,1f7c14ad5e7d7457222d5254d3d8d0a695d97954
M3-V-CORE,280d8ebb-6cc6-2788-9153-98959a2da801,scene0119_00-scene0119_02-scene0119_03-scene0119_01-scene0119_04,canonical,4,cumulative_T1_to_T,8,3f354f12741e8d8e7a579fafe8bbf3e7808a357d25486423ecd99639983796c8,9094.416047,559363072,2405579264,1846216192,5024776192,62616,427200,2919499,8394784,100742,4190,40,100,torch.float32,1f7c14ad5e7d7457222d5254d3d8d0a695d97954
M3-V-CORE,280d8ebb-6cc6-2788-9153-98959a2da801,scene0119_00-scene0119_02-scene0119_03-scene0119_01-scene0119_04,canonical,4,cumulative_T1_to_T,9,3f354f12741e8d8e7a579fafe8bbf3e7808a357d25486423ecd99639983796c8,9974.405875,559363072,2405610496,1846247424,5024776192,62616,427200,2919499,8394784,100742,4190,40,100,torch.float32,1f7c14ad5e7d7457222d5254d3d8d0a695d97954
M3-V-CORE,280d8ebb-6cc6-2788-9153-98959a2da801,scene0119_00-scene0119_02-scene0119_03-scene0119_01-scene0119_04,canonical,5,model_update,0,9ff95df5aee4bd1665cc4aae95191881ae1182cda435b35e00f0d9591a2469e2,3501.794059,559363072,2414663680,1855300608,5024776192,62616,427200,3879330,11354656,130500,6369,46,100,torch.float32,1f7c14ad5e7d7457222d5254d3d8d0a695d97954
M3-V-CORE,280d8ebb-6cc6-2788-9153-98959a2da801,scene0119_00-scene0119_02-scene0119_03-scene0119_01-scene0119_04,canonical,5,model_update,1,9ff95df5aee4bd1665cc4aae95191881ae1182cda435b35e00f0d9591a2469e2,2932.08102,559363072,2414679552,1855316480,5024776192,62616,427200,3879330,11354656,130500,6369,46,100,torch.float32,1f7c14ad5e7d7457222d5254d3d8d0a695d97954
M3-V-CORE,280d8ebb-6cc6-2788-9153-98959a2da801,scene0119_00-scene0119_02-scene0119_03-scene0119_01-scene0119_04,canonical,5,model_update,2,9ff95df5aee4bd1665cc4aae95191881ae1182cda435b35e00f0d9591a2469e2,3166.481101,559363072,2414674944,1855311872,5024776192,62616,427200,3879330,11354656,130500,6369,46,100,torch.float32,1f7c14ad5e7d7457222d5254d3d8d0a695d97954
M3-V-CORE,280d8ebb-6cc6-2788-9153-98959a2da801,scene0119_00-scene0119_02-scene0119_03-scene0119_01-scene0119_04,canonical,5,model_update,3,9ff95df5aee4bd1665cc4aae95191881ae1182cda435b35e00f0d9591a2469e2,3344.469527,559363072,2414678528,1855315456,5024776192,62616,427200,3879330,11354656,130500,6369,46,100,torch.float32,1f7c14ad5e7d7457222d5254d3d8d0a695d97954
M3-V-CORE,280d8ebb-6cc6-2788-9153-98959a2da801,scene0119_00-scene0119_02-scene0119_03-scene0119_01-scene0119_04,canonical,5,model_update,4,9ff95df5aee4bd1665cc4aae95191881ae1182cda435b35e00f0d9591a2469e2,3351.388938,559363072,2414717440,1855354368,5024776192,62616,427200,3879330,11354656,130500,6369,46,100,torch.float32,1f7c14ad5e7d7457222d5254d3d8d0a695d97954
M3-V-CORE,280d8ebb-6cc6-2788-9153-98959a2da801,scene0119_00-scene0119_02-scene0119_03-scene0119_01-scene0119_04,canonical,5,model_update,5,9ff95df5aee4bd1665cc4aae95191881ae1182cda435b35e00f0d9591a2469e2,3063.688065,559363072,2414651904,1855288832,5024776192,62616,427200,3879330,11354656,130500,6369,46,100,torch.float32,1f7c14ad5e7d7457222d5254d3d8d0a695d97954
M3-V-CORE,280d8ebb-6cc6-2788-9153-98959a2da801,scene0119_00-scene0119_02-scene0119_03-scene0119_01-scene0119_04,canonical,5,model_update,6,9ff95df5aee4bd1665cc4aae95191881ae1182cda435b35e00f0d9591a2469e2,4660.5814,559363072,2412391424,1853028352,5024776192,62616,427200,3879330,11354656,130500,6369,46,100,torch.float32,1f7c14ad5e7d7457222d5254d3d8d0a695d97954
M3-V-CORE,280d8ebb-6cc6-2788-9153-98959a2da801,scene0119_00-scene0119_02-scene0119_03-scene0119_01-scene0119_04,canonical,5,model_update,7,9ff95df5aee4bd1665cc4aae95191881ae1182cda435b35e00f0d9591a2469e2,2858.695993,559363072,2414722048,1855358976,5024776192,62616,427200,3879330,11354656,130500,6369,46,100,torch.float32,1f7c14ad5e7d7457222d5254d3d8d0a695d97954
M3-V-CORE,280d8ebb-6cc6-2788-9153-98959a2da801,scene0119_00-scene0119_02-scene0119_03-scene0119_01-scene0119_04,canonical,5,model_update,8,9ff95df5aee4bd1665cc4aae95191881ae1182cda435b35e00f0d9591a2469e2,3194.834104,559363072,2414667264,1855304192,5024776192,62616,427200,3879330,11354656,130500,6369,46,100,torch.float32,1f7c14ad5e7d7457222d5254d3d8d0a695d97954
M3-V-CORE,280d8ebb-6cc6-2788-9153-98959a2da801,scene0119_00-scene0119_02-scene0119_03-scene0119_01-scene0119_04,canonical,5,model_update,9,9ff95df5aee4bd1665cc4aae95191881ae1182cda435b35e00f0d9591a2469e2,3460.060355,559363072,2414639616,1855276544,5024776192,62616,427200,3879330,11354656,130500,6369,46,100,torch.float32,1f7c14ad5e7d7457222d5254d3d8d0a695d97954
M3-V-CORE,280d8ebb-6cc6-2788-9153-98959a2da801,scene0119_00-scene0119_02-scene0119_03-scene0119_01-scene0119_04,canonical,5,end_to_end_update,0,9ff95df5aee4bd1665cc4aae95191881ae1182cda435b35e00f0d9591a2469e2,3684.431945,559363072,2414674944,1855311872,5024776192,62616,427200,3879330,11354656,130500,6369,46,100,torch.float32,1f7c14ad5e7d7457222d5254d3d8d0a695d97954
M3-V-CORE,280d8ebb-6cc6-2788-9153-98959a2da801,scene0119_00-scene0119_02-scene0119_03-scene0119_01-scene0119_04,canonical,5,end_to_end_update,1,9ff95df5aee4bd1665cc4aae95191881ae1182cda435b35e00f0d9591a2469e2,3649.828248,559363072,2414769152,1855406080,5024776192,62616,427200,3879330,11354656,130500,6369,46,100,torch.float32,1f7c14ad5e7d7457222d5254d3d8d0a695d97954
M3-V-CORE,280d8ebb-6cc6-2788-9153-98959a2da801,scene0119_00-scene0119_02-scene0119_03-scene0119_01-scene0119_04,canonical,5,end_to_end_update,2,9ff95df5aee4bd1665cc4aae95191881ae1182cda435b35e00f0d9591a2469e2,3728.78978,559363072,2414683136,1855320064,5024776192,62616,427200,3879330,11354656,130500,6369,46,100,torch.float32,1f7c14ad5e7d7457222d5254d3d8d0a695d97954
M3-V-CORE,280d8ebb-6cc6-2788-9153-98959a2da801,scene0119_00-scene0119_02-scene0119_03-scene0119_01-scene0119_04,canonical,5,end_to_end_update,3,9ff95df5aee4bd1665cc4aae95191881ae1182cda435b35e00f0d9591a2469e2,3713.182722,559363072,2414683136,1855320064,5024776192,62616,427200,3879330,11354656,130500,6369,46,100,torch.float32,1f7c14ad5e7d7457222d5254d3d8d0a695d97954
M3-V-CORE,280d8ebb-6cc6-2788-9153-98959a2da801,scene0119_00-scene0119_02-scene0119_03-scene0119_01-scene0119_04,canonical,5,end_to_end_update,4,9ff95df5aee4bd1665cc4aae95191881ae1182cda435b35e00f0d9591a2469e2,3364.80883,559363072,2414776320,1855413248,5024776192,62616,427200,3879330,11354656,130500,6369,46,100,torch.float32,1f7c14ad5e7d7457222d5254d3d8d0a695d97954
M3-V-CORE,280d8ebb-6cc6-2788-9153-98959a2da801,scene0119_00-scene0119_02-scene0119_03-scene0119_01-scene0119_04,canonical,5,end_to_end_update,5,9ff95df5aee4bd1665cc4aae95191881ae1182cda435b35e00f0d9591a2469e2,3459.480364,559363072,2414705664,1855342592,5024776192,62616,427200,3879330,11354656,130500,6369,46,100,torch.float32,1f7c14ad5e7d7457222d5254d3d8d0a695d97954
M3-V-CORE,280d8ebb-6cc6-2788-9153-98959a2da801,scene0119_00-scene0119_02-scene0119_03-scene0119_01-scene0119_04,canonical,5,end_to_end_update,6,9ff95df5aee4bd1665cc4aae95191881ae1182cda435b35e00f0d9591a2469e2,3732.889477,559363072,2412368384,1853005312,5024776192,62616,427200,3879330,11354656,130500,6369,46,100,torch.float32,1f7c14ad5e7d7457222d5254d3d8d0a695d97954
M3-V-CORE,280d8ebb-6cc6-2788-9153-98959a2da801,scene0119_00-scene0119_02-scene0119_03-scene0119_01-scene0119_04,canonical,5,end_to_end_update,7,9ff95df5aee4bd1665cc4aae95191881ae1182cda435b35e00f0d9591a2469e2,4078.017801,559363072,2414706688,1855343616,5024776192,62616,427200,3879330,11354656,130500,6369,46,100,torch.float32,1f7c14ad5e7d7457222d5254d3d8d0a695d97954
M3-V-CORE,280d8ebb-6cc6-2788-9153-98959a2da801,scene0119_00-scene0119_02-scene0119_03-scene0119_01-scene0119_04,canonical,5,end_to_end_update,8,9ff95df5aee4bd1665cc4aae95191881ae1182cda435b35e00f0d9591a2469e2,3669.461195,559363072,2414646784,1855283712,5024776192,62616,427200,3879330,11354656,130500,6369,46,100,torch.float32,1f7c14ad5e7d7457222d5254d3d8d0a695d97954
M3-V-CORE,280d8ebb-6cc6-2788-9153-98959a2da801,scene0119_00-scene0119_02-scene0119_03-scene0119_01-scene0119_04,canonical,5,end_to_end_update,9,9ff95df5aee4bd1665cc4aae95191881ae1182cda435b35e00f0d9591a2469e2,4095.944412,559363072,2414663680,1855300608,5024776192,62616,427200,3879330,11354656,130500,6369,46,100,torch.float32,1f7c14ad5e7d7457222d5254d3d8d0a695d97954
M3-V-CORE,280d8ebb-6cc6-2788-9153-98959a2da801,scene0119_00-scene0119_02-scene0119_03-scene0119_01-scene0119_04,canonical,5,output_materialization,0,9ff95df5aee4bd1665cc4aae95191881ae1182cda435b35e00f0d9591a2469e2,8.728587,559363072,592923648,33560576,5024776192,62616,427200,3879330,11354656,130500,6369,46,100,torch.float32,1f7c14ad5e7d7457222d5254d3d8d0a695d97954
M3-V-CORE,280d8ebb-6cc6-2788-9153-98959a2da801,scene0119_00-scene0119_02-scene0119_03-scene0119_01-scene0119_04,canonical,5,output_materialization,1,9ff95df5aee4bd1665cc4aae95191881ae1182cda435b35e00f0d9591a2469e2,8.801758,559363072,592923648,33560576,5024776192,62616,427200,3879330,11354656,130500,6369,46,100,torch.float32,1f7c14ad5e7d7457222d5254d3d8d0a695d97954
M3-V-CORE,280d8ebb-6cc6-2788-9153-98959a2da801,scene0119_00-scene0119_02-scene0119_03-scene0119_01-scene0119_04,canonical,5,output_materialization,2,9ff95df5aee4bd1665cc4aae95191881ae1182cda435b35e00f0d9591a2469e2,8.685993,559363072,592923648,33560576,5024776192,62616,427200,3879330,11354656,130500,6369,46,100,torch.float32,1f7c14ad5e7d7457222d5254d3d8d0a695d97954
M3-V-CORE,280d8ebb-6cc6-2788-9153-98959a2da801,scene0119_00-scene0119_02-scene0119_03-scene0119_01-scene0119_04,canonical,5,output_materialization,3,9ff95df5aee4bd1665cc4aae95191881ae1182cda435b35e00f0d9591a2469e2,8.676456,559363072,592923648,33560576,5024776192,62616,427200,3879330,11354656,130500,6369,46,100,torch.float32,1f7c14ad5e7d7457222d5254d3d8d0a695d97954
M3-V-CORE,280d8ebb-6cc6-2788-9153-98959a2da801,scene0119_00-scene0119_02-scene0119_03-scene0119_01-scene0119_04,canonical,5,output_materialization,4,9ff95df5aee4bd1665cc4aae95191881ae1182cda435b35e00f0d9591a2469e2,8.68837,559363072,592923648,33560576,5024776192,62616,427200,3879330,11354656,130500,6369,46,100,torch.float32,1f7c14ad5e7d7457222d5254d3d8d0a695d97954
M3-V-CORE,280d8ebb-6cc6-2788-9153-98959a2da801,scene0119_00-scene0119_02-scene0119_03-scene0119_01-scene0119_04,canonical,5,output_materialization,5,9ff95df5aee4bd1665cc4aae95191881ae1182cda435b35e00f0d9591a2469e2,8.698524,559363072,592923648,33560576,5024776192,62616,427200,3879330,11354656,130500,6369,46,100,torch.float32,1f7c14ad5e7d7457222d5254d3d8d0a695d97954
M3-V-CORE,280d8ebb-6cc6-2788-9153-98959a2da801,scene0119_00-scene0119_02-scene0119_03-scene0119_01-scene0119_04,canonical,5,output_materialization,6,9ff95df5aee4bd1665cc4aae95191881ae1182cda435b35e00f0d9591a2469e2,8.655042,559363072,592923648,33560576,5024776192,62616,427200,3879330,11354656,130500,6369,46,100,torch.float32,1f7c14ad5e7d7457222d5254d3d8d0a695d97954
M3-V-CORE,280d8ebb-6cc6-2788-9153-98959a2da801,scene0119_00-scene0119_02-scene0119_03-scene0119_01-scene0119_04,canonical,5,output_materialization,7,9ff95df5aee4bd1665cc4aae95191881ae1182cda435b35e00f0d9591a2469e2,8.656623,559363072,592923648,33560576,5024776192,62616,427200,3879330,11354656,130500,6369,46,100,torch.float32,1f7c14ad5e7d7457222d5254d3d8d0a695d97954
M3-V-CORE,280d8ebb-6cc6-2788-9153-98959a2da801,scene0119_00-scene0119_02-scene0119_03-scene0119_01-scene0119_04,canonical,5,output_materialization,8,9ff95df5aee4bd1665cc4aae95191881ae1182cda435b35e00f0d9591a2469e2,9.041617,559363072,592923648,33560576,5024776192,62616,427200,3879330,11354656,130500,6369,46,100,torch.float32,1f7c14ad5e7d7457222d5254d3d8d0a695d97954
M3-V-CORE,280d8ebb-6cc6-2788-9153-98959a2da801,scene0119_00-scene0119_02-scene0119_03-scene0119_01-scene0119_04,canonical,5,output_materialization,9,9ff95df5aee4bd1665cc4aae95191881ae1182cda435b35e00f0d9591a2469e2,9.161105,559363072,592923648,33560576,5024776192,62616,427200,3879330,11354656,130500,6369,46,100,torch.float32,1f7c14ad5e7d7457222d5254d3d8d0a695d97954
M3-V-CORE,280d8ebb-6cc6-2788-9153-98959a2da801,scene0119_00-scene0119_02-scene0119_03-scene0119_01-scene0119_04,canonical,5,cumulative_T1_to_T,0,3f354f12741e8d8e7a579fafe8bbf3e7808a357d25486423ecd99639983796c8,14311.557646,559363072,2413976064,1854612992,5024776192,62616,427200,3879330,11354656,130500,6369,46,100,torch.float32,1f7c14ad5e7d7457222d5254d3d8d0a695d97954
M3-V-CORE,280d8ebb-6cc6-2788-9153-98959a2da801,scene0119_00-scene0119_02-scene0119_03-scene0119_01-scene0119_04,canonical,5,cumulative_T1_to_T,1,3f354f12741e8d8e7a579fafe8bbf3e7808a357d25486423ecd99639983796c8,13061.960249,559363072,2413967872,1854604800,5024776192,62616,427200,3879330,11354656,130500,6369,46,100,torch.float32,1f7c14ad5e7d7457222d5254d3d8d0a695d97954
M3-V-CORE,280d8ebb-6cc6-2788-9153-98959a2da801,scene0119_00-scene0119_02-scene0119_03-scene0119_01-scene0119_04,canonical,5,cumulative_T1_to_T,2,3f354f12741e8d8e7a579fafe8bbf3e7808a357d25486423ecd99639983796c8,12774.739327,559363072,2411844608,1852481536,5024776192,62616,427200,3879330,11354656,130500,6369,46,100,torch.float32,1f7c14ad5e7d7457222d5254d3d8d0a695d97954
M3-V-CORE,280d8ebb-6cc6-2788-9153-98959a2da801,scene0119_00-scene0119_02-scene0119_03-scene0119_01-scene0119_04,canonical,5,cumulative_T1_to_T,3,3f354f12741e8d8e7a579fafe8bbf3e7808a357d25486423ecd99639983796c8,14265.40411,559363072,2411695104,1852332032,5024776192,62616,427200,3879330,11354656,130500,6369,46,100,torch.float32,1f7c14ad5e7d7457222d5254d3d8d0a695d97954
M3-V-CORE,280d8ebb-6cc6-2788-9153-98959a2da801,scene0119_00-scene0119_02-scene0119_03-scene0119_01-scene0119_04,canonical,5,cumulative_T1_to_T,4,3f354f12741e8d8e7a579fafe8bbf3e7808a357d25486423ecd99639983796c8,12914.186277,559363072,2413967872,1854604800,5024776192,62616,427200,3879330,11354656,130500,6369,46,100,torch.float32,1f7c14ad5e7d7457222d5254d3d8d0a695d97954
M3-V-CORE,280d8ebb-6cc6-2788-9153-98959a2da801,scene0119_00-scene0119_02-scene0119_03-scene0119_01-scene0119_04,canonical,5,cumulative_T1_to_T,5,3f354f12741e8d8e7a579fafe8bbf3e7808a357d25486423ecd99639983796c8,13170.077971,559363072,2413940224,1854577152,5024776192,62616,427200,3879330,11354656,130500,6369,46,100,torch.float32,1f7c14ad5e7d7457222d5254d3d8d0a695d97954
M3-V-CORE,280d8ebb-6cc6-2788-9153-98959a2da801,scene0119_00-scene0119_02-scene0119_03-scene0119_01-scene0119_04,canonical,5,cumulative_T1_to_T,6,3f354f12741e8d8e7a579fafe8bbf3e7808a357d25486423ecd99639983796c8,13491.997597,559363072,2411734016,1852370944,5024776192,62616,427200,3879330,11354656,130500,6369,46,100,torch.float32,1f7c14ad5e7d7457222d5254d3d8d0a695d97954
M3-V-CORE,280d8ebb-6cc6-2788-9153-98959a2da801,scene0119_00-scene0119_02-scene0119_03-scene0119_01-scene0119_04,canonical,5,cumulative_T1_to_T,7,3f354f12741e8d8e7a579fafe8bbf3e7808a357d25486423ecd99639983796c8,13341.27544,559363072,2411662848,1852299776,5024776192,62616,427200,3879330,11354656,130500,6369,46,100,torch.float32,1f7c14ad5e7d7457222d5254d3d8d0a695d97954
M3-V-CORE,280d8ebb-6cc6-2788-9153-98959a2da801,scene0119_00-scene0119_02-scene0119_03-scene0119_01-scene0119_04,canonical,5,cumulative_T1_to_T,8,3f354f12741e8d8e7a579fafe8bbf3e7808a357d25486423ecd99639983796c8,13660.518564,559363072,2411734016,1852370944,5024776192,62616,427200,3879330,11354656,130500,6369,46,100,torch.float32,1f7c14ad5e7d7457222d5254d3d8d0a695d97954
M3-V-CORE,280d8ebb-6cc6-2788-9153-98959a2da801,scene0119_00-scene0119_02-scene0119_03-scene0119_01-scene0119_04,canonical,5,cumulative_T1_to_T,9,3f354f12741e8d8e7a579fafe8bbf3e7808a357d25486423ecd99639983796c8,13576.983766,559363072,2411779072,1852416000,5024776192,62616,427200,3879330,11354656,130500,6369,46,100,torch.float32,1f7c14ad5e7d7457222d5254d3d8d0a695d97954
M3-V-CORE,5630cfcf-12bf-2860-8784-83d28a611a83,scene0219_00-scene0219_03-scene0219_02-scene0219_01-scene0219_04,canonical,2,model_update,0,4e731edb819e0fc1169c8f0cc30ed7ea5a63cb6c48361c752c26c0b6b90932d8,1496.606488,559363072,1736242176,1176879104,5024776192,62616,427200,2231478,6455072,81299,2186,13,100,torch.float32,1f7c14ad5e7d7457222d5254d3d8d0a695d97954
M3-V-CORE,5630cfcf-12bf-2860-8784-83d28a611a83,scene0219_00-scene0219_03-scene0219_02-scene0219_01-scene0219_04,canonical,2,model_update,1,4e731edb819e0fc1169c8f0cc30ed7ea5a63cb6c48361c752c26c0b6b90932d8,1516.189339,559363072,1736328704,1176965632,5024776192,62616,427200,2231478,6455072,81299,2186,13,100,torch.float32,1f7c14ad5e7d7457222d5254d3d8d0a695d97954
M3-V-CORE,5630cfcf-12bf-2860-8784-83d28a611a83,scene0219_00-scene0219_03-scene0219_02-scene0219_01-scene0219_04,canonical,2,model_update,2,4e731edb819e0fc1169c8f0cc30ed7ea5a63cb6c48361c752c26c0b6b90932d8,1574.373859,559363072,1736288768,1176925696,5024776192,62616,427200,2231478,6455072,81299,2186,13,100,torch.float32,1f7c14ad5e7d7457222d5254d3d8d0a695d97954
M3-V-CORE,5630cfcf-12bf-2860-8784-83d28a611a83,scene0219_00-scene0219_03-scene0219_02-scene0219_01-scene0219_04,canonical,2,model_update,3,4e731edb819e0fc1169c8f0cc30ed7ea5a63cb6c48361c752c26c0b6b90932d8,2148.933326,559363072,1736242176,1176879104,5024776192,62616,427200,2231478,6455072,81299,2186,13,100,torch.float32,1f7c14ad5e7d7457222d5254d3d8d0a695d97954
M3-V-CORE,5630cfcf-12bf-2860-8784-83d28a611a83,scene0219_00-scene0219_03-scene0219_02-scene0219_01-scene0219_04,canonical,2,model_update,4,4e731edb819e0fc1169c8f0cc30ed7ea5a63cb6c48361c752c26c0b6b90932d8,1593.663784,559363072,1736222208,1176859136,5024776192,62616,427200,2231478,6455072,81299,2186,13,100,torch.float32,1f7c14ad5e7d7457222d5254d3d8d0a695d97954
M3-V-CORE,5630cfcf-12bf-2860-8784-83d28a611a83,scene0219_00-scene0219_03-scene0219_02-scene0219_01-scene0219_04,canonical,2,model_update,5,4e731edb819e0fc1169c8f0cc30ed7ea5a63cb6c48361c752c26c0b6b90932d8,1587.528708,559363072,1736255488,1176892416,5024776192,62616,427200,2231478,6455072,81299,2186,13,100,torch.float32,1f7c14ad5e7d7457222d5254d3d8d0a695d97954
M3-V-CORE,5630cfcf-12bf-2860-8784-83d28a611a83,scene0219_00-scene0219_03-scene0219_02-scene0219_01-scene0219_04,canonical,2,model_update,6,4e731edb819e0fc1169c8f0cc30ed7ea5a63cb6c48361c752c26c0b6b90932d8,1524.211473,559363072,1736282112,1176919040,5024776192,62616,427200,2231478,6455072,81299,2186,13,100,torch.float32,1f7c14ad5e7d7457222d5254d3d8d0a695d97954
M3-V-CORE,5630cfcf-12bf-2860-8784-83d28a611a83,scene0219_00-scene0219_03-scene0219_02-scene0219_01-scene0219_04,canonical,2,model_update,7,4e731edb819e0fc1169c8f0cc30ed7ea5a63cb6c48361c752c26c0b6b90932d8,1491.724465,559363072,1736302080,1176939008,5024776192,62616,427200,2231478,6455072,81299,2186,13,100,torch.float32,1f7c14ad5e7d7457222d5254d3d8d0a695d97954
M3-V-CORE,5630cfcf-12bf-2860-8784-83d28a611a83,scene0219_00-scene0219_03-scene0219_02-scene0219_01-scene0219_04,canonical,2,model_update,8,4e731edb819e0fc1169c8f0cc30ed7ea5a63cb6c48361c752c26c0b6b90932d8,1514.210505,559363072,1736295424,1176932352,5024776192,62616,427200,2231478,6455072,81299,2186,13,100,torch.float32,1f7c14ad5e7d7457222d5254d3d8d0a695d97954
M3-V-CORE,5630cfcf-12bf-2860-8784-83d28a611a83,scene0219_00-scene0219_03-scene0219_02-scene0219_01-scene0219_04,canonical,2,model_update,9,4e731edb819e0fc1169c8f0cc30ed7ea5a63cb6c48361c752c26c0b6b90932d8,1513.585825,559363072,1736262144,1176899072,5024776192,62616,427200,2231478,6455072,81299,2186,13,100,torch.float32,1f7c14ad5e7d7457222d5254d3d8d0a695d97954
M3-V-CORE,5630cfcf-12bf-2860-8784-83d28a611a83,scene0219_00-scene0219_03-scene0219_02-scene0219_01-scene0219_04,canonical,2,end_to_end_update,0,4e731edb819e0fc1169c8f0cc30ed7ea5a63cb6c48361c752c26c0b6b90932d8,1786.137138,559363072,1736228864,1176865792,5024776192,62616,427200,2231478,6455072,81299,2186,13,100,torch.float32,1f7c14ad5e7d7457222d5254d3d8d0a695d97954
M3-V-CORE,5630cfcf-12bf-2860-8784-83d28a611a83,scene0219_00-scene0219_03-scene0219_02-scene0219_01-scene0219_04,canonical,2,end_to_end_update,1,4e731edb819e0fc1169c8f0cc30ed7ea5a63cb6c48361c752c26c0b6b90932d8,1748.311038,559363072,1736262144,1176899072,5024776192,62616,427200,2231478,6455072,81299,2186,13,100,torch.float32,1f7c14ad5e7d7457222d5254d3d8d0a695d97954
M3-V-CORE,5630cfcf-12bf-2860-8784-83d28a611a83,scene0219_00-scene0219_03-scene0219_02-scene0219_01-scene0219_04,canonical,2,end_to_end_update,2,4e731edb819e0fc1169c8f0cc30ed7ea5a63cb6c48361c752c26c0b6b90932d8,1747.208947,559363072,1736328704,1176965632,5024776192,62616,427200,2231478,6455072,81299,2186,13,100,torch.float32,1f7c14ad5e7d7457222d5254d3d8d0a695d97954
M3-V-CORE,5630cfcf-12bf-2860-8784-83d28a611a83,scene0219_00-scene0219_03-scene0219_02-scene0219_01-scene0219_04,canonical,2,end_to_end_update,3,4e731edb819e0fc1169c8f0cc30ed7ea5a63cb6c48361c752c26c0b6b90932d8,1734.939644,559363072,1736295424,1176932352,5024776192,62616,427200,2231478,6455072,81299,2186,13,100,torch.float32,1f7c14ad5e7d7457222d5254d3d8d0a695d97954
M3-V-CORE,5630cfcf-12bf-2860-8784-83d28a611a83,scene0219_00-scene0219_03-scene0219_02-scene0219_01-scene0219_04,canonical,2,end_to_end_update,4,4e731edb819e0fc1169c8f0cc30ed7ea5a63cb6c48361c752c26c0b6b90932d8,1756.26327,559363072,1736242176,1176879104,5024776192,62616,427200,2231478,6455072,81299,2186,13,100,torch.float32,1f7c14ad5e7d7457222d5254d3d8d0a695d97954
M3-V-CORE,5630cfcf-12bf-2860-8784-83d28a611a83,scene0219_00-scene0219_03-scene0219_02-scene0219_01-scene0219_04,canonical,2,end_to_end_update,5,4e731edb819e0fc1169c8f0cc30ed7ea5a63cb6c48361c752c26c0b6b90932d8,1740.651372,559363072,1736308736,1176945664,5024776192,62616,427200,2231478,6455072,81299,2186,13,100,torch.float32,1f7c14ad5e7d7457222d5254d3d8d0a695d97954
M3-V-CORE,5630cfcf-12bf-2860-8784-83d28a611a83,scene0219_00-scene0219_03-scene0219_02-scene0219_01-scene0219_04,canonical,2,end_to_end_update,6,4e731edb819e0fc1169c8f0cc30ed7ea5a63cb6c48361c752c26c0b6b90932d8,1767.108505,559363072,1736295424,1176932352,5024776192,62616,427200,2231478,6455072,81299,2186,13,100,torch.float32,1f7c14ad5e7d7457222d5254d3d8d0a695d97954
M3-V-CORE,5630cfcf-12bf-2860-8784-83d28a611a83,scene0219_00-scene0219_03-scene0219_02-scene0219_01-scene0219_04,canonical,2,end_to_end_update,7,4e731edb819e0fc1169c8f0cc30ed7ea5a63cb6c48361c752c26c0b6b90932d8,1730.006876,559363072,1736295424,1176932352,5024776192,62616,427200,2231478,6455072,81299,2186,13,100,torch.float32,1f7c14ad5e7d7457222d5254d3d8d0a695d97954
M3-V-CORE,5630cfcf-12bf-2860-8784-83d28a611a83,scene0219_00-scene0219_03-scene0219_02-scene0219_01-scene0219_04,canonical,2,end_to_end_update,8,4e731edb819e0fc1169c8f0cc30ed7ea5a63cb6c48361c752c26c0b6b90932d8,1805.615152,559363072,1736315392,1176952320,5024776192,62616,427200,2231478,6455072,81299,2186,13,100,torch.float32,1f7c14ad5e7d7457222d5254d3d8d0a695d97954
M3-V-CORE,5630cfcf-12bf-2860-8784-83d28a611a83,scene0219_00-scene0219_03-scene0219_02-scene0219_01-scene0219_04,canonical,2,end_to_end_update,9,4e731edb819e0fc1169c8f0cc30ed7ea5a63cb6c48361c752c26c0b6b90932d8,1884.428394,559363072,1736188416,1176825344,5024776192,62616,427200,2231478,6455072,81299,2186,13,100,torch.float32,1f7c14ad5e7d7457222d5254d3d8d0a695d97954
M3-V-CORE,5630cfcf-12bf-2860-8784-83d28a611a83,scene0219_00-scene0219_03-scene0219_02-scene0219_01-scene0219_04,canonical,2,output_materialization,0,4e731edb819e0fc1169c8f0cc30ed7ea5a63cb6c48361c752c26c0b6b90932d8,4.241559,559363072,592923648,33560576,5024776192,62616,427200,2231478,6455072,81299,2186,13,100,torch.float32,1f7c14ad5e7d7457222d5254d3d8d0a695d97954
M3-V-CORE,5630cfcf-12bf-2860-8784-83d28a611a83,scene0219_00-scene0219_03-scene0219_02-scene0219_01-scene0219_04,canonical,2,output_materialization,1,4e731edb819e0fc1169c8f0cc30ed7ea5a63cb6c48361c752c26c0b6b90932d8,4.229176,559363072,592923648,33560576,5024776192,62616,427200,2231478,6455072,81299,2186,13,100,torch.float32,1f7c14ad5e7d7457222d5254d3d8d0a695d97954
M3-V-CORE,5630cfcf-12bf-2860-8784-83d28a611a83,scene0219_00-scene0219_03-scene0219_02-scene0219_01-scene0219_04,canonical,2,output_materialization,2,4e731edb819e0fc1169c8f0cc30ed7ea5a63cb6c48361c752c26c0b6b90932d8,4.234805,559363072,592923648,33560576,5024776192,62616,427200,2231478,6455072,81299,2186,13,100,torch.float32,1f7c14ad5e7d7457222d5254d3d8d0a695d97954
M3-V-CORE,5630cfcf-12bf-2860-8784-83d28a611a83,scene0219_00-scene0219_03-scene0219_02-scene0219_01-scene0219_04,canonical,2,output_materialization,3,4e731edb819e0fc1169c8f0cc30ed7ea5a63cb6c48361c752c26c0b6b90932d8,4.460662,559363072,592923648,33560576,5024776192,62616,427200,2231478,6455072,81299,2186,13,100,torch.float32,1f7c14ad5e7d7457222d5254d3d8d0a695d97954
M3-V-CORE,5630cfcf-12bf-2860-8784-83d28a611a83,scene0219_00-scene0219_03-scene0219_02-scene0219_01-scene0219_04,canonical,2,output_materialization,4,4e731edb819e0fc1169c8f0cc30ed7ea5a63cb6c48361c752c26c0b6b90932d8,4.346662,559363072,592923648,33560576,5024776192,62616,427200,2231478,6455072,81299,2186,13,100,torch.float32,1f7c14ad5e7d7457222d5254d3d8d0a695d97954
M3-V-CORE,5630cfcf-12bf-2860-8784-83d28a611a83,scene0219_00-scene0219_03-scene0219_02-scene0219_01-scene0219_04,canonical,2,output_materialization,5,4e731edb819e0fc1169c8f0cc30ed7ea5a63cb6c48361c752c26c0b6b90932d8,4.265724,559363072,592923648,33560576,5024776192,62616,427200,2231478,6455072,81299,2186,13,100,torch.float32,1f7c14ad5e7d7457222d5254d3d8d0a695d97954
M3-V-CORE,5630cfcf-12bf-2860-8784-83d28a611a83,scene0219_00-scene0219_03-scene0219_02-scene0219_01-scene0219_04,canonical,2,output_materialization,6,4e731edb819e0fc1169c8f0cc30ed7ea5a63cb6c48361c752c26c0b6b90932d8,4.283046,559363072,592923648,33560576,5024776192,62616,427200,2231478,6455072,81299,2186,13,100,torch.float32,1f7c14ad5e7d7457222d5254d3d8d0a695d97954
M3-V-CORE,5630cfcf-12bf-2860-8784-83d28a611a83,scene0219_00-scene0219_03-scene0219_02-scene0219_01-scene0219_04,canonical,2,output_materialization,7,4e731edb819e0fc1169c8f0cc30ed7ea5a63cb6c48361c752c26c0b6b90932d8,4.267723,559363072,592923648,33560576,5024776192,62616,427200,2231478,6455072,81299,2186,13,100,torch.float32,1f7c14ad5e7d7457222d5254d3d8d0a695d97954
M3-V-CORE,5630cfcf-12bf-2860-8784-83d28a611a83,scene0219_00-scene0219_03-scene0219_02-scene0219_01-scene0219_04,canonical,2,output_materialization,8,4e731edb819e0fc1169c8f0cc30ed7ea5a63cb6c48361c752c26c0b6b90932d8,4.237367,559363072,592923648,33560576,5024776192,62616,427200,2231478,6455072,81299,2186,13,100,torch.float32,1f7c14ad5e7d7457222d5254d3d8d0a695d97954
M3-V-CORE,5630cfcf-12bf-2860-8784-83d28a611a83,scene0219_00-scene0219_03-scene0219_02-scene0219_01-scene0219_04,canonical,2,output_materialization,9,4e731edb819e0fc1169c8f0cc30ed7ea5a63cb6c48361c752c26c0b6b90932d8,4.266475,559363072,592923648,33560576,5024776192,62616,427200,2231478,6455072,81299,2186,13,100,torch.float32,1f7c14ad5e7d7457222d5254d3d8d0a695d97954
M3-V-CORE,5630cfcf-12bf-2860-8784-83d28a611a83,scene0219_00-scene0219_03-scene0219_02-scene0219_01-scene0219_04,canonical,2,cumulative_T1_to_T,0,3f354f12741e8d8e7a579fafe8bbf3e7808a357d25486423ecd99639983796c8,3033.919179,559363072,1736295424,1176932352,5024776192,62616,427200,2231478,6455072,81299,2186,13,100,torch.float32,1f7c14ad5e7d7457222d5254d3d8d0a695d97954
M3-V-CORE,5630cfcf-12bf-2860-8784-83d28a611a83,scene0219_00-scene0219_03-scene0219_02-scene0219_01-scene0219_04,canonical,2,cumulative_T1_to_T,1,3f354f12741e8d8e7a579fafe8bbf3e7808a357d25486423ecd99639983796c8,2917.830245,559363072,1736295424,1176932352,5024776192,62616,427200,2231478,6455072,81299,2186,13,100,torch.float32,1f7c14ad5e7d7457222d5254d3d8d0a695d97954
M3-V-CORE,5630cfcf-12bf-2860-8784-83d28a611a83,scene0219_00-scene0219_03-scene0219_02-scene0219_01-scene0219_04,canonical,2,cumulative_T1_to_T,2,3f354f12741e8d8e7a579fafe8bbf3e7808a357d25486423ecd99639983796c8,2989.664169,559363072,1736268800,1176905728,5024776192,62616,427200,2231478,6455072,81299,2186,13,100,torch.float32,1f7c14ad5e7d7457222d5254d3d8d0a695d97954
M3-V-CORE,5630cfcf-12bf-2860-8784-83d28a611a83,scene0219_00-scene0219_03-scene0219_02-scene0219_01-scene0219_04,canonical,2,cumulative_T1_to_T,3,3f354f12741e8d8e7a579fafe8bbf3e7808a357d25486423ecd99639983796c8,3050.324546,559363072,1736248832,1176885760,5024776192,62616,427200,2231478,6455072,81299,2186,13,100,torch.float32,1f7c14ad5e7d7457222d5254d3d8d0a695d97954
M3-V-CORE,5630cfcf-12bf-2860-8784-83d28a611a83,scene0219_00-scene0219_03-scene0219_02-scene0219_01-scene0219_04,canonical,2,cumulative_T1_to_T,4,3f354f12741e8d8e7a579fafe8bbf3e7808a357d25486423ecd99639983796c8,2842.931595,559363072,1736268800,1176905728,5024776192,62616,427200,2231478,6455072,81299,2186,13,100,torch.float32,1f7c14ad5e7d7457222d5254d3d8d0a695d97954
M3-V-CORE,5630cfcf-12bf-2860-8784-83d28a611a83,scene0219_00-scene0219_03-scene0219_02-scene0219_01-scene0219_04,canonical,2,cumulative_T1_to_T,5,3f354f12741e8d8e7a579fafe8bbf3e7808a357d25486423ecd99639983796c8,3108.425801,559363072,1736235520,1176872448,5024776192,62616,427200,2231478,6455072,81299,2186,13,100,torch.float32,1f7c14ad5e7d7457222d5254d3d8d0a695d97954
M3-V-CORE,5630cfcf-12bf-2860-8784-83d28a611a83,scene0219_00-scene0219_03-scene0219_02-scene0219_01-scene0219_04,canonical,2,cumulative_T1_to_T,6,3f354f12741e8d8e7a579fafe8bbf3e7808a357d25486423ecd99639983796c8,3781.600173,559363072,1736282112,1176919040,5024776192,62616,427200,2231478,6455072,81299,2186,13,100,torch.float32,1f7c14ad5e7d7457222d5254d3d8d0a695d97954
M3-V-CORE,5630cfcf-12bf-2860-8784-83d28a611a83,scene0219_00-scene0219_03-scene0219_02-scene0219_01-scene0219_04,canonical,2,cumulative_T1_to_T,7,3f354f12741e8d8e7a579fafe8bbf3e7808a357d25486423ecd99639983796c8,2948.526311,559363072,1736268800,1176905728,5024776192,62616,427200,2231478,6455072,81299,2186,13,100,torch.float32,1f7c14ad5e7d7457222d5254d3d8d0a695d97954
M3-V-CORE,5630cfcf-12bf-2860-8784-83d28a611a83,scene0219_00-scene0219_03-scene0219_02-scene0219_01-scene0219_04,canonical,2,cumulative_T1_to_T,8,3f354f12741e8d8e7a579fafe8bbf3e7808a357d25486423ecd99639983796c8,3113.038028,559363072,1736222208,1176859136,5024776192,62616,427200,2231478,6455072,81299,2186,13,100,torch.float32,1f7c14ad5e7d7457222d5254d3d8d0a695d97954
M3-V-CORE,5630cfcf-12bf-2860-8784-83d28a611a83,scene0219_00-scene0219_03-scene0219_02-scene0219_01-scene0219_04,canonical,2,cumulative_T1_to_T,9,3f354f12741e8d8e7a579fafe8bbf3e7808a357d25486423ecd99639983796c8,3085.056795,559363072,1736262144,1176899072,5024776192,62616,427200,2231478,6455072,81299,2186,13,100,torch.float32,1f7c14ad5e7d7457222d5254d3d8d0a695d97954
M3-V-CORE,5630cfcf-12bf-2860-8784-83d28a611a83,scene0219_00-scene0219_03-scene0219_02-scene0219_01-scene0219_04,canonical,3,model_update,0,ef6fbcf0ce3c48f4ed3d51190704c61a7bbfc8dcca4931482223cd02489e0f48,2001.61673,559363072,1736653312,1177290240,5024776192,62616,427200,2249703,6496928,81724,2255,13,100,torch.float32,1f7c14ad5e7d7457222d5254d3d8d0a695d97954
M3-V-CORE,5630cfcf-12bf-2860-8784-83d28a611a83,scene0219_00-scene0219_03-scene0219_02-scene0219_01-scene0219_04,canonical,3,model_update,1,ef6fbcf0ce3c48f4ed3d51190704c61a7bbfc8dcca4931482223cd02489e0f48,1936.636451,559363072,1736726016,1177362944,5024776192,62616,427200,2249703,6496928,81724,2255,13,100,torch.float32,1f7c14ad5e7d7457222d5254d3d8d0a695d97954
M3-V-CORE,5630cfcf-12bf-2860-8784-83d28a611a83,scene0219_00-scene0219_03-scene0219_02-scene0219_01-scene0219_04,canonical,3,model_update,2,ef6fbcf0ce3c48f4ed3d51190704c61a7bbfc8dcca4931482223cd02489e0f48,1894.095005,559363072,1736637952,1177274880,5024776192,62616,427200,2249703,6496928,81724,2255,13,100,torch.float32,1f7c14ad5e7d7457222d5254d3d8d0a695d97954
M3-V-CORE,5630cfcf-12bf-2860-8784-83d28a611a83,scene0219_00-scene0219_03-scene0219_02-scene0219_01-scene0219_04,canonical,3,model_update,3,ef6fbcf0ce3c48f4ed3d51190704c61a7bbfc8dcca4931482223cd02489e0f48,1877.020658,559363072,1736630272,1177267200,5024776192,62616,427200,2249703,6496928,81724,2255,13,100,torch.float32,1f7c14ad5e7d7457222d5254d3d8d0a695d97954
M3-V-CORE,5630cfcf-12bf-2860-8784-83d28a611a83,scene0219_00-scene0219_03-scene0219_02-scene0219_01-scene0219_04,canonical,3,model_update,4,ef6fbcf0ce3c48f4ed3d51190704c61a7bbfc8dcca4931482223cd02489e0f48,1390.599122,559363072,1736645120,1177282048,5024776192,62616,427200,2249703,6496928,81724,2255,13,100,torch.float32,1f7c14ad5e7d7457222d5254d3d8d0a695d97954
M3-V-CORE,5630cfcf-12bf-2860-8784-83d28a611a83,scene0219_00-scene0219_03-scene0219_02-scene0219_01-scene0219_04,canonical,3,model_update,5,ef6fbcf0ce3c48f4ed3d51190704c61a7bbfc8dcca4931482223cd02489e0f48,1383.258374,559363072,1736660480,1177297408,5024776192,62616,427200,2249703,6496928,81724,2255,13,100,torch.float32,1f7c14ad5e7d7457222d5254d3d8d0a695d97954
M3-V-CORE,5630cfcf-12bf-2860-8784-83d28a611a83,scene0219_00-scene0219_03-scene0219_02-scene0219_01-scene0219_04,canonical,3,model_update,6,ef6fbcf0ce3c48f4ed3d51190704c61a7bbfc8dcca4931482223cd02489e0f48,1349.691801,559363072,1736637952,1177274880,5024776192,62616,427200,2249703,6496928,81724,2255,13,100,torch.float32,1f7c14ad5e7d7457222d5254d3d8d0a695d97954
M3-V-CORE,5630cfcf-12bf-2860-8784-83d28a611a83,scene0219_00-scene0219_03-scene0219_02-scene0219_01-scene0219_04,canonical,3,model_update,7,ef6fbcf0ce3c48f4ed3d51190704c61a7bbfc8dcca4931482223cd02489e0f48,1373.496381,559363072,1736660480,1177297408,5024776192,62616,427200,2249703,6496928,81724,2255,13,100,torch.float32,1f7c14ad5e7d7457222d5254d3d8d0a695d97954
M3-V-CORE,5630cfcf-12bf-2860-8784-83d28a611a83,scene0219_00-scene0219_03-scene0219_02-scene0219_01-scene0219_04,canonical,3,model_update,8,ef6fbcf0ce3c48f4ed3d51190704c61a7bbfc8dcca4931482223cd02489e0f48,1459.783784,559363072,1736630784,1177267712,5024776192,62616,427200,2249703,6496928,81724,2255,13,100,torch.float32,1f7c14ad5e7d7457222d5254d3d8d0a695d97954
M3-V-CORE,5630cfcf-12bf-2860-8784-83d28a611a83,scene0219_00-scene0219_03-scene0219_02-scene0219_01-scene0219_04,canonical,3,model_update,9,ef6fbcf0ce3c48f4ed3d51190704c61a7bbfc8dcca4931482223cd02489e0f48,1362.473317,559363072,1736733184,1177370112,5024776192,62616,427200,2249703,6496928,81724,2255,13,100,torch.float32,1f7c14ad5e7d7457222d5254d3d8d0a695d97954
M3-V-CORE,5630cfcf-12bf-2860-8784-83d28a611a83,scene0219_00-scene0219_03-scene0219_02-scene0219_01-scene0219_04,canonical,3,end_to_end_update,0,ef6fbcf0ce3c48f4ed3d51190704c61a7bbfc8dcca4931482223cd02489e0f48,1597.032222,559363072,1736653312,1177290240,5024776192,62616,427200,2249703,6496928,81724,2255,13,100,torch.float32,1f7c14ad5e7d7457222d5254d3d8d0a695d97954
M3-V-CORE,5630cfcf-12bf-2860-8784-83d28a611a83,scene0219_00-scene0219_03-scene0219_02-scene0219_01-scene0219_04,canonical,3,end_to_end_update,1,ef6fbcf0ce3c48f4ed3d51190704c61a7bbfc8dcca4931482223cd02489e0f48,1662.14202,559363072,1736660480,1177297408,5024776192,62616,427200,2249703,6496928,81724,2255,13,100,torch.float32,1f7c14ad5e7d7457222d5254d3d8d0a695d97954
M3-V-CORE,5630cfcf-12bf-2860-8784-83d28a611a83,scene0219_00-scene0219_03-scene0219_02-scene0219_01-scene0219_04,canonical,3,end_to_end_update,2,ef6fbcf0ce3c48f4ed3d51190704c61a7bbfc8dcca4931482223cd02489e0f48,1594.510777,559363072,1736630784,1177267712,5024776192,62616,427200,2249703,6496928,81724,2255,13,100,torch.float32,1f7c14ad5e7d7457222d5254d3d8d0a695d97954
M3-V-CORE,5630cfcf-12bf-2860-8784-83d28a611a83,scene0219_00-scene0219_03-scene0219_02-scene0219_01-scene0219_04,canonical,3,end_to_end_update,3,ef6fbcf0ce3c48f4ed3d51190704c61a7bbfc8dcca4931482223cd02489e0f48,1684.987778,559363072,1736652800,1177289728,5024776192,62616,427200,2249703,6496928,81724,2255,13,100,torch.float32,1f7c14ad5e7d7457222d5254d3d8d0a695d97954
M3-V-CORE,5630cfcf-12bf-2860-8784-83d28a611a83,scene0219_00-scene0219_03-scene0219_02-scene0219_01-scene0219_04,canonical,3,end_to_end_update,4,ef6fbcf0ce3c48f4ed3d51190704c61a7bbfc8dcca4931482223cd02489e0f48,1611.094272,559363072,1736682496,1177319424,5024776192,62616,427200,2249703,6496928,81724,2255,13,100,torch.float32,1f7c14ad5e7d7457222d5254d3d8d0a695d97954
M3-V-CORE,5630cfcf-12bf-2860-8784-83d28a611a83,scene0219_00-scene0219_03-scene0219_02-scene0219_01-scene0219_04,canonical,3,end_to_end_update,5,ef6fbcf0ce3c48f4ed3d51190704c61a7bbfc8dcca4931482223cd02489e0f48,1597.658589,559363072,1736608768,1177245696,5024776192,62616,427200,2249703,6496928,81724,2255,13,100,torch.float32,1f7c14ad5e7d7457222d5254d3d8d0a695d97954
M3-V-CORE,5630cfcf-12bf-2860-8784-83d28a611a83,scene0219_00-scene0219_03-scene0219_02-scene0219_01-scene0219_04,canonical,3,end_to_end_update,6,ef6fbcf0ce3c48f4ed3d51190704c61a7bbfc8dcca4931482223cd02489e0f48,1586.791624,559363072,1736652800,1177289728,5024776192,62616,427200,2249703,6496928,81724,2255,13,100,torch.float32,1f7c14ad5e7d7457222d5254d3d8d0a695d97954
M3-V-CORE,5630cfcf-12bf-2860-8784-83d28a611a83,scene0219_00-scene0219_03-scene0219_02-scene0219_01-scene0219_04,canonical,3,end_to_end_update,7,ef6fbcf0ce3c48f4ed3d51190704c61a7bbfc8dcca4931482223cd02489e0f48,1612.165255,559363072,1736653312,1177290240,5024776192,62616,427200,2249703,6496928,81724,2255,13,100,torch.float32,1f7c14ad5e7d7457222d5254d3d8d0a695d97954
M3-V-CORE,5630cfcf-12bf-2860-8784-83d28a611a83,scene0219_00-scene0219_03-scene0219_02-scene0219_01-scene0219_04,canonical,3,end_to_end_update,8,ef6fbcf0ce3c48f4ed3d51190704c61a7bbfc8dcca4931482223cd02489e0f48,1578.911994,559363072,1736667648,1177304576,5024776192,62616,427200,2249703,6496928,81724,2255,13,100,torch.float32,1f7c14ad5e7d7457222d5254d3d8d0a695d97954
M3-V-CORE,5630cfcf-12bf-2860-8784-83d28a611a83,scene0219_00-scene0219_03-scene0219_02-scene0219_01-scene0219_04,canonical,3,end_to_end_update,9,ef6fbcf0ce3c48f4ed3d51190704c61a7bbfc8dcca4931482223cd02489e0f48,1611.505212,559363072,1736630272,1177267200,5024776192,62616,427200,2249703,6496928,81724,2255,13,100,torch.float32,1f7c14ad5e7d7457222d5254d3d8d0a695d97954
M3-V-CORE,5630cfcf-12bf-2860-8784-83d28a611a83,scene0219_00-scene0219_03-scene0219_02-scene0219_01-scene0219_04,canonical,3,output_materialization,0,ef6fbcf0ce3c48f4ed3d51190704c61a7bbfc8dcca4931482223cd02489e0f48,4.317825,559363072,592923648,33560576,5024776192,62616,427200,2249703,6496928,81724,2255,13,100,torch.float32,1f7c14ad5e7d7457222d5254d3d8d0a695d97954
M3-V-CORE,5630cfcf-12bf-2860-8784-83d28a611a83,scene0219_00-scene0219_03-scene0219_02-scene0219_01-scene0219_04,canonical,3,output_materialization,1,ef6fbcf0ce3c48f4ed3d51190704c61a7bbfc8dcca4931482223cd02489e0f48,4.456779,559363072,592923648,33560576,5024776192,62616,427200,2249703,6496928,81724,2255,13,100,torch.float32,1f7c14ad5e7d7457222d5254d3d8d0a695d97954
M3-V-CORE,5630cfcf-12bf-2860-8784-83d28a611a83,scene0219_00-scene0219_03-scene0219_02-scene0219_01-scene0219_04,canonical,3,output_materialization,2,ef6fbcf0ce3c48f4ed3d51190704c61a7bbfc8dcca4931482223cd02489e0f48,4.376149,559363072,592923648,33560576,5024776192,62616,427200,2249703,6496928,81724,2255,13,100,torch.float32,1f7c14ad5e7d7457222d5254d3d8d0a695d97954
M3-V-CORE,5630cfcf-12bf-2860-8784-83d28a611a83,scene0219_00-scene0219_03-scene0219_02-scene0219_01-scene0219_04,canonical,3,output_materialization,3,ef6fbcf0ce3c48f4ed3d51190704c61a7bbfc8dcca4931482223cd02489e0f48,4.434607,559363072,592923648,33560576,5024776192,62616,427200,2249703,6496928,81724,2255,13,100,torch.float32,1f7c14ad5e7d7457222d5254d3d8d0a695d97954
M3-V-CORE,5630cfcf-12bf-2860-8784-83d28a611a83,scene0219_00-scene0219_03-scene0219_02-scene0219_01-scene0219_04,canonical,3,output_materialization,4,ef6fbcf0ce3c48f4ed3d51190704c61a7bbfc8dcca4931482223cd02489e0f48,4.525488,559363072,592923648,33560576,5024776192,62616,427200,2249703,6496928,81724,2255,13,100,torch.float32,1f7c14ad5e7d7457222d5254d3d8d0a695d97954
M3-V-CORE,5630cfcf-12bf-2860-8784-83d28a611a83,scene0219_00-scene0219_03-scene0219_02-scene0219_01-scene0219_04,canonical,3,output_materialization,5,ef6fbcf0ce3c48f4ed3d51190704c61a7bbfc8dcca4931482223cd02489e0f48,4.38938,559363072,592923648,33560576,5024776192,62616,427200,2249703,6496928,81724,2255,13,100,torch.float32,1f7c14ad5e7d7457222d5254d3d8d0a695d97954
M3-V-CORE,5630cfcf-12bf-2860-8784-83d28a611a83,scene0219_00-scene0219_03-scene0219_02-scene0219_01-scene0219_04,canonical,3,output_materialization,6,ef6fbcf0ce3c48f4ed3d51190704c61a7bbfc8dcca4931482223cd02489e0f48,4.385408,559363072,592923648,33560576,5024776192,62616,427200,2249703,6496928,81724,2255,13,100,torch.float32,1f7c14ad5e7d7457222d5254d3d8d0a695d97954
M3-V-CORE,5630cfcf-12bf-2860-8784-83d28a611a83,scene0219_00-scene0219_03-scene0219_02-scene0219_01-scene0219_04,canonical,3,output_materialization,7,ef6fbcf0ce3c48f4ed3d51190704c61a7bbfc8dcca4931482223cd02489e0f48,4.441503,559363072,592923648,33560576,5024776192,62616,427200,2249703,6496928,81724,2255,13,100,torch.float32,1f7c14ad5e7d7457222d5254d3d8d0a695d97954
M3-V-CORE,5630cfcf-12bf-2860-8784-83d28a611a83,scene0219_00-scene0219_03-scene0219_02-scene0219_01-scene0219_04,canonical,3,output_materialization,8,ef6fbcf0ce3c48f4ed3d51190704c61a7bbfc8dcca4931482223cd02489e0f48,4.75308,559363072,592923648,33560576,5024776192,62616,427200,2249703,6496928,81724,2255,13,100,torch.float32,1f7c14ad5e7d7457222d5254d3d8d0a695d97954
M3-V-CORE,5630cfcf-12bf-2860-8784-83d28a611a83,scene0219_00-scene0219_03-scene0219_02-scene0219_01-scene0219_04,canonical,3,output_materialization,9,ef6fbcf0ce3c48f4ed3d51190704c61a7bbfc8dcca4931482223cd02489e0f48,4.443587,559363072,592923648,33560576,5024776192,62616,427200,2249703,6496928,81724,2255,13,100,torch.float32,1f7c14ad5e7d7457222d5254d3d8d0a695d97954
M3-V-CORE,5630cfcf-12bf-2860-8784-83d28a611a83,scene0219_00-scene0219_03-scene0219_02-scene0219_01-scene0219_04,canonical,3,cumulative_T1_to_T,0,3f354f12741e8d8e7a579fafe8bbf3e7808a357d25486423ecd99639983796c8,4530.556212,559363072,1736302080,1176939008,5024776192,62616,427200,2249703,6496928,81724,2255,13,100,torch.float32,1f7c14ad5e7d7457222d5254d3d8d0a695d97954
M3-V-CORE,5630cfcf-12bf-2860-8784-83d28a611a83,scene0219_00-scene0219_03-scene0219_02-scene0219_01-scene0219_04,canonical,3,cumulative_T1_to_T,1,3f354f12741e8d8e7a579fafe8bbf3e7808a357d25486423ecd99639983796c8,4597.984483,559363072,1736275456,1176912384,5024776192,62616,427200,2249703,6496928,81724,2255,13,100,torch.float32,1f7c14ad5e7d7457222d5254d3d8d0a695d97954
M3-V-CORE,5630cfcf-12bf-2860-8784-83d28a611a83,scene0219_00-scene0219_03-scene0219_02-scene0219_01-scene0219_04,canonical,3,cumulative_T1_to_T,2,3f354f12741e8d8e7a579fafe8bbf3e7808a357d25486423ecd99639983796c8,4665.177487,559363072,1736242176,1176879104,5024776192,62616,427200,2249703,6496928,81724,2255,13,100,torch.float32,1f7c14ad5e7d7457222d5254d3d8d0a695d97954
M3-V-CORE,5630cfcf-12bf-2860-8784-83d28a611a83,scene0219_00-scene0219_03-scene0219_02-scene0219_01-scene0219_04,canonical,3,cumulative_T1_to_T,3,3f354f12741e8d8e7a579fafe8bbf3e7808a357d25486423ecd99639983796c8,5474.936227,559363072,1736262144,1176899072,5024776192,62616,427200,2249703,6496928,81724,2255,13,100,torch.float32,1f7c14ad5e7d7457222d5254d3d8d0a695d97954
M3-V-CORE,5630cfcf-12bf-2860-8784-83d28a611a83,scene0219_00-scene0219_03-scene0219_02-scene0219_01-scene0219_04,canonical,3,cumulative_T1_to_T,4,3f354f12741e8d8e7a579fafe8bbf3e7808a357d25486423ecd99639983796c8,6140.840792,559363072,1736308736,1176945664,5024776192,62616,427200,2249703,6496928,81724,2255,13,100,torch.float32,1f7c14ad5e7d7457222d5254d3d8d0a695d97954
M3-V-CORE,5630cfcf-12bf-2860-8784-83d28a611a83,scene0219_00-scene0219_03-scene0219_02-scene0219_01-scene0219_04,canonical,3,cumulative_T1_to_T,5,3f354f12741e8d8e7a579fafe8bbf3e7808a357d25486423ecd99639983796c8,5663.482277,559363072,1736308736,1176945664,5024776192,62616,427200,2249703,6496928,81724,2255,13,100,torch.float32,1f7c14ad5e7d7457222d5254d3d8d0a695d97954
M3-V-CORE,5630cfcf-12bf-2860-8784-83d28a611a83,scene0219_00-scene0219_03-scene0219_02-scene0219_01-scene0219_04,canonical,3,cumulative_T1_to_T,6,3f354f12741e8d8e7a579fafe8bbf3e7808a357d25486423ecd99639983796c8,5775.296148,559363072,1736255488,1176892416,5024776192,62616,427200,2249703,6496928,81724,2255,13,100,torch.float32,1f7c14ad5e7d7457222d5254d3d8d0a695d97954
M3-V-CORE,5630cfcf-12bf-2860-8784-83d28a611a83,scene0219_00-scene0219_03-scene0219_02-scene0219_01-scene0219_04,canonical,3,cumulative_T1_to_T,7,3f354f12741e8d8e7a579fafe8bbf3e7808a357d25486423ecd99639983796c8,4629.502112,559363072,1736262144,1176899072,5024776192,62616,427200,2249703,6496928,81724,2255,13,100,torch.float32,1f7c14ad5e7d7457222d5254d3d8d0a695d97954
M3-V-CORE,5630cfcf-12bf-2860-8784-83d28a611a83,scene0219_00-scene0219_03-scene0219_02-scene0219_01-scene0219_04,canonical,3,cumulative_T1_to_T,8,3f354f12741e8d8e7a579fafe8bbf3e7808a357d25486423ecd99639983796c8,4543.91866,559363072,1736248832,1176885760,5024776192,62616,427200,2249703,6496928,81724,2255,13,100,torch.float32,1f7c14ad5e7d7457222d5254d3d8d0a695d97954
M3-V-CORE,5630cfcf-12bf-2860-8784-83d28a611a83,scene0219_00-scene0219_03-scene0219_02-scene0219_01-scene0219_04,canonical,3,cumulative_T1_to_T,9,3f354f12741e8d8e7a579fafe8bbf3e7808a357d25486423ecd99639983796c8,4530.74784,559363072,1736262144,1176899072,5024776192,62616,427200,2249703,6496928,81724,2255,13,100,torch.float32,1f7c14ad5e7d7457222d5254d3d8d0a695d97954
M3-V-CORE,5630cfcf-12bf-2860-8784-83d28a611a83,scene0219_00-scene0219_03-scene0219_02-scene0219_01-scene0219_04,canonical,4,model_update,0,cba77fab3ce85c03f16067dcd4443e629dc81b94479e791c1b3bbeddba979a0c,1203.52146,559363072,1572536320,1013173248,5024776192,62616,427200,1925946,5553696,69725,1988,15,100,torch.float32,1f7c14ad5e7d7457222d5254d3d8d0a695d97954
M3-V-CORE,5630cfcf-12bf-2860-8784-83d28a611a83,scene0219_00-scene0219_03-scene0219_02-scene0219_01-scene0219_04,canonical,4,model_update,1,cba77fab3ce85c03f16067dcd4443e629dc81b94479e791c1b3bbeddba979a0c,1288.204902,559363072,1572562432,1013199360,5024776192,62616,427200,1925946,5553696,69725,1988,15,100,torch.float32,1f7c14ad5e7d7457222d5254d3d8d0a695d97954
M3-V-CORE,5630cfcf-12bf-2860-8784-83d28a611a83,scene0219_00-scene0219_03-scene0219_02-scene0219_01-scene0219_04,canonical,4,model_update,2,cba77fab3ce85c03f16067dcd4443e629dc81b94479e791c1b3bbeddba979a0c,1330.425693,559363072,1572606976,1013243904,5024776192,62616,427200,1925946,5553696,69725,1988,15,100,torch.float32,1f7c14ad5e7d7457222d5254d3d8d0a695d97954
M3-V-CORE,5630cfcf-12bf-2860-8784-83d28a611a83,scene0219_00-scene0219_03-scene0219_02-scene0219_01-scene0219_04,canonical,4,model_update,3,cba77fab3ce85c03f16067dcd4443e629dc81b94479e791c1b3bbeddba979a0c,1254.294141,559363072,1572572672,1013209600,5024776192,62616,427200,1925946,5553696,69725,1988,15,100,torch.float32,1f7c14ad5e7d7457222d5254d3d8d0a695d97954
M3-V-CORE,5630cfcf-12bf-2860-8784-83d28a611a83,scene0219_00-scene0219_03-scene0219_02-scene0219_01-scene0219_04,canonical,4,model_update,4,cba77fab3ce85c03f16067dcd4443e629dc81b94479e791c1b3bbeddba979a0c,1260.438061,559363072,1572589056,1013225984,5024776192,62616,427200,1925946,5553696,69725,1988,15,100,torch.float32,1f7c14ad5e7d7457222d5254d3d8d0a695d97954
M3-V-CORE,5630cfcf-12bf-2860-8784-83d28a611a83,scene0219_00-scene0219_03-scene0219_02-scene0219_01-scene0219_04,canonical,4,model_update,5,cba77fab3ce85c03f16067dcd4443e629dc81b94479e791c1b3bbeddba979a0c,1242.466204,559363072,1572546048,1013182976,5024776192,62616,427200,1925946,5553696,69725,1988,15,100,torch.float32,1f7c14ad5e7d7457222d5254d3d8d0a695d97954
M3-V-CORE,5630cfcf-12bf-2860-8784-83d28a611a83,scene0219_00-scene0219_03-scene0219_02-scene0219_01-scene0219_04,canonical,4,model_update,6,cba77fab3ce85c03f16067dcd4443e629dc81b94479e791c1b3bbeddba979a0c,1259.982761,559363072,1572598784,1013235712,5024776192,62616,427200,1925946,5553696,69725,1988,15,100,torch.float32,1f7c14ad5e7d7457222d5254d3d8d0a695d97954
M3-V-CORE,5630cfcf-12bf-2860-8784-83d28a611a83,scene0219_00-scene0219_03-scene0219_02-scene0219_01-scene0219_04,canonical,4,model_update,7,cba77fab3ce85c03f16067dcd4443e629dc81b94479e791c1b3bbeddba979a0c,1262.502205,559363072,1572615168,1013252096,5024776192,62616,427200,1925946,5553696,69725,1988,15,100,torch.float32,1f7c14ad5e7d7457222d5254d3d8d0a695d97954
M3-V-CORE,5630cfcf-12bf-2860-8784-83d28a611a83,scene0219_00-scene0219_03-scene0219_02-scene0219_01-scene0219_04,canonical,4,model_update,8,cba77fab3ce85c03f16067dcd4443e629dc81b94479e791c1b3bbeddba979a0c,1259.206879,559363072,1572597248,1013234176,5024776192,62616,427200,1925946,5553696,69725,1988,15,100,torch.float32,1f7c14ad5e7d7457222d5254d3d8d0a695d97954
M3-V-CORE,5630cfcf-12bf-2860-8784-83d28a611a83,scene0219_00-scene0219_03-scene0219_02-scene0219_01-scene0219_04,canonical,4,model_update,9,cba77fab3ce85c03f16067dcd4443e629dc81b94479e791c1b3bbeddba979a0c,1227.442434,559363072,1572597248,1013234176,5024776192,62616,427200,1925946,5553696,69725,1988,15,100,torch.float32,1f7c14ad5e7d7457222d5254d3d8d0a695d97954
M3-V-CORE,5630cfcf-12bf-2860-8784-83d28a611a83,scene0219_00-scene0219_03-scene0219_02-scene0219_01-scene0219_04,canonical,4,end_to_end_update,0,cba77fab3ce85c03f16067dcd4443e629dc81b94479e791c1b3bbeddba979a0c,1474.834042,559363072,1572546048,1013182976,5024776192,62616,427200,1925946,5553696,69725,1988,15,100,torch.float32,1f7c14ad5e7d7457222d5254d3d8d0a695d97954
M3-V-CORE,5630cfcf-12bf-2860-8784-83d28a611a83,scene0219_00-scene0219_03-scene0219_02-scene0219_01-scene0219_04,canonical,4,end_to_end_update,1,cba77fab3ce85c03f16067dcd4443e629dc81b94479e791c1b3bbeddba979a0c,1368.843689,559363072,1572676096,1013313024,5024776192,62616,427200,1925946,5553696,69725,1988,15,100,torch.float32,1f7c14ad5e7d7457222d5254d3d8d0a695d97954
M3-V-CORE,5630cfcf-12bf-2860-8784-83d28a611a83,scene0219_00-scene0219_03-scene0219_02-scene0219_01-scene0219_04,canonical,4,end_to_end_update,2,cba77fab3ce85c03f16067dcd4443e629dc81b94479e791c1b3bbeddba979a0c,1402.084074,559363072,1572658176,1013295104,5024776192,62616,427200,1925946,5553696,69725,1988,15,100,torch.float32,1f7c14ad5e7d7457222d5254d3d8d0a695d97954
M3-V-CORE,5630cfcf-12bf-2860-8784-83d28a611a83,scene0219_00-scene0219_03-scene0219_02-scene0219_01-scene0219_04,canonical,4,end_to_end_update,3,cba77fab3ce85c03f16067dcd4443e629dc81b94479e791c1b3bbeddba979a0c,1510.259675,559363072,1572580864,1013217792,5024776192,62616,427200,1925946,5553696,69725,1988,15,100,torch.float32,1f7c14ad5e7d7457222d5254d3d8d0a695d97954
M3-V-CORE,5630cfcf-12bf-2860-8784-83d28a611a83,scene0219_00-scene0219_03-scene0219_02-scene0219_01-scene0219_04,canonical,4,end_to_end_update,4,cba77fab3ce85c03f16067dcd4443e629dc81b94479e791c1b3bbeddba979a0c,1906.638778,559363072,1572546048,1013182976,5024776192,62616,427200,1925946,5553696,69725,1988,15,100,torch.float32,1f7c14ad5e7d7457222d5254d3d8d0a695d97954
M3-V-CORE,5630cfcf-12bf-2860-8784-83d28a611a83,scene0219_00-scene0219_03-scene0219_02-scene0219_01-scene0219_04,canonical,4,end_to_end_update,5,cba77fab3ce85c03f16067dcd4443e629dc81b94479e791c1b3bbeddba979a0c,2040.426988,559363072,1572597248,1013234176,5024776192,62616,427200,1925946,5553696,69725,1988,15,100,torch.float32,1f7c14ad5e7d7457222d5254d3d8d0a695d97954
M3-V-CORE,5630cfcf-12bf-2860-8784-83d28a611a83,scene0219_00-scene0219_03-scene0219_02-scene0219_01-scene0219_04,canonical,4,end_to_end_update,6,cba77fab3ce85c03f16067dcd4443e629dc81b94479e791c1b3bbeddba979a0c,1981.254267,559363072,1572598784,1013235712,5024776192,62616,427200,1925946,5553696,69725,1988,15,100,torch.float32,1f7c14ad5e7d7457222d5254d3d8d0a695d97954
M3-V-CORE,5630cfcf-12bf-2860-8784-83d28a611a83,scene0219_00-scene0219_03-scene0219_02-scene0219_01-scene0219_04,canonical,4,end_to_end_update,7,cba77fab3ce85c03f16067dcd4443e629dc81b94479e791c1b3bbeddba979a0c,1932.888664,559363072,1572503552,1013140480,5024776192,62616,427200,1925946,5553696,69725,1988,15,100,torch.float32,1f7c14ad5e7d7457222d5254d3d8d0a695d97954
M3-V-CORE,5630cfcf-12bf-2860-8784-83d28a611a83,scene0219_00-scene0219_03-scene0219_02-scene0219_01-scene0219_04,canonical,4,end_to_end_update,8,cba77fab3ce85c03f16067dcd4443e629dc81b94479e791c1b3bbeddba979a0c,1468.026421,559363072,1572572672,1013209600,5024776192,62616,427200,1925946,5553696,69725,1988,15,100,torch.float32,1f7c14ad5e7d7457222d5254d3d8d0a695d97954
M3-V-CORE,5630cfcf-12bf-2860-8784-83d28a611a83,scene0219_00-scene0219_03-scene0219_02-scene0219_01-scene0219_04,canonical,4,end_to_end_update,9,cba77fab3ce85c03f16067dcd4443e629dc81b94479e791c1b3bbeddba979a0c,1444.828051,559363072,1572536320,1013173248,5024776192,62616,427200,1925946,5553696,69725,1988,15,100,torch.float32,1f7c14ad5e7d7457222d5254d3d8d0a695d97954
M3-V-CORE,5630cfcf-12bf-2860-8784-83d28a611a83,scene0219_00-scene0219_03-scene0219_02-scene0219_01-scene0219_04,canonical,4,output_materialization,0,cba77fab3ce85c03f16067dcd4443e629dc81b94479e791c1b3bbeddba979a0c,4.234644,559363072,592923648,33560576,5024776192,62616,427200,1925946,5553696,69725,1988,15,100,torch.float32,1f7c14ad5e7d7457222d5254d3d8d0a695d97954
M3-V-CORE,5630cfcf-12bf-2860-8784-83d28a611a83,scene0219_00-scene0219_03-scene0219_02-scene0219_01-scene0219_04,canonical,4,output_materialization,1,cba77fab3ce85c03f16067dcd4443e629dc81b94479e791c1b3bbeddba979a0c,4.217842,559363072,592923648,33560576,5024776192,62616,427200,1925946,5553696,69725,1988,15,100,torch.float32,1f7c14ad5e7d7457222d5254d3d8d0a695d97954
M3-V-CORE,5630cfcf-12bf-2860-8784-83d28a611a83,scene0219_00-scene0219_03-scene0219_02-scene0219_01-scene0219_04,canonical,4,output_materialization,2,cba77fab3ce85c03f16067dcd4443e629dc81b94479e791c1b3bbeddba979a0c,4.217884,559363072,592923648,33560576,5024776192,62616,427200,1925946,5553696,69725,1988,15,100,torch.float32,1f7c14ad5e7d7457222d5254d3d8d0a695d97954
M3-V-CORE,5630cfcf-12bf-2860-8784-83d28a611a83,scene0219_00-scene0219_03-scene0219_02-scene0219_01-scene0219_04,canonical,4,output_materialization,3,cba77fab3ce85c03f16067dcd4443e629dc81b94479e791c1b3bbeddba979a0c,4.235066,559363072,592923648,33560576,5024776192,62616,427200,1925946,5553696,69725,1988,15,100,torch.float32,1f7c14ad5e7d7457222d5254d3d8d0a695d97954
M3-V-CORE,5630cfcf-12bf-2860-8784-83d28a611a83,scene0219_00-scene0219_03-scene0219_02-scene0219_01-scene0219_04,canonical,4,output_materialization,4,cba77fab3ce85c03f16067dcd4443e629dc81b94479e791c1b3bbeddba979a0c,4.228049,559363072,592923648,33560576,5024776192,62616,427200,1925946,5553696,69725,1988,15,100,torch.float32,1f7c14ad5e7d7457222d5254d3d8d0a695d97954
M3-V-CORE,5630cfcf-12bf-2860-8784-83d28a611a83,scene0219_00-scene0219_03-scene0219_02-scene0219_01-scene0219_04,canonical,4,output_materialization,5,cba77fab3ce85c03f16067dcd4443e629dc81b94479e791c1b3bbeddba979a0c,4.251869,559363072,592923648,33560576,5024776192,62616,427200,1925946,5553696,69725,1988,15,100,torch.float32,1f7c14ad5e7d7457222d5254d3d8d0a695d97954
M3-V-CORE,5630cfcf-12bf-2860-8784-83d28a611a83,scene0219_00-scene0219_03-scene0219_02-scene0219_01-scene0219_04,canonical,4,output_materialization,6,cba77fab3ce85c03f16067dcd4443e629dc81b94479e791c1b3bbeddba979a0c,4.224818,559363072,592923648,33560576,5024776192,62616,427200,1925946,5553696,69725,1988,15,100,torch.float32,1f7c14ad5e7d7457222d5254d3d8d0a695d97954
M3-V-CORE,5630cfcf-12bf-2860-8784-83d28a611a83,scene0219_00-scene0219_03-scene0219_02-scene0219_01-scene0219_04,canonical,4,output_materialization,7,cba77fab3ce85c03f16067dcd4443e629dc81b94479e791c1b3bbeddba979a0c,4.485992,559363072,592923648,33560576,5024776192,62616,427200,1925946,5553696,69725,1988,15,100,torch.float32,1f7c14ad5e7d7457222d5254d3d8d0a695d97954
M3-V-CORE,5630cfcf-12bf-2860-8784-83d28a611a83,scene0219_00-scene0219_03-scene0219_02-scene0219_01-scene0219_04,canonical,4,output_materialization,8,cba77fab3ce85c03f16067dcd4443e629dc81b94479e791c1b3bbeddba979a0c,5.0309,559363072,592923648,33560576,5024776192,62616,427200,1925946,5553696,69725,1988,15,100,torch.float32,1f7c14ad5e7d7457222d5254d3d8d0a695d97954
M3-V-CORE,5630cfcf-12bf-2860-8784-83d28a611a83,scene0219_00-scene0219_03-scene0219_02-scene0219_01-scene0219_04,canonical,4,output_materialization,9,cba77fab3ce85c03f16067dcd4443e629dc81b94479e791c1b3bbeddba979a0c,5.674981,559363072,592923648,33560576,5024776192,62616,427200,1925946,5553696,69725,1988,15,100,torch.float32,1f7c14ad5e7d7457222d5254d3d8d0a695d97954
M3-V-CORE,5630cfcf-12bf-2860-8784-83d28a611a83,scene0219_00-scene0219_03-scene0219_02-scene0219_01-scene0219_04,canonical,4,cumulative_T1_to_T,0,3f354f12741e8d8e7a579fafe8bbf3e7808a357d25486423ecd99639983796c8,5999.348197,559363072,1736222208,1176859136,5024776192,62616,427200,1925946,5553696,69725,1988,15,100,torch.float32,1f7c14ad5e7d7457222d5254d3d8d0a695d97954
M3-V-CORE,5630cfcf-12bf-2860-8784-83d28a611a83,scene0219_00-scene0219_03-scene0219_02-scene0219_01-scene0219_04,canonical,4,cumulative_T1_to_T,1,3f354f12741e8d8e7a579fafe8bbf3e7808a357d25486423ecd99639983796c8,8328.33874,559363072,1736308736,1176945664,5024776192,62616,427200,1925946,5553696,69725,1988,15,100,torch.float32,1f7c14ad5e7d7457222d5254d3d8d0a695d97954
M3-V-CORE,5630cfcf-12bf-2860-8784-83d28a611a83,scene0219_00-scene0219_03-scene0219_02-scene0219_01-scene0219_04,canonical,4,cumulative_T1_to_T,2,3f354f12741e8d8e7a579fafe8bbf3e7808a357d25486423ecd99639983796c8,7482.242906,559363072,1736235520,1176872448,5024776192,62616,427200,1925946,5553696,69725,1988,15,100,torch.float32,1f7c14ad5e7d7457222d5254d3d8d0a695d97954
M3-V-CORE,5630cfcf-12bf-2860-8784-83d28a611a83,scene0219_00-scene0219_03-scene0219_02-scene0219_01-scene0219_04,canonical,4,cumulative_T1_to_T,3,3f354f12741e8d8e7a579fafe8bbf3e7808a357d25486423ecd99639983796c8,6252.131891,559363072,1736255488,1176892416,5024776192,62616,427200,1925946,5553696,69725,1988,15,100,torch.float32,1f7c14ad5e7d7457222d5254d3d8d0a695d97954
M3-V-CORE,5630cfcf-12bf-2860-8784-83d28a611a83,scene0219_00-scene0219_03-scene0219_02-scene0219_01-scene0219_04,canonical,4,cumulative_T1_to_T,4,3f354f12741e8d8e7a579fafe8bbf3e7808a357d25486423ecd99639983796c8,7990.563479,559363072,1736328704,1176965632,5024776192,62616,427200,1925946,5553696,69725,1988,15,100,torch.float32,1f7c14ad5e7d7457222d5254d3d8d0a695d97954
M3-V-CORE,5630cfcf-12bf-2860-8784-83d28a611a83,scene0219_00-scene0219_03-scene0219_02-scene0219_01-scene0219_04,canonical,4,cumulative_T1_to_T,5,3f354f12741e8d8e7a579fafe8bbf3e7808a357d25486423ecd99639983796c8,7037.486701,559363072,1736295424,1176932352,5024776192,62616,427200,1925946,5553696,69725,1988,15,100,torch.float32,1f7c14ad5e7d7457222d5254d3d8d0a695d97954
M3-V-CORE,5630cfcf-12bf-2860-8784-83d28a611a83,scene0219_00-scene0219_03-scene0219_02-scene0219_01-scene0219_04,canonical,4,cumulative_T1_to_T,6,3f354f12741e8d8e7a579fafe8bbf3e7808a357d25486423ecd99639983796c8,7367.089822,559363072,1736262144,1176899072,5024776192,62616,427200,1925946,5553696,69725,1988,15,100,torch.float32,1f7c14ad5e7d7457222d5254d3d8d0a695d97954
M3-V-CORE,5630cfcf-12bf-2860-8784-83d28a611a83,scene0219_00-scene0219_03-scene0219_02-scene0219_01-scene0219_04,canonical,4,cumulative_T1_to_T,7,3f354f12741e8d8e7a579fafe8bbf3e7808a357d25486423ecd99639983796c8,8204.548483,559363072,1736255488,1176892416,5024776192,62616,427200,1925946,5553696,69725,1988,15,100,torch.float32,1f7c14ad5e7d7457222d5254d3d8d0a695d97954
M3-V-CORE,5630cfcf-12bf-2860-8784-83d28a611a83,scene0219_00-scene0219_03-scene0219_02-scene0219_01-scene0219_04,canonical,4,cumulative_T1_to_T,8,3f354f12741e8d8e7a579fafe8bbf3e7808a357d25486423ecd99639983796c8,6715.070128,559363072,1736308736,1176945664,5024776192,62616,427200,1925946,5553696,69725,1988,15,100,torch.float32,1f7c14ad5e7d7457222d5254d3d8d0a695d97954
M3-V-CORE,5630cfcf-12bf-2860-8784-83d28a611a83,scene0219_00-scene0219_03-scene0219_02-scene0219_01-scene0219_04,canonical,4,cumulative_T1_to_T,9,3f354f12741e8d8e7a579fafe8bbf3e7808a357d25486423ecd99639983796c8,7410.901995,559363072,1736275456,1176912384,5024776192,62616,427200,1925946,5553696,69725,1988,15,100,torch.float32,1f7c14ad5e7d7457222d5254d3d8d0a695d97954
M3-V-CORE,5630cfcf-12bf-2860-8784-83d28a611a83,scene0219_00-scene0219_03-scene0219_02-scene0219_01-scene0219_04,canonical,5,model_update,0,d156883c5b87fbcaca23c826c0146e9e693fc99c3f040058f1c64522618032a5,1569.519505,559363072,1615405568,1056042496,5024776192,62616,427200,2063481,5965152,72765,2438,17,100,torch.float32,1f7c14ad5e7d7457222d5254d3d8d0a695d97954
M3-V-CORE,5630cfcf-12bf-2860-8784-83d28a611a83,scene0219_00-scene0219_03-scene0219_02-scene0219_01-scene0219_04,canonical,5,model_update,1,d156883c5b87fbcaca23c826c0146e9e693fc99c3f040058f1c64522618032a5,1609.037531,559363072,1615438848,1056075776,5024776192,62616,427200,2063481,5965152,72765,2438,17,100,torch.float32,1f7c14ad5e7d7457222d5254d3d8d0a695d97954
M3-V-CORE,5630cfcf-12bf-2860-8784-83d28a611a83,scene0219_00-scene0219_03-scene0219_02-scene0219_01-scene0219_04,canonical,5,model_update,2,d156883c5b87fbcaca23c826c0146e9e693fc99c3f040058f1c64522618032a5,1630.725607,559363072,1615432192,1056069120,5024776192,62616,427200,2063481,5965152,72765,2438,17,100,torch.float32,1f7c14ad5e7d7457222d5254d3d8d0a695d97954
M3-V-CORE,5630cfcf-12bf-2860-8784-83d28a611a83,scene0219_00-scene0219_03-scene0219_02-scene0219_01-scene0219_04,canonical,5,model_update,3,d156883c5b87fbcaca23c826c0146e9e693fc99c3f040058f1c64522618032a5,1630.079956,559363072,1615425536,1056062464,5024776192,62616,427200,2063481,5965152,72765,2438,17,100,torch.float32,1f7c14ad5e7d7457222d5254d3d8d0a695d97954
M3-V-CORE,5630cfcf-12bf-2860-8784-83d28a611a83,scene0219_00-scene0219_03-scene0219_02-scene0219_01-scene0219_04,canonical,5,model_update,4,d156883c5b87fbcaca23c826c0146e9e693fc99c3f040058f1c64522618032a5,1593.636964,559363072,1615452160,1056089088,5024776192,62616,427200,2063481,5965152,72765,2438,17,100,torch.float32,1f7c14ad5e7d7457222d5254d3d8d0a695d97954
M3-V-CORE,5630cfcf-12bf-2860-8784-83d28a611a83,scene0219_00-scene0219_03-scene0219_02-scene0219_01-scene0219_04,canonical,5,model_update,5,d156883c5b87fbcaca23c826c0146e9e693fc99c3f040058f1c64522618032a5,1622.772349,559363072,1615438848,1056075776,5024776192,62616,427200,2063481,5965152,72765,2438,17,100,torch.float32,1f7c14ad5e7d7457222d5254d3d8d0a695d97954
M3-V-CORE,5630cfcf-12bf-2860-8784-83d28a611a83,scene0219_00-scene0219_03-scene0219_02-scene0219_01-scene0219_04,canonical,5,model_update,6,d156883c5b87fbcaca23c826c0146e9e693fc99c3f040058f1c64522618032a5,1567.311789,559363072,1615445504,1056082432,5024776192,62616,427200,2063481,5965152,72765,2438,17,100,torch.float32,1f7c14ad5e7d7457222d5254d3d8d0a695d97954
M3-V-CORE,5630cfcf-12bf-2860-8784-83d28a611a83,scene0219_00-scene0219_03-scene0219_02-scene0219_01-scene0219_04,canonical,5,model_update,7,d156883c5b87fbcaca23c826c0146e9e693fc99c3f040058f1c64522618032a5,1623.952129,559363072,1615445504,1056082432,5024776192,62616,427200,2063481,5965152,72765,2438,17,100,torch.float32,1f7c14ad5e7d7457222d5254d3d8d0a695d97954
M3-V-CORE,5630cfcf-12bf-2860-8784-83d28a611a83,scene0219_00-scene0219_03-scene0219_02-scene0219_01-scene0219_04,canonical,5,model_update,8,d156883c5b87fbcaca23c826c0146e9e693fc99c3f040058f1c64522618032a5,2273.528864,559363072,1615412224,1056049152,5024776192,62616,427200,2063481,5965152,72765,2438,17,100,torch.float32,1f7c14ad5e7d7457222d5254d3d8d0a695d97954
M3-V-CORE,5630cfcf-12bf-2860-8784-83d28a611a83,scene0219_00-scene0219_03-scene0219_02-scene0219_01-scene0219_04,canonical,5,model_update,9,d156883c5b87fbcaca23c826c0146e9e693fc99c3f040058f1c64522618032a5,1773.91021,559363072,1615391744,1056028672,5024776192,62616,427200,2063481,5965152,72765,2438,17,100,torch.float32,1f7c14ad5e7d7457222d5254d3d8d0a695d97954
M3-V-CORE,5630cfcf-12bf-2860-8784-83d28a611a83,scene0219_00-scene0219_03-scene0219_02-scene0219_01-scene0219_04,canonical,5,end_to_end_update,0,d156883c5b87fbcaca23c826c0146e9e693fc99c3f040058f1c64522618032a5,1838.285085,559363072,1615452160,1056089088,5024776192,62616,427200,2063481,5965152,72765,2438,17,100,torch.float32,1f7c14ad5e7d7457222d5254d3d8d0a695d97954
M3-V-CORE,5630cfcf-12bf-2860-8784-83d28a611a83,scene0219_00-scene0219_03-scene0219_02-scene0219_01-scene0219_04,canonical,5,end_to_end_update,1,d156883c5b87fbcaca23c826c0146e9e693fc99c3f040058f1c64522618032a5,1803.658564,559363072,1615412224,1056049152,5024776192,62616,427200,2063481,5965152,72765,2438,17,100,torch.float32,1f7c14ad5e7d7457222d5254d3d8d0a695d97954
M3-V-CORE,5630cfcf-12bf-2860-8784-83d28a611a83,scene0219_00-scene0219_03-scene0219_02-scene0219_01-scene0219_04,canonical,5,end_to_end_update,2,d156883c5b87fbcaca23c826c0146e9e693fc99c3f040058f1c64522618032a5,1843.717995,559363072,1615405568,1056042496,5024776192,62616,427200,2063481,5965152,72765,2438,17,100,torch.float32,1f7c14ad5e7d7457222d5254d3d8d0a695d97954
M3-V-CORE,5630cfcf-12bf-2860-8784-83d28a611a83,scene0219_00-scene0219_03-scene0219_02-scene0219_01-scene0219_04,canonical,5,end_to_end_update,3,d156883c5b87fbcaca23c826c0146e9e693fc99c3f040058f1c64522618032a5,1868.775139,559363072,1615398912,1056035840,5024776192,62616,427200,2063481,5965152,72765,2438,17,100,torch.float32,1f7c14ad5e7d7457222d5254d3d8d0a695d97954
M3-V-CORE,5630cfcf-12bf-2860-8784-83d28a611a83,scene0219_00-scene0219_03-scene0219_02-scene0219_01-scene0219_04,canonical,5,end_to_end_update,4,d156883c5b87fbcaca23c826c0146e9e693fc99c3f040058f1c64522618032a5,2327.732086,559363072,1615358464,1055995392,5024776192,62616,427200,2063481,5965152,72765,2438,17,100,torch.float32,1f7c14ad5e7d7457222d5254d3d8d0a695d97954
M3-V-CORE,5630cfcf-12bf-2860-8784-83d28a611a83,scene0219_00-scene0219_03-scene0219_02-scene0219_01-scene0219_04,canonical,5,end_to_end_update,5,d156883c5b87fbcaca23c826c0146e9e693fc99c3f040058f1c64522618032a5,2645.445654,559363072,1615378432,1056015360,5024776192,62616,427200,2063481,5965152,72765,2438,17,100,torch.float32,1f7c14ad5e7d7457222d5254d3d8d0a695d97954
M3-V-CORE,5630cfcf-12bf-2860-8784-83d28a611a83,scene0219_00-scene0219_03-scene0219_02-scene0219_01-scene0219_04,canonical,5,end_to_end_update,6,d156883c5b87fbcaca23c826c0146e9e693fc99c3f040058f1c64522618032a5,1945.508608,559363072,1615478784,1056115712,5024776192,62616,427200,2063481,5965152,72765,2438,17,100,torch.float32,1f7c14ad5e7d7457222d5254d3d8d0a695d97954
M3-V-CORE,5630cfcf-12bf-2860-8784-83d28a611a83,scene0219_00-scene0219_03-scene0219_02-scene0219_01-scene0219_04,canonical,5,end_to_end_update,7,d156883c5b87fbcaca23c826c0146e9e693fc99c3f040058f1c64522618032a5,1937.881315,559363072,1615405568,1056042496,5024776192,62616,427200,2063481,5965152,72765,2438,17,100,torch.float32,1f7c14ad5e7d7457222d5254d3d8d0a695d97954
M3-V-CORE,5630cfcf-12bf-2860-8784-83d28a611a83,scene0219_00-scene0219_03-scene0219_02-scene0219_01-scene0219_04,canonical,5,end_to_end_update,8,d156883c5b87fbcaca23c826c0146e9e693fc99c3f040058f1c64522618032a5,1811.403568,559363072,1615458816,1056095744,5024776192,62616,427200,2063481,5965152,72765,2438,17,100,torch.float32,1f7c14ad5e7d7457222d5254d3d8d0a695d97954
M3-V-CORE,5630cfcf-12bf-2860-8784-83d28a611a83,scene0219_00-scene0219_03-scene0219_02-scene0219_01-scene0219_04,canonical,5,end_to_end_update,9,d156883c5b87fbcaca23c826c0146e9e693fc99c3f040058f1c64522618032a5,1747.627294,559363072,1615425536,1056062464,5024776192,62616,427200,2063481,5965152,72765,2438,17,100,torch.float32,1f7c14ad5e7d7457222d5254d3d8d0a695d97954
M3-V-CORE,5630cfcf-12bf-2860-8784-83d28a611a83,scene0219_00-scene0219_03-scene0219_02-scene0219_01-scene0219_04,canonical,5,output_materialization,0,d156883c5b87fbcaca23c826c0146e9e693fc99c3f040058f1c64522618032a5,5.154815,559363072,592923648,33560576,5024776192,62616,427200,2063481,5965152,72765,2438,17,100,torch.float32,1f7c14ad5e7d7457222d5254d3d8d0a695d97954
M3-V-CORE,5630cfcf-12bf-2860-8784-83d28a611a83,scene0219_00-scene0219_03-scene0219_02-scene0219_01-scene0219_04,canonical,5,output_materialization,1,d156883c5b87fbcaca23c826c0146e9e693fc99c3f040058f1c64522618032a5,5.015884,559363072,592923648,33560576,5024776192,62616,427200,2063481,5965152,72765,2438,17,100,torch.float32,1f7c14ad5e7d7457222d5254d3d8d0a695d97954
M3-V-CORE,5630cfcf-12bf-2860-8784-83d28a611a83,scene0219_00-scene0219_03-scene0219_02-scene0219_01-scene0219_04,canonical,5,output_materialization,2,d156883c5b87fbcaca23c826c0146e9e693fc99c3f040058f1c64522618032a5,4.879197,559363072,592923648,33560576,5024776192,62616,427200,2063481,5965152,72765,2438,17,100,torch.float32,1f7c14ad5e7d7457222d5254d3d8d0a695d97954
M3-V-CORE,5630cfcf-12bf-2860-8784-83d28a611a83,scene0219_00-scene0219_03-scene0219_02-scene0219_01-scene0219_04,canonical,5,output_materialization,3,d156883c5b87fbcaca23c826c0146e9e693fc99c3f040058f1c64522618032a5,4.841882,559363072,592923648,33560576,5024776192,62616,427200,2063481,5965152,72765,2438,17,100,torch.float32,1f7c14ad5e7d7457222d5254d3d8d0a695d97954
M3-V-CORE,5630cfcf-12bf-2860-8784-83d28a611a83,scene0219_00-scene0219_03-scene0219_02-scene0219_01-scene0219_04,canonical,5,output_materialization,4,d156883c5b87fbcaca23c826c0146e9e693fc99c3f040058f1c64522618032a5,5.179115,559363072,592923648,33560576,5024776192,62616,427200,2063481,5965152,72765,2438,17,100,torch.float32,1f7c14ad5e7d7457222d5254d3d8d0a695d97954
M3-V-CORE,5630cfcf-12bf-2860-8784-83d28a611a83,scene0219_00-scene0219_03-scene0219_02-scene0219_01-scene0219_04,canonical,5,output_materialization,5,d156883c5b87fbcaca23c826c0146e9e693fc99c3f040058f1c64522618032a5,5.086353,559363072,592923648,33560576,5024776192,62616,427200,2063481,5965152,72765,2438,17,100,torch.float32,1f7c14ad5e7d7457222d5254d3d8d0a695d97954
M3-V-CORE,5630cfcf-12bf-2860-8784-83d28a611a83,scene0219_00-scene0219_03-scene0219_02-scene0219_01-scene0219_04,canonical,5,output_materialization,6,d156883c5b87fbcaca23c826c0146e9e693fc99c3f040058f1c64522618032a5,4.929898,559363072,592923648,33560576,5024776192,62616,427200,2063481,5965152,72765,2438,17,100,torch.float32,1f7c14ad5e7d7457222d5254d3d8d0a695d97954
M3-V-CORE,5630cfcf-12bf-2860-8784-83d28a611a83,scene0219_00-scene0219_03-scene0219_02-scene0219_01-scene0219_04,canonical,5,output_materialization,7,d156883c5b87fbcaca23c826c0146e9e693fc99c3f040058f1c64522618032a5,4.815603,559363072,592923648,33560576,5024776192,62616,427200,2063481,5965152,72765,2438,17,100,torch.float32,1f7c14ad5e7d7457222d5254d3d8d0a695d97954
M3-V-CORE,5630cfcf-12bf-2860-8784-83d28a611a83,scene0219_00-scene0219_03-scene0219_02-scene0219_01-scene0219_04,canonical,5,output_materialization,8,d156883c5b87fbcaca23c826c0146e9e693fc99c3f040058f1c64522618032a5,4.861037,559363072,592923648,33560576,5024776192,62616,427200,2063481,5965152,72765,2438,17,100,torch.float32,1f7c14ad5e7d7457222d5254d3d8d0a695d97954
M3-V-CORE,5630cfcf-12bf-2860-8784-83d28a611a83,scene0219_00-scene0219_03-scene0219_02-scene0219_01-scene0219_04,canonical,5,output_materialization,9,d156883c5b87fbcaca23c826c0146e9e693fc99c3f040058f1c64522618032a5,5.847284,559363072,592923648,33560576,5024776192,62616,427200,2063481,5965152,72765,2438,17,100,torch.float32,1f7c14ad5e7d7457222d5254d3d8d0a695d97954
M3-V-CORE,5630cfcf-12bf-2860-8784-83d28a611a83,scene0219_00-scene0219_03-scene0219_02-scene0219_01-scene0219_04,canonical,5,cumulative_T1_to_T,0,3f354f12741e8d8e7a579fafe8bbf3e7808a357d25486423ecd99639983796c8,8796.627817,559363072,1736288768,1176925696,5024776192,62616,427200,2063481,5965152,72765,2438,17,100,torch.float32,1f7c14ad5e7d7457222d5254d3d8d0a695d97954
M3-V-CORE,5630cfcf-12bf-2860-8784-83d28a611a83,scene0219_00-scene0219_03-scene0219_02-scene0219_01-scene0219_04,canonical,5,cumulative_T1_to_T,1,3f354f12741e8d8e7a579fafe8bbf3e7808a357d25486423ecd99639983796c8,9699.662663,559363072,1736268800,1176905728,5024776192,62616,427200,2063481,5965152,72765,2438,17,100,torch.float32,1f7c14ad5e7d7457222d5254d3d8d0a695d97954
M3-V-CORE,5630cfcf-12bf-2860-8784-83d28a611a83,scene0219_00-scene0219_03-scene0219_02-scene0219_01-scene0219_04,canonical,5,cumulative_T1_to_T,2,3f354f12741e8d8e7a579fafe8bbf3e7808a357d25486423ecd99639983796c8,8005.904611,559363072,1736288768,1176925696,5024776192,62616,427200,2063481,5965152,72765,2438,17,100,torch.float32,1f7c14ad5e7d7457222d5254d3d8d0a695d97954
M3-V-CORE,5630cfcf-12bf-2860-8784-83d28a611a83,scene0219_00-scene0219_03-scene0219_02-scene0219_01-scene0219_04,canonical,5,cumulative_T1_to_T,3,3f354f12741e8d8e7a579fafe8bbf3e7808a357d25486423ecd99639983796c8,8152.596181,559363072,1736228864,1176865792,5024776192,62616,427200,2063481,5965152,72765,2438,17,100,torch.float32,1f7c14ad5e7d7457222d5254d3d8d0a695d97954
M3-V-CORE,5630cfcf-12bf-2860-8784-83d28a611a83,scene0219_00-scene0219_03-scene0219_02-scene0219_01-scene0219_04,canonical,5,cumulative_T1_to_T,4,3f354f12741e8d8e7a579fafe8bbf3e7808a357d25486423ecd99639983796c8,10409.138349,559363072,1736248832,1176885760,5024776192,62616,427200,2063481,5965152,72765,2438,17,100,torch.float32,1f7c14ad5e7d7457222d5254d3d8d0a695d97954
M3-V-CORE,5630cfcf-12bf-2860-8784-83d28a611a83,scene0219_00-scene0219_03-scene0219_02-scene0219_01-scene0219_04,canonical,5,cumulative_T1_to_T,5,3f354f12741e8d8e7a579fafe8bbf3e7808a357d25486423ecd99639983796c8,8070.211962,559363072,1736248832,1176885760,5024776192,62616,427200,2063481,5965152,72765,2438,17,100,torch.float32,1f7c14ad5e7d7457222d5254d3d8d0a695d97954
M3-V-CORE,5630cfcf-12bf-2860-8784-83d28a611a83,scene0219_00-scene0219_03-scene0219_02-scene0219_01-scene0219_04,canonical,5,cumulative_T1_to_T,6,3f354f12741e8d8e7a579fafe8bbf3e7808a357d25486423ecd99639983796c8,8537.479363,559363072,1736215552,1176852480,5024776192,62616,427200,2063481,5965152,72765,2438,17,100,torch.float32,1f7c14ad5e7d7457222d5254d3d8d0a695d97954
M3-V-CORE,5630cfcf-12bf-2860-8784-83d28a611a83,scene0219_00-scene0219_03-scene0219_02-scene0219_01-scene0219_04,canonical,5,cumulative_T1_to_T,7,3f354f12741e8d8e7a579fafe8bbf3e7808a357d25486423ecd99639983796c8,7933.855278,559363072,1736255488,1176892416,5024776192,62616,427200,2063481,5965152,72765,2438,17,100,torch.float32,1f7c14ad5e7d7457222d5254d3d8d0a695d97954
M3-V-CORE,5630cfcf-12bf-2860-8784-83d28a611a83,scene0219_00-scene0219_03-scene0219_02-scene0219_01-scene0219_04,canonical,5,cumulative_T1_to_T,8,3f354f12741e8d8e7a579fafe8bbf3e7808a357d25486423ecd99639983796c8,9307.756433,559363072,1736302080,1176939008,5024776192,62616,427200,2063481,5965152,72765,2438,17,100,torch.float32,1f7c14ad5e7d7457222d5254d3d8d0a695d97954
M3-V-CORE,5630cfcf-12bf-2860-8784-83d28a611a83,scene0219_00-scene0219_03-scene0219_02-scene0219_01-scene0219_04,canonical,5,cumulative_T1_to_T,9,3f354f12741e8d8e7a579fafe8bbf3e7808a357d25486423ecd99639983796c8,7905.85681,559363072,1736262144,1176899072,5024776192,62616,427200,2063481,5965152,72765,2438,17,100,torch.float32,1f7c14ad5e7d7457222d5254d3d8d0a695d97954
M3-V-CORE,8eabc45f-5af7-2f32-8528-640861d2a135,scene0309_00-scene0309_02-scene0309_01-scene0309_04-scene0309_03,canonical,2,model_update,0,392a8f2e4faaf2719d6841ecf4fe0d4cc398374a53b03b1f03ed9844b2ac4427,2489.740868,559363072,2548108288,1988745216,6232735744,62616,427200,3693374,10733536,135435,4677,27,100,torch.float32,1f7c14ad5e7d7457222d5254d3d8d0a695d97954
M3-V-CORE,8eabc45f-5af7-2f32-8528-640861d2a135,scene0309_00-scene0309_02-scene0309_01-scene0309_04-scene0309_03,canonical,2,model_update,1,392a8f2e4faaf2719d6841ecf4fe0d4cc398374a53b03b1f03ed9844b2ac4427,2601.672067,559363072,2548100096,1988737024,6232735744,62616,427200,3693374,10733536,135435,4677,27,100,torch.float32,1f7c14ad5e7d7457222d5254d3d8d0a695d97954
M3-V-CORE,8eabc45f-5af7-2f32-8528-640861d2a135,scene0309_00-scene0309_02-scene0309_01-scene0309_04-scene0309_03,canonical,2,model_update,2,392a8f2e4faaf2719d6841ecf4fe0d4cc398374a53b03b1f03ed9844b2ac4427,2618.977414,559363072,2548036096,1988673024,6232735744,62616,427200,3693374,10733536,135435,4677,27,100,torch.float32,1f7c14ad5e7d7457222d5254d3d8d0a695d97954
M3-V-CORE,8eabc45f-5af7-2f32-8528-640861d2a135,scene0309_00-scene0309_02-scene0309_01-scene0309_04-scene0309_03,canonical,2,model_update,3,392a8f2e4faaf2719d6841ecf4fe0d4cc398374a53b03b1f03ed9844b2ac4427,2679.89846,559363072,2548064256,1988701184,6232735744,62616,427200,3693374,10733536,135435,4677,27,100,torch.float32,1f7c14ad5e7d7457222d5254d3d8d0a695d97954
M3-V-CORE,8eabc45f-5af7-2f32-8528-640861d2a135,scene0309_00-scene0309_02-scene0309_01-scene0309_04-scene0309_03,canonical,2,model_update,4,392a8f2e4faaf2719d6841ecf4fe0d4cc398374a53b03b1f03ed9844b2ac4427,3539.56258,559363072,2548071936,1988708864,6232735744,62616,427200,3693374,10733536,135435,4677,27,100,torch.float32,1f7c14ad5e7d7457222d5254d3d8d0a695d97954
M3-V-CORE,8eabc45f-5af7-2f32-8528-640861d2a135,scene0309_00-scene0309_02-scene0309_01-scene0309_04-scene0309_03,canonical,2,model_update,5,392a8f2e4faaf2719d6841ecf4fe0d4cc398374a53b03b1f03ed9844b2ac4427,2494.774034,559363072,2548132352,1988769280,6232735744,62616,427200,3693374,10733536,135435,4677,27,100,torch.float32,1f7c14ad5e7d7457222d5254d3d8d0a695d97954
M3-V-CORE,8eabc45f-5af7-2f32-8528-640861d2a135,scene0309_00-scene0309_02-scene0309_01-scene0309_04-scene0309_03,canonical,2,model_update,6,392a8f2e4faaf2719d6841ecf4fe0d4cc398374a53b03b1f03ed9844b2ac4427,2456.51527,559363072,2548097536,1988734464,6232735744,62616,427200,3693374,10733536,135435,4677,27,100,torch.float32,1f7c14ad5e7d7457222d5254d3d8d0a695d97954
M3-V-CORE,8eabc45f-5af7-2f32-8528-640861d2a135,scene0309_00-scene0309_02-scene0309_01-scene0309_04-scene0309_03,canonical,2,model_update,7,392a8f2e4faaf2719d6841ecf4fe0d4cc398374a53b03b1f03ed9844b2ac4427,2477.908086,559363072,2548094464,1988731392,6232735744,62616,427200,3693374,10733536,135435,4677,27,100,torch.float32,1f7c14ad5e7d7457222d5254d3d8d0a695d97954
M3-V-CORE,8eabc45f-5af7-2f32-8528-640861d2a135,scene0309_00-scene0309_02-scene0309_01-scene0309_04-scene0309_03,canonical,2,model_update,8,392a8f2e4faaf2719d6841ecf4fe0d4cc398374a53b03b1f03ed9844b2ac4427,2467.488583,559363072,2548097536,1988734464,6232735744,62616,427200,3693374,10733536,135435,4677,27,100,torch.float32,1f7c14ad5e7d7457222d5254d3d8d0a695d97954
M3-V-CORE,8eabc45f-5af7-2f32-8528-640861d2a135,scene0309_00-scene0309_02-scene0309_01-scene0309_04-scene0309_03,canonical,2,model_update,9,392a8f2e4faaf2719d6841ecf4fe0d4cc398374a53b03b1f03ed9844b2ac4427,2585.332212,559363072,2548091904,1988728832,6232735744,62616,427200,3693374,10733536,135435,4677,27,100,torch.float32,1f7c14ad5e7d7457222d5254d3d8d0a695d97954
M3-V-CORE,8eabc45f-5af7-2f32-8528-640861d2a135,scene0309_00-scene0309_02-scene0309_01-scene0309_04-scene0309_03,canonical,2,end_to_end_update,0,392a8f2e4faaf2719d6841ecf4fe0d4cc398374a53b03b1f03ed9844b2ac4427,2750.837079,559363072,2548075008,1988711936,6232735744,62616,427200,3693374,10733536,135435,4677,27,100,torch.float32,1f7c14ad5e7d7457222d5254d3d8d0a695d97954
M3-V-CORE,8eabc45f-5af7-2f32-8528-640861d2a135,scene0309_00-scene0309_02-scene0309_01-scene0309_04-scene0309_03,canonical,2,end_to_end_update,1,392a8f2e4faaf2719d6841ecf4fe0d4cc398374a53b03b1f03ed9844b2ac4427,2866.769748,559363072,2548069376,1988706304,6232735744,62616,427200,3693374,10733536,135435,4677,27,100,torch.float32,1f7c14ad5e7d7457222d5254d3d8d0a695d97954
M3-V-CORE,8eabc45f-5af7-2f32-8528-640861d2a135,scene0309_00-scene0309_02-scene0309_01-scene0309_04-scene0309_03,canonical,2,end_to_end_update,2,392a8f2e4faaf2719d6841ecf4fe0d4cc398374a53b03b1f03ed9844b2ac4427,3559.528004,559363072,2548071936,1988708864,6232735744,62616,427200,3693374,10733536,135435,4677,27,100,torch.float32,1f7c14ad5e7d7457222d5254d3d8d0a695d97954
M3-V-CORE,8eabc45f-5af7-2f32-8528-640861d2a135,scene0309_00-scene0309_02-scene0309_01-scene0309_04-scene0309_03,canonical,2,end_to_end_update,3,392a8f2e4faaf2719d6841ecf4fe0d4cc398374a53b03b1f03ed9844b2ac4427,2903.085725,559363072,2548116480,1988753408,6232735744,62616,427200,3693374,10733536,135435,4677,27,100,torch.float32,1f7c14ad5e7d7457222d5254d3d8d0a695d97954
M3-V-CORE,8eabc45f-5af7-2f32-8528-640861d2a135,scene0309_00-scene0309_02-scene0309_01-scene0309_04-scene0309_03,canonical,2,end_to_end_update,4,392a8f2e4faaf2719d6841ecf4fe0d4cc398374a53b03b1f03ed9844b2ac4427,3028.362699,559363072,2548066816,1988703744,6232735744,62616,427200,3693374,10733536,135435,4677,27,100,torch.float32,1f7c14ad5e7d7457222d5254d3d8d0a695d97954
M3-V-CORE,8eabc45f-5af7-2f32-8528-640861d2a135,scene0309_00-scene0309_02-scene0309_01-scene0309_04-scene0309_03,canonical,2,end_to_end_update,5,392a8f2e4faaf2719d6841ecf4fe0d4cc398374a53b03b1f03ed9844b2ac4427,3069.48432,559363072,2548088832,1988725760,6232735744,62616,427200,3693374,10733536,135435,4677,27,100,torch.float32,1f7c14ad5e7d7457222d5254d3d8d0a695d97954
M3-V-CORE,8eabc45f-5af7-2f32-8528-640861d2a135,scene0309_00-scene0309_02-scene0309_01-scene0309_04-scene0309_03,canonical,2,end_to_end_update,6,392a8f2e4faaf2719d6841ecf4fe0d4cc398374a53b03b1f03ed9844b2ac4427,2898.369101,559363072,2548108288,1988745216,6232735744,62616,427200,3693374,10733536,135435,4677,27,100,torch.float32,1f7c14ad5e7d7457222d5254d3d8d0a695d97954
M3-V-CORE,8eabc45f-5af7-2f32-8528-640861d2a135,scene0309_00-scene0309_02-scene0309_01-scene0309_04-scene0309_03,canonical,2,end_to_end_update,7,392a8f2e4faaf2719d6841ecf4fe0d4cc398374a53b03b1f03ed9844b2ac4427,2951.93933,559363072,2548074496,1988711424,6232735744,62616,427200,3693374,10733536,135435,4677,27,100,torch.float32,1f7c14ad5e7d7457222d5254d3d8d0a695d97954
M3-V-CORE,8eabc45f-5af7-2f32-8528-640861d2a135,scene0309_00-scene0309_02-scene0309_01-scene0309_04-scene0309_03,canonical,2,end_to_end_update,8,392a8f2e4faaf2719d6841ecf4fe0d4cc398374a53b03b1f03ed9844b2ac4427,3641.50386,559363072,2548091904,1988728832,6232735744,62616,427200,3693374,10733536,135435,4677,27,100,torch.float32,1f7c14ad5e7d7457222d5254d3d8d0a695d97954
M3-V-CORE,8eabc45f-5af7-2f32-8528-640861d2a135,scene0309_00-scene0309_02-scene0309_01-scene0309_04-scene0309_03,canonical,2,end_to_end_update,9,392a8f2e4faaf2719d6841ecf4fe0d4cc398374a53b03b1f03ed9844b2ac4427,3353.33238,559363072,2548071936,1988708864,6232735744,62616,427200,3693374,10733536,135435,4677,27,100,torch.float32,1f7c14ad5e7d7457222d5254d3d8d0a695d97954
M3-V-CORE,8eabc45f-5af7-2f32-8528-640861d2a135,scene0309_00-scene0309_02-scene0309_01-scene0309_04-scene0309_03,canonical,2,output_materialization,0,392a8f2e4faaf2719d6841ecf4fe0d4cc398374a53b03b1f03ed9844b2ac4427,9.48408,559363072,592923648,33560576,6232735744,62616,427200,3693374,10733536,135435,4677,27,100,torch.float32,1f7c14ad5e7d7457222d5254d3d8d0a695d97954
M3-V-CORE,8eabc45f-5af7-2f32-8528-640861d2a135,scene0309_00-scene0309_02-scene0309_01-scene0309_04-scene0309_03,canonical,2,output_materialization,1,392a8f2e4faaf2719d6841ecf4fe0d4cc398374a53b03b1f03ed9844b2ac4427,9.487854,559363072,592923648,33560576,6232735744,62616,427200,3693374,10733536,135435,4677,27,100,torch.float32,1f7c14ad5e7d7457222d5254d3d8d0a695d97954
M3-V-CORE,8eabc45f-5af7-2f32-8528-640861d2a135,scene0309_00-scene0309_02-scene0309_01-scene0309_04-scene0309_03,canonical,2,output_materialization,2,392a8f2e4faaf2719d6841ecf4fe0d4cc398374a53b03b1f03ed9844b2ac4427,9.49704,559363072,592923648,33560576,6232735744,62616,427200,3693374,10733536,135435,4677,27,100,torch.float32,1f7c14ad5e7d7457222d5254d3d8d0a695d97954
M3-V-CORE,8eabc45f-5af7-2f32-8528-640861d2a135,scene0309_00-scene0309_02-scene0309_01-scene0309_04-scene0309_03,canonical,2,output_materialization,3,392a8f2e4faaf2719d6841ecf4fe0d4cc398374a53b03b1f03ed9844b2ac4427,9.517459,559363072,592923648,33560576,6232735744,62616,427200,3693374,10733536,135435,4677,27,100,torch.float32,1f7c14ad5e7d7457222d5254d3d8d0a695d97954
M3-V-CORE,8eabc45f-5af7-2f32-8528-640861d2a135,scene0309_00-scene0309_02-scene0309_01-scene0309_04-scene0309_03,canonical,2,output_materialization,4,392a8f2e4faaf2719d6841ecf4fe0d4cc398374a53b03b1f03ed9844b2ac4427,9.717767,559363072,592923648,33560576,6232735744,62616,427200,3693374,10733536,135435,4677,27,100,torch.float32,1f7c14ad5e7d7457222d5254d3d8d0a695d97954
M3-V-CORE,8eabc45f-5af7-2f32-8528-640861d2a135,scene0309_00-scene0309_02-scene0309_01-scene0309_04-scene0309_03,canonical,2,output_materialization,5,392a8f2e4faaf2719d6841ecf4fe0d4cc398374a53b03b1f03ed9844b2ac4427,9.509462,559363072,592923648,33560576,6232735744,62616,427200,3693374,10733536,135435,4677,27,100,torch.float32,1f7c14ad5e7d7457222d5254d3d8d0a695d97954
M3-V-CORE,8eabc45f-5af7-2f32-8528-640861d2a135,scene0309_00-scene0309_02-scene0309_01-scene0309_04-scene0309_03,canonical,2,output_materialization,6,392a8f2e4faaf2719d6841ecf4fe0d4cc398374a53b03b1f03ed9844b2ac4427,9.52182,559363072,592923648,33560576,6232735744,62616,427200,3693374,10733536,135435,4677,27,100,torch.float32,1f7c14ad5e7d7457222d5254d3d8d0a695d97954
M3-V-CORE,8eabc45f-5af7-2f32-8528-640861d2a135,scene0309_00-scene0309_02-scene0309_01-scene0309_04-scene0309_03,canonical,2,output_materialization,7,392a8f2e4faaf2719d6841ecf4fe0d4cc398374a53b03b1f03ed9844b2ac4427,9.487801,559363072,592923648,33560576,6232735744,62616,427200,3693374,10733536,135435,4677,27,100,torch.float32,1f7c14ad5e7d7457222d5254d3d8d0a695d97954
M3-V-CORE,8eabc45f-5af7-2f32-8528-640861d2a135,scene0309_00-scene0309_02-scene0309_01-scene0309_04-scene0309_03,canonical,2,output_materialization,8,392a8f2e4faaf2719d6841ecf4fe0d4cc398374a53b03b1f03ed9844b2ac4427,9.503584,559363072,592923648,33560576,6232735744,62616,427200,3693374,10733536,135435,4677,27,100,torch.float32,1f7c14ad5e7d7457222d5254d3d8d0a695d97954
M3-V-CORE,8eabc45f-5af7-2f32-8528-640861d2a135,scene0309_00-scene0309_02-scene0309_01-scene0309_04-scene0309_03,canonical,2,output_materialization,9,392a8f2e4faaf2719d6841ecf4fe0d4cc398374a53b03b1f03ed9844b2ac4427,10.092779,559363072,592923648,33560576,6232735744,62616,427200,3693374,10733536,135435,4677,27,100,torch.float32,1f7c14ad5e7d7457222d5254d3d8d0a695d97954
M3-V-CORE,8eabc45f-5af7-2f32-8528-640861d2a135,scene0309_00-scene0309_02-scene0309_01-scene0309_04-scene0309_03,canonical,2,cumulative_T1_to_T,0,3f354f12741e8d8e7a579fafe8bbf3e7808a357d25486423ecd99639983796c8,5107.999239,559363072,2547351552,1987988480,6232735744,62616,427200,3693374,10733536,135435,4677,27,100,torch.float32,1f7c14ad5e7d7457222d5254d3d8d0a695d97954
M3-V-CORE,8eabc45f-5af7-2f32-8528-640861d2a135,scene0309_00-scene0309_02-scene0309_01-scene0309_04-scene0309_03,canonical,2,cumulative_T1_to_T,1,3f354f12741e8d8e7a579fafe8bbf3e7808a357d25486423ecd99639983796c8,5024.234826,559363072,2547353600,1987990528,6232735744,62616,427200,3693374,10733536,135435,4677,27,100,torch.float32,1f7c14ad5e7d7457222d5254d3d8d0a695d97954
M3-V-CORE,8eabc45f-5af7-2f32-8528-640861d2a135,scene0309_00-scene0309_02-scene0309_01-scene0309_04-scene0309_03,canonical,2,cumulative_T1_to_T,2,3f354f12741e8d8e7a579fafe8bbf3e7808a357d25486423ecd99639983796c8,5363.722112,559363072,2547345408,1987982336,6232735744,62616,427200,3693374,10733536,135435,4677,27,100,torch.float32,1f7c14ad5e7d7457222d5254d3d8d0a695d97954
M3-V-CORE,8eabc45f-5af7-2f32-8528-640861d2a135,scene0309_00-scene0309_02-scene0309_01-scene0309_04-scene0309_03,canonical,2,cumulative_T1_to_T,3,3f354f12741e8d8e7a579fafe8bbf3e7808a357d25486423ecd99639983796c8,5081.314868,559363072,2547347456,1987984384,6232735744,62616,427200,3693374,10733536,135435,4677,27,100,torch.float32,1f7c14ad5e7d7457222d5254d3d8d0a695d97954
M3-V-CORE,8eabc45f-5af7-2f32-8528-640861d2a135,scene0309_00-scene0309_02-scene0309_01-scene0309_04-scene0309_03,canonical,2,cumulative_T1_to_T,4,3f354f12741e8d8e7a579fafe8bbf3e7808a357d25486423ecd99639983796c8,5001.090204,559363072,2547330048,1987966976,6232735744,62616,427200,3693374,10733536,135435,4677,27,100,torch.float32,1f7c14ad5e7d7457222d5254d3d8d0a695d97954
M3-V-CORE,8eabc45f-5af7-2f32-8528-640861d2a135,scene0309_00-scene0309_02-scene0309_01-scene0309_04-scene0309_03,canonical,2,cumulative_T1_to_T,5,3f354f12741e8d8e7a579fafe8bbf3e7808a357d25486423ecd99639983796c8,5945.618621,559363072,2547307520,1987944448,6232735744,62616,427200,3693374,10733536,135435,4677,27,100,torch.float32,1f7c14ad5e7d7457222d5254d3d8d0a695d97954
M3-V-CORE,8eabc45f-5af7-2f32-8528-640861d2a135,scene0309_00-scene0309_02-scene0309_01-scene0309_04-scene0309_03,canonical,2,cumulative_T1_to_T,6,3f354f12741e8d8e7a579fafe8bbf3e7808a357d25486423ecd99639983796c8,6045.700564,559363072,2547343360,1987980288,6232735744,62616,427200,3693374,10733536,135435,4677,27,100,torch.float32,1f7c14ad5e7d7457222d5254d3d8d0a695d97954
M3-V-CORE,8eabc45f-5af7-2f32-8528-640861d2a135,scene0309_00-scene0309_02-scene0309_01-scene0309_04-scene0309_03,canonical,2,cumulative_T1_to_T,7,3f354f12741e8d8e7a579fafe8bbf3e7808a357d25486423ecd99639983796c8,6664.295007,559363072,2547353600,1987990528,6232735744,62616,427200,3693374,10733536,135435,4677,27,100,torch.float32,1f7c14ad5e7d7457222d5254d3d8d0a695d97954
M3-V-CORE,8eabc45f-5af7-2f32-8528-640861d2a135,scene0309_00-scene0309_02-scene0309_01-scene0309_04-scene0309_03,canonical,2,cumulative_T1_to_T,8,3f354f12741e8d8e7a579fafe8bbf3e7808a357d25486423ecd99639983796c8,5161.556435,559363072,2547319808,1987956736,6232735744,62616,427200,3693374,10733536,135435,4677,27,100,torch.float32,1f7c14ad5e7d7457222d5254d3d8d0a695d97954
M3-V-CORE,8eabc45f-5af7-2f32-8528-640861d2a135,scene0309_00-scene0309_02-scene0309_01-scene0309_04-scene0309_03,canonical,2,cumulative_T1_to_T,9,3f354f12741e8d8e7a579fafe8bbf3e7808a357d25486423ecd99639983796c8,5119.706554,559363072,2547345408,1987982336,6232735744,62616,427200,3693374,10733536,135435,4677,27,100,torch.float32,1f7c14ad5e7d7457222d5254d3d8d0a695d97954
M3-V-CORE,8eabc45f-5af7-2f32-8528-640861d2a135,scene0309_00-scene0309_02-scene0309_01-scene0309_04-scene0309_03,canonical,3,model_update,0,aa117ae16b7467c9946074fc9442c269c4ca68ad78ec0c607c533106e49ee638,1265.164921,559363072,1966149120,1406786048,6232735744,62616,427200,2678091,7691360,95953,3653,29,100,torch.float32,1f7c14ad5e7d7457222d5254d3d8d0a695d97954
M3-V-CORE,8eabc45f-5af7-2f32-8528-640861d2a135,scene0309_00-scene0309_02-scene0309_01-scene0309_04-scene0309_03,canonical,3,model_update,1,aa117ae16b7467c9946074fc9442c269c4ca68ad78ec0c607c533106e49ee638,1137.169586,559363072,1966137344,1406774272,6232735744,62616,427200,2678091,7691360,95953,3653,29,100,torch.float32,1f7c14ad5e7d7457222d5254d3d8d0a695d97954
M3-V-CORE,8eabc45f-5af7-2f32-8528-640861d2a135,scene0309_00-scene0309_02-scene0309_01-scene0309_04-scene0309_03,canonical,3,model_update,2,aa117ae16b7467c9946074fc9442c269c4ca68ad78ec0c607c533106e49ee638,1101.513011,559363072,1966140416,1406777344,6232735744,62616,427200,2678091,7691360,95953,3653,29,100,torch.float32,1f7c14ad5e7d7457222d5254d3d8d0a695d97954
M3-V-CORE,8eabc45f-5af7-2f32-8528-640861d2a135,scene0309_00-scene0309_02-scene0309_01-scene0309_04-scene0309_03,canonical,3,model_update,3,aa117ae16b7467c9946074fc9442c269c4ca68ad78ec0c607c533106e49ee638,1240.024971,559363072,1966136832,1406773760,6232735744,62616,427200,2678091,7691360,95953,3653,29,100,torch.float32,1f7c14ad5e7d7457222d5254d3d8d0a695d97954
M3-V-CORE,8eabc45f-5af7-2f32-8528-640861d2a135,scene0309_00-scene0309_02-scene0309_01-scene0309_04-scene0309_03,canonical,3,model_update,4,aa117ae16b7467c9946074fc9442c269c4ca68ad78ec0c607c533106e49ee638,1268.864501,559363072,1966138880,1406775808,6232735744,62616,427200,2678091,7691360,95953,3653,29,100,torch.float32,1f7c14ad5e7d7457222d5254d3d8d0a695d97954
M3-V-CORE,8eabc45f-5af7-2f32-8528-640861d2a135,scene0309_00-scene0309_02-scene0309_01-scene0309_04-scene0309_03,canonical,3,model_update,5,aa117ae16b7467c9946074fc9442c269c4ca68ad78ec0c607c533106e49ee638,1029.683355,559363072,1966134784,1406771712,6232735744,62616,427200,2678091,7691360,95953,3653,29,100,torch.float32,1f7c14ad5e7d7457222d5254d3d8d0a695d97954
M3-V-CORE,8eabc45f-5af7-2f32-8528-640861d2a135,scene0309_00-scene0309_02-scene0309_01-scene0309_04-scene0309_03,canonical,3,model_update,6,aa117ae16b7467c9946074fc9442c269c4ca68ad78ec0c607c533106e49ee638,1127.419383,559363072,1966426624,1407063552,6232735744,62616,427200,2678091,7691360,95953,3653,29,100,torch.float32,1f7c14ad5e7d7457222d5254d3d8d0a695d97954
M3-V-CORE,8eabc45f-5af7-2f32-8528-640861d2a135,scene0309_00-scene0309_02-scene0309_01-scene0309_04-scene0309_03,canonical,3,model_update,7,aa117ae16b7467c9946074fc9442c269c4ca68ad78ec0c607c533106e49ee638,1088.54592,559363072,1966142464,1406779392,6232735744,62616,427200,2678091,7691360,95953,3653,29,100,torch.float32,1f7c14ad5e7d7457222d5254d3d8d0a695d97954
M3-V-CORE,8eabc45f-5af7-2f32-8528-640861d2a135,scene0309_00-scene0309_02-scene0309_01-scene0309_04-scene0309_03,canonical,3,model_update,8,aa117ae16b7467c9946074fc9442c269c4ca68ad78ec0c607c533106e49ee638,1241.212499,559363072,1966136832,1406773760,6232735744,62616,427200,2678091,7691360,95953,3653,29,100,torch.float32,1f7c14ad5e7d7457222d5254d3d8d0a695d97954
M3-V-CORE,8eabc45f-5af7-2f32-8528-640861d2a135,scene0309_00-scene0309_02-scene0309_01-scene0309_04-scene0309_03,canonical,3,model_update,9,aa117ae16b7467c9946074fc9442c269c4ca68ad78ec0c607c533106e49ee638,1151.657674,559363072,1966426112,1407063040,6232735744,62616,427200,2678091,7691360,95953,3653,29,100,torch.float32,1f7c14ad5e7d7457222d5254d3d8d0a695d97954
M3-V-CORE,8eabc45f-5af7-2f32-8528-640861d2a135,scene0309_00-scene0309_02-scene0309_01-scene0309_04-scene0309_03,canonical,3,end_to_end_update,0,aa117ae16b7467c9946074fc9442c269c4ca68ad78ec0c607c533106e49ee638,2096.935811,559363072,1966139392,1406776320,6232735744,62616,427200,2678091,7691360,95953,3653,29,100,torch.float32,1f7c14ad5e7d7457222d5254d3d8d0a695d97954
M3-V-CORE,8eabc45f-5af7-2f32-8528-640861d2a135,scene0309_00-scene0309_02-scene0309_01-scene0309_04-scene0309_03,canonical,3,end_to_end_update,1,aa117ae16b7467c9946074fc9442c269c4ca68ad78ec0c607c533106e49ee638,1813.951176,559363072,1966139904,1406776832,6232735744,62616,427200,2678091,7691360,95953,3653,29,100,torch.float32,1f7c14ad5e7d7457222d5254d3d8d0a695d97954
M3-V-CORE,8eabc45f-5af7-2f32-8528-640861d2a135,scene0309_00-scene0309_02-scene0309_01-scene0309_04-scene0309_03,canonical,3,end_to_end_update,2,aa117ae16b7467c9946074fc9442c269c4ca68ad78ec0c607c533106e49ee638,1777.248975,559363072,1966138880,1406775808,6232735744,62616,427200,2678091,7691360,95953,3653,29,100,torch.float32,1f7c14ad5e7d7457222d5254d3d8d0a695d97954
M3-V-CORE,8eabc45f-5af7-2f32-8528-640861d2a135,scene0309_00-scene0309_02-scene0309_01-scene0309_04-scene0309_03,canonical,3,end_to_end_update,3,aa117ae16b7467c9946074fc9442c269c4ca68ad78ec0c607c533106e49ee638,1467.060242,559363072,1966138880,1406775808,6232735744,62616,427200,2678091,7691360,95953,3653,29,100,torch.float32,1f7c14ad5e7d7457222d5254d3d8d0a695d97954
M3-V-CORE,8eabc45f-5af7-2f32-8528-640861d2a135,scene0309_00-scene0309_02-scene0309_01-scene0309_04-scene0309_03,canonical,3,end_to_end_update,4,aa117ae16b7467c9946074fc9442c269c4ca68ad78ec0c607c533106e49ee638,1509.555352,559363072,1966426112,1407063040,6232735744,62616,427200,2678091,7691360,95953,3653,29,100,torch.float32,1f7c14ad5e7d7457222d5254d3d8d0a695d97954
M3-V-CORE,8eabc45f-5af7-2f32-8528-640861d2a135,scene0309_00-scene0309_02-scene0309_01-scene0309_04-scene0309_03,canonical,3,end_to_end_update,5,aa117ae16b7467c9946074fc9442c269c4ca68ad78ec0c607c533106e49ee638,1398.393858,559363072,1966143488,1406780416,6232735744,62616,427200,2678091,7691360,95953,3653,29,100,torch.float32,1f7c14ad5e7d7457222d5254d3d8d0a695d97954
M3-V-CORE,8eabc45f-5af7-2f32-8528-640861d2a135,scene0309_00-scene0309_02-scene0309_01-scene0309_04-scene0309_03,canonical,3,end_to_end_update,6,aa117ae16b7467c9946074fc9442c269c4ca68ad78ec0c607c533106e49ee638,1533.989575,559363072,1966137856,1406774784,6232735744,62616,427200,2678091,7691360,95953,3653,29,100,torch.float32,1f7c14ad5e7d7457222d5254d3d8d0a695d97954
M3-V-CORE,8eabc45f-5af7-2f32-8528-640861d2a135,scene0309_00-scene0309_02-scene0309_01-scene0309_04-scene0309_03,canonical,3,end_to_end_update,7,aa117ae16b7467c9946074fc9442c269c4ca68ad78ec0c607c533106e49ee638,1331.069477,559363072,1966135808,1406772736,6232735744,62616,427200,2678091,7691360,95953,3653,29,100,torch.float32,1f7c14ad5e7d7457222d5254d3d8d0a695d97954
M3-V-CORE,8eabc45f-5af7-2f32-8528-640861d2a135,scene0309_00-scene0309_02-scene0309_01-scene0309_04-scene0309_03,canonical,3,end_to_end_update,8,aa117ae16b7467c9946074fc9442c269c4ca68ad78ec0c607c533106e49ee638,1358.157607,559363072,1966146048,1406782976,6232735744,62616,427200,2678091,7691360,95953,3653,29,100,torch.float32,1f7c14ad5e7d7457222d5254d3d8d0a695d97954
M3-V-CORE,8eabc45f-5af7-2f32-8528-640861d2a135,scene0309_00-scene0309_02-scene0309_01-scene0309_04-scene0309_03,canonical,3,end_to_end_update,9,aa117ae16b7467c9946074fc9442c269c4ca68ad78ec0c607c533106e49ee638,1515.181261,559363072,1966139904,1406776832,6232735744,62616,427200,2678091,7691360,95953,3653,29,100,torch.float32,1f7c14ad5e7d7457222d5254d3d8d0a695d97954
M3-V-CORE,8eabc45f-5af7-2f32-8528-640861d2a135,scene0309_00-scene0309_02-scene0309_01-scene0309_04-scene0309_03,canonical,3,output_materialization,0,aa117ae16b7467c9946074fc9442c269c4ca68ad78ec0c607c533106e49ee638,7.485705,559363072,592923648,33560576,6232735744,62616,427200,2678091,7691360,95953,3653,29,100,torch.float32,1f7c14ad5e7d7457222d5254d3d8d0a695d97954
M3-V-CORE,8eabc45f-5af7-2f32-8528-640861d2a135,scene0309_00-scene0309_02-scene0309_01-scene0309_04-scene0309_03,canonical,3,output_materialization,1,aa117ae16b7467c9946074fc9442c269c4ca68ad78ec0c607c533106e49ee638,7.497026,559363072,592923648,33560576,6232735744,62616,427200,2678091,7691360,95953,3653,29,100,torch.float32,1f7c14ad5e7d7457222d5254d3d8d0a695d97954
M3-V-CORE,8eabc45f-5af7-2f32-8528-640861d2a135,scene0309_00-scene0309_02-scene0309_01-scene0309_04-scene0309_03,canonical,3,output_materialization,2,aa117ae16b7467c9946074fc9442c269c4ca68ad78ec0c607c533106e49ee638,7.572168,559363072,592923648,33560576,6232735744,62616,427200,2678091,7691360,95953,3653,29,100,torch.float32,1f7c14ad5e7d7457222d5254d3d8d0a695d97954
M3-V-CORE,8eabc45f-5af7-2f32-8528-640861d2a135,scene0309_00-scene0309_02-scene0309_01-scene0309_04-scene0309_03,canonical,3,output_materialization,3,aa117ae16b7467c9946074fc9442c269c4ca68ad78ec0c607c533106e49ee638,7.543656,559363072,592923648,33560576,6232735744,62616,427200,2678091,7691360,95953,3653,29,100,torch.float32,1f7c14ad5e7d7457222d5254d3d8d0a695d97954
M3-V-CORE,8eabc45f-5af7-2f32-8528-640861d2a135,scene0309_00-scene0309_02-scene0309_01-scene0309_04-scene0309_03,canonical,3,output_materialization,4,aa117ae16b7467c9946074fc9442c269c4ca68ad78ec0c607c533106e49ee638,7.480056,559363072,592923648,33560576,6232735744,62616,427200,2678091,7691360,95953,3653,29,100,torch.float32,1f7c14ad5e7d7457222d5254d3d8d0a695d97954
M3-V-CORE,8eabc45f-5af7-2f32-8528-640861d2a135,scene0309_00-scene0309_02-scene0309_01-scene0309_04-scene0309_03,canonical,3,output_materialization,5,aa117ae16b7467c9946074fc9442c269c4ca68ad78ec0c607c533106e49ee638,8.481876,559363072,592923648,33560576,6232735744,62616,427200,2678091,7691360,95953,3653,29,100,torch.float32,1f7c14ad5e7d7457222d5254d3d8d0a695d97954
M3-V-CORE,8eabc45f-5af7-2f32-8528-640861d2a135,scene0309_00-scene0309_02-scene0309_01-scene0309_04-scene0309_03,canonical,3,output_materialization,6,aa117ae16b7467c9946074fc9442c269c4ca68ad78ec0c607c533106e49ee638,8.587571,559363072,592923648,33560576,6232735744,62616,427200,2678091,7691360,95953,3653,29,100,torch.float32,1f7c14ad5e7d7457222d5254d3d8d0a695d97954
M3-V-CORE,8eabc45f-5af7-2f32-8528-640861d2a135,scene0309_00-scene0309_02-scene0309_01-scene0309_04-scene0309_03,canonical,3,output_materialization,7,aa117ae16b7467c9946074fc9442c269c4ca68ad78ec0c607c533106e49ee638,8.375566,559363072,592923648,33560576,6232735744,62616,427200,2678091,7691360,95953,3653,29,100,torch.float32,1f7c14ad5e7d7457222d5254d3d8d0a695d97954
M3-V-CORE,8eabc45f-5af7-2f32-8528-640861d2a135,scene0309_00-scene0309_02-scene0309_01-scene0309_04-scene0309_03,canonical,3,output_materialization,8,aa117ae16b7467c9946074fc9442c269c4ca68ad78ec0c607c533106e49ee638,8.433665,559363072,592923648,33560576,6232735744,62616,427200,2678091,7691360,95953,3653,29,100,torch.float32,1f7c14ad5e7d7457222d5254d3d8d0a695d97954
M3-V-CORE,8eabc45f-5af7-2f32-8528-640861d2a135,scene0309_00-scene0309_02-scene0309_01-scene0309_04-scene0309_03,canonical,3,output_materialization,9,aa117ae16b7467c9946074fc9442c269c4ca68ad78ec0c607c533106e49ee638,8.7504,559363072,592923648,33560576,6232735744,62616,427200,2678091,7691360,95953,3653,29,100,torch.float32,1f7c14ad5e7d7457222d5254d3d8d0a695d97954
M3-V-CORE,8eabc45f-5af7-2f32-8528-640861d2a135,scene0309_00-scene0309_02-scene0309_01-scene0309_04-scene0309_03,canonical,3,cumulative_T1_to_T,0,3f354f12741e8d8e7a579fafe8bbf3e7808a357d25486423ecd99639983796c8,8023.164247,559363072,2547353600,1987990528,6232735744,62616,427200,2678091,7691360,95953,3653,29,100,torch.float32,1f7c14ad5e7d7457222d5254d3d8d0a695d97954
M3-V-CORE,8eabc45f-5af7-2f32-8528-640861d2a135,scene0309_00-scene0309_02-scene0309_01-scene0309_04-scene0309_03,canonical,3,cumulative_T1_to_T,1,3f354f12741e8d8e7a579fafe8bbf3e7808a357d25486423ecd99639983796c8,6618.46449,559363072,2547338752,1987975680,6232735744,62616,427200,2678091,7691360,95953,3653,29,100,torch.float32,1f7c14ad5e7d7457222d5254d3d8d0a695d97954
M3-V-CORE,8eabc45f-5af7-2f32-8528-640861d2a135,scene0309_00-scene0309_02-scene0309_01-scene0309_04-scene0309_03,canonical,3,cumulative_T1_to_T,2,3f354f12741e8d8e7a579fafe8bbf3e7808a357d25486423ecd99639983796c8,6337.275672,559363072,2547315712,1987952640,6232735744,62616,427200,2678091,7691360,95953,3653,29,100,torch.float32,1f7c14ad5e7d7457222d5254d3d8d0a695d97954
M3-V-CORE,8eabc45f-5af7-2f32-8528-640861d2a135,scene0309_00-scene0309_02-scene0309_01-scene0309_04-scene0309_03,canonical,3,cumulative_T1_to_T,3,3f354f12741e8d8e7a579fafe8bbf3e7808a357d25486423ecd99639983796c8,6484.992675,559363072,2547323904,1987960832,6232735744,62616,427200,2678091,7691360,95953,3653,29,100,torch.float32,1f7c14ad5e7d7457222d5254d3d8d0a695d97954
M3-V-CORE,8eabc45f-5af7-2f32-8528-640861d2a135,scene0309_00-scene0309_02-scene0309_01-scene0309_04-scene0309_03,canonical,3,cumulative_T1_to_T,4,3f354f12741e8d8e7a579fafe8bbf3e7808a357d25486423ecd99639983796c8,6591.367336,559363072,2547347456,1987984384,6232735744,62616,427200,2678091,7691360,95953,3653,29,100,torch.float32,1f7c14ad5e7d7457222d5254d3d8d0a695d97954
M3-V-CORE,8eabc45f-5af7-2f32-8528-640861d2a135,scene0309_00-scene0309_02-scene0309_01-scene0309_04-scene0309_03,canonical,3,cumulative_T1_to_T,5,3f354f12741e8d8e7a579fafe8bbf3e7808a357d25486423ecd99639983796c8,6449.002645,559363072,2547365888,1988002816,6232735744,62616,427200,2678091,7691360,95953,3653,29,100,torch.float32,1f7c14ad5e7d7457222d5254d3d8d0a695d97954
M3-V-CORE,8eabc45f-5af7-2f32-8528-640861d2a135,scene0309_00-scene0309_02-scene0309_01-scene0309_04-scene0309_03,canonical,3,cumulative_T1_to_T,6,3f354f12741e8d8e7a579fafe8bbf3e7808a357d25486423ecd99639983796c8,7369.053492,559363072,2547317760,1987954688,6232735744,62616,427200,2678091,7691360,95953,3653,29,100,torch.float32,1f7c14ad5e7d7457222d5254d3d8d0a695d97954
M3-V-CORE,8eabc45f-5af7-2f32-8528-640861d2a135,scene0309_00-scene0309_02-scene0309_01-scene0309_04-scene0309_03,canonical,3,cumulative_T1_to_T,7,3f354f12741e8d8e7a579fafe8bbf3e7808a357d25486423ecd99639983796c8,6904.889486,559363072,2547343360,1987980288,6232735744,62616,427200,2678091,7691360,95953,3653,29,100,torch.float32,1f7c14ad5e7d7457222d5254d3d8d0a695d97954
M3-V-CORE,8eabc45f-5af7-2f32-8528-640861d2a135,scene0309_00-scene0309_02-scene0309_01-scene0309_04-scene0309_03,canonical,3,cumulative_T1_to_T,8,3f354f12741e8d8e7a579fafe8bbf3e7808a357d25486423ecd99639983796c8,7781.543594,559363072,2547343360,1987980288,6232735744,62616,427200,2678091,7691360,95953,3653,29,100,torch.float32,1f7c14ad5e7d7457222d5254d3d8d0a695d97954
M3-V-CORE,8eabc45f-5af7-2f32-8528-640861d2a135,scene0309_00-scene0309_02-scene0309_01-scene0309_04-scene0309_03,canonical,3,cumulative_T1_to_T,9,3f354f12741e8d8e7a579fafe8bbf3e7808a357d25486423ecd99639983796c8,6777.222081,559363072,2547347456,1987984384,6232735744,62616,427200,2678091,7691360,95953,3653,29,100,torch.float32,1f7c14ad5e7d7457222d5254d3d8d0a695d97954
M3-V-CORE,8eabc45f-5af7-2f32-8528-640861d2a135,scene0309_00-scene0309_02-scene0309_01-scene0309_04-scene0309_03,canonical,4,model_update,0,98b7a6ed2c35168136c0eb4759aa283bcc24baa0b9278f764c2fac76e52b5c7b,2531.213871,559363072,1815528960,1256165888,6232735744,62616,427200,2247263,6569184,84439,2690,33,100,torch.float32,1f7c14ad5e7d7457222d5254d3d8d0a695d97954
M3-V-CORE,8eabc45f-5af7-2f32-8528-640861d2a135,scene0309_00-scene0309_02-scene0309_01-scene0309_04-scene0309_03,canonical,4,model_update,1,98b7a6ed2c35168136c0eb4759aa283bcc24baa0b9278f764c2fac76e52b5c7b,2859.28732,559363072,1815542784,1256179712,6232735744,62616,427200,2247263,6569184,84439,2690,33,100,torch.float32,1f7c14ad5e7d7457222d5254d3d8d0a695d97954
M3-V-CORE,8eabc45f-5af7-2f32-8528-640861d2a135,scene0309_00-scene0309_02-scene0309_01-scene0309_04-scene0309_03,canonical,4,model_update,2,98b7a6ed2c35168136c0eb4759aa283bcc24baa0b9278f764c2fac76e52b5c7b,2147.554868,559363072,1815542784,1256179712,6232735744,62616,427200,2247263,6569184,84439,2690,33,100,torch.float32,1f7c14ad5e7d7457222d5254d3d8d0a695d97954
M3-V-CORE,8eabc45f-5af7-2f32-8528-640861d2a135,scene0309_00-scene0309_02-scene0309_01-scene0309_04-scene0309_03,canonical,4,model_update,3,98b7a6ed2c35168136c0eb4759aa283bcc24baa0b9278f764c2fac76e52b5c7b,1974.934432,559363072,1815557632,1256194560,6232735744,62616,427200,2247263,6569184,84439,2690,33,100,torch.float32,1f7c14ad5e7d7457222d5254d3d8d0a695d97954
M3-V-CORE,8eabc45f-5af7-2f32-8528-640861d2a135,scene0309_00-scene0309_02-scene0309_01-scene0309_04-scene0309_03,canonical,4,model_update,4,98b7a6ed2c35168136c0eb4759aa283bcc24baa0b9278f764c2fac76e52b5c7b,1894.347864,559363072,1815539712,1256176640,6232735744,62616,427200,2247263,6569184,84439,2690,33,100,torch.float32,1f7c14ad5e7d7457222d5254d3d8d0a695d97954
M3-V-CORE,8eabc45f-5af7-2f32-8528-640861d2a135,scene0309_00-scene0309_02-scene0309_01-scene0309_04-scene0309_03,canonical,4,model_update,5,98b7a6ed2c35168136c0eb4759aa283bcc24baa0b9278f764c2fac76e52b5c7b,1816.861745,559363072,1815539712,1256176640,6232735744,62616,427200,2247263,6569184,84439,2690,33,100,torch.float32,1f7c14ad5e7d7457222d5254d3d8d0a695d97954
M3-V-CORE,8eabc45f-5af7-2f32-8528-640861d2a135,scene0309_00-scene0309_02-scene0309_01-scene0309_04-scene0309_03,canonical,4,model_update,6,98b7a6ed2c35168136c0eb4759aa283bcc24baa0b9278f764c2fac76e52b5c7b,1958.523941,559363072,1815545856,1256182784,6232735744,62616,427200,2247263,6569184,84439,2690,33,100,torch.float32,1f7c14ad5e7d7457222d5254d3d8d0a695d97954
M3-V-CORE,8eabc45f-5af7-2f32-8528-640861d2a135,scene0309_00-scene0309_02-scene0309_01-scene0309_04-scene0309_03,canonical,4,model_update,7,98b7a6ed2c35168136c0eb4759aa283bcc24baa0b9278f764c2fac76e52b5c7b,2717.833596,559363072,1815560704,1256197632,6232735744,62616,427200,2247263,6569184,84439,2690,33,100,torch.float32,1f7c14ad5e7d7457222d5254d3d8d0a695d97954
M3-V-CORE,8eabc45f-5af7-2f32-8528-640861d2a135,scene0309_00-scene0309_02-scene0309_01-scene0309_04-scene0309_03,canonical,4,model_update,8,98b7a6ed2c35168136c0eb4759aa283bcc24baa0b9278f764c2fac76e52b5c7b,1990.694427,559363072,1815545856,1256182784,6232735744,62616,427200,2247263,6569184,84439,2690,33,100,torch.float32,1f7c14ad5e7d7457222d5254d3d8d0a695d97954
M3-V-CORE,8eabc45f-5af7-2f32-8528-640861d2a135,scene0309_00-scene0309_02-scene0309_01-scene0309_04-scene0309_03,canonical,4,model_update,9,98b7a6ed2c35168136c0eb4759aa283bcc24baa0b9278f764c2fac76e52b5c7b,1870.191179,559363072,1815536640,1256173568,6232735744,62616,427200,2247263,6569184,84439,2690,33,100,torch.float32,1f7c14ad5e7d7457222d5254d3d8d0a695d97954
M3-V-CORE,8eabc45f-5af7-2f32-8528-640861d2a135,scene0309_00-scene0309_02-scene0309_01-scene0309_04-scene0309_03,canonical,4,end_to_end_update,0,98b7a6ed2c35168136c0eb4759aa283bcc24baa0b9278f764c2fac76e52b5c7b,2145.87252,559363072,1815553024,1256189952,6232735744,62616,427200,2247263,6569184,84439,2690,33,100,torch.float32,1f7c14ad5e7d7457222d5254d3d8d0a695d97954
M3-V-CORE,8eabc45f-5af7-2f32-8528-640861d2a135,scene0309_00-scene0309_02-scene0309_01-scene0309_04-scene0309_03,canonical,4,end_to_end_update,1,98b7a6ed2c35168136c0eb4759aa283bcc24baa0b9278f764c2fac76e52b5c7b,2327.053361,559363072,1815547392,1256184320,6232735744,62616,427200,2247263,6569184,84439,2690,33,100,torch.float32,1f7c14ad5e7d7457222d5254d3d8d0a695d97954
M3-V-CORE,8eabc45f-5af7-2f32-8528-640861d2a135,scene0309_00-scene0309_02-scene0309_01-scene0309_04-scene0309_03,canonical,4,end_to_end_update,2,98b7a6ed2c35168136c0eb4759aa283bcc24baa0b9278f764c2fac76e52b5c7b,2170.569087,559363072,1815539712,1256176640,6232735744,62616,427200,2247263,6569184,84439,2690,33,100,torch.float32,1f7c14ad5e7d7457222d5254d3d8d0a695d97954
M3-V-CORE,8eabc45f-5af7-2f32-8528-640861d2a135,scene0309_00-scene0309_02-scene0309_01-scene0309_04-scene0309_03,canonical,4,end_to_end_update,3,98b7a6ed2c35168136c0eb4759aa283bcc24baa0b9278f764c2fac76e52b5c7b,2797.876603,559363072,1815556096,1256193024,6232735744,62616,427200,2247263,6569184,84439,2690,33,100,torch.float32,1f7c14ad5e7d7457222d5254d3d8d0a695d97954
M3-V-CORE,8eabc45f-5af7-2f32-8528-640861d2a135,scene0309_00-scene0309_02-scene0309_01-scene0309_04-scene0309_03,canonical,4,end_to_end_update,4,98b7a6ed2c35168136c0eb4759aa283bcc24baa0b9278f764c2fac76e52b5c7b,2290.7595,559363072,1815533568,1256170496,6232735744,62616,427200,2247263,6569184,84439,2690,33,100,torch.float32,1f7c14ad5e7d7457222d5254d3d8d0a695d97954
M3-V-CORE,8eabc45f-5af7-2f32-8528-640861d2a135,scene0309_00-scene0309_02-scene0309_01-scene0309_04-scene0309_03,canonical,4,end_to_end_update,5,98b7a6ed2c35168136c0eb4759aa283bcc24baa0b9278f764c2fac76e52b5c7b,2138.647929,559363072,1815535104,1256172032,6232735744,62616,427200,2247263,6569184,84439,2690,33,100,torch.float32,1f7c14ad5e7d7457222d5254d3d8d0a695d97954
M3-V-CORE,8eabc45f-5af7-2f32-8528-640861d2a135,scene0309_00-scene0309_02-scene0309_01-scene0309_04-scene0309_03,canonical,4,end_to_end_update,6,98b7a6ed2c35168136c0eb4759aa283bcc24baa0b9278f764c2fac76e52b5c7b,2127.449651,559363072,1815539712,1256176640,6232735744,62616,427200,2247263,6569184,84439,2690,33,100,torch.float32,1f7c14ad5e7d7457222d5254d3d8d0a695d97954
M3-V-CORE,8eabc45f-5af7-2f32-8528-640861d2a135,scene0309_00-scene0309_02-scene0309_01-scene0309_04-scene0309_03,canonical,4,end_to_end_update,7,98b7a6ed2c35168136c0eb4759aa283bcc24baa0b9278f764c2fac76e52b5c7b,2196.661434,559363072,1815538176,1256175104,6232735744,62616,427200,2247263,6569184,84439,2690,33,100,torch.float32,1f7c14ad5e7d7457222d5254d3d8d0a695d97954
M3-V-CORE,8eabc45f-5af7-2f32-8528-640861d2a135,scene0309_00-scene0309_02-scene0309_01-scene0309_04-scene0309_03,canonical,4,end_to_end_update,8,98b7a6ed2c35168136c0eb4759aa283bcc24baa0b9278f764c2fac76e52b5c7b,2064.927336,559363072,1815545856,1256182784,6232735744,62616,427200,2247263,6569184,84439,2690,33,100,torch.float32,1f7c14ad5e7d7457222d5254d3d8d0a695d97954
M3-V-CORE,8eabc45f-5af7-2f32-8528-640861d2a135,scene0309_00-scene0309_02-scene0309_01-scene0309_04-scene0309_03,canonical,4,end_to_end_update,9,98b7a6ed2c35168136c0eb4759aa283bcc24baa0b9278f764c2fac76e52b5c7b,2285.078795,559363072,1815550464,1256187392,6232735744,62616,427200,2247263,6569184,84439,2690,33,100,torch.float32,1f7c14ad5e7d7457222d5254d3d8d0a695d97954
M3-V-CORE,8eabc45f-5af7-2f32-8528-640861d2a135,scene0309_00-scene0309_02-scene0309_01-scene0309_04-scene0309_03,canonical,4,output_materialization,0,98b7a6ed2c35168136c0eb4759aa283bcc24baa0b9278f764c2fac76e52b5c7b,5.438072,559363072,592923648,33560576,6232735744,62616,427200,2247263,6569184,84439,2690,33,100,torch.float32,1f7c14ad5e7d7457222d5254d3d8d0a695d97954
M3-V-CORE,8eabc45f-5af7-2f32-8528-640861d2a135,scene0309_00-scene0309_02-scene0309_01-scene0309_04-scene0309_03,canonical,4,output_materialization,1,98b7a6ed2c35168136c0eb4759aa283bcc24baa0b9278f764c2fac76e52b5c7b,5.391092,559363072,592923648,33560576,6232735744,62616,427200,2247263,6569184,84439,2690,33,100,torch.float32,1f7c14ad5e7d7457222d5254d3d8d0a695d97954
M3-V-CORE,8eabc45f-5af7-2f32-8528-640861d2a135,scene0309_00-scene0309_02-scene0309_01-scene0309_04-scene0309_03,canonical,4,output_materialization,2,98b7a6ed2c35168136c0eb4759aa283bcc24baa0b9278f764c2fac76e52b5c7b,5.449392,559363072,592923648,33560576,6232735744,62616,427200,2247263,6569184,84439,2690,33,100,torch.float32,1f7c14ad5e7d7457222d5254d3d8d0a695d97954
M3-V-CORE,8eabc45f-5af7-2f32-8528-640861d2a135,scene0309_00-scene0309_02-scene0309_01-scene0309_04-scene0309_03,canonical,4,output_materialization,3,98b7a6ed2c35168136c0eb4759aa283bcc24baa0b9278f764c2fac76e52b5c7b,5.464869,559363072,592923648,33560576,6232735744,62616,427200,2247263,6569184,84439,2690,33,100,torch.float32,1f7c14ad5e7d7457222d5254d3d8d0a695d97954
M3-V-CORE,8eabc45f-5af7-2f32-8528-640861d2a135,scene0309_00-scene0309_02-scene0309_01-scene0309_04-scene0309_03,canonical,4,output_materialization,4,98b7a6ed2c35168136c0eb4759aa283bcc24baa0b9278f764c2fac76e52b5c7b,5.7661,559363072,592923648,33560576,6232735744,62616,427200,2247263,6569184,84439,2690,33,100,torch.float32,1f7c14ad5e7d7457222d5254d3d8d0a695d97954
M3-V-CORE,8eabc45f-5af7-2f32-8528-640861d2a135,scene0309_00-scene0309_02-scene0309_01-scene0309_04-scene0309_03,canonical,4,output_materialization,5,98b7a6ed2c35168136c0eb4759aa283bcc24baa0b9278f764c2fac76e52b5c7b,5.426542,559363072,592923648,33560576,6232735744,62616,427200,2247263,6569184,84439,2690,33,100,torch.float32,1f7c14ad5e7d7457222d5254d3d8d0a695d97954
M3-V-CORE,8eabc45f-5af7-2f32-8528-640861d2a135,scene0309_00-scene0309_02-scene0309_01-scene0309_04-scene0309_03,canonical,4,output_materialization,6,98b7a6ed2c35168136c0eb4759aa283bcc24baa0b9278f764c2fac76e52b5c7b,5.387304,559363072,592923648,33560576,6232735744,62616,427200,2247263,6569184,84439,2690,33,100,torch.float32,1f7c14ad5e7d7457222d5254d3d8d0a695d97954
M3-V-CORE,8eabc45f-5af7-2f32-8528-640861d2a135,scene0309_00-scene0309_02-scene0309_01-scene0309_04-scene0309_03,canonical,4,output_materialization,7,98b7a6ed2c35168136c0eb4759aa283bcc24baa0b9278f764c2fac76e52b5c7b,5.860413,559363072,592923648,33560576,6232735744,62616,427200,2247263,6569184,84439,2690,33,100,torch.float32,1f7c14ad5e7d7457222d5254d3d8d0a695d97954
M3-V-CORE,8eabc45f-5af7-2f32-8528-640861d2a135,scene0309_00-scene0309_02-scene0309_01-scene0309_04-scene0309_03,canonical,4,output_materialization,8,98b7a6ed2c35168136c0eb4759aa283bcc24baa0b9278f764c2fac76e52b5c7b,6.811991,559363072,592923648,33560576,6232735744,62616,427200,2247263,6569184,84439,2690,33,100,torch.float32,1f7c14ad5e7d7457222d5254d3d8d0a695d97954
M3-V-CORE,8eabc45f-5af7-2f32-8528-640861d2a135,scene0309_00-scene0309_02-scene0309_01-scene0309_04-scene0309_03,canonical,4,output_materialization,9,98b7a6ed2c35168136c0eb4759aa283bcc24baa0b9278f764c2fac76e52b5c7b,6.872027,559363072,592923648,33560576,6232735744,62616,427200,2247263,6569184,84439,2690,33,100,torch.float32,1f7c14ad5e7d7457222d5254d3d8d0a695d97954
M3-V-CORE,8eabc45f-5af7-2f32-8528-640861d2a135,scene0309_00-scene0309_02-scene0309_01-scene0309_04-scene0309_03,canonical,4,cumulative_T1_to_T,0,3f354f12741e8d8e7a579fafe8bbf3e7808a357d25486423ecd99639983796c8,8755.448882,559363072,2547323904,1987960832,6232735744,62616,427200,2247263,6569184,84439,2690,33,100,torch.float32,1f7c14ad5e7d7457222d5254d3d8d0a695d97954
M3-V-CORE,8eabc45f-5af7-2f32-8528-640861d2a135,scene0309_00-scene0309_02-scene0309_01-scene0309_04-scene0309_03,canonical,4,cumulative_T1_to_T,1,3f354f12741e8d8e7a579fafe8bbf3e7808a357d25486423ecd99639983796c8,9001.52206,559363072,2547330048,1987966976,6232735744,62616,427200,2247263,6569184,84439,2690,33,100,torch.float32,1f7c14ad5e7d7457222d5254d3d8d0a695d97954
M3-V-CORE,8eabc45f-5af7-2f32-8528-640861d2a135,scene0309_00-scene0309_02-scene0309_01-scene0309_04-scene0309_03,canonical,4,cumulative_T1_to_T,2,3f354f12741e8d8e7a579fafe8bbf3e7808a357d25486423ecd99639983796c8,11339.376353,559363072,2547307520,1987944448,6232735744,62616,427200,2247263,6569184,84439,2690,33,100,torch.float32,1f7c14ad5e7d7457222d5254d3d8d0a695d97954
M3-V-CORE,8eabc45f-5af7-2f32-8528-640861d2a135,scene0309_00-scene0309_02-scene0309_01-scene0309_04-scene0309_03,canonical,4,cumulative_T1_to_T,3,3f354f12741e8d8e7a579fafe8bbf3e7808a357d25486423ecd99639983796c8,9177.888414,559363072,2547343360,1987980288,6232735744,62616,427200,2247263,6569184,84439,2690,33,100,torch.float32,1f7c14ad5e7d7457222d5254d3d8d0a695d97954
M3-V-CORE,8eabc45f-5af7-2f32-8528-640861d2a135,scene0309_00-scene0309_02-scene0309_01-scene0309_04-scene0309_03,canonical,4,cumulative_T1_to_T,4,3f354f12741e8d8e7a579fafe8bbf3e7808a357d25486423ecd99639983796c8,9847.880858,559363072,2547302912,1987939840,6232735744,62616,427200,2247263,6569184,84439,2690,33,100,torch.float32,1f7c14ad5e7d7457222d5254d3d8d0a695d97954
M3-V-CORE,8eabc45f-5af7-2f32-8528-640861d2a135,scene0309_00-scene0309_02-scene0309_01-scene0309_04-scene0309_03,canonical,4,cumulative_T1_to_T,5,3f354f12741e8d8e7a579fafe8bbf3e7808a357d25486423ecd99639983796c8,10237.943106,559363072,2547338752,1987975680,6232735744,62616,427200,2247263,6569184,84439,2690,33,100,torch.float32,1f7c14ad5e7d7457222d5254d3d8d0a695d97954
M3-V-CORE,8eabc45f-5af7-2f32-8528-640861d2a135,scene0309_00-scene0309_02-scene0309_01-scene0309_04-scene0309_03,canonical,4,cumulative_T1_to_T,6,3f354f12741e8d8e7a579fafe8bbf3e7808a357d25486423ecd99639983796c8,8961.764265,559363072,2547353600,1987990528,6232735744,62616,427200,2247263,6569184,84439,2690,33,100,torch.float32,1f7c14ad5e7d7457222d5254d3d8d0a695d97954
M3-V-CORE,8eabc45f-5af7-2f32-8528-640861d2a135,scene0309_00-scene0309_02-scene0309_01-scene0309_04-scene0309_03,canonical,4,cumulative_T1_to_T,7,3f354f12741e8d8e7a579fafe8bbf3e7808a357d25486423ecd99639983796c8,8720.863636,559363072,2547357696,1987994624,6232735744,62616,427200,2247263,6569184,84439,2690,33,100,torch.float32,1f7c14ad5e7d7457222d5254d3d8d0a695d97954
M3-V-CORE,8eabc45f-5af7-2f32-8528-640861d2a135,scene0309_00-scene0309_02-scene0309_01-scene0309_04-scene0309_03,canonical,4,cumulative_T1_to_T,8,3f354f12741e8d8e7a579fafe8bbf3e7808a357d25486423ecd99639983796c8,9323.364246,559363072,2547345408,1987982336,6232735744,62616,427200,2247263,6569184,84439,2690,33,100,torch.float32,1f7c14ad5e7d7457222d5254d3d8d0a695d97954
M3-V-CORE,8eabc45f-5af7-2f32-8528-640861d2a135,scene0309_00-scene0309_02-scene0309_01-scene0309_04-scene0309_03,canonical,4,cumulative_T1_to_T,9,3f354f12741e8d8e7a579fafe8bbf3e7808a357d25486423ecd99639983796c8,10926.174955,559363072,2547321856,1987958784,6232735744,62616,427200,2247263,6569184,84439,2690,33,100,torch.float32,1f7c14ad5e7d7457222d5254d3d8d0a695d97954
M3-V-CORE,8eabc45f-5af7-2f32-8528-640861d2a135,scene0309_00-scene0309_02-scene0309_01-scene0309_04-scene0309_03,canonical,5,model_update,0,e290cdd7daf75c5d1541d94b6a5c727d032adaccc8bd1738dea7d2cd2e3df10e,1421.946118,559363072,1818489856,1259126784,6232735744,62616,427200,2203434,6369568,83265,2590,33,100,torch.float32,1f7c14ad5e7d7457222d5254d3d8d0a695d97954
M3-V-CORE,8eabc45f-5af7-2f32-8528-640861d2a135,scene0309_00-scene0309_02-scene0309_01-scene0309_04-scene0309_03,canonical,5,model_update,1,e290cdd7daf75c5d1541d94b6a5c727d032adaccc8bd1738dea7d2cd2e3df10e,1246.682385,559363072,1818496512,1259133440,6232735744,62616,427200,2203434,6369568,83265,2590,33,100,torch.float32,1f7c14ad5e7d7457222d5254d3d8d0a695d97954
M3-V-CORE,8eabc45f-5af7-2f32-8528-640861d2a135,scene0309_00-scene0309_02-scene0309_01-scene0309_04-scene0309_03,canonical,5,model_update,2,e290cdd7daf75c5d1541d94b6a5c727d032adaccc8bd1738dea7d2cd2e3df10e,1332.791473,559363072,1818503168,1259140096,6232735744,62616,427200,2203434,6369568,83265,2590,33,100,torch.float32,1f7c14ad5e7d7457222d5254d3d8d0a695d97954
M3-V-CORE,8eabc45f-5af7-2f32-8528-640861d2a135,scene0309_00-scene0309_02-scene0309_01-scene0309_04-scene0309_03,canonical,5,model_update,3,e290cdd7daf75c5d1541d94b6a5c727d032adaccc8bd1738dea7d2cd2e3df10e,1491.092495,559363072,1818523136,1259160064,6232735744,62616,427200,2203434,6369568,83265,2590,33,100,torch.float32,1f7c14ad5e7d7457222d5254d3d8d0a695d97954
M3-V-CORE,8eabc45f-5af7-2f32-8528-640861d2a135,scene0309_00-scene0309_02-scene0309_01-scene0309_04-scene0309_03,canonical,5,model_update,4,e290cdd7daf75c5d1541d94b6a5c727d032adaccc8bd1738dea7d2cd2e3df10e,1291.623522,559363072,1818503168,1259140096,6232735744,62616,427200,2203434,6369568,83265,2590,33,100,torch.float32,1f7c14ad5e7d7457222d5254d3d8d0a695d97954
M3-V-CORE,8eabc45f-5af7-2f32-8528-640861d2a135,scene0309_00-scene0309_02-scene0309_01-scene0309_04-scene0309_03,canonical,5,model_update,5,e290cdd7daf75c5d1541d94b6a5c727d032adaccc8bd1738dea7d2cd2e3df10e,1325.982856,559363072,1818489856,1259126784,6232735744,62616,427200,2203434,6369568,83265,2590,33,100,torch.float32,1f7c14ad5e7d7457222d5254d3d8d0a695d97954
M3-V-CORE,8eabc45f-5af7-2f32-8528-640861d2a135,scene0309_00-scene0309_02-scene0309_01-scene0309_04-scene0309_03,canonical,5,model_update,6,e290cdd7daf75c5d1541d94b6a5c727d032adaccc8bd1738dea7d2cd2e3df10e,1403.870635,559363072,1818476032,1259112960,6232735744,62616,427200,2203434,6369568,83265,2590,33,100,torch.float32,1f7c14ad5e7d7457222d5254d3d8d0a695d97954
M3-V-CORE,8eabc45f-5af7-2f32-8528-640861d2a135,scene0309_00-scene0309_02-scene0309_01-scene0309_04-scene0309_03,canonical,5,model_update,7,e290cdd7daf75c5d1541d94b6a5c727d032adaccc8bd1738dea7d2cd2e3df10e,1414.516743,559363072,1818468864,1259105792,6232735744,62616,427200,2203434,6369568,83265,2590,33,100,torch.float32,1f7c14ad5e7d7457222d5254d3d8d0a695d97954
M3-V-CORE,8eabc45f-5af7-2f32-8528-640861d2a135,scene0309_00-scene0309_02-scene0309_01-scene0309_04-scene0309_03,canonical,5,model_update,8,e290cdd7daf75c5d1541d94b6a5c727d032adaccc8bd1738dea7d2cd2e3df10e,1382.755143,559363072,1818529792,1259166720,6232735744,62616,427200,2203434,6369568,83265,2590,33,100,torch.float32,1f7c14ad5e7d7457222d5254d3d8d0a695d97954
M3-V-CORE,8eabc45f-5af7-2f32-8528-640861d2a135,scene0309_00-scene0309_02-scene0309_01-scene0309_04-scene0309_03,canonical,5,model_update,9,e290cdd7daf75c5d1541d94b6a5c727d032adaccc8bd1738dea7d2cd2e3df10e,1435.801653,559363072,1818516480,1259153408,6232735744,62616,427200,2203434,6369568,83265,2590,33,100,torch.float32,1f7c14ad5e7d7457222d5254d3d8d0a695d97954
M3-V-CORE,8eabc45f-5af7-2f32-8528-640861d2a135,scene0309_00-scene0309_02-scene0309_01-scene0309_04-scene0309_03,canonical,5,end_to_end_update,0,e290cdd7daf75c5d1541d94b6a5c727d032adaccc8bd1738dea7d2cd2e3df10e,1391.070214,559363072,1818489856,1259126784,6232735744,62616,427200,2203434,6369568,83265,2590,33,100,torch.float32,1f7c14ad5e7d7457222d5254d3d8d0a695d97954
M3-V-CORE,8eabc45f-5af7-2f32-8528-640861d2a135,scene0309_00-scene0309_02-scene0309_01-scene0309_04-scene0309_03,canonical,5,end_to_end_update,1,e290cdd7daf75c5d1541d94b6a5c727d032adaccc8bd1738dea7d2cd2e3df10e,1427.41073,559363072,1818496512,1259133440,6232735744,62616,427200,2203434,6369568,83265,2590,33,100,torch.float32,1f7c14ad5e7d7457222d5254d3d8d0a695d97954
M3-V-CORE,8eabc45f-5af7-2f32-8528-640861d2a135,scene0309_00-scene0309_02-scene0309_01-scene0309_04-scene0309_03,canonical,5,end_to_end_update,2,e290cdd7daf75c5d1541d94b6a5c727d032adaccc8bd1738dea7d2cd2e3df10e,1649.488484,559363072,1818462208,1259099136,6232735744,62616,427200,2203434,6369568,83265,2590,33,100,torch.float32,1f7c14ad5e7d7457222d5254d3d8d0a695d97954
M3-V-CORE,8eabc45f-5af7-2f32-8528-640861d2a135,scene0309_00-scene0309_02-scene0309_01-scene0309_04-scene0309_03,canonical,5,end_to_end_update,3,e290cdd7daf75c5d1541d94b6a5c727d032adaccc8bd1738dea7d2cd2e3df10e,1474.26192,559363072,1819086848,1259723776,6232735744,62616,427200,2203434,6369568,83265,2590,33,100,torch.float32,1f7c14ad5e7d7457222d5254d3d8d0a695d97954
M3-V-CORE,8eabc45f-5af7-2f32-8528-640861d2a135,scene0309_00-scene0309_02-scene0309_01-scene0309_04-scene0309_03,canonical,5,end_to_end_update,4,e290cdd7daf75c5d1541d94b6a5c727d032adaccc8bd1738dea7d2cd2e3df10e,1831.352133,559363072,1819043328,1259680256,6232735744,62616,427200,2203434,6369568,83265,2590,33,100,torch.float32,1f7c14ad5e7d7457222d5254d3d8d0a695d97954
M3-V-CORE,8eabc45f-5af7-2f32-8528-640861d2a135,scene0309_00-scene0309_02-scene0309_01-scene0309_04-scene0309_03,canonical,5,end_to_end_update,5,e290cdd7daf75c5d1541d94b6a5c727d032adaccc8bd1738dea7d2cd2e3df10e,1734.363145,559363072,1818529792,1259166720,6232735744,62616,427200,2203434,6369568,83265,2590,33,100,torch.float32,1f7c14ad5e7d7457222d5254d3d8d0a695d97954
M3-V-CORE,8eabc45f-5af7-2f32-8528-640861d2a135,scene0309_00-scene0309_02-scene0309_01-scene0309_04-scene0309_03,canonical,5,end_to_end_update,6,e290cdd7daf75c5d1541d94b6a5c727d032adaccc8bd1738dea7d2cd2e3df10e,1592.789133,559363072,1818523136,1259160064,6232735744,62616,427200,2203434,6369568,83265,2590,33,100,torch.float32,1f7c14ad5e7d7457222d5254d3d8d0a695d97954
M3-V-CORE,8eabc45f-5af7-2f32-8528-640861d2a135,scene0309_00-scene0309_02-scene0309_01-scene0309_04-scene0309_03,canonical,5,end_to_end_update,7,e290cdd7daf75c5d1541d94b6a5c727d032adaccc8bd1738dea7d2cd2e3df10e,1642.104925,559363072,1818516480,1259153408,6232735744,62616,427200,2203434,6369568,83265,2590,33,100,torch.float32,1f7c14ad5e7d7457222d5254d3d8d0a695d97954
M3-V-CORE,8eabc45f-5af7-2f32-8528-640861d2a135,scene0309_00-scene0309_02-scene0309_01-scene0309_04-scene0309_03,canonical,5,end_to_end_update,8,e290cdd7daf75c5d1541d94b6a5c727d032adaccc8bd1738dea7d2cd2e3df10e,1608.347912,559363072,1818503168,1259140096,6232735744,62616,427200,2203434,6369568,83265,2590,33,100,torch.float32,1f7c14ad5e7d7457222d5254d3d8d0a695d97954
M3-V-CORE,8eabc45f-5af7-2f32-8528-640861d2a135,scene0309_00-scene0309_02-scene0309_01-scene0309_04-scene0309_03,canonical,5,end_to_end_update,9,e290cdd7daf75c5d1541d94b6a5c727d032adaccc8bd1738dea7d2cd2e3df10e,1671.017347,559363072,1818509824,1259146752,6232735744,62616,427200,2203434,6369568,83265,2590,33,100,torch.float32,1f7c14ad5e7d7457222d5254d3d8d0a695d97954
M3-V-CORE,8eabc45f-5af7-2f32-8528-640861d2a135,scene0309_00-scene0309_02-scene0309_01-scene0309_04-scene0309_03,canonical,5,output_materialization,0,e290cdd7daf75c5d1541d94b6a5c727d032adaccc8bd1738dea7d2cd2e3df10e,6.565803,559363072,592923648,33560576,6232735744,62616,427200,2203434,6369568,83265,2590,33,100,torch.float32,1f7c14ad5e7d7457222d5254d3d8d0a695d97954
M3-V-CORE,8eabc45f-5af7-2f32-8528-640861d2a135,scene0309_00-scene0309_02-scene0309_01-scene0309_04-scene0309_03,canonical,5,output_materialization,1,e290cdd7daf75c5d1541d94b6a5c727d032adaccc8bd1738dea7d2cd2e3df10e,6.601252,559363072,592923648,33560576,6232735744,62616,427200,2203434,6369568,83265,2590,33,100,torch.float32,1f7c14ad5e7d7457222d5254d3d8d0a695d97954
M3-V-CORE,8eabc45f-5af7-2f32-8528-640861d2a135,scene0309_00-scene0309_02-scene0309_01-scene0309_04-scene0309_03,canonical,5,output_materialization,2,e290cdd7daf75c5d1541d94b6a5c727d032adaccc8bd1738dea7d2cd2e3df10e,6.613447,559363072,592923648,33560576,6232735744,62616,427200,2203434,6369568,83265,2590,33,100,torch.float32,1f7c14ad5e7d7457222d5254d3d8d0a695d97954
M3-V-CORE,8eabc45f-5af7-2f32-8528-640861d2a135,scene0309_00-scene0309_02-scene0309_01-scene0309_04-scene0309_03,canonical,5,output_materialization,3,e290cdd7daf75c5d1541d94b6a5c727d032adaccc8bd1738dea7d2cd2e3df10e,6.633141,559363072,592923648,33560576,6232735744,62616,427200,2203434,6369568,83265,2590,33,100,torch.float32,1f7c14ad5e7d7457222d5254d3d8d0a695d97954
M3-V-CORE,8eabc45f-5af7-2f32-8528-640861d2a135,scene0309_00-scene0309_02-scene0309_01-scene0309_04-scene0309_03,canonical,5,output_materialization,4,e290cdd7daf75c5d1541d94b6a5c727d032adaccc8bd1738dea7d2cd2e3df10e,6.564552,559363072,592923648,33560576,6232735744,62616,427200,2203434,6369568,83265,2590,33,100,torch.float32,1f7c14ad5e7d7457222d5254d3d8d0a695d97954
M3-V-CORE,8eabc45f-5af7-2f32-8528-640861d2a135,scene0309_00-scene0309_02-scene0309_01-scene0309_04-scene0309_03,canonical,5,output_materialization,5,e290cdd7daf75c5d1541d94b6a5c727d032adaccc8bd1738dea7d2cd2e3df10e,6.629341,559363072,592923648,33560576,6232735744,62616,427200,2203434,6369568,83265,2590,33,100,torch.float32,1f7c14ad5e7d7457222d5254d3d8d0a695d97954
M3-V-CORE,8eabc45f-5af7-2f32-8528-640861d2a135,scene0309_00-scene0309_02-scene0309_01-scene0309_04-scene0309_03,canonical,5,output_materialization,6,e290cdd7daf75c5d1541d94b6a5c727d032adaccc8bd1738dea7d2cd2e3df10e,6.600653,559363072,592923648,33560576,6232735744,62616,427200,2203434,6369568,83265,2590,33,100,torch.float32,1f7c14ad5e7d7457222d5254d3d8d0a695d97954
M3-V-CORE,8eabc45f-5af7-2f32-8528-640861d2a135,scene0309_00-scene0309_02-scene0309_01-scene0309_04-scene0309_03,canonical,5,output_materialization,7,e290cdd7daf75c5d1541d94b6a5c727d032adaccc8bd1738dea7d2cd2e3df10e,6.605365,559363072,592923648,33560576,6232735744,62616,427200,2203434,6369568,83265,2590,33,100,torch.float32,1f7c14ad5e7d7457222d5254d3d8d0a695d97954
M3-V-CORE,8eabc45f-5af7-2f32-8528-640861d2a135,scene0309_00-scene0309_02-scene0309_01-scene0309_04-scene0309_03,canonical,5,output_materialization,8,e290cdd7daf75c5d1541d94b6a5c727d032adaccc8bd1738dea7d2cd2e3df10e,6.661738,559363072,592923648,33560576,6232735744,62616,427200,2203434,6369568,83265,2590,33,100,torch.float32,1f7c14ad5e7d7457222d5254d3d8d0a695d97954
M3-V-CORE,8eabc45f-5af7-2f32-8528-640861d2a135,scene0309_00-scene0309_02-scene0309_01-scene0309_04-scene0309_03,canonical,5,output_materialization,9,e290cdd7daf75c5d1541d94b6a5c727d032adaccc8bd1738dea7d2cd2e3df10e,7.661216,559363072,592923648,33560576,6232735744,62616,427200,2203434,6369568,83265,2590,33,100,torch.float32,1f7c14ad5e7d7457222d5254d3d8d0a695d97954
M3-V-CORE,8eabc45f-5af7-2f32-8528-640861d2a135,scene0309_00-scene0309_02-scene0309_01-scene0309_04-scene0309_03,canonical,5,cumulative_T1_to_T,0,3f354f12741e8d8e7a579fafe8bbf3e7808a357d25486423ecd99639983796c8,10398.559976,559363072,2547345408,1987982336,6232735744,62616,427200,2203434,6369568,83265,2590,33,100,torch.float32,1f7c14ad5e7d7457222d5254d3d8d0a695d97954
M3-V-CORE,8eabc45f-5af7-2f32-8528-640861d2a135,scene0309_00-scene0309_02-scene0309_01-scene0309_04-scene0309_03,canonical,5,cumulative_T1_to_T,1,3f354f12741e8d8e7a579fafe8bbf3e7808a357d25486423ecd99639983796c8,10259.637107,559363072,2547340800,1987977728,6232735744,62616,427200,2203434,6369568,83265,2590,33,100,torch.float32,1f7c14ad5e7d7457222d5254d3d8d0a695d97954
M3-V-CORE,8eabc45f-5af7-2f32-8528-640861d2a135,scene0309_00-scene0309_02-scene0309_01-scene0309_04-scene0309_03,canonical,5,cumulative_T1_to_T,2,3f354f12741e8d8e7a579fafe8bbf3e7808a357d25486423ecd99639983796c8,10409.774386,559363072,2547328000,1987964928,6232735744,62616,427200,2203434,6369568,83265,2590,33,100,torch.float32,1f7c14ad5e7d7457222d5254d3d8d0a695d97954
M3-V-CORE,8eabc45f-5af7-2f32-8528-640861d2a135,scene0309_00-scene0309_02-scene0309_01-scene0309_04-scene0309_03,canonical,5,cumulative_T1_to_T,3,3f354f12741e8d8e7a579fafe8bbf3e7808a357d25486423ecd99639983796c8,11051.38893,559363072,2547345408,1987982336,6232735744,62616,427200,2203434,6369568,83265,2590,33,100,torch.float32,1f7c14ad5e7d7457222d5254d3d8d0a695d97954
M3-V-CORE,8eabc45f-5af7-2f32-8528-640861d2a135,scene0309_00-scene0309_02-scene0309_01-scene0309_04-scene0309_03,canonical,5,cumulative_T1_to_T,4,3f354f12741e8d8e7a579fafe8bbf3e7808a357d25486423ecd99639983796c8,9810.619185,559363072,2547338752,1987975680,6232735744,62616,427200,2203434,6369568,83265,2590,33,100,torch.float32,1f7c14ad5e7d7457222d5254d3d8d0a695d97954
M3-V-CORE,8eabc45f-5af7-2f32-8528-640861d2a135,scene0309_00-scene0309_02-scene0309_01-scene0309_04-scene0309_03,canonical,5,cumulative_T1_to_T,5,3f354f12741e8d8e7a579fafe8bbf3e7808a357d25486423ecd99639983796c8,10050.550982,559363072,2547328000,1987964928,6232735744,62616,427200,2203434,6369568,83265,2590,33,100,torch.float32,1f7c14ad5e7d7457222d5254d3d8d0a695d97954
M3-V-CORE,8eabc45f-5af7-2f32-8528-640861d2a135,scene0309_00-scene0309_02-scene0309_01-scene0309_04-scene0309_03,canonical,5,cumulative_T1_to_T,6,3f354f12741e8d8e7a579fafe8bbf3e7808a357d25486423ecd99639983796c8,10348.317923,559363072,2547365888,1988002816,6232735744,62616,427200,2203434,6369568,83265,2590,33,100,torch.float32,1f7c14ad5e7d7457222d5254d3d8d0a695d97954
M3-V-CORE,8eabc45f-5af7-2f32-8528-640861d2a135,scene0309_00-scene0309_02-scene0309_01-scene0309_04-scene0309_03,canonical,5,cumulative_T1_to_T,7,3f354f12741e8d8e7a579fafe8bbf3e7808a357d25486423ecd99639983796c8,12614.144942,559363072,2547336192,1987973120,6232735744,62616,427200,2203434,6369568,83265,2590,33,100,torch.float32,1f7c14ad5e7d7457222d5254d3d8d0a695d97954
M3-V-CORE,8eabc45f-5af7-2f32-8528-640861d2a135,scene0309_00-scene0309_02-scene0309_01-scene0309_04-scene0309_03,canonical,5,cumulative_T1_to_T,8,3f354f12741e8d8e7a579fafe8bbf3e7808a357d25486423ecd99639983796c8,9749.074881,559363072,2547343360,1987980288,6232735744,62616,427200,2203434,6369568,83265,2590,33,100,torch.float32,1f7c14ad5e7d7457222d5254d3d8d0a695d97954
M3-V-CORE,8eabc45f-5af7-2f32-8528-640861d2a135,scene0309_00-scene0309_02-scene0309_01-scene0309_04-scene0309_03,canonical,5,cumulative_T1_to_T,9,3f354f12741e8d8e7a579fafe8bbf3e7808a357d25486423ecd99639983796c8,10078.738625,559363072,2547336192,1987973120,6232735744,62616,427200,2203434,6369568,83265,2590,33,100,torch.float32,1f7c14ad5e7d7457222d5254d3d8d0a695d97954
M3-V-CORE,ddc73797-765b-241a-9e2c-097c5989baf6,scene0449_00-scene0449_04-scene0449_05-scene0449_03-scene0449_01,canonical,2,model_update,0,87d66d655ef59c633b73ef5836005d6da660fa9d630386f6c1bc3f6c6c5dc10b,3089.834349,559363072,2471334912,1911971840,6232735744,62616,427200,3793578,11067616,132307,5245,30,100,torch.float32,1f7c14ad5e7d7457222d5254d3d8d0a695d97954
M3-V-CORE,ddc73797-765b-241a-9e2c-097c5989baf6,scene0449_00-scene0449_04-scene0449_05-scene0449_03-scene0449_01,canonical,2,model_update,1,87d66d655ef59c633b73ef5836005d6da660fa9d630386f6c1bc3f6c6c5dc10b,3173.513171,559363072,2471237120,1911874048,6232735744,62616,427200,3793578,11067616,132307,5245,30,100,torch.float32,1f7c14ad5e7d7457222d5254d3d8d0a695d97954
M3-V-CORE,ddc73797-765b-241a-9e2c-097c5989baf6,scene0449_00-scene0449_04-scene0449_05-scene0449_03-scene0449_01,canonical,2,model_update,2,87d66d655ef59c633b73ef5836005d6da660fa9d630386f6c1bc3f6c6c5dc10b,2819.984833,559363072,2471258112,1911895040,6232735744,62616,427200,3793578,11067616,132307,5245,30,100,torch.float32,1f7c14ad5e7d7457222d5254d3d8d0a695d97954
M3-V-CORE,ddc73797-765b-241a-9e2c-097c5989baf6,scene0449_00-scene0449_04-scene0449_05-scene0449_03-scene0449_01,canonical,2,model_update,3,87d66d655ef59c633b73ef5836005d6da660fa9d630386f6c1bc3f6c6c5dc10b,3163.58864,559363072,2471265280,1911902208,6232735744,62616,427200,3793578,11067616,132307,5245,30,100,torch.float32,1f7c14ad5e7d7457222d5254d3d8d0a695d97954
M3-V-CORE,ddc73797-765b-241a-9e2c-097c5989baf6,scene0449_00-scene0449_04-scene0449_05-scene0449_03-scene0449_01,canonical,2,model_update,4,87d66d655ef59c633b73ef5836005d6da660fa9d630386f6c1bc3f6c6c5dc10b,2927.905262,559363072,2471333888,1911970816,6232735744,62616,427200,3793578,11067616,132307,5245,30,100,torch.float32,1f7c14ad5e7d7457222d5254d3d8d0a695d97954
M3-V-CORE,ddc73797-765b-241a-9e2c-097c5989baf6,scene0449_00-scene0449_04-scene0449_05-scene0449_03-scene0449_01,canonical,2,model_update,5,87d66d655ef59c633b73ef5836005d6da660fa9d630386f6c1bc3f6c6c5dc10b,3121.424527,559363072,2471327232,1911964160,6232735744,62616,427200,3793578,11067616,132307,5245,30,100,torch.float32,1f7c14ad5e7d7457222d5254d3d8d0a695d97954
M3-V-CORE,ddc73797-765b-241a-9e2c-097c5989baf6,scene0449_00-scene0449_04-scene0449_05-scene0449_03-scene0449_01,canonical,2,model_update,6,87d66d655ef59c633b73ef5836005d6da660fa9d630386f6c1bc3f6c6c5dc10b,3099.938948,559363072,2471285248,1911922176,6232735744,62616,427200,3793578,11067616,132307,5245,30,100,torch.float32,1f7c14ad5e7d7457222d5254d3d8d0a695d97954
M3-V-CORE,ddc73797-765b-241a-9e2c-097c5989baf6,scene0449_00-scene0449_04-scene0449_05-scene0449_03-scene0449_01,canonical,2,model_update,7,87d66d655ef59c633b73ef5836005d6da660fa9d630386f6c1bc3f6c6c5dc10b,2940.829149,559363072,2471258112,1911895040,6232735744,62616,427200,3793578,11067616,132307,5245,30,100,torch.float32,1f7c14ad5e7d7457222d5254d3d8d0a695d97954
M3-V-CORE,ddc73797-765b-241a-9e2c-097c5989baf6,scene0449_00-scene0449_04-scene0449_05-scene0449_03-scene0449_01,canonical,2,model_update,8,87d66d655ef59c633b73ef5836005d6da660fa9d630386f6c1bc3f6c6c5dc10b,3031.335151,559363072,2471306240,1911943168,6232735744,62616,427200,3793578,11067616,132307,5245,30,100,torch.float32,1f7c14ad5e7d7457222d5254d3d8d0a695d97954
M3-V-CORE,ddc73797-765b-241a-9e2c-097c5989baf6,scene0449_00-scene0449_04-scene0449_05-scene0449_03-scene0449_01,canonical,2,model_update,9,87d66d655ef59c633b73ef5836005d6da660fa9d630386f6c1bc3f6c6c5dc10b,2900.040494,559363072,2471285248,1911922176,6232735744,62616,427200,3793578,11067616,132307,5245,30,100,torch.float32,1f7c14ad5e7d7457222d5254d3d8d0a695d97954
M3-V-CORE,ddc73797-765b-241a-9e2c-097c5989baf6,scene0449_00-scene0449_04-scene0449_05-scene0449_03-scene0449_01,canonical,2,end_to_end_update,0,87d66d655ef59c633b73ef5836005d6da660fa9d630386f6c1bc3f6c6c5dc10b,3416.628446,559363072,2471258112,1911895040,6232735744,62616,427200,3793578,11067616,132307,5245,30,100,torch.float32,1f7c14ad5e7d7457222d5254d3d8d0a695d97954
M3-V-CORE,ddc73797-765b-241a-9e2c-097c5989baf6,scene0449_00-scene0449_04-scene0449_05-scene0449_03-scene0449_01,canonical,2,end_to_end_update,1,87d66d655ef59c633b73ef5836005d6da660fa9d630386f6c1bc3f6c6c5dc10b,3460.876089,559363072,2471313920,1911950848,6232735744,62616,427200,3793578,11067616,132307,5245,30,100,torch.float32,1f7c14ad5e7d7457222d5254d3d8d0a695d97954
M3-V-CORE,ddc73797-765b-241a-9e2c-097c5989baf6,scene0449_00-scene0449_04-scene0449_05-scene0449_03-scene0449_01,canonical,2,end_to_end_update,2,87d66d655ef59c633b73ef5836005d6da660fa9d630386f6c1bc3f6c6c5dc10b,3282.03754,559363072,2471286272,1911923200,6232735744,62616,427200,3793578,11067616,132307,5245,30,100,torch.float32,1f7c14ad5e7d7457222d5254d3d8d0a695d97954
M3-V-CORE,ddc73797-765b-241a-9e2c-097c5989baf6,scene0449_00-scene0449_04-scene0449_05-scene0449_03-scene0449_01,canonical,2,end_to_end_update,3,87d66d655ef59c633b73ef5836005d6da660fa9d630386f6c1bc3f6c6c5dc10b,3428.359991,559363072,2471376384,1912013312,6232735744,62616,427200,3793578,11067616,132307,5245,30,100,torch.float32,1f7c14ad5e7d7457222d5254d3d8d0a695d97954
M3-V-CORE,ddc73797-765b-241a-9e2c-097c5989baf6,scene0449_00-scene0449_04-scene0449_05-scene0449_03-scene0449_01,canonical,2,end_to_end_update,4,87d66d655ef59c633b73ef5836005d6da660fa9d630386f6c1bc3f6c6c5dc10b,3283.188881,559363072,2471313920,1911950848,6232735744,62616,427200,3793578,11067616,132307,5245,30,100,torch.float32,1f7c14ad5e7d7457222d5254d3d8d0a695d97954
M3-V-CORE,ddc73797-765b-241a-9e2c-097c5989baf6,scene0449_00-scene0449_04-scene0449_05-scene0449_03-scene0449_01,canonical,2,end_to_end_update,5,87d66d655ef59c633b73ef5836005d6da660fa9d630386f6c1bc3f6c6c5dc10b,3356.755088,559363072,2471265280,1911902208,6232735744,62616,427200,3793578,11067616,132307,5245,30,100,torch.float32,1f7c14ad5e7d7457222d5254d3d8d0a695d97954
M3-V-CORE,ddc73797-765b-241a-9e2c-097c5989baf6,scene0449_00-scene0449_04-scene0449_05-scene0449_03-scene0449_01,canonical,2,end_to_end_update,6,87d66d655ef59c633b73ef5836005d6da660fa9d630386f6c1bc3f6c6c5dc10b,3262.800539,559363072,2471348224,1911985152,6232735744,62616,427200,3793578,11067616,132307,5245,30,100,torch.float32,1f7c14ad5e7d7457222d5254d3d8d0a695d97954
M3-V-CORE,ddc73797-765b-241a-9e2c-097c5989baf6,scene0449_00-scene0449_04-scene0449_05-scene0449_03-scene0449_01,canonical,2,end_to_end_update,7,87d66d655ef59c633b73ef5836005d6da660fa9d630386f6c1bc3f6c6c5dc10b,3426.851815,559363072,2471257088,1911894016,6232735744,62616,427200,3793578,11067616,132307,5245,30,100,torch.float32,1f7c14ad5e7d7457222d5254d3d8d0a695d97954
M3-V-CORE,ddc73797-765b-241a-9e2c-097c5989baf6,scene0449_00-scene0449_04-scene0449_05-scene0449_03-scene0449_01,canonical,2,end_to_end_update,8,87d66d655ef59c633b73ef5836005d6da660fa9d630386f6c1bc3f6c6c5dc10b,3280.946229,559363072,2471333888,1911970816,6232735744,62616,427200,3793578,11067616,132307,5245,30,100,torch.float32,1f7c14ad5e7d7457222d5254d3d8d0a695d97954
M3-V-CORE,ddc73797-765b-241a-9e2c-097c5989baf6,scene0449_00-scene0449_04-scene0449_05-scene0449_03-scene0449_01,canonical,2,end_to_end_update,9,87d66d655ef59c633b73ef5836005d6da660fa9d630386f6c1bc3f6c6c5dc10b,3299.052976,559363072,2471278592,1911915520,6232735744,62616,427200,3793578,11067616,132307,5245,30,100,torch.float32,1f7c14ad5e7d7457222d5254d3d8d0a695d97954
M3-V-CORE,ddc73797-765b-241a-9e2c-097c5989baf6,scene0449_00-scene0449_04-scene0449_05-scene0449_03-scene0449_01,canonical,2,output_materialization,0,87d66d655ef59c633b73ef5836005d6da660fa9d630386f6c1bc3f6c6c5dc10b,8.376253,559363072,592923648,33560576,6232735744,62616,427200,3793578,11067616,132307,5245,30,100,torch.float32,1f7c14ad5e7d7457222d5254d3d8d0a695d97954
M3-V-CORE,ddc73797-765b-241a-9e2c-097c5989baf6,scene0449_00-scene0449_04-scene0449_05-scene0449_03-scene0449_01,canonical,2,output_materialization,1,87d66d655ef59c633b73ef5836005d6da660fa9d630386f6c1bc3f6c6c5dc10b,8.353115,559363072,592923648,33560576,6232735744,62616,427200,3793578,11067616,132307,5245,30,100,torch.float32,1f7c14ad5e7d7457222d5254d3d8d0a695d97954
M3-V-CORE,ddc73797-765b-241a-9e2c-097c5989baf6,scene0449_00-scene0449_04-scene0449_05-scene0449_03-scene0449_01,canonical,2,output_materialization,2,87d66d655ef59c633b73ef5836005d6da660fa9d630386f6c1bc3f6c6c5dc10b,8.387965,559363072,592923648,33560576,6232735744,62616,427200,3793578,11067616,132307,5245,30,100,torch.float32,1f7c14ad5e7d7457222d5254d3d8d0a695d97954
M3-V-CORE,ddc73797-765b-241a-9e2c-097c5989baf6,scene0449_00-scene0449_04-scene0449_05-scene0449_03-scene0449_01,canonical,2,output_materialization,3,87d66d655ef59c633b73ef5836005d6da660fa9d630386f6c1bc3f6c6c5dc10b,8.358399,559363072,592923648,33560576,6232735744,62616,427200,3793578,11067616,132307,5245,30,100,torch.float32,1f7c14ad5e7d7457222d5254d3d8d0a695d97954
M3-V-CORE,ddc73797-765b-241a-9e2c-097c5989baf6,scene0449_00-scene0449_04-scene0449_05-scene0449_03-scene0449_01,canonical,2,output_materialization,4,87d66d655ef59c633b73ef5836005d6da660fa9d630386f6c1bc3f6c6c5dc10b,8.316155,559363072,592923648,33560576,6232735744,62616,427200,3793578,11067616,132307,5245,30,100,torch.float32,1f7c14ad5e7d7457222d5254d3d8d0a695d97954
M3-V-CORE,ddc73797-765b-241a-9e2c-097c5989baf6,scene0449_00-scene0449_04-scene0449_05-scene0449_03-scene0449_01,canonical,2,output_materialization,5,87d66d655ef59c633b73ef5836005d6da660fa9d630386f6c1bc3f6c6c5dc10b,8.396828,559363072,592923648,33560576,6232735744,62616,427200,3793578,11067616,132307,5245,30,100,torch.float32,1f7c14ad5e7d7457222d5254d3d8d0a695d97954
M3-V-CORE,ddc73797-765b-241a-9e2c-097c5989baf6,scene0449_00-scene0449_04-scene0449_05-scene0449_03-scene0449_01,canonical,2,output_materialization,6,87d66d655ef59c633b73ef5836005d6da660fa9d630386f6c1bc3f6c6c5dc10b,8.386054,559363072,592923648,33560576,6232735744,62616,427200,3793578,11067616,132307,5245,30,100,torch.float32,1f7c14ad5e7d7457222d5254d3d8d0a695d97954
M3-V-CORE,ddc73797-765b-241a-9e2c-097c5989baf6,scene0449_00-scene0449_04-scene0449_05-scene0449_03-scene0449_01,canonical,2,output_materialization,7,87d66d655ef59c633b73ef5836005d6da660fa9d630386f6c1bc3f6c6c5dc10b,8.445497,559363072,592923648,33560576,6232735744,62616,427200,3793578,11067616,132307,5245,30,100,torch.float32,1f7c14ad5e7d7457222d5254d3d8d0a695d97954
M3-V-CORE,ddc73797-765b-241a-9e2c-097c5989baf6,scene0449_00-scene0449_04-scene0449_05-scene0449_03-scene0449_01,canonical,2,output_materialization,8,87d66d655ef59c633b73ef5836005d6da660fa9d630386f6c1bc3f6c6c5dc10b,8.42903,559363072,592923648,33560576,6232735744,62616,427200,3793578,11067616,132307,5245,30,100,torch.float32,1f7c14ad5e7d7457222d5254d3d8d0a695d97954
M3-V-CORE,ddc73797-765b-241a-9e2c-097c5989baf6,scene0449_00-scene0449_04-scene0449_05-scene0449_03-scene0449_01,canonical,2,output_materialization,9,87d66d655ef59c633b73ef5836005d6da660fa9d630386f6c1bc3f6c6c5dc10b,9.60988,559363072,592923648,33560576,6232735744,62616,427200,3793578,11067616,132307,5245,30,100,torch.float32,1f7c14ad5e7d7457222d5254d3d8d0a695d97954
M3-V-CORE,ddc73797-765b-241a-9e2c-097c5989baf6,scene0449_00-scene0449_04-scene0449_05-scene0449_03-scene0449_01,canonical,2,cumulative_T1_to_T,0,3f354f12741e8d8e7a579fafe8bbf3e7808a357d25486423ecd99639983796c8,5776.358472,559363072,2472884736,1913521664,6232735744,62616,427200,3793578,11067616,132307,5245,30,100,torch.float32,1f7c14ad5e7d7457222d5254d3d8d0a695d97954
M3-V-CORE,ddc73797-765b-241a-9e2c-097c5989baf6,scene0449_00-scene0449_04-scene0449_05-scene0449_03-scene0449_01,canonical,2,cumulative_T1_to_T,1,3f354f12741e8d8e7a579fafe8bbf3e7808a357d25486423ecd99639983796c8,5663.961784,559363072,2472883200,1913520128,6232735744,62616,427200,3793578,11067616,132307,5245,30,100,torch.float32,1f7c14ad5e7d7457222d5254d3d8d0a695d97954
M3-V-CORE,ddc73797-765b-241a-9e2c-097c5989baf6,scene0449_00-scene0449_04-scene0449_05-scene0449_03-scene0449_01,canonical,2,cumulative_T1_to_T,2,3f354f12741e8d8e7a579fafe8bbf3e7808a357d25486423ecd99639983796c8,6570.643579,559363072,2472886272,1913523200,6232735744,62616,427200,3793578,11067616,132307,5245,30,100,torch.float32,1f7c14ad5e7d7457222d5254d3d8d0a695d97954
M3-V-CORE,ddc73797-765b-241a-9e2c-097c5989baf6,scene0449_00-scene0449_04-scene0449_05-scene0449_03-scene0449_01,canonical,2,cumulative_T1_to_T,3,3f354f12741e8d8e7a579fafe8bbf3e7808a357d25486423ecd99639983796c8,7124.005936,559363072,2472870912,1913507840,6232735744,62616,427200,3793578,11067616,132307,5245,30,100,torch.float32,1f7c14ad5e7d7457222d5254d3d8d0a695d97954
M3-V-CORE,ddc73797-765b-241a-9e2c-097c5989baf6,scene0449_00-scene0449_04-scene0449_05-scene0449_03-scene0449_01,canonical,2,cumulative_T1_to_T,4,3f354f12741e8d8e7a579fafe8bbf3e7808a357d25486423ecd99639983796c8,6192.574981,559363072,2472864256,1913501184,6232735744,62616,427200,3793578,11067616,132307,5245,30,100,torch.float32,1f7c14ad5e7d7457222d5254d3d8d0a695d97954
M3-V-CORE,ddc73797-765b-241a-9e2c-097c5989baf6,scene0449_00-scene0449_04-scene0449_05-scene0449_03-scene0449_01,canonical,2,cumulative_T1_to_T,5,3f354f12741e8d8e7a579fafe8bbf3e7808a357d25486423ecd99639983796c8,6396.773027,559363072,2472875520,1913512448,6232735744,62616,427200,3793578,11067616,132307,5245,30,100,torch.float32,1f7c14ad5e7d7457222d5254d3d8d0a695d97954
M3-V-CORE,ddc73797-765b-241a-9e2c-097c5989baf6,scene0449_00-scene0449_04-scene0449_05-scene0449_03-scene0449_01,canonical,2,cumulative_T1_to_T,6,3f354f12741e8d8e7a579fafe8bbf3e7808a357d25486423ecd99639983796c8,6139.613935,559363072,2472881664,1913518592,6232735744,62616,427200,3793578,11067616,132307,5245,30,100,torch.float32,1f7c14ad5e7d7457222d5254d3d8d0a695d97954
M3-V-CORE,ddc73797-765b-241a-9e2c-097c5989baf6,scene0449_00-scene0449_04-scene0449_05-scene0449_03-scene0449_01,canonical,2,cumulative_T1_to_T,7,3f354f12741e8d8e7a579fafe8bbf3e7808a357d25486423ecd99639983796c8,6215.119544,559363072,2472881664,1913518592,6232735744,62616,427200,3793578,11067616,132307,5245,30,100,torch.float32,1f7c14ad5e7d7457222d5254d3d8d0a695d97954
M3-V-CORE,ddc73797-765b-241a-9e2c-097c5989baf6,scene0449_00-scene0449_04-scene0449_05-scene0449_03-scene0449_01,canonical,2,cumulative_T1_to_T,8,3f354f12741e8d8e7a579fafe8bbf3e7808a357d25486423ecd99639983796c8,5894.061987,559363072,2472877056,1913513984,6232735744,62616,427200,3793578,11067616,132307,5245,30,100,torch.float32,1f7c14ad5e7d7457222d5254d3d8d0a695d97954
M3-V-CORE,ddc73797-765b-241a-9e2c-097c5989baf6,scene0449_00-scene0449_04-scene0449_05-scene0449_03-scene0449_01,canonical,2,cumulative_T1_to_T,9,3f354f12741e8d8e7a579fafe8bbf3e7808a357d25486423ecd99639983796c8,5940.410665,559363072,2472881664,1913518592,6232735744,62616,427200,3793578,11067616,132307,5245,30,100,torch.float32,1f7c14ad5e7d7457222d5254d3d8d0a695d97954
M3-V-CORE,ddc73797-765b-241a-9e2c-097c5989baf6,scene0449_00-scene0449_04-scene0449_05-scene0449_03-scene0449_01,canonical,3,model_update,0,357bc31893a6bd0a051fc09b4b61b8c5ed303c45dc2416b6b41f34d006824c96,4519.352826,559363072,2533118464,1973755392,6232735744,62616,427200,4083243,11816608,137183,6245,34,100,torch.float32,1f7c14ad5e7d7457222d5254d3d8d0a695d97954
M3-V-CORE,ddc73797-765b-241a-9e2c-097c5989baf6,scene0449_00-scene0449_04-scene0449_05-scene0449_03-scene0449_01,canonical,3,model_update,1,357bc31893a6bd0a051fc09b4b61b8c5ed303c45dc2416b6b41f34d006824c96,3842.576822,559363072,2533087232,1973724160,6232735744,62616,427200,4083243,11816608,137183,6245,34,100,torch.float32,1f7c14ad5e7d7457222d5254d3d8d0a695d97954
M3-V-CORE,ddc73797-765b-241a-9e2c-097c5989baf6,scene0449_00-scene0449_04-scene0449_05-scene0449_03-scene0449_01,canonical,3,model_update,2,357bc31893a6bd0a051fc09b4b61b8c5ed303c45dc2416b6b41f34d006824c96,3276.06154,559363072,2533078528,1973715456,6232735744,62616,427200,4083243,11816608,137183,6245,34,100,torch.float32,1f7c14ad5e7d7457222d5254d3d8d0a695d97954
M3-V-CORE,ddc73797-765b-241a-9e2c-097c5989baf6,scene0449_00-scene0449_04-scene0449_05-scene0449_03-scene0449_01,canonical,3,model_update,3,357bc31893a6bd0a051fc09b4b61b8c5ed303c45dc2416b6b41f34d006824c96,3150.332831,559363072,2533090304,1973727232,6232735744,62616,427200,4083243,11816608,137183,6245,34,100,torch.float32,1f7c14ad5e7d7457222d5254d3d8d0a695d97954
M3-V-CORE,ddc73797-765b-241a-9e2c-097c5989baf6,scene0449_00-scene0449_04-scene0449_05-scene0449_03-scene0449_01,canonical,3,model_update,4,357bc31893a6bd0a051fc09b4b61b8c5ed303c45dc2416b6b41f34d006824c96,3064.710189,559363072,2533092352,1973729280,6232735744,62616,427200,4083243,11816608,137183,6245,34,100,torch.float32,1f7c14ad5e7d7457222d5254d3d8d0a695d97954
M3-V-CORE,ddc73797-765b-241a-9e2c-097c5989baf6,scene0449_00-scene0449_04-scene0449_05-scene0449_03-scene0449_01,canonical,3,model_update,5,357bc31893a6bd0a051fc09b4b61b8c5ed303c45dc2416b6b41f34d006824c96,3294.421535,559363072,2533092352,1973729280,6232735744,62616,427200,4083243,11816608,137183,6245,34,100,torch.float32,1f7c14ad5e7d7457222d5254d3d8d0a695d97954
M3-V-CORE,ddc73797-765b-241a-9e2c-097c5989baf6,scene0449_00-scene0449_04-scene0449_05-scene0449_03-scene0449_01,canonical,3,model_update,6,357bc31893a6bd0a051fc09b4b61b8c5ed303c45dc2416b6b41f34d006824c96,3113.265107,559363072,2533083648,1973720576,6232735744,62616,427200,4083243,11816608,137183,6245,34,100,torch.float32,1f7c14ad5e7d7457222d5254d3d8d0a695d97954
M3-V-CORE,ddc73797-765b-241a-9e2c-097c5989baf6,scene0449_00-scene0449_04-scene0449_05-scene0449_03-scene0449_01,canonical,3,model_update,7,357bc31893a6bd0a051fc09b4b61b8c5ed303c45dc2416b6b41f34d006824c96,2867.023701,559363072,2533071360,1973708288,6232735744,62616,427200,4083243,11816608,137183,6245,34,100,torch.float32,1f7c14ad5e7d7457222d5254d3d8d0a695d97954
M3-V-CORE,ddc73797-765b-241a-9e2c-097c5989baf6,scene0449_00-scene0449_04-scene0449_05-scene0449_03-scene0449_01,canonical,3,model_update,8,357bc31893a6bd0a051fc09b4b61b8c5ed303c45dc2416b6b41f34d006824c96,3018.112864,559363072,2533068288,1973705216,6232735744,62616,427200,4083243,11816608,137183,6245,34,100,torch.float32,1f7c14ad5e7d7457222d5254d3d8d0a695d97954
M3-V-CORE,ddc73797-765b-241a-9e2c-097c5989baf6,scene0449_00-scene0449_04-scene0449_05-scene0449_03-scene0449_01,canonical,3,model_update,9,357bc31893a6bd0a051fc09b4b61b8c5ed303c45dc2416b6b41f34d006824c96,2990.37841,559363072,2533080064,1973716992,6232735744,62616,427200,4083243,11816608,137183,6245,34,100,torch.float32,1f7c14ad5e7d7457222d5254d3d8d0a695d97954
M3-V-CORE,ddc73797-765b-241a-9e2c-097c5989baf6,scene0449_00-scene0449_04-scene0449_05-scene0449_03-scene0449_01,canonical,3,end_to_end_update,0,357bc31893a6bd0a051fc09b4b61b8c5ed303c45dc2416b6b41f34d006824c96,3242.858632,559363072,2533088768,1973725696,6232735744,62616,427200,4083243,11816608,137183,6245,34,100,torch.float32,1f7c14ad5e7d7457222d5254d3d8d0a695d97954
M3-V-CORE,ddc73797-765b-241a-9e2c-097c5989baf6,scene0449_00-scene0449_04-scene0449_05-scene0449_03-scene0449_01,canonical,3,end_to_end_update,1,357bc31893a6bd0a051fc09b4b61b8c5ed303c45dc2416b6b41f34d006824c96,3623.375149,559363072,2533090816,1973727744,6232735744,62616,427200,4083243,11816608,137183,6245,34,100,torch.float32,1f7c14ad5e7d7457222d5254d3d8d0a695d97954
M3-V-CORE,ddc73797-765b-241a-9e2c-097c5989baf6,scene0449_00-scene0449_04-scene0449_05-scene0449_03-scene0449_01,canonical,3,end_to_end_update,2,357bc31893a6bd0a051fc09b4b61b8c5ed303c45dc2416b6b41f34d006824c96,3429.737683,559363072,2533102592,1973739520,6232735744,62616,427200,4083243,11816608,137183,6245,34,100,torch.float32,1f7c14ad5e7d7457222d5254d3d8d0a695d97954
M3-V-CORE,ddc73797-765b-241a-9e2c-097c5989baf6,scene0449_00-scene0449_04-scene0449_05-scene0449_03-scene0449_01,canonical,3,end_to_end_update,3,357bc31893a6bd0a051fc09b4b61b8c5ed303c45dc2416b6b41f34d006824c96,4382.408679,559363072,2533097472,1973734400,6232735744,62616,427200,4083243,11816608,137183,6245,34,100,torch.float32,1f7c14ad5e7d7457222d5254d3d8d0a695d97954
M3-V-CORE,ddc73797-765b-241a-9e2c-097c5989baf6,scene0449_00-scene0449_04-scene0449_05-scene0449_03-scene0449_01,canonical,3,end_to_end_update,4,357bc31893a6bd0a051fc09b4b61b8c5ed303c45dc2416b6b41f34d006824c96,4469.64553,559363072,2533059584,1973696512,6232735744,62616,427200,4083243,11816608,137183,6245,34,100,torch.float32,1f7c14ad5e7d7457222d5254d3d8d0a695d97954
M3-V-CORE,ddc73797-765b-241a-9e2c-097c5989baf6,scene0449_00-scene0449_04-scene0449_05-scene0449_03-scene0449_01,canonical,3,end_to_end_update,5,357bc31893a6bd0a051fc09b4b61b8c5ed303c45dc2416b6b41f34d006824c96,3431.0496,559363072,2533087232,1973724160,6232735744,62616,427200,4083243,11816608,137183,6245,34,100,torch.float32,1f7c14ad5e7d7457222d5254d3d8d0a695d97954
M3-V-CORE,ddc73797-765b-241a-9e2c-097c5989baf6,scene0449_00-scene0449_04-scene0449_05-scene0449_03-scene0449_01,canonical,3,end_to_end_update,6,357bc31893a6bd0a051fc09b4b61b8c5ed303c45dc2416b6b41f34d006824c96,3651.427829,559363072,2533087232,1973724160,6232735744,62616,427200,4083243,11816608,137183,6245,34,100,torch.float32,1f7c14ad5e7d7457222d5254d3d8d0a695d97954
M3-V-CORE,ddc73797-765b-241a-9e2c-097c5989baf6,scene0449_00-scene0449_04-scene0449_05-scene0449_03-scene0449_01,canonical,3,end_to_end_update,7,357bc31893a6bd0a051fc09b4b61b8c5ed303c45dc2416b6b41f34d006824c96,3452.513904,559363072,2533095936,1973732864,6232735744,62616,427200,4083243,11816608,137183,6245,34,100,torch.float32,1f7c14ad5e7d7457222d5254d3d8d0a695d97954
M3-V-CORE,ddc73797-765b-241a-9e2c-097c5989baf6,scene0449_00-scene0449_04-scene0449_05-scene0449_03-scene0449_01,canonical,3,end_to_end_update,8,357bc31893a6bd0a051fc09b4b61b8c5ed303c45dc2416b6b41f34d006824c96,3660.417726,559363072,2533087232,1973724160,6232735744,62616,427200,4083243,11816608,137183,6245,34,100,torch.float32,1f7c14ad5e7d7457222d5254d3d8d0a695d97954
M3-V-CORE,ddc73797-765b-241a-9e2c-097c5989baf6,scene0449_00-scene0449_04-scene0449_05-scene0449_03-scene0449_01,canonical,3,end_to_end_update,9,357bc31893a6bd0a051fc09b4b61b8c5ed303c45dc2416b6b41f34d006824c96,3433.379342,559363072,2533078016,1973714944,6232735744,62616,427200,4083243,11816608,137183,6245,34,100,torch.float32,1f7c14ad5e7d7457222d5254d3d8d0a695d97954
M3-V-CORE,ddc73797-765b-241a-9e2c-097c5989baf6,scene0449_00-scene0449_04-scene0449_05-scene0449_03-scene0449_01,canonical,3,output_materialization,0,357bc31893a6bd0a051fc09b4b61b8c5ed303c45dc2416b6b41f34d006824c96,9.264319,559363072,592923648,33560576,6232735744,62616,427200,4083243,11816608,137183,6245,34,100,torch.float32,1f7c14ad5e7d7457222d5254d3d8d0a695d97954
M3-V-CORE,ddc73797-765b-241a-9e2c-097c5989baf6,scene0449_00-scene0449_04-scene0449_05-scene0449_03-scene0449_01,canonical,3,output_materialization,1,357bc31893a6bd0a051fc09b4b61b8c5ed303c45dc2416b6b41f34d006824c96,9.176402,559363072,592923648,33560576,6232735744,62616,427200,4083243,11816608,137183,6245,34,100,torch.float32,1f7c14ad5e7d7457222d5254d3d8d0a695d97954
M3-V-CORE,ddc73797-765b-241a-9e2c-097c5989baf6,scene0449_00-scene0449_04-scene0449_05-scene0449_03-scene0449_01,canonical,3,output_materialization,2,357bc31893a6bd0a051fc09b4b61b8c5ed303c45dc2416b6b41f34d006824c96,9.264191,559363072,592923648,33560576,6232735744,62616,427200,4083243,11816608,137183,6245,34,100,torch.float32,1f7c14ad5e7d7457222d5254d3d8d0a695d97954
M3-V-CORE,ddc73797-765b-241a-9e2c-097c5989baf6,scene0449_00-scene0449_04-scene0449_05-scene0449_03-scene0449_01,canonical,3,output_materialization,3,357bc31893a6bd0a051fc09b4b61b8c5ed303c45dc2416b6b41f34d006824c96,9.21605,559363072,592923648,33560576,6232735744,62616,427200,4083243,11816608,137183,6245,34,100,torch.float32,1f7c14ad5e7d7457222d5254d3d8d0a695d97954
M3-V-CORE,ddc73797-765b-241a-9e2c-097c5989baf6,scene0449_00-scene0449_04-scene0449_05-scene0449_03-scene0449_01,canonical,3,output_materialization,4,357bc31893a6bd0a051fc09b4b61b8c5ed303c45dc2416b6b41f34d006824c96,9.186283,559363072,592923648,33560576,6232735744,62616,427200,4083243,11816608,137183,6245,34,100,torch.float32,1f7c14ad5e7d7457222d5254d3d8d0a695d97954
M3-V-CORE,ddc73797-765b-241a-9e2c-097c5989baf6,scene0449_00-scene0449_04-scene0449_05-scene0449_03-scene0449_01,canonical,3,output_materialization,5,357bc31893a6bd0a051fc09b4b61b8c5ed303c45dc2416b6b41f34d006824c96,9.179185,559363072,592923648,33560576,6232735744,62616,427200,4083243,11816608,137183,6245,34,100,torch.float32,1f7c14ad5e7d7457222d5254d3d8d0a695d97954
M3-V-CORE,ddc73797-765b-241a-9e2c-097c5989baf6,scene0449_00-scene0449_04-scene0449_05-scene0449_03-scene0449_01,canonical,3,output_materialization,6,357bc31893a6bd0a051fc09b4b61b8c5ed303c45dc2416b6b41f34d006824c96,9.72046,559363072,592923648,33560576,6232735744,62616,427200,4083243,11816608,137183,6245,34,100,torch.float32,1f7c14ad5e7d7457222d5254d3d8d0a695d97954
M3-V-CORE,ddc73797-765b-241a-9e2c-097c5989baf6,scene0449_00-scene0449_04-scene0449_05-scene0449_03-scene0449_01,canonical,3,output_materialization,7,357bc31893a6bd0a051fc09b4b61b8c5ed303c45dc2416b6b41f34d006824c96,9.691549,559363072,592923648,33560576,6232735744,62616,427200,4083243,11816608,137183,6245,34,100,torch.float32,1f7c14ad5e7d7457222d5254d3d8d0a695d97954
M3-V-CORE,ddc73797-765b-241a-9e2c-097c5989baf6,scene0449_00-scene0449_04-scene0449_05-scene0449_03-scene0449_01,canonical,3,output_materialization,8,357bc31893a6bd0a051fc09b4b61b8c5ed303c45dc2416b6b41f34d006824c96,9.624653,559363072,592923648,33560576,6232735744,62616,427200,4083243,11816608,137183,6245,34,100,torch.float32,1f7c14ad5e7d7457222d5254d3d8d0a695d97954
M3-V-CORE,ddc73797-765b-241a-9e2c-097c5989baf6,scene0449_00-scene0449_04-scene0449_05-scene0449_03-scene0449_01,canonical,3,output_materialization,9,357bc31893a6bd0a051fc09b4b61b8c5ed303c45dc2416b6b41f34d006824c96,9.638232,559363072,592923648,33560576,6232735744,62616,427200,4083243,11816608,137183,6245,34,100,torch.float32,1f7c14ad5e7d7457222d5254d3d8d0a695d97954
M3-V-CORE,ddc73797-765b-241a-9e2c-097c5989baf6,scene0449_00-scene0449_04-scene0449_05-scene0449_03-scene0449_01,canonical,3,cumulative_T1_to_T,0,3f354f12741e8d8e7a579fafe8bbf3e7808a357d25486423ecd99639983796c8,9903.421964,559363072,2536630784,1977267712,6232735744,62616,427200,4083243,11816608,137183,6245,34,100,torch.float32,1f7c14ad5e7d7457222d5254d3d8d0a695d97954
M3-V-CORE,ddc73797-765b-241a-9e2c-097c5989baf6,scene0449_00-scene0449_04-scene0449_05-scene0449_03-scene0449_01,canonical,3,cumulative_T1_to_T,1,3f354f12741e8d8e7a579fafe8bbf3e7808a357d25486423ecd99639983796c8,10153.284745,559363072,2536638464,1977275392,6232735744,62616,427200,4083243,11816608,137183,6245,34,100,torch.float32,1f7c14ad5e7d7457222d5254d3d8d0a695d97954
M3-V-CORE,ddc73797-765b-241a-9e2c-097c5989baf6,scene0449_00-scene0449_04-scene0449_05-scene0449_03-scene0449_01,canonical,3,cumulative_T1_to_T,2,3f354f12741e8d8e7a579fafe8bbf3e7808a357d25486423ecd99639983796c8,9239.423615,559363072,2536612352,1977249280,6232735744,62616,427200,4083243,11816608,137183,6245,34,100,torch.float32,1f7c14ad5e7d7457222d5254d3d8d0a695d97954
M3-V-CORE,ddc73797-765b-241a-9e2c-097c5989baf6,scene0449_00-scene0449_04-scene0449_05-scene0449_03-scene0449_01,canonical,3,cumulative_T1_to_T,3,3f354f12741e8d8e7a579fafe8bbf3e7808a357d25486423ecd99639983796c8,9215.240946,559363072,2536653312,1977290240,6232735744,62616,427200,4083243,11816608,137183,6245,34,100,torch.float32,1f7c14ad5e7d7457222d5254d3d8d0a695d97954
M3-V-CORE,ddc73797-765b-241a-9e2c-097c5989baf6,scene0449_00-scene0449_04-scene0449_05-scene0449_03-scene0449_01,canonical,3,cumulative_T1_to_T,4,3f354f12741e8d8e7a579fafe8bbf3e7808a357d25486423ecd99639983796c8,9485.02003,559363072,2536627200,1977264128,6232735744,62616,427200,4083243,11816608,137183,6245,34,100,torch.float32,1f7c14ad5e7d7457222d5254d3d8d0a695d97954
M3-V-CORE,ddc73797-765b-241a-9e2c-097c5989baf6,scene0449_00-scene0449_04-scene0449_05-scene0449_03-scene0449_01,canonical,3,cumulative_T1_to_T,5,3f354f12741e8d8e7a579fafe8bbf3e7808a357d25486423ecd99639983796c8,9048.595454,559363072,2536596480,1977233408,6232735744,62616,427200,4083243,11816608,137183,6245,34,100,torch.float32,1f7c14ad5e7d7457222d5254d3d8d0a695d97954
M3-V-CORE,ddc73797-765b-241a-9e2c-097c5989baf6,scene0449_00-scene0449_04-scene0449_05-scene0449_03-scene0449_01,canonical,3,cumulative_T1_to_T,6,3f354f12741e8d8e7a579fafe8bbf3e7808a357d25486423ecd99639983796c8,9207.877094,559363072,2536652800,1977289728,6232735744,62616,427200,4083243,11816608,137183,6245,34,100,torch.float32,1f7c14ad5e7d7457222d5254d3d8d0a695d97954
M3-V-CORE,ddc73797-765b-241a-9e2c-097c5989baf6,scene0449_00-scene0449_04-scene0449_05-scene0449_03-scene0449_01,canonical,3,cumulative_T1_to_T,7,3f354f12741e8d8e7a579fafe8bbf3e7808a357d25486423ecd99639983796c8,9555.046196,559363072,2536596480,1977233408,6232735744,62616,427200,4083243,11816608,137183,6245,34,100,torch.float32,1f7c14ad5e7d7457222d5254d3d8d0a695d97954
M3-V-CORE,ddc73797-765b-241a-9e2c-097c5989baf6,scene0449_00-scene0449_04-scene0449_05-scene0449_03-scene0449_01,canonical,3,cumulative_T1_to_T,8,3f354f12741e8d8e7a579fafe8bbf3e7808a357d25486423ecd99639983796c8,11845.643719,559363072,2536608256,1977245184,6232735744,62616,427200,4083243,11816608,137183,6245,34,100,torch.float32,1f7c14ad5e7d7457222d5254d3d8d0a695d97954
M3-V-CORE,ddc73797-765b-241a-9e2c-097c5989baf6,scene0449_00-scene0449_04-scene0449_05-scene0449_03-scene0449_01,canonical,3,cumulative_T1_to_T,9,3f354f12741e8d8e7a579fafe8bbf3e7808a357d25486423ecd99639983796c8,12019.026348,559363072,2536637952,1977274880,6232735744,62616,427200,4083243,11816608,137183,6245,34,100,torch.float32,1f7c14ad5e7d7457222d5254d3d8d0a695d97954
M3-V-CORE,ddc73797-765b-241a-9e2c-097c5989baf6,scene0449_00-scene0449_04-scene0449_05-scene0449_03-scene0449_01,canonical,4,model_update,0,4d58f4d2dddffc55b9a230fec94cb3c59043dcfe601def6acb5c3ef53e144086,1580.437681,559363072,1938162688,1378799616,6232735744,62616,427200,2857343,8157088,95061,4586,36,100,torch.float32,1f7c14ad5e7d7457222d5254d3d8d0a695d97954
M3-V-CORE,ddc73797-765b-241a-9e2c-097c5989baf6,scene0449_00-scene0449_04-scene0449_05-scene0449_03-scene0449_01,canonical,4,model_update,1,4d58f4d2dddffc55b9a230fec94cb3c59043dcfe601def6acb5c3ef53e144086,1613.835234,559363072,1938168832,1378805760,6232735744,62616,427200,2857343,8157088,95061,4586,36,100,torch.float32,1f7c14ad5e7d7457222d5254d3d8d0a695d97954
M3-V-CORE,ddc73797-765b-241a-9e2c-097c5989baf6,scene0449_00-scene0449_04-scene0449_05-scene0449_03-scene0449_01,canonical,4,model_update,2,4d58f4d2dddffc55b9a230fec94cb3c59043dcfe601def6acb5c3ef53e144086,1727.980287,559363072,1938152960,1378789888,6232735744,62616,427200,2857343,8157088,95061,4586,36,100,torch.float32,1f7c14ad5e7d7457222d5254d3d8d0a695d97954
M3-V-CORE,ddc73797-765b-241a-9e2c-097c5989baf6,scene0449_00-scene0449_04-scene0449_05-scene0449_03-scene0449_01,canonical,4,model_update,3,4d58f4d2dddffc55b9a230fec94cb3c59043dcfe601def6acb5c3ef53e144086,1373.71308,559363072,1938161664,1378798592,6232735744,62616,427200,2857343,8157088,95061,4586,36,100,torch.float32,1f7c14ad5e7d7457222d5254d3d8d0a695d97954
M3-V-CORE,ddc73797-765b-241a-9e2c-097c5989baf6,scene0449_00-scene0449_04-scene0449_05-scene0449_03-scene0449_01,canonical,4,model_update,4,4d58f4d2dddffc55b9a230fec94cb3c59043dcfe601def6acb5c3ef53e144086,1441.777543,559363072,1938154496,1378791424,6232735744,62616,427200,2857343,8157088,95061,4586,36,100,torch.float32,1f7c14ad5e7d7457222d5254d3d8d0a695d97954
M3-V-CORE,ddc73797-765b-241a-9e2c-097c5989baf6,scene0449_00-scene0449_04-scene0449_05-scene0449_03-scene0449_01,canonical,4,model_update,5,4d58f4d2dddffc55b9a230fec94cb3c59043dcfe601def6acb5c3ef53e144086,1717.739562,559363072,1938170880,1378807808,6232735744,62616,427200,2857343,8157088,95061,4586,36,100,torch.float32,1f7c14ad5e7d7457222d5254d3d8d0a695d97954
M3-V-CORE,ddc73797-765b-241a-9e2c-097c5989baf6,scene0449_00-scene0449_04-scene0449_05-scene0449_03-scene0449_01,canonical,4,model_update,6,4d58f4d2dddffc55b9a230fec94cb3c59043dcfe601def6acb5c3ef53e144086,1624.66312,559363072,1938170880,1378807808,6232735744,62616,427200,2857343,8157088,95061,4586,36,100,torch.float32,1f7c14ad5e7d7457222d5254d3d8d0a695d97954
M3-V-CORE,ddc73797-765b-241a-9e2c-097c5989baf6,scene0449_00-scene0449_04-scene0449_05-scene0449_03-scene0449_01,canonical,4,model_update,7,4d58f4d2dddffc55b9a230fec94cb3c59043dcfe601def6acb5c3ef53e144086,1483.522506,559363072,1938167808,1378804736,6232735744,62616,427200,2857343,8157088,95061,4586,36,100,torch.float32,1f7c14ad5e7d7457222d5254d3d8d0a695d97954
M3-V-CORE,ddc73797-765b-241a-9e2c-097c5989baf6,scene0449_00-scene0449_04-scene0449_05-scene0449_03-scene0449_01,canonical,4,model_update,8,4d58f4d2dddffc55b9a230fec94cb3c59043dcfe601def6acb5c3ef53e144086,1559.528354,559363072,1938167808,1378804736,6232735744,62616,427200,2857343,8157088,95061,4586,36,100,torch.float32,1f7c14ad5e7d7457222d5254d3d8d0a695d97954
M3-V-CORE,ddc73797-765b-241a-9e2c-097c5989baf6,scene0449_00-scene0449_04-scene0449_05-scene0449_03-scene0449_01,canonical,4,model_update,9,4d58f4d2dddffc55b9a230fec94cb3c59043dcfe601def6acb5c3ef53e144086,1551.197515,559363072,1938166784,1378803712,6232735744,62616,427200,2857343,8157088,95061,4586,36,100,torch.float32,1f7c14ad5e7d7457222d5254d3d8d0a695d97954
M3-V-CORE,ddc73797-765b-241a-9e2c-097c5989baf6,scene0449_00-scene0449_04-scene0449_05-scene0449_03-scene0449_01,canonical,4,end_to_end_update,0,4d58f4d2dddffc55b9a230fec94cb3c59043dcfe601def6acb5c3ef53e144086,1878.000139,559363072,1938167808,1378804736,6232735744,62616,427200,2857343,8157088,95061,4586,36,100,torch.float32,1f7c14ad5e7d7457222d5254d3d8d0a695d97954
M3-V-CORE,ddc73797-765b-241a-9e2c-097c5989baf6,scene0449_00-scene0449_04-scene0449_05-scene0449_03-scene0449_01,canonical,4,end_to_end_update,1,4d58f4d2dddffc55b9a230fec94cb3c59043dcfe601def6acb5c3ef53e144086,1841.938153,559363072,1938150400,1378787328,6232735744,62616,427200,2857343,8157088,95061,4586,36,100,torch.float32,1f7c14ad5e7d7457222d5254d3d8d0a695d97954
M3-V-CORE,ddc73797-765b-241a-9e2c-097c5989baf6,scene0449_00-scene0449_04-scene0449_05-scene0449_03-scene0449_01,canonical,4,end_to_end_update,2,4d58f4d2dddffc55b9a230fec94cb3c59043dcfe601def6acb5c3ef53e144086,1759.117506,559363072,1938181632,1378818560,6232735744,62616,427200,2857343,8157088,95061,4586,36,100,torch.float32,1f7c14ad5e7d7457222d5254d3d8d0a695d97954
M3-V-CORE,ddc73797-765b-241a-9e2c-097c5989baf6,scene0449_00-scene0449_04-scene0449_05-scene0449_03-scene0449_01,canonical,4,end_to_end_update,3,4d58f4d2dddffc55b9a230fec94cb3c59043dcfe601def6acb5c3ef53e144086,1997.758342,559363072,1938166272,1378803200,6232735744,62616,427200,2857343,8157088,95061,4586,36,100,torch.float32,1f7c14ad5e7d7457222d5254d3d8d0a695d97954
M3-V-CORE,ddc73797-765b-241a-9e2c-097c5989baf6,scene0449_00-scene0449_04-scene0449_05-scene0449_03-scene0449_01,canonical,4,end_to_end_update,4,4d58f4d2dddffc55b9a230fec94cb3c59043dcfe601def6acb5c3ef53e144086,1855.833907,559363072,1938169856,1378806784,6232735744,62616,427200,2857343,8157088,95061,4586,36,100,torch.float32,1f7c14ad5e7d7457222d5254d3d8d0a695d97954
M3-V-CORE,ddc73797-765b-241a-9e2c-097c5989baf6,scene0449_00-scene0449_04-scene0449_05-scene0449_03-scene0449_01,canonical,4,end_to_end_update,5,4d58f4d2dddffc55b9a230fec94cb3c59043dcfe601def6acb5c3ef53e144086,1754.973872,559363072,1938165248,1378802176,6232735744,62616,427200,2857343,8157088,95061,4586,36,100,torch.float32,1f7c14ad5e7d7457222d5254d3d8d0a695d97954
M3-V-CORE,ddc73797-765b-241a-9e2c-097c5989baf6,scene0449_00-scene0449_04-scene0449_05-scene0449_03-scene0449_01,canonical,4,end_to_end_update,6,4d58f4d2dddffc55b9a230fec94cb3c59043dcfe601def6acb5c3ef53e144086,1853.284076,559363072,1938159616,1378796544,6232735744,62616,427200,2857343,8157088,95061,4586,36,100,torch.float32,1f7c14ad5e7d7457222d5254d3d8d0a695d97954
M3-V-CORE,ddc73797-765b-241a-9e2c-097c5989baf6,scene0449_00-scene0449_04-scene0449_05-scene0449_03-scene0449_01,canonical,4,end_to_end_update,7,4d58f4d2dddffc55b9a230fec94cb3c59043dcfe601def6acb5c3ef53e144086,2042.230481,559363072,1938154496,1378791424,6232735744,62616,427200,2857343,8157088,95061,4586,36,100,torch.float32,1f7c14ad5e7d7457222d5254d3d8d0a695d97954
M3-V-CORE,ddc73797-765b-241a-9e2c-097c5989baf6,scene0449_00-scene0449_04-scene0449_05-scene0449_03-scene0449_01,canonical,4,end_to_end_update,8,4d58f4d2dddffc55b9a230fec94cb3c59043dcfe601def6acb5c3ef53e144086,1876.73975,559363072,1938154496,1378791424,6232735744,62616,427200,2857343,8157088,95061,4586,36,100,torch.float32,1f7c14ad5e7d7457222d5254d3d8d0a695d97954
M3-V-CORE,ddc73797-765b-241a-9e2c-097c5989baf6,scene0449_00-scene0449_04-scene0449_05-scene0449_03-scene0449_01,canonical,4,end_to_end_update,9,4d58f4d2dddffc55b9a230fec94cb3c59043dcfe601def6acb5c3ef53e144086,1811.187618,559363072,1938165248,1378802176,6232735744,62616,427200,2857343,8157088,95061,4586,36,100,torch.float32,1f7c14ad5e7d7457222d5254d3d8d0a695d97954
M3-V-CORE,ddc73797-765b-241a-9e2c-097c5989baf6,scene0449_00-scene0449_04-scene0449_05-scene0449_03-scene0449_01,canonical,4,output_materialization,0,4d58f4d2dddffc55b9a230fec94cb3c59043dcfe601def6acb5c3ef53e144086,7.383309,559363072,592923648,33560576,6232735744,62616,427200,2857343,8157088,95061,4586,36,100,torch.float32,1f7c14ad5e7d7457222d5254d3d8d0a695d97954
M3-V-CORE,ddc73797-765b-241a-9e2c-097c5989baf6,scene0449_00-scene0449_04-scene0449_05-scene0449_03-scene0449_01,canonical,4,output_materialization,1,4d58f4d2dddffc55b9a230fec94cb3c59043dcfe601def6acb5c3ef53e144086,7.348895,559363072,592923648,33560576,6232735744,62616,427200,2857343,8157088,95061,4586,36,100,torch.float32,1f7c14ad5e7d7457222d5254d3d8d0a695d97954
M3-V-CORE,ddc73797-765b-241a-9e2c-097c5989baf6,scene0449_00-scene0449_04-scene0449_05-scene0449_03-scene0449_01,canonical,4,output_materialization,2,4d58f4d2dddffc55b9a230fec94cb3c59043dcfe601def6acb5c3ef53e144086,7.411496,559363072,592923648,33560576,6232735744,62616,427200,2857343,8157088,95061,4586,36,100,torch.float32,1f7c14ad5e7d7457222d5254d3d8d0a695d97954
M3-V-CORE,ddc73797-765b-241a-9e2c-097c5989baf6,scene0449_00-scene0449_04-scene0449_05-scene0449_03-scene0449_01,canonical,4,output_materialization,3,4d58f4d2dddffc55b9a230fec94cb3c59043dcfe601def6acb5c3ef53e144086,7.385613,559363072,592923648,33560576,6232735744,62616,427200,2857343,8157088,95061,4586,36,100,torch.float32,1f7c14ad5e7d7457222d5254d3d8d0a695d97954
M3-V-CORE,ddc73797-765b-241a-9e2c-097c5989baf6,scene0449_00-scene0449_04-scene0449_05-scene0449_03-scene0449_01,canonical,4,output_materialization,4,4d58f4d2dddffc55b9a230fec94cb3c59043dcfe601def6acb5c3ef53e144086,7.588614,559363072,592923648,33560576,6232735744,62616,427200,2857343,8157088,95061,4586,36,100,torch.float32,1f7c14ad5e7d7457222d5254d3d8d0a695d97954
M3-V-CORE,ddc73797-765b-241a-9e2c-097c5989baf6,scene0449_00-scene0449_04-scene0449_05-scene0449_03-scene0449_01,canonical,4,output_materialization,5,4d58f4d2dddffc55b9a230fec94cb3c59043dcfe601def6acb5c3ef53e144086,7.630367,559363072,592923648,33560576,6232735744,62616,427200,2857343,8157088,95061,4586,36,100,torch.float32,1f7c14ad5e7d7457222d5254d3d8d0a695d97954
M3-V-CORE,ddc73797-765b-241a-9e2c-097c5989baf6,scene0449_00-scene0449_04-scene0449_05-scene0449_03-scene0449_01,canonical,4,output_materialization,6,4d58f4d2dddffc55b9a230fec94cb3c59043dcfe601def6acb5c3ef53e144086,7.412464,559363072,592923648,33560576,6232735744,62616,427200,2857343,8157088,95061,4586,36,100,torch.float32,1f7c14ad5e7d7457222d5254d3d8d0a695d97954
M3-V-CORE,ddc73797-765b-241a-9e2c-097c5989baf6,scene0449_00-scene0449_04-scene0449_05-scene0449_03-scene0449_01,canonical,4,output_materialization,7,4d58f4d2dddffc55b9a230fec94cb3c59043dcfe601def6acb5c3ef53e144086,7.403979,559363072,592923648,33560576,6232735744,62616,427200,2857343,8157088,95061,4586,36,100,torch.float32,1f7c14ad5e7d7457222d5254d3d8d0a695d97954
M3-V-CORE,ddc73797-765b-241a-9e2c-097c5989baf6,scene0449_00-scene0449_04-scene0449_05-scene0449_03-scene0449_01,canonical,4,output_materialization,8,4d58f4d2dddffc55b9a230fec94cb3c59043dcfe601def6acb5c3ef53e144086,7.484419,559363072,592923648,33560576,6232735744,62616,427200,2857343,8157088,95061,4586,36,100,torch.float32,1f7c14ad5e7d7457222d5254d3d8d0a695d97954
M3-V-CORE,ddc73797-765b-241a-9e2c-097c5989baf6,scene0449_00-scene0449_04-scene0449_05-scene0449_03-scene0449_01,canonical,4,output_materialization,9,4d58f4d2dddffc55b9a230fec94cb3c59043dcfe601def6acb5c3ef53e144086,7.450864,559363072,592923648,33560576,6232735744,62616,427200,2857343,8157088,95061,4586,36,100,torch.float32,1f7c14ad5e7d7457222d5254d3d8d0a695d97954
M3-V-CORE,ddc73797-765b-241a-9e2c-097c5989baf6,scene0449_00-scene0449_04-scene0449_05-scene0449_03-scene0449_01,canonical,4,cumulative_T1_to_T,0,3f354f12741e8d8e7a579fafe8bbf3e7808a357d25486423ecd99639983796c8,10498.151311,559363072,2536596480,1977233408,6232735744,62616,427200,2857343,8157088,95061,4586,36,100,torch.float32,1f7c14ad5e7d7457222d5254d3d8d0a695d97954
M3-V-CORE,ddc73797-765b-241a-9e2c-097c5989baf6,scene0449_00-scene0449_04-scene0449_05-scene0449_03-scene0449_01,canonical,4,cumulative_T1_to_T,1,3f354f12741e8d8e7a579fafe8bbf3e7808a357d25486423ecd99639983796c8,11487.599412,559363072,2536615936,1977252864,6232735744,62616,427200,2857343,8157088,95061,4586,36,100,torch.float32,1f7c14ad5e7d7457222d5254d3d8d0a695d97954
M3-V-CORE,ddc73797-765b-241a-9e2c-097c5989baf6,scene0449_00-scene0449_04-scene0449_05-scene0449_03-scene0449_01,canonical,4,cumulative_T1_to_T,2,3f354f12741e8d8e7a579fafe8bbf3e7808a357d25486423ecd99639983796c8,12374.343723,559363072,2536570368,1977207296,6232735744,62616,427200,2857343,8157088,95061,4586,36,100,torch.float32,1f7c14ad5e7d7457222d5254d3d8d0a695d97954
M3-V-CORE,ddc73797-765b-241a-9e2c-097c5989baf6,scene0449_00-scene0449_04-scene0449_05-scene0449_03-scene0449_01,canonical,4,cumulative_T1_to_T,3,3f354f12741e8d8e7a579fafe8bbf3e7808a357d25486423ecd99639983796c8,11505.375912,559363072,2536596480,1977233408,6232735744,62616,427200,2857343,8157088,95061,4586,36,100,torch.float32,1f7c14ad5e7d7457222d5254d3d8d0a695d97954
M3-V-CORE,ddc73797-765b-241a-9e2c-097c5989baf6,scene0449_00-scene0449_04-scene0449_05-scene0449_03-scene0449_01,canonical,4,cumulative_T1_to_T,4,3f354f12741e8d8e7a579fafe8bbf3e7808a357d25486423ecd99639983796c8,11789.431263,559363072,2536592896,1977229824,6232735744,62616,427200,2857343,8157088,95061,4586,36,100,torch.float32,1f7c14ad5e7d7457222d5254d3d8d0a695d97954
M3-V-CORE,ddc73797-765b-241a-9e2c-097c5989baf6,scene0449_00-scene0449_04-scene0449_05-scene0449_03-scene0449_01,canonical,4,cumulative_T1_to_T,5,3f354f12741e8d8e7a579fafe8bbf3e7808a357d25486423ecd99639983796c8,12294.065838,559363072,2536592896,1977229824,6232735744,62616,427200,2857343,8157088,95061,4586,36,100,torch.float32,1f7c14ad5e7d7457222d5254d3d8d0a695d97954
M3-V-CORE,ddc73797-765b-241a-9e2c-097c5989baf6,scene0449_00-scene0449_04-scene0449_05-scene0449_03-scene0449_01,canonical,4,cumulative_T1_to_T,6,3f354f12741e8d8e7a579fafe8bbf3e7808a357d25486423ecd99639983796c8,10874.665629,559363072,2536623104,1977260032,6232735744,62616,427200,2857343,8157088,95061,4586,36,100,torch.float32,1f7c14ad5e7d7457222d5254d3d8d0a695d97954
M3-V-CORE,ddc73797-765b-241a-9e2c-097c5989baf6,scene0449_00-scene0449_04-scene0449_05-scene0449_03-scene0449_01,canonical,4,cumulative_T1_to_T,7,3f354f12741e8d8e7a579fafe8bbf3e7808a357d25486423ecd99639983796c8,11907.464181,559363072,2536558592,1977195520,6232735744,62616,427200,2857343,8157088,95061,4586,36,100,torch.float32,1f7c14ad5e7d7457222d5254d3d8d0a695d97954
M3-V-CORE,ddc73797-765b-241a-9e2c-097c5989baf6,scene0449_00-scene0449_04-scene0449_05-scene0449_03-scene0449_01,canonical,4,cumulative_T1_to_T,8,3f354f12741e8d8e7a579fafe8bbf3e7808a357d25486423ecd99639983796c8,13335.62688,559363072,2536589312,1977226240,6232735744,62616,427200,2857343,8157088,95061,4586,36,100,torch.float32,1f7c14ad5e7d7457222d5254d3d8d0a695d97954
M3-V-CORE,ddc73797-765b-241a-9e2c-097c5989baf6,scene0449_00-scene0449_04-scene0449_05-scene0449_03-scene0449_01,canonical,4,cumulative_T1_to_T,9,3f354f12741e8d8e7a579fafe8bbf3e7808a357d25486423ecd99639983796c8,10603.687919,559363072,2536679936,1977316864,6232735744,62616,427200,2857343,8157088,95061,4586,36,100,torch.float32,1f7c14ad5e7d7457222d5254d3d8d0a695d97954
M3-V-CORE,ddc73797-765b-241a-9e2c-097c5989baf6,scene0449_00-scene0449_04-scene0449_05-scene0449_03-scene0449_01,canonical,5,model_update,0,4f98b0d7bae778c8e2942c91304845ddff5b89dc44a93887650b1530abbae361,1303.069074,559363072,1157087232,597724160,6232735744,62616,427200,1438866,4116576,43818,3155,40,100,torch.float32,1f7c14ad5e7d7457222d5254d3d8d0a695d97954
M3-V-CORE,ddc73797-765b-241a-9e2c-097c5989baf6,scene0449_00-scene0449_04-scene0449_05-scene0449_03-scene0449_01,canonical,5,model_update,1,4f98b0d7bae778c8e2942c91304845ddff5b89dc44a93887650b1530abbae361,1915.769811,559363072,1157040128,597677056,6232735744,62616,427200,1438866,4116576,43818,3155,40,100,torch.float32,1f7c14ad5e7d7457222d5254d3d8d0a695d97954
M3-V-CORE,ddc73797-765b-241a-9e2c-097c5989baf6,scene0449_00-scene0449_04-scene0449_05-scene0449_03-scene0449_01,canonical,5,model_update,2,4f98b0d7bae778c8e2942c91304845ddff5b89dc44a93887650b1530abbae361,1816.378567,559363072,1157042688,597679616,6232735744,62616,427200,1438866,4116576,43818,3155,40,100,torch.float32,1f7c14ad5e7d7457222d5254d3d8d0a695d97954
M3-V-CORE,ddc73797-765b-241a-9e2c-097c5989baf6,scene0449_00-scene0449_04-scene0449_05-scene0449_03-scene0449_01,canonical,5,model_update,3,4f98b0d7bae778c8e2942c91304845ddff5b89dc44a93887650b1530abbae361,1716.207711,559363072,1157052928,597689856,6232735744,62616,427200,1438866,4116576,43818,3155,40,100,torch.float32,1f7c14ad5e7d7457222d5254d3d8d0a695d97954
M3-V-CORE,ddc73797-765b-241a-9e2c-097c5989baf6,scene0449_00-scene0449_04-scene0449_05-scene0449_03-scene0449_01,canonical,5,model_update,4,4f98b0d7bae778c8e2942c91304845ddff5b89dc44a93887650b1530abbae361,1245.712563,559363072,1157027328,597664256,6232735744,62616,427200,1438866,4116576,43818,3155,40,100,torch.float32,1f7c14ad5e7d7457222d5254d3d8d0a695d97954
M3-V-CORE,ddc73797-765b-241a-9e2c-097c5989baf6,scene0449_00-scene0449_04-scene0449_05-scene0449_03-scene0449_01,canonical,5,model_update,5,4f98b0d7bae778c8e2942c91304845ddff5b89dc44a93887650b1530abbae361,1222.873757,559363072,1157019648,597656576,6232735744,62616,427200,1438866,4116576,43818,3155,40,100,torch.float32,1f7c14ad5e7d7457222d5254d3d8d0a695d97954
M3-V-CORE,ddc73797-765b-241a-9e2c-097c5989baf6,scene0449_00-scene0449_04-scene0449_05-scene0449_03-scene0449_01,canonical,5,model_update,6,4f98b0d7bae778c8e2942c91304845ddff5b89dc44a93887650b1530abbae361,1161.769136,559363072,1157063168,597700096,6232735744,62616,427200,1438866,4116576,43818,3155,40,100,torch.float32,1f7c14ad5e7d7457222d5254d3d8d0a695d97954
M3-V-CORE,ddc73797-765b-241a-9e2c-097c5989baf6,scene0449_00-scene0449_04-scene0449_05-scene0449_03-scene0449_01,canonical,5,model_update,7,4f98b0d7bae778c8e2942c91304845ddff5b89dc44a93887650b1530abbae361,1293.945213,559363072,1157052928,597689856,6232735744,62616,427200,1438866,4116576,43818,3155,40,100,torch.float32,1f7c14ad5e7d7457222d5254d3d8d0a695d97954
M3-V-CORE,ddc73797-765b-241a-9e2c-097c5989baf6,scene0449_00-scene0449_04-scene0449_05-scene0449_03-scene0449_01,canonical,5,model_update,8,4f98b0d7bae778c8e2942c91304845ddff5b89dc44a93887650b1530abbae361,1045.821507,559363072,1157042688,597679616,6232735744,62616,427200,1438866,4116576,43818,3155,40,100,torch.float32,1f7c14ad5e7d7457222d5254d3d8d0a695d97954
M3-V-CORE,ddc73797-765b-241a-9e2c-097c5989baf6,scene0449_00-scene0449_04-scene0449_05-scene0449_03-scene0449_01,canonical,5,model_update,9,4f98b0d7bae778c8e2942c91304845ddff5b89dc44a93887650b1530abbae361,1281.331581,559363072,1157037568,597674496,6232735744,62616,427200,1438866,4116576,43818,3155,40,100,torch.float32,1f7c14ad5e7d7457222d5254d3d8d0a695d97954
M3-V-CORE,ddc73797-765b-241a-9e2c-097c5989baf6,scene0449_00-scene0449_04-scene0449_05-scene0449_03-scene0449_01,canonical,5,end_to_end_update,0,4f98b0d7bae778c8e2942c91304845ddff5b89dc44a93887650b1530abbae361,1269.738502,559363072,1157052928,597689856,6232735744,62616,427200,1438866,4116576,43818,3155,40,100,torch.float32,1f7c14ad5e7d7457222d5254d3d8d0a695d97954
M3-V-CORE,ddc73797-765b-241a-9e2c-097c5989baf6,scene0449_00-scene0449_04-scene0449_05-scene0449_03-scene0449_01,canonical,5,end_to_end_update,1,4f98b0d7bae778c8e2942c91304845ddff5b89dc44a93887650b1530abbae361,1417.091236,559363072,1157011968,597648896,6232735744,62616,427200,1438866,4116576,43818,3155,40,100,torch.float32,1f7c14ad5e7d7457222d5254d3d8d0a695d97954
M3-V-CORE,ddc73797-765b-241a-9e2c-097c5989baf6,scene0449_00-scene0449_04-scene0449_05-scene0449_03-scene0449_01,canonical,5,end_to_end_update,2,4f98b0d7bae778c8e2942c91304845ddff5b89dc44a93887650b1530abbae361,1146.37423,559363072,1157032448,597669376,6232735744,62616,427200,1438866,4116576,43818,3155,40,100,torch.float32,1f7c14ad5e7d7457222d5254d3d8d0a695d97954
M3-V-CORE,ddc73797-765b-241a-9e2c-097c5989baf6,scene0449_00-scene0449_04-scene0449_05-scene0449_03-scene0449_01,canonical,5,end_to_end_update,3,4f98b0d7bae778c8e2942c91304845ddff5b89dc44a93887650b1530abbae361,1475.263545,559363072,1157037568,597674496,6232735744,62616,427200,1438866,4116576,43818,3155,40,100,torch.float32,1f7c14ad5e7d7457222d5254d3d8d0a695d97954
M3-V-CORE,ddc73797-765b-241a-9e2c-097c5989baf6,scene0449_00-scene0449_04-scene0449_05-scene0449_03-scene0449_01,canonical,5,end_to_end_update,4,4f98b0d7bae778c8e2942c91304845ddff5b89dc44a93887650b1530abbae361,1400.601159,559363072,1157055488,597692416,6232735744,62616,427200,1438866,4116576,43818,3155,40,100,torch.float32,1f7c14ad5e7d7457222d5254d3d8d0a695d97954
M3-V-CORE,ddc73797-765b-241a-9e2c-097c5989baf6,scene0449_00-scene0449_04-scene0449_05-scene0449_03-scene0449_01,canonical,5,end_to_end_update,5,4f98b0d7bae778c8e2942c91304845ddff5b89dc44a93887650b1530abbae361,1616.094539,559363072,1157055488,597692416,6232735744,62616,427200,1438866,4116576,43818,3155,40,100,torch.float32,1f7c14ad5e7d7457222d5254d3d8d0a695d97954
M3-V-CORE,ddc73797-765b-241a-9e2c-097c5989baf6,scene0449_00-scene0449_04-scene0449_05-scene0449_03-scene0449_01,canonical,5,end_to_end_update,6,4f98b0d7bae778c8e2942c91304845ddff5b89dc44a93887650b1530abbae361,1282.496997,559363072,1157042688,597679616,6232735744,62616,427200,1438866,4116576,43818,3155,40,100,torch.float32,1f7c14ad5e7d7457222d5254d3d8d0a695d97954
M3-V-CORE,ddc73797-765b-241a-9e2c-097c5989baf6,scene0449_00-scene0449_04-scene0449_05-scene0449_03-scene0449_01,canonical,5,end_to_end_update,7,4f98b0d7bae778c8e2942c91304845ddff5b89dc44a93887650b1530abbae361,1486.861163,559363072,1157050368,597687296,6232735744,62616,427200,1438866,4116576,43818,3155,40,100,torch.float32,1f7c14ad5e7d7457222d5254d3d8d0a695d97954
M3-V-CORE,ddc73797-765b-241a-9e2c-097c5989baf6,scene0449_00-scene0449_04-scene0449_05-scene0449_03-scene0449_01,canonical,5,end_to_end_update,8,4f98b0d7bae778c8e2942c91304845ddff5b89dc44a93887650b1530abbae361,1204.461953,559363072,1157068288,597705216,6232735744,62616,427200,1438866,4116576,43818,3155,40,100,torch.float32,1f7c14ad5e7d7457222d5254d3d8d0a695d97954
M3-V-CORE,ddc73797-765b-241a-9e2c-097c5989baf6,scene0449_00-scene0449_04-scene0449_05-scene0449_03-scene0449_01,canonical,5,end_to_end_update,9,4f98b0d7bae778c8e2942c91304845ddff5b89dc44a93887650b1530abbae361,1528.879758,559363072,1157082112,597719040,6232735744,62616,427200,1438866,4116576,43818,3155,40,100,torch.float32,1f7c14ad5e7d7457222d5254d3d8d0a695d97954
M3-V-CORE,ddc73797-765b-241a-9e2c-097c5989baf6,scene0449_00-scene0449_04-scene0449_05-scene0449_03-scene0449_01,canonical,5,output_materialization,0,4f98b0d7bae778c8e2942c91304845ddff5b89dc44a93887650b1530abbae361,3.412955,559363072,592923648,33560576,6232735744,62616,427200,1438866,4116576,43818,3155,40,100,torch.float32,1f7c14ad5e7d7457222d5254d3d8d0a695d97954
M3-V-CORE,ddc73797-765b-241a-9e2c-097c5989baf6,scene0449_00-scene0449_04-scene0449_05-scene0449_03-scene0449_01,canonical,5,output_materialization,1,4f98b0d7bae778c8e2942c91304845ddff5b89dc44a93887650b1530abbae361,3.394222,559363072,592923648,33560576,6232735744,62616,427200,1438866,4116576,43818,3155,40,100,torch.float32,1f7c14ad5e7d7457222d5254d3d8d0a695d97954
M3-V-CORE,ddc73797-765b-241a-9e2c-097c5989baf6,scene0449_00-scene0449_04-scene0449_05-scene0449_03-scene0449_01,canonical,5,output_materialization,2,4f98b0d7bae778c8e2942c91304845ddff5b89dc44a93887650b1530abbae361,3.419029,559363072,592923648,33560576,6232735744,62616,427200,1438866,4116576,43818,3155,40,100,torch.float32,1f7c14ad5e7d7457222d5254d3d8d0a695d97954
M3-V-CORE,ddc73797-765b-241a-9e2c-097c5989baf6,scene0449_00-scene0449_04-scene0449_05-scene0449_03-scene0449_01,canonical,5,output_materialization,3,4f98b0d7bae778c8e2942c91304845ddff5b89dc44a93887650b1530abbae361,3.49934,559363072,592923648,33560576,6232735744,62616,427200,1438866,4116576,43818,3155,40,100,torch.float32,1f7c14ad5e7d7457222d5254d3d8d0a695d97954
M3-V-CORE,ddc73797-765b-241a-9e2c-097c5989baf6,scene0449_00-scene0449_04-scene0449_05-scene0449_03-scene0449_01,canonical,5,output_materialization,4,4f98b0d7bae778c8e2942c91304845ddff5b89dc44a93887650b1530abbae361,3.541604,559363072,592923648,33560576,6232735744,62616,427200,1438866,4116576,43818,3155,40,100,torch.float32,1f7c14ad5e7d7457222d5254d3d8d0a695d97954
M3-V-CORE,ddc73797-765b-241a-9e2c-097c5989baf6,scene0449_00-scene0449_04-scene0449_05-scene0449_03-scene0449_01,canonical,5,output_materialization,5,4f98b0d7bae778c8e2942c91304845ddff5b89dc44a93887650b1530abbae361,3.414015,559363072,592923648,33560576,6232735744,62616,427200,1438866,4116576,43818,3155,40,100,torch.float32,1f7c14ad5e7d7457222d5254d3d8d0a695d97954
M3-V-CORE,ddc73797-765b-241a-9e2c-097c5989baf6,scene0449_00-scene0449_04-scene0449_05-scene0449_03-scene0449_01,canonical,5,output_materialization,6,4f98b0d7bae778c8e2942c91304845ddff5b89dc44a93887650b1530abbae361,3.404646,559363072,592923648,33560576,6232735744,62616,427200,1438866,4116576,43818,3155,40,100,torch.float32,1f7c14ad5e7d7457222d5254d3d8d0a695d97954
M3-V-CORE,ddc73797-765b-241a-9e2c-097c5989baf6,scene0449_00-scene0449_04-scene0449_05-scene0449_03-scene0449_01,canonical,5,output_materialization,7,4f98b0d7bae778c8e2942c91304845ddff5b89dc44a93887650b1530abbae361,3.376317,559363072,592923648,33560576,6232735744,62616,427200,1438866,4116576,43818,3155,40,100,torch.float32,1f7c14ad5e7d7457222d5254d3d8d0a695d97954
M3-V-CORE,ddc73797-765b-241a-9e2c-097c5989baf6,scene0449_00-scene0449_04-scene0449_05-scene0449_03-scene0449_01,canonical,5,output_materialization,8,4f98b0d7bae778c8e2942c91304845ddff5b89dc44a93887650b1530abbae361,3.386009,559363072,592923648,33560576,6232735744,62616,427200,1438866,4116576,43818,3155,40,100,torch.float32,1f7c14ad5e7d7457222d5254d3d8d0a695d97954
M3-V-CORE,ddc73797-765b-241a-9e2c-097c5989baf6,scene0449_00-scene0449_04-scene0449_05-scene0449_03-scene0449_01,canonical,5,output_materialization,9,4f98b0d7bae778c8e2942c91304845ddff5b89dc44a93887650b1530abbae361,4.603332,559363072,592923648,33560576,6232735744,62616,427200,1438866,4116576,43818,3155,40,100,torch.float32,1f7c14ad5e7d7457222d5254d3d8d0a695d97954
M3-V-CORE,ddc73797-765b-241a-9e2c-097c5989baf6,scene0449_00-scene0449_04-scene0449_05-scene0449_03-scene0449_01,canonical,5,cumulative_T1_to_T,0,3f354f12741e8d8e7a579fafe8bbf3e7808a357d25486423ecd99639983796c8,12385.48962,559363072,2536649216,1977286144,6232735744,62616,427200,1438866,4116576,43818,3155,40,100,torch.float32,1f7c14ad5e7d7457222d5254d3d8d0a695d97954
M3-V-CORE,ddc73797-765b-241a-9e2c-097c5989baf6,scene0449_00-scene0449_04-scene0449_05-scene0449_03-scene0449_01,canonical,5,cumulative_T1_to_T,1,3f354f12741e8d8e7a579fafe8bbf3e7808a357d25486423ecd99639983796c8,12142.769105,559363072,2536574464,1977211392,6232735744,62616,427200,1438866,4116576,43818,3155,40,100,torch.float32,1f7c14ad5e7d7457222d5254d3d8d0a695d97954
M3-V-CORE,ddc73797-765b-241a-9e2c-097c5989baf6,scene0449_00-scene0449_04-scene0449_05-scene0449_03-scene0449_01,canonical,5,cumulative_T1_to_T,2,3f354f12741e8d8e7a579fafe8bbf3e7808a357d25486423ecd99639983796c8,12576.729494,559363072,2536600576,1977237504,6232735744,62616,427200,1438866,4116576,43818,3155,40,100,torch.float32,1f7c14ad5e7d7457222d5254d3d8d0a695d97954
M3-V-CORE,ddc73797-765b-241a-9e2c-097c5989baf6,scene0449_00-scene0449_04-scene0449_05-scene0449_03-scene0449_01,canonical,5,cumulative_T1_to_T,3,3f354f12741e8d8e7a579fafe8bbf3e7808a357d25486423ecd99639983796c8,14637.048398,559363072,2536637952,1977274880,6232735744,62616,427200,1438866,4116576,43818,3155,40,100,torch.float32,1f7c14ad5e7d7457222d5254d3d8d0a695d97954
M3-V-CORE,ddc73797-765b-241a-9e2c-097c5989baf6,scene0449_00-scene0449_04-scene0449_05-scene0449_03-scene0449_01,canonical,5,cumulative_T1_to_T,4,3f354f12741e8d8e7a579fafe8bbf3e7808a357d25486423ecd99639983796c8,12818.882845,559363072,2536623104,1977260032,6232735744,62616,427200,1438866,4116576,43818,3155,40,100,torch.float32,1f7c14ad5e7d7457222d5254d3d8d0a695d97954
M3-V-CORE,ddc73797-765b-241a-9e2c-097c5989baf6,scene0449_00-scene0449_04-scene0449_05-scene0449_03-scene0449_01,canonical,5,cumulative_T1_to_T,5,3f354f12741e8d8e7a579fafe8bbf3e7808a357d25486423ecd99639983796c8,12144.566934,559363072,2536623104,1977260032,6232735744,62616,427200,1438866,4116576,43818,3155,40,100,torch.float32,1f7c14ad5e7d7457222d5254d3d8d0a695d97954
M3-V-CORE,ddc73797-765b-241a-9e2c-097c5989baf6,scene0449_00-scene0449_04-scene0449_05-scene0449_03-scene0449_01,canonical,5,cumulative_T1_to_T,6,3f354f12741e8d8e7a579fafe8bbf3e7808a357d25486423ecd99639983796c8,12066.667421,559363072,2536569856,1977206784,6232735744,62616,427200,1438866,4116576,43818,3155,40,100,torch.float32,1f7c14ad5e7d7457222d5254d3d8d0a695d97954
M3-V-CORE,ddc73797-765b-241a-9e2c-097c5989baf6,scene0449_00-scene0449_04-scene0449_05-scene0449_03-scene0449_01,canonical,5,cumulative_T1_to_T,7,3f354f12741e8d8e7a579fafe8bbf3e7808a357d25486423ecd99639983796c8,12539.640466,559363072,2536619520,1977256448,6232735744,62616,427200,1438866,4116576,43818,3155,40,100,torch.float32,1f7c14ad5e7d7457222d5254d3d8d0a695d97954
M3-V-CORE,ddc73797-765b-241a-9e2c-097c5989baf6,scene0449_00-scene0449_04-scene0449_05-scene0449_03-scene0449_01,canonical,5,cumulative_T1_to_T,8,3f354f12741e8d8e7a579fafe8bbf3e7808a357d25486423ecd99639983796c8,11987.928997,559363072,2536634368,1977271296,6232735744,62616,427200,1438866,4116576,43818,3155,40,100,torch.float32,1f7c14ad5e7d7457222d5254d3d8d0a695d97954
M3-V-CORE,ddc73797-765b-241a-9e2c-097c5989baf6,scene0449_00-scene0449_04-scene0449_05-scene0449_03-scene0449_01,canonical,5,cumulative_T1_to_T,9,3f354f12741e8d8e7a579fafe8bbf3e7808a357d25486423ecd99639983796c8,12375.740294,559363072,2536634368,1977271296,6232735744,62616,427200,1438866,4116576,43818,3155,40,100,torch.float32,1f7c14ad5e7d7457222d5254d3d8d0a695d97954
FH-CONT,10b17940-3938-2467-8a7a-958300ba83d3,scene0069_00-scene0069_02-scene0069_04-scene0069_03-scene0069_01,canonical,2,model_update,0,0000000000000000000000000000000000000000000000000000000000000000,447.936513,593637376,1515476992,921839616,5282725888,0,0,1798826,5182816,65164,1953,0,100,torch.float32,1f7c14ad5e7d7457222d5254d3d8d0a695d97954
FH-CONT,10b17940-3938-2467-8a7a-958300ba83d3,scene0069_00-scene0069_02-scene0069_04-scene0069_03-scene0069_01,canonical,2,model_update,1,0000000000000000000000000000000000000000000000000000000000000000,447.330196,593637376,1515492352,921854976,5282725888,0,0,1798826,5182816,65164,1953,0,100,torch.float32,1f7c14ad5e7d7457222d5254d3d8d0a695d97954
FH-CONT,10b17940-3938-2467-8a7a-958300ba83d3,scene0069_00-scene0069_02-scene0069_04-scene0069_03-scene0069_01,canonical,2,model_update,2,0000000000000000000000000000000000000000000000000000000000000000,451.025343,593637376,1515500032,921862656,5282725888,0,0,1798826,5182816,65164,1953,0,100,torch.float32,1f7c14ad5e7d7457222d5254d3d8d0a695d97954
FH-CONT,10b17940-3938-2467-8a7a-958300ba83d3,scene0069_00-scene0069_02-scene0069_04-scene0069_03-scene0069_01,canonical,2,model_update,3,0000000000000000000000000000000000000000000000000000000000000000,447.761094,593637376,1515484672,921847296,5282725888,0,0,1798826,5182816,65164,1953,0,100,torch.float32,1f7c14ad5e7d7457222d5254d3d8d0a695d97954
FH-CONT,10b17940-3938-2467-8a7a-958300ba83d3,scene0069_00-scene0069_02-scene0069_04-scene0069_03-scene0069_01,canonical,2,model_update,4,0000000000000000000000000000000000000000000000000000000000000000,450.457157,593637376,1515452416,921815040,5282725888,0,0,1798826,5182816,65164,1953,0,100,torch.float32,1f7c14ad5e7d7457222d5254d3d8d0a695d97954
FH-CONT,10b17940-3938-2467-8a7a-958300ba83d3,scene0069_00-scene0069_02-scene0069_04-scene0069_03-scene0069_01,canonical,2,model_update,5,0000000000000000000000000000000000000000000000000000000000000000,448.225703,593637376,1515501056,921863680,5282725888,0,0,1798826,5182816,65164,1953,0,100,torch.float32,1f7c14ad5e7d7457222d5254d3d8d0a695d97954
FH-CONT,10b17940-3938-2467-8a7a-958300ba83d3,scene0069_00-scene0069_02-scene0069_04-scene0069_03-scene0069_01,canonical,2,model_update,6,0000000000000000000000000000000000000000000000000000000000000000,446.106915,593637376,1515548672,921911296,5282725888,0,0,1798826,5182816,65164,1953,0,100,torch.float32,1f7c14ad5e7d7457222d5254d3d8d0a695d97954
FH-CONT,10b17940-3938-2467-8a7a-958300ba83d3,scene0069_00-scene0069_02-scene0069_04-scene0069_03-scene0069_01,canonical,2,model_update,7,0000000000000000000000000000000000000000000000000000000000000000,448.659291,593637376,1515501056,921863680,5282725888,0,0,1798826,5182816,65164,1953,0,100,torch.float32,1f7c14ad5e7d7457222d5254d3d8d0a695d97954
FH-CONT,10b17940-3938-2467-8a7a-958300ba83d3,scene0069_00-scene0069_02-scene0069_04-scene0069_03-scene0069_01,canonical,2,model_update,8,0000000000000000000000000000000000000000000000000000000000000000,447.282324,593637376,1515476992,921839616,5282725888,0,0,1798826,5182816,65164,1953,0,100,torch.float32,1f7c14ad5e7d7457222d5254d3d8d0a695d97954
FH-CONT,10b17940-3938-2467-8a7a-958300ba83d3,scene0069_00-scene0069_02-scene0069_04-scene0069_03-scene0069_01,canonical,2,model_update,9,0000000000000000000000000000000000000000000000000000000000000000,447.70062,593637376,1515524096,921886720,5282725888,0,0,1798826,5182816,65164,1953,0,100,torch.float32,1f7c14ad5e7d7457222d5254d3d8d0a695d97954
FH-CONT,10b17940-3938-2467-8a7a-958300ba83d3,scene0069_00-scene0069_02-scene0069_04-scene0069_03-scene0069_01,canonical,2,end_to_end_update,0,0000000000000000000000000000000000000000000000000000000000000000,610.054378,593637376,1515412992,921775616,5282725888,0,0,1798826,5182816,65164,1953,0,100,torch.float32,1f7c14ad5e7d7457222d5254d3d8d0a695d97954
FH-CONT,10b17940-3938-2467-8a7a-958300ba83d3,scene0069_00-scene0069_02-scene0069_04-scene0069_03-scene0069_01,canonical,2,end_to_end_update,1,0000000000000000000000000000000000000000000000000000000000000000,609.463204,593637376,1515467776,921830400,5282725888,0,0,1798826,5182816,65164,1953,0,100,torch.float32,1f7c14ad5e7d7457222d5254d3d8d0a695d97954
FH-CONT,10b17940-3938-2467-8a7a-958300ba83d3,scene0069_00-scene0069_02-scene0069_04-scene0069_03-scene0069_01,canonical,2,end_to_end_update,2,0000000000000000000000000000000000000000000000000000000000000000,608.637649,593637376,1515452416,921815040,5282725888,0,0,1798826,5182816,65164,1953,0,100,torch.float32,1f7c14ad5e7d7457222d5254d3d8d0a695d97954
FH-CONT,10b17940-3938-2467-8a7a-958300ba83d3,scene0069_00-scene0069_02-scene0069_04-scene0069_03-scene0069_01,canonical,2,end_to_end_update,3,0000000000000000000000000000000000000000000000000000000000000000,609.063123,593637376,1515492352,921854976,5282725888,0,0,1798826,5182816,65164,1953,0,100,torch.float32,1f7c14ad5e7d7457222d5254d3d8d0a695d97954
FH-CONT,10b17940-3938-2467-8a7a-958300ba83d3,scene0069_00-scene0069_02-scene0069_04-scene0069_03-scene0069_01,canonical,2,end_to_end_update,4,0000000000000000000000000000000000000000000000000000000000000000,607.459333,593637376,1515548672,921911296,5282725888,0,0,1798826,5182816,65164,1953,0,100,torch.float32,1f7c14ad5e7d7457222d5254d3d8d0a695d97954
FH-CONT,10b17940-3938-2467-8a7a-958300ba83d3,scene0069_00-scene0069_02-scene0069_04-scene0069_03-scene0069_01,canonical,2,end_to_end_update,5,0000000000000000000000000000000000000000000000000000000000000000,625.099653,593637376,1515508736,921871360,5282725888,0,0,1798826,5182816,65164,1953,0,100,torch.float32,1f7c14ad5e7d7457222d5254d3d8d0a695d97954
FH-CONT,10b17940-3938-2467-8a7a-958300ba83d3,scene0069_00-scene0069_02-scene0069_04-scene0069_03-scene0069_01,canonical,2,end_to_end_update,6,0000000000000000000000000000000000000000000000000000000000000000,617.892938,593637376,1515532800,921895424,5282725888,0,0,1798826,5182816,65164,1953,0,100,torch.float32,1f7c14ad5e7d7457222d5254d3d8d0a695d97954
FH-CONT,10b17940-3938-2467-8a7a-958300ba83d3,scene0069_00-scene0069_02-scene0069_04-scene0069_03-scene0069_01,canonical,2,end_to_end_update,7,0000000000000000000000000000000000000000000000000000000000000000,624.932764,593637376,1515476992,921839616,5282725888,0,0,1798826,5182816,65164,1953,0,100,torch.float32,1f7c14ad5e7d7457222d5254d3d8d0a695d97954
FH-CONT,10b17940-3938-2467-8a7a-958300ba83d3,scene0069_00-scene0069_02-scene0069_04-scene0069_03-scene0069_01,canonical,2,end_to_end_update,8,0000000000000000000000000000000000000000000000000000000000000000,613.895303,593637376,1515508736,921871360,5282725888,0,0,1798826,5182816,65164,1953,0,100,torch.float32,1f7c14ad5e7d7457222d5254d3d8d0a695d97954
FH-CONT,10b17940-3938-2467-8a7a-958300ba83d3,scene0069_00-scene0069_02-scene0069_04-scene0069_03-scene0069_01,canonical,2,end_to_end_update,9,0000000000000000000000000000000000000000000000000000000000000000,613.743466,593637376,1515500032,921862656,5282725888,0,0,1798826,5182816,65164,1953,0,100,torch.float32,1f7c14ad5e7d7457222d5254d3d8d0a695d97954
FH-CONT,10b17940-3938-2467-8a7a-958300ba83d3,scene0069_00-scene0069_02-scene0069_04-scene0069_03-scene0069_01,canonical,2,output_materialization,0,0000000000000000000000000000000000000000000000000000000000000000,3.152886,593637376,593637376,0,5282725888,0,0,1798826,5182816,65164,1953,0,100,torch.float32,1f7c14ad5e7d7457222d5254d3d8d0a695d97954
FH-CONT,10b17940-3938-2467-8a7a-958300ba83d3,scene0069_00-scene0069_02-scene0069_04-scene0069_03-scene0069_01,canonical,2,output_materialization,1,0000000000000000000000000000000000000000000000000000000000000000,3.179013,593637376,593637376,0,5282725888,0,0,1798826,5182816,65164,1953,0,100,torch.float32,1f7c14ad5e7d7457222d5254d3d8d0a695d97954
FH-CONT,10b17940-3938-2467-8a7a-958300ba83d3,scene0069_00-scene0069_02-scene0069_04-scene0069_03-scene0069_01,canonical,2,output_materialization,2,0000000000000000000000000000000000000000000000000000000000000000,3.155683,593637376,593637376,0,5282725888,0,0,1798826,5182816,65164,1953,0,100,torch.float32,1f7c14ad5e7d7457222d5254d3d8d0a695d97954
FH-CONT,10b17940-3938-2467-8a7a-958300ba83d3,scene0069_00-scene0069_02-scene0069_04-scene0069_03-scene0069_01,canonical,2,output_materialization,3,0000000000000000000000000000000000000000000000000000000000000000,3.151064,593637376,593637376,0,5282725888,0,0,1798826,5182816,65164,1953,0,100,torch.float32,1f7c14ad5e7d7457222d5254d3d8d0a695d97954
FH-CONT,10b17940-3938-2467-8a7a-958300ba83d3,scene0069_00-scene0069_02-scene0069_04-scene0069_03-scene0069_01,canonical,2,output_materialization,4,0000000000000000000000000000000000000000000000000000000000000000,3.138666,593637376,593637376,0,5282725888,0,0,1798826,5182816,65164,1953,0,100,torch.float32,1f7c14ad5e7d7457222d5254d3d8d0a695d97954
FH-CONT,10b17940-3938-2467-8a7a-958300ba83d3,scene0069_00-scene0069_02-scene0069_04-scene0069_03-scene0069_01,canonical,2,output_materialization,5,0000000000000000000000000000000000000000000000000000000000000000,3.136553,593637376,593637376,0,5282725888,0,0,1798826,5182816,65164,1953,0,100,torch.float32,1f7c14ad5e7d7457222d5254d3d8d0a695d97954
FH-CONT,10b17940-3938-2467-8a7a-958300ba83d3,scene0069_00-scene0069_02-scene0069_04-scene0069_03-scene0069_01,canonical,2,output_materialization,6,0000000000000000000000000000000000000000000000000000000000000000,3.122896,593637376,593637376,0,5282725888,0,0,1798826,5182816,65164,1953,0,100,torch.float32,1f7c14ad5e7d7457222d5254d3d8d0a695d97954
FH-CONT,10b17940-3938-2467-8a7a-958300ba83d3,scene0069_00-scene0069_02-scene0069_04-scene0069_03-scene0069_01,canonical,2,output_materialization,7,0000000000000000000000000000000000000000000000000000000000000000,4.342262,593637376,593637376,0,5282725888,0,0,1798826,5182816,65164,1953,0,100,torch.float32,1f7c14ad5e7d7457222d5254d3d8d0a695d97954
FH-CONT,10b17940-3938-2467-8a7a-958300ba83d3,scene0069_00-scene0069_02-scene0069_04-scene0069_03-scene0069_01,canonical,2,output_materialization,8,0000000000000000000000000000000000000000000000000000000000000000,3.851207,593637376,593637376,0,5282725888,0,0,1798826,5182816,65164,1953,0,100,torch.float32,1f7c14ad5e7d7457222d5254d3d8d0a695d97954
FH-CONT,10b17940-3938-2467-8a7a-958300ba83d3,scene0069_00-scene0069_02-scene0069_04-scene0069_03-scene0069_01,canonical,2,output_materialization,9,0000000000000000000000000000000000000000000000000000000000000000,3.758302,593637376,593637376,0,5282725888,0,0,1798826,5182816,65164,1953,0,100,torch.float32,1f7c14ad5e7d7457222d5254d3d8d0a695d97954
FH-CONT,10b17940-3938-2467-8a7a-958300ba83d3,scene0069_00-scene0069_02-scene0069_04-scene0069_03-scene0069_01,canonical,2,cumulative_T1_to_T,0,0000000000000000000000000000000000000000000000000000000000000000,1059.833965,593637376,1515991040,922353664,5282725888,0,0,1798826,5182816,65164,1953,0,100,torch.float32,1f7c14ad5e7d7457222d5254d3d8d0a695d97954
FH-CONT,10b17940-3938-2467-8a7a-958300ba83d3,scene0069_00-scene0069_02-scene0069_04-scene0069_03-scene0069_01,canonical,2,cumulative_T1_to_T,1,0000000000000000000000000000000000000000000000000000000000000000,1055.625089,593637376,1515951104,922313728,5282725888,0,0,1798826,5182816,65164,1953,0,100,torch.float32,1f7c14ad5e7d7457222d5254d3d8d0a695d97954
FH-CONT,10b17940-3938-2467-8a7a-958300ba83d3,scene0069_00-scene0069_02-scene0069_04-scene0069_03-scene0069_01,canonical,2,cumulative_T1_to_T,2,0000000000000000000000000000000000000000000000000000000000000000,1063.956306,593637376,1516062720,922425344,5282725888,0,0,1798826,5182816,65164,1953,0,100,torch.float32,1f7c14ad5e7d7457222d5254d3d8d0a695d97954
FH-CONT,10b17940-3938-2467-8a7a-958300ba83d3,scene0069_00-scene0069_02-scene0069_04-scene0069_03-scene0069_01,canonical,2,cumulative_T1_to_T,3,0000000000000000000000000000000000000000000000000000000000000000,1061.886008,593637376,1515983360,922345984,5282725888,0,0,1798826,5182816,65164,1953,0,100,torch.float32,1f7c14ad5e7d7457222d5254d3d8d0a695d97954
FH-CONT,10b17940-3938-2467-8a7a-958300ba83d3,scene0069_00-scene0069_02-scene0069_04-scene0069_03-scene0069_01,canonical,2,cumulative_T1_to_T,4,0000000000000000000000000000000000000000000000000000000000000000,1085.269251,593637376,1516047360,922409984,5282725888,0,0,1798826,5182816,65164,1953,0,100,torch.float32,1f7c14ad5e7d7457222d5254d3d8d0a695d97954
FH-CONT,10b17940-3938-2467-8a7a-958300ba83d3,scene0069_00-scene0069_02-scene0069_04-scene0069_03-scene0069_01,canonical,2,cumulative_T1_to_T,5,0000000000000000000000000000000000000000000000000000000000000000,1053.269877,593637376,1515974144,922336768,5282725888,0,0,1798826,5182816,65164,1953,0,100,torch.float32,1f7c14ad5e7d7457222d5254d3d8d0a695d97954
FH-CONT,10b17940-3938-2467-8a7a-958300ba83d3,scene0069_00-scene0069_02-scene0069_04-scene0069_03-scene0069_01,canonical,2,cumulative_T1_to_T,6,0000000000000000000000000000000000000000000000000000000000000000,1054.58947,593637376,1516030464,922393088,5282725888,0,0,1798826,5182816,65164,1953,0,100,torch.float32,1f7c14ad5e7d7457222d5254d3d8d0a695d97954
FH-CONT,10b17940-3938-2467-8a7a-958300ba83d3,scene0069_00-scene0069_02-scene0069_04-scene0069_03-scene0069_01,canonical,2,cumulative_T1_to_T,7,0000000000000000000000000000000000000000000000000000000000000000,1073.794719,593637376,1516015104,922377728,5282725888,0,0,1798826,5182816,65164,1953,0,100,torch.float32,1f7c14ad5e7d7457222d5254d3d8d0a695d97954
FH-CONT,10b17940-3938-2467-8a7a-958300ba83d3,scene0069_00-scene0069_02-scene0069_04-scene0069_03-scene0069_01,canonical,2,cumulative_T1_to_T,8,0000000000000000000000000000000000000000000000000000000000000000,1069.446564,593637376,1516063744,922426368,5282725888,0,0,1798826,5182816,65164,1953,0,100,torch.float32,1f7c14ad5e7d7457222d5254d3d8d0a695d97954
FH-CONT,10b17940-3938-2467-8a7a-958300ba83d3,scene0069_00-scene0069_02-scene0069_04-scene0069_03-scene0069_01,canonical,2,cumulative_T1_to_T,9,0000000000000000000000000000000000000000000000000000000000000000,1062.199302,593637376,1515974144,922336768,5282725888,0,0,1798826,5182816,65164,1953,0,100,torch.float32,1f7c14ad5e7d7457222d5254d3d8d0a695d97954
FH-CONT,10b17940-3938-2467-8a7a-958300ba83d3,scene0069_00-scene0069_02-scene0069_04-scene0069_03-scene0069_01,canonical,3,model_update,0,0000000000000000000000000000000000000000000000000000000000000000,588.189487,593637376,1915031040,1321393664,5282725888,0,0,2597916,7470877,92769,3014,0,100,torch.float32,1f7c14ad5e7d7457222d5254d3d8d0a695d97954
FH-CONT,10b17940-3938-2467-8a7a-958300ba83d3,scene0069_00-scene0069_02-scene0069_04-scene0069_03-scene0069_01,canonical,3,model_update,1,0000000000000000000000000000000000000000000000000000000000000000,727.304115,593637376,1915031552,1321394176,5282725888,0,0,2597916,7470877,92769,3014,0,100,torch.float32,1f7c14ad5e7d7457222d5254d3d8d0a695d97954
FH-CONT,10b17940-3938-2467-8a7a-958300ba83d3,scene0069_00-scene0069_02-scene0069_04-scene0069_03-scene0069_01,canonical,3,model_update,2,0000000000000000000000000000000000000000000000000000000000000000,693.36566,593637376,1915031552,1321394176,5282725888,0,0,2597916,7470877,92769,3014,0,100,torch.float32,1f7c14ad5e7d7457222d5254d3d8d0a695d97954
FH-CONT,10b17940-3938-2467-8a7a-958300ba83d3,scene0069_00-scene0069_02-scene0069_04-scene0069_03-scene0069_01,canonical,3,model_update,3,0000000000000000000000000000000000000000000000000000000000000000,689.569788,593637376,1915027968,1321390592,5282725888,0,0,2597916,7470877,92769,3014,0,100,torch.float32,1f7c14ad5e7d7457222d5254d3d8d0a695d97954
FH-CONT,10b17940-3938-2467-8a7a-958300ba83d3,scene0069_00-scene0069_02-scene0069_04-scene0069_03-scene0069_01,canonical,3,model_update,4,0000000000000000000000000000000000000000000000000000000000000000,678.417373,593637376,1915021312,1321383936,5282725888,0,0,2597916,7470877,92769,3014,0,100,torch.float32,1f7c14ad5e7d7457222d5254d3d8d0a695d97954
FH-CONT,10b17940-3938-2467-8a7a-958300ba83d3,scene0069_00-scene0069_02-scene0069_04-scene0069_03-scene0069_01,canonical,3,model_update,5,0000000000000000000000000000000000000000000000000000000000000000,731.768202,593637376,1915031040,1321393664,5282725888,0,0,2597916,7470877,92769,3014,0,100,torch.float32,1f7c14ad5e7d7457222d5254d3d8d0a695d97954
FH-CONT,10b17940-3938-2467-8a7a-958300ba83d3,scene0069_00-scene0069_02-scene0069_04-scene0069_03-scene0069_01,canonical,3,model_update,6,0000000000000000000000000000000000000000000000000000000000000000,584.184744,593637376,1915024896,1321387520,5282725888,0,0,2597916,7470877,92769,3014,0,100,torch.float32,1f7c14ad5e7d7457222d5254d3d8d0a695d97954
FH-CONT,10b17940-3938-2467-8a7a-958300ba83d3,scene0069_00-scene0069_02-scene0069_04-scene0069_03-scene0069_01,canonical,3,model_update,7,0000000000000000000000000000000000000000000000000000000000000000,587.994412,593637376,1915029504,1321392128,5282725888,0,0,2597916,7470877,92769,3014,0,100,torch.float32,1f7c14ad5e7d7457222d5254d3d8d0a695d97954
FH-CONT,10b17940-3938-2467-8a7a-958300ba83d3,scene0069_00-scene0069_02-scene0069_04-scene0069_03-scene0069_01,canonical,3,model_update,8,0000000000000000000000000000000000000000000000000000000000000000,591.643293,593637376,1915017728,1321380352,5282725888,0,0,2597916,7470877,92769,3014,0,100,torch.float32,1f7c14ad5e7d7457222d5254d3d8d0a695d97954
FH-CONT,10b17940-3938-2467-8a7a-958300ba83d3,scene0069_00-scene0069_02-scene0069_04-scene0069_03-scene0069_01,canonical,3,model_update,9,0000000000000000000000000000000000000000000000000000000000000000,586.115242,593637376,1915012608,1321375232,5282725888,0,0,2597916,7470877,92769,3014,0,100,torch.float32,1f7c14ad5e7d7457222d5254d3d8d0a695d97954
FH-CONT,10b17940-3938-2467-8a7a-958300ba83d3,scene0069_00-scene0069_02-scene0069_04-scene0069_03-scene0069_01,canonical,3,end_to_end_update,0,0000000000000000000000000000000000000000000000000000000000000000,823.520496,593637376,1915024896,1321387520,5282725888,0,0,2597916,7470877,92769,3014,0,100,torch.float32,1f7c14ad5e7d7457222d5254d3d8d0a695d97954
FH-CONT,10b17940-3938-2467-8a7a-958300ba83d3,scene0069_00-scene0069_02-scene0069_04-scene0069_03-scene0069_01,canonical,3,end_to_end_update,1,0000000000000000000000000000000000000000000000000000000000000000,822.829987,593637376,1915017216,1321379840,5282725888,0,0,2597916,7470877,92769,3014,0,100,torch.float32,1f7c14ad5e7d7457222d5254d3d8d0a695d97954
FH-CONT,10b17940-3938-2467-8a7a-958300ba83d3,scene0069_00-scene0069_02-scene0069_04-scene0069_03-scene0069_01,canonical,3,end_to_end_update,2,0000000000000000000000000000000000000000000000000000000000000000,814.902121,593637376,1915029504,1321392128,5282725888,0,0,2597916,7470877,92769,3014,0,100,torch.float32,1f7c14ad5e7d7457222d5254d3d8d0a695d97954
FH-CONT,10b17940-3938-2467-8a7a-958300ba83d3,scene0069_00-scene0069_02-scene0069_04-scene0069_03-scene0069_01,canonical,3,end_to_end_update,3,0000000000000000000000000000000000000000000000000000000000000000,814.637423,593637376,1915002368,1321364992,5282725888,0,0,2597916,7470877,92769,3014,0,100,torch.float32,1f7c14ad5e7d7457222d5254d3d8d0a695d97954
FH-CONT,10b17940-3938-2467-8a7a-958300ba83d3,scene0069_00-scene0069_02-scene0069_04-scene0069_03-scene0069_01,canonical,3,end_to_end_update,4,0000000000000000000000000000000000000000000000000000000000000000,820.754539,593637376,1915017728,1321380352,5282725888,0,0,2597916,7470877,92769,3014,0,100,torch.float32,1f7c14ad5e7d7457222d5254d3d8d0a695d97954
FH-CONT,10b17940-3938-2467-8a7a-958300ba83d3,scene0069_00-scene0069_02-scene0069_04-scene0069_03-scene0069_01,canonical,3,end_to_end_update,5,0000000000000000000000000000000000000000000000000000000000000000,830.694463,593637376,1915024896,1321387520,5282725888,0,0,2597916,7470877,92769,3014,0,100,torch.float32,1f7c14ad5e7d7457222d5254d3d8d0a695d97954
FH-CONT,10b17940-3938-2467-8a7a-958300ba83d3,scene0069_00-scene0069_02-scene0069_04-scene0069_03-scene0069_01,canonical,3,end_to_end_update,6,0000000000000000000000000000000000000000000000000000000000000000,827.073776,593637376,1915029504,1321392128,5282725888,0,0,2597916,7470877,92769,3014,0,100,torch.float32,1f7c14ad5e7d7457222d5254d3d8d0a695d97954
FH-CONT,10b17940-3938-2467-8a7a-958300ba83d3,scene0069_00-scene0069_02-scene0069_04-scene0069_03-scene0069_01,canonical,3,end_to_end_update,7,0000000000000000000000000000000000000000000000000000000000000000,829.731784,593637376,1915029504,1321392128,5282725888,0,0,2597916,7470877,92769,3014,0,100,torch.float32,1f7c14ad5e7d7457222d5254d3d8d0a695d97954
FH-CONT,10b17940-3938-2467-8a7a-958300ba83d3,scene0069_00-scene0069_02-scene0069_04-scene0069_03-scene0069_01,canonical,3,end_to_end_update,8,0000000000000000000000000000000000000000000000000000000000000000,810.932319,593637376,1915027968,1321390592,5282725888,0,0,2597916,7470877,92769,3014,0,100,torch.float32,1f7c14ad5e7d7457222d5254d3d8d0a695d97954
FH-CONT,10b17940-3938-2467-8a7a-958300ba83d3,scene0069_00-scene0069_02-scene0069_04-scene0069_03-scene0069_01,canonical,3,end_to_end_update,9,0000000000000000000000000000000000000000000000000000000000000000,848.199199,593637376,1915034624,1321397248,5282725888,0,0,2597916,7470877,92769,3014,0,100,torch.float32,1f7c14ad5e7d7457222d5254d3d8d0a695d97954
FH-CONT,10b17940-3938-2467-8a7a-958300ba83d3,scene0069_00-scene0069_02-scene0069_04-scene0069_03-scene0069_01,canonical,3,output_materialization,0,0000000000000000000000000000000000000000000000000000000000000000,7.198723,593637376,593637376,0,5282725888,0,0,2597916,7470877,92769,3014,0,100,torch.float32,1f7c14ad5e7d7457222d5254d3d8d0a695d97954
FH-CONT,10b17940-3938-2467-8a7a-958300ba83d3,scene0069_00-scene0069_02-scene0069_04-scene0069_03-scene0069_01,canonical,3,output_materialization,1,0000000000000000000000000000000000000000000000000000000000000000,7.12758,593637376,593637376,0,5282725888,0,0,2597916,7470877,92769,3014,0,100,torch.float32,1f7c14ad5e7d7457222d5254d3d8d0a695d97954
FH-CONT,10b17940-3938-2467-8a7a-958300ba83d3,scene0069_00-scene0069_02-scene0069_04-scene0069_03-scene0069_01,canonical,3,output_materialization,2,0000000000000000000000000000000000000000000000000000000000000000,7.157262,593637376,593637376,0,5282725888,0,0,2597916,7470877,92769,3014,0,100,torch.float32,1f7c14ad5e7d7457222d5254d3d8d0a695d97954
FH-CONT,10b17940-3938-2467-8a7a-958300ba83d3,scene0069_00-scene0069_02-scene0069_04-scene0069_03-scene0069_01,canonical,3,output_materialization,3,0000000000000000000000000000000000000000000000000000000000000000,7.019994,593637376,593637376,0,5282725888,0,0,2597916,7470877,92769,3014,0,100,torch.float32,1f7c14ad5e7d7457222d5254d3d8d0a695d97954
FH-CONT,10b17940-3938-2467-8a7a-958300ba83d3,scene0069_00-scene0069_02-scene0069_04-scene0069_03-scene0069_01,canonical,3,output_materialization,4,0000000000000000000000000000000000000000000000000000000000000000,7.124229,593637376,593637376,0,5282725888,0,0,2597916,7470877,92769,3014,0,100,torch.float32,1f7c14ad5e7d7457222d5254d3d8d0a695d97954
FH-CONT,10b17940-3938-2467-8a7a-958300ba83d3,scene0069_00-scene0069_02-scene0069_04-scene0069_03-scene0069_01,canonical,3,output_materialization,5,0000000000000000000000000000000000000000000000000000000000000000,7.170859,593637376,593637376,0,5282725888,0,0,2597916,7470877,92769,3014,0,100,torch.float32,1f7c14ad5e7d7457222d5254d3d8d0a695d97954
FH-CONT,10b17940-3938-2467-8a7a-958300ba83d3,scene0069_00-scene0069_02-scene0069_04-scene0069_03-scene0069_01,canonical,3,output_materialization,6,0000000000000000000000000000000000000000000000000000000000000000,7.876621,593637376,593637376,0,5282725888,0,0,2597916,7470877,92769,3014,0,100,torch.float32,1f7c14ad5e7d7457222d5254d3d8d0a695d97954
FH-CONT,10b17940-3938-2467-8a7a-958300ba83d3,scene0069_00-scene0069_02-scene0069_04-scene0069_03-scene0069_01,canonical,3,output_materialization,7,0000000000000000000000000000000000000000000000000000000000000000,7.497341,593637376,593637376,0,5282725888,0,0,2597916,7470877,92769,3014,0,100,torch.float32,1f7c14ad5e7d7457222d5254d3d8d0a695d97954
FH-CONT,10b17940-3938-2467-8a7a-958300ba83d3,scene0069_00-scene0069_02-scene0069_04-scene0069_03-scene0069_01,canonical,3,output_materialization,8,0000000000000000000000000000000000000000000000000000000000000000,7.273047,593637376,593637376,0,5282725888,0,0,2597916,7470877,92769,3014,0,100,torch.float32,1f7c14ad5e7d7457222d5254d3d8d0a695d97954
FH-CONT,10b17940-3938-2467-8a7a-958300ba83d3,scene0069_00-scene0069_02-scene0069_04-scene0069_03-scene0069_01,canonical,3,output_materialization,9,0000000000000000000000000000000000000000000000000000000000000000,7.19458,593637376,593637376,0,5282725888,0,0,2597916,7470877,92769,3014,0,100,torch.float32,1f7c14ad5e7d7457222d5254d3d8d0a695d97954
FH-CONT,10b17940-3938-2467-8a7a-958300ba83d3,scene0069_00-scene0069_02-scene0069_04-scene0069_03-scene0069_01,canonical,3,cumulative_T1_to_T,0,0000000000000000000000000000000000000000000000000000000000000000,1910.40044,593637376,1915975680,1322338304,5282725888,0,0,2597916,7470877,92769,3014,0,100,torch.float32,1f7c14ad5e7d7457222d5254d3d8d0a695d97954
FH-CONT,10b17940-3938-2467-8a7a-958300ba83d3,scene0069_00-scene0069_02-scene0069_04-scene0069_03-scene0069_01,canonical,3,cumulative_T1_to_T,1,0000000000000000000000000000000000000000000000000000000000000000,1888.485129,593637376,1915978240,1322340864,5282725888,0,0,2597916,7470877,92769,3014,0,100,torch.float32,1f7c14ad5e7d7457222d5254d3d8d0a695d97954
FH-CONT,10b17940-3938-2467-8a7a-958300ba83d3,scene0069_00-scene0069_02-scene0069_04-scene0069_03-scene0069_01,canonical,3,cumulative_T1_to_T,2,0000000000000000000000000000000000000000000000000000000000000000,1900.627426,593637376,1915977728,1322340352,5282725888,0,0,2597916,7470877,92769,3014,0,100,torch.float32,1f7c14ad5e7d7457222d5254d3d8d0a695d97954
FH-CONT,10b17940-3938-2467-8a7a-958300ba83d3,scene0069_00-scene0069_02-scene0069_04-scene0069_03-scene0069_01,canonical,3,cumulative_T1_to_T,3,0000000000000000000000000000000000000000000000000000000000000000,1903.43303,593637376,1915975168,1322337792,5282725888,0,0,2597916,7470877,92769,3014,0,100,torch.float32,1f7c14ad5e7d7457222d5254d3d8d0a695d97954
FH-CONT,10b17940-3938-2467-8a7a-958300ba83d3,scene0069_00-scene0069_02-scene0069_04-scene0069_03-scene0069_01,canonical,3,cumulative_T1_to_T,4,0000000000000000000000000000000000000000000000000000000000000000,1905.03096,593637376,1915973632,1322336256,5282725888,0,0,2597916,7470877,92769,3014,0,100,torch.float32,1f7c14ad5e7d7457222d5254d3d8d0a695d97954
FH-CONT,10b17940-3938-2467-8a7a-958300ba83d3,scene0069_00-scene0069_02-scene0069_04-scene0069_03-scene0069_01,canonical,3,cumulative_T1_to_T,5,0000000000000000000000000000000000000000000000000000000000000000,1911.703186,593637376,1915977216,1322339840,5282725888,0,0,2597916,7470877,92769,3014,0,100,torch.float32,1f7c14ad5e7d7457222d5254d3d8d0a695d97954
FH-CONT,10b17940-3938-2467-8a7a-958300ba83d3,scene0069_00-scene0069_02-scene0069_04-scene0069_03-scene0069_01,canonical,3,cumulative_T1_to_T,6,0000000000000000000000000000000000000000000000000000000000000000,1909.242724,593637376,1915978752,1322341376,5282725888,0,0,2597916,7470877,92769,3014,0,100,torch.float32,1f7c14ad5e7d7457222d5254d3d8d0a695d97954
FH-CONT,10b17940-3938-2467-8a7a-958300ba83d3,scene0069_00-scene0069_02-scene0069_04-scene0069_03-scene0069_01,canonical,3,cumulative_T1_to_T,7,0000000000000000000000000000000000000000000000000000000000000000,1888.793092,593637376,1915976704,1322339328,5282725888,0,0,2597916,7470877,92769,3014,0,100,torch.float32,1f7c14ad5e7d7457222d5254d3d8d0a695d97954
FH-CONT,10b17940-3938-2467-8a7a-958300ba83d3,scene0069_00-scene0069_02-scene0069_04-scene0069_03-scene0069_01,canonical,3,cumulative_T1_to_T,8,0000000000000000000000000000000000000000000000000000000000000000,1910.47368,593637376,1915976192,1322338816,5282725888,0,0,2597916,7470877,92769,3014,0,100,torch.float32,1f7c14ad5e7d7457222d5254d3d8d0a695d97954
FH-CONT,10b17940-3938-2467-8a7a-958300ba83d3,scene0069_00-scene0069_02-scene0069_04-scene0069_03-scene0069_01,canonical,3,cumulative_T1_to_T,9,0000000000000000000000000000000000000000000000000000000000000000,1907.969489,593637376,1915975168,1322337792,5282725888,0,0,2597916,7470877,92769,3014,0,100,torch.float32,1f7c14ad5e7d7457222d5254d3d8d0a695d97954
FH-CONT,10b17940-3938-2467-8a7a-958300ba83d3,scene0069_00-scene0069_02-scene0069_04-scene0069_03-scene0069_01,canonical,4,model_update,0,0000000000000000000000000000000000000000000000000000000000000000,685.235304,593637376,2173135360,1579497984,5282725888,0,0,3166893,9057754,111735,3734,0,100,torch.float32,1f7c14ad5e7d7457222d5254d3d8d0a695d97954
FH-CONT,10b17940-3938-2467-8a7a-958300ba83d3,scene0069_00-scene0069_02-scene0069_04-scene0069_03-scene0069_01,canonical,4,model_update,1,0000000000000000000000000000000000000000000000000000000000000000,674.552556,593637376,2174211584,1580574208,5282725888,0,0,3166893,9057754,111735,3734,0,100,torch.float32,1f7c14ad5e7d7457222d5254d3d8d0a695d97954
FH-CONT,10b17940-3938-2467-8a7a-958300ba83d3,scene0069_00-scene0069_02-scene0069_04-scene0069_03-scene0069_01,canonical,4,model_update,2,0000000000000000000000000000000000000000000000000000000000000000,669.829599,593637376,2173150720,1579513344,5282725888,0,0,3166893,9057754,111735,3734,0,100,torch.float32,1f7c14ad5e7d7457222d5254d3d8d0a695d97954
FH-CONT,10b17940-3938-2467-8a7a-958300ba83d3,scene0069_00-scene0069_02-scene0069_04-scene0069_03-scene0069_01,canonical,4,model_update,3,0000000000000000000000000000000000000000000000000000000000000000,693.48645,593637376,2173132288,1579494912,5282725888,0,0,3166893,9057754,111735,3734,0,100,torch.float32,1f7c14ad5e7d7457222d5254d3d8d0a695d97954
FH-CONT,10b17940-3938-2467-8a7a-958300ba83d3,scene0069_00-scene0069_02-scene0069_04-scene0069_03-scene0069_01,canonical,4,model_update,4,0000000000000000000000000000000000000000000000000000000000000000,675.046498,593637376,2173129216,1579491840,5282725888,0,0,3166893,9057754,111735,3734,0,100,torch.float32,1f7c14ad5e7d7457222d5254d3d8d0a695d97954
FH-CONT,10b17940-3938-2467-8a7a-958300ba83d3,scene0069_00-scene0069_02-scene0069_04-scene0069_03-scene0069_01,canonical,4,model_update,5,0000000000000000000000000000000000000000000000000000000000000000,672.539141,593637376,2173113856,1579476480,5282725888,0,0,3166893,9057754,111735,3734,0,100,torch.float32,1f7c14ad5e7d7457222d5254d3d8d0a695d97954
FH-CONT,10b17940-3938-2467-8a7a-958300ba83d3,scene0069_00-scene0069_02-scene0069_04-scene0069_03-scene0069_01,canonical,4,model_update,6,0000000000000000000000000000000000000000000000000000000000000000,664.893429,593637376,2173129216,1579491840,5282725888,0,0,3166893,9057754,111735,3734,0,100,torch.float32,1f7c14ad5e7d7457222d5254d3d8d0a695d97954
FH-CONT,10b17940-3938-2467-8a7a-958300ba83d3,scene0069_00-scene0069_02-scene0069_04-scene0069_03-scene0069_01,canonical,4,model_update,7,0000000000000000000000000000000000000000000000000000000000000000,669.186263,593637376,2173135360,1579497984,5282725888,0,0,3166893,9057754,111735,3734,0,100,torch.float32,1f7c14ad5e7d7457222d5254d3d8d0a695d97954
FH-CONT,10b17940-3938-2467-8a7a-958300ba83d3,scene0069_00-scene0069_02-scene0069_04-scene0069_03-scene0069_01,canonical,4,model_update,8,0000000000000000000000000000000000000000000000000000000000000000,674.129765,593637376,2174213120,1580575744,5282725888,0,0,3166893,9057754,111735,3734,0,100,torch.float32,1f7c14ad5e7d7457222d5254d3d8d0a695d97954
FH-CONT,10b17940-3938-2467-8a7a-958300ba83d3,scene0069_00-scene0069_02-scene0069_04-scene0069_03-scene0069_01,canonical,4,model_update,9,0000000000000000000000000000000000000000000000000000000000000000,680.696679,593637376,2173132288,1579494912,5282725888,0,0,3166893,9057754,111735,3734,0,100,torch.float32,1f7c14ad5e7d7457222d5254d3d8d0a695d97954
FH-CONT,10b17940-3938-2467-8a7a-958300ba83d3,scene0069_00-scene0069_02-scene0069_04-scene0069_03-scene0069_01,canonical,4,end_to_end_update,0,0000000000000000000000000000000000000000000000000000000000000000,995.773975,593637376,2173144576,1579507200,5282725888,0,0,3166893,9057754,111735,3734,0,100,torch.float32,1f7c14ad5e7d7457222d5254d3d8d0a695d97954
FH-CONT,10b17940-3938-2467-8a7a-958300ba83d3,scene0069_00-scene0069_02-scene0069_04-scene0069_03-scene0069_01,canonical,4,end_to_end_update,1,0000000000000000000000000000000000000000000000000000000000000000,937.142736,593637376,2173150720,1579513344,5282725888,0,0,3166893,9057754,111735,3734,0,100,torch.float32,1f7c14ad5e7d7457222d5254d3d8d0a695d97954
FH-CONT,10b17940-3938-2467-8a7a-958300ba83d3,scene0069_00-scene0069_02-scene0069_04-scene0069_03-scene0069_01,canonical,4,end_to_end_update,2,0000000000000000000000000000000000000000000000000000000000000000,937.529347,593637376,2173135360,1579497984,5282725888,0,0,3166893,9057754,111735,3734,0,100,torch.float32,1f7c14ad5e7d7457222d5254d3d8d0a695d97954
FH-CONT,10b17940-3938-2467-8a7a-958300ba83d3,scene0069_00-scene0069_02-scene0069_04-scene0069_03-scene0069_01,canonical,4,end_to_end_update,3,0000000000000000000000000000000000000000000000000000000000000000,933.416282,593637376,2173123072,1579485696,5282725888,0,0,3166893,9057754,111735,3734,0,100,torch.float32,1f7c14ad5e7d7457222d5254d3d8d0a695d97954
FH-CONT,10b17940-3938-2467-8a7a-958300ba83d3,scene0069_00-scene0069_02-scene0069_04-scene0069_03-scene0069_01,canonical,4,end_to_end_update,4,0000000000000000000000000000000000000000000000000000000000000000,953.348763,593637376,2173141504,1579504128,5282725888,0,0,3166893,9057754,111735,3734,0,100,torch.float32,1f7c14ad5e7d7457222d5254d3d8d0a695d97954
FH-CONT,10b17940-3938-2467-8a7a-958300ba83d3,scene0069_00-scene0069_02-scene0069_04-scene0069_03-scene0069_01,canonical,4,end_to_end_update,5,0000000000000000000000000000000000000000000000000000000000000000,952.630008,593637376,2173141504,1579504128,5282725888,0,0,3166893,9057754,111735,3734,0,100,torch.float32,1f7c14ad5e7d7457222d5254d3d8d0a695d97954
FH-CONT,10b17940-3938-2467-8a7a-958300ba83d3,scene0069_00-scene0069_02-scene0069_04-scene0069_03-scene0069_01,canonical,4,end_to_end_update,6,0000000000000000000000000000000000000000000000000000000000000000,965.096055,593637376,2173126144,1579488768,5282725888,0,0,3166893,9057754,111735,3734,0,100,torch.float32,1f7c14ad5e7d7457222d5254d3d8d0a695d97954
FH-CONT,10b17940-3938-2467-8a7a-958300ba83d3,scene0069_00-scene0069_02-scene0069_04-scene0069_03-scene0069_01,canonical,4,end_to_end_update,7,0000000000000000000000000000000000000000000000000000000000000000,999.682683,593637376,2174216704,1580579328,5282725888,0,0,3166893,9057754,111735,3734,0,100,torch.float32,1f7c14ad5e7d7457222d5254d3d8d0a695d97954
FH-CONT,10b17940-3938-2467-8a7a-958300ba83d3,scene0069_00-scene0069_02-scene0069_04-scene0069_03-scene0069_01,canonical,4,end_to_end_update,8,0000000000000000000000000000000000000000000000000000000000000000,990.110192,593637376,2173144576,1579507200,5282725888,0,0,3166893,9057754,111735,3734,0,100,torch.float32,1f7c14ad5e7d7457222d5254d3d8d0a695d97954
FH-CONT,10b17940-3938-2467-8a7a-958300ba83d3,scene0069_00-scene0069_02-scene0069_04-scene0069_03-scene0069_01,canonical,4,end_to_end_update,9,0000000000000000000000000000000000000000000000000000000000000000,985.517569,593637376,2173159936,1579522560,5282725888,0,0,3166893,9057754,111735,3734,0,100,torch.float32,1f7c14ad5e7d7457222d5254d3d8d0a695d97954
FH-CONT,10b17940-3938-2467-8a7a-958300ba83d3,scene0069_00-scene0069_02-scene0069_04-scene0069_03-scene0069_01,canonical,4,output_materialization,0,0000000000000000000000000000000000000000000000000000000000000000,6.296718,593637376,593637376,0,5282725888,0,0,3166893,9057754,111735,3734,0,100,torch.float32,1f7c14ad5e7d7457222d5254d3d8d0a695d97954
FH-CONT,10b17940-3938-2467-8a7a-958300ba83d3,scene0069_00-scene0069_02-scene0069_04-scene0069_03-scene0069_01,canonical,4,output_materialization,1,0000000000000000000000000000000000000000000000000000000000000000,6.234696,593637376,593637376,0,5282725888,0,0,3166893,9057754,111735,3734,0,100,torch.float32,1f7c14ad5e7d7457222d5254d3d8d0a695d97954
FH-CONT,10b17940-3938-2467-8a7a-958300ba83d3,scene0069_00-scene0069_02-scene0069_04-scene0069_03-scene0069_01,canonical,4,output_materialization,2,0000000000000000000000000000000000000000000000000000000000000000,6.401156,593637376,593637376,0,5282725888,0,0,3166893,9057754,111735,3734,0,100,torch.float32,1f7c14ad5e7d7457222d5254d3d8d0a695d97954
FH-CONT,10b17940-3938-2467-8a7a-958300ba83d3,scene0069_00-scene0069_02-scene0069_04-scene0069_03-scene0069_01,canonical,4,output_materialization,3,0000000000000000000000000000000000000000000000000000000000000000,6.318694,593637376,593637376,0,5282725888,0,0,3166893,9057754,111735,3734,0,100,torch.float32,1f7c14ad5e7d7457222d5254d3d8d0a695d97954
FH-CONT,10b17940-3938-2467-8a7a-958300ba83d3,scene0069_00-scene0069_02-scene0069_04-scene0069_03-scene0069_01,canonical,4,output_materialization,4,0000000000000000000000000000000000000000000000000000000000000000,6.292132,593637376,593637376,0,5282725888,0,0,3166893,9057754,111735,3734,0,100,torch.float32,1f7c14ad5e7d7457222d5254d3d8d0a695d97954
FH-CONT,10b17940-3938-2467-8a7a-958300ba83d3,scene0069_00-scene0069_02-scene0069_04-scene0069_03-scene0069_01,canonical,4,output_materialization,5,0000000000000000000000000000000000000000000000000000000000000000,6.395854,593637376,593637376,0,5282725888,0,0,3166893,9057754,111735,3734,0,100,torch.float32,1f7c14ad5e7d7457222d5254d3d8d0a695d97954
FH-CONT,10b17940-3938-2467-8a7a-958300ba83d3,scene0069_00-scene0069_02-scene0069_04-scene0069_03-scene0069_01,canonical,4,output_materialization,6,0000000000000000000000000000000000000000000000000000000000000000,5.917985,593637376,593637376,0,5282725888,0,0,3166893,9057754,111735,3734,0,100,torch.float32,1f7c14ad5e7d7457222d5254d3d8d0a695d97954
FH-CONT,10b17940-3938-2467-8a7a-958300ba83d3,scene0069_00-scene0069_02-scene0069_04-scene0069_03-scene0069_01,canonical,4,output_materialization,7,0000000000000000000000000000000000000000000000000000000000000000,5.36805,593637376,593637376,0,5282725888,0,0,3166893,9057754,111735,3734,0,100,torch.float32,1f7c14ad5e7d7457222d5254d3d8d0a695d97954
FH-CONT,10b17940-3938-2467-8a7a-958300ba83d3,scene0069_00-scene0069_02-scene0069_04-scene0069_03-scene0069_01,canonical,4,output_materialization,8,0000000000000000000000000000000000000000000000000000000000000000,5.220348,593637376,593637376,0,5282725888,0,0,3166893,9057754,111735,3734,0,100,torch.float32,1f7c14ad5e7d7457222d5254d3d8d0a695d97954
FH-CONT,10b17940-3938-2467-8a7a-958300ba83d3,scene0069_00-scene0069_02-scene0069_04-scene0069_03-scene0069_01,canonical,4,output_materialization,9,0000000000000000000000000000000000000000000000000000000000000000,5.165379,593637376,593637376,0,5282725888,0,0,3166893,9057754,111735,3734,0,100,torch.float32,1f7c14ad5e7d7457222d5254d3d8d0a695d97954
FH-CONT,10b17940-3938-2467-8a7a-958300ba83d3,scene0069_00-scene0069_02-scene0069_04-scene0069_03-scene0069_01,canonical,4,cumulative_T1_to_T,0,0000000000000000000000000000000000000000000000000000000000000000,2923.852939,593637376,2174519296,1580881920,5282725888,0,0,3166893,9057754,111735,3734,0,100,torch.float32,1f7c14ad5e7d7457222d5254d3d8d0a695d97954
FH-CONT,10b17940-3938-2467-8a7a-958300ba83d3,scene0069_00-scene0069_02-scene0069_04-scene0069_03-scene0069_01,canonical,4,cumulative_T1_to_T,1,0000000000000000000000000000000000000000000000000000000000000000,2902.36184,593637376,2174514688,1580877312,5282725888,0,0,3166893,9057754,111735,3734,0,100,torch.float32,1f7c14ad5e7d7457222d5254d3d8d0a695d97954
FH-CONT,10b17940-3938-2467-8a7a-958300ba83d3,scene0069_00-scene0069_02-scene0069_04-scene0069_03-scene0069_01,canonical,4,cumulative_T1_to_T,2,0000000000000000000000000000000000000000000000000000000000000000,2879.566865,593637376,2174524928,1580887552,5282725888,0,0,3166893,9057754,111735,3734,0,100,torch.float32,1f7c14ad5e7d7457222d5254d3d8d0a695d97954
FH-CONT,10b17940-3938-2467-8a7a-958300ba83d3,scene0069_00-scene0069_02-scene0069_04-scene0069_03-scene0069_01,canonical,4,cumulative_T1_to_T,3,0000000000000000000000000000000000000000000000000000000000000000,2886.464479,593637376,2174528512,1580891136,5282725888,0,0,3166893,9057754,111735,3734,0,100,torch.float32,1f7c14ad5e7d7457222d5254d3d8d0a695d97954
FH-CONT,10b17940-3938-2467-8a7a-958300ba83d3,scene0069_00-scene0069_02-scene0069_04-scene0069_03-scene0069_01,canonical,4,cumulative_T1_to_T,4,0000000000000000000000000000000000000000000000000000000000000000,2894.749782,593637376,2174522880,1580885504,5282725888,0,0,3166893,9057754,111735,3734,0,100,torch.float32,1f7c14ad5e7d7457222d5254d3d8d0a695d97954
FH-CONT,10b17940-3938-2467-8a7a-958300ba83d3,scene0069_00-scene0069_02-scene0069_04-scene0069_03-scene0069_01,canonical,4,cumulative_T1_to_T,5,0000000000000000000000000000000000000000000000000000000000000000,2941.154398,593637376,2174528000,1580890624,5282725888,0,0,3166893,9057754,111735,3734,0,100,torch.float32,1f7c14ad5e7d7457222d5254d3d8d0a695d97954
FH-CONT,10b17940-3938-2467-8a7a-958300ba83d3,scene0069_00-scene0069_02-scene0069_04-scene0069_03-scene0069_01,canonical,4,cumulative_T1_to_T,6,0000000000000000000000000000000000000000000000000000000000000000,2872.264209,593637376,2174525440,1580888064,5282725888,0,0,3166893,9057754,111735,3734,0,100,torch.float32,1f7c14ad5e7d7457222d5254d3d8d0a695d97954
FH-CONT,10b17940-3938-2467-8a7a-958300ba83d3,scene0069_00-scene0069_02-scene0069_04-scene0069_03-scene0069_01,canonical,4,cumulative_T1_to_T,7,0000000000000000000000000000000000000000000000000000000000000000,2880.02367,593637376,2174521344,1580883968,5282725888,0,0,3166893,9057754,111735,3734,0,100,torch.float32,1f7c14ad5e7d7457222d5254d3d8d0a695d97954
FH-CONT,10b17940-3938-2467-8a7a-958300ba83d3,scene0069_00-scene0069_02-scene0069_04-scene0069_03-scene0069_01,canonical,4,cumulative_T1_to_T,8,0000000000000000000000000000000000000000000000000000000000000000,2861.688506,593637376,2174518784,1580881408,5282725888,0,0,3166893,9057754,111735,3734,0,100,torch.float32,1f7c14ad5e7d7457222d5254d3d8d0a695d97954
FH-CONT,10b17940-3938-2467-8a7a-958300ba83d3,scene0069_00-scene0069_02-scene0069_04-scene0069_03-scene0069_01,canonical,4,cumulative_T1_to_T,9,0000000000000000000000000000000000000000000000000000000000000000,2916.355519,593637376,2174530560,1580893184,5282725888,0,0,3166893,9057754,111735,3734,0,100,torch.float32,1f7c14ad5e7d7457222d5254d3d8d0a695d97954
FH-CONT,10b17940-3938-2467-8a7a-958300ba83d3,scene0069_00-scene0069_02-scene0069_04-scene0069_03-scene0069_01,canonical,5,model_update,0,0000000000000000000000000000000000000000000000000000000000000000,869.878621,593637376,2719597056,2125959680,5282725888,0,0,4225472,12120215,150718,4803,0,100,torch.float32,1f7c14ad5e7d7457222d5254d3d8d0a695d97954
FH-CONT,10b17940-3938-2467-8a7a-958300ba83d3,scene0069_00-scene0069_02-scene0069_04-scene0069_03-scene0069_01,canonical,5,model_update,1,0000000000000000000000000000000000000000000000000000000000000000,868.498833,593637376,2719548416,2125911040,5282725888,0,0,4225472,12120215,150718,4803,0,100,torch.float32,1f7c14ad5e7d7457222d5254d3d8d0a695d97954
FH-CONT,10b17940-3938-2467-8a7a-958300ba83d3,scene0069_00-scene0069_02-scene0069_04-scene0069_03-scene0069_01,canonical,5,model_update,2,0000000000000000000000000000000000000000000000000000000000000000,854.503079,593637376,2719597568,2125960192,5282725888,0,0,4225472,12120215,150718,4803,0,100,torch.float32,1f7c14ad5e7d7457222d5254d3d8d0a695d97954
FH-CONT,10b17940-3938-2467-8a7a-958300ba83d3,scene0069_00-scene0069_02-scene0069_04-scene0069_03-scene0069_01,canonical,5,model_update,3,0000000000000000000000000000000000000000000000000000000000000000,866.598471,593637376,2719578112,2125940736,5282725888,0,0,4225472,12120215,150718,4803,0,100,torch.float32,1f7c14ad5e7d7457222d5254d3d8d0a695d97954
FH-CONT,10b17940-3938-2467-8a7a-958300ba83d3,scene0069_00-scene0069_02-scene0069_04-scene0069_03-scene0069_01,canonical,5,model_update,4,0000000000000000000000000000000000000000000000000000000000000000,858.776894,593637376,2719561216,2125923840,5282725888,0,0,4225472,12120215,150718,4803,0,100,torch.float32,1f7c14ad5e7d7457222d5254d3d8d0a695d97954
FH-CONT,10b17940-3938-2467-8a7a-958300ba83d3,scene0069_00-scene0069_02-scene0069_04-scene0069_03-scene0069_01,canonical,5,model_update,5,0000000000000000000000000000000000000000000000000000000000000000,854.785697,593637376,2719616512,2125979136,5282725888,0,0,4225472,12120215,150718,4803,0,100,torch.float32,1f7c14ad5e7d7457222d5254d3d8d0a695d97954
FH-CONT,10b17940-3938-2467-8a7a-958300ba83d3,scene0069_00-scene0069_02-scene0069_04-scene0069_03-scene0069_01,canonical,5,model_update,6,0000000000000000000000000000000000000000000000000000000000000000,866.377643,593637376,2719587328,2125949952,5282725888,0,0,4225472,12120215,150718,4803,0,100,torch.float32,1f7c14ad5e7d7457222d5254d3d8d0a695d97954
FH-CONT,10b17940-3938-2467-8a7a-958300ba83d3,scene0069_00-scene0069_02-scene0069_04-scene0069_03-scene0069_01,canonical,5,model_update,7,0000000000000000000000000000000000000000000000000000000000000000,862.461814,593637376,2719587840,2125950464,5282725888,0,0,4225472,12120215,150718,4803,0,100,torch.float32,1f7c14ad5e7d7457222d5254d3d8d0a695d97954
FH-CONT,10b17940-3938-2467-8a7a-958300ba83d3,scene0069_00-scene0069_02-scene0069_04-scene0069_03-scene0069_01,canonical,5,model_update,8,0000000000000000000000000000000000000000000000000000000000000000,866.339861,593637376,2719587328,2125949952,5282725888,0,0,4225472,12120215,150718,4803,0,100,torch.float32,1f7c14ad5e7d7457222d5254d3d8d0a695d97954
FH-CONT,10b17940-3938-2467-8a7a-958300ba83d3,scene0069_00-scene0069_02-scene0069_04-scene0069_03-scene0069_01,canonical,5,model_update,9,0000000000000000000000000000000000000000000000000000000000000000,860.665008,593637376,2719610368,2125972992,5282725888,0,0,4225472,12120215,150718,4803,0,100,torch.float32,1f7c14ad5e7d7457222d5254d3d8d0a695d97954
FH-CONT,10b17940-3938-2467-8a7a-958300ba83d3,scene0069_00-scene0069_02-scene0069_04-scene0069_03-scene0069_01,canonical,5,end_to_end_update,0,0000000000000000000000000000000000000000000000000000000000000000,1237.533246,593637376,2719610368,2125972992,5282725888,0,0,4225472,12120215,150718,4803,0,100,torch.float32,1f7c14ad5e7d7457222d5254d3d8d0a695d97954
FH-CONT,10b17940-3938-2467-8a7a-958300ba83d3,scene0069_00-scene0069_02-scene0069_04-scene0069_03-scene0069_01,canonical,5,end_to_end_update,1,0000000000000000000000000000000000000000000000000000000000000000,1257.98669,593637376,2719558144,2125920768,5282725888,0,0,4225472,12120215,150718,4803,0,100,torch.float32,1f7c14ad5e7d7457222d5254d3d8d0a695d97954
FH-CONT,10b17940-3938-2467-8a7a-958300ba83d3,scene0069_00-scene0069_02-scene0069_04-scene0069_03-scene0069_01,canonical,5,end_to_end_update,2,0000000000000000000000000000000000000000000000000000000000000000,1250.641638,593637376,2719581184,2125943808,5282725888,0,0,4225472,12120215,150718,4803,0,100,torch.float32,1f7c14ad5e7d7457222d5254d3d8d0a695d97954
FH-CONT,10b17940-3938-2467-8a7a-958300ba83d3,scene0069_00-scene0069_02-scene0069_04-scene0069_03-scene0069_01,canonical,5,end_to_end_update,3,0000000000000000000000000000000000000000000000000000000000000000,1251.116414,593637376,2719609856,2125972480,5282725888,0,0,4225472,12120215,150718,4803,0,100,torch.float32,1f7c14ad5e7d7457222d5254d3d8d0a695d97954
FH-CONT,10b17940-3938-2467-8a7a-958300ba83d3,scene0069_00-scene0069_02-scene0069_04-scene0069_03-scene0069_01,canonical,5,end_to_end_update,4,0000000000000000000000000000000000000000000000000000000000000000,1249.292474,593637376,2719581184,2125943808,5282725888,0,0,4225472,12120215,150718,4803,0,100,torch.float32,1f7c14ad5e7d7457222d5254d3d8d0a695d97954
FH-CONT,10b17940-3938-2467-8a7a-958300ba83d3,scene0069_00-scene0069_02-scene0069_04-scene0069_03-scene0069_01,canonical,5,end_to_end_update,5,0000000000000000000000000000000000000000000000000000000000000000,1249.202786,593637376,2719603712,2125966336,5282725888,0,0,4225472,12120215,150718,4803,0,100,torch.float32,1f7c14ad5e7d7457222d5254d3d8d0a695d97954
FH-CONT,10b17940-3938-2467-8a7a-958300ba83d3,scene0069_00-scene0069_02-scene0069_04-scene0069_03-scene0069_01,canonical,5,end_to_end_update,6,0000000000000000000000000000000000000000000000000000000000000000,1290.017201,593637376,2719584256,2125946880,5282725888,0,0,4225472,12120215,150718,4803,0,100,torch.float32,1f7c14ad5e7d7457222d5254d3d8d0a695d97954
FH-CONT,10b17940-3938-2467-8a7a-958300ba83d3,scene0069_00-scene0069_02-scene0069_04-scene0069_03-scene0069_01,canonical,5,end_to_end_update,7,0000000000000000000000000000000000000000000000000000000000000000,1265.837441,593637376,2719597056,2125959680,5282725888,0,0,4225472,12120215,150718,4803,0,100,torch.float32,1f7c14ad5e7d7457222d5254d3d8d0a695d97954
FH-CONT,10b17940-3938-2467-8a7a-958300ba83d3,scene0069_00-scene0069_02-scene0069_04-scene0069_03-scene0069_01,canonical,5,end_to_end_update,8,0000000000000000000000000000000000000000000000000000000000000000,1275.684208,593637376,2719597568,2125960192,5282725888,0,0,4225472,12120215,150718,4803,0,100,torch.float32,1f7c14ad5e7d7457222d5254d3d8d0a695d97954
FH-CONT,10b17940-3938-2467-8a7a-958300ba83d3,scene0069_00-scene0069_02-scene0069_04-scene0069_03-scene0069_01,canonical,5,end_to_end_update,9,0000000000000000000000000000000000000000000000000000000000000000,1267.713037,593637376,2719587328,2125949952,5282725888,0,0,4225472,12120215,150718,4803,0,100,torch.float32,1f7c14ad5e7d7457222d5254d3d8d0a695d97954
FH-CONT,10b17940-3938-2467-8a7a-958300ba83d3,scene0069_00-scene0069_02-scene0069_04-scene0069_03-scene0069_01,canonical,5,output_materialization,0,0000000000000000000000000000000000000000000000000000000000000000,11.161941,593637376,593637376,0,5282725888,0,0,4225472,12120215,150718,4803,0,100,torch.float32,1f7c14ad5e7d7457222d5254d3d8d0a695d97954
FH-CONT,10b17940-3938-2467-8a7a-958300ba83d3,scene0069_00-scene0069_02-scene0069_04-scene0069_03-scene0069_01,canonical,5,output_materialization,1,0000000000000000000000000000000000000000000000000000000000000000,11.360483,593637376,593637376,0,5282725888,0,0,4225472,12120215,150718,4803,0,100,torch.float32,1f7c14ad5e7d7457222d5254d3d8d0a695d97954
FH-CONT,10b17940-3938-2467-8a7a-958300ba83d3,scene0069_00-scene0069_02-scene0069_04-scene0069_03-scene0069_01,canonical,5,output_materialization,2,0000000000000000000000000000000000000000000000000000000000000000,11.364646,593637376,593637376,0,5282725888,0,0,4225472,12120215,150718,4803,0,100,torch.float32,1f7c14ad5e7d7457222d5254d3d8d0a695d97954
FH-CONT,10b17940-3938-2467-8a7a-958300ba83d3,scene0069_00-scene0069_02-scene0069_04-scene0069_03-scene0069_01,canonical,5,output_materialization,3,0000000000000000000000000000000000000000000000000000000000000000,11.428791,593637376,593637376,0,5282725888,0,0,4225472,12120215,150718,4803,0,100,torch.float32,1f7c14ad5e7d7457222d5254d3d8d0a695d97954
FH-CONT,10b17940-3938-2467-8a7a-958300ba83d3,scene0069_00-scene0069_02-scene0069_04-scene0069_03-scene0069_01,canonical,5,output_materialization,4,0000000000000000000000000000000000000000000000000000000000000000,11.157359,593637376,593637376,0,5282725888,0,0,4225472,12120215,150718,4803,0,100,torch.float32,1f7c14ad5e7d7457222d5254d3d8d0a695d97954
FH-CONT,10b17940-3938-2467-8a7a-958300ba83d3,scene0069_00-scene0069_02-scene0069_04-scene0069_03-scene0069_01,canonical,5,output_materialization,5,0000000000000000000000000000000000000000000000000000000000000000,11.362666,593637376,593637376,0,5282725888,0,0,4225472,12120215,150718,4803,0,100,torch.float32,1f7c14ad5e7d7457222d5254d3d8d0a695d97954
FH-CONT,10b17940-3938-2467-8a7a-958300ba83d3,scene0069_00-scene0069_02-scene0069_04-scene0069_03-scene0069_01,canonical,5,output_materialization,6,0000000000000000000000000000000000000000000000000000000000000000,11.139432,593637376,593637376,0,5282725888,0,0,4225472,12120215,150718,4803,0,100,torch.float32,1f7c14ad5e7d7457222d5254d3d8d0a695d97954
FH-CONT,10b17940-3938-2467-8a7a-958300ba83d3,scene0069_00-scene0069_02-scene0069_04-scene0069_03-scene0069_01,canonical,5,output_materialization,7,0000000000000000000000000000000000000000000000000000000000000000,8.461465,593637376,593637376,0,5282725888,0,0,4225472,12120215,150718,4803,0,100,torch.float32,1f7c14ad5e7d7457222d5254d3d8d0a695d97954
FH-CONT,10b17940-3938-2467-8a7a-958300ba83d3,scene0069_00-scene0069_02-scene0069_04-scene0069_03-scene0069_01,canonical,5,output_materialization,8,0000000000000000000000000000000000000000000000000000000000000000,7.925418,593637376,593637376,0,5282725888,0,0,4225472,12120215,150718,4803,0,100,torch.float32,1f7c14ad5e7d7457222d5254d3d8d0a695d97954
FH-CONT,10b17940-3938-2467-8a7a-958300ba83d3,scene0069_00-scene0069_02-scene0069_04-scene0069_03-scene0069_01,canonical,5,output_materialization,9,0000000000000000000000000000000000000000000000000000000000000000,7.859222,593637376,593637376,0,5282725888,0,0,4225472,12120215,150718,4803,0,100,torch.float32,1f7c14ad5e7d7457222d5254d3d8d0a695d97954
FH-CONT,10b17940-3938-2467-8a7a-958300ba83d3,scene0069_00-scene0069_02-scene0069_04-scene0069_03-scene0069_01,canonical,5,cumulative_T1_to_T,0,0000000000000000000000000000000000000000000000000000000000000000,4113.319907,593637376,2721709056,2128071680,5282725888,0,0,4225472,12120215,150718,4803,0,100,torch.float32,1f7c14ad5e7d7457222d5254d3d8d0a695d97954
FH-CONT,10b17940-3938-2467-8a7a-958300ba83d3,scene0069_00-scene0069_02-scene0069_04-scene0069_03-scene0069_01,canonical,5,cumulative_T1_to_T,1,0000000000000000000000000000000000000000000000000000000000000000,4149.004641,593637376,2721771008,2128133632,5282725888,0,0,4225472,12120215,150718,4803,0,100,torch.float32,1f7c14ad5e7d7457222d5254d3d8d0a695d97954
FH-CONT,10b17940-3938-2467-8a7a-958300ba83d3,scene0069_00-scene0069_02-scene0069_04-scene0069_03-scene0069_01,canonical,5,cumulative_T1_to_T,2,0000000000000000000000000000000000000000000000000000000000000000,4160.512495,593637376,2721761792,2128124416,5282725888,0,0,4225472,12120215,150718,4803,0,100,torch.float32,1f7c14ad5e7d7457222d5254d3d8d0a695d97954
FH-CONT,10b17940-3938-2467-8a7a-958300ba83d3,scene0069_00-scene0069_02-scene0069_04-scene0069_03-scene0069_01,canonical,5,cumulative_T1_to_T,3,0000000000000000000000000000000000000000000000000000000000000000,4090.979738,593637376,2721714176,2128076800,5282725888,0,0,4225472,12120215,150718,4803,0,100,torch.float32,1f7c14ad5e7d7457222d5254d3d8d0a695d97954
FH-CONT,10b17940-3938-2467-8a7a-958300ba83d3,scene0069_00-scene0069_02-scene0069_04-scene0069_03-scene0069_01,canonical,5,cumulative_T1_to_T,4,0000000000000000000000000000000000000000000000000000000000000000,4161.918117,593637376,2721811456,2128174080,5282725888,0,0,4225472,12120215,150718,4803,0,100,torch.float32,1f7c14ad5e7d7457222d5254d3d8d0a695d97954
FH-CONT,10b17940-3938-2467-8a7a-958300ba83d3,scene0069_00-scene0069_02-scene0069_04-scene0069_03-scene0069_01,canonical,5,cumulative_T1_to_T,5,0000000000000000000000000000000000000000000000000000000000000000,4018.530947,593637376,2721792512,2128155136,5282725888,0,0,4225472,12120215,150718,4803,0,100,torch.float32,1f7c14ad5e7d7457222d5254d3d8d0a695d97954
FH-CONT,10b17940-3938-2467-8a7a-958300ba83d3,scene0069_00-scene0069_02-scene0069_04-scene0069_03-scene0069_01,canonical,5,cumulative_T1_to_T,6,0000000000000000000000000000000000000000000000000000000000000000,4099.910321,593637376,2721740288,2128102912,5282725888,0,0,4225472,12120215,150718,4803,0,100,torch.float32,1f7c14ad5e7d7457222d5254d3d8d0a695d97954
FH-CONT,10b17940-3938-2467-8a7a-958300ba83d3,scene0069_00-scene0069_02-scene0069_04-scene0069_03-scene0069_01,canonical,5,cumulative_T1_to_T,7,0000000000000000000000000000000000000000000000000000000000000000,4094.555626,593637376,2721780224,2128142848,5282725888,0,0,4225472,12120215,150718,4803,0,100,torch.float32,1f7c14ad5e7d7457222d5254d3d8d0a695d97954
FH-CONT,10b17940-3938-2467-8a7a-958300ba83d3,scene0069_00-scene0069_02-scene0069_04-scene0069_03-scene0069_01,canonical,5,cumulative_T1_to_T,8,0000000000000000000000000000000000000000000000000000000000000000,4082.3041,593637376,2721732096,2128094720,5282725888,0,0,4225472,12120215,150718,4803,0,100,torch.float32,1f7c14ad5e7d7457222d5254d3d8d0a695d97954
FH-CONT,10b17940-3938-2467-8a7a-958300ba83d3,scene0069_00-scene0069_02-scene0069_04-scene0069_03-scene0069_01,canonical,5,cumulative_T1_to_T,9,0000000000000000000000000000000000000000000000000000000000000000,4076.680796,593637376,2721766912,2128129536,5282725888,0,0,4225472,12120215,150718,4803,0,100,torch.float32,1f7c14ad5e7d7457222d5254d3d8d0a695d97954
FH-CONT,137a8158-1db5-2cc0-8003-31c12610471e,scene0079_00-scene0079_09-scene0079_05-scene0079_04-scene0079_03,canonical,2,model_update,0,0000000000000000000000000000000000000000000000000000000000000000,537.860692,593637376,1823357952,1229720576,6767509504,0,0,2335085,6713760,85754,2685,0,100,torch.float32,1f7c14ad5e7d7457222d5254d3d8d0a695d97954
FH-CONT,137a8158-1db5-2cc0-8003-31c12610471e,scene0079_00-scene0079_09-scene0079_05-scene0079_04-scene0079_03,canonical,2,model_update,1,0000000000000000000000000000000000000000000000000000000000000000,537.688196,593637376,1823372288,1229734912,6767509504,0,0,2335085,6713760,85754,2685,0,100,torch.float32,1f7c14ad5e7d7457222d5254d3d8d0a695d97954
FH-CONT,137a8158-1db5-2cc0-8003-31c12610471e,scene0079_00-scene0079_09-scene0079_05-scene0079_04-scene0079_03,canonical,2,model_update,2,0000000000000000000000000000000000000000000000000000000000000000,528.427013,593637376,1823360000,1229722624,6767509504,0,0,2335085,6713760,85754,2685,0,100,torch.float32,1f7c14ad5e7d7457222d5254d3d8d0a695d97954
FH-CONT,137a8158-1db5-2cc0-8003-31c12610471e,scene0079_00-scene0079_09-scene0079_05-scene0079_04-scene0079_03,canonical,2,model_update,3,0000000000000000000000000000000000000000000000000000000000000000,539.990083,593637376,1823372288,1229734912,6767509504,0,0,2335085,6713760,85754,2685,0,100,torch.float32,1f7c14ad5e7d7457222d5254d3d8d0a695d97954
FH-CONT,137a8158-1db5-2cc0-8003-31c12610471e,scene0079_00-scene0079_09-scene0079_05-scene0079_04-scene0079_03,canonical,2,model_update,4,0000000000000000000000000000000000000000000000000000000000000000,530.66773,593637376,1823374336,1229736960,6767509504,0,0,2335085,6713760,85754,2685,0,100,torch.float32,1f7c14ad5e7d7457222d5254d3d8d0a695d97954
FH-CONT,137a8158-1db5-2cc0-8003-31c12610471e,scene0079_00-scene0079_09-scene0079_05-scene0079_04-scene0079_03,canonical,2,model_update,5,0000000000000000000000000000000000000000000000000000000000000000,527.849846,593637376,1823367680,1229730304,6767509504,0,0,2335085,6713760,85754,2685,0,100,torch.float32,1f7c14ad5e7d7457222d5254d3d8d0a695d97954
FH-CONT,137a8158-1db5-2cc0-8003-31c12610471e,scene0079_00-scene0079_09-scene0079_05-scene0079_04-scene0079_03,canonical,2,model_update,6,0000000000000000000000000000000000000000000000000000000000000000,536.639182,593637376,1823366656,1229729280,6767509504,0,0,2335085,6713760,85754,2685,0,100,torch.float32,1f7c14ad5e7d7457222d5254d3d8d0a695d97954
FH-CONT,137a8158-1db5-2cc0-8003-31c12610471e,scene0079_00-scene0079_09-scene0079_05-scene0079_04-scene0079_03,canonical,2,model_update,7,0000000000000000000000000000000000000000000000000000000000000000,529.986621,593637376,1823363584,1229726208,6767509504,0,0,2335085,6713760,85754,2685,0,100,torch.float32,1f7c14ad5e7d7457222d5254d3d8d0a695d97954
FH-CONT,137a8158-1db5-2cc0-8003-31c12610471e,scene0079_00-scene0079_09-scene0079_05-scene0079_04-scene0079_03,canonical,2,model_update,8,0000000000000000000000000000000000000000000000000000000000000000,528.918882,593637376,1823374336,1229736960,6767509504,0,0,2335085,6713760,85754,2685,0,100,torch.float32,1f7c14ad5e7d7457222d5254d3d8d0a695d97954
FH-CONT,137a8158-1db5-2cc0-8003-31c12610471e,scene0079_00-scene0079_09-scene0079_05-scene0079_04-scene0079_03,canonical,2,model_update,9,0000000000000000000000000000000000000000000000000000000000000000,527.654161,593637376,1823364608,1229727232,6767509504,0,0,2335085,6713760,85754,2685,0,100,torch.float32,1f7c14ad5e7d7457222d5254d3d8d0a695d97954
FH-CONT,137a8158-1db5-2cc0-8003-31c12610471e,scene0079_00-scene0079_09-scene0079_05-scene0079_04-scene0079_03,canonical,2,end_to_end_update,0,0000000000000000000000000000000000000000000000000000000000000000,756.096895,593637376,1823364608,1229727232,6767509504,0,0,2335085,6713760,85754,2685,0,100,torch.float32,1f7c14ad5e7d7457222d5254d3d8d0a695d97954
FH-CONT,137a8158-1db5-2cc0-8003-31c12610471e,scene0079_00-scene0079_09-scene0079_05-scene0079_04-scene0079_03,canonical,2,end_to_end_update,1,0000000000000000000000000000000000000000000000000000000000000000,755.013147,593637376,1823378432,1229741056,6767509504,0,0,2335085,6713760,85754,2685,0,100,torch.float32,1f7c14ad5e7d7457222d5254d3d8d0a695d97954
FH-CONT,137a8158-1db5-2cc0-8003-31c12610471e,scene0079_00-scene0079_09-scene0079_05-scene0079_04-scene0079_03,canonical,2,end_to_end_update,2,0000000000000000000000000000000000000000000000000000000000000000,743.068008,593637376,1823367680,1229730304,6767509504,0,0,2335085,6713760,85754,2685,0,100,torch.float32,1f7c14ad5e7d7457222d5254d3d8d0a695d97954
FH-CONT,137a8158-1db5-2cc0-8003-31c12610471e,scene0079_00-scene0079_09-scene0079_05-scene0079_04-scene0079_03,canonical,2,end_to_end_update,3,0000000000000000000000000000000000000000000000000000000000000000,750.505281,593637376,1823370240,1229732864,6767509504,0,0,2335085,6713760,85754,2685,0,100,torch.float32,1f7c14ad5e7d7457222d5254d3d8d0a695d97954
FH-CONT,137a8158-1db5-2cc0-8003-31c12610471e,scene0079_00-scene0079_09-scene0079_05-scene0079_04-scene0079_03,canonical,2,end_to_end_update,4,0000000000000000000000000000000000000000000000000000000000000000,767.883393,593637376,1823372288,1229734912,6767509504,0,0,2335085,6713760,85754,2685,0,100,torch.float32,1f7c14ad5e7d7457222d5254d3d8d0a695d97954
FH-CONT,137a8158-1db5-2cc0-8003-31c12610471e,scene0079_00-scene0079_09-scene0079_05-scene0079_04-scene0079_03,canonical,2,end_to_end_update,5,0000000000000000000000000000000000000000000000000000000000000000,772.396352,593637376,1823376384,1229739008,6767509504,0,0,2335085,6713760,85754,2685,0,100,torch.float32,1f7c14ad5e7d7457222d5254d3d8d0a695d97954
FH-CONT,137a8158-1db5-2cc0-8003-31c12610471e,scene0079_00-scene0079_09-scene0079_05-scene0079_04-scene0079_03,canonical,2,end_to_end_update,6,0000000000000000000000000000000000000000000000000000000000000000,771.085504,593637376,1823360000,1229722624,6767509504,0,0,2335085,6713760,85754,2685,0,100,torch.float32,1f7c14ad5e7d7457222d5254d3d8d0a695d97954
FH-CONT,137a8158-1db5-2cc0-8003-31c12610471e,scene0079_00-scene0079_09-scene0079_05-scene0079_04-scene0079_03,canonical,2,end_to_end_update,7,0000000000000000000000000000000000000000000000000000000000000000,773.514792,593637376,1823372288,1229734912,6767509504,0,0,2335085,6713760,85754,2685,0,100,torch.float32,1f7c14ad5e7d7457222d5254d3d8d0a695d97954
FH-CONT,137a8158-1db5-2cc0-8003-31c12610471e,scene0079_00-scene0079_09-scene0079_05-scene0079_04-scene0079_03,canonical,2,end_to_end_update,8,0000000000000000000000000000000000000000000000000000000000000000,786.39124,593637376,1823380480,1229743104,6767509504,0,0,2335085,6713760,85754,2685,0,100,torch.float32,1f7c14ad5e7d7457222d5254d3d8d0a695d97954
FH-CONT,137a8158-1db5-2cc0-8003-31c12610471e,scene0079_00-scene0079_09-scene0079_05-scene0079_04-scene0079_03,canonical,2,end_to_end_update,9,0000000000000000000000000000000000000000000000000000000000000000,770.279693,593637376,1823363584,1229726208,6767509504,0,0,2335085,6713760,85754,2685,0,100,torch.float32,1f7c14ad5e7d7457222d5254d3d8d0a695d97954
FH-CONT,137a8158-1db5-2cc0-8003-31c12610471e,scene0079_00-scene0079_09-scene0079_05-scene0079_04-scene0079_03,canonical,2,output_materialization,0,0000000000000000000000000000000000000000000000000000000000000000,6.779142,593637376,593637376,0,6767509504,0,0,2335085,6713760,85754,2685,0,100,torch.float32,1f7c14ad5e7d7457222d5254d3d8d0a695d97954
FH-CONT,137a8158-1db5-2cc0-8003-31c12610471e,scene0079_00-scene0079_09-scene0079_05-scene0079_04-scene0079_03,canonical,2,output_materialization,1,0000000000000000000000000000000000000000000000000000000000000000,6.81016,593637376,593637376,0,6767509504,0,0,2335085,6713760,85754,2685,0,100,torch.float32,1f7c14ad5e7d7457222d5254d3d8d0a695d97954
FH-CONT,137a8158-1db5-2cc0-8003-31c12610471e,scene0079_00-scene0079_09-scene0079_05-scene0079_04-scene0079_03,canonical,2,output_materialization,2,0000000000000000000000000000000000000000000000000000000000000000,6.80193,593637376,593637376,0,6767509504,0,0,2335085,6713760,85754,2685,0,100,torch.float32,1f7c14ad5e7d7457222d5254d3d8d0a695d97954
FH-CONT,137a8158-1db5-2cc0-8003-31c12610471e,scene0079_00-scene0079_09-scene0079_05-scene0079_04-scene0079_03,canonical,2,output_materialization,3,0000000000000000000000000000000000000000000000000000000000000000,6.648981,593637376,593637376,0,6767509504,0,0,2335085,6713760,85754,2685,0,100,torch.float32,1f7c14ad5e7d7457222d5254d3d8d0a695d97954
FH-CONT,137a8158-1db5-2cc0-8003-31c12610471e,scene0079_00-scene0079_09-scene0079_05-scene0079_04-scene0079_03,canonical,2,output_materialization,4,0000000000000000000000000000000000000000000000000000000000000000,6.675059,593637376,593637376,0,6767509504,0,0,2335085,6713760,85754,2685,0,100,torch.float32,1f7c14ad5e7d7457222d5254d3d8d0a695d97954
FH-CONT,137a8158-1db5-2cc0-8003-31c12610471e,scene0079_00-scene0079_09-scene0079_05-scene0079_04-scene0079_03,canonical,2,output_materialization,5,0000000000000000000000000000000000000000000000000000000000000000,6.659891,593637376,593637376,0,6767509504,0,0,2335085,6713760,85754,2685,0,100,torch.float32,1f7c14ad5e7d7457222d5254d3d8d0a695d97954
FH-CONT,137a8158-1db5-2cc0-8003-31c12610471e,scene0079_00-scene0079_09-scene0079_05-scene0079_04-scene0079_03,canonical,2,output_materialization,6,0000000000000000000000000000000000000000000000000000000000000000,6.556282,593637376,593637376,0,6767509504,0,0,2335085,6713760,85754,2685,0,100,torch.float32,1f7c14ad5e7d7457222d5254d3d8d0a695d97954
FH-CONT,137a8158-1db5-2cc0-8003-31c12610471e,scene0079_00-scene0079_09-scene0079_05-scene0079_04-scene0079_03,canonical,2,output_materialization,7,0000000000000000000000000000000000000000000000000000000000000000,6.573027,593637376,593637376,0,6767509504,0,0,2335085,6713760,85754,2685,0,100,torch.float32,1f7c14ad5e7d7457222d5254d3d8d0a695d97954
FH-CONT,137a8158-1db5-2cc0-8003-31c12610471e,scene0079_00-scene0079_09-scene0079_05-scene0079_04-scene0079_03,canonical,2,output_materialization,8,0000000000000000000000000000000000000000000000000000000000000000,7.381908,593637376,593637376,0,6767509504,0,0,2335085,6713760,85754,2685,0,100,torch.float32,1f7c14ad5e7d7457222d5254d3d8d0a695d97954
FH-CONT,137a8158-1db5-2cc0-8003-31c12610471e,scene0079_00-scene0079_09-scene0079_05-scene0079_04-scene0079_03,canonical,2,output_materialization,9,0000000000000000000000000000000000000000000000000000000000000000,7.264999,593637376,593637376,0,6767509504,0,0,2335085,6713760,85754,2685,0,100,torch.float32,1f7c14ad5e7d7457222d5254d3d8d0a695d97954
FH-CONT,137a8158-1db5-2cc0-8003-31c12610471e,scene0079_00-scene0079_09-scene0079_05-scene0079_04-scene0079_03,canonical,2,cumulative_T1_to_T,0,0000000000000000000000000000000000000000000000000000000000000000,1426.032075,593637376,1822680064,1229042688,6767509504,0,0,2335085,6713760,85754,2685,0,100,torch.float32,1f7c14ad5e7d7457222d5254d3d8d0a695d97954
FH-CONT,137a8158-1db5-2cc0-8003-31c12610471e,scene0079_00-scene0079_09-scene0079_05-scene0079_04-scene0079_03,canonical,2,cumulative_T1_to_T,1,0000000000000000000000000000000000000000000000000000000000000000,1422.67102,593637376,1822679040,1229041664,6767509504,0,0,2335085,6713760,85754,2685,0,100,torch.float32,1f7c14ad5e7d7457222d5254d3d8d0a695d97954
FH-CONT,137a8158-1db5-2cc0-8003-31c12610471e,scene0079_00-scene0079_09-scene0079_05-scene0079_04-scene0079_03,canonical,2,cumulative_T1_to_T,2,0000000000000000000000000000000000000000000000000000000000000000,1444.306006,593637376,1822681088,1229043712,6767509504,0,0,2335085,6713760,85754,2685,0,100,torch.float32,1f7c14ad5e7d7457222d5254d3d8d0a695d97954
FH-CONT,137a8158-1db5-2cc0-8003-31c12610471e,scene0079_00-scene0079_09-scene0079_05-scene0079_04-scene0079_03,canonical,2,cumulative_T1_to_T,3,0000000000000000000000000000000000000000000000000000000000000000,1438.946517,593637376,1822685696,1229048320,6767509504,0,0,2335085,6713760,85754,2685,0,100,torch.float32,1f7c14ad5e7d7457222d5254d3d8d0a695d97954
FH-CONT,137a8158-1db5-2cc0-8003-31c12610471e,scene0079_00-scene0079_09-scene0079_05-scene0079_04-scene0079_03,canonical,2,cumulative_T1_to_T,4,0000000000000000000000000000000000000000000000000000000000000000,1428.694593,593637376,1822686208,1229048832,6767509504,0,0,2335085,6713760,85754,2685,0,100,torch.float32,1f7c14ad5e7d7457222d5254d3d8d0a695d97954
FH-CONT,137a8158-1db5-2cc0-8003-31c12610471e,scene0079_00-scene0079_09-scene0079_05-scene0079_04-scene0079_03,canonical,2,cumulative_T1_to_T,5,0000000000000000000000000000000000000000000000000000000000000000,1476.163337,593637376,1822677504,1229040128,6767509504,0,0,2335085,6713760,85754,2685,0,100,torch.float32,1f7c14ad5e7d7457222d5254d3d8d0a695d97954
FH-CONT,137a8158-1db5-2cc0-8003-31c12610471e,scene0079_00-scene0079_09-scene0079_05-scene0079_04-scene0079_03,canonical,2,cumulative_T1_to_T,6,0000000000000000000000000000000000000000000000000000000000000000,1428.818213,593637376,1822680064,1229042688,6767509504,0,0,2335085,6713760,85754,2685,0,100,torch.float32,1f7c14ad5e7d7457222d5254d3d8d0a695d97954
FH-CONT,137a8158-1db5-2cc0-8003-31c12610471e,scene0079_00-scene0079_09-scene0079_05-scene0079_04-scene0079_03,canonical,2,cumulative_T1_to_T,7,0000000000000000000000000000000000000000000000000000000000000000,1427.007315,593637376,1822677504,1229040128,6767509504,0,0,2335085,6713760,85754,2685,0,100,torch.float32,1f7c14ad5e7d7457222d5254d3d8d0a695d97954
FH-CONT,137a8158-1db5-2cc0-8003-31c12610471e,scene0079_00-scene0079_09-scene0079_05-scene0079_04-scene0079_03,canonical,2,cumulative_T1_to_T,8,0000000000000000000000000000000000000000000000000000000000000000,1411.970754,593637376,1822680576,1229043200,6767509504,0,0,2335085,6713760,85754,2685,0,100,torch.float32,1f7c14ad5e7d7457222d5254d3d8d0a695d97954
FH-CONT,137a8158-1db5-2cc0-8003-31c12610471e,scene0079_00-scene0079_09-scene0079_05-scene0079_04-scene0079_03,canonical,2,cumulative_T1_to_T,9,0000000000000000000000000000000000000000000000000000000000000000,1441.30831,593637376,1822684672,1229047296,6767509504,0,0,2335085,6713760,85754,2685,0,100,torch.float32,1f7c14ad5e7d7457222d5254d3d8d0a695d97954
FH-CONT,137a8158-1db5-2cc0-8003-31c12610471e,scene0079_00-scene0079_09-scene0079_05-scene0079_04-scene0079_03,canonical,3,model_update,0,0000000000000000000000000000000000000000000000000000000000000000,860.851716,593637376,2477068288,1883430912,6767509504,0,0,3606167,10480349,131573,4313,0,100,torch.float32,1f7c14ad5e7d7457222d5254d3d8d0a695d97954
FH-CONT,137a8158-1db5-2cc0-8003-31c12610471e,scene0079_00-scene0079_09-scene0079_05-scene0079_04-scene0079_03,canonical,3,model_update,1,0000000000000000000000000000000000000000000000000000000000000000,886.213993,593637376,2477061120,1883423744,6767509504,0,0,3606167,10480349,131573,4313,0,100,torch.float32,1f7c14ad5e7d7457222d5254d3d8d0a695d97954
FH-CONT,137a8158-1db5-2cc0-8003-31c12610471e,scene0079_00-scene0079_09-scene0079_05-scene0079_04-scene0079_03,canonical,3,model_update,2,0000000000000000000000000000000000000000000000000000000000000000,876.038657,593637376,2477071872,1883434496,6767509504,0,0,3606167,10480349,131573,4313,0,100,torch.float32,1f7c14ad5e7d7457222d5254d3d8d0a695d97954
FH-CONT,137a8158-1db5-2cc0-8003-31c12610471e,scene0079_00-scene0079_09-scene0079_05-scene0079_04-scene0079_03,canonical,3,model_update,3,0000000000000000000000000000000000000000000000000000000000000000,786.721629,593637376,2477061120,1883423744,6767509504,0,0,3606167,10480349,131573,4313,0,100,torch.float32,1f7c14ad5e7d7457222d5254d3d8d0a695d97954
FH-CONT,137a8158-1db5-2cc0-8003-31c12610471e,scene0079_00-scene0079_09-scene0079_05-scene0079_04-scene0079_03,canonical,3,model_update,4,0000000000000000000000000000000000000000000000000000000000000000,858.63011,593637376,2477097472,1883460096,6767509504,0,0,3606167,10480349,131573,4313,0,100,torch.float32,1f7c14ad5e7d7457222d5254d3d8d0a695d97954
FH-CONT,137a8158-1db5-2cc0-8003-31c12610471e,scene0079_00-scene0079_09-scene0079_05-scene0079_04-scene0079_03,canonical,3,model_update,5,0000000000000000000000000000000000000000000000000000000000000000,853.294424,593637376,2477021696,1883384320,6767509504,0,0,3606167,10480349,131573,4313,0,100,torch.float32,1f7c14ad5e7d7457222d5254d3d8d0a695d97954
FH-CONT,137a8158-1db5-2cc0-8003-31c12610471e,scene0079_00-scene0079_09-scene0079_05-scene0079_04-scene0079_03,canonical,3,model_update,6,0000000000000000000000000000000000000000000000000000000000000000,865.991882,593637376,2477071872,1883434496,6767509504,0,0,3606167,10480349,131573,4313,0,100,torch.float32,1f7c14ad5e7d7457222d5254d3d8d0a695d97954
FH-CONT,137a8158-1db5-2cc0-8003-31c12610471e,scene0079_00-scene0079_09-scene0079_05-scene0079_04-scene0079_03,canonical,3,model_update,7,0000000000000000000000000000000000000000000000000000000000000000,811.198557,593637376,2477028864,1883391488,6767509504,0,0,3606167,10480349,131573,4313,0,100,torch.float32,1f7c14ad5e7d7457222d5254d3d8d0a695d97954
FH-CONT,137a8158-1db5-2cc0-8003-31c12610471e,scene0079_00-scene0079_09-scene0079_05-scene0079_04-scene0079_03,canonical,3,model_update,8,0000000000000000000000000000000000000000000000000000000000000000,752.121694,593637376,2477021696,1883384320,6767509504,0,0,3606167,10480349,131573,4313,0,100,torch.float32,1f7c14ad5e7d7457222d5254d3d8d0a695d97954
FH-CONT,137a8158-1db5-2cc0-8003-31c12610471e,scene0079_00-scene0079_09-scene0079_05-scene0079_04-scene0079_03,canonical,3,model_update,9,0000000000000000000000000000000000000000000000000000000000000000,800.38221,593637376,2477025280,1883387904,6767509504,0,0,3606167,10480349,131573,4313,0,100,torch.float32,1f7c14ad5e7d7457222d5254d3d8d0a695d97954
FH-CONT,137a8158-1db5-2cc0-8003-31c12610471e,scene0079_00-scene0079_09-scene0079_05-scene0079_04-scene0079_03,canonical,3,end_to_end_update,0,0000000000000000000000000000000000000000000000000000000000000000,1096.626689,593637376,2477064704,1883427328,6767509504,0,0,3606167,10480349,131573,4313,0,100,torch.float32,1f7c14ad5e7d7457222d5254d3d8d0a695d97954
FH-CONT,137a8158-1db5-2cc0-8003-31c12610471e,scene0079_00-scene0079_09-scene0079_05-scene0079_04-scene0079_03,canonical,3,end_to_end_update,1,0000000000000000000000000000000000000000000000000000000000000000,1094.549264,593637376,2477043200,1883405824,6767509504,0,0,3606167,10480349,131573,4313,0,100,torch.float32,1f7c14ad5e7d7457222d5254d3d8d0a695d97954
FH-CONT,137a8158-1db5-2cc0-8003-31c12610471e,scene0079_00-scene0079_09-scene0079_05-scene0079_04-scene0079_03,canonical,3,end_to_end_update,2,0000000000000000000000000000000000000000000000000000000000000000,1107.526795,593637376,2477101568,1883464192,6767509504,0,0,3606167,10480349,131573,4313,0,100,torch.float32,1f7c14ad5e7d7457222d5254d3d8d0a695d97954
FH-CONT,137a8158-1db5-2cc0-8003-31c12610471e,scene0079_00-scene0079_09-scene0079_05-scene0079_04-scene0079_03,canonical,3,end_to_end_update,3,0000000000000000000000000000000000000000000000000000000000000000,1096.173408,593637376,2477057536,1883420160,6767509504,0,0,3606167,10480349,131573,4313,0,100,torch.float32,1f7c14ad5e7d7457222d5254d3d8d0a695d97954
FH-CONT,137a8158-1db5-2cc0-8003-31c12610471e,scene0079_00-scene0079_09-scene0079_05-scene0079_04-scene0079_03,canonical,3,end_to_end_update,4,0000000000000000000000000000000000000000000000000000000000000000,1096.296575,593637376,2477050368,1883412992,6767509504,0,0,3606167,10480349,131573,4313,0,100,torch.float32,1f7c14ad5e7d7457222d5254d3d8d0a695d97954
FH-CONT,137a8158-1db5-2cc0-8003-31c12610471e,scene0079_00-scene0079_09-scene0079_05-scene0079_04-scene0079_03,canonical,3,end_to_end_update,5,0000000000000000000000000000000000000000000000000000000000000000,1089.895749,593637376,2477071872,1883434496,6767509504,0,0,3606167,10480349,131573,4313,0,100,torch.float32,1f7c14ad5e7d7457222d5254d3d8d0a695d97954
FH-CONT,137a8158-1db5-2cc0-8003-31c12610471e,scene0079_00-scene0079_09-scene0079_05-scene0079_04-scene0079_03,canonical,3,end_to_end_update,6,0000000000000000000000000000000000000000000000000000000000000000,1103.688369,593637376,2477061120,1883423744,6767509504,0,0,3606167,10480349,131573,4313,0,100,torch.float32,1f7c14ad5e7d7457222d5254d3d8d0a695d97954
FH-CONT,137a8158-1db5-2cc0-8003-31c12610471e,scene0079_00-scene0079_09-scene0079_05-scene0079_04-scene0079_03,canonical,3,end_to_end_update,7,0000000000000000000000000000000000000000000000000000000000000000,1111.229141,593637376,2477075456,1883438080,6767509504,0,0,3606167,10480349,131573,4313,0,100,torch.float32,1f7c14ad5e7d7457222d5254d3d8d0a695d97954
FH-CONT,137a8158-1db5-2cc0-8003-31c12610471e,scene0079_00-scene0079_09-scene0079_05-scene0079_04-scene0079_03,canonical,3,end_to_end_update,8,0000000000000000000000000000000000000000000000000000000000000000,1083.91768,593637376,2477050368,1883412992,6767509504,0,0,3606167,10480349,131573,4313,0,100,torch.float32,1f7c14ad5e7d7457222d5254d3d8d0a695d97954
FH-CONT,137a8158-1db5-2cc0-8003-31c12610471e,scene0079_00-scene0079_09-scene0079_05-scene0079_04-scene0079_03,canonical,3,end_to_end_update,9,0000000000000000000000000000000000000000000000000000000000000000,1117.761559,593637376,2477002752,1883365376,6767509504,0,0,3606167,10480349,131573,4313,0,100,torch.float32,1f7c14ad5e7d7457222d5254d3d8d0a695d97954
FH-CONT,137a8158-1db5-2cc0-8003-31c12610471e,scene0079_00-scene0079_09-scene0079_05-scene0079_04-scene0079_03,canonical,3,output_materialization,0,0000000000000000000000000000000000000000000000000000000000000000,8.988786,593637376,593637376,0,6767509504,0,0,3606167,10480349,131573,4313,0,100,torch.float32,1f7c14ad5e7d7457222d5254d3d8d0a695d97954
FH-CONT,137a8158-1db5-2cc0-8003-31c12610471e,scene0079_00-scene0079_09-scene0079_05-scene0079_04-scene0079_03,canonical,3,output_materialization,1,0000000000000000000000000000000000000000000000000000000000000000,8.985155,593637376,593637376,0,6767509504,0,0,3606167,10480349,131573,4313,0,100,torch.float32,1f7c14ad5e7d7457222d5254d3d8d0a695d97954
FH-CONT,137a8158-1db5-2cc0-8003-31c12610471e,scene0079_00-scene0079_09-scene0079_05-scene0079_04-scene0079_03,canonical,3,output_materialization,2,0000000000000000000000000000000000000000000000000000000000000000,8.968426,593637376,593637376,0,6767509504,0,0,3606167,10480349,131573,4313,0,100,torch.float32,1f7c14ad5e7d7457222d5254d3d8d0a695d97954
FH-CONT,137a8158-1db5-2cc0-8003-31c12610471e,scene0079_00-scene0079_09-scene0079_05-scene0079_04-scene0079_03,canonical,3,output_materialization,3,0000000000000000000000000000000000000000000000000000000000000000,8.943676,593637376,593637376,0,6767509504,0,0,3606167,10480349,131573,4313,0,100,torch.float32,1f7c14ad5e7d7457222d5254d3d8d0a695d97954
FH-CONT,137a8158-1db5-2cc0-8003-31c12610471e,scene0079_00-scene0079_09-scene0079_05-scene0079_04-scene0079_03,canonical,3,output_materialization,4,0000000000000000000000000000000000000000000000000000000000000000,8.986166,593637376,593637376,0,6767509504,0,0,3606167,10480349,131573,4313,0,100,torch.float32,1f7c14ad5e7d7457222d5254d3d8d0a695d97954
FH-CONT,137a8158-1db5-2cc0-8003-31c12610471e,scene0079_00-scene0079_09-scene0079_05-scene0079_04-scene0079_03,canonical,3,output_materialization,5,0000000000000000000000000000000000000000000000000000000000000000,8.98501,593637376,593637376,0,6767509504,0,0,3606167,10480349,131573,4313,0,100,torch.float32,1f7c14ad5e7d7457222d5254d3d8d0a695d97954
FH-CONT,137a8158-1db5-2cc0-8003-31c12610471e,scene0079_00-scene0079_09-scene0079_05-scene0079_04-scene0079_03,canonical,3,output_materialization,6,0000000000000000000000000000000000000000000000000000000000000000,8.930434,593637376,593637376,0,6767509504,0,0,3606167,10480349,131573,4313,0,100,torch.float32,1f7c14ad5e7d7457222d5254d3d8d0a695d97954
FH-CONT,137a8158-1db5-2cc0-8003-31c12610471e,scene0079_00-scene0079_09-scene0079_05-scene0079_04-scene0079_03,canonical,3,output_materialization,7,0000000000000000000000000000000000000000000000000000000000000000,9.047344,593637376,593637376,0,6767509504,0,0,3606167,10480349,131573,4313,0,100,torch.float32,1f7c14ad5e7d7457222d5254d3d8d0a695d97954
FH-CONT,137a8158-1db5-2cc0-8003-31c12610471e,scene0079_00-scene0079_09-scene0079_05-scene0079_04-scene0079_03,canonical,3,output_materialization,8,0000000000000000000000000000000000000000000000000000000000000000,8.845747,593637376,593637376,0,6767509504,0,0,3606167,10480349,131573,4313,0,100,torch.float32,1f7c14ad5e7d7457222d5254d3d8d0a695d97954
FH-CONT,137a8158-1db5-2cc0-8003-31c12610471e,scene0079_00-scene0079_09-scene0079_05-scene0079_04-scene0079_03,canonical,3,output_materialization,9,0000000000000000000000000000000000000000000000000000000000000000,8.82872,593637376,593637376,0,6767509504,0,0,3606167,10480349,131573,4313,0,100,torch.float32,1f7c14ad5e7d7457222d5254d3d8d0a695d97954
FH-CONT,137a8158-1db5-2cc0-8003-31c12610471e,scene0079_00-scene0079_09-scene0079_05-scene0079_04-scene0079_03,canonical,3,cumulative_T1_to_T,0,0000000000000000000000000000000000000000000000000000000000000000,2509.58954,593637376,2474843648,1881206272,6767509504,0,0,3606167,10480349,131573,4313,0,100,torch.float32,1f7c14ad5e7d7457222d5254d3d8d0a695d97954
FH-CONT,137a8158-1db5-2cc0-8003-31c12610471e,scene0079_00-scene0079_09-scene0079_05-scene0079_04-scene0079_03,canonical,3,cumulative_T1_to_T,1,0000000000000000000000000000000000000000000000000000000000000000,2548.848911,593637376,2474849792,1881212416,6767509504,0,0,3606167,10480349,131573,4313,0,100,torch.float32,1f7c14ad5e7d7457222d5254d3d8d0a695d97954
FH-CONT,137a8158-1db5-2cc0-8003-31c12610471e,scene0079_00-scene0079_09-scene0079_05-scene0079_04-scene0079_03,canonical,3,cumulative_T1_to_T,2,0000000000000000000000000000000000000000000000000000000000000000,2507.16423,593637376,2474839552,1881202176,6767509504,0,0,3606167,10480349,131573,4313,0,100,torch.float32,1f7c14ad5e7d7457222d5254d3d8d0a695d97954
FH-CONT,137a8158-1db5-2cc0-8003-31c12610471e,scene0079_00-scene0079_09-scene0079_05-scene0079_04-scene0079_03,canonical,3,cumulative_T1_to_T,3,0000000000000000000000000000000000000000000000000000000000000000,2568.329114,593637376,2474835456,1881198080,6767509504,0,0,3606167,10480349,131573,4313,0,100,torch.float32,1f7c14ad5e7d7457222d5254d3d8d0a695d97954
FH-CONT,137a8158-1db5-2cc0-8003-31c12610471e,scene0079_00-scene0079_09-scene0079_05-scene0079_04-scene0079_03,canonical,3,cumulative_T1_to_T,4,0000000000000000000000000000000000000000000000000000000000000000,2555.589694,593637376,2474847744,1881210368,6767509504,0,0,3606167,10480349,131573,4313,0,100,torch.float32,1f7c14ad5e7d7457222d5254d3d8d0a695d97954
FH-CONT,137a8158-1db5-2cc0-8003-31c12610471e,scene0079_00-scene0079_09-scene0079_05-scene0079_04-scene0079_03,canonical,3,cumulative_T1_to_T,5,0000000000000000000000000000000000000000000000000000000000000000,2545.860534,593637376,2474847744,1881210368,6767509504,0,0,3606167,10480349,131573,4313,0,100,torch.float32,1f7c14ad5e7d7457222d5254d3d8d0a695d97954
FH-CONT,137a8158-1db5-2cc0-8003-31c12610471e,scene0079_00-scene0079_09-scene0079_05-scene0079_04-scene0079_03,canonical,3,cumulative_T1_to_T,6,0000000000000000000000000000000000000000000000000000000000000000,2550.736262,593637376,2474847744,1881210368,6767509504,0,0,3606167,10480349,131573,4313,0,100,torch.float32,1f7c14ad5e7d7457222d5254d3d8d0a695d97954
FH-CONT,137a8158-1db5-2cc0-8003-31c12610471e,scene0079_00-scene0079_09-scene0079_05-scene0079_04-scene0079_03,canonical,3,cumulative_T1_to_T,7,0000000000000000000000000000000000000000000000000000000000000000,2463.409037,593637376,2474845696,1881208320,6767509504,0,0,3606167,10480349,131573,4313,0,100,torch.float32,1f7c14ad5e7d7457222d5254d3d8d0a695d97954
FH-CONT,137a8158-1db5-2cc0-8003-31c12610471e,scene0079_00-scene0079_09-scene0079_05-scene0079_04-scene0079_03,canonical,3,cumulative_T1_to_T,8,0000000000000000000000000000000000000000000000000000000000000000,2534.069442,593637376,2474870272,1881232896,6767509504,0,0,3606167,10480349,131573,4313,0,100,torch.float32,1f7c14ad5e7d7457222d5254d3d8d0a695d97954
FH-CONT,137a8158-1db5-2cc0-8003-31c12610471e,scene0079_00-scene0079_09-scene0079_05-scene0079_04-scene0079_03,canonical,3,cumulative_T1_to_T,9,0000000000000000000000000000000000000000000000000000000000000000,2511.791833,593637376,2474885632,1881248256,6767509504,0,0,3606167,10480349,131573,4313,0,100,torch.float32,1f7c14ad5e7d7457222d5254d3d8d0a695d97954
FH-CONT,137a8158-1db5-2cc0-8003-31c12610471e,scene0079_00-scene0079_09-scene0079_05-scene0079_04-scene0079_03,canonical,4,model_update,0,0000000000000000000000000000000000000000000000000000000000000000,822.33289,593637376,2637716480,2044079104,6767509504,0,0,3899440,11183898,142835,4695,0,100,torch.float32,1f7c14ad5e7d7457222d5254d3d8d0a695d97954
FH-CONT,137a8158-1db5-2cc0-8003-31c12610471e,scene0079_00-scene0079_09-scene0079_05-scene0079_04-scene0079_03,canonical,4,model_update,1,0000000000000000000000000000000000000000000000000000000000000000,808.082796,593637376,2637761024,2044123648,6767509504,0,0,3899440,11183898,142835,4695,0,100,torch.float32,1f7c14ad5e7d7457222d5254d3d8d0a695d97954
FH-CONT,137a8158-1db5-2cc0-8003-31c12610471e,scene0079_00-scene0079_09-scene0079_05-scene0079_04-scene0079_03,canonical,4,model_update,2,0000000000000000000000000000000000000000000000000000000000000000,807.463443,593637376,2637791744,2044154368,6767509504,0,0,3899440,11183898,142835,4695,0,100,torch.float32,1f7c14ad5e7d7457222d5254d3d8d0a695d97954
FH-CONT,137a8158-1db5-2cc0-8003-31c12610471e,scene0079_00-scene0079_09-scene0079_05-scene0079_04-scene0079_03,canonical,4,model_update,3,0000000000000000000000000000000000000000000000000000000000000000,838.638117,593637376,2637743616,2044106240,6767509504,0,0,3899440,11183898,142835,4695,0,100,torch.float32,1f7c14ad5e7d7457222d5254d3d8d0a695d97954
FH-CONT,137a8158-1db5-2cc0-8003-31c12610471e,scene0079_00-scene0079_09-scene0079_05-scene0079_04-scene0079_03,canonical,4,model_update,4,0000000000000000000000000000000000000000000000000000000000000000,885.076602,593637376,2637787648,2044150272,6767509504,0,0,3899440,11183898,142835,4695,0,100,torch.float32,1f7c14ad5e7d7457222d5254d3d8d0a695d97954
FH-CONT,137a8158-1db5-2cc0-8003-31c12610471e,scene0079_00-scene0079_09-scene0079_05-scene0079_04-scene0079_03,canonical,4,model_update,5,0000000000000000000000000000000000000000000000000000000000000000,907.581838,593637376,2637782528,2044145152,6767509504,0,0,3899440,11183898,142835,4695,0,100,torch.float32,1f7c14ad5e7d7457222d5254d3d8d0a695d97954
FH-CONT,137a8158-1db5-2cc0-8003-31c12610471e,scene0079_00-scene0079_09-scene0079_05-scene0079_04-scene0079_03,canonical,4,model_update,6,0000000000000000000000000000000000000000000000000000000000000000,929.554739,593637376,2637726208,2044088832,6767509504,0,0,3899440,11183898,142835,4695,0,100,torch.float32,1f7c14ad5e7d7457222d5254d3d8d0a695d97954
FH-CONT,137a8158-1db5-2cc0-8003-31c12610471e,scene0079_00-scene0079_09-scene0079_05-scene0079_04-scene0079_03,canonical,4,model_update,7,0000000000000000000000000000000000000000000000000000000000000000,821.036979,593637376,2637791744,2044154368,6767509504,0,0,3899440,11183898,142835,4695,0,100,torch.float32,1f7c14ad5e7d7457222d5254d3d8d0a695d97954
FH-CONT,137a8158-1db5-2cc0-8003-31c12610471e,scene0079_00-scene0079_09-scene0079_05-scene0079_04-scene0079_03,canonical,4,model_update,8,0000000000000000000000000000000000000000000000000000000000000000,818.63247,593637376,2637782528,2044145152,6767509504,0,0,3899440,11183898,142835,4695,0,100,torch.float32,1f7c14ad5e7d7457222d5254d3d8d0a695d97954
FH-CONT,137a8158-1db5-2cc0-8003-31c12610471e,scene0079_00-scene0079_09-scene0079_05-scene0079_04-scene0079_03,canonical,4,model_update,9,0000000000000000000000000000000000000000000000000000000000000000,819.590161,593637376,2637774336,2044136960,6767509504,0,0,3899440,11183898,142835,4695,0,100,torch.float32,1f7c14ad5e7d7457222d5254d3d8d0a695d97954
FH-CONT,137a8158-1db5-2cc0-8003-31c12610471e,scene0079_00-scene0079_09-scene0079_05-scene0079_04-scene0079_03,canonical,4,end_to_end_update,0,0000000000000000000000000000000000000000000000000000000000000000,1327.734308,593637376,2637787648,2044150272,6767509504,0,0,3899440,11183898,142835,4695,0,100,torch.float32,1f7c14ad5e7d7457222d5254d3d8d0a695d97954
FH-CONT,137a8158-1db5-2cc0-8003-31c12610471e,scene0079_00-scene0079_09-scene0079_05-scene0079_04-scene0079_03,canonical,4,end_to_end_update,1,0000000000000000000000000000000000000000000000000000000000000000,1245.00989,593637376,2637724672,2044087296,6767509504,0,0,3899440,11183898,142835,4695,0,100,torch.float32,1f7c14ad5e7d7457222d5254d3d8d0a695d97954
FH-CONT,137a8158-1db5-2cc0-8003-31c12610471e,scene0079_00-scene0079_09-scene0079_05-scene0079_04-scene0079_03,canonical,4,end_to_end_update,2,0000000000000000000000000000000000000000000000000000000000000000,1201.693481,593637376,2637770240,2044132864,6767509504,0,0,3899440,11183898,142835,4695,0,100,torch.float32,1f7c14ad5e7d7457222d5254d3d8d0a695d97954
FH-CONT,137a8158-1db5-2cc0-8003-31c12610471e,scene0079_00-scene0079_09-scene0079_05-scene0079_04-scene0079_03,canonical,4,end_to_end_update,3,0000000000000000000000000000000000000000000000000000000000000000,1314.491167,593637376,2637734400,2044097024,6767509504,0,0,3899440,11183898,142835,4695,0,100,torch.float32,1f7c14ad5e7d7457222d5254d3d8d0a695d97954
FH-CONT,137a8158-1db5-2cc0-8003-31c12610471e,scene0079_00-scene0079_09-scene0079_05-scene0079_04-scene0079_03,canonical,4,end_to_end_update,4,0000000000000000000000000000000000000000000000000000000000000000,1239.522514,593637376,2637778432,2044141056,6767509504,0,0,3899440,11183898,142835,4695,0,100,torch.float32,1f7c14ad5e7d7457222d5254d3d8d0a695d97954
FH-CONT,137a8158-1db5-2cc0-8003-31c12610471e,scene0079_00-scene0079_09-scene0079_05-scene0079_04-scene0079_03,canonical,4,end_to_end_update,5,0000000000000000000000000000000000000000000000000000000000000000,1274.047339,593637376,2637810176,2044172800,6767509504,0,0,3899440,11183898,142835,4695,0,100,torch.float32,1f7c14ad5e7d7457222d5254d3d8d0a695d97954
FH-CONT,137a8158-1db5-2cc0-8003-31c12610471e,scene0079_00-scene0079_09-scene0079_05-scene0079_04-scene0079_03,canonical,4,end_to_end_update,6,0000000000000000000000000000000000000000000000000000000000000000,1184.419821,593637376,2637823488,2044186112,6767509504,0,0,3899440,11183898,142835,4695,0,100,torch.float32,1f7c14ad5e7d7457222d5254d3d8d0a695d97954
FH-CONT,137a8158-1db5-2cc0-8003-31c12610471e,scene0079_00-scene0079_09-scene0079_05-scene0079_04-scene0079_03,canonical,4,end_to_end_update,7,0000000000000000000000000000000000000000000000000000000000000000,1174.353233,593637376,2637751808,2044114432,6767509504,0,0,3899440,11183898,142835,4695,0,100,torch.float32,1f7c14ad5e7d7457222d5254d3d8d0a695d97954
FH-CONT,137a8158-1db5-2cc0-8003-31c12610471e,scene0079_00-scene0079_09-scene0079_05-scene0079_04-scene0079_03,canonical,4,end_to_end_update,8,0000000000000000000000000000000000000000000000000000000000000000,1186.400944,593637376,2637795840,2044158464,6767509504,0,0,3899440,11183898,142835,4695,0,100,torch.float32,1f7c14ad5e7d7457222d5254d3d8d0a695d97954
FH-CONT,137a8158-1db5-2cc0-8003-31c12610471e,scene0079_00-scene0079_09-scene0079_05-scene0079_04-scene0079_03,canonical,4,end_to_end_update,9,0000000000000000000000000000000000000000000000000000000000000000,1236.50289,593637376,2637751808,2044114432,6767509504,0,0,3899440,11183898,142835,4695,0,100,torch.float32,1f7c14ad5e7d7457222d5254d3d8d0a695d97954
FH-CONT,137a8158-1db5-2cc0-8003-31c12610471e,scene0079_00-scene0079_09-scene0079_05-scene0079_04-scene0079_03,canonical,4,output_materialization,0,0000000000000000000000000000000000000000000000000000000000000000,9.812875,593637376,593637376,0,6767509504,0,0,3899440,11183898,142835,4695,0,100,torch.float32,1f7c14ad5e7d7457222d5254d3d8d0a695d97954
FH-CONT,137a8158-1db5-2cc0-8003-31c12610471e,scene0079_00-scene0079_09-scene0079_05-scene0079_04-scene0079_03,canonical,4,output_materialization,1,0000000000000000000000000000000000000000000000000000000000000000,10.022287,593637376,593637376,0,6767509504,0,0,3899440,11183898,142835,4695,0,100,torch.float32,1f7c14ad5e7d7457222d5254d3d8d0a695d97954
FH-CONT,137a8158-1db5-2cc0-8003-31c12610471e,scene0079_00-scene0079_09-scene0079_05-scene0079_04-scene0079_03,canonical,4,output_materialization,2,0000000000000000000000000000000000000000000000000000000000000000,10.036846,593637376,593637376,0,6767509504,0,0,3899440,11183898,142835,4695,0,100,torch.float32,1f7c14ad5e7d7457222d5254d3d8d0a695d97954
FH-CONT,137a8158-1db5-2cc0-8003-31c12610471e,scene0079_00-scene0079_09-scene0079_05-scene0079_04-scene0079_03,canonical,4,output_materialization,3,0000000000000000000000000000000000000000000000000000000000000000,9.942446,593637376,593637376,0,6767509504,0,0,3899440,11183898,142835,4695,0,100,torch.float32,1f7c14ad5e7d7457222d5254d3d8d0a695d97954
FH-CONT,137a8158-1db5-2cc0-8003-31c12610471e,scene0079_00-scene0079_09-scene0079_05-scene0079_04-scene0079_03,canonical,4,output_materialization,4,0000000000000000000000000000000000000000000000000000000000000000,9.839255,593637376,593637376,0,6767509504,0,0,3899440,11183898,142835,4695,0,100,torch.float32,1f7c14ad5e7d7457222d5254d3d8d0a695d97954
FH-CONT,137a8158-1db5-2cc0-8003-31c12610471e,scene0079_00-scene0079_09-scene0079_05-scene0079_04-scene0079_03,canonical,4,output_materialization,5,0000000000000000000000000000000000000000000000000000000000000000,9.597468,593637376,593637376,0,6767509504,0,0,3899440,11183898,142835,4695,0,100,torch.float32,1f7c14ad5e7d7457222d5254d3d8d0a695d97954
FH-CONT,137a8158-1db5-2cc0-8003-31c12610471e,scene0079_00-scene0079_09-scene0079_05-scene0079_04-scene0079_03,canonical,4,output_materialization,6,0000000000000000000000000000000000000000000000000000000000000000,9.874598,593637376,593637376,0,6767509504,0,0,3899440,11183898,142835,4695,0,100,torch.float32,1f7c14ad5e7d7457222d5254d3d8d0a695d97954
FH-CONT,137a8158-1db5-2cc0-8003-31c12610471e,scene0079_00-scene0079_09-scene0079_05-scene0079_04-scene0079_03,canonical,4,output_materialization,7,0000000000000000000000000000000000000000000000000000000000000000,9.123952,593637376,593637376,0,6767509504,0,0,3899440,11183898,142835,4695,0,100,torch.float32,1f7c14ad5e7d7457222d5254d3d8d0a695d97954
FH-CONT,137a8158-1db5-2cc0-8003-31c12610471e,scene0079_00-scene0079_09-scene0079_05-scene0079_04-scene0079_03,canonical,4,output_materialization,8,0000000000000000000000000000000000000000000000000000000000000000,9.058534,593637376,593637376,0,6767509504,0,0,3899440,11183898,142835,4695,0,100,torch.float32,1f7c14ad5e7d7457222d5254d3d8d0a695d97954
FH-CONT,137a8158-1db5-2cc0-8003-31c12610471e,scene0079_00-scene0079_09-scene0079_05-scene0079_04-scene0079_03,canonical,4,output_materialization,9,0000000000000000000000000000000000000000000000000000000000000000,9.095965,593637376,593637376,0,6767509504,0,0,3899440,11183898,142835,4695,0,100,torch.float32,1f7c14ad5e7d7457222d5254d3d8d0a695d97954
FH-CONT,137a8158-1db5-2cc0-8003-31c12610471e,scene0079_00-scene0079_09-scene0079_05-scene0079_04-scene0079_03,canonical,4,cumulative_T1_to_T,0,0000000000000000000000000000000000000000000000000000000000000000,3780.804226,593637376,2635752448,2042115072,6767509504,0,0,3899440,11183898,142835,4695,0,100,torch.float32,1f7c14ad5e7d7457222d5254d3d8d0a695d97954
FH-CONT,137a8158-1db5-2cc0-8003-31c12610471e,scene0079_00-scene0079_09-scene0079_05-scene0079_04-scene0079_03,canonical,4,cumulative_T1_to_T,1,0000000000000000000000000000000000000000000000000000000000000000,3749.137972,593637376,2635807232,2042169856,6767509504,0,0,3899440,11183898,142835,4695,0,100,torch.float32,1f7c14ad5e7d7457222d5254d3d8d0a695d97954
FH-CONT,137a8158-1db5-2cc0-8003-31c12610471e,scene0079_00-scene0079_09-scene0079_05-scene0079_04-scene0079_03,canonical,4,cumulative_T1_to_T,2,0000000000000000000000000000000000000000000000000000000000000000,3803.535747,593637376,2635738112,2042100736,6767509504,0,0,3899440,11183898,142835,4695,0,100,torch.float32,1f7c14ad5e7d7457222d5254d3d8d0a695d97954
FH-CONT,137a8158-1db5-2cc0-8003-31c12610471e,scene0079_00-scene0079_09-scene0079_05-scene0079_04-scene0079_03,canonical,4,cumulative_T1_to_T,3,0000000000000000000000000000000000000000000000000000000000000000,3839.010956,593637376,2635784704,2042147328,6767509504,0,0,3899440,11183898,142835,4695,0,100,torch.float32,1f7c14ad5e7d7457222d5254d3d8d0a695d97954
FH-CONT,137a8158-1db5-2cc0-8003-31c12610471e,scene0079_00-scene0079_09-scene0079_05-scene0079_04-scene0079_03,canonical,4,cumulative_T1_to_T,4,0000000000000000000000000000000000000000000000000000000000000000,3808.419803,593637376,2635796480,2042159104,6767509504,0,0,3899440,11183898,142835,4695,0,100,torch.float32,1f7c14ad5e7d7457222d5254d3d8d0a695d97954
FH-CONT,137a8158-1db5-2cc0-8003-31c12610471e,scene0079_00-scene0079_09-scene0079_05-scene0079_04-scene0079_03,canonical,4,cumulative_T1_to_T,5,0000000000000000000000000000000000000000000000000000000000000000,3872.874213,593637376,2635787776,2042150400,6767509504,0,0,3899440,11183898,142835,4695,0,100,torch.float32,1f7c14ad5e7d7457222d5254d3d8d0a695d97954
FH-CONT,137a8158-1db5-2cc0-8003-31c12610471e,scene0079_00-scene0079_09-scene0079_05-scene0079_04-scene0079_03,canonical,4,cumulative_T1_to_T,6,0000000000000000000000000000000000000000000000000000000000000000,3895.840705,593637376,2635749888,2042112512,6767509504,0,0,3899440,11183898,142835,4695,0,100,torch.float32,1f7c14ad5e7d7457222d5254d3d8d0a695d97954
FH-CONT,137a8158-1db5-2cc0-8003-31c12610471e,scene0079_00-scene0079_09-scene0079_05-scene0079_04-scene0079_03,canonical,4,cumulative_T1_to_T,7,0000000000000000000000000000000000000000000000000000000000000000,3791.455244,593637376,2635771392,2042134016,6767509504,0,0,3899440,11183898,142835,4695,0,100,torch.float32,1f7c14ad5e7d7457222d5254d3d8d0a695d97954
FH-CONT,137a8158-1db5-2cc0-8003-31c12610471e,scene0079_00-scene0079_09-scene0079_05-scene0079_04-scene0079_03,canonical,4,cumulative_T1_to_T,8,0000000000000000000000000000000000000000000000000000000000000000,3764.292237,593637376,2635799552,2042162176,6767509504,0,0,3899440,11183898,142835,4695,0,100,torch.float32,1f7c14ad5e7d7457222d5254d3d8d0a695d97954
FH-CONT,137a8158-1db5-2cc0-8003-31c12610471e,scene0079_00-scene0079_09-scene0079_05-scene0079_04-scene0079_03,canonical,4,cumulative_T1_to_T,9,0000000000000000000000000000000000000000000000000000000000000000,3725.048998,593637376,2635768320,2042130944,6767509504,0,0,3899440,11183898,142835,4695,0,100,torch.float32,1f7c14ad5e7d7457222d5254d3d8d0a695d97954
FH-CONT,137a8158-1db5-2cc0-8003-31c12610471e,scene0079_00-scene0079_09-scene0079_05-scene0079_04-scene0079_03,canonical,5,model_update,0,0000000000000000000000000000000000000000000000000000000000000000,965.196729,593637376,2992790016,2399152640,6767509504,0,0,4610093,13255831,168113,5610,0,100,torch.float32,1f7c14ad5e7d7457222d5254d3d8d0a695d97954
FH-CONT,137a8158-1db5-2cc0-8003-31c12610471e,scene0079_00-scene0079_09-scene0079_05-scene0079_04-scene0079_03,canonical,5,model_update,1,0000000000000000000000000000000000000000000000000000000000000000,934.579597,593637376,2992680448,2399043072,6767509504,0,0,4610093,13255831,168113,5610,0,100,torch.float32,1f7c14ad5e7d7457222d5254d3d8d0a695d97954
FH-CONT,137a8158-1db5-2cc0-8003-31c12610471e,scene0079_00-scene0079_09-scene0079_05-scene0079_04-scene0079_03,canonical,5,model_update,2,0000000000000000000000000000000000000000000000000000000000000000,934.704388,593637376,2992752128,2399114752,6767509504,0,0,4610093,13255831,168113,5610,0,100,torch.float32,1f7c14ad5e7d7457222d5254d3d8d0a695d97954
FH-CONT,137a8158-1db5-2cc0-8003-31c12610471e,scene0079_00-scene0079_09-scene0079_05-scene0079_04-scene0079_03,canonical,5,model_update,3,0000000000000000000000000000000000000000000000000000000000000000,1003.0447,593637376,2992712704,2399075328,6767509504,0,0,4610093,13255831,168113,5610,0,100,torch.float32,1f7c14ad5e7d7457222d5254d3d8d0a695d97954
FH-CONT,137a8158-1db5-2cc0-8003-31c12610471e,scene0079_00-scene0079_09-scene0079_05-scene0079_04-scene0079_03,canonical,5,model_update,4,0000000000000000000000000000000000000000000000000000000000000000,1013.749337,593637376,2992770560,2399133184,6767509504,0,0,4610093,13255831,168113,5610,0,100,torch.float32,1f7c14ad5e7d7457222d5254d3d8d0a695d97954
FH-CONT,137a8158-1db5-2cc0-8003-31c12610471e,scene0079_00-scene0079_09-scene0079_05-scene0079_04-scene0079_03,canonical,5,model_update,5,0000000000000000000000000000000000000000000000000000000000000000,1006.038259,593637376,2992732672,2399095296,6767509504,0,0,4610093,13255831,168113,5610,0,100,torch.float32,1f7c14ad5e7d7457222d5254d3d8d0a695d97954
FH-CONT,137a8158-1db5-2cc0-8003-31c12610471e,scene0079_00-scene0079_09-scene0079_05-scene0079_04-scene0079_03,canonical,5,model_update,6,0000000000000000000000000000000000000000000000000000000000000000,935.783435,593637376,2992822784,2399185408,6767509504,0,0,4610093,13255831,168113,5610,0,100,torch.float32,1f7c14ad5e7d7457222d5254d3d8d0a695d97954
FH-CONT,137a8158-1db5-2cc0-8003-31c12610471e,scene0079_00-scene0079_09-scene0079_05-scene0079_04-scene0079_03,canonical,5,model_update,7,0000000000000000000000000000000000000000000000000000000000000000,928.033481,593637376,2992849920,2399212544,6767509504,0,0,4610093,13255831,168113,5610,0,100,torch.float32,1f7c14ad5e7d7457222d5254d3d8d0a695d97954
FH-CONT,137a8158-1db5-2cc0-8003-31c12610471e,scene0079_00-scene0079_09-scene0079_05-scene0079_04-scene0079_03,canonical,5,model_update,8,0000000000000000000000000000000000000000000000000000000000000000,926.64274,593637376,2992653824,2399016448,6767509504,0,0,4610093,13255831,168113,5610,0,100,torch.float32,1f7c14ad5e7d7457222d5254d3d8d0a695d97954
FH-CONT,137a8158-1db5-2cc0-8003-31c12610471e,scene0079_00-scene0079_09-scene0079_05-scene0079_04-scene0079_03,canonical,5,model_update,9,0000000000000000000000000000000000000000000000000000000000000000,920.943109,593637376,2992712704,2399075328,6767509504,0,0,4610093,13255831,168113,5610,0,100,torch.float32,1f7c14ad5e7d7457222d5254d3d8d0a695d97954
FH-CONT,137a8158-1db5-2cc0-8003-31c12610471e,scene0079_00-scene0079_09-scene0079_05-scene0079_04-scene0079_03,canonical,5,end_to_end_update,0,0000000000000000000000000000000000000000000000000000000000000000,1384.69627,593637376,2992758272,2399120896,6767509504,0,0,4610093,13255831,168113,5610,0,100,torch.float32,1f7c14ad5e7d7457222d5254d3d8d0a695d97954
FH-CONT,137a8158-1db5-2cc0-8003-31c12610471e,scene0079_00-scene0079_09-scene0079_05-scene0079_04-scene0079_03,canonical,5,end_to_end_update,1,0000000000000000000000000000000000000000000000000000000000000000,1376.99572,593637376,2992809472,2399172096,6767509504,0,0,4610093,13255831,168113,5610,0,100,torch.float32,1f7c14ad5e7d7457222d5254d3d8d0a695d97954
FH-CONT,137a8158-1db5-2cc0-8003-31c12610471e,scene0079_00-scene0079_09-scene0079_05-scene0079_04-scene0079_03,canonical,5,end_to_end_update,2,0000000000000000000000000000000000000000000000000000000000000000,1443.761929,593637376,2992738816,2399101440,6767509504,0,0,4610093,13255831,168113,5610,0,100,torch.float32,1f7c14ad5e7d7457222d5254d3d8d0a695d97954
FH-CONT,137a8158-1db5-2cc0-8003-31c12610471e,scene0079_00-scene0079_09-scene0079_05-scene0079_04-scene0079_03,canonical,5,end_to_end_update,3,0000000000000000000000000000000000000000000000000000000000000000,1407.711815,593637376,2992776704,2399139328,6767509504,0,0,4610093,13255831,168113,5610,0,100,torch.float32,1f7c14ad5e7d7457222d5254d3d8d0a695d97954
FH-CONT,137a8158-1db5-2cc0-8003-31c12610471e,scene0079_00-scene0079_09-scene0079_05-scene0079_04-scene0079_03,canonical,5,end_to_end_update,4,0000000000000000000000000000000000000000000000000000000000000000,1404.01666,593637376,2992738816,2399101440,6767509504,0,0,4610093,13255831,168113,5610,0,100,torch.float32,1f7c14ad5e7d7457222d5254d3d8d0a695d97954
FH-CONT,137a8158-1db5-2cc0-8003-31c12610471e,scene0079_00-scene0079_09-scene0079_05-scene0079_04-scene0079_03,canonical,5,end_to_end_update,5,0000000000000000000000000000000000000000000000000000000000000000,1416.920541,593637376,2992712704,2399075328,6767509504,0,0,4610093,13255831,168113,5610,0,100,torch.float32,1f7c14ad5e7d7457222d5254d3d8d0a695d97954
FH-CONT,137a8158-1db5-2cc0-8003-31c12610471e,scene0079_00-scene0079_09-scene0079_05-scene0079_04-scene0079_03,canonical,5,end_to_end_update,6,0000000000000000000000000000000000000000000000000000000000000000,1373.316861,593637376,2992712704,2399075328,6767509504,0,0,4610093,13255831,168113,5610,0,100,torch.float32,1f7c14ad5e7d7457222d5254d3d8d0a695d97954
FH-CONT,137a8158-1db5-2cc0-8003-31c12610471e,scene0079_00-scene0079_09-scene0079_05-scene0079_04-scene0079_03,canonical,5,end_to_end_update,7,0000000000000000000000000000000000000000000000000000000000000000,1383.171508,593637376,2992673280,2399035904,6767509504,0,0,4610093,13255831,168113,5610,0,100,torch.float32,1f7c14ad5e7d7457222d5254d3d8d0a695d97954
FH-CONT,137a8158-1db5-2cc0-8003-31c12610471e,scene0079_00-scene0079_09-scene0079_05-scene0079_04-scene0079_03,canonical,5,end_to_end_update,8,0000000000000000000000000000000000000000000000000000000000000000,1394.578245,593637376,2992647680,2399010304,6767509504,0,0,4610093,13255831,168113,5610,0,100,torch.float32,1f7c14ad5e7d7457222d5254d3d8d0a695d97954
FH-CONT,137a8158-1db5-2cc0-8003-31c12610471e,scene0079_00-scene0079_09-scene0079_05-scene0079_04-scene0079_03,canonical,5,end_to_end_update,9,0000000000000000000000000000000000000000000000000000000000000000,1403.00909,593637376,2992776704,2399139328,6767509504,0,0,4610093,13255831,168113,5610,0,100,torch.float32,1f7c14ad5e7d7457222d5254d3d8d0a695d97954
FH-CONT,137a8158-1db5-2cc0-8003-31c12610471e,scene0079_00-scene0079_09-scene0079_05-scene0079_04-scene0079_03,canonical,5,output_materialization,0,0000000000000000000000000000000000000000000000000000000000000000,10.977066,593637376,593637376,0,6767509504,0,0,4610093,13255831,168113,5610,0,100,torch.float32,1f7c14ad5e7d7457222d5254d3d8d0a695d97954
FH-CONT,137a8158-1db5-2cc0-8003-31c12610471e,scene0079_00-scene0079_09-scene0079_05-scene0079_04-scene0079_03,canonical,5,output_materialization,1,0000000000000000000000000000000000000000000000000000000000000000,10.836217,593637376,593637376,0,6767509504,0,0,4610093,13255831,168113,5610,0,100,torch.float32,1f7c14ad5e7d7457222d5254d3d8d0a695d97954
FH-CONT,137a8158-1db5-2cc0-8003-31c12610471e,scene0079_00-scene0079_09-scene0079_05-scene0079_04-scene0079_03,canonical,5,output_materialization,2,0000000000000000000000000000000000000000000000000000000000000000,10.824336,593637376,593637376,0,6767509504,0,0,4610093,13255831,168113,5610,0,100,torch.float32,1f7c14ad5e7d7457222d5254d3d8d0a695d97954
FH-CONT,137a8158-1db5-2cc0-8003-31c12610471e,scene0079_00-scene0079_09-scene0079_05-scene0079_04-scene0079_03,canonical,5,output_materialization,3,0000000000000000000000000000000000000000000000000000000000000000,10.862992,593637376,593637376,0,6767509504,0,0,4610093,13255831,168113,5610,0,100,torch.float32,1f7c14ad5e7d7457222d5254d3d8d0a695d97954
FH-CONT,137a8158-1db5-2cc0-8003-31c12610471e,scene0079_00-scene0079_09-scene0079_05-scene0079_04-scene0079_03,canonical,5,output_materialization,4,0000000000000000000000000000000000000000000000000000000000000000,10.832745,593637376,593637376,0,6767509504,0,0,4610093,13255831,168113,5610,0,100,torch.float32,1f7c14ad5e7d7457222d5254d3d8d0a695d97954
FH-CONT,137a8158-1db5-2cc0-8003-31c12610471e,scene0079_00-scene0079_09-scene0079_05-scene0079_04-scene0079_03,canonical,5,output_materialization,5,0000000000000000000000000000000000000000000000000000000000000000,9.427255,593637376,593637376,0,6767509504,0,0,4610093,13255831,168113,5610,0,100,torch.float32,1f7c14ad5e7d7457222d5254d3d8d0a695d97954
FH-CONT,137a8158-1db5-2cc0-8003-31c12610471e,scene0079_00-scene0079_09-scene0079_05-scene0079_04-scene0079_03,canonical,5,output_materialization,6,0000000000000000000000000000000000000000000000000000000000000000,9.329114,593637376,593637376,0,6767509504,0,0,4610093,13255831,168113,5610,0,100,torch.float32,1f7c14ad5e7d7457222d5254d3d8d0a695d97954
FH-CONT,137a8158-1db5-2cc0-8003-31c12610471e,scene0079_00-scene0079_09-scene0079_05-scene0079_04-scene0079_03,canonical,5,output_materialization,7,0000000000000000000000000000000000000000000000000000000000000000,9.266454,593637376,593637376,0,6767509504,0,0,4610093,13255831,168113,5610,0,100,torch.float32,1f7c14ad5e7d7457222d5254d3d8d0a695d97954
FH-CONT,137a8158-1db5-2cc0-8003-31c12610471e,scene0079_00-scene0079_09-scene0079_05-scene0079_04-scene0079_03,canonical,5,output_materialization,8,0000000000000000000000000000000000000000000000000000000000000000,9.224734,593637376,593637376,0,6767509504,0,0,4610093,13255831,168113,5610,0,100,torch.float32,1f7c14ad5e7d7457222d5254d3d8d0a695d97954
FH-CONT,137a8158-1db5-2cc0-8003-31c12610471e,scene0079_00-scene0079_09-scene0079_05-scene0079_04-scene0079_03,canonical,5,output_materialization,9,0000000000000000000000000000000000000000000000000000000000000000,9.241758,593637376,593637376,0,6767509504,0,0,4610093,13255831,168113,5610,0,100,torch.float32,1f7c14ad5e7d7457222d5254d3d8d0a695d97954
FH-CONT,137a8158-1db5-2cc0-8003-31c12610471e,scene0079_00-scene0079_09-scene0079_05-scene0079_04-scene0079_03,canonical,5,cumulative_T1_to_T,0,0000000000000000000000000000000000000000000000000000000000000000,5366.641658,593637376,2994260480,2400623104,6767509504,0,0,4610093,13255831,168113,5610,0,100,torch.float32,1f7c14ad5e7d7457222d5254d3d8d0a695d97954
FH-CONT,137a8158-1db5-2cc0-8003-31c12610471e,scene0079_00-scene0079_09-scene0079_05-scene0079_04-scene0079_03,canonical,5,cumulative_T1_to_T,1,0000000000000000000000000000000000000000000000000000000000000000,5018.603628,593637376,2994305536,2400668160,6767509504,0,0,4610093,13255831,168113,5610,0,100,torch.float32,1f7c14ad5e7d7457222d5254d3d8d0a695d97954
FH-CONT,137a8158-1db5-2cc0-8003-31c12610471e,scene0079_00-scene0079_09-scene0079_05-scene0079_04-scene0079_03,canonical,5,cumulative_T1_to_T,2,0000000000000000000000000000000000000000000000000000000000000000,4919.373976,593637376,2994313216,2400675840,6767509504,0,0,4610093,13255831,168113,5610,0,100,torch.float32,1f7c14ad5e7d7457222d5254d3d8d0a695d97954
FH-CONT,137a8158-1db5-2cc0-8003-31c12610471e,scene0079_00-scene0079_09-scene0079_05-scene0079_04-scene0079_03,canonical,5,cumulative_T1_to_T,3,0000000000000000000000000000000000000000000000000000000000000000,4910.383794,593637376,2994294272,2400656896,6767509504,0,0,4610093,13255831,168113,5610,0,100,torch.float32,1f7c14ad5e7d7457222d5254d3d8d0a695d97954
FH-CONT,137a8158-1db5-2cc0-8003-31c12610471e,scene0079_00-scene0079_09-scene0079_05-scene0079_04-scene0079_03,canonical,5,cumulative_T1_to_T,4,0000000000000000000000000000000000000000000000000000000000000000,4959.838722,593637376,2994309120,2400671744,6767509504,0,0,4610093,13255831,168113,5610,0,100,torch.float32,1f7c14ad5e7d7457222d5254d3d8d0a695d97954
FH-CONT,137a8158-1db5-2cc0-8003-31c12610471e,scene0079_00-scene0079_09-scene0079_05-scene0079_04-scene0079_03,canonical,5,cumulative_T1_to_T,5,0000000000000000000000000000000000000000000000000000000000000000,5201.227217,593637376,2994301952,2400664576,6767509504,0,0,4610093,13255831,168113,5610,0,100,torch.float32,1f7c14ad5e7d7457222d5254d3d8d0a695d97954
FH-CONT,137a8158-1db5-2cc0-8003-31c12610471e,scene0079_00-scene0079_09-scene0079_05-scene0079_04-scene0079_03,canonical,5,cumulative_T1_to_T,6,0000000000000000000000000000000000000000000000000000000000000000,5137.060264,593637376,2994279424,2400642048,6767509504,0,0,4610093,13255831,168113,5610,0,100,torch.float32,1f7c14ad5e7d7457222d5254d3d8d0a695d97954
FH-CONT,137a8158-1db5-2cc0-8003-31c12610471e,scene0079_00-scene0079_09-scene0079_05-scene0079_04-scene0079_03,canonical,5,cumulative_T1_to_T,7,0000000000000000000000000000000000000000000000000000000000000000,5180.122152,593637376,2994279424,2400642048,6767509504,0,0,4610093,13255831,168113,5610,0,100,torch.float32,1f7c14ad5e7d7457222d5254d3d8d0a695d97954
FH-CONT,137a8158-1db5-2cc0-8003-31c12610471e,scene0079_00-scene0079_09-scene0079_05-scene0079_04-scene0079_03,canonical,5,cumulative_T1_to_T,8,0000000000000000000000000000000000000000000000000000000000000000,5370.707729,593637376,2994272256,2400634880,6767509504,0,0,4610093,13255831,168113,5610,0,100,torch.float32,1f7c14ad5e7d7457222d5254d3d8d0a695d97954
FH-CONT,137a8158-1db5-2cc0-8003-31c12610471e,scene0079_00-scene0079_09-scene0079_05-scene0079_04-scene0079_03,canonical,5,cumulative_T1_to_T,9,0000000000000000000000000000000000000000000000000000000000000000,5728.055433,593637376,2994305536,2400668160,6767509504,0,0,4610093,13255831,168113,5610,0,100,torch.float32,1f7c14ad5e7d7457222d5254d3d8d0a695d97954
FH-CONT,280d8ebb-6cc6-2788-9153-98959a2da801,scene0119_00-scene0119_02-scene0119_03-scene0119_01-scene0119_04,canonical,2,model_update,0,0000000000000000000000000000000000000000000000000000000000000000,759.963914,593637376,2398025216,1804387840,13042188288,0,0,3778367,10856416,128276,5585,0,100,torch.float32,1f7c14ad5e7d7457222d5254d3d8d0a695d97954
FH-CONT,280d8ebb-6cc6-2788-9153-98959a2da801,scene0119_00-scene0119_02-scene0119_03-scene0119_01-scene0119_04,canonical,2,model_update,1,0000000000000000000000000000000000000000000000000000000000000000,767.123225,593637376,2397904384,1804267008,13042188288,0,0,3778367,10856416,128276,5585,0,100,torch.float32,1f7c14ad5e7d7457222d5254d3d8d0a695d97954
FH-CONT,280d8ebb-6cc6-2788-9153-98959a2da801,scene0119_00-scene0119_02-scene0119_03-scene0119_01-scene0119_04,canonical,2,model_update,2,0000000000000000000000000000000000000000000000000000000000000000,769.824172,593637376,2398000128,1804362752,13042188288,0,0,3778367,10856416,128276,5585,0,100,torch.float32,1f7c14ad5e7d7457222d5254d3d8d0a695d97954
FH-CONT,280d8ebb-6cc6-2788-9153-98959a2da801,scene0119_00-scene0119_02-scene0119_03-scene0119_01-scene0119_04,canonical,2,model_update,3,0000000000000000000000000000000000000000000000000000000000000000,771.423264,593637376,2398018560,1804381184,13042188288,0,0,3778367,10856416,128276,5585,0,100,torch.float32,1f7c14ad5e7d7457222d5254d3d8d0a695d97954
FH-CONT,280d8ebb-6cc6-2788-9153-98959a2da801,scene0119_00-scene0119_02-scene0119_03-scene0119_01-scene0119_04,canonical,2,model_update,4,0000000000000000000000000000000000000000000000000000000000000000,765.562305,593637376,2397980672,1804343296,13042188288,0,0,3778367,10856416,128276,5585,0,100,torch.float32,1f7c14ad5e7d7457222d5254d3d8d0a695d97954
FH-CONT,280d8ebb-6cc6-2788-9153-98959a2da801,scene0119_00-scene0119_02-scene0119_03-scene0119_01-scene0119_04,canonical,2,model_update,5,0000000000000000000000000000000000000000000000000000000000000000,780.542245,593637376,2398018560,1804381184,13042188288,0,0,3778367,10856416,128276,5585,0,100,torch.float32,1f7c14ad5e7d7457222d5254d3d8d0a695d97954
FH-CONT,280d8ebb-6cc6-2788-9153-98959a2da801,scene0119_00-scene0119_02-scene0119_03-scene0119_01-scene0119_04,canonical,2,model_update,6,0000000000000000000000000000000000000000000000000000000000000000,775.221712,593637376,2398139392,1804502016,13042188288,0,0,3778367,10856416,128276,5585,0,100,torch.float32,1f7c14ad5e7d7457222d5254d3d8d0a695d97954
FH-CONT,280d8ebb-6cc6-2788-9153-98959a2da801,scene0119_00-scene0119_02-scene0119_03-scene0119_01-scene0119_04,canonical,2,model_update,7,0000000000000000000000000000000000000000000000000000000000000000,762.052467,593637376,2398024704,1804387328,13042188288,0,0,3778367,10856416,128276,5585,0,100,torch.float32,1f7c14ad5e7d7457222d5254d3d8d0a695d97954
FH-CONT,280d8ebb-6cc6-2788-9153-98959a2da801,scene0119_00-scene0119_02-scene0119_03-scene0119_01-scene0119_04,canonical,2,model_update,8,0000000000000000000000000000000000000000000000000000000000000000,773.23684,593637376,2398068736,1804431360,13042188288,0,0,3778367,10856416,128276,5585,0,100,torch.float32,1f7c14ad5e7d7457222d5254d3d8d0a695d97954
FH-CONT,280d8ebb-6cc6-2788-9153-98959a2da801,scene0119_00-scene0119_02-scene0119_03-scene0119_01-scene0119_04,canonical,2,model_update,9,0000000000000000000000000000000000000000000000000000000000000000,762.123565,593637376,2398031360,1804393984,13042188288,0,0,3778367,10856416,128276,5585,0,100,torch.float32,1f7c14ad5e7d7457222d5254d3d8d0a695d97954
FH-CONT,280d8ebb-6cc6-2788-9153-98959a2da801,scene0119_00-scene0119_02-scene0119_03-scene0119_01-scene0119_04,canonical,2,end_to_end_update,0,0000000000000000000000000000000000000000000000000000000000000000,1125.719834,593637376,2398068736,1804431360,13042188288,0,0,3778367,10856416,128276,5585,0,100,torch.float32,1f7c14ad5e7d7457222d5254d3d8d0a695d97954
FH-CONT,280d8ebb-6cc6-2788-9153-98959a2da801,scene0119_00-scene0119_02-scene0119_03-scene0119_01-scene0119_04,canonical,2,end_to_end_update,1,0000000000000000000000000000000000000000000000000000000000000000,1139.409731,593637376,2397904384,1804267008,13042188288,0,0,3778367,10856416,128276,5585,0,100,torch.float32,1f7c14ad5e7d7457222d5254d3d8d0a695d97954
FH-CONT,280d8ebb-6cc6-2788-9153-98959a2da801,scene0119_00-scene0119_02-scene0119_03-scene0119_01-scene0119_04,canonical,2,end_to_end_update,2,0000000000000000000000000000000000000000000000000000000000000000,1121.10598,593637376,2398000128,1804362752,13042188288,0,0,3778367,10856416,128276,5585,0,100,torch.float32,1f7c14ad5e7d7457222d5254d3d8d0a695d97954
FH-CONT,280d8ebb-6cc6-2788-9153-98959a2da801,scene0119_00-scene0119_02-scene0119_03-scene0119_01-scene0119_04,canonical,2,end_to_end_update,3,0000000000000000000000000000000000000000000000000000000000000000,1125.511101,593637376,2397955072,1804317696,13042188288,0,0,3778367,10856416,128276,5585,0,100,torch.float32,1f7c14ad5e7d7457222d5254d3d8d0a695d97954
FH-CONT,280d8ebb-6cc6-2788-9153-98959a2da801,scene0119_00-scene0119_02-scene0119_03-scene0119_01-scene0119_04,canonical,2,end_to_end_update,4,0000000000000000000000000000000000000000000000000000000000000000,1147.324347,593637376,2398100992,1804463616,13042188288,0,0,3778367,10856416,128276,5585,0,100,torch.float32,1f7c14ad5e7d7457222d5254d3d8d0a695d97954
FH-CONT,280d8ebb-6cc6-2788-9153-98959a2da801,scene0119_00-scene0119_02-scene0119_03-scene0119_01-scene0119_04,canonical,2,end_to_end_update,5,0000000000000000000000000000000000000000000000000000000000000000,1139.842115,593637376,2397955072,1804317696,13042188288,0,0,3778367,10856416,128276,5585,0,100,torch.float32,1f7c14ad5e7d7457222d5254d3d8d0a695d97954
FH-CONT,280d8ebb-6cc6-2788-9153-98959a2da801,scene0119_00-scene0119_02-scene0119_03-scene0119_01-scene0119_04,canonical,2,end_to_end_update,6,0000000000000000000000000000000000000000000000000000000000000000,1142.67819,593637376,2398031360,1804393984,13042188288,0,0,3778367,10856416,128276,5585,0,100,torch.float32,1f7c14ad5e7d7457222d5254d3d8d0a695d97954
FH-CONT,280d8ebb-6cc6-2788-9153-98959a2da801,scene0119_00-scene0119_02-scene0119_03-scene0119_01-scene0119_04,canonical,2,end_to_end_update,7,0000000000000000000000000000000000000000000000000000000000000000,1169.914117,593637376,2398120448,1804483072,13042188288,0,0,3778367,10856416,128276,5585,0,100,torch.float32,1f7c14ad5e7d7457222d5254d3d8d0a695d97954
FH-CONT,280d8ebb-6cc6-2788-9153-98959a2da801,scene0119_00-scene0119_02-scene0119_03-scene0119_01-scene0119_04,canonical,2,end_to_end_update,8,0000000000000000000000000000000000000000000000000000000000000000,1137.584869,593637376,2398094848,1804457472,13042188288,0,0,3778367,10856416,128276,5585,0,100,torch.float32,1f7c14ad5e7d7457222d5254d3d8d0a695d97954
FH-CONT,280d8ebb-6cc6-2788-9153-98959a2da801,scene0119_00-scene0119_02-scene0119_03-scene0119_01-scene0119_04,canonical,2,end_to_end_update,9,0000000000000000000000000000000000000000000000000000000000000000,1146.193833,593637376,2398100992,1804463616,13042188288,0,0,3778367,10856416,128276,5585,0,100,torch.float32,1f7c14ad5e7d7457222d5254d3d8d0a695d97954
FH-CONT,280d8ebb-6cc6-2788-9153-98959a2da801,scene0119_00-scene0119_02-scene0119_03-scene0119_01-scene0119_04,canonical,2,output_materialization,0,0000000000000000000000000000000000000000000000000000000000000000,11.920289,593637376,593637376,0,13042188288,0,0,3778367,10856416,128276,5585,0,100,torch.float32,1f7c14ad5e7d7457222d5254d3d8d0a695d97954
FH-CONT,280d8ebb-6cc6-2788-9153-98959a2da801,scene0119_00-scene0119_02-scene0119_03-scene0119_01-scene0119_04,canonical,2,output_materialization,1,0000000000000000000000000000000000000000000000000000000000000000,11.767624,593637376,593637376,0,13042188288,0,0,3778367,10856416,128276,5585,0,100,torch.float32,1f7c14ad5e7d7457222d5254d3d8d0a695d97954
FH-CONT,280d8ebb-6cc6-2788-9153-98959a2da801,scene0119_00-scene0119_02-scene0119_03-scene0119_01-scene0119_04,canonical,2,output_materialization,2,0000000000000000000000000000000000000000000000000000000000000000,11.832794,593637376,593637376,0,13042188288,0,0,3778367,10856416,128276,5585,0,100,torch.float32,1f7c14ad5e7d7457222d5254d3d8d0a695d97954
FH-CONT,280d8ebb-6cc6-2788-9153-98959a2da801,scene0119_00-scene0119_02-scene0119_03-scene0119_01-scene0119_04,canonical,2,output_materialization,3,0000000000000000000000000000000000000000000000000000000000000000,11.77252,593637376,593637376,0,13042188288,0,0,3778367,10856416,128276,5585,0,100,torch.float32,1f7c14ad5e7d7457222d5254d3d8d0a695d97954
FH-CONT,280d8ebb-6cc6-2788-9153-98959a2da801,scene0119_00-scene0119_02-scene0119_03-scene0119_01-scene0119_04,canonical,2,output_materialization,4,0000000000000000000000000000000000000000000000000000000000000000,11.808199,593637376,593637376,0,13042188288,0,0,3778367,10856416,128276,5585,0,100,torch.float32,1f7c14ad5e7d7457222d5254d3d8d0a695d97954
FH-CONT,280d8ebb-6cc6-2788-9153-98959a2da801,scene0119_00-scene0119_02-scene0119_03-scene0119_01-scene0119_04,canonical,2,output_materialization,5,0000000000000000000000000000000000000000000000000000000000000000,11.838029,593637376,593637376,0,13042188288,0,0,3778367,10856416,128276,5585,0,100,torch.float32,1f7c14ad5e7d7457222d5254d3d8d0a695d97954
FH-CONT,280d8ebb-6cc6-2788-9153-98959a2da801,scene0119_00-scene0119_02-scene0119_03-scene0119_01-scene0119_04,canonical,2,output_materialization,6,0000000000000000000000000000000000000000000000000000000000000000,11.817143,593637376,593637376,0,13042188288,0,0,3778367,10856416,128276,5585,0,100,torch.float32,1f7c14ad5e7d7457222d5254d3d8d0a695d97954
FH-CONT,280d8ebb-6cc6-2788-9153-98959a2da801,scene0119_00-scene0119_02-scene0119_03-scene0119_01-scene0119_04,canonical,2,output_materialization,7,0000000000000000000000000000000000000000000000000000000000000000,11.803087,593637376,593637376,0,13042188288,0,0,3778367,10856416,128276,5585,0,100,torch.float32,1f7c14ad5e7d7457222d5254d3d8d0a695d97954
FH-CONT,280d8ebb-6cc6-2788-9153-98959a2da801,scene0119_00-scene0119_02-scene0119_03-scene0119_01-scene0119_04,canonical,2,output_materialization,8,0000000000000000000000000000000000000000000000000000000000000000,11.997508,593637376,593637376,0,13042188288,0,0,3778367,10856416,128276,5585,0,100,torch.float32,1f7c14ad5e7d7457222d5254d3d8d0a695d97954
FH-CONT,280d8ebb-6cc6-2788-9153-98959a2da801,scene0119_00-scene0119_02-scene0119_03-scene0119_01-scene0119_04,canonical,2,output_materialization,9,0000000000000000000000000000000000000000000000000000000000000000,11.794171,593637376,593637376,0,13042188288,0,0,3778367,10856416,128276,5585,0,100,torch.float32,1f7c14ad5e7d7457222d5254d3d8d0a695d97954
FH-CONT,280d8ebb-6cc6-2788-9153-98959a2da801,scene0119_00-scene0119_02-scene0119_03-scene0119_01-scene0119_04,canonical,2,cumulative_T1_to_T,0,0000000000000000000000000000000000000000000000000000000000000000,1830.416336,593637376,2398233088,1804595712,13042188288,0,0,3778367,10856416,128276,5585,0,100,torch.float32,1f7c14ad5e7d7457222d5254d3d8d0a695d97954
FH-CONT,280d8ebb-6cc6-2788-9153-98959a2da801,scene0119_00-scene0119_02-scene0119_03-scene0119_01-scene0119_04,canonical,2,cumulative_T1_to_T,1,0000000000000000000000000000000000000000000000000000000000000000,1838.340949,593637376,2399289856,1805652480,13042188288,0,0,3778367,10856416,128276,5585,0,100,torch.float32,1f7c14ad5e7d7457222d5254d3d8d0a695d97954
FH-CONT,280d8ebb-6cc6-2788-9153-98959a2da801,scene0119_00-scene0119_02-scene0119_03-scene0119_01-scene0119_04,canonical,2,cumulative_T1_to_T,2,0000000000000000000000000000000000000000000000000000000000000000,1812.910685,593637376,2399290880,1805653504,13042188288,0,0,3778367,10856416,128276,5585,0,100,torch.float32,1f7c14ad5e7d7457222d5254d3d8d0a695d97954
FH-CONT,280d8ebb-6cc6-2788-9153-98959a2da801,scene0119_00-scene0119_02-scene0119_03-scene0119_01-scene0119_04,canonical,2,cumulative_T1_to_T,3,0000000000000000000000000000000000000000000000000000000000000000,1824.872551,593637376,2397167616,1803530240,13042188288,0,0,3778367,10856416,128276,5585,0,100,torch.float32,1f7c14ad5e7d7457222d5254d3d8d0a695d97954
FH-CONT,280d8ebb-6cc6-2788-9153-98959a2da801,scene0119_00-scene0119_02-scene0119_03-scene0119_01-scene0119_04,canonical,2,cumulative_T1_to_T,4,0000000000000000000000000000000000000000000000000000000000000000,1806.317621,593637376,2398233088,1804595712,13042188288,0,0,3778367,10856416,128276,5585,0,100,torch.float32,1f7c14ad5e7d7457222d5254d3d8d0a695d97954
FH-CONT,280d8ebb-6cc6-2788-9153-98959a2da801,scene0119_00-scene0119_02-scene0119_03-scene0119_01-scene0119_04,canonical,2,cumulative_T1_to_T,5,0000000000000000000000000000000000000000000000000000000000000000,1811.921209,593637376,2399290368,1805652992,13042188288,0,0,3778367,10856416,128276,5585,0,100,torch.float32,1f7c14ad5e7d7457222d5254d3d8d0a695d97954
FH-CONT,280d8ebb-6cc6-2788-9153-98959a2da801,scene0119_00-scene0119_02-scene0119_03-scene0119_01-scene0119_04,canonical,2,cumulative_T1_to_T,6,0000000000000000000000000000000000000000000000000000000000000000,1811.16487,593637376,2398236672,1804599296,13042188288,0,0,3778367,10856416,128276,5585,0,100,torch.float32,1f7c14ad5e7d7457222d5254d3d8d0a695d97954
FH-CONT,280d8ebb-6cc6-2788-9153-98959a2da801,scene0119_00-scene0119_02-scene0119_03-scene0119_01-scene0119_04,canonical,2,cumulative_T1_to_T,7,0000000000000000000000000000000000000000000000000000000000000000,1809.657576,593637376,2399290368,1805652992,13042188288,0,0,3778367,10856416,128276,5585,0,100,torch.float32,1f7c14ad5e7d7457222d5254d3d8d0a695d97954
FH-CONT,280d8ebb-6cc6-2788-9153-98959a2da801,scene0119_00-scene0119_02-scene0119_03-scene0119_01-scene0119_04,canonical,2,cumulative_T1_to_T,8,0000000000000000000000000000000000000000000000000000000000000000,1849.082106,593637376,2398238720,1804601344,13042188288,0,0,3778367,10856416,128276,5585,0,100,torch.float32,1f7c14ad5e7d7457222d5254d3d8d0a695d97954
FH-CONT,280d8ebb-6cc6-2788-9153-98959a2da801,scene0119_00-scene0119_02-scene0119_03-scene0119_01-scene0119_04,canonical,2,cumulative_T1_to_T,9,0000000000000000000000000000000000000000000000000000000000000000,1852.812216,593637376,2399290880,1805653504,13042188288,0,0,3778367,10856416,128276,5585,0,100,torch.float32,1f7c14ad5e7d7457222d5254d3d8d0a695d97954
FH-CONT,280d8ebb-6cc6-2788-9153-98959a2da801,scene0119_00-scene0119_02-scene0119_03-scene0119_01-scene0119_04,canonical,3,model_update,0,0000000000000000000000000000000000000000000000000000000000000000,1062.567002,593637376,3190989312,2597351936,13042188288,0,0,5453484,15638365,185214,8137,0,100,torch.float32,1f7c14ad5e7d7457222d5254d3d8d0a695d97954
FH-CONT,280d8ebb-6cc6-2788-9153-98959a2da801,scene0119_00-scene0119_02-scene0119_03-scene0119_01-scene0119_04,canonical,3,model_update,1,0000000000000000000000000000000000000000000000000000000000000000,1067.453564,593637376,3190945792,2597308416,13042188288,0,0,5453484,15638365,185214,8137,0,100,torch.float32,1f7c14ad5e7d7457222d5254d3d8d0a695d97954
FH-CONT,280d8ebb-6cc6-2788-9153-98959a2da801,scene0119_00-scene0119_02-scene0119_03-scene0119_01-scene0119_04,canonical,3,model_update,2,0000000000000000000000000000000000000000000000000000000000000000,1147.001188,593637376,3190966272,2597328896,13042188288,0,0,5453484,15638365,185214,8137,0,100,torch.float32,1f7c14ad5e7d7457222d5254d3d8d0a695d97954
FH-CONT,280d8ebb-6cc6-2788-9153-98959a2da801,scene0119_00-scene0119_02-scene0119_03-scene0119_01-scene0119_04,canonical,3,model_update,3,0000000000000000000000000000000000000000000000000000000000000000,1234.178506,593637376,3190978048,2597340672,13042188288,0,0,5453484,15638365,185214,8137,0,100,torch.float32,1f7c14ad5e7d7457222d5254d3d8d0a695d97954
FH-CONT,280d8ebb-6cc6-2788-9153-98959a2da801,scene0119_00-scene0119_02-scene0119_03-scene0119_01-scene0119_04,canonical,3,model_update,4,0000000000000000000000000000000000000000000000000000000000000000,1257.711777,593637376,3191024640,2597387264,13042188288,0,0,5453484,15638365,185214,8137,0,100,torch.float32,1f7c14ad5e7d7457222d5254d3d8d0a695d97954
FH-CONT,280d8ebb-6cc6-2788-9153-98959a2da801,scene0119_00-scene0119_02-scene0119_03-scene0119_01-scene0119_04,canonical,3,model_update,5,0000000000000000000000000000000000000000000000000000000000000000,1181.562584,593637376,3190961152,2597323776,13042188288,0,0,5453484,15638365,185214,8137,0,100,torch.float32,1f7c14ad5e7d7457222d5254d3d8d0a695d97954
FH-CONT,280d8ebb-6cc6-2788-9153-98959a2da801,scene0119_00-scene0119_02-scene0119_03-scene0119_01-scene0119_04,canonical,3,model_update,6,0000000000000000000000000000000000000000000000000000000000000000,1190.569304,593637376,3190961152,2597323776,13042188288,0,0,5453484,15638365,185214,8137,0,100,torch.float32,1f7c14ad5e7d7457222d5254d3d8d0a695d97954
FH-CONT,280d8ebb-6cc6-2788-9153-98959a2da801,scene0119_00-scene0119_02-scene0119_03-scene0119_01-scene0119_04,canonical,3,model_update,7,0000000000000000000000000000000000000000000000000000000000000000,1041.586765,593637376,3190930432,2597293056,13042188288,0,0,5453484,15638365,185214,8137,0,100,torch.float32,1f7c14ad5e7d7457222d5254d3d8d0a695d97954
FH-CONT,280d8ebb-6cc6-2788-9153-98959a2da801,scene0119_00-scene0119_02-scene0119_03-scene0119_01-scene0119_04,canonical,3,model_update,8,0000000000000000000000000000000000000000000000000000000000000000,1033.545616,593637376,3190899712,2597262336,13042188288,0,0,5453484,15638365,185214,8137,0,100,torch.float32,1f7c14ad5e7d7457222d5254d3d8d0a695d97954
FH-CONT,280d8ebb-6cc6-2788-9153-98959a2da801,scene0119_00-scene0119_02-scene0119_03-scene0119_01-scene0119_04,canonical,3,model_update,9,0000000000000000000000000000000000000000000000000000000000000000,1038.094368,593637376,3190844416,2597207040,13042188288,0,0,5453484,15638365,185214,8137,0,100,torch.float32,1f7c14ad5e7d7457222d5254d3d8d0a695d97954
FH-CONT,280d8ebb-6cc6-2788-9153-98959a2da801,scene0119_00-scene0119_02-scene0119_03-scene0119_01-scene0119_04,canonical,3,end_to_end_update,0,0000000000000000000000000000000000000000000000000000000000000000,1721.629664,593637376,3190934016,2597296640,13042188288,0,0,5453484,15638365,185214,8137,0,100,torch.float32,1f7c14ad5e7d7457222d5254d3d8d0a695d97954
FH-CONT,280d8ebb-6cc6-2788-9153-98959a2da801,scene0119_00-scene0119_02-scene0119_03-scene0119_01-scene0119_04,canonical,3,end_to_end_update,1,0000000000000000000000000000000000000000000000000000000000000000,1580.56624,593637376,3190985728,2597348352,13042188288,0,0,5453484,15638365,185214,8137,0,100,torch.float32,1f7c14ad5e7d7457222d5254d3d8d0a695d97954
FH-CONT,280d8ebb-6cc6-2788-9153-98959a2da801,scene0119_00-scene0119_02-scene0119_03-scene0119_01-scene0119_04,canonical,3,end_to_end_update,2,0000000000000000000000000000000000000000000000000000000000000000,1577.959592,593637376,3190891008,2597253632,13042188288,0,0,5453484,15638365,185214,8137,0,100,torch.float32,1f7c14ad5e7d7457222d5254d3d8d0a695d97954
FH-CONT,280d8ebb-6cc6-2788-9153-98959a2da801,scene0119_00-scene0119_02-scene0119_03-scene0119_01-scene0119_04,canonical,3,end_to_end_update,3,0000000000000000000000000000000000000000000000000000000000000000,1601.520322,593637376,3190915072,2597277696,13042188288,0,0,5453484,15638365,185214,8137,0,100,torch.float32,1f7c14ad5e7d7457222d5254d3d8d0a695d97954
FH-CONT,280d8ebb-6cc6-2788-9153-98959a2da801,scene0119_00-scene0119_02-scene0119_03-scene0119_01-scene0119_04,canonical,3,end_to_end_update,4,0000000000000000000000000000000000000000000000000000000000000000,1628.017849,593637376,3190962176,2597324800,13042188288,0,0,5453484,15638365,185214,8137,0,100,torch.float32,1f7c14ad5e7d7457222d5254d3d8d0a695d97954
FH-CONT,280d8ebb-6cc6-2788-9153-98959a2da801,scene0119_00-scene0119_02-scene0119_03-scene0119_01-scene0119_04,canonical,3,end_to_end_update,5,0000000000000000000000000000000000000000000000000000000000000000,1830.189707,593637376,3190894592,2597257216,13042188288,0,0,5453484,15638365,185214,8137,0,100,torch.float32,1f7c14ad5e7d7457222d5254d3d8d0a695d97954
FH-CONT,280d8ebb-6cc6-2788-9153-98959a2da801,scene0119_00-scene0119_02-scene0119_03-scene0119_01-scene0119_04,canonical,3,end_to_end_update,6,0000000000000000000000000000000000000000000000000000000000000000,1813.297312,593637376,3190962176,2597324800,13042188288,0,0,5453484,15638365,185214,8137,0,100,torch.float32,1f7c14ad5e7d7457222d5254d3d8d0a695d97954
FH-CONT,280d8ebb-6cc6-2788-9153-98959a2da801,scene0119_00-scene0119_02-scene0119_03-scene0119_01-scene0119_04,canonical,3,end_to_end_update,7,0000000000000000000000000000000000000000000000000000000000000000,1578.1391,593637376,3191009280,2597371904,13042188288,0,0,5453484,15638365,185214,8137,0,100,torch.float32,1f7c14ad5e7d7457222d5254d3d8d0a695d97954
FH-CONT,280d8ebb-6cc6-2788-9153-98959a2da801,scene0119_00-scene0119_02-scene0119_03-scene0119_01-scene0119_04,canonical,3,end_to_end_update,8,0000000000000000000000000000000000000000000000000000000000000000,1604.132579,593637376,3190926848,2597289472,13042188288,0,0,5453484,15638365,185214,8137,0,100,torch.float32,1f7c14ad5e7d7457222d5254d3d8d0a695d97954
FH-CONT,280d8ebb-6cc6-2788-9153-98959a2da801,scene0119_00-scene0119_02-scene0119_03-scene0119_01-scene0119_04,canonical,3,end_to_end_update,9,0000000000000000000000000000000000000000000000000000000000000000,1621.445845,593637376,3190957568,2597320192,13042188288,0,0,5453484,15638365,185214,8137,0,100,torch.float32,1f7c14ad5e7d7457222d5254d3d8d0a695d97954
FH-CONT,280d8ebb-6cc6-2788-9153-98959a2da801,scene0119_00-scene0119_02-scene0119_03-scene0119_01-scene0119_04,canonical,3,output_materialization,0,0000000000000000000000000000000000000000000000000000000000000000,16.444307,593637376,593637376,0,13042188288,0,0,5453484,15638365,185214,8137,0,100,torch.float32,1f7c14ad5e7d7457222d5254d3d8d0a695d97954
FH-CONT,280d8ebb-6cc6-2788-9153-98959a2da801,scene0119_00-scene0119_02-scene0119_03-scene0119_01-scene0119_04,canonical,3,output_materialization,1,0000000000000000000000000000000000000000000000000000000000000000,16.540541,593637376,593637376,0,13042188288,0,0,5453484,15638365,185214,8137,0,100,torch.float32,1f7c14ad5e7d7457222d5254d3d8d0a695d97954
FH-CONT,280d8ebb-6cc6-2788-9153-98959a2da801,scene0119_00-scene0119_02-scene0119_03-scene0119_01-scene0119_04,canonical,3,output_materialization,2,0000000000000000000000000000000000000000000000000000000000000000,16.436426,593637376,593637376,0,13042188288,0,0,5453484,15638365,185214,8137,0,100,torch.float32,1f7c14ad5e7d7457222d5254d3d8d0a695d97954
FH-CONT,280d8ebb-6cc6-2788-9153-98959a2da801,scene0119_00-scene0119_02-scene0119_03-scene0119_01-scene0119_04,canonical,3,output_materialization,3,0000000000000000000000000000000000000000000000000000000000000000,16.538038,593637376,593637376,0,13042188288,0,0,5453484,15638365,185214,8137,0,100,torch.float32,1f7c14ad5e7d7457222d5254d3d8d0a695d97954
FH-CONT,280d8ebb-6cc6-2788-9153-98959a2da801,scene0119_00-scene0119_02-scene0119_03-scene0119_01-scene0119_04,canonical,3,output_materialization,4,0000000000000000000000000000000000000000000000000000000000000000,16.309963,593637376,593637376,0,13042188288,0,0,5453484,15638365,185214,8137,0,100,torch.float32,1f7c14ad5e7d7457222d5254d3d8d0a695d97954
FH-CONT,280d8ebb-6cc6-2788-9153-98959a2da801,scene0119_00-scene0119_02-scene0119_03-scene0119_01-scene0119_04,canonical,3,output_materialization,5,0000000000000000000000000000000000000000000000000000000000000000,16.407485,593637376,593637376,0,13042188288,0,0,5453484,15638365,185214,8137,0,100,torch.float32,1f7c14ad5e7d7457222d5254d3d8d0a695d97954
FH-CONT,280d8ebb-6cc6-2788-9153-98959a2da801,scene0119_00-scene0119_02-scene0119_03-scene0119_01-scene0119_04,canonical,3,output_materialization,6,0000000000000000000000000000000000000000000000000000000000000000,16.393772,593637376,593637376,0,13042188288,0,0,5453484,15638365,185214,8137,0,100,torch.float32,1f7c14ad5e7d7457222d5254d3d8d0a695d97954
FH-CONT,280d8ebb-6cc6-2788-9153-98959a2da801,scene0119_00-scene0119_02-scene0119_03-scene0119_01-scene0119_04,canonical,3,output_materialization,7,0000000000000000000000000000000000000000000000000000000000000000,15.251825,593637376,593637376,0,13042188288,0,0,5453484,15638365,185214,8137,0,100,torch.float32,1f7c14ad5e7d7457222d5254d3d8d0a695d97954
FH-CONT,280d8ebb-6cc6-2788-9153-98959a2da801,scene0119_00-scene0119_02-scene0119_03-scene0119_01-scene0119_04,canonical,3,output_materialization,8,0000000000000000000000000000000000000000000000000000000000000000,16.363959,593637376,593637376,0,13042188288,0,0,5453484,15638365,185214,8137,0,100,torch.float32,1f7c14ad5e7d7457222d5254d3d8d0a695d97954
FH-CONT,280d8ebb-6cc6-2788-9153-98959a2da801,scene0119_00-scene0119_02-scene0119_03-scene0119_01-scene0119_04,canonical,3,output_materialization,9,0000000000000000000000000000000000000000000000000000000000000000,15.569695,593637376,593637376,0,13042188288,0,0,5453484,15638365,185214,8137,0,100,torch.float32,1f7c14ad5e7d7457222d5254d3d8d0a695d97954
FH-CONT,280d8ebb-6cc6-2788-9153-98959a2da801,scene0119_00-scene0119_02-scene0119_03-scene0119_01-scene0119_04,canonical,3,cumulative_T1_to_T,0,0000000000000000000000000000000000000000000000000000000000000000,3479.445993,593637376,3193793536,2600156160,13042188288,0,0,5453484,15638365,185214,8137,0,100,torch.float32,1f7c14ad5e7d7457222d5254d3d8d0a695d97954
FH-CONT,280d8ebb-6cc6-2788-9153-98959a2da801,scene0119_00-scene0119_02-scene0119_03-scene0119_01-scene0119_04,canonical,3,cumulative_T1_to_T,1,0000000000000000000000000000000000000000000000000000000000000000,4079.541462,593637376,3193791488,2600154112,13042188288,0,0,5453484,15638365,185214,8137,0,100,torch.float32,1f7c14ad5e7d7457222d5254d3d8d0a695d97954
FH-CONT,280d8ebb-6cc6-2788-9153-98959a2da801,scene0119_00-scene0119_02-scene0119_03-scene0119_01-scene0119_04,canonical,3,cumulative_T1_to_T,2,0000000000000000000000000000000000000000000000000000000000000000,4008.21534,593637376,3193817600,2600180224,13042188288,0,0,5453484,15638365,185214,8137,0,100,torch.float32,1f7c14ad5e7d7457222d5254d3d8d0a695d97954
FH-CONT,280d8ebb-6cc6-2788-9153-98959a2da801,scene0119_00-scene0119_02-scene0119_03-scene0119_01-scene0119_04,canonical,3,cumulative_T1_to_T,3,0000000000000000000000000000000000000000000000000000000000000000,4093.278562,593637376,3193796096,2600158720,13042188288,0,0,5453484,15638365,185214,8137,0,100,torch.float32,1f7c14ad5e7d7457222d5254d3d8d0a695d97954
FH-CONT,280d8ebb-6cc6-2788-9153-98959a2da801,scene0119_00-scene0119_02-scene0119_03-scene0119_01-scene0119_04,canonical,3,cumulative_T1_to_T,4,0000000000000000000000000000000000000000000000000000000000000000,3429.562119,593637376,3193826816,2600189440,13042188288,0,0,5453484,15638365,185214,8137,0,100,torch.float32,1f7c14ad5e7d7457222d5254d3d8d0a695d97954
FH-CONT,280d8ebb-6cc6-2788-9153-98959a2da801,scene0119_00-scene0119_02-scene0119_03-scene0119_01-scene0119_04,canonical,3,cumulative_T1_to_T,5,0000000000000000000000000000000000000000000000000000000000000000,3506.981119,593637376,3193813504,2600176128,13042188288,0,0,5453484,15638365,185214,8137,0,100,torch.float32,1f7c14ad5e7d7457222d5254d3d8d0a695d97954
FH-CONT,280d8ebb-6cc6-2788-9153-98959a2da801,scene0119_00-scene0119_02-scene0119_03-scene0119_01-scene0119_04,canonical,3,cumulative_T1_to_T,6,0000000000000000000000000000000000000000000000000000000000000000,3427.442997,593637376,3193780224,2600142848,13042188288,0,0,5453484,15638365,185214,8137,0,100,torch.float32,1f7c14ad5e7d7457222d5254d3d8d0a695d97954
FH-CONT,280d8ebb-6cc6-2788-9153-98959a2da801,scene0119_00-scene0119_02-scene0119_03-scene0119_01-scene0119_04,canonical,3,cumulative_T1_to_T,7,0000000000000000000000000000000000000000000000000000000000000000,3488.154834,593637376,3193791488,2600154112,13042188288,0,0,5453484,15638365,185214,8137,0,100,torch.float32,1f7c14ad5e7d7457222d5254d3d8d0a695d97954
FH-CONT,280d8ebb-6cc6-2788-9153-98959a2da801,scene0119_00-scene0119_02-scene0119_03-scene0119_01-scene0119_04,canonical,3,cumulative_T1_to_T,8,0000000000000000000000000000000000000000000000000000000000000000,3485.047628,593637376,3193773568,2600136192,13042188288,0,0,5453484,15638365,185214,8137,0,100,torch.float32,1f7c14ad5e7d7457222d5254d3d8d0a695d97954
FH-CONT,280d8ebb-6cc6-2788-9153-98959a2da801,scene0119_00-scene0119_02-scene0119_03-scene0119_01-scene0119_04,canonical,3,cumulative_T1_to_T,9,0000000000000000000000000000000000000000000000000000000000000000,3472.015349,593637376,3193810944,2600173568,13042188288,0,0,5453484,15638365,185214,8137,0,100,torch.float32,1f7c14ad5e7d7457222d5254d3d8d0a695d97954
FH-CONT,280d8ebb-6cc6-2788-9153-98959a2da801,scene0119_00-scene0119_02-scene0119_03-scene0119_01-scene0119_04,canonical,4,model_update,0,0000000000000000000000000000000000000000000000000000000000000000,1395.245359,593637376,3822255616,3228618240,13042188288,0,0,6695066,19131546,229519,9798,0,100,torch.float32,1f7c14ad5e7d7457222d5254d3d8d0a695d97954
FH-CONT,280d8ebb-6cc6-2788-9153-98959a2da801,scene0119_00-scene0119_02-scene0119_03-scene0119_01-scene0119_04,canonical,4,model_update,1,0000000000000000000000000000000000000000000000000000000000000000,1338.793456,593637376,3822249984,3228612608,13042188288,0,0,6695066,19131546,229519,9798,0,100,torch.float32,1f7c14ad5e7d7457222d5254d3d8d0a695d97954
FH-CONT,280d8ebb-6cc6-2788-9153-98959a2da801,scene0119_00-scene0119_02-scene0119_03-scene0119_01-scene0119_04,canonical,4,model_update,2,0000000000000000000000000000000000000000000000000000000000000000,1369.353144,593637376,3822208000,3228570624,13042188288,0,0,6695066,19131546,229519,9798,0,100,torch.float32,1f7c14ad5e7d7457222d5254d3d8d0a695d97954
FH-CONT,280d8ebb-6cc6-2788-9153-98959a2da801,scene0119_00-scene0119_02-scene0119_03-scene0119_01-scene0119_04,canonical,4,model_update,3,0000000000000000000000000000000000000000000000000000000000000000,1286.828858,593637376,3822178816,3228541440,13042188288,0,0,6695066,19131546,229519,9798,0,100,torch.float32,1f7c14ad5e7d7457222d5254d3d8d0a695d97954
FH-CONT,280d8ebb-6cc6-2788-9153-98959a2da801,scene0119_00-scene0119_02-scene0119_03-scene0119_01-scene0119_04,canonical,4,model_update,4,0000000000000000000000000000000000000000000000000000000000000000,1280.699757,593637376,3822237696,3228600320,13042188288,0,0,6695066,19131546,229519,9798,0,100,torch.float32,1f7c14ad5e7d7457222d5254d3d8d0a695d97954
FH-CONT,280d8ebb-6cc6-2788-9153-98959a2da801,scene0119_00-scene0119_02-scene0119_03-scene0119_01-scene0119_04,canonical,4,model_update,5,0000000000000000000000000000000000000000000000000000000000000000,1296.289255,593637376,3822286336,3228648960,13042188288,0,0,6695066,19131546,229519,9798,0,100,torch.float32,1f7c14ad5e7d7457222d5254d3d8d0a695d97954
FH-CONT,280d8ebb-6cc6-2788-9153-98959a2da801,scene0119_00-scene0119_02-scene0119_03-scene0119_01-scene0119_04,canonical,4,model_update,6,0000000000000000000000000000000000000000000000000000000000000000,1302.163669,593637376,3822238720,3228601344,13042188288,0,0,6695066,19131546,229519,9798,0,100,torch.float32,1f7c14ad5e7d7457222d5254d3d8d0a695d97954
FH-CONT,280d8ebb-6cc6-2788-9153-98959a2da801,scene0119_00-scene0119_02-scene0119_03-scene0119_01-scene0119_04,canonical,4,model_update,7,0000000000000000000000000000000000000000000000000000000000000000,1383.211683,593637376,3822280704,3228643328,13042188288,0,0,6695066,19131546,229519,9798,0,100,torch.float32,1f7c14ad5e7d7457222d5254d3d8d0a695d97954
FH-CONT,280d8ebb-6cc6-2788-9153-98959a2da801,scene0119_00-scene0119_02-scene0119_03-scene0119_01-scene0119_04,canonical,4,model_update,8,0000000000000000000000000000000000000000000000000000000000000000,1416.271123,593637376,3822322176,3228684800,13042188288,0,0,6695066,19131546,229519,9798,0,100,torch.float32,1f7c14ad5e7d7457222d5254d3d8d0a695d97954
FH-CONT,280d8ebb-6cc6-2788-9153-98959a2da801,scene0119_00-scene0119_02-scene0119_03-scene0119_01-scene0119_04,canonical,4,model_update,9,0000000000000000000000000000000000000000000000000000000000000000,1327.974707,593637376,3822208000,3228570624,13042188288,0,0,6695066,19131546,229519,9798,0,100,torch.float32,1f7c14ad5e7d7457222d5254d3d8d0a695d97954
FH-CONT,280d8ebb-6cc6-2788-9153-98959a2da801,scene0119_00-scene0119_02-scene0119_03-scene0119_01-scene0119_04,canonical,4,end_to_end_update,0,0000000000000000000000000000000000000000000000000000000000000000,1922.935198,593637376,3822215168,3228577792,13042188288,0,0,6695066,19131546,229519,9798,0,100,torch.float32,1f7c14ad5e7d7457222d5254d3d8d0a695d97954
FH-CONT,280d8ebb-6cc6-2788-9153-98959a2da801,scene0119_00-scene0119_02-scene0119_03-scene0119_01-scene0119_04,canonical,4,end_to_end_update,1,0000000000000000000000000000000000000000000000000000000000000000,1922.63823,593637376,3822309888,3228672512,13042188288,0,0,6695066,19131546,229519,9798,0,100,torch.float32,1f7c14ad5e7d7457222d5254d3d8d0a695d97954
FH-CONT,280d8ebb-6cc6-2788-9153-98959a2da801,scene0119_00-scene0119_02-scene0119_03-scene0119_01-scene0119_04,canonical,4,end_to_end_update,2,0000000000000000000000000000000000000000000000000000000000000000,1903.236551,593637376,3822339584,3228702208,13042188288,0,0,6695066,19131546,229519,9798,0,100,torch.float32,1f7c14ad5e7d7457222d5254d3d8d0a695d97954
FH-CONT,280d8ebb-6cc6-2788-9153-98959a2da801,scene0119_00-scene0119_02-scene0119_03-scene0119_01-scene0119_04,canonical,4,end_to_end_update,3,0000000000000000000000000000000000000000000000000000000000000000,1903.539931,593637376,3822215168,3228577792,13042188288,0,0,6695066,19131546,229519,9798,0,100,torch.float32,1f7c14ad5e7d7457222d5254d3d8d0a695d97954
FH-CONT,280d8ebb-6cc6-2788-9153-98959a2da801,scene0119_00-scene0119_02-scene0119_03-scene0119_01-scene0119_04,canonical,4,end_to_end_update,4,0000000000000000000000000000000000000000000000000000000000000000,1949.762454,593637376,3822256640,3228619264,13042188288,0,0,6695066,19131546,229519,9798,0,100,torch.float32,1f7c14ad5e7d7457222d5254d3d8d0a695d97954
FH-CONT,280d8ebb-6cc6-2788-9153-98959a2da801,scene0119_00-scene0119_02-scene0119_03-scene0119_01-scene0119_04,canonical,4,end_to_end_update,5,0000000000000000000000000000000000000000000000000000000000000000,2013.156647,593637376,3822279680,3228642304,13042188288,0,0,6695066,19131546,229519,9798,0,100,torch.float32,1f7c14ad5e7d7457222d5254d3d8d0a695d97954
FH-CONT,280d8ebb-6cc6-2788-9153-98959a2da801,scene0119_00-scene0119_02-scene0119_03-scene0119_01-scene0119_04,canonical,4,end_to_end_update,6,0000000000000000000000000000000000000000000000000000000000000000,2002.826248,593637376,3822137344,3228499968,13042188288,0,0,6695066,19131546,229519,9798,0,100,torch.float32,1f7c14ad5e7d7457222d5254d3d8d0a695d97954
FH-CONT,280d8ebb-6cc6-2788-9153-98959a2da801,scene0119_00-scene0119_02-scene0119_03-scene0119_01-scene0119_04,canonical,4,end_to_end_update,7,0000000000000000000000000000000000000000000000000000000000000000,1998.903519,593637376,3822297600,3228660224,13042188288,0,0,6695066,19131546,229519,9798,0,100,torch.float32,1f7c14ad5e7d7457222d5254d3d8d0a695d97954
FH-CONT,280d8ebb-6cc6-2788-9153-98959a2da801,scene0119_00-scene0119_02-scene0119_03-scene0119_01-scene0119_04,canonical,4,end_to_end_update,8,0000000000000000000000000000000000000000000000000000000000000000,1943.576213,593637376,3822208000,3228570624,13042188288,0,0,6695066,19131546,229519,9798,0,100,torch.float32,1f7c14ad5e7d7457222d5254d3d8d0a695d97954
FH-CONT,280d8ebb-6cc6-2788-9153-98959a2da801,scene0119_00-scene0119_02-scene0119_03-scene0119_01-scene0119_04,canonical,4,end_to_end_update,9,0000000000000000000000000000000000000000000000000000000000000000,1968.145261,593637376,3822297600,3228660224,13042188288,0,0,6695066,19131546,229519,9798,0,100,torch.float32,1f7c14ad5e7d7457222d5254d3d8d0a695d97954
FH-CONT,280d8ebb-6cc6-2788-9153-98959a2da801,scene0119_00-scene0119_02-scene0119_03-scene0119_01-scene0119_04,canonical,4,output_materialization,0,0000000000000000000000000000000000000000000000000000000000000000,31.415248,593637376,593637376,0,13042188288,0,0,6695066,19131546,229519,9798,0,100,torch.float32,1f7c14ad5e7d7457222d5254d3d8d0a695d97954
FH-CONT,280d8ebb-6cc6-2788-9153-98959a2da801,scene0119_00-scene0119_02-scene0119_03-scene0119_01-scene0119_04,canonical,4,output_materialization,1,0000000000000000000000000000000000000000000000000000000000000000,18.614696,593637376,593637376,0,13042188288,0,0,6695066,19131546,229519,9798,0,100,torch.float32,1f7c14ad5e7d7457222d5254d3d8d0a695d97954
FH-CONT,280d8ebb-6cc6-2788-9153-98959a2da801,scene0119_00-scene0119_02-scene0119_03-scene0119_01-scene0119_04,canonical,4,output_materialization,2,0000000000000000000000000000000000000000000000000000000000000000,16.345354,593637376,593637376,0,13042188288,0,0,6695066,19131546,229519,9798,0,100,torch.float32,1f7c14ad5e7d7457222d5254d3d8d0a695d97954
FH-CONT,280d8ebb-6cc6-2788-9153-98959a2da801,scene0119_00-scene0119_02-scene0119_03-scene0119_01-scene0119_04,canonical,4,output_materialization,3,0000000000000000000000000000000000000000000000000000000000000000,16.458522,593637376,593637376,0,13042188288,0,0,6695066,19131546,229519,9798,0,100,torch.float32,1f7c14ad5e7d7457222d5254d3d8d0a695d97954
FH-CONT,280d8ebb-6cc6-2788-9153-98959a2da801,scene0119_00-scene0119_02-scene0119_03-scene0119_01-scene0119_04,canonical,4,output_materialization,4,0000000000000000000000000000000000000000000000000000000000000000,16.46208,593637376,593637376,0,13042188288,0,0,6695066,19131546,229519,9798,0,100,torch.float32,1f7c14ad5e7d7457222d5254d3d8d0a695d97954
FH-CONT,280d8ebb-6cc6-2788-9153-98959a2da801,scene0119_00-scene0119_02-scene0119_03-scene0119_01-scene0119_04,canonical,4,output_materialization,5,0000000000000000000000000000000000000000000000000000000000000000,16.493855,593637376,593637376,0,13042188288,0,0,6695066,19131546,229519,9798,0,100,torch.float32,1f7c14ad5e7d7457222d5254d3d8d0a695d97954
FH-CONT,280d8ebb-6cc6-2788-9153-98959a2da801,scene0119_00-scene0119_02-scene0119_03-scene0119_01-scene0119_04,canonical,4,output_materialization,6,0000000000000000000000000000000000000000000000000000000000000000,16.40844,593637376,593637376,0,13042188288,0,0,6695066,19131546,229519,9798,0,100,torch.float32,1f7c14ad5e7d7457222d5254d3d8d0a695d97954
FH-CONT,280d8ebb-6cc6-2788-9153-98959a2da801,scene0119_00-scene0119_02-scene0119_03-scene0119_01-scene0119_04,canonical,4,output_materialization,7,0000000000000000000000000000000000000000000000000000000000000000,15.421449,593637376,593637376,0,13042188288,0,0,6695066,19131546,229519,9798,0,100,torch.float32,1f7c14ad5e7d7457222d5254d3d8d0a695d97954
FH-CONT,280d8ebb-6cc6-2788-9153-98959a2da801,scene0119_00-scene0119_02-scene0119_03-scene0119_01-scene0119_04,canonical,4,output_materialization,8,0000000000000000000000000000000000000000000000000000000000000000,15.322554,593637376,593637376,0,13042188288,0,0,6695066,19131546,229519,9798,0,100,torch.float32,1f7c14ad5e7d7457222d5254d3d8d0a695d97954
FH-CONT,280d8ebb-6cc6-2788-9153-98959a2da801,scene0119_00-scene0119_02-scene0119_03-scene0119_01-scene0119_04,canonical,4,output_materialization,9,0000000000000000000000000000000000000000000000000000000000000000,15.308472,593637376,593637376,0,13042188288,0,0,6695066,19131546,229519,9798,0,100,torch.float32,1f7c14ad5e7d7457222d5254d3d8d0a695d97954
FH-CONT,280d8ebb-6cc6-2788-9153-98959a2da801,scene0119_00-scene0119_02-scene0119_03-scene0119_01-scene0119_04,canonical,4,cumulative_T1_to_T,0,0000000000000000000000000000000000000000000000000000000000000000,5280.345102,593637376,3824376832,3230739456,13042188288,0,0,6695066,19131546,229519,9798,0,100,torch.float32,1f7c14ad5e7d7457222d5254d3d8d0a695d97954
FH-CONT,280d8ebb-6cc6-2788-9153-98959a2da801,scene0119_00-scene0119_02-scene0119_03-scene0119_01-scene0119_04,canonical,4,cumulative_T1_to_T,1,0000000000000000000000000000000000000000000000000000000000000000,5433.837522,593637376,3824318976,3230681600,13042188288,0,0,6695066,19131546,229519,9798,0,100,torch.float32,1f7c14ad5e7d7457222d5254d3d8d0a695d97954
FH-CONT,280d8ebb-6cc6-2788-9153-98959a2da801,scene0119_00-scene0119_02-scene0119_03-scene0119_01-scene0119_04,canonical,4,cumulative_T1_to_T,2,0000000000000000000000000000000000000000000000000000000000000000,6212.551537,593637376,3824333824,3230696448,13042188288,0,0,6695066,19131546,229519,9798,0,100,torch.float32,1f7c14ad5e7d7457222d5254d3d8d0a695d97954
FH-CONT,280d8ebb-6cc6-2788-9153-98959a2da801,scene0119_00-scene0119_02-scene0119_03-scene0119_01-scene0119_04,canonical,4,cumulative_T1_to_T,3,0000000000000000000000000000000000000000000000000000000000000000,5935.544577,593637376,3824381952,3230744576,13042188288,0,0,6695066,19131546,229519,9798,0,100,torch.float32,1f7c14ad5e7d7457222d5254d3d8d0a695d97954
FH-CONT,280d8ebb-6cc6-2788-9153-98959a2da801,scene0119_00-scene0119_02-scene0119_03-scene0119_01-scene0119_04,canonical,4,cumulative_T1_to_T,4,0000000000000000000000000000000000000000000000000000000000000000,5785.876587,593637376,3824294912,3230657536,13042188288,0,0,6695066,19131546,229519,9798,0,100,torch.float32,1f7c14ad5e7d7457222d5254d3d8d0a695d97954
FH-CONT,280d8ebb-6cc6-2788-9153-98959a2da801,scene0119_00-scene0119_02-scene0119_03-scene0119_01-scene0119_04,canonical,4,cumulative_T1_to_T,5,0000000000000000000000000000000000000000000000000000000000000000,6179.000389,593637376,3824439296,3230801920,13042188288,0,0,6695066,19131546,229519,9798,0,100,torch.float32,1f7c14ad5e7d7457222d5254d3d8d0a695d97954
FH-CONT,280d8ebb-6cc6-2788-9153-98959a2da801,scene0119_00-scene0119_02-scene0119_03-scene0119_01-scene0119_04,canonical,4,cumulative_T1_to_T,6,0000000000000000000000000000000000000000000000000000000000000000,6589.508731,593637376,3824357376,3230720000,13042188288,0,0,6695066,19131546,229519,9798,0,100,torch.float32,1f7c14ad5e7d7457222d5254d3d8d0a695d97954
FH-CONT,280d8ebb-6cc6-2788-9153-98959a2da801,scene0119_00-scene0119_02-scene0119_03-scene0119_01-scene0119_04,canonical,4,cumulative_T1_to_T,7,0000000000000000000000000000000000000000000000000000000000000000,6147.48923,593637376,3824261632,3230624256,13042188288,0,0,6695066,19131546,229519,9798,0,100,torch.float32,1f7c14ad5e7d7457222d5254d3d8d0a695d97954
FH-CONT,280d8ebb-6cc6-2788-9153-98959a2da801,scene0119_00-scene0119_02-scene0119_03-scene0119_01-scene0119_04,canonical,4,cumulative_T1_to_T,8,0000000000000000000000000000000000000000000000000000000000000000,6140.005527,593637376,3824333824,3230696448,13042188288,0,0,6695066,19131546,229519,9798,0,100,torch.float32,1f7c14ad5e7d7457222d5254d3d8d0a695d97954
FH-CONT,280d8ebb-6cc6-2788-9153-98959a2da801,scene0119_00-scene0119_02-scene0119_03-scene0119_01-scene0119_04,canonical,4,cumulative_T1_to_T,9,0000000000000000000000000000000000000000000000000000000000000000,5806.421172,593637376,3824300032,3230662656,13042188288,0,0,6695066,19131546,229519,9798,0,100,torch.float32,1f7c14ad5e7d7457222d5254d3d8d0a695d97954
FH-CONT,280d8ebb-6cc6-2788-9153-98959a2da801,scene0119_00-scene0119_02-scene0119_03-scene0119_01-scene0119_04,canonical,5,model_update,0,0000000000000000000000000000000000000000000000000000000000000000,1821.753178,593637376,5000348160,4406710784,13042188288,0,0,9330013,26840855,315300,14476,0,100,torch.float32,1f7c14ad5e7d7457222d5254d3d8d0a695d97954
FH-CONT,280d8ebb-6cc6-2788-9153-98959a2da801,scene0119_00-scene0119_02-scene0119_03-scene0119_01-scene0119_04,canonical,5,model_update,1,0000000000000000000000000000000000000000000000000000000000000000,1805.770825,593637376,5000139776,4406502400,13042188288,0,0,9330013,26840855,315300,14476,0,100,torch.float32,1f7c14ad5e7d7457222d5254d3d8d0a695d97954
FH-CONT,280d8ebb-6cc6-2788-9153-98959a2da801,scene0119_00-scene0119_02-scene0119_03-scene0119_01-scene0119_04,canonical,5,model_update,2,0000000000000000000000000000000000000000000000000000000000000000,1877.51333,593637376,4999949824,4406312448,13042188288,0,0,9330013,26840855,315300,14476,0,100,torch.float32,1f7c14ad5e7d7457222d5254d3d8d0a695d97954
FH-CONT,280d8ebb-6cc6-2788-9153-98959a2da801,scene0119_00-scene0119_02-scene0119_03-scene0119_01-scene0119_04,canonical,5,model_update,3,0000000000000000000000000000000000000000000000000000000000000000,1949.050252,593637376,5000069632,4406432256,13042188288,0,0,9330013,26840855,315300,14476,0,100,torch.float32,1f7c14ad5e7d7457222d5254d3d8d0a695d97954
FH-CONT,280d8ebb-6cc6-2788-9153-98959a2da801,scene0119_00-scene0119_02-scene0119_03-scene0119_01-scene0119_04,canonical,5,model_update,4,0000000000000000000000000000000000000000000000000000000000000000,1913.643757,593637376,5000367616,4406730240,13042188288,0,0,9330013,26840855,315300,14476,0,100,torch.float32,1f7c14ad5e7d7457222d5254d3d8d0a695d97954
FH-CONT,280d8ebb-6cc6-2788-9153-98959a2da801,scene0119_00-scene0119_02-scene0119_03-scene0119_01-scene0119_04,canonical,5,model_update,5,0000000000000000000000000000000000000000000000000000000000000000,1932.181752,593637376,5000076288,4406438912,13042188288,0,0,9330013,26840855,315300,14476,0,100,torch.float32,1f7c14ad5e7d7457222d5254d3d8d0a695d97954
FH-CONT,280d8ebb-6cc6-2788-9153-98959a2da801,scene0119_00-scene0119_02-scene0119_03-scene0119_01-scene0119_04,canonical,5,model_update,6,0000000000000000000000000000000000000000000000000000000000000000,1988.614426,593637376,5000222208,4406584832,13042188288,0,0,9330013,26840855,315300,14476,0,100,torch.float32,1f7c14ad5e7d7457222d5254d3d8d0a695d97954
FH-CONT,280d8ebb-6cc6-2788-9153-98959a2da801,scene0119_00-scene0119_02-scene0119_03-scene0119_01-scene0119_04,canonical,5,model_update,7,0000000000000000000000000000000000000000000000000000000000000000,1977.883092,593637376,5000164864,4406527488,13042188288,0,0,9330013,26840855,315300,14476,0,100,torch.float32,1f7c14ad5e7d7457222d5254d3d8d0a695d97954
FH-CONT,280d8ebb-6cc6-2788-9153-98959a2da801,scene0119_00-scene0119_02-scene0119_03-scene0119_01-scene0119_04,canonical,5,model_update,8,0000000000000000000000000000000000000000000000000000000000000000,1996.709112,593637376,5000202752,4406565376,13042188288,0,0,9330013,26840855,315300,14476,0,100,torch.float32,1f7c14ad5e7d7457222d5254d3d8d0a695d97954
FH-CONT,280d8ebb-6cc6-2788-9153-98959a2da801,scene0119_00-scene0119_02-scene0119_03-scene0119_01-scene0119_04,canonical,5,model_update,9,0000000000000000000000000000000000000000000000000000000000000000,1834.13322,593637376,5000082944,4406445568,13042188288,0,0,9330013,26840855,315300,14476,0,100,torch.float32,1f7c14ad5e7d7457222d5254d3d8d0a695d97954
FH-CONT,280d8ebb-6cc6-2788-9153-98959a2da801,scene0119_00-scene0119_02-scene0119_03-scene0119_01-scene0119_04,canonical,5,end_to_end_update,0,0000000000000000000000000000000000000000000000000000000000000000,2624.862485,593637376,5000202752,4406565376,13042188288,0,0,9330013,26840855,315300,14476,0,100,torch.float32,1f7c14ad5e7d7457222d5254d3d8d0a695d97954
FH-CONT,280d8ebb-6cc6-2788-9153-98959a2da801,scene0119_00-scene0119_02-scene0119_03-scene0119_01-scene0119_04,canonical,5,end_to_end_update,1,0000000000000000000000000000000000000000000000000000000000000000,2807.615325,593637376,5000089600,4406452224,13042188288,0,0,9330013,26840855,315300,14476,0,100,torch.float32,1f7c14ad5e7d7457222d5254d3d8d0a695d97954
FH-CONT,280d8ebb-6cc6-2788-9153-98959a2da801,scene0119_00-scene0119_02-scene0119_03-scene0119_01-scene0119_04,canonical,5,end_to_end_update,2,0000000000000000000000000000000000000000000000000000000000000000,2711.786848,593637376,5000189952,4406552576,13042188288,0,0,9330013,26840855,315300,14476,0,100,torch.float32,1f7c14ad5e7d7457222d5254d3d8d0a695d97954
FH-CONT,280d8ebb-6cc6-2788-9153-98959a2da801,scene0119_00-scene0119_02-scene0119_03-scene0119_01-scene0119_04,canonical,5,end_to_end_update,3,0000000000000000000000000000000000000000000000000000000000000000,2726.88143,593637376,5000032256,4406394880,13042188288,0,0,9330013,26840855,315300,14476,0,100,torch.float32,1f7c14ad5e7d7457222d5254d3d8d0a695d97954
FH-CONT,280d8ebb-6cc6-2788-9153-98959a2da801,scene0119_00-scene0119_02-scene0119_03-scene0119_01-scene0119_04,canonical,5,end_to_end_update,4,0000000000000000000000000000000000000000000000000000000000000000,2711.752606,593637376,5000171008,4406533632,13042188288,0,0,9330013,26840855,315300,14476,0,100,torch.float32,1f7c14ad5e7d7457222d5254d3d8d0a695d97954
FH-CONT,280d8ebb-6cc6-2788-9153-98959a2da801,scene0119_00-scene0119_02-scene0119_03-scene0119_01-scene0119_04,canonical,5,end_to_end_update,5,0000000000000000000000000000000000000000000000000000000000000000,2940.357032,593637376,5000189952,4406552576,13042188288,0,0,9330013,26840855,315300,14476,0,100,torch.float32,1f7c14ad5e7d7457222d5254d3d8d0a695d97954
FH-CONT,280d8ebb-6cc6-2788-9153-98959a2da801,scene0119_00-scene0119_02-scene0119_03-scene0119_01-scene0119_04,canonical,5,end_to_end_update,6,0000000000000000000000000000000000000000000000000000000000000000,3051.693365,593637376,5000152576,4406515200,13042188288,0,0,9330013,26840855,315300,14476,0,100,torch.float32,1f7c14ad5e7d7457222d5254d3d8d0a695d97954
FH-CONT,280d8ebb-6cc6-2788-9153-98959a2da801,scene0119_00-scene0119_02-scene0119_03-scene0119_01-scene0119_04,canonical,5,end_to_end_update,7,0000000000000000000000000000000000000000000000000000000000000000,3108.012994,593637376,5000164864,4406527488,13042188288,0,0,9330013,26840855,315300,14476,0,100,torch.float32,1f7c14ad5e7d7457222d5254d3d8d0a695d97954
FH-CONT,280d8ebb-6cc6-2788-9153-98959a2da801,scene0119_00-scene0119_02-scene0119_03-scene0119_01-scene0119_04,canonical,5,end_to_end_update,8,0000000000000000000000000000000000000000000000000000000000000000,2651.625785,593637376,5000126976,4406489600,13042188288,0,0,9330013,26840855,315300,14476,0,100,torch.float32,1f7c14ad5e7d7457222d5254d3d8d0a695d97954
FH-CONT,280d8ebb-6cc6-2788-9153-98959a2da801,scene0119_00-scene0119_02-scene0119_03-scene0119_01-scene0119_04,canonical,5,end_to_end_update,9,0000000000000000000000000000000000000000000000000000000000000000,2619.577235,593637376,5000183808,4406546432,13042188288,0,0,9330013,26840855,315300,14476,0,100,torch.float32,1f7c14ad5e7d7457222d5254d3d8d0a695d97954
FH-CONT,280d8ebb-6cc6-2788-9153-98959a2da801,scene0119_00-scene0119_02-scene0119_03-scene0119_01-scene0119_04,canonical,5,output_materialization,0,0000000000000000000000000000000000000000000000000000000000000000,19.890342,593637376,593637376,0,13042188288,0,0,9330013,26840855,315300,14476,0,100,torch.float32,1f7c14ad5e7d7457222d5254d3d8d0a695d97954
FH-CONT,280d8ebb-6cc6-2788-9153-98959a2da801,scene0119_00-scene0119_02-scene0119_03-scene0119_01-scene0119_04,canonical,5,output_materialization,1,0000000000000000000000000000000000000000000000000000000000000000,20.299856,593637376,593637376,0,13042188288,0,0,9330013,26840855,315300,14476,0,100,torch.float32,1f7c14ad5e7d7457222d5254d3d8d0a695d97954
FH-CONT,280d8ebb-6cc6-2788-9153-98959a2da801,scene0119_00-scene0119_02-scene0119_03-scene0119_01-scene0119_04,canonical,5,output_materialization,2,0000000000000000000000000000000000000000000000000000000000000000,20.693905,593637376,593637376,0,13042188288,0,0,9330013,26840855,315300,14476,0,100,torch.float32,1f7c14ad5e7d7457222d5254d3d8d0a695d97954
FH-CONT,280d8ebb-6cc6-2788-9153-98959a2da801,scene0119_00-scene0119_02-scene0119_03-scene0119_01-scene0119_04,canonical,5,output_materialization,3,0000000000000000000000000000000000000000000000000000000000000000,22.478023,593637376,593637376,0,13042188288,0,0,9330013,26840855,315300,14476,0,100,torch.float32,1f7c14ad5e7d7457222d5254d3d8d0a695d97954
FH-CONT,280d8ebb-6cc6-2788-9153-98959a2da801,scene0119_00-scene0119_02-scene0119_03-scene0119_01-scene0119_04,canonical,5,output_materialization,4,0000000000000000000000000000000000000000000000000000000000000000,21.104156,593637376,593637376,0,13042188288,0,0,9330013,26840855,315300,14476,0,100,torch.float32,1f7c14ad5e7d7457222d5254d3d8d0a695d97954
FH-CONT,280d8ebb-6cc6-2788-9153-98959a2da801,scene0119_00-scene0119_02-scene0119_03-scene0119_01-scene0119_04,canonical,5,output_materialization,5,0000000000000000000000000000000000000000000000000000000000000000,36.134053,593637376,593637376,0,13042188288,0,0,9330013,26840855,315300,14476,0,100,torch.float32,1f7c14ad5e7d7457222d5254d3d8d0a695d97954
FH-CONT,280d8ebb-6cc6-2788-9153-98959a2da801,scene0119_00-scene0119_02-scene0119_03-scene0119_01-scene0119_04,canonical,5,output_materialization,6,0000000000000000000000000000000000000000000000000000000000000000,24.774373,593637376,593637376,0,13042188288,0,0,9330013,26840855,315300,14476,0,100,torch.float32,1f7c14ad5e7d7457222d5254d3d8d0a695d97954
FH-CONT,280d8ebb-6cc6-2788-9153-98959a2da801,scene0119_00-scene0119_02-scene0119_03-scene0119_01-scene0119_04,canonical,5,output_materialization,7,0000000000000000000000000000000000000000000000000000000000000000,24.703726,593637376,593637376,0,13042188288,0,0,9330013,26840855,315300,14476,0,100,torch.float32,1f7c14ad5e7d7457222d5254d3d8d0a695d97954
FH-CONT,280d8ebb-6cc6-2788-9153-98959a2da801,scene0119_00-scene0119_02-scene0119_03-scene0119_01-scene0119_04,canonical,5,output_materialization,8,0000000000000000000000000000000000000000000000000000000000000000,24.649463,593637376,593637376,0,13042188288,0,0,9330013,26840855,315300,14476,0,100,torch.float32,1f7c14ad5e7d7457222d5254d3d8d0a695d97954
FH-CONT,280d8ebb-6cc6-2788-9153-98959a2da801,scene0119_00-scene0119_02-scene0119_03-scene0119_01-scene0119_04,canonical,5,output_materialization,9,0000000000000000000000000000000000000000000000000000000000000000,24.710626,593637376,593637376,0,13042188288,0,0,9330013,26840855,315300,14476,0,100,torch.float32,1f7c14ad5e7d7457222d5254d3d8d0a695d97954
FH-CONT,280d8ebb-6cc6-2788-9153-98959a2da801,scene0119_00-scene0119_02-scene0119_03-scene0119_01-scene0119_04,canonical,5,cumulative_T1_to_T,0,0000000000000000000000000000000000000000000000000000000000000000,8128.027685,593637376,5002670080,4409032704,13042188288,0,0,9330013,26840855,315300,14476,0,100,torch.float32,1f7c14ad5e7d7457222d5254d3d8d0a695d97954
FH-CONT,280d8ebb-6cc6-2788-9153-98959a2da801,scene0119_00-scene0119_02-scene0119_03-scene0119_01-scene0119_04,canonical,5,cumulative_T1_to_T,1,0000000000000000000000000000000000000000000000000000000000000000,9272.190312,593637376,5002682368,4409044992,13042188288,0,0,9330013,26840855,315300,14476,0,100,torch.float32,1f7c14ad5e7d7457222d5254d3d8d0a695d97954
FH-CONT,280d8ebb-6cc6-2788-9153-98959a2da801,scene0119_00-scene0119_02-scene0119_03-scene0119_01-scene0119_04,canonical,5,cumulative_T1_to_T,2,0000000000000000000000000000000000000000000000000000000000000000,9272.622438,593637376,5002679296,4409041920,13042188288,0,0,9330013,26840855,315300,14476,0,100,torch.float32,1f7c14ad5e7d7457222d5254d3d8d0a695d97954
FH-CONT,280d8ebb-6cc6-2788-9153-98959a2da801,scene0119_00-scene0119_02-scene0119_03-scene0119_01-scene0119_04,canonical,5,cumulative_T1_to_T,3,0000000000000000000000000000000000000000000000000000000000000000,7933.114058,593637376,5002647552,4409010176,13042188288,0,0,9330013,26840855,315300,14476,0,100,torch.float32,1f7c14ad5e7d7457222d5254d3d8d0a695d97954
FH-CONT,280d8ebb-6cc6-2788-9153-98959a2da801,scene0119_00-scene0119_02-scene0119_03-scene0119_01-scene0119_04,canonical,5,cumulative_T1_to_T,4,0000000000000000000000000000000000000000000000000000000000000000,8198.114597,593637376,5002673152,4409035776,13042188288,0,0,9330013,26840855,315300,14476,0,100,torch.float32,1f7c14ad5e7d7457222d5254d3d8d0a695d97954
FH-CONT,280d8ebb-6cc6-2788-9153-98959a2da801,scene0119_00-scene0119_02-scene0119_03-scene0119_01-scene0119_04,canonical,5,cumulative_T1_to_T,5,0000000000000000000000000000000000000000000000000000000000000000,8082.166699,593637376,5003283968,4409646592,13042188288,0,0,9330013,26840855,315300,14476,0,100,torch.float32,1f7c14ad5e7d7457222d5254d3d8d0a695d97954
FH-CONT,280d8ebb-6cc6-2788-9153-98959a2da801,scene0119_00-scene0119_02-scene0119_03-scene0119_01-scene0119_04,canonical,5,cumulative_T1_to_T,6,0000000000000000000000000000000000000000000000000000000000000000,8013.760581,593637376,5002682368,4409044992,13042188288,0,0,9330013,26840855,315300,14476,0,100,torch.float32,1f7c14ad5e7d7457222d5254d3d8d0a695d97954
FH-CONT,280d8ebb-6cc6-2788-9153-98959a2da801,scene0119_00-scene0119_02-scene0119_03-scene0119_01-scene0119_04,canonical,5,cumulative_T1_to_T,7,0000000000000000000000000000000000000000000000000000000000000000,8232.224885,593637376,5003282432,4409645056,13042188288,0,0,9330013,26840855,315300,14476,0,100,torch.float32,1f7c14ad5e7d7457222d5254d3d8d0a695d97954
FH-CONT,280d8ebb-6cc6-2788-9153-98959a2da801,scene0119_00-scene0119_02-scene0119_03-scene0119_01-scene0119_04,canonical,5,cumulative_T1_to_T,8,0000000000000000000000000000000000000000000000000000000000000000,8720.681559,593637376,5002638336,4409000960,13042188288,0,0,9330013,26840855,315300,14476,0,100,torch.float32,1f7c14ad5e7d7457222d5254d3d8d0a695d97954
FH-CONT,280d8ebb-6cc6-2788-9153-98959a2da801,scene0119_00-scene0119_02-scene0119_03-scene0119_01-scene0119_04,canonical,5,cumulative_T1_to_T,9,0000000000000000000000000000000000000000000000000000000000000000,9728.594043,593637376,5002616832,4408979456,13042188288,0,0,9330013,26840855,315300,14476,0,100,torch.float32,1f7c14ad5e7d7457222d5254d3d8d0a695d97954
FH-CONT,5630cfcf-12bf-2860-8784-83d28a611a83,scene0219_00-scene0219_03-scene0219_02-scene0219_01-scene0219_04,canonical,2,model_update,0,0000000000000000000000000000000000000000000000000000000000000000,495.398272,593637376,1734786048,1141148672,13042188288,0,0,2231478,6454752,81299,2188,0,100,torch.float32,1f7c14ad5e7d7457222d5254d3d8d0a695d97954
FH-CONT,5630cfcf-12bf-2860-8784-83d28a611a83,scene0219_00-scene0219_03-scene0219_02-scene0219_01-scene0219_04,canonical,2,model_update,1,0000000000000000000000000000000000000000000000000000000000000000,492.790958,593637376,1734825984,1141188608,13042188288,0,0,2231478,6454752,81299,2188,0,100,torch.float32,1f7c14ad5e7d7457222d5254d3d8d0a695d97954
FH-CONT,5630cfcf-12bf-2860-8784-83d28a611a83,scene0219_00-scene0219_03-scene0219_02-scene0219_01-scene0219_04,canonical,2,model_update,2,0000000000000000000000000000000000000000000000000000000000000000,492.265894,593637376,1734772736,1141135360,13042188288,0,0,2231478,6454752,81299,2188,0,100,torch.float32,1f7c14ad5e7d7457222d5254d3d8d0a695d97954
FH-CONT,5630cfcf-12bf-2860-8784-83d28a611a83,scene0219_00-scene0219_03-scene0219_02-scene0219_01-scene0219_04,canonical,2,model_update,3,0000000000000000000000000000000000000000000000000000000000000000,494.16419,593637376,1734792704,1141155328,13042188288,0,0,2231478,6454752,81299,2188,0,100,torch.float32,1f7c14ad5e7d7457222d5254d3d8d0a695d97954
FH-CONT,5630cfcf-12bf-2860-8784-83d28a611a83,scene0219_00-scene0219_03-scene0219_02-scene0219_01-scene0219_04,canonical,2,model_update,4,0000000000000000000000000000000000000000000000000000000000000000,494.084476,593637376,1734812672,1141175296,13042188288,0,0,2231478,6454752,81299,2188,0,100,torch.float32,1f7c14ad5e7d7457222d5254d3d8d0a695d97954
FH-CONT,5630cfcf-12bf-2860-8784-83d28a611a83,scene0219_00-scene0219_03-scene0219_02-scene0219_01-scene0219_04,canonical,2,model_update,5,0000000000000000000000000000000000000000000000000000000000000000,492.118298,593637376,1734812672,1141175296,13042188288,0,0,2231478,6454752,81299,2188,0,100,torch.float32,1f7c14ad5e7d7457222d5254d3d8d0a695d97954
FH-CONT,5630cfcf-12bf-2860-8784-83d28a611a83,scene0219_00-scene0219_03-scene0219_02-scene0219_01-scene0219_04,canonical,2,model_update,6,0000000000000000000000000000000000000000000000000000000000000000,491.687324,593637376,1734859264,1141221888,13042188288,0,0,2231478,6454752,81299,2188,0,100,torch.float32,1f7c14ad5e7d7457222d5254d3d8d0a695d97954
FH-CONT,5630cfcf-12bf-2860-8784-83d28a611a83,scene0219_00-scene0219_03-scene0219_02-scene0219_01-scene0219_04,canonical,2,model_update,7,0000000000000000000000000000000000000000000000000000000000000000,492.235917,593637376,1734779392,1141142016,13042188288,0,0,2231478,6454752,81299,2188,0,100,torch.float32,1f7c14ad5e7d7457222d5254d3d8d0a695d97954
FH-CONT,5630cfcf-12bf-2860-8784-83d28a611a83,scene0219_00-scene0219_03-scene0219_02-scene0219_01-scene0219_04,canonical,2,model_update,8,0000000000000000000000000000000000000000000000000000000000000000,493.149198,593637376,1734799360,1141161984,13042188288,0,0,2231478,6454752,81299,2188,0,100,torch.float32,1f7c14ad5e7d7457222d5254d3d8d0a695d97954
FH-CONT,5630cfcf-12bf-2860-8784-83d28a611a83,scene0219_00-scene0219_03-scene0219_02-scene0219_01-scene0219_04,canonical,2,model_update,9,0000000000000000000000000000000000000000000000000000000000000000,495.658395,593637376,1734839296,1141201920,13042188288,0,0,2231478,6454752,81299,2188,0,100,torch.float32,1f7c14ad5e7d7457222d5254d3d8d0a695d97954
FH-CONT,5630cfcf-12bf-2860-8784-83d28a611a83,scene0219_00-scene0219_03-scene0219_02-scene0219_01-scene0219_04,canonical,2,end_to_end_update,0,0000000000000000000000000000000000000000000000000000000000000000,710.539453,593637376,1734786048,1141148672,13042188288,0,0,2231478,6454752,81299,2188,0,100,torch.float32,1f7c14ad5e7d7457222d5254d3d8d0a695d97954
FH-CONT,5630cfcf-12bf-2860-8784-83d28a611a83,scene0219_00-scene0219_03-scene0219_02-scene0219_01-scene0219_04,canonical,2,end_to_end_update,1,0000000000000000000000000000000000000000000000000000000000000000,702.498819,593637376,1734786048,1141148672,13042188288,0,0,2231478,6454752,81299,2188,0,100,torch.float32,1f7c14ad5e7d7457222d5254d3d8d0a695d97954
FH-CONT,5630cfcf-12bf-2860-8784-83d28a611a83,scene0219_00-scene0219_03-scene0219_02-scene0219_01-scene0219_04,canonical,2,end_to_end_update,2,0000000000000000000000000000000000000000000000000000000000000000,695.65739,593637376,1734746112,1141108736,13042188288,0,0,2231478,6454752,81299,2188,0,100,torch.float32,1f7c14ad5e7d7457222d5254d3d8d0a695d97954
FH-CONT,5630cfcf-12bf-2860-8784-83d28a611a83,scene0219_00-scene0219_03-scene0219_02-scene0219_01-scene0219_04,canonical,2,end_to_end_update,3,0000000000000000000000000000000000000000000000000000000000000000,694.622502,593637376,1734792704,1141155328,13042188288,0,0,2231478,6454752,81299,2188,0,100,torch.float32,1f7c14ad5e7d7457222d5254d3d8d0a695d97954
FH-CONT,5630cfcf-12bf-2860-8784-83d28a611a83,scene0219_00-scene0219_03-scene0219_02-scene0219_01-scene0219_04,canonical,2,end_to_end_update,4,0000000000000000000000000000000000000000000000000000000000000000,708.00902,593637376,1734806016,1141168640,13042188288,0,0,2231478,6454752,81299,2188,0,100,torch.float32,1f7c14ad5e7d7457222d5254d3d8d0a695d97954
FH-CONT,5630cfcf-12bf-2860-8784-83d28a611a83,scene0219_00-scene0219_03-scene0219_02-scene0219_01-scene0219_04,canonical,2,end_to_end_update,5,0000000000000000000000000000000000000000000000000000000000000000,692.042243,593637376,1734845952,1141208576,13042188288,0,0,2231478,6454752,81299,2188,0,100,torch.float32,1f7c14ad5e7d7457222d5254d3d8d0a695d97954
FH-CONT,5630cfcf-12bf-2860-8784-83d28a611a83,scene0219_00-scene0219_03-scene0219_02-scene0219_01-scene0219_04,canonical,2,end_to_end_update,6,0000000000000000000000000000000000000000000000000000000000000000,691.855396,593637376,1734786048,1141148672,13042188288,0,0,2231478,6454752,81299,2188,0,100,torch.float32,1f7c14ad5e7d7457222d5254d3d8d0a695d97954
FH-CONT,5630cfcf-12bf-2860-8784-83d28a611a83,scene0219_00-scene0219_03-scene0219_02-scene0219_01-scene0219_04,canonical,2,end_to_end_update,7,0000000000000000000000000000000000000000000000000000000000000000,695.517731,593637376,1734759424,1141122048,13042188288,0,0,2231478,6454752,81299,2188,0,100,torch.float32,1f7c14ad5e7d7457222d5254d3d8d0a695d97954
FH-CONT,5630cfcf-12bf-2860-8784-83d28a611a83,scene0219_00-scene0219_03-scene0219_02-scene0219_01-scene0219_04,canonical,2,end_to_end_update,8,0000000000000000000000000000000000000000000000000000000000000000,703.093976,593637376,1734792704,1141155328,13042188288,0,0,2231478,6454752,81299,2188,0,100,torch.float32,1f7c14ad5e7d7457222d5254d3d8d0a695d97954
FH-CONT,5630cfcf-12bf-2860-8784-83d28a611a83,scene0219_00-scene0219_03-scene0219_02-scene0219_01-scene0219_04,canonical,2,end_to_end_update,9,0000000000000000000000000000000000000000000000000000000000000000,690.902684,593637376,1734799360,1141161984,13042188288,0,0,2231478,6454752,81299,2188,0,100,torch.float32,1f7c14ad5e7d7457222d5254d3d8d0a695d97954
FH-CONT,5630cfcf-12bf-2860-8784-83d28a611a83,scene0219_00-scene0219_03-scene0219_02-scene0219_01-scene0219_04,canonical,2,output_materialization,0,0000000000000000000000000000000000000000000000000000000000000000,6.106059,593637376,593637376,0,13042188288,0,0,2231478,6454752,81299,2188,0,100,torch.float32,1f7c14ad5e7d7457222d5254d3d8d0a695d97954
FH-CONT,5630cfcf-12bf-2860-8784-83d28a611a83,scene0219_00-scene0219_03-scene0219_02-scene0219_01-scene0219_04,canonical,2,output_materialization,1,0000000000000000000000000000000000000000000000000000000000000000,6.172875,593637376,593637376,0,13042188288,0,0,2231478,6454752,81299,2188,0,100,torch.float32,1f7c14ad5e7d7457222d5254d3d8d0a695d97954
FH-CONT,5630cfcf-12bf-2860-8784-83d28a611a83,scene0219_00-scene0219_03-scene0219_02-scene0219_01-scene0219_04,canonical,2,output_materialization,2,0000000000000000000000000000000000000000000000000000000000000000,6.071817,593637376,593637376,0,13042188288,0,0,2231478,6454752,81299,2188,0,100,torch.float32,1f7c14ad5e7d7457222d5254d3d8d0a695d97954
FH-CONT,5630cfcf-12bf-2860-8784-83d28a611a83,scene0219_00-scene0219_03-scene0219_02-scene0219_01-scene0219_04,canonical,2,output_materialization,3,0000000000000000000000000000000000000000000000000000000000000000,6.197465,593637376,593637376,0,13042188288,0,0,2231478,6454752,81299,2188,0,100,torch.float32,1f7c14ad5e7d7457222d5254d3d8d0a695d97954
FH-CONT,5630cfcf-12bf-2860-8784-83d28a611a83,scene0219_00-scene0219_03-scene0219_02-scene0219_01-scene0219_04,canonical,2,output_materialization,4,0000000000000000000000000000000000000000000000000000000000000000,6.124757,593637376,593637376,0,13042188288,0,0,2231478,6454752,81299,2188,0,100,torch.float32,1f7c14ad5e7d7457222d5254d3d8d0a695d97954
FH-CONT,5630cfcf-12bf-2860-8784-83d28a611a83,scene0219_00-scene0219_03-scene0219_02-scene0219_01-scene0219_04,canonical,2,output_materialization,5,0000000000000000000000000000000000000000000000000000000000000000,6.115924,593637376,593637376,0,13042188288,0,0,2231478,6454752,81299,2188,0,100,torch.float32,1f7c14ad5e7d7457222d5254d3d8d0a695d97954
FH-CONT,5630cfcf-12bf-2860-8784-83d28a611a83,scene0219_00-scene0219_03-scene0219_02-scene0219_01-scene0219_04,canonical,2,output_materialization,6,0000000000000000000000000000000000000000000000000000000000000000,6.253166,593637376,593637376,0,13042188288,0,0,2231478,6454752,81299,2188,0,100,torch.float32,1f7c14ad5e7d7457222d5254d3d8d0a695d97954
FH-CONT,5630cfcf-12bf-2860-8784-83d28a611a83,scene0219_00-scene0219_03-scene0219_02-scene0219_01-scene0219_04,canonical,2,output_materialization,7,0000000000000000000000000000000000000000000000000000000000000000,6.239463,593637376,593637376,0,13042188288,0,0,2231478,6454752,81299,2188,0,100,torch.float32,1f7c14ad5e7d7457222d5254d3d8d0a695d97954
FH-CONT,5630cfcf-12bf-2860-8784-83d28a611a83,scene0219_00-scene0219_03-scene0219_02-scene0219_01-scene0219_04,canonical,2,output_materialization,8,0000000000000000000000000000000000000000000000000000000000000000,6.308019,593637376,593637376,0,13042188288,0,0,2231478,6454752,81299,2188,0,100,torch.float32,1f7c14ad5e7d7457222d5254d3d8d0a695d97954
FH-CONT,5630cfcf-12bf-2860-8784-83d28a611a83,scene0219_00-scene0219_03-scene0219_02-scene0219_01-scene0219_04,canonical,2,output_materialization,9,0000000000000000000000000000000000000000000000000000000000000000,6.231048,593637376,593637376,0,13042188288,0,0,2231478,6454752,81299,2188,0,100,torch.float32,1f7c14ad5e7d7457222d5254d3d8d0a695d97954
FH-CONT,5630cfcf-12bf-2860-8784-83d28a611a83,scene0219_00-scene0219_03-scene0219_02-scene0219_01-scene0219_04,canonical,2,cumulative_T1_to_T,0,0000000000000000000000000000000000000000000000000000000000000000,1121.3271,593637376,1734817792,1141180416,13042188288,0,0,2231478,6454752,81299,2188,0,100,torch.float32,1f7c14ad5e7d7457222d5254d3d8d0a695d97954
FH-CONT,5630cfcf-12bf-2860-8784-83d28a611a83,scene0219_00-scene0219_03-scene0219_02-scene0219_01-scene0219_04,canonical,2,cumulative_T1_to_T,1,0000000000000000000000000000000000000000000000000000000000000000,1124.944278,593637376,1734817792,1141180416,13042188288,0,0,2231478,6454752,81299,2188,0,100,torch.float32,1f7c14ad5e7d7457222d5254d3d8d0a695d97954
FH-CONT,5630cfcf-12bf-2860-8784-83d28a611a83,scene0219_00-scene0219_03-scene0219_02-scene0219_01-scene0219_04,canonical,2,cumulative_T1_to_T,2,0000000000000000000000000000000000000000000000000000000000000000,1124.807299,593637376,1734844416,1141207040,13042188288,0,0,2231478,6454752,81299,2188,0,100,torch.float32,1f7c14ad5e7d7457222d5254d3d8d0a695d97954
FH-CONT,5630cfcf-12bf-2860-8784-83d28a611a83,scene0219_00-scene0219_03-scene0219_02-scene0219_01-scene0219_04,canonical,2,cumulative_T1_to_T,3,0000000000000000000000000000000000000000000000000000000000000000,1133.195997,593637376,1734811136,1141173760,13042188288,0,0,2231478,6454752,81299,2188,0,100,torch.float32,1f7c14ad5e7d7457222d5254d3d8d0a695d97954
FH-CONT,5630cfcf-12bf-2860-8784-83d28a611a83,scene0219_00-scene0219_03-scene0219_02-scene0219_01-scene0219_04,canonical,2,cumulative_T1_to_T,4,0000000000000000000000000000000000000000000000000000000000000000,1126.596059,593637376,1734857728,1141220352,13042188288,0,0,2231478,6454752,81299,2188,0,100,torch.float32,1f7c14ad5e7d7457222d5254d3d8d0a695d97954
FH-CONT,5630cfcf-12bf-2860-8784-83d28a611a83,scene0219_00-scene0219_03-scene0219_02-scene0219_01-scene0219_04,canonical,2,cumulative_T1_to_T,5,0000000000000000000000000000000000000000000000000000000000000000,1124.421073,593637376,1734751232,1141113856,13042188288,0,0,2231478,6454752,81299,2188,0,100,torch.float32,1f7c14ad5e7d7457222d5254d3d8d0a695d97954
FH-CONT,5630cfcf-12bf-2860-8784-83d28a611a83,scene0219_00-scene0219_03-scene0219_02-scene0219_01-scene0219_04,canonical,2,cumulative_T1_to_T,6,0000000000000000000000000000000000000000000000000000000000000000,1128.361692,593637376,1734837760,1141200384,13042188288,0,0,2231478,6454752,81299,2188,0,100,torch.float32,1f7c14ad5e7d7457222d5254d3d8d0a695d97954
FH-CONT,5630cfcf-12bf-2860-8784-83d28a611a83,scene0219_00-scene0219_03-scene0219_02-scene0219_01-scene0219_04,canonical,2,cumulative_T1_to_T,7,0000000000000000000000000000000000000000000000000000000000000000,1133.137441,593637376,1734817792,1141180416,13042188288,0,0,2231478,6454752,81299,2188,0,100,torch.float32,1f7c14ad5e7d7457222d5254d3d8d0a695d97954
FH-CONT,5630cfcf-12bf-2860-8784-83d28a611a83,scene0219_00-scene0219_03-scene0219_02-scene0219_01-scene0219_04,canonical,2,cumulative_T1_to_T,8,0000000000000000000000000000000000000000000000000000000000000000,1136.594359,593637376,1734817792,1141180416,13042188288,0,0,2231478,6454752,81299,2188,0,100,torch.float32,1f7c14ad5e7d7457222d5254d3d8d0a695d97954
FH-CONT,5630cfcf-12bf-2860-8784-83d28a611a83,scene0219_00-scene0219_03-scene0219_02-scene0219_01-scene0219_04,canonical,2,cumulative_T1_to_T,9,0000000000000000000000000000000000000000000000000000000000000000,1186.580009,593637376,1734784512,1141147136,13042188288,0,0,2231478,6454752,81299,2188,0,100,torch.float32,1f7c14ad5e7d7457222d5254d3d8d0a695d97954
FH-CONT,5630cfcf-12bf-2860-8784-83d28a611a83,scene0219_00-scene0219_03-scene0219_02-scene0219_01-scene0219_04,canonical,3,model_update,0,0000000000000000000000000000000000000000000000000000000000000000,701.133893,593637376,2304645632,1711008256,13042188288,0,0,3339216,9614877,121667,3294,0,100,torch.float32,1f7c14ad5e7d7457222d5254d3d8d0a695d97954
FH-CONT,5630cfcf-12bf-2860-8784-83d28a611a83,scene0219_00-scene0219_03-scene0219_02-scene0219_01-scene0219_04,canonical,3,model_update,1,0000000000000000000000000000000000000000000000000000000000000000,697.752785,593637376,2304666112,1711028736,13042188288,0,0,3339216,9614877,121667,3294,0,100,torch.float32,1f7c14ad5e7d7457222d5254d3d8d0a695d97954
FH-CONT,5630cfcf-12bf-2860-8784-83d28a611a83,scene0219_00-scene0219_03-scene0219_02-scene0219_01-scene0219_04,canonical,3,model_update,2,0000000000000000000000000000000000000000000000000000000000000000,714.536562,593637376,2304643072,1711005696,13042188288,0,0,3339216,9614877,121667,3294,0,100,torch.float32,1f7c14ad5e7d7457222d5254d3d8d0a695d97954
FH-CONT,5630cfcf-12bf-2860-8784-83d28a611a83,scene0219_00-scene0219_03-scene0219_02-scene0219_01-scene0219_04,canonical,3,model_update,3,0000000000000000000000000000000000000000000000000000000000000000,703.929477,593637376,2304687104,1711049728,13042188288,0,0,3339216,9614877,121667,3294,0,100,torch.float32,1f7c14ad5e7d7457222d5254d3d8d0a695d97954
FH-CONT,5630cfcf-12bf-2860-8784-83d28a611a83,scene0219_00-scene0219_03-scene0219_02-scene0219_01-scene0219_04,canonical,3,model_update,4,0000000000000000000000000000000000000000000000000000000000000000,692.746032,593637376,2304658432,1711021056,13042188288,0,0,3339216,9614877,121667,3294,0,100,torch.float32,1f7c14ad5e7d7457222d5254d3d8d0a695d97954
FH-CONT,5630cfcf-12bf-2860-8784-83d28a611a83,scene0219_00-scene0219_03-scene0219_02-scene0219_01-scene0219_04,canonical,3,model_update,5,0000000000000000000000000000000000000000000000000000000000000000,690.241786,593637376,2304674304,1711036928,13042188288,0,0,3339216,9614877,121667,3294,0,100,torch.float32,1f7c14ad5e7d7457222d5254d3d8d0a695d97954
FH-CONT,5630cfcf-12bf-2860-8784-83d28a611a83,scene0219_00-scene0219_03-scene0219_02-scene0219_01-scene0219_04,canonical,3,model_update,6,0000000000000000000000000000000000000000000000000000000000000000,677.231214,593637376,2304663552,1711026176,13042188288,0,0,3339216,9614877,121667,3294,0,100,torch.float32,1f7c14ad5e7d7457222d5254d3d8d0a695d97954
FH-CONT,5630cfcf-12bf-2860-8784-83d28a611a83,scene0219_00-scene0219_03-scene0219_02-scene0219_01-scene0219_04,canonical,3,model_update,7,0000000000000000000000000000000000000000000000000000000000000000,679.155048,593637376,2303042048,1709404672,13042188288,0,0,3339216,9614877,121667,3294,0,100,torch.float32,1f7c14ad5e7d7457222d5254d3d8d0a695d97954
FH-CONT,5630cfcf-12bf-2860-8784-83d28a611a83,scene0219_00-scene0219_03-scene0219_02-scene0219_01-scene0219_04,canonical,3,model_update,8,0000000000000000000000000000000000000000000000000000000000000000,685.003451,593637376,2304643072,1711005696,13042188288,0,0,3339216,9614877,121667,3294,0,100,torch.float32,1f7c14ad5e7d7457222d5254d3d8d0a695d97954
FH-CONT,5630cfcf-12bf-2860-8784-83d28a611a83,scene0219_00-scene0219_03-scene0219_02-scene0219_01-scene0219_04,canonical,3,model_update,9,0000000000000000000000000000000000000000000000000000000000000000,688.019684,593637376,2304666112,1711028736,13042188288,0,0,3339216,9614877,121667,3294,0,100,torch.float32,1f7c14ad5e7d7457222d5254d3d8d0a695d97954
FH-CONT,5630cfcf-12bf-2860-8784-83d28a611a83,scene0219_00-scene0219_03-scene0219_02-scene0219_01-scene0219_04,canonical,3,end_to_end_update,0,0000000000000000000000000000000000000000000000000000000000000000,991.812101,593637376,2304679424,1711042048,13042188288,0,0,3339216,9614877,121667,3294,0,100,torch.float32,1f7c14ad5e7d7457222d5254d3d8d0a695d97954
FH-CONT,5630cfcf-12bf-2860-8784-83d28a611a83,scene0219_00-scene0219_03-scene0219_02-scene0219_01-scene0219_04,canonical,3,end_to_end_update,1,0000000000000000000000000000000000000000000000000000000000000000,989.830423,593637376,2304648192,1711010816,13042188288,0,0,3339216,9614877,121667,3294,0,100,torch.float32,1f7c14ad5e7d7457222d5254d3d8d0a695d97954
FH-CONT,5630cfcf-12bf-2860-8784-83d28a611a83,scene0219_00-scene0219_03-scene0219_02-scene0219_01-scene0219_04,canonical,3,end_to_end_update,2,0000000000000000000000000000000000000000000000000000000000000000,987.840358,593637376,2304694784,1711057408,13042188288,0,0,3339216,9614877,121667,3294,0,100,torch.float32,1f7c14ad5e7d7457222d5254d3d8d0a695d97954
FH-CONT,5630cfcf-12bf-2860-8784-83d28a611a83,scene0219_00-scene0219_03-scene0219_02-scene0219_01-scene0219_04,canonical,3,end_to_end_update,3,0000000000000000000000000000000000000000000000000000000000000000,994.566671,593637376,2304666112,1711028736,13042188288,0,0,3339216,9614877,121667,3294,0,100,torch.float32,1f7c14ad5e7d7457222d5254d3d8d0a695d97954
FH-CONT,5630cfcf-12bf-2860-8784-83d28a611a83,scene0219_00-scene0219_03-scene0219_02-scene0219_01-scene0219_04,canonical,3,end_to_end_update,4,0000000000000000000000000000000000000000000000000000000000000000,996.804651,593637376,2304666112,1711028736,13042188288,0,0,3339216,9614877,121667,3294,0,100,torch.float32,1f7c14ad5e7d7457222d5254d3d8d0a695d97954
FH-CONT,5630cfcf-12bf-2860-8784-83d28a611a83,scene0219_00-scene0219_03-scene0219_02-scene0219_01-scene0219_04,canonical,3,end_to_end_update,5,0000000000000000000000000000000000000000000000000000000000000000,1024.997858,593637376,2304692224,1711054848,13042188288,0,0,3339216,9614877,121667,3294,0,100,torch.float32,1f7c14ad5e7d7457222d5254d3d8d0a695d97954
FH-CONT,5630cfcf-12bf-2860-8784-83d28a611a83,scene0219_00-scene0219_03-scene0219_02-scene0219_01-scene0219_04,canonical,3,end_to_end_update,6,0000000000000000000000000000000000000000000000000000000000000000,1186.201906,593637376,2304676864,1711039488,13042188288,0,0,3339216,9614877,121667,3294,0,100,torch.float32,1f7c14ad5e7d7457222d5254d3d8d0a695d97954
FH-CONT,5630cfcf-12bf-2860-8784-83d28a611a83,scene0219_00-scene0219_03-scene0219_02-scene0219_01-scene0219_04,canonical,3,end_to_end_update,7,0000000000000000000000000000000000000000000000000000000000000000,1109.795193,593637376,2304671744,1711034368,13042188288,0,0,3339216,9614877,121667,3294,0,100,torch.float32,1f7c14ad5e7d7457222d5254d3d8d0a695d97954
FH-CONT,5630cfcf-12bf-2860-8784-83d28a611a83,scene0219_00-scene0219_03-scene0219_02-scene0219_01-scene0219_04,canonical,3,end_to_end_update,8,0000000000000000000000000000000000000000000000000000000000000000,993.879358,593637376,2304648192,1711010816,13042188288,0,0,3339216,9614877,121667,3294,0,100,torch.float32,1f7c14ad5e7d7457222d5254d3d8d0a695d97954
FH-CONT,5630cfcf-12bf-2860-8784-83d28a611a83,scene0219_00-scene0219_03-scene0219_02-scene0219_01-scene0219_04,canonical,3,end_to_end_update,9,0000000000000000000000000000000000000000000000000000000000000000,1004.266898,593637376,2304679424,1711042048,13042188288,0,0,3339216,9614877,121667,3294,0,100,torch.float32,1f7c14ad5e7d7457222d5254d3d8d0a695d97954
FH-CONT,5630cfcf-12bf-2860-8784-83d28a611a83,scene0219_00-scene0219_03-scene0219_02-scene0219_01-scene0219_04,canonical,3,output_materialization,0,0000000000000000000000000000000000000000000000000000000000000000,9.588994,593637376,593637376,0,13042188288,0,0,3339216,9614877,121667,3294,0,100,torch.float32,1f7c14ad5e7d7457222d5254d3d8d0a695d97954
FH-CONT,5630cfcf-12bf-2860-8784-83d28a611a83,scene0219_00-scene0219_03-scene0219_02-scene0219_01-scene0219_04,canonical,3,output_materialization,1,0000000000000000000000000000000000000000000000000000000000000000,9.612586,593637376,593637376,0,13042188288,0,0,3339216,9614877,121667,3294,0,100,torch.float32,1f7c14ad5e7d7457222d5254d3d8d0a695d97954
FH-CONT,5630cfcf-12bf-2860-8784-83d28a611a83,scene0219_00-scene0219_03-scene0219_02-scene0219_01-scene0219_04,canonical,3,output_materialization,2,0000000000000000000000000000000000000000000000000000000000000000,9.576102,593637376,593637376,0,13042188288,0,0,3339216,9614877,121667,3294,0,100,torch.float32,1f7c14ad5e7d7457222d5254d3d8d0a695d97954
FH-CONT,5630cfcf-12bf-2860-8784-83d28a611a83,scene0219_00-scene0219_03-scene0219_02-scene0219_01-scene0219_04,canonical,3,output_materialization,3,0000000000000000000000000000000000000000000000000000000000000000,9.619354,593637376,593637376,0,13042188288,0,0,3339216,9614877,121667,3294,0,100,torch.float32,1f7c14ad5e7d7457222d5254d3d8d0a695d97954
FH-CONT,5630cfcf-12bf-2860-8784-83d28a611a83,scene0219_00-scene0219_03-scene0219_02-scene0219_01-scene0219_04,canonical,3,output_materialization,4,0000000000000000000000000000000000000000000000000000000000000000,9.764716,593637376,593637376,0,13042188288,0,0,3339216,9614877,121667,3294,0,100,torch.float32,1f7c14ad5e7d7457222d5254d3d8d0a695d97954
FH-CONT,5630cfcf-12bf-2860-8784-83d28a611a83,scene0219_00-scene0219_03-scene0219_02-scene0219_01-scene0219_04,canonical,3,output_materialization,5,0000000000000000000000000000000000000000000000000000000000000000,9.848701,593637376,593637376,0,13042188288,0,0,3339216,9614877,121667,3294,0,100,torch.float32,1f7c14ad5e7d7457222d5254d3d8d0a695d97954
FH-CONT,5630cfcf-12bf-2860-8784-83d28a611a83,scene0219_00-scene0219_03-scene0219_02-scene0219_01-scene0219_04,canonical,3,output_materialization,6,0000000000000000000000000000000000000000000000000000000000000000,9.867843,593637376,593637376,0,13042188288,0,0,3339216,9614877,121667,3294,0,100,torch.float32,1f7c14ad5e7d7457222d5254d3d8d0a695d97954
FH-CONT,5630cfcf-12bf-2860-8784-83d28a611a83,scene0219_00-scene0219_03-scene0219_02-scene0219_01-scene0219_04,canonical,3,output_materialization,7,0000000000000000000000000000000000000000000000000000000000000000,8.976016,593637376,593637376,0,13042188288,0,0,3339216,9614877,121667,3294,0,100,torch.float32,1f7c14ad5e7d7457222d5254d3d8d0a695d97954
FH-CONT,5630cfcf-12bf-2860-8784-83d28a611a83,scene0219_00-scene0219_03-scene0219_02-scene0219_01-scene0219_04,canonical,3,output_materialization,8,0000000000000000000000000000000000000000000000000000000000000000,8.654815,593637376,593637376,0,13042188288,0,0,3339216,9614877,121667,3294,0,100,torch.float32,1f7c14ad5e7d7457222d5254d3d8d0a695d97954
FH-CONT,5630cfcf-12bf-2860-8784-83d28a611a83,scene0219_00-scene0219_03-scene0219_02-scene0219_01-scene0219_04,canonical,3,output_materialization,9,0000000000000000000000000000000000000000000000000000000000000000,8.626805,593637376,593637376,0,13042188288,0,0,3339216,9614877,121667,3294,0,100,torch.float32,1f7c14ad5e7d7457222d5254d3d8d0a695d97954
FH-CONT,5630cfcf-12bf-2860-8784-83d28a611a83,scene0219_00-scene0219_03-scene0219_02-scene0219_01-scene0219_04,canonical,3,cumulative_T1_to_T,0,0000000000000000000000000000000000000000000000000000000000000000,2135.39229,593637376,2304655360,1711017984,13042188288,0,0,3339216,9614877,121667,3294,0,100,torch.float32,1f7c14ad5e7d7457222d5254d3d8d0a695d97954
FH-CONT,5630cfcf-12bf-2860-8784-83d28a611a83,scene0219_00-scene0219_03-scene0219_02-scene0219_01-scene0219_04,canonical,3,cumulative_T1_to_T,1,0000000000000000000000000000000000000000000000000000000000000000,2143.127232,593637376,2304655360,1711017984,13042188288,0,0,3339216,9614877,121667,3294,0,100,torch.float32,1f7c14ad5e7d7457222d5254d3d8d0a695d97954
FH-CONT,5630cfcf-12bf-2860-8784-83d28a611a83,scene0219_00-scene0219_03-scene0219_02-scene0219_01-scene0219_04,canonical,3,cumulative_T1_to_T,2,0000000000000000000000000000000000000000000000000000000000000000,2102.615697,593637376,2304645120,1711007744,13042188288,0,0,3339216,9614877,121667,3294,0,100,torch.float32,1f7c14ad5e7d7457222d5254d3d8d0a695d97954
FH-CONT,5630cfcf-12bf-2860-8784-83d28a611a83,scene0219_00-scene0219_03-scene0219_02-scene0219_01-scene0219_04,canonical,3,cumulative_T1_to_T,3,0000000000000000000000000000000000000000000000000000000000000000,2084.893619,593637376,2304649216,1711011840,13042188288,0,0,3339216,9614877,121667,3294,0,100,torch.float32,1f7c14ad5e7d7457222d5254d3d8d0a695d97954
FH-CONT,5630cfcf-12bf-2860-8784-83d28a611a83,scene0219_00-scene0219_03-scene0219_02-scene0219_01-scene0219_04,canonical,3,cumulative_T1_to_T,4,0000000000000000000000000000000000000000000000000000000000000000,2105.040996,593637376,2304651264,1711013888,13042188288,0,0,3339216,9614877,121667,3294,0,100,torch.float32,1f7c14ad5e7d7457222d5254d3d8d0a695d97954
FH-CONT,5630cfcf-12bf-2860-8784-83d28a611a83,scene0219_00-scene0219_03-scene0219_02-scene0219_01-scene0219_04,canonical,3,cumulative_T1_to_T,5,0000000000000000000000000000000000000000000000000000000000000000,2110.127939,593637376,2304651264,1711013888,13042188288,0,0,3339216,9614877,121667,3294,0,100,torch.float32,1f7c14ad5e7d7457222d5254d3d8d0a695d97954
FH-CONT,5630cfcf-12bf-2860-8784-83d28a611a83,scene0219_00-scene0219_03-scene0219_02-scene0219_01-scene0219_04,canonical,3,cumulative_T1_to_T,6,0000000000000000000000000000000000000000000000000000000000000000,2109.978021,593637376,2304632320,1710994944,13042188288,0,0,3339216,9614877,121667,3294,0,100,torch.float32,1f7c14ad5e7d7457222d5254d3d8d0a695d97954
FH-CONT,5630cfcf-12bf-2860-8784-83d28a611a83,scene0219_00-scene0219_03-scene0219_02-scene0219_01-scene0219_04,canonical,3,cumulative_T1_to_T,7,0000000000000000000000000000000000000000000000000000000000000000,2122.912801,593637376,2304624128,1710986752,13042188288,0,0,3339216,9614877,121667,3294,0,100,torch.float32,1f7c14ad5e7d7457222d5254d3d8d0a695d97954
FH-CONT,5630cfcf-12bf-2860-8784-83d28a611a83,scene0219_00-scene0219_03-scene0219_02-scene0219_01-scene0219_04,canonical,3,cumulative_T1_to_T,8,0000000000000000000000000000000000000000000000000000000000000000,2113.830381,593637376,2304643072,1711005696,13042188288,0,0,3339216,9614877,121667,3294,0,100,torch.float32,1f7c14ad5e7d7457222d5254d3d8d0a695d97954
FH-CONT,5630cfcf-12bf-2860-8784-83d28a611a83,scene0219_00-scene0219_03-scene0219_02-scene0219_01-scene0219_04,canonical,3,cumulative_T1_to_T,9,0000000000000000000000000000000000000000000000000000000000000000,2177.281829,593637376,2304640512,1711003136,13042188288,0,0,3339216,9614877,121667,3294,0,100,torch.float32,1f7c14ad5e7d7457222d5254d3d8d0a695d97954
FH-CONT,5630cfcf-12bf-2860-8784-83d28a611a83,scene0219_00-scene0219_03-scene0219_02-scene0219_01-scene0219_04,canonical,4,model_update,0,0000000000000000000000000000000000000000000000000000000000000000,818.407684,593637376,2721613312,2127975936,13042188288,0,0,4154624,11928858,150962,4183,0,100,torch.float32,1f7c14ad5e7d7457222d5254d3d8d0a695d97954
FH-CONT,5630cfcf-12bf-2860-8784-83d28a611a83,scene0219_00-scene0219_03-scene0219_02-scene0219_01-scene0219_04,canonical,4,model_update,1,0000000000000000000000000000000000000000000000000000000000000000,810.6728,593637376,2721641984,2128004608,13042188288,0,0,4154624,11928858,150962,4183,0,100,torch.float32,1f7c14ad5e7d7457222d5254d3d8d0a695d97954
FH-CONT,5630cfcf-12bf-2860-8784-83d28a611a83,scene0219_00-scene0219_03-scene0219_02-scene0219_01-scene0219_04,canonical,4,model_update,2,0000000000000000000000000000000000000000000000000000000000000000,810.398249,593637376,2721620992,2127983616,13042188288,0,0,4154624,11928858,150962,4183,0,100,torch.float32,1f7c14ad5e7d7457222d5254d3d8d0a695d97954
FH-CONT,5630cfcf-12bf-2860-8784-83d28a611a83,scene0219_00-scene0219_03-scene0219_02-scene0219_01-scene0219_04,canonical,4,model_update,3,0000000000000000000000000000000000000000000000000000000000000000,815.335874,593637376,2721634304,2127996928,13042188288,0,0,4154624,11928858,150962,4183,0,100,torch.float32,1f7c14ad5e7d7457222d5254d3d8d0a695d97954
FH-CONT,5630cfcf-12bf-2860-8784-83d28a611a83,scene0219_00-scene0219_03-scene0219_02-scene0219_01-scene0219_04,canonical,4,model_update,4,0000000000000000000000000000000000000000000000000000000000000000,825.709246,593637376,2721626624,2127989248,13042188288,0,0,4154624,11928858,150962,4183,0,100,torch.float32,1f7c14ad5e7d7457222d5254d3d8d0a695d97954
FH-CONT,5630cfcf-12bf-2860-8784-83d28a611a83,scene0219_00-scene0219_03-scene0219_02-scene0219_01-scene0219_04,canonical,4,model_update,5,0000000000000000000000000000000000000000000000000000000000000000,820.955532,593637376,2721654784,2128017408,13042188288,0,0,4154624,11928858,150962,4183,0,100,torch.float32,1f7c14ad5e7d7457222d5254d3d8d0a695d97954
FH-CONT,5630cfcf-12bf-2860-8784-83d28a611a83,scene0219_00-scene0219_03-scene0219_02-scene0219_01-scene0219_04,canonical,4,model_update,6,0000000000000000000000000000000000000000000000000000000000000000,816.830629,593637376,2721613312,2127975936,13042188288,0,0,4154624,11928858,150962,4183,0,100,torch.float32,1f7c14ad5e7d7457222d5254d3d8d0a695d97954
FH-CONT,5630cfcf-12bf-2860-8784-83d28a611a83,scene0219_00-scene0219_03-scene0219_02-scene0219_01-scene0219_04,canonical,4,model_update,7,0000000000000000000000000000000000000000000000000000000000000000,823.441354,593637376,2721631744,2127994368,13042188288,0,0,4154624,11928858,150962,4183,0,100,torch.float32,1f7c14ad5e7d7457222d5254d3d8d0a695d97954
FH-CONT,5630cfcf-12bf-2860-8784-83d28a611a83,scene0219_00-scene0219_03-scene0219_02-scene0219_01-scene0219_04,canonical,4,model_update,8,0000000000000000000000000000000000000000000000000000000000000000,818.303131,593637376,2721649664,2128012288,13042188288,0,0,4154624,11928858,150962,4183,0,100,torch.float32,1f7c14ad5e7d7457222d5254d3d8d0a695d97954
FH-CONT,5630cfcf-12bf-2860-8784-83d28a611a83,scene0219_00-scene0219_03-scene0219_02-scene0219_01-scene0219_04,canonical,4,model_update,9,0000000000000000000000000000000000000000000000000000000000000000,826.375775,593637376,2721667584,2128030208,13042188288,0,0,4154624,11928858,150962,4183,0,100,torch.float32,1f7c14ad5e7d7457222d5254d3d8d0a695d97954
FH-CONT,5630cfcf-12bf-2860-8784-83d28a611a83,scene0219_00-scene0219_03-scene0219_02-scene0219_01-scene0219_04,canonical,4,end_to_end_update,0,0000000000000000000000000000000000000000000000000000000000000000,1161.46775,593637376,2721631744,2127994368,13042188288,0,0,4154624,11928858,150962,4183,0,100,torch.float32,1f7c14ad5e7d7457222d5254d3d8d0a695d97954
FH-CONT,5630cfcf-12bf-2860-8784-83d28a611a83,scene0219_00-scene0219_03-scene0219_02-scene0219_01-scene0219_04,canonical,4,end_to_end_update,1,0000000000000000000000000000000000000000000000000000000000000000,1168.06239,593637376,2721613312,2127975936,13042188288,0,0,4154624,11928858,150962,4183,0,100,torch.float32,1f7c14ad5e7d7457222d5254d3d8d0a695d97954
FH-CONT,5630cfcf-12bf-2860-8784-83d28a611a83,scene0219_00-scene0219_03-scene0219_02-scene0219_01-scene0219_04,canonical,4,end_to_end_update,2,0000000000000000000000000000000000000000000000000000000000000000,1164.593774,593637376,2721641984,2128004608,13042188288,0,0,4154624,11928858,150962,4183,0,100,torch.float32,1f7c14ad5e7d7457222d5254d3d8d0a695d97954
FH-CONT,5630cfcf-12bf-2860-8784-83d28a611a83,scene0219_00-scene0219_03-scene0219_02-scene0219_01-scene0219_04,canonical,4,end_to_end_update,3,0000000000000000000000000000000000000000000000000000000000000000,1161.536139,593637376,2721620992,2127983616,13042188288,0,0,4154624,11928858,150962,4183,0,100,torch.float32,1f7c14ad5e7d7457222d5254d3d8d0a695d97954
FH-CONT,5630cfcf-12bf-2860-8784-83d28a611a83,scene0219_00-scene0219_03-scene0219_02-scene0219_01-scene0219_04,canonical,4,end_to_end_update,4,0000000000000000000000000000000000000000000000000000000000000000,1173.470218,593637376,2721652224,2128014848,13042188288,0,0,4154624,11928858,150962,4183,0,100,torch.float32,1f7c14ad5e7d7457222d5254d3d8d0a695d97954
FH-CONT,5630cfcf-12bf-2860-8784-83d28a611a83,scene0219_00-scene0219_03-scene0219_02-scene0219_01-scene0219_04,canonical,4,end_to_end_update,5,0000000000000000000000000000000000000000000000000000000000000000,1180.542776,593637376,2721647104,2128009728,13042188288,0,0,4154624,11928858,150962,4183,0,100,torch.float32,1f7c14ad5e7d7457222d5254d3d8d0a695d97954
FH-CONT,5630cfcf-12bf-2860-8784-83d28a611a83,scene0219_00-scene0219_03-scene0219_02-scene0219_01-scene0219_04,canonical,4,end_to_end_update,6,0000000000000000000000000000000000000000000000000000000000000000,1182.386613,593637376,2721647104,2128009728,13042188288,0,0,4154624,11928858,150962,4183,0,100,torch.float32,1f7c14ad5e7d7457222d5254d3d8d0a695d97954
FH-CONT,5630cfcf-12bf-2860-8784-83d28a611a83,scene0219_00-scene0219_03-scene0219_02-scene0219_01-scene0219_04,canonical,4,end_to_end_update,7,0000000000000000000000000000000000000000000000000000000000000000,1193.394837,593637376,2721629184,2127991808,13042188288,0,0,4154624,11928858,150962,4183,0,100,torch.float32,1f7c14ad5e7d7457222d5254d3d8d0a695d97954
FH-CONT,5630cfcf-12bf-2860-8784-83d28a611a83,scene0219_00-scene0219_03-scene0219_02-scene0219_01-scene0219_04,canonical,4,end_to_end_update,8,0000000000000000000000000000000000000000000000000000000000000000,1193.868726,593637376,2721644544,2128007168,13042188288,0,0,4154624,11928858,150962,4183,0,100,torch.float32,1f7c14ad5e7d7457222d5254d3d8d0a695d97954
FH-CONT,5630cfcf-12bf-2860-8784-83d28a611a83,scene0219_00-scene0219_03-scene0219_02-scene0219_01-scene0219_04,canonical,4,end_to_end_update,9,0000000000000000000000000000000000000000000000000000000000000000,1257.541133,593637376,2721636864,2127999488,13042188288,0,0,4154624,11928858,150962,4183,0,100,torch.float32,1f7c14ad5e7d7457222d5254d3d8d0a695d97954
FH-CONT,5630cfcf-12bf-2860-8784-83d28a611a83,scene0219_00-scene0219_03-scene0219_02-scene0219_01-scene0219_04,canonical,4,output_materialization,0,0000000000000000000000000000000000000000000000000000000000000000,11.874166,593637376,593637376,0,13042188288,0,0,4154624,11928858,150962,4183,0,100,torch.float32,1f7c14ad5e7d7457222d5254d3d8d0a695d97954
FH-CONT,5630cfcf-12bf-2860-8784-83d28a611a83,scene0219_00-scene0219_03-scene0219_02-scene0219_01-scene0219_04,canonical,4,output_materialization,1,0000000000000000000000000000000000000000000000000000000000000000,11.838848,593637376,593637376,0,13042188288,0,0,4154624,11928858,150962,4183,0,100,torch.float32,1f7c14ad5e7d7457222d5254d3d8d0a695d97954
FH-CONT,5630cfcf-12bf-2860-8784-83d28a611a83,scene0219_00-scene0219_03-scene0219_02-scene0219_01-scene0219_04,canonical,4,output_materialization,2,0000000000000000000000000000000000000000000000000000000000000000,11.946525,593637376,593637376,0,13042188288,0,0,4154624,11928858,150962,4183,0,100,torch.float32,1f7c14ad5e7d7457222d5254d3d8d0a695d97954
FH-CONT,5630cfcf-12bf-2860-8784-83d28a611a83,scene0219_00-scene0219_03-scene0219_02-scene0219_01-scene0219_04,canonical,4,output_materialization,3,0000000000000000000000000000000000000000000000000000000000000000,11.969755,593637376,593637376,0,13042188288,0,0,4154624,11928858,150962,4183,0,100,torch.float32,1f7c14ad5e7d7457222d5254d3d8d0a695d97954
FH-CONT,5630cfcf-12bf-2860-8784-83d28a611a83,scene0219_00-scene0219_03-scene0219_02-scene0219_01-scene0219_04,canonical,4,output_materialization,4,0000000000000000000000000000000000000000000000000000000000000000,11.812758,593637376,593637376,0,13042188288,0,0,4154624,11928858,150962,4183,0,100,torch.float32,1f7c14ad5e7d7457222d5254d3d8d0a695d97954
FH-CONT,5630cfcf-12bf-2860-8784-83d28a611a83,scene0219_00-scene0219_03-scene0219_02-scene0219_01-scene0219_04,canonical,4,output_materialization,5,0000000000000000000000000000000000000000000000000000000000000000,12.000313,593637376,593637376,0,13042188288,0,0,4154624,11928858,150962,4183,0,100,torch.float32,1f7c14ad5e7d7457222d5254d3d8d0a695d97954
FH-CONT,5630cfcf-12bf-2860-8784-83d28a611a83,scene0219_00-scene0219_03-scene0219_02-scene0219_01-scene0219_04,canonical,4,output_materialization,6,0000000000000000000000000000000000000000000000000000000000000000,11.910377,593637376,593637376,0,13042188288,0,0,4154624,11928858,150962,4183,0,100,torch.float32,1f7c14ad5e7d7457222d5254d3d8d0a695d97954
FH-CONT,5630cfcf-12bf-2860-8784-83d28a611a83,scene0219_00-scene0219_03-scene0219_02-scene0219_01-scene0219_04,canonical,4,output_materialization,7,0000000000000000000000000000000000000000000000000000000000000000,12.039039,593637376,593637376,0,13042188288,0,0,4154624,11928858,150962,4183,0,100,torch.float32,1f7c14ad5e7d7457222d5254d3d8d0a695d97954
FH-CONT,5630cfcf-12bf-2860-8784-83d28a611a83,scene0219_00-scene0219_03-scene0219_02-scene0219_01-scene0219_04,canonical,4,output_materialization,8,0000000000000000000000000000000000000000000000000000000000000000,12.152182,593637376,593637376,0,13042188288,0,0,4154624,11928858,150962,4183,0,100,torch.float32,1f7c14ad5e7d7457222d5254d3d8d0a695d97954
FH-CONT,5630cfcf-12bf-2860-8784-83d28a611a83,scene0219_00-scene0219_03-scene0219_02-scene0219_01-scene0219_04,canonical,4,output_materialization,9,0000000000000000000000000000000000000000000000000000000000000000,12.145551,593637376,593637376,0,13042188288,0,0,4154624,11928858,150962,4183,0,100,torch.float32,1f7c14ad5e7d7457222d5254d3d8d0a695d97954
FH-CONT,5630cfcf-12bf-2860-8784-83d28a611a83,scene0219_00-scene0219_03-scene0219_02-scene0219_01-scene0219_04,canonical,4,cumulative_T1_to_T,0,0000000000000000000000000000000000000000000000000000000000000000,3350.263687,593637376,2719322112,2125684736,13042188288,0,0,4154624,11928858,150962,4183,0,100,torch.float32,1f7c14ad5e7d7457222d5254d3d8d0a695d97954
FH-CONT,5630cfcf-12bf-2860-8784-83d28a611a83,scene0219_00-scene0219_03-scene0219_02-scene0219_01-scene0219_04,canonical,4,cumulative_T1_to_T,1,0000000000000000000000000000000000000000000000000000000000000000,3334.533911,593637376,2719324160,2125686784,13042188288,0,0,4154624,11928858,150962,4183,0,100,torch.float32,1f7c14ad5e7d7457222d5254d3d8d0a695d97954
FH-CONT,5630cfcf-12bf-2860-8784-83d28a611a83,scene0219_00-scene0219_03-scene0219_02-scene0219_01-scene0219_04,canonical,4,cumulative_T1_to_T,2,0000000000000000000000000000000000000000000000000000000000000000,3364.229509,593637376,2719324672,2125687296,13042188288,0,0,4154624,11928858,150962,4183,0,100,torch.float32,1f7c14ad5e7d7457222d5254d3d8d0a695d97954
FH-CONT,5630cfcf-12bf-2860-8784-83d28a611a83,scene0219_00-scene0219_03-scene0219_02-scene0219_01-scene0219_04,canonical,4,cumulative_T1_to_T,3,0000000000000000000000000000000000000000000000000000000000000000,3323.41188,593637376,2719319040,2125681664,13042188288,0,0,4154624,11928858,150962,4183,0,100,torch.float32,1f7c14ad5e7d7457222d5254d3d8d0a695d97954
FH-CONT,5630cfcf-12bf-2860-8784-83d28a611a83,scene0219_00-scene0219_03-scene0219_02-scene0219_01-scene0219_04,canonical,4,cumulative_T1_to_T,4,0000000000000000000000000000000000000000000000000000000000000000,3347.907662,593637376,2719324160,2125686784,13042188288,0,0,4154624,11928858,150962,4183,0,100,torch.float32,1f7c14ad5e7d7457222d5254d3d8d0a695d97954
FH-CONT,5630cfcf-12bf-2860-8784-83d28a611a83,scene0219_00-scene0219_03-scene0219_02-scene0219_01-scene0219_04,canonical,4,cumulative_T1_to_T,5,0000000000000000000000000000000000000000000000000000000000000000,3268.63772,593637376,2719321600,2125684224,13042188288,0,0,4154624,11928858,150962,4183,0,100,torch.float32,1f7c14ad5e7d7457222d5254d3d8d0a695d97954
FH-CONT,5630cfcf-12bf-2860-8784-83d28a611a83,scene0219_00-scene0219_03-scene0219_02-scene0219_01-scene0219_04,canonical,4,cumulative_T1_to_T,6,0000000000000000000000000000000000000000000000000000000000000000,3262.11606,593637376,2719322112,2125684736,13042188288,0,0,4154624,11928858,150962,4183,0,100,torch.float32,1f7c14ad5e7d7457222d5254d3d8d0a695d97954
FH-CONT,5630cfcf-12bf-2860-8784-83d28a611a83,scene0219_00-scene0219_03-scene0219_02-scene0219_01-scene0219_04,canonical,4,cumulative_T1_to_T,7,0000000000000000000000000000000000000000000000000000000000000000,3258.7685,593637376,2719325184,2125687808,13042188288,0,0,4154624,11928858,150962,4183,0,100,torch.float32,1f7c14ad5e7d7457222d5254d3d8d0a695d97954
FH-CONT,5630cfcf-12bf-2860-8784-83d28a611a83,scene0219_00-scene0219_03-scene0219_02-scene0219_01-scene0219_04,canonical,4,cumulative_T1_to_T,8,0000000000000000000000000000000000000000000000000000000000000000,3237.712374,593637376,2719326208,2125688832,13042188288,0,0,4154624,11928858,150962,4183,0,100,torch.float32,1f7c14ad5e7d7457222d5254d3d8d0a695d97954
FH-CONT,5630cfcf-12bf-2860-8784-83d28a611a83,scene0219_00-scene0219_03-scene0219_02-scene0219_01-scene0219_04,canonical,4,cumulative_T1_to_T,9,0000000000000000000000000000000000000000000000000000000000000000,3285.445375,593637376,2719322624,2125685248,13042188288,0,0,4154624,11928858,150962,4183,0,100,torch.float32,1f7c14ad5e7d7457222d5254d3d8d0a695d97954
FH-CONT,5630cfcf-12bf-2860-8784-83d28a611a83,scene0219_00-scene0219_03-scene0219_02-scene0219_01-scene0219_04,canonical,5,model_update,0,0000000000000000000000000000000000000000000000000000000000000000,995.340078,593637376,3322966016,2729328640,13042188288,0,0,5399897,15507607,194182,5721,0,100,torch.float32,1f7c14ad5e7d7457222d5254d3d8d0a695d97954
FH-CONT,5630cfcf-12bf-2860-8784-83d28a611a83,scene0219_00-scene0219_03-scene0219_02-scene0219_01-scene0219_04,canonical,5,model_update,1,0000000000000000000000000000000000000000000000000000000000000000,990.228304,593637376,3322968064,2729330688,13042188288,0,0,5399897,15507607,194182,5721,0,100,torch.float32,1f7c14ad5e7d7457222d5254d3d8d0a695d97954
FH-CONT,5630cfcf-12bf-2860-8784-83d28a611a83,scene0219_00-scene0219_03-scene0219_02-scene0219_01-scene0219_04,canonical,5,model_update,2,0000000000000000000000000000000000000000000000000000000000000000,984.179381,593637376,3322964992,2729327616,13042188288,0,0,5399897,15507607,194182,5721,0,100,torch.float32,1f7c14ad5e7d7457222d5254d3d8d0a695d97954
FH-CONT,5630cfcf-12bf-2860-8784-83d28a611a83,scene0219_00-scene0219_03-scene0219_02-scene0219_01-scene0219_04,canonical,5,model_update,3,0000000000000000000000000000000000000000000000000000000000000000,988.394594,593637376,3322959872,2729322496,13042188288,0,0,5399897,15507607,194182,5721,0,100,torch.float32,1f7c14ad5e7d7457222d5254d3d8d0a695d97954
FH-CONT,5630cfcf-12bf-2860-8784-83d28a611a83,scene0219_00-scene0219_03-scene0219_02-scene0219_01-scene0219_04,canonical,5,model_update,4,0000000000000000000000000000000000000000000000000000000000000000,988.611156,593637376,3322962432,2729325056,13042188288,0,0,5399897,15507607,194182,5721,0,100,torch.float32,1f7c14ad5e7d7457222d5254d3d8d0a695d97954
FH-CONT,5630cfcf-12bf-2860-8784-83d28a611a83,scene0219_00-scene0219_03-scene0219_02-scene0219_01-scene0219_04,canonical,5,model_update,5,0000000000000000000000000000000000000000000000000000000000000000,986.893903,593637376,3322969088,2729331712,13042188288,0,0,5399897,15507607,194182,5721,0,100,torch.float32,1f7c14ad5e7d7457222d5254d3d8d0a695d97954
FH-CONT,5630cfcf-12bf-2860-8784-83d28a611a83,scene0219_00-scene0219_03-scene0219_02-scene0219_01-scene0219_04,canonical,5,model_update,6,0000000000000000000000000000000000000000000000000000000000000000,994.448775,593637376,3322966016,2729328640,13042188288,0,0,5399897,15507607,194182,5721,0,100,torch.float32,1f7c14ad5e7d7457222d5254d3d8d0a695d97954
FH-CONT,5630cfcf-12bf-2860-8784-83d28a611a83,scene0219_00-scene0219_03-scene0219_02-scene0219_01-scene0219_04,canonical,5,model_update,7,0000000000000000000000000000000000000000000000000000000000000000,991.969781,593637376,3322967552,2729330176,13042188288,0,0,5399897,15507607,194182,5721,0,100,torch.float32,1f7c14ad5e7d7457222d5254d3d8d0a695d97954
FH-CONT,5630cfcf-12bf-2860-8784-83d28a611a83,scene0219_00-scene0219_03-scene0219_02-scene0219_01-scene0219_04,canonical,5,model_update,8,0000000000000000000000000000000000000000000000000000000000000000,983.643669,593637376,3322968576,2729331200,13042188288,0,0,5399897,15507607,194182,5721,0,100,torch.float32,1f7c14ad5e7d7457222d5254d3d8d0a695d97954
FH-CONT,5630cfcf-12bf-2860-8784-83d28a611a83,scene0219_00-scene0219_03-scene0219_02-scene0219_01-scene0219_04,canonical,5,model_update,9,0000000000000000000000000000000000000000000000000000000000000000,985.313952,593637376,3322965504,2729328128,13042188288,0,0,5399897,15507607,194182,5721,0,100,torch.float32,1f7c14ad5e7d7457222d5254d3d8d0a695d97954
FH-CONT,5630cfcf-12bf-2860-8784-83d28a611a83,scene0219_00-scene0219_03-scene0219_02-scene0219_01-scene0219_04,canonical,5,end_to_end_update,0,0000000000000000000000000000000000000000000000000000000000000000,1440.367387,593637376,3322966528,2729329152,13042188288,0,0,5399897,15507607,194182,5721,0,100,torch.float32,1f7c14ad5e7d7457222d5254d3d8d0a695d97954
FH-CONT,5630cfcf-12bf-2860-8784-83d28a611a83,scene0219_00-scene0219_03-scene0219_02-scene0219_01-scene0219_04,canonical,5,end_to_end_update,1,0000000000000000000000000000000000000000000000000000000000000000,1553.587629,593637376,3322969600,2729332224,13042188288,0,0,5399897,15507607,194182,5721,0,100,torch.float32,1f7c14ad5e7d7457222d5254d3d8d0a695d97954
FH-CONT,5630cfcf-12bf-2860-8784-83d28a611a83,scene0219_00-scene0219_03-scene0219_02-scene0219_01-scene0219_04,canonical,5,end_to_end_update,2,0000000000000000000000000000000000000000000000000000000000000000,1650.519882,593637376,3322966528,2729329152,13042188288,0,0,5399897,15507607,194182,5721,0,100,torch.float32,1f7c14ad5e7d7457222d5254d3d8d0a695d97954
FH-CONT,5630cfcf-12bf-2860-8784-83d28a611a83,scene0219_00-scene0219_03-scene0219_02-scene0219_01-scene0219_04,canonical,5,end_to_end_update,3,0000000000000000000000000000000000000000000000000000000000000000,1601.773526,593637376,3322968576,2729331200,13042188288,0,0,5399897,15507607,194182,5721,0,100,torch.float32,1f7c14ad5e7d7457222d5254d3d8d0a695d97954
FH-CONT,5630cfcf-12bf-2860-8784-83d28a611a83,scene0219_00-scene0219_03-scene0219_02-scene0219_01-scene0219_04,canonical,5,end_to_end_update,4,0000000000000000000000000000000000000000000000000000000000000000,1515.534831,593637376,3322971648,2729334272,13042188288,0,0,5399897,15507607,194182,5721,0,100,torch.float32,1f7c14ad5e7d7457222d5254d3d8d0a695d97954
FH-CONT,5630cfcf-12bf-2860-8784-83d28a611a83,scene0219_00-scene0219_03-scene0219_02-scene0219_01-scene0219_04,canonical,5,end_to_end_update,5,0000000000000000000000000000000000000000000000000000000000000000,1491.551755,593637376,3322965504,2729328128,13042188288,0,0,5399897,15507607,194182,5721,0,100,torch.float32,1f7c14ad5e7d7457222d5254d3d8d0a695d97954
FH-CONT,5630cfcf-12bf-2860-8784-83d28a611a83,scene0219_00-scene0219_03-scene0219_02-scene0219_01-scene0219_04,canonical,5,end_to_end_update,6,0000000000000000000000000000000000000000000000000000000000000000,1471.752188,593637376,3322963968,2729326592,13042188288,0,0,5399897,15507607,194182,5721,0,100,torch.float32,1f7c14ad5e7d7457222d5254d3d8d0a695d97954
FH-CONT,5630cfcf-12bf-2860-8784-83d28a611a83,scene0219_00-scene0219_03-scene0219_02-scene0219_01-scene0219_04,canonical,5,end_to_end_update,7,0000000000000000000000000000000000000000000000000000000000000000,1469.372965,593637376,3322966016,2729328640,13042188288,0,0,5399897,15507607,194182,5721,0,100,torch.float32,1f7c14ad5e7d7457222d5254d3d8d0a695d97954
FH-CONT,5630cfcf-12bf-2860-8784-83d28a611a83,scene0219_00-scene0219_03-scene0219_02-scene0219_01-scene0219_04,canonical,5,end_to_end_update,8,0000000000000000000000000000000000000000000000000000000000000000,1471.017216,593637376,3322967552,2729330176,13042188288,0,0,5399897,15507607,194182,5721,0,100,torch.float32,1f7c14ad5e7d7457222d5254d3d8d0a695d97954
FH-CONT,5630cfcf-12bf-2860-8784-83d28a611a83,scene0219_00-scene0219_03-scene0219_02-scene0219_01-scene0219_04,canonical,5,end_to_end_update,9,0000000000000000000000000000000000000000000000000000000000000000,1472.411593,593637376,3322965504,2729328128,13042188288,0,0,5399897,15507607,194182,5721,0,100,torch.float32,1f7c14ad5e7d7457222d5254d3d8d0a695d97954
FH-CONT,5630cfcf-12bf-2860-8784-83d28a611a83,scene0219_00-scene0219_03-scene0219_02-scene0219_01-scene0219_04,canonical,5,output_materialization,0,0000000000000000000000000000000000000000000000000000000000000000,13.42011,593637376,593637376,0,13042188288,0,0,5399897,15507607,194182,5721,0,100,torch.float32,1f7c14ad5e7d7457222d5254d3d8d0a695d97954
FH-CONT,5630cfcf-12bf-2860-8784-83d28a611a83,scene0219_00-scene0219_03-scene0219_02-scene0219_01-scene0219_04,canonical,5,output_materialization,1,0000000000000000000000000000000000000000000000000000000000000000,13.364535,593637376,593637376,0,13042188288,0,0,5399897,15507607,194182,5721,0,100,torch.float32,1f7c14ad5e7d7457222d5254d3d8d0a695d97954
FH-CONT,5630cfcf-12bf-2860-8784-83d28a611a83,scene0219_00-scene0219_03-scene0219_02-scene0219_01-scene0219_04,canonical,5,output_materialization,2,0000000000000000000000000000000000000000000000000000000000000000,13.332663,593637376,593637376,0,13042188288,0,0,5399897,15507607,194182,5721,0,100,torch.float32,1f7c14ad5e7d7457222d5254d3d8d0a695d97954
FH-CONT,5630cfcf-12bf-2860-8784-83d28a611a83,scene0219_00-scene0219_03-scene0219_02-scene0219_01-scene0219_04,canonical,5,output_materialization,3,0000000000000000000000000000000000000000000000000000000000000000,13.242579,593637376,593637376,0,13042188288,0,0,5399897,15507607,194182,5721,0,100,torch.float32,1f7c14ad5e7d7457222d5254d3d8d0a695d97954
FH-CONT,5630cfcf-12bf-2860-8784-83d28a611a83,scene0219_00-scene0219_03-scene0219_02-scene0219_01-scene0219_04,canonical,5,output_materialization,4,0000000000000000000000000000000000000000000000000000000000000000,13.395901,593637376,593637376,0,13042188288,0,0,5399897,15507607,194182,5721,0,100,torch.float32,1f7c14ad5e7d7457222d5254d3d8d0a695d97954
FH-CONT,5630cfcf-12bf-2860-8784-83d28a611a83,scene0219_00-scene0219_03-scene0219_02-scene0219_01-scene0219_04,canonical,5,output_materialization,5,0000000000000000000000000000000000000000000000000000000000000000,12.053454,593637376,593637376,0,13042188288,0,0,5399897,15507607,194182,5721,0,100,torch.float32,1f7c14ad5e7d7457222d5254d3d8d0a695d97954
FH-CONT,5630cfcf-12bf-2860-8784-83d28a611a83,scene0219_00-scene0219_03-scene0219_02-scene0219_01-scene0219_04,canonical,5,output_materialization,6,0000000000000000000000000000000000000000000000000000000000000000,11.714369,593637376,593637376,0,13042188288,0,0,5399897,15507607,194182,5721,0,100,torch.float32,1f7c14ad5e7d7457222d5254d3d8d0a695d97954
FH-CONT,5630cfcf-12bf-2860-8784-83d28a611a83,scene0219_00-scene0219_03-scene0219_02-scene0219_01-scene0219_04,canonical,5,output_materialization,7,0000000000000000000000000000000000000000000000000000000000000000,11.761264,593637376,593637376,0,13042188288,0,0,5399897,15507607,194182,5721,0,100,torch.float32,1f7c14ad5e7d7457222d5254d3d8d0a695d97954
FH-CONT,5630cfcf-12bf-2860-8784-83d28a611a83,scene0219_00-scene0219_03-scene0219_02-scene0219_01-scene0219_04,canonical,5,output_materialization,8,0000000000000000000000000000000000000000000000000000000000000000,11.732596,593637376,593637376,0,13042188288,0,0,5399897,15507607,194182,5721,0,100,torch.float32,1f7c14ad5e7d7457222d5254d3d8d0a695d97954
FH-CONT,5630cfcf-12bf-2860-8784-83d28a611a83,scene0219_00-scene0219_03-scene0219_02-scene0219_01-scene0219_04,canonical,5,output_materialization,9,0000000000000000000000000000000000000000000000000000000000000000,11.756944,593637376,593637376,0,13042188288,0,0,5399897,15507607,194182,5721,0,100,torch.float32,1f7c14ad5e7d7457222d5254d3d8d0a695d97954
FH-CONT,5630cfcf-12bf-2860-8784-83d28a611a83,scene0219_00-scene0219_03-scene0219_02-scene0219_01-scene0219_04,canonical,5,cumulative_T1_to_T,0,0000000000000000000000000000000000000000000000000000000000000000,4715.495218,593637376,3323642368,2730004992,13042188288,0,0,5399897,15507607,194182,5721,0,100,torch.float32,1f7c14ad5e7d7457222d5254d3d8d0a695d97954
FH-CONT,5630cfcf-12bf-2860-8784-83d28a611a83,scene0219_00-scene0219_03-scene0219_02-scene0219_01-scene0219_04,canonical,5,cumulative_T1_to_T,1,0000000000000000000000000000000000000000000000000000000000000000,4769.463028,593637376,3323634688,2729997312,13042188288,0,0,5399897,15507607,194182,5721,0,100,torch.float32,1f7c14ad5e7d7457222d5254d3d8d0a695d97954
FH-CONT,5630cfcf-12bf-2860-8784-83d28a611a83,scene0219_00-scene0219_03-scene0219_02-scene0219_01-scene0219_04,canonical,5,cumulative_T1_to_T,2,0000000000000000000000000000000000000000000000000000000000000000,4772.333252,593637376,3323623424,2729986048,13042188288,0,0,5399897,15507607,194182,5721,0,100,torch.float32,1f7c14ad5e7d7457222d5254d3d8d0a695d97954
FH-CONT,5630cfcf-12bf-2860-8784-83d28a611a83,scene0219_00-scene0219_03-scene0219_02-scene0219_01-scene0219_04,canonical,5,cumulative_T1_to_T,3,0000000000000000000000000000000000000000000000000000000000000000,4730.512504,593637376,3323608576,2729971200,13042188288,0,0,5399897,15507607,194182,5721,0,100,torch.float32,1f7c14ad5e7d7457222d5254d3d8d0a695d97954
FH-CONT,5630cfcf-12bf-2860-8784-83d28a611a83,scene0219_00-scene0219_03-scene0219_02-scene0219_01-scene0219_04,canonical,5,cumulative_T1_to_T,4,0000000000000000000000000000000000000000000000000000000000000000,4735.935237,593637376,3323679232,2730041856,13042188288,0,0,5399897,15507607,194182,5721,0,100,torch.float32,1f7c14ad5e7d7457222d5254d3d8d0a695d97954
FH-CONT,5630cfcf-12bf-2860-8784-83d28a611a83,scene0219_00-scene0219_03-scene0219_02-scene0219_01-scene0219_04,canonical,5,cumulative_T1_to_T,5,0000000000000000000000000000000000000000000000000000000000000000,4724.939971,593637376,3323600896,2729963520,13042188288,0,0,5399897,15507607,194182,5721,0,100,torch.float32,1f7c14ad5e7d7457222d5254d3d8d0a695d97954
FH-CONT,5630cfcf-12bf-2860-8784-83d28a611a83,scene0219_00-scene0219_03-scene0219_02-scene0219_01-scene0219_04,canonical,5,cumulative_T1_to_T,6,0000000000000000000000000000000000000000000000000000000000000000,4720.040639,593637376,3323691008,2730053632,13042188288,0,0,5399897,15507607,194182,5721,0,100,torch.float32,1f7c14ad5e7d7457222d5254d3d8d0a695d97954
FH-CONT,5630cfcf-12bf-2860-8784-83d28a611a83,scene0219_00-scene0219_03-scene0219_02-scene0219_01-scene0219_04,canonical,5,cumulative_T1_to_T,7,0000000000000000000000000000000000000000000000000000000000000000,4708.859018,593637376,3323634688,2729997312,13042188288,0,0,5399897,15507607,194182,5721,0,100,torch.float32,1f7c14ad5e7d7457222d5254d3d8d0a695d97954
FH-CONT,5630cfcf-12bf-2860-8784-83d28a611a83,scene0219_00-scene0219_03-scene0219_02-scene0219_01-scene0219_04,canonical,5,cumulative_T1_to_T,8,0000000000000000000000000000000000000000000000000000000000000000,4704.106317,593637376,3323653632,2730016256,13042188288,0,0,5399897,15507607,194182,5721,0,100,torch.float32,1f7c14ad5e7d7457222d5254d3d8d0a695d97954
FH-CONT,5630cfcf-12bf-2860-8784-83d28a611a83,scene0219_00-scene0219_03-scene0219_02-scene0219_01-scene0219_04,canonical,5,cumulative_T1_to_T,9,0000000000000000000000000000000000000000000000000000000000000000,4690.465042,593637376,3323679232,2730041856,13042188288,0,0,5399897,15507607,194182,5721,0,100,torch.float32,1f7c14ad5e7d7457222d5254d3d8d0a695d97954
FH-CONT,8eabc45f-5af7-2f32-8528-640861d2a135,scene0309_00-scene0309_02-scene0309_01-scene0309_04-scene0309_03,canonical,2,model_update,0,0000000000000000000000000000000000000000000000000000000000000000,761.82751,593637376,2545576448,1951939072,13042188288,0,0,3693374,10732896,135435,4665,0,100,torch.float32,1f7c14ad5e7d7457222d5254d3d8d0a695d97954
FH-CONT,8eabc45f-5af7-2f32-8528-640861d2a135,scene0309_00-scene0309_02-scene0309_01-scene0309_04-scene0309_03,canonical,2,model_update,1,0000000000000000000000000000000000000000000000000000000000000000,765.086689,593637376,2545567232,1951929856,13042188288,0,0,3693374,10732896,135435,4665,0,100,torch.float32,1f7c14ad5e7d7457222d5254d3d8d0a695d97954
FH-CONT,8eabc45f-5af7-2f32-8528-640861d2a135,scene0309_00-scene0309_02-scene0309_01-scene0309_04-scene0309_03,canonical,2,model_update,2,0000000000000000000000000000000000000000000000000000000000000000,759.536597,593637376,2545581056,1951943680,13042188288,0,0,3693374,10732896,135435,4665,0,100,torch.float32,1f7c14ad5e7d7457222d5254d3d8d0a695d97954
FH-CONT,8eabc45f-5af7-2f32-8528-640861d2a135,scene0309_00-scene0309_02-scene0309_01-scene0309_04-scene0309_03,canonical,2,model_update,3,0000000000000000000000000000000000000000000000000000000000000000,768.950759,593637376,2545629696,1951992320,13042188288,0,0,3693374,10732896,135435,4665,0,100,torch.float32,1f7c14ad5e7d7457222d5254d3d8d0a695d97954
FH-CONT,8eabc45f-5af7-2f32-8528-640861d2a135,scene0309_00-scene0309_02-scene0309_01-scene0309_04-scene0309_03,canonical,2,model_update,4,0000000000000000000000000000000000000000000000000000000000000000,768.277555,593637376,2545581056,1951943680,13042188288,0,0,3693374,10732896,135435,4665,0,100,torch.float32,1f7c14ad5e7d7457222d5254d3d8d0a695d97954
FH-CONT,8eabc45f-5af7-2f32-8528-640861d2a135,scene0309_00-scene0309_02-scene0309_01-scene0309_04-scene0309_03,canonical,2,model_update,5,0000000000000000000000000000000000000000000000000000000000000000,768.584135,593637376,2545576448,1951939072,13042188288,0,0,3693374,10732896,135435,4665,0,100,torch.float32,1f7c14ad5e7d7457222d5254d3d8d0a695d97954
FH-CONT,8eabc45f-5af7-2f32-8528-640861d2a135,scene0309_00-scene0309_02-scene0309_01-scene0309_04-scene0309_03,canonical,2,model_update,6,0000000000000000000000000000000000000000000000000000000000000000,771.724834,593637376,2545620480,1951983104,13042188288,0,0,3693374,10732896,135435,4665,0,100,torch.float32,1f7c14ad5e7d7457222d5254d3d8d0a695d97954
FH-CONT,8eabc45f-5af7-2f32-8528-640861d2a135,scene0309_00-scene0309_02-scene0309_01-scene0309_04-scene0309_03,canonical,2,model_update,7,0000000000000000000000000000000000000000000000000000000000000000,764.176095,593637376,2545625088,1951987712,13042188288,0,0,3693374,10732896,135435,4665,0,100,torch.float32,1f7c14ad5e7d7457222d5254d3d8d0a695d97954
FH-CONT,8eabc45f-5af7-2f32-8528-640861d2a135,scene0309_00-scene0309_02-scene0309_01-scene0309_04-scene0309_03,canonical,2,model_update,8,0000000000000000000000000000000000000000000000000000000000000000,764.269578,593637376,2545547776,1951910400,13042188288,0,0,3693374,10732896,135435,4665,0,100,torch.float32,1f7c14ad5e7d7457222d5254d3d8d0a695d97954
FH-CONT,8eabc45f-5af7-2f32-8528-640861d2a135,scene0309_00-scene0309_02-scene0309_01-scene0309_04-scene0309_03,canonical,2,model_update,9,0000000000000000000000000000000000000000000000000000000000000000,761.637907,593637376,2545585664,1951948288,13042188288,0,0,3693374,10732896,135435,4665,0,100,torch.float32,1f7c14ad5e7d7457222d5254d3d8d0a695d97954
FH-CONT,8eabc45f-5af7-2f32-8528-640861d2a135,scene0309_00-scene0309_02-scene0309_01-scene0309_04-scene0309_03,canonical,2,end_to_end_update,0,0000000000000000000000000000000000000000000000000000000000000000,1119.333806,593637376,2545658368,1952020992,13042188288,0,0,3693374,10732896,135435,4665,0,100,torch.float32,1f7c14ad5e7d7457222d5254d3d8d0a695d97954
FH-CONT,8eabc45f-5af7-2f32-8528-640861d2a135,scene0309_00-scene0309_02-scene0309_01-scene0309_04-scene0309_03,canonical,2,end_to_end_update,1,0000000000000000000000000000000000000000000000000000000000000000,1114.044442,593637376,2545585664,1951948288,13042188288,0,0,3693374,10732896,135435,4665,0,100,torch.float32,1f7c14ad5e7d7457222d5254d3d8d0a695d97954
FH-CONT,8eabc45f-5af7-2f32-8528-640861d2a135,scene0309_00-scene0309_02-scene0309_01-scene0309_04-scene0309_03,canonical,2,end_to_end_update,2,0000000000000000000000000000000000000000000000000000000000000000,1108.878993,593637376,2545634304,1951996928,13042188288,0,0,3693374,10732896,135435,4665,0,100,torch.float32,1f7c14ad5e7d7457222d5254d3d8d0a695d97954
FH-CONT,8eabc45f-5af7-2f32-8528-640861d2a135,scene0309_00-scene0309_02-scene0309_01-scene0309_04-scene0309_03,canonical,2,end_to_end_update,3,0000000000000000000000000000000000000000000000000000000000000000,1089.124598,593637376,2545585664,1951948288,13042188288,0,0,3693374,10732896,135435,4665,0,100,torch.float32,1f7c14ad5e7d7457222d5254d3d8d0a695d97954
FH-CONT,8eabc45f-5af7-2f32-8528-640861d2a135,scene0309_00-scene0309_02-scene0309_01-scene0309_04-scene0309_03,canonical,2,end_to_end_update,4,0000000000000000000000000000000000000000000000000000000000000000,1092.3068,593637376,2545605632,1951968256,13042188288,0,0,3693374,10732896,135435,4665,0,100,torch.float32,1f7c14ad5e7d7457222d5254d3d8d0a695d97954
FH-CONT,8eabc45f-5af7-2f32-8528-640861d2a135,scene0309_00-scene0309_02-scene0309_01-scene0309_04-scene0309_03,canonical,2,end_to_end_update,5,0000000000000000000000000000000000000000000000000000000000000000,1113.782118,593637376,2545585664,1951948288,13042188288,0,0,3693374,10732896,135435,4665,0,100,torch.float32,1f7c14ad5e7d7457222d5254d3d8d0a695d97954
FH-CONT,8eabc45f-5af7-2f32-8528-640861d2a135,scene0309_00-scene0309_02-scene0309_01-scene0309_04-scene0309_03,canonical,2,end_to_end_update,6,0000000000000000000000000000000000000000000000000000000000000000,1111.281582,593637376,2545585664,1951948288,13042188288,0,0,3693374,10732896,135435,4665,0,100,torch.float32,1f7c14ad5e7d7457222d5254d3d8d0a695d97954
FH-CONT,8eabc45f-5af7-2f32-8528-640861d2a135,scene0309_00-scene0309_02-scene0309_01-scene0309_04-scene0309_03,canonical,2,end_to_end_update,7,0000000000000000000000000000000000000000000000000000000000000000,1111.694726,593637376,2545610240,1951972864,13042188288,0,0,3693374,10732896,135435,4665,0,100,torch.float32,1f7c14ad5e7d7457222d5254d3d8d0a695d97954
FH-CONT,8eabc45f-5af7-2f32-8528-640861d2a135,scene0309_00-scene0309_02-scene0309_01-scene0309_04-scene0309_03,canonical,2,end_to_end_update,8,0000000000000000000000000000000000000000000000000000000000000000,1120.800437,593637376,2545620480,1951983104,13042188288,0,0,3693374,10732896,135435,4665,0,100,torch.float32,1f7c14ad5e7d7457222d5254d3d8d0a695d97954
FH-CONT,8eabc45f-5af7-2f32-8528-640861d2a135,scene0309_00-scene0309_02-scene0309_01-scene0309_04-scene0309_03,canonical,2,end_to_end_update,9,0000000000000000000000000000000000000000000000000000000000000000,1094.87552,593637376,2545557504,1951920128,13042188288,0,0,3693374,10732896,135435,4665,0,100,torch.float32,1f7c14ad5e7d7457222d5254d3d8d0a695d97954
FH-CONT,8eabc45f-5af7-2f32-8528-640861d2a135,scene0309_00-scene0309_02-scene0309_01-scene0309_04-scene0309_03,canonical,2,output_materialization,0,0000000000000000000000000000000000000000000000000000000000000000,9.65587,593637376,593637376,0,13042188288,0,0,3693374,10732896,135435,4665,0,100,torch.float32,1f7c14ad5e7d7457222d5254d3d8d0a695d97954
FH-CONT,8eabc45f-5af7-2f32-8528-640861d2a135,scene0309_00-scene0309_02-scene0309_01-scene0309_04-scene0309_03,canonical,2,output_materialization,1,0000000000000000000000000000000000000000000000000000000000000000,9.715602,593637376,593637376,0,13042188288,0,0,3693374,10732896,135435,4665,0,100,torch.float32,1f7c14ad5e7d7457222d5254d3d8d0a695d97954
FH-CONT,8eabc45f-5af7-2f32-8528-640861d2a135,scene0309_00-scene0309_02-scene0309_01-scene0309_04-scene0309_03,canonical,2,output_materialization,2,0000000000000000000000000000000000000000000000000000000000000000,9.676592,593637376,593637376,0,13042188288,0,0,3693374,10732896,135435,4665,0,100,torch.float32,1f7c14ad5e7d7457222d5254d3d8d0a695d97954
FH-CONT,8eabc45f-5af7-2f32-8528-640861d2a135,scene0309_00-scene0309_02-scene0309_01-scene0309_04-scene0309_03,canonical,2,output_materialization,3,0000000000000000000000000000000000000000000000000000000000000000,9.621402,593637376,593637376,0,13042188288,0,0,3693374,10732896,135435,4665,0,100,torch.float32,1f7c14ad5e7d7457222d5254d3d8d0a695d97954
FH-CONT,8eabc45f-5af7-2f32-8528-640861d2a135,scene0309_00-scene0309_02-scene0309_01-scene0309_04-scene0309_03,canonical,2,output_materialization,4,0000000000000000000000000000000000000000000000000000000000000000,9.667449,593637376,593637376,0,13042188288,0,0,3693374,10732896,135435,4665,0,100,torch.float32,1f7c14ad5e7d7457222d5254d3d8d0a695d97954
FH-CONT,8eabc45f-5af7-2f32-8528-640861d2a135,scene0309_00-scene0309_02-scene0309_01-scene0309_04-scene0309_03,canonical,2,output_materialization,5,0000000000000000000000000000000000000000000000000000000000000000,9.607637,593637376,593637376,0,13042188288,0,0,3693374,10732896,135435,4665,0,100,torch.float32,1f7c14ad5e7d7457222d5254d3d8d0a695d97954
FH-CONT,8eabc45f-5af7-2f32-8528-640861d2a135,scene0309_00-scene0309_02-scene0309_01-scene0309_04-scene0309_03,canonical,2,output_materialization,6,0000000000000000000000000000000000000000000000000000000000000000,9.726904,593637376,593637376,0,13042188288,0,0,3693374,10732896,135435,4665,0,100,torch.float32,1f7c14ad5e7d7457222d5254d3d8d0a695d97954
FH-CONT,8eabc45f-5af7-2f32-8528-640861d2a135,scene0309_00-scene0309_02-scene0309_01-scene0309_04-scene0309_03,canonical,2,output_materialization,7,0000000000000000000000000000000000000000000000000000000000000000,9.712567,593637376,593637376,0,13042188288,0,0,3693374,10732896,135435,4665,0,100,torch.float32,1f7c14ad5e7d7457222d5254d3d8d0a695d97954
FH-CONT,8eabc45f-5af7-2f32-8528-640861d2a135,scene0309_00-scene0309_02-scene0309_01-scene0309_04-scene0309_03,canonical,2,output_materialization,8,0000000000000000000000000000000000000000000000000000000000000000,10.388594,593637376,593637376,0,13042188288,0,0,3693374,10732896,135435,4665,0,100,torch.float32,1f7c14ad5e7d7457222d5254d3d8d0a695d97954
FH-CONT,8eabc45f-5af7-2f32-8528-640861d2a135,scene0309_00-scene0309_02-scene0309_01-scene0309_04-scene0309_03,canonical,2,output_materialization,9,0000000000000000000000000000000000000000000000000000000000000000,10.424052,593637376,593637376,0,13042188288,0,0,3693374,10732896,135435,4665,0,100,torch.float32,1f7c14ad5e7d7457222d5254d3d8d0a695d97954
FH-CONT,8eabc45f-5af7-2f32-8528-640861d2a135,scene0309_00-scene0309_02-scene0309_01-scene0309_04-scene0309_03,canonical,2,cumulative_T1_to_T,0,0000000000000000000000000000000000000000000000000000000000000000,1773.950047,593637376,2545820160,1952182784,13042188288,0,0,3693374,10732896,135435,4665,0,100,torch.float32,1f7c14ad5e7d7457222d5254d3d8d0a695d97954
FH-CONT,8eabc45f-5af7-2f32-8528-640861d2a135,scene0309_00-scene0309_02-scene0309_01-scene0309_04-scene0309_03,canonical,2,cumulative_T1_to_T,1,0000000000000000000000000000000000000000000000000000000000000000,1782.885278,593637376,2545828864,1952191488,13042188288,0,0,3693374,10732896,135435,4665,0,100,torch.float32,1f7c14ad5e7d7457222d5254d3d8d0a695d97954
FH-CONT,8eabc45f-5af7-2f32-8528-640861d2a135,scene0309_00-scene0309_02-scene0309_01-scene0309_04-scene0309_03,canonical,2,cumulative_T1_to_T,2,0000000000000000000000000000000000000000000000000000000000000000,1777.511081,593637376,2546915840,1953278464,13042188288,0,0,3693374,10732896,135435,4665,0,100,torch.float32,1f7c14ad5e7d7457222d5254d3d8d0a695d97954
FH-CONT,8eabc45f-5af7-2f32-8528-640861d2a135,scene0309_00-scene0309_02-scene0309_01-scene0309_04-scene0309_03,canonical,2,cumulative_T1_to_T,3,0000000000000000000000000000000000000000000000000000000000000000,1775.17203,593637376,2546915840,1953278464,13042188288,0,0,3693374,10732896,135435,4665,0,100,torch.float32,1f7c14ad5e7d7457222d5254d3d8d0a695d97954
FH-CONT,8eabc45f-5af7-2f32-8528-640861d2a135,scene0309_00-scene0309_02-scene0309_01-scene0309_04-scene0309_03,canonical,2,cumulative_T1_to_T,4,0000000000000000000000000000000000000000000000000000000000000000,1790.624447,593637376,2545793536,1952156160,13042188288,0,0,3693374,10732896,135435,4665,0,100,torch.float32,1f7c14ad5e7d7457222d5254d3d8d0a695d97954
FH-CONT,8eabc45f-5af7-2f32-8528-640861d2a135,scene0309_00-scene0309_02-scene0309_01-scene0309_04-scene0309_03,canonical,2,cumulative_T1_to_T,5,0000000000000000000000000000000000000000000000000000000000000000,1792.137296,593637376,2545842688,1952205312,13042188288,0,0,3693374,10732896,135435,4665,0,100,torch.float32,1f7c14ad5e7d7457222d5254d3d8d0a695d97954
FH-CONT,8eabc45f-5af7-2f32-8528-640861d2a135,scene0309_00-scene0309_02-scene0309_01-scene0309_04-scene0309_03,canonical,2,cumulative_T1_to_T,6,0000000000000000000000000000000000000000000000000000000000000000,1793.36743,593637376,2545788416,1952151040,13042188288,0,0,3693374,10732896,135435,4665,0,100,torch.float32,1f7c14ad5e7d7457222d5254d3d8d0a695d97954
FH-CONT,8eabc45f-5af7-2f32-8528-640861d2a135,scene0309_00-scene0309_02-scene0309_01-scene0309_04-scene0309_03,canonical,2,cumulative_T1_to_T,7,0000000000000000000000000000000000000000000000000000000000000000,1792.651223,593637376,2545828864,1952191488,13042188288,0,0,3693374,10732896,135435,4665,0,100,torch.float32,1f7c14ad5e7d7457222d5254d3d8d0a695d97954
FH-CONT,8eabc45f-5af7-2f32-8528-640861d2a135,scene0309_00-scene0309_02-scene0309_01-scene0309_04-scene0309_03,canonical,2,cumulative_T1_to_T,8,0000000000000000000000000000000000000000000000000000000000000000,1771.308892,593637376,2545824768,1952187392,13042188288,0,0,3693374,10732896,135435,4665,0,100,torch.float32,1f7c14ad5e7d7457222d5254d3d8d0a695d97954
FH-CONT,8eabc45f-5af7-2f32-8528-640861d2a135,scene0309_00-scene0309_02-scene0309_01-scene0309_04-scene0309_03,canonical,2,cumulative_T1_to_T,9,0000000000000000000000000000000000000000000000000000000000000000,1786.347557,593637376,2545850880,1952213504,13042188288,0,0,3693374,10732896,135435,4665,0,100,torch.float32,1f7c14ad5e7d7457222d5254d3d8d0a695d97954
FH-CONT,8eabc45f-5af7-2f32-8528-640861d2a135,scene0309_00-scene0309_02-scene0309_01-scene0309_04-scene0309_03,canonical,3,model_update,0,0000000000000000000000000000000000000000000000000000000000000000,923.140009,593637376,3022658048,2429020672,13042188288,0,0,4601114,13217501,168968,5817,0,100,torch.float32,1f7c14ad5e7d7457222d5254d3d8d0a695d97954
FH-CONT,8eabc45f-5af7-2f32-8528-640861d2a135,scene0309_00-scene0309_02-scene0309_01-scene0309_04-scene0309_03,canonical,3,model_update,1,0000000000000000000000000000000000000000000000000000000000000000,926.910212,593637376,3022618112,2428980736,13042188288,0,0,4601114,13217501,168968,5817,0,100,torch.float32,1f7c14ad5e7d7457222d5254d3d8d0a695d97954
FH-CONT,8eabc45f-5af7-2f32-8528-640861d2a135,scene0309_00-scene0309_02-scene0309_01-scene0309_04-scene0309_03,canonical,3,model_update,2,0000000000000000000000000000000000000000000000000000000000000000,925.203679,593637376,3022680064,2429042688,13042188288,0,0,4601114,13217501,168968,5817,0,100,torch.float32,1f7c14ad5e7d7457222d5254d3d8d0a695d97954
FH-CONT,8eabc45f-5af7-2f32-8528-640861d2a135,scene0309_00-scene0309_02-scene0309_01-scene0309_04-scene0309_03,canonical,3,model_update,3,0000000000000000000000000000000000000000000000000000000000000000,922.136649,593637376,3022639616,2429002240,13042188288,0,0,4601114,13217501,168968,5817,0,100,torch.float32,1f7c14ad5e7d7457222d5254d3d8d0a695d97954
FH-CONT,8eabc45f-5af7-2f32-8528-640861d2a135,scene0309_00-scene0309_02-scene0309_01-scene0309_04-scene0309_03,canonical,3,model_update,4,0000000000000000000000000000000000000000000000000000000000000000,924.34452,593637376,3022654464,2429017088,13042188288,0,0,4601114,13217501,168968,5817,0,100,torch.float32,1f7c14ad5e7d7457222d5254d3d8d0a695d97954
FH-CONT,8eabc45f-5af7-2f32-8528-640861d2a135,scene0309_00-scene0309_02-scene0309_01-scene0309_04-scene0309_03,canonical,3,model_update,5,0000000000000000000000000000000000000000000000000000000000000000,918.921402,593637376,3022607360,2428969984,13042188288,0,0,4601114,13217501,168968,5817,0,100,torch.float32,1f7c14ad5e7d7457222d5254d3d8d0a695d97954
FH-CONT,8eabc45f-5af7-2f32-8528-640861d2a135,scene0309_00-scene0309_02-scene0309_01-scene0309_04-scene0309_03,canonical,3,model_update,6,0000000000000000000000000000000000000000000000000000000000000000,915.9093,593637376,3022599680,2428962304,13042188288,0,0,4601114,13217501,168968,5817,0,100,torch.float32,1f7c14ad5e7d7457222d5254d3d8d0a695d97954
FH-CONT,8eabc45f-5af7-2f32-8528-640861d2a135,scene0309_00-scene0309_02-scene0309_01-scene0309_04-scene0309_03,canonical,3,model_update,7,0000000000000000000000000000000000000000000000000000000000000000,917.423415,593637376,3022708736,2429071360,13042188288,0,0,4601114,13217501,168968,5817,0,100,torch.float32,1f7c14ad5e7d7457222d5254d3d8d0a695d97954
FH-CONT,8eabc45f-5af7-2f32-8528-640861d2a135,scene0309_00-scene0309_02-scene0309_01-scene0309_04-scene0309_03,canonical,3,model_update,8,0000000000000000000000000000000000000000000000000000000000000000,919.465511,593637376,3022680064,2429042688,13042188288,0,0,4601114,13217501,168968,5817,0,100,torch.float32,1f7c14ad5e7d7457222d5254d3d8d0a695d97954
FH-CONT,8eabc45f-5af7-2f32-8528-640861d2a135,scene0309_00-scene0309_02-scene0309_01-scene0309_04-scene0309_03,canonical,3,model_update,9,0000000000000000000000000000000000000000000000000000000000000000,930.377347,593637376,3022668800,2429031424,13042188288,0,0,4601114,13217501,168968,5817,0,100,torch.float32,1f7c14ad5e7d7457222d5254d3d8d0a695d97954
FH-CONT,8eabc45f-5af7-2f32-8528-640861d2a135,scene0309_00-scene0309_02-scene0309_01-scene0309_04-scene0309_03,canonical,3,end_to_end_update,0,0000000000000000000000000000000000000000000000000000000000000000,1358.16047,593637376,3022658048,2429020672,13042188288,0,0,4601114,13217501,168968,5817,0,100,torch.float32,1f7c14ad5e7d7457222d5254d3d8d0a695d97954
FH-CONT,8eabc45f-5af7-2f32-8528-640861d2a135,scene0309_00-scene0309_02-scene0309_01-scene0309_04-scene0309_03,canonical,3,end_to_end_update,1,0000000000000000000000000000000000000000000000000000000000000000,1330.175069,593637376,3022632448,2428995072,13042188288,0,0,4601114,13217501,168968,5817,0,100,torch.float32,1f7c14ad5e7d7457222d5254d3d8d0a695d97954
FH-CONT,8eabc45f-5af7-2f32-8528-640861d2a135,scene0309_00-scene0309_02-scene0309_01-scene0309_04-scene0309_03,canonical,3,end_to_end_update,2,0000000000000000000000000000000000000000000000000000000000000000,1330.196559,593637376,3022603264,2428965888,13042188288,0,0,4601114,13217501,168968,5817,0,100,torch.float32,1f7c14ad5e7d7457222d5254d3d8d0a695d97954
FH-CONT,8eabc45f-5af7-2f32-8528-640861d2a135,scene0309_00-scene0309_02-scene0309_01-scene0309_04-scene0309_03,canonical,3,end_to_end_update,3,0000000000000000000000000000000000000000000000000000000000000000,1339.17069,593637376,3022723072,2429085696,13042188288,0,0,4601114,13217501,168968,5817,0,100,torch.float32,1f7c14ad5e7d7457222d5254d3d8d0a695d97954
FH-CONT,8eabc45f-5af7-2f32-8528-640861d2a135,scene0309_00-scene0309_02-scene0309_01-scene0309_04-scene0309_03,canonical,3,end_to_end_update,4,0000000000000000000000000000000000000000000000000000000000000000,1348.011036,593637376,3022687232,2429049856,13042188288,0,0,4601114,13217501,168968,5817,0,100,torch.float32,1f7c14ad5e7d7457222d5254d3d8d0a695d97954
FH-CONT,8eabc45f-5af7-2f32-8528-640861d2a135,scene0309_00-scene0309_02-scene0309_01-scene0309_04-scene0309_03,canonical,3,end_to_end_update,5,0000000000000000000000000000000000000000000000000000000000000000,1360.750593,593637376,3022668800,2429031424,13042188288,0,0,4601114,13217501,168968,5817,0,100,torch.float32,1f7c14ad5e7d7457222d5254d3d8d0a695d97954
FH-CONT,8eabc45f-5af7-2f32-8528-640861d2a135,scene0309_00-scene0309_02-scene0309_01-scene0309_04-scene0309_03,canonical,3,end_to_end_update,6,0000000000000000000000000000000000000000000000000000000000000000,1368.347145,593637376,3022690816,2429053440,13042188288,0,0,4601114,13217501,168968,5817,0,100,torch.float32,1f7c14ad5e7d7457222d5254d3d8d0a695d97954
FH-CONT,8eabc45f-5af7-2f32-8528-640861d2a135,scene0309_00-scene0309_02-scene0309_01-scene0309_04-scene0309_03,canonical,3,end_to_end_update,7,0000000000000000000000000000000000000000000000000000000000000000,1340.572254,593637376,3022661632,2429024256,13042188288,0,0,4601114,13217501,168968,5817,0,100,torch.float32,1f7c14ad5e7d7457222d5254d3d8d0a695d97954
FH-CONT,8eabc45f-5af7-2f32-8528-640861d2a135,scene0309_00-scene0309_02-scene0309_01-scene0309_04-scene0309_03,canonical,3,end_to_end_update,8,0000000000000000000000000000000000000000000000000000000000000000,1338.805049,593637376,3022636032,2428998656,13042188288,0,0,4601114,13217501,168968,5817,0,100,torch.float32,1f7c14ad5e7d7457222d5254d3d8d0a695d97954
FH-CONT,8eabc45f-5af7-2f32-8528-640861d2a135,scene0309_00-scene0309_02-scene0309_01-scene0309_04-scene0309_03,canonical,3,end_to_end_update,9,0000000000000000000000000000000000000000000000000000000000000000,1337.846404,593637376,3022654464,2429017088,13042188288,0,0,4601114,13217501,168968,5817,0,100,torch.float32,1f7c14ad5e7d7457222d5254d3d8d0a695d97954
FH-CONT,8eabc45f-5af7-2f32-8528-640861d2a135,scene0309_00-scene0309_02-scene0309_01-scene0309_04-scene0309_03,canonical,3,output_materialization,0,0000000000000000000000000000000000000000000000000000000000000000,11.759706,593637376,593637376,0,13042188288,0,0,4601114,13217501,168968,5817,0,100,torch.float32,1f7c14ad5e7d7457222d5254d3d8d0a695d97954
FH-CONT,8eabc45f-5af7-2f32-8528-640861d2a135,scene0309_00-scene0309_02-scene0309_01-scene0309_04-scene0309_03,canonical,3,output_materialization,1,0000000000000000000000000000000000000000000000000000000000000000,11.704698,593637376,593637376,0,13042188288,0,0,4601114,13217501,168968,5817,0,100,torch.float32,1f7c14ad5e7d7457222d5254d3d8d0a695d97954
FH-CONT,8eabc45f-5af7-2f32-8528-640861d2a135,scene0309_00-scene0309_02-scene0309_01-scene0309_04-scene0309_03,canonical,3,output_materialization,2,0000000000000000000000000000000000000000000000000000000000000000,11.773483,593637376,593637376,0,13042188288,0,0,4601114,13217501,168968,5817,0,100,torch.float32,1f7c14ad5e7d7457222d5254d3d8d0a695d97954
FH-CONT,8eabc45f-5af7-2f32-8528-640861d2a135,scene0309_00-scene0309_02-scene0309_01-scene0309_04-scene0309_03,canonical,3,output_materialization,3,0000000000000000000000000000000000000000000000000000000000000000,11.732922,593637376,593637376,0,13042188288,0,0,4601114,13217501,168968,5817,0,100,torch.float32,1f7c14ad5e7d7457222d5254d3d8d0a695d97954
FH-CONT,8eabc45f-5af7-2f32-8528-640861d2a135,scene0309_00-scene0309_02-scene0309_01-scene0309_04-scene0309_03,canonical,3,output_materialization,4,0000000000000000000000000000000000000000000000000000000000000000,11.76423,593637376,593637376,0,13042188288,0,0,4601114,13217501,168968,5817,0,100,torch.float32,1f7c14ad5e7d7457222d5254d3d8d0a695d97954
FH-CONT,8eabc45f-5af7-2f32-8528-640861d2a135,scene0309_00-scene0309_02-scene0309_01-scene0309_04-scene0309_03,canonical,3,output_materialization,5,0000000000000000000000000000000000000000000000000000000000000000,11.765459,593637376,593637376,0,13042188288,0,0,4601114,13217501,168968,5817,0,100,torch.float32,1f7c14ad5e7d7457222d5254d3d8d0a695d97954
FH-CONT,8eabc45f-5af7-2f32-8528-640861d2a135,scene0309_00-scene0309_02-scene0309_01-scene0309_04-scene0309_03,canonical,3,output_materialization,6,0000000000000000000000000000000000000000000000000000000000000000,12.787768,593637376,593637376,0,13042188288,0,0,4601114,13217501,168968,5817,0,100,torch.float32,1f7c14ad5e7d7457222d5254d3d8d0a695d97954
FH-CONT,8eabc45f-5af7-2f32-8528-640861d2a135,scene0309_00-scene0309_02-scene0309_01-scene0309_04-scene0309_03,canonical,3,output_materialization,7,0000000000000000000000000000000000000000000000000000000000000000,12.754787,593637376,593637376,0,13042188288,0,0,4601114,13217501,168968,5817,0,100,torch.float32,1f7c14ad5e7d7457222d5254d3d8d0a695d97954
FH-CONT,8eabc45f-5af7-2f32-8528-640861d2a135,scene0309_00-scene0309_02-scene0309_01-scene0309_04-scene0309_03,canonical,3,output_materialization,8,0000000000000000000000000000000000000000000000000000000000000000,12.810352,593637376,593637376,0,13042188288,0,0,4601114,13217501,168968,5817,0,100,torch.float32,1f7c14ad5e7d7457222d5254d3d8d0a695d97954
FH-CONT,8eabc45f-5af7-2f32-8528-640861d2a135,scene0309_00-scene0309_02-scene0309_01-scene0309_04-scene0309_03,canonical,3,output_materialization,9,0000000000000000000000000000000000000000000000000000000000000000,12.829138,593637376,593637376,0,13042188288,0,0,4601114,13217501,168968,5817,0,100,torch.float32,1f7c14ad5e7d7457222d5254d3d8d0a695d97954
FH-CONT,8eabc45f-5af7-2f32-8528-640861d2a135,scene0309_00-scene0309_02-scene0309_01-scene0309_04-scene0309_03,canonical,3,cumulative_T1_to_T,0,0000000000000000000000000000000000000000000000000000000000000000,3104.308393,593637376,3020347904,2426710528,13042188288,0,0,4601114,13217501,168968,5817,0,100,torch.float32,1f7c14ad5e7d7457222d5254d3d8d0a695d97954
FH-CONT,8eabc45f-5af7-2f32-8528-640861d2a135,scene0309_00-scene0309_02-scene0309_01-scene0309_04-scene0309_03,canonical,3,cumulative_T1_to_T,1,0000000000000000000000000000000000000000000000000000000000000000,3135.877817,593637376,3020406272,2426768896,13042188288,0,0,4601114,13217501,168968,5817,0,100,torch.float32,1f7c14ad5e7d7457222d5254d3d8d0a695d97954
FH-CONT,8eabc45f-5af7-2f32-8528-640861d2a135,scene0309_00-scene0309_02-scene0309_01-scene0309_04-scene0309_03,canonical,3,cumulative_T1_to_T,2,0000000000000000000000000000000000000000000000000000000000000000,3154.16012,593637376,3019689472,2426052096,13042188288,0,0,4601114,13217501,168968,5817,0,100,torch.float32,1f7c14ad5e7d7457222d5254d3d8d0a695d97954
FH-CONT,8eabc45f-5af7-2f32-8528-640861d2a135,scene0309_00-scene0309_02-scene0309_01-scene0309_04-scene0309_03,canonical,3,cumulative_T1_to_T,3,0000000000000000000000000000000000000000000000000000000000000000,3099.252711,593637376,3020357632,2426720256,13042188288,0,0,4601114,13217501,168968,5817,0,100,torch.float32,1f7c14ad5e7d7457222d5254d3d8d0a695d97954
FH-CONT,8eabc45f-5af7-2f32-8528-640861d2a135,scene0309_00-scene0309_02-scene0309_01-scene0309_04-scene0309_03,canonical,3,cumulative_T1_to_T,4,0000000000000000000000000000000000000000000000000000000000000000,3125.545096,593637376,3020387328,2426749952,13042188288,0,0,4601114,13217501,168968,5817,0,100,torch.float32,1f7c14ad5e7d7457222d5254d3d8d0a695d97954
FH-CONT,8eabc45f-5af7-2f32-8528-640861d2a135,scene0309_00-scene0309_02-scene0309_01-scene0309_04-scene0309_03,canonical,3,cumulative_T1_to_T,5,0000000000000000000000000000000000000000000000000000000000000000,3115.76415,593637376,3019674624,2426037248,13042188288,0,0,4601114,13217501,168968,5817,0,100,torch.float32,1f7c14ad5e7d7457222d5254d3d8d0a695d97954
FH-CONT,8eabc45f-5af7-2f32-8528-640861d2a135,scene0309_00-scene0309_02-scene0309_01-scene0309_04-scene0309_03,canonical,3,cumulative_T1_to_T,6,0000000000000000000000000000000000000000000000000000000000000000,3166.295532,593637376,3019667456,2426030080,13042188288,0,0,4601114,13217501,168968,5817,0,100,torch.float32,1f7c14ad5e7d7457222d5254d3d8d0a695d97954
FH-CONT,8eabc45f-5af7-2f32-8528-640861d2a135,scene0309_00-scene0309_02-scene0309_01-scene0309_04-scene0309_03,canonical,3,cumulative_T1_to_T,7,0000000000000000000000000000000000000000000000000000000000000000,3160.120118,593637376,3019693568,2426056192,13042188288,0,0,4601114,13217501,168968,5817,0,100,torch.float32,1f7c14ad5e7d7457222d5254d3d8d0a695d97954
FH-CONT,8eabc45f-5af7-2f32-8528-640861d2a135,scene0309_00-scene0309_02-scene0309_01-scene0309_04-scene0309_03,canonical,3,cumulative_T1_to_T,8,0000000000000000000000000000000000000000000000000000000000000000,3149.885669,593637376,3019682304,2426044928,13042188288,0,0,4601114,13217501,168968,5817,0,100,torch.float32,1f7c14ad5e7d7457222d5254d3d8d0a695d97954
FH-CONT,8eabc45f-5af7-2f32-8528-640861d2a135,scene0309_00-scene0309_02-scene0309_01-scene0309_04-scene0309_03,canonical,3,cumulative_T1_to_T,9,0000000000000000000000000000000000000000000000000000000000000000,3121.824637,593637376,3020350976,2426713600,13042188288,0,0,4601114,13217501,168968,5817,0,100,torch.float32,1f7c14ad5e7d7457222d5254d3d8d0a695d97954
FH-CONT,8eabc45f-5af7-2f32-8528-640861d2a135,scene0309_00-scene0309_02-scene0309_01-scene0309_04-scene0309_03,canonical,4,model_update,0,0000000000000000000000000000000000000000000000000000000000000000,1337.326059,593637376,3770180096,3176542720,13042188288,0,0,5937837,17152154,220137,7378,0,100,torch.float32,1f7c14ad5e7d7457222d5254d3d8d0a695d97954
FH-CONT,8eabc45f-5af7-2f32-8528-640861d2a135,scene0309_00-scene0309_02-scene0309_01-scene0309_04-scene0309_03,canonical,4,model_update,1,0000000000000000000000000000000000000000000000000000000000000000,1187.20024,593637376,3770204160,3176566784,13042188288,0,0,5937837,17152154,220137,7378,0,100,torch.float32,1f7c14ad5e7d7457222d5254d3d8d0a695d97954
FH-CONT,8eabc45f-5af7-2f32-8528-640861d2a135,scene0309_00-scene0309_02-scene0309_01-scene0309_04-scene0309_03,canonical,4,model_update,2,0000000000000000000000000000000000000000000000000000000000000000,1220.241236,593637376,3770175488,3176538112,13042188288,0,0,5937837,17152154,220137,7378,0,100,torch.float32,1f7c14ad5e7d7457222d5254d3d8d0a695d97954
FH-CONT,8eabc45f-5af7-2f32-8528-640861d2a135,scene0309_00-scene0309_02-scene0309_01-scene0309_04-scene0309_03,canonical,4,model_update,3,0000000000000000000000000000000000000000000000000000000000000000,1164.209147,593637376,3770223104,3176585728,13042188288,0,0,5937837,17152154,220137,7378,0,100,torch.float32,1f7c14ad5e7d7457222d5254d3d8d0a695d97954
FH-CONT,8eabc45f-5af7-2f32-8528-640861d2a135,scene0309_00-scene0309_02-scene0309_01-scene0309_04-scene0309_03,canonical,4,model_update,4,0000000000000000000000000000000000000000000000000000000000000000,1168.972919,593637376,3770192384,3176555008,13042188288,0,0,5937837,17152154,220137,7378,0,100,torch.float32,1f7c14ad5e7d7457222d5254d3d8d0a695d97954
FH-CONT,8eabc45f-5af7-2f32-8528-640861d2a135,scene0309_00-scene0309_02-scene0309_01-scene0309_04-scene0309_03,canonical,4,model_update,5,0000000000000000000000000000000000000000000000000000000000000000,1161.535046,593637376,3770171392,3176534016,13042188288,0,0,5937837,17152154,220137,7378,0,100,torch.float32,1f7c14ad5e7d7457222d5254d3d8d0a695d97954
FH-CONT,8eabc45f-5af7-2f32-8528-640861d2a135,scene0309_00-scene0309_02-scene0309_01-scene0309_04-scene0309_03,canonical,4,model_update,6,0000000000000000000000000000000000000000000000000000000000000000,1164.577693,593637376,3770173440,3176536064,13042188288,0,0,5937837,17152154,220137,7378,0,100,torch.float32,1f7c14ad5e7d7457222d5254d3d8d0a695d97954
FH-CONT,8eabc45f-5af7-2f32-8528-640861d2a135,scene0309_00-scene0309_02-scene0309_01-scene0309_04-scene0309_03,canonical,4,model_update,7,0000000000000000000000000000000000000000000000000000000000000000,1156.486737,593637376,3770187264,3176549888,13042188288,0,0,5937837,17152154,220137,7378,0,100,torch.float32,1f7c14ad5e7d7457222d5254d3d8d0a695d97954
FH-CONT,8eabc45f-5af7-2f32-8528-640861d2a135,scene0309_00-scene0309_02-scene0309_01-scene0309_04-scene0309_03,canonical,4,model_update,8,0000000000000000000000000000000000000000000000000000000000000000,1158.938246,593637376,3770176000,3176538624,13042188288,0,0,5937837,17152154,220137,7378,0,100,torch.float32,1f7c14ad5e7d7457222d5254d3d8d0a695d97954
FH-CONT,8eabc45f-5af7-2f32-8528-640861d2a135,scene0309_00-scene0309_02-scene0309_01-scene0309_04-scene0309_03,canonical,4,model_update,9,0000000000000000000000000000000000000000000000000000000000000000,1160.202072,593637376,3769104896,3175467520,13042188288,0,0,5937837,17152154,220137,7378,0,100,torch.float32,1f7c14ad5e7d7457222d5254d3d8d0a695d97954
FH-CONT,8eabc45f-5af7-2f32-8528-640861d2a135,scene0309_00-scene0309_02-scene0309_01-scene0309_04-scene0309_03,canonical,4,end_to_end_update,0,0000000000000000000000000000000000000000000000000000000000000000,1766.35298,593637376,3770171392,3176534016,13042188288,0,0,5937837,17152154,220137,7378,0,100,torch.float32,1f7c14ad5e7d7457222d5254d3d8d0a695d97954
FH-CONT,8eabc45f-5af7-2f32-8528-640861d2a135,scene0309_00-scene0309_02-scene0309_01-scene0309_04-scene0309_03,canonical,4,end_to_end_update,1,0000000000000000000000000000000000000000000000000000000000000000,1728.662287,593637376,3769110016,3175472640,13042188288,0,0,5937837,17152154,220137,7378,0,100,torch.float32,1f7c14ad5e7d7457222d5254d3d8d0a695d97954
FH-CONT,8eabc45f-5af7-2f32-8528-640861d2a135,scene0309_00-scene0309_02-scene0309_01-scene0309_04-scene0309_03,canonical,4,end_to_end_update,2,0000000000000000000000000000000000000000000000000000000000000000,1755.097411,593637376,3770192896,3176555520,13042188288,0,0,5937837,17152154,220137,7378,0,100,torch.float32,1f7c14ad5e7d7457222d5254d3d8d0a695d97954
FH-CONT,8eabc45f-5af7-2f32-8528-640861d2a135,scene0309_00-scene0309_02-scene0309_01-scene0309_04-scene0309_03,canonical,4,end_to_end_update,3,0000000000000000000000000000000000000000000000000000000000000000,1762.179482,593637376,3770184704,3176547328,13042188288,0,0,5937837,17152154,220137,7378,0,100,torch.float32,1f7c14ad5e7d7457222d5254d3d8d0a695d97954
FH-CONT,8eabc45f-5af7-2f32-8528-640861d2a135,scene0309_00-scene0309_02-scene0309_01-scene0309_04-scene0309_03,canonical,4,end_to_end_update,4,0000000000000000000000000000000000000000000000000000000000000000,1776.006556,593637376,3770192896,3176555520,13042188288,0,0,5937837,17152154,220137,7378,0,100,torch.float32,1f7c14ad5e7d7457222d5254d3d8d0a695d97954
FH-CONT,8eabc45f-5af7-2f32-8528-640861d2a135,scene0309_00-scene0309_02-scene0309_01-scene0309_04-scene0309_03,canonical,4,end_to_end_update,5,0000000000000000000000000000000000000000000000000000000000000000,1810.949857,593637376,3770182144,3176544768,13042188288,0,0,5937837,17152154,220137,7378,0,100,torch.float32,1f7c14ad5e7d7457222d5254d3d8d0a695d97954
FH-CONT,8eabc45f-5af7-2f32-8528-640861d2a135,scene0309_00-scene0309_02-scene0309_01-scene0309_04-scene0309_03,canonical,4,end_to_end_update,6,0000000000000000000000000000000000000000000000000000000000000000,1777.56466,593637376,3769115648,3175478272,13042188288,0,0,5937837,17152154,220137,7378,0,100,torch.float32,1f7c14ad5e7d7457222d5254d3d8d0a695d97954
FH-CONT,8eabc45f-5af7-2f32-8528-640861d2a135,scene0309_00-scene0309_02-scene0309_01-scene0309_04-scene0309_03,canonical,4,end_to_end_update,7,0000000000000000000000000000000000000000000000000000000000000000,1743.494251,593637376,3770212352,3176574976,13042188288,0,0,5937837,17152154,220137,7378,0,100,torch.float32,1f7c14ad5e7d7457222d5254d3d8d0a695d97954
FH-CONT,8eabc45f-5af7-2f32-8528-640861d2a135,scene0309_00-scene0309_02-scene0309_01-scene0309_04-scene0309_03,canonical,4,end_to_end_update,8,0000000000000000000000000000000000000000000000000000000000000000,1759.017598,593637376,3770189824,3176552448,13042188288,0,0,5937837,17152154,220137,7378,0,100,torch.float32,1f7c14ad5e7d7457222d5254d3d8d0a695d97954
FH-CONT,8eabc45f-5af7-2f32-8528-640861d2a135,scene0309_00-scene0309_02-scene0309_01-scene0309_04-scene0309_03,canonical,4,end_to_end_update,9,0000000000000000000000000000000000000000000000000000000000000000,1773.553222,593637376,3770207232,3176569856,13042188288,0,0,5937837,17152154,220137,7378,0,100,torch.float32,1f7c14ad5e7d7457222d5254d3d8d0a695d97954
FH-CONT,8eabc45f-5af7-2f32-8528-640861d2a135,scene0309_00-scene0309_02-scene0309_01-scene0309_04-scene0309_03,canonical,4,output_materialization,0,0000000000000000000000000000000000000000000000000000000000000000,15.495192,593637376,593637376,0,13042188288,0,0,5937837,17152154,220137,7378,0,100,torch.float32,1f7c14ad5e7d7457222d5254d3d8d0a695d97954
FH-CONT,8eabc45f-5af7-2f32-8528-640861d2a135,scene0309_00-scene0309_02-scene0309_01-scene0309_04-scene0309_03,canonical,4,output_materialization,1,0000000000000000000000000000000000000000000000000000000000000000,15.342733,593637376,593637376,0,13042188288,0,0,5937837,17152154,220137,7378,0,100,torch.float32,1f7c14ad5e7d7457222d5254d3d8d0a695d97954
FH-CONT,8eabc45f-5af7-2f32-8528-640861d2a135,scene0309_00-scene0309_02-scene0309_01-scene0309_04-scene0309_03,canonical,4,output_materialization,2,0000000000000000000000000000000000000000000000000000000000000000,15.515408,593637376,593637376,0,13042188288,0,0,5937837,17152154,220137,7378,0,100,torch.float32,1f7c14ad5e7d7457222d5254d3d8d0a695d97954
FH-CONT,8eabc45f-5af7-2f32-8528-640861d2a135,scene0309_00-scene0309_02-scene0309_01-scene0309_04-scene0309_03,canonical,4,output_materialization,3,0000000000000000000000000000000000000000000000000000000000000000,15.342082,593637376,593637376,0,13042188288,0,0,5937837,17152154,220137,7378,0,100,torch.float32,1f7c14ad5e7d7457222d5254d3d8d0a695d97954
FH-CONT,8eabc45f-5af7-2f32-8528-640861d2a135,scene0309_00-scene0309_02-scene0309_01-scene0309_04-scene0309_03,canonical,4,output_materialization,4,0000000000000000000000000000000000000000000000000000000000000000,15.609391,593637376,593637376,0,13042188288,0,0,5937837,17152154,220137,7378,0,100,torch.float32,1f7c14ad5e7d7457222d5254d3d8d0a695d97954
FH-CONT,8eabc45f-5af7-2f32-8528-640861d2a135,scene0309_00-scene0309_02-scene0309_01-scene0309_04-scene0309_03,canonical,4,output_materialization,5,0000000000000000000000000000000000000000000000000000000000000000,15.389486,593637376,593637376,0,13042188288,0,0,5937837,17152154,220137,7378,0,100,torch.float32,1f7c14ad5e7d7457222d5254d3d8d0a695d97954
FH-CONT,8eabc45f-5af7-2f32-8528-640861d2a135,scene0309_00-scene0309_02-scene0309_01-scene0309_04-scene0309_03,canonical,4,output_materialization,6,0000000000000000000000000000000000000000000000000000000000000000,12.51818,593637376,593637376,0,13042188288,0,0,5937837,17152154,220137,7378,0,100,torch.float32,1f7c14ad5e7d7457222d5254d3d8d0a695d97954
FH-CONT,8eabc45f-5af7-2f32-8528-640861d2a135,scene0309_00-scene0309_02-scene0309_01-scene0309_04-scene0309_03,canonical,4,output_materialization,7,0000000000000000000000000000000000000000000000000000000000000000,12.29009,593637376,593637376,0,13042188288,0,0,5937837,17152154,220137,7378,0,100,torch.float32,1f7c14ad5e7d7457222d5254d3d8d0a695d97954
FH-CONT,8eabc45f-5af7-2f32-8528-640861d2a135,scene0309_00-scene0309_02-scene0309_01-scene0309_04-scene0309_03,canonical,4,output_materialization,8,0000000000000000000000000000000000000000000000000000000000000000,12.229352,593637376,593637376,0,13042188288,0,0,5937837,17152154,220137,7378,0,100,torch.float32,1f7c14ad5e7d7457222d5254d3d8d0a695d97954
FH-CONT,8eabc45f-5af7-2f32-8528-640861d2a135,scene0309_00-scene0309_02-scene0309_01-scene0309_04-scene0309_03,canonical,4,output_materialization,9,0000000000000000000000000000000000000000000000000000000000000000,12.197167,593637376,593637376,0,13042188288,0,0,5937837,17152154,220137,7378,0,100,torch.float32,1f7c14ad5e7d7457222d5254d3d8d0a695d97954
FH-CONT,8eabc45f-5af7-2f32-8528-640861d2a135,scene0309_00-scene0309_02-scene0309_01-scene0309_04-scene0309_03,canonical,4,cumulative_T1_to_T,0,0000000000000000000000000000000000000000000000000000000000000000,5080.30279,593637376,3764672512,3171035136,13042188288,0,0,5937837,17152154,220137,7378,0,100,torch.float32,1f7c14ad5e7d7457222d5254d3d8d0a695d97954
FH-CONT,8eabc45f-5af7-2f32-8528-640861d2a135,scene0309_00-scene0309_02-scene0309_01-scene0309_04-scene0309_03,canonical,4,cumulative_T1_to_T,1,0000000000000000000000000000000000000000000000000000000000000000,5029.358122,593637376,3764742656,3171105280,13042188288,0,0,5937837,17152154,220137,7378,0,100,torch.float32,1f7c14ad5e7d7457222d5254d3d8d0a695d97954
FH-CONT,8eabc45f-5af7-2f32-8528-640861d2a135,scene0309_00-scene0309_02-scene0309_01-scene0309_04-scene0309_03,canonical,4,cumulative_T1_to_T,2,0000000000000000000000000000000000000000000000000000000000000000,5049.893132,593637376,3764733440,3171096064,13042188288,0,0,5937837,17152154,220137,7378,0,100,torch.float32,1f7c14ad5e7d7457222d5254d3d8d0a695d97954
FH-CONT,8eabc45f-5af7-2f32-8528-640861d2a135,scene0309_00-scene0309_02-scene0309_01-scene0309_04-scene0309_03,canonical,4,cumulative_T1_to_T,3,0000000000000000000000000000000000000000000000000000000000000000,5045.334346,593637376,3764742656,3171105280,13042188288,0,0,5937837,17152154,220137,7378,0,100,torch.float32,1f7c14ad5e7d7457222d5254d3d8d0a695d97954
FH-CONT,8eabc45f-5af7-2f32-8528-640861d2a135,scene0309_00-scene0309_02-scene0309_01-scene0309_04-scene0309_03,canonical,4,cumulative_T1_to_T,4,0000000000000000000000000000000000000000000000000000000000000000,4997.577713,593637376,3764728832,3171091456,13042188288,0,0,5937837,17152154,220137,7378,0,100,torch.float32,1f7c14ad5e7d7457222d5254d3d8d0a695d97954
FH-CONT,8eabc45f-5af7-2f32-8528-640861d2a135,scene0309_00-scene0309_02-scene0309_01-scene0309_04-scene0309_03,canonical,4,cumulative_T1_to_T,5,0000000000000000000000000000000000000000000000000000000000000000,4982.982837,593637376,3764761088,3171123712,13042188288,0,0,5937837,17152154,220137,7378,0,100,torch.float32,1f7c14ad5e7d7457222d5254d3d8d0a695d97954
FH-CONT,8eabc45f-5af7-2f32-8528-640861d2a135,scene0309_00-scene0309_02-scene0309_01-scene0309_04-scene0309_03,canonical,4,cumulative_T1_to_T,6,0000000000000000000000000000000000000000000000000000000000000000,4993.402642,593637376,3764784128,3171146752,13042188288,0,0,5937837,17152154,220137,7378,0,100,torch.float32,1f7c14ad5e7d7457222d5254d3d8d0a695d97954
FH-CONT,8eabc45f-5af7-2f32-8528-640861d2a135,scene0309_00-scene0309_02-scene0309_01-scene0309_04-scene0309_03,canonical,4,cumulative_T1_to_T,7,0000000000000000000000000000000000000000000000000000000000000000,4953.616571,593637376,3764840448,3171203072,13042188288,0,0,5937837,17152154,220137,7378,0,100,torch.float32,1f7c14ad5e7d7457222d5254d3d8d0a695d97954
FH-CONT,8eabc45f-5af7-2f32-8528-640861d2a135,scene0309_00-scene0309_02-scene0309_01-scene0309_04-scene0309_03,canonical,4,cumulative_T1_to_T,8,0000000000000000000000000000000000000000000000000000000000000000,4931.564115,593637376,3764793344,3171155968,13042188288,0,0,5937837,17152154,220137,7378,0,100,torch.float32,1f7c14ad5e7d7457222d5254d3d8d0a695d97954
FH-CONT,8eabc45f-5af7-2f32-8528-640861d2a135,scene0309_00-scene0309_02-scene0309_01-scene0309_04-scene0309_03,canonical,4,cumulative_T1_to_T,9,0000000000000000000000000000000000000000000000000000000000000000,5028.073938,593637376,3764793344,3171155968,13042188288,0,0,5937837,17152154,220137,7378,0,100,torch.float32,1f7c14ad5e7d7457222d5254d3d8d0a695d97954
FH-CONT,8eabc45f-5af7-2f32-8528-640861d2a135,scene0309_00-scene0309_02-scene0309_01-scene0309_04-scene0309_03,canonical,5,model_update,0,0000000000000000000000000000000000000000000000000000000000000000,1390.107946,593637376,4241930752,3648293376,13042188288,0,0,6801748,19553111,252627,8466,0,100,torch.float32,1f7c14ad5e7d7457222d5254d3d8d0a695d97954
FH-CONT,8eabc45f-5af7-2f32-8528-640861d2a135,scene0309_00-scene0309_02-scene0309_01-scene0309_04-scene0309_03,canonical,5,model_update,1,0000000000000000000000000000000000000000000000000000000000000000,1542.310172,593637376,4241969664,3648332288,13042188288,0,0,6801748,19553111,252627,8466,0,100,torch.float32,1f7c14ad5e7d7457222d5254d3d8d0a695d97954
FH-CONT,8eabc45f-5af7-2f32-8528-640861d2a135,scene0309_00-scene0309_02-scene0309_01-scene0309_04-scene0309_03,canonical,5,model_update,2,0000000000000000000000000000000000000000000000000000000000000000,1478.511976,593637376,4241958912,3648321536,13042188288,0,0,6801748,19553111,252627,8466,0,100,torch.float32,1f7c14ad5e7d7457222d5254d3d8d0a695d97954
FH-CONT,8eabc45f-5af7-2f32-8528-640861d2a135,scene0309_00-scene0309_02-scene0309_01-scene0309_04-scene0309_03,canonical,5,model_update,3,0000000000000000000000000000000000000000000000000000000000000000,1460.128364,593637376,4242007552,3648370176,13042188288,0,0,6801748,19553111,252627,8466,0,100,torch.float32,1f7c14ad5e7d7457222d5254d3d8d0a695d97954
FH-CONT,8eabc45f-5af7-2f32-8528-640861d2a135,scene0309_00-scene0309_02-scene0309_01-scene0309_04-scene0309_03,canonical,5,model_update,4,0000000000000000000000000000000000000000000000000000000000000000,1385.776559,593637376,4241963520,3648326144,13042188288,0,0,6801748,19553111,252627,8466,0,100,torch.float32,1f7c14ad5e7d7457222d5254d3d8d0a695d97954
FH-CONT,8eabc45f-5af7-2f32-8528-640861d2a135,scene0309_00-scene0309_02-scene0309_01-scene0309_04-scene0309_03,canonical,5,model_update,5,0000000000000000000000000000000000000000000000000000000000000000,1389.396462,593637376,4242652672,3649015296,13042188288,0,0,6801748,19553111,252627,8466,0,100,torch.float32,1f7c14ad5e7d7457222d5254d3d8d0a695d97954
FH-CONT,8eabc45f-5af7-2f32-8528-640861d2a135,scene0309_00-scene0309_02-scene0309_01-scene0309_04-scene0309_03,canonical,5,model_update,6,0000000000000000000000000000000000000000000000000000000000000000,1602.609192,593637376,4242007552,3648370176,13042188288,0,0,6801748,19553111,252627,8466,0,100,torch.float32,1f7c14ad5e7d7457222d5254d3d8d0a695d97954
FH-CONT,8eabc45f-5af7-2f32-8528-640861d2a135,scene0309_00-scene0309_02-scene0309_01-scene0309_04-scene0309_03,canonical,5,model_update,7,0000000000000000000000000000000000000000000000000000000000000000,1396.104458,593637376,4242007552,3648370176,13042188288,0,0,6801748,19553111,252627,8466,0,100,torch.float32,1f7c14ad5e7d7457222d5254d3d8d0a695d97954
FH-CONT,8eabc45f-5af7-2f32-8528-640861d2a135,scene0309_00-scene0309_02-scene0309_01-scene0309_04-scene0309_03,canonical,5,model_update,8,0000000000000000000000000000000000000000000000000000000000000000,1535.792809,593637376,4241984000,3648346624,13042188288,0,0,6801748,19553111,252627,8466,0,100,torch.float32,1f7c14ad5e7d7457222d5254d3d8d0a695d97954
FH-CONT,8eabc45f-5af7-2f32-8528-640861d2a135,scene0309_00-scene0309_02-scene0309_01-scene0309_04-scene0309_03,canonical,5,model_update,9,0000000000000000000000000000000000000000000000000000000000000000,1440.348097,593637376,4241988608,3648351232,13042188288,0,0,6801748,19553111,252627,8466,0,100,torch.float32,1f7c14ad5e7d7457222d5254d3d8d0a695d97954
FH-CONT,8eabc45f-5af7-2f32-8528-640861d2a135,scene0309_00-scene0309_02-scene0309_01-scene0309_04-scene0309_03,canonical,5,end_to_end_update,0,0000000000000000000000000000000000000000000000000000000000000000,2230.375122,593637376,4241906688,3648269312,13042188288,0,0,6801748,19553111,252627,8466,0,100,torch.float32,1f7c14ad5e7d7457222d5254d3d8d0a695d97954
FH-CONT,8eabc45f-5af7-2f32-8528-640861d2a135,scene0309_00-scene0309_02-scene0309_01-scene0309_04-scene0309_03,canonical,5,end_to_end_update,1,0000000000000000000000000000000000000000000000000000000000000000,2194.837011,593637376,4241896960,3648259584,13042188288,0,0,6801748,19553111,252627,8466,0,100,torch.float32,1f7c14ad5e7d7457222d5254d3d8d0a695d97954
FH-CONT,8eabc45f-5af7-2f32-8528-640861d2a135,scene0309_00-scene0309_02-scene0309_01-scene0309_04-scene0309_03,canonical,5,end_to_end_update,2,0000000000000000000000000000000000000000000000000000000000000000,2154.468113,593637376,4241949696,3648312320,13042188288,0,0,6801748,19553111,252627,8466,0,100,torch.float32,1f7c14ad5e7d7457222d5254d3d8d0a695d97954
FH-CONT,8eabc45f-5af7-2f32-8528-640861d2a135,scene0309_00-scene0309_02-scene0309_01-scene0309_04-scene0309_03,canonical,5,end_to_end_update,3,0000000000000000000000000000000000000000000000000000000000000000,2053.025212,593637376,4242647552,3649010176,13042188288,0,0,6801748,19553111,252627,8466,0,100,torch.float32,1f7c14ad5e7d7457222d5254d3d8d0a695d97954
FH-CONT,8eabc45f-5af7-2f32-8528-640861d2a135,scene0309_00-scene0309_02-scene0309_01-scene0309_04-scene0309_03,canonical,5,end_to_end_update,4,0000000000000000000000000000000000000000000000000000000000000000,2114.380311,593637376,4241978880,3648341504,13042188288,0,0,6801748,19553111,252627,8466,0,100,torch.float32,1f7c14ad5e7d7457222d5254d3d8d0a695d97954
FH-CONT,8eabc45f-5af7-2f32-8528-640861d2a135,scene0309_00-scene0309_02-scene0309_01-scene0309_04-scene0309_03,canonical,5,end_to_end_update,5,0000000000000000000000000000000000000000000000000000000000000000,2066.344871,593637376,4241906688,3648269312,13042188288,0,0,6801748,19553111,252627,8466,0,100,torch.float32,1f7c14ad5e7d7457222d5254d3d8d0a695d97954
FH-CONT,8eabc45f-5af7-2f32-8528-640861d2a135,scene0309_00-scene0309_02-scene0309_01-scene0309_04-scene0309_03,canonical,5,end_to_end_update,6,0000000000000000000000000000000000000000000000000000000000000000,2160.868631,593637376,4241984000,3648346624,13042188288,0,0,6801748,19553111,252627,8466,0,100,torch.float32,1f7c14ad5e7d7457222d5254d3d8d0a695d97954
FH-CONT,8eabc45f-5af7-2f32-8528-640861d2a135,scene0309_00-scene0309_02-scene0309_01-scene0309_04-scene0309_03,canonical,5,end_to_end_update,7,0000000000000000000000000000000000000000000000000000000000000000,2084.041268,593637376,4241930752,3648293376,13042188288,0,0,6801748,19553111,252627,8466,0,100,torch.float32,1f7c14ad5e7d7457222d5254d3d8d0a695d97954
FH-CONT,8eabc45f-5af7-2f32-8528-640861d2a135,scene0309_00-scene0309_02-scene0309_01-scene0309_04-scene0309_03,canonical,5,end_to_end_update,8,0000000000000000000000000000000000000000000000000000000000000000,2125.407296,593637376,4241939968,3648302592,13042188288,0,0,6801748,19553111,252627,8466,0,100,torch.float32,1f7c14ad5e7d7457222d5254d3d8d0a695d97954
FH-CONT,8eabc45f-5af7-2f32-8528-640861d2a135,scene0309_00-scene0309_02-scene0309_01-scene0309_04-scene0309_03,canonical,5,end_to_end_update,9,0000000000000000000000000000000000000000000000000000000000000000,2039.85414,593637376,4241949184,3648311808,13042188288,0,0,6801748,19553111,252627,8466,0,100,torch.float32,1f7c14ad5e7d7457222d5254d3d8d0a695d97954
FH-CONT,8eabc45f-5af7-2f32-8528-640861d2a135,scene0309_00-scene0309_02-scene0309_01-scene0309_04-scene0309_03,canonical,5,output_materialization,0,0000000000000000000000000000000000000000000000000000000000000000,15.883252,593637376,593637376,0,13042188288,0,0,6801748,19553111,252627,8466,0,100,torch.float32,1f7c14ad5e7d7457222d5254d3d8d0a695d97954
FH-CONT,8eabc45f-5af7-2f32-8528-640861d2a135,scene0309_00-scene0309_02-scene0309_01-scene0309_04-scene0309_03,canonical,5,output_materialization,1,0000000000000000000000000000000000000000000000000000000000000000,15.894683,593637376,593637376,0,13042188288,0,0,6801748,19553111,252627,8466,0,100,torch.float32,1f7c14ad5e7d7457222d5254d3d8d0a695d97954
FH-CONT,8eabc45f-5af7-2f32-8528-640861d2a135,scene0309_00-scene0309_02-scene0309_01-scene0309_04-scene0309_03,canonical,5,output_materialization,2,0000000000000000000000000000000000000000000000000000000000000000,15.909028,593637376,593637376,0,13042188288,0,0,6801748,19553111,252627,8466,0,100,torch.float32,1f7c14ad5e7d7457222d5254d3d8d0a695d97954
FH-CONT,8eabc45f-5af7-2f32-8528-640861d2a135,scene0309_00-scene0309_02-scene0309_01-scene0309_04-scene0309_03,canonical,5,output_materialization,3,0000000000000000000000000000000000000000000000000000000000000000,15.878891,593637376,593637376,0,13042188288,0,0,6801748,19553111,252627,8466,0,100,torch.float32,1f7c14ad5e7d7457222d5254d3d8d0a695d97954
FH-CONT,8eabc45f-5af7-2f32-8528-640861d2a135,scene0309_00-scene0309_02-scene0309_01-scene0309_04-scene0309_03,canonical,5,output_materialization,4,0000000000000000000000000000000000000000000000000000000000000000,15.936897,593637376,593637376,0,13042188288,0,0,6801748,19553111,252627,8466,0,100,torch.float32,1f7c14ad5e7d7457222d5254d3d8d0a695d97954
FH-CONT,8eabc45f-5af7-2f32-8528-640861d2a135,scene0309_00-scene0309_02-scene0309_01-scene0309_04-scene0309_03,canonical,5,output_materialization,5,0000000000000000000000000000000000000000000000000000000000000000,15.90785,593637376,593637376,0,13042188288,0,0,6801748,19553111,252627,8466,0,100,torch.float32,1f7c14ad5e7d7457222d5254d3d8d0a695d97954
FH-CONT,8eabc45f-5af7-2f32-8528-640861d2a135,scene0309_00-scene0309_02-scene0309_01-scene0309_04-scene0309_03,canonical,5,output_materialization,6,0000000000000000000000000000000000000000000000000000000000000000,15.877765,593637376,593637376,0,13042188288,0,0,6801748,19553111,252627,8466,0,100,torch.float32,1f7c14ad5e7d7457222d5254d3d8d0a695d97954
FH-CONT,8eabc45f-5af7-2f32-8528-640861d2a135,scene0309_00-scene0309_02-scene0309_01-scene0309_04-scene0309_03,canonical,5,output_materialization,7,0000000000000000000000000000000000000000000000000000000000000000,14.256829,593637376,593637376,0,13042188288,0,0,6801748,19553111,252627,8466,0,100,torch.float32,1f7c14ad5e7d7457222d5254d3d8d0a695d97954
FH-CONT,8eabc45f-5af7-2f32-8528-640861d2a135,scene0309_00-scene0309_02-scene0309_01-scene0309_04-scene0309_03,canonical,5,output_materialization,8,0000000000000000000000000000000000000000000000000000000000000000,14.186242,593637376,593637376,0,13042188288,0,0,6801748,19553111,252627,8466,0,100,torch.float32,1f7c14ad5e7d7457222d5254d3d8d0a695d97954
FH-CONT,8eabc45f-5af7-2f32-8528-640861d2a135,scene0309_00-scene0309_02-scene0309_01-scene0309_04-scene0309_03,canonical,5,output_materialization,9,0000000000000000000000000000000000000000000000000000000000000000,14.110436,593637376,593637376,0,13042188288,0,0,6801748,19553111,252627,8466,0,100,torch.float32,1f7c14ad5e7d7457222d5254d3d8d0a695d97954
FH-CONT,8eabc45f-5af7-2f32-8528-640861d2a135,scene0309_00-scene0309_02-scene0309_01-scene0309_04-scene0309_03,canonical,5,cumulative_T1_to_T,0,0000000000000000000000000000000000000000000000000000000000000000,7115.666151,593637376,4240183808,3646546432,13042188288,0,0,6801748,19553111,252627,8466,0,100,torch.float32,1f7c14ad5e7d7457222d5254d3d8d0a695d97954
FH-CONT,8eabc45f-5af7-2f32-8528-640861d2a135,scene0309_00-scene0309_02-scene0309_01-scene0309_04-scene0309_03,canonical,5,cumulative_T1_to_T,1,0000000000000000000000000000000000000000000000000000000000000000,7077.464443,593637376,4240177152,3646539776,13042188288,0,0,6801748,19553111,252627,8466,0,100,torch.float32,1f7c14ad5e7d7457222d5254d3d8d0a695d97954
FH-CONT,8eabc45f-5af7-2f32-8528-640861d2a135,scene0309_00-scene0309_02-scene0309_01-scene0309_04-scene0309_03,canonical,5,cumulative_T1_to_T,2,0000000000000000000000000000000000000000000000000000000000000000,6861.299529,593637376,4240255488,3646618112,13042188288,0,0,6801748,19553111,252627,8466,0,100,torch.float32,1f7c14ad5e7d7457222d5254d3d8d0a695d97954
FH-CONT,8eabc45f-5af7-2f32-8528-640861d2a135,scene0309_00-scene0309_02-scene0309_01-scene0309_04-scene0309_03,canonical,5,cumulative_T1_to_T,3,0000000000000000000000000000000000000000000000000000000000000000,7028.633202,593637376,4240331776,3646694400,13042188288,0,0,6801748,19553111,252627,8466,0,100,torch.float32,1f7c14ad5e7d7457222d5254d3d8d0a695d97954
FH-CONT,8eabc45f-5af7-2f32-8528-640861d2a135,scene0309_00-scene0309_02-scene0309_01-scene0309_04-scene0309_03,canonical,5,cumulative_T1_to_T,4,0000000000000000000000000000000000000000000000000000000000000000,7028.827453,593637376,4240224256,3646586880,13042188288,0,0,6801748,19553111,252627,8466,0,100,torch.float32,1f7c14ad5e7d7457222d5254d3d8d0a695d97954
FH-CONT,8eabc45f-5af7-2f32-8528-640861d2a135,scene0309_00-scene0309_02-scene0309_01-scene0309_04-scene0309_03,canonical,5,cumulative_T1_to_T,5,0000000000000000000000000000000000000000000000000000000000000000,7131.377069,593637376,4240243200,3646605824,13042188288,0,0,6801748,19553111,252627,8466,0,100,torch.float32,1f7c14ad5e7d7457222d5254d3d8d0a695d97954
FH-CONT,8eabc45f-5af7-2f32-8528-640861d2a135,scene0309_00-scene0309_02-scene0309_01-scene0309_04-scene0309_03,canonical,5,cumulative_T1_to_T,6,0000000000000000000000000000000000000000000000000000000000000000,7137.431281,593637376,4240261120,3646623744,13042188288,0,0,6801748,19553111,252627,8466,0,100,torch.float32,1f7c14ad5e7d7457222d5254d3d8d0a695d97954
FH-CONT,8eabc45f-5af7-2f32-8528-640861d2a135,scene0309_00-scene0309_02-scene0309_01-scene0309_04-scene0309_03,canonical,5,cumulative_T1_to_T,7,0000000000000000000000000000000000000000000000000000000000000000,7098.174604,593637376,4240243200,3646605824,13042188288,0,0,6801748,19553111,252627,8466,0,100,torch.float32,1f7c14ad5e7d7457222d5254d3d8d0a695d97954
FH-CONT,8eabc45f-5af7-2f32-8528-640861d2a135,scene0309_00-scene0309_02-scene0309_01-scene0309_04-scene0309_03,canonical,5,cumulative_T1_to_T,8,0000000000000000000000000000000000000000000000000000000000000000,6961.280964,593637376,4240236544,3646599168,13042188288,0,0,6801748,19553111,252627,8466,0,100,torch.float32,1f7c14ad5e7d7457222d5254d3d8d0a695d97954
FH-CONT,8eabc45f-5af7-2f32-8528-640861d2a135,scene0309_00-scene0309_02-scene0309_01-scene0309_04-scene0309_03,canonical,5,cumulative_T1_to_T,9,0000000000000000000000000000000000000000000000000000000000000000,7047.587622,593637376,4240195072,3646557696,13042188288,0,0,6801748,19553111,252627,8466,0,100,torch.float32,1f7c14ad5e7d7457222d5254d3d8d0a695d97954
FH-CONT,ddc73797-765b-241a-9e2c-097c5989baf6,scene0449_00-scene0449_04-scene0449_05-scene0449_03-scene0449_01,canonical,2,model_update,0,0000000000000000000000000000000000000000000000000000000000000000,770.393649,593637376,2469600768,1875963392,13042188288,0,0,3793578,11066976,132307,5245,0,100,torch.float32,1f7c14ad5e7d7457222d5254d3d8d0a695d97954
FH-CONT,ddc73797-765b-241a-9e2c-097c5989baf6,scene0449_00-scene0449_04-scene0449_05-scene0449_03-scene0449_01,canonical,2,model_update,1,0000000000000000000000000000000000000000000000000000000000000000,767.095815,593637376,2469607936,1875970560,13042188288,0,0,3793578,11066976,132307,5245,0,100,torch.float32,1f7c14ad5e7d7457222d5254d3d8d0a695d97954
FH-CONT,ddc73797-765b-241a-9e2c-097c5989baf6,scene0449_00-scene0449_04-scene0449_05-scene0449_03-scene0449_01,canonical,2,model_update,2,0000000000000000000000000000000000000000000000000000000000000000,773.406485,593637376,2469611008,1875973632,13042188288,0,0,3793578,11066976,132307,5245,0,100,torch.float32,1f7c14ad5e7d7457222d5254d3d8d0a695d97954
FH-CONT,ddc73797-765b-241a-9e2c-097c5989baf6,scene0449_00-scene0449_04-scene0449_05-scene0449_03-scene0449_01,canonical,2,model_update,3,0000000000000000000000000000000000000000000000000000000000000000,776.032465,593637376,2469619200,1875981824,13042188288,0,0,3793578,11066976,132307,5245,0,100,torch.float32,1f7c14ad5e7d7457222d5254d3d8d0a695d97954
FH-CONT,ddc73797-765b-241a-9e2c-097c5989baf6,scene0449_00-scene0449_04-scene0449_05-scene0449_03-scene0449_01,canonical,2,model_update,4,0000000000000000000000000000000000000000000000000000000000000000,775.245388,593637376,2469606400,1875969024,13042188288,0,0,3793578,11066976,132307,5245,0,100,torch.float32,1f7c14ad5e7d7457222d5254d3d8d0a695d97954
FH-CONT,ddc73797-765b-241a-9e2c-097c5989baf6,scene0449_00-scene0449_04-scene0449_05-scene0449_03-scene0449_01,canonical,2,model_update,5,0000000000000000000000000000000000000000000000000000000000000000,778.085455,593637376,2469609984,1875972608,13042188288,0,0,3793578,11066976,132307,5245,0,100,torch.float32,1f7c14ad5e7d7457222d5254d3d8d0a695d97954
FH-CONT,ddc73797-765b-241a-9e2c-097c5989baf6,scene0449_00-scene0449_04-scene0449_05-scene0449_03-scene0449_01,canonical,2,model_update,6,0000000000000000000000000000000000000000000000000000000000000000,773.341795,593637376,2469611008,1875973632,13042188288,0,0,3793578,11066976,132307,5245,0,100,torch.float32,1f7c14ad5e7d7457222d5254d3d8d0a695d97954
FH-CONT,ddc73797-765b-241a-9e2c-097c5989baf6,scene0449_00-scene0449_04-scene0449_05-scene0449_03-scene0449_01,canonical,2,model_update,7,0000000000000000000000000000000000000000000000000000000000000000,768.639494,593637376,2469616128,1875978752,13042188288,0,0,3793578,11066976,132307,5245,0,100,torch.float32,1f7c14ad5e7d7457222d5254d3d8d0a695d97954
FH-CONT,ddc73797-765b-241a-9e2c-097c5989baf6,scene0449_00-scene0449_04-scene0449_05-scene0449_03-scene0449_01,canonical,2,model_update,8,0000000000000000000000000000000000000000000000000000000000000000,780.351778,593637376,2469606400,1875969024,13042188288,0,0,3793578,11066976,132307,5245,0,100,torch.float32,1f7c14ad5e7d7457222d5254d3d8d0a695d97954
FH-CONT,ddc73797-765b-241a-9e2c-097c5989baf6,scene0449_00-scene0449_04-scene0449_05-scene0449_03-scene0449_01,canonical,2,model_update,9,0000000000000000000000000000000000000000000000000000000000000000,771.695165,593637376,2469607936,1875970560,13042188288,0,0,3793578,11066976,132307,5245,0,100,torch.float32,1f7c14ad5e7d7457222d5254d3d8d0a695d97954
FH-CONT,ddc73797-765b-241a-9e2c-097c5989baf6,scene0449_00-scene0449_04-scene0449_05-scene0449_03-scene0449_01,canonical,2,end_to_end_update,0,0000000000000000000000000000000000000000000000000000000000000000,1104.201003,593637376,2469611008,1875973632,13042188288,0,0,3793578,11066976,132307,5245,0,100,torch.float32,1f7c14ad5e7d7457222d5254d3d8d0a695d97954
FH-CONT,ddc73797-765b-241a-9e2c-097c5989baf6,scene0449_00-scene0449_04-scene0449_05-scene0449_03-scene0449_01,canonical,2,end_to_end_update,1,0000000000000000000000000000000000000000000000000000000000000000,1112.453543,593637376,2469608960,1875971584,13042188288,0,0,3793578,11066976,132307,5245,0,100,torch.float32,1f7c14ad5e7d7457222d5254d3d8d0a695d97954
FH-CONT,ddc73797-765b-241a-9e2c-097c5989baf6,scene0449_00-scene0449_04-scene0449_05-scene0449_03-scene0449_01,canonical,2,end_to_end_update,2,0000000000000000000000000000000000000000000000000000000000000000,1143.765285,593637376,2469615104,1875977728,13042188288,0,0,3793578,11066976,132307,5245,0,100,torch.float32,1f7c14ad5e7d7457222d5254d3d8d0a695d97954
FH-CONT,ddc73797-765b-241a-9e2c-097c5989baf6,scene0449_00-scene0449_04-scene0449_05-scene0449_03-scene0449_01,canonical,2,end_to_end_update,3,0000000000000000000000000000000000000000000000000000000000000000,1107.290834,593637376,2469620224,1875982848,13042188288,0,0,3793578,11066976,132307,5245,0,100,torch.float32,1f7c14ad5e7d7457222d5254d3d8d0a695d97954
FH-CONT,ddc73797-765b-241a-9e2c-097c5989baf6,scene0449_00-scene0449_04-scene0449_05-scene0449_03-scene0449_01,canonical,2,end_to_end_update,4,0000000000000000000000000000000000000000000000000000000000000000,1104.702588,593637376,2469611008,1875973632,13042188288,0,0,3793578,11066976,132307,5245,0,100,torch.float32,1f7c14ad5e7d7457222d5254d3d8d0a695d97954
FH-CONT,ddc73797-765b-241a-9e2c-097c5989baf6,scene0449_00-scene0449_04-scene0449_05-scene0449_03-scene0449_01,canonical,2,end_to_end_update,5,0000000000000000000000000000000000000000000000000000000000000000,1107.859282,593637376,2469611008,1875973632,13042188288,0,0,3793578,11066976,132307,5245,0,100,torch.float32,1f7c14ad5e7d7457222d5254d3d8d0a695d97954
FH-CONT,ddc73797-765b-241a-9e2c-097c5989baf6,scene0449_00-scene0449_04-scene0449_05-scene0449_03-scene0449_01,canonical,2,end_to_end_update,6,0000000000000000000000000000000000000000000000000000000000000000,1108.684134,593637376,2469609984,1875972608,13042188288,0,0,3793578,11066976,132307,5245,0,100,torch.float32,1f7c14ad5e7d7457222d5254d3d8d0a695d97954
FH-CONT,ddc73797-765b-241a-9e2c-097c5989baf6,scene0449_00-scene0449_04-scene0449_05-scene0449_03-scene0449_01,canonical,2,end_to_end_update,7,0000000000000000000000000000000000000000000000000000000000000000,1108.165599,593637376,2469621248,1875983872,13042188288,0,0,3793578,11066976,132307,5245,0,100,torch.float32,1f7c14ad5e7d7457222d5254d3d8d0a695d97954
FH-CONT,ddc73797-765b-241a-9e2c-097c5989baf6,scene0449_00-scene0449_04-scene0449_05-scene0449_03-scene0449_01,canonical,2,end_to_end_update,8,0000000000000000000000000000000000000000000000000000000000000000,1105.975715,593637376,2469619200,1875981824,13042188288,0,0,3793578,11066976,132307,5245,0,100,torch.float32,1f7c14ad5e7d7457222d5254d3d8d0a695d97954
FH-CONT,ddc73797-765b-241a-9e2c-097c5989baf6,scene0449_00-scene0449_04-scene0449_05-scene0449_03-scene0449_01,canonical,2,end_to_end_update,9,0000000000000000000000000000000000000000000000000000000000000000,1108.019774,593637376,2469611008,1875973632,13042188288,0,0,3793578,11066976,132307,5245,0,100,torch.float32,1f7c14ad5e7d7457222d5254d3d8d0a695d97954
FH-CONT,ddc73797-765b-241a-9e2c-097c5989baf6,scene0449_00-scene0449_04-scene0449_05-scene0449_03-scene0449_01,canonical,2,output_materialization,0,0000000000000000000000000000000000000000000000000000000000000000,10.539007,593637376,593637376,0,13042188288,0,0,3793578,11066976,132307,5245,0,100,torch.float32,1f7c14ad5e7d7457222d5254d3d8d0a695d97954
FH-CONT,ddc73797-765b-241a-9e2c-097c5989baf6,scene0449_00-scene0449_04-scene0449_05-scene0449_03-scene0449_01,canonical,2,output_materialization,1,0000000000000000000000000000000000000000000000000000000000000000,10.530669,593637376,593637376,0,13042188288,0,0,3793578,11066976,132307,5245,0,100,torch.float32,1f7c14ad5e7d7457222d5254d3d8d0a695d97954
FH-CONT,ddc73797-765b-241a-9e2c-097c5989baf6,scene0449_00-scene0449_04-scene0449_05-scene0449_03-scene0449_01,canonical,2,output_materialization,2,0000000000000000000000000000000000000000000000000000000000000000,10.355607,593637376,593637376,0,13042188288,0,0,3793578,11066976,132307,5245,0,100,torch.float32,1f7c14ad5e7d7457222d5254d3d8d0a695d97954
FH-CONT,ddc73797-765b-241a-9e2c-097c5989baf6,scene0449_00-scene0449_04-scene0449_05-scene0449_03-scene0449_01,canonical,2,output_materialization,3,0000000000000000000000000000000000000000000000000000000000000000,10.382837,593637376,593637376,0,13042188288,0,0,3793578,11066976,132307,5245,0,100,torch.float32,1f7c14ad5e7d7457222d5254d3d8d0a695d97954
FH-CONT,ddc73797-765b-241a-9e2c-097c5989baf6,scene0449_00-scene0449_04-scene0449_05-scene0449_03-scene0449_01,canonical,2,output_materialization,4,0000000000000000000000000000000000000000000000000000000000000000,10.333541,593637376,593637376,0,13042188288,0,0,3793578,11066976,132307,5245,0,100,torch.float32,1f7c14ad5e7d7457222d5254d3d8d0a695d97954
FH-CONT,ddc73797-765b-241a-9e2c-097c5989baf6,scene0449_00-scene0449_04-scene0449_05-scene0449_03-scene0449_01,canonical,2,output_materialization,5,0000000000000000000000000000000000000000000000000000000000000000,10.365665,593637376,593637376,0,13042188288,0,0,3793578,11066976,132307,5245,0,100,torch.float32,1f7c14ad5e7d7457222d5254d3d8d0a695d97954
FH-CONT,ddc73797-765b-241a-9e2c-097c5989baf6,scene0449_00-scene0449_04-scene0449_05-scene0449_03-scene0449_01,canonical,2,output_materialization,6,0000000000000000000000000000000000000000000000000000000000000000,10.267312,593637376,593637376,0,13042188288,0,0,3793578,11066976,132307,5245,0,100,torch.float32,1f7c14ad5e7d7457222d5254d3d8d0a695d97954
FH-CONT,ddc73797-765b-241a-9e2c-097c5989baf6,scene0449_00-scene0449_04-scene0449_05-scene0449_03-scene0449_01,canonical,2,output_materialization,7,0000000000000000000000000000000000000000000000000000000000000000,10.395372,593637376,593637376,0,13042188288,0,0,3793578,11066976,132307,5245,0,100,torch.float32,1f7c14ad5e7d7457222d5254d3d8d0a695d97954
FH-CONT,ddc73797-765b-241a-9e2c-097c5989baf6,scene0449_00-scene0449_04-scene0449_05-scene0449_03-scene0449_01,canonical,2,output_materialization,8,0000000000000000000000000000000000000000000000000000000000000000,10.276077,593637376,593637376,0,13042188288,0,0,3793578,11066976,132307,5245,0,100,torch.float32,1f7c14ad5e7d7457222d5254d3d8d0a695d97954
FH-CONT,ddc73797-765b-241a-9e2c-097c5989baf6,scene0449_00-scene0449_04-scene0449_05-scene0449_03-scene0449_01,canonical,2,output_materialization,9,0000000000000000000000000000000000000000000000000000000000000000,10.131805,593637376,593637376,0,13042188288,0,0,3793578,11066976,132307,5245,0,100,torch.float32,1f7c14ad5e7d7457222d5254d3d8d0a695d97954
FH-CONT,ddc73797-765b-241a-9e2c-097c5989baf6,scene0449_00-scene0449_04-scene0449_05-scene0449_03-scene0449_01,canonical,2,cumulative_T1_to_T,0,0000000000000000000000000000000000000000000000000000000000000000,1742.789191,593637376,2469979648,1876342272,13042188288,0,0,3793578,11066976,132307,5245,0,100,torch.float32,1f7c14ad5e7d7457222d5254d3d8d0a695d97954
FH-CONT,ddc73797-765b-241a-9e2c-097c5989baf6,scene0449_00-scene0449_04-scene0449_05-scene0449_03-scene0449_01,canonical,2,cumulative_T1_to_T,1,0000000000000000000000000000000000000000000000000000000000000000,1752.291273,593637376,2469917696,1876280320,13042188288,0,0,3793578,11066976,132307,5245,0,100,torch.float32,1f7c14ad5e7d7457222d5254d3d8d0a695d97954
FH-CONT,ddc73797-765b-241a-9e2c-097c5989baf6,scene0449_00-scene0449_04-scene0449_05-scene0449_03-scene0449_01,canonical,2,cumulative_T1_to_T,2,0000000000000000000000000000000000000000000000000000000000000000,1744.36313,593637376,2469917696,1876280320,13042188288,0,0,3793578,11066976,132307,5245,0,100,torch.float32,1f7c14ad5e7d7457222d5254d3d8d0a695d97954
FH-CONT,ddc73797-765b-241a-9e2c-097c5989baf6,scene0449_00-scene0449_04-scene0449_05-scene0449_03-scene0449_01,canonical,2,cumulative_T1_to_T,3,0000000000000000000000000000000000000000000000000000000000000000,1763.657085,593637376,2469923840,1876286464,13042188288,0,0,3793578,11066976,132307,5245,0,100,torch.float32,1f7c14ad5e7d7457222d5254d3d8d0a695d97954
FH-CONT,ddc73797-765b-241a-9e2c-097c5989baf6,scene0449_00-scene0449_04-scene0449_05-scene0449_03-scene0449_01,canonical,2,cumulative_T1_to_T,4,0000000000000000000000000000000000000000000000000000000000000000,1745.087958,593637376,2469979648,1876342272,13042188288,0,0,3793578,11066976,132307,5245,0,100,torch.float32,1f7c14ad5e7d7457222d5254d3d8d0a695d97954
FH-CONT,ddc73797-765b-241a-9e2c-097c5989baf6,scene0449_00-scene0449_04-scene0449_05-scene0449_03-scene0449_01,canonical,2,cumulative_T1_to_T,5,0000000000000000000000000000000000000000000000000000000000000000,1754.405935,593637376,2469923840,1876286464,13042188288,0,0,3793578,11066976,132307,5245,0,100,torch.float32,1f7c14ad5e7d7457222d5254d3d8d0a695d97954
FH-CONT,ddc73797-765b-241a-9e2c-097c5989baf6,scene0449_00-scene0449_04-scene0449_05-scene0449_03-scene0449_01,canonical,2,cumulative_T1_to_T,6,0000000000000000000000000000000000000000000000000000000000000000,1749.982229,593637376,2469914624,1876277248,13042188288,0,0,3793578,11066976,132307,5245,0,100,torch.float32,1f7c14ad5e7d7457222d5254d3d8d0a695d97954
FH-CONT,ddc73797-765b-241a-9e2c-097c5989baf6,scene0449_00-scene0449_04-scene0449_05-scene0449_03-scene0449_01,canonical,2,cumulative_T1_to_T,7,0000000000000000000000000000000000000000000000000000000000000000,1764.784314,593637376,2469906432,1876269056,13042188288,0,0,3793578,11066976,132307,5245,0,100,torch.float32,1f7c14ad5e7d7457222d5254d3d8d0a695d97954
FH-CONT,ddc73797-765b-241a-9e2c-097c5989baf6,scene0449_00-scene0449_04-scene0449_05-scene0449_03-scene0449_01,canonical,2,cumulative_T1_to_T,8,0000000000000000000000000000000000000000000000000000000000000000,1742.901871,593637376,2469923840,1876286464,13042188288,0,0,3793578,11066976,132307,5245,0,100,torch.float32,1f7c14ad5e7d7457222d5254d3d8d0a695d97954
FH-CONT,ddc73797-765b-241a-9e2c-097c5989baf6,scene0449_00-scene0449_04-scene0449_05-scene0449_03-scene0449_01,canonical,2,cumulative_T1_to_T,9,0000000000000000000000000000000000000000000000000000000000000000,1742.324595,593637376,2469911040,1876273664,13042188288,0,0,3793578,11066976,132307,5245,0,100,torch.float32,1f7c14ad5e7d7457222d5254d3d8d0a695d97954
FH-CONT,ddc73797-765b-241a-9e2c-097c5989baf6,scene0449_00-scene0449_04-scene0449_05-scene0449_03-scene0449_01,canonical,3,model_update,0,0000000000000000000000000000000000000000000000000000000000000000,1155.823254,593637376,3462762496,2869125120,13042188288,0,0,5932835,17138589,202932,8813,0,100,torch.float32,1f7c14ad5e7d7457222d5254d3d8d0a695d97954
FH-CONT,ddc73797-765b-241a-9e2c-097c5989baf6,scene0449_00-scene0449_04-scene0449_05-scene0449_03-scene0449_01,canonical,3,model_update,1,0000000000000000000000000000000000000000000000000000000000000000,1151.320312,593637376,3462810112,2869172736,13042188288,0,0,5932835,17138589,202932,8813,0,100,torch.float32,1f7c14ad5e7d7457222d5254d3d8d0a695d97954
FH-CONT,ddc73797-765b-241a-9e2c-097c5989baf6,scene0449_00-scene0449_04-scene0449_05-scene0449_03-scene0449_01,canonical,3,model_update,2,0000000000000000000000000000000000000000000000000000000000000000,1140.232901,593637376,3462786560,2869149184,13042188288,0,0,5932835,17138589,202932,8813,0,100,torch.float32,1f7c14ad5e7d7457222d5254d3d8d0a695d97954
FH-CONT,ddc73797-765b-241a-9e2c-097c5989baf6,scene0449_00-scene0449_04-scene0449_05-scene0449_03-scene0449_01,canonical,3,model_update,3,0000000000000000000000000000000000000000000000000000000000000000,1138.501216,593637376,3462718464,2869081088,13042188288,0,0,5932835,17138589,202932,8813,0,100,torch.float32,1f7c14ad5e7d7457222d5254d3d8d0a695d97954
FH-CONT,ddc73797-765b-241a-9e2c-097c5989baf6,scene0449_00-scene0449_04-scene0449_05-scene0449_03-scene0449_01,canonical,3,model_update,4,0000000000000000000000000000000000000000000000000000000000000000,1132.687775,593637376,3462819840,2869182464,13042188288,0,0,5932835,17138589,202932,8813,0,100,torch.float32,1f7c14ad5e7d7457222d5254d3d8d0a695d97954
FH-CONT,ddc73797-765b-241a-9e2c-097c5989baf6,scene0449_00-scene0449_04-scene0449_05-scene0449_03-scene0449_01,canonical,3,model_update,5,0000000000000000000000000000000000000000000000000000000000000000,1144.898589,593637376,3462901760,2869264384,13042188288,0,0,5932835,17138589,202932,8813,0,100,torch.float32,1f7c14ad5e7d7457222d5254d3d8d0a695d97954
FH-CONT,ddc73797-765b-241a-9e2c-097c5989baf6,scene0449_00-scene0449_04-scene0449_05-scene0449_03-scene0449_01,canonical,3,model_update,6,0000000000000000000000000000000000000000000000000000000000000000,1141.772499,593637376,3462872576,2869235200,13042188288,0,0,5932835,17138589,202932,8813,0,100,torch.float32,1f7c14ad5e7d7457222d5254d3d8d0a695d97954
FH-CONT,ddc73797-765b-241a-9e2c-097c5989baf6,scene0449_00-scene0449_04-scene0449_05-scene0449_03-scene0449_01,canonical,3,model_update,7,0000000000000000000000000000000000000000000000000000000000000000,1154.535532,593637376,3462791168,2869153792,13042188288,0,0,5932835,17138589,202932,8813,0,100,torch.float32,1f7c14ad5e7d7457222d5254d3d8d0a695d97954
FH-CONT,ddc73797-765b-241a-9e2c-097c5989baf6,scene0449_00-scene0449_04-scene0449_05-scene0449_03-scene0449_01,canonical,3,model_update,8,0000000000000000000000000000000000000000000000000000000000000000,1147.75702,593637376,3462762496,2869125120,13042188288,0,0,5932835,17138589,202932,8813,0,100,torch.float32,1f7c14ad5e7d7457222d5254d3d8d0a695d97954
FH-CONT,ddc73797-765b-241a-9e2c-097c5989baf6,scene0449_00-scene0449_04-scene0449_05-scene0449_03-scene0449_01,canonical,3,model_update,9,0000000000000000000000000000000000000000000000000000000000000000,1152.260178,593637376,3462728704,2869091328,13042188288,0,0,5932835,17138589,202932,8813,0,100,torch.float32,1f7c14ad5e7d7457222d5254d3d8d0a695d97954
FH-CONT,ddc73797-765b-241a-9e2c-097c5989baf6,scene0449_00-scene0449_04-scene0449_05-scene0449_03-scene0449_01,canonical,3,end_to_end_update,0,0000000000000000000000000000000000000000000000000000000000000000,1720.678591,593637376,3462863360,2869225984,13042188288,0,0,5932835,17138589,202932,8813,0,100,torch.float32,1f7c14ad5e7d7457222d5254d3d8d0a695d97954
FH-CONT,ddc73797-765b-241a-9e2c-097c5989baf6,scene0449_00-scene0449_04-scene0449_05-scene0449_03-scene0449_01,canonical,3,end_to_end_update,1,0000000000000000000000000000000000000000000000000000000000000000,1724.498893,593637376,3462781440,2869144064,13042188288,0,0,5932835,17138589,202932,8813,0,100,torch.float32,1f7c14ad5e7d7457222d5254d3d8d0a695d97954
FH-CONT,ddc73797-765b-241a-9e2c-097c5989baf6,scene0449_00-scene0449_04-scene0449_05-scene0449_03-scene0449_01,canonical,3,end_to_end_update,2,0000000000000000000000000000000000000000000000000000000000000000,1725.536419,593637376,3462781440,2869144064,13042188288,0,0,5932835,17138589,202932,8813,0,100,torch.float32,1f7c14ad5e7d7457222d5254d3d8d0a695d97954
FH-CONT,ddc73797-765b-241a-9e2c-097c5989baf6,scene0449_00-scene0449_04-scene0449_05-scene0449_03-scene0449_01,canonical,3,end_to_end_update,3,0000000000000000000000000000000000000000000000000000000000000000,1767.664685,593637376,3462771712,2869134336,13042188288,0,0,5932835,17138589,202932,8813,0,100,torch.float32,1f7c14ad5e7d7457222d5254d3d8d0a695d97954
FH-CONT,ddc73797-765b-241a-9e2c-097c5989baf6,scene0449_00-scene0449_04-scene0449_05-scene0449_03-scene0449_01,canonical,3,end_to_end_update,4,0000000000000000000000000000000000000000000000000000000000000000,1744.704011,593637376,3462886912,2869249536,13042188288,0,0,5932835,17138589,202932,8813,0,100,torch.float32,1f7c14ad5e7d7457222d5254d3d8d0a695d97954
FH-CONT,ddc73797-765b-241a-9e2c-097c5989baf6,scene0449_00-scene0449_04-scene0449_05-scene0449_03-scene0449_01,canonical,3,end_to_end_update,5,0000000000000000000000000000000000000000000000000000000000000000,1762.986633,593637376,3462685184,2869047808,13042188288,0,0,5932835,17138589,202932,8813,0,100,torch.float32,1f7c14ad5e7d7457222d5254d3d8d0a695d97954
FH-CONT,ddc73797-765b-241a-9e2c-097c5989baf6,scene0449_00-scene0449_04-scene0449_05-scene0449_03-scene0449_01,canonical,3,end_to_end_update,6,0000000000000000000000000000000000000000000000000000000000000000,1736.00209,593637376,3462795776,2869158400,13042188288,0,0,5932835,17138589,202932,8813,0,100,torch.float32,1f7c14ad5e7d7457222d5254d3d8d0a695d97954
FH-CONT,ddc73797-765b-241a-9e2c-097c5989baf6,scene0449_00-scene0449_04-scene0449_05-scene0449_03-scene0449_01,canonical,3,end_to_end_update,7,0000000000000000000000000000000000000000000000000000000000000000,1727.409232,593637376,3462873088,2869235712,13042188288,0,0,5932835,17138589,202932,8813,0,100,torch.float32,1f7c14ad5e7d7457222d5254d3d8d0a695d97954
FH-CONT,ddc73797-765b-241a-9e2c-097c5989baf6,scene0449_00-scene0449_04-scene0449_05-scene0449_03-scene0449_01,canonical,3,end_to_end_update,8,0000000000000000000000000000000000000000000000000000000000000000,1726.116866,593637376,3462795776,2869158400,13042188288,0,0,5932835,17138589,202932,8813,0,100,torch.float32,1f7c14ad5e7d7457222d5254d3d8d0a695d97954
FH-CONT,ddc73797-765b-241a-9e2c-097c5989baf6,scene0449_00-scene0449_04-scene0449_05-scene0449_03-scene0449_01,canonical,3,end_to_end_update,9,0000000000000000000000000000000000000000000000000000000000000000,1752.040875,593637376,3462819840,2869182464,13042188288,0,0,5932835,17138589,202932,8813,0,100,torch.float32,1f7c14ad5e7d7457222d5254d3d8d0a695d97954
FH-CONT,ddc73797-765b-241a-9e2c-097c5989baf6,scene0449_00-scene0449_04-scene0449_05-scene0449_03-scene0449_01,canonical,3,output_materialization,0,0000000000000000000000000000000000000000000000000000000000000000,12.001624,593637376,593637376,0,13042188288,0,0,5932835,17138589,202932,8813,0,100,torch.float32,1f7c14ad5e7d7457222d5254d3d8d0a695d97954
FH-CONT,ddc73797-765b-241a-9e2c-097c5989baf6,scene0449_00-scene0449_04-scene0449_05-scene0449_03-scene0449_01,canonical,3,output_materialization,1,0000000000000000000000000000000000000000000000000000000000000000,11.953918,593637376,593637376,0,13042188288,0,0,5932835,17138589,202932,8813,0,100,torch.float32,1f7c14ad5e7d7457222d5254d3d8d0a695d97954
FH-CONT,ddc73797-765b-241a-9e2c-097c5989baf6,scene0449_00-scene0449_04-scene0449_05-scene0449_03-scene0449_01,canonical,3,output_materialization,2,0000000000000000000000000000000000000000000000000000000000000000,12.10191,593637376,593637376,0,13042188288,0,0,5932835,17138589,202932,8813,0,100,torch.float32,1f7c14ad5e7d7457222d5254d3d8d0a695d97954
FH-CONT,ddc73797-765b-241a-9e2c-097c5989baf6,scene0449_00-scene0449_04-scene0449_05-scene0449_03-scene0449_01,canonical,3,output_materialization,3,0000000000000000000000000000000000000000000000000000000000000000,12.040111,593637376,593637376,0,13042188288,0,0,5932835,17138589,202932,8813,0,100,torch.float32,1f7c14ad5e7d7457222d5254d3d8d0a695d97954
FH-CONT,ddc73797-765b-241a-9e2c-097c5989baf6,scene0449_00-scene0449_04-scene0449_05-scene0449_03-scene0449_01,canonical,3,output_materialization,4,0000000000000000000000000000000000000000000000000000000000000000,11.971082,593637376,593637376,0,13042188288,0,0,5932835,17138589,202932,8813,0,100,torch.float32,1f7c14ad5e7d7457222d5254d3d8d0a695d97954
FH-CONT,ddc73797-765b-241a-9e2c-097c5989baf6,scene0449_00-scene0449_04-scene0449_05-scene0449_03-scene0449_01,canonical,3,output_materialization,5,0000000000000000000000000000000000000000000000000000000000000000,12.069858,593637376,593637376,0,13042188288,0,0,5932835,17138589,202932,8813,0,100,torch.float32,1f7c14ad5e7d7457222d5254d3d8d0a695d97954
FH-CONT,ddc73797-765b-241a-9e2c-097c5989baf6,scene0449_00-scene0449_04-scene0449_05-scene0449_03-scene0449_01,canonical,3,output_materialization,6,0000000000000000000000000000000000000000000000000000000000000000,11.631298,593637376,593637376,0,13042188288,0,0,5932835,17138589,202932,8813,0,100,torch.float32,1f7c14ad5e7d7457222d5254d3d8d0a695d97954
FH-CONT,ddc73797-765b-241a-9e2c-097c5989baf6,scene0449_00-scene0449_04-scene0449_05-scene0449_03-scene0449_01,canonical,3,output_materialization,7,0000000000000000000000000000000000000000000000000000000000000000,11.593668,593637376,593637376,0,13042188288,0,0,5932835,17138589,202932,8813,0,100,torch.float32,1f7c14ad5e7d7457222d5254d3d8d0a695d97954
FH-CONT,ddc73797-765b-241a-9e2c-097c5989baf6,scene0449_00-scene0449_04-scene0449_05-scene0449_03-scene0449_01,canonical,3,output_materialization,8,0000000000000000000000000000000000000000000000000000000000000000,11.382411,593637376,593637376,0,13042188288,0,0,5932835,17138589,202932,8813,0,100,torch.float32,1f7c14ad5e7d7457222d5254d3d8d0a695d97954
FH-CONT,ddc73797-765b-241a-9e2c-097c5989baf6,scene0449_00-scene0449_04-scene0449_05-scene0449_03-scene0449_01,canonical,3,output_materialization,9,0000000000000000000000000000000000000000000000000000000000000000,11.43232,593637376,593637376,0,13042188288,0,0,5932835,17138589,202932,8813,0,100,torch.float32,1f7c14ad5e7d7457222d5254d3d8d0a695d97954
FH-CONT,ddc73797-765b-241a-9e2c-097c5989baf6,scene0449_00-scene0449_04-scene0449_05-scene0449_03-scene0449_01,canonical,3,cumulative_T1_to_T,0,0000000000000000000000000000000000000000000000000000000000000000,3560.213692,593637376,3462391808,2868754432,13042188288,0,0,5932835,17138589,202932,8813,0,100,torch.float32,1f7c14ad5e7d7457222d5254d3d8d0a695d97954
FH-CONT,ddc73797-765b-241a-9e2c-097c5989baf6,scene0449_00-scene0449_04-scene0449_05-scene0449_03-scene0449_01,canonical,3,cumulative_T1_to_T,1,0000000000000000000000000000000000000000000000000000000000000000,3524.13329,593637376,3462417920,2868780544,13042188288,0,0,5932835,17138589,202932,8813,0,100,torch.float32,1f7c14ad5e7d7457222d5254d3d8d0a695d97954
FH-CONT,ddc73797-765b-241a-9e2c-097c5989baf6,scene0449_00-scene0449_04-scene0449_05-scene0449_03-scene0449_01,canonical,3,cumulative_T1_to_T,2,0000000000000000000000000000000000000000000000000000000000000000,3612.73985,593637376,3462460928,2868823552,13042188288,0,0,5932835,17138589,202932,8813,0,100,torch.float32,1f7c14ad5e7d7457222d5254d3d8d0a695d97954
FH-CONT,ddc73797-765b-241a-9e2c-097c5989baf6,scene0449_00-scene0449_04-scene0449_05-scene0449_03-scene0449_01,canonical,3,cumulative_T1_to_T,3,0000000000000000000000000000000000000000000000000000000000000000,4100.044111,593637376,3462396928,2868759552,13042188288,0,0,5932835,17138589,202932,8813,0,100,torch.float32,1f7c14ad5e7d7457222d5254d3d8d0a695d97954
FH-CONT,ddc73797-765b-241a-9e2c-097c5989baf6,scene0449_00-scene0449_04-scene0449_05-scene0449_03-scene0449_01,canonical,3,cumulative_T1_to_T,4,0000000000000000000000000000000000000000000000000000000000000000,3518.714411,593637376,3462397440,2868760064,13042188288,0,0,5932835,17138589,202932,8813,0,100,torch.float32,1f7c14ad5e7d7457222d5254d3d8d0a695d97954
FH-CONT,ddc73797-765b-241a-9e2c-097c5989baf6,scene0449_00-scene0449_04-scene0449_05-scene0449_03-scene0449_01,canonical,3,cumulative_T1_to_T,5,0000000000000000000000000000000000000000000000000000000000000000,3526.743941,593637376,3462412800,2868775424,13042188288,0,0,5932835,17138589,202932,8813,0,100,torch.float32,1f7c14ad5e7d7457222d5254d3d8d0a695d97954
FH-CONT,ddc73797-765b-241a-9e2c-097c5989baf6,scene0449_00-scene0449_04-scene0449_05-scene0449_03-scene0449_01,canonical,3,cumulative_T1_to_T,6,0000000000000000000000000000000000000000000000000000000000000000,3487.356216,593637376,3462503424,2868866048,13042188288,0,0,5932835,17138589,202932,8813,0,100,torch.float32,1f7c14ad5e7d7457222d5254d3d8d0a695d97954
FH-CONT,ddc73797-765b-241a-9e2c-097c5989baf6,scene0449_00-scene0449_04-scene0449_05-scene0449_03-scene0449_01,canonical,3,cumulative_T1_to_T,7,0000000000000000000000000000000000000000000000000000000000000000,3500.700414,593637376,3462487552,2868850176,13042188288,0,0,5932835,17138589,202932,8813,0,100,torch.float32,1f7c14ad5e7d7457222d5254d3d8d0a695d97954
FH-CONT,ddc73797-765b-241a-9e2c-097c5989baf6,scene0449_00-scene0449_04-scene0449_05-scene0449_03-scene0449_01,canonical,3,cumulative_T1_to_T,8,0000000000000000000000000000000000000000000000000000000000000000,3592.80235,593637376,3462375936,2868738560,13042188288,0,0,5932835,17138589,202932,8813,0,100,torch.float32,1f7c14ad5e7d7457222d5254d3d8d0a695d97954
FH-CONT,ddc73797-765b-241a-9e2c-097c5989baf6,scene0449_00-scene0449_04-scene0449_05-scene0449_03-scene0449_01,canonical,3,cumulative_T1_to_T,9,0000000000000000000000000000000000000000000000000000000000000000,3538.349044,593637376,3462439936,2868802560,13042188288,0,0,5932835,17138589,202932,8813,0,100,torch.float32,1f7c14ad5e7d7457222d5254d3d8d0a695d97954
FH-CONT,ddc73797-765b-241a-9e2c-097c5989baf6,scene0449_00-scene0449_04-scene0449_05-scene0449_03-scene0449_01,canonical,4,model_update,0,0000000000000000000000000000000000000000000000000000000000000000,1302.56433,593637376,3806160896,3212523520,13042188288,0,0,6648121,18967194,227548,9851,0,100,torch.float32,1f7c14ad5e7d7457222d5254d3d8d0a695d97954
FH-CONT,ddc73797-765b-241a-9e2c-097c5989baf6,scene0449_00-scene0449_04-scene0449_05-scene0449_03-scene0449_01,canonical,4,model_update,1,0000000000000000000000000000000000000000000000000000000000000000,1299.420432,593637376,3805782016,3212144640,13042188288,0,0,6648121,18967194,227548,9851,0,100,torch.float32,1f7c14ad5e7d7457222d5254d3d8d0a695d97954
FH-CONT,ddc73797-765b-241a-9e2c-097c5989baf6,scene0449_00-scene0449_04-scene0449_05-scene0449_03-scene0449_01,canonical,4,model_update,2,0000000000000000000000000000000000000000000000000000000000000000,1363.791103,593637376,3806146560,3212509184,13042188288,0,0,6648121,18967194,227548,9851,0,100,torch.float32,1f7c14ad5e7d7457222d5254d3d8d0a695d97954
FH-CONT,ddc73797-765b-241a-9e2c-097c5989baf6,scene0449_00-scene0449_04-scene0449_05-scene0449_03-scene0449_01,canonical,4,model_update,3,0000000000000000000000000000000000000000000000000000000000000000,1313.74359,593637376,3805727744,3212090368,13042188288,0,0,6648121,18967194,227548,9851,0,100,torch.float32,1f7c14ad5e7d7457222d5254d3d8d0a695d97954
FH-CONT,ddc73797-765b-241a-9e2c-097c5989baf6,scene0449_00-scene0449_04-scene0449_05-scene0449_03-scene0449_01,canonical,4,model_update,4,0000000000000000000000000000000000000000000000000000000000000000,1282.824187,593637376,3806111232,3212473856,13042188288,0,0,6648121,18967194,227548,9851,0,100,torch.float32,1f7c14ad5e7d7457222d5254d3d8d0a695d97954
FH-CONT,ddc73797-765b-241a-9e2c-097c5989baf6,scene0449_00-scene0449_04-scene0449_05-scene0449_03-scene0449_01,canonical,4,model_update,5,0000000000000000000000000000000000000000000000000000000000000000,1284.885422,593637376,3805787136,3212149760,13042188288,0,0,6648121,18967194,227548,9851,0,100,torch.float32,1f7c14ad5e7d7457222d5254d3d8d0a695d97954
FH-CONT,ddc73797-765b-241a-9e2c-097c5989baf6,scene0449_00-scene0449_04-scene0449_05-scene0449_03-scene0449_01,canonical,4,model_update,6,0000000000000000000000000000000000000000000000000000000000000000,1278.815322,593637376,3806146560,3212509184,13042188288,0,0,6648121,18967194,227548,9851,0,100,torch.float32,1f7c14ad5e7d7457222d5254d3d8d0a695d97954
FH-CONT,ddc73797-765b-241a-9e2c-097c5989baf6,scene0449_00-scene0449_04-scene0449_05-scene0449_03-scene0449_01,canonical,4,model_update,7,0000000000000000000000000000000000000000000000000000000000000000,1280.41358,593637376,3806106624,3212469248,13042188288,0,0,6648121,18967194,227548,9851,0,100,torch.float32,1f7c14ad5e7d7457222d5254d3d8d0a695d97954
FH-CONT,ddc73797-765b-241a-9e2c-097c5989baf6,scene0449_00-scene0449_04-scene0449_05-scene0449_03-scene0449_01,canonical,4,model_update,8,0000000000000000000000000000000000000000000000000000000000000000,1279.2779,593637376,3806097408,3212460032,13042188288,0,0,6648121,18967194,227548,9851,0,100,torch.float32,1f7c14ad5e7d7457222d5254d3d8d0a695d97954
FH-CONT,ddc73797-765b-241a-9e2c-097c5989baf6,scene0449_00-scene0449_04-scene0449_05-scene0449_03-scene0449_01,canonical,4,model_update,9,0000000000000000000000000000000000000000000000000000000000000000,1279.727442,593637376,3806146560,3212509184,13042188288,0,0,6648121,18967194,227548,9851,0,100,torch.float32,1f7c14ad5e7d7457222d5254d3d8d0a695d97954
FH-CONT,ddc73797-765b-241a-9e2c-097c5989baf6,scene0449_00-scene0449_04-scene0449_05-scene0449_03-scene0449_01,canonical,4,end_to_end_update,0,0000000000000000000000000000000000000000000000000000000000000000,1966.055835,593637376,3806145536,3212508160,13042188288,0,0,6648121,18967194,227548,9851,0,100,torch.float32,1f7c14ad5e7d7457222d5254d3d8d0a695d97954
FH-CONT,ddc73797-765b-241a-9e2c-097c5989baf6,scene0449_00-scene0449_04-scene0449_05-scene0449_03-scene0449_01,canonical,4,end_to_end_update,1,0000000000000000000000000000000000000000000000000000000000000000,2355.315163,593637376,3805747712,3212110336,13042188288,0,0,6648121,18967194,227548,9851,0,100,torch.float32,1f7c14ad5e7d7457222d5254d3d8d0a695d97954
FH-CONT,ddc73797-765b-241a-9e2c-097c5989baf6,scene0449_00-scene0449_04-scene0449_05-scene0449_03-scene0449_01,canonical,4,end_to_end_update,2,0000000000000000000000000000000000000000000000000000000000000000,2274.390061,593637376,3805736960,3212099584,13042188288,0,0,6648121,18967194,227548,9851,0,100,torch.float32,1f7c14ad5e7d7457222d5254d3d8d0a695d97954
FH-CONT,ddc73797-765b-241a-9e2c-097c5989baf6,scene0449_00-scene0449_04-scene0449_05-scene0449_03-scene0449_01,canonical,4,end_to_end_update,3,0000000000000000000000000000000000000000000000000000000000000000,2023.375981,593637376,3806156288,3212518912,13042188288,0,0,6648121,18967194,227548,9851,0,100,torch.float32,1f7c14ad5e7d7457222d5254d3d8d0a695d97954
FH-CONT,ddc73797-765b-241a-9e2c-097c5989baf6,scene0449_00-scene0449_04-scene0449_05-scene0449_03-scene0449_01,canonical,4,end_to_end_update,4,0000000000000000000000000000000000000000000000000000000000000000,2288.177356,593637376,3805797376,3212160000,13042188288,0,0,6648121,18967194,227548,9851,0,100,torch.float32,1f7c14ad5e7d7457222d5254d3d8d0a695d97954
FH-CONT,ddc73797-765b-241a-9e2c-097c5989baf6,scene0449_00-scene0449_04-scene0449_05-scene0449_03-scene0449_01,canonical,4,end_to_end_update,5,0000000000000000000000000000000000000000000000000000000000000000,2104.144639,593637376,3805752320,3212114944,13042188288,0,0,6648121,18967194,227548,9851,0,100,torch.float32,1f7c14ad5e7d7457222d5254d3d8d0a695d97954
FH-CONT,ddc73797-765b-241a-9e2c-097c5989baf6,scene0449_00-scene0449_04-scene0449_05-scene0449_03-scene0449_01,canonical,4,end_to_end_update,6,0000000000000000000000000000000000000000000000000000000000000000,1961.503966,593637376,3806145536,3212508160,13042188288,0,0,6648121,18967194,227548,9851,0,100,torch.float32,1f7c14ad5e7d7457222d5254d3d8d0a695d97954
FH-CONT,ddc73797-765b-241a-9e2c-097c5989baf6,scene0449_00-scene0449_04-scene0449_05-scene0449_03-scene0449_01,canonical,4,end_to_end_update,7,0000000000000000000000000000000000000000000000000000000000000000,1956.853774,593637376,3806087168,3212449792,13042188288,0,0,6648121,18967194,227548,9851,0,100,torch.float32,1f7c14ad5e7d7457222d5254d3d8d0a695d97954
FH-CONT,ddc73797-765b-241a-9e2c-097c5989baf6,scene0449_00-scene0449_04-scene0449_05-scene0449_03-scene0449_01,canonical,4,end_to_end_update,8,0000000000000000000000000000000000000000000000000000000000000000,1933.239113,593637376,3806151168,3212513792,13042188288,0,0,6648121,18967194,227548,9851,0,100,torch.float32,1f7c14ad5e7d7457222d5254d3d8d0a695d97954
FH-CONT,ddc73797-765b-241a-9e2c-097c5989baf6,scene0449_00-scene0449_04-scene0449_05-scene0449_03-scene0449_01,canonical,4,end_to_end_update,9,0000000000000000000000000000000000000000000000000000000000000000,1951.351199,593637376,3805771776,3212134400,13042188288,0,0,6648121,18967194,227548,9851,0,100,torch.float32,1f7c14ad5e7d7457222d5254d3d8d0a695d97954
FH-CONT,ddc73797-765b-241a-9e2c-097c5989baf6,scene0449_00-scene0449_04-scene0449_05-scene0449_03-scene0449_01,canonical,4,output_materialization,0,0000000000000000000000000000000000000000000000000000000000000000,13.097628,593637376,593637376,0,13042188288,0,0,6648121,18967194,227548,9851,0,100,torch.float32,1f7c14ad5e7d7457222d5254d3d8d0a695d97954
FH-CONT,ddc73797-765b-241a-9e2c-097c5989baf6,scene0449_00-scene0449_04-scene0449_05-scene0449_03-scene0449_01,canonical,4,output_materialization,1,0000000000000000000000000000000000000000000000000000000000000000,13.022909,593637376,593637376,0,13042188288,0,0,6648121,18967194,227548,9851,0,100,torch.float32,1f7c14ad5e7d7457222d5254d3d8d0a695d97954
FH-CONT,ddc73797-765b-241a-9e2c-097c5989baf6,scene0449_00-scene0449_04-scene0449_05-scene0449_03-scene0449_01,canonical,4,output_materialization,2,0000000000000000000000000000000000000000000000000000000000000000,13.042014,593637376,593637376,0,13042188288,0,0,6648121,18967194,227548,9851,0,100,torch.float32,1f7c14ad5e7d7457222d5254d3d8d0a695d97954
FH-CONT,ddc73797-765b-241a-9e2c-097c5989baf6,scene0449_00-scene0449_04-scene0449_05-scene0449_03-scene0449_01,canonical,4,output_materialization,3,0000000000000000000000000000000000000000000000000000000000000000,13.022424,593637376,593637376,0,13042188288,0,0,6648121,18967194,227548,9851,0,100,torch.float32,1f7c14ad5e7d7457222d5254d3d8d0a695d97954
FH-CONT,ddc73797-765b-241a-9e2c-097c5989baf6,scene0449_00-scene0449_04-scene0449_05-scene0449_03-scene0449_01,canonical,4,output_materialization,4,0000000000000000000000000000000000000000000000000000000000000000,13.028288,593637376,593637376,0,13042188288,0,0,6648121,18967194,227548,9851,0,100,torch.float32,1f7c14ad5e7d7457222d5254d3d8d0a695d97954
FH-CONT,ddc73797-765b-241a-9e2c-097c5989baf6,scene0449_00-scene0449_04-scene0449_05-scene0449_03-scene0449_01,canonical,4,output_materialization,5,0000000000000000000000000000000000000000000000000000000000000000,13.19304,593637376,593637376,0,13042188288,0,0,6648121,18967194,227548,9851,0,100,torch.float32,1f7c14ad5e7d7457222d5254d3d8d0a695d97954
FH-CONT,ddc73797-765b-241a-9e2c-097c5989baf6,scene0449_00-scene0449_04-scene0449_05-scene0449_03-scene0449_01,canonical,4,output_materialization,6,0000000000000000000000000000000000000000000000000000000000000000,13.07662,593637376,593637376,0,13042188288,0,0,6648121,18967194,227548,9851,0,100,torch.float32,1f7c14ad5e7d7457222d5254d3d8d0a695d97954
FH-CONT,ddc73797-765b-241a-9e2c-097c5989baf6,scene0449_00-scene0449_04-scene0449_05-scene0449_03-scene0449_01,canonical,4,output_materialization,7,0000000000000000000000000000000000000000000000000000000000000000,13.915659,593637376,593637376,0,13042188288,0,0,6648121,18967194,227548,9851,0,100,torch.float32,1f7c14ad5e7d7457222d5254d3d8d0a695d97954
FH-CONT,ddc73797-765b-241a-9e2c-097c5989baf6,scene0449_00-scene0449_04-scene0449_05-scene0449_03-scene0449_01,canonical,4,output_materialization,8,0000000000000000000000000000000000000000000000000000000000000000,13.664423,593637376,593637376,0,13042188288,0,0,6648121,18967194,227548,9851,0,100,torch.float32,1f7c14ad5e7d7457222d5254d3d8d0a695d97954
FH-CONT,ddc73797-765b-241a-9e2c-097c5989baf6,scene0449_00-scene0449_04-scene0449_05-scene0449_03-scene0449_01,canonical,4,output_materialization,9,0000000000000000000000000000000000000000000000000000000000000000,13.778119,593637376,593637376,0,13042188288,0,0,6648121,18967194,227548,9851,0,100,torch.float32,1f7c14ad5e7d7457222d5254d3d8d0a695d97954
FH-CONT,ddc73797-765b-241a-9e2c-097c5989baf6,scene0449_00-scene0449_04-scene0449_05-scene0449_03-scene0449_01,canonical,4,cumulative_T1_to_T,0,0000000000000000000000000000000000000000000000000000000000000000,7272.183174,593637376,3806751744,3213114368,13042188288,0,0,6648121,18967194,227548,9851,0,100,torch.float32,1f7c14ad5e7d7457222d5254d3d8d0a695d97954
FH-CONT,ddc73797-765b-241a-9e2c-097c5989baf6,scene0449_00-scene0449_04-scene0449_05-scene0449_03-scene0449_01,canonical,4,cumulative_T1_to_T,1,0000000000000000000000000000000000000000000000000000000000000000,6323.97128,593637376,3807507456,3213870080,13042188288,0,0,6648121,18967194,227548,9851,0,100,torch.float32,1f7c14ad5e7d7457222d5254d3d8d0a695d97954
FH-CONT,ddc73797-765b-241a-9e2c-097c5989baf6,scene0449_00-scene0449_04-scene0449_05-scene0449_03-scene0449_01,canonical,4,cumulative_T1_to_T,2,0000000000000000000000000000000000000000000000000000000000000000,8551.449082,593637376,3807477248,3213839872,13042188288,0,0,6648121,18967194,227548,9851,0,100,torch.float32,1f7c14ad5e7d7457222d5254d3d8d0a695d97954
FH-CONT,ddc73797-765b-241a-9e2c-097c5989baf6,scene0449_00-scene0449_04-scene0449_05-scene0449_03-scene0449_01,canonical,4,cumulative_T1_to_T,3,0000000000000000000000000000000000000000000000000000000000000000,7684.594852,593637376,3806744064,3213106688,13042188288,0,0,6648121,18967194,227548,9851,0,100,torch.float32,1f7c14ad5e7d7457222d5254d3d8d0a695d97954
FH-CONT,ddc73797-765b-241a-9e2c-097c5989baf6,scene0449_00-scene0449_04-scene0449_05-scene0449_03-scene0449_01,canonical,4,cumulative_T1_to_T,4,0000000000000000000000000000000000000000000000000000000000000000,6908.183558,593637376,3807495168,3213857792,13042188288,0,0,6648121,18967194,227548,9851,0,100,torch.float32,1f7c14ad5e7d7457222d5254d3d8d0a695d97954
FH-CONT,ddc73797-765b-241a-9e2c-097c5989baf6,scene0449_00-scene0449_04-scene0449_05-scene0449_03-scene0449_01,canonical,4,cumulative_T1_to_T,5,0000000000000000000000000000000000000000000000000000000000000000,6676.184356,593637376,3806751744,3213114368,13042188288,0,0,6648121,18967194,227548,9851,0,100,torch.float32,1f7c14ad5e7d7457222d5254d3d8d0a695d97954
FH-CONT,ddc73797-765b-241a-9e2c-097c5989baf6,scene0449_00-scene0449_04-scene0449_05-scene0449_03-scene0449_01,canonical,4,cumulative_T1_to_T,6,0000000000000000000000000000000000000000000000000000000000000000,5755.309367,593637376,3807542784,3213905408,13042188288,0,0,6648121,18967194,227548,9851,0,100,torch.float32,1f7c14ad5e7d7457222d5254d3d8d0a695d97954
FH-CONT,ddc73797-765b-241a-9e2c-097c5989baf6,scene0449_00-scene0449_04-scene0449_05-scene0449_03-scene0449_01,canonical,4,cumulative_T1_to_T,7,0000000000000000000000000000000000000000000000000000000000000000,5884.91417,593637376,3805623296,3211985920,13042188288,0,0,6648121,18967194,227548,9851,0,100,torch.float32,1f7c14ad5e7d7457222d5254d3d8d0a695d97954
FH-CONT,ddc73797-765b-241a-9e2c-097c5989baf6,scene0449_00-scene0449_04-scene0449_05-scene0449_03-scene0449_01,canonical,4,cumulative_T1_to_T,8,0000000000000000000000000000000000000000000000000000000000000000,6183.75311,593637376,3807435264,3213797888,13042188288,0,0,6648121,18967194,227548,9851,0,100,torch.float32,1f7c14ad5e7d7457222d5254d3d8d0a695d97954
FH-CONT,ddc73797-765b-241a-9e2c-097c5989baf6,scene0449_00-scene0449_04-scene0449_05-scene0449_03-scene0449_01,canonical,4,cumulative_T1_to_T,9,0000000000000000000000000000000000000000000000000000000000000000,6720.73959,593637376,3806723584,3213086208,13042188288,0,0,6648121,18967194,227548,9851,0,100,torch.float32,1f7c14ad5e7d7457222d5254d3d8d0a695d97954
FH-CONT,ddc73797-765b-241a-9e2c-097c5989baf6,scene0449_00-scene0449_04-scene0449_05-scene0449_03-scene0449_01,canonical,5,model_update,0,0000000000000000000000000000000000000000000000000000000000000000,1669.368564,593637376,4019453440,3425816064,13042188288,0,0,7368901,20996695,246660,11965,0,100,torch.float32,1f7c14ad5e7d7457222d5254d3d8d0a695d97954
FH-CONT,ddc73797-765b-241a-9e2c-097c5989baf6,scene0449_00-scene0449_04-scene0449_05-scene0449_03-scene0449_01,canonical,5,model_update,1,0000000000000000000000000000000000000000000000000000000000000000,1608.730601,593637376,4019283968,3425646592,13042188288,0,0,7368901,20996695,246660,11965,0,100,torch.float32,1f7c14ad5e7d7457222d5254d3d8d0a695d97954
FH-CONT,ddc73797-765b-241a-9e2c-097c5989baf6,scene0449_00-scene0449_04-scene0449_05-scene0449_03-scene0449_01,canonical,5,model_update,2,0000000000000000000000000000000000000000000000000000000000000000,1690.822463,593637376,4019506176,3425868800,13042188288,0,0,7368901,20996695,246660,11965,0,100,torch.float32,1f7c14ad5e7d7457222d5254d3d8d0a695d97954
FH-CONT,ddc73797-765b-241a-9e2c-097c5989baf6,scene0449_00-scene0449_04-scene0449_05-scene0449_03-scene0449_01,canonical,5,model_update,3,0000000000000000000000000000000000000000000000000000000000000000,1552.562553,593637376,4019395072,3425757696,13042188288,0,0,7368901,20996695,246660,11965,0,100,torch.float32,1f7c14ad5e7d7457222d5254d3d8d0a695d97954
FH-CONT,ddc73797-765b-241a-9e2c-097c5989baf6,scene0449_00-scene0449_04-scene0449_05-scene0449_03-scene0449_01,canonical,5,model_update,4,0000000000000000000000000000000000000000000000000000000000000000,1425.587319,593637376,4019384320,3425746944,13042188288,0,0,7368901,20996695,246660,11965,0,100,torch.float32,1f7c14ad5e7d7457222d5254d3d8d0a695d97954
FH-CONT,ddc73797-765b-241a-9e2c-097c5989baf6,scene0449_00-scene0449_04-scene0449_05-scene0449_03-scene0449_01,canonical,5,model_update,5,0000000000000000000000000000000000000000000000000000000000000000,1421.974177,593637376,4019267584,3425630208,13042188288,0,0,7368901,20996695,246660,11965,0,100,torch.float32,1f7c14ad5e7d7457222d5254d3d8d0a695d97954
FH-CONT,ddc73797-765b-241a-9e2c-097c5989baf6,scene0449_00-scene0449_04-scene0449_05-scene0449_03-scene0449_01,canonical,5,model_update,6,0000000000000000000000000000000000000000000000000000000000000000,1382.663663,593637376,4019341824,3425704448,13042188288,0,0,7368901,20996695,246660,11965,0,100,torch.float32,1f7c14ad5e7d7457222d5254d3d8d0a695d97954
FH-CONT,ddc73797-765b-241a-9e2c-097c5989baf6,scene0449_00-scene0449_04-scene0449_05-scene0449_03-scene0449_01,canonical,5,model_update,7,0000000000000000000000000000000000000000000000000000000000000000,1718.913765,593637376,4019405824,3425768448,13042188288,0,0,7368901,20996695,246660,11965,0,100,torch.float32,1f7c14ad5e7d7457222d5254d3d8d0a695d97954
FH-CONT,ddc73797-765b-241a-9e2c-097c5989baf6,scene0449_00-scene0449_04-scene0449_05-scene0449_03-scene0449_01,canonical,5,model_update,8,0000000000000000000000000000000000000000000000000000000000000000,1526.399034,593637376,4019198464,3425561088,13042188288,0,0,7368901,20996695,246660,11965,0,100,torch.float32,1f7c14ad5e7d7457222d5254d3d8d0a695d97954
FH-CONT,ddc73797-765b-241a-9e2c-097c5989baf6,scene0449_00-scene0449_04-scene0449_05-scene0449_03-scene0449_01,canonical,5,model_update,9,0000000000000000000000000000000000000000000000000000000000000000,1474.438546,593637376,4019341312,3425703936,13042188288,0,0,7368901,20996695,246660,11965,0,100,torch.float32,1f7c14ad5e7d7457222d5254d3d8d0a695d97954
FH-CONT,ddc73797-765b-241a-9e2c-097c5989baf6,scene0449_00-scene0449_04-scene0449_05-scene0449_03-scene0449_01,canonical,5,end_to_end_update,0,0000000000000000000000000000000000000000000000000000000000000000,2093.024356,593637376,4019394560,3425757184,13042188288,0,0,7368901,20996695,246660,11965,0,100,torch.float32,1f7c14ad5e7d7457222d5254d3d8d0a695d97954
FH-CONT,ddc73797-765b-241a-9e2c-097c5989baf6,scene0449_00-scene0449_04-scene0449_05-scene0449_03-scene0449_01,canonical,5,end_to_end_update,1,0000000000000000000000000000000000000000000000000000000000000000,2090.291921,593637376,4019283968,3425646592,13042188288,0,0,7368901,20996695,246660,11965,0,100,torch.float32,1f7c14ad5e7d7457222d5254d3d8d0a695d97954
FH-CONT,ddc73797-765b-241a-9e2c-097c5989baf6,scene0449_00-scene0449_04-scene0449_05-scene0449_03-scene0449_01,canonical,5,end_to_end_update,2,0000000000000000000000000000000000000000000000000000000000000000,2095.949688,593637376,4019261440,3425624064,13042188288,0,0,7368901,20996695,246660,11965,0,100,torch.float32,1f7c14ad5e7d7457222d5254d3d8d0a695d97954
FH-CONT,ddc73797-765b-241a-9e2c-097c5989baf6,scene0449_00-scene0449_04-scene0449_05-scene0449_03-scene0449_01,canonical,5,end_to_end_update,3,0000000000000000000000000000000000000000000000000000000000000000,2097.909618,593637376,4019480064,3425842688,13042188288,0,0,7368901,20996695,246660,11965,0,100,torch.float32,1f7c14ad5e7d7457222d5254d3d8d0a695d97954
FH-CONT,ddc73797-765b-241a-9e2c-097c5989baf6,scene0449_00-scene0449_04-scene0449_05-scene0449_03-scene0449_01,canonical,5,end_to_end_update,4,0000000000000000000000000000000000000000000000000000000000000000,2095.920457,593637376,4019256320,3425618944,13042188288,0,0,7368901,20996695,246660,11965,0,100,torch.float32,1f7c14ad5e7d7457222d5254d3d8d0a695d97954
FH-CONT,ddc73797-765b-241a-9e2c-097c5989baf6,scene0449_00-scene0449_04-scene0449_05-scene0449_03-scene0449_01,canonical,5,end_to_end_update,5,0000000000000000000000000000000000000000000000000000000000000000,2121.991751,593637376,4019495936,3425858560,13042188288,0,0,7368901,20996695,246660,11965,0,100,torch.float32,1f7c14ad5e7d7457222d5254d3d8d0a695d97954
FH-CONT,ddc73797-765b-241a-9e2c-097c5989baf6,scene0449_00-scene0449_04-scene0449_05-scene0449_03-scene0449_01,canonical,5,end_to_end_update,6,0000000000000000000000000000000000000000000000000000000000000000,2094.745313,593637376,4019278336,3425640960,13042188288,0,0,7368901,20996695,246660,11965,0,100,torch.float32,1f7c14ad5e7d7457222d5254d3d8d0a695d97954
FH-CONT,ddc73797-765b-241a-9e2c-097c5989baf6,scene0449_00-scene0449_04-scene0449_05-scene0449_03-scene0449_01,canonical,5,end_to_end_update,7,0000000000000000000000000000000000000000000000000000000000000000,2153.169344,593637376,4019389440,3425752064,13042188288,0,0,7368901,20996695,246660,11965,0,100,torch.float32,1f7c14ad5e7d7457222d5254d3d8d0a695d97954
FH-CONT,ddc73797-765b-241a-9e2c-097c5989baf6,scene0449_00-scene0449_04-scene0449_05-scene0449_03-scene0449_01,canonical,5,end_to_end_update,8,0000000000000000000000000000000000000000000000000000000000000000,2140.544263,593637376,4019341824,3425704448,13042188288,0,0,7368901,20996695,246660,11965,0,100,torch.float32,1f7c14ad5e7d7457222d5254d3d8d0a695d97954
FH-CONT,ddc73797-765b-241a-9e2c-097c5989baf6,scene0449_00-scene0449_04-scene0449_05-scene0449_03-scene0449_01,canonical,5,end_to_end_update,9,0000000000000000000000000000000000000000000000000000000000000000,2114.989121,593637376,4019325952,3425688576,13042188288,0,0,7368901,20996695,246660,11965,0,100,torch.float32,1f7c14ad5e7d7457222d5254d3d8d0a695d97954
FH-CONT,ddc73797-765b-241a-9e2c-097c5989baf6,scene0449_00-scene0449_04-scene0449_05-scene0449_03-scene0449_01,canonical,5,output_materialization,0,0000000000000000000000000000000000000000000000000000000000000000,16.161848,593637376,593637376,0,13042188288,0,0,7368901,20996695,246660,11965,0,100,torch.float32,1f7c14ad5e7d7457222d5254d3d8d0a695d97954
FH-CONT,ddc73797-765b-241a-9e2c-097c5989baf6,scene0449_00-scene0449_04-scene0449_05-scene0449_03-scene0449_01,canonical,5,output_materialization,1,0000000000000000000000000000000000000000000000000000000000000000,16.155726,593637376,593637376,0,13042188288,0,0,7368901,20996695,246660,11965,0,100,torch.float32,1f7c14ad5e7d7457222d5254d3d8d0a695d97954
FH-CONT,ddc73797-765b-241a-9e2c-097c5989baf6,scene0449_00-scene0449_04-scene0449_05-scene0449_03-scene0449_01,canonical,5,output_materialization,2,0000000000000000000000000000000000000000000000000000000000000000,15.885672,593637376,593637376,0,13042188288,0,0,7368901,20996695,246660,11965,0,100,torch.float32,1f7c14ad5e7d7457222d5254d3d8d0a695d97954
FH-CONT,ddc73797-765b-241a-9e2c-097c5989baf6,scene0449_00-scene0449_04-scene0449_05-scene0449_03-scene0449_01,canonical,5,output_materialization,3,0000000000000000000000000000000000000000000000000000000000000000,15.867292,593637376,593637376,0,13042188288,0,0,7368901,20996695,246660,11965,0,100,torch.float32,1f7c14ad5e7d7457222d5254d3d8d0a695d97954
FH-CONT,ddc73797-765b-241a-9e2c-097c5989baf6,scene0449_00-scene0449_04-scene0449_05-scene0449_03-scene0449_01,canonical,5,output_materialization,4,0000000000000000000000000000000000000000000000000000000000000000,15.91571,593637376,593637376,0,13042188288,0,0,7368901,20996695,246660,11965,0,100,torch.float32,1f7c14ad5e7d7457222d5254d3d8d0a695d97954
FH-CONT,ddc73797-765b-241a-9e2c-097c5989baf6,scene0449_00-scene0449_04-scene0449_05-scene0449_03-scene0449_01,canonical,5,output_materialization,5,0000000000000000000000000000000000000000000000000000000000000000,16.173365,593637376,593637376,0,13042188288,0,0,7368901,20996695,246660,11965,0,100,torch.float32,1f7c14ad5e7d7457222d5254d3d8d0a695d97954
FH-CONT,ddc73797-765b-241a-9e2c-097c5989baf6,scene0449_00-scene0449_04-scene0449_05-scene0449_03-scene0449_01,canonical,5,output_materialization,6,0000000000000000000000000000000000000000000000000000000000000000,16.509479,593637376,593637376,0,13042188288,0,0,7368901,20996695,246660,11965,0,100,torch.float32,1f7c14ad5e7d7457222d5254d3d8d0a695d97954
FH-CONT,ddc73797-765b-241a-9e2c-097c5989baf6,scene0449_00-scene0449_04-scene0449_05-scene0449_03-scene0449_01,canonical,5,output_materialization,7,0000000000000000000000000000000000000000000000000000000000000000,16.511882,593637376,593637376,0,13042188288,0,0,7368901,20996695,246660,11965,0,100,torch.float32,1f7c14ad5e7d7457222d5254d3d8d0a695d97954
FH-CONT,ddc73797-765b-241a-9e2c-097c5989baf6,scene0449_00-scene0449_04-scene0449_05-scene0449_03-scene0449_01,canonical,5,output_materialization,8,0000000000000000000000000000000000000000000000000000000000000000,16.397678,593637376,593637376,0,13042188288,0,0,7368901,20996695,246660,11965,0,100,torch.float32,1f7c14ad5e7d7457222d5254d3d8d0a695d97954
FH-CONT,ddc73797-765b-241a-9e2c-097c5989baf6,scene0449_00-scene0449_04-scene0449_05-scene0449_03-scene0449_01,canonical,5,output_materialization,9,0000000000000000000000000000000000000000000000000000000000000000,16.735418,593637376,593637376,0,13042188288,0,0,7368901,20996695,246660,11965,0,100,torch.float32,1f7c14ad5e7d7457222d5254d3d8d0a695d97954
FH-CONT,ddc73797-765b-241a-9e2c-097c5989baf6,scene0449_00-scene0449_04-scene0449_05-scene0449_03-scene0449_01,canonical,5,cumulative_T1_to_T,0,0000000000000000000000000000000000000000000000000000000000000000,7718.706709,593637376,4018985984,3425348608,13042188288,0,0,7368901,20996695,246660,11965,0,100,torch.float32,1f7c14ad5e7d7457222d5254d3d8d0a695d97954
FH-CONT,ddc73797-765b-241a-9e2c-097c5989baf6,scene0449_00-scene0449_04-scene0449_05-scene0449_03-scene0449_01,canonical,5,cumulative_T1_to_T,1,0000000000000000000000000000000000000000000000000000000000000000,7617.584627,593637376,4018973696,3425336320,13042188288,0,0,7368901,20996695,246660,11965,0,100,torch.float32,1f7c14ad5e7d7457222d5254d3d8d0a695d97954
FH-CONT,ddc73797-765b-241a-9e2c-097c5989baf6,scene0449_00-scene0449_04-scene0449_05-scene0449_03-scene0449_01,canonical,5,cumulative_T1_to_T,2,0000000000000000000000000000000000000000000000000000000000000000,7623.216797,593637376,4017553408,3423916032,13042188288,0,0,7368901,20996695,246660,11965,0,100,torch.float32,1f7c14ad5e7d7457222d5254d3d8d0a695d97954
FH-CONT,ddc73797-765b-241a-9e2c-097c5989baf6,scene0449_00-scene0449_04-scene0449_05-scene0449_03-scene0449_01,canonical,5,cumulative_T1_to_T,3,0000000000000000000000000000000000000000000000000000000000000000,7638.546788,593637376,4017583616,3423946240,13042188288,0,0,7368901,20996695,246660,11965,0,100,torch.float32,1f7c14ad5e7d7457222d5254d3d8d0a695d97954
FH-CONT,ddc73797-765b-241a-9e2c-097c5989baf6,scene0449_00-scene0449_04-scene0449_05-scene0449_03-scene0449_01,canonical,5,cumulative_T1_to_T,4,0000000000000000000000000000000000000000000000000000000000000000,7762.086748,593637376,4017579520,3423942144,13042188288,0,0,7368901,20996695,246660,11965,0,100,torch.float32,1f7c14ad5e7d7457222d5254d3d8d0a695d97954
FH-CONT,ddc73797-765b-241a-9e2c-097c5989baf6,scene0449_00-scene0449_04-scene0449_05-scene0449_03-scene0449_01,canonical,5,cumulative_T1_to_T,5,0000000000000000000000000000000000000000000000000000000000000000,8396.365574,593637376,4017562112,3423924736,13042188288,0,0,7368901,20996695,246660,11965,0,100,torch.float32,1f7c14ad5e7d7457222d5254d3d8d0a695d97954
FH-CONT,ddc73797-765b-241a-9e2c-097c5989baf6,scene0449_00-scene0449_04-scene0449_05-scene0449_03-scene0449_01,canonical,5,cumulative_T1_to_T,6,0000000000000000000000000000000000000000000000000000000000000000,7612.616216,593637376,4017562112,3423924736,13042188288,0,0,7368901,20996695,246660,11965,0,100,torch.float32,1f7c14ad5e7d7457222d5254d3d8d0a695d97954
FH-CONT,ddc73797-765b-241a-9e2c-097c5989baf6,scene0449_00-scene0449_04-scene0449_05-scene0449_03-scene0449_01,canonical,5,cumulative_T1_to_T,7,0000000000000000000000000000000000000000000000000000000000000000,7597.721045,593637376,4017592832,3423955456,13042188288,0,0,7368901,20996695,246660,11965,0,100,torch.float32,1f7c14ad5e7d7457222d5254d3d8d0a695d97954
FH-CONT,ddc73797-765b-241a-9e2c-097c5989baf6,scene0449_00-scene0449_04-scene0449_05-scene0449_03-scene0449_01,canonical,5,cumulative_T1_to_T,8,0000000000000000000000000000000000000000000000000000000000000000,7429.242553,593637376,4017566208,3423928832,13042188288,0,0,7368901,20996695,246660,11965,0,100,torch.float32,1f7c14ad5e7d7457222d5254d3d8d0a695d97954
FH-CONT,ddc73797-765b-241a-9e2c-097c5989baf6,scene0449_00-scene0449_04-scene0449_05-scene0449_03-scene0449_01,canonical,5,cumulative_T1_to_T,9,0000000000000000000000000000000000000000000000000000000000000000,7623.330921,593637376,4018985984,3425348608,13042188288,0,0,7368901,20996695,246660,11965,0,100,torch.float32,1f7c14ad5e7d7457222d5254d3d8d0a695d97954
