config_id,config_json,stage,T,identity_switches,wrong_reactivations,false_births,reactivation_accuracy,reactivation_recall,accepted_valid_observations,total_valid_observations,strict_online_tmap,strict_online_trec,eligible,eligibility_reasons
p6b-9faa85b92f3c4e5c,"{""active_threshold"":0.45,""assignment_mode"":""legacy_post_threshold"",""background_class"":18,""birth_confidence"":0.75,""birth_max_entropy"":0.5,""birth_minimum_mask_support"":128,""capacity"":100,""class_mode"":""foreground_normalized"",""class_weight"":0.25,""consolidation_confidence"":0.9,""consolidation_margin"":0.1,""mask_threshold"":0.5,""max_update_rate"":0.2,""reactivation_margin"":0.0,""reactivation_threshold"":0.75,""update_rate"":0.2}",reactivation,T2,26,0,346,,,1793,1918,,,True,
p6b-9faa85b92f3c4e5c,"{""active_threshold"":0.45,""assignment_mode"":""legacy_post_threshold"",""background_class"":18,""birth_confidence"":0.75,""birth_max_entropy"":0.5,""birth_minimum_mask_support"":128,""capacity"":100,""class_mode"":""foreground_normalized"",""class_weight"":0.25,""consolidation_confidence"":0.9,""consolidation_margin"":0.1,""mask_threshold"":0.5,""max_update_rate"":0.2,""reactivation_margin"":0.0,""reactivation_threshold"":0.75,""update_rate"":0.2}",reactivation,T3,72,16,418,0.7837837837837838,0.46774193548387094,2699,2853,,,True,
p6b-9faa85b92f3c4e5c,"{""active_threshold"":0.45,""assignment_mode"":""legacy_post_threshold"",""background_class"":18,""birth_confidence"":0.75,""birth_max_entropy"":0.5,""birth_minimum_mask_support"":128,""capacity"":100,""class_mode"":""foreground_normalized"",""class_weight"":0.25,""consolidation_confidence"":0.9,""consolidation_margin"":0.1,""mask_threshold"":0.5,""max_update_rate"":0.2,""reactivation_margin"":0.0,""reactivation_threshold"":0.75,""update_rate"":0.2}",reactivation,T4,152,54,506,0.7403846153846154,0.4041994750656168,3658,3844,,,True,
p6b-9faa85b92f3c4e5c,"{""active_threshold"":0.45,""assignment_mode"":""legacy_post_threshold"",""background_class"":18,""birth_confidence"":0.75,""birth_max_entropy"":0.5,""birth_minimum_mask_support"":128,""capacity"":100,""class_mode"":""foreground_normalized"",""class_weight"":0.25,""consolidation_confidence"":0.9,""consolidation_margin"":0.1,""mask_threshold"":0.5,""max_update_rate"":0.2,""reactivation_margin"":0.0,""reactivation_threshold"":0.75,""update_rate"":0.2}",reactivation,T5,222,82,568,0.768361581920904,0.42105263157894735,4566,4780,,,True,
p6b-5b3b9c8bcb5bda59,"{""active_threshold"":0.45,""assignment_mode"":""legacy_post_threshold"",""background_class"":18,""birth_confidence"":0.75,""birth_max_entropy"":0.5,""birth_minimum_mask_support"":128,""capacity"":100,""class_mode"":""foreground_normalized"",""class_weight"":0.25,""consolidation_confidence"":0.9,""consolidation_margin"":0.1,""mask_threshold"":0.5,""max_update_rate"":0.2,""reactivation_margin"":0.0,""reactivation_threshold"":0.85,""update_rate"":0.2}",reactivation,T2,26,0,346,,,1793,1918,,,True,
p6b-5b3b9c8bcb5bda59,"{""active_threshold"":0.45,""assignment_mode"":""legacy_post_threshold"",""background_class"":18,""birth_confidence"":0.75,""birth_max_entropy"":0.5,""birth_minimum_mask_support"":128,""capacity"":100,""class_mode"":""foreground_normalized"",""class_weight"":0.25,""consolidation_confidence"":0.9,""consolidation_margin"":0.1,""mask_threshold"":0.5,""max_update_rate"":0.2,""reactivation_margin"":0.0,""reactivation_threshold"":0.85,""update_rate"":0.2}",reactivation,T3,72,16,418,0.7837837837837838,0.46774193548387094,2698,2853,,,True,
p6b-5b3b9c8bcb5bda59,"{""active_threshold"":0.45,""assignment_mode"":""legacy_post_threshold"",""background_class"":18,""birth_confidence"":0.75,""birth_max_entropy"":0.5,""birth_minimum_mask_support"":128,""capacity"":100,""class_mode"":""foreground_normalized"",""class_weight"":0.25,""consolidation_confidence"":0.9,""consolidation_margin"":0.1,""mask_threshold"":0.5,""max_update_rate"":0.2,""reactivation_margin"":0.0,""reactivation_threshold"":0.85,""update_rate"":0.2}",reactivation,T4,152,54,506,0.7403846153846154,0.4041994750656168,3656,3844,,,True,
p6b-5b3b9c8bcb5bda59,"{""active_threshold"":0.45,""assignment_mode"":""legacy_post_threshold"",""background_class"":18,""birth_confidence"":0.75,""birth_max_entropy"":0.5,""birth_minimum_mask_support"":128,""capacity"":100,""class_mode"":""foreground_normalized"",""class_weight"":0.25,""consolidation_confidence"":0.9,""consolidation_margin"":0.1,""mask_threshold"":0.5,""max_update_rate"":0.2,""reactivation_margin"":0.0,""reactivation_threshold"":0.85,""update_rate"":0.2}",reactivation,T5,222,82,568,0.768361581920904,0.42105263157894735,4562,4780,,,True,
p6b-31f4f92a4fa06322,"{""active_threshold"":0.45,""assignment_mode"":""legacy_post_threshold"",""background_class"":18,""birth_confidence"":0.75,""birth_max_entropy"":0.5,""birth_minimum_mask_support"":128,""capacity"":100,""class_mode"":""foreground_normalized"",""class_weight"":0.25,""consolidation_confidence"":0.9,""consolidation_margin"":0.1,""mask_threshold"":0.5,""max_update_rate"":0.2,""reactivation_margin"":0.0,""reactivation_threshold"":0.95,""update_rate"":0.2}",reactivation,T2,26,0,346,,,1793,1918,,,True,
p6b-31f4f92a4fa06322,"{""active_threshold"":0.45,""assignment_mode"":""legacy_post_threshold"",""background_class"":18,""birth_confidence"":0.75,""birth_max_entropy"":0.5,""birth_minimum_mask_support"":128,""capacity"":100,""class_mode"":""foreground_normalized"",""class_weight"":0.25,""consolidation_confidence"":0.9,""consolidation_margin"":0.1,""mask_threshold"":0.5,""max_update_rate"":0.2,""reactivation_margin"":0.0,""reactivation_threshold"":0.95,""update_rate"":0.2}",reactivation,T3,72,16,420,0.7837837837837838,0.46774193548387094,2692,2853,,,True,
p6b-31f4f92a4fa06322,"{""active_threshold"":0.45,""assignment_mode"":""legacy_post_threshold"",""background_class"":18,""birth_confidence"":0.75,""birth_max_entropy"":0.5,""birth_minimum_mask_support"":128,""capacity"":100,""class_mode"":""foreground_normalized"",""class_weight"":0.25,""consolidation_confidence"":0.9,""consolidation_margin"":0.1,""mask_threshold"":0.5,""max_update_rate"":0.2,""reactivation_margin"":0.0,""reactivation_threshold"":0.95,""update_rate"":0.2}",reactivation,T4,152,53,509,0.7439613526570048,0.4041994750656168,3646,3844,,,True,
p6b-31f4f92a4fa06322,"{""active_threshold"":0.45,""assignment_mode"":""legacy_post_threshold"",""background_class"":18,""birth_confidence"":0.75,""birth_max_entropy"":0.5,""birth_minimum_mask_support"":128,""capacity"":100,""class_mode"":""foreground_normalized"",""class_weight"":0.25,""consolidation_confidence"":0.9,""consolidation_margin"":0.1,""mask_threshold"":0.5,""max_update_rate"":0.2,""reactivation_margin"":0.0,""reactivation_threshold"":0.95,""update_rate"":0.2}",reactivation,T5,222,78,573,0.7771428571428571,0.42105263157894735,4551,4780,,,True,
p6b-d4cc9e50a24cc380,"{""active_threshold"":0.45,""assignment_mode"":""legacy_post_threshold"",""background_class"":18,""birth_confidence"":0.75,""birth_max_entropy"":0.5,""birth_minimum_mask_support"":128,""capacity"":100,""class_mode"":""foreground_normalized"",""class_weight"":0.25,""consolidation_confidence"":0.9,""consolidation_margin"":0.1,""mask_threshold"":0.5,""max_update_rate"":0.2,""reactivation_margin"":0.0,""reactivation_threshold"":1.05,""update_rate"":0.2}",reactivation,T2,26,0,346,,,1793,1918,,,True,
p6b-d4cc9e50a24cc380,"{""active_threshold"":0.45,""assignment_mode"":""legacy_post_threshold"",""background_class"":18,""birth_confidence"":0.75,""birth_max_entropy"":0.5,""birth_minimum_mask_support"":128,""capacity"":100,""class_mode"":""foreground_normalized"",""class_weight"":0.25,""consolidation_confidence"":0.9,""consolidation_margin"":0.1,""mask_threshold"":0.5,""max_update_rate"":0.2,""reactivation_margin"":0.0,""reactivation_threshold"":1.05,""update_rate"":0.2}",reactivation,T3,75,16,424,0.7746478873239436,0.4435483870967742,2682,2853,,,True,
p6b-d4cc9e50a24cc380,"{""active_threshold"":0.45,""assignment_mode"":""legacy_post_threshold"",""background_class"":18,""birth_confidence"":0.75,""birth_max_entropy"":0.5,""birth_minimum_mask_support"":128,""capacity"":100,""class_mode"":""foreground_normalized"",""class_weight"":0.25,""consolidation_confidence"":0.9,""consolidation_margin"":0.1,""mask_threshold"":0.5,""max_update_rate"":0.2,""reactivation_margin"":0.0,""reactivation_threshold"":1.05,""update_rate"":0.2}",reactivation,T4,155,44,524,0.7755102040816326,0.3989501312335958,3633,3844,,,True,
p6b-d4cc9e50a24cc380,"{""active_threshold"":0.45,""assignment_mode"":""legacy_post_threshold"",""background_class"":18,""birth_confidence"":0.75,""birth_max_entropy"":0.5,""birth_minimum_mask_support"":128,""capacity"":100,""class_mode"":""foreground_normalized"",""class_weight"":0.25,""consolidation_confidence"":0.9,""consolidation_margin"":0.1,""mask_threshold"":0.5,""max_update_rate"":0.2,""reactivation_margin"":0.0,""reactivation_threshold"":1.05,""update_rate"":0.2}",reactivation,T5,230,67,603,0.7957317073170732,0.4040247678018576,4528,4780,,,True,
p6b-cc298a30b6aadd11,"{""active_threshold"":0.45,""assignment_mode"":""legacy_post_threshold"",""background_class"":18,""birth_confidence"":0.75,""birth_max_entropy"":0.5,""birth_minimum_mask_support"":128,""capacity"":100,""class_mode"":""foreground_normalized"",""class_weight"":0.25,""consolidation_confidence"":0.9,""consolidation_margin"":0.1,""mask_threshold"":0.5,""max_update_rate"":0.2,""reactivation_margin"":0.05,""reactivation_threshold"":0.75,""update_rate"":0.2}",reactivation,T2,26,0,346,,,1793,1918,,,True,
p6b-cc298a30b6aadd11,"{""active_threshold"":0.45,""assignment_mode"":""legacy_post_threshold"",""background_class"":18,""birth_confidence"":0.75,""birth_max_entropy"":0.5,""birth_minimum_mask_support"":128,""capacity"":100,""class_mode"":""foreground_normalized"",""class_weight"":0.25,""consolidation_confidence"":0.9,""consolidation_margin"":0.1,""mask_threshold"":0.5,""max_update_rate"":0.2,""reactivation_margin"":0.05,""reactivation_threshold"":0.75,""update_rate"":0.2}",reactivation,T3,73,16,419,0.7808219178082192,0.4596774193548387,2695,2853,,,True,
p6b-cc298a30b6aadd11,"{""active_threshold"":0.45,""assignment_mode"":""legacy_post_threshold"",""background_class"":18,""birth_confidence"":0.75,""birth_max_entropy"":0.5,""birth_minimum_mask_support"":128,""capacity"":100,""class_mode"":""foreground_normalized"",""class_weight"":0.25,""consolidation_confidence"":0.9,""consolidation_margin"":0.1,""mask_threshold"":0.5,""max_update_rate"":0.2,""reactivation_margin"":0.05,""reactivation_threshold"":0.75,""update_rate"":0.2}",reactivation,T4,153,53,516,0.7427184466019418,0.4015748031496063,3648,3844,,,True,
p6b-cc298a30b6aadd11,"{""active_threshold"":0.45,""assignment_mode"":""legacy_post_threshold"",""background_class"":18,""birth_confidence"":0.75,""birth_max_entropy"":0.5,""birth_minimum_mask_support"":128,""capacity"":100,""class_mode"":""foreground_normalized"",""class_weight"":0.25,""consolidation_confidence"":0.9,""consolidation_margin"":0.1,""mask_threshold"":0.5,""max_update_rate"":0.2,""reactivation_margin"":0.05,""reactivation_threshold"":0.75,""update_rate"":0.2}",reactivation,T5,225,79,589,0.7723342939481268,0.4148606811145511,4556,4780,,,True,
p6b-f1cd8becacce1189,"{""active_threshold"":0.45,""assignment_mode"":""legacy_post_threshold"",""background_class"":18,""birth_confidence"":0.75,""birth_max_entropy"":0.5,""birth_minimum_mask_support"":128,""capacity"":100,""class_mode"":""foreground_normalized"",""class_weight"":0.25,""consolidation_confidence"":0.9,""consolidation_margin"":0.1,""mask_threshold"":0.5,""max_update_rate"":0.2,""reactivation_margin"":0.05,""reactivation_threshold"":0.85,""update_rate"":0.2}",reactivation,T2,26,0,346,,,1793,1918,,,True,
p6b-f1cd8becacce1189,"{""active_threshold"":0.45,""assignment_mode"":""legacy_post_threshold"",""background_class"":18,""birth_confidence"":0.75,""birth_max_entropy"":0.5,""birth_minimum_mask_support"":128,""capacity"":100,""class_mode"":""foreground_normalized"",""class_weight"":0.25,""consolidation_confidence"":0.9,""consolidation_margin"":0.1,""mask_threshold"":0.5,""max_update_rate"":0.2,""reactivation_margin"":0.05,""reactivation_threshold"":0.85,""update_rate"":0.2}",reactivation,T3,73,16,419,0.7808219178082192,0.4596774193548387,2695,2853,,,True,
p6b-f1cd8becacce1189,"{""active_threshold"":0.45,""assignment_mode"":""legacy_post_threshold"",""background_class"":18,""birth_confidence"":0.75,""birth_max_entropy"":0.5,""birth_minimum_mask_support"":128,""capacity"":100,""class_mode"":""foreground_normalized"",""class_weight"":0.25,""consolidation_confidence"":0.9,""consolidation_margin"":0.1,""mask_threshold"":0.5,""max_update_rate"":0.2,""reactivation_margin"":0.05,""reactivation_threshold"":0.85,""update_rate"":0.2}",reactivation,T4,153,53,516,0.7427184466019418,0.4015748031496063,3647,3844,,,True,
p6b-f1cd8becacce1189,"{""active_threshold"":0.45,""assignment_mode"":""legacy_post_threshold"",""background_class"":18,""birth_confidence"":0.75,""birth_max_entropy"":0.5,""birth_minimum_mask_support"":128,""capacity"":100,""class_mode"":""foreground_normalized"",""class_weight"":0.25,""consolidation_confidence"":0.9,""consolidation_margin"":0.1,""mask_threshold"":0.5,""max_update_rate"":0.2,""reactivation_margin"":0.05,""reactivation_threshold"":0.85,""update_rate"":0.2}",reactivation,T5,225,79,589,0.7723342939481268,0.4148606811145511,4553,4780,,,True,
p6b-70f297ad9988f58a,"{""active_threshold"":0.45,""assignment_mode"":""legacy_post_threshold"",""background_class"":18,""birth_confidence"":0.75,""birth_max_entropy"":0.5,""birth_minimum_mask_support"":128,""capacity"":100,""class_mode"":""foreground_normalized"",""class_weight"":0.25,""consolidation_confidence"":0.9,""consolidation_margin"":0.1,""mask_threshold"":0.5,""max_update_rate"":0.2,""reactivation_margin"":0.05,""reactivation_threshold"":0.95,""update_rate"":0.2}",reactivation,T2,26,0,346,,,1793,1918,,,True,
p6b-70f297ad9988f58a,"{""active_threshold"":0.45,""assignment_mode"":""legacy_post_threshold"",""background_class"":18,""birth_confidence"":0.75,""birth_max_entropy"":0.5,""birth_minimum_mask_support"":128,""capacity"":100,""class_mode"":""foreground_normalized"",""class_weight"":0.25,""consolidation_confidence"":0.9,""consolidation_margin"":0.1,""mask_threshold"":0.5,""max_update_rate"":0.2,""reactivation_margin"":0.05,""reactivation_threshold"":0.95,""update_rate"":0.2}",reactivation,T3,73,16,421,0.7808219178082192,0.4596774193548387,2692,2853,,,True,
p6b-70f297ad9988f58a,"{""active_threshold"":0.45,""assignment_mode"":""legacy_post_threshold"",""background_class"":18,""birth_confidence"":0.75,""birth_max_entropy"":0.5,""birth_minimum_mask_support"":128,""capacity"":100,""class_mode"":""foreground_normalized"",""class_weight"":0.25,""consolidation_confidence"":0.9,""consolidation_margin"":0.1,""mask_threshold"":0.5,""max_update_rate"":0.2,""reactivation_margin"":0.05,""reactivation_threshold"":0.95,""update_rate"":0.2}",reactivation,T4,153,52,519,0.7463414634146341,0.4015748031496063,3642,3844,,,True,
p6b-70f297ad9988f58a,"{""active_threshold"":0.45,""assignment_mode"":""legacy_post_threshold"",""background_class"":18,""birth_confidence"":0.75,""birth_max_entropy"":0.5,""birth_minimum_mask_support"":128,""capacity"":100,""class_mode"":""foreground_normalized"",""class_weight"":0.25,""consolidation_confidence"":0.9,""consolidation_margin"":0.1,""mask_threshold"":0.5,""max_update_rate"":0.2,""reactivation_margin"":0.05,""reactivation_threshold"":0.95,""update_rate"":0.2}",reactivation,T5,225,75,594,0.7813411078717201,0.4148606811145511,4547,4780,,,True,
p6b-a938e90e5d7adc33,"{""active_threshold"":0.45,""assignment_mode"":""legacy_post_threshold"",""background_class"":18,""birth_confidence"":0.75,""birth_max_entropy"":0.5,""birth_minimum_mask_support"":128,""capacity"":100,""class_mode"":""foreground_normalized"",""class_weight"":0.25,""consolidation_confidence"":0.9,""consolidation_margin"":0.1,""mask_threshold"":0.5,""max_update_rate"":0.2,""reactivation_margin"":0.05,""reactivation_threshold"":1.05,""update_rate"":0.2}",reactivation,T2,26,0,346,,,1793,1918,,,True,
p6b-a938e90e5d7adc33,"{""active_threshold"":0.45,""assignment_mode"":""legacy_post_threshold"",""background_class"":18,""birth_confidence"":0.75,""birth_max_entropy"":0.5,""birth_minimum_mask_support"":128,""capacity"":100,""class_mode"":""foreground_normalized"",""class_weight"":0.25,""consolidation_confidence"":0.9,""consolidation_margin"":0.1,""mask_threshold"":0.5,""max_update_rate"":0.2,""reactivation_margin"":0.05,""reactivation_threshold"":1.05,""update_rate"":0.2}",reactivation,T3,75,16,424,0.7746478873239436,0.4435483870967742,2682,2853,,,True,
p6b-a938e90e5d7adc33,"{""active_threshold"":0.45,""assignment_mode"":""legacy_post_threshold"",""background_class"":18,""birth_confidence"":0.75,""birth_max_entropy"":0.5,""birth_minimum_mask_support"":128,""capacity"":100,""class_mode"":""foreground_normalized"",""class_weight"":0.25,""consolidation_confidence"":0.9,""consolidation_margin"":0.1,""mask_threshold"":0.5,""max_update_rate"":0.2,""reactivation_margin"":0.05,""reactivation_threshold"":1.05,""update_rate"":0.2}",reactivation,T4,155,43,533,0.7794871794871795,0.3989501312335958,3633,3844,,,True,
p6b-a938e90e5d7adc33,"{""active_threshold"":0.45,""assignment_mode"":""legacy_post_threshold"",""background_class"":18,""birth_confidence"":0.75,""birth_max_entropy"":0.5,""birth_minimum_mask_support"":128,""capacity"":100,""class_mode"":""foreground_normalized"",""class_weight"":0.25,""consolidation_confidence"":0.9,""consolidation_margin"":0.1,""mask_threshold"":0.5,""max_update_rate"":0.2,""reactivation_margin"":0.05,""reactivation_threshold"":1.05,""update_rate"":0.2}",reactivation,T5,230,64,618,0.803076923076923,0.4040247678018576,4528,4780,,,True,
p6b-092fc4517d35aab0,"{""active_threshold"":0.45,""assignment_mode"":""legacy_post_threshold"",""background_class"":18,""birth_confidence"":0.75,""birth_max_entropy"":0.5,""birth_minimum_mask_support"":128,""capacity"":100,""class_mode"":""foreground_normalized"",""class_weight"":0.25,""consolidation_confidence"":0.9,""consolidation_margin"":0.1,""mask_threshold"":0.5,""max_update_rate"":0.2,""reactivation_margin"":0.1,""reactivation_threshold"":0.75,""update_rate"":0.2}",reactivation,T2,26,0,346,,,1793,1918,,,True,
p6b-092fc4517d35aab0,"{""active_threshold"":0.45,""assignment_mode"":""legacy_post_threshold"",""background_class"":18,""birth_confidence"":0.75,""birth_max_entropy"":0.5,""birth_minimum_mask_support"":128,""capacity"":100,""class_mode"":""foreground_normalized"",""class_weight"":0.25,""consolidation_confidence"":0.9,""consolidation_margin"":0.1,""mask_threshold"":0.5,""max_update_rate"":0.2,""reactivation_margin"":0.1,""reactivation_threshold"":0.75,""update_rate"":0.2}",reactivation,T3,74,16,423,0.7777777777777778,0.45161290322580644,2695,2853,,,True,
p6b-092fc4517d35aab0,"{""active_threshold"":0.45,""assignment_mode"":""legacy_post_threshold"",""background_class"":18,""birth_confidence"":0.75,""birth_max_entropy"":0.5,""birth_minimum_mask_support"":128,""capacity"":100,""class_mode"":""foreground_normalized"",""class_weight"":0.25,""consolidation_confidence"":0.9,""consolidation_margin"":0.1,""mask_threshold"":0.5,""max_update_rate"":0.2,""reactivation_margin"":0.1,""reactivation_threshold"":0.75,""update_rate"":0.2}",reactivation,T4,155,48,528,0.7587939698492462,0.3963254593175853,3648,3844,,,True,
p6b-092fc4517d35aab0,"{""active_threshold"":0.45,""assignment_mode"":""legacy_post_threshold"",""background_class"":18,""birth_confidence"":0.75,""birth_max_entropy"":0.5,""birth_minimum_mask_support"":128,""capacity"":100,""class_mode"":""foreground_normalized"",""class_weight"":0.25,""consolidation_confidence"":0.9,""consolidation_margin"":0.1,""mask_threshold"":0.5,""max_update_rate"":0.2,""reactivation_margin"":0.1,""reactivation_threshold"":0.75,""update_rate"":0.2}",reactivation,T5,229,74,613,0.7810650887573964,0.4086687306501548,4554,4780,,,True,
p6b-1047d9b35e2aee9f,"{""active_threshold"":0.45,""assignment_mode"":""legacy_post_threshold"",""background_class"":18,""birth_confidence"":0.75,""birth_max_entropy"":0.5,""birth_minimum_mask_support"":128,""capacity"":100,""class_mode"":""foreground_normalized"",""class_weight"":0.25,""consolidation_confidence"":0.9,""consolidation_margin"":0.1,""mask_threshold"":0.5,""max_update_rate"":0.2,""reactivation_margin"":0.1,""reactivation_threshold"":0.85,""update_rate"":0.2}",reactivation,T2,26,0,346,,,1793,1918,,,True,
p6b-1047d9b35e2aee9f,"{""active_threshold"":0.45,""assignment_mode"":""legacy_post_threshold"",""background_class"":18,""birth_confidence"":0.75,""birth_max_entropy"":0.5,""birth_minimum_mask_support"":128,""capacity"":100,""class_mode"":""foreground_normalized"",""class_weight"":0.25,""consolidation_confidence"":0.9,""consolidation_margin"":0.1,""mask_threshold"":0.5,""max_update_rate"":0.2,""reactivation_margin"":0.1,""reactivation_threshold"":0.85,""update_rate"":0.2}",reactivation,T3,74,16,423,0.7777777777777778,0.45161290322580644,2695,2853,,,True,
p6b-1047d9b35e2aee9f,"{""active_threshold"":0.45,""assignment_mode"":""legacy_post_threshold"",""background_class"":18,""birth_confidence"":0.75,""birth_max_entropy"":0.5,""birth_minimum_mask_support"":128,""capacity"":100,""class_mode"":""foreground_normalized"",""class_weight"":0.25,""consolidation_confidence"":0.9,""consolidation_margin"":0.1,""mask_threshold"":0.5,""max_update_rate"":0.2,""reactivation_margin"":0.1,""reactivation_threshold"":0.85,""update_rate"":0.2}",reactivation,T4,155,48,528,0.7587939698492462,0.3963254593175853,3647,3844,,,True,
p6b-1047d9b35e2aee9f,"{""active_threshold"":0.45,""assignment_mode"":""legacy_post_threshold"",""background_class"":18,""birth_confidence"":0.75,""birth_max_entropy"":0.5,""birth_minimum_mask_support"":128,""capacity"":100,""class_mode"":""foreground_normalized"",""class_weight"":0.25,""consolidation_confidence"":0.9,""consolidation_margin"":0.1,""mask_threshold"":0.5,""max_update_rate"":0.2,""reactivation_margin"":0.1,""reactivation_threshold"":0.85,""update_rate"":0.2}",reactivation,T5,229,74,613,0.7810650887573964,0.4086687306501548,4551,4780,,,True,
p6b-a6268a6efb3c3704,"{""active_threshold"":0.45,""assignment_mode"":""legacy_post_threshold"",""background_class"":18,""birth_confidence"":0.75,""birth_max_entropy"":0.5,""birth_minimum_mask_support"":128,""capacity"":100,""class_mode"":""foreground_normalized"",""class_weight"":0.25,""consolidation_confidence"":0.9,""consolidation_margin"":0.1,""mask_threshold"":0.5,""max_update_rate"":0.2,""reactivation_margin"":0.1,""reactivation_threshold"":0.95,""update_rate"":0.2}",reactivation,T2,26,0,346,,,1793,1918,,,True,
p6b-a6268a6efb3c3704,"{""active_threshold"":0.45,""assignment_mode"":""legacy_post_threshold"",""background_class"":18,""birth_confidence"":0.75,""birth_max_entropy"":0.5,""birth_minimum_mask_support"":128,""capacity"":100,""class_mode"":""foreground_normalized"",""class_weight"":0.25,""consolidation_confidence"":0.9,""consolidation_margin"":0.1,""mask_threshold"":0.5,""max_update_rate"":0.2,""reactivation_margin"":0.1,""reactivation_threshold"":0.95,""update_rate"":0.2}",reactivation,T3,74,16,424,0.7777777777777778,0.45161290322580644,2692,2853,,,True,
p6b-a6268a6efb3c3704,"{""active_threshold"":0.45,""assignment_mode"":""legacy_post_threshold"",""background_class"":18,""birth_confidence"":0.75,""birth_max_entropy"":0.5,""birth_minimum_mask_support"":128,""capacity"":100,""class_mode"":""foreground_normalized"",""class_weight"":0.25,""consolidation_confidence"":0.9,""consolidation_margin"":0.1,""mask_threshold"":0.5,""max_update_rate"":0.2,""reactivation_margin"":0.1,""reactivation_threshold"":0.95,""update_rate"":0.2}",reactivation,T4,154,47,529,0.7638190954773869,0.3989501312335958,3641,3844,,,True,
p6b-a6268a6efb3c3704,"{""active_threshold"":0.45,""assignment_mode"":""legacy_post_threshold"",""background_class"":18,""birth_confidence"":0.75,""birth_max_entropy"":0.5,""birth_minimum_mask_support"":128,""capacity"":100,""class_mode"":""foreground_normalized"",""class_weight"":0.25,""consolidation_confidence"":0.9,""consolidation_margin"":0.1,""mask_threshold"":0.5,""max_update_rate"":0.2,""reactivation_margin"":0.1,""reactivation_threshold"":0.95,""update_rate"":0.2}",reactivation,T5,226,70,614,0.7922848664688428,0.413312693498452,4544,4780,,,True,
p6b-91d0aeb7b6757562,"{""active_threshold"":0.45,""assignment_mode"":""legacy_post_threshold"",""background_class"":18,""birth_confidence"":0.75,""birth_max_entropy"":0.5,""birth_minimum_mask_support"":128,""capacity"":100,""class_mode"":""foreground_normalized"",""class_weight"":0.25,""consolidation_confidence"":0.9,""consolidation_margin"":0.1,""mask_threshold"":0.5,""max_update_rate"":0.2,""reactivation_margin"":0.1,""reactivation_threshold"":1.05,""update_rate"":0.2}",reactivation,T2,26,0,346,,,1793,1918,,,True,
p6b-91d0aeb7b6757562,"{""active_threshold"":0.45,""assignment_mode"":""legacy_post_threshold"",""background_class"":18,""birth_confidence"":0.75,""birth_max_entropy"":0.5,""birth_minimum_mask_support"":128,""capacity"":100,""class_mode"":""foreground_normalized"",""class_weight"":0.25,""consolidation_confidence"":0.9,""consolidation_margin"":0.1,""mask_threshold"":0.5,""max_update_rate"":0.2,""reactivation_margin"":0.1,""reactivation_threshold"":1.05,""update_rate"":0.2}",reactivation,T3,76,16,427,0.7714285714285715,0.43548387096774194,2682,2853,,,True,
p6b-91d0aeb7b6757562,"{""active_threshold"":0.45,""assignment_mode"":""legacy_post_threshold"",""background_class"":18,""birth_confidence"":0.75,""birth_max_entropy"":0.5,""birth_minimum_mask_support"":128,""capacity"":100,""class_mode"":""foreground_normalized"",""class_weight"":0.25,""consolidation_confidence"":0.9,""consolidation_margin"":0.1,""mask_threshold"":0.5,""max_update_rate"":0.2,""reactivation_margin"":0.1,""reactivation_threshold"":1.05,""update_rate"":0.2}",reactivation,T4,156,43,538,0.7783505154639175,0.3963254593175853,3633,3844,,,True,
p6b-91d0aeb7b6757562,"{""active_threshold"":0.45,""assignment_mode"":""legacy_post_threshold"",""background_class"":18,""birth_confidence"":0.75,""birth_max_entropy"":0.5,""birth_minimum_mask_support"":128,""capacity"":100,""class_mode"":""foreground_normalized"",""class_weight"":0.25,""consolidation_confidence"":0.9,""consolidation_margin"":0.1,""mask_threshold"":0.5,""max_update_rate"":0.2,""reactivation_margin"":0.1,""reactivation_threshold"":1.05,""update_rate"":0.2}",reactivation,T5,231,64,634,0.8024691358024691,0.4024767801857585,4527,4780,,,True,
p6b-78c163801714362e,"{""active_threshold"":0.45,""assignment_mode"":""legacy_post_threshold"",""background_class"":18,""birth_confidence"":0.75,""birth_max_entropy"":0.5,""birth_minimum_mask_support"":128,""capacity"":100,""class_mode"":""foreground_normalized"",""class_weight"":0.25,""consolidation_confidence"":0.9,""consolidation_margin"":0.1,""mask_threshold"":0.5,""max_update_rate"":0.2,""reactivation_margin"":0.2,""reactivation_threshold"":0.75,""update_rate"":0.2}",reactivation,T2,26,0,346,,,1793,1918,,,True,
p6b-78c163801714362e,"{""active_threshold"":0.45,""assignment_mode"":""legacy_post_threshold"",""background_class"":18,""birth_confidence"":0.75,""birth_max_entropy"":0.5,""birth_minimum_mask_support"":128,""capacity"":100,""class_mode"":""foreground_normalized"",""class_weight"":0.25,""consolidation_confidence"":0.9,""consolidation_margin"":0.1,""mask_threshold"":0.5,""max_update_rate"":0.2,""reactivation_margin"":0.2,""reactivation_threshold"":0.75,""update_rate"":0.2}",reactivation,T3,77,16,431,0.7647058823529411,0.41935483870967744,2689,2853,,,True,
p6b-78c163801714362e,"{""active_threshold"":0.45,""assignment_mode"":""legacy_post_threshold"",""background_class"":18,""birth_confidence"":0.75,""birth_max_entropy"":0.5,""birth_minimum_mask_support"":128,""capacity"":100,""class_mode"":""foreground_normalized"",""class_weight"":0.25,""consolidation_confidence"":0.9,""consolidation_margin"":0.1,""mask_threshold"":0.5,""max_update_rate"":0.2,""reactivation_margin"":0.2,""reactivation_threshold"":0.75,""update_rate"":0.2}",reactivation,T4,166,46,568,0.75,0.3612565445026178,3639,3844,,,True,
p6b-78c163801714362e,"{""active_threshold"":0.45,""assignment_mode"":""legacy_post_threshold"",""background_class"":18,""birth_confidence"":0.75,""birth_max_entropy"":0.5,""birth_minimum_mask_support"":128,""capacity"":100,""class_mode"":""foreground_normalized"",""class_weight"":0.25,""consolidation_confidence"":0.9,""consolidation_margin"":0.1,""mask_threshold"":0.5,""max_update_rate"":0.2,""reactivation_margin"":0.2,""reactivation_threshold"":0.75,""update_rate"":0.2}",reactivation,T5,251,70,679,0.7734627831715211,0.36882716049382713,4538,4780,,,True,
p6b-77ff8c03f8b57376,"{""active_threshold"":0.45,""assignment_mode"":""legacy_post_threshold"",""background_class"":18,""birth_confidence"":0.75,""birth_max_entropy"":0.5,""birth_minimum_mask_support"":128,""capacity"":100,""class_mode"":""foreground_normalized"",""class_weight"":0.25,""consolidation_confidence"":0.9,""consolidation_margin"":0.1,""mask_threshold"":0.5,""max_update_rate"":0.2,""reactivation_margin"":0.2,""reactivation_threshold"":0.85,""update_rate"":0.2}",reactivation,T2,26,0,346,,,1793,1918,,,True,
p6b-77ff8c03f8b57376,"{""active_threshold"":0.45,""assignment_mode"":""legacy_post_threshold"",""background_class"":18,""birth_confidence"":0.75,""birth_max_entropy"":0.5,""birth_minimum_mask_support"":128,""capacity"":100,""class_mode"":""foreground_normalized"",""class_weight"":0.25,""consolidation_confidence"":0.9,""consolidation_margin"":0.1,""mask_threshold"":0.5,""max_update_rate"":0.2,""reactivation_margin"":0.2,""reactivation_threshold"":0.85,""update_rate"":0.2}",reactivation,T3,77,16,431,0.7647058823529411,0.41935483870967744,2689,2853,,,True,
p6b-77ff8c03f8b57376,"{""active_threshold"":0.45,""assignment_mode"":""legacy_post_threshold"",""background_class"":18,""birth_confidence"":0.75,""birth_max_entropy"":0.5,""birth_minimum_mask_support"":128,""capacity"":100,""class_mode"":""foreground_normalized"",""class_weight"":0.25,""consolidation_confidence"":0.9,""consolidation_margin"":0.1,""mask_threshold"":0.5,""max_update_rate"":0.2,""reactivation_margin"":0.2,""reactivation_threshold"":0.85,""update_rate"":0.2}",reactivation,T4,166,46,568,0.75,0.3612565445026178,3639,3844,,,True,
p6b-77ff8c03f8b57376,"{""active_threshold"":0.45,""assignment_mode"":""legacy_post_threshold"",""background_class"":18,""birth_confidence"":0.75,""birth_max_entropy"":0.5,""birth_minimum_mask_support"":128,""capacity"":100,""class_mode"":""foreground_normalized"",""class_weight"":0.25,""consolidation_confidence"":0.9,""consolidation_margin"":0.1,""mask_threshold"":0.5,""max_update_rate"":0.2,""reactivation_margin"":0.2,""reactivation_threshold"":0.85,""update_rate"":0.2}",reactivation,T5,251,70,679,0.7734627831715211,0.36882716049382713,4536,4780,,,True,
p6b-a1b1430b2be12dea,"{""active_threshold"":0.45,""assignment_mode"":""legacy_post_threshold"",""background_class"":18,""birth_confidence"":0.75,""birth_max_entropy"":0.5,""birth_minimum_mask_support"":128,""capacity"":100,""class_mode"":""foreground_normalized"",""class_weight"":0.25,""consolidation_confidence"":0.9,""consolidation_margin"":0.1,""mask_threshold"":0.5,""max_update_rate"":0.2,""reactivation_margin"":0.2,""reactivation_threshold"":0.95,""update_rate"":0.2}",reactivation,T2,26,0,346,,,1793,1918,,,True,
p6b-a1b1430b2be12dea,"{""active_threshold"":0.45,""assignment_mode"":""legacy_post_threshold"",""background_class"":18,""birth_confidence"":0.75,""birth_max_entropy"":0.5,""birth_minimum_mask_support"":128,""capacity"":100,""class_mode"":""foreground_normalized"",""class_weight"":0.25,""consolidation_confidence"":0.9,""consolidation_margin"":0.1,""mask_threshold"":0.5,""max_update_rate"":0.2,""reactivation_margin"":0.2,""reactivation_threshold"":0.95,""update_rate"":0.2}",reactivation,T3,77,16,432,0.7647058823529411,0.41935483870967744,2687,2853,,,True,
p6b-a1b1430b2be12dea,"{""active_threshold"":0.45,""assignment_mode"":""legacy_post_threshold"",""background_class"":18,""birth_confidence"":0.75,""birth_max_entropy"":0.5,""birth_minimum_mask_support"":128,""capacity"":100,""class_mode"":""foreground_normalized"",""class_weight"":0.25,""consolidation_confidence"":0.9,""consolidation_margin"":0.1,""mask_threshold"":0.5,""max_update_rate"":0.2,""reactivation_margin"":0.2,""reactivation_threshold"":0.95,""update_rate"":0.2}",reactivation,T4,166,45,570,0.7540983606557377,0.3612565445026178,3635,3844,,,True,
p6b-a1b1430b2be12dea,"{""active_threshold"":0.45,""assignment_mode"":""legacy_post_threshold"",""background_class"":18,""birth_confidence"":0.75,""birth_max_entropy"":0.5,""birth_minimum_mask_support"":128,""capacity"":100,""class_mode"":""foreground_normalized"",""class_weight"":0.25,""consolidation_confidence"":0.9,""consolidation_margin"":0.1,""mask_threshold"":0.5,""max_update_rate"":0.2,""reactivation_margin"":0.2,""reactivation_threshold"":0.95,""update_rate"":0.2}",reactivation,T5,251,67,682,0.7817589576547231,0.37037037037037035,4532,4780,,,True,
p6b-ddfdfe906e1add13,"{""active_threshold"":0.45,""assignment_mode"":""legacy_post_threshold"",""background_class"":18,""birth_confidence"":0.75,""birth_max_entropy"":0.5,""birth_minimum_mask_support"":128,""capacity"":100,""class_mode"":""foreground_normalized"",""class_weight"":0.25,""consolidation_confidence"":0.9,""consolidation_margin"":0.1,""mask_threshold"":0.5,""max_update_rate"":0.2,""reactivation_margin"":0.2,""reactivation_threshold"":1.05,""update_rate"":0.2}",reactivation,T2,26,0,346,,,1793,1918,,,False,reactivation_recall_drop_exceeded
p6b-ddfdfe906e1add13,"{""active_threshold"":0.45,""assignment_mode"":""legacy_post_threshold"",""background_class"":18,""birth_confidence"":0.75,""birth_max_entropy"":0.5,""birth_minimum_mask_support"":128,""capacity"":100,""class_mode"":""foreground_normalized"",""class_weight"":0.25,""consolidation_confidence"":0.9,""consolidation_margin"":0.1,""mask_threshold"":0.5,""max_update_rate"":0.2,""reactivation_margin"":0.2,""reactivation_threshold"":1.05,""update_rate"":0.2}",reactivation,T3,78,16,433,0.7611940298507462,0.4112903225806452,2681,2853,,,False,reactivation_recall_drop_exceeded
p6b-ddfdfe906e1add13,"{""active_threshold"":0.45,""assignment_mode"":""legacy_post_threshold"",""background_class"":18,""birth_confidence"":0.75,""birth_max_entropy"":0.5,""birth_minimum_mask_support"":128,""capacity"":100,""class_mode"":""foreground_normalized"",""class_weight"":0.25,""consolidation_confidence"":0.9,""consolidation_margin"":0.1,""mask_threshold"":0.5,""max_update_rate"":0.2,""reactivation_margin"":0.2,""reactivation_threshold"":1.05,""update_rate"":0.2}",reactivation,T4,167,43,571,0.7624309392265194,0.3612565445026178,3630,3844,,,False,reactivation_recall_drop_exceeded
p6b-ddfdfe906e1add13,"{""active_threshold"":0.45,""assignment_mode"":""legacy_post_threshold"",""background_class"":18,""birth_confidence"":0.75,""birth_max_entropy"":0.5,""birth_minimum_mask_support"":128,""capacity"":100,""class_mode"":""foreground_normalized"",""class_weight"":0.25,""consolidation_confidence"":0.9,""consolidation_margin"":0.1,""mask_threshold"":0.5,""max_update_rate"":0.2,""reactivation_margin"":0.2,""reactivation_threshold"":1.05,""update_rate"":0.2}",reactivation,T5,256,64,694,0.785234899328859,0.3611111111111111,4522,4780,,,False,reactivation_recall_drop_exceeded
p6b-9f45a342338e4bc5,"{""active_threshold"":0.5,""assignment_mode"":""legacy_post_threshold"",""background_class"":18,""birth_confidence"":0.75,""birth_max_entropy"":0.5,""birth_minimum_mask_support"":128,""capacity"":100,""class_mode"":""foreground_normalized"",""class_weight"":0.25,""consolidation_confidence"":0.9,""consolidation_margin"":0.1,""mask_threshold"":0.5,""max_update_rate"":0.2,""reactivation_margin"":0.0,""reactivation_threshold"":0.75,""update_rate"":0.2}",reactivation,T2,26,0,347,,,1792,1918,,,True,
p6b-9f45a342338e4bc5,"{""active_threshold"":0.5,""assignment_mode"":""legacy_post_threshold"",""background_class"":18,""birth_confidence"":0.75,""birth_max_entropy"":0.5,""birth_minimum_mask_support"":128,""capacity"":100,""class_mode"":""foreground_normalized"",""class_weight"":0.25,""consolidation_confidence"":0.9,""consolidation_margin"":0.1,""mask_threshold"":0.5,""max_update_rate"":0.2,""reactivation_margin"":0.0,""reactivation_threshold"":0.75,""update_rate"":0.2}",reactivation,T3,71,16,420,0.7866666666666666,0.47580645161290325,2698,2853,,,True,
p6b-9f45a342338e4bc5,"{""active_threshold"":0.5,""assignment_mode"":""legacy_post_threshold"",""background_class"":18,""birth_confidence"":0.75,""birth_max_entropy"":0.5,""birth_minimum_mask_support"":128,""capacity"":100,""class_mode"":""foreground_normalized"",""class_weight"":0.25,""consolidation_confidence"":0.9,""consolidation_margin"":0.1,""mask_threshold"":0.5,""max_update_rate"":0.2,""reactivation_margin"":0.0,""reactivation_threshold"":0.75,""update_rate"":0.2}",reactivation,T4,145,53,511,0.7464114832535885,0.4094488188976378,3652,3844,,,True,
p6b-9f45a342338e4bc5,"{""active_threshold"":0.5,""assignment_mode"":""legacy_post_threshold"",""background_class"":18,""birth_confidence"":0.75,""birth_max_entropy"":0.5,""birth_minimum_mask_support"":128,""capacity"":100,""class_mode"":""foreground_normalized"",""class_weight"":0.25,""consolidation_confidence"":0.9,""consolidation_margin"":0.1,""mask_threshold"":0.5,""max_update_rate"":0.2,""reactivation_margin"":0.0,""reactivation_threshold"":0.75,""update_rate"":0.2}",reactivation,T5,208,79,575,0.7774647887323943,0.42724458204334365,4560,4780,,,True,
p6b-304b3415094cc763,"{""active_threshold"":0.5,""assignment_mode"":""legacy_post_threshold"",""background_class"":18,""birth_confidence"":0.75,""birth_max_entropy"":0.5,""birth_minimum_mask_support"":128,""capacity"":100,""class_mode"":""foreground_normalized"",""class_weight"":0.25,""consolidation_confidence"":0.9,""consolidation_margin"":0.1,""mask_threshold"":0.5,""max_update_rate"":0.2,""reactivation_margin"":0.0,""reactivation_threshold"":0.85,""update_rate"":0.2}",reactivation,T2,26,0,347,,,1792,1918,,,True,
p6b-304b3415094cc763,"{""active_threshold"":0.5,""assignment_mode"":""legacy_post_threshold"",""background_class"":18,""birth_confidence"":0.75,""birth_max_entropy"":0.5,""birth_minimum_mask_support"":128,""capacity"":100,""class_mode"":""foreground_normalized"",""class_weight"":0.25,""consolidation_confidence"":0.9,""consolidation_margin"":0.1,""mask_threshold"":0.5,""max_update_rate"":0.2,""reactivation_margin"":0.0,""reactivation_threshold"":0.85,""update_rate"":0.2}",reactivation,T3,71,16,420,0.7866666666666666,0.47580645161290325,2697,2853,,,True,
p6b-304b3415094cc763,"{""active_threshold"":0.5,""assignment_mode"":""legacy_post_threshold"",""background_class"":18,""birth_confidence"":0.75,""birth_max_entropy"":0.5,""birth_minimum_mask_support"":128,""capacity"":100,""class_mode"":""foreground_normalized"",""class_weight"":0.25,""consolidation_confidence"":0.9,""consolidation_margin"":0.1,""mask_threshold"":0.5,""max_update_rate"":0.2,""reactivation_margin"":0.0,""reactivation_threshold"":0.85,""update_rate"":0.2}",reactivation,T4,145,53,511,0.7464114832535885,0.4094488188976378,3650,3844,,,True,
p6b-304b3415094cc763,"{""active_threshold"":0.5,""assignment_mode"":""legacy_post_threshold"",""background_class"":18,""birth_confidence"":0.75,""birth_max_entropy"":0.5,""birth_minimum_mask_support"":128,""capacity"":100,""class_mode"":""foreground_normalized"",""class_weight"":0.25,""consolidation_confidence"":0.9,""consolidation_margin"":0.1,""mask_threshold"":0.5,""max_update_rate"":0.2,""reactivation_margin"":0.0,""reactivation_threshold"":0.85,""update_rate"":0.2}",reactivation,T5,208,79,575,0.7774647887323943,0.42724458204334365,4556,4780,,,True,
p6b-8b6011b9be752010,"{""active_threshold"":0.5,""assignment_mode"":""legacy_post_threshold"",""background_class"":18,""birth_confidence"":0.75,""birth_max_entropy"":0.5,""birth_minimum_mask_support"":128,""capacity"":100,""class_mode"":""foreground_normalized"",""class_weight"":0.25,""consolidation_confidence"":0.9,""consolidation_margin"":0.1,""mask_threshold"":0.5,""max_update_rate"":0.2,""reactivation_margin"":0.0,""reactivation_threshold"":0.95,""update_rate"":0.2}",reactivation,T2,26,0,347,,,1792,1918,,,True,
p6b-8b6011b9be752010,"{""active_threshold"":0.5,""assignment_mode"":""legacy_post_threshold"",""background_class"":18,""birth_confidence"":0.75,""birth_max_entropy"":0.5,""birth_minimum_mask_support"":128,""capacity"":100,""class_mode"":""foreground_normalized"",""class_weight"":0.25,""consolidation_confidence"":0.9,""consolidation_margin"":0.1,""mask_threshold"":0.5,""max_update_rate"":0.2,""reactivation_margin"":0.0,""reactivation_threshold"":0.95,""update_rate"":0.2}",reactivation,T3,71,16,422,0.7866666666666666,0.47580645161290325,2691,2853,,,True,
p6b-8b6011b9be752010,"{""active_threshold"":0.5,""assignment_mode"":""legacy_post_threshold"",""background_class"":18,""birth_confidence"":0.75,""birth_max_entropy"":0.5,""birth_minimum_mask_support"":128,""capacity"":100,""class_mode"":""foreground_normalized"",""class_weight"":0.25,""consolidation_confidence"":0.9,""consolidation_margin"":0.1,""mask_threshold"":0.5,""max_update_rate"":0.2,""reactivation_margin"":0.0,""reactivation_threshold"":0.95,""update_rate"":0.2}",reactivation,T4,145,52,513,0.75,0.4094488188976378,3640,3844,,,True,
p6b-8b6011b9be752010,"{""active_threshold"":0.5,""assignment_mode"":""legacy_post_threshold"",""background_class"":18,""birth_confidence"":0.75,""birth_max_entropy"":0.5,""birth_minimum_mask_support"":128,""capacity"":100,""class_mode"":""foreground_normalized"",""class_weight"":0.25,""consolidation_confidence"":0.9,""consolidation_margin"":0.1,""mask_threshold"":0.5,""max_update_rate"":0.2,""reactivation_margin"":0.0,""reactivation_threshold"":0.95,""update_rate"":0.2}",reactivation,T5,208,76,578,0.7834757834757835,0.42569659442724456,4545,4780,,,True,
p6b-5624524cf7ec8439,"{""active_threshold"":0.5,""assignment_mode"":""legacy_post_threshold"",""background_class"":18,""birth_confidence"":0.75,""birth_max_entropy"":0.5,""birth_minimum_mask_support"":128,""capacity"":100,""class_mode"":""foreground_normalized"",""class_weight"":0.25,""consolidation_confidence"":0.9,""consolidation_margin"":0.1,""mask_threshold"":0.5,""max_update_rate"":0.2,""reactivation_margin"":0.0,""reactivation_threshold"":1.05,""update_rate"":0.2}",reactivation,T2,26,0,347,,,1792,1918,,,True,
p6b-5624524cf7ec8439,"{""active_threshold"":0.5,""assignment_mode"":""legacy_post_threshold"",""background_class"":18,""birth_confidence"":0.75,""birth_max_entropy"":0.5,""birth_minimum_mask_support"":128,""capacity"":100,""class_mode"":""foreground_normalized"",""class_weight"":0.25,""consolidation_confidence"":0.9,""consolidation_margin"":0.1,""mask_threshold"":0.5,""max_update_rate"":0.2,""reactivation_margin"":0.0,""reactivation_threshold"":1.05,""update_rate"":0.2}",reactivation,T3,74,16,426,0.7777777777777778,0.45161290322580644,2681,2853,,,True,
p6b-5624524cf7ec8439,"{""active_threshold"":0.5,""assignment_mode"":""legacy_post_threshold"",""background_class"":18,""birth_confidence"":0.75,""birth_max_entropy"":0.5,""birth_minimum_mask_support"":128,""capacity"":100,""class_mode"":""foreground_normalized"",""class_weight"":0.25,""consolidation_confidence"":0.9,""consolidation_margin"":0.1,""mask_threshold"":0.5,""max_update_rate"":0.2,""reactivation_margin"":0.0,""reactivation_threshold"":1.05,""update_rate"":0.2}",reactivation,T4,148,43,528,0.7806122448979592,0.4015748031496063,3626,3844,,,True,
p6b-5624524cf7ec8439,"{""active_threshold"":0.5,""assignment_mode"":""legacy_post_threshold"",""background_class"":18,""birth_confidence"":0.75,""birth_max_entropy"":0.5,""birth_minimum_mask_support"":128,""capacity"":100,""class_mode"":""foreground_normalized"",""class_weight"":0.25,""consolidation_confidence"":0.9,""consolidation_margin"":0.1,""mask_threshold"":0.5,""max_update_rate"":0.2,""reactivation_margin"":0.0,""reactivation_threshold"":1.05,""update_rate"":0.2}",reactivation,T5,216,65,607,0.8012232415902141,0.40494590417310666,4520,4780,,,True,
p6b-bcdd7ef4be86614d,"{""active_threshold"":0.5,""assignment_mode"":""legacy_post_threshold"",""background_class"":18,""birth_confidence"":0.75,""birth_max_entropy"":0.5,""birth_minimum_mask_support"":128,""capacity"":100,""class_mode"":""foreground_normalized"",""class_weight"":0.25,""consolidation_confidence"":0.9,""consolidation_margin"":0.1,""mask_threshold"":0.5,""max_update_rate"":0.2,""reactivation_margin"":0.05,""reactivation_threshold"":0.75,""update_rate"":0.2}",reactivation,T2,26,0,347,,,1792,1918,,,True,
p6b-bcdd7ef4be86614d,"{""active_threshold"":0.5,""assignment_mode"":""legacy_post_threshold"",""background_class"":18,""birth_confidence"":0.75,""birth_max_entropy"":0.5,""birth_minimum_mask_support"":128,""capacity"":100,""class_mode"":""foreground_normalized"",""class_weight"":0.25,""consolidation_confidence"":0.9,""consolidation_margin"":0.1,""mask_threshold"":0.5,""max_update_rate"":0.2,""reactivation_margin"":0.05,""reactivation_threshold"":0.75,""update_rate"":0.2}",reactivation,T3,72,16,421,0.7837837837837838,0.46774193548387094,2694,2853,,,True,
p6b-bcdd7ef4be86614d,"{""active_threshold"":0.5,""assignment_mode"":""legacy_post_threshold"",""background_class"":18,""birth_confidence"":0.75,""birth_max_entropy"":0.5,""birth_minimum_mask_support"":128,""capacity"":100,""class_mode"":""foreground_normalized"",""class_weight"":0.25,""consolidation_confidence"":0.9,""consolidation_margin"":0.1,""mask_threshold"":0.5,""max_update_rate"":0.2,""reactivation_margin"":0.05,""reactivation_threshold"":0.75,""update_rate"":0.2}",reactivation,T4,146,52,521,0.748792270531401,0.4068241469816273,3642,3844,,,True,
p6b-bcdd7ef4be86614d,"{""active_threshold"":0.5,""assignment_mode"":""legacy_post_threshold"",""background_class"":18,""birth_confidence"":0.75,""birth_max_entropy"":0.5,""birth_minimum_mask_support"":128,""capacity"":100,""class_mode"":""foreground_normalized"",""class_weight"":0.25,""consolidation_confidence"":0.9,""consolidation_margin"":0.1,""mask_threshold"":0.5,""max_update_rate"":0.2,""reactivation_margin"":0.05,""reactivation_threshold"":0.75,""update_rate"":0.2}",reactivation,T5,212,76,595,0.7816091954022989,0.42105263157894735,4545,4780,,,True,
p6b-e34ac642ff9bdb71,"{""active_threshold"":0.5,""assignment_mode"":""legacy_post_threshold"",""background_class"":18,""birth_confidence"":0.75,""birth_max_entropy"":0.5,""birth_minimum_mask_support"":128,""capacity"":100,""class_mode"":""foreground_normalized"",""class_weight"":0.25,""consolidation_confidence"":0.9,""consolidation_margin"":0.1,""mask_threshold"":0.5,""max_update_rate"":0.2,""reactivation_margin"":0.05,""reactivation_threshold"":0.85,""update_rate"":0.2}",reactivation,T2,26,0,347,,,1792,1918,,,True,
p6b-e34ac642ff9bdb71,"{""active_threshold"":0.5,""assignment_mode"":""legacy_post_threshold"",""background_class"":18,""birth_confidence"":0.75,""birth_max_entropy"":0.5,""birth_minimum_mask_support"":128,""capacity"":100,""class_mode"":""foreground_normalized"",""class_weight"":0.25,""consolidation_confidence"":0.9,""consolidation_margin"":0.1,""mask_threshold"":0.5,""max_update_rate"":0.2,""reactivation_margin"":0.05,""reactivation_threshold"":0.85,""update_rate"":0.2}",reactivation,T3,72,16,421,0.7837837837837838,0.46774193548387094,2694,2853,,,True,
p6b-e34ac642ff9bdb71,"{""active_threshold"":0.5,""assignment_mode"":""legacy_post_threshold"",""background_class"":18,""birth_confidence"":0.75,""birth_max_entropy"":0.5,""birth_minimum_mask_support"":128,""capacity"":100,""class_mode"":""foreground_normalized"",""class_weight"":0.25,""consolidation_confidence"":0.9,""consolidation_margin"":0.1,""mask_threshold"":0.5,""max_update_rate"":0.2,""reactivation_margin"":0.05,""reactivation_threshold"":0.85,""update_rate"":0.2}",reactivation,T4,146,52,521,0.748792270531401,0.4068241469816273,3641,3844,,,True,
p6b-e34ac642ff9bdb71,"{""active_threshold"":0.5,""assignment_mode"":""legacy_post_threshold"",""background_class"":18,""birth_confidence"":0.75,""birth_max_entropy"":0.5,""birth_minimum_mask_support"":128,""capacity"":100,""class_mode"":""foreground_normalized"",""class_weight"":0.25,""consolidation_confidence"":0.9,""consolidation_margin"":0.1,""mask_threshold"":0.5,""max_update_rate"":0.2,""reactivation_margin"":0.05,""reactivation_threshold"":0.85,""update_rate"":0.2}",reactivation,T5,212,76,595,0.7816091954022989,0.42105263157894735,4542,4780,,,True,
p6b-d4122dfedf61ee06,"{""active_threshold"":0.5,""assignment_mode"":""legacy_post_threshold"",""background_class"":18,""birth_confidence"":0.75,""birth_max_entropy"":0.5,""birth_minimum_mask_support"":128,""capacity"":100,""class_mode"":""foreground_normalized"",""class_weight"":0.25,""consolidation_confidence"":0.9,""consolidation_margin"":0.1,""mask_threshold"":0.5,""max_update_rate"":0.2,""reactivation_margin"":0.05,""reactivation_threshold"":0.95,""update_rate"":0.2}",reactivation,T2,26,0,347,,,1792,1918,,,True,
p6b-d4122dfedf61ee06,"{""active_threshold"":0.5,""assignment_mode"":""legacy_post_threshold"",""background_class"":18,""birth_confidence"":0.75,""birth_max_entropy"":0.5,""birth_minimum_mask_support"":128,""capacity"":100,""class_mode"":""foreground_normalized"",""class_weight"":0.25,""consolidation_confidence"":0.9,""consolidation_margin"":0.1,""mask_threshold"":0.5,""max_update_rate"":0.2,""reactivation_margin"":0.05,""reactivation_threshold"":0.95,""update_rate"":0.2}",reactivation,T3,72,16,423,0.7837837837837838,0.46774193548387094,2691,2853,,,True,
p6b-d4122dfedf61ee06,"{""active_threshold"":0.5,""assignment_mode"":""legacy_post_threshold"",""background_class"":18,""birth_confidence"":0.75,""birth_max_entropy"":0.5,""birth_minimum_mask_support"":128,""capacity"":100,""class_mode"":""foreground_normalized"",""class_weight"":0.25,""consolidation_confidence"":0.9,""consolidation_margin"":0.1,""mask_threshold"":0.5,""max_update_rate"":0.2,""reactivation_margin"":0.05,""reactivation_threshold"":0.95,""update_rate"":0.2}",reactivation,T4,146,51,523,0.7524271844660194,0.4068241469816273,3636,3844,,,True,
p6b-d4122dfedf61ee06,"{""active_threshold"":0.5,""assignment_mode"":""legacy_post_threshold"",""background_class"":18,""birth_confidence"":0.75,""birth_max_entropy"":0.5,""birth_minimum_mask_support"":128,""capacity"":100,""class_mode"":""foreground_normalized"",""class_weight"":0.25,""consolidation_confidence"":0.9,""consolidation_margin"":0.1,""mask_threshold"":0.5,""max_update_rate"":0.2,""reactivation_margin"":0.05,""reactivation_threshold"":0.95,""update_rate"":0.2}",reactivation,T5,212,73,598,0.7877906976744186,0.4195046439628483,4536,4780,,,True,
p6b-9e77a262b47fda08,"{""active_threshold"":0.5,""assignment_mode"":""legacy_post_threshold"",""background_class"":18,""birth_confidence"":0.75,""birth_max_entropy"":0.5,""birth_minimum_mask_support"":128,""capacity"":100,""class_mode"":""foreground_normalized"",""class_weight"":0.25,""consolidation_confidence"":0.9,""consolidation_margin"":0.1,""mask_threshold"":0.5,""max_update_rate"":0.2,""reactivation_margin"":0.05,""reactivation_threshold"":1.05,""update_rate"":0.2}",reactivation,T2,26,0,347,,,1792,1918,,,True,
p6b-9e77a262b47fda08,"{""active_threshold"":0.5,""assignment_mode"":""legacy_post_threshold"",""background_class"":18,""birth_confidence"":0.75,""birth_max_entropy"":0.5,""birth_minimum_mask_support"":128,""capacity"":100,""class_mode"":""foreground_normalized"",""class_weight"":0.25,""consolidation_confidence"":0.9,""consolidation_margin"":0.1,""mask_threshold"":0.5,""max_update_rate"":0.2,""reactivation_margin"":0.05,""reactivation_threshold"":1.05,""update_rate"":0.2}",reactivation,T3,74,16,426,0.7777777777777778,0.45161290322580644,2681,2853,,,True,
p6b-9e77a262b47fda08,"{""active_threshold"":0.5,""assignment_mode"":""legacy_post_threshold"",""background_class"":18,""birth_confidence"":0.75,""birth_max_entropy"":0.5,""birth_minimum_mask_support"":128,""capacity"":100,""class_mode"":""foreground_normalized"",""class_weight"":0.25,""consolidation_confidence"":0.9,""consolidation_margin"":0.1,""mask_threshold"":0.5,""max_update_rate"":0.2,""reactivation_margin"":0.05,""reactivation_threshold"":1.05,""update_rate"":0.2}",reactivation,T4,148,42,537,0.7846153846153846,0.4015748031496063,3626,3844,,,True,
p6b-9e77a262b47fda08,"{""active_threshold"":0.5,""assignment_mode"":""legacy_post_threshold"",""background_class"":18,""birth_confidence"":0.75,""birth_max_entropy"":0.5,""birth_minimum_mask_support"":128,""capacity"":100,""class_mode"":""foreground_normalized"",""class_weight"":0.25,""consolidation_confidence"":0.9,""consolidation_margin"":0.1,""mask_threshold"":0.5,""max_update_rate"":0.2,""reactivation_margin"":0.05,""reactivation_threshold"":1.05,""update_rate"":0.2}",reactivation,T5,216,62,622,0.808641975308642,0.40494590417310666,4515,4780,,,True,
p6b-1b735788a625a7f5,"{""active_threshold"":0.5,""assignment_mode"":""legacy_post_threshold"",""background_class"":18,""birth_confidence"":0.75,""birth_max_entropy"":0.5,""birth_minimum_mask_support"":128,""capacity"":100,""class_mode"":""foreground_normalized"",""class_weight"":0.25,""consolidation_confidence"":0.9,""consolidation_margin"":0.1,""mask_threshold"":0.5,""max_update_rate"":0.2,""reactivation_margin"":0.1,""reactivation_threshold"":0.75,""update_rate"":0.2}",reactivation,T2,26,0,347,,,1792,1918,,,True,
p6b-1b735788a625a7f5,"{""active_threshold"":0.5,""assignment_mode"":""legacy_post_threshold"",""background_class"":18,""birth_confidence"":0.75,""birth_max_entropy"":0.5,""birth_minimum_mask_support"":128,""capacity"":100,""class_mode"":""foreground_normalized"",""class_weight"":0.25,""consolidation_confidence"":0.9,""consolidation_margin"":0.1,""mask_threshold"":0.5,""max_update_rate"":0.2,""reactivation_margin"":0.1,""reactivation_threshold"":0.75,""update_rate"":0.2}",reactivation,T3,73,16,425,0.7808219178082192,0.4596774193548387,2694,2853,,,True,
p6b-1b735788a625a7f5,"{""active_threshold"":0.5,""assignment_mode"":""legacy_post_threshold"",""background_class"":18,""birth_confidence"":0.75,""birth_max_entropy"":0.5,""birth_minimum_mask_support"":128,""capacity"":100,""class_mode"":""foreground_normalized"",""class_weight"":0.25,""consolidation_confidence"":0.9,""consolidation_margin"":0.1,""mask_threshold"":0.5,""max_update_rate"":0.2,""reactivation_margin"":0.1,""reactivation_threshold"":0.75,""update_rate"":0.2}",reactivation,T4,149,47,534,0.7638190954773869,0.3989501312335958,3642,3844,,,True,
p6b-1b735788a625a7f5,"{""active_threshold"":0.5,""assignment_mode"":""legacy_post_threshold"",""background_class"":18,""birth_confidence"":0.75,""birth_max_entropy"":0.5,""birth_minimum_mask_support"":128,""capacity"":100,""class_mode"":""foreground_normalized"",""class_weight"":0.25,""consolidation_confidence"":0.9,""consolidation_margin"":0.1,""mask_threshold"":0.5,""max_update_rate"":0.2,""reactivation_margin"":0.1,""reactivation_threshold"":0.75,""update_rate"":0.2}",reactivation,T5,218,71,621,0.7893175074183977,0.4117647058823529,4543,4780,,,True,
p6b-8aa5849e772b6d60,"{""active_threshold"":0.5,""assignment_mode"":""legacy_post_threshold"",""background_class"":18,""birth_confidence"":0.75,""birth_max_entropy"":0.5,""birth_minimum_mask_support"":128,""capacity"":100,""class_mode"":""foreground_normalized"",""class_weight"":0.25,""consolidation_confidence"":0.9,""consolidation_margin"":0.1,""mask_threshold"":0.5,""max_update_rate"":0.2,""reactivation_margin"":0.1,""reactivation_threshold"":0.85,""update_rate"":0.2}",reactivation,T2,26,0,347,,,1792,1918,,,True,
p6b-8aa5849e772b6d60,"{""active_threshold"":0.5,""assignment_mode"":""legacy_post_threshold"",""background_class"":18,""birth_confidence"":0.75,""birth_max_entropy"":0.5,""birth_minimum_mask_support"":128,""capacity"":100,""class_mode"":""foreground_normalized"",""class_weight"":0.25,""consolidation_confidence"":0.9,""consolidation_margin"":0.1,""mask_threshold"":0.5,""max_update_rate"":0.2,""reactivation_margin"":0.1,""reactivation_threshold"":0.85,""update_rate"":0.2}",reactivation,T3,73,16,425,0.7808219178082192,0.4596774193548387,2694,2853,,,True,
p6b-8aa5849e772b6d60,"{""active_threshold"":0.5,""assignment_mode"":""legacy_post_threshold"",""background_class"":18,""birth_confidence"":0.75,""birth_max_entropy"":0.5,""birth_minimum_mask_support"":128,""capacity"":100,""class_mode"":""foreground_normalized"",""class_weight"":0.25,""consolidation_confidence"":0.9,""consolidation_margin"":0.1,""mask_threshold"":0.5,""max_update_rate"":0.2,""reactivation_margin"":0.1,""reactivation_threshold"":0.85,""update_rate"":0.2}",reactivation,T4,149,47,534,0.7638190954773869,0.3989501312335958,3641,3844,,,True,
p6b-8aa5849e772b6d60,"{""active_threshold"":0.5,""assignment_mode"":""legacy_post_threshold"",""background_class"":18,""birth_confidence"":0.75,""birth_max_entropy"":0.5,""birth_minimum_mask_support"":128,""capacity"":100,""class_mode"":""foreground_normalized"",""class_weight"":0.25,""consolidation_confidence"":0.9,""consolidation_margin"":0.1,""mask_threshold"":0.5,""max_update_rate"":0.2,""reactivation_margin"":0.1,""reactivation_threshold"":0.85,""update_rate"":0.2}",reactivation,T5,218,71,621,0.7893175074183977,0.4117647058823529,4540,4780,,,True,
p6b-205b10d566fc2e0f,"{""active_threshold"":0.5,""assignment_mode"":""legacy_post_threshold"",""background_class"":18,""birth_confidence"":0.75,""birth_max_entropy"":0.5,""birth_minimum_mask_support"":128,""capacity"":100,""class_mode"":""foreground_normalized"",""class_weight"":0.25,""consolidation_confidence"":0.9,""consolidation_margin"":0.1,""mask_threshold"":0.5,""max_update_rate"":0.2,""reactivation_margin"":0.1,""reactivation_threshold"":0.95,""update_rate"":0.2}",reactivation,T2,26,0,347,,,1792,1918,,,True,
p6b-205b10d566fc2e0f,"{""active_threshold"":0.5,""assignment_mode"":""legacy_post_threshold"",""background_class"":18,""birth_confidence"":0.75,""birth_max_entropy"":0.5,""birth_minimum_mask_support"":128,""capacity"":100,""class_mode"":""foreground_normalized"",""class_weight"":0.25,""consolidation_confidence"":0.9,""consolidation_margin"":0.1,""mask_threshold"":0.5,""max_update_rate"":0.2,""reactivation_margin"":0.1,""reactivation_threshold"":0.95,""update_rate"":0.2}",reactivation,T3,73,16,426,0.7808219178082192,0.4596774193548387,2691,2853,,,True,
p6b-205b10d566fc2e0f,"{""active_threshold"":0.5,""assignment_mode"":""legacy_post_threshold"",""background_class"":18,""birth_confidence"":0.75,""birth_max_entropy"":0.5,""birth_minimum_mask_support"":128,""capacity"":100,""class_mode"":""foreground_normalized"",""class_weight"":0.25,""consolidation_confidence"":0.9,""consolidation_margin"":0.1,""mask_threshold"":0.5,""max_update_rate"":0.2,""reactivation_margin"":0.1,""reactivation_threshold"":0.95,""update_rate"":0.2}",reactivation,T4,148,46,534,0.7688442211055276,0.4015748031496063,3635,3844,,,True,
p6b-205b10d566fc2e0f,"{""active_threshold"":0.5,""assignment_mode"":""legacy_post_threshold"",""background_class"":18,""birth_confidence"":0.75,""birth_max_entropy"":0.5,""birth_minimum_mask_support"":128,""capacity"":100,""class_mode"":""foreground_normalized"",""class_weight"":0.25,""consolidation_confidence"":0.9,""consolidation_margin"":0.1,""mask_threshold"":0.5,""max_update_rate"":0.2,""reactivation_margin"":0.1,""reactivation_threshold"":0.95,""update_rate"":0.2}",reactivation,T5,215,68,620,0.7976190476190477,0.4148606811145511,4533,4780,,,True,
p6b-f8fe5bf85907e699,"{""active_threshold"":0.5,""assignment_mode"":""legacy_post_threshold"",""background_class"":18,""birth_confidence"":0.75,""birth_max_entropy"":0.5,""birth_minimum_mask_support"":128,""capacity"":100,""class_mode"":""foreground_normalized"",""class_weight"":0.25,""consolidation_confidence"":0.9,""consolidation_margin"":0.1,""mask_threshold"":0.5,""max_update_rate"":0.2,""reactivation_margin"":0.1,""reactivation_threshold"":1.05,""update_rate"":0.2}",reactivation,T2,26,0,347,,,1792,1918,,,True,
p6b-f8fe5bf85907e699,"{""active_threshold"":0.5,""assignment_mode"":""legacy_post_threshold"",""background_class"":18,""birth_confidence"":0.75,""birth_max_entropy"":0.5,""birth_minimum_mask_support"":128,""capacity"":100,""class_mode"":""foreground_normalized"",""class_weight"":0.25,""consolidation_confidence"":0.9,""consolidation_margin"":0.1,""mask_threshold"":0.5,""max_update_rate"":0.2,""reactivation_margin"":0.1,""reactivation_threshold"":1.05,""update_rate"":0.2}",reactivation,T3,75,16,429,0.7746478873239436,0.4435483870967742,2681,2853,,,True,
p6b-f8fe5bf85907e699,"{""active_threshold"":0.5,""assignment_mode"":""legacy_post_threshold"",""background_class"":18,""birth_confidence"":0.75,""birth_max_entropy"":0.5,""birth_minimum_mask_support"":128,""capacity"":100,""class_mode"":""foreground_normalized"",""class_weight"":0.25,""consolidation_confidence"":0.9,""consolidation_margin"":0.1,""mask_threshold"":0.5,""max_update_rate"":0.2,""reactivation_margin"":0.1,""reactivation_threshold"":1.05,""update_rate"":0.2}",reactivation,T4,150,42,543,0.7823834196891192,0.3963254593175853,3626,3844,,,True,
p6b-f8fe5bf85907e699,"{""active_threshold"":0.5,""assignment_mode"":""legacy_post_threshold"",""background_class"":18,""birth_confidence"":0.75,""birth_max_entropy"":0.5,""birth_minimum_mask_support"":128,""capacity"":100,""class_mode"":""foreground_normalized"",""class_weight"":0.25,""consolidation_confidence"":0.9,""consolidation_margin"":0.1,""mask_threshold"":0.5,""max_update_rate"":0.2,""reactivation_margin"":0.1,""reactivation_threshold"":1.05,""update_rate"":0.2}",reactivation,T5,219,62,640,0.8068535825545171,0.40030911901081917,4514,4780,,,True,
p6b-c25bb94f38897782,"{""active_threshold"":0.5,""assignment_mode"":""legacy_post_threshold"",""background_class"":18,""birth_confidence"":0.75,""birth_max_entropy"":0.5,""birth_minimum_mask_support"":128,""capacity"":100,""class_mode"":""foreground_normalized"",""class_weight"":0.25,""consolidation_confidence"":0.9,""consolidation_margin"":0.1,""mask_threshold"":0.5,""max_update_rate"":0.2,""reactivation_margin"":0.2,""reactivation_threshold"":0.75,""update_rate"":0.2}",reactivation,T2,26,0,347,,,1792,1918,,,True,
p6b-c25bb94f38897782,"{""active_threshold"":0.5,""assignment_mode"":""legacy_post_threshold"",""background_class"":18,""birth_confidence"":0.75,""birth_max_entropy"":0.5,""birth_minimum_mask_support"":128,""capacity"":100,""class_mode"":""foreground_normalized"",""class_weight"":0.25,""consolidation_confidence"":0.9,""consolidation_margin"":0.1,""mask_threshold"":0.5,""max_update_rate"":0.2,""reactivation_margin"":0.2,""reactivation_threshold"":0.75,""update_rate"":0.2}",reactivation,T3,76,16,433,0.7681159420289855,0.4274193548387097,2688,2853,,,True,
p6b-c25bb94f38897782,"{""active_threshold"":0.5,""assignment_mode"":""legacy_post_threshold"",""background_class"":18,""birth_confidence"":0.75,""birth_max_entropy"":0.5,""birth_minimum_mask_support"":128,""capacity"":100,""class_mode"":""foreground_normalized"",""class_weight"":0.25,""consolidation_confidence"":0.9,""consolidation_margin"":0.1,""mask_threshold"":0.5,""max_update_rate"":0.2,""reactivation_margin"":0.2,""reactivation_threshold"":0.75,""update_rate"":0.2}",reactivation,T4,160,45,574,0.7540983606557377,0.3612565445026178,3632,3844,,,True,
p6b-c25bb94f38897782,"{""active_threshold"":0.5,""assignment_mode"":""legacy_post_threshold"",""background_class"":18,""birth_confidence"":0.75,""birth_max_entropy"":0.5,""birth_minimum_mask_support"":128,""capacity"":100,""class_mode"":""foreground_normalized"",""class_weight"":0.25,""consolidation_confidence"":0.9,""consolidation_margin"":0.1,""mask_threshold"":0.5,""max_update_rate"":0.2,""reactivation_margin"":0.2,""reactivation_threshold"":0.75,""update_rate"":0.2}",reactivation,T5,240,68,687,0.7792207792207793,0.3697996918335901,4525,4780,,,True,
p6b-8c09028f3d44a3a0,"{""active_threshold"":0.5,""assignment_mode"":""legacy_post_threshold"",""background_class"":18,""birth_confidence"":0.75,""birth_max_entropy"":0.5,""birth_minimum_mask_support"":128,""capacity"":100,""class_mode"":""foreground_normalized"",""class_weight"":0.25,""consolidation_confidence"":0.9,""consolidation_margin"":0.1,""mask_threshold"":0.5,""max_update_rate"":0.2,""reactivation_margin"":0.2,""reactivation_threshold"":0.85,""update_rate"":0.2}",reactivation,T2,26,0,347,,,1792,1918,,,True,
p6b-8c09028f3d44a3a0,"{""active_threshold"":0.5,""assignment_mode"":""legacy_post_threshold"",""background_class"":18,""birth_confidence"":0.75,""birth_max_entropy"":0.5,""birth_minimum_mask_support"":128,""capacity"":100,""class_mode"":""foreground_normalized"",""class_weight"":0.25,""consolidation_confidence"":0.9,""consolidation_margin"":0.1,""mask_threshold"":0.5,""max_update_rate"":0.2,""reactivation_margin"":0.2,""reactivation_threshold"":0.85,""update_rate"":0.2}",reactivation,T3,76,16,433,0.7681159420289855,0.4274193548387097,2688,2853,,,True,
p6b-8c09028f3d44a3a0,"{""active_threshold"":0.5,""assignment_mode"":""legacy_post_threshold"",""background_class"":18,""birth_confidence"":0.75,""birth_max_entropy"":0.5,""birth_minimum_mask_support"":128,""capacity"":100,""class_mode"":""foreground_normalized"",""class_weight"":0.25,""consolidation_confidence"":0.9,""consolidation_margin"":0.1,""mask_threshold"":0.5,""max_update_rate"":0.2,""reactivation_margin"":0.2,""reactivation_threshold"":0.85,""update_rate"":0.2}",reactivation,T4,160,45,574,0.7540983606557377,0.3612565445026178,3632,3844,,,True,
p6b-8c09028f3d44a3a0,"{""active_threshold"":0.5,""assignment_mode"":""legacy_post_threshold"",""background_class"":18,""birth_confidence"":0.75,""birth_max_entropy"":0.5,""birth_minimum_mask_support"":128,""capacity"":100,""class_mode"":""foreground_normalized"",""class_weight"":0.25,""consolidation_confidence"":0.9,""consolidation_margin"":0.1,""mask_threshold"":0.5,""max_update_rate"":0.2,""reactivation_margin"":0.2,""reactivation_threshold"":0.85,""update_rate"":0.2}",reactivation,T5,240,68,687,0.7792207792207793,0.3697996918335901,4524,4780,,,True,
p6b-500b72634ac32254,"{""active_threshold"":0.5,""assignment_mode"":""legacy_post_threshold"",""background_class"":18,""birth_confidence"":0.75,""birth_max_entropy"":0.5,""birth_minimum_mask_support"":128,""capacity"":100,""class_mode"":""foreground_normalized"",""class_weight"":0.25,""consolidation_confidence"":0.9,""consolidation_margin"":0.1,""mask_threshold"":0.5,""max_update_rate"":0.2,""reactivation_margin"":0.2,""reactivation_threshold"":0.95,""update_rate"":0.2}",reactivation,T2,26,0,347,,,1792,1918,,,True,
p6b-500b72634ac32254,"{""active_threshold"":0.5,""assignment_mode"":""legacy_post_threshold"",""background_class"":18,""birth_confidence"":0.75,""birth_max_entropy"":0.5,""birth_minimum_mask_support"":128,""capacity"":100,""class_mode"":""foreground_normalized"",""class_weight"":0.25,""consolidation_confidence"":0.9,""consolidation_margin"":0.1,""mask_threshold"":0.5,""max_update_rate"":0.2,""reactivation_margin"":0.2,""reactivation_threshold"":0.95,""update_rate"":0.2}",reactivation,T3,76,16,434,0.7681159420289855,0.4274193548387097,2686,2853,,,True,
p6b-500b72634ac32254,"{""active_threshold"":0.5,""assignment_mode"":""legacy_post_threshold"",""background_class"":18,""birth_confidence"":0.75,""birth_max_entropy"":0.5,""birth_minimum_mask_support"":128,""capacity"":100,""class_mode"":""foreground_normalized"",""class_weight"":0.25,""consolidation_confidence"":0.9,""consolidation_margin"":0.1,""mask_threshold"":0.5,""max_update_rate"":0.2,""reactivation_margin"":0.2,""reactivation_threshold"":0.95,""update_rate"":0.2}",reactivation,T4,160,44,575,0.7582417582417582,0.3612565445026178,3628,3844,,,True,
p6b-500b72634ac32254,"{""active_threshold"":0.5,""assignment_mode"":""legacy_post_threshold"",""background_class"":18,""birth_confidence"":0.75,""birth_max_entropy"":0.5,""birth_minimum_mask_support"":128,""capacity"":100,""class_mode"":""foreground_normalized"",""class_weight"":0.25,""consolidation_confidence"":0.9,""consolidation_margin"":0.1,""mask_threshold"":0.5,""max_update_rate"":0.2,""reactivation_margin"":0.2,""reactivation_threshold"":0.95,""update_rate"":0.2}",reactivation,T5,240,66,688,0.7843137254901961,0.3697996918335901,4520,4780,,,True,
p6b-6287da21785ab72a,"{""active_threshold"":0.5,""assignment_mode"":""legacy_post_threshold"",""background_class"":18,""birth_confidence"":0.75,""birth_max_entropy"":0.5,""birth_minimum_mask_support"":128,""capacity"":100,""class_mode"":""foreground_normalized"",""class_weight"":0.25,""consolidation_confidence"":0.9,""consolidation_margin"":0.1,""mask_threshold"":0.5,""max_update_rate"":0.2,""reactivation_margin"":0.2,""reactivation_threshold"":1.05,""update_rate"":0.2}",reactivation,T2,26,0,347,,,1792,1918,,,False,reactivation_recall_drop_exceeded
p6b-6287da21785ab72a,"{""active_threshold"":0.5,""assignment_mode"":""legacy_post_threshold"",""background_class"":18,""birth_confidence"":0.75,""birth_max_entropy"":0.5,""birth_minimum_mask_support"":128,""capacity"":100,""class_mode"":""foreground_normalized"",""class_weight"":0.25,""consolidation_confidence"":0.9,""consolidation_margin"":0.1,""mask_threshold"":0.5,""max_update_rate"":0.2,""reactivation_margin"":0.2,""reactivation_threshold"":1.05,""update_rate"":0.2}",reactivation,T3,77,16,435,0.7647058823529411,0.41935483870967744,2680,2853,,,False,reactivation_recall_drop_exceeded
p6b-6287da21785ab72a,"{""active_threshold"":0.5,""assignment_mode"":""legacy_post_threshold"",""background_class"":18,""birth_confidence"":0.75,""birth_max_entropy"":0.5,""birth_minimum_mask_support"":128,""capacity"":100,""class_mode"":""foreground_normalized"",""class_weight"":0.25,""consolidation_confidence"":0.9,""consolidation_margin"":0.1,""mask_threshold"":0.5,""max_update_rate"":0.2,""reactivation_margin"":0.2,""reactivation_threshold"":1.05,""update_rate"":0.2}",reactivation,T4,161,42,576,0.7653631284916201,0.3586387434554974,3622,3844,,,False,reactivation_recall_drop_exceeded
p6b-6287da21785ab72a,"{""active_threshold"":0.5,""assignment_mode"":""legacy_post_threshold"",""background_class"":18,""birth_confidence"":0.75,""birth_max_entropy"":0.5,""birth_minimum_mask_support"":128,""capacity"":100,""class_mode"":""foreground_normalized"",""class_weight"":0.25,""consolidation_confidence"":0.9,""consolidation_margin"":0.1,""mask_threshold"":0.5,""max_update_rate"":0.2,""reactivation_margin"":0.2,""reactivation_threshold"":1.05,""update_rate"":0.2}",reactivation,T5,244,63,700,0.7864406779661017,0.3569230769230769,4508,4780,,,False,reactivation_recall_drop_exceeded
p6b-900ce93223184ecc,"{""active_threshold"":0.55,""assignment_mode"":""legacy_post_threshold"",""background_class"":18,""birth_confidence"":0.75,""birth_max_entropy"":0.5,""birth_minimum_mask_support"":128,""capacity"":100,""class_mode"":""foreground_normalized"",""class_weight"":0.25,""consolidation_confidence"":0.9,""consolidation_margin"":0.1,""mask_threshold"":0.5,""max_update_rate"":0.2,""reactivation_margin"":0.0,""reactivation_threshold"":0.75,""update_rate"":0.2}",reactivation,T2,26,0,348,,,1784,1918,,,True,
p6b-900ce93223184ecc,"{""active_threshold"":0.55,""assignment_mode"":""legacy_post_threshold"",""background_class"":18,""birth_confidence"":0.75,""birth_max_entropy"":0.5,""birth_minimum_mask_support"":128,""capacity"":100,""class_mode"":""foreground_normalized"",""class_weight"":0.25,""consolidation_confidence"":0.9,""consolidation_margin"":0.1,""mask_threshold"":0.5,""max_update_rate"":0.2,""reactivation_margin"":0.0,""reactivation_threshold"":0.75,""update_rate"":0.2}",reactivation,T3,71,16,425,0.7866666666666666,0.47580645161290325,2690,2853,,,True,
p6b-900ce93223184ecc,"{""active_threshold"":0.55,""assignment_mode"":""legacy_post_threshold"",""background_class"":18,""birth_confidence"":0.75,""birth_max_entropy"":0.5,""birth_minimum_mask_support"":128,""capacity"":100,""class_mode"":""foreground_normalized"",""class_weight"":0.25,""consolidation_confidence"":0.9,""consolidation_margin"":0.1,""mask_threshold"":0.5,""max_update_rate"":0.2,""reactivation_margin"":0.0,""reactivation_threshold"":0.75,""update_rate"":0.2}",reactivation,T4,144,53,519,0.7476190476190476,0.4120734908136483,3643,3844,,,True,
p6b-900ce93223184ecc,"{""active_threshold"":0.55,""assignment_mode"":""legacy_post_threshold"",""background_class"":18,""birth_confidence"":0.75,""birth_max_entropy"":0.5,""birth_minimum_mask_support"":128,""capacity"":100,""class_mode"":""foreground_normalized"",""class_weight"":0.25,""consolidation_confidence"":0.9,""consolidation_margin"":0.1,""mask_threshold"":0.5,""max_update_rate"":0.2,""reactivation_margin"":0.0,""reactivation_threshold"":0.75,""update_rate"":0.2}",reactivation,T5,209,79,585,0.7774647887323943,0.42724458204334365,4552,4780,,,True,
p6b-9a74bd2adcec8363,"{""active_threshold"":0.55,""assignment_mode"":""legacy_post_threshold"",""background_class"":18,""birth_confidence"":0.75,""birth_max_entropy"":0.5,""birth_minimum_mask_support"":128,""capacity"":100,""class_mode"":""foreground_normalized"",""class_weight"":0.25,""consolidation_confidence"":0.9,""consolidation_margin"":0.1,""mask_threshold"":0.5,""max_update_rate"":0.2,""reactivation_margin"":0.0,""reactivation_threshold"":0.85,""update_rate"":0.2}",reactivation,T2,26,0,348,,,1784,1918,,,True,
p6b-9a74bd2adcec8363,"{""active_threshold"":0.55,""assignment_mode"":""legacy_post_threshold"",""background_class"":18,""birth_confidence"":0.75,""birth_max_entropy"":0.5,""birth_minimum_mask_support"":128,""capacity"":100,""class_mode"":""foreground_normalized"",""class_weight"":0.25,""consolidation_confidence"":0.9,""consolidation_margin"":0.1,""mask_threshold"":0.5,""max_update_rate"":0.2,""reactivation_margin"":0.0,""reactivation_threshold"":0.85,""update_rate"":0.2}",reactivation,T3,71,16,425,0.7866666666666666,0.47580645161290325,2689,2853,,,True,
p6b-9a74bd2adcec8363,"{""active_threshold"":0.55,""assignment_mode"":""legacy_post_threshold"",""background_class"":18,""birth_confidence"":0.75,""birth_max_entropy"":0.5,""birth_minimum_mask_support"":128,""capacity"":100,""class_mode"":""foreground_normalized"",""class_weight"":0.25,""consolidation_confidence"":0.9,""consolidation_margin"":0.1,""mask_threshold"":0.5,""max_update_rate"":0.2,""reactivation_margin"":0.0,""reactivation_threshold"":0.85,""update_rate"":0.2}",reactivation,T4,144,53,519,0.7476190476190476,0.4120734908136483,3641,3844,,,True,
p6b-9a74bd2adcec8363,"{""active_threshold"":0.55,""assignment_mode"":""legacy_post_threshold"",""background_class"":18,""birth_confidence"":0.75,""birth_max_entropy"":0.5,""birth_minimum_mask_support"":128,""capacity"":100,""class_mode"":""foreground_normalized"",""class_weight"":0.25,""consolidation_confidence"":0.9,""consolidation_margin"":0.1,""mask_threshold"":0.5,""max_update_rate"":0.2,""reactivation_margin"":0.0,""reactivation_threshold"":0.85,""update_rate"":0.2}",reactivation,T5,209,79,586,0.7774647887323943,0.42724458204334365,4548,4780,,,True,
p6b-af864d06a8fbdb99,"{""active_threshold"":0.55,""assignment_mode"":""legacy_post_threshold"",""background_class"":18,""birth_confidence"":0.75,""birth_max_entropy"":0.5,""birth_minimum_mask_support"":128,""capacity"":100,""class_mode"":""foreground_normalized"",""class_weight"":0.25,""consolidation_confidence"":0.9,""consolidation_margin"":0.1,""mask_threshold"":0.5,""max_update_rate"":0.2,""reactivation_margin"":0.0,""reactivation_threshold"":0.95,""update_rate"":0.2}",reactivation,T2,26,0,348,,,1784,1918,,,True,
p6b-af864d06a8fbdb99,"{""active_threshold"":0.55,""assignment_mode"":""legacy_post_threshold"",""background_class"":18,""birth_confidence"":0.75,""birth_max_entropy"":0.5,""birth_minimum_mask_support"":128,""capacity"":100,""class_mode"":""foreground_normalized"",""class_weight"":0.25,""consolidation_confidence"":0.9,""consolidation_margin"":0.1,""mask_threshold"":0.5,""max_update_rate"":0.2,""reactivation_margin"":0.0,""reactivation_threshold"":0.95,""update_rate"":0.2}",reactivation,T3,71,16,427,0.7866666666666666,0.47580645161290325,2683,2853,,,True,
p6b-af864d06a8fbdb99,"{""active_threshold"":0.55,""assignment_mode"":""legacy_post_threshold"",""background_class"":18,""birth_confidence"":0.75,""birth_max_entropy"":0.5,""birth_minimum_mask_support"":128,""capacity"":100,""class_mode"":""foreground_normalized"",""class_weight"":0.25,""consolidation_confidence"":0.9,""consolidation_margin"":0.1,""mask_threshold"":0.5,""max_update_rate"":0.2,""reactivation_margin"":0.0,""reactivation_threshold"":0.95,""update_rate"":0.2}",reactivation,T4,144,52,521,0.7511961722488039,0.4120734908136483,3630,3844,,,True,
p6b-af864d06a8fbdb99,"{""active_threshold"":0.55,""assignment_mode"":""legacy_post_threshold"",""background_class"":18,""birth_confidence"":0.75,""birth_max_entropy"":0.5,""birth_minimum_mask_support"":128,""capacity"":100,""class_mode"":""foreground_normalized"",""class_weight"":0.25,""consolidation_confidence"":0.9,""consolidation_margin"":0.1,""mask_threshold"":0.5,""max_update_rate"":0.2,""reactivation_margin"":0.0,""reactivation_threshold"":0.95,""update_rate"":0.2}",reactivation,T5,209,76,589,0.7834757834757835,0.42569659442724456,4535,4780,,,True,
p6b-162e830303d71568,"{""active_threshold"":0.55,""assignment_mode"":""legacy_post_threshold"",""background_class"":18,""birth_confidence"":0.75,""birth_max_entropy"":0.5,""birth_minimum_mask_support"":128,""capacity"":100,""class_mode"":""foreground_normalized"",""class_weight"":0.25,""consolidation_confidence"":0.9,""consolidation_margin"":0.1,""mask_threshold"":0.5,""max_update_rate"":0.2,""reactivation_margin"":0.0,""reactivation_threshold"":1.05,""update_rate"":0.2}",reactivation,T2,26,0,348,,,1784,1918,,,True,
p6b-162e830303d71568,"{""active_threshold"":0.55,""assignment_mode"":""legacy_post_threshold"",""background_class"":18,""birth_confidence"":0.75,""birth_max_entropy"":0.5,""birth_minimum_mask_support"":128,""capacity"":100,""class_mode"":""foreground_normalized"",""class_weight"":0.25,""consolidation_confidence"":0.9,""consolidation_margin"":0.1,""mask_threshold"":0.5,""max_update_rate"":0.2,""reactivation_margin"":0.0,""reactivation_threshold"":1.05,""update_rate"":0.2}",reactivation,T3,74,16,431,0.7777777777777778,0.45161290322580644,2673,2853,,,True,
p6b-162e830303d71568,"{""active_threshold"":0.55,""assignment_mode"":""legacy_post_threshold"",""background_class"":18,""birth_confidence"":0.75,""birth_max_entropy"":0.5,""birth_minimum_mask_support"":128,""capacity"":100,""class_mode"":""foreground_normalized"",""class_weight"":0.25,""consolidation_confidence"":0.9,""consolidation_margin"":0.1,""mask_threshold"":0.5,""max_update_rate"":0.2,""reactivation_margin"":0.0,""reactivation_threshold"":1.05,""update_rate"":0.2}",reactivation,T4,148,43,537,0.7806122448979592,0.4015748031496063,3616,3844,,,True,
p6b-162e830303d71568,"{""active_threshold"":0.55,""assignment_mode"":""legacy_post_threshold"",""background_class"":18,""birth_confidence"":0.75,""birth_max_entropy"":0.5,""birth_minimum_mask_support"":128,""capacity"":100,""class_mode"":""foreground_normalized"",""class_weight"":0.25,""consolidation_confidence"":0.9,""consolidation_margin"":0.1,""mask_threshold"":0.5,""max_update_rate"":0.2,""reactivation_margin"":0.0,""reactivation_threshold"":1.05,""update_rate"":0.2}",reactivation,T5,218,65,619,0.8006134969325154,0.4034003091190108,4510,4780,,,True,
p6b-6d200a9b27e1c891,"{""active_threshold"":0.55,""assignment_mode"":""legacy_post_threshold"",""background_class"":18,""birth_confidence"":0.75,""birth_max_entropy"":0.5,""birth_minimum_mask_support"":128,""capacity"":100,""class_mode"":""foreground_normalized"",""class_weight"":0.25,""consolidation_confidence"":0.9,""consolidation_margin"":0.1,""mask_threshold"":0.5,""max_update_rate"":0.2,""reactivation_margin"":0.05,""reactivation_threshold"":0.75,""update_rate"":0.2}",reactivation,T2,26,0,348,,,1784,1918,,,True,
p6b-6d200a9b27e1c891,"{""active_threshold"":0.55,""assignment_mode"":""legacy_post_threshold"",""background_class"":18,""birth_confidence"":0.75,""birth_max_entropy"":0.5,""birth_minimum_mask_support"":128,""capacity"":100,""class_mode"":""foreground_normalized"",""class_weight"":0.25,""consolidation_confidence"":0.9,""consolidation_margin"":0.1,""mask_threshold"":0.5,""max_update_rate"":0.2,""reactivation_margin"":0.05,""reactivation_threshold"":0.75,""update_rate"":0.2}",reactivation,T3,72,16,426,0.7837837837837838,0.46774193548387094,2686,2853,,,True,
p6b-6d200a9b27e1c891,"{""active_threshold"":0.55,""assignment_mode"":""legacy_post_threshold"",""background_class"":18,""birth_confidence"":0.75,""birth_max_entropy"":0.5,""birth_minimum_mask_support"":128,""capacity"":100,""class_mode"":""foreground_normalized"",""class_weight"":0.25,""consolidation_confidence"":0.9,""consolidation_margin"":0.1,""mask_threshold"":0.5,""max_update_rate"":0.2,""reactivation_margin"":0.05,""reactivation_threshold"":0.75,""update_rate"":0.2}",reactivation,T4,146,52,530,0.748792270531401,0.4068241469816273,3633,3844,,,True,
p6b-6d200a9b27e1c891,"{""active_threshold"":0.55,""assignment_mode"":""legacy_post_threshold"",""background_class"":18,""birth_confidence"":0.75,""birth_max_entropy"":0.5,""birth_minimum_mask_support"":128,""capacity"":100,""class_mode"":""foreground_normalized"",""class_weight"":0.25,""consolidation_confidence"":0.9,""consolidation_margin"":0.1,""mask_threshold"":0.5,""max_update_rate"":0.2,""reactivation_margin"":0.05,""reactivation_threshold"":0.75,""update_rate"":0.2}",reactivation,T5,214,76,606,0.7809798270893372,0.4195046439628483,4537,4780,,,True,
p6b-d8bc020a08d701c0,"{""active_threshold"":0.55,""assignment_mode"":""legacy_post_threshold"",""background_class"":18,""birth_confidence"":0.75,""birth_max_entropy"":0.5,""birth_minimum_mask_support"":128,""capacity"":100,""class_mode"":""foreground_normalized"",""class_weight"":0.25,""consolidation_confidence"":0.9,""consolidation_margin"":0.1,""mask_threshold"":0.5,""max_update_rate"":0.2,""reactivation_margin"":0.05,""reactivation_threshold"":0.85,""update_rate"":0.2}",reactivation,T2,26,0,348,,,1784,1918,,,True,
p6b-d8bc020a08d701c0,"{""active_threshold"":0.55,""assignment_mode"":""legacy_post_threshold"",""background_class"":18,""birth_confidence"":0.75,""birth_max_entropy"":0.5,""birth_minimum_mask_support"":128,""capacity"":100,""class_mode"":""foreground_normalized"",""class_weight"":0.25,""consolidation_confidence"":0.9,""consolidation_margin"":0.1,""mask_threshold"":0.5,""max_update_rate"":0.2,""reactivation_margin"":0.05,""reactivation_threshold"":0.85,""update_rate"":0.2}",reactivation,T3,72,16,426,0.7837837837837838,0.46774193548387094,2686,2853,,,True,
p6b-d8bc020a08d701c0,"{""active_threshold"":0.55,""assignment_mode"":""legacy_post_threshold"",""background_class"":18,""birth_confidence"":0.75,""birth_max_entropy"":0.5,""birth_minimum_mask_support"":128,""capacity"":100,""class_mode"":""foreground_normalized"",""class_weight"":0.25,""consolidation_confidence"":0.9,""consolidation_margin"":0.1,""mask_threshold"":0.5,""max_update_rate"":0.2,""reactivation_margin"":0.05,""reactivation_threshold"":0.85,""update_rate"":0.2}",reactivation,T4,146,52,530,0.748792270531401,0.4068241469816273,3632,3844,,,True,
p6b-d8bc020a08d701c0,"{""active_threshold"":0.55,""assignment_mode"":""legacy_post_threshold"",""background_class"":18,""birth_confidence"":0.75,""birth_max_entropy"":0.5,""birth_minimum_mask_support"":128,""capacity"":100,""class_mode"":""foreground_normalized"",""class_weight"":0.25,""consolidation_confidence"":0.9,""consolidation_margin"":0.1,""mask_threshold"":0.5,""max_update_rate"":0.2,""reactivation_margin"":0.05,""reactivation_threshold"":0.85,""update_rate"":0.2}",reactivation,T5,214,76,607,0.7809798270893372,0.4195046439628483,4534,4780,,,True,
p6b-b39009fce4066c83,"{""active_threshold"":0.55,""assignment_mode"":""legacy_post_threshold"",""background_class"":18,""birth_confidence"":0.75,""birth_max_entropy"":0.5,""birth_minimum_mask_support"":128,""capacity"":100,""class_mode"":""foreground_normalized"",""class_weight"":0.25,""consolidation_confidence"":0.9,""consolidation_margin"":0.1,""mask_threshold"":0.5,""max_update_rate"":0.2,""reactivation_margin"":0.05,""reactivation_threshold"":0.95,""update_rate"":0.2}",reactivation,T2,26,0,348,,,1784,1918,,,True,
p6b-b39009fce4066c83,"{""active_threshold"":0.55,""assignment_mode"":""legacy_post_threshold"",""background_class"":18,""birth_confidence"":0.75,""birth_max_entropy"":0.5,""birth_minimum_mask_support"":128,""capacity"":100,""class_mode"":""foreground_normalized"",""class_weight"":0.25,""consolidation_confidence"":0.9,""consolidation_margin"":0.1,""mask_threshold"":0.5,""max_update_rate"":0.2,""reactivation_margin"":0.05,""reactivation_threshold"":0.95,""update_rate"":0.2}",reactivation,T3,72,16,428,0.7837837837837838,0.46774193548387094,2683,2853,,,True,
p6b-b39009fce4066c83,"{""active_threshold"":0.55,""assignment_mode"":""legacy_post_threshold"",""background_class"":18,""birth_confidence"":0.75,""birth_max_entropy"":0.5,""birth_minimum_mask_support"":128,""capacity"":100,""class_mode"":""foreground_normalized"",""class_weight"":0.25,""consolidation_confidence"":0.9,""consolidation_margin"":0.1,""mask_threshold"":0.5,""max_update_rate"":0.2,""reactivation_margin"":0.05,""reactivation_threshold"":0.95,""update_rate"":0.2}",reactivation,T4,146,51,532,0.7524271844660194,0.4068241469816273,3626,3844,,,True,
p6b-b39009fce4066c83,"{""active_threshold"":0.55,""assignment_mode"":""legacy_post_threshold"",""background_class"":18,""birth_confidence"":0.75,""birth_max_entropy"":0.5,""birth_minimum_mask_support"":128,""capacity"":100,""class_mode"":""foreground_normalized"",""class_weight"":0.25,""consolidation_confidence"":0.9,""consolidation_margin"":0.1,""mask_threshold"":0.5,""max_update_rate"":0.2,""reactivation_margin"":0.05,""reactivation_threshold"":0.95,""update_rate"":0.2}",reactivation,T5,214,73,610,0.7871720116618076,0.4179566563467492,4526,4780,,,True,
p6b-1ef5714ed077786f,"{""active_threshold"":0.55,""assignment_mode"":""legacy_post_threshold"",""background_class"":18,""birth_confidence"":0.75,""birth_max_entropy"":0.5,""birth_minimum_mask_support"":128,""capacity"":100,""class_mode"":""foreground_normalized"",""class_weight"":0.25,""consolidation_confidence"":0.9,""consolidation_margin"":0.1,""mask_threshold"":0.5,""max_update_rate"":0.2,""reactivation_margin"":0.05,""reactivation_threshold"":1.05,""update_rate"":0.2}",reactivation,T2,26,0,348,,,1784,1918,,,True,
p6b-1ef5714ed077786f,"{""active_threshold"":0.55,""assignment_mode"":""legacy_post_threshold"",""background_class"":18,""birth_confidence"":0.75,""birth_max_entropy"":0.5,""birth_minimum_mask_support"":128,""capacity"":100,""class_mode"":""foreground_normalized"",""class_weight"":0.25,""consolidation_confidence"":0.9,""consolidation_margin"":0.1,""mask_threshold"":0.5,""max_update_rate"":0.2,""reactivation_margin"":0.05,""reactivation_threshold"":1.05,""update_rate"":0.2}",reactivation,T3,74,16,431,0.7777777777777778,0.45161290322580644,2673,2853,,,True,
p6b-1ef5714ed077786f,"{""active_threshold"":0.55,""assignment_mode"":""legacy_post_threshold"",""background_class"":18,""birth_confidence"":0.75,""birth_max_entropy"":0.5,""birth_minimum_mask_support"":128,""capacity"":100,""class_mode"":""foreground_normalized"",""class_weight"":0.25,""consolidation_confidence"":0.9,""consolidation_margin"":0.1,""mask_threshold"":0.5,""max_update_rate"":0.2,""reactivation_margin"":0.05,""reactivation_threshold"":1.05,""update_rate"":0.2}",reactivation,T4,148,42,546,0.7846153846153846,0.4015748031496063,3616,3844,,,True,
p6b-1ef5714ed077786f,"{""active_threshold"":0.55,""assignment_mode"":""legacy_post_threshold"",""background_class"":18,""birth_confidence"":0.75,""birth_max_entropy"":0.5,""birth_minimum_mask_support"":128,""capacity"":100,""class_mode"":""foreground_normalized"",""class_weight"":0.25,""consolidation_confidence"":0.9,""consolidation_margin"":0.1,""mask_threshold"":0.5,""max_update_rate"":0.2,""reactivation_margin"":0.05,""reactivation_threshold"":1.05,""update_rate"":0.2}",reactivation,T5,218,62,634,0.8080495356037152,0.4034003091190108,4505,4780,,,True,
p6b-4c368357c56116cb,"{""active_threshold"":0.55,""assignment_mode"":""legacy_post_threshold"",""background_class"":18,""birth_confidence"":0.75,""birth_max_entropy"":0.5,""birth_minimum_mask_support"":128,""capacity"":100,""class_mode"":""foreground_normalized"",""class_weight"":0.25,""consolidation_confidence"":0.9,""consolidation_margin"":0.1,""mask_threshold"":0.5,""max_update_rate"":0.2,""reactivation_margin"":0.1,""reactivation_threshold"":0.75,""update_rate"":0.2}",reactivation,T2,26,0,348,,,1784,1918,,,True,
p6b-4c368357c56116cb,"{""active_threshold"":0.55,""assignment_mode"":""legacy_post_threshold"",""background_class"":18,""birth_confidence"":0.75,""birth_max_entropy"":0.5,""birth_minimum_mask_support"":128,""capacity"":100,""class_mode"":""foreground_normalized"",""class_weight"":0.25,""consolidation_confidence"":0.9,""consolidation_margin"":0.1,""mask_threshold"":0.5,""max_update_rate"":0.2,""reactivation_margin"":0.1,""reactivation_threshold"":0.75,""update_rate"":0.2}",reactivation,T3,73,16,430,0.7808219178082192,0.4596774193548387,2686,2853,,,True,
p6b-4c368357c56116cb,"{""active_threshold"":0.55,""assignment_mode"":""legacy_post_threshold"",""background_class"":18,""birth_confidence"":0.75,""birth_max_entropy"":0.5,""birth_minimum_mask_support"":128,""capacity"":100,""class_mode"":""foreground_normalized"",""class_weight"":0.25,""consolidation_confidence"":0.9,""consolidation_margin"":0.1,""mask_threshold"":0.5,""max_update_rate"":0.2,""reactivation_margin"":0.1,""reactivation_threshold"":0.75,""update_rate"":0.2}",reactivation,T4,149,47,544,0.7638190954773869,0.3989501312335958,3633,3844,,,True,
p6b-4c368357c56116cb,"{""active_threshold"":0.55,""assignment_mode"":""legacy_post_threshold"",""background_class"":18,""birth_confidence"":0.75,""birth_max_entropy"":0.5,""birth_minimum_mask_support"":128,""capacity"":100,""class_mode"":""foreground_normalized"",""class_weight"":0.25,""consolidation_confidence"":0.9,""consolidation_margin"":0.1,""mask_threshold"":0.5,""max_update_rate"":0.2,""reactivation_margin"":0.1,""reactivation_threshold"":0.75,""update_rate"":0.2}",reactivation,T5,220,71,633,0.7886904761904762,0.4102167182662539,4535,4780,,,True,
p6b-68a5c01770d23dc5,"{""active_threshold"":0.55,""assignment_mode"":""legacy_post_threshold"",""background_class"":18,""birth_confidence"":0.75,""birth_max_entropy"":0.5,""birth_minimum_mask_support"":128,""capacity"":100,""class_mode"":""foreground_normalized"",""class_weight"":0.25,""consolidation_confidence"":0.9,""consolidation_margin"":0.1,""mask_threshold"":0.5,""max_update_rate"":0.2,""reactivation_margin"":0.1,""reactivation_threshold"":0.85,""update_rate"":0.2}",reactivation,T2,26,0,348,,,1784,1918,,,True,
p6b-68a5c01770d23dc5,"{""active_threshold"":0.55,""assignment_mode"":""legacy_post_threshold"",""background_class"":18,""birth_confidence"":0.75,""birth_max_entropy"":0.5,""birth_minimum_mask_support"":128,""capacity"":100,""class_mode"":""foreground_normalized"",""class_weight"":0.25,""consolidation_confidence"":0.9,""consolidation_margin"":0.1,""mask_threshold"":0.5,""max_update_rate"":0.2,""reactivation_margin"":0.1,""reactivation_threshold"":0.85,""update_rate"":0.2}",reactivation,T3,73,16,430,0.7808219178082192,0.4596774193548387,2686,2853,,,True,
p6b-68a5c01770d23dc5,"{""active_threshold"":0.55,""assignment_mode"":""legacy_post_threshold"",""background_class"":18,""birth_confidence"":0.75,""birth_max_entropy"":0.5,""birth_minimum_mask_support"":128,""capacity"":100,""class_mode"":""foreground_normalized"",""class_weight"":0.25,""consolidation_confidence"":0.9,""consolidation_margin"":0.1,""mask_threshold"":0.5,""max_update_rate"":0.2,""reactivation_margin"":0.1,""reactivation_threshold"":0.85,""update_rate"":0.2}",reactivation,T4,149,47,544,0.7638190954773869,0.3989501312335958,3632,3844,,,True,
p6b-68a5c01770d23dc5,"{""active_threshold"":0.55,""assignment_mode"":""legacy_post_threshold"",""background_class"":18,""birth_confidence"":0.75,""birth_max_entropy"":0.5,""birth_minimum_mask_support"":128,""capacity"":100,""class_mode"":""foreground_normalized"",""class_weight"":0.25,""consolidation_confidence"":0.9,""consolidation_margin"":0.1,""mask_threshold"":0.5,""max_update_rate"":0.2,""reactivation_margin"":0.1,""reactivation_threshold"":0.85,""update_rate"":0.2}",reactivation,T5,220,71,634,0.7886904761904762,0.4102167182662539,4532,4780,,,True,
p6b-b3256966ec8c44e7,"{""active_threshold"":0.55,""assignment_mode"":""legacy_post_threshold"",""background_class"":18,""birth_confidence"":0.75,""birth_max_entropy"":0.5,""birth_minimum_mask_support"":128,""capacity"":100,""class_mode"":""foreground_normalized"",""class_weight"":0.25,""consolidation_confidence"":0.9,""consolidation_margin"":0.1,""mask_threshold"":0.5,""max_update_rate"":0.2,""reactivation_margin"":0.1,""reactivation_threshold"":0.95,""update_rate"":0.2}",reactivation,T2,26,0,348,,,1784,1918,,,True,
p6b-b3256966ec8c44e7,"{""active_threshold"":0.55,""assignment_mode"":""legacy_post_threshold"",""background_class"":18,""birth_confidence"":0.75,""birth_max_entropy"":0.5,""birth_minimum_mask_support"":128,""capacity"":100,""class_mode"":""foreground_normalized"",""class_weight"":0.25,""consolidation_confidence"":0.9,""consolidation_margin"":0.1,""mask_threshold"":0.5,""max_update_rate"":0.2,""reactivation_margin"":0.1,""reactivation_threshold"":0.95,""update_rate"":0.2}",reactivation,T3,73,16,431,0.7808219178082192,0.4596774193548387,2683,2853,,,True,
p6b-b3256966ec8c44e7,"{""active_threshold"":0.55,""assignment_mode"":""legacy_post_threshold"",""background_class"":18,""birth_confidence"":0.75,""birth_max_entropy"":0.5,""birth_minimum_mask_support"":128,""capacity"":100,""class_mode"":""foreground_normalized"",""class_weight"":0.25,""consolidation_confidence"":0.9,""consolidation_margin"":0.1,""mask_threshold"":0.5,""max_update_rate"":0.2,""reactivation_margin"":0.1,""reactivation_threshold"":0.95,""update_rate"":0.2}",reactivation,T4,148,46,544,0.7688442211055276,0.4015748031496063,3625,3844,,,True,
p6b-b3256966ec8c44e7,"{""active_threshold"":0.55,""assignment_mode"":""legacy_post_threshold"",""background_class"":18,""birth_confidence"":0.75,""birth_max_entropy"":0.5,""birth_minimum_mask_support"":128,""capacity"":100,""class_mode"":""foreground_normalized"",""class_weight"":0.25,""consolidation_confidence"":0.9,""consolidation_margin"":0.1,""mask_threshold"":0.5,""max_update_rate"":0.2,""reactivation_margin"":0.1,""reactivation_threshold"":0.95,""update_rate"":0.2}",reactivation,T5,217,68,633,0.7970149253731343,0.413312693498452,4523,4780,,,True,
p6b-10a932e493e731d2,"{""active_threshold"":0.55,""assignment_mode"":""legacy_post_threshold"",""background_class"":18,""birth_confidence"":0.75,""birth_max_entropy"":0.5,""birth_minimum_mask_support"":128,""capacity"":100,""class_mode"":""foreground_normalized"",""class_weight"":0.25,""consolidation_confidence"":0.9,""consolidation_margin"":0.1,""mask_threshold"":0.5,""max_update_rate"":0.2,""reactivation_margin"":0.1,""reactivation_threshold"":1.05,""update_rate"":0.2}",reactivation,T2,26,0,348,,,1784,1918,,,True,
p6b-10a932e493e731d2,"{""active_threshold"":0.55,""assignment_mode"":""legacy_post_threshold"",""background_class"":18,""birth_confidence"":0.75,""birth_max_entropy"":0.5,""birth_minimum_mask_support"":128,""capacity"":100,""class_mode"":""foreground_normalized"",""class_weight"":0.25,""consolidation_confidence"":0.9,""consolidation_margin"":0.1,""mask_threshold"":0.5,""max_update_rate"":0.2,""reactivation_margin"":0.1,""reactivation_threshold"":1.05,""update_rate"":0.2}",reactivation,T3,75,16,434,0.7746478873239436,0.4435483870967742,2673,2853,,,True,
p6b-10a932e493e731d2,"{""active_threshold"":0.55,""assignment_mode"":""legacy_post_threshold"",""background_class"":18,""birth_confidence"":0.75,""birth_max_entropy"":0.5,""birth_minimum_mask_support"":128,""capacity"":100,""class_mode"":""foreground_normalized"",""class_weight"":0.25,""consolidation_confidence"":0.9,""consolidation_margin"":0.1,""mask_threshold"":0.5,""max_update_rate"":0.2,""reactivation_margin"":0.1,""reactivation_threshold"":1.05,""update_rate"":0.2}",reactivation,T4,150,42,553,0.7823834196891192,0.3963254593175853,3616,3844,,,True,
p6b-10a932e493e731d2,"{""active_threshold"":0.55,""assignment_mode"":""legacy_post_threshold"",""background_class"":18,""birth_confidence"":0.75,""birth_max_entropy"":0.5,""birth_minimum_mask_support"":128,""capacity"":100,""class_mode"":""foreground_normalized"",""class_weight"":0.25,""consolidation_confidence"":0.9,""consolidation_margin"":0.1,""mask_threshold"":0.5,""max_update_rate"":0.2,""reactivation_margin"":0.1,""reactivation_threshold"":1.05,""update_rate"":0.2}",reactivation,T5,221,62,653,0.80625,0.3987635239567233,4504,4780,,,True,
p6b-6e4cbe6e864f6e4d,"{""active_threshold"":0.55,""assignment_mode"":""legacy_post_threshold"",""background_class"":18,""birth_confidence"":0.75,""birth_max_entropy"":0.5,""birth_minimum_mask_support"":128,""capacity"":100,""class_mode"":""foreground_normalized"",""class_weight"":0.25,""consolidation_confidence"":0.9,""consolidation_margin"":0.1,""mask_threshold"":0.5,""max_update_rate"":0.2,""reactivation_margin"":0.2,""reactivation_threshold"":0.75,""update_rate"":0.2}",reactivation,T2,26,0,348,,,1784,1918,,,False,reactivation_recall_drop_exceeded
p6b-6e4cbe6e864f6e4d,"{""active_threshold"":0.55,""assignment_mode"":""legacy_post_threshold"",""background_class"":18,""birth_confidence"":0.75,""birth_max_entropy"":0.5,""birth_minimum_mask_support"":128,""capacity"":100,""class_mode"":""foreground_normalized"",""class_weight"":0.25,""consolidation_confidence"":0.9,""consolidation_margin"":0.1,""mask_threshold"":0.5,""max_update_rate"":0.2,""reactivation_margin"":0.2,""reactivation_threshold"":0.75,""update_rate"":0.2}",reactivation,T3,77,16,439,0.7647058823529411,0.41935483870967744,2680,2853,,,False,reactivation_recall_drop_exceeded
p6b-6e4cbe6e864f6e4d,"{""active_threshold"":0.55,""assignment_mode"":""legacy_post_threshold"",""background_class"":18,""birth_confidence"":0.75,""birth_max_entropy"":0.5,""birth_minimum_mask_support"":128,""capacity"":100,""class_mode"":""foreground_normalized"",""class_weight"":0.25,""consolidation_confidence"":0.9,""consolidation_margin"":0.1,""mask_threshold"":0.5,""max_update_rate"":0.2,""reactivation_margin"":0.2,""reactivation_threshold"":0.75,""update_rate"":0.2}",reactivation,T4,161,45,585,0.7527472527472527,0.3586387434554974,3622,3844,,,False,reactivation_recall_drop_exceeded
p6b-6e4cbe6e864f6e4d,"{""active_threshold"":0.55,""assignment_mode"":""legacy_post_threshold"",""background_class"":18,""birth_confidence"":0.75,""birth_max_entropy"":0.5,""birth_minimum_mask_support"":128,""capacity"":100,""class_mode"":""foreground_normalized"",""class_weight"":0.25,""consolidation_confidence"":0.9,""consolidation_margin"":0.1,""mask_threshold"":0.5,""max_update_rate"":0.2,""reactivation_margin"":0.2,""reactivation_threshold"":0.75,""update_rate"":0.2}",reactivation,T5,242,68,702,0.7785016286644951,0.3682588597842835,4515,4780,,,False,reactivation_recall_drop_exceeded
p6b-d6e662647b3476b6,"{""active_threshold"":0.55,""assignment_mode"":""legacy_post_threshold"",""background_class"":18,""birth_confidence"":0.75,""birth_max_entropy"":0.5,""birth_minimum_mask_support"":128,""capacity"":100,""class_mode"":""foreground_normalized"",""class_weight"":0.25,""consolidation_confidence"":0.9,""consolidation_margin"":0.1,""mask_threshold"":0.5,""max_update_rate"":0.2,""reactivation_margin"":0.2,""reactivation_threshold"":0.85,""update_rate"":0.2}",reactivation,T2,26,0,348,,,1784,1918,,,False,reactivation_recall_drop_exceeded
p6b-d6e662647b3476b6,"{""active_threshold"":0.55,""assignment_mode"":""legacy_post_threshold"",""background_class"":18,""birth_confidence"":0.75,""birth_max_entropy"":0.5,""birth_minimum_mask_support"":128,""capacity"":100,""class_mode"":""foreground_normalized"",""class_weight"":0.25,""consolidation_confidence"":0.9,""consolidation_margin"":0.1,""mask_threshold"":0.5,""max_update_rate"":0.2,""reactivation_margin"":0.2,""reactivation_threshold"":0.85,""update_rate"":0.2}",reactivation,T3,77,16,439,0.7647058823529411,0.41935483870967744,2680,2853,,,False,reactivation_recall_drop_exceeded
p6b-d6e662647b3476b6,"{""active_threshold"":0.55,""assignment_mode"":""legacy_post_threshold"",""background_class"":18,""birth_confidence"":0.75,""birth_max_entropy"":0.5,""birth_minimum_mask_support"":128,""capacity"":100,""class_mode"":""foreground_normalized"",""class_weight"":0.25,""consolidation_confidence"":0.9,""consolidation_margin"":0.1,""mask_threshold"":0.5,""max_update_rate"":0.2,""reactivation_margin"":0.2,""reactivation_threshold"":0.85,""update_rate"":0.2}",reactivation,T4,161,45,585,0.7527472527472527,0.3586387434554974,3622,3844,,,False,reactivation_recall_drop_exceeded
p6b-d6e662647b3476b6,"{""active_threshold"":0.55,""assignment_mode"":""legacy_post_threshold"",""background_class"":18,""birth_confidence"":0.75,""birth_max_entropy"":0.5,""birth_minimum_mask_support"":128,""capacity"":100,""class_mode"":""foreground_normalized"",""class_weight"":0.25,""consolidation_confidence"":0.9,""consolidation_margin"":0.1,""mask_threshold"":0.5,""max_update_rate"":0.2,""reactivation_margin"":0.2,""reactivation_threshold"":0.85,""update_rate"":0.2}",reactivation,T5,242,68,702,0.7785016286644951,0.3682588597842835,4514,4780,,,False,reactivation_recall_drop_exceeded
p6b-60c223f03b7930bf,"{""active_threshold"":0.55,""assignment_mode"":""legacy_post_threshold"",""background_class"":18,""birth_confidence"":0.75,""birth_max_entropy"":0.5,""birth_minimum_mask_support"":128,""capacity"":100,""class_mode"":""foreground_normalized"",""class_weight"":0.25,""consolidation_confidence"":0.9,""consolidation_margin"":0.1,""mask_threshold"":0.5,""max_update_rate"":0.2,""reactivation_margin"":0.2,""reactivation_threshold"":0.95,""update_rate"":0.2}",reactivation,T2,26,0,348,,,1784,1918,,,False,reactivation_recall_drop_exceeded
p6b-60c223f03b7930bf,"{""active_threshold"":0.55,""assignment_mode"":""legacy_post_threshold"",""background_class"":18,""birth_confidence"":0.75,""birth_max_entropy"":0.5,""birth_minimum_mask_support"":128,""capacity"":100,""class_mode"":""foreground_normalized"",""class_weight"":0.25,""consolidation_confidence"":0.9,""consolidation_margin"":0.1,""mask_threshold"":0.5,""max_update_rate"":0.2,""reactivation_margin"":0.2,""reactivation_threshold"":0.95,""update_rate"":0.2}",reactivation,T3,77,16,440,0.7647058823529411,0.41935483870967744,2678,2853,,,False,reactivation_recall_drop_exceeded
p6b-60c223f03b7930bf,"{""active_threshold"":0.55,""assignment_mode"":""legacy_post_threshold"",""background_class"":18,""birth_confidence"":0.75,""birth_max_entropy"":0.5,""birth_minimum_mask_support"":128,""capacity"":100,""class_mode"":""foreground_normalized"",""class_weight"":0.25,""consolidation_confidence"":0.9,""consolidation_margin"":0.1,""mask_threshold"":0.5,""max_update_rate"":0.2,""reactivation_margin"":0.2,""reactivation_threshold"":0.95,""update_rate"":0.2}",reactivation,T4,161,44,586,0.7569060773480663,0.3586387434554974,3618,3844,,,False,reactivation_recall_drop_exceeded
p6b-60c223f03b7930bf,"{""active_threshold"":0.55,""assignment_mode"":""legacy_post_threshold"",""background_class"":18,""birth_confidence"":0.75,""birth_max_entropy"":0.5,""birth_minimum_mask_support"":128,""capacity"":100,""class_mode"":""foreground_normalized"",""class_weight"":0.25,""consolidation_confidence"":0.9,""consolidation_margin"":0.1,""mask_threshold"":0.5,""max_update_rate"":0.2,""reactivation_margin"":0.2,""reactivation_threshold"":0.95,""update_rate"":0.2}",reactivation,T5,242,66,703,0.7836065573770492,0.3682588597842835,4510,4780,,,False,reactivation_recall_drop_exceeded
p6b-f25becb2912e4ac1,"{""active_threshold"":0.55,""assignment_mode"":""legacy_post_threshold"",""background_class"":18,""birth_confidence"":0.75,""birth_max_entropy"":0.5,""birth_minimum_mask_support"":128,""capacity"":100,""class_mode"":""foreground_normalized"",""class_weight"":0.25,""consolidation_confidence"":0.9,""consolidation_margin"":0.1,""mask_threshold"":0.5,""max_update_rate"":0.2,""reactivation_margin"":0.2,""reactivation_threshold"":1.05,""update_rate"":0.2}",reactivation,T2,26,0,348,,,1784,1918,,,False,reactivation_recall_drop_exceeded
p6b-f25becb2912e4ac1,"{""active_threshold"":0.55,""assignment_mode"":""legacy_post_threshold"",""background_class"":18,""birth_confidence"":0.75,""birth_max_entropy"":0.5,""birth_minimum_mask_support"":128,""capacity"":100,""class_mode"":""foreground_normalized"",""class_weight"":0.25,""consolidation_confidence"":0.9,""consolidation_margin"":0.1,""mask_threshold"":0.5,""max_update_rate"":0.2,""reactivation_margin"":0.2,""reactivation_threshold"":1.05,""update_rate"":0.2}",reactivation,T3,78,16,441,0.7611940298507462,0.4112903225806452,2672,2853,,,False,reactivation_recall_drop_exceeded
p6b-f25becb2912e4ac1,"{""active_threshold"":0.55,""assignment_mode"":""legacy_post_threshold"",""background_class"":18,""birth_confidence"":0.75,""birth_max_entropy"":0.5,""birth_minimum_mask_support"":128,""capacity"":100,""class_mode"":""foreground_normalized"",""class_weight"":0.25,""consolidation_confidence"":0.9,""consolidation_margin"":0.1,""mask_threshold"":0.5,""max_update_rate"":0.2,""reactivation_margin"":0.2,""reactivation_threshold"":1.05,""update_rate"":0.2}",reactivation,T4,162,42,587,0.7640449438202247,0.35602094240837695,3612,3844,,,False,reactivation_recall_drop_exceeded
p6b-f25becb2912e4ac1,"{""active_threshold"":0.55,""assignment_mode"":""legacy_post_threshold"",""background_class"":18,""birth_confidence"":0.75,""birth_max_entropy"":0.5,""birth_minimum_mask_support"":128,""capacity"":100,""class_mode"":""foreground_normalized"",""class_weight"":0.25,""consolidation_confidence"":0.9,""consolidation_margin"":0.1,""mask_threshold"":0.5,""max_update_rate"":0.2,""reactivation_margin"":0.2,""reactivation_threshold"":1.05,""update_rate"":0.2}",reactivation,T5,246,63,715,0.7857142857142857,0.3553846153846154,4498,4780,,,False,reactivation_recall_drop_exceeded
